STARTFONT 2.1
FONT -unknown-Standard-Italic-R-Normal--24-240-75-75-P-0-ISO10646-1
SIZE 24 75 75
FONTBOUNDINGBOX 24 24 0 0
STARTPROPERTIES 5
FAMILY_NAME "Standard"
WEIGHT_NAME "Italic"
PIXEL_SIZE 24
FONT_ASCENT 19
FONT_DESCENT 5
ENDPROPERTIES
CHARS 662
STARTCHAR space
ENCODING 32
SWIDTH 292 0
DWIDTH 7 0
BBX 0 0 0 0
BITMAP
ENDCHAR
STARTCHAR exclam
ENCODING 33
SWIDTH 292 0
DWIDTH 7 0
BBX 5 17 1 0
BITMAP
18
18
18
30
30
30
30
30
20
60
60
60
00
00
C0
C0
C0
ENDCHAR
STARTCHAR quotedbl
ENCODING 34
SWIDTH 375 0
DWIDTH 9 0
BBX 7 5 3 12
BITMAP
66
66
CC
CC
CC
ENDCHAR
STARTCHAR numbersign
ENCODING 35
SWIDTH 542 0
DWIDTH 13 0
BBX 13 17 0 0
BITMAP
0820
0820
0820
1040
1040
7FF8
1040
1040
30C0
2080
2080
FFF0
2080
2080
4100
4100
4100
ENDCHAR
STARTCHAR dollar
ENCODING 36
SWIDTH 542 0
DWIDTH 13 0
BBX 13 21 0 -2
BITMAP
0080
0080
07E0
1FF0
1938
3118
3100
3100
3B00
1F00
07C0
02E0
0270
0430
C430
C430
64E0
7FC0
3F80
0800
0800
ENDCHAR
STARTCHAR percent
ENCODING 37
SWIDTH 875 0
DWIDTH 21 0
BBX 18 17 2 0
BITMAP
1E0180
230300
630600
C30C00
C31800
C31800
C23000
C66780
C4C8C0
7998C0
0330C0
0630C0
0630C0
0C3080
183180
303100
601E00
ENDCHAR
STARTCHAR ampersand
ENCODING 38
SWIDTH 667 0
DWIDTH 16 0
BBX 15 17 0 0
BITMAP
01F0
03F8
0718
0618
0618
0630
07E0
0780
3E06
730C
E31C
C198
C0B0
C0E0
E1F0
7FBE
3E1E
ENDCHAR
STARTCHAR quotesingle
ENCODING 39
SWIDTH 208 0
DWIDTH 5 0
BBX 3 5 3 12
BITMAP
60
60
C0
C0
C0
ENDCHAR
STARTCHAR parenleft
ENCODING 40
SWIDTH 333 0
DWIDTH 8 0
BBX 9 22 1 -5
BITMAP
0380
0700
0E00
1C00
1800
3000
3000
6000
6000
6000
C000
C000
C000
C000
C000
C000
C000
C000
6000
6000
3000
3800
ENDCHAR
STARTCHAR parenright
ENCODING 41
SWIDTH 333 0
DWIDTH 8 0
BBX 9 22 -3 -5
BITMAP
0600
0300
0300
0300
0180
0180
0180
0180
0180
0180
0180
0180
0300
0300
0300
0600
0600
0C00
1C00
3800
7000
E000
ENDCHAR
STARTCHAR asterisk
ENCODING 42
SWIDTH 375 0
DWIDTH 9 0
BBX 7 7 2 10
BITMAP
10
10
D6
7C
38
2C
44
ENDCHAR
STARTCHAR plus
ENCODING 43
SWIDTH 583 0
DWIDTH 14 0
BBX 12 12 2 2
BITMAP
0600
0600
0600
0600
0600
FFF0
FFF0
0600
0600
0600
0600
0600
ENDCHAR
STARTCHAR comma
ENCODING 44
SWIDTH 292 0
DWIDTH 7 0
BBX 4 6 0 -3
BITMAP
70
70
70
20
60
40
ENDCHAR
STARTCHAR hyphen
ENCODING 45
SWIDTH 333 0
DWIDTH 8 0
BBX 6 2 1 5
BITMAP
FC
FC
ENDCHAR
STARTCHAR period
ENCODING 46
SWIDTH 292 0
DWIDTH 7 0
BBX 3 3 1 0
BITMAP
E0
E0
E0
ENDCHAR
STARTCHAR slash
ENCODING 47
SWIDTH 292 0
DWIDTH 7 0
BBX 10 17 -1 0
BITMAP
00C0
0080
0180
0100
0300
0200
0600
0400
0C00
0800
1800
1000
3000
2000
6000
4000
C000
ENDCHAR
STARTCHAR zero
ENCODING 48
SWIDTH 542 0
DWIDTH 13 0
BBX 12 17 1 0
BITMAP
07C0
1FE0
3860
3030
7030
6030
6030
E030
C030
C070
C060
C060
C0E0
C0C0
6180
7F80
3E00
ENDCHAR
STARTCHAR one
ENCODING 49
SWIDTH 542 0
DWIDTH 13 0
BBX 11 17 0 0
BITMAP
01C0
03C0
0EC0
1980
1180
0180
0180
0180
0180
0300
0300
0300
0300
0300
0600
7FE0
7FE0
ENDCHAR
STARTCHAR two
ENCODING 50
SWIDTH 542 0
DWIDTH 13 0
BBX 13 17 0 0
BITMAP
03E0
07F0
0E38
1C18
1818
0018
0030
0030
00E0
01C0
0700
0E00
1800
3000
6000
FFE0
FFE0
ENDCHAR
STARTCHAR three
ENCODING 51
SWIDTH 542 0
DWIDTH 13 0
BBX 12 17 1 0
BITMAP
07C0
1FE0
1870
3030
0030
0030
00E0
0FC0
0F80
00C0
0060
0060
0060
C060
E0C0
7FC0
1F00
ENDCHAR
STARTCHAR four
ENCODING 52
SWIDTH 542 0
DWIDTH 13 0
BBX 11 17 1 0
BITMAP
00E0
00E0
01E0
03C0
06C0
06C0
0CC0
18C0
30C0
7180
6180
FFE0
FFE0
0180
0300
0300
0300
ENDCHAR
STARTCHAR five
ENCODING 53
SWIDTH 542 0
DWIDTH 13 0
BBX 12 17 1 0
BITMAP
1FF0
1FF0
3000
3000
3000
3000
2F80
7FC0
70E0
0060
0060
0060
0060
C0E0
E1C0
7F80
3F00
ENDCHAR
STARTCHAR six
ENCODING 54
SWIDTH 542 0
DWIDTH 13 0
BBX 12 17 1 0
BITMAP
07C0
0FE0
1870
3030
7000
6000
6F80
DFC0
F0E0
E060
C060
C060
C060
C0C0
61C0
7F80
1E00
ENDCHAR
STARTCHAR seven
ENCODING 55
SWIDTH 542 0
DWIDTH 13 0
BBX 12 17 2 0
BITMAP
FFF0
FFF0
0060
00C0
0180
0300
0700
0600
0C00
1800
1800
3000
3000
6000
6000
C000
C000
ENDCHAR
STARTCHAR eight
ENCODING 56
SWIDTH 542 0
DWIDTH 13 0
BBX 12 17 1 0
BITMAP
07C0
1FE0
3870
3030
3030
3030
1860
0FC0
3F80
70C0
C060
C060
C060
C0E0
E1C0
7F80
3F00
ENDCHAR
STARTCHAR nine
ENCODING 57
SWIDTH 542 0
DWIDTH 13 0
BBX 12 17 1 0
BITMAP
0780
1FE0
3860
3030
6030
6030
6030
6070
70F0
3FF0
1F60
0060
00E0
C0C0
E180
7F00
3E00
ENDCHAR
STARTCHAR colon
ENCODING 58
SWIDTH 292 0
DWIDTH 7 0
BBX 5 13 1 0
BITMAP
38
38
38
00
00
00
00
00
00
00
E0
E0
E0
ENDCHAR
STARTCHAR semicolon
ENCODING 59
SWIDTH 292 0
DWIDTH 7 0
BBX 6 16 0 -3
BITMAP
1C
1C
1C
00
00
00
00
00
00
00
70
70
70
20
60
40
ENDCHAR
STARTCHAR less
ENCODING 60
SWIDTH 583 0
DWIDTH 14 0
BBX 11 13 2 1
BITMAP
0020
00E0
03C0
0F00
3800
E000
8000
E000
3800
0F00
03C0
00E0
0020
ENDCHAR
STARTCHAR equal
ENCODING 61
SWIDTH 583 0
DWIDTH 14 0
BBX 11 8 2 4
BITMAP
FFE0
FFE0
0000
0000
0000
0000
FFE0
FFE0
ENDCHAR
STARTCHAR greater
ENCODING 62
SWIDTH 583 0
DWIDTH 14 0
BBX 11 13 2 1
BITMAP
8000
E000
7800
1E00
0380
00E0
0020
00E0
0380
1E00
7800
E000
8000
ENDCHAR
STARTCHAR question
ENCODING 63
SWIDTH 542 0
DWIDTH 13 0
BBX 11 17 2 0
BITMAP
1F80
3FC0
70E0
E060
C060
0060
00C0
01C0
0700
0E00
1C00
1800
0000
0000
3000
3000
3000
ENDCHAR
STARTCHAR at
ENCODING 64
SWIDTH 1000 0
DWIDTH 24 0
BBX 21 20 2 -3
BITMAP
00FE00
03FFC0
0F01E0
1C0070
3879B0
71FDB8
638718
630318
C60318
C60618
C60618
C60E30
C71E70
C3F7E0
61E3C0
600000
300180
3C0780
0FFE00
03F800
ENDCHAR
STARTCHAR A
ENCODING 65
SWIDTH 667 0
DWIDTH 16 0
BBX 16 17 -1 0
BITMAP
0030
0078
0078
00D8
0088
018C
030C
030C
060C
060C
0FFE
1FFE
1806
3006
3006
6003
C003
ENDCHAR
STARTCHAR B
ENCODING 66
SWIDTH 667 0
DWIDTH 16 0
BBX 14 17 1 0
BITMAP
1FF0
1FF8
181C
300C
300C
300C
3018
3FF0
7FF0
6018
600C
600C
600C
601C
C038
FFF0
FFC0
ENDCHAR
STARTCHAR C
ENCODING 67
SWIDTH 708 0
DWIDTH 17 0
BBX 15 17 2 0
BITMAP
03F0
0FF8
1C1C
380E
7004
6000
6000
C000
C000
C000
C000
C000
C008
601C
7078
3FF0
0FC0
ENDCHAR
STARTCHAR D
ENCODING 68
SWIDTH 708 0
DWIDTH 17 0
BBX 15 17 1 0
BITMAP
1FE0
1FF0
1838
300C
300E
3006
3006
3006
7006
6006
6006
600C
601C
6038
C070
FFE0
FF80
ENDCHAR
STARTCHAR E
ENCODING 69
SWIDTH 667 0
DWIDTH 16 0
BBX 15 17 1 0
BITMAP
1FFE
1FFE
1800
3000
3000
3000
3000
3FF8
7FF8
6000
6000
6000
6000
6000
C000
FFF8
FFF8
ENDCHAR
STARTCHAR F
ENCODING 70
SWIDTH 625 0
DWIDTH 15 0
BBX 14 17 1 0
BITMAP
1FFC
1FFC
1800
3000
3000
3000
3000
3FF0
7FF0
6000
6000
6000
6000
6000
C000
C000
C000
ENDCHAR
STARTCHAR G
ENCODING 71
SWIDTH 792 0
DWIDTH 19 0
BBX 16 17 2 0
BITMAP
03F8
0FFC
1E0E
3807
7002
6000
6000
C000
C07F
C07E
C006
C006
E006
600E
783C
3FF8
0FE0
ENDCHAR
STARTCHAR H
ENCODING 72
SWIDTH 708 0
DWIDTH 17 0
BBX 16 17 1 0
BITMAP
1803
1803
1803
3006
3006
3006
3006
3FFE
7FFE
600C
600C
600C
600C
600C
C018
C018
C018
ENDCHAR
STARTCHAR I
ENCODING 73
SWIDTH 250 0
DWIDTH 6 0
BBX 5 17 1 0
BITMAP
18
18
18
30
30
30
30
30
70
60
60
60
60
60
C0
C0
C0
ENDCHAR
STARTCHAR J
ENCODING 74
SWIDTH 500 0
DWIDTH 12 0
BBX 12 17 0 0
BITMAP
03F0
03F0
0030
0060
0060
0060
0060
0060
00C0
00C0
00C0
00C0
C0C0
C180
6380
7F00
3E00
ENDCHAR
STARTCHAR K
ENCODING 75
SWIDTH 667 0
DWIDTH 16 0
BBX 16 17 1 0
BITMAP
1807
180C
1818
3030
30E0
31C0
3380
3600
7F00
7980
6180
60C0
6060
6070
C030
C018
C00C
ENDCHAR
STARTCHAR L
ENCODING 76
SWIDTH 542 0
DWIDTH 13 0
BBX 10 17 1 0
BITMAP
1800
1800
1800
3000
3000
3000
3000
3000
7000
6000
6000
6000
6000
6000
C000
FFC0
FFC0
ENDCHAR
STARTCHAR M
ENCODING 77
SWIDTH 833 0
DWIDTH 20 0
BBX 19 17 1 0
BITMAP
1800E0
1C00E0
140160
3401C0
3403C0
3606C0
3606C0
360CC0
7209C0
631980
633180
633180
636180
636180
C1C300
C1C300
C18300
ENDCHAR
STARTCHAR N
ENCODING 78
SWIDTH 708 0
DWIDTH 17 0
BBX 16 17 1 0
BITMAP
1C03
1C03
1603
3606
3606
3306
3306
3186
718E
618C
60CC
60CC
606C
606C
C068
C038
C038
ENDCHAR
STARTCHAR O
ENCODING 79
SWIDTH 792 0
DWIDTH 19 0
BBX 16 17 2 0
BITMAP
03F0
0FFC
1C0E
3806
7003
6003
6003
C003
C003
C003
C006
C006
C00E
601C
7038
3FF0
0FC0
ENDCHAR
STARTCHAR P
ENCODING 80
SWIDTH 667 0
DWIDTH 16 0
BBX 15 17 1 0
BITMAP
1FF0
1FFC
180E
3006
3006
3006
300E
301C
7FF8
7FE0
6000
6000
6000
6000
C000
C000
C000
ENDCHAR
STARTCHAR Q
ENCODING 81
SWIDTH 792 0
DWIDTH 19 0
BBX 16 22 2 -5
BITMAP
03F0
0FFC
1C0E
3806
7003
6003
6003
C003
C003
C003
C006
C006
C00E
601C
7038
3FF0
0FC0
0300
0300
0380
01F0
00F0
ENDCHAR
STARTCHAR R
ENCODING 82
SWIDTH 708 0
DWIDTH 17 0
BBX 15 17 1 0
BITMAP
1FF0
1FFC
180E
3006
3006
3006
3006
301C
7FFC
7FF0
6060
6030
6030
6018
C018
C018
C00C
ENDCHAR
STARTCHAR S
ENCODING 83
SWIDTH 667 0
DWIDTH 16 0
BBX 14 17 1 0
BITMAP
07E0
1FF8
181C
300C
3000
3000
3C00
1F80
07E0
00F0
0038
0018
C018
E018
7070
7FF0
1FC0
ENDCHAR
STARTCHAR T
ENCODING 84
SWIDTH 625 0
DWIDTH 15 0
BBX 14 17 2 0
BITMAP
FFFC
FFFC
0300
0600
0600
0600
0600
0600
0600
0C00
0C00
0C00
0C00
0C00
1800
1800
1800
ENDCHAR
STARTCHAR U
ENCODING 85
SWIDTH 708 0
DWIDTH 17 0
BBX 15 17 2 0
BITMAP
3006
3006
3006
600C
600C
600C
600C
600C
E01C
C018
C018
C018
C038
E030
70F0
3FE0
1F80
ENDCHAR
STARTCHAR V
ENCODING 86
SWIDTH 667 0
DWIDTH 16 0
BBX 16 17 2 0
BITMAP
C003
C006
C006
600C
6018
6018
6030
2020
3060
30C0
30C0
3180
1B00
1B00
1E00
1C00
0C00
ENDCHAR
STARTCHAR W
ENCODING 87
SWIDTH 1000 0
DWIDTH 24 0
BBX 24 17 2 0
BITMAP
C01803
C03806
C02806
C0680C
60680C
60CC18
60CC18
618C30
618C30
630C60
630C40
660CC0
260C80
2C0580
280500
380700
300600
ENDCHAR
STARTCHAR X
ENCODING 88
SWIDTH 708 0
DWIDTH 17 0
BBX 18 17 0 0
BITMAP
0C00C0
060180
060300
030600
030C00
019800
01B000
00E000
00E000
01E000
037000
063000
0C1800
181800
300C00
600C00
C00600
ENDCHAR
STARTCHAR Y
ENCODING 89
SWIDTH 667 0
DWIDTH 16 0
BBX 14 17 3 0
BITMAP
C00C
E018
6030
6060
3040
30C0
1980
1B00
0E00
0C00
0C00
0C00
0C00
0C00
1800
1800
1800
ENDCHAR
STARTCHAR Z
ENCODING 90
SWIDTH 625 0
DWIDTH 15 0
BBX 16 17 0 0
BITMAP
0FFF
0FFF
0006
000C
0018
0030
0060
00C0
0180
0300
0600
0C00
1800
3000
6000
FFFC
FFFC
ENDCHAR
STARTCHAR bracketleft
ENCODING 91
SWIDTH 292 0
DWIDTH 7 0
BBX 9 22 0 -5
BITMAP
0F80
0F80
0C00
1800
1800
1800
1800
1800
3800
3000
3000
3000
3000
3000
6000
6000
6000
6000
6000
C000
F800
F800
ENDCHAR
STARTCHAR backslash
ENCODING 92
SWIDTH 292 0
DWIDTH 7 0
BBX 4 17 2 0
BITMAP
C0
C0
C0
C0
C0
60
60
60
60
60
60
60
30
30
30
30
30
ENDCHAR
STARTCHAR bracketright
ENCODING 93
SWIDTH 292 0
DWIDTH 7 0
BBX 9 22 -2 -5
BITMAP
0F80
0F80
0180
0180
0300
0300
0300
0300
0300
0600
0600
0600
0600
0C00
0C00
0C00
0C00
0C00
1800
1800
F800
F800
ENDCHAR
STARTCHAR asciicircum
ENCODING 94
SWIDTH 458 0
DWIDTH 11 0
BBX 12 9 0 8
BITMAP
0600
0F00
0900
1980
1080
30C0
30C0
6060
6060
ENDCHAR
STARTCHAR underscore
ENCODING 95
SWIDTH 542 0
DWIDTH 13 0
BBX 14 1 -2 -3
BITMAP
FFFC
ENDCHAR
STARTCHAR grave
ENCODING 96
SWIDTH 333 0
DWIDTH 8 0
BBX 5 4 2 14
BITMAP
E0
70
30
18
ENDCHAR
STARTCHAR a
ENCODING 97
SWIDTH 542 0
DWIDTH 13 0
BBX 12 13 1 0
BITMAP
0F80
1FC0
3860
3060
0060
1FE0
7FE0
E0C0
C0C0
C0C0
E3C0
7EF0
3C60
ENDCHAR
STARTCHAR b
ENCODING 98
SWIDTH 542 0
DWIDTH 13 0
BBX 12 17 0 0
BITMAP
1800
1800
1800
3800
33C0
37E0
3C70
3830
3030
7030
6030
6030
6060
6060
F0E0
DFC0
CF00
ENDCHAR
STARTCHAR c
ENCODING 99
SWIDTH 500 0
DWIDTH 12 0
BBX 10 13 1 0
BITMAP
0F00
3F80
71C0
60C0
6000
C000
C000
C000
C000
C180
E380
7F00
3E00
ENDCHAR
STARTCHAR d
ENCODING 100
SWIDTH 542 0
DWIDTH 13 0
BBX 12 17 1 0
BITMAP
0030
0030
0030
0060
1F60
3F60
71E0
60E0
60E0
C0C0
C0C0
C0C0
C0C0
C1C0
E380
7F80
3D80
ENDCHAR
STARTCHAR e
ENCODING 101
SWIDTH 542 0
DWIDTH 13 0
BBX 11 13 1 0
BITMAP
0F80
3FC0
30E0
6060
6060
FFE0
FFE0
C000
C000
C080
E1C0
7F80
3E00
ENDCHAR
STARTCHAR f
ENCODING 102
SWIDTH 292 0
DWIDTH 7 0
BBX 8 17 1 0
BITMAP
0F
1F
18
30
FE
FE
30
30
30
60
60
60
60
60
C0
C0
C0
ENDCHAR
STARTCHAR g
ENCODING 103
SWIDTH 542 0
DWIDTH 13 0
BBX 12 18 0 -5
BITMAP
0F30
1FF0
38F0
3070
3070
6060
6060
6060
60E0
60E0
71E0
3FC0
1EC0
00C0
C1C0
E180
7F00
3E00
ENDCHAR
STARTCHAR h
ENCODING 104
SWIDTH 542 0
DWIDTH 13 0
BBX 12 17 0 0
BITMAP
1800
1800
1800
3000
33C0
37E0
3C70
3030
7030
6060
6060
6060
6060
6060
C0C0
C0C0
C0C0
ENDCHAR
STARTCHAR i
ENCODING 105
SWIDTH 250 0
DWIDTH 6 0
BBX 5 17 0 0
BITMAP
18
18
00
00
30
30
30
30
30
60
60
60
60
60
C0
C0
C0
ENDCHAR
STARTCHAR j
ENCODING 106
SWIDTH 208 0
DWIDTH 5 0
BBX 8 22 -3 -5
BITMAP
03
03
00
00
06
06
06
06
0E
0C
0C
0C
0C
0C
18
18
18
18
18
38
F0
E0
ENDCHAR
STARTCHAR k
ENCODING 107
SWIDTH 500 0
DWIDTH 12 0
BBX 13 17 0 0
BITMAP
1800
1800
1800
3000
3038
3060
30C0
3380
7700
6E00
7E00
7300
6300
6180
C0C0
C0C0
C060
ENDCHAR
STARTCHAR l
ENCODING 108
SWIDTH 250 0
DWIDTH 6 0
BBX 5 17 0 0
BITMAP
18
18
18
30
30
30
30
30
70
60
60
60
60
60
C0
C0
C0
ENDCHAR
STARTCHAR m
ENCODING 109
SWIDTH 833 0
DWIDTH 20 0
BBX 19 13 0 0
BITMAP
33C780
37EFC0
3C78E0
303060
303060
6060C0
6060C0
6060C0
6060C0
6060C0
C0C180
C0C180
C0C180
ENDCHAR
STARTCHAR n
ENCODING 110
SWIDTH 542 0
DWIDTH 13 0
BBX 12 13 0 0
BITMAP
33C0
37E0
3C70
3030
3030
6060
6060
6060
6060
6060
C0C0
C0C0
C0C0
ENDCHAR
STARTCHAR o
ENCODING 111
SWIDTH 542 0
DWIDTH 13 0
BBX 11 13 1 0
BITMAP
0F80
3FC0
70E0
6060
6060
C060
C060
C060
C0C0
C0C0
6180
7F80
3E00
ENDCHAR
STARTCHAR p
ENCODING 112
SWIDTH 542 0
DWIDTH 13 0
BBX 13 18 -1 -5
BITMAP
19E0
1FF0
1E38
1818
1818
3018
3018
3018
3030
3030
7860
6FE0
6780
6000
6000
6000
C000
C000
ENDCHAR
STARTCHAR q
ENCODING 113
SWIDTH 500 0
DWIDTH 12 0
BBX 10 18 1 -5
BITMAP
1EC0
3FC0
71C0
61C0
61C0
C180
C180
C180
C180
C380
E780
7F00
7B00
0300
0300
0300
0600
0600
ENDCHAR
STARTCHAR r
ENCODING 114
SWIDTH 333 0
DWIDTH 8 0
BBX 9 13 0 0
BITMAP
3380
3780
3C00
3800
3000
6000
6000
6000
6000
6000
C000
C000
C000
ENDCHAR
STARTCHAR s
ENCODING 115
SWIDTH 500 0
DWIDTH 12 0
BBX 11 13 0 0
BITMAP
0F80
1FE0
3060
3000
3800
1E00
0F80
01C0
00C0
40C0
E1C0
7F80
3F00
ENDCHAR
STARTCHAR t
ENCODING 116
SWIDTH 292 0
DWIDTH 7 0
BBX 7 16 1 0
BITMAP
18
18
30
FE
FE
30
30
70
60
60
60
60
60
E0
78
78
ENDCHAR
STARTCHAR u
ENCODING 117
SWIDTH 542 0
DWIDTH 13 0
BBX 11 13 1 0
BITMAP
6060
6060
6060
6060
E060
C0C0
C0C0
C0C0
C0C0
C1C0
C380
FF80
7980
ENDCHAR
STARTCHAR v
ENCODING 118
SWIDTH 500 0
DWIDTH 12 0
BBX 12 13 1 0
BITMAP
C030
C060
C060
C0C0
6080
6180
6300
6300
6600
2C00
2C00
3800
3000
ENDCHAR
STARTCHAR w
ENCODING 119
SWIDTH 667 0
DWIDTH 16 0
BBX 15 13 1 0
BITMAP
C386
C786
C78C
C58C
CD88
CD98
C998
D9B0
D9B0
51A0
71E0
71E0
61C0
ENDCHAR
STARTCHAR x
ENCODING 120
SWIDTH 500 0
DWIDTH 12 0
BBX 14 13 -1 0
BITMAP
180C
0C18
0C30
0660
06C0
0380
0380
0780
0CC0
18C0
3060
6060
C030
ENDCHAR
STARTCHAR y
ENCODING 121
SWIDTH 500 0
DWIDTH 12 0
BBX 15 18 -2 -5
BITMAP
1806
180C
180C
1C18
0C18
0C30
0C30
0C60
0640
06C0
0680
0780
0700
0700
0E00
1C00
F800
F000
ENDCHAR
STARTCHAR z
ENCODING 122
SWIDTH 458 0
DWIDTH 11 0
BBX 11 13 0 0
BITMAP
3FE0
3FE0
00C0
0180
0380
0700
0E00
1C00
3800
7000
6000
FFC0
FFC0
ENDCHAR
STARTCHAR braceleft
ENCODING 123
SWIDTH 333 0
DWIDTH 8 0
BBX 9 22 0 -5
BITMAP
0780
0780
0E00
0C00
0C00
1800
1800
1800
3000
E000
E000
7000
3000
3000
3000
2000
6000
6000
6000
6000
7800
3800
ENDCHAR
STARTCHAR bar
ENCODING 124
SWIDTH 250 0
DWIDTH 6 0
BBX 2 22 2 -5
BITMAP
C0
C0
C0
C0
C0
C0
C0
C0
C0
C0
C0
C0
C0
C0
C0
C0
C0
C0
C0
C0
C0
C0
ENDCHAR
STARTCHAR braceright
ENCODING 125
SWIDTH 333 0
DWIDTH 8 0
BBX 10 22 -2 -5
BITMAP
0F00
0F80
0180
0180
0180
0100
0300
0300
0300
01C0
01C0
0300
0600
0600
0600
0E00
0C00
0C00
0C00
1C00
F800
F000
ENDCHAR
STARTCHAR asciitilde
ENCODING 126
SWIDTH 583 0
DWIDTH 14 0
BBX 12 4 1 6
BITMAP
7800
FE10
87F0
01E0
ENDCHAR
STARTCHAR space
ENCODING 160
SWIDTH 292 0
DWIDTH 7 0
BBX 0 0 0 0
BITMAP
ENDCHAR
STARTCHAR exclamdown
ENCODING 161
SWIDTH 333 0
DWIDTH 8 0
BBX 5 17 2 -4
BITMAP
18
18
18
00
00
30
30
30
20
60
60
60
60
60
C0
C0
C0
ENDCHAR
STARTCHAR cent
ENCODING 162
SWIDTH 542 0
DWIDTH 13 0
BBX 12 17 2 0
BITMAP
0080
0080
03C0
0FE0
1FE0
33F0
3C30
6C30
4C00
E400
E400
E400
65C0
6780
1700
0800
0800
ENDCHAR
STARTCHAR sterling
ENCODING 163
SWIDTH 542 0
DWIDTH 13 0
BBX 13 17 1 0
BITMAP
01E0
07F8
0618
0C00
0C00
0C00
0C00
7FC0
7FC0
1800
1800
1800
1800
3030
6070
FFE0
FFC0
ENDCHAR
STARTCHAR currency
ENCODING 164
SWIDTH 542 0
DWIDTH 13 0
BBX 10 10 2 3
BITMAP
DEC0
FFC0
6180
C0C0
C0C0
C0C0
C0C0
6180
FFC0
DEC0
ENDCHAR
STARTCHAR yen
ENCODING 165
SWIDTH 542 0
DWIDTH 13 0
BBX 15 17 0 0
BITMAP
3006
300C
1818
1830
0C60
0C40
06C0
0780
7FF0
7FF0
0600
0600
FFF0
FFF0
0C00
0C00
0C00
ENDCHAR
STARTCHAR brokenbar
ENCODING 166
SWIDTH 250 0
DWIDTH 6 0
BBX 2 22 2 -5
BITMAP
C0
C0
C0
C0
C0
C0
C0
C0
C0
00
00
00
00
C0
C0
C0
C0
C0
C0
C0
C0
C0
ENDCHAR
STARTCHAR section
ENCODING 167
SWIDTH 542 0
DWIDTH 13 0
BBX 12 19 0 -2
BITMAP
07C0
0FF0
1830
1800
1800
0E00
0FC0
38E0
3060
3060
38E0
1FC0
0380
01C0
00C0
00C0
E1C0
FF80
3F00
ENDCHAR
STARTCHAR dieresis
ENCODING 168
SWIDTH 333 0
DWIDTH 8 0
BBX 6 2 2 15
BITMAP
CC
CC
ENDCHAR
STARTCHAR copyright
ENCODING 169
SWIDTH 750 0
DWIDTH 18 0
BBX 17 17 1 0
BITMAP
03E000
0C1800
300600
200200
43C100
462100
8C1080
8C0080
8C0080
8C0080
8C1080
462100
43C100
200200
300600
0C1800
03E000
ENDCHAR
STARTCHAR ordfeminine
ENCODING 170
SWIDTH 375 0
DWIDTH 9 0
BBX 9 9 1 8
BITMAP
1E00
3300
2100
0300
3F00
E300
C300
C600
7B00
ENDCHAR
STARTCHAR guillemotleft
ENCODING 171
SWIDTH 542 0
DWIDTH 13 0
BBX 12 9 1 2
BITMAP
0630
1CE0
3180
6300
C600
E700
6300
3180
18C0
ENDCHAR
STARTCHAR logicalnot
ENCODING 172
SWIDTH 583 0
DWIDTH 14 0
BBX 12 7 1 2
BITMAP
FFF0
FFF0
0030
0030
0030
0030
0030
ENDCHAR
STARTCHAR hyphen
ENCODING 173
SWIDTH 333 0
DWIDTH 8 0
BBX 6 2 1 5
BITMAP
FC
FC
ENDCHAR
STARTCHAR registered
ENCODING 174
SWIDTH 750 0
DWIDTH 18 0
BBX 17 17 1 0
BITMAP
03E000
0C1800
300600
200200
47F100
461900
861880
861880
87F080
866080
863080
461100
461900
200200
300600
0C1800
03E000
ENDCHAR
STARTCHAR macron
ENCODING 175
SWIDTH 542 0
DWIDTH 13 0
BBX 13 1 0 18
BITMAP
FFF8
ENDCHAR
STARTCHAR degree
ENCODING 176
SWIDTH 417 0
DWIDTH 10 0
BBX 7 7 2 10
BITMAP
38
44
82
82
82
44
38
ENDCHAR
STARTCHAR plusminus
ENCODING 177
SWIDTH 542 0
DWIDTH 13 0
BBX 12 15 1 0
BITMAP
0600
0600
0600
0600
0600
FFF0
FFF0
0600
0600
0600
0600
0600
0000
FFF0
FFF0
ENDCHAR
STARTCHAR uni00B2
ENCODING 178
SWIDTH 333 0
DWIDTH 8 0
BBX 9 10 0 7
BITMAP
0F00
1980
3180
0180
0300
0E00
1C00
7000
C000
FF00
ENDCHAR
STARTCHAR uni00B3
ENCODING 179
SWIDTH 333 0
DWIDTH 8 0
BBX 8 10 1 7
BITMAP
1E
33
63
07
18
06
06
C6
C6
78
ENDCHAR
STARTCHAR acute
ENCODING 180
SWIDTH 333 0
DWIDTH 8 0
BBX 6 4 2 14
BITMAP
1C
30
60
C0
ENDCHAR
STARTCHAR u00B5
ENCODING 181
SWIDTH 542 0
DWIDTH 13 0
BBX 13 18 0 -5
BITMAP
1830
1830
1830
1830
1870
3060
3060
3060
30E0
30E0
71E0
7F70
6E70
6000
6000
6000
C000
C000
ENDCHAR
STARTCHAR paragraph
ENCODING 182
SWIDTH 542 0
DWIDTH 13 0
BBX 11 20 2 -3
BITMAP
3FE0
7880
F880
F880
F880
F880
7880
3880
0880
0880
0880
0880
0880
0880
0880
0880
0880
0880
0880
0880
ENDCHAR
STARTCHAR periodcentered
ENCODING 183
SWIDTH 292 0
DWIDTH 7 0
BBX 3 3 2 6
BITMAP
E0
E0
E0
ENDCHAR
STARTCHAR cedilla
ENCODING 184
SWIDTH 333 0
DWIDTH 8 0
BBX 5 5 1 -5
BITMAP
20
38
18
18
F0
ENDCHAR
STARTCHAR uni00B9
ENCODING 185
SWIDTH 292 0
DWIDTH 7 0
BBX 8 10 0 7
BITMAP
0E
3E
26
0C
0C
0C
0C
18
18
FE
ENDCHAR
STARTCHAR ordmasculine
ENCODING 186
SWIDTH 375 0
DWIDTH 9 0
BBX 9 9 1 8
BITMAP
1E00
6180
6180
C180
C180
C180
C300
E300
3C00
ENDCHAR
STARTCHAR guillemotright
ENCODING 187
SWIDTH 542 0
DWIDTH 13 0
BBX 12 9 -1 2
BITMAP
3180
18C0
0C60
0E60
0630
0C60
18C0
7380
E700
ENDCHAR
STARTCHAR onequarter
ENCODING 188
SWIDTH 833 0
DWIDTH 20 0
BBX 19 17 0 0
BITMAP
0E0060
3E00C0
260180
0C0300
0C0600
0C0600
0C0C00
181860
1830E0
FE6160
00C260
0184C0
0184C0
0308C0
061FE0
0C0180
180180
ENDCHAR
STARTCHAR onehalf
ENCODING 189
SWIDTH 833 0
DWIDTH 20 0
BBX 20 17 0 0
BITMAP
0E00C0
3E0180
260300
0C0600
0C0C00
0C0C00
0C1800
1831E0
186330
FFC630
018030
030060
0301C0
060380
0C0E00
181800
301FE0
ENDCHAR
STARTCHAR threequarters
ENCODING 190
SWIDTH 833 0
DWIDTH 20 0
BBX 17 17 2 0
BITMAP
1E0180
330300
630600
070C00
181800
061800
063000
C66180
C6C380
798580
030980
061300
061300
0C2300
187F80
300600
600600
ENDCHAR
STARTCHAR questiondown
ENCODING 191
SWIDTH 625 0
DWIDTH 15 0
BBX 11 17 2 -4
BITMAP
0180
0180
0180
0000
0000
0300
0600
0E00
3800
7000
E000
C000
C060
C0E0
E1C0
7F80
3F00
ENDCHAR
STARTCHAR Agrave
ENCODING 192
SWIDTH 667 0
DWIDTH 16 0
BBX 16 22 -1 0
BITMAP
0070
0038
0018
000C
0000
0030
0078
0078
00D8
0088
018C
030C
030C
060C
060C
0FFE
1FFE
1806
3006
3006
6003
C003
ENDCHAR
STARTCHAR Aacute
ENCODING 193
SWIDTH 667 0
DWIDTH 16 0
BBX 16 22 -1 0
BITMAP
0007
000E
0018
0030
0000
0030
0078
0078
00D8
0088
018C
030C
030C
060C
060C
0FFE
1FFE
1806
3006
3006
6003
C003
ENDCHAR
STARTCHAR Acircumflex
ENCODING 194
SWIDTH 667 0
DWIDTH 16 0
BBX 16 22 -1 0
BITMAP
0038
006C
00C4
0186
0000
0030
0078
0078
00D8
0088
018C
030C
030C
060C
060C
0FFE
1FFE
1806
3006
3006
6003
C003
ENDCHAR
STARTCHAR Atilde
ENCODING 195
SWIDTH 667 0
DWIDTH 16 0
BBX 16 22 -1 0
BITMAP
0061
00F3
019E
010C
0000
0030
0078
0078
00D8
0088
018C
030C
030C
060C
060C
0FFE
1FFE
1806
3006
3006
6003
C003
ENDCHAR
STARTCHAR Adieresis
ENCODING 196
SWIDTH 667 0
DWIDTH 16 0
BBX 16 20 -1 0
BITMAP
0066
0066
0000
0030
0078
0078
00D8
0088
018C
030C
030C
060C
060C
0FFE
1FFE
1806
3006
3006
6003
C003
ENDCHAR
STARTCHAR Aring
ENCODING 197
SWIDTH 667 0
DWIDTH 16 0
BBX 16 22 -1 0
BITMAP
003C
0066
0042
0042
0066
003C
0078
0078
00D8
0088
018C
030C
030C
060C
060C
0FFE
1FFE
1806
3006
3006
6003
C003
ENDCHAR
STARTCHAR AE
ENCODING 198
SWIDTH 1000 0
DWIDTH 24 0
BBX 25 17 -1 0
BITMAP
000FFF80
001FFF80
00318000
00330000
00630000
00C30000
00C30000
0183FE00
0303FE00
07060000
07FE0000
0FFE0000
18060000
18060000
300C0000
600FFE00
-1FF00200
ENDCHAR
STARTCHAR Ccedilla
ENCODING 199
SWIDTH 708 0
DWIDTH 17 0
BBX 15 22 2 -5
BITMAP
03F0
0FF8
1C1C
380E
7004
6000
6000
C000
C000
C000
C000
C000
C008
601C
7078
3FF0
0FC0
0200
0380
0180
0180
0F00
ENDCHAR
STARTCHAR Egrave
ENCODING 200
SWIDTH 667 0
DWIDTH 16 0
BBX 15 22 1 0
BITMAP
01C0
00E0
0060
0030
0000
1FFE
1FFE
1800
3000
3000
3000
3000
3FF8
7FF8
6000
6000
6000
6000
6000
C000
FFF8
FFF8
ENDCHAR
STARTCHAR Eacute
ENCODING 201
SWIDTH 667 0
DWIDTH 16 0
BBX 15 22 1 0
BITMAP
001C
0038
0060
00C0
0000
1FFE
1FFE
1800
3000
3000
3000
3000
3FF8
7FF8
6000
6000
6000
6000
6000
C000
FFF8
FFF8
ENDCHAR
STARTCHAR Ecircumflex
ENCODING 202
SWIDTH 667 0
DWIDTH 16 0
BBX 15 22 1 0
BITMAP
0070
00D8
0188
030C
0000
1FFE
1FFE
1800
3000
3000
3000
3000
3FF8
7FF8
6000
6000
6000
6000
6000
C000
FFF8
FFF8
ENDCHAR
STARTCHAR Edieresis
ENCODING 203
SWIDTH 667 0
DWIDTH 16 0
BBX 15 20 1 0
BITMAP
0330
0330
0000
1FFE
1FFE
1800
3000
3000
3000
3000
3FF8
7FF8
6000
6000
6000
6000
6000
C000
FFF8
FFF8
ENDCHAR
STARTCHAR Igrave
ENCODING 204
SWIDTH 250 0
DWIDTH 6 0
BBX 6 22 1 0
BITMAP
70
38
18
0C
00
18
18
18
30
30
30
30
30
70
60
60
60
60
60
C0
C0
C0
ENDCHAR
STARTCHAR Iacute
ENCODING 205
SWIDTH 250 0
DWIDTH 6 0
BBX 9 22 1 0
BITMAP
0380
0700
0C00
1800
0000
1800
1800
1800
3000
3000
3000
3000
3000
7000
6000
6000
6000
6000
6000
C000
C000
C000
ENDCHAR
STARTCHAR Icircumflex
ENCODING 206
SWIDTH 250 0
DWIDTH 6 0
BBX 9 22 1 0
BITMAP
0E00
1B00
3100
6180
0000
1800
1800
1800
3000
3000
3000
3000
3000
7000
6000
6000
6000
6000
6000
C000
C000
C000
ENDCHAR
STARTCHAR Idieresis
ENCODING 207
SWIDTH 250 0
DWIDTH 6 0
BBX 8 20 1 0
BITMAP
33
33
00
18
18
18
30
30
30
30
30
70
60
60
60
60
60
C0
C0
C0
ENDCHAR
STARTCHAR Eth
ENCODING 208
SWIDTH 708 0
DWIDTH 17 0
BBX 15 17 1 0
BITMAP
1FE0
1FF8
183C
300C
300E
3006
3006
FF06
FF06
6006
6006
600C
601C
6038
C070
FFE0
FF80
ENDCHAR
STARTCHAR Ntilde
ENCODING 209
SWIDTH 708 0
DWIDTH 17 0
BBX 16 22 1 0
BITMAP
00C2
01E6
033C
0218
0000
1C03
1C03
1603
3606
3606
3306
3306
3186
718E
618C
60CC
60CC
606C
606C
C068
C038
C038
ENDCHAR
STARTCHAR Ograve
ENCODING 210
SWIDTH 792 0
DWIDTH 19 0
BBX 16 22 2 0
BITMAP
0380
01C0
00C0
0060
0000
03F0
0FFC
1C0E
3806
7003
6003
6003
C003
C003
C003
C006
C006
C00E
601C
7038
3FF0
0FC0
ENDCHAR
STARTCHAR Oacute
ENCODING 211
SWIDTH 792 0
DWIDTH 19 0
BBX 16 22 2 0
BITMAP
001C
0038
0060
00C0
0000
03F0
0FFC
1C0E
3806
7003
6003
6003
C003
C003
C003
C006
C006
C00E
601C
7038
3FF0
0FC0
ENDCHAR
STARTCHAR Ocircumflex
ENCODING 212
SWIDTH 792 0
DWIDTH 19 0
BBX 16 22 2 0
BITMAP
0070
00D8
0188
030C
0000
03F0
0FFC
1C0E
3806
7003
6003
6003
C003
C003
C003
C006
C006
C00E
601C
7038
3FF0
0FC0
ENDCHAR
STARTCHAR Otilde
ENCODING 213
SWIDTH 792 0
DWIDTH 19 0
BBX 16 22 2 0
BITMAP
00C2
01E6
033C
0218
0000
03F0
0FFC
1C0E
3806
7003
6003
6003
C003
C003
C003
C006
C006
C00E
601C
7038
3FF0
0FC0
ENDCHAR
STARTCHAR Odieresis
ENCODING 214
SWIDTH 792 0
DWIDTH 19 0
BBX 16 20 2 0
BITMAP
0198
0198
0000
03F0
0FFC
1C0E
3806
7003
6003
6003
C003
C003
C003
C006
C006
C00E
601C
7038
3FF0
0FC0
ENDCHAR
STARTCHAR multiply
ENCODING 215
SWIDTH 583 0
DWIDTH 14 0
BBX 11 11 2 3
BITMAP
4040
E0E0
71C0
3B80
1F00
0E00
1F00
3B80
71C0
E0E0
4040
ENDCHAR
STARTCHAR Oslash
ENCODING 216
SWIDTH 792 0
DWIDTH 19 0
BBX 20 17 0 0
BITMAP
00FC60
03FFC0
070380
0E0380
1C06C0
180CC0
1818C0
3030C0
3060C0
30C0C0
318180
330180
360380
1C0700
1C0E00
3FFC00
63F000
ENDCHAR
STARTCHAR Ugrave
ENCODING 217
SWIDTH 708 0
DWIDTH 17 0
BBX 15 22 2 0
BITMAP
0380
01C0
00C0
0060
0000
3006
3006
3006
600C
600C
600C
600C
600C
E01C
C018
C018
C018
C038
E030
70F0
3FE0
1F80
ENDCHAR
STARTCHAR Uacute
ENCODING 218
SWIDTH 708 0
DWIDTH 17 0
BBX 15 22 2 0
BITMAP
0038
0070
00C0
0180
0000
3006
3006
3006
600C
600C
600C
600C
600C
E01C
C018
C018
C018
C038
E030
70F0
3FE0
1F80
ENDCHAR
STARTCHAR Ucircumflex
ENCODING 219
SWIDTH 708 0
DWIDTH 17 0
BBX 15 22 2 0
BITMAP
00E0
01B0
0310
0618
0000
3006
3006
3006
600C
600C
600C
600C
600C
E01C
C018
C018
C018
C038
E030
70F0
3FE0
1F80
ENDCHAR
STARTCHAR Udieresis
ENCODING 220
SWIDTH 708 0
DWIDTH 17 0
BBX 15 20 2 0
BITMAP
0330
0330
0000
3006
3006
3006
600C
600C
600C
600C
600C
E01C
C018
C018
C018
C038
E030
70F0
3FE0
1F80
ENDCHAR
STARTCHAR Yacute
ENCODING 221
SWIDTH 667 0
DWIDTH 16 0
BBX 14 22 3 0
BITMAP
00E0
01C0
0300
0600
0000
C00C
E018
6030
6060
3040
30C0
1980
1B00
0E00
0C00
0C00
0C00
0C00
0C00
1800
1800
1800
ENDCHAR
STARTCHAR Thorn
ENCODING 222
SWIDTH 667 0
DWIDTH 16 0
BBX 14 17 1 0
BITMAP
1800
1800
1800
3FE0
3FF8
3018
300C
300C
700C
600C
601C
6038
7FF0
7FC0
E000
C000
C000
ENDCHAR
STARTCHAR germandbls
ENCODING 223
SWIDTH 625 0
DWIDTH 15 0
BBX 14 17 0 0
BITMAP
03F0
0FF8
1C1C
180C
300C
3038
3060
30C0
30C0
6060
6030
6018
600C
600C
C01C
C7F8
C7F0
ENDCHAR
STARTCHAR agrave
ENCODING 224
SWIDTH 542 0
DWIDTH 13 0
BBX 12 18 1 0
BITMAP
0700
0380
0180
00C0
0000
0F80
1FC0
3860
3060
0060
1FE0
7FE0
E0C0
C0C0
C0C0
E3C0
7EF0
3C60
ENDCHAR
STARTCHAR aacute
ENCODING 225
SWIDTH 542 0
DWIDTH 13 0
BBX 12 18 1 0
BITMAP
0070
00C0
0180
0300
0000
0F80
1FC0
3860
3060
0060
1FE0
7FE0
E0C0
C0C0
C0C0
E3C0
7EF0
3C60
ENDCHAR
STARTCHAR acircumflex
ENCODING 226
SWIDTH 542 0
DWIDTH 13 0
BBX 12 18 1 0
BITMAP
0380
06C0
0C40
1860
0000
0F80
1FC0
3860
3060
0060
1FE0
7FE0
E0C0
C0C0
C0C0
E3C0
7EF0
3C60
ENDCHAR
STARTCHAR atilde
ENCODING 227
SWIDTH 542 0
DWIDTH 13 0
BBX 12 18 1 0
BITMAP
0710
07B0
0DE0
08E0
0000
0F80
1FC0
3860
3060
0060
1FE0
7FE0
E0C0
C0C0
C0C0
E3C0
7EF0
3C60
ENDCHAR
STARTCHAR adieresis
ENCODING 228
SWIDTH 542 0
DWIDTH 13 0
BBX 12 17 1 0
BITMAP
0CC0
0CC0
0000
0000
0F80
1FC0
3860
3060
0060
1FE0
7FE0
E0C0
C0C0
C0C0
E3C0
7EF0
3C60
ENDCHAR
STARTCHAR aring
ENCODING 229
SWIDTH 542 0
DWIDTH 13 0
BBX 12 20 1 0
BITMAP
03C0
0660
0420
0420
0660
03C0
0000
0F80
1FC0
3860
3060
0060
1FE0
7FE0
E0C0
C0C0
C0C0
E3C0
7EF0
3C60
ENDCHAR
STARTCHAR ae
ENCODING 230
SWIDTH 875 0
DWIDTH 21 0
BBX 19 13 1 0
BITMAP
0F8F80
1FDFC0
3878E0
307060
006060
1FFFE0
7FFFE0
E0C000
C0C000
C1C080
C361C0
7E7F80
7C3E00
ENDCHAR
STARTCHAR ccedilla
ENCODING 231
SWIDTH 500 0
DWIDTH 12 0
BBX 10 18 1 -5
BITMAP
0F00
3F80
71C0
60C0
6000
C000
C000
C000
C000
C180
E380
7F00
3E00
1000
1C00
0C00
0C00
7800
ENDCHAR
STARTCHAR egrave
ENCODING 232
SWIDTH 542 0
DWIDTH 13 0
BBX 11 18 1 0
BITMAP
0E00
0700
0300
0180
0000
0F80
3FC0
30E0
6060
6060
FFE0
FFE0
C000
C000
C080
E1C0
7F80
3E00
ENDCHAR
STARTCHAR eacute
ENCODING 233
SWIDTH 542 0
DWIDTH 13 0
BBX 11 18 1 0
BITMAP
00E0
0180
0300
0600
0000
0F80
3FC0
30E0
6060
6060
FFE0
FFE0
C000
C000
C080
E1C0
7F80
3E00
ENDCHAR
STARTCHAR ecircumflex
ENCODING 234
SWIDTH 542 0
DWIDTH 13 0
BBX 11 18 1 0
BITMAP
0380
06C0
0C40
1860
0000
0F80
3FC0
30E0
6060
6060
FFE0
FFE0
C000
C000
C080
E1C0
7F80
3E00
ENDCHAR
STARTCHAR edieresis
ENCODING 235
SWIDTH 542 0
DWIDTH 13 0
BBX 11 17 1 0
BITMAP
0CC0
0CC0
0000
0000
0F80
3FC0
30E0
6060
6060
FFE0
FFE0
C000
C000
C080
E1C0
7F80
3E00
ENDCHAR
STARTCHAR igrave
ENCODING 236
SWIDTH 250 0
DWIDTH 6 0
BBX 5 18 1 0
BITMAP
E0
70
30
18
00
30
30
30
30
30
60
60
60
60
60
C0
C0
C0
ENDCHAR
STARTCHAR iacute
ENCODING 237
SWIDTH 250 0
DWIDTH 6 0
BBX 8 18 1 0
BITMAP
07
0C
18
30
00
30
30
30
30
30
60
60
60
60
60
C0
C0
C0
ENDCHAR
STARTCHAR icircumflex
ENCODING 238
SWIDTH 250 0
DWIDTH 6 0
BBX 8 18 1 0
BITMAP
1C
36
62
C3
00
30
30
30
30
30
60
60
60
60
60
C0
C0
C0
ENDCHAR
STARTCHAR idieresis
ENCODING 239
SWIDTH 250 0
DWIDTH 6 0
BBX 7 17 1 0
BITMAP
66
66
00
00
30
30
30
30
30
60
60
60
60
60
C0
C0
C0
ENDCHAR
STARTCHAR eth
ENCODING 240
SWIDTH 542 0
DWIDTH 13 0
BBX 11 17 1 0
BITMAP
0620
03C0
0780
08C0
00C0
0060
1F60
3FE0
70E0
6060
C060
C060
C040
C0C0
E1C0
7F80
3E00
ENDCHAR
STARTCHAR ntilde
ENCODING 241
SWIDTH 542 0
DWIDTH 13 0
BBX 12 18 0 0
BITMAP
0710
07B0
0DE0
08E0
0000
33C0
37E0
3C70
3030
3030
6060
6060
6060
6060
6060
C0C0
C0C0
C0C0
ENDCHAR
STARTCHAR ograve
ENCODING 242
SWIDTH 542 0
DWIDTH 13 0
BBX 11 18 1 0
BITMAP
0E00
0700
0300
0180
0000
0F80
3FC0
70E0
6060
6060
C060
C060
C060
C0C0
C0C0
6180
7F80
3E00
ENDCHAR
STARTCHAR oacute
ENCODING 243
SWIDTH 542 0
DWIDTH 13 0
BBX 11 18 1 0
BITMAP
00E0
0180
0300
0600
0000
0F80
3FC0
70E0
6060
6060
C060
C060
C060
C0C0
C0C0
6180
7F80
3E00
ENDCHAR
STARTCHAR ocircumflex
ENCODING 244
SWIDTH 542 0
DWIDTH 13 0
BBX 11 18 1 0
BITMAP
0380
06C0
0C40
1860
0000
0F80
3FC0
70E0
6060
6060
C060
C060
C060
C0C0
C0C0
6180
7F80
3E00
ENDCHAR
STARTCHAR otilde
ENCODING 245
SWIDTH 542 0
DWIDTH 13 0
BBX 11 18 1 0
BITMAP
0E20
0F60
1BC0
11C0
0000
0F80
3FC0
70E0
6060
6060
C060
C060
C060
C0C0
C0C0
6180
7F80
3E00
ENDCHAR
STARTCHAR odieresis
ENCODING 246
SWIDTH 542 0
DWIDTH 13 0
BBX 11 17 1 0
BITMAP
0CC0
0CC0
0000
0000
0F80
3FC0
70E0
6060
6060
C060
C060
C060
C0C0
C0C0
6180
7F80
3E00
ENDCHAR
STARTCHAR divide
ENCODING 247
SWIDTH 542 0
DWIDTH 13 0
BBX 12 12 1 2
BITMAP
0600
0600
0000
0000
0000
FFF0
FFF0
0000
0000
0000
0600
0600
ENDCHAR
STARTCHAR oslash
ENCODING 248
SWIDTH 625 0
DWIDTH 15 0
BBX 15 13 0 0
BITMAP
07EC
0FF8
1C18
383C
306C
61CC
638C
670C
6C18
7838
3070
3FE0
6FC0
ENDCHAR
STARTCHAR ugrave
ENCODING 249
SWIDTH 542 0
DWIDTH 13 0
BBX 11 18 1 0
BITMAP
0E00
0700
0300
0180
0000
6060
6060
6060
6060
E060
C0C0
C0C0
C0C0
C0C0
C1C0
C380
FF80
7980
ENDCHAR
STARTCHAR uacute
ENCODING 250
SWIDTH 542 0
DWIDTH 13 0
BBX 11 18 1 0
BITMAP
00E0
0180
0300
0600
0000
6060
6060
6060
6060
E060
C0C0
C0C0
C0C0
C0C0
C1C0
C380
FF80
7980
ENDCHAR
STARTCHAR ucircumflex
ENCODING 251
SWIDTH 542 0
DWIDTH 13 0
BBX 11 18 1 0
BITMAP
0380
06C0
0C40
1860
0000
6060
6060
6060
6060
E060
C0C0
C0C0
C0C0
C0C0
C1C0
C380
FF80
7980
ENDCHAR
STARTCHAR udieresis
ENCODING 252
SWIDTH 542 0
DWIDTH 13 0
BBX 11 17 1 0
BITMAP
0CC0
0CC0
0000
0000
6060
6060
6060
6060
E060
C0C0
C0C0
C0C0
C0C0
C1C0
C380
FF80
7980
ENDCHAR
STARTCHAR yacute
ENCODING 253
SWIDTH 500 0
DWIDTH 12 0
BBX 15 23 -2 -5
BITMAP
001C
0030
0060
00C0
0000
1806
180C
180C
1C18
0C18
0C30
0C30
0C60
0640
06C0
0680
0780
0700
0700
0E00
1C00
F800
F000
ENDCHAR
STARTCHAR thorn
ENCODING 254
SWIDTH 542 0
DWIDTH 13 0
BBX 13 22 -1 -5
BITMAP
0C00
0C00
0C00
1800
19E0
1FF0
1E38
1818
1818
3018
3018
3018
3030
3030
7860
6FE0
6780
6000
6000
6000
C000
C000
ENDCHAR
STARTCHAR ydieresis
ENCODING 255
SWIDTH 500 0
DWIDTH 12 0
BBX 15 22 -2 -5
BITMAP
0330
0330
0000
0000
1806
180C
180C
1C18
0C18
0C30
0C30
0C60
0640
06C0
0680
0780
0700
0700
0E00
1C00
F800
F000
ENDCHAR
STARTCHAR Amacron
ENCODING 256
SWIDTH 667 0
DWIDTH 16 0
BBX 16 20 -1 0
BITMAP
007E
0000
0000
0030
0078
0078
00D8
0088
018C
030C
030C
060C
060C
0FFE
1FFE
1806
3006
3006
6003
C003
ENDCHAR
STARTCHAR amacron
ENCODING 257
SWIDTH 542 0
DWIDTH 13 0
BBX 12 16 1 0
BITMAP
07E0
0000
0000
0F80
1FC0
3860
3060
0060
1FE0
7FE0
E0C0
C0C0
C0C0
E3C0
7EF0
3C60
ENDCHAR
STARTCHAR Abreve
ENCODING 258
SWIDTH 667 0
DWIDTH 16 0
BBX 16 22 -1 0
BITMAP
0041
0062
003E
003C
0000
0030
0078
0078
00D8
0088
018C
030C
030C
060C
060C
0FFE
1FFE
1806
3006
3006
6003
C003
ENDCHAR
STARTCHAR abreve
ENCODING 259
SWIDTH 542 0
DWIDTH 13 0
BBX 12 18 1 0
BITMAP
0410
0620
03E0
03C0
0000
0F80
1FC0
3860
3060
0060
1FE0
7FE0
E0C0
C0C0
C0C0
E3C0
7EF0
3C60
ENDCHAR
STARTCHAR Aogonek
ENCODING 260
SWIDTH 667 0
DWIDTH 16 0
BBX 16 22 -1 -5
BITMAP
0030
0078
0078
00D8
0088
018C
030C
030C
060C
060C
0FFE
1FFE
1806
3006
3006
6003
C003
0006
000C
000C
000C
0007
ENDCHAR
STARTCHAR aogonek
ENCODING 261
SWIDTH 542 0
DWIDTH 13 0
BBX 12 18 1 -5
BITMAP
0F80
1FC0
3860
3060
0060
1FE0
7FE0
E0C0
C0C0
C0C0
E3C0
7EF0
3C60
00C0
0180
0180
0180
00E0
ENDCHAR
STARTCHAR Cacute
ENCODING 262
SWIDTH 708 0
DWIDTH 17 0
BBX 15 22 2 0
BITMAP
001C
0038
0060
00C0
0000
03F0
0FF8
1C1C
380E
7004
6000
6000
C000
C000
C000
C000
C000
C008
601C
7078
3FF0
0FC0
ENDCHAR
STARTCHAR cacute
ENCODING 263
SWIDTH 500 0
DWIDTH 12 0
BBX 11 18 1 0
BITMAP
00E0
0180
0300
0600
0000
0F00
3F80
71C0
60C0
6000
C000
C000
C000
C000
C180
E380
7F00
3E00
ENDCHAR
STARTCHAR Ccircumflex
ENCODING 264
SWIDTH 708 0
DWIDTH 17 0
BBX 15 22 2 0
BITMAP
0070
00D8
0188
030C
0000
03F0
0FF8
1C1C
380E
7004
6000
6000
C000
C000
C000
C000
C000
C008
601C
7078
3FF0
0FC0
ENDCHAR
STARTCHAR ccircumflex
ENCODING 265
SWIDTH 500 0
DWIDTH 12 0
BBX 10 18 1 0
BITMAP
0700
0D80
1880
30C0
0000
0F00
3F80
71C0
60C0
6000
C000
C000
C000
C000
C180
E380
7F00
3E00
ENDCHAR
STARTCHAR Cdotaccent
ENCODING 266
SWIDTH 708 0
DWIDTH 17 0
BBX 15 20 2 0
BITMAP
0060
0060
0000
03F0
0FF8
1C1C
380E
7004
6000
6000
C000
C000
C000
C000
C000
C008
601C
7078
3FF0
0FC0
ENDCHAR
STARTCHAR cdotaccent
ENCODING 267
SWIDTH 500 0
DWIDTH 12 0
BBX 10 17 1 0
BITMAP
0300
0300
0000
0000
0F00
3F80
71C0
60C0
6000
C000
C000
C000
C000
C180
E380
7F00
3E00
ENDCHAR
STARTCHAR Ccaron
ENCODING 268
SWIDTH 708 0
DWIDTH 17 0
BBX 15 22 2 0
BITMAP
030C
0118
01B0
00E0
0000
03F0
0FF8
1C1C
380E
7004
6000
6000
C000
C000
C000
C000
C000
C008
601C
7078
3FF0
0FC0
ENDCHAR
STARTCHAR ccaron
ENCODING 269
SWIDTH 500 0
DWIDTH 12 0
BBX 10 18 1 0
BITMAP
10C0
0980
0F00
0E00
0000
0F00
3F80
71C0
60C0
6000
C000
C000
C000
C000
C180
E380
7F00
3E00
ENDCHAR
STARTCHAR Dcaron
ENCODING 270
SWIDTH 708 0
DWIDTH 17 0
BBX 15 22 1 0
BITMAP
0618
0230
0360
01C0
0000
1FE0
1FF0
1838
300C
300E
3006
3006
3006
7006
6006
6006
600C
601C
6038
C070
FFE0
FF80
ENDCHAR
STARTCHAR dcaron
ENCODING 271
SWIDTH 625 0
DWIDTH 15 0
BBX 16 17 1 0
BITMAP
0037
0037
0032
0066
1F64
3F60
71E0
60E0
60E0
C0C0
C0C0
C0C0
C0C0
C1C0
E380
7F80
3D80
ENDCHAR
STARTCHAR Dcroat
ENCODING 272
SWIDTH 708 0
DWIDTH 17 0
BBX 15 17 1 0
BITMAP
1FE0
1FF8
183C
300C
300E
3006
3006
FF06
FF06
6006
6006
600C
601C
6038
C070
FFE0
FF80
ENDCHAR
STARTCHAR dcroat
ENCODING 273
SWIDTH 542 0
DWIDTH 13 0
BBX 14 17 1 0
BITMAP
0018
01FC
01FC
0030
0030
0F30
3FB0
7070
6060
6060
C060
C060
C0E0
C0E0
E1C0
7FC0
3CC0
ENDCHAR
STARTCHAR Emacron
ENCODING 274
SWIDTH 667 0
DWIDTH 16 0
BBX 15 20 1 0
BITMAP
01F8
0000
0000
1FFE
1FFE
1800
3000
3000
3000
3000
3FF8
7FF8
6000
6000
6000
6000
6000
C000
FFF8
FFF8
ENDCHAR
STARTCHAR emacron
ENCODING 275
SWIDTH 542 0
DWIDTH 13 0
BBX 11 16 1 0
BITMAP
0FC0
0000
0000
0F80
3FC0
30E0
6060
6060
FFE0
FFE0
C000
C000
C080
E1C0
7F80
3E00
ENDCHAR
STARTCHAR Ebreve
ENCODING 276
SWIDTH 667 0
DWIDTH 16 0
BBX 15 22 1 0
BITMAP
0208
0310
01F0
01E0
0000
1FFE
1FFE
1800
3000
3000
3000
3000
3FF8
7FF8
6000
6000
6000
6000
6000
C000
FFF8
FFF8
ENDCHAR
STARTCHAR ebreve
ENCODING 277
SWIDTH 542 0
DWIDTH 13 0
BBX 11 18 1 0
BITMAP
0820
0C40
07C0
0780
0000
0F80
3FC0
30E0
6060
6060
FFE0
FFE0
C000
C000
C080
E1C0
7F80
3E00
ENDCHAR
STARTCHAR Edotaccent
ENCODING 278
SWIDTH 667 0
DWIDTH 16 0
BBX 15 20 1 0
BITMAP
00C0
00C0
0000
1FFE
1FFE
1800
3000
3000
3000
3000
3FF8
7FF8
6000
6000
6000
6000
6000
C000
FFF8
FFF8
ENDCHAR
STARTCHAR edotaccent
ENCODING 279
SWIDTH 542 0
DWIDTH 13 0
BBX 11 17 1 0
BITMAP
0300
0300
0000
0000
0F80
3FC0
30E0
6060
6060
FFE0
FFE0
C000
C000
C080
E1C0
7F80
3E00
ENDCHAR
STARTCHAR Eogonek
ENCODING 280
SWIDTH 667 0
DWIDTH 16 0
BBX 15 22 1 -5
BITMAP
1FFE
1FFE
1800
3000
3000
3000
3000
3FF8
7FF8
6000
6000
6000
6000
6000
C000
FFF8
FFF8
00C0
0180
0180
0180
00E0
ENDCHAR
STARTCHAR eogonek
ENCODING 281
SWIDTH 542 0
DWIDTH 13 0
BBX 11 17 1 -4
BITMAP
0F80
3FC0
30E0
6060
6060
FFE0
FFE0
C000
C000
C080
E1C0
7F80
3E00
0C00
0C00
0C00
0700
ENDCHAR
STARTCHAR Ecaron
ENCODING 282
SWIDTH 667 0
DWIDTH 16 0
BBX 15 22 1 0
BITMAP
030C
0118
01B0
00E0
0000
1FFE
1FFE
1800
3000
3000
3000
3000
3FF8
7FF8
6000
6000
6000
6000
6000
C000
FFF8
FFF8
ENDCHAR
STARTCHAR ecaron
ENCODING 283
SWIDTH 542 0
DWIDTH 13 0
BBX 11 18 1 0
BITMAP
0860
04C0
0780
0700
0000
0F80
3FC0
30E0
6060
6060
FFE0
FFE0
C000
C000
C080
E1C0
7F80
3E00
ENDCHAR
STARTCHAR Gcircumflex
ENCODING 284
SWIDTH 792 0
DWIDTH 19 0
BBX 16 22 2 0
BITMAP
0070
00D8
0188
030C
0000
03F8
0FFC
1E0E
3807
7002
6000
6000
C000
C07F
C07E
C006
C006
E006
600E
783C
3FF8
0FE0
ENDCHAR
STARTCHAR gcircumflex
ENCODING 285
SWIDTH 542 0
DWIDTH 13 0
BBX 12 23 0 -5
BITMAP
0380
06C0
0C40
1860
0000
0F30
1FF0
38F0
3070
3070
6060
6060
6060
60E0
60E0
71E0
3FC0
1EC0
00C0
C1C0
E180
7F00
3E00
ENDCHAR
STARTCHAR Gbreve
ENCODING 286
SWIDTH 792 0
DWIDTH 19 0
BBX 16 22 2 0
BITMAP
0104
0188
00F8
00F0
0000
03F8
0FFC
1E0E
3807
7002
6000
6000
C000
C07F
C07E
C006
C006
E006
600E
783C
3FF8
0FE0
ENDCHAR
STARTCHAR gbreve
ENCODING 287
SWIDTH 542 0
DWIDTH 13 0
BBX 12 23 0 -5
BITMAP
0410
0620
03E0
03C0
0000
0F30
1FF0
38F0
3070
3070
6060
6060
6060
60E0
60E0
71E0
3FC0
1EC0
00C0
C1C0
E180
7F00
3E00
ENDCHAR
STARTCHAR Gdotaccent
ENCODING 288
SWIDTH 792 0
DWIDTH 19 0
BBX 16 20 2 0
BITMAP
0060
0060
0000
03F8
0FFC
1E0E
3807
7002
6000
6000
C000
C07F
C07E
C006
C006
E006
600E
783C
3FF8
0FE0
ENDCHAR
STARTCHAR gdotaccent
ENCODING 289
SWIDTH 542 0
DWIDTH 13 0
BBX 12 22 0 -5
BITMAP
0180
0180
0000
0000
0F30
1FF0
38F0
3070
3070
6060
6060
6060
60E0
60E0
71E0
3FC0
1EC0
00C0
C1C0
E180
7F00
3E00
ENDCHAR
STARTCHAR Gcommaaccent
ENCODING 290
SWIDTH 792 0
DWIDTH 19 0
BBX 16 23 2 -6
BITMAP
03F8
0FFC
1E0E
3807
7002
6000
6000
C000
C07F
C07E
C006
C006
E006
600E
783C
3FF8
0FE0
0000
0380
0380
0100
0300
0200
ENDCHAR
STARTCHAR gcommaaccent
ENCODING 291
SWIDTH 542 0
DWIDTH 13 0
BBX 12 24 0 -5
BITMAP
0080
0180
0100
0380
0380
0000
0F30
1FF0
38F0
3070
3070
6060
6060
6060
60E0
60E0
71E0
3FC0
1EC0
00C0
C1C0
E180
7F00
3E00
ENDCHAR
STARTCHAR Hcircumflex
ENCODING 292
SWIDTH 708 0
DWIDTH 17 0
BBX 16 22 1 0
BITMAP
0070
00D8
0188
030C
0000
1803
1803
1803
3006
3006
3006
3006
3FFE
7FFE
600C
600C
600C
600C
600C
C018
C018
C018
ENDCHAR
STARTCHAR hcircumflex
ENCODING 293
SWIDTH 542 0
DWIDTH 13 0
BBX 13 23 0 0
BITMAP
00E0
01B0
0310
0618
0000
0000
1800
1800
1800
3000
33C0
37E0
3C70
3030
7030
6060
6060
6060
6060
6060
C0C0
C0C0
C0C0
ENDCHAR
STARTCHAR Hbar
ENCODING 294
SWIDTH 708 0
DWIDTH 17 0
BBX 17 17 1 0
BITMAP
180300
180300
180300
7FFF80
7FFF80
300600
300600
3FFE00
3FFE00
600C00
600C00
600C00
600C00
600C00
C01800
C01800
C01800
ENDCHAR
STARTCHAR hbar
ENCODING 295
SWIDTH 542 0
DWIDTH 13 0
BBX 12 17 0 0
BITMAP
1800
7F80
7F80
3000
3000
33C0
3FE0
3860
7070
6060
6060
6060
6060
6060
C0E0
C0C0
C0C0
ENDCHAR
STARTCHAR Itilde
ENCODING 296
SWIDTH 250 0
DWIDTH 6 0
BBX 10 22 1 0
BITMAP
1840
3CC0
6780
4300
0000
1800
1800
1800
3000
3000
3000
3000
3000
7000
6000
6000
6000
6000
6000
C000
C000
C000
ENDCHAR
STARTCHAR itilde
ENCODING 297
SWIDTH 250 0
DWIDTH 6 0
BBX 8 18 1 0
BITMAP
71
7B
DE
8E
00
30
30
30
30
30
60
60
60
60
60
C0
C0
C0
ENDCHAR
STARTCHAR Imacron
ENCODING 298
SWIDTH 250 0
DWIDTH 6 0
BBX 8 20 1 0
BITMAP
3F
00
00
18
18
18
30
30
30
30
30
70
60
60
60
60
60
C0
C0
C0
ENDCHAR
STARTCHAR imacron
ENCODING 299
SWIDTH 250 0
DWIDTH 6 0
BBX 7 16 1 0
BITMAP
7E
00
00
30
30
30
30
30
60
60
60
60
60
C0
C0
C0
ENDCHAR
STARTCHAR Ibreve
ENCODING 300
SWIDTH 250 0
DWIDTH 6 0
BBX 8 22 1 0
BITMAP
41
62
3E
3C
00
18
18
18
30
30
30
30
30
70
60
60
60
60
60
C0
C0
C0
ENDCHAR
STARTCHAR ibreve
ENCODING 301
SWIDTH 250 0
DWIDTH 6 0
BBX 8 18 1 0
BITMAP
41
62
3E
3C
00
30
30
30
30
30
60
60
60
60
60
C0
C0
C0
ENDCHAR
STARTCHAR Iogonek
ENCODING 302
SWIDTH 250 0
DWIDTH 6 0
BBX 7 22 -1 -5
BITMAP
06
06
06
0C
0C
0C
0C
0C
1C
18
18
18
18
18
30
30
30
60
C0
C0
C0
70
ENDCHAR
STARTCHAR iogonek
ENCODING 303
SWIDTH 250 0
DWIDTH 6 0
BBX 5 22 0 -5
BITMAP
18
18
00
00
30
30
30
30
30
60
60
60
60
60
C0
C0
C0
60
C0
C0
C0
70
ENDCHAR
STARTCHAR Idotaccent
ENCODING 304
SWIDTH 250 0
DWIDTH 6 0
BBX 6 20 1 0
BITMAP
0C
0C
00
18
18
18
30
30
30
30
30
70
60
60
60
60
60
C0
C0
C0
ENDCHAR
STARTCHAR dotlessi
ENCODING 305
SWIDTH 250 0
DWIDTH 6 0
BBX 4 13 1 0
BITMAP
30
30
30
30
30
60
60
60
60
60
C0
C0
C0
ENDCHAR
STARTCHAR IJ
ENCODING 306
SWIDTH 750 0
DWIDTH 18 0
BBX 17 17 1 0
BITMAP
181F80
181F80
180180
300300
300300
300300
300300
300300
700600
600600
600600
600600
660600
660C00
C31C00
C3F800
C1F000
ENDCHAR
STARTCHAR ij
ENCODING 307
SWIDTH 458 0
DWIDTH 11 0
BBX 10 22 0 -5
BITMAP
18C0
18C0
0000
0000
3180
3180
3180
3180
3380
6300
6300
6300
6300
6300
C600
C600
C600
0600
0600
0E00
3C00
3800
ENDCHAR
STARTCHAR Jcircumflex
ENCODING 308
SWIDTH 500 0
DWIDTH 12 0
BBX 14 22 0 0
BITMAP
0070
00D8
0188
030C
0000
03F0
03F0
0030
0060
0060
0060
0060
0060
00C0
00C0
00C0
00C0
C0C0
C180
6380
7F00
3E00
ENDCHAR
STARTCHAR jcircumflex
ENCODING 309
SWIDTH 208 0
DWIDTH 5 0
BBX 11 23 -3 -5
BITMAP
0380
06C0
0C40
1860
0000
0600
0600
0600
0600
0600
0C00
0C00
0C00
0C00
0C00
1800
1800
1800
1800
1800
3800
F000
E000
ENDCHAR
STARTCHAR Kcommaaccent
ENCODING 310
SWIDTH 667 0
DWIDTH 16 0
BBX 16 23 1 -6
BITMAP
1807
180C
1818
3030
30E0
31C0
3380
3600
7F00
7980
6180
60C0
6060
6070
C030
C018
C00C
0000
0700
0700
0200
0600
0400
ENDCHAR
STARTCHAR kcommaaccent
ENCODING 311
SWIDTH 500 0
DWIDTH 12 0
BBX 13 23 0 -6
BITMAP
1800
1800
1800
3000
3038
3060
30C0
3380
7700
6E00
7E00
7300
6300
6180
C0C0
C0C0
C060
0000
0E00
0E00
0400
0C00
0800
ENDCHAR
STARTCHAR kgreenlandic
ENCODING 312
SWIDTH 500 0
DWIDTH 12 0
BBX 13 13 0 0
BITMAP
3038
3060
30C0
3380
3700
6E00
7E00
7300
6300
6180
C0C0
C0C0
C060
ENDCHAR
STARTCHAR Lacute
ENCODING 313
SWIDTH 542 0
DWIDTH 13 0
BBX 10 22 1 0
BITMAP
01C0
0380
0600
0C00
0000
1800
1800
1800
3000
3000
3000
3000
3000
7000
6000
6000
6000
6000
6000
C000
FFC0
FFC0
ENDCHAR
STARTCHAR lacute
ENCODING 314
SWIDTH 250 0
DWIDTH 6 0
BBX 9 23 0 0
BITMAP
0380
0700
0C00
1800
0000
0000
1800
1800
1800
3000
3000
3000
3000
3000
7000
6000
6000
6000
6000
6000
C000
C000
C000
ENDCHAR
STARTCHAR Lcommaaccent
ENCODING 315
SWIDTH 542 0
DWIDTH 13 0
BBX 10 23 1 -6
BITMAP
1800
1800
1800
3000
3000
3000
3000
3000
7000
6000
6000
6000
6000
6000
C000
FFC0
FFC0
0000
0E00
0E00
0400
0C00
0800
ENDCHAR
STARTCHAR lcommaaccent
ENCODING 316
SWIDTH 250 0
DWIDTH 6 0
BBX 6 23 -1 -6
BITMAP
0C
0C
0C
18
18
18
18
18
38
30
30
30
30
30
60
60
60
00
70
70
20
60
40
ENDCHAR
STARTCHAR Lcaron
ENCODING 317
SWIDTH 542 0
DWIDTH 13 0
BBX 12 17 1 0
BITMAP
1870
1870
1820
3060
3040
3000
3000
3000
7000
6000
6000
6000
6000
6000
C000
FFC0
FFC0
ENDCHAR
STARTCHAR lcaron
ENCODING 318
SWIDTH 292 0
DWIDTH 7 0
BBX 9 17 0 0
BITMAP
1B80
1B80
1900
3300
3200
3000
3000
3000
7000
6000
6000
6000
6000
6000
C000
C000
C000
ENDCHAR
STARTCHAR Ldot
ENCODING 319
SWIDTH 542 0
DWIDTH 13 0
BBX 10 17 1 0
BITMAP
1800
1800
1800
3000
3000
3000
3000
3180
7180
6000
6000
6000
6000
6000
C000
FFC0
FFC0
ENDCHAR
STARTCHAR ldot
ENCODING 320
SWIDTH 417 0
DWIDTH 10 0
BBX 8 17 0 0
BITMAP
18
18
18
30
30
30
30
33
73
60
60
60
60
60
C0
C0
C0
ENDCHAR
STARTCHAR Lslash
ENCODING 321
SWIDTH 542 0
DWIDTH 13 0
BBX 11 17 0 0
BITMAP
0C00
0C00
0C00
1800
1800
1900
1B00
1E00
3C00
7000
F000
B000
3000
3000
6000
7FE0
7FE0
ENDCHAR
STARTCHAR lslash
ENCODING 322
SWIDTH 208 0
DWIDTH 5 0
BBX 7 17 -1 0
BITMAP
0C
0C
0C
18
18
18
18
1E
3E
38
F0
F0
30
30
60
60
60
ENDCHAR
STARTCHAR Nacute
ENCODING 323
SWIDTH 708 0
DWIDTH 17 0
BBX 16 22 1 0
BITMAP
001C
0038
0060
00C0
0000
1C03
1C03
1603
3606
3606
3306
3306
3186
718E
618C
60CC
60CC
606C
606C
C068
C038
C038
ENDCHAR
STARTCHAR nacute
ENCODING 324
SWIDTH 542 0
DWIDTH 13 0
BBX 12 18 0 0
BITMAP
0070
00C0
0180
0300
0000
33C0
37E0
3C70
3030
3030
6060
6060
6060
6060
6060
C0C0
C0C0
C0C0
ENDCHAR
STARTCHAR Ncommaaccent
ENCODING 325
SWIDTH 708 0
DWIDTH 17 0
BBX 16 23 1 -6
BITMAP
1C03
1C03
1603
3606
3606
3306
3306
3186
718E
618C
60CC
60CC
606C
606C
C068
C038
C038
0000
0700
0700
0200
0600
0400
ENDCHAR
STARTCHAR ncommaaccent
ENCODING 326
SWIDTH 542 0
DWIDTH 13 0
BBX 12 19 0 -6
BITMAP
33C0
37E0
3C70
3030
3030
6060
6060
6060
6060
6060
C0C0
C0C0
C0C0
0000
0E00
0E00
0400
0C00
0800
ENDCHAR
STARTCHAR Ncaron
ENCODING 327
SWIDTH 708 0
DWIDTH 17 0
BBX 16 22 1 0
BITMAP
0186
008C
00D8
0070
0000
1C03
1C03
1603
3606
3606
3306
3306
3186
718E
618C
60CC
60CC
606C
606C
C068
C038
C038
ENDCHAR
STARTCHAR ncaron
ENCODING 328
SWIDTH 542 0
DWIDTH 13 0
BBX 12 18 0 0
BITMAP
0430
0260
03C0
0380
0000
33C0
37E0
3C70
3030
3030
6060
6060
6060
6060
6060
C0C0
C0C0
C0C0
ENDCHAR
STARTCHAR napostrophe
ENCODING 329
SWIDTH 625 0
DWIDTH 15 0
BBX 13 17 0 0
BITMAP
7000
7000
7000
2000
79E0
5BF0
1E38
1818
1818
3030
3030
3030
3030
3030
6060
6060
6060
ENDCHAR
STARTCHAR Eng
ENCODING 330
SWIDTH 708 0
DWIDTH 17 0
BBX 15 17 1 0
BITMAP
18F8
1BFC
3E0E
3C06
3806
3006
3006
3006
7006
600C
600C
600C
600C
601C
C218
C7F0
C3E0
ENDCHAR
STARTCHAR eng
ENCODING 331
SWIDTH 542 0
DWIDTH 13 0
BBX 12 18 0 -5
BITMAP
33C0
37E0
3C70
3030
3030
6060
6060
6060
6060
6060
C0E0
C0C0
C0C0
00C0
00C0
01C0
0780
0700
ENDCHAR
STARTCHAR Omacron
ENCODING 332
SWIDTH 792 0
DWIDTH 19 0
BBX 16 20 2 0
BITMAP
01F8
0000
0000
03F0
0FFC
1C0E
3806
7003
6003
6003
C003
C003
C003
C006
C006
C00E
601C
7038
3FF0
0FC0
ENDCHAR
STARTCHAR omacron
ENCODING 333
SWIDTH 542 0
DWIDTH 13 0
BBX 11 16 1 0
BITMAP
0FC0
0000
0000
0F80
3FC0
70E0
6060
6060
C060
C060
C060
C0C0
C0C0
6180
7F80
3E00
ENDCHAR
STARTCHAR Obreve
ENCODING 334
SWIDTH 792 0
DWIDTH 19 0
BBX 16 22 2 0
BITMAP
0104
0188
00F8
00F0
0000
03F0
0FFC
1C0E
3806
7003
6003
6003
C003
C003
C003
C006
C006
C00E
601C
7038
3FF0
0FC0
ENDCHAR
STARTCHAR obreve
ENCODING 335
SWIDTH 542 0
DWIDTH 13 0
BBX 11 18 1 0
BITMAP
0820
0C40
07C0
0780
0000
0F80
3FC0
70E0
6060
6060
C060
C060
C060
C0C0
C0C0
6180
7F80
3E00
ENDCHAR
STARTCHAR Ohungarumlaut
ENCODING 336
SWIDTH 792 0
DWIDTH 19 0
BBX 16 22 2 0
BITMAP
00E7
01CE
0318
0630
0000
03F0
0FFC
1C0E
3806
7003
6003
6003
C003
C003
C003
C006
C006
C00E
601C
7038
3FF0
0FC0
ENDCHAR
STARTCHAR ohungarumlaut
ENCODING 337
SWIDTH 542 0
DWIDTH 13 0
BBX 13 18 1 0
BITMAP
03B8
0660
0CC0
1980
0000
0F80
3FC0
70E0
6060
6060
C060
C060
C060
C0C0
C0C0
6180
7F80
3E00
ENDCHAR
STARTCHAR OE
ENCODING 338
SWIDTH 1000 0
DWIDTH 24 0
BBX 22 17 2 0
BITMAP
03FFFC
0FFFFC
1C0C00
301800
701800
601800
601800
C01FF0
C01FF0
C03000
C03000
C03000
C03000
603000
706000
3FFFF0
0FFFF0
ENDCHAR
STARTCHAR oe
ENCODING 339
SWIDTH 958 0
DWIDTH 23 0
BBX 21 13 1 0
BITMAP
0F87E0
3FEFF0
387C38
603818
603018
C03FF8
C03FF8
C03000
C07000
C07020
60F870
7F9FE0
1F0F80
ENDCHAR
STARTCHAR Racute
ENCODING 340
SWIDTH 708 0
DWIDTH 17 0
BBX 15 22 1 0
BITMAP
0038
0070
00C0
0180
0000
1FF0
1FFC
180E
3006
3006
3006
3006
301C
7FFC
7FF0
6060
6030
6030
6018
C018
C018
C00C
ENDCHAR
STARTCHAR racute
ENCODING 341
SWIDTH 333 0
DWIDTH 8 0
BBX 10 18 0 0
BITMAP
01C0
0300
0600
0C00
0000
3380
3780
3C00
3800
3000
6000
6000
6000
6000
6000
C000
C000
C000
ENDCHAR
STARTCHAR Rcommaaccent
ENCODING 342
SWIDTH 708 0
DWIDTH 17 0
BBX 15 23 1 -6
BITMAP
1FF0
1FFC
180E
3006
3006
3006
3006
301C
7FFC
7FF0
6060
6030
6030
6018
C018
C018
C00C
0000
0700
0700
0200
0600
0400
ENDCHAR
STARTCHAR rcommaaccent
ENCODING 343
SWIDTH 333 0
DWIDTH 8 0
BBX 10 19 -1 -6
BITMAP
19C0
1BC0
1E00
1C00
1800
3000
3000
3000
3000
3000
6000
6000
6000
0000
7000
7000
2000
6000
4000
ENDCHAR
STARTCHAR Rcaron
ENCODING 344
SWIDTH 708 0
DWIDTH 17 0
BBX 15 22 1 0
BITMAP
030C
0118
01B0
00E0
0000
1FF0
1FFC
180E
3006
3006
3006
3006
301C
7FFC
7FF0
6060
6030
6030
6018
C018
C018
C00C
ENDCHAR
STARTCHAR rcaron
ENCODING 345
SWIDTH 333 0
DWIDTH 8 0
BBX 10 18 0 0
BITMAP
10C0
0980
0F00
0E00
0000
3380
3780
3C00
3800
3000
6000
6000
6000
6000
6000
C000
C000
C000
ENDCHAR
STARTCHAR Sacute
ENCODING 346
SWIDTH 667 0
DWIDTH 16 0
BBX 14 22 1 0
BITMAP
0038
0060
00C0
0180
0000
07E0
1FF8
181C
300C
3000
3000
3C00
1F80
07E0
00F0
0038
0018
C018
E018
7070
7FF0
1FC0
ENDCHAR
STARTCHAR sacute
ENCODING 347
SWIDTH 500 0
DWIDTH 12 0
BBX 11 18 0 0
BITMAP
00E0
0180
0300
0600
0000
0F80
1FE0
3060
3000
3800
1E00
0F80
01C0
00C0
40C0
E1C0
7F80
3F00
ENDCHAR
STARTCHAR Scircumflex
ENCODING 348
SWIDTH 667 0
DWIDTH 16 0
BBX 14 22 1 0
BITMAP
00E0
01B0
0310
0618
0000
07E0
1FF8
181C
300C
3000
3000
3C00
1F80
07E0
00F0
0038
0018
C018
E018
7070
7FF0
1FC0
ENDCHAR
STARTCHAR scircumflex
ENCODING 349
SWIDTH 500 0
DWIDTH 12 0
BBX 11 18 0 0
BITMAP
0380
06C0
0C40
1860
0000
0F80
1FE0
3060
3000
3800
1E00
0F80
01C0
00C0
40C0
E1C0
7F80
3F00
ENDCHAR
STARTCHAR Scedilla
ENCODING 350
SWIDTH 667 0
DWIDTH 16 0
BBX 14 22 1 -5
BITMAP
07E0
1FF8
181C
300C
3000
3000
3C00
1F80
07E0
00F0
0038
0018
C018
E018
7070
7FF0
1FC0
0400
0700
0300
0300
1E00
ENDCHAR
STARTCHAR scedilla
ENCODING 351
SWIDTH 500 0
DWIDTH 12 0
BBX 11 18 0 -5
BITMAP
0F80
1FE0
3060
3000
3800
1E00
0F80
01C0
00C0
40C0
E1C0
7F80
3F00
0800
0E00
0600
0600
3C00
ENDCHAR
STARTCHAR Scaron
ENCODING 352
SWIDTH 667 0
DWIDTH 16 0
BBX 14 22 1 0
BITMAP
0618
0230
0360
01C0
0000
07E0
1FF8
181C
300C
3000
3000
3C00
1F80
07E0
00F0
0038
0018
C018
E018
7070
7FF0
1FC0
ENDCHAR
STARTCHAR scaron
ENCODING 353
SWIDTH 500 0
DWIDTH 12 0
BBX 11 18 0 0
BITMAP
0860
04C0
0780
0700
0000
0F80
1FE0
3060
3000
3800
1E00
0F80
01C0
00C0
40C0
E1C0
7F80
3F00
ENDCHAR
STARTCHAR Tcommaaccent
ENCODING 354
SWIDTH 625 0
DWIDTH 15 0
BBX 14 22 3 -5
BITMAP
FFFC
FFFC
0300
0600
0600
0600
0600
0600
0600
0C00
0C00
0C00
0C00
0C00
1800
1800
1800
1000
1C00
0C00
0400
7800
ENDCHAR
STARTCHAR tcommaaccent
ENCODING 355
SWIDTH 292 0
DWIDTH 7 0
BBX 7 21 0 -5
BITMAP
18
18
30
FE
FE
30
30
70
60
60
60
60
60
E0
78
78
20
38
18
18
F0
ENDCHAR
STARTCHAR Tcaron
ENCODING 356
SWIDTH 625 0
DWIDTH 15 0
BBX 14 22 2 0
BITMAP
0C30
0460
06C0
0380
0000
FFFC
FFFC
0300
0600
0600
0600
0600
0600
0600
0C00
0C00
0C00
0C00
0C00
1800
1800
1800
ENDCHAR
STARTCHAR tcaron
ENCODING 357
SWIDTH 375 0
DWIDTH 9 0
BBX 11 17 1 0
BITMAP
00E0
18E0
1840
30C0
FF80
FE00
3000
3000
7000
6000
6000
6000
6000
6000
E000
7800
7800
ENDCHAR
STARTCHAR Tbar
ENCODING 358
SWIDTH 625 0
DWIDTH 15 0
BBX 14 17 2 0
BITMAP
FFFC
FFFC
0300
0600
0600
0600
0600
7FC0
7FC0
0C00
0C00
0C00
0C00
0C00
1800
1800
1800
ENDCHAR
STARTCHAR tbar
ENCODING 359
SWIDTH 292 0
DWIDTH 7 0
BBX 8 16 0 0
BITMAP
0C
0C
18
7F
7F
18
18
38
FE
FE
30
30
30
70
3C
3C
ENDCHAR
STARTCHAR Utilde
ENCODING 360
SWIDTH 708 0
DWIDTH 17 0
BBX 15 22 2 0
BITMAP
0184
03CC
0678
0430
0000
3006
3006
3006
600C
600C
600C
600C
600C
E01C
C018
C018
C018
C038
E030
70F0
3FE0
1F80
ENDCHAR
STARTCHAR utilde
ENCODING 361
SWIDTH 542 0
DWIDTH 13 0
BBX 11 18 1 0
BITMAP
0E20
0F60
1BC0
11C0
0000
6060
6060
6060
6060
E060
C0C0
C0C0
C0C0
C0C0
C1C0
C380
FF80
7980
ENDCHAR
STARTCHAR Umacron
ENCODING 362
SWIDTH 708 0
DWIDTH 17 0
BBX 15 20 2 0
BITMAP
03F0
0000
0000
3006
3006
3006
600C
600C
600C
600C
600C
E01C
C018
C018
C018
C038
E030
70F0
3FE0
1F80
ENDCHAR
STARTCHAR umacron
ENCODING 363
SWIDTH 542 0
DWIDTH 13 0
BBX 11 16 1 0
BITMAP
0FC0
0000
0000
6060
6060
6060
6060
E060
C0C0
C0C0
C0C0
C0C0
C1C0
C380
FF80
7980
ENDCHAR
STARTCHAR Ubreve
ENCODING 364
SWIDTH 708 0
DWIDTH 17 0
BBX 15 22 2 0
BITMAP
0208
0310
01F0
01E0
0000
3006
3006
3006
600C
600C
600C
600C
600C
E01C
C018
C018
C018
C038
E030
70F0
3FE0
1F80
ENDCHAR
STARTCHAR ubreve
ENCODING 365
SWIDTH 542 0
DWIDTH 13 0
BBX 11 18 1 0
BITMAP
0820
0C40
07C0
0780
0000
6060
6060
6060
6060
E060
C0C0
C0C0
C0C0
C0C0
C1C0
C380
FF80
7980
ENDCHAR
STARTCHAR Uring
ENCODING 366
SWIDTH 708 0
DWIDTH 17 0
BBX 15 24 2 0
BITMAP
01E0
0330
0210
0210
0330
01E0
0000
3006
3006
3006
600C
600C
600C
600C
600C
E01C
C018
C018
C018
C038
E030
70F0
3FE0
1F80
ENDCHAR
STARTCHAR uring
ENCODING 367
SWIDTH 542 0
DWIDTH 13 0
BBX 11 20 1 0
BITMAP
0780
0CC0
0840
0840
0CC0
0780
0000
6060
6060
6060
6060
E060
C0C0
C0C0
C0C0
C0C0
C1C0
C380
FF80
7980
ENDCHAR
STARTCHAR Uhungarumlaut
ENCODING 368
SWIDTH 708 0
DWIDTH 17 0
BBX 15 22 2 0
BITMAP
01CE
039C
0630
0C60
0000
3006
3006
3006
600C
600C
600C
600C
600C
E01C
C018
C018
C018
C038
E030
70F0
3FE0
1F80
ENDCHAR
STARTCHAR uhungarumlaut
ENCODING 369
SWIDTH 542 0
DWIDTH 13 0
BBX 13 18 1 0
BITMAP
03B8
0660
0CC0
1980
0000
6060
6060
6060
6060
E060
C0C0
C0C0
C0C0
C0C0
C1C0
C380
FF80
7980
ENDCHAR
STARTCHAR Uogonek
ENCODING 370
SWIDTH 708 0
DWIDTH 17 0
BBX 15 22 2 -5
BITMAP
3006
3006
3006
600C
600C
600C
600C
600C
E01C
C018
C018
C018
C038
E030
70F0
3FE0
1F80
0600
0C00
0C00
0C00
0700
ENDCHAR
STARTCHAR uogonek
ENCODING 371
SWIDTH 542 0
DWIDTH 13 0
BBX 11 18 1 -5
BITMAP
6060
6060
6060
6060
E060
C0C0
C0C0
C0C0
C0C0
C1C0
C380
FF80
7980
0300
0600
0600
0600
0380
ENDCHAR
STARTCHAR Wcircumflex
ENCODING 372
SWIDTH 1000 0
DWIDTH 24 0
BBX 24 22 2 0
BITMAP
001C00
003600
006200
00C300
000000
C01803
C03806
C02806
C0680C
60680C
60CC18
60CC18
618C30
618C30
630C60
630C40
660CC0
260C80
2C0580
280500
380700
300600
ENDCHAR
STARTCHAR wcircumflex
ENCODING 373
SWIDTH 667 0
DWIDTH 16 0
BBX 15 18 1 0
BITMAP
01C0
0360
0620
0C30
0000
C386
C786
C78C
C58C
CD88
CD98
C998
D9B0
D9B0
51A0
71E0
71E0
61C0
ENDCHAR
STARTCHAR Ycircumflex
ENCODING 374
SWIDTH 667 0
DWIDTH 16 0
BBX 14 22 3 0
BITMAP
0380
06C0
0C40
1860
0000
C00C
E018
6030
6060
3040
30C0
1980
1B00
0E00
0C00
0C00
0C00
0C00
0C00
1800
1800
1800
ENDCHAR
STARTCHAR ycircumflex
ENCODING 375
SWIDTH 500 0
DWIDTH 12 0
BBX 15 23 -2 -5
BITMAP
00E0
01B0
0310
0618
0000
1806
180C
180C
1C18
0C18
0C30
0C30
0C60
0640
06C0
0680
0780
0700
0700
0E00
1C00
F800
F000
ENDCHAR
STARTCHAR Ydieresis
ENCODING 376
SWIDTH 667 0
DWIDTH 16 0
BBX 14 20 3 0
BITMAP
0CC0
0CC0
0000
C00C
E018
6030
6060
3040
30C0
1980
1B00
0E00
0C00
0C00
0C00
0C00
0C00
1800
1800
1800
ENDCHAR
STARTCHAR Zacute
ENCODING 377
SWIDTH 625 0
DWIDTH 15 0
BBX 16 22 0 0
BITMAP
000E
001C
0030
0060
0000
0FFF
0FFF
0006
000C
0018
0030
0060
00C0
0180
0300
0600
0C00
1800
3000
6000
FFFC
FFFC
ENDCHAR
STARTCHAR zacute
ENCODING 378
SWIDTH 458 0
DWIDTH 11 0
BBX 12 18 0 0
BITMAP
0070
00C0
0180
0300
0000
3FE0
3FE0
00C0
0180
0380
0700
0E00
1C00
3800
7000
6000
FFC0
FFC0
ENDCHAR
STARTCHAR Zdotaccent
ENCODING 379
SWIDTH 625 0
DWIDTH 15 0
BBX 16 20 0 0
BITMAP
0060
0060
0000
0FFF
0FFF
0006
000C
0018
0030
0060
00C0
0180
0300
0600
0C00
1800
3000
6000
FFFC
FFFC
ENDCHAR
STARTCHAR zdotaccent
ENCODING 380
SWIDTH 458 0
DWIDTH 11 0
BBX 11 17 0 0
BITMAP
0180
0180
0000
0000
3FE0
3FE0
00C0
0180
0380
0700
0E00
1C00
3800
7000
6000
FFC0
FFC0
ENDCHAR
STARTCHAR Zcaron
ENCODING 381
SWIDTH 625 0
DWIDTH 15 0
BBX 16 22 0 0
BITMAP
0186
008C
00D8
0070
0000
0FFF
0FFF
0006
000C
0018
0030
0060
00C0
0180
0300
0600
0C00
1800
3000
6000
FFFC
FFFC
ENDCHAR
STARTCHAR zcaron
ENCODING 382
SWIDTH 458 0
DWIDTH 11 0
BBX 12 18 0 0
BITMAP
0430
0260
03C0
0380
0000
3FE0
3FE0
00C0
0180
0380
0700
0E00
1C00
3800
7000
6000
FFC0
FFC0
ENDCHAR
STARTCHAR longs
ENCODING 383
SWIDTH 208 0
DWIDTH 5 0
BBX 7 17 0 0
BITMAP
0E
1E
18
30
30
30
30
30
70
60
60
60
60
60
C0
C0
C0
ENDCHAR
STARTCHAR florin
ENCODING 402
SWIDTH 542 0
DWIDTH 13 0
BBX 9 22 3 -5
BITMAP
0780
0F80
0C00
1800
1800
7F00
7F00
1800
3800
3000
3000
3000
3000
3000
6000
6000
6000
6000
6000
6000
C000
C000
ENDCHAR
STARTCHAR Aringacute
ENCODING 506
SWIDTH 667 0
DWIDTH 16 0
BBX 17 26 -1 0
BITMAP
000380
000700
000C00
001800
003C00
006600
004200
004200
006600
003C00
007800
007800
00D800
008800
018C00
030C00
030C00
060C00
060C00
0FFE00
1FFE00
180600
300600
300600
600300
C00300
ENDCHAR
STARTCHAR aringacute
ENCODING 507
SWIDTH 542 0
DWIDTH 13 0
BBX 13 24 1 0
BITMAP
0038
0070
00C0
0180
03C0
0660
0420
0420
0660
03C0
0000
0F80
1FC0
3860
3060
0060
1FE0
7FE0
E0C0
C0C0
C0C0
E3C0
7EF0
3C60
ENDCHAR
STARTCHAR AEacute
ENCODING 508
SWIDTH 1000 0
DWIDTH 24 0
BBX 25 22 -1 0
BITMAP
00001C00
00003800
00006000
0000C000
00000000
000FFF80
001FFF80
00318000
00330000
00630000
00C30000
00C30000
0183FE00
0303FE00
07060000
07FE0000
0FFE0000
18060000
18060000
300C0000
600FFE00
-1FF00200
ENDCHAR
STARTCHAR aeacute
ENCODING 509
SWIDTH 875 0
DWIDTH 21 0
BBX 19 18 1 0
BITMAP
000700
000C00
001800
003000
000000
0F8F80
1FDFC0
3878E0
307060
006060
1FFFE0
7FFFE0
E0C000
C0C000
C1C080
C361C0
7E7F80
7C3E00
ENDCHAR
STARTCHAR Oslashacute
ENCODING 510
SWIDTH 792 0
DWIDTH 19 0
BBX 20 22 0 0
BITMAP
000700
000E00
001800
003000
000000
00FC60
03FFC0
070380
0E0380
1C06C0
180CC0
1818C0
3030C0
3060C0
30C0C0
318180
330180
360380
1C0700
1C0E00
3FFC00
63F000
ENDCHAR
STARTCHAR oslashacute
ENCODING 511
SWIDTH 625 0
DWIDTH 15 0
BBX 15 18 0 0
BITMAP
0038
0060
00C0
0180
0000
07EC
0FF8
1C18
383C
306C
61CC
638C
670C
6C18
7838
3070
3FE0
6FC0
ENDCHAR
STARTCHAR Scommaaccent
ENCODING 536
SWIDTH 667 0
DWIDTH 16 0
BBX 14 23 1 -6
BITMAP
07E0
1FF8
181C
300C
3000
3000
3C00
1F80
07E0
00F0
0038
0018
C018
E018
7070
7FF0
1FC0
0000
0E00
0E00
0400
0C00
0800
ENDCHAR
STARTCHAR scommaaccent
ENCODING 537
SWIDTH 500 0
DWIDTH 12 0
BBX 11 19 0 -6
BITMAP
0F80
1FE0
3060
3000
3800
1E00
0F80
01C0
00C0
40C0
E1C0
7F80
3F00
0000
1C00
1C00
0800
1800
1000
ENDCHAR
STARTCHAR uni021A
ENCODING 538
SWIDTH 625 0
DWIDTH 15 0
BBX 14 23 2 -6
BITMAP
FFFC
FFFC
0300
0600
0600
0600
0600
0600
0600
0C00
0C00
0C00
0C00
0C00
1800
1800
1800
0000
1C00
1C00
0800
1800
1000
ENDCHAR
STARTCHAR uni021B
ENCODING 539
SWIDTH 292 0
DWIDTH 7 0
BBX 7 22 1 -6
BITMAP
18
18
30
FE
FE
30
30
70
60
60
60
60
60
E0
78
78
00
70
70
20
60
40
ENDCHAR
STARTCHAR circumflex
ENCODING 710
SWIDTH 333 0
DWIDTH 8 0
BBX 8 4 1 14
BITMAP
1C
36
62
C3
ENDCHAR
STARTCHAR caron
ENCODING 711
SWIDTH 333 0
DWIDTH 8 0
BBX 7 4 2 14
BITMAP
86
4C
78
70
ENDCHAR
STARTCHAR uni02C9
ENCODING 713
SWIDTH 333 0
DWIDTH 8 0
BBX 6 1 2 15
BITMAP
FC
ENDCHAR
STARTCHAR breve
ENCODING 728
SWIDTH 333 0
DWIDTH 8 0
BBX 7 4 2 14
BITMAP
82
C4
7C
78
ENDCHAR
STARTCHAR dotaccent
ENCODING 729
SWIDTH 292 0
DWIDTH 7 0
BBX 2 2 4 15
BITMAP
C0
C0
ENDCHAR
STARTCHAR ring
ENCODING 730
SWIDTH 333 0
DWIDTH 8 0
BBX 6 6 2 14
BITMAP
78
CC
84
84
CC
78
ENDCHAR
STARTCHAR ogonek
ENCODING 731
SWIDTH 333 0
DWIDTH 8 0
BBX 4 5 1 -5
BITMAP
60
C0
C0
C0
70
ENDCHAR
STARTCHAR tilde
ENCODING 732
SWIDTH 292 0
DWIDTH 7 0
BBX 8 4 1 14
BITMAP
71
7B
DE
8E
ENDCHAR
STARTCHAR hungarumlaut
ENCODING 733
SWIDTH 250 0
DWIDTH 6 0
BBX 10 4 0 14
BITMAP
1DC0
3300
6600
CC00
ENDCHAR
STARTCHAR semicolon
ENCODING 894
SWIDTH 292 0
DWIDTH 7 0
BBX 6 16 0 -3
BITMAP
1C
1C
1C
00
00
00
00
00
00
00
70
70
70
20
60
40
ENDCHAR
STARTCHAR tonos
ENCODING 900
SWIDTH 333 0
DWIDTH 8 0
BBX 4 4 3 14
BITMAP
70
60
40
80
ENDCHAR
STARTCHAR dieresistonos
ENCODING 901
SWIDTH 333 0
DWIDTH 8 0
BBX 7 5 0 14
BITMAP
0C
18
18
F6
E6
ENDCHAR
STARTCHAR Alphatonos
ENCODING 902
SWIDTH 667 0
DWIDTH 16 0
BBX 16 17 -1 0
BITMAP
0E30
0C78
0878
10D8
0088
018C
030C
030C
060C
060C
0FFE
1FFE
1806
3006
3006
6003
C003
ENDCHAR
STARTCHAR anoteleia
ENCODING 903
SWIDTH 292 0
DWIDTH 7 0
BBX 3 3 2 6
BITMAP
E0
E0
E0
ENDCHAR
STARTCHAR Epsilontonos
ENCODING 904
SWIDTH 792 0
DWIDTH 19 0
BBX 18 17 1 0
BITMAP
73FFC0
63FFC0
430000
860000
060000
060000
060000
07FF00
0FFF00
0C0000
0C0000
0C0000
0C0000
0C0000
180000
1FFF00
1FFF00
ENDCHAR
STARTCHAR Etatonos
ENCODING 905
SWIDTH 833 0
DWIDTH 20 0
BBX 19 17 1 0
BITMAP
730060
630060
430060
8600C0
0600C0
0600C0
0600C0
07FFC0
0FFFC0
0C0180
0C0180
0C0180
0C0180
0C0180
180300
180300
180300
ENDCHAR
STARTCHAR Iotatonos
ENCODING 906
SWIDTH 375 0
DWIDTH 9 0
BBX 8 17 1 0
BITMAP
73
63
43
86
06
06
06
06
0E
0C
0C
0C
0C
0C
18
18
18
ENDCHAR
STARTCHAR Omicrontonos
ENCODING 908
SWIDTH 792 0
DWIDTH 19 0
BBX 18 17 0 0
BITMAP
70FC00
63FF00
470380
8E0180
1C00C0
1800C0
1800C0
3000C0
3000C0
3000C0
300180
300180
300380
180700
1C0E00
0FFC00
03F000
ENDCHAR
STARTCHAR Upsilontonos
ENCODING 910
SWIDTH 875 0
DWIDTH 21 0
BBX 19 17 3 0
BITMAP
760060
6700C0
430180
830300
018200
018600
00CC00
00D800
007000
006000
006000
006000
006000
006000
00C000
00C000
00C000
ENDCHAR
STARTCHAR Omegatonos
ENCODING 911
SWIDTH 792 0
DWIDTH 19 0
BBX 17 17 0 0
BITMAP
71F800
67FE00
4F0700
9C0300
180180
380180
300180
300180
300180
300180
300300
180700
180E00
0E1C00
067000
7E7F00
7E7F00
ENDCHAR
STARTCHAR iotadieresistonos
ENCODING 912
SWIDTH 250 0
DWIDTH 6 0
BBX 7 19 1 0
BITMAP
0C
18
18
F6
E6
00
30
30
30
30
70
60
60
60
60
60
C0
C0
E0
ENDCHAR
STARTCHAR Alpha
ENCODING 913
SWIDTH 667 0
DWIDTH 16 0
BBX 16 17 -1 0
BITMAP
0030
0078
0078
00D8
0088
018C
030C
030C
060C
060C
0FFE
1FFE
1806
3006
3006
6003
C003
ENDCHAR
STARTCHAR Beta
ENCODING 914
SWIDTH 667 0
DWIDTH 16 0
BBX 14 17 1 0
BITMAP
1FF0
1FF8
181C
300C
300C
300C
3018
3FF0
7FF0
6018
600C
600C
600C
601C
C038
FFF0
FFC0
ENDCHAR
STARTCHAR Gamma
ENCODING 915
SWIDTH 583 0
DWIDTH 14 0
BBX 14 17 1 0
BITMAP
1FFC
1FFC
1800
3000
3000
3000
3000
3000
7000
6000
6000
6000
6000
6000
C000
C000
C000
ENDCHAR
STARTCHAR Delta
ENCODING 916
SWIDTH 667 0
DWIDTH 16 0
BBX 15 17 0 0
BITMAP
0070
0070
00D0
00D8
0198
0318
0318
0618
0C0C
0C0C
180C
380C
300E
6006
E006
FFFE
FFFE
ENDCHAR
STARTCHAR Epsilon
ENCODING 917
SWIDTH 667 0
DWIDTH 16 0
BBX 15 17 1 0
BITMAP
1FFE
1FFE
1800
3000
3000
3000
3000
3FF8
7FF8
6000
6000
6000
6000
6000
C000
FFF8
FFF8
ENDCHAR
STARTCHAR Zeta
ENCODING 918
SWIDTH 625 0
DWIDTH 15 0
BBX 16 17 0 0
BITMAP
0FFF
0FFF
0006
000C
0018
0030
0060
00C0
0180
0300
0600
0C00
1800
3000
6000
FFFC
FFFC
ENDCHAR
STARTCHAR Eta
ENCODING 919
SWIDTH 708 0
DWIDTH 17 0
BBX 16 17 1 0
BITMAP
1803
1803
1803
3006
3006
3006
3006
3FFE
7FFE
600C
600C
600C
600C
600C
C018
C018
C018
ENDCHAR
STARTCHAR Theta
ENCODING 920
SWIDTH 792 0
DWIDTH 19 0
BBX 16 17 2 0
BITMAP
03F0
0FFC
1C0E
3806
7003
6003
6003
C7F3
C7F3
C003
C006
C006
C00E
601C
7038
3FF0
0FC0
ENDCHAR
STARTCHAR Iota
ENCODING 921
SWIDTH 250 0
DWIDTH 6 0
BBX 5 17 1 0
BITMAP
18
18
18
30
30
30
30
30
70
60
60
60
60
60
C0
C0
C0
ENDCHAR
STARTCHAR Kappa
ENCODING 922
SWIDTH 667 0
DWIDTH 16 0
BBX 16 17 1 0
BITMAP
1807
180C
1818
3030
30E0
31C0
3380
3600
7F00
7980
6180
60C0
6060
6070
C030
C018
C00C
ENDCHAR
STARTCHAR Lambda
ENCODING 923
SWIDTH 667 0
DWIDTH 16 0
BBX 16 17 -1 0
BITMAP
0030
0078
0078
00D8
00D8
0188
030C
030C
060C
060C
0C06
1806
1806
3006
3006
6003
C003
ENDCHAR
STARTCHAR Mu
ENCODING 924
SWIDTH 833 0
DWIDTH 20 0
BBX 19 17 1 0
BITMAP
1800E0
1C00E0
140160
3401C0
3403C0
3606C0
3606C0
360CC0
7209C0
631980
633180
633180
636180
636180
C1C300
C1C300
C18300
ENDCHAR
STARTCHAR Nu
ENCODING 925
SWIDTH 708 0
DWIDTH 17 0
BBX 16 17 1 0
BITMAP
1C03
1C03
1603
3606
3606
3306
3306
3186
718E
618C
60CC
60CC
606C
606C
C068
C038
C038
ENDCHAR
STARTCHAR Xi
ENCODING 926
SWIDTH 667 0
DWIDTH 16 0
BBX 17 17 0 0
BITMAP
1FFF80
1FFF80
000000
000000
000000
000000
000000
1FFC00
1FFC00
000000
000000
000000
000000
000000
000000
FFFC00
FFFC00
ENDCHAR
STARTCHAR Omicron
ENCODING 927
SWIDTH 792 0
DWIDTH 19 0
BBX 16 17 2 0
BITMAP
03F0
0FFC
1C0E
3806
7003
6003
6003
C003
C003
C003
C006
C006
C00E
601C
7038
3FF0
0FC0
ENDCHAR
STARTCHAR Pi
ENCODING 928
SWIDTH 708 0
DWIDTH 17 0
BBX 16 17 1 0
BITMAP
1FFF
1FFF
1803
3006
3006
3006
3006
3006
7006
600C
600C
600C
600C
600C
C018
C018
C018
ENDCHAR
STARTCHAR Rho
ENCODING 929
SWIDTH 667 0
DWIDTH 16 0
BBX 15 17 1 0
BITMAP
1FF0
1FFC
180E
3006
3006
3006
300E
301C
7FF8
7FE0
6000
6000
6000
6000
C000
C000
C000
ENDCHAR
STARTCHAR Sigma
ENCODING 931
SWIDTH 583 0
DWIDTH 14 0
BBX 15 17 0 0
BITMAP
1FFE
1FFE
1C00
0E00
0700
0380
01C0
00C0
01C0
0380
0700
0E00
1C00
7800
F000
FFF8
FFF8
ENDCHAR
STARTCHAR Tau
ENCODING 932
SWIDTH 625 0
DWIDTH 15 0
BBX 14 17 2 0
BITMAP
FFFC
FFFC
0300
0600
0600
0600
0600
0600
0600
0C00
0C00
0C00
0C00
0C00
1800
1800
1800
ENDCHAR
STARTCHAR Upsilon
ENCODING 933
SWIDTH 667 0
DWIDTH 16 0
BBX 14 17 3 0
BITMAP
C00C
E018
6030
6060
3040
30C0
1980
1B00
0E00
0C00
0C00
0C00
0C00
0C00
1800
1800
1800
ENDCHAR
STARTCHAR Phi
ENCODING 934
SWIDTH 833 0
DWIDTH 20 0
BBX 17 17 2 0
BITMAP
006000
006000
0FFC00
3FFE00
70C700
60C380
C0C180
C0C180
C1C180
C18180
C18180
E18300
718700
3FFE00
1FF800
030000
030000
ENDCHAR
STARTCHAR Chi
ENCODING 935
SWIDTH 708 0
DWIDTH 17 0
BBX 18 17 0 0
BITMAP
0C00C0
060180
060300
030600
030C00
019800
01B000
00E000
00E000
01E000
037000
063000
0C1800
181800
300C00
600C00
C00600
ENDCHAR
STARTCHAR Psi
ENCODING 936
SWIDTH 833 0
DWIDTH 20 0
BBX 19 17 2 0
BITMAP
606060
606060
606060
C0C0C0
C0C0C0
C0C0C0
C0C0C0
C0C1C0
C0C180
E18380
7FFF00
1FFC00
018000
018000
030000
030000
030000
ENDCHAR
STARTCHAR Omega
ENCODING 937
SWIDTH 750 0
DWIDTH 18 0
BBX 17 17 0 0
BITMAP
01F800
07FE00
0F0700
1C0300
180180
380180
300180
300180
300180
300180
300300
180700
180E00
0E1C00
067000
7E7F00
7E7F00
ENDCHAR
STARTCHAR Iotadieresis
ENCODING 938
SWIDTH 250 0
DWIDTH 6 0
BBX 8 20 1 0
BITMAP
33
33
00
18
18
18
30
30
30
30
30
70
60
60
60
60
60
C0
C0
C0
ENDCHAR
STARTCHAR Upsilondieresis
ENCODING 939
SWIDTH 667 0
DWIDTH 16 0
BBX 14 20 3 0
BITMAP
0CC0
0CC0
0000
C00C
E018
6030
6060
3040
30C0
1980
1B00
0E00
0C00
0C00
0C00
0C00
0C00
1800
1800
1800
ENDCHAR
STARTCHAR alphatonos
ENCODING 940
SWIDTH 583 0
DWIDTH 14 0
BBX 14 18 1 0
BITMAP
00E0
00C0
0080
0100
0000
0F8C
3FD8
30F8
6070
6070
C060
C060
C060
C0E0
C1E0
E360
7E60
3C60
ENDCHAR
STARTCHAR epsilontonos
ENCODING 941
SWIDTH 458 0
DWIDTH 11 0
BBX 12 18 0 0
BITMAP
00E0
00C0
0080
0100
0000
0FC0
1FF0
3860
3000
3800
1F00
3F00
6000
C000
C000
E0C0
7FC0
3F00
ENDCHAR
STARTCHAR etatonos
ENCODING 942
SWIDTH 542 0
DWIDTH 13 0
BBX 12 23 0 -5
BITMAP
00E0
00C0
0080
0100
0000
33C0
37E0
3C70
3030
3030
6060
6060
6060
6060
6060
C0C0
C0C0
C0C0
00C0
00C0
00C0
0180
0180
ENDCHAR
STARTCHAR iotatonos
ENCODING 943
SWIDTH 250 0
DWIDTH 6 0
BBX 7 18 1 0
BITMAP
0E
0C
08
10
00
30
30
30
30
70
60
60
60
60
60
C0
C0
E0
ENDCHAR
STARTCHAR upsilondieresistonos
ENCODING 944
SWIDTH 542 0
DWIDTH 13 0
BBX 11 19 1 0
BITMAP
0180
0300
0300
1EC0
1CC0
0000
6060
6060
6060
6060
E060
C060
C060
C0C0
C0C0
C1C0
E380
7F00
3E00
ENDCHAR
STARTCHAR alpha
ENCODING 945
SWIDTH 583 0
DWIDTH 14 0
BBX 14 13 1 0
BITMAP
0F8C
3FD8
30F8
6070
6070
C060
C060
C060
C0E0
C1E0
E360
7E60
3C60
ENDCHAR
STARTCHAR beta
ENCODING 946
SWIDTH 583 0
DWIDTH 14 0
BBX 15 22 -1 -5
BITMAP
01F8
07FC
0E0E
0C06
1806
1806
181C
1870
3878
3018
300C
300C
300C
301C
7838
7FF0
6FC0
6000
6000
6000
C000
C000
ENDCHAR
STARTCHAR gamma
ENCODING 947
SWIDTH 500 0
DWIDTH 12 0
BBX 12 18 1 -5
BITMAP
C030
C060
C060
60C0
60C0
6180
6300
2300
3600
3600
3C00
1800
1800
1000
3000
6000
6000
C000
ENDCHAR
STARTCHAR delta
ENCODING 948
SWIDTH 542 0
DWIDTH 13 0
BBX 12 17 1 0
BITMAP
0FF0
0FF0
0600
0700
0380
0780
1CC0
30C0
6060
6060
C060
C060
C060
C0C0
E1C0
7F80
3E00
ENDCHAR
STARTCHAR epsilon
ENCODING 949
SWIDTH 458 0
DWIDTH 11 0
BBX 12 13 0 0
BITMAP
0FC0
1FF0
3860
3000
3800
1F00
3F00
6000
C000
C000
E0C0
7FC0
3F00
ENDCHAR
STARTCHAR zeta
ENCODING 950
SWIDTH 458 0
DWIDTH 11 0
BBX 11 21 1 -4
BITMAP
1FE0
1FE0
00C0
0180
0300
0600
0C00
1800
3000
6000
6000
C000
C000
C000
E000
7C00
3F00
0700
0300
0200
0200
ENDCHAR
STARTCHAR eta
ENCODING 951
SWIDTH 542 0
DWIDTH 13 0
BBX 12 18 0 -5
BITMAP
33C0
37E0
3C70
3030
3030
6060
6060
6060
6060
6060
C0C0
C0C0
C0C0
00C0
00C0
00C0
0180
0180
ENDCHAR
STARTCHAR theta
ENCODING 952
SWIDTH 542 0
DWIDTH 13 0
BBX 11 17 1 0
BITMAP
0780
1FC0
38E0
3060
6060
6060
6060
7FE0
FFE0
C0C0
C0C0
C0C0
C1C0
C180
E380
7F00
3C00
ENDCHAR
STARTCHAR iota
ENCODING 953
SWIDTH 250 0
DWIDTH 6 0
BBX 4 13 1 0
BITMAP
30
30
30
30
70
60
60
60
60
60
C0
C0
E0
ENDCHAR
STARTCHAR kappa
ENCODING 954
SWIDTH 500 0
DWIDTH 12 0
BBX 13 13 0 0
BITMAP
3038
3060
30C0
3380
3700
6E00
7E00
7300
6300
6180
C0C0
C0C0
C060
ENDCHAR
STARTCHAR lambda
ENCODING 955
SWIDTH 500 0
DWIDTH 12 0
BBX 12 17 -1 0
BITMAP
0700
0780
0180
01C0
01C0
00C0
00C0
01C0
03E0
0360
0660
0C60
1860
1070
3030
6030
C030
ENDCHAR
STARTCHAR mu
ENCODING 956
SWIDTH 542 0
DWIDTH 13 0
BBX 13 18 -1 -5
BITMAP
1818
1818
1818
1818
1818
3030
3030
3030
3030
3070
78E0
7FE0
6F60
6000
6000
6000
C000
C000
ENDCHAR
STARTCHAR nu
ENCODING 957
SWIDTH 500 0
DWIDTH 12 0
BBX 11 13 1 0
BITMAP
C060
C060
4060
6060
60C0
60C0
6080
2180
3300
3600
3E00
3C00
1800
ENDCHAR
STARTCHAR xi
ENCODING 958
SWIDTH 458 0
DWIDTH 11 0
BBX 11 21 1 -4
BITMAP
1FE0
1FE0
0600
0C00
1800
1800
1C00
0780
0F80
3C00
7000
E000
C000
C000
E000
7C00
3F00
0700
0300
0200
0200
ENDCHAR
STARTCHAR omicron
ENCODING 959
SWIDTH 542 0
DWIDTH 13 0
BBX 11 13 1 0
BITMAP
0F80
3FC0
70E0
6060
6060
C060
C060
C060
C0C0
C0C0
6180
7F80
3E00
ENDCHAR
STARTCHAR pi
ENCODING 960
SWIDTH 667 0
DWIDTH 16 0
BBX 15 13 1 0
BITMAP
FFFE
FFFE
0C30
0C30
1870
1860
1860
3060
3060
3060
60E0
6070
C070
ENDCHAR
STARTCHAR rho
ENCODING 961
SWIDTH 583 0
DWIDTH 14 0
BBX 14 18 -1 -5
BITMAP
03E0
0FF8
0E18
180C
180C
300C
300C
300C
3018
3018
7870
6FE0
67C0
6000
6000
6000
C000
C000
ENDCHAR
STARTCHAR sigma1
ENCODING 962
SWIDTH 500 0
DWIDTH 12 0
BBX 11 17 1 -4
BITMAP
07C0
1FE0
38C0
3000
6000
6000
C000
C000
C000
C000
E000
7C00
1F00
0700
0300
0200
0200
ENDCHAR
STARTCHAR sigma
ENCODING 963
SWIDTH 583 0
DWIDTH 14 0
BBX 14 13 1 0
BITMAP
07FC
1FFC
3840
7060
6060
C060
C060
C060
C0E0
C0C0
E1C0
7F80
3E00
ENDCHAR
STARTCHAR tau
ENCODING 964
SWIDTH 375 0
DWIDTH 9 0
BBX 9 13 1 0
BITMAP
FF80
FF80
1800
1800
1800
3000
3000
3000
3000
3000
7000
7800
3800
ENDCHAR
STARTCHAR upsilon
ENCODING 965
SWIDTH 542 0
DWIDTH 13 0
BBX 11 13 1 0
BITMAP
6060
6060
6060
6060
E060
C060
C060
C0C0
C0C0
C1C0
E380
7F00
3E00
ENDCHAR
STARTCHAR phi
ENCODING 966
SWIDTH 667 0
DWIDTH 16 0
BBX 14 18 1 -5
BITMAP
0C70
3CF8
398C
618C
618C
C30C
C30C
C30C
C318
C318
6670
7FE0
1FC0
0600
0600
0600
0C00
0C00
ENDCHAR
STARTCHAR chi
ENCODING 967
SWIDTH 542 0
DWIDTH 13 0
BBX 15 18 -2 -5
BITMAP
1C06
1E0C
0618
0318
0330
0360
01C0
01C0
0180
0380
06C0
06C0
0CC0
1860
3060
3060
6030
C030
ENDCHAR
STARTCHAR psi
ENCODING 968
SWIDTH 708 0
DWIDTH 17 0
BBX 15 21 1 -5
BITMAP
00C0
00C0
0180
6186
6186
6186
6186
E186
C30C
C30C
C30C
C30C
C318
E638
7FF0
3FC0
0600
0600
0600
0C00
0C00
ENDCHAR
STARTCHAR omega
ENCODING 969
SWIDTH 792 0
DWIDTH 19 0
BBX 17 13 1 0
BITMAP
0C0600
1C0700
380300
600180
60C180
C0C180
C0C180
C18180
C18300
C18300
E3C700
7E7E00
3C7800
ENDCHAR
STARTCHAR iotadieresis
ENCODING 970
SWIDTH 250 0
DWIDTH 6 0
BBX 7 17 1 0
BITMAP
66
66
00
00
30
30
30
30
70
60
60
60
60
60
C0
C0
E0
ENDCHAR
STARTCHAR upsilondieresis
ENCODING 971
SWIDTH 542 0
DWIDTH 13 0
BBX 11 17 1 0
BITMAP
0CC0
0CC0
0000
0000
6060
6060
6060
6060
E060
C060
C060
C0C0
C0C0
C1C0
E380
7F00
3E00
ENDCHAR
STARTCHAR omicrontonos
ENCODING 972
SWIDTH 542 0
DWIDTH 13 0
BBX 11 18 1 0
BITMAP
01C0
0180
0100
0200
0000
0F80
3FC0
70E0
6060
6060
C060
C060
C060
C0C0
C0C0
6180
7F80
3E00
ENDCHAR
STARTCHAR upsilontonos
ENCODING 973
SWIDTH 542 0
DWIDTH 13 0
BBX 11 18 1 0
BITMAP
01C0
0180
0100
0200
0000
6060
6060
6060
6060
E060
C060
C060
C0C0
C0C0
C1C0
E380
7F00
3E00
ENDCHAR
STARTCHAR omegatonos
ENCODING 974
SWIDTH 792 0
DWIDTH 19 0
BBX 17 18 1 0
BITMAP
003800
003000
002000
004000
000000
0C0600
1C0700
380300
600180
60C180
C0C180
C0C180
C18180
C18300
C18300
E3C700
7E7E00
3C7800
ENDCHAR
STARTCHAR afii10023
ENCODING 1025
SWIDTH 667 0
DWIDTH 16 0
BBX 15 20 1 0
BITMAP
0330
0330
0000
1FFE
1FFE
1800
3000
3000
3000
3000
3FF8
7FF8
6000
6000
6000
6000
6000
C000
FFF8
FFF8
ENDCHAR
STARTCHAR afii10051
ENCODING 1026
SWIDTH 833 0
DWIDTH 20 0
BBX 16 17 2 0
BITMAP
FFFC
FFFC
0300
0600
0600
06FE
07FF
0603
0603
0C03
0C03
0C03
0C03
0C03
1846
18FE
187C
ENDCHAR
STARTCHAR afii10052
ENCODING 1027
SWIDTH 542 0
DWIDTH 13 0
BBX 14 22 1 0
BITMAP
0038
0070
00C0
0180
0000
1FFC
1FFC
1800
3000
3000
3000
3000
3000
7000
6000
6000
6000
6000
6000
C000
C000
C000
ENDCHAR
STARTCHAR afii10053
ENCODING 1028
SWIDTH 708 0
DWIDTH 17 0
BBX 15 17 2 0
BITMAP
03F0
0FF8
1C1C
300E
6004
6000
4000
FF80
FF80
C000
C000
C000
E008
601C
7078
3FF0
0FC0
ENDCHAR
STARTCHAR afii10054
ENCODING 1029
SWIDTH 667 0
DWIDTH 16 0
BBX 14 17 1 0
BITMAP
07E0
1FF8
181C
300C
3000
3000
3C00
1F80
07E0
00F0
0038
0018
C018
E018
7070
7FF0
1FC0
ENDCHAR
STARTCHAR afii10055
ENCODING 1030
SWIDTH 250 0
DWIDTH 6 0
BBX 5 17 1 0
BITMAP
18
18
18
30
30
30
30
30
70
60
60
60
60
60
C0
C0
C0
ENDCHAR
STARTCHAR afii10056
ENCODING 1031
SWIDTH 250 0
DWIDTH 6 0
BBX 8 20 1 0
BITMAP
33
33
00
18
18
18
30
30
30
30
30
70
60
60
60
60
60
C0
C0
C0
ENDCHAR
STARTCHAR afii10057
ENCODING 1032
SWIDTH 500 0
DWIDTH 12 0
BBX 12 17 0 0
BITMAP
03F0
03F0
0030
0060
0060
0060
0060
0060
00C0
00C0
00C0
00C0
C0C0
C180
6380
7F00
3E00
ENDCHAR
STARTCHAR afii10058
ENCODING 1033
SWIDTH 1083 0
DWIDTH 26 0
BBX 26 17 -1 0
BITMAP
00FF8000
00FF8000
01818000
01830000
01830000
03030000
03030000
0303FE00
0607FF80
060601C0
0E0600C0
0C0600C0
0C0600C0
180600C0
380C0380
-FF00100
-1FF00200
ENDCHAR
STARTCHAR afii10059
ENCODING 1034
SWIDTH 1000 0
DWIDTH 24 0
BBX 22 17 1 0
BITMAP
180600
180600
180600
300C00
300C00
300C00
300C00
3FFFF0
7FFFF8
60181C
60180C
60180C
60180C
60180C
C03038
C03FF0
C03FE0
ENDCHAR
STARTCHAR afii10060
ENCODING 1035
SWIDTH 833 0
DWIDTH 20 0
BBX 16 17 2 0
BITMAP
FFFC
FFFC
0300
0600
0600
06FE
07FF
0603
0603
0C03
0C03
0C03
0C03
0C03
1807
1806
1806
ENDCHAR
STARTCHAR afii10061
ENCODING 1036
SWIDTH 583 0
DWIDTH 14 0
BBX 14 22 1 0
BITMAP
001C
0038
0060
00C0
0000
180C
1818
1830
3060
30C0
31C0
3380
3F00
7F00
6180
6180
60C0
60E0
6060
C030
C030
C018
ENDCHAR
STARTCHAR afii10062
ENCODING 1038
SWIDTH 625 0
DWIDTH 15 0
BBX 17 22 0 0
BITMAP
010200
038600
018C00
00F800
000000
180180
180300
0C0300
0C0600
0C0C00
060800
061800
033000
032000
036000
01C000
018000
018000
030000
0E0000
FC0000
780000
ENDCHAR
STARTCHAR afii10145
ENCODING 1039
SWIDTH 708 0
DWIDTH 17 0
BBX 16 22 1 -5
BITMAP
1803
1803
1803
3006
3006
3006
3006
3006
7006
600C
600C
600C
600C
600C
C01C
FFF8
FFF8
0300
0300
0300
0600
0600
ENDCHAR
STARTCHAR afii10017
ENCODING 1040
SWIDTH 667 0
DWIDTH 16 0
BBX 16 17 -1 0
BITMAP
0030
0078
0078
00D8
0088
018C
030C
030C
060C
060C
0FFE
1FFE
1806
3006
3006
6003
C003
ENDCHAR
STARTCHAR afii10018
ENCODING 1041
SWIDTH 667 0
DWIDTH 16 0
BBX 15 17 1 0
BITMAP
1FFE
1FFE
1800
3000
3000
3000
3000
3FE0
7FF8
601C
600C
600C
600C
600C
C038
FFF0
FFE0
ENDCHAR
STARTCHAR afii10019
ENCODING 1042
SWIDTH 667 0
DWIDTH 16 0
BBX 14 17 1 0
BITMAP
1FF0
1FF8
181C
300C
300C
300C
3018
3FF0
7FF0
6018
600C
600C
600C
601C
C038
FFF0
FFC0
ENDCHAR
STARTCHAR afii10020
ENCODING 1043
SWIDTH 542 0
DWIDTH 13 0
BBX 14 17 1 0
BITMAP
1FFC
1FFC
1800
3000
3000
3000
3000
3000
7000
6000
6000
6000
6000
6000
C000
C000
C000
ENDCHAR
STARTCHAR afii10021
ENCODING 1044
SWIDTH 708 0
DWIDTH 17 0
BBX 19 22 -2 -5
BITMAP
003FE0
007FE0
006060
0060C0
00E0C0
00C0C0
00C0C0
01C0C0
0180C0
018180
038180
030180
070180
0E0180
0C0300
7FFFC0
7FFFC0
6000C0
6000C0
6000C0
C00180
C00180
ENDCHAR
STARTCHAR afii10022
ENCODING 1045
SWIDTH 667 0
DWIDTH 16 0
BBX 15 17 1 0
BITMAP
1FFE
1FFE
1800
3000
3000
3000
3000
3FF8
7FF8
6000
6000
6000
6000
6000
C000
FFF8
FFF8
ENDCHAR
STARTCHAR afii10024
ENCODING 1046
SWIDTH 917 0
DWIDTH 22 0
BBX 24 17 -1 0
BITMAP
0C0603
060606
06060C
030C18
030C30
018C70
01CCE0
00FFC0
01FFC0
031860
061860
0E1830
0C1818
181818
30300C
60300C
C03006
ENDCHAR
STARTCHAR afii10025
ENCODING 1047
SWIDTH 625 0
DWIDTH 15 0
BBX 13 17 1 0
BITMAP
07E0
0FF0
1C38
3818
1018
0018
0030
07E0
07C0
0060
0030
0030
4030
E030
70E0
3FC0
1F80
ENDCHAR
STARTCHAR afii10026
ENCODING 1048
SWIDTH 708 0
DWIDTH 17 0
BBX 16 17 1 0
BITMAP
1807
180F
180F
301E
3036
3066
3066
30C6
718E
630C
630C
660C
6C0C
780C
F018
F018
E018
ENDCHAR
STARTCHAR afii10027
ENCODING 1049
SWIDTH 708 0
DWIDTH 17 0
BBX 16 22 1 0
BITMAP
0102
0386
018C
00F8
0000
1807
180F
180F
301E
3036
3066
3066
30C6
718E
630C
630C
660C
6C0C
780C
F018
F018
E018
ENDCHAR
STARTCHAR afii10028
ENCODING 1050
SWIDTH 583 0
DWIDTH 14 0
BBX 14 17 1 0
BITMAP
180C
1818
1830
3060
30C0
31C0
3380
3F00
7F00
6180
6180
60C0
60E0
6060
C030
C030
C018
ENDCHAR
STARTCHAR afii10029
ENCODING 1051
SWIDTH 667 0
DWIDTH 16 0
BBX 17 17 -1 0
BITMAP
00FF80
00FF80
018180
018300
018300
030300
030300
030300
060300
060600
0E0600
0C0600
0C0600
180600
380C00
F00C00
E00C00
ENDCHAR
STARTCHAR afii10030
ENCODING 1052
SWIDTH 833 0
DWIDTH 20 0
BBX 19 17 1 0
BITMAP
1800E0
1C00E0
140160
3401C0
3403C0
3606C0
3606C0
360CC0
7209C0
631980
633180
633180
636180
636180
C1C300
C1C300
C18300
ENDCHAR
STARTCHAR afii10031
ENCODING 1053
SWIDTH 708 0
DWIDTH 17 0
BBX 16 17 1 0
BITMAP
1803
1803
1803
3006
3006
3006
3006
3FFE
7FFE
600C
600C
600C
600C
600C
C018
C018
C018
ENDCHAR
STARTCHAR afii10032
ENCODING 1054
SWIDTH 792 0
DWIDTH 19 0
BBX 16 17 2 0
BITMAP
03F0
0FFC
1C0E
3806
7003
6003
6003
C003
C003
C003
C006
C006
C00E
601C
7038
3FF0
0FC0
ENDCHAR
STARTCHAR afii10033
ENCODING 1055
SWIDTH 708 0
DWIDTH 17 0
BBX 16 17 1 0
BITMAP
1FFF
1FFF
1803
3006
3006
3006
3006
3006
7006
600C
600C
600C
600C
600C
C018
C018
C018
ENDCHAR
STARTCHAR afii10034
ENCODING 1056
SWIDTH 667 0
DWIDTH 16 0
BBX 15 17 1 0
BITMAP
1FF0
1FFC
180E
3006
3006
3006
300E
301C
7FF8
7FE0
6000
6000
6000
6000
C000
C000
C000
ENDCHAR
STARTCHAR afii10035
ENCODING 1057
SWIDTH 708 0
DWIDTH 17 0
BBX 15 17 2 0
BITMAP
03F0
0FF8
1C1C
380E
7004
6000
6000
C000
C000
C000
C000
C000
C008
601C
7078
3FF0
0FC0
ENDCHAR
STARTCHAR afii10036
ENCODING 1058
SWIDTH 625 0
DWIDTH 15 0
BBX 14 17 2 0
BITMAP
FFFC
FFFC
0300
0600
0600
0600
0600
0600
0600
0C00
0C00
0C00
0C00
0C00
1800
1800
1800
ENDCHAR
STARTCHAR afii10037
ENCODING 1059
SWIDTH 625 0
DWIDTH 15 0
BBX 17 17 0 0
BITMAP
180180
180300
0C0300
0C0600
0C0C00
060800
061800
033000
032000
036000
01C000
018000
018000
030000
0E0000
FC0000
780000
ENDCHAR
STARTCHAR afii10038
ENCODING 1060
SWIDTH 792 0
DWIDTH 19 0
BBX 16 17 2 0
BITMAP
00C0
00C0
0FF8
3FFC
718E
6187
C183
C183
C183
C303
C307
E306
631C
7FF8
1FF0
0600
0600
ENDCHAR
STARTCHAR afii10039
ENCODING 1061
SWIDTH 708 0
DWIDTH 17 0
BBX 18 17 0 0
BITMAP
0C00C0
060180
060300
030600
030C00
019800
01B000
00E000
00E000
01E000
037000
063000
0C1800
181800
300C00
600C00
C00600
ENDCHAR
STARTCHAR afii10040
ENCODING 1062
SWIDTH 708 0
DWIDTH 17 0
BBX 16 22 1 -5
BITMAP
1803
1803
1803
3006
3006
3006
3006
3006
7006
600C
600C
600C
600C
600C
C018
FFFE
FFFE
0006
0006
0006
000C
000C
ENDCHAR
STARTCHAR afii10041
ENCODING 1063
SWIDTH 667 0
DWIDTH 16 0
BBX 14 17 2 0
BITMAP
600C
600C
600C
C018
C018
C018
C018
C018
C038
E030
FFF0
3FB0
0030
0030
0060
0060
0060
ENDCHAR
STARTCHAR afii10042
ENCODING 1064
SWIDTH 917 0
DWIDTH 22 0
BBX 21 17 1 0
BITMAP
181818
181818
181818
303030
303030
303030
303030
303030
703030
606060
606060
606060
606060
606060
C0C0C0
FFFFC0
FFFFC0
ENDCHAR
STARTCHAR afii10043
ENCODING 1065
SWIDTH 917 0
DWIDTH 22 0
BBX 21 22 1 -5
BITMAP
181818
181818
181818
303030
303030
303030
303030
303030
703030
606060
606060
606060
606060
606060
C0C0C0
FFFFF0
FFFFF0
000030
000030
000030
000060
000060
ENDCHAR
STARTCHAR afii10044
ENCODING 1066
SWIDTH 792 0
DWIDTH 19 0
BBX 16 17 2 0
BITMAP
FF00
FF00
0300
0600
0600
0600
0600
07F8
07FE
0C07
0C03
0C03
0C03
0C03
180E
1FFC
1FF8
ENDCHAR
STARTCHAR afii10045
ENCODING 1067
SWIDTH 875 0
DWIDTH 21 0
BBX 20 17 1 0
BITMAP
180030
180030
180030
300060
300060
300060
300060
3FC060
7FF0E0
6038C0
6018C0
6018C0
6018C0
6018C0
C07180
FFE180
FFC180
ENDCHAR
STARTCHAR afii10046
ENCODING 1068
SWIDTH 667 0
DWIDTH 16 0
BBX 14 17 1 0
BITMAP
1800
1800
1800
3000
3000
3000
3000
3FE0
7FF8
601C
600C
600C
600C
600C
C038
FFF0
FFE0
ENDCHAR
STARTCHAR afii10047
ENCODING 1069
SWIDTH 708 0
DWIDTH 17 0
BBX 15 17 1 0
BITMAP
03E0
0FF8
1C1C
380C
1006
0006
0006
03FE
03FE
0006
000E
000C
401C
E018
7070
3FE0
1F80
ENDCHAR
STARTCHAR afii10048
ENCODING 1070
SWIDTH 1042 0
DWIDTH 25 0
BBX 23 17 1 0
BITMAP
1807E0
181FF8
18381C
30700C
30E006
30C006
31C006
3F8006
7F8006
618006
61800C
61800C
61801C
60C038
C0E070
C07FE0
C01F80
ENDCHAR
STARTCHAR afii10049
ENCODING 1071
SWIDTH 667 0
DWIDTH 16 0
BBX 17 17 -1 0
BITMAP
03FF80
0FFF80
0E0180
180300
180300
180300
180300
0C0300
0FFF00
03FE00
070600
060600
0C0600
180600
300C00
700C00
E00C00
ENDCHAR
STARTCHAR afii10065
ENCODING 1072
SWIDTH 542 0
DWIDTH 13 0
BBX 12 13 1 0
BITMAP
0F80
1FC0
3860
3060
0060
1FE0
7FE0
E0C0
C0C0
C0C0
E3C0
7EF0
3C60
ENDCHAR
STARTCHAR afii10066
ENCODING 1073
SWIDTH 583 0
DWIDTH 14 0
BBX 13 18 1 0
BITMAP
0008
01F8
0FE0
1C00
3000
3000
67C0
7FE0
5060
6070
E030
C070
C070
C060
C060
60C0
73C0
3F00
ENDCHAR
STARTCHAR afii10067
ENCODING 1074
SWIDTH 542 0
DWIDTH 13 0
BBX 12 13 0 0
BITMAP
07C0
1FF0
3830
3030
3060
7FC0
7FC0
60E0
6060
6060
E0E0
FFC0
FF00
ENDCHAR
STARTCHAR afii10068
ENCODING 1075
SWIDTH 500 0
DWIDTH 12 0
BBX 10 13 1 0
BITMAP
1F00
3FC0
60C0
00C0
01C0
0780
3E00
7000
C000
C100
C380
7F00
3E00
ENDCHAR
STARTCHAR afii10069
ENCODING 1076
SWIDTH 542 0
DWIDTH 13 0
BBX 11 17 1 0
BITMAP
1F00
1F80
01C0
00E0
0060
1F60
3FE0
70E0
60E0
C0E0
C0E0
C0C0
C0C0
C0C0
E180
7F80
3E00
ENDCHAR
STARTCHAR afii10070
ENCODING 1077
SWIDTH 542 0
DWIDTH 13 0
BBX 11 13 1 0
BITMAP
0F80
3FC0
30E0
6060
6060
FFE0
FFE0
C000
C000
C080
E1C0
7F80
3E00
ENDCHAR
STARTCHAR afii10072
ENCODING 1078
SWIDTH 708 0
DWIDTH 17 0
BBX 19 13 -1 0
BITMAP
186060
1860C0
0C6180
0C6300
066700
06CE00
07FC00
0FFE00
08C600
18C300
31C300
618180
C18180
ENDCHAR
STARTCHAR afii10073
ENCODING 1079
SWIDTH 458 0
DWIDTH 11 0
BBX 10 13 0 0
BITMAP
0F80
1FC0
30C0
00C0
01C0
0F80
0F00
0380
0180
C180
E380
7F00
3E00
ENDCHAR
STARTCHAR afii10074
ENCODING 1080
SWIDTH 542 0
DWIDTH 13 0
BBX 11 13 1 0
BITMAP
6060
6060
6060
6060
E060
C0C0
C0C0
C0C0
C0C0
C1C0
C380
FF80
7980
ENDCHAR
STARTCHAR afii10075
ENCODING 1081
SWIDTH 542 0
DWIDTH 13 0
BBX 12 18 1 0
BITMAP
0810
1C30
0C60
07C0
0000
6060
6060
6060
6060
E060
C0C0
C0C0
C0C0
C0C0
C1C0
C380
FF80
7980
ENDCHAR
STARTCHAR afii10076
ENCODING 1082
SWIDTH 458 0
DWIDTH 11 0
BBX 12 13 0 0
BITMAP
3030
3060
30C0
3180
3180
6700
7E00
7F00
6300
6180
C180
C0C0
C0C0
ENDCHAR
STARTCHAR afii10077
ENCODING 1083
SWIDTH 583 0
DWIDTH 14 0
BBX 14 13 -1 0
BITMAP
01FC
03FC
030C
030C
061C
0618
0E18
0C18
1C18
1818
3830
F030
E030
ENDCHAR
STARTCHAR afii10078
ENCODING 1084
SWIDTH 667 0
DWIDTH 16 0
BBX 16 13 0 0
BITMAP
1C07
1C0F
340B
341E
3616
3636
3626
7666
66CC
62CC
628C
638C
630C
ENDCHAR
STARTCHAR afii10079
ENCODING 1085
SWIDTH 542 0
DWIDTH 13 0
BBX 12 13 0 0
BITMAP
3030
3030
3030
3030
3030
7FE0
7FE0
6060
6060
6060
C0C0
C0C0
C0C0
ENDCHAR
STARTCHAR afii10080
ENCODING 1086
SWIDTH 542 0
DWIDTH 13 0
BBX 11 13 1 0
BITMAP
0F80
3FC0
70E0
6060
6060
C060
C060
C060
C0C0
C0C0
6180
7F80
3E00
ENDCHAR
STARTCHAR afii10081
ENCODING 1087
SWIDTH 542 0
DWIDTH 13 0
BBX 12 13 0 0
BITMAP
3FF0
3FF0
3030
3030
3070
6060
6060
6060
6060
6060
C0C0
C0C0
C0C0
ENDCHAR
STARTCHAR afii10082
ENCODING 1088
SWIDTH 542 0
DWIDTH 13 0
BBX 13 18 -1 -5
BITMAP
19E0
1FF0
1E38
1818
1818
3018
3018
3018
3030
3030
7860
6FE0
6780
6000
6000
6000
C000
C000
ENDCHAR
STARTCHAR afii10083
ENCODING 1089
SWIDTH 500 0
DWIDTH 12 0
BBX 10 13 1 0
BITMAP
0F00
3F80
71C0
60C0
6000
C000
C000
C000
C000
C180
E380
7F00
3E00
ENDCHAR
STARTCHAR afii10084
ENCODING 1090
SWIDTH 833 0
DWIDTH 20 0
BBX 19 13 0 0
BITMAP
33C780
37EFC0
3C78E0
303060
303060
6060C0
6060C0
6060C0
6060C0
6060C0
C0C180
C0C180
C0C180
ENDCHAR
STARTCHAR afii10085
ENCODING 1091
SWIDTH 500 0
DWIDTH 12 0
BBX 15 18 -2 -5
BITMAP
1806
180C
180C
1C18
0C18
0C30
0C30
0C60
0640
06C0
0680
0780
0700
0700
0E00
1C00
F800
F000
ENDCHAR
STARTCHAR afii10086
ENCODING 1092
SWIDTH 833 0
DWIDTH 20 0
BBX 18 22 1 -5
BITMAP
003000
003000
003000
006000
1F6700
3FFF80
71F1C0
60E0C0
60E0C0
C0C0C0
C0C0C0
C0C0C0
C0C180
C1C180
E3E380
7FBF00
3D9E00
018000
018000
018000
030000
030000
ENDCHAR
STARTCHAR afii10087
ENCODING 1093
SWIDTH 500 0
DWIDTH 12 0
BBX 14 13 -1 0
BITMAP
180C
0C18
0C30
0660
06C0
0380
0380
0780
0CC0
18C0
3060
6060
C030
ENDCHAR
STARTCHAR afii10088
ENCODING 1094
SWIDTH 583 0
DWIDTH 14 0
BBX 12 18 1 -5
BITMAP
6030
6030
6030
6030
E070
C060
C060
C060
C0E0
C1E0
C3C0
FFF0
7CF0
0030
0030
0030
0060
0060
ENDCHAR
STARTCHAR afii10089
ENCODING 1095
SWIDTH 500 0
DWIDTH 12 0
BBX 10 13 1 0
BITMAP
60C0
60C0
60C0
60C0
E1C0
E180
7F80
3D80
0180
0180
0300
0300
0300
ENDCHAR
STARTCHAR afii10090
ENCODING 1096
SWIDTH 833 0
DWIDTH 20 0
BBX 18 13 1 0
BITMAP
60C0C0
60C0C0
60C0C0
60C0C0
E181C0
C18180
C18180
C18180
C18380
C38380
C78700
FDFF00
78F300
ENDCHAR
STARTCHAR afii10091
ENCODING 1097
SWIDTH 833 0
DWIDTH 20 0
BBX 18 18 1 -5
BITMAP
60C0C0
60C0C0
60C0C0
60C0C0
E181C0
C18180
C18180
C18180
C18380
C38380
C78700
FDFFC0
78F3C0
0000C0
0000C0
0000C0
000180
000180
ENDCHAR
STARTCHAR afii10092
ENCODING 1098
SWIDTH 625 0
DWIDTH 15 0
BBX 13 13 1 0
BITMAP
FC00
FC00
0C00
0C00
1C00
1FE0
1FF0
1838
1818
1818
3038
3FF0
3FC0
ENDCHAR
STARTCHAR afii10093
ENCODING 1099
SWIDTH 750 0
DWIDTH 18 0
BBX 17 13 0 0
BITMAP
300180
300180
300180
300180
700180
7F8300
7FC300
60E300
606300
606300
E0E600
FFC600
FF0600
ENDCHAR
STARTCHAR afii10094
ENCODING 1100
SWIDTH 542 0
DWIDTH 13 0
BBX 12 13 0 0
BITMAP
3000
3000
3000
3000
7000
7FC0
7FE0
6070
6030
6030
E070
FFE0
FF80
ENDCHAR
STARTCHAR afii10095
ENCODING 1101
SWIDTH 500 0
DWIDTH 12 0
BBX 11 13 0 0
BITMAP
0F80
3FC0
70E0
6060
0060
0FE0
0FE0
0060
00C0
C0C0
E180
7F80
3E00
ENDCHAR
STARTCHAR afii10096
ENCODING 1102
SWIDTH 750 0
DWIDTH 18 0
BBX 17 13 0 0
BITMAP
303E00
30FF00
31C380
318180
338180
7F0180
7F0180
630180
630300
630300
C18600
C1FE00
C0F800
ENDCHAR
STARTCHAR afii10097
ENCODING 1103
SWIDTH 542 0
DWIDTH 13 0
BBX 12 13 0 0
BITMAP
0FF0
1FF0
3830
3030
3070
3860
1FE0
1FE0
0860
1860
30C0
60C0
C0C0
ENDCHAR
STARTCHAR afii10071
ENCODING 1105
SWIDTH 542 0
DWIDTH 13 0
BBX 11 17 1 0
BITMAP
0CC0
0CC0
0000
0000
0F80
3FC0
30E0
6060
6060
FFE0
FFE0
C000
C000
C080
E1C0
7F80
3E00
ENDCHAR
STARTCHAR afii10099
ENCODING 1106
SWIDTH 542 0
DWIDTH 13 0
BBX 12 22 0 -5
BITMAP
1800
7F80
7F80
3000
3000
33C0
3FE0
3860
7070
7060
6060
6060
6060
6060
C0E0
C0C0
C0C0
00C0
00C0
01C0
0780
0700
ENDCHAR
STARTCHAR afii10100
ENCODING 1107
SWIDTH 375 0
DWIDTH 9 0
BBX 11 18 0 0
BITMAP
00E0
0180
0300
0600
0000
3F80
3F80
3000
3000
3000
6000
6000
6000
6000
6000
C000
C000
C000
ENDCHAR
STARTCHAR afii10101
ENCODING 1108
SWIDTH 500 0
DWIDTH 12 0
BBX 11 13 1 0
BITMAP
0F80
3FC0
30E0
6060
4000
FE00
FE00
C000
C000
C0C0
E1C0
7F80
3E00
ENDCHAR
STARTCHAR afii10102
ENCODING 1109
SWIDTH 500 0
DWIDTH 12 0
BBX 11 13 0 0
BITMAP
0F80
1FE0
3060
3000
3800
1E00
0F80
01C0
00C0
40C0
E1C0
7F80
3F00
ENDCHAR
STARTCHAR afii10103
ENCODING 1110
SWIDTH 250 0
DWIDTH 6 0
BBX 5 17 0 0
BITMAP
18
18
00
00
30
30
30
30
30
60
60
60
60
60
C0
C0
C0
ENDCHAR
STARTCHAR afii10104
ENCODING 1111
SWIDTH 250 0
DWIDTH 6 0
BBX 7 17 0 0
BITMAP
66
66
00
00
30
30
30
30
30
60
60
60
60
60
C0
C0
C0
ENDCHAR
STARTCHAR afii10105
ENCODING 1112
SWIDTH 208 0
DWIDTH 5 0
BBX 8 22 -3 -5
BITMAP
03
03
00
00
06
06
06
06
0E
0C
0C
0C
0C
0C
18
18
18
18
18
38
F0
E0
ENDCHAR
STARTCHAR afii10106
ENCODING 1113
SWIDTH 917 0
DWIDTH 22 0
BBX 22 13 -1 0
BITMAP
03FE00
03FE00
060600
060600
060E00
0C0FF0
0C0FF8
1C0C1C
180C0C
180C0C
38181C
F01FF8
E01FE0
ENDCHAR
STARTCHAR afii10107
ENCODING 1114
SWIDTH 833 0
DWIDTH 20 0
BBX 19 13 0 0
BITMAP
303000
303000
303000
303000
307000
7FFF80
7FFFC0
6060E0
606060
606060
C0C0E0
C0FFC0
C0FF00
ENDCHAR
STARTCHAR afii10108
ENCODING 1115
SWIDTH 542 0
DWIDTH 13 0
BBX 12 17 0 0
BITMAP
1800
7F80
7F80
3000
3000
33C0
3FE0
3860
7070
6060
6060
6060
6060
6060
C0E0
C0C0
C0C0
ENDCHAR
STARTCHAR afii10109
ENCODING 1116
SWIDTH 458 0
DWIDTH 11 0
BBX 12 18 0 0
BITMAP
0070
00C0
0180
0300
0000
3030
3060
30C0
3180
3180
6700
7E00
7F00
6300
6180
C180
C0C0
C0C0
ENDCHAR
STARTCHAR afii10110
ENCODING 1118
SWIDTH 500 0
DWIDTH 12 0
BBX 15 23 -2 -5
BITMAP
0204
070C
0318
01F0
0000
1806
180C
180C
1C18
0C18
0C30
0C30
0C60
0640
06C0
0680
0780
0700
0700
0E00
1C00
F800
F000
ENDCHAR
STARTCHAR afii10193
ENCODING 1119
SWIDTH 542 0
DWIDTH 13 0
BBX 11 18 1 -5
BITMAP
6060
6060
6060
6060
E0E0
C0C0
C0C0
C0C0
C0C0
C1C0
C380
FF80
7980
1800
1800
1800
3000
3000
ENDCHAR
STARTCHAR afii10050
ENCODING 1168
SWIDTH 500 0
DWIDTH 12 0
BBX 13 21 1 0
BITMAP
0018
0030
0030
0030
1FF0
1FF0
1800
3000
3000
3000
3000
3000
7000
6000
6000
6000
6000
6000
C000
C000
C000
ENDCHAR
STARTCHAR afii10098
ENCODING 1169
SWIDTH 333 0
DWIDTH 8 0
BBX 9 17 0 0
BITMAP
0180
0180
0180
0300
3F00
3F00
3000
3000
3000
6000
6000
6000
6000
6000
C000
C000
C000
ENDCHAR
STARTCHAR Wgrave
ENCODING 7808
SWIDTH 1000 0
DWIDTH 24 0
BBX 24 22 2 0
BITMAP
007000
003800
001800
000C00
000000
C01803
C03806
C02806
C0680C
60680C
60CC18
60CC18
618C30
618C30
630C60
630C40
660CC0
260C80
2C0580
280500
380700
300600
ENDCHAR
STARTCHAR wgrave
ENCODING 7809
SWIDTH 667 0
DWIDTH 16 0
BBX 15 18 1 0
BITMAP
0380
01C0
00C0
0060
0000
C386
C786
C78C
C58C
CD88
CD98
C998
D9B0
D9B0
51A0
71E0
71E0
61C0
ENDCHAR
STARTCHAR Wacute
ENCODING 7810
SWIDTH 1000 0
DWIDTH 24 0
BBX 24 22 2 0
BITMAP
000380
000700
000C00
001800
000000
C01803
C03806
C02806
C0680C
60680C
60CC18
60CC18
618C30
618C30
630C60
630C40
660CC0
260C80
2C0580
280500
380700
300600
ENDCHAR
STARTCHAR wacute
ENCODING 7811
SWIDTH 667 0
DWIDTH 16 0
BBX 15 18 1 0
BITMAP
0070
00C0
0180
0300
0000
C386
C786
C78C
C58C
CD88
CD98
C998
D9B0
D9B0
51A0
71E0
71E0
61C0
ENDCHAR
STARTCHAR Wdieresis
ENCODING 7812
SWIDTH 1000 0
DWIDTH 24 0
BBX 24 20 2 0
BITMAP
006600
006600
000000
C01803
C03806
C02806
C0680C
60680C
60CC18
60CC18
618C30
618C30
630C60
630C40
660CC0
260C80
2C0580
280500
380700
300600
ENDCHAR
STARTCHAR wdieresis
ENCODING 7813
SWIDTH 667 0
DWIDTH 16 0
BBX 15 17 1 0
BITMAP
0660
0660
0000
0000
C386
C786
C78C
C58C
CD88
CD98
C998
D9B0
D9B0
51A0
71E0
71E0
61C0
ENDCHAR
STARTCHAR Ygrave
ENCODING 7922
SWIDTH 667 0
DWIDTH 16 0
BBX 14 22 3 0
BITMAP
0E00
0700
0300
0180
0000
C00C
E018
6030
6060
3040
30C0
1980
1B00
0E00
0C00
0C00
0C00
0C00
0C00
1800
1800
1800
ENDCHAR
STARTCHAR ygrave
ENCODING 7923
SWIDTH 500 0
DWIDTH 12 0
BBX 15 23 -2 -5
BITMAP
0380
01C0
00C0
0060
0000
1806
180C
180C
1C18
0C18
0C30
0C30
0C60
0640
06C0
0680
0780
0700
0700
0E00
1C00
F800
F000
ENDCHAR
STARTCHAR uni2010
ENCODING 8208
SWIDTH 333 0
DWIDTH 8 0
BBX 6 2 1 5
BITMAP
FC
FC
ENDCHAR
STARTCHAR uni2011
ENCODING 8209
SWIDTH 333 0
DWIDTH 8 0
BBX 6 2 1 5
BITMAP
FC
FC
ENDCHAR
STARTCHAR figuredash
ENCODING 8210
SWIDTH 333 0
DWIDTH 8 0
BBX 6 2 1 5
BITMAP
FC
FC
ENDCHAR
STARTCHAR endash
ENCODING 8211
SWIDTH 542 0
DWIDTH 13 0
BBX 13 2 0 5
BITMAP
FFF8
FFF8
ENDCHAR
STARTCHAR emdash
ENCODING 8212
SWIDTH 1000 0
DWIDTH 24 0
BBX 24 2 0 5
BITMAP
FFFFFF
FFFFFF
ENDCHAR
STARTCHAR afii00208
ENCODING 8213
SWIDTH 1000 0
DWIDTH 24 0
BBX 24 2 0 5
BITMAP
FFFFFF
FFFFFF
ENDCHAR
STARTCHAR underscoredbl
ENCODING 8215
SWIDTH 542 0
DWIDTH 13 0
BBX 14 4 -2 -6
BITMAP
FFFC
0000
0000
FFFC
ENDCHAR
STARTCHAR quoteleft
ENCODING 8216
SWIDTH 208 0
DWIDTH 5 0
BBX 4 6 2 11
BITMAP
20
60
40
E0
E0
E0
ENDCHAR
STARTCHAR quoteright
ENCODING 8217
SWIDTH 208 0
DWIDTH 5 0
BBX 4 6 2 11
BITMAP
70
70
70
20
60
40
ENDCHAR
STARTCHAR quotesinglbase
ENCODING 8218
SWIDTH 208 0
DWIDTH 5 0
BBX 4 6 -1 -3
BITMAP
70
70
70
20
60
40
ENDCHAR
STARTCHAR quotereversed
ENCODING 8219
SWIDTH 208 0
DWIDTH 5 0
BBX 3 6 3 11
BITMAP
E0
E0
E0
80
80
C0
ENDCHAR
STARTCHAR quotedblleft
ENCODING 8220
SWIDTH 333 0
DWIDTH 8 0
BBX 8 6 2 11
BITMAP
22
66
44
EE
EE
EE
ENDCHAR
STARTCHAR quotedblright
ENCODING 8221
SWIDTH 292 0
DWIDTH 7 0
BBX 8 6 1 11
BITMAP
77
77
77
22
66
44
ENDCHAR
STARTCHAR quotedblbase
ENCODING 8222
SWIDTH 250 0
DWIDTH 6 0
BBX 8 6 -2 -3
BITMAP
77
77
77
22
66
44
ENDCHAR
STARTCHAR dagger
ENCODING 8224
SWIDTH 542 0
DWIDTH 13 0
BBX 10 19 3 -2
BITMAP
0700
0700
0600
0600
FFC0
FFC0
0C00
0C00
0C00
0C00
1800
1800
1800
1800
1800
1000
3000
3000
3000
ENDCHAR
STARTCHAR daggerdbl
ENCODING 8225
SWIDTH 542 0
DWIDTH 13 0
BBX 12 19 1 -2
BITMAP
01C0
01C0
0180
0380
3FF0
3FF0
0300
0300
0300
0200
0600
0600
0600
FFC0
FFC0
0E00
0C00
1C00
1C00
ENDCHAR
STARTCHAR bullet
ENCODING 8226
SWIDTH 333 0
DWIDTH 8 0
BBX 7 7 1 5
BITMAP
38
7C
FE
FE
FE
7C
38
ENDCHAR
STARTCHAR ellipsis
ENCODING 8230
SWIDTH 1000 0
DWIDTH 24 0
BBX 19 3 2 0
BITMAP
E0E0E0
E0E0E0
E0E0E0
ENDCHAR
STARTCHAR perthousand
ENCODING 8240
SWIDTH 958 0
DWIDTH 23 0
BBX 23 17 0 0
BITMAP
0F0300
318600
318C00
619800
61B000
61B000
636000
62C000
3DBC3C
03C6C6
06C6C6
0D8786
0D8786
198786
318D8C
618988
C0F0F0
ENDCHAR
STARTCHAR minute
ENCODING 8242
SWIDTH 208 0
DWIDTH 5 0
BBX 3 6 2 11
BITMAP
60
60
C0
C0
C0
80
ENDCHAR
STARTCHAR second
ENCODING 8243
SWIDTH 375 0
DWIDTH 9 0
BBX 7 6 2 11
BITMAP
66
66
CC
CC
CC
88
ENDCHAR
STARTCHAR guilsinglleft
ENCODING 8249
SWIDTH 333 0
DWIDTH 8 0
BBX 7 9 1 2
BITMAP
06
1C
38
60
C0
E0
60
30
18
ENDCHAR
STARTCHAR guilsinglright
ENCODING 8250
SWIDTH 333 0
DWIDTH 8 0
BBX 7 9 -1 2
BITMAP
30
18
0C
0C
06
0C
18
70
E0
ENDCHAR
STARTCHAR exclamdbl
ENCODING 8252
SWIDTH 500 0
DWIDTH 12 0
BBX 10 17 1 0
BITMAP
18C0
18C0
18C0
3180
3180
3180
3180
3180
2100
6300
6300
6300
0000
0000
C600
C600
C600
ENDCHAR
STARTCHAR uni203E
ENCODING 8254
SWIDTH 333 0
DWIDTH 8 0
BBX 8 1 0 18
BITMAP
FF
ENDCHAR
STARTCHAR fraction
ENCODING 8260
SWIDTH 167 0
DWIDTH 4 0
BBX 16 17 -7 0
BITMAP
0003
0006
000C
0018
0030
0030
0060
00C0
0180
0300
0600
0C00
0C00
1800
3000
6000
C000
ENDCHAR
STARTCHAR uni207F
ENCODING 8319
SWIDTH 375 0
DWIDTH 9 0
BBX 8 8 1 6
BITMAP
6F
73
63
63
63
C3
C6
C6
ENDCHAR
STARTCHAR franc
ENCODING 8355
SWIDTH 542 0
DWIDTH 13 0
BBX 13 17 1 0
BITMAP
0FF8
0FF8
0C00
1800
1800
1800
1800
1FF0
1FF0
3000
3000
3000
FF00
FF00
7000
6000
6000
ENDCHAR
STARTCHAR lira
ENCODING 8356
SWIDTH 542 0
DWIDTH 13 0
BBX 13 17 1 0
BITMAP
01E0
07F8
0618
0C00
0C00
3FC0
3FC0
0C00
1C00
7FC0
7F80
1800
1800
3030
6070
FFE0
FFC0
ENDCHAR
STARTCHAR peseta
ENCODING 8359
SWIDTH 1083 0
DWIDTH 26 0
BBX 24 17 1 0
BITMAP
1F0000
1FC000
18E000
306000
306400
306C00
306C00
31DF3C
7FBEFF
7F18C3
6018E0
601878
60181E
601806
C03186
C01DFE
C01CF8
ENDCHAR
STARTCHAR Euro
ENCODING 8364
SWIDTH 542 0
DWIDTH 13 0
BBX 14 17 0 0
BITMAP
01F0
07F8
0E1C
1C0C
1800
7FC0
7FC0
3000
3000
7F80
FF80
3000
3000
3030
1870
1FE0
0780
ENDCHAR
STARTCHAR afii61248
ENCODING 8453
SWIDTH 917 0
DWIDTH 22 0
BBX 19 17 2 0
BITMAP
1E00C0
230180
630300
C00600
C00C00
C00C00
C01800
C633C0
CC6460
78CC60
019860
031860
031860
061840
0C18C0
181880
300F00
ENDCHAR
STARTCHAR afii61289
ENCODING 8467
SWIDTH 333 0
DWIDTH 8 0
BBX 9 17 0 0
BITMAP
0700
0C80
1880
1880
1880
1900
3100
3200
3400
3800
7000
E000
6000
6200
6400
6400
3800
ENDCHAR
STARTCHAR afii61352
ENCODING 8470
SWIDTH 1083 0
DWIDTH 26 0
BBX 24 17 1 0
BITMAP
1C0600
1C0600
140600
360C00
360C3C
320CC3
330CC3
330D83
711D83
619983
619986
6099C6
60D878
60D800
C0F000
C073FC
C073FC
ENDCHAR
STARTCHAR trademark
ENCODING 8482
SWIDTH 1000 0
DWIDTH 24 0
BBX 20 9 2 8
BITMAP
FF7070
187070
1878F0
1868B0
186DB0
186DB0
186530
186730
186230
ENDCHAR
STARTCHAR u2126
ENCODING 8486
SWIDTH 750 0
DWIDTH 18 0
BBX 17 17 1 0
BITMAP
07F000
0FF800
1C1C00
300600
700700
600300
600300
600300
600300
600300
700700
300600
380E00
1C1C00
0E3800
FE3F80
FE3F80
ENDCHAR
STARTCHAR estimated
ENCODING 8494
SWIDTH 583 0
DWIDTH 14 0
BBX 12 13 1 0
BITMAP
0F00
30C0
6060
6060
E070
E070
FFF0
E000
E000
6020
6020
30C0
1F80
ENDCHAR
STARTCHAR oneeighth
ENCODING 8539
SWIDTH 833 0
DWIDTH 20 0
BBX 19 17 0 0
BITMAP
0E00C0
3E0180
260300
0C0600
0C0C00
0C0C00
0C1800
1837C0
186C60
FFCC60
018C60
030780
0308C0
0618C0
0C18C0
1819C0
300F00
ENDCHAR
STARTCHAR threeeighths
ENCODING 8540
SWIDTH 833 0
DWIDTH 20 0
BBX 18 17 1 0
BITMAP
1E0180
330300
630600
070C00
181800
061800
063000
C66F80
C6D8C0
7998C0
0318C0
060F00
061180
0C3180
183180
303380
601E00
ENDCHAR
STARTCHAR fiveeighths
ENCODING 8541
SWIDTH 833 0
DWIDTH 20 0
BBX 18 17 1 0
BITMAP
3E0180
200300
200600
7C0C00
661800
061800
063000
C66F80
ECD8C0
7998C0
0318C0
060F00
061180
0C3180
183180
303380
601E00
ENDCHAR
STARTCHAR seveneighths
ENCODING 8542
SWIDTH 833 0
DWIDTH 20 0
BBX 18 17 1 0
BITMAP
1F8300
010600
030C00
061800
063000
0C3000
0C6000
0CCF80
1998C0
1B18C0
061D80
0C1F00
0C3180
183180
303180
603B00
C00E00
ENDCHAR
STARTCHAR arrowleft
ENCODING 8592
SWIDTH 1000 0
DWIDTH 24 0
BBX 14 5 5 1
BITMAP
3000
6000
FFFC
6000
3000
ENDCHAR
STARTCHAR arrowup
ENCODING 8593
SWIDTH 500 0
DWIDTH 12 0
BBX 5 14 4 -1
BITMAP
20
70
F8
A8
20
20
20
20
20
20
20
20
20
20
ENDCHAR
STARTCHAR arrowright
ENCODING 8594
SWIDTH 1000 0
DWIDTH 24 0
BBX 14 5 5 1
BITMAP
0030
0018
FFFC
0018
0030
ENDCHAR
STARTCHAR arrowdown
ENCODING 8595
SWIDTH 500 0
DWIDTH 12 0
BBX 5 14 4 -1
BITMAP
20
20
20
20
20
20
20
20
20
20
A8
F8
70
20
ENDCHAR
STARTCHAR arrowboth
ENCODING 8596
SWIDTH 1000 0
DWIDTH 24 0
BBX 14 5 5 1
BITMAP
3030
6018
FFFC
6018
3030
ENDCHAR
STARTCHAR arrowupdn
ENCODING 8597
SWIDTH 500 0
DWIDTH 12 0
BBX 5 14 4 -1
BITMAP
20
70
F8
A8
20
20
20
20
20
20
A8
F8
70
20
ENDCHAR
STARTCHAR arrowupdnbse
ENCODING 8616
SWIDTH 500 0
DWIDTH 12 0
BBX 5 16 4 -3
BITMAP
20
70
F8
A8
20
20
20
20
20
20
A8
F8
70
20
00
F8
ENDCHAR
STARTCHAR partialdiff
ENCODING 8706
SWIDTH 500 0
DWIDTH 12 0
BBX 10 17 1 0
BITMAP
1F00
1F80
0180
00C0
00C0
1EC0
3FC0
71C0
61C0
E0C0
C1C0
C180
C180
C300
E700
7E00
3C00
ENDCHAR
STARTCHAR u2206
ENCODING 8710
SWIDTH 625 0
DWIDTH 15 0
BBX 15 17 0 0
BITMAP
0380
0380
06C0
06C0
0C60
0C60
0C60
1830
1830
3018
3018
701C
600C
600C
C006
FFFE
FFFE
ENDCHAR
STARTCHAR product
ENCODING 8719
SWIDTH 833 0
DWIDTH 20 0
BBX 15 22 3 -5
BITMAP
FFFE
FFFE
C006
C006
C006
C006
C006
C006
C006
C006
C006
C006
C006
C006
C006
C006
C006
C006
C006
C006
C006
C006
ENDCHAR
STARTCHAR summation
ENCODING 8721
SWIDTH 708 0
DWIDTH 17 0
BBX 14 22 2 -5
BITMAP
FFFC
FFFC
6000
3000
1800
1C00
0E00
0600
0300
0180
00C0
00C0
0180
0300
0600
0C00
1C00
1800
3000
6000
FFFC
FFFC
ENDCHAR
STARTCHAR minus
ENCODING 8722
SWIDTH 583 0
DWIDTH 14 0
BBX 11 2 2 7
BITMAP
FFE0
FFE0
ENDCHAR
STARTCHAR fraction
ENCODING 8725
SWIDTH 167 0
DWIDTH 4 0
BBX 16 17 -7 0
BITMAP
0003
0006
000C
0018
0030
0030
0060
00C0
0180
0300
0600
0C00
0C00
1800
3000
6000
C000
ENDCHAR
STARTCHAR periodcentered
ENCODING 8729
SWIDTH 292 0
DWIDTH 7 0
BBX 3 3 2 6
BITMAP
E0
E0
E0
ENDCHAR
STARTCHAR radical
ENCODING 8730
SWIDTH 542 0
DWIDTH 13 0
BBX 12 19 1 0
BITMAP
0010
0030
0030
0020
0060
0060
0040
0040
E0C0
3080
1080
1180
1980
0900
0900
0F00
0600
0600
0600
ENDCHAR
STARTCHAR infinity
ENCODING 8734
SWIDTH 750 0
DWIDTH 18 0
BBX 16 9 1 3
BITMAP
3C1C
7E7E
E3C7
C183
C183
C183
E3C7
7E7E
3C3C
ENDCHAR
STARTCHAR orthogonal
ENCODING 8735
SWIDTH 1000 0
DWIDTH 24 0
BBX 14 14 5 0
BITMAP
8000
8000
8000
8000
8000
8000
8000
8000
8000
8000
8000
8000
8000
FFFC
ENDCHAR
STARTCHAR intersection
ENCODING 8745
SWIDTH 708 0
DWIDTH 17 0
BBX 11 12 3 0
BITMAP
1F00
2080
4040
8020
8020
8020
8020
8020
8020
8020
8020
8020
ENDCHAR
STARTCHAR integral
ENCODING 8747
SWIDTH 292 0
DWIDTH 7 0
BBX 8 23 -1 -5
BITMAP
07
0F
1C
18
18
18
18
18
18
18
18
18
18
18
18
18
18
18
18
18
38
F0
E0
ENDCHAR
STARTCHAR approxequal
ENCODING 8776
SWIDTH 542 0
DWIDTH 13 0
BBX 11 9 1 4
BITMAP
7800
FE20
8FE0
03C0
0000
7800
FE20
8FE0
03C0
ENDCHAR
STARTCHAR notequal
ENCODING 8800
SWIDTH 542 0
DWIDTH 13 0
BBX 11 14 1 1
BITMAP
0080
0180
0100
FFE0
FFE0
0600
0400
0C00
0800
FFE0
FFE0
3000
2000
6000
ENDCHAR
STARTCHAR equivalence
ENCODING 8801
SWIDTH 583 0
DWIDTH 14 0
BBX 12 10 1 3
BITMAP
FFF0
FFF0
0000
0000
FFF0
FFF0
0000
0000
FFF0
FFF0
ENDCHAR
STARTCHAR lessequal
ENCODING 8804
SWIDTH 542 0
DWIDTH 13 0
BBX 11 14 1 0
BITMAP
0020
01E0
0780
3E00
F000
C000
F000
3C00
0780
01E0
0020
0000
FFE0
FFE0
ENDCHAR
STARTCHAR greaterequal
ENCODING 8805
SWIDTH 542 0
DWIDTH 13 0
BBX 11 14 1 0
BITMAP
8000
F000
3C00
0F80
01E0
0060
01E0
0780
3C00
F000
8000
0000
FFE0
FFE0
ENDCHAR
STARTCHAR house
ENCODING 8962
SWIDTH 625 0
DWIDTH 15 0
BBX 11 13 2 0
BITMAP
0400
0A00
1100
2080
4040
8020
8020
8020
8020
8020
8020
8020
FFE0
ENDCHAR
STARTCHAR revlogicalnot
ENCODING 8976
SWIDTH 583 0
DWIDTH 14 0
BBX 12 7 1 2
BITMAP
FFF0
FFF0
C000
C000
C000
C000
C000
ENDCHAR
STARTCHAR integraltp
ENCODING 8992
SWIDTH 625 0
DWIDTH 15 0
BBX 5 27 6 -7
BITMAP
38
58
C0
C0
C0
C0
C0
C0
C0
C0
C0
C0
C0
C0
C0
C0
C0
C0
C0
C0
C0
C0
C0
C0
C0
C0
C0
ENDCHAR
STARTCHAR integralbt
ENCODING 8993
SWIDTH 625 0
DWIDTH 15 0
BBX 5 27 3 -7
BITMAP
18
18
18
18
18
18
18
18
18
18
18
18
18
18
18
18
18
18
18
18
18
18
18
18
18
D0
E0
ENDCHAR
STARTCHAR SF100000
ENCODING 9472
SWIDTH 708 0
DWIDTH 17 0
BBX 17 2 0 6
BITMAP
FFFF80
FFFF80
ENDCHAR
STARTCHAR SF110000
ENCODING 9474
SWIDTH 625 0
DWIDTH 15 0
BBX 2 29 6 -7
BITMAP
C0
C0
C0
C0
C0
C0
C0
C0
C0
C0
C0
C0
C0
C0
C0
C0
C0
C0
C0
C0
C0
C0
C0
C0
C0
C0
C0
C0
C0
ENDCHAR
STARTCHAR SF010000
ENCODING 9484
SWIDTH 708 0
DWIDTH 17 0
BBX 9 15 8 -7
BITMAP
FF80
FF80
C000
C000
C000
C000
C000
C000
C000
C000
C000
C000
C000
C000
C000
ENDCHAR
STARTCHAR SF030000
ENCODING 9488
SWIDTH 708 0
DWIDTH 17 0
BBX 10 15 0 -7
BITMAP
FFC0
FFC0
00C0
00C0
00C0
00C0
00C0
00C0
00C0
00C0
00C0
00C0
00C0
00C0
00C0
ENDCHAR
STARTCHAR SF020000
ENCODING 9492
SWIDTH 708 0
DWIDTH 17 0
BBX 9 16 8 6
BITMAP
C000
C000
C000
C000
C000
C000
C000
C000
C000
C000
C000
C000
C000
C000
FF80
FF80
ENDCHAR
STARTCHAR SF040000
ENCODING 9496
SWIDTH 708 0
DWIDTH 17 0
BBX 10 16 0 6
BITMAP
00C0
00C0
00C0
00C0
00C0
00C0
00C0
00C0
00C0
00C0
00C0
00C0
00C0
00C0
FFC0
FFC0
ENDCHAR
STARTCHAR SF080000
ENCODING 9500
SWIDTH 708 0
DWIDTH 17 0
BBX 9 29 8 -7
BITMAP
C000
C000
C000
C000
C000
C000
C000
C000
C000
C000
C000
C000
C000
C000
FF80
FF80
C000
C000
C000
C000
C000
C000
C000
C000
C000
C000
C000
C000
C000
ENDCHAR
STARTCHAR SF090000
ENCODING 9508
SWIDTH 708 0
DWIDTH 17 0
BBX 10 29 0 -7
BITMAP
00C0
00C0
00C0
00C0
00C0
00C0
00C0
00C0
00C0
00C0
00C0
00C0
00C0
00C0
FFC0
FFC0
00C0
00C0
00C0
00C0
00C0
00C0
00C0
00C0
00C0
00C0
00C0
00C0
00C0
ENDCHAR
STARTCHAR SF060000
ENCODING 9516
SWIDTH 708 0
DWIDTH 17 0
BBX 17 15 0 -7
BITMAP
FFFF80
FFFF80
00C000
00C000
00C000
00C000
00C000
00C000
00C000
00C000
00C000
00C000
00C000
00C000
00C000
ENDCHAR
STARTCHAR SF070000
ENCODING 9524
SWIDTH 708 0
DWIDTH 17 0
BBX 17 16 0 6
BITMAP
00C000
00C000
00C000
00C000
00C000
00C000
00C000
00C000
00C000
00C000
00C000
00C000
00C000
00C000
FFFF80
FFFF80
ENDCHAR
STARTCHAR SF050000
ENCODING 9532
SWIDTH 708 0
DWIDTH 17 0
BBX 17 29 0 -7
BITMAP
00C000
00C000
00C000
00C000
00C000
00C000
00C000
00C000
00C000
00C000
00C000
00C000
00C000
00C000
FFFF80
FFFF80
00C000
00C000
00C000
00C000
00C000
00C000
00C000
00C000
00C000
00C000
00C000
00C000
00C000
ENDCHAR
STARTCHAR SF430000
ENCODING 9552
SWIDTH 708 0
DWIDTH 17 0
BBX 17 6 0 4
BITMAP
FFFF80
FFFF80
000000
000000
FFFF80
FFFF80
ENDCHAR
STARTCHAR SF240000
ENCODING 9553
SWIDTH 708 0
DWIDTH 17 0
BBX 6 29 6 -7
BITMAP
CC
CC
CC
CC
CC
CC
CC
CC
CC
CC
CC
CC
CC
CC
CC
CC
CC
CC
CC
CC
CC
CC
CC
CC
CC
CC
CC
CC
CC
ENDCHAR
STARTCHAR SF510000
ENCODING 9554
SWIDTH 708 0
DWIDTH 17 0
BBX 9 17 8 -7
BITMAP
FF80
FF80
C000
C000
FF80
FF80
C000
C000
C000
C000
C000
C000
C000
C000
C000
C000
C000
ENDCHAR
STARTCHAR SF520000
ENCODING 9555
SWIDTH 708 0
DWIDTH 17 0
BBX 11 15 6 -7
BITMAP
FFE0
FFE0
CC00
CC00
CC00
CC00
CC00
CC00
CC00
CC00
CC00
CC00
CC00
CC00
CC00
ENDCHAR
STARTCHAR SF390000
ENCODING 9556
SWIDTH 708 0
DWIDTH 17 0
BBX 11 17 6 -7
BITMAP
FFE0
FFE0
C000
C000
CFE0
CFE0
CC00
CC00
CC00
CC00
CC00
CC00
CC00
CC00
CC00
CC00
CC00
ENDCHAR
STARTCHAR SF220000
ENCODING 9557
SWIDTH 708 0
DWIDTH 17 0
BBX 10 17 0 -7
BITMAP
FFC0
FFC0
00C0
00C0
FFC0
FFC0
00C0
00C0
00C0
00C0
00C0
00C0
00C0
00C0
00C0
00C0
00C0
ENDCHAR
STARTCHAR SF210000
ENCODING 9558
SWIDTH 708 0
DWIDTH 17 0
BBX 12 15 0 -7
BITMAP
FFF0
FFF0
0330
0330
0330
0330
0330
0330
0330
0330
0330
0330
0330
0330
0330
ENDCHAR
STARTCHAR SF250000
ENCODING 9559
SWIDTH 708 0
DWIDTH 17 0
BBX 12 17 0 -7
BITMAP
FFF0
FFF0
0030
0030
FF30
FF30
0330
0330
0330
0330
0330
0330
0330
0330
0330
0330
0330
ENDCHAR
STARTCHAR SF500000
ENCODING 9560
SWIDTH 708 0
DWIDTH 17 0
BBX 9 18 8 4
BITMAP
C000
C000
C000
C000
C000
C000
C000
C000
C000
C000
C000
C000
FF80
FF80
C000
C000
FF80
FF80
ENDCHAR
STARTCHAR SF490000
ENCODING 9561
SWIDTH 708 0
DWIDTH 17 0
BBX 11 16 6 6
BITMAP
CC00
CC00
CC00
CC00
CC00
CC00
CC00
CC00
CC00
CC00
CC00
CC00
CC00
CC00
FFE0
FFE0
ENDCHAR
STARTCHAR SF380000
ENCODING 9562
SWIDTH 708 0
DWIDTH 17 0
BBX 11 18 6 4
BITMAP
CC00
CC00
CC00
CC00
CC00
CC00
CC00
CC00
CC00
CC00
CC00
CC00
CFE0
CFE0
C000
C000
FFE0
FFE0
ENDCHAR
STARTCHAR SF280000
ENCODING 9563
SWIDTH 708 0
DWIDTH 17 0
BBX 10 18 0 4
BITMAP
00C0
00C0
00C0
00C0
00C0
00C0
00C0
00C0
00C0
00C0
00C0
00C0
FFC0
FFC0
00C0
00C0
FFC0
FFC0
ENDCHAR
STARTCHAR SF270000
ENCODING 9564
SWIDTH 708 0
DWIDTH 17 0
BBX 12 16 0 6
BITMAP
0330
0330
0330
0330
0330
0330
0330
0330
0330
0330
0330
0330
0330
0330
FFF0
FFF0
ENDCHAR
STARTCHAR SF260000
ENCODING 9565
SWIDTH 708 0
DWIDTH 17 0
BBX 12 18 0 4
BITMAP
0330
0330
0330
0330
0330
0330
0330
0330
0330
0330
0330
0330
FF30
FF30
0030
0030
FFF0
FFF0
ENDCHAR
STARTCHAR SF360000
ENCODING 9566
SWIDTH 708 0
DWIDTH 17 0
BBX 9 29 8 -7
BITMAP
C000
C000
C000
C000
C000
C000
C000
C000
C000
C000
C000
C000
FF80
FF80
C000
C000
FF80
FF80
C000
C000
C000
C000
C000
C000
C000
C000
C000
C000
C000
ENDCHAR
STARTCHAR SF370000
ENCODING 9567
SWIDTH 708 0
DWIDTH 17 0
BBX 11 29 6 -7
BITMAP
CC00
CC00
CC00
CC00
CC00
CC00
CC00
CC00
CC00
CC00
CC00
CC00
CC00
CC00
CFE0
CFE0
CC00
CC00
CC00
CC00
CC00
CC00
CC00
CC00
CC00
CC00
CC00
CC00
CC00
ENDCHAR
STARTCHAR SF420000
ENCODING 9568
SWIDTH 708 0
DWIDTH 17 0
BBX 11 29 6 -7
BITMAP
CC00
CC00
CC00
CC00
CC00
CC00
CC00
CC00
CC00
CC00
CC00
CC00
CFE0
CFE0
C000
C000
CFE0
CFE0
CC00
CC00
CC00
CC00
CC00
CC00
CC00
CC00
CC00
CC00
CC00
ENDCHAR
STARTCHAR SF190000
ENCODING 9569
SWIDTH 708 0
DWIDTH 17 0
BBX 10 29 0 -7
BITMAP
00C0
00C0
00C0
00C0
00C0
00C0
00C0
00C0
00C0
00C0
00C0
00C0
FFC0
FFC0
00C0
00C0
FFC0
FFC0
00C0
00C0
00C0
00C0
00C0
00C0
00C0
00C0
00C0
00C0
00C0
ENDCHAR
STARTCHAR SF200000
ENCODING 9570
SWIDTH 708 0
DWIDTH 17 0
BBX 12 29 0 -7
BITMAP
0330
0330
0330
0330
0330
0330
0330
0330
0330
0330
0330
0330
0330
0330
FF30
FF30
0330
0330
0330
0330
0330
0330
0330
0330
0330
0330
0330
0330
0330
ENDCHAR
STARTCHAR SF230000
ENCODING 9571
SWIDTH 708 0
DWIDTH 17 0
BBX 12 29 0 -7
BITMAP
0330
0330
0330
0330
0330
0330
0330
0330
0330
0330
0330
0330
FF30
FF30
0030
0030
FF30
FF30
0330
0330
0330
0330
0330
0330
0330
0330
0330
0330
0330
ENDCHAR
STARTCHAR SF470000
ENCODING 9572
SWIDTH 708 0
DWIDTH 17 0
BBX 17 17 0 -7
BITMAP
FFFF80
FFFF80
000000
000000
FFFF80
FFFF80
00C000
00C000
00C000
00C000
00C000
00C000
00C000
00C000
00C000
00C000
00C000
ENDCHAR
STARTCHAR SF480000
ENCODING 9573
SWIDTH 708 0
DWIDTH 17 0
BBX 17 15 0 -7
BITMAP
FFFF80
FFFF80
033000
033000
033000
033000
033000
033000
033000
033000
033000
033000
033000
033000
033000
ENDCHAR
STARTCHAR SF410000
ENCODING 9574
SWIDTH 708 0
DWIDTH 17 0
BBX 17 17 0 -7
BITMAP
FFFF80
FFFF80
000000
000000
FF3F80
FF3F80
033000
033000
033000
033000
033000
033000
033000
033000
033000
033000
033000
ENDCHAR
STARTCHAR SF450000
ENCODING 9575
SWIDTH 708 0
DWIDTH 17 0
BBX 17 18 0 4
BITMAP
00C000
00C000
00C000
00C000
00C000
00C000
00C000
00C000
00C000
00C000
00C000
00C000
FFFF80
FFFF80
000000
000000
FFFF80
FFFF80
ENDCHAR
STARTCHAR SF460000
ENCODING 9576
SWIDTH 708 0
DWIDTH 17 0
BBX 17 16 0 6
BITMAP
033000
033000
033000
033000
033000
033000
033000
033000
033000
033000
033000
033000
033000
033000
FFFF80
FFFF80
ENDCHAR
STARTCHAR SF400000
ENCODING 9577
SWIDTH 708 0
DWIDTH 17 0
BBX 17 18 0 4
BITMAP
033000
033000
033000
033000
033000
033000
033000
033000
033000
033000
033000
033000
FF3F80
FF3F80
000000
000000
FFFF80
FFFF80
ENDCHAR
STARTCHAR SF540000
ENCODING 9578
SWIDTH 708 0
DWIDTH 17 0
BBX 17 29 0 -7
BITMAP
00C000
00C000
00C000
00C000
00C000
00C000
00C000
00C000
00C000
00C000
00C000
00C000
FFFF80
FFFF80
00C000
00C000
FFFF80
FFFF80
00C000
00C000
00C000
00C000
00C000
00C000
00C000
00C000
00C000
00C000
00C000
ENDCHAR
STARTCHAR SF530000
ENCODING 9579
SWIDTH 708 0
DWIDTH 17 0
BBX 17 29 0 -7
BITMAP
033000
033000
033000
033000
033000
033000
033000
033000
033000
033000
033000
033000
033000
033000
FFFF80
FFFF80
033000
033000
033000
033000
033000
033000
033000
033000
033000
033000
033000
033000
033000
ENDCHAR
STARTCHAR SF440000
ENCODING 9580
SWIDTH 708 0
DWIDTH 17 0
BBX 17 29 0 -7
BITMAP
033000
033000
033000
033000
033000
033000
033000
033000
033000
033000
033000
033000
FF3F80
FF3F80
000000
000000
FF3F80
FF3F80
033000
033000
033000
033000
033000
033000
033000
033000
033000
033000
033000
ENDCHAR
STARTCHAR upblock
ENCODING 9600
SWIDTH 708 0
DWIDTH 17 0
BBX 17 15 0 7
BITMAP
FFFF80
FFFF80
FFFF80
FFFF80
FFFF80
FFFF80
FFFF80
FFFF80
FFFF80
FFFF80
FFFF80
FFFF80
FFFF80
FFFF80
FFFF80
ENDCHAR
STARTCHAR dnblock
ENCODING 9604
SWIDTH 708 0
DWIDTH 17 0
BBX 17 14 0 -7
BITMAP
FFFF80
FFFF80
FFFF80
FFFF80
FFFF80
FFFF80
FFFF80
FFFF80
FFFF80
FFFF80
FFFF80
FFFF80
FFFF80
FFFF80
ENDCHAR
STARTCHAR block
ENCODING 9608
SWIDTH 708 0
DWIDTH 17 0
BBX 17 29 0 -7
BITMAP
FFFF80
FFFF80
FFFF80
FFFF80
FFFF80
FFFF80
FFFF80
FFFF80
FFFF80
FFFF80
FFFF80
FFFF80
FFFF80
FFFF80
FFFF80
FFFF80
FFFF80
FFFF80
FFFF80
FFFF80
FFFF80
FFFF80
FFFF80
FFFF80
FFFF80
FFFF80
FFFF80
FFFF80
FFFF80
ENDCHAR
STARTCHAR lfblock
ENCODING 9612
SWIDTH 708 0
DWIDTH 17 0
BBX 9 29 0 -7
BITMAP
FF80
FF80
FF80
FF80
FF80
FF80
FF80
FF80
FF80
FF80
FF80
FF80
FF80
FF80
FF80
FF80
FF80
FF80
FF80
FF80
FF80
FF80
FF80
FF80
FF80
FF80
FF80
FF80
FF80
ENDCHAR
STARTCHAR rtblock
ENCODING 9616
SWIDTH 708 0
DWIDTH 17 0
BBX 8 29 9 -7
BITMAP
FF
FF
FF
FF
FF
FF
FF
FF
FF
FF
FF
FF
FF
FF
FF
FF
FF
FF
FF
FF
FF
FF
FF
FF
FF
FF
FF
FF
FF
ENDCHAR
STARTCHAR ltshade
ENCODING 9617
SWIDTH 708 0
DWIDTH 17 0
BBX 16 26 1 -6
BITMAP
8421
0000
1084
0000
0000
8421
0000
1084
0000
8421
0000
1084
0000
0000
8421
0000
1084
0000
8421
0000
1084
0000
0000
8421
0000
1084
ENDCHAR
STARTCHAR shade
ENCODING 9618
SWIDTH 708 0
DWIDTH 17 0
BBX 17 26 0 -6
BITMAP
4AD680
000000
B5A900
B5A900
000000
4AD680
000000
B5A900
000000
4AD680
000000
B5A900
B5A900
000000
4AD680
000000
B5A900
000000
4AD680
000000
B5A900
B5A900
000000
4AD680
000000
B5A900
ENDCHAR
STARTCHAR dkshade
ENCODING 9619
SWIDTH 750 0
DWIDTH 18 0
BBX 18 27 0 -7
BITMAP
6A5AC0
FFFFC0
B5AD00
FFFFC0
FFFFC0
6A5AC0
FFFFC0
B5AD00
FFFFC0
6A5AC0
FFFFC0
B5AD00
B5AD00
FFFFC0
6A5AC0
FFFFC0
B5AD00
FFFFC0
6A5AC0
FFFFC0
B5AD00
B5AD00
FFFFC0
6A5AC0
FFFFC0
B5AD00
FFFFC0
ENDCHAR
STARTCHAR filledbox
ENCODING 9632
SWIDTH 625 0
DWIDTH 15 0
BBX 12 12 1 1
BITMAP
FFF0
FFF0
FFF0
FFF0
FFF0
FFF0
FFF0
FFF0
FFF0
FFF0
FFF0
FFF0
ENDCHAR
STARTCHAR H22073
ENCODING 9633
SWIDTH 625 0
DWIDTH 15 0
BBX 14 14 0 0
BITMAP
FFFC
8004
8004
8004
8004
8004
8004
8004
8004
8004
8004
8004
8004
FFFC
ENDCHAR
STARTCHAR H18543
ENCODING 9642
SWIDTH 375 0
DWIDTH 9 0
BBX 6 6 1 4
BITMAP
FC
FC
FC
FC
FC
FC
ENDCHAR
STARTCHAR H18551
ENCODING 9643
SWIDTH 375 0
DWIDTH 9 0
BBX 6 6 1 4
BITMAP
FC
84
84
84
84
FC
ENDCHAR
STARTCHAR filledrect
ENCODING 9644
SWIDTH 1000 0
DWIDTH 24 0
BBX 24 7 0 0
BITMAP
FFFFFF
FFFFFF
FFFFFF
FFFFFF
FFFFFF
FFFFFF
FFFFFF
ENDCHAR
STARTCHAR triagup
ENCODING 9650
SWIDTH 1000 0
DWIDTH 24 0
BBX 14 14 5 0
BITMAP
0000
0300
0300
0780
0780
0FC0
0FC0
1FE0
1FE0
3FF0
3FF0
7FF8
7FF8
FFFC
ENDCHAR
STARTCHAR triagrt
ENCODING 9658
SWIDTH 1000 0
DWIDTH 24 0
BBX 14 14 5 0
BITMAP
8000
E000
F800
FE00
FF80
FFE0
FFF8
FFF8
FFE0
FF80
FE00
F800
E000
8000
ENDCHAR
STARTCHAR triagdn
ENCODING 9660
SWIDTH 1000 0
DWIDTH 24 0
BBX 14 14 5 0
BITMAP
FFFC
FFF8
7FF8
7FF0
3FF0
3FE0
1FE0
1FC0
0FC0
0F80
0780
0700
0300
0200
ENDCHAR
STARTCHAR triaglf
ENCODING 9668
SWIDTH 1000 0
DWIDTH 24 0
BBX 14 14 5 0
BITMAP
0004
001C
007C
01FC
07FC
1FFC
7FFC
FFFC
3FFC
0FFC
03FC
00FC
003C
000C
ENDCHAR
STARTCHAR lozenge
ENCODING 9674
SWIDTH 500 0
DWIDTH 12 0
BBX 11 17 1 0
BITMAP
0400
0E00
0A00
1B00
3180
2080
60C0
4040
C060
4040
60C0
2080
3180
1900
0A00
0E00
0400
ENDCHAR
STARTCHAR circle
ENCODING 9675
SWIDTH 625 0
DWIDTH 15 0
BBX 11 11 2 1
BITMAP
1F00
2080
4040
8020
8020
8020
8020
8020
4040
2080
1F00
ENDCHAR
STARTCHAR H18533
ENCODING 9679
SWIDTH 625 0
DWIDTH 15 0
BBX 10 10 2 2
BITMAP
1E00
7F80
7F80
FFC0
FFC0
FFC0
FFC0
7F80
7F80
1E00
ENDCHAR
STARTCHAR invbullet
ENCODING 9688
SWIDTH 625 0
DWIDTH 15 0
BBX 14 14 0 0
BITMAP
FFFC
FFFC
F87C
E01C
E01C
C00C
C00C
C00C
C00C
E01C
E01C
F87C
FFFC
FFFC
ENDCHAR
STARTCHAR invcircle
ENCODING 9689
SWIDTH 625 0
DWIDTH 15 0
BBX 14 14 0 0
BITMAP
FFFC
FFFC
F87C
E79C
EFDC
DFEC
DFEC
DFEC
DFEC
EFDC
E79C
F87C
FFFC
FFFC
ENDCHAR
STARTCHAR openbullet
ENCODING 9702
SWIDTH 375 0
DWIDTH 9 0
BBX 6 6 1 4
BITMAP
78
CC
84
84
CC
78
ENDCHAR
STARTCHAR smileface
ENCODING 9786
SWIDTH 1042 0
DWIDTH 25 0
BBX 14 14 5 0
BITMAP
0FC0
1860
2010
4008
C00C
9864
9864
8004
8004
C84C
4788
2010
1860
0FC0
ENDCHAR
STARTCHAR invsmileface
ENCODING 9787
SWIDTH 1042 0
DWIDTH 25 0
BBX 14 14 5 0
BITMAP
0FC0
1FE0
3FF0
7FF8
FFFC
E79C
E79C
FFFC
FFFC
F7BC
7878
3FF0
1FE0
0FC0
ENDCHAR
STARTCHAR sun
ENCODING 9788
SWIDTH 917 0
DWIDTH 22 0
BBX 15 15 3 -2
BITMAP
0100
0100
2108
17D0
0C60
1830
1010
F01E
1010
1830
0C60
13D0
2108
0100
0100
ENDCHAR
STARTCHAR female
ENCODING 9792
SWIDTH 750 0
DWIDTH 18 0
BBX 7 13 6 1
BITMAP
38
44
82
82
82
44
38
10
10
FE
10
10
10
ENDCHAR
STARTCHAR male
ENCODING 9794
SWIDTH 750 0
DWIDTH 18 0
BBX 10 11 4 3
BITMAP
03C0
00C0
0140
0240
3C00
4400
8200
8200
8200
4400
3800
ENDCHAR
STARTCHAR spade
ENCODING 9824
SWIDTH 542 0
DWIDTH 13 0
BBX 11 14 1 0
BITMAP
0400
0400
0E00
0E00
1F00
3F80
7FC0
FFE0
FFE0
FFE0
75C0
0400
0E00
3F80
ENDCHAR
STARTCHAR club
ENCODING 9827
SWIDTH 667 0
DWIDTH 16 0
BBX 14 14 1 0
BITMAP
0780
0FC0
0FC0
0FC0
0FC0
77F8
FFFC
FFFC
FFFC
FDFC
7A78
0300
0780
1FE0
ENDCHAR
STARTCHAR heart
ENCODING 9829
SWIDTH 583 0
DWIDTH 14 0
BBX 12 13 1 0
BITMAP
79E0
FDF0
FFF0
FFF0
FFF0
7FE0
3FC0
1F80
1F80
0F00
0600
0600
0000
ENDCHAR
STARTCHAR diamond
ENCODING 9830
SWIDTH 500 0
DWIDTH 12 0
BBX 11 15 1 0
BITMAP
0400
0400
0E00
1F00
1F00
3F80
7FC0
FFE0
7FC0
3F80
1F00
1F00
0E00
0400
0400
ENDCHAR
STARTCHAR musicalnote
ENCODING 9834
SWIDTH 500 0
DWIDTH 12 0
BBX 7 13 3 0
BITMAP
10
10
18
1C
14
12
12
12
12
14
70
F0
E0
ENDCHAR
STARTCHAR musicalnotedbl
ENCODING 9835
SWIDTH 750 0
DWIDTH 18 0
BBX 11 15 3 -1
BITMAP
0060
07E0
1E20
10E0
17E0
1E20
1020
1020
1020
1020
10E0
11E0
71C0
F000
E000
ENDCHAR
STARTCHAR uniF001
ENCODING 61441
SWIDTH 500 0
DWIDTH 12 0
BBX 11 17 1 0
BITMAP
0F60
1F60
1800
3000
FEC0
FEC0
30C0
30C0
30C0
6180
6180
6180
6180
6180
C300
C300
C300
ENDCHAR
STARTCHAR uniF002
ENCODING 61442
SWIDTH 500 0
DWIDTH 12 0
BBX 11 17 1 0
BITMAP
0F60
1F60
1860
30C0
FEC0
FEC0
30C0
30C0
31C0
6180
6180
6180
6180
6180
C300
C300
C300
ENDCHAR
STARTCHAR uniF005
ENCODING 61445
SWIDTH 333 0
DWIDTH 8 0
BBX 5 4 1 -5
BITMAP
30
18
18
F0
ENDCHAR
STARTCHAR uniF001
ENCODING 64257
SWIDTH 500 0
DWIDTH 12 0
BBX 11 17 1 0
BITMAP
0F60
1F60
1800
3000
FEC0
FEC0
30C0
30C0
30C0
6180
6180
6180
6180
6180
C300
C300
C300
ENDCHAR
STARTCHAR uniF002
ENCODING 64258
SWIDTH 500 0
DWIDTH 12 0
BBX 11 17 1 0
BITMAP
0F60
1F60
1860
30C0
FEC0
FEC0
30C0
30C0
31C0
6180
6180
6180
6180
6180
C300
C300
C300
ENDCHAR
ENDFONT
