STARTFONT 2.1
FONT -unknown-Standard-BoldItalic-R-Normal--24-240-75-75-P-0-ISO10646-1
SIZE 24 75 75
FONTBOUNDINGBOX 24 24 0 0
STARTPROPERTIES 5
FAMILY_NAME "Standard"
WEIGHT_NAME "BoldItalic"
PIXEL_SIZE 24
FONT_ASCENT 19
FONT_DESCENT 5
ENDPROPERTIES
CHARS 662
STARTCHAR space
ENCODING 32
SWIDTH 292 0
DWIDTH 7 0
BBX 0 0 0 0
BITMAP
ENDCHAR
STARTCHAR exclam
ENCODING 33
SWIDTH 292 0
DWIDTH 7 0
BBX 6 17 0 0
BITMAP
1C
1C
1C
38
38
38
38
38
30
30
70
70
00
00
F0
E0
E0
ENDCHAR
STARTCHAR quotedbl
ENCODING 34
SWIDTH 458 0
DWIDTH 11 0
BBX 9 6 2 11
BITMAP
7380
7380
6300
6300
E700
E700
ENDCHAR
STARTCHAR numbersign
ENCODING 35
SWIDTH 542 0
DWIDTH 13 0
BBX 12 17 1 0
BITMAP
0C60
0C60
0C60
18C0
18C0
7FF0
7FF0
18C0
1880
3180
FFE0
FFE0
3180
3180
6300
6300
6300
ENDCHAR
STARTCHAR dollar
ENCODING 36
SWIDTH 542 0
DWIDTH 13 0
BBX 13 20 0 -2
BITMAP
0080
07E0
1FF0
1D78
3930
3900
3900
3E00
1F00
1FC0
07E0
03F0
0470
0470
E470
F4E0
7FC0
3F00
0800
0800
ENDCHAR
STARTCHAR percent
ENCODING 37
SWIDTH 833 0
DWIDTH 20 0
BBX 19 17 1 0
BITMAP
1E0180
3F0300
738600
738400
E38C00
E39800
E3B780
E76FC0
E77CE0
7EDCE0
3DB8E0
0338E0
0238E0
0639C0
0C39C0
181F80
300F00
ENDCHAR
STARTCHAR ampersand
ENCODING 38
SWIDTH 708 0
DWIDTH 17 0
BBX 14 17 1 0
BITMAP
03E0
07F8
0F38
0E38
0E38
0E70
0FE0
0F80
3F08
7F1C
F318
E3B8
E3F0
E1E0
F3F0
7FFC
3E3C
ENDCHAR
STARTCHAR quotesingle
ENCODING 39
SWIDTH 208 0
DWIDTH 5 0
BBX 4 6 1 11
BITMAP
70
70
60
60
E0
E0
ENDCHAR
STARTCHAR parenleft
ENCODING 40
SWIDTH 333 0
DWIDTH 8 0
BBX 9 22 1 -5
BITMAP
0700
0F00
1E00
1C00
3800
3800
7000
7000
7000
E000
E000
E000
E000
E000
E000
E000
E000
E000
7000
7000
7000
3800
ENDCHAR
STARTCHAR parenright
ENCODING 41
SWIDTH 333 0
DWIDTH 8 0
BBX 9 22 -2 -5
BITMAP
0E00
0700
0700
0700
0380
0380
0380
0380
0380
0380
0380
0380
0780
0700
0700
0700
0E00
0E00
1C00
3C00
7800
F000
ENDCHAR
STARTCHAR asterisk
ENCODING 42
SWIDTH 375 0
DWIDTH 9 0
BBX 9 9 1 8
BITMAP
1C00
1C00
5D00
FF80
7F00
3E00
3600
7700
2200
ENDCHAR
STARTCHAR plus
ENCODING 43
SWIDTH 583 0
DWIDTH 14 0
BBX 12 12 1 2
BITMAP
0600
0600
0600
0600
0600
FFF0
FFF0
0600
0600
0600
0600
0600
ENDCHAR
STARTCHAR comma
ENCODING 44
SWIDTH 292 0
DWIDTH 7 0
BBX 5 7 -1 -4
BITMAP
70
70
70
30
30
60
E0
ENDCHAR
STARTCHAR hyphen
ENCODING 45
SWIDTH 333 0
DWIDTH 8 0
BBX 6 2 1 6
BITMAP
FC
FC
ENDCHAR
STARTCHAR period
ENCODING 46
SWIDTH 292 0
DWIDTH 7 0
BBX 4 3 0 0
BITMAP
F0
E0
E0
ENDCHAR
STARTCHAR slash
ENCODING 47
SWIDTH 292 0
DWIDTH 7 0
BBX 10 17 -1 0
BITMAP
00C0
0180
0180
0300
0300
0600
0600
0E00
0C00
1C00
1800
1800
3000
3000
6000
6000
C000
ENDCHAR
STARTCHAR zero
ENCODING 48
SWIDTH 542 0
DWIDTH 13 0
BBX 12 17 1 0
BITMAP
07C0
1FE0
3CF0
3870
7070
7070
7070
F070
E070
E0E0
E0E0
E0E0
E0C0
E1C0
F380
7F00
3E00
ENDCHAR
STARTCHAR one
ENCODING 49
SWIDTH 542 0
DWIDTH 13 0
BBX 11 17 1 0
BITMAP
03C0
07C0
1FC0
3F80
3380
0380
0380
0380
0380
0700
0700
0700
0700
0700
0E00
FFE0
FFE0
ENDCHAR
STARTCHAR two
ENCODING 50
SWIDTH 542 0
DWIDTH 13 0
BBX 12 17 0 0
BITMAP
0FC0
1FE0
3CF0
3870
0070
0070
00F0
00E0
03C0
0780
0F00
1E00
3C00
7800
7000
FFE0
FFE0
ENDCHAR
STARTCHAR three
ENCODING 51
SWIDTH 542 0
DWIDTH 13 0
BBX 13 17 0 0
BITMAP
07E0
1FF0
3C78
3838
0038
0038
0070
07E0
07C0
00E0
0070
0070
0070
E070
F0E0
7FC0
3F80
ENDCHAR
STARTCHAR four
ENCODING 52
SWIDTH 542 0
DWIDTH 13 0
BBX 12 17 0 0
BITMAP
01F0
01F0
03E0
07E0
06E0
0EE0
1CE0
1CE0
39C0
71C0
71C0
FFF0
FFF0
01C0
0380
0380
0380
ENDCHAR
STARTCHAR five
ENCODING 53
SWIDTH 542 0
DWIDTH 13 0
BBX 13 17 0 0
BITMAP
1FF8
1FF8
1800
3800
3800
3800
3FC0
7FE0
78F0
0070
0070
0070
0070
E0E0
F0E0
7FC0
3F00
ENDCHAR
STARTCHAR six
ENCODING 54
SWIDTH 542 0
DWIDTH 13 0
BBX 12 17 1 0
BITMAP
07C0
1FE0
1CF0
3840
7000
7000
7780
EFC0
F1E0
F0E0
E0E0
E0E0
E0E0
E1C0
71C0
7F80
1E00
ENDCHAR
STARTCHAR seven
ENCODING 55
SWIDTH 542 0
DWIDTH 13 0
BBX 12 17 2 0
BITMAP
FFF0
FFF0
00F0
01E0
03C0
0780
0700
0F00
1E00
1C00
3800
3800
7000
7000
7000
E000
E000
ENDCHAR
STARTCHAR eight
ENCODING 56
SWIDTH 542 0
DWIDTH 13 0
BBX 13 17 0 0
BITMAP
07E0
1FF0
3C78
3838
3838
3838
1C70
1FE0
1FC0
70E0
E070
E070
E070
E070
F0E0
7FC0
1F80
ENDCHAR
STARTCHAR nine
ENCODING 57
SWIDTH 542 0
DWIDTH 13 0
BBX 12 17 1 0
BITMAP
0780
1FE0
38E0
3870
7070
7070
7070
70F0
78F0
3F70
1EE0
00E0
00E0
61C0
F380
7F80
3E00
ENDCHAR
STARTCHAR colon
ENCODING 58
SWIDTH 333 0
DWIDTH 8 0
BBX 5 13 1 0
BITMAP
38
38
38
00
00
00
00
00
00
00
F0
E0
E0
ENDCHAR
STARTCHAR semicolon
ENCODING 59
SWIDTH 333 0
DWIDTH 8 0
BBX 6 17 0 -4
BITMAP
1C
1C
1C
00
00
00
00
00
00
00
78
70
70
30
30
60
E0
ENDCHAR
STARTCHAR less
ENCODING 60
SWIDTH 583 0
DWIDTH 14 0
BBX 12 13 1 1
BITMAP
0010
0070
03E0
0F80
3E00
F000
C000
F000
3E00
0F80
03E0
0070
0010
ENDCHAR
STARTCHAR equal
ENCODING 61
SWIDTH 583 0
DWIDTH 14 0
BBX 11 8 2 4
BITMAP
FFE0
FFE0
0000
0000
0000
0000
FFE0
FFE0
ENDCHAR
STARTCHAR greater
ENCODING 62
SWIDTH 583 0
DWIDTH 14 0
BBX 12 13 1 1
BITMAP
8000
E000
7C00
1F00
07C0
00F0
0030
00F0
07C0
1F00
7C00
E000
8000
ENDCHAR
STARTCHAR question
ENCODING 63
SWIDTH 625 0
DWIDTH 15 0
BBX 12 17 2 0
BITMAP
1F80
7FE0
70F0
E070
0070
0070
00E0
01E0
0780
0F00
1E00
1C00
0000
0000
3C00
3800
3800
ENDCHAR
STARTCHAR at
ENCODING 64
SWIDTH 958 0
DWIDTH 23 0
BBX 20 20 2 -3
BITMAP
00FE00
07FF80
0F03C0
1C00E0
38F760
71FE30
638E30
630E30
C60E30
C60C30
C60C30
C61C60
C73CE0
C3EFC0
61C700
600000
300000
3C0780
0FFE00
03F800
ENDCHAR
STARTCHAR A
ENCODING 65
SWIDTH 667 0
DWIDTH 16 0
BBX 14 17 0 0
BITMAP
00F0
00F0
01F0
01B0
03B0
0330
0738
0638
0E38
0E38
1FF8
1FF8
3838
381C
701C
701C
E01C
ENDCHAR
STARTCHAR B
ENCODING 66
SWIDTH 667 0
DWIDTH 16 0
BBX 15 17 0 0
BITMAP
1FF8
1FFC
1C1E
380E
380E
380E
381C
3FF8
7FF8
701C
700E
700E
700E
700E
E01C
FFF8
FFF0
ENDCHAR
STARTCHAR C
ENCODING 67
SWIDTH 708 0
DWIDTH 17 0
BBX 16 17 1 0
BITMAP
03F8
0FFE
1E1E
380F
7004
7000
7000
E000
E000
E000
E000
E000
E008
701E
783C
3FF8
0FE0
ENDCHAR
STARTCHAR D
ENCODING 68
SWIDTH 708 0
DWIDTH 17 0
BBX 16 17 0 0
BITMAP
1FF0
1FF8
1C3E
380E
380F
3807
3807
3807
7807
7007
7007
700E
700E
701C
E078
FFF0
FFC0
ENDCHAR
STARTCHAR E
ENCODING 69
SWIDTH 667 0
DWIDTH 16 0
BBX 16 17 0 0
BITMAP
1FFF
1FFF
1C00
3800
3800
3800
3800
3FFC
7FFC
7000
7000
7000
7000
7000
E000
FFFC
FFFC
ENDCHAR
STARTCHAR F
ENCODING 70
SWIDTH 625 0
DWIDTH 15 0
BBX 15 17 0 0
BITMAP
1FFE
1FFE
1C00
3800
3800
3800
3800
3FF8
7FF8
7000
7000
7000
7000
7000
F000
E000
E000
ENDCHAR
STARTCHAR G
ENCODING 71
SWIDTH 792 0
DWIDTH 19 0
BBX 17 17 1 0
BITMAP
03FC00
0FFF00
1E0F00
380780
780200
700000
F00000
E00000
E07F80
E07F00
E00700
E00700
E00700
700700
781F00
3FFC00
0FF000
ENDCHAR
STARTCHAR H
ENCODING 72
SWIDTH 708 0
DWIDTH 17 0
BBX 17 17 0 0
BITMAP
1C0380
1C0380
1C0380
380700
380700
380700
380700
3FFF00
7FFF00
700E00
700E00
700E00
700E00
700E00
E01E00
E01C00
E01C00
ENDCHAR
STARTCHAR I
ENCODING 73
SWIDTH 250 0
DWIDTH 6 0
BBX 6 17 0 0
BITMAP
1C
1C
1C
38
38
38
38
38
78
70
70
70
70
70
F0
E0
E0
ENDCHAR
STARTCHAR J
ENCODING 74
SWIDTH 542 0
DWIDTH 13 0
BBX 13 17 0 0
BITMAP
01F8
03F8
0038
0070
0070
0070
0070
0070
00F0
00E0
00E0
00E0
20E0
E0C0
F1C0
7F80
3F00
ENDCHAR
STARTCHAR K
ENCODING 75
SWIDTH 708 0
DWIDTH 17 0
BBX 18 17 0 0
BITMAP
1C0780
1C0F00
1C1E00
383C00
387800
38F000
3BC000
3F8000
7FC000
7DE000
78E000
707000
707000
703800
F03C00
E01C00
E01E00
ENDCHAR
STARTCHAR L
ENCODING 76
SWIDTH 625 0
DWIDTH 15 0
BBX 14 17 0 0
BITMAP
1C00
1C00
1C00
3800
3800
3800
3800
3800
7800
7000
7000
7000
7000
7000
E000
FFFC
FFFC
ENDCHAR
STARTCHAR M
ENCODING 77
SWIDTH 833 0
DWIDTH 20 0
BBX 20 17 0 0
BITMAP
1F01F0
1F01F0
1F03F0
3B03E0
3B07E0
3B06E0
3B8EE0
3B8CE0
7B9CE0
7399C0
73B9C0
71B1C0
71F1C0
71E1C0
F1E3C0
E1E380
E1C380
ENDCHAR
STARTCHAR N
ENCODING 78
SWIDTH 708 0
DWIDTH 17 0
BBX 17 17 0 0
BITMAP
1E0380
1F0380
1F0380
3F0700
3B8700
3B8700
3B8700
39C700
79CF00
71CE00
70EE00
70EE00
70EE00
707E00
F07C00
E07C00
E03C00
ENDCHAR
STARTCHAR O
ENCODING 79
SWIDTH 792 0
DWIDTH 19 0
BBX 17 17 1 0
BITMAP
03F800
0FFE00
1E0F00
380700
780380
700380
700380
E00380
E00380
E00380
E00700
E00700
E00F00
700E00
783C00
3FF800
0FE000
ENDCHAR
STARTCHAR P
ENCODING 80
SWIDTH 667 0
DWIDTH 16 0
BBX 16 17 0 0
BITMAP
1FF8
1FFE
1C0E
3807
3807
3807
3807
381E
7FFC
7FF0
7000
7000
7000
7000
F000
E000
E000
ENDCHAR
STARTCHAR Q
ENCODING 81
SWIDTH 792 0
DWIDTH 19 0
BBX 17 22 1 -5
BITMAP
03F800
0FFE00
1E0F00
380700
780380
700380
700380
E00380
E00380
E00380
E00700
E00700
E00F00
700E00
783C00
3FF800
0FE000
038000
038000
01C000
01F800
00F800
ENDCHAR
STARTCHAR R
ENCODING 82
SWIDTH 708 0
DWIDTH 17 0
BBX 16 17 0 0
BITMAP
1FF8
1FFE
1C0F
3807
3807
3807
3807
380E
7FFC
7FE0
7070
7070
7070
7038
E038
E038
E01C
ENDCHAR
STARTCHAR S
ENCODING 83
SWIDTH 667 0
DWIDTH 16 0
BBX 16 17 0 0
BITMAP
03F8
0FFE
1C1F
380F
3800
3800
3F00
1FE0
07F8
00FC
001E
000E
000E
F00E
F83C
7FF8
1FE0
ENDCHAR
STARTCHAR T
ENCODING 84
SWIDTH 625 0
DWIDTH 15 0
BBX 15 17 1 0
BITMAP
7FFC
FFFC
0380
0700
0700
0700
0700
0700
0700
0E00
0E00
0E00
0E00
0E00
1E00
1C00
1C00
ENDCHAR
STARTCHAR U
ENCODING 85
SWIDTH 708 0
DWIDTH 17 0
BBX 16 17 1 0
BITMAP
3807
3807
3807
700E
700E
700E
700E
700E
F01E
E01C
E01C
E01C
E01C
E038
7078
3FF0
1FC0
ENDCHAR
STARTCHAR V
ENCODING 86
SWIDTH 667 0
DWIDTH 16 0
BBX 16 17 2 0
BITMAP
E00F
E00E
701E
701C
703C
7038
7070
3070
38E0
38E0
39C0
39C0
1B80
1B80
1F00
1E00
0E00
ENDCHAR
STARTCHAR W
ENCODING 87
SWIDTH 958 0
DWIDTH 23 0
BBX 23 17 2 0
BITMAP
E03C0E
E07C1C
E07C1C
E0FC38
E0FC38
E1DC70
E1DC70
E39C60
E39CE0
671CC0
671DC0
661D80
6E1F80
6E1F00
7C1F00
7C1E00
781E00
ENDCHAR
STARTCHAR X
ENCODING 88
SWIDTH 667 0
DWIDTH 16 0
BBX 18 17 -1 0
BITMAP
0E01C0
070380
070700
038E00
039C00
03F800
01F000
01E000
01E000
01F000
03F000
077000
0E3800
1C3800
381C00
701C00
E00E00
ENDCHAR
STARTCHAR Y
ENCODING 89
SWIDTH 667 0
DWIDTH 16 0
BBX 15 17 2 0
BITMAP
E00E
701C
7038
7870
3870
38E0
1DC0
1F80
0F00
0F00
0E00
0E00
0E00
0E00
1E00
1C00
1C00
ENDCHAR
STARTCHAR Z
ENCODING 90
SWIDTH 625 0
DWIDTH 15 0
BBX 17 17 -1 0
BITMAP
0FFF80
0FFF80
000700
000E00
001C00
003800
007000
00E000
01C000
038000
070000
0E0000
1C0000
380000
700000
FFFE00
FFFE00
ENDCHAR
STARTCHAR bracketleft
ENCODING 91
SWIDTH 333 0
DWIDTH 8 0
BBX 10 22 -1 -5
BITMAP
0FC0
0FC0
0E00
1C00
1C00
1C00
1C00
1C00
1C00
3800
3800
3800
3800
3800
7800
7000
7000
7000
7000
7000
FE00
FC00
ENDCHAR
STARTCHAR backslash
ENCODING 92
SWIDTH 292 0
DWIDTH 7 0
BBX 6 17 1 0
BITMAP
C0
C0
60
60
60
60
30
30
30
30
30
18
18
18
18
0C
0C
ENDCHAR
STARTCHAR bracketright
ENCODING 93
SWIDTH 333 0
DWIDTH 8 0
BBX 10 22 -1 -5
BITMAP
0FC0
1FC0
01C0
0380
0380
0380
0380
0380
0380
0700
0700
0700
0700
0700
0F00
0E00
0E00
0E00
0E00
0E00
FC00
FC00
ENDCHAR
STARTCHAR asciicircum
ENCODING 94
SWIDTH 583 0
DWIDTH 14 0
BBX 13 10 1 7
BITMAP
0F80
0F80
1DC0
1DC0
18C0
38E0
3060
7070
6030
E038
ENDCHAR
STARTCHAR underscore
ENCODING 95
SWIDTH 542 0
DWIDTH 13 0
BBX 13 1 -1 -3
BITMAP
FFF8
ENDCHAR
STARTCHAR grave
ENCODING 96
SWIDTH 333 0
DWIDTH 8 0
BBX 5 4 4 14
BITMAP
E0
70
30
18
ENDCHAR
STARTCHAR a
ENCODING 97
SWIDTH 542 0
DWIDTH 13 0
BBX 12 13 0 0
BITMAP
0FC0
1FE0
3CF0
3870
0070
1FE0
7FE0
F0E0
E0E0
E1E0
E3E0
7EF0
3C70
ENDCHAR
STARTCHAR b
ENCODING 98
SWIDTH 625 0
DWIDTH 15 0
BBX 13 17 1 0
BITMAP
1C00
1C00
1C00
3800
39E0
3BF0
3C78
3838
3838
7038
7038
7038
7070
7070
F8E0
EFE0
E780
ENDCHAR
STARTCHAR c
ENCODING 99
SWIDTH 542 0
DWIDTH 13 0
BBX 12 13 1 0
BITMAP
0FC0
1FE0
38F0
7070
7000
E000
E000
E000
E000
E1E0
71C0
7FC0
1F00
ENDCHAR
STARTCHAR d
ENCODING 100
SWIDTH 625 0
DWIDTH 15 0
BBX 14 17 1 0
BITMAP
001C
001C
001C
0038
0F38
3FB8
38F8
7078
7070
E070
E070
E070
E0F0
E0F0
F1E0
7FE0
3CE0
ENDCHAR
STARTCHAR e
ENCODING 101
SWIDTH 542 0
DWIDTH 13 0
BBX 11 13 1 0
BITMAP
0F80
3FC0
79E0
70E0
F0E0
FFE0
FFE0
E000
E000
E180
73C0
7F80
3F00
ENDCHAR
STARTCHAR f
ENCODING 102
SWIDTH 333 0
DWIDTH 8 0
BBX 9 17 1 0
BITMAP
0F80
1F80
1C00
3C00
FF00
FF00
3800
3800
3800
7000
7000
7000
7000
7000
F000
E000
E000
ENDCHAR
STARTCHAR g
ENCODING 103
SWIDTH 583 0
DWIDTH 14 0
BBX 13 18 0 -5
BITMAP
0F38
1FB8
3CF8
3878
3878
7070
7070
7070
7070
70F0
79E0
3FE0
1EE0
00E0
20E0
F1C0
7F80
3F00
ENDCHAR
STARTCHAR h
ENCODING 104
SWIDTH 625 0
DWIDTH 15 0
BBX 13 17 1 0
BITMAP
1C00
1C00
1C00
3800
39E0
3BF0
3C78
3838
7838
7070
7070
7070
7070
7070
F0E0
E0E0
E0E0
ENDCHAR
STARTCHAR i
ENCODING 105
SWIDTH 292 0
DWIDTH 7 0
BBX 6 17 1 0
BITMAP
1C
1C
1C
00
38
38
38
38
38
70
70
70
70
70
F0
E0
E0
ENDCHAR
STARTCHAR j
ENCODING 106
SWIDTH 292 0
DWIDTH 7 0
BBX 9 22 -2 -5
BITMAP
0380
0380
0380
0000
0700
0700
0700
0700
0700
0E00
0E00
0E00
0E00
0E00
1C00
1C00
1C00
1C00
1C00
3C00
F800
F000
ENDCHAR
STARTCHAR k
ENCODING 107
SWIDTH 542 0
DWIDTH 13 0
BBX 13 17 1 0
BITMAP
1C00
1C00
1C00
3800
3878
38F0
39E0
3BC0
7F80
7F00
7F00
7B80
7380
71C0
F1C0
E1C0
E0E0
ENDCHAR
STARTCHAR l
ENCODING 108
SWIDTH 292 0
DWIDTH 7 0
BBX 6 17 1 0
BITMAP
1C
1C
1C
38
38
38
38
38
78
70
70
70
70
70
F0
E0
E0
ENDCHAR
STARTCHAR m
ENCODING 109
SWIDTH 875 0
DWIDTH 21 0
BBX 20 13 0 0
BITMAP
1CE1E0
1FF3F0
3FFFF0
3C7C70
3C7870
387870
387070
7870F0
7870E0
7070E0
70F0E0
70E0E0
70E1E0
ENDCHAR
STARTCHAR n
ENCODING 110
SWIDTH 625 0
DWIDTH 15 0
BBX 13 13 1 0
BITMAP
39E0
3FF0
3C78
3838
3838
7070
7070
7070
7070
7070
E0E0
E0E0
E0E0
ENDCHAR
STARTCHAR o
ENCODING 111
SWIDTH 583 0
DWIDTH 14 0
BBX 12 13 1 0
BITMAP
0FC0
1FE0
38F0
7070
7070
E070
E070
E070
E0E0
E0E0
71C0
7F80
1F00
ENDCHAR
STARTCHAR p
ENCODING 112
SWIDTH 625 0
DWIDTH 15 0
BBX 14 18 0 -5
BITMAP
1CF0
1FF8
1E3C
1C1C
1C1C
381C
381C
381C
3838
3838
7C70
77F0
73C0
7000
7000
7000
E000
E000
ENDCHAR
STARTCHAR q
ENCODING 113
SWIDTH 625 0
DWIDTH 15 0
BBX 13 18 1 -5
BITMAP
0F38
3FB8
3878
7078
7070
E070
E070
E070
E070
E0F0
F1E0
7FE0
3CE0
00E0
00E0
00E0
01C0
01C0
ENDCHAR
STARTCHAR r
ENCODING 114
SWIDTH 375 0
DWIDTH 9 0
BBX 9 13 1 0
BITMAP
3B80
3B80
3C00
3800
3800
7000
7000
7000
7000
7000
F000
E000
E000
ENDCHAR
STARTCHAR s
ENCODING 115
SWIDTH 542 0
DWIDTH 13 0
BBX 12 13 0 0
BITMAP
0FC0
1FE0
3870
3860
3800
3F00
1FC0
07E0
00E0
60E0
F0E0
7FC0
3F80
ENDCHAR
STARTCHAR t
ENCODING 116
SWIDTH 333 0
DWIDTH 8 0
BBX 8 16 1 0
BITMAP
0C
1C
18
7F
FE
38
38
78
70
70
70
70
70
70
7C
3C
ENDCHAR
STARTCHAR u
ENCODING 117
SWIDTH 583 0
DWIDTH 14 0
BBX 11 13 2 0
BITMAP
70E0
70E0
70E0
70E0
71E0
E1C0
E1C0
E1C0
E1C0
E3C0
E7C0
FF80
7B80
ENDCHAR
STARTCHAR v
ENCODING 118
SWIDTH 542 0
DWIDTH 13 0
BBX 13 13 1 0
BITMAP
F038
F078
7070
70F0
70E0
71E0
71C0
7B80
3B80
3F00
3F00
3E00
3E00
ENDCHAR
STARTCHAR w
ENCODING 119
SWIDTH 792 0
DWIDTH 19 0
BBX 19 13 1 0
BITMAP
E0E0E0
E1E1C0
E1E1C0
E3E380
E36380
E76300
E67700
EE7600
6C7E00
7C3C00
783C00
783800
703800
ENDCHAR
STARTCHAR x
ENCODING 120
SWIDTH 542 0
DWIDTH 13 0
BBX 15 13 -1 0
BITMAP
1E1E
0E1C
0E38
0770
07E0
03C0
03C0
07C0
0EE0
1CE0
3870
7070
E078
ENDCHAR
STARTCHAR y
ENCODING 121
SWIDTH 542 0
DWIDTH 13 0
BBX 15 18 -1 -5
BITMAP
381E
381C
183C
1C38
1C70
1C70
1CE0
0CE0
0DC0
0DC0
0F80
0F00
0700
0E00
0E00
1C00
F800
F000
ENDCHAR
STARTCHAR z
ENCODING 122
SWIDTH 500 0
DWIDTH 12 0
BBX 12 13 0 0
BITMAP
3FF0
3FF0
00E0
01C0
0380
0700
0F00
0E00
1C00
3800
7000
FFE0
FFE0
ENDCHAR
STARTCHAR braceleft
ENCODING 123
SWIDTH 375 0
DWIDTH 9 0
BBX 11 22 0 -5
BITMAP
03E0
07C0
0700
0F00
0E00
0E00
0E00
0E00
1E00
1C00
7800
F800
3C00
3C00
3C00
3800
3800
3800
3800
3800
3E00
1E00
ENDCHAR
STARTCHAR bar
ENCODING 124
SWIDTH 292 0
DWIDTH 7 0
BBX 2 22 3 -5
BITMAP
C0
C0
C0
C0
C0
C0
C0
C0
C0
C0
C0
C0
C0
C0
C0
C0
C0
C0
C0
C0
C0
C0
ENDCHAR
STARTCHAR braceright
ENCODING 125
SWIDTH 375 0
DWIDTH 9 0
BBX 11 22 -2 -5
BITMAP
0F00
0F80
03C0
0380
0380
0380
0380
0380
0380
0380
03E0
03E0
0780
0700
0F00
0E00
0E00
0E00
0E00
1E00
7C00
F800
ENDCHAR
STARTCHAR asciitilde
ENCODING 126
SWIDTH 583 0
DWIDTH 14 0
BBX 13 3 1 7
BITMAP
7E08
FFF8
83F0
ENDCHAR
STARTCHAR space
ENCODING 160
SWIDTH 292 0
DWIDTH 7 0
BBX 0 0 0 0
BITMAP
ENDCHAR
STARTCHAR exclamdown
ENCODING 161
SWIDTH 292 0
DWIDTH 7 0
BBX 6 17 -1 -4
BITMAP
1C
1C
1C
00
00
18
38
38
38
30
30
70
70
70
70
70
E0
ENDCHAR
STARTCHAR cent
ENCODING 162
SWIDTH 542 0
DWIDTH 13 0
BBX 12 17 1 0
BITMAP
0300
0300
1FC0
3FE0
7EF0
FAF0
F600
F600
E600
E600
ECE0
FDE0
7FC0
3F80
0F00
1800
1800
ENDCHAR
STARTCHAR sterling
ENCODING 163
SWIDTH 542 0
DWIDTH 13 0
BBX 14 17 -1 0
BITMAP
01F0
03F8
071C
0E18
0E00
0E00
0E00
0E00
7FC0
7FC0
1C00
1C00
1C00
3838
7078
FFF0
FFE0
ENDCHAR
STARTCHAR currency
ENCODING 164
SWIDTH 542 0
DWIDTH 13 0
BBX 12 12 1 2
BITMAP
0000
6F60
7FE0
30C0
6060
6060
6060
6060
30C0
7FE0
EF60
4000
ENDCHAR
STARTCHAR yen
ENCODING 165
SWIDTH 542 0
DWIDTH 13 0
BBX 14 17 1 0
BITMAP
701C
7038
3870
3870
38E0
18C0
1DC0
1D80
1F80
FFE0
FFE0
0E00
FFE0
FFE0
1E00
1C00
1C00
ENDCHAR
STARTCHAR brokenbar
ENCODING 166
SWIDTH 292 0
DWIDTH 7 0
BBX 2 22 3 -5
BITMAP
C0
C0
C0
C0
C0
C0
C0
C0
C0
00
00
00
00
C0
C0
C0
C0
C0
C0
C0
C0
C0
ENDCHAR
STARTCHAR section
ENCODING 167
SWIDTH 542 0
DWIDTH 13 0
BBX 13 20 0 -3
BITMAP
07E0
0FF0
1C38
1C20
1C00
1F00
0FE0
1FF0
38F0
3870
3870
3CE0
1FC0
0FC0
01E0
00E0
60E0
E1E0
7FC0
3F00
ENDCHAR
STARTCHAR dieresis
ENCODING 168
SWIDTH 333 0
DWIDTH 8 0
BBX 8 3 2 14
BITMAP
E7
E7
E7
ENDCHAR
STARTCHAR copyright
ENCODING 169
SWIDTH 750 0
DWIDTH 18 0
BBX 17 17 0 0
BITMAP
03E000
0C1800
300600
200200
43E100
463900
8C1080
8C0080
8C0080
8C0080
8C1080
463100
43E100
200200
300600
0C1800
03E000
ENDCHAR
STARTCHAR ordfeminine
ENCODING 170
SWIDTH 375 0
DWIDTH 9 0
BBX 8 8 1 9
BITMAP
1E
33
03
7F
C6
C6
CE
77
ENDCHAR
STARTCHAR guillemotleft
ENCODING 171
SWIDTH 542 0
DWIDTH 13 0
BBX 13 9 0 2
BITMAP
0E38
1C70
38E0
71C0
E380
E380
71C0
79C0
38E0
ENDCHAR
STARTCHAR logicalnot
ENCODING 172
SWIDTH 583 0
DWIDTH 14 0
BBX 12 8 1 1
BITMAP
FFF0
FFF0
0030
0030
0030
0030
0030
0030
ENDCHAR
STARTCHAR hyphen
ENCODING 173
SWIDTH 333 0
DWIDTH 8 0
BBX 6 2 1 6
BITMAP
FC
FC
ENDCHAR
STARTCHAR registered
ENCODING 174
SWIDTH 750 0
DWIDTH 18 0
BBX 17 17 0 0
BITMAP
03E000
0C1800
300600
200200
47F100
461900
861880
861880
87E080
866080
866080
463100
463900
200200
300600
0C1800
03E000
ENDCHAR
STARTCHAR macron
ENCODING 175
SWIDTH 542 0
DWIDTH 13 0
BBX 13 2 0 16
BITMAP
FFF8
FFF8
ENDCHAR
STARTCHAR degree
ENCODING 176
SWIDTH 417 0
DWIDTH 10 0
BBX 7 7 2 10
BITMAP
38
7C
C6
C6
C6
7C
38
ENDCHAR
STARTCHAR plusminus
ENCODING 177
SWIDTH 542 0
DWIDTH 13 0
BBX 12 15 1 0
BITMAP
0600
0600
0600
0600
FFF0
FFF0
0600
0600
0600
0600
0000
0000
0000
FFF0
FFF0
ENDCHAR
STARTCHAR uni00B2
ENCODING 178
SWIDTH 333 0
DWIDTH 8 0
BBX 7 8 1 9
BITMAP
3C
66
06
0E
3C
70
E0
FC
ENDCHAR
STARTCHAR uni00B3
ENCODING 179
SWIDTH 333 0
DWIDTH 8 0
BBX 7 8 1 9
BITMAP
3C
66
06
38
0C
0C
CC
78
ENDCHAR
STARTCHAR acute
ENCODING 180
SWIDTH 333 0
DWIDTH 8 0
BBX 6 4 3 14
BITMAP
3C
38
70
C0
ENDCHAR
STARTCHAR u00B5
ENCODING 181
SWIDTH 542 0
DWIDTH 13 0
BBX 12 18 0 -5
BITMAP
1C70
1C70
1C70
1C70
1C70
38E0
38E0
38E0
38E0
38E0
79E0
7EF0
76F0
7000
7000
7000
E000
E000
ENDCHAR
STARTCHAR paragraph
ENCODING 182
SWIDTH 542 0
DWIDTH 13 0
BBX 12 20 1 -3
BITMAP
3FF0
7FF0
FCC0
FCC0
FCC0
FCC0
FCC0
7CC0
3CC0
0CC0
0CC0
0CC0
0CC0
0CC0
0CC0
0CC0
0CC0
0CC0
0CC0
0CC0
ENDCHAR
STARTCHAR periodcentered
ENCODING 183
SWIDTH 292 0
DWIDTH 7 0
BBX 4 3 2 6
BITMAP
70
E0
E0
ENDCHAR
STARTCHAR cedilla
ENCODING 184
SWIDTH 333 0
DWIDTH 8 0
BBX 5 5 1 -5
BITMAP
20
78
18
F8
F0
ENDCHAR
STARTCHAR uni00B9
ENCODING 185
SWIDTH 333 0
DWIDTH 8 0
BBX 7 8 1 9
BITMAP
1C
2C
0C
18
18
18
18
FE
ENDCHAR
STARTCHAR ordmasculine
ENCODING 186
SWIDTH 375 0
DWIDTH 9 0
BBX 9 8 1 9
BITMAP
1F00
6380
6180
C180
C180
C300
E300
3C00
ENDCHAR
STARTCHAR guillemotright
ENCODING 187
SWIDTH 542 0
DWIDTH 13 0
BBX 13 9 0 2
BITMAP
38E0
1C70
1C70
0E38
0E38
1C70
38E0
71C0
E380
ENDCHAR
STARTCHAR onequarter
ENCODING 188
SWIDTH 833 0
DWIDTH 20 0
BBX 17 17 1 0
BITMAP
1C0180
2C0300
0C0600
180C00
180C00
181800
183000
FE6000
00E000
00C380
018780
030D80
060B00
061300
0C3F80
180300
300300
ENDCHAR
STARTCHAR onehalf
ENCODING 189
SWIDTH 833 0
DWIDTH 20 0
BBX 18 17 1 0
BITMAP
1C0180
2C0300
0C0600
180C00
180C00
181800
183000
FE6000
00E000
00C780
018CC0
0300C0
0601C0
060780
0C0E00
181C00
301F80
ENDCHAR
STARTCHAR threequarters
ENCODING 190
SWIDTH 833 0
DWIDTH 20 0
BBX 17 17 1 0
BITMAP
3C0180
660300
060600
380C00
0C0C00
0C1800
CC3000
786000
00E000
00C380
018780
030D80
060B00
061300
0C3F80
180300
300300
ENDCHAR
STARTCHAR questiondown
ENCODING 191
SWIDTH 625 0
DWIDTH 15 0
BBX 13 17 0 -4
BITMAP
01C0
01C0
01C0
0000
0000
0380
0380
0F00
1E00
7800
7000
E000
E000
E038
F0F0
7FF0
1FC0
ENDCHAR
STARTCHAR Agrave
ENCODING 192
SWIDTH 667 0
DWIDTH 16 0
BBX 14 21 0 0
BITMAP
01C0
00E0
0030
0000
00F0
00F0
01F0
01B0
03B0
0330
0738
0638
0E38
0E38
1FF8
1FF8
3838
381C
701C
701C
E01C
ENDCHAR
STARTCHAR Aacute
ENCODING 193
SWIDTH 667 0
DWIDTH 16 0
BBX 16 21 0 0
BITMAP
0007
001C
0030
0000
00F0
00F0
01F0
01B0
03B0
0330
0738
0638
0E38
0E38
1FF8
1FF8
3838
381C
701C
701C
E01C
ENDCHAR
STARTCHAR Acircumflex
ENCODING 194
SWIDTH 667 0
DWIDTH 16 0
BBX 15 22 0 0
BITMAP
0078
00FC
01CC
0386
0000
00F0
00F0
01F0
01B0
03B0
0330
0738
0638
0E38
0E38
1FF8
1FF8
3838
381C
701C
701C
E01C
ENDCHAR
STARTCHAR Atilde
ENCODING 195
SWIDTH 667 0
DWIDTH 16 0
BBX 15 21 0 0
BITMAP
03C6
03FC
063C
0000
00F0
00F0
01F0
01B0
03B0
0330
0738
0638
0E38
0E38
1FF8
1FF8
3838
381C
701C
701C
E01C
ENDCHAR
STARTCHAR Adieresis
ENCODING 196
SWIDTH 667 0
DWIDTH 16 0
BBX 15 21 0 0
BITMAP
01CE
01CE
01CE
0000
00F0
00F0
01F0
01B0
03B0
0330
0738
0638
0E38
0E38
1FF8
1FF8
3838
381C
701C
701C
E01C
ENDCHAR
STARTCHAR Aring
ENCODING 197
SWIDTH 667 0
DWIDTH 16 0
BBX 14 21 0 0
BITMAP
00F0
01F8
0198
0198
01F8
00F0
01F0
01B0
03B0
0330
0738
0638
0E38
0E38
1FF8
1FF8
3838
381C
701C
701C
E01C
ENDCHAR
STARTCHAR AE
ENCODING 198
SWIDTH 1000 0
DWIDTH 24 0
BBX 25 17 -1 0
BITMAP
001FFF80
003FFF80
007B8000
00770000
00E70000
01E70000
01C70000
0387FE00
0387FE00
070E0000
0FFE0000
0FFE0000
1C0E0000
3C0E0000
381E0000
701FFE00
-FE00200
ENDCHAR
STARTCHAR Ccedilla
ENCODING 199
SWIDTH 708 0
DWIDTH 17 0
BBX 16 22 1 -5
BITMAP
03F8
0FFE
1E1E
380F
7004
7000
7000
E000
E000
E000
E000
E000
E008
701E
783C
3FF8
0FE0
0200
0780
0180
0F80
0F00
ENDCHAR
STARTCHAR Egrave
ENCODING 200
SWIDTH 667 0
DWIDTH 16 0
BBX 16 21 0 0
BITMAP
0380
01C0
0060
0000
1FFF
1FFF
1C00
3800
3800
3800
3800
3FFC
7FFC
7000
7000
7000
7000
7000
E000
FFFC
FFFC
ENDCHAR
STARTCHAR Eacute
ENCODING 201
SWIDTH 667 0
DWIDTH 16 0
BBX 16 21 0 0
BITMAP
001C
0070
00C0
0000
1FFF
1FFF
1C00
3800
3800
3800
3800
3FFC
7FFC
7000
7000
7000
7000
7000
E000
FFFC
FFFC
ENDCHAR
STARTCHAR Ecircumflex
ENCODING 202
SWIDTH 667 0
DWIDTH 16 0
BBX 16 22 0 0
BITMAP
0078
00FC
01CC
0386
0000
1FFF
1FFF
1C00
3800
3800
3800
3800
3FFC
7FFC
7000
7000
7000
7000
7000
E000
FFFC
FFFC
ENDCHAR
STARTCHAR Edieresis
ENCODING 203
SWIDTH 667 0
DWIDTH 16 0
BBX 16 21 0 0
BITMAP
039C
039C
039C
0000
1FFF
1FFF
1C00
3800
3800
3800
3800
3FFC
7FFC
7000
7000
7000
7000
7000
E000
FFFC
FFFC
ENDCHAR
STARTCHAR Igrave
ENCODING 204
SWIDTH 250 0
DWIDTH 6 0
BBX 7 21 0 0
BITMAP
38
1C
06
00
1C
1C
1C
38
38
38
38
38
78
70
70
70
70
70
F0
E0
E0
ENDCHAR
STARTCHAR Iacute
ENCODING 205
SWIDTH 250 0
DWIDTH 6 0
BBX 10 21 0 0
BITMAP
01C0
0700
0C00
0000
1C00
1C00
1C00
3800
3800
3800
3800
3800
7800
7000
7000
7000
7000
7000
F000
E000
E000
ENDCHAR
STARTCHAR Icircumflex
ENCODING 206
SWIDTH 250 0
DWIDTH 6 0
BBX 10 22 0 0
BITMAP
0F00
1F80
3980
70C0
0000
1C00
1C00
1C00
3800
3800
3800
3800
3800
7800
7000
7000
7000
7000
7000
F000
E000
E000
ENDCHAR
STARTCHAR Idieresis
ENCODING 207
SWIDTH 250 0
DWIDTH 6 0
BBX 9 21 0 0
BITMAP
7380
7380
7380
0000
1C00
1C00
1C00
3800
3800
3800
3800
3800
7800
7000
7000
7000
7000
7000
F000
E000
E000
ENDCHAR
STARTCHAR Eth
ENCODING 208
SWIDTH 708 0
DWIDTH 17 0
BBX 16 17 0 0
BITMAP
1FF0
1FF8
1C3E
380E
380F
3807
3807
FF87
FF87
7007
7007
700E
700E
701C
E078
FFF0
FFC0
ENDCHAR
STARTCHAR Ntilde
ENCODING 209
SWIDTH 708 0
DWIDTH 17 0
BBX 17 21 0 0
BITMAP
01E300
01FE00
031E00
000000
1E0380
1F0380
1F0380
3F0700
3B8700
3B8700
3B8700
39C700
79CF00
71CE00
70EE00
70EE00
70EE00
707E00
F07C00
E07C00
E03C00
ENDCHAR
STARTCHAR Ograve
ENCODING 210
SWIDTH 792 0
DWIDTH 19 0
BBX 17 21 1 0
BITMAP
01C000
00E000
003000
000000
03F800
0FFE00
1E0F00
380700
780380
700380
700380
E00380
E00380
E00380
E00700
E00700
E00F00
700E00
783C00
3FF800
0FE000
ENDCHAR
STARTCHAR Oacute
ENCODING 211
SWIDTH 792 0
DWIDTH 19 0
BBX 17 21 1 0
BITMAP
000E00
003800
006000
000000
03F800
0FFE00
1E0F00
380700
780380
700380
700380
E00380
E00380
E00380
E00700
E00700
E00F00
700E00
783C00
3FF800
0FE000
ENDCHAR
STARTCHAR Ocircumflex
ENCODING 212
SWIDTH 792 0
DWIDTH 19 0
BBX 17 22 1 0
BITMAP
007800
00FC00
01CC00
038600
000000
03F800
0FFE00
1E0F00
380700
780380
700380
700380
E00380
E00380
E00380
E00700
E00700
E00F00
700E00
783C00
3FF800
0FE000
ENDCHAR
STARTCHAR Otilde
ENCODING 213
SWIDTH 792 0
DWIDTH 19 0
BBX 17 21 1 0
BITMAP
01E300
01FE00
031E00
000000
03F800
0FFE00
1E0F00
380700
780380
700380
700380
E00380
E00380
E00380
E00700
E00700
E00F00
700E00
783C00
3FF800
0FE000
ENDCHAR
STARTCHAR Odieresis
ENCODING 214
SWIDTH 792 0
DWIDTH 19 0
BBX 17 21 1 0
BITMAP
01CE00
01CE00
01CE00
000000
03F800
0FFE00
1E0F00
380700
780380
700380
700380
E00380
E00380
E00380
E00700
E00700
E00F00
700E00
783C00
3FF800
0FE000
ENDCHAR
STARTCHAR multiply
ENCODING 215
SWIDTH 583 0
DWIDTH 14 0
BBX 12 12 1 2
BITMAP
6030
7070
38E0
1DC0
0F80
0700
0F80
1DC0
38E0
7070
6030
0000
ENDCHAR
STARTCHAR Oslash
ENCODING 216
SWIDTH 792 0
DWIDTH 19 0
BBX 19 17 0 0
BITMAP
01FCC0
07FF80
0F0780
1C0780
3C0FC0
381DC0
3839C0
7071C0
70E1C0
70C1C0
718380
730380
760780
3E0700
3C1E00
3FFC00
67E000
ENDCHAR
STARTCHAR Ugrave
ENCODING 217
SWIDTH 708 0
DWIDTH 17 0
BBX 16 21 1 0
BITMAP
0380
01C0
0060
0000
3807
3807
3807
700E
700E
700E
700E
700E
F01E
E01C
E01C
E01C
E01C
E038
7078
3FF0
1FC0
ENDCHAR
STARTCHAR Uacute
ENCODING 218
SWIDTH 708 0
DWIDTH 17 0
BBX 16 21 1 0
BITMAP
001C
0070
00C0
0000
3807
3807
3807
700E
700E
700E
700E
700E
F01E
E01C
E01C
E01C
E01C
E038
7078
3FF0
1FC0
ENDCHAR
STARTCHAR Ucircumflex
ENCODING 219
SWIDTH 708 0
DWIDTH 17 0
BBX 16 22 1 0
BITMAP
00F0
01F8
0398
070C
0000
3807
3807
3807
700E
700E
700E
700E
700E
F01E
E01C
E01C
E01C
E01C
E038
7078
3FF0
1FC0
ENDCHAR
STARTCHAR Udieresis
ENCODING 220
SWIDTH 708 0
DWIDTH 17 0
BBX 16 21 1 0
BITMAP
039C
039C
039C
0000
3807
3807
3807
700E
700E
700E
700E
700E
F01E
E01C
E01C
E01C
E01C
E038
7078
3FF0
1FC0
ENDCHAR
STARTCHAR Yacute
ENCODING 221
SWIDTH 667 0
DWIDTH 16 0
BBX 15 21 2 0
BITMAP
0070
01C0
0300
0000
E00E
701C
7038
7870
3870
38E0
1DC0
1F80
0F00
0F00
0E00
0E00
0E00
0E00
1E00
1C00
1C00
ENDCHAR
STARTCHAR Thorn
ENCODING 222
SWIDTH 667 0
DWIDTH 16 0
BBX 15 17 0 0
BITMAP
1C00
1C00
1C00
3FF0
3FFC
381C
380E
380E
780E
700E
701C
7FF8
7FE0
7000
E000
E000
E000
ENDCHAR
STARTCHAR germandbls
ENCODING 223
SWIDTH 625 0
DWIDTH 15 0
BBX 14 17 1 0
BITMAP
03F0
0FF8
1E1C
1C1C
381C
3878
38F0
39C0
39C0
71E0
70F0
7078
7038
7038
F078
EFF0
EFE0
ENDCHAR
STARTCHAR agrave
ENCODING 224
SWIDTH 542 0
DWIDTH 13 0
BBX 12 18 0 0
BITMAP
0700
0380
0180
00C0
0000
0FC0
1FE0
3CF0
3870
0070
1FE0
7FE0
F0E0
E0E0
E1E0
E3E0
7EF0
3C70
ENDCHAR
STARTCHAR aacute
ENCODING 225
SWIDTH 542 0
DWIDTH 13 0
BBX 12 18 0 0
BITMAP
00F0
00E0
01C0
0300
0000
0FC0
1FE0
3CF0
3870
0070
1FE0
7FE0
F0E0
E0E0
E1E0
E3E0
7EF0
3C70
ENDCHAR
STARTCHAR acircumflex
ENCODING 226
SWIDTH 542 0
DWIDTH 13 0
BBX 12 18 0 0
BITMAP
03C0
07E0
0E60
1C30
0000
0FC0
1FE0
3CF0
3870
0070
1FE0
7FE0
F0E0
E0E0
E1E0
E3E0
7EF0
3C70
ENDCHAR
STARTCHAR atilde
ENCODING 227
SWIDTH 542 0
DWIDTH 13 0
BBX 13 17 0 0
BITMAP
0F18
0FF0
18F0
0000
0FC0
1FE0
3CF0
3870
0070
1FE0
7FE0
F0E0
E0E0
E1E0
E3E0
7EF0
3C70
ENDCHAR
STARTCHAR adieresis
ENCODING 228
SWIDTH 542 0
DWIDTH 13 0
BBX 12 17 0 0
BITMAP
0E70
0E70
0E70
0000
0FC0
1FE0
3CF0
3870
0070
1FE0
7FE0
F0E0
E0E0
E1E0
E3E0
7EF0
3C70
ENDCHAR
STARTCHAR aring
ENCODING 229
SWIDTH 542 0
DWIDTH 13 0
BBX 12 20 0 0
BITMAP
03C0
07E0
0660
0660
07E0
03C0
0000
0FC0
1FE0
3CF0
3870
0070
1FE0
7FE0
F0E0
E0E0
E1E0
E3E0
7EF0
3C70
ENDCHAR
STARTCHAR ae
ENCODING 230
SWIDTH 875 0
DWIDTH 21 0
BBX 19 13 1 0
BITMAP
0F8F80
1FFFC0
3CF9E0
38F0E0
00E0E0
1FFFE0
7FFFE0
F1E000
E1E000
E1E180
E3F3C0
7E7F80
7C3E00
ENDCHAR
STARTCHAR ccedilla
ENCODING 231
SWIDTH 542 0
DWIDTH 13 0
BBX 12 18 1 -5
BITMAP
0FC0
1FE0
38F0
7070
7000
E000
E000
E000
E000
E1E0
71C0
7FC0
1F00
0800
1E00
0600
3E00
3C00
ENDCHAR
STARTCHAR egrave
ENCODING 232
SWIDTH 542 0
DWIDTH 13 0
BBX 11 18 1 0
BITMAP
0E00
0700
0300
0180
0000
0F80
3FC0
79E0
70E0
F0E0
FFE0
FFE0
E000
E000
E180
73C0
7F80
3F00
ENDCHAR
STARTCHAR eacute
ENCODING 233
SWIDTH 542 0
DWIDTH 13 0
BBX 11 18 1 0
BITMAP
01E0
01C0
0380
0600
0000
0F80
3FC0
79E0
70E0
F0E0
FFE0
FFE0
E000
E000
E180
73C0
7F80
3F00
ENDCHAR
STARTCHAR ecircumflex
ENCODING 234
SWIDTH 542 0
DWIDTH 13 0
BBX 11 18 1 0
BITMAP
0780
0FC0
1CC0
3860
0000
0F80
3FC0
79E0
70E0
F0E0
FFE0
FFE0
E000
E000
E180
73C0
7F80
3F00
ENDCHAR
STARTCHAR edieresis
ENCODING 235
SWIDTH 542 0
DWIDTH 13 0
BBX 11 17 1 0
BITMAP
1CE0
1CE0
1CE0
0000
0F80
3FC0
79E0
70E0
F0E0
FFE0
FFE0
E000
E000
E180
73C0
7F80
3F00
ENDCHAR
STARTCHAR igrave
ENCODING 236
SWIDTH 292 0
DWIDTH 7 0
BBX 6 18 1 0
BITMAP
70
38
18
0C
00
38
38
38
38
38
70
70
70
70
70
F0
E0
E0
ENDCHAR
STARTCHAR iacute
ENCODING 237
SWIDTH 292 0
DWIDTH 7 0
BBX 9 18 1 0
BITMAP
0780
0700
0E00
1800
0000
3800
3800
3800
3800
3800
7000
7000
7000
7000
7000
F000
E000
E000
ENDCHAR
STARTCHAR icircumflex
ENCODING 238
SWIDTH 292 0
DWIDTH 7 0
BBX 9 18 1 0
BITMAP
1E00
3F00
7300
E180
0000
3800
3800
3800
3800
3800
7000
7000
7000
7000
7000
F000
E000
E000
ENDCHAR
STARTCHAR idieresis
ENCODING 239
SWIDTH 292 0
DWIDTH 7 0
BBX 9 17 1 0
BITMAP
7380
7380
7380
0000
3800
3800
3800
3800
3800
7000
7000
7000
7000
7000
F000
E000
E000
ENDCHAR
STARTCHAR eth
ENCODING 240
SWIDTH 583 0
DWIDTH 14 0
BBX 12 17 1 0
BITMAP
0710
03F0
03E0
07E0
04E0
0070
0FF0
3FF0
78F0
7070
E070
E070
E060
E0E0
F1C0
7F80
1F00
ENDCHAR
STARTCHAR ntilde
ENCODING 241
SWIDTH 625 0
DWIDTH 15 0
BBX 14 17 1 0
BITMAP
078C
07F8
0C78
0000
39E0
3FF0
3C78
3838
3838
7070
7070
7070
7070
7070
E0E0
E0E0
E0E0
ENDCHAR
STARTCHAR ograve
ENCODING 242
SWIDTH 583 0
DWIDTH 14 0
BBX 12 18 1 0
BITMAP
0E00
0700
0300
0180
0000
0FC0
1FE0
38F0
7070
7070
E070
E070
E070
E0E0
E0E0
71C0
7F80
1F00
ENDCHAR
STARTCHAR oacute
ENCODING 243
SWIDTH 583 0
DWIDTH 14 0
BBX 12 18 1 0
BITMAP
00F0
00E0
01C0
0300
0000
0FC0
1FE0
38F0
7070
7070
E070
E070
E070
E0E0
E0E0
71C0
7F80
1F00
ENDCHAR
STARTCHAR ocircumflex
ENCODING 244
SWIDTH 583 0
DWIDTH 14 0
BBX 12 18 1 0
BITMAP
03C0
07E0
0E60
1C30
0000
0FC0
1FE0
38F0
7070
7070
E070
E070
E070
E0E0
E0E0
71C0
7F80
1F00
ENDCHAR
STARTCHAR otilde
ENCODING 245
SWIDTH 583 0
DWIDTH 14 0
BBX 13 17 1 0
BITMAP
0F18
0FF0
18F0
0000
0FC0
1FE0
38F0
7070
7070
E070
E070
E070
E0E0
E0E0
71C0
7F80
1F00
ENDCHAR
STARTCHAR odieresis
ENCODING 246
SWIDTH 583 0
DWIDTH 14 0
BBX 12 17 1 0
BITMAP
0E70
0E70
0E70
0000
0FC0
1FE0
38F0
7070
7070
E070
E070
E070
E0E0
E0E0
71C0
7F80
1F00
ENDCHAR
STARTCHAR divide
ENCODING 247
SWIDTH 542 0
DWIDTH 13 0
BBX 12 10 1 3
BITMAP
0600
0600
0000
0000
FFF0
FFF0
0000
0000
0600
0600
ENDCHAR
STARTCHAR oslash
ENCODING 248
SWIDTH 583 0
DWIDTH 14 0
BBX 12 13 1 0
BITMAP
0FF0
1FE0
38F0
71F0
71F0
E370
E670
EC70
FCE0
F8E0
71C0
7F80
DF00
ENDCHAR
STARTCHAR ugrave
ENCODING 249
SWIDTH 583 0
DWIDTH 14 0
BBX 11 18 2 0
BITMAP
1C00
0E00
0600
0300
0000
70E0
70E0
70E0
70E0
71E0
E1C0
E1C0
E1C0
E1C0
E3C0
E7C0
FF80
7B80
ENDCHAR
STARTCHAR uacute
ENCODING 250
SWIDTH 583 0
DWIDTH 14 0
BBX 11 18 2 0
BITMAP
01E0
01C0
0380
0600
0000
70E0
70E0
70E0
70E0
71E0
E1C0
E1C0
E1C0
E1C0
E3C0
E7C0
FF80
7B80
ENDCHAR
STARTCHAR ucircumflex
ENCODING 251
SWIDTH 583 0
DWIDTH 14 0
BBX 11 18 2 0
BITMAP
0780
0FC0
1CC0
3860
0000
70E0
70E0
70E0
70E0
71E0
E1C0
E1C0
E1C0
E1C0
E3C0
E7C0
FF80
7B80
ENDCHAR
STARTCHAR udieresis
ENCODING 252
SWIDTH 583 0
DWIDTH 14 0
BBX 11 17 2 0
BITMAP
1CE0
1CE0
1CE0
0000
70E0
70E0
70E0
70E0
71E0
E1C0
E1C0
E1C0
E1C0
E3C0
E7C0
FF80
7B80
ENDCHAR
STARTCHAR yacute
ENCODING 253
SWIDTH 542 0
DWIDTH 13 0
BBX 15 23 -1 -5
BITMAP
0078
0070
00E0
0180
0000
381E
381C
183C
1C38
1C70
1C70
1CE0
0CE0
0DC0
0DC0
0F80
0F00
0700
0E00
0E00
1C00
F800
F000
ENDCHAR
STARTCHAR thorn
ENCODING 254
SWIDTH 625 0
DWIDTH 15 0
BBX 14 22 0 -5
BITMAP
0E00
0E00
0E00
1C00
1CF0
1DF8
1E3C
1C1C
1C1C
381C
381C
381C
3838
3838
7C70
77F0
73C0
7000
7000
7000
E000
E000
ENDCHAR
STARTCHAR ydieresis
ENCODING 255
SWIDTH 542 0
DWIDTH 13 0
BBX 15 22 -1 -5
BITMAP
0738
0738
0738
0000
381E
381C
183C
1C38
1C70
1C70
1CE0
0CE0
0DC0
0DC0
0F80
0F00
0700
0E00
0E00
1C00
F800
F000
ENDCHAR
STARTCHAR Amacron
ENCODING 256
SWIDTH 667 0
DWIDTH 16 0
BBX 14 20 0 0
BITMAP
01FC
01FC
0000
00F0
00F0
01F0
01B0
03B0
0330
0738
0638
0E38
0E38
1FF8
1FF8
3838
381C
701C
701C
E01C
ENDCHAR
STARTCHAR amacron
ENCODING 257
SWIDTH 542 0
DWIDTH 13 0
BBX 12 16 0 0
BITMAP
07F0
07F0
0000
0FC0
1FE0
3CF0
3870
0070
1FE0
7FE0
F0E0
E0E0
E1E0
E3E0
7EF0
3C70
ENDCHAR
STARTCHAR Abreve
ENCODING 258
SWIDTH 667 0
DWIDTH 16 0
BBX 15 22 0 0
BITMAP
0186
01CE
00FC
0078
0000
00F0
00F0
01F0
01B0
03B0
0330
0738
0638
0E38
0E38
1FF8
1FF8
3838
381C
701C
701C
E01C
ENDCHAR
STARTCHAR abreve
ENCODING 259
SWIDTH 542 0
DWIDTH 13 0
BBX 13 18 0 0
BITMAP
0618
0738
03F0
01E0
0000
0FC0
1FE0
3CF0
3870
0070
1FE0
7FE0
F0E0
E0E0
E1E0
E3E0
7EF0
3C70
ENDCHAR
STARTCHAR Aogonek
ENCODING 260
SWIDTH 667 0
DWIDTH 16 0
BBX 14 22 0 -5
BITMAP
00F0
00F0
01F0
01B0
03B0
0330
0738
0638
0E38
0E38
1FF8
1FF8
3838
381C
701C
701C
E01C
0018
0030
0030
003C
001C
ENDCHAR
STARTCHAR aogonek
ENCODING 261
SWIDTH 542 0
DWIDTH 13 0
BBX 12 18 0 -5
BITMAP
0FC0
1FE0
3CF0
3870
0070
1FE0
7FE0
F0E0
E0E0
E1E0
E3E0
7EF0
3C70
00C0
0180
0180
01E0
00E0
ENDCHAR
STARTCHAR Cacute
ENCODING 262
SWIDTH 708 0
DWIDTH 17 0
BBX 16 21 1 0
BITMAP
000E
0038
0060
0000
03F8
0FFE
1E1E
380F
7004
7000
7000
E000
E000
E000
E000
E000
E008
701E
783C
3FF8
0FE0
ENDCHAR
STARTCHAR cacute
ENCODING 263
SWIDTH 542 0
DWIDTH 13 0
BBX 13 18 1 0
BITMAP
0078
0070
00E0
0180
0000
0FC0
1FE0
38F0
7070
7000
E000
E000
E000
E000
E1E0
71C0
7FC0
1F00
ENDCHAR
STARTCHAR Ccircumflex
ENCODING 264
SWIDTH 708 0
DWIDTH 17 0
BBX 16 22 1 0
BITMAP
0078
00FC
01CC
0386
0000
03F8
0FFE
1E1E
380F
7004
7000
7000
E000
E000
E000
E000
E000
E008
701E
783C
3FF8
0FE0
ENDCHAR
STARTCHAR ccircumflex
ENCODING 265
SWIDTH 542 0
DWIDTH 13 0
BBX 12 18 1 0
BITMAP
03C0
07E0
0E60
1C30
0000
0FC0
1FE0
38F0
7070
7000
E000
E000
E000
E000
E1E0
71C0
7FC0
1F00
ENDCHAR
STARTCHAR Cdotaccent
ENCODING 266
SWIDTH 708 0
DWIDTH 17 0
BBX 16 21 1 0
BITMAP
00E0
00E0
00E0
0000
03F8
0FFE
1E1E
380F
7004
7000
7000
E000
E000
E000
E000
E000
E008
701E
783C
3FF8
0FE0
ENDCHAR
STARTCHAR cdotaccent
ENCODING 267
SWIDTH 542 0
DWIDTH 13 0
BBX 12 17 1 0
BITMAP
0380
0380
0380
0000
0FC0
1FE0
38F0
7070
7000
E000
E000
E000
E000
E1E0
71C0
7FC0
1F00
ENDCHAR
STARTCHAR Ccaron
ENCODING 268
SWIDTH 708 0
DWIDTH 17 0
BBX 16 22 1 0
BITMAP
030E
01DC
01F8
00F0
0000
03F8
0FFE
1E1E
380F
7004
7000
7000
E000
E000
E000
E000
E000
E008
701E
783C
3FF8
0FE0
ENDCHAR
STARTCHAR ccaron
ENCODING 269
SWIDTH 542 0
DWIDTH 13 0
BBX 13 18 1 0
BITMAP
0C38
0670
07E0
03C0
0000
0FC0
1FE0
38F0
7070
7000
E000
E000
E000
E000
E1E0
71C0
7FC0
1F00
ENDCHAR
STARTCHAR Dcaron
ENCODING 270
SWIDTH 708 0
DWIDTH 17 0
BBX 16 22 0 0
BITMAP
061C
03B8
03F0
01E0
0000
1FF0
1FF8
1C3E
380E
380F
3807
3807
3807
7807
7007
7007
700E
700E
701C
E078
FFF0
FFC0
ENDCHAR
STARTCHAR dcaron
ENCODING 271
SWIDTH 750 0
DWIDTH 18 0
BBX 18 17 1 0
BITMAP
001DC0
001DC0
001DC0
003880
0F3980
3FB800
38F800
707800
707000
E07000
E07000
E07000
E0F000
E0F000
F1E000
7FE000
3CE000
ENDCHAR
STARTCHAR Dcroat
ENCODING 272
SWIDTH 708 0
DWIDTH 17 0
BBX 16 17 0 0
BITMAP
1FF0
1FF8
1C3E
380E
380F
3807
3807
FF87
FF87
7007
7007
700E
700E
701C
E078
FFF0
FFC0
ENDCHAR
STARTCHAR dcroat
ENCODING 273
SWIDTH 583 0
DWIDTH 14 0
BBX 14 17 1 0
BITMAP
0038
03FC
03FC
0070
1E70
3F70
78F0
70F0
70E0
E0E0
E0E0
E0E0
E0E0
E1E0
F3C0
7FC0
3DC0
ENDCHAR
STARTCHAR Emacron
ENCODING 274
SWIDTH 667 0
DWIDTH 16 0
BBX 16 20 0 0
BITMAP
01FC
01FC
0000
1FFF
1FFF
1C00
3800
3800
3800
3800
3FFC
7FFC
7000
7000
7000
7000
7000
E000
FFFC
FFFC
ENDCHAR
STARTCHAR emacron
ENCODING 275
SWIDTH 542 0
DWIDTH 13 0
BBX 11 16 1 0
BITMAP
0FE0
0FE0
0000
0F80
3FC0
79E0
70E0
F0E0
FFE0
FFE0
E000
E000
E180
73C0
7F80
3F00
ENDCHAR
STARTCHAR Ebreve
ENCODING 276
SWIDTH 667 0
DWIDTH 16 0
BBX 16 22 0 0
BITMAP
030C
039C
01F8
00F0
0000
1FFF
1FFF
1C00
3800
3800
3800
3800
3FFC
7FFC
7000
7000
7000
7000
7000
E000
FFFC
FFFC
ENDCHAR
STARTCHAR ebreve
ENCODING 277
SWIDTH 542 0
DWIDTH 13 0
BBX 12 18 1 0
BITMAP
0C30
0E70
07E0
03C0
0000
0F80
3FC0
79E0
70E0
F0E0
FFE0
FFE0
E000
E000
E180
73C0
7F80
3F00
ENDCHAR
STARTCHAR Edotaccent
ENCODING 278
SWIDTH 667 0
DWIDTH 16 0
BBX 16 21 0 0
BITMAP
0070
0070
0070
0000
1FFF
1FFF
1C00
3800
3800
3800
3800
3FFC
7FFC
7000
7000
7000
7000
7000
E000
FFFC
FFFC
ENDCHAR
STARTCHAR edotaccent
ENCODING 279
SWIDTH 542 0
DWIDTH 13 0
BBX 11 17 1 0
BITMAP
0380
0380
0380
0000
0F80
3FC0
79E0
70E0
F0E0
FFE0
FFE0
E000
E000
E180
73C0
7F80
3F00
ENDCHAR
STARTCHAR Eogonek
ENCODING 280
SWIDTH 667 0
DWIDTH 16 0
BBX 16 22 0 -5
BITMAP
1FFF
1FFF
1C00
3800
3800
3800
3800
3FFC
7FFC
7000
7000
7000
7000
7000
E000
FFFC
FFFC
0060
00C0
00C0
00F0
0070
ENDCHAR
STARTCHAR eogonek
ENCODING 281
SWIDTH 542 0
DWIDTH 13 0
BBX 11 18 1 -5
BITMAP
0F80
3FC0
79E0
70E0
F0E0
FFE0
FFE0
E000
E000
E180
73C0
7F80
3F00
0C00
1800
1800
1E00
0E00
ENDCHAR
STARTCHAR Ecaron
ENCODING 282
SWIDTH 667 0
DWIDTH 16 0
BBX 16 22 0 0
BITMAP
030E
01DC
01F8
00F0
0000
1FFF
1FFF
1C00
3800
3800
3800
3800
3FFC
7FFC
7000
7000
7000
7000
7000
E000
FFFC
FFFC
ENDCHAR
STARTCHAR ecaron
ENCODING 283
SWIDTH 542 0
DWIDTH 13 0
BBX 12 18 1 0
BITMAP
1870
0CE0
0FC0
0780
0000
0F80
3FC0
79E0
70E0
F0E0
FFE0
FFE0
E000
E000
E180
73C0
7F80
3F00
ENDCHAR
STARTCHAR Gcircumflex
ENCODING 284
SWIDTH 792 0
DWIDTH 19 0
BBX 17 22 1 0
BITMAP
007800
00FC00
01CC00
038600
000000
03FC00
0FFF00
1E0F00
380780
780200
700000
F00000
E00000
E07F80
E07F00
E00700
E00700
E00700
700700
781F00
3FFC00
0FF000
ENDCHAR
STARTCHAR gcircumflex
ENCODING 285
SWIDTH 583 0
DWIDTH 14 0
BBX 13 23 0 -5
BITMAP
01E0
03F0
0730
0E18
0000
0F38
1FB8
3CF8
3878
3878
7070
7070
7070
7070
70F0
79E0
3FE0
1EE0
00E0
20E0
F1C0
7F80
3F00
ENDCHAR
STARTCHAR Gbreve
ENCODING 286
SWIDTH 792 0
DWIDTH 19 0
BBX 17 22 1 0
BITMAP
018600
01CE00
00FC00
007800
000000
03FC00
0FFF00
1E0F00
380780
780200
700000
F00000
E00000
E07F80
E07F00
E00700
E00700
E00700
700700
781F00
3FFC00
0FF000
ENDCHAR
STARTCHAR gbreve
ENCODING 287
SWIDTH 583 0
DWIDTH 14 0
BBX 13 23 0 -5
BITMAP
0618
0738
03F0
01E0
0000
0F38
1FB8
3CF8
3878
3878
7070
7070
7070
7070
70F0
79E0
3FE0
1EE0
00E0
20E0
F1C0
7F80
3F00
ENDCHAR
STARTCHAR Gdotaccent
ENCODING 288
SWIDTH 792 0
DWIDTH 19 0
BBX 17 21 1 0
BITMAP
007000
007000
007000
000000
03FC00
0FFF00
1E0F00
380780
780200
700000
F00000
E00000
E07F80
E07F00
E00700
E00700
E00700
700700
781F00
3FFC00
0FF000
ENDCHAR
STARTCHAR gdotaccent
ENCODING 289
SWIDTH 583 0
DWIDTH 14 0
BBX 13 22 0 -5
BITMAP
01C0
01C0
01C0
0000
0F38
1FB8
3CF8
3878
3878
7070
7070
7070
7070
70F0
79E0
3FE0
1EE0
00E0
20E0
F1C0
7F80
3F00
ENDCHAR
STARTCHAR Gcommaaccent
ENCODING 290
SWIDTH 792 0
DWIDTH 19 0
BBX 17 23 1 -6
BITMAP
03FC00
0FFF00
1E0F00
380780
780200
700000
F00000
E00000
E07F80
E07F00
E00700
E00700
E00700
700700
781F00
3FFC00
0FF000
000000
01C000
01C000
01C000
008000
018000
ENDCHAR
STARTCHAR gcommaaccent
ENCODING 291
SWIDTH 583 0
DWIDTH 14 0
BBX 13 24 0 -5
BITMAP
00C0
0080
01C0
01C0
01C0
0000
0F38
1FB8
3CF8
3878
3878
7070
7070
7070
7070
70F0
79E0
3FE0
1EE0
00E0
20E0
F1C0
7F80
3F00
ENDCHAR
STARTCHAR Hcircumflex
ENCODING 292
SWIDTH 708 0
DWIDTH 17 0
BBX 17 22 0 0
BITMAP
007800
00FC00
01CC00
038600
000000
1C0380
1C0380
1C0380
380700
380700
380700
380700
3FFF00
7FFF00
700E00
700E00
700E00
700E00
700E00
E01E00
E01C00
E01C00
ENDCHAR
STARTCHAR hcircumflex
ENCODING 293
SWIDTH 625 0
DWIDTH 15 0
BBX 14 23 1 0
BITMAP
00F0
01F8
0398
070C
0000
0000
1C00
1C00
1C00
3800
39E0
3BF0
3C78
3838
7838
7070
7070
7070
7070
7070
F0E0
E0E0
E0E0
ENDCHAR
STARTCHAR Hbar
ENCODING 294
SWIDTH 708 0
DWIDTH 17 0
BBX 18 17 0 0
BITMAP
1C0380
1C0380
7FFFC0
7FFFC0
380700
380700
380700
3FFF00
3FFF00
700E00
700E00
700E00
700E00
700E00
F01E00
E01C00
E01C00
ENDCHAR
STARTCHAR hbar
ENCODING 295
SWIDTH 625 0
DWIDTH 15 0
BBX 13 17 1 0
BITMAP
1C00
7F80
7F80
3800
39E0
3BF0
3C78
3838
7878
7070
7070
7070
7070
7070
F0E0
E0E0
E0E0
ENDCHAR
STARTCHAR Itilde
ENCODING 296
SWIDTH 250 0
DWIDTH 6 0
BBX 10 21 0 0
BITMAP
78C0
7F80
C780
0000
1C00
1C00
1C00
3800
3800
3800
3800
3800
7800
7000
7000
7000
7000
7000
F000
E000
E000
ENDCHAR
STARTCHAR itilde
ENCODING 297
SWIDTH 292 0
DWIDTH 7 0
BBX 10 17 0 0
BITMAP
78C0
7F80
C780
0000
1C00
1C00
1C00
1C00
1C00
3800
3800
3800
3800
3800
7800
7000
7000
ENDCHAR
STARTCHAR Imacron
ENCODING 298
SWIDTH 250 0
DWIDTH 6 0
BBX 9 20 0 0
BITMAP
3F80
3F80
0000
1C00
1C00
1C00
3800
3800
3800
3800
3800
7800
7000
7000
7000
7000
7000
F000
E000
E000
ENDCHAR
STARTCHAR imacron
ENCODING 299
SWIDTH 292 0
DWIDTH 7 0
BBX 8 16 1 0
BITMAP
7F
7F
00
38
38
38
38
38
70
70
70
70
70
F0
E0
E0
ENDCHAR
STARTCHAR Ibreve
ENCODING 300
SWIDTH 250 0
DWIDTH 6 0
BBX 10 22 0 0
BITMAP
30C0
39C0
1F80
0F00
0000
1C00
1C00
1C00
3800
3800
3800
3800
3800
7800
7000
7000
7000
7000
7000
F000
E000
E000
ENDCHAR
STARTCHAR ibreve
ENCODING 301
SWIDTH 292 0
DWIDTH 7 0
BBX 9 18 1 0
BITMAP
6180
7380
3F00
1E00
0000
3800
3800
3800
3800
3800
7000
7000
7000
7000
7000
F000
E000
E000
ENDCHAR
STARTCHAR Iogonek
ENCODING 302
SWIDTH 250 0
DWIDTH 6 0
BBX 7 22 -1 -5
BITMAP
0E
0E
0E
1C
1C
1C
1C
1C
3C
38
38
38
38
38
78
70
70
60
C0
C0
F0
70
ENDCHAR
STARTCHAR iogonek
ENCODING 303
SWIDTH 292 0
DWIDTH 7 0
BBX 7 22 0 -5
BITMAP
0E
0E
0E
00
1C
1C
1C
1C
1C
38
38
38
38
38
78
70
70
60
C0
C0
F0
70
ENDCHAR
STARTCHAR Idotaccent
ENCODING 304
SWIDTH 250 0
DWIDTH 6 0
BBX 7 21 0 0
BITMAP
0E
0E
0E
00
1C
1C
1C
38
38
38
38
38
78
70
70
70
70
70
F0
E0
E0
ENDCHAR
STARTCHAR dotlessi
ENCODING 305
SWIDTH 292 0
DWIDTH 7 0
BBX 5 13 1 0
BITMAP
38
38
38
38
38
70
70
70
70
70
F0
E0
E0
ENDCHAR
STARTCHAR IJ
ENCODING 306
SWIDTH 792 0
DWIDTH 19 0
BBX 19 17 0 0
BITMAP
1C07E0
1C0FE0
1C00E0
3801C0
3801C0
3801C0
3801C0
3801C0
7803C0
700380
700380
700380
708380
738300
F3C700
E1FE00
E0FC00
ENDCHAR
STARTCHAR ij
ENCODING 307
SWIDTH 542 0
DWIDTH 13 0
BBX 12 22 1 -5
BITMAP
1C70
1C70
1C70
0000
38E0
38E0
38E0
38E0
38E0
71C0
71C0
71C0
71C0
71C0
F380
E380
E380
0380
0380
0780
1F00
1E00
ENDCHAR
STARTCHAR Jcircumflex
ENCODING 308
SWIDTH 542 0
DWIDTH 13 0
BBX 15 22 0 0
BITMAP
0078
00FC
01CC
0386
0000
01F8
03F8
0038
0070
0070
0070
0070
0070
00F0
00E0
00E0
00E0
20E0
E0C0
F1C0
7F80
3F00
ENDCHAR
STARTCHAR jcircumflex
ENCODING 309
SWIDTH 292 0
DWIDTH 7 0
BBX 12 23 -2 -5
BITMAP
03C0
07E0
0E60
1C30
0000
0700
0700
0700
0700
0700
0E00
0E00
0E00
0E00
0E00
1C00
1C00
1C00
1C00
1C00
3C00
F800
F000
ENDCHAR
STARTCHAR Kcommaaccent
ENCODING 310
SWIDTH 708 0
DWIDTH 17 0
BBX 18 23 0 -6
BITMAP
1C0780
1C0F00
1C1E00
383C00
387800
38F000
3BC000
3F8000
7FC000
7DE000
78E000
707000
707000
703800
F03C00
E01C00
E01E00
000000
038000
038000
038000
010000
030000
ENDCHAR
STARTCHAR kcommaaccent
ENCODING 311
SWIDTH 542 0
DWIDTH 13 0
BBX 13 23 1 -6
BITMAP
1C00
1C00
1C00
3800
3878
38F0
39E0
3BC0
7F80
7F00
7F00
7B80
7380
71C0
F1C0
E1C0
E0E0
0000
0E00
0E00
0E00
0400
0C00
ENDCHAR
STARTCHAR kgreenlandic
ENCODING 312
SWIDTH 542 0
DWIDTH 13 0
BBX 13 13 1 0
BITMAP
3878
38F0
39E0
3BC0
3F80
7F00
7F00
7B80
7380
73C0
F1C0
E1C0
E0E0
ENDCHAR
STARTCHAR Lacute
ENCODING 313
SWIDTH 625 0
DWIDTH 15 0
BBX 14 21 0 0
BITMAP
0070
01C0
0300
0000
1C00
1C00
1C00
3800
3800
3800
3800
3800
7800
7000
7000
7000
7000
7000
E000
FFFC
FFFC
ENDCHAR
STARTCHAR lacute
ENCODING 314
SWIDTH 292 0
DWIDTH 7 0
BBX 10 22 1 0
BITMAP
01C0
0700
0C00
0000
0000
1C00
1C00
1C00
3800
3800
3800
3800
3800
7800
7000
7000
7000
7000
7000
F000
E000
E000
ENDCHAR
STARTCHAR Lcommaaccent
ENCODING 315
SWIDTH 625 0
DWIDTH 15 0
BBX 14 23 0 -6
BITMAP
1C00
1C00
1C00
3800
3800
3800
3800
3800
7800
7000
7000
7000
7000
7000
E000
FFFC
FFFC
0000
0700
0700
0700
0200
0600
ENDCHAR
STARTCHAR lcommaaccent
ENCODING 316
SWIDTH 292 0
DWIDTH 7 0
BBX 6 23 1 -6
BITMAP
1C
1C
1C
38
38
38
38
38
78
70
70
70
70
70
F0
E0
E0
00
E0
E0
E0
40
C0
ENDCHAR
STARTCHAR Lcaron
ENCODING 317
SWIDTH 625 0
DWIDTH 15 0
BBX 14 17 0 0
BITMAP
1C1C
1C1C
1C1C
3808
3818
3800
3800
3800
7800
7000
7000
7000
7000
7000
E000
FFFC
FFFC
ENDCHAR
STARTCHAR lcaron
ENCODING 318
SWIDTH 417 0
DWIDTH 10 0
BBX 11 17 1 0
BITMAP
1CE0
1CE0
1CE0
3840
38C0
3800
3800
3800
7800
7000
7000
7000
7000
7000
F000
E000
E000
ENDCHAR
STARTCHAR Ldot
ENCODING 319
SWIDTH 625 0
DWIDTH 15 0
BBX 14 17 0 0
BITMAP
1C00
1C00
1C00
3800
3800
3800
3800
3870
7870
7070
7000
7000
7000
7000
E000
FFFC
FFFC
ENDCHAR
STARTCHAR ldot
ENCODING 320
SWIDTH 500 0
DWIDTH 12 0
BBX 10 17 1 0
BITMAP
1C00
1C00
1C00
3800
3800
3800
3800
39C0
79C0
71C0
7000
7000
7000
7000
F000
E000
E000
ENDCHAR
STARTCHAR Lslash
ENCODING 321
SWIDTH 625 0
DWIDTH 15 0
BBX 15 17 -1 0
BITMAP
0E00
0E00
0E00
1C00
1C00
1C40
1DC0
1F80
3F00
7800
7800
B800
3800
3800
7000
7FFE
7FFE
ENDCHAR
STARTCHAR lslash
ENCODING 322
SWIDTH 292 0
DWIDTH 7 0
BBX 7 17 1 0
BITMAP
1C
1C
1C
38
38
3A
3C
3C
F8
F0
F0
70
70
70
F0
E0
E0
ENDCHAR
STARTCHAR Nacute
ENCODING 323
SWIDTH 708 0
DWIDTH 17 0
BBX 17 21 0 0
BITMAP
000E00
003800
006000
000000
1E0380
1F0380
1F0380
3F0700
3B8700
3B8700
3B8700
39C700
79CF00
71CE00
70EE00
70EE00
70EE00
707E00
F07C00
E07C00
E03C00
ENDCHAR
STARTCHAR nacute
ENCODING 324
SWIDTH 625 0
DWIDTH 15 0
BBX 13 18 1 0
BITMAP
0078
0070
00E0
0180
0000
39E0
3FF0
3C78
3838
3838
7070
7070
7070
7070
7070
E0E0
E0E0
E0E0
ENDCHAR
STARTCHAR Ncommaaccent
ENCODING 325
SWIDTH 708 0
DWIDTH 17 0
BBX 17 23 0 -6
BITMAP
1E0380
1F0380
1F0380
3F0700
3B8700
3B8700
3B8700
39C700
79CF00
71CE00
70EE00
70EE00
70EE00
707E00
F07C00
E07C00
E03C00
000000
038000
038000
038000
010000
030000
ENDCHAR
STARTCHAR ncommaaccent
ENCODING 326
SWIDTH 625 0
DWIDTH 15 0
BBX 13 19 1 -6
BITMAP
39E0
3FF0
3C78
3838
3838
7070
7070
7070
7070
7070
E0E0
E0E0
E0E0
0000
0E00
0E00
0E00
0400
0C00
ENDCHAR
STARTCHAR Ncaron
ENCODING 327
SWIDTH 708 0
DWIDTH 17 0
BBX 17 22 0 0
BITMAP
018700
00EE00
00FC00
007800
000000
1E0380
1F0380
1F0380
3F0700
3B8700
3B8700
3B8700
39C700
79CF00
71CE00
70EE00
70EE00
70EE00
707E00
F07C00
E07C00
E03C00
ENDCHAR
STARTCHAR ncaron
ENCODING 328
SWIDTH 625 0
DWIDTH 15 0
BBX 13 18 1 0
BITMAP
0C38
0670
07E0
03C0
0000
39E0
3FF0
3C78
3838
3838
7070
7070
7070
7070
7070
E0E0
E0E0
E0E0
ENDCHAR
STARTCHAR napostrophe
ENCODING 329
SWIDTH 708 0
DWIDTH 17 0
BBX 16 17 0 0
BITMAP
3800
3800
3800
1000
373C
37FE
678F
0707
0707
0E0E
0E0E
0E0E
0E0E
0E0E
1C1C
1C1C
1C1C
ENDCHAR
STARTCHAR Eng
ENCODING 330
SWIDTH 708 0
DWIDTH 17 0
BBX 17 17 0 0
BITMAP
0E3C00
1EFF00
1FFF80
1F8780
1E0380
1C0380
3C0380
3C0780
3C0700
380700
380700
780700
780F00
798E00
77DE00
73FC00
71F800
ENDCHAR
STARTCHAR eng
ENCODING 331
SWIDTH 625 0
DWIDTH 15 0
BBX 13 18 1 -5
BITMAP
39E0
3BF0
3C78
3838
3878
7070
7070
7070
7070
7070
F0F0
E0E0
E0E0
00E0
00E0
01E0
07C0
0780
ENDCHAR
STARTCHAR Omacron
ENCODING 332
SWIDTH 792 0
DWIDTH 19 0
BBX 17 20 1 0
BITMAP
01FC00
01FC00
000000
03F800
0FFE00
1E0F00
380700
780380
700380
700380
E00380
E00380
E00380
E00700
E00700
E00F00
700E00
783C00
3FF800
0FE000
ENDCHAR
STARTCHAR omacron
ENCODING 333
SWIDTH 583 0
DWIDTH 14 0
BBX 12 16 1 0
BITMAP
0FE0
0FE0
0000
0FC0
1FE0
38F0
7070
7070
E070
E070
E070
E0E0
E0E0
71C0
7F80
1F00
ENDCHAR
STARTCHAR Obreve
ENCODING 334
SWIDTH 792 0
DWIDTH 19 0
BBX 17 22 1 0
BITMAP
018600
01CE00
00FC00
007800
000000
03F800
0FFE00
1E0F00
380700
780380
700380
700380
E00380
E00380
E00380
E00700
E00700
E00F00
700E00
783C00
3FF800
0FE000
ENDCHAR
STARTCHAR obreve
ENCODING 335
SWIDTH 583 0
DWIDTH 14 0
BBX 12 18 1 0
BITMAP
0C30
0E70
07E0
03C0
0000
0FC0
1FE0
38F0
7070
7070
E070
E070
E070
E0E0
E0E0
71C0
7F80
1F00
ENDCHAR
STARTCHAR Ohungarumlaut
ENCODING 336
SWIDTH 792 0
DWIDTH 19 0
BBX 17 21 1 0
BITMAP
00F780
01CE00
031800
000000
03F800
0FFE00
1E0F00
380700
780380
700380
700380
E00380
E00380
E00380
E00700
E00700
E00F00
700E00
783C00
3FF800
0FE000
ENDCHAR
STARTCHAR ohungarumlaut
ENCODING 337
SWIDTH 583 0
DWIDTH 14 0
BBX 14 18 1 0
BITMAP
039C
0738
0C60
18C0
0000
0FC0
1FE0
38F0
7070
7070
E070
E070
E070
E0E0
E0E0
71C0
7F80
1F00
ENDCHAR
STARTCHAR OE
ENCODING 338
SWIDTH 1000 0
DWIDTH 24 0
BBX 23 17 1 0
BITMAP
03FFFE
0FFFFE
1E0E00
3C1C00
781C00
701C00
701C00
E01FF8
E03FF8
E03800
E03800
E03800
E03800
703800
787000
3FFFF8
0FFFF8
ENDCHAR
STARTCHAR oe
ENCODING 339
SWIDTH 958 0
DWIDTH 23 0
BBX 21 13 1 0
BITMAP
07C3C0
1FEFF0
3CFE78
707C38
F07838
E07FF8
E07FF8
E07800
E07800
E0F860
F1F8F0
7FFFE0
3F9FC0
ENDCHAR
STARTCHAR Racute
ENCODING 340
SWIDTH 708 0
DWIDTH 17 0
BBX 16 21 0 0
BITMAP
001C
0070
00C0
0000
1FF8
1FFE
1C0F
3807
3807
3807
3807
380E
7FFC
7FE0
7070
7070
7070
7038
E038
E038
E01C
ENDCHAR
STARTCHAR racute
ENCODING 341
SWIDTH 375 0
DWIDTH 9 0
BBX 11 18 1 0
BITMAP
01E0
01C0
0380
0600
0000
3B80
3B80
3C00
3800
3800
7000
7000
7000
7000
7000
F000
E000
E000
ENDCHAR
STARTCHAR Rcommaaccent
ENCODING 342
SWIDTH 708 0
DWIDTH 17 0
BBX 16 23 0 -6
BITMAP
1FF8
1FFE
1C0F
3807
3807
3807
3807
380E
7FFC
7FE0
7070
7070
7070
7038
E038
E038
E01C
0000
0380
0380
0380
0100
0300
ENDCHAR
STARTCHAR rcommaaccent
ENCODING 343
SWIDTH 375 0
DWIDTH 9 0
BBX 9 19 1 -6
BITMAP
3B80
3B80
3C00
3800
3800
7000
7000
7000
7000
7000
F000
E000
E000
0000
E000
E000
E000
4000
C000
ENDCHAR
STARTCHAR Rcaron
ENCODING 344
SWIDTH 708 0
DWIDTH 17 0
BBX 16 22 0 0
BITMAP
061C
03B8
03F0
01E0
0000
1FF8
1FFE
1C0F
3807
3807
3807
3807
380E
7FFC
7FE0
7070
7070
7070
7038
E038
E038
E01C
ENDCHAR
STARTCHAR rcaron
ENCODING 345
SWIDTH 375 0
DWIDTH 9 0
BBX 11 18 1 0
BITMAP
30E0
19C0
1F80
0F00
0000
3B80
3B80
3C00
3800
3800
7000
7000
7000
7000
7000
F000
E000
E000
ENDCHAR
STARTCHAR Sacute
ENCODING 346
SWIDTH 667 0
DWIDTH 16 0
BBX 16 21 0 0
BITMAP
000E
0038
0060
0000
03F8
0FFE
1C1F
380F
3800
3800
3F00
1FE0
07F8
00FC
001E
000E
000E
F00E
F83C
7FF8
1FE0
ENDCHAR
STARTCHAR sacute
ENCODING 347
SWIDTH 542 0
DWIDTH 13 0
BBX 12 18 0 0
BITMAP
00F0
00E0
01C0
0300
0000
0FC0
1FE0
3870
3860
3800
3F00
1FC0
07E0
00E0
60E0
F0E0
7FC0
3F80
ENDCHAR
STARTCHAR Scircumflex
ENCODING 348
SWIDTH 667 0
DWIDTH 16 0
BBX 16 22 0 0
BITMAP
00F0
01F8
0398
070C
0000
03F8
0FFE
1C1F
380F
3800
3800
3F00
1FE0
07F8
00FC
001E
000E
000E
F00E
F83C
7FF8
1FE0
ENDCHAR
STARTCHAR scircumflex
ENCODING 349
SWIDTH 542 0
DWIDTH 13 0
BBX 12 18 0 0
BITMAP
03C0
07E0
0E60
1C30
0000
0FC0
1FE0
3870
3860
3800
3F00
1FC0
07E0
00E0
60E0
F0E0
7FC0
3F80
ENDCHAR
STARTCHAR Scedilla
ENCODING 350
SWIDTH 667 0
DWIDTH 16 0
BBX 16 22 0 -5
BITMAP
03F8
0FFE
1C1F
380F
3800
3800
3F00
1FE0
07F8
00FC
001E
000E
000E
F00E
F83C
7FF8
1FE0
0200
0780
0180
0F80
0F00
ENDCHAR
STARTCHAR scedilla
ENCODING 351
SWIDTH 542 0
DWIDTH 13 0
BBX 12 18 0 -5
BITMAP
0FC0
1FE0
3870
3860
3800
3F00
1FC0
07E0
00E0
60E0
F0E0
7FC0
3F80
0800
1E00
0600
3E00
3C00
ENDCHAR
STARTCHAR Scaron
ENCODING 352
SWIDTH 667 0
DWIDTH 16 0
BBX 16 22 0 0
BITMAP
030E
01DC
01F8
00F0
0000
03F8
0FFE
1C1F
380F
3800
3800
3F00
1FE0
07F8
00FC
001E
000E
000E
F00E
F83C
7FF8
1FE0
ENDCHAR
STARTCHAR scaron
ENCODING 353
SWIDTH 542 0
DWIDTH 13 0
BBX 13 18 0 0
BITMAP
0C38
0670
07E0
03C0
0000
0FC0
1FE0
3870
3860
3800
3F00
1FC0
07E0
00E0
60E0
F0E0
7FC0
3F80
ENDCHAR
STARTCHAR Tcommaaccent
ENCODING 354
SWIDTH 625 0
DWIDTH 15 0
BBX 15 22 0 -5
BITMAP
7FFC
FFFC
0380
0700
0700
0700
0700
0700
0700
0E00
0E00
0E00
0E00
0E00
1E00
1C00
1C00
0400
0F00
0300
1F00
1E00
ENDCHAR
STARTCHAR tcommaaccent
ENCODING 355
SWIDTH 333 0
DWIDTH 8 0
BBX 8 21 0 -5
BITMAP
0C
1C
18
7F
FE
38
38
78
70
70
70
70
70
70
7C
3C
20
78
18
F8
F0
ENDCHAR
STARTCHAR Tcaron
ENCODING 356
SWIDTH 625 0
DWIDTH 15 0
BBX 15 22 1 0
BITMAP
0C38
0770
07E0
03C0
0000
7FFC
FFFC
0380
0700
0700
0700
0700
0700
0700
0E00
0E00
0E00
0E00
0E00
1E00
1C00
1C00
ENDCHAR
STARTCHAR tcaron
ENCODING 357
SWIDTH 500 0
DWIDTH 12 0
BBX 12 18 1 0
BITMAP
0070
0070
0C70
1C20
1860
7F00
FE00
3800
3800
7800
7000
7000
7000
7000
7000
7000
7C00
3C00
ENDCHAR
STARTCHAR Tbar
ENCODING 358
SWIDTH 625 0
DWIDTH 15 0
BBX 15 17 1 0
BITMAP
7FFC
FFFC
0380
0700
0700
0700
0700
3FC0
3FC0
0E00
0E00
0E00
0E00
0E00
1E00
1C00
1C00
ENDCHAR
STARTCHAR tbar
ENCODING 359
SWIDTH 333 0
DWIDTH 8 0
BBX 8 16 1 0
BITMAP
0C
1C
18
7F
FE
38
38
78
FE
FC
70
70
70
70
7C
3C
ENDCHAR
STARTCHAR Utilde
ENCODING 360
SWIDTH 708 0
DWIDTH 17 0
BBX 16 21 1 0
BITMAP
03C6
03FC
063C
0000
3807
3807
3807
700E
700E
700E
700E
700E
F01E
E01C
E01C
E01C
E01C
E038
7078
3FF0
1FC0
ENDCHAR
STARTCHAR utilde
ENCODING 361
SWIDTH 583 0
DWIDTH 14 0
BBX 12 17 2 0
BITMAP
1E30
1FE0
31E0
0000
70E0
70E0
70E0
70E0
71E0
E1C0
E1C0
E1C0
E1C0
E3C0
E7C0
FF80
7B80
ENDCHAR
STARTCHAR Umacron
ENCODING 362
SWIDTH 708 0
DWIDTH 17 0
BBX 16 20 1 0
BITMAP
03F8
03F8
0000
3807
3807
3807
700E
700E
700E
700E
700E
F01E
E01C
E01C
E01C
E01C
E038
7078
3FF0
1FC0
ENDCHAR
STARTCHAR umacron
ENCODING 363
SWIDTH 583 0
DWIDTH 14 0
BBX 11 16 2 0
BITMAP
0FE0
0FE0
0000
70E0
70E0
70E0
70E0
71E0
E1C0
E1C0
E1C0
E1C0
E3C0
E7C0
FF80
7B80
ENDCHAR
STARTCHAR Ubreve
ENCODING 364
SWIDTH 708 0
DWIDTH 17 0
BBX 16 22 1 0
BITMAP
030C
039C
01F8
00F0
0000
3807
3807
3807
700E
700E
700E
700E
700E
F01E
E01C
E01C
E01C
E01C
E038
7078
3FF0
1FC0
ENDCHAR
STARTCHAR ubreve
ENCODING 365
SWIDTH 583 0
DWIDTH 14 0
BBX 11 18 2 0
BITMAP
1860
1CE0
0FC0
0780
0000
70E0
70E0
70E0
70E0
71E0
E1C0
E1C0
E1C0
E1C0
E3C0
E7C0
FF80
7B80
ENDCHAR
STARTCHAR Uring
ENCODING 366
SWIDTH 708 0
DWIDTH 17 0
BBX 16 24 1 0
BITMAP
00F0
01F8
0198
0198
01F8
00F0
0000
3807
3807
3807
700E
700E
700E
700E
700E
F01E
E01C
E01C
E01C
E01C
E038
7078
3FF0
1FC0
ENDCHAR
STARTCHAR uring
ENCODING 367
SWIDTH 583 0
DWIDTH 14 0
BBX 11 20 2 0
BITMAP
0780
0FC0
0CC0
0CC0
0FC0
0780
0000
70E0
70E0
70E0
70E0
71E0
E1C0
E1C0
E1C0
E1C0
E3C0
E7C0
FF80
7B80
ENDCHAR
STARTCHAR Uhungarumlaut
ENCODING 368
SWIDTH 708 0
DWIDTH 17 0
BBX 16 21 1 0
BITMAP
01EF
039C
0630
0000
3807
3807
3807
700E
700E
700E
700E
700E
F01E
E01C
E01C
E01C
E01C
E038
7078
3FF0
1FC0
ENDCHAR
STARTCHAR uhungarumlaut
ENCODING 369
SWIDTH 583 0
DWIDTH 14 0
BBX 14 18 2 0
BITMAP
039C
0738
0C60
18C0
0000
70E0
70E0
70E0
70E0
71E0
E1C0
E1C0
E1C0
E1C0
E3C0
E7C0
FF80
7B80
ENDCHAR
STARTCHAR Uogonek
ENCODING 370
SWIDTH 708 0
DWIDTH 17 0
BBX 16 22 1 -5
BITMAP
3807
3807
3807
700E
700E
700E
700E
700E
F01E
E01C
E01C
E01C
E01C
E038
7078
3FF0
1FC0
0300
0600
0600
0780
0380
ENDCHAR
STARTCHAR uogonek
ENCODING 371
SWIDTH 583 0
DWIDTH 14 0
BBX 11 18 2 -5
BITMAP
70E0
70E0
70E0
70E0
71E0
E1C0
E1C0
E1C0
E1C0
E3C0
E7C0
FF80
7B80
0300
0600
0600
0780
0380
ENDCHAR
STARTCHAR Wcircumflex
ENCODING 372
SWIDTH 958 0
DWIDTH 23 0
BBX 23 22 2 0
BITMAP
003C00
007E00
00E600
01C300
000000
E03C0E
E07C1C
E07C1C
E0FC38
E0FC38
E1DC70
E1DC70
E39C60
E39CE0
671CC0
671DC0
661D80
6E1F80
6E1F00
7C1F00
7C1E00
781E00
ENDCHAR
STARTCHAR wcircumflex
ENCODING 373
SWIDTH 792 0
DWIDTH 19 0
BBX 19 18 1 0
BITMAP
00F000
01F800
039800
070C00
000000
E0E0E0
E1E1C0
E1E1C0
E3E380
E36380
E76300
E67700
EE7600
6C7E00
7C3C00
783C00
783800
703800
ENDCHAR
STARTCHAR Ycircumflex
ENCODING 374
SWIDTH 667 0
DWIDTH 16 0
BBX 15 22 2 0
BITMAP
03C0
07E0
0E60
1C30
0000
E00E
701C
7038
7870
3870
38E0
1DC0
1F80
0F00
0F00
0E00
0E00
0E00
0E00
1E00
1C00
1C00
ENDCHAR
STARTCHAR ycircumflex
ENCODING 375
SWIDTH 542 0
DWIDTH 13 0
BBX 15 23 -1 -5
BITMAP
01E0
03F0
0730
0E18
0000
381E
381C
183C
1C38
1C70
1C70
1CE0
0CE0
0DC0
0DC0
0F80
0F00
0700
0E00
0E00
1C00
F800
F000
ENDCHAR
STARTCHAR Ydieresis
ENCODING 376
SWIDTH 667 0
DWIDTH 16 0
BBX 15 21 2 0
BITMAP
0E70
0E70
0E70
0000
E00E
701C
7038
7870
3870
38E0
1DC0
1F80
0F00
0F00
0E00
0E00
0E00
0E00
1E00
1C00
1C00
ENDCHAR
STARTCHAR Zacute
ENCODING 377
SWIDTH 625 0
DWIDTH 15 0
BBX 17 21 -1 0
BITMAP
000E00
003800
006000
000000
0FFF80
0FFF80
000700
000E00
001C00
003800
007000
00E000
01C000
038000
070000
0E0000
1C0000
380000
700000
FFFE00
FFFE00
ENDCHAR
STARTCHAR zacute
ENCODING 378
SWIDTH 500 0
DWIDTH 12 0
BBX 12 18 0 0
BITMAP
00F0
00E0
01C0
0300
0000
3FF0
3FF0
00E0
01C0
0380
0700
0F00
0E00
1C00
3800
7000
FFE0
FFE0
ENDCHAR
STARTCHAR Zdotaccent
ENCODING 379
SWIDTH 625 0
DWIDTH 15 0
BBX 17 21 -1 0
BITMAP
007000
007000
007000
000000
0FFF80
0FFF80
000700
000E00
001C00
003800
007000
00E000
01C000
038000
070000
0E0000
1C0000
380000
700000
FFFE00
FFFE00
ENDCHAR
STARTCHAR zdotaccent
ENCODING 380
SWIDTH 500 0
DWIDTH 12 0
BBX 12 17 0 0
BITMAP
01C0
01C0
01C0
0000
3FF0
3FF0
00E0
01C0
0380
0700
0F00
0E00
1C00
3800
7000
FFE0
FFE0
ENDCHAR
STARTCHAR Zcaron
ENCODING 381
SWIDTH 625 0
DWIDTH 15 0
BBX 17 22 -1 0
BITMAP
018700
00EE00
00FC00
007800
000000
0FFF80
0FFF80
000700
000E00
001C00
003800
007000
00E000
01C000
038000
070000
0E0000
1C0000
380000
700000
FFFE00
FFFE00
ENDCHAR
STARTCHAR zcaron
ENCODING 382
SWIDTH 500 0
DWIDTH 12 0
BBX 13 18 0 0
BITMAP
0C38
0670
07E0
03C0
0000
3FF0
3FF0
00E0
01C0
0380
0700
0F00
0E00
1C00
3800
7000
FFE0
FFE0
ENDCHAR
STARTCHAR longs
ENCODING 383
SWIDTH 292 0
DWIDTH 7 0
BBX 9 17 0 0
BITMAP
0F80
1F00
1C00
3800
3800
3800
3800
3800
7800
7000
7000
7000
7000
7000
F000
E000
E000
ENDCHAR
STARTCHAR florin
ENCODING 402
SWIDTH 542 0
DWIDTH 13 0
BBX 10 22 3 -5
BITMAP
07C0
0F80
0E00
1C00
7F80
7F80
1C00
1C00
1C00
3800
3800
3800
3800
3800
7800
7000
7000
7000
7000
7000
E000
E000
ENDCHAR
STARTCHAR Aringacute
ENCODING 506
SWIDTH 667 0
DWIDTH 16 0
BBX 15 25 0 0
BITMAP
000E
0038
0060
0000
00F0
01F8
0198
0198
01F8
00F0
01F0
01B0
03B0
0330
0738
0638
0E38
0E38
1FF8
1FF8
3838
381C
701C
701C
E01C
ENDCHAR
STARTCHAR aringacute
ENCODING 507
SWIDTH 542 0
DWIDTH 13 0
BBX 13 23 0 0
BITMAP
0038
00E0
0180
03C0
07E0
0660
0660
07E0
03C0
0000
0FC0
1FE0
3CF0
3870
0070
1FE0
7FE0
F0E0
E0E0
E1E0
E3E0
7EF0
3C70
ENDCHAR
STARTCHAR AEacute
ENCODING 508
SWIDTH 1000 0
DWIDTH 24 0
BBX 25 21 -1 0
BITMAP
00001C00
00007000
0000C000
00000000
001FFF80
003FFF80
007B8000
00770000
00E70000
01E70000
01C70000
0387FE00
0387FE00
070E0000
0FFE0000
0FFE0000
1C0E0000
3C0E0000
381E0000
701FFE00
-FE00200
ENDCHAR
STARTCHAR aeacute
ENCODING 509
SWIDTH 875 0
DWIDTH 21 0
BBX 19 18 1 0
BITMAP
000F00
000E00
001C00
003000
000000
0F8F80
1FFFC0
3CF9E0
38F0E0
00E0E0
1FFFE0
7FFFE0
F1E000
E1E000
E1E180
E3F3C0
7E7F80
7C3E00
ENDCHAR
STARTCHAR Oslashacute
ENCODING 510
SWIDTH 792 0
DWIDTH 19 0
BBX 19 21 0 0
BITMAP
000700
001C00
003000
000000
01FCC0
07FF80
0F0780
1C0780
3C0FC0
381DC0
3839C0
7071C0
70E1C0
70C1C0
718380
730380
760780
3E0700
3C1E00
3FFC00
67E000
ENDCHAR
STARTCHAR oslashacute
ENCODING 511
SWIDTH 583 0
DWIDTH 14 0
BBX 12 18 1 0
BITMAP
00F0
00E0
01C0
0300
0000
0FF0
1FE0
38F0
71F0
71F0
E370
E670
EC70
FCE0
F8E0
71C0
7F80
DF00
ENDCHAR
STARTCHAR Scommaaccent
ENCODING 536
SWIDTH 667 0
DWIDTH 16 0
BBX 16 23 0 -6
BITMAP
03F8
0FFE
1C1F
380F
3800
3800
3F00
1FE0
07F8
00FC
001E
000E
000E
F00E
F83C
7FF8
1FE0
0000
0E00
0E00
0E00
0400
0C00
ENDCHAR
STARTCHAR scommaaccent
ENCODING 537
SWIDTH 542 0
DWIDTH 13 0
BBX 12 19 0 -6
BITMAP
0FC0
1FE0
3870
3860
3800
3F00
1FC0
07E0
00E0
60E0
F0E0
7FC0
3F80
0000
1C00
1C00
1C00
0800
1800
ENDCHAR
STARTCHAR uni021A
ENCODING 538
SWIDTH 625 0
DWIDTH 15 0
BBX 15 23 1 -6
BITMAP
7FFC
FFFC
0380
0700
0700
0700
0700
0700
0700
0E00
0E00
0E00
0E00
0E00
1E00
1C00
1C00
0000
1C00
1C00
1C00
0800
1800
ENDCHAR
STARTCHAR uni021B
ENCODING 539
SWIDTH 333 0
DWIDTH 8 0
BBX 8 22 1 -6
BITMAP
0C
1C
18
7F
FE
38
38
78
70
70
70
70
70
70
7C
3C
00
70
70
70
20
60
ENDCHAR
STARTCHAR circumflex
ENCODING 710
SWIDTH 333 0
DWIDTH 8 0
BBX 9 4 1 14
BITMAP
1E00
3F00
7300
E180
ENDCHAR
STARTCHAR caron
ENCODING 711
SWIDTH 333 0
DWIDTH 8 0
BBX 9 4 2 14
BITMAP
C380
6700
7E00
3C00
ENDCHAR
STARTCHAR uni02C9
ENCODING 713
SWIDTH 333 0
DWIDTH 8 0
BBX 7 2 2 14
BITMAP
FE
FE
ENDCHAR
STARTCHAR breve
ENCODING 728
SWIDTH 333 0
DWIDTH 8 0
BBX 8 4 2 14
BITMAP
C3
E7
7E
3C
ENDCHAR
STARTCHAR dotaccent
ENCODING 729
SWIDTH 333 0
DWIDTH 8 0
BBX 3 3 4 14
BITMAP
E0
E0
E0
ENDCHAR
STARTCHAR ring
ENCODING 730
SWIDTH 333 0
DWIDTH 8 0
BBX 6 6 3 13
BITMAP
78
FC
CC
CC
FC
78
ENDCHAR
STARTCHAR ogonek
ENCODING 731
SWIDTH 333 0
DWIDTH 8 0
BBX 4 5 1 -5
BITMAP
60
C0
C0
F0
70
ENDCHAR
STARTCHAR tilde
ENCODING 732
SWIDTH 333 0
DWIDTH 8 0
BBX 10 3 1 14
BITMAP
78C0
7F80
C780
ENDCHAR
STARTCHAR hungarumlaut
ENCODING 733
SWIDTH 333 0
DWIDTH 8 0
BBX 11 4 1 14
BITMAP
1CE0
39C0
6300
C600
ENDCHAR
STARTCHAR semicolon
ENCODING 894
SWIDTH 333 0
DWIDTH 8 0
BBX 6 17 0 -4
BITMAP
1C
1C
1C
00
00
00
00
00
00
00
78
70
70
30
30
60
E0
ENDCHAR
STARTCHAR tonos
ENCODING 900
SWIDTH 333 0
DWIDTH 8 0
BBX 5 4 2 14
BITMAP
78
70
60
C0
ENDCHAR
STARTCHAR dieresistonos
ENCODING 901
SWIDTH 333 0
DWIDTH 8 0
BBX 9 5 -1 14
BITMAP
0E00
0C00
EF80
FB80
FB80
ENDCHAR
STARTCHAR Alphatonos
ENCODING 902
SWIDTH 708 0
DWIDTH 17 0
BBX 14 17 0 0
BITMAP
3CF0
38F0
31F0
61B0
03B0
0330
0738
0638
0E38
0E38
1FF8
1FF8
3838
381C
701C
701C
E01C
ENDCHAR
STARTCHAR anoteleia
ENCODING 903
SWIDTH 333 0
DWIDTH 8 0
BBX 4 3 2 6
BITMAP
70
E0
E0
ENDCHAR
STARTCHAR Epsilontonos
ENCODING 904
SWIDTH 875 0
DWIDTH 21 0
BBX 19 17 2 0
BITMAP
7BFFE0
73FFE0
638000
C70000
070000
070000
070000
07FF80
0FFF80
0E0000
0E0000
0E0000
0E0000
0E0000
1C0000
1FFF80
1FFF80
ENDCHAR
STARTCHAR Etatonos
ENCODING 905
SWIDTH 917 0
DWIDTH 22 0
BBX 20 17 2 0
BITMAP
7B8070
738070
638070
C700E0
0700E0
0700E0
0700E0
07FFE0
0FFFE0
0E01C0
0E01C0
0E01C0
0E01C0
0E01C0
1C03C0
1C0380
1C0380
ENDCHAR
STARTCHAR Iotatonos
ENCODING 906
SWIDTH 458 0
DWIDTH 11 0
BBX 10 17 1 0
BITMAP
79C0
71C0
61C0
C380
0380
0380
0380
0380
0780
0700
0700
0700
0700
0700
0F00
0E00
0E00
ENDCHAR
STARTCHAR Omicrontonos
ENCODING 908
SWIDTH 833 0
DWIDTH 20 0
BBX 19 17 0 0
BITMAP
78FE00
73FF80
6783C0
CE01C0
1E00E0
1C00E0
1C00E0
3800E0
3800E0
3800E0
3801C0
3801C0
3803C0
1C0380
1E0F00
0FFE00
03F800
ENDCHAR
STARTCHAR Upsilontonos
ENCODING 910
SWIDTH 917 0
DWIDTH 22 0
BBX 21 17 2 0
BITMAP
7B8038
71C070
61C0E0
C1E1C0
00E1C0
00E380
007700
007E00
003C00
003C00
003800
003800
003800
003800
007800
007000
007000
ENDCHAR
STARTCHAR Omegatonos
ENCODING 911
SWIDTH 833 0
DWIDTH 20 0
BBX 19 17 0 0
BITMAP
78FE00
73FF80
6783C0
CF01C0
0E00E0
1E00E0
1C00E0
1C00E0
1C00E0
1C00E0
1C01C0
0E01C0
0E0380
070F00
039E00
7F1FC0
7F3FC0
ENDCHAR
STARTCHAR iotadieresistonos
ENCODING 912
SWIDTH 292 0
DWIDTH 7 0
BBX 9 19 1 0
BITMAP
0E00
0C00
EF80
FB80
FB80
0000
3800
3800
3800
3800
3800
7000
7000
7000
7000
7000
F000
E000
F000
ENDCHAR
STARTCHAR Alpha
ENCODING 913
SWIDTH 667 0
DWIDTH 16 0
BBX 14 17 0 0
BITMAP
00F0
00F0
01F0
01B0
03B0
0330
0738
0638
0E38
0E38
1FF8
1FF8
3838
381C
701C
701C
E01C
ENDCHAR
STARTCHAR Beta
ENCODING 914
SWIDTH 667 0
DWIDTH 16 0
BBX 15 17 0 0
BITMAP
1FF8
1FFC
1C1E
380E
380E
380E
381C
3FF8
7FF8
701C
700E
700E
700E
700E
E01C
FFF8
FFF0
ENDCHAR
STARTCHAR Gamma
ENCODING 915
SWIDTH 625 0
DWIDTH 15 0
BBX 16 17 0 0
BITMAP
1FFF
1FFF
1C00
3800
3800
3800
3800
3800
7800
7000
7000
7000
7000
7000
F000
E000
E000
ENDCHAR
STARTCHAR Delta
ENCODING 916
SWIDTH 667 0
DWIDTH 16 0
BBX 16 17 -1 0
BITMAP
0078
0078
00F8
01D8
01DC
039C
039C
071C
0F0E
0E0E
1C0E
1C0E
380E
3807
7007
FFFF
FFFF
ENDCHAR
STARTCHAR Epsilon
ENCODING 917
SWIDTH 667 0
DWIDTH 16 0
BBX 16 17 0 0
BITMAP
1FFF
1FFF
1C00
3800
3800
3800
3800
3FFC
7FFC
7000
7000
7000
7000
7000
E000
FFFC
FFFC
ENDCHAR
STARTCHAR Zeta
ENCODING 918
SWIDTH 625 0
DWIDTH 15 0
BBX 17 17 -1 0
BITMAP
0FFF80
0FFF80
000700
000E00
001C00
003800
007000
00E000
01C000
038000
070000
0E0000
1C0000
380000
700000
FFFE00
FFFE00
ENDCHAR
STARTCHAR Eta
ENCODING 919
SWIDTH 708 0
DWIDTH 17 0
BBX 17 17 0 0
BITMAP
1C0380
1C0380
1C0380
380700
380700
380700
380700
3FFF00
7FFF00
700E00
700E00
700E00
700E00
700E00
E01E00
E01C00
E01C00
ENDCHAR
STARTCHAR Theta
ENCODING 920
SWIDTH 792 0
DWIDTH 19 0
BBX 17 17 1 0
BITMAP
03F800
0FFE00
1E0F00
380700
780380
700380
700380
EFFB80
EFFB80
E00380
E00700
E00700
E00F00
700E00
783C00
3FF800
0FE000
ENDCHAR
STARTCHAR Iota
ENCODING 921
SWIDTH 250 0
DWIDTH 6 0
BBX 6 17 0 0
BITMAP
1C
1C
1C
38
38
38
38
38
78
70
70
70
70
70
F0
E0
E0
ENDCHAR
STARTCHAR Kappa
ENCODING 922
SWIDTH 708 0
DWIDTH 17 0
BBX 18 17 0 0
BITMAP
1C0780
1C0F00
1C1E00
383C00
387800
38F000
3BC000
3F8000
7FC000
7DE000
78E000
707000
707000
703800
F03C00
E01C00
E01E00
ENDCHAR
STARTCHAR Lambda
ENCODING 923
SWIDTH 667 0
DWIDTH 16 0
BBX 16 17 -1 0
BITMAP
0070
0070
00F8
00D8
01D8
0198
039C
071C
071C
0E1C
0E0E
1C0E
1C0E
380E
780E
7007
F007
ENDCHAR
STARTCHAR Mu
ENCODING 924
SWIDTH 833 0
DWIDTH 20 0
BBX 20 17 0 0
BITMAP
1F01F0
1F01F0
1F03F0
3B03E0
3B07E0
3B06E0
3B8EE0
3B8CE0
7B9CE0
7399C0
73B9C0
71B1C0
71F1C0
71E1C0
F1E3C0
E1E380
E1C380
ENDCHAR
STARTCHAR Nu
ENCODING 925
SWIDTH 708 0
DWIDTH 17 0
BBX 17 17 0 0
BITMAP
1E0380
1F0380
1F0380
3F0700
3B8700
3B8700
3B8700
39C700
79CF00
71CE00
70EE00
70EE00
70EE00
707E00
F07C00
E07C00
E03C00
ENDCHAR
STARTCHAR Xi
ENCODING 926
SWIDTH 667 0
DWIDTH 16 0
BBX 16 17 0 0
BITMAP
1FFF
1FFF
0000
0000
0000
0000
0000
1FFC
1FFC
0000
0000
0000
0000
0000
0000
FFFC
FFFC
ENDCHAR
STARTCHAR Omicron
ENCODING 927
SWIDTH 792 0
DWIDTH 19 0
BBX 17 17 1 0
BITMAP
03F800
0FFE00
1E0F00
380700
780380
700380
700380
E00380
E00380
E00380
E00700
E00700
E00F00
700E00
783C00
3FF800
0FE000
ENDCHAR
STARTCHAR Pi
ENCODING 928
SWIDTH 708 0
DWIDTH 17 0
BBX 17 17 0 0
BITMAP
1FFF80
1FFF80
1C0380
380700
380700
380700
380700
380700
780700
700E00
700E00
700E00
700E00
700E00
E01E00
E01C00
E01C00
ENDCHAR
STARTCHAR Rho
ENCODING 929
SWIDTH 667 0
DWIDTH 16 0
BBX 16 17 0 0
BITMAP
1FF8
1FFE
1C0E
3807
3807
3807
3807
381E
7FFC
7FF0
7000
7000
7000
7000
F000
E000
E000
ENDCHAR
STARTCHAR Sigma
ENCODING 931
SWIDTH 583 0
DWIDTH 14 0
BBX 15 17 -1 0
BITMAP
1FFE
1FFE
1C00
0E00
0700
0380
0380
01C0
01C0
0380
0700
0E00
1C00
3800
7000
FFF8
FFF8
ENDCHAR
STARTCHAR Tau
ENCODING 932
SWIDTH 625 0
DWIDTH 15 0
BBX 15 17 1 0
BITMAP
7FFC
FFFC
0380
0700
0700
0700
0700
0700
0700
0E00
0E00
0E00
0E00
0E00
1E00
1C00
1C00
ENDCHAR
STARTCHAR Upsilon
ENCODING 933
SWIDTH 667 0
DWIDTH 16 0
BBX 15 17 2 0
BITMAP
E00E
701C
7038
7870
3870
38E0
1DC0
1F80
0F00
0F00
0E00
0E00
0E00
0E00
1E00
1C00
1C00
ENDCHAR
STARTCHAR Phi
ENCODING 934
SWIDTH 833 0
DWIDTH 20 0
BBX 18 17 1 0
BITMAP
007000
007000
0FFE00
1FFF00
38E380
70E1C0
F0E1C0
E0E1C0
E1E1C0
E1C1C0
E1C3C0
E1C380
71C700
3FFE00
1FFC00
038000
038000
ENDCHAR
STARTCHAR Chi
ENCODING 935
SWIDTH 667 0
DWIDTH 16 0
BBX 18 17 -1 0
BITMAP
0E01C0
070380
070700
038E00
039C00
03F800
01F000
01E000
01E000
01F000
03F000
077000
0E3800
1C3800
381C00
701C00
E00E00
ENDCHAR
STARTCHAR Psi
ENCODING 936
SWIDTH 833 0
DWIDTH 20 0
BBX 18 17 2 0
BITMAP
70E1C0
70E1C0
70E1C0
E1C380
E1C380
E1C380
E1C380
E1C700
F1CF00
7FFE00
1FF800
038000
038000
038000
070000
070000
070000
ENDCHAR
STARTCHAR Omega
ENCODING 937
SWIDTH 792 0
DWIDTH 19 0
BBX 18 17 0 0
BITMAP
01FC00
07FF00
0F0780
1E0380
1C01C0
3C01C0
3801C0
3801C0
3801C0
3801C0
380380
1C0380
1C0700
0E1E00
073C00
FE3F80
FE7F80
ENDCHAR
STARTCHAR Iotadieresis
ENCODING 938
SWIDTH 250 0
DWIDTH 6 0
BBX 9 21 0 0
BITMAP
7380
7380
7380
0000
1C00
1C00
1C00
3800
3800
3800
3800
3800
7800
7000
7000
7000
7000
7000
F000
E000
E000
ENDCHAR
STARTCHAR Upsilondieresis
ENCODING 939
SWIDTH 667 0
DWIDTH 16 0
BBX 15 21 2 0
BITMAP
0E70
0E70
0E70
0000
E00E
701C
7038
7870
3870
38E0
1DC0
1F80
0F00
0F00
0E00
0E00
0E00
0E00
1E00
1C00
1C00
ENDCHAR
STARTCHAR alphatonos
ENCODING 940
SWIDTH 625 0
DWIDTH 15 0
BBX 14 18 1 0
BITMAP
01E0
01C0
0180
0300
0000
0F1C
3FB8
79F8
70F0
70F0
E0E0
E0E0
E0E0
E1E0
E1E0
F3E0
7EE0
3CE0
ENDCHAR
STARTCHAR epsilontonos
ENCODING 941
SWIDTH 458 0
DWIDTH 11 0
BBX 11 18 0 0
BITMAP
01E0
01C0
0180
0300
0000
0F80
1FC0
38E0
3800
3C00
1F00
7F00
F000
E000
E080
E1C0
7F80
3F00
ENDCHAR
STARTCHAR etatonos
ENCODING 942
SWIDTH 625 0
DWIDTH 15 0
BBX 13 23 1 -5
BITMAP
00F0
00E0
00C0
0180
0000
39E0
3BF0
3C78
3838
3838
7070
7070
7070
7070
7070
F0F0
E0E0
E0E0
00E0
00E0
00E0
01C0
01C0
ENDCHAR
STARTCHAR iotatonos
ENCODING 943
SWIDTH 292 0
DWIDTH 7 0
BBX 8 18 1 0
BITMAP
0F
0E
0C
18
00
38
38
38
38
38
70
70
70
70
70
F0
E0
F0
ENDCHAR
STARTCHAR upsilondieresistonos
ENCODING 944
SWIDTH 583 0
DWIDTH 14 0
BBX 12 19 1 0
BITMAP
01C0
0180
1DF0
1F70
1F70
0000
7070
7070
7070
7070
F070
E070
E070
E060
E0E0
E0E0
F1C0
7F80
3F00
ENDCHAR
STARTCHAR alpha
ENCODING 945
SWIDTH 625 0
DWIDTH 15 0
BBX 14 13 1 0
BITMAP
0F1C
3FB8
79F8
70F0
70F0
E0E0
E0E0
E0E0
E1E0
E1E0
F3E0
7EE0
3CE0
ENDCHAR
STARTCHAR beta
ENCODING 946
SWIDTH 625 0
DWIDTH 15 0
BBX 14 22 0 -5
BITMAP
03F0
07F8
0F1C
0E1C
1C1C
1C1C
1C78
1DE0
3DF0
3870
3838
3838
3838
3838
7870
7FF0
77C0
7000
7000
7000
E000
E000
ENDCHAR
STARTCHAR gamma
ENCODING 947
SWIDTH 542 0
DWIDTH 13 0
BBX 13 18 1 -5
BITMAP
E078
E070
60F0
70E0
71C0
71C0
7380
3380
3700
3700
3600
3C00
1C00
1800
3800
7000
7000
7000
ENDCHAR
STARTCHAR delta
ENCODING 948
SWIDTH 583 0
DWIDTH 14 0
BBX 13 17 1 0
BITMAP
0FF8
0FF8
0700
0780
03C0
03C0
0FE0
3CE0
7070
7070
E070
E070
E070
E0E0
71E0
7FC0
1F00
ENDCHAR
STARTCHAR epsilon
ENCODING 949
SWIDTH 458 0
DWIDTH 11 0
BBX 11 13 0 0
BITMAP
0F80
1FC0
38E0
3800
3C00
1F00
7F00
F000
E000
E080
E1C0
7F80
3F00
ENDCHAR
STARTCHAR zeta
ENCODING 950
SWIDTH 500 0
DWIDTH 12 0
BBX 12 22 1 -5
BITMAP
0FF0
0FF0
00E0
01C0
0380
0700
0E00
1C00
3800
7000
7000
E000
E000
E000
F000
FE00
7F80
0F80
0380
0380
0700
0200
ENDCHAR
STARTCHAR eta
ENCODING 951
SWIDTH 625 0
DWIDTH 15 0
BBX 13 18 1 -5
BITMAP
39E0
3BF0
3C78
3838
3838
7070
7070
7070
7070
7070
F0F0
E0E0
E0E0
00E0
00E0
00E0
01C0
01C0
ENDCHAR
STARTCHAR theta
ENCODING 952
SWIDTH 542 0
DWIDTH 13 0
BBX 11 17 1 0
BITMAP
0780
1FC0
38E0
38E0
70E0
70E0
70E0
7FE0
FFE0
E1C0
E1C0
E1C0
E1C0
E380
E380
7F00
3C00
ENDCHAR
STARTCHAR iota
ENCODING 953
SWIDTH 292 0
DWIDTH 7 0
BBX 5 13 1 0
BITMAP
38
38
38
38
38
70
70
70
70
70
F0
E0
F0
ENDCHAR
STARTCHAR kappa
ENCODING 954
SWIDTH 583 0
DWIDTH 14 0
BBX 14 13 1 0
BITMAP
383C
3878
38F0
39E0
3BC0
7780
7F80
7F80
79C0
71C0
F0E0
E0E0
E070
ENDCHAR
STARTCHAR lambda
ENCODING 955
SWIDTH 542 0
DWIDTH 13 0
BBX 12 17 -1 0
BITMAP
0F00
0F80
01C0
01C0
01C0
01C0
01C0
03C0
07E0
07E0
0EE0
0EE0
1CE0
3860
3870
7070
F070
ENDCHAR
STARTCHAR mu
ENCODING 956
SWIDTH 583 0
DWIDTH 14 0
BBX 13 18 0 -5
BITMAP
1C38
1C38
1C38
1C38
1C38
3870
3870
3870
3870
38F0
79E0
7FE0
76E0
7000
7000
7000
E000
E000
ENDCHAR
STARTCHAR nu
ENCODING 957
SWIDTH 542 0
DWIDTH 13 0
BBX 11 13 1 0
BITMAP
E0E0
E0E0
E0E0
70E0
70C0
71C0
71C0
7380
7380
3F00
3E00
3E00
3C00
ENDCHAR
STARTCHAR xi
ENCODING 958
SWIDTH 458 0
DWIDTH 11 0
BBX 11 22 1 -5
BITMAP
1FE0
1FE0
0700
0C00
1C00
1C00
1E00
0780
0F80
3C00
7000
6000
E000
E000
F000
FE00
7F80
0F80
0380
0380
0700
0200
ENDCHAR
STARTCHAR omicron
ENCODING 959
SWIDTH 583 0
DWIDTH 14 0
BBX 12 13 1 0
BITMAP
0FC0
1FE0
38F0
7070
7070
E070
E070
E070
E0E0
E0E0
71C0
7F80
1F00
ENDCHAR
STARTCHAR pi
ENCODING 960
SWIDTH 708 0
DWIDTH 17 0
BBX 16 13 1 0
BITMAP
7FFF
FFFF
1C38
1C38
3C78
3870
3870
3870
7870
7070
7070
E07C
E03C
ENDCHAR
STARTCHAR rho
ENCODING 961
SWIDTH 625 0
DWIDTH 15 0
BBX 14 18 0 -5
BITMAP
03E0
0FF8
0E38
1C1C
1C1C
381C
381C
381C
383C
3838
7C78
7FF0
73C0
7000
7000
7000
E000
E000
ENDCHAR
STARTCHAR sigma1
ENCODING 962
SWIDTH 542 0
DWIDTH 13 0
BBX 12 18 1 -5
BITMAP
07E0
0FF0
1C60
3800
7000
7000
E000
E000
E000
E000
F800
7F00
3FC0
07C0
01C0
01C0
0380
0100
ENDCHAR
STARTCHAR sigma
ENCODING 963
SWIDTH 667 0
DWIDTH 16 0
BBX 15 13 1 0
BITMAP
07FE
1FFE
3C60
7070
7070
E070
E070
E070
E070
E0E0
71E0
7FC0
1F00
ENDCHAR
STARTCHAR tau
ENCODING 964
SWIDTH 417 0
DWIDTH 10 0
BBX 10 13 1 0
BITMAP
FFC0
FF80
1C00
1C00
3C00
3800
3800
3800
3800
3800
3800
3E00
1E00
ENDCHAR
STARTCHAR upsilon
ENCODING 965
SWIDTH 583 0
DWIDTH 14 0
BBX 12 13 1 0
BITMAP
7070
7070
7070
7070
F070
E070
E070
E060
E0E0
E0E0
F1C0
7F80
3F00
ENDCHAR
STARTCHAR phi
ENCODING 966
SWIDTH 708 0
DWIDTH 17 0
BBX 16 18 0 -5
BITMAP
047C
1CFE
39C7
71C7
71C7
E387
E387
E387
E38E
E38E
773C
7FF8
1FE0
0700
0700
0700
0E00
0E00
ENDCHAR
STARTCHAR chi
ENCODING 967
SWIDTH 583 0
DWIDTH 14 0
BBX 17 18 -2 -5
BITMAP
1E0380
1F0700
070E00
039C00
039800
03B800
01F000
01E000
01E000
01E000
03E000
077000
0E7000
0C7000
1C3800
383800
703800
E01C00
ENDCHAR
STARTCHAR psi
ENCODING 968
SWIDTH 792 0
DWIDTH 19 0
BBX 16 21 2 -5
BITMAP
00E0
00E0
01C0
71C7
71C7
71C7
71C7
71CF
E38E
E38E
E38E
E38E
E39C
F73C
7FF8
3FE0
0700
0700
0700
0E00
0E00
ENDCHAR
STARTCHAR omega
ENCODING 969
SWIDTH 833 0
DWIDTH 20 0
BBX 18 13 1 0
BITMAP
060600
1E0780
3C0380
7801C0
7001C0
E1C1C0
E1C1C0
E1C1C0
E1C380
E3C380
F3C700
7E7F00
3C3C00
ENDCHAR
STARTCHAR iotadieresis
ENCODING 970
SWIDTH 292 0
DWIDTH 7 0
BBX 9 17 1 0
BITMAP
7380
7380
7380
0000
3800
3800
3800
3800
3800
7000
7000
7000
7000
7000
F000
E000
F000
ENDCHAR
STARTCHAR upsilondieresis
ENCODING 971
SWIDTH 583 0
DWIDTH 14 0
BBX 12 17 1 0
BITMAP
1CE0
1CE0
1CE0
0000
7070
7070
7070
7070
F070
E070
E070
E060
E0E0
E0E0
F1C0
7F80
3F00
ENDCHAR
STARTCHAR omicrontonos
ENCODING 972
SWIDTH 583 0
DWIDTH 14 0
BBX 12 18 1 0
BITMAP
01E0
01C0
0180
0300
0000
0FC0
1FE0
38F0
7070
7070
E070
E070
E070
E0E0
E0E0
71C0
7F80
1F00
ENDCHAR
STARTCHAR upsilontonos
ENCODING 973
SWIDTH 583 0
DWIDTH 14 0
BBX 12 18 1 0
BITMAP
01E0
01C0
0180
0300
0000
7070
7070
7070
7070
F070
E070
E070
E060
E0E0
E0E0
F1C0
7F80
3F00
ENDCHAR
STARTCHAR omegatonos
ENCODING 974
SWIDTH 833 0
DWIDTH 20 0
BBX 18 18 1 0
BITMAP
003C00
003800
003000
006000
000000
060600
1E0780
3C0380
7801C0
7001C0
E1C1C0
E1C1C0
E1C1C0
E1C380
E3C380
F3C700
7E7F00
3C3C00
ENDCHAR
STARTCHAR afii10023
ENCODING 1025
SWIDTH 667 0
DWIDTH 16 0
BBX 16 21 0 0
BITMAP
039C
039C
039C
0000
1FFF
1FFF
1C00
3800
3800
3800
3800
3FFC
7FFC
7000
7000
7000
7000
7000
E000
FFFC
FFFC
ENDCHAR
STARTCHAR afii10051
ENCODING 1026
SWIDTH 875 0
DWIDTH 21 0
BBX 18 17 1 0
BITMAP
7FFC00
FFFC00
038000
070000
070000
077F00
07FF80
0783C0
0701C0
0E01C0
0E01C0
0E01C0
0E0180
0E0380
1E6380
1CFF00
1C7E00
ENDCHAR
STARTCHAR afii10052
ENCODING 1027
SWIDTH 625 0
DWIDTH 15 0
BBX 16 21 0 0
BITMAP
0038
00E0
0180
0000
1FFF
1FFF
1C00
3800
3800
3800
3800
3800
7800
7000
7000
7000
7000
7000
F000
E000
E000
ENDCHAR
STARTCHAR afii10053
ENCODING 1028
SWIDTH 708 0
DWIDTH 17 0
BBX 16 17 1 0
BITMAP
03F8
0FFE
1E1E
380F
7004
7000
7000
FFC0
FFC0
E000
E000
E000
F008
701E
783C
3FF8
0FE0
ENDCHAR
STARTCHAR afii10054
ENCODING 1029
SWIDTH 667 0
DWIDTH 16 0
BBX 16 17 0 0
BITMAP
03F8
0FFE
1C1F
380F
3800
3800
3F00
1FE0
07F8
00FC
001E
000E
000E
F00E
F83C
7FF8
1FE0
ENDCHAR
STARTCHAR afii10055
ENCODING 1030
SWIDTH 250 0
DWIDTH 6 0
BBX 6 17 0 0
BITMAP
1C
1C
1C
38
38
38
38
38
78
70
70
70
70
70
F0
E0
E0
ENDCHAR
STARTCHAR afii10056
ENCODING 1031
SWIDTH 250 0
DWIDTH 6 0
BBX 9 21 0 0
BITMAP
7380
7380
7380
0000
1C00
1C00
1C00
3800
3800
3800
3800
3800
7800
7000
7000
7000
7000
7000
F000
E000
E000
ENDCHAR
STARTCHAR afii10057
ENCODING 1032
SWIDTH 542 0
DWIDTH 13 0
BBX 13 17 0 0
BITMAP
01F8
03F8
0038
0070
0070
0070
0070
0070
00F0
00E0
00E0
00E0
20E0
E0C0
F1C0
7F80
3F00
ENDCHAR
STARTCHAR afii10058
ENCODING 1033
SWIDTH 1083 0
DWIDTH 26 0
BBX 26 17 -1 0
BITMAP
01FF8000
01FF8000
03838000
03870000
03870000
07870000
07070000
0707FE00
0707FF80
0E0E03C0
0E0E01C0
0E0E01C0
1C0E01C0
1C0E01C0
381E0380
-7E00100
-1FE00400
ENDCHAR
STARTCHAR afii10059
ENCODING 1034
SWIDTH 1042 0
DWIDTH 25 0
BBX 23 17 0 0
BITMAP
1C0E00
1C0E00
1C0E00
381C00
381C00
381C00
381C00
3FFFF0
7FFFFC
70381E
70380E
70380E
70380E
70380E
F0701C
E07FF8
E07FE0
ENDCHAR
STARTCHAR afii10060
ENCODING 1035
SWIDTH 833 0
DWIDTH 20 0
BBX 17 17 1 0
BITMAP
7FFC00
FFFC00
038000
070000
070000
070000
07FE00
07FF00
070780
0E0380
0E0380
0E0380
0E0380
0E0380
1E0700
1C0700
1C0700
ENDCHAR
STARTCHAR afii10061
ENCODING 1036
SWIDTH 625 0
DWIDTH 15 0
BBX 16 21 0 0
BITMAP
001C
0070
00C0
0000
1C07
1C0E
1C1C
3838
3870
38E0
3BC0
3F80
7FC0
71C0
71C0
70E0
70E0
70F0
F070
E070
E038
ENDCHAR
STARTCHAR afii10062
ENCODING 1038
SWIDTH 667 0
DWIDTH 16 0
BBX 17 22 1 0
BITMAP
010600
038E00
01FC00
00F800
000000
380780
3C0700
1C0E00
1C1E00
1C1C00
0E3800
0E3800
0E7000
07E000
07E000
07C000
038000
038000
070000
0E0000
7C0000
F80000
ENDCHAR
STARTCHAR afii10145
ENCODING 1039
SWIDTH 708 0
DWIDTH 17 0
BBX 17 22 0 -5
BITMAP
1C0380
1C0380
1C0380
380700
380700
380700
380700
380700
780700
700E00
700E00
700E00
700E00
700E00
E01E00
FFFC00
FFFC00
038000
038000
038000
070000
070000
ENDCHAR
STARTCHAR afii10017
ENCODING 1040
SWIDTH 667 0
DWIDTH 16 0
BBX 14 17 0 0
BITMAP
00F0
00F0
01F0
01B0
03B0
0330
0738
0638
0E38
0E38
1FF8
1FF8
3838
381C
701C
701C
E01C
ENDCHAR
STARTCHAR afii10018
ENCODING 1041
SWIDTH 708 0
DWIDTH 17 0
BBX 15 17 0 0
BITMAP
1FFE
1FFE
1C00
3800
3800
3800
3800
3FF0
7FFC
701E
700E
700E
700E
700E
E01C
FFF8
FFE0
ENDCHAR
STARTCHAR afii10019
ENCODING 1042
SWIDTH 667 0
DWIDTH 16 0
BBX 15 17 0 0
BITMAP
1FF8
1FFC
1C1E
380E
380E
380E
381C
3FF8
7FF8
701C
700E
700E
700E
700E
E01C
FFF8
FFF0
ENDCHAR
STARTCHAR afii10020
ENCODING 1043
SWIDTH 625 0
DWIDTH 15 0
BBX 16 17 0 0
BITMAP
1FFF
1FFF
1C00
3800
3800
3800
3800
3800
7800
7000
7000
7000
7000
7000
F000
E000
E000
ENDCHAR
STARTCHAR afii10021
ENCODING 1044
SWIDTH 708 0
DWIDTH 17 0
BBX 18 22 -2 -5
BITMAP
007FC0
007FC0
00E1C0
00E380
00E380
01E380
01C380
01C380
03C380
038700
038700
070700
070700
0E0700
0E0F00
7FFF80
7FFF80
700380
700380
600380
E00700
E00700
ENDCHAR
STARTCHAR afii10022
ENCODING 1045
SWIDTH 667 0
DWIDTH 16 0
BBX 16 17 0 0
BITMAP
1FFF
1FFF
1C00
3800
3800
3800
3800
3FFC
7FFC
7000
7000
7000
7000
7000
E000
FFFC
FFFC
ENDCHAR
STARTCHAR afii10024
ENCODING 1046
SWIDTH 917 0
DWIDTH 22 0
BBX 24 17 -1 0
BITMAP
0E0E07
070E0E
070E1C
079C38
039C70
039CE0
01DDC0
01FFC0
03FFC0
0739E0
0738E0
0E38E0
1C38F0
1C3870
387870
707078
E07038
ENDCHAR
STARTCHAR afii10025
ENCODING 1047
SWIDTH 625 0
DWIDTH 15 0
BBX 14 17 0 0
BITMAP
03F0
0FF8
1E3C
3C1C
181C
001C
0038
03F0
03E0
0070
0038
2038
F038
F038
7870
3FE0
1FC0
ENDCHAR
STARTCHAR afii10026
ENCODING 1048
SWIDTH 708 0
DWIDTH 17 0
BBX 17 17 0 0
BITMAP
1C0780
1C0F80
1C1F80
381F00
383F00
387700
38F700
38E700
79C700
738E00
738E00
770E00
7E0E00
7C0E00
FC1E00
F81C00
F01C00
ENDCHAR
STARTCHAR afii10027
ENCODING 1049
SWIDTH 708 0
DWIDTH 17 0
BBX 17 22 0 0
BITMAP
010600
038E00
01FC00
00F800
000000
1C0780
1C0F80
1C1F80
381F00
383F00
387700
38F700
38E700
79C700
738E00
738E00
770E00
7E0E00
7C0E00
FC1E00
F81C00
F01C00
ENDCHAR
STARTCHAR afii10028
ENCODING 1050
SWIDTH 625 0
DWIDTH 15 0
BBX 16 17 0 0
BITMAP
1C07
1C0E
1C1C
3838
3870
38E0
3BC0
3F80
7FC0
71C0
71C0
70E0
70E0
70F0
F070
E070
E038
ENDCHAR
STARTCHAR afii10029
ENCODING 1051
SWIDTH 667 0
DWIDTH 16 0
BBX 17 17 -1 0
BITMAP
01FF80
03FF80
038380
038700
078700
070700
070700
070700
0E0700
0E0E00
0E0E00
1C0E00
1C0E00
1C0E00
381E00
F01C00
E01C00
ENDCHAR
STARTCHAR afii10030
ENCODING 1052
SWIDTH 833 0
DWIDTH 20 0
BBX 20 17 0 0
BITMAP
1F01F0
1F01F0
1F03F0
3B03E0
3B07E0
3B06E0
3B8EE0
3B8CE0
7B9CE0
7399C0
73B9C0
71B1C0
71F1C0
71E1C0
F1E3C0
E1E380
E1C380
ENDCHAR
STARTCHAR afii10031
ENCODING 1053
SWIDTH 708 0
DWIDTH 17 0
BBX 17 17 0 0
BITMAP
1C0380
1C0380
1C0380
380700
380700
380700
380700
3FFF00
7FFF00
700E00
700E00
700E00
700E00
700E00
E01E00
E01C00
E01C00
ENDCHAR
STARTCHAR afii10032
ENCODING 1054
SWIDTH 792 0
DWIDTH 19 0
BBX 17 17 1 0
BITMAP
03F800
0FFE00
1E0F00
380700
780380
700380
700380
E00380
E00380
E00380
E00700
E00700
E00F00
700E00
783C00
3FF800
0FE000
ENDCHAR
STARTCHAR afii10033
ENCODING 1055
SWIDTH 708 0
DWIDTH 17 0
BBX 17 17 0 0
BITMAP
1FFF80
1FFF80
1C0380
380700
380700
380700
380700
380700
780700
700E00
700E00
700E00
700E00
700E00
F01E00
E01C00
E01C00
ENDCHAR
STARTCHAR afii10034
ENCODING 1056
SWIDTH 667 0
DWIDTH 16 0
BBX 16 17 0 0
BITMAP
1FF8
1FFE
1C0E
3807
3807
3807
3807
381E
7FFC
7FF0
7000
7000
7000
7000
F000
E000
E000
ENDCHAR
STARTCHAR afii10035
ENCODING 1057
SWIDTH 708 0
DWIDTH 17 0
BBX 16 17 1 0
BITMAP
03F8
0FFE
1E1E
380F
7004
7000
7000
E000
E000
E000
E000
E000
E008
701E
783C
3FF8
0FE0
ENDCHAR
STARTCHAR afii10036
ENCODING 1058
SWIDTH 625 0
DWIDTH 15 0
BBX 15 17 1 0
BITMAP
7FFC
FFFC
0380
0700
0700
0700
0700
0700
0700
0E00
0E00
0E00
0E00
0E00
1E00
1C00
1C00
ENDCHAR
STARTCHAR afii10037
ENCODING 1059
SWIDTH 667 0
DWIDTH 16 0
BBX 17 17 1 0
BITMAP
380780
3C0700
1C0E00
1C1E00
1C1C00
0E3800
0E3800
0E7000
07E000
07E000
07C000
038000
038000
070000
0E0000
7C0000
F80000
ENDCHAR
STARTCHAR afii10038
ENCODING 1060
SWIDTH 792 0
DWIDTH 19 0
BBX 18 17 0 0
BITMAP
007000
007000
07FE00
1FFF00
3CE380
70E1C0
F0E1C0
E0E1C0
E1E1C0
E1C1C0
E1C3C0
E1C380
71CF00
3FFE00
1FF800
038000
038000
ENDCHAR
STARTCHAR afii10039
ENCODING 1061
SWIDTH 667 0
DWIDTH 16 0
BBX 18 17 -1 0
BITMAP
0E01C0
070380
070700
038E00
039C00
03F800
01F000
01E000
01E000
01F000
03F000
077000
0E3800
1C3800
381C00
701C00
E00E00
ENDCHAR
STARTCHAR afii10040
ENCODING 1062
SWIDTH 750 0
DWIDTH 18 0
BBX 17 22 0 -5
BITMAP
1C0380
1C0380
1C0380
380700
380700
380700
380700
380700
780700
700E00
700E00
700E00
700E00
700E00
E01E00
FFFF80
FFFF00
000700
000700
000700
000700
000E00
ENDCHAR
STARTCHAR afii10041
ENCODING 1063
SWIDTH 708 0
DWIDTH 17 0
BBX 15 17 2 0
BITMAP
700E
700E
700E
E01C
E01C
E01C
E01C
E01C
F03C
7FF8
3FB8
0038
0038
0038
0078
0070
0070
ENDCHAR
STARTCHAR afii10042
ENCODING 1064
SWIDTH 1000 0
DWIDTH 24 0
BBX 24 17 0 0
BITMAP
1C0E07
1C0E07
1C0E07
381C0E
381C0E
381C0E
381C0E
381C0E
781C0E
70381C
70381C
70381C
70381C
70381C
E0783C
FFFFF8
FFFFF8
ENDCHAR
STARTCHAR afii10043
ENCODING 1065
SWIDTH 1000 0
DWIDTH 24 0
BBX 24 22 0 -5
BITMAP
1C0E07
1C0E07
1C0E07
381C0E
381C0E
381C0E
381C0E
381C0E
781C0E
70381C
70381C
70381C
70381C
70381C
E0783C
FFFFFF
FFFFFE
00000E
00000E
00000E
00000E
00001C
ENDCHAR
STARTCHAR afii10044
ENCODING 1066
SWIDTH 875 0
DWIDTH 21 0
BBX 18 17 1 0
BITMAP
7F8000
FF8000
038000
070000
070000
070000
070000
07FE00
07FF80
0E0380
0E01C0
0E01C0
0E01C0
0E01C0
1C0780
1FFF00
1FFC00
ENDCHAR
STARTCHAR afii10045
ENCODING 1067
SWIDTH 1000 0
DWIDTH 24 0
BBX 24 17 0 0
BITMAP
1C0007
1C0007
1C0007
38000E
38000E
38000E
38000E
3FF80E
7FFE1E
700E1C
70071C
70071C
70071C
70071C
E01E3C
FFFC38
FFF038
ENDCHAR
STARTCHAR afii10046
ENCODING 1068
SWIDTH 708 0
DWIDTH 17 0
BBX 15 17 0 0
BITMAP
1C00
1C00
1C00
3800
3800
3800
3800
3FF0
7FFC
701E
700E
700E
700E
700E
E01C
FFF8
FFE0
ENDCHAR
STARTCHAR afii10047
ENCODING 1069
SWIDTH 708 0
DWIDTH 17 0
BBX 16 17 0 0
BITMAP
03F0
0FFC
1E1E
3C0E
1807
0007
0007
03FF
03FF
000F
000E
600E
F01E
701C
7878
3FF0
0FC0
ENDCHAR
STARTCHAR afii10048
ENCODING 1070
SWIDTH 1042 0
DWIDTH 25 0
BBX 24 17 0 0
BITMAP
1C03F0
1C0FFC
1C1E1E
38380E
387007
387007
387007
3FE007
7FE007
70E007
70E00E
70E00E
70E00E
70701C
F07878
E03FF0
E00FC0
ENDCHAR
STARTCHAR afii10049
ENCODING 1071
SWIDTH 750 0
DWIDTH 18 0
BBX 19 17 -1 0
BITMAP
01FFE0
07FFE0
0E00E0
1C01C0
1C01C0
1C01C0
1C01C0
0E01C0
07FFC0
03FF80
078380
0F0380
0E0380
1C0380
3C0780
780700
F00700
ENDCHAR
STARTCHAR afii10065
ENCODING 1072
SWIDTH 542 0
DWIDTH 13 0
BBX 12 13 0 0
BITMAP
0FC0
1FE0
3CF0
3870
0070
1FE0
7FE0
F0E0
E0E0
E1E0
E3E0
7EF0
3C70
ENDCHAR
STARTCHAR afii10066
ENCODING 1073
SWIDTH 583 0
DWIDTH 14 0
BBX 13 17 1 0
BITMAP
0078
07F8
1FF8
3F80
3800
7000
67C0
FFE0
F8F0
F070
E070
E070
E070
E0E0
71E0
7FC0
1F00
ENDCHAR
STARTCHAR afii10067
ENCODING 1074
SWIDTH 625 0
DWIDTH 15 0
BBX 13 13 1 0
BITMAP
07E0
1FF8
3C38
3838
3878
7FE0
7FF0
7078
7038
7038
F078
FFF0
FFC0
ENDCHAR
STARTCHAR afii10068
ENCODING 1075
SWIDTH 542 0
DWIDTH 13 0
BBX 11 13 1 0
BITMAP
1F80
3FC0
70E0
10E0
01E0
1FC0
7F80
FC00
F000
E080
E1C0
7F80
3F00
ENDCHAR
STARTCHAR afii10069
ENCODING 1076
SWIDTH 625 0
DWIDTH 15 0
BBX 13 17 1 0
BITMAP
0F80
0FE0
00F0
0070
0038
0FB8
3FF8
7878
7078
E078
E078
E070
E070
E0F0
70E0
7FC0
1F00
ENDCHAR
STARTCHAR afii10070
ENCODING 1077
SWIDTH 542 0
DWIDTH 13 0
BBX 11 13 1 0
BITMAP
0F80
3FC0
79E0
70E0
F0E0
FFE0
FFE0
E000
E000
E180
73C0
7F80
3F00
ENDCHAR
STARTCHAR afii10072
ENCODING 1078
SWIDTH 750 0
DWIDTH 18 0
BBX 21 13 -2 0
BITMAP
1C3838
0E3870
0E38E0
0E39C0
0739C0
077380
03FF00
07FF00
0F7380
1E7380
3CF1C0
78E1C0
F0E0E0
ENDCHAR
STARTCHAR afii10073
ENCODING 1079
SWIDTH 500 0
DWIDTH 12 0
BBX 11 13 0 0
BITMAP
0F80
1FE0
38E0
00E0
01C0
0F80
0F80
03C0
01C0
E1C0
F3C0
7F80
3F00
ENDCHAR
STARTCHAR afii10074
ENCODING 1080
SWIDTH 583 0
DWIDTH 14 0
BBX 11 13 2 0
BITMAP
70E0
70E0
70E0
70E0
71E0
E1C0
E1C0
E1C0
E1C0
E3C0
E7C0
FF80
7B80
ENDCHAR
STARTCHAR afii10075
ENCODING 1081
SWIDTH 583 0
DWIDTH 14 0
BBX 12 18 2 0
BITMAP
0830
1C70
0FE0
07C0
0000
70E0
70E0
70E0
70E0
71E0
E1C0
E1C0
E1C0
E1C0
E3C0
E7C0
FF80
7B80
ENDCHAR
STARTCHAR afii10076
ENCODING 1082
SWIDTH 500 0
DWIDTH 12 0
BBX 12 13 1 0
BITMAP
3870
38E0
39C0
39C0
3B80
7700
7E00
7F00
7700
7780
F380
E380
E1C0
ENDCHAR
STARTCHAR afii10077
ENCODING 1083
SWIDTH 625 0
DWIDTH 15 0
BBX 15 13 -1 0
BITMAP
03FE
03FE
070E
070E
071E
0E1C
0E1C
0E1C
1C1C
1C1C
383C
F838
F038
ENDCHAR
STARTCHAR afii10078
ENCODING 1084
SWIDTH 750 0
DWIDTH 18 0
BBX 16 13 1 0
BITMAP
3E0F
3E1F
3E1F
3E37
3E3F
7E7E
766E
766E
72CE
72CE
F39E
E39C
E39C
ENDCHAR
STARTCHAR afii10079
ENCODING 1085
SWIDTH 625 0
DWIDTH 15 0
BBX 13 13 1 0
BITMAP
3838
3838
3838
3838
3838
7FF0
7FF0
7070
7070
7070
F0F0
E0E0
E0E0
ENDCHAR
STARTCHAR afii10080
ENCODING 1086
SWIDTH 583 0
DWIDTH 14 0
BBX 12 13 1 0
BITMAP
0FC0
1FE0
38F0
7070
7070
E070
E070
E070
E0E0
E0E0
71C0
7F80
1F00
ENDCHAR
STARTCHAR afii10081
ENCODING 1087
SWIDTH 625 0
DWIDTH 15 0
BBX 13 13 1 0
BITMAP
3FF8
3FF8
3838
3838
3878
7070
7070
7070
7070
7070
F0F0
E0E0
E0E0
ENDCHAR
STARTCHAR afii10082
ENCODING 1088
SWIDTH 625 0
DWIDTH 15 0
BBX 14 18 0 -5
BITMAP
1CF0
1FF8
1E3C
1C1C
1C1C
381C
381C
381C
3838
3838
7C70
77F0
73C0
7000
7000
7000
E000
E000
ENDCHAR
STARTCHAR afii10083
ENCODING 1089
SWIDTH 542 0
DWIDTH 13 0
BBX 12 13 1 0
BITMAP
0FC0
1FE0
38F0
7070
7000
E000
E000
E000
E000
E1E0
71C0
7FC0
1F00
ENDCHAR
STARTCHAR afii10084
ENCODING 1090
SWIDTH 875 0
DWIDTH 21 0
BBX 20 13 0 0
BITMAP
1CE1E0
1FF3F0
3FFFF0
3C7C70
3C7870
387870
387070
7870F0
7870E0
7070E0
70F0E0
70E0E0
70E1E0
ENDCHAR
STARTCHAR afii10085
ENCODING 1091
SWIDTH 542 0
DWIDTH 13 0
BBX 15 18 -1 -5
BITMAP
381E
381C
183C
1C38
1C70
1C70
1CE0
0CE0
0DC0
0DC0
0F80
0F00
0700
0E00
0E00
1C00
F800
F000
ENDCHAR
STARTCHAR afii10086
ENCODING 1092
SWIDTH 833 0
DWIDTH 20 0
BBX 18 22 1 -5
BITMAP
007000
007000
007000
00E000
1EE700
3FFF80
71F1C0
71E1C0
61E1C0
E1C1C0
E1C1C0
E1C1C0
E1C380
E3C380
E3E780
7FBF00
7B9E00
038000
038000
038000
070000
070000
ENDCHAR
STARTCHAR afii10087
ENCODING 1093
SWIDTH 542 0
DWIDTH 13 0
BBX 15 13 -1 0
BITMAP
1E1E
0E1C
0E38
0770
07E0
03C0
03C0
07C0
0EE0
1CE0
3870
7070
E078
ENDCHAR
STARTCHAR afii10088
ENCODING 1094
SWIDTH 667 0
DWIDTH 16 0
BBX 12 18 2 -5
BITMAP
7070
7070
7070
7070
70F0
E0E0
E0E0
E0E0
E0E0
E1E0
E3E0
FFF0
79F0
0070
0060
00E0
00E0
00E0
ENDCHAR
STARTCHAR afii10089
ENCODING 1095
SWIDTH 583 0
DWIDTH 14 0
BBX 12 13 1 0
BITMAP
7070
7070
7070
7070
7070
E0E0
F0E0
7FE0
3EE0
00E0
01E0
01C0
01C0
ENDCHAR
STARTCHAR afii10090
ENCODING 1096
SWIDTH 875 0
DWIDTH 21 0
BBX 18 13 2 0
BITMAP
70E1C0
70E1C0
70E1C0
70E1C0
71E1C0
E1C380
E1C380
E1C380
E1C380
E3C780
E7CF80
FDFF00
78F700
ENDCHAR
STARTCHAR afii10091
ENCODING 1097
SWIDTH 917 0
DWIDTH 22 0
BBX 19 18 2 -5
BITMAP
70E1C0
70E1C0
70E1C0
70E1C0
71E1C0
E1C380
E1C380
E1C380
E1C380
E3C780
E7CF80
FDFFE0
78F7C0
0001C0
0001C0
0001C0
0001C0
000380
ENDCHAR
STARTCHAR afii10092
ENCODING 1098
SWIDTH 708 0
DWIDTH 17 0
BBX 14 13 1 0
BITMAP
FE00
FE00
0E00
0E00
1E00
1FF0
1FF8
1C3C
1C1C
1C1C
3C3C
3FF8
3FE0
ENDCHAR
STARTCHAR afii10093
ENCODING 1099
SWIDTH 875 0
DWIDTH 21 0
BBX 19 13 1 0
BITMAP
3800E0
3800E0
3800E0
3800E0
7800E0
7FC1C0
7FE1C0
70F1C0
7071C0
7071C0
E0F3C0
FFE380
FF8380
ENDCHAR
STARTCHAR afii10094
ENCODING 1100
SWIDTH 583 0
DWIDTH 14 0
BBX 11 13 1 0
BITMAP
3800
3800
3800
3800
7800
7F80
7FC0
70E0
70E0
70E0
E1E0
FFC0
FF00
ENDCHAR
STARTCHAR afii10095
ENCODING 1101
SWIDTH 542 0
DWIDTH 13 0
BBX 12 13 0 0
BITMAP
0FC0
3FE0
78F0
7070
0070
07F0
07F0
0070
60E0
F0E0
71C0
7F80
1F00
ENDCHAR
STARTCHAR afii10096
ENCODING 1102
SWIDTH 875 0
DWIDTH 21 0
BBX 20 13 0 0
BITMAP
1C0F80
1C3FE0
3C79E0
3CF0F0
38E0F0
3FE070
3FE0F0
7FE0F0
79E0E0
71E0E0
70F1C0
70FF80
703F00
ENDCHAR
STARTCHAR afii10097
ENCODING 1103
SWIDTH 583 0
DWIDTH 14 0
BBX 14 13 -1 0
BITMAP
07FC
0FFC
1E1C
1C1C
1C1C
1C38
0FF8
07F8
0E38
1C38
3878
7070
F070
ENDCHAR
STARTCHAR afii10071
ENCODING 1105
SWIDTH 542 0
DWIDTH 13 0
BBX 12 17 1 0
BITMAP
0E70
0E70
0E70
0000
0F80
3FC0
79E0
70E0
F0E0
FFE0
FFE0
E000
E000
E180
73C0
7F80
3F00
ENDCHAR
STARTCHAR afii10099
ENCODING 1106
SWIDTH 625 0
DWIDTH 15 0
BBX 13 22 1 -5
BITMAP
1C00
7F80
7F80
3800
39E0
3BF0
3C70
3838
7870
7070
7070
7070
7070
7070
F0E0
E0E0
E0E0
00E0
00E0
01E0
07C0
0780
ENDCHAR
STARTCHAR afii10100
ENCODING 1107
SWIDTH 458 0
DWIDTH 11 0
BBX 11 18 1 0
BITMAP
01E0
01C0
0380
0600
0000
3FC0
3FC0
3800
3800
3800
7000
7000
7000
7000
7000
F000
E000
E000
ENDCHAR
STARTCHAR afii10101
ENCODING 1108
SWIDTH 583 0
DWIDTH 14 0
BBX 13 13 1 0
BITMAP
0FC0
1FF0
3878
7038
7000
FF00
FF00
E000
E060
E0F0
71E0
7FC0
1F80
ENDCHAR
STARTCHAR afii10102
ENCODING 1109
SWIDTH 542 0
DWIDTH 13 0
BBX 12 13 0 0
BITMAP
0FC0
1FE0
3870
3860
3800
3F00
1FC0
07E0
00E0
60E0
F0E0
7FC0
3F80
ENDCHAR
STARTCHAR afii10103
ENCODING 1110
SWIDTH 292 0
DWIDTH 7 0
BBX 6 17 1 0
BITMAP
1C
1C
1C
00
38
38
38
38
38
70
70
70
70
70
F0
E0
E0
ENDCHAR
STARTCHAR afii10104
ENCODING 1111
SWIDTH 292 0
DWIDTH 7 0
BBX 9 17 1 0
BITMAP
7380
7380
7380
0000
3800
3800
3800
3800
3800
7000
7000
7000
7000
7000
F000
E000
E000
ENDCHAR
STARTCHAR afii10105
ENCODING 1112
SWIDTH 292 0
DWIDTH 7 0
BBX 9 22 -2 -5
BITMAP
0380
0380
0380
0000
0700
0700
0700
0700
0700
0E00
0E00
0E00
0E00
0E00
1C00
1C00
1C00
1C00
1C00
3C00
F800
F000
ENDCHAR
STARTCHAR afii10106
ENCODING 1113
SWIDTH 958 0
DWIDTH 23 0
BBX 22 13 -1 0
BITMAP
03FE00
07FE00
070E00
070E00
0F1E00
0E1FF0
0E1FF8
1E1C3C
1C1C1C
1C1C1C
38383C
F83FF8
F03FE0
ENDCHAR
STARTCHAR afii10107
ENCODING 1114
SWIDTH 917 0
DWIDTH 22 0
BBX 19 13 1 0
BITMAP
387000
387000
387000
387000
387000
7FFF80
7FFFC0
70E0E0
70E0E0
70E0E0
E1C1E0
E1FFC0
E1FF00
ENDCHAR
STARTCHAR afii10108
ENCODING 1115
SWIDTH 625 0
DWIDTH 15 0
BBX 13 17 1 0
BITMAP
1C00
7F80
7F80
3800
39E0
3BF0
3C78
3838
7878
7070
7070
7070
7070
7070
F0E0
E0E0
E0E0
ENDCHAR
STARTCHAR afii10109
ENCODING 1116
SWIDTH 500 0
DWIDTH 12 0
BBX 12 18 1 0
BITMAP
00F0
00E0
01C0
0300
0000
3870
38E0
39C0
39C0
3B80
7700
7E00
7F00
7700
7780
F380
E380
E1C0
ENDCHAR
STARTCHAR afii10110
ENCODING 1118
SWIDTH 542 0
DWIDTH 13 0
BBX 15 23 -1 -5
BITMAP
020C
071C
03F8
01F0
0000
381E
381C
183C
1C38
1C70
1C70
1CE0
0CE0
0DC0
0DC0
0F80
0F00
0700
0E00
0E00
1C00
F800
F000
ENDCHAR
STARTCHAR afii10193
ENCODING 1119
SWIDTH 625 0
DWIDTH 15 0
BBX 12 18 2 -5
BITMAP
7070
7070
7070
7070
70F0
E0E0
E0E0
E0E0
E0E0
E1E0
E3E0
FFC0
79C0
0000
0E00
0E00
1C00
1C00
ENDCHAR
STARTCHAR afii10050
ENCODING 1168
SWIDTH 583 0
DWIDTH 14 0
BBX 16 22 0 0
BITMAP
0007
0007
0006
000E
000E
1FFE
1FFE
1C00
3800
3800
3800
3800
3800
7800
7000
7000
7000
7000
7000
E000
E000
E000
ENDCHAR
STARTCHAR afii10098
ENCODING 1169
SWIDTH 458 0
DWIDTH 11 0
BBX 11 18 1 0
BITMAP
00E0
00E0
00E0
01C0
01C0
3FC0
3FC0
3800
3800
3800
7000
7000
7000
7000
7000
E000
E000
E000
ENDCHAR
STARTCHAR Wgrave
ENCODING 7808
SWIDTH 958 0
DWIDTH 23 0
BBX 23 21 2 0
BITMAP
007000
003800
000C00
000000
E03C0E
E07C1C
E07C1C
E0FC38
E0FC38
E1DC70
E1DC70
E39C60
E39CE0
671CC0
671DC0
661D80
6E1F80
6E1F00
7C1F00
7C1E00
781E00
ENDCHAR
STARTCHAR wgrave
ENCODING 7809
SWIDTH 792 0
DWIDTH 19 0
BBX 19 18 1 0
BITMAP
01C000
00E000
006000
003000
000000
E0E0E0
E1E1C0
E1E1C0
E3E380
E36380
E76300
E67700
EE7600
6C7E00
7C3C00
783C00
783800
703800
ENDCHAR
STARTCHAR Wacute
ENCODING 7810
SWIDTH 958 0
DWIDTH 23 0
BBX 23 21 2 0
BITMAP
000380
000E00
001800
000000
E03C0E
E07C1C
E07C1C
E0FC38
E0FC38
E1DC70
E1DC70
E39C60
E39CE0
671CC0
671DC0
661D80
6E1F80
6E1F00
7C1F00
7C1E00
781E00
ENDCHAR
STARTCHAR wacute
ENCODING 7811
SWIDTH 792 0
DWIDTH 19 0
BBX 19 18 1 0
BITMAP
001E00
001C00
003800
006000
000000
E0E0E0
E1E1C0
E1E1C0
E3E380
E36380
E76300
E67700
EE7600
6C7E00
7C3C00
783C00
783800
703800
ENDCHAR
STARTCHAR Wdieresis
ENCODING 7812
SWIDTH 958 0
DWIDTH 23 0
BBX 23 21 2 0
BITMAP
00E700
00E700
00E700
000000
E03C0E
E07C1C
E07C1C
E0FC38
E0FC38
E1DC70
E1DC70
E39C60
E39CE0
671CC0
671DC0
661D80
6E1F80
6E1F00
7C1F00
7C1E00
781E00
ENDCHAR
STARTCHAR wdieresis
ENCODING 7813
SWIDTH 792 0
DWIDTH 19 0
BBX 19 17 1 0
BITMAP
039C00
039C00
039C00
000000
E0E0E0
E1E1C0
E1E1C0
E3E380
E36380
E76300
E67700
EE7600
6C7E00
7C3C00
783C00
783800
703800
ENDCHAR
STARTCHAR Ygrave
ENCODING 7922
SWIDTH 667 0
DWIDTH 16 0
BBX 15 21 2 0
BITMAP
0700
0380
00C0
0000
E00E
701C
7038
7870
3870
38E0
1DC0
1F80
0F00
0F00
0E00
0E00
0E00
0E00
1E00
1C00
1C00
ENDCHAR
STARTCHAR ygrave
ENCODING 7923
SWIDTH 542 0
DWIDTH 13 0
BBX 15 23 -1 -5
BITMAP
0700
0380
0180
00C0
0000
381E
381C
183C
1C38
1C70
1C70
1CE0
0CE0
0DC0
0DC0
0F80
0F00
0700
0E00
0E00
1C00
F800
F000
ENDCHAR
STARTCHAR uni2010
ENCODING 8208
SWIDTH 333 0
DWIDTH 8 0
BBX 6 2 1 6
BITMAP
FC
FC
ENDCHAR
STARTCHAR uni2011
ENCODING 8209
SWIDTH 333 0
DWIDTH 8 0
BBX 6 2 1 6
BITMAP
FC
FC
ENDCHAR
STARTCHAR figuredash
ENCODING 8210
SWIDTH 333 0
DWIDTH 8 0
BBX 6 2 1 6
BITMAP
FC
FC
ENDCHAR
STARTCHAR endash
ENCODING 8211
SWIDTH 542 0
DWIDTH 13 0
BBX 11 2 1 6
BITMAP
FFE0
FFE0
ENDCHAR
STARTCHAR emdash
ENCODING 8212
SWIDTH 1000 0
DWIDTH 24 0
BBX 24 2 0 6
BITMAP
FFFFFF
FFFFFF
ENDCHAR
STARTCHAR afii00208
ENCODING 8213
SWIDTH 1000 0
DWIDTH 24 0
BBX 24 1 0 7
BITMAP
FFFFFF
ENDCHAR
STARTCHAR underscoredbl
ENCODING 8215
SWIDTH 542 0
DWIDTH 13 0
BBX 13 4 -1 -6
BITMAP
FFF8
0000
0000
FFF8
ENDCHAR
STARTCHAR quoteleft
ENCODING 8216
SWIDTH 250 0
DWIDTH 6 0
BBX 4 7 2 10
BITMAP
30
60
60
C0
E0
E0
E0
ENDCHAR
STARTCHAR quoteright
ENCODING 8217
SWIDTH 292 0
DWIDTH 7 0
BBX 5 7 1 10
BITMAP
38
38
38
10
30
30
60
ENDCHAR
STARTCHAR quotesinglbase
ENCODING 8218
SWIDTH 292 0
DWIDTH 7 0
BBX 5 7 -1 -4
BITMAP
70
70
70
30
30
60
E0
ENDCHAR
STARTCHAR quotereversed
ENCODING 8219
SWIDTH 292 0
DWIDTH 7 0
BBX 4 7 2 10
BITMAP
70
70
70
C0
C0
C0
60
ENDCHAR
STARTCHAR quotedblleft
ENCODING 8220
SWIDTH 500 0
DWIDTH 12 0
BBX 9 7 2 10
BITMAP
3180
6300
6300
C600
E700
E700
E700
ENDCHAR
STARTCHAR quotedblright
ENCODING 8221
SWIDTH 500 0
DWIDTH 12 0
BBX 10 7 1 10
BITMAP
39C0
39C0
39C0
1080
3180
3180
6300
ENDCHAR
STARTCHAR quotedblbase
ENCODING 8222
SWIDTH 500 0
DWIDTH 12 0
BBX 10 7 -1 -4
BITMAP
7380
7380
7380
3180
3180
6300
E700
ENDCHAR
STARTCHAR dagger
ENCODING 8224
SWIDTH 542 0
DWIDTH 13 0
BBX 11 19 2 -2
BITMAP
0700
0700
0700
0600
7FE0
FFE0
0E00
0C00
0C00
0C00
1C00
1C00
1800
1800
1800
1800
3000
3000
3000
ENDCHAR
STARTCHAR daggerdbl
ENCODING 8225
SWIDTH 542 0
DWIDTH 13 0
BBX 11 19 1 -2
BITMAP
0300
0300
0200
0200
7FE0
7FE0
0600
0400
0400
0400
0400
0C00
0C00
FFC0
FF80
1800
1800
1800
1800
ENDCHAR
STARTCHAR bullet
ENCODING 8226
SWIDTH 333 0
DWIDTH 8 0
BBX 7 7 0 4
BITMAP
38
7C
FE
FE
FE
7C
38
ENDCHAR
STARTCHAR ellipsis
ENCODING 8230
SWIDTH 1000 0
DWIDTH 24 0
BBX 20 3 1 0
BITMAP
F0E0F0
E0E0E0
E0E0E0
ENDCHAR
STARTCHAR perthousand
ENCODING 8240
SWIDTH 958 0
DWIDTH 23 0
BBX 22 17 0 0
BITMAP
1E0600
330C00
331800
633000
633000
666000
66C000
3D8000
038000
037878
06CCCC
0CCCCC
198D8C
198D8C
319998
619998
C0F0F0
ENDCHAR
STARTCHAR minute
ENCODING 8242
SWIDTH 250 0
DWIDTH 6 0
BBX 4 6 2 11
BITMAP
70
70
60
60
E0
E0
ENDCHAR
STARTCHAR second
ENCODING 8243
SWIDTH 500 0
DWIDTH 12 0
BBX 10 6 2 11
BITMAP
71C0
71C0
6180
6180
E380
E380
ENDCHAR
STARTCHAR guilsinglleft
ENCODING 8249
SWIDTH 333 0
DWIDTH 8 0
BBX 7 9 1 2
BITMAP
0E
1C
38
70
E0
E0
70
70
38
ENDCHAR
STARTCHAR guilsinglright
ENCODING 8250
SWIDTH 333 0
DWIDTH 8 0
BBX 7 9 0 2
BITMAP
38
1C
1C
0E
0E
1C
38
70
E0
ENDCHAR
STARTCHAR exclamdbl
ENCODING 8252
SWIDTH 625 0
DWIDTH 15 0
BBX 12 17 1 0
BITMAP
1C70
1C70
1C70
38E0
38E0
38E0
38E0
38E0
30C0
30C0
71C0
71C0
0000
0000
F3C0
E380
E380
ENDCHAR
STARTCHAR uni203E
ENCODING 8254
SWIDTH 333 0
DWIDTH 8 0
BBX 8 2 0 17
BITMAP
FF
FF
ENDCHAR
STARTCHAR fraction
ENCODING 8260
SWIDTH 167 0
DWIDTH 4 0
BBX 15 17 -5 0
BITMAP
0006
000C
0018
0030
0030
0060
00C0
0180
0380
0300
0600
0C00
1800
1800
3000
6000
C000
ENDCHAR
STARTCHAR uni207F
ENCODING 8319
SWIDTH 417 0
DWIDTH 10 0
BBX 8 8 1 6
BITMAP
6E
73
63
63
63
E6
C6
C6
ENDCHAR
STARTCHAR franc
ENCODING 8355
SWIDTH 542 0
DWIDTH 13 0
BBX 15 17 -1 0
BITMAP
0FFE
0FFE
0E00
1C00
1C00
1C00
1C00
1FF8
1FF8
3800
3800
3800
FF80
FF00
7800
7000
7000
ENDCHAR
STARTCHAR lira
ENCODING 8356
SWIDTH 542 0
DWIDTH 13 0
BBX 14 17 -1 0
BITMAP
01F0
07F8
071C
0E18
0E00
0E00
3FC0
3FC0
1E00
7F80
7F80
1C00
1C00
3838
7078
FFF0
FFE0
ENDCHAR
STARTCHAR peseta
ENCODING 8359
SWIDTH 1083 0
DWIDTH 26 0
BBX 25 17 1 0
BITMAP
1FC00000
1FE00000
1CF00000
38700000
38760000
38760000
387E0000
38FF3E00
7FDFFF80
7FBCE380
701CF000
701C7E00
701C3F00
701C0700
-1FC23900
-1FE00200
-1FE18400
ENDCHAR
STARTCHAR Euro
ENCODING 8364
SWIDTH 542 0
DWIDTH 13 0
BBX 14 17 0 0
BITMAP
01F0
07FC
0F1C
0E00
1C00
1C00
7F80
7F80
3800
7F80
FF80
3800
3800
3800
1CF0
1FE0
07C0
ENDCHAR
STARTCHAR afii61248
ENCODING 8453
SWIDTH 875 0
DWIDTH 21 0
BBX 19 17 2 0
BITMAP
1F0180
3F8300
718600
700C00
E00C00
E01800
E03780
E26FC0
E7FCE0
7EDCE0
3DB8E0
0338E0
0638E0
0639C0
0C39C0
181F80
300F00
ENDCHAR
STARTCHAR afii61289
ENCODING 8467
SWIDTH 500 0
DWIDTH 12 0
BBX 12 17 0 0
BITMAP
03E0
07F0
0E70
1C70
1C70
1CE0
1CE0
1DC0
3F80
3E00
7800
F800
3840
38C0
3980
3F80
1E00
ENDCHAR
STARTCHAR afii61352
ENCODING 8470
SWIDTH 1167 0
DWIDTH 28 0
BBX 27 17 0 0
BITMAP
1E01C000
1E01C000
1F01C000
3F038000
3B838000
3B838780
39C39FE0
39C39CE0
79C7B8E0
70E738E0
70E738E0
707739C0
70771FC0
703F0F00
-1FC20000
-1FE18080
-1FE18080
ENDCHAR
STARTCHAR trademark
ENCODING 8482
SWIDTH 1000 0
DWIDTH 24 0
BBX 20 8 2 9
BITMAP
FF7070
FF78F0
1878F0
186DB0
186DB0
186530
186730
186730
ENDCHAR
STARTCHAR u2126
ENCODING 8486
SWIDTH 750 0
DWIDTH 18 0
BBX 16 17 1 0
BITMAP
07E0
1FF8
3C3C
700E
700F
E007
E007
E007
E007
E007
E007
700E
781E
3C3C
0E70
FE7F
FE7F
ENDCHAR
STARTCHAR estimated
ENCODING 8494
SWIDTH 583 0
DWIDTH 14 0
BBX 12 13 1 0
BITMAP
0F00
30C0
6060
6060
E070
E070
FFF0
E000
E000
6020
6020
30C0
1F00
ENDCHAR
STARTCHAR oneeighth
ENCODING 8539
SWIDTH 833 0
DWIDTH 20 0
BBX 17 17 1 0
BITMAP
1C0180
2C0300
0C0600
180C00
180C00
181800
183000
FE6000
00E000
00CF00
019980
031980
060F00
063180
0C3180
183180
301F00
ENDCHAR
STARTCHAR threeeighths
ENCODING 8540
SWIDTH 833 0
DWIDTH 20 0
BBX 16 17 2 0
BITMAP
3C03
6606
060C
3818
0C18
0C30
CC60
78C0
01C0
019E
0333
0633
0C1E
0C63
1863
3063
603E
ENDCHAR
STARTCHAR fiveeighths
ENCODING 8541
SWIDTH 833 0
DWIDTH 20 0
BBX 16 17 2 0
BITMAP
3F03
3006
200C
7C18
6618
0630
E660
7CC0
01C0
019E
0333
0633
0C1E
0C63
1863
3063
603E
ENDCHAR
STARTCHAR seveneighths
ENCODING 8542
SWIDTH 833 0
DWIDTH 20 0
BBX 16 17 2 0
BITMAP
7F06
060C
0C18
1830
3030
3060
60C0
6180
0380
031E
0633
0C33
181E
1863
3063
6063
C03E
ENDCHAR
STARTCHAR arrowleft
ENCODING 8592
SWIDTH 1000 0
DWIDTH 24 0
BBX 14 5 5 1
BITMAP
3000
6000
FFFC
6000
3000
ENDCHAR
STARTCHAR arrowup
ENCODING 8593
SWIDTH 500 0
DWIDTH 12 0
BBX 5 14 4 -1
BITMAP
20
70
F8
A8
20
20
20
20
20
20
20
20
20
20
ENDCHAR
STARTCHAR arrowright
ENCODING 8594
SWIDTH 1000 0
DWIDTH 24 0
BBX 14 5 5 1
BITMAP
0030
0018
FFFC
0018
0030
ENDCHAR
STARTCHAR arrowdown
ENCODING 8595
SWIDTH 500 0
DWIDTH 12 0
BBX 5 14 4 -1
BITMAP
20
20
20
20
20
20
20
20
20
20
A8
F8
70
20
ENDCHAR
STARTCHAR arrowboth
ENCODING 8596
SWIDTH 1000 0
DWIDTH 24 0
BBX 14 5 5 1
BITMAP
3030
6018
FFFC
6018
3030
ENDCHAR
STARTCHAR arrowupdn
ENCODING 8597
SWIDTH 500 0
DWIDTH 12 0
BBX 5 14 4 -1
BITMAP
20
70
F8
A8
20
20
20
20
20
20
A8
F8
70
20
ENDCHAR
STARTCHAR arrowupdnbse
ENCODING 8616
SWIDTH 500 0
DWIDTH 12 0
BBX 5 16 4 -3
BITMAP
20
70
F8
A8
20
20
20
20
20
20
A8
F8
70
20
00
F8
ENDCHAR
STARTCHAR partialdiff
ENCODING 8706
SWIDTH 500 0
DWIDTH 12 0
BBX 10 17 1 0
BITMAP
0F00
1F80
1180
01C0
00C0
00C0
1EC0
3FC0
71C0
60C0
C1C0
C180
C180
C380
E700
7E00
3C00
ENDCHAR
STARTCHAR u2206
ENCODING 8710
SWIDTH 625 0
DWIDTH 15 0
BBX 13 17 1 0
BITMAP
0F80
0F80
0F80
1DC0
1DC0
1DC0
3DE0
38E0
38E0
78F0
78F0
7070
7070
F078
F078
FFF8
FFF8
ENDCHAR
STARTCHAR product
ENCODING 8719
SWIDTH 833 0
DWIDTH 20 0
BBX 15 22 3 -5
BITMAP
FFFE
FFFE
E00E
E00E
E00E
E00E
E00E
E00E
E00E
E00E
E00E
E00E
E00E
E00E
E00E
E00E
E00E
E00E
E00E
E00E
E00E
E00E
ENDCHAR
STARTCHAR summation
ENCODING 8721
SWIDTH 708 0
DWIDTH 17 0
BBX 14 22 2 -5
BITMAP
FFF8
FFF8
7000
3800
3C00
1E00
0E00
0F00
0780
0380
03C0
0380
0780
0700
0E00
1E00
1C00
3800
7800
7000
FFFC
FFFC
ENDCHAR
STARTCHAR minus
ENCODING 8722
SWIDTH 583 0
DWIDTH 14 0
BBX 11 2 2 7
BITMAP
FFE0
FFE0
ENDCHAR
STARTCHAR fraction
ENCODING 8725
SWIDTH 167 0
DWIDTH 4 0
BBX 15 17 -5 0
BITMAP
0006
000C
0018
0030
0030
0060
00C0
0180
0380
0300
0600
0C00
1800
1800
3000
6000
C000
ENDCHAR
STARTCHAR periodcentered
ENCODING 8729
SWIDTH 292 0
DWIDTH 7 0
BBX 4 3 2 6
BITMAP
70
E0
E0
ENDCHAR
STARTCHAR radical
ENCODING 8730
SWIDTH 542 0
DWIDTH 13 0
BBX 14 19 1 0
BITMAP
000C
0018
0018
0018
0030
0030
0030
0060
F060
F060
38C0
18C0
1CC0
0D80
0D80
0F80
0700
0700
0700
ENDCHAR
STARTCHAR infinity
ENCODING 8734
SWIDTH 667 0
DWIDTH 16 0
BBX 14 8 1 3
BITMAP
3870
7CF8
E79C
C30C
C30C
E78C
7CF8
3870
ENDCHAR
STARTCHAR orthogonal
ENCODING 8735
SWIDTH 1000 0
DWIDTH 24 0
BBX 14 14 5 0
BITMAP
8000
8000
8000
8000
8000
8000
8000
8000
8000
8000
8000
8000
8000
FFFC
ENDCHAR
STARTCHAR intersection
ENCODING 8745
SWIDTH 708 0
DWIDTH 17 0
BBX 11 12 3 0
BITMAP
1F00
2080
4040
8020
8020
8020
8020
8020
8020
8020
8020
8020
ENDCHAR
STARTCHAR integral
ENCODING 8747
SWIDTH 292 0
DWIDTH 7 0
BBX 9 22 -1 -5
BITMAP
0780
0F80
1E00
1C00
1C00
1C00
1C00
1C00
1C00
1C00
1C00
1C00
1C00
1C00
1C00
1C00
1C00
1C00
1C00
3C00
F800
F000
ENDCHAR
STARTCHAR approxequal
ENCODING 8776
SWIDTH 542 0
DWIDTH 13 0
BBX 12 9 1 4
BITMAP
7C10
FFF0
83E0
0000
0000
0000
7C10
FFF0
83E0
ENDCHAR
STARTCHAR notequal
ENCODING 8800
SWIDTH 542 0
DWIDTH 13 0
BBX 12 14 1 1
BITMAP
00E0
00C0
01C0
FFF0
FFF0
0300
0700
0E00
0C00
FFF0
FFF0
3800
3000
7000
ENDCHAR
STARTCHAR equivalence
ENCODING 8801
SWIDTH 583 0
DWIDTH 14 0
BBX 12 10 1 3
BITMAP
FFF0
FFF0
0000
0000
FFF0
FFF0
0000
0000
FFF0
FFF0
ENDCHAR
STARTCHAR lessequal
ENCODING 8804
SWIDTH 542 0
DWIDTH 13 0
BBX 12 15 1 0
BITMAP
0010
00F0
03E0
1F00
7C00
F000
F000
7C00
1F80
03E0
00F0
0010
0000
FFF0
FFF0
ENDCHAR
STARTCHAR greaterequal
ENCODING 8805
SWIDTH 542 0
DWIDTH 13 0
BBX 12 15 1 0
BITMAP
8000
F000
7C00
0F80
03E0
00F0
00F0
03E0
0F80
7C00
F000
8000
0000
FFF0
FFF0
ENDCHAR
STARTCHAR house
ENCODING 8962
SWIDTH 625 0
DWIDTH 15 0
BBX 11 13 2 0
BITMAP
0400
0A00
1100
2080
4040
8020
8020
8020
8020
8020
8020
8020
FFE0
ENDCHAR
STARTCHAR revlogicalnot
ENCODING 8976
SWIDTH 583 0
DWIDTH 14 0
BBX 12 7 1 2
BITMAP
FFF0
FFF0
C000
C000
C000
C000
C000
ENDCHAR
STARTCHAR integraltp
ENCODING 8992
SWIDTH 625 0
DWIDTH 15 0
BBX 5 27 6 -7
BITMAP
38
58
C0
C0
C0
C0
C0
C0
C0
C0
C0
C0
C0
C0
C0
C0
C0
C0
C0
C0
C0
C0
C0
C0
C0
C0
C0
ENDCHAR
STARTCHAR integralbt
ENCODING 8993
SWIDTH 625 0
DWIDTH 15 0
BBX 5 27 3 -7
BITMAP
18
18
18
18
18
18
18
18
18
18
18
18
18
18
18
18
18
18
18
18
18
18
18
18
18
D0
E0
ENDCHAR
STARTCHAR SF100000
ENCODING 9472
SWIDTH 708 0
DWIDTH 17 0
BBX 17 2 0 6
BITMAP
FFFF80
FFFF80
ENDCHAR
STARTCHAR SF110000
ENCODING 9474
SWIDTH 625 0
DWIDTH 15 0
BBX 2 29 6 -7
BITMAP
C0
C0
C0
C0
C0
C0
C0
C0
C0
C0
C0
C0
C0
C0
C0
C0
C0
C0
C0
C0
C0
C0
C0
C0
C0
C0
C0
C0
C0
ENDCHAR
STARTCHAR SF010000
ENCODING 9484
SWIDTH 708 0
DWIDTH 17 0
BBX 9 15 8 -7
BITMAP
FF80
FF80
C000
C000
C000
C000
C000
C000
C000
C000
C000
C000
C000
C000
C000
ENDCHAR
STARTCHAR SF030000
ENCODING 9488
SWIDTH 708 0
DWIDTH 17 0
BBX 10 15 0 -7
BITMAP
FFC0
FFC0
00C0
00C0
00C0
00C0
00C0
00C0
00C0
00C0
00C0
00C0
00C0
00C0
00C0
ENDCHAR
STARTCHAR SF020000
ENCODING 9492
SWIDTH 708 0
DWIDTH 17 0
BBX 9 16 8 6
BITMAP
C000
C000
C000
C000
C000
C000
C000
C000
C000
C000
C000
C000
C000
C000
FF80
FF80
ENDCHAR
STARTCHAR SF040000
ENCODING 9496
SWIDTH 708 0
DWIDTH 17 0
BBX 10 16 0 6
BITMAP
00C0
00C0
00C0
00C0
00C0
00C0
00C0
00C0
00C0
00C0
00C0
00C0
00C0
00C0
FFC0
FFC0
ENDCHAR
STARTCHAR SF080000
ENCODING 9500
SWIDTH 708 0
DWIDTH 17 0
BBX 9 29 8 -7
BITMAP
C000
C000
C000
C000
C000
C000
C000
C000
C000
C000
C000
C000
C000
C000
FF80
FF80
C000
C000
C000
C000
C000
C000
C000
C000
C000
C000
C000
C000
C000
ENDCHAR
STARTCHAR SF090000
ENCODING 9508
SWIDTH 708 0
DWIDTH 17 0
BBX 10 29 0 -7
BITMAP
00C0
00C0
00C0
00C0
00C0
00C0
00C0
00C0
00C0
00C0
00C0
00C0
00C0
00C0
FFC0
FFC0
00C0
00C0
00C0
00C0
00C0
00C0
00C0
00C0
00C0
00C0
00C0
00C0
00C0
ENDCHAR
STARTCHAR SF060000
ENCODING 9516
SWIDTH 708 0
DWIDTH 17 0
BBX 17 15 0 -7
BITMAP
FFFF80
FFFF80
00C000
00C000
00C000
00C000
00C000
00C000
00C000
00C000
00C000
00C000
00C000
00C000
00C000
ENDCHAR
STARTCHAR SF070000
ENCODING 9524
SWIDTH 708 0
DWIDTH 17 0
BBX 17 16 0 6
BITMAP
00C000
00C000
00C000
00C000
00C000
00C000
00C000
00C000
00C000
00C000
00C000
00C000
00C000
00C000
FFFF80
FFFF80
ENDCHAR
STARTCHAR SF050000
ENCODING 9532
SWIDTH 708 0
DWIDTH 17 0
BBX 17 29 0 -7
BITMAP
00C000
00C000
00C000
00C000
00C000
00C000
00C000
00C000
00C000
00C000
00C000
00C000
00C000
00C000
FFFF80
FFFF80
00C000
00C000
00C000
00C000
00C000
00C000
00C000
00C000
00C000
00C000
00C000
00C000
00C000
ENDCHAR
STARTCHAR SF430000
ENCODING 9552
SWIDTH 708 0
DWIDTH 17 0
BBX 17 6 0 4
BITMAP
FFFF80
FFFF80
000000
000000
FFFF80
FFFF80
ENDCHAR
STARTCHAR SF240000
ENCODING 9553
SWIDTH 708 0
DWIDTH 17 0
BBX 6 29 6 -7
BITMAP
CC
CC
CC
CC
CC
CC
CC
CC
CC
CC
CC
CC
CC
CC
CC
CC
CC
CC
CC
CC
CC
CC
CC
CC
CC
CC
CC
CC
CC
ENDCHAR
STARTCHAR SF510000
ENCODING 9554
SWIDTH 708 0
DWIDTH 17 0
BBX 9 17 8 -7
BITMAP
FF80
FF80
C000
C000
FF80
FF80
C000
C000
C000
C000
C000
C000
C000
C000
C000
C000
C000
ENDCHAR
STARTCHAR SF520000
ENCODING 9555
SWIDTH 708 0
DWIDTH 17 0
BBX 11 15 6 -7
BITMAP
FFE0
FFE0
CC00
CC00
CC00
CC00
CC00
CC00
CC00
CC00
CC00
CC00
CC00
CC00
CC00
ENDCHAR
STARTCHAR SF390000
ENCODING 9556
SWIDTH 708 0
DWIDTH 17 0
BBX 11 17 6 -7
BITMAP
FFE0
FFE0
C000
C000
CFE0
CFE0
CC00
CC00
CC00
CC00
CC00
CC00
CC00
CC00
CC00
CC00
CC00
ENDCHAR
STARTCHAR SF220000
ENCODING 9557
SWIDTH 708 0
DWIDTH 17 0
BBX 10 17 0 -7
BITMAP
FFC0
FFC0
00C0
00C0
FFC0
FFC0
00C0
00C0
00C0
00C0
00C0
00C0
00C0
00C0
00C0
00C0
00C0
ENDCHAR
STARTCHAR SF210000
ENCODING 9558
SWIDTH 708 0
DWIDTH 17 0
BBX 12 15 0 -7
BITMAP
FFF0
FFF0
0330
0330
0330
0330
0330
0330
0330
0330
0330
0330
0330
0330
0330
ENDCHAR
STARTCHAR SF250000
ENCODING 9559
SWIDTH 708 0
DWIDTH 17 0
BBX 12 17 0 -7
BITMAP
FFF0
FFF0
0030
0030
FF30
FF30
0330
0330
0330
0330
0330
0330
0330
0330
0330
0330
0330
ENDCHAR
STARTCHAR SF500000
ENCODING 9560
SWIDTH 708 0
DWIDTH 17 0
BBX 9 18 8 4
BITMAP
C000
C000
C000
C000
C000
C000
C000
C000
C000
C000
C000
C000
FF80
FF80
C000
C000
FF80
FF80
ENDCHAR
STARTCHAR SF490000
ENCODING 9561
SWIDTH 708 0
DWIDTH 17 0
BBX 11 16 6 6
BITMAP
CC00
CC00
CC00
CC00
CC00
CC00
CC00
CC00
CC00
CC00
CC00
CC00
CC00
CC00
FFE0
FFE0
ENDCHAR
STARTCHAR SF380000
ENCODING 9562
SWIDTH 708 0
DWIDTH 17 0
BBX 11 18 6 4
BITMAP
CC00
CC00
CC00
CC00
CC00
CC00
CC00
CC00
CC00
CC00
CC00
CC00
CFE0
CFE0
C000
C000
FFE0
FFE0
ENDCHAR
STARTCHAR SF280000
ENCODING 9563
SWIDTH 708 0
DWIDTH 17 0
BBX 10 18 0 4
BITMAP
00C0
00C0
00C0
00C0
00C0
00C0
00C0
00C0
00C0
00C0
00C0
00C0
FFC0
FFC0
00C0
00C0
FFC0
FFC0
ENDCHAR
STARTCHAR SF270000
ENCODING 9564
SWIDTH 708 0
DWIDTH 17 0
BBX 12 16 0 6
BITMAP
0330
0330
0330
0330
0330
0330
0330
0330
0330
0330
0330
0330
0330
0330
FFF0
FFF0
ENDCHAR
STARTCHAR SF260000
ENCODING 9565
SWIDTH 708 0
DWIDTH 17 0
BBX 12 18 0 4
BITMAP
0330
0330
0330
0330
0330
0330
0330
0330
0330
0330
0330
0330
FF30
FF30
0030
0030
FFF0
FFF0
ENDCHAR
STARTCHAR SF360000
ENCODING 9566
SWIDTH 708 0
DWIDTH 17 0
BBX 9 29 8 -7
BITMAP
C000
C000
C000
C000
C000
C000
C000
C000
C000
C000
C000
C000
FF80
FF80
C000
C000
FF80
FF80
C000
C000
C000
C000
C000
C000
C000
C000
C000
C000
C000
ENDCHAR
STARTCHAR SF370000
ENCODING 9567
SWIDTH 708 0
DWIDTH 17 0
BBX 11 29 6 -7
BITMAP
CC00
CC00
CC00
CC00
CC00
CC00
CC00
CC00
CC00
CC00
CC00
CC00
CC00
CC00
CFE0
CFE0
CC00
CC00
CC00
CC00
CC00
CC00
CC00
CC00
CC00
CC00
CC00
CC00
CC00
ENDCHAR
STARTCHAR SF420000
ENCODING 9568
SWIDTH 708 0
DWIDTH 17 0
BBX 11 29 6 -7
BITMAP
CC00
CC00
CC00
CC00
CC00
CC00
CC00
CC00
CC00
CC00
CC00
CC00
CFE0
CFE0
C000
C000
CFE0
CFE0
CC00
CC00
CC00
CC00
CC00
CC00
CC00
CC00
CC00
CC00
CC00
ENDCHAR
STARTCHAR SF190000
ENCODING 9569
SWIDTH 708 0
DWIDTH 17 0
BBX 10 29 0 -7
BITMAP
00C0
00C0
00C0
00C0
00C0
00C0
00C0
00C0
00C0
00C0
00C0
00C0
FFC0
FFC0
00C0
00C0
FFC0
FFC0
00C0
00C0
00C0
00C0
00C0
00C0
00C0
00C0
00C0
00C0
00C0
ENDCHAR
STARTCHAR SF200000
ENCODING 9570
SWIDTH 708 0
DWIDTH 17 0
BBX 12 29 0 -7
BITMAP
0330
0330
0330
0330
0330
0330
0330
0330
0330
0330
0330
0330
0330
0330
FF30
FF30
0330
0330
0330
0330
0330
0330
0330
0330
0330
0330
0330
0330
0330
ENDCHAR
STARTCHAR SF230000
ENCODING 9571
SWIDTH 708 0
DWIDTH 17 0
BBX 12 29 0 -7
BITMAP
0330
0330
0330
0330
0330
0330
0330
0330
0330
0330
0330
0330
FF30
FF30
0030
0030
FF30
FF30
0330
0330
0330
0330
0330
0330
0330
0330
0330
0330
0330
ENDCHAR
STARTCHAR SF470000
ENCODING 9572
SWIDTH 708 0
DWIDTH 17 0
BBX 17 17 0 -7
BITMAP
FFFF80
FFFF80
000000
000000
FFFF80
FFFF80
00C000
00C000
00C000
00C000
00C000
00C000
00C000
00C000
00C000
00C000
00C000
ENDCHAR
STARTCHAR SF480000
ENCODING 9573
SWIDTH 708 0
DWIDTH 17 0
BBX 17 15 0 -7
BITMAP
FFFF80
FFFF80
033000
033000
033000
033000
033000
033000
033000
033000
033000
033000
033000
033000
033000
ENDCHAR
STARTCHAR SF410000
ENCODING 9574
SWIDTH 708 0
DWIDTH 17 0
BBX 17 17 0 -7
BITMAP
FFFF80
FFFF80
000000
000000
FF3F80
FF3F80
033000
033000
033000
033000
033000
033000
033000
033000
033000
033000
033000
ENDCHAR
STARTCHAR SF450000
ENCODING 9575
SWIDTH 708 0
DWIDTH 17 0
BBX 17 18 0 4
BITMAP
00C000
00C000
00C000
00C000
00C000
00C000
00C000
00C000
00C000
00C000
00C000
00C000
FFFF80
FFFF80
000000
000000
FFFF80
FFFF80
ENDCHAR
STARTCHAR SF460000
ENCODING 9576
SWIDTH 708 0
DWIDTH 17 0
BBX 17 16 0 6
BITMAP
033000
033000
033000
033000
033000
033000
033000
033000
033000
033000
033000
033000
033000
033000
FFFF80
FFFF80
ENDCHAR
STARTCHAR SF400000
ENCODING 9577
SWIDTH 708 0
DWIDTH 17 0
BBX 17 18 0 4
BITMAP
033000
033000
033000
033000
033000
033000
033000
033000
033000
033000
033000
033000
FF3F80
FF3F80
000000
000000
FFFF80
FFFF80
ENDCHAR
STARTCHAR SF540000
ENCODING 9578
SWIDTH 708 0
DWIDTH 17 0
BBX 17 29 0 -7
BITMAP
00C000
00C000
00C000
00C000
00C000
00C000
00C000
00C000
00C000
00C000
00C000
00C000
FFFF80
FFFF80
00C000
00C000
FFFF80
FFFF80
00C000
00C000
00C000
00C000
00C000
00C000
00C000
00C000
00C000
00C000
00C000
ENDCHAR
STARTCHAR SF530000
ENCODING 9579
SWIDTH 708 0
DWIDTH 17 0
BBX 17 29 0 -7
BITMAP
033000
033000
033000
033000
033000
033000
033000
033000
033000
033000
033000
033000
033000
033000
FFFF80
FFFF80
033000
033000
033000
033000
033000
033000
033000
033000
033000
033000
033000
033000
033000
ENDCHAR
STARTCHAR SF440000
ENCODING 9580
SWIDTH 708 0
DWIDTH 17 0
BBX 17 29 0 -7
BITMAP
033000
033000
033000
033000
033000
033000
033000
033000
033000
033000
033000
033000
FF3F80
FF3F80
000000
000000
FF3F80
FF3F80
033000
033000
033000
033000
033000
033000
033000
033000
033000
033000
033000
ENDCHAR
STARTCHAR upblock
ENCODING 9600
SWIDTH 708 0
DWIDTH 17 0
BBX 17 15 0 7
BITMAP
FFFF80
FFFF80
FFFF80
FFFF80
FFFF80
FFFF80
FFFF80
FFFF80
FFFF80
FFFF80
FFFF80
FFFF80
FFFF80
FFFF80
FFFF80
ENDCHAR
STARTCHAR dnblock
ENCODING 9604
SWIDTH 708 0
DWIDTH 17 0
BBX 17 14 0 -7
BITMAP
FFFF80
FFFF80
FFFF80
FFFF80
FFFF80
FFFF80
FFFF80
FFFF80
FFFF80
FFFF80
FFFF80
FFFF80
FFFF80
FFFF80
ENDCHAR
STARTCHAR block
ENCODING 9608
SWIDTH 708 0
DWIDTH 17 0
BBX 17 29 0 -7
BITMAP
FFFF80
FFFF80
FFFF80
FFFF80
FFFF80
FFFF80
FFFF80
FFFF80
FFFF80
FFFF80
FFFF80
FFFF80
FFFF80
FFFF80
FFFF80
FFFF80
FFFF80
FFFF80
FFFF80
FFFF80
FFFF80
FFFF80
FFFF80
FFFF80
FFFF80
FFFF80
FFFF80
FFFF80
FFFF80
ENDCHAR
STARTCHAR lfblock
ENCODING 9612
SWIDTH 708 0
DWIDTH 17 0
BBX 9 29 0 -7
BITMAP
FF80
FF80
FF80
FF80
FF80
FF80
FF80
FF80
FF80
FF80
FF80
FF80
FF80
FF80
FF80
FF80
FF80
FF80
FF80
FF80
FF80
FF80
FF80
FF80
FF80
FF80
FF80
FF80
FF80
ENDCHAR
STARTCHAR rtblock
ENCODING 9616
SWIDTH 708 0
DWIDTH 17 0
BBX 8 29 9 -7
BITMAP
FF
FF
FF
FF
FF
FF
FF
FF
FF
FF
FF
FF
FF
FF
FF
FF
FF
FF
FF
FF
FF
FF
FF
FF
FF
FF
FF
FF
FF
ENDCHAR
STARTCHAR ltshade
ENCODING 9617
SWIDTH 708 0
DWIDTH 17 0
BBX 16 26 1 -6
BITMAP
8421
0000
1084
0000
0000
8421
0000
1084
0000
8421
0000
1084
0000
0000
8421
0000
1084
0000
8421
0000
1084
0000
0000
8421
0000
1084
ENDCHAR
STARTCHAR shade
ENCODING 9618
SWIDTH 708 0
DWIDTH 17 0
BBX 17 26 0 -6
BITMAP
4AD680
000000
B5A900
B5A900
000000
4AD680
000000
B5A900
000000
4AD680
000000
B5A900
B5A900
000000
4AD680
000000
B5A900
000000
4AD680
000000
B5A900
B5A900
000000
4AD680
000000
B5A900
ENDCHAR
STARTCHAR dkshade
ENCODING 9619
SWIDTH 750 0
DWIDTH 18 0
BBX 18 27 0 -7
BITMAP
6A5AC0
FFFFC0
B5AD00
FFFFC0
FFFFC0
6A5AC0
FFFFC0
B5AD00
FFFFC0
6A5AC0
FFFFC0
B5AD00
B5AD00
FFFFC0
6A5AC0
FFFFC0
B5AD00
FFFFC0
6A5AC0
FFFFC0
B5AD00
B5AD00
FFFFC0
6A5AC0
FFFFC0
B5AD00
FFFFC0
ENDCHAR
STARTCHAR filledbox
ENCODING 9632
SWIDTH 625 0
DWIDTH 15 0
BBX 12 12 1 1
BITMAP
FFF0
FFF0
FFF0
FFF0
FFF0
FFF0
FFF0
FFF0
FFF0
FFF0
FFF0
FFF0
ENDCHAR
STARTCHAR H22073
ENCODING 9633
SWIDTH 625 0
DWIDTH 15 0
BBX 14 14 0 0
BITMAP
FFFC
8004
8004
8004
8004
8004
8004
8004
8004
8004
8004
8004
8004
FFFC
ENDCHAR
STARTCHAR H18543
ENCODING 9642
SWIDTH 375 0
DWIDTH 9 0
BBX 6 6 1 4
BITMAP
FC
FC
FC
FC
FC
FC
ENDCHAR
STARTCHAR H18551
ENCODING 9643
SWIDTH 375 0
DWIDTH 9 0
BBX 6 6 1 4
BITMAP
FC
84
84
84
84
FC
ENDCHAR
STARTCHAR filledrect
ENCODING 9644
SWIDTH 1000 0
DWIDTH 24 0
BBX 24 7 0 0
BITMAP
FFFFFF
FFFFFF
FFFFFF
FFFFFF
FFFFFF
FFFFFF
FFFFFF
ENDCHAR
STARTCHAR triagup
ENCODING 9650
SWIDTH 1000 0
DWIDTH 24 0
BBX 14 14 5 0
BITMAP
0000
0300
0300
0780
0780
0FC0
0FC0
1FE0
1FE0
3FF0
3FF0
7FF8
7FF8
FFFC
ENDCHAR
STARTCHAR triagrt
ENCODING 9658
SWIDTH 1000 0
DWIDTH 24 0
BBX 14 14 5 0
BITMAP
8000
E000
F800
FE00
FF80
FFE0
FFF8
FFF8
FFE0
FF80
FE00
F800
E000
8000
ENDCHAR
STARTCHAR triagdn
ENCODING 9660
SWIDTH 1000 0
DWIDTH 24 0
BBX 14 14 5 0
BITMAP
FFFC
FFF8
7FF8
7FF0
3FF0
3FE0
1FE0
1FC0
0FC0
0F80
0780
0700
0300
0200
ENDCHAR
STARTCHAR triaglf
ENCODING 9668
SWIDTH 1000 0
DWIDTH 24 0
BBX 14 14 5 0
BITMAP
0004
001C
007C
01FC
07FC
1FFC
7FFC
FFFC
3FFC
0FFC
03FC
00FC
003C
000C
ENDCHAR
STARTCHAR lozenge
ENCODING 9674
SWIDTH 500 0
DWIDTH 12 0
BBX 12 17 1 0
BITMAP
0600
0E00
0F00
1B00
3980
31C0
70C0
60E0
E070
60E0
70C0
31C0
3980
1B00
0F00
0E00
0600
ENDCHAR
STARTCHAR circle
ENCODING 9675
SWIDTH 625 0
DWIDTH 15 0
BBX 11 11 2 1
BITMAP
1F00
2080
4040
8020
8020
8020
8020
8020
4040
2080
1F00
ENDCHAR
STARTCHAR H18533
ENCODING 9679
SWIDTH 625 0
DWIDTH 15 0
BBX 10 10 2 2
BITMAP
1E00
7F80
7F80
FFC0
FFC0
FFC0
FFC0
7F80
7F80
1E00
ENDCHAR
STARTCHAR invbullet
ENCODING 9688
SWIDTH 625 0
DWIDTH 15 0
BBX 14 14 0 0
BITMAP
FFFC
FFFC
F87C
E01C
E01C
C00C
C00C
C00C
C00C
E01C
E01C
F87C
FFFC
FFFC
ENDCHAR
STARTCHAR invcircle
ENCODING 9689
SWIDTH 625 0
DWIDTH 15 0
BBX 14 14 0 0
BITMAP
FFFC
FFFC
F87C
E79C
EFDC
DFEC
DFEC
DFEC
DFEC
EFDC
E79C
F87C
FFFC
FFFC
ENDCHAR
STARTCHAR openbullet
ENCODING 9702
SWIDTH 375 0
DWIDTH 9 0
BBX 6 6 1 4
BITMAP
78
CC
84
84
CC
78
ENDCHAR
STARTCHAR smileface
ENCODING 9786
SWIDTH 1042 0
DWIDTH 25 0
BBX 14 14 5 0
BITMAP
0FC0
1860
2010
4008
C00C
9864
9864
8004
8004
C84C
4788
2010
1860
0FC0
ENDCHAR
STARTCHAR invsmileface
ENCODING 9787
SWIDTH 1042 0
DWIDTH 25 0
BBX 14 14 5 0
BITMAP
0FC0
1FE0
3FF0
7FF8
FFFC
E79C
E79C
FFFC
FFFC
F7BC
7878
3FF0
1FE0
0FC0
ENDCHAR
STARTCHAR sun
ENCODING 9788
SWIDTH 917 0
DWIDTH 22 0
BBX 15 15 3 -2
BITMAP
0100
0100
2108
17D0
0C60
1830
1010
F01E
1010
1830
0C60
13D0
2108
0100
0100
ENDCHAR
STARTCHAR female
ENCODING 9792
SWIDTH 750 0
DWIDTH 18 0
BBX 7 13 6 1
BITMAP
38
44
82
82
82
44
38
10
10
FE
10
10
10
ENDCHAR
STARTCHAR male
ENCODING 9794
SWIDTH 750 0
DWIDTH 18 0
BBX 10 11 4 3
BITMAP
03C0
00C0
0140
0240
3C00
4400
8200
8200
8200
4400
3800
ENDCHAR
STARTCHAR spade
ENCODING 9824
SWIDTH 542 0
DWIDTH 13 0
BBX 11 14 1 0
BITMAP
0400
0400
0E00
0E00
1F00
3F80
7FC0
FFE0
FFE0
FFE0
75C0
0400
0E00
3F80
ENDCHAR
STARTCHAR club
ENCODING 9827
SWIDTH 667 0
DWIDTH 16 0
BBX 14 14 1 0
BITMAP
0780
0FC0
0FC0
0FC0
0FC0
77F8
FFFC
FFFC
FFFC
FDFC
7A78
0300
0780
1FE0
ENDCHAR
STARTCHAR heart
ENCODING 9829
SWIDTH 583 0
DWIDTH 14 0
BBX 12 13 1 0
BITMAP
79E0
FDF0
FFF0
FFF0
FFF0
7FE0
3FC0
1F80
1F80
0F00
0600
0600
0000
ENDCHAR
STARTCHAR diamond
ENCODING 9830
SWIDTH 500 0
DWIDTH 12 0
BBX 11 15 1 0
BITMAP
0400
0400
0E00
1F00
1F00
3F80
7FC0
FFE0
7FC0
3F80
1F00
1F00
0E00
0400
0400
ENDCHAR
STARTCHAR musicalnote
ENCODING 9834
SWIDTH 500 0
DWIDTH 12 0
BBX 7 13 3 0
BITMAP
10
10
18
1C
14
12
12
12
12
14
70
F0
E0
ENDCHAR
STARTCHAR musicalnotedbl
ENCODING 9835
SWIDTH 750 0
DWIDTH 18 0
BBX 11 15 3 -1
BITMAP
0060
07E0
1E20
10E0
17E0
1E20
1020
1020
1020
1020
10E0
11E0
71C0
F000
E000
ENDCHAR
STARTCHAR uniF001
ENCODING 61441
SWIDTH 625 0
DWIDTH 15 0
BBX 14 17 1 0
BITMAP
0F9C
1F9C
1C1C
3C00
FF38
FF38
3838
3838
3838
7070
7070
7070
7070
7070
F0F0
E0E0
E0E0
ENDCHAR
STARTCHAR uniF002
ENCODING 61442
SWIDTH 625 0
DWIDTH 15 0
BBX 14 17 1 0
BITMAP
0F9C
1F9C
1C1C
3C38
FF38
FF38
3838
3838
3878
7070
7070
7070
7070
7070
F0F0
E0E0
E0E0
ENDCHAR
STARTCHAR uniF005
ENCODING 61445
SWIDTH 333 0
DWIDTH 8 0
BBX 5 4 1 -5
BITMAP
38
78
F8
F0
ENDCHAR
STARTCHAR uniF001
ENCODING 64257
SWIDTH 625 0
DWIDTH 15 0
BBX 14 17 1 0
BITMAP
0F9C
1F9C
1C1C
3C00
FF38
FF38
3838
3838
3838
7070
7070
7070
7070
7070
F0F0
E0E0
E0E0
ENDCHAR
STARTCHAR uniF002
ENCODING 64258
SWIDTH 625 0
DWIDTH 15 0
BBX 14 17 1 0
BITMAP
0F9C
1F9C
1C1C
3C38
FF38
FF38
3838
3838
3878
7070
7070
7070
7070
7070
F0F0
E0E0
E0E0
ENDCHAR
ENDFONT
