STARTFONT 2.1
FONT -unknown-Standard-Bold-R-Normal--16-160-75-75-P-0-ISO10646-1
SIZE 16 75 75
FONTBOUNDINGBOX 16 16 0 0
STARTPROPERTIES 5
FAMILY_NAME "Standard"
WEIGHT_NAME "Bold"
PIXEL_SIZE 16
FONT_ASCENT 13
FONT_DESCENT 3
ENDPROPERTIES
CHARS 2221
STARTCHAR uni0020
ENCODING 32
SWIDTH 250 0
DWIDTH 4 0
BBX 0 0 0 0
BITMAP
ENDCHAR
STARTCHAR exclam
ENCODING 33
SWIDTH 250 0
DWIDTH 4 0
BBX 2 11 1 0
BITMAP
C0
C0
C0
C0
C0
C0
C0
C0
00
C0
C0
ENDCHAR
STARTCHAR quotedbl
ENCODING 34
SWIDTH 500 0
DWIDTH 8 0
BBX 6 4 1 7
BITMAP
CC
CC
CC
CC
ENDCHAR
STARTCHAR numbersign
ENCODING 35
SWIDTH 563 0
DWIDTH 9 0
BBX 9 11 0 0
BITMAP
1100
1100
1100
7F80
2200
2200
2200
FF00
4400
4400
4400
ENDCHAR
STARTCHAR dollar
ENCODING 36
SWIDTH 563 0
DWIDTH 9 0
BBX 7 13 1 -1
BITMAP
10
7C
FE
D6
D0
F0
7C
1E
16
D6
FE
7C
10
ENDCHAR
STARTCHAR percent
ENCODING 37
SWIDTH 1000 0
DWIDTH 16 0
BBX 14 11 1 0
BITMAP
7830
CC60
CC40
CC80
CDF8
CFCC
7ECC
04CC
08CC
18CC
3078
ENDCHAR
STARTCHAR ampersand
ENCODING 38
SWIDTH 750 0
DWIDTH 12 0
BBX 10 11 1 0
BITMAP
3E00
7F00
6300
6600
3800
7980
D980
CD80
C700
FFC0
7DC0
ENDCHAR
STARTCHAR quotesingle
ENCODING 39
SWIDTH 250 0
DWIDTH 4 0
BBX 2 4 1 7
BITMAP
C0
C0
C0
C0
ENDCHAR
STARTCHAR parenleft
ENCODING 40
SWIDTH 313 0
DWIDTH 5 0
BBX 4 16 1 -4
BITMAP
30
60
60
60
C0
C0
C0
C0
C0
C0
C0
C0
60
60
60
30
ENDCHAR
STARTCHAR parenright
ENCODING 41
SWIDTH 313 0
DWIDTH 5 0
BBX 4 16 0 -4
BITMAP
C0
60
60
60
30
30
30
30
30
30
30
30
60
60
60
C0
ENDCHAR
STARTCHAR asterisk
ENCODING 42
SWIDTH 375 0
DWIDTH 6 0
BBX 6 6 0 5
BITMAP
30
B4
FC
30
78
48
ENDCHAR
STARTCHAR plus
ENCODING 43
SWIDTH 563 0
DWIDTH 9 0
BBX 8 8 1 1
BITMAP
18
18
18
FF
FF
18
18
18
ENDCHAR
STARTCHAR comma
ENCODING 44
SWIDTH 250 0
DWIDTH 4 0
BBX 2 4 1 -2
BITMAP
C0
C0
40
C0
ENDCHAR
STARTCHAR hyphen
ENCODING 45
SWIDTH 313 0
DWIDTH 5 0
BBX 4 2 1 3
BITMAP
F0
F0
ENDCHAR
STARTCHAR period
ENCODING 46
SWIDTH 250 0
DWIDTH 4 0
BBX 2 2 1 0
BITMAP
C0
C0
ENDCHAR
STARTCHAR slash
ENCODING 47
SWIDTH 250 0
DWIDTH 4 0
BBX 4 12 0 0
BITMAP
30
30
30
20
60
60
60
60
40
C0
C0
C0
ENDCHAR
STARTCHAR zero
ENCODING 48
SWIDTH 563 0
DWIDTH 9 0
BBX 7 11 1 0
BITMAP
38
7C
C6
C6
C6
C6
C6
C6
C6
7C
38
ENDCHAR
STARTCHAR one
ENCODING 49
SWIDTH 563 0
DWIDTH 9 0
BBX 8 11 1 0
BITMAP
38
78
D8
98
18
18
18
18
18
FF
FF
ENDCHAR
STARTCHAR two
ENCODING 50
SWIDTH 563 0
DWIDTH 9 0
BBX 7 11 1 0
BITMAP
7C
FE
C6
06
0E
1C
38
70
60
FE
FE
ENDCHAR
STARTCHAR three
ENCODING 51
SWIDTH 563 0
DWIDTH 9 0
BBX 7 11 1 0
BITMAP
7C
FE
C6
06
3C
3C
06
06
C6
FE
7C
ENDCHAR
STARTCHAR four
ENCODING 52
SWIDTH 563 0
DWIDTH 9 0
BBX 8 11 0 0
BITMAP
0E
0E
1E
36
26
66
C6
FF
FF
06
06
ENDCHAR
STARTCHAR five
ENCODING 53
SWIDTH 563 0
DWIDTH 9 0
BBX 7 11 1 0
BITMAP
FC
FC
C0
C0
FC
FE
06
06
C6
FC
78
ENDCHAR
STARTCHAR six
ENCODING 54
SWIDTH 563 0
DWIDTH 9 0
BBX 7 11 1 0
BITMAP
3C
7E
E6
C0
FC
FE
C6
C6
C6
7E
3C
ENDCHAR
STARTCHAR seven
ENCODING 55
SWIDTH 563 0
DWIDTH 9 0
BBX 7 11 1 0
BITMAP
FE
FE
06
0C
0C
18
18
30
30
30
30
ENDCHAR
STARTCHAR eight
ENCODING 56
SWIDTH 563 0
DWIDTH 9 0
BBX 7 11 1 0
BITMAP
7C
FE
C6
C6
7C
7C
C6
C6
C6
FE
7C
ENDCHAR
STARTCHAR nine
ENCODING 57
SWIDTH 563 0
DWIDTH 9 0
BBX 7 11 1 0
BITMAP
78
FC
C6
C6
C6
FE
7E
06
CE
FC
78
ENDCHAR
STARTCHAR colon
ENCODING 58
SWIDTH 375 0
DWIDTH 6 0
BBX 2 9 2 0
BITMAP
C0
C0
00
00
00
00
00
C0
C0
ENDCHAR
STARTCHAR semicolon
ENCODING 59
SWIDTH 375 0
DWIDTH 6 0
BBX 2 11 2 -2
BITMAP
C0
C0
00
00
00
00
00
C0
C0
40
C0
ENDCHAR
STARTCHAR less
ENCODING 60
SWIDTH 563 0
DWIDTH 9 0
BBX 7 9 1 1
BITMAP
02
0E
7C
F0
C0
F0
7C
0E
02
ENDCHAR
STARTCHAR equal
ENCODING 61
SWIDTH 563 0
DWIDTH 9 0
BBX 7 5 1 2
BITMAP
FE
FE
00
FE
FE
ENDCHAR
STARTCHAR greater
ENCODING 62
SWIDTH 563 0
DWIDTH 9 0
BBX 7 9 1 1
BITMAP
80
E0
7C
1E
06
1E
7C
E0
80
ENDCHAR
STARTCHAR question
ENCODING 63
SWIDTH 625 0
DWIDTH 10 0
BBX 8 11 1 0
BITMAP
3C
7F
C3
03
03
0E
0C
18
00
18
18
ENDCHAR
STARTCHAR at
ENCODING 64
SWIDTH 1000 0
DWIDTH 16 0
BBX 14 14 1 -3
BITMAP
07E0
1830
2008
47AC
4C64
8864
9044
9044
90CC
99C8
4F70
4000
3030
0FC0
ENDCHAR
STARTCHAR A
ENCODING 65
SWIDTH 688 0
DWIDTH 11 0
BBX 11 11 0 0
BITMAP
0E00
0E00
1B00
1B00
1100
3180
3F80
7FC0
60C0
60C0
C060
ENDCHAR
STARTCHAR B
ENCODING 66
SWIDTH 750 0
DWIDTH 12 0
BBX 10 11 1 0
BITMAP
FF00
FF80
C180
C180
FF00
FF80
C0C0
C0C0
C0C0
FF80
FF00
ENDCHAR
STARTCHAR C
ENCODING 67
SWIDTH 750 0
DWIDTH 12 0
BBX 10 11 1 0
BITMAP
1F00
7F80
61C0
C0C0
C000
C000
C000
C080
61C0
7F80
1F00
ENDCHAR
STARTCHAR D
ENCODING 68
SWIDTH 750 0
DWIDTH 12 0
BBX 10 11 1 0
BITMAP
FE00
FF80
C380
C1C0
C0C0
C0C0
C0C0
C1C0
C380
FF80
FE00
ENDCHAR
STARTCHAR E
ENCODING 69
SWIDTH 688 0
DWIDTH 11 0
BBX 9 11 1 0
BITMAP
FF80
FF80
C000
C000
FF00
FF00
C000
C000
C000
FF80
FF80
ENDCHAR
STARTCHAR F
ENCODING 70
SWIDTH 625 0
DWIDTH 10 0
BBX 8 11 1 0
BITMAP
FF
FF
C0
C0
FF
FF
C0
C0
C0
C0
C0
ENDCHAR
STARTCHAR G
ENCODING 71
SWIDTH 750 0
DWIDTH 12 0
BBX 10 11 1 0
BITMAP
1F00
7F80
61C0
C000
C000
C7C0
C7C0
C0C0
60C0
7FC0
1F00
ENDCHAR
STARTCHAR H
ENCODING 72
SWIDTH 750 0
DWIDTH 12 0
BBX 10 11 1 0
BITMAP
C0C0
C0C0
C0C0
C0C0
FFC0
FFC0
C0C0
C0C0
C0C0
C0C0
C0C0
ENDCHAR
STARTCHAR I
ENCODING 73
SWIDTH 250 0
DWIDTH 4 0
BBX 2 11 1 0
BITMAP
C0
C0
C0
C0
C0
C0
C0
C0
C0
C0
C0
ENDCHAR
STARTCHAR J
ENCODING 74
SWIDTH 563 0
DWIDTH 9 0
BBX 8 11 0 0
BITMAP
0F
0F
03
03
03
03
03
03
C3
FE
3C
ENDCHAR
STARTCHAR K
ENCODING 75
SWIDTH 750 0
DWIDTH 12 0
BBX 11 11 1 0
BITMAP
C0E0
C180
C700
CE00
DC00
FC00
E600
C300
C180
C1C0
C0E0
ENDCHAR
STARTCHAR L
ENCODING 76
SWIDTH 625 0
DWIDTH 10 0
BBX 8 11 1 0
BITMAP
C0
C0
C0
C0
C0
C0
C0
C0
C0
FF
FF
ENDCHAR
STARTCHAR M
ENCODING 77
SWIDTH 813 0
DWIDTH 13 0
BBX 11 11 1 0
BITMAP
E0E0
F1E0
F1E0
F1E0
D160
DB60
DB60
CA60
CE60
CE60
C460
ENDCHAR
STARTCHAR N
ENCODING 78
SWIDTH 750 0
DWIDTH 12 0
BBX 10 11 1 0
BITMAP
E0C0
E0C0
F0C0
F8C0
D8C0
CCC0
CCC0
C6C0
C3C0
C1C0
C1C0
ENDCHAR
STARTCHAR O
ENCODING 79
SWIDTH 750 0
DWIDTH 12 0
BBX 10 11 1 0
BITMAP
1E00
7F80
6180
C0C0
C0C0
C0C0
C0C0
C0C0
6180
7F80
1E00
ENDCHAR
STARTCHAR P
ENCODING 80
SWIDTH 688 0
DWIDTH 11 0
BBX 9 11 1 0
BITMAP
FF00
FF80
C180
C180
FF80
FE00
C000
C000
C000
C000
C000
ENDCHAR
STARTCHAR Q
ENCODING 81
SWIDTH 750 0
DWIDTH 12 0
BBX 10 14 1 -3
BITMAP
1E00
7F80
6180
C0C0
C0C0
C0C0
C0C0
C0C0
6180
7F80
3E00
0C00
0780
0380
ENDCHAR
STARTCHAR R
ENCODING 82
SWIDTH 750 0
DWIDTH 12 0
BBX 11 11 1 0
BITMAP
FF00
FFC0
C0C0
C0C0
FF80
FE00
C700
C380
C180
C0C0
C0E0
ENDCHAR
STARTCHAR S
ENCODING 83
SWIDTH 688 0
DWIDTH 11 0
BBX 10 11 0 0
BITMAP
1F00
7FC0
60C0
6000
7C00
1F80
03C0
00C0
C0C0
7F80
3F00
ENDCHAR
STARTCHAR T
ENCODING 84
SWIDTH 625 0
DWIDTH 10 0
BBX 8 11 1 0
BITMAP
FF
FF
18
18
18
18
18
18
18
18
18
ENDCHAR
STARTCHAR U
ENCODING 85
SWIDTH 750 0
DWIDTH 12 0
BBX 10 11 1 0
BITMAP
C0C0
C0C0
C0C0
C0C0
C0C0
C0C0
C0C0
C0C0
E1C0
7F80
3F00
ENDCHAR
STARTCHAR V
ENCODING 86
SWIDTH 688 0
DWIDTH 11 0
BBX 11 11 0 0
BITMAP
C060
E0E0
60C0
70C0
3180
3180
3B80
1B00
1B00
0E00
0E00
ENDCHAR
STARTCHAR W
ENCODING 87
SWIDTH 938 0
DWIDTH 15 0
BBX 16 11 0 0
BITMAP
C386
C386
E3C6
62CE
66CC
664C
366C
346C
3C78
3C38
1C38
ENDCHAR
STARTCHAR X
ENCODING 88
SWIDTH 688 0
DWIDTH 11 0
BBX 11 11 0 0
BITMAP
E0E0
60C0
3180
1B80
1F00
0E00
1F00
1B80
3180
60C0
E0E0
ENDCHAR
STARTCHAR Y
ENCODING 89
SWIDTH 625 0
DWIDTH 10 0
BBX 8 11 1 0
BITMAP
C3
66
66
3C
3C
18
18
18
18
18
18
ENDCHAR
STARTCHAR Z
ENCODING 90
SWIDTH 563 0
DWIDTH 9 0
BBX 7 11 1 0
BITMAP
FE
FE
0E
0C
18
38
30
60
E0
FE
FE
ENDCHAR
STARTCHAR bracketleft
ENCODING 91
SWIDTH 313 0
DWIDTH 5 0
BBX 4 16 1 -4
BITMAP
F0
C0
C0
C0
C0
C0
C0
C0
C0
C0
C0
C0
C0
C0
C0
F0
ENDCHAR
STARTCHAR backslash
ENCODING 92
SWIDTH 250 0
DWIDTH 4 0
BBX 4 12 0 0
BITMAP
C0
C0
C0
40
60
60
60
60
20
30
30
30
ENDCHAR
STARTCHAR bracketright
ENCODING 93
SWIDTH 313 0
DWIDTH 5 0
BBX 4 16 0 -4
BITMAP
F0
30
30
30
30
30
30
30
30
30
30
30
30
30
30
F0
ENDCHAR
STARTCHAR asciicircum
ENCODING 94
SWIDTH 563 0
DWIDTH 9 0
BBX 7 7 1 4
BITMAP
38
28
6C
6C
44
C6
C6
ENDCHAR
STARTCHAR underscore
ENCODING 95
SWIDTH 563 0
DWIDTH 9 0
BBX 9 1 0 -2
BITMAP
FF80
ENDCHAR
STARTCHAR grave
ENCODING 96
SWIDTH 313 0
DWIDTH 5 0
BBX 4 3 0 10
BITMAP
C0
60
30
ENDCHAR
STARTCHAR a
ENCODING 97
SWIDTH 563 0
DWIDTH 9 0
BBX 8 9 1 0
BITMAP
7C
FE
06
7E
FE
C6
CE
FF
73
ENDCHAR
STARTCHAR b
ENCODING 98
SWIDTH 625 0
DWIDTH 10 0
BBX 8 12 1 0
BITMAP
C0
C0
C0
DE
FE
E7
C3
C3
C3
E7
FE
DC
ENDCHAR
STARTCHAR c
ENCODING 99
SWIDTH 563 0
DWIDTH 9 0
BBX 7 9 1 0
BITMAP
3C
7E
C6
C0
C0
C0
C6
7E
38
ENDCHAR
STARTCHAR d
ENCODING 100
SWIDTH 625 0
DWIDTH 10 0
BBX 8 12 1 0
BITMAP
03
03
03
3B
7F
E7
C3
C3
C3
E7
7F
3B
ENDCHAR
STARTCHAR e
ENCODING 101
SWIDTH 563 0
DWIDTH 9 0
BBX 7 9 1 0
BITMAP
38
7C
C6
FE
FE
C0
C0
7E
3C
ENDCHAR
STARTCHAR f
ENCODING 102
SWIDTH 313 0
DWIDTH 5 0
BBX 5 12 0 0
BITMAP
38
78
60
F8
F8
60
60
60
60
60
60
60
ENDCHAR
STARTCHAR g
ENCODING 103
SWIDTH 625 0
DWIDTH 10 0
BBX 8 13 1 -4
BITMAP
3B
7F
E7
C3
C3
C3
E7
7F
7B
03
C7
FE
3C
ENDCHAR
STARTCHAR h
ENCODING 104
SWIDTH 625 0
DWIDTH 10 0
BBX 8 12 1 0
BITMAP
C0
C0
C0
DE
FF
E7
C3
C3
C3
C3
C3
C3
ENDCHAR
STARTCHAR i
ENCODING 105
SWIDTH 250 0
DWIDTH 4 0
BBX 2 12 1 0
BITMAP
C0
C0
00
C0
C0
C0
C0
C0
C0
C0
C0
C0
ENDCHAR
STARTCHAR j
ENCODING 106
SWIDTH 250 0
DWIDTH 4 0
BBX 3 16 0 -4
BITMAP
60
60
00
60
60
60
60
60
60
60
60
60
60
60
E0
C0
ENDCHAR
STARTCHAR k
ENCODING 107
SWIDTH 563 0
DWIDTH 9 0
BBX 8 12 1 0
BITMAP
C0
C0
C0
C7
CE
DC
F8
F8
CC
CE
C6
C3
ENDCHAR
STARTCHAR l
ENCODING 108
SWIDTH 250 0
DWIDTH 4 0
BBX 2 12 1 0
BITMAP
C0
C0
C0
C0
C0
C0
C0
C0
C0
C0
C0
C0
ENDCHAR
STARTCHAR m
ENCODING 109
SWIDTH 875 0
DWIDTH 14 0
BBX 12 9 1 0
BITMAP
DCE0
FFF0
E730
C630
C630
C630
C630
C630
C630
ENDCHAR
STARTCHAR n
ENCODING 110
SWIDTH 625 0
DWIDTH 10 0
BBX 8 9 1 0
BITMAP
DE
FF
E7
C3
C3
C3
C3
C3
C3
ENDCHAR
STARTCHAR o
ENCODING 111
SWIDTH 625 0
DWIDTH 10 0
BBX 8 9 1 0
BITMAP
3C
7E
E7
C3
C3
C3
E7
7E
3C
ENDCHAR
STARTCHAR p
ENCODING 112
SWIDTH 625 0
DWIDTH 10 0
BBX 8 13 1 -4
BITMAP
DE
FE
E7
C3
C3
C3
E7
FE
DC
C0
C0
C0
C0
ENDCHAR
STARTCHAR q
ENCODING 113
SWIDTH 625 0
DWIDTH 10 0
BBX 8 13 1 -4
BITMAP
3B
7F
E7
C3
C3
C3
E7
7F
3B
03
03
03
03
ENDCHAR
STARTCHAR r
ENCODING 114
SWIDTH 375 0
DWIDTH 6 0
BBX 5 9 1 0
BITMAP
D8
F8
E0
C0
C0
C0
C0
C0
C0
ENDCHAR
STARTCHAR s
ENCODING 115
SWIDTH 563 0
DWIDTH 9 0
BBX 7 9 1 0
BITMAP
7C
FE
C6
F0
7C
0E
C6
FE
7C
ENDCHAR
STARTCHAR t
ENCODING 116
SWIDTH 313 0
DWIDTH 5 0
BBX 5 11 0 0
BITMAP
20
60
F8
F8
60
60
60
60
60
78
38
ENDCHAR
STARTCHAR u
ENCODING 117
SWIDTH 625 0
DWIDTH 10 0
BBX 8 9 1 0
BITMAP
C3
C3
C3
C3
C3
C3
E7
FF
7B
ENDCHAR
STARTCHAR v
ENCODING 118
SWIDTH 563 0
DWIDTH 9 0
BBX 9 9 0 0
BITMAP
C180
E380
6300
6300
7700
3600
3600
1C00
1C00
ENDCHAR
STARTCHAR w
ENCODING 119
SWIDTH 813 0
DWIDTH 13 0
BBX 11 9 1 0
BITMAP
CE60
CE60
CA60
4A40
7BC0
7BC0
7BC0
71C0
3180
ENDCHAR
STARTCHAR x
ENCODING 120
SWIDTH 563 0
DWIDTH 9 0
BBX 9 9 0 0
BITMAP
E380
6300
3600
3E00
1C00
3C00
3600
6300
C380
ENDCHAR
STARTCHAR y
ENCODING 121
SWIDTH 563 0
DWIDTH 9 0
BBX 9 13 0 -4
BITMAP
C180
E380
6300
6300
3600
3600
3600
1C00
1C00
1C00
1800
7800
7000
ENDCHAR
STARTCHAR z
ENCODING 122
SWIDTH 563 0
DWIDTH 9 0
BBX 7 9 1 0
BITMAP
FE
FE
04
08
10
20
40
FE
FE
ENDCHAR
STARTCHAR braceleft
ENCODING 123
SWIDTH 375 0
DWIDTH 6 0
BBX 6 16 0 -4
BITMAP
1C
30
30
30
30
30
30
C0
70
30
30
30
30
30
30
1C
ENDCHAR
STARTCHAR bar
ENCODING 124
SWIDTH 250 0
DWIDTH 4 0
BBX 2 16 1 -4
BITMAP
C0
C0
C0
C0
C0
C0
C0
C0
C0
C0
C0
C0
C0
C0
C0
C0
ENDCHAR
STARTCHAR braceright
ENCODING 125
SWIDTH 375 0
DWIDTH 6 0
BBX 6 16 0 -4
BITMAP
E0
30
30
30
30
30
30
0C
38
30
30
30
30
30
30
E0
ENDCHAR
STARTCHAR asciitilde
ENCODING 126
SWIDTH 563 0
DWIDTH 9 0
BBX 7 4 1 4
BITMAP
60
F2
9E
0E
ENDCHAR
STARTCHAR uni00A0
ENCODING 160
SWIDTH 250 0
DWIDTH 4 0
BBX 0 0 0 0
BITMAP
ENDCHAR
STARTCHAR exclamdown
ENCODING 161
SWIDTH 250 0
DWIDTH 4 0
BBX 2 12 1 -3
BITMAP
C0
C0
00
C0
C0
C0
C0
C0
C0
C0
C0
C0
ENDCHAR
STARTCHAR cent
ENCODING 162
SWIDTH 563 0
DWIDTH 9 0
BBX 10 11 0 -1
BITMAP
0800
1E00
7F00
E780
C400
C400
C580
E780
3700
0C00
0C00
ENDCHAR
STARTCHAR sterling
ENCODING 163
SWIDTH 563 0
DWIDTH 9 0
BBX 7 11 1 0
BITMAP
38
7C
6C
60
F8
F8
60
60
46
FE
FC
ENDCHAR
STARTCHAR currency
ENCODING 164
SWIDTH 563 0
DWIDTH 9 0
BBX 9 9 0 1
BITMAP
4100
FF80
7F00
6300
6300
6300
7F00
FF80
4100
ENDCHAR
STARTCHAR yen
ENCODING 165
SWIDTH 563 0
DWIDTH 9 0
BBX 8 11 0 0
BITMAP
C3
E7
66
66
3C
3C
FF
18
FF
18
18
ENDCHAR
STARTCHAR brokenbar
ENCODING 166
SWIDTH 250 0
DWIDTH 4 0
BBX 2 16 1 -4
BITMAP
C0
C0
C0
C0
C0
C0
C0
00
00
C0
C0
C0
C0
C0
C0
C0
ENDCHAR
STARTCHAR section
ENCODING 167
SWIDTH 563 0
DWIDTH 9 0
BBX 7 13 1 -2
BITMAP
7C
C6
C0
F0
7C
CE
C6
FE
7C
0E
C6
C6
7C
ENDCHAR
STARTCHAR dieresis
ENCODING 168
SWIDTH 313 0
DWIDTH 5 0
BBX 5 2 0 10
BITMAP
D8
D8
ENDCHAR
STARTCHAR copyright
ENCODING 169
SWIDTH 750 0
DWIDTH 12 0
BBX 11 11 0 0
BITMAP
1F00
2080
5E40
B320
A020
A020
A020
B320
5E40
2080
1F00
ENDCHAR
STARTCHAR ordfeminine
ENCODING 170
SWIDTH 375 0
DWIDTH 6 0
BBX 5 5 1 6
BITMAP
F0
10
F0
90
F8
ENDCHAR
STARTCHAR guillemotleft
ENCODING 171
SWIDTH 563 0
DWIDTH 9 0
BBX 8 7 1 1
BITMAP
33
66
EE
CC
EE
66
33
ENDCHAR
STARTCHAR logicalnot
ENCODING 172
SWIDTH 563 0
DWIDTH 9 0
BBX 7 5 1 1
BITMAP
FE
FE
06
06
06
ENDCHAR
STARTCHAR hyphen
ENCODING 173
SWIDTH 313 0
DWIDTH 5 0
BBX 4 2 1 3
BITMAP
F0
F0
ENDCHAR
STARTCHAR registered
ENCODING 174
SWIDTH 750 0
DWIDTH 12 0
BBX 11 11 0 0
BITMAP
1F00
2080
5E40
9120
9120
9E20
9620
9220
5340
2080
1F00
ENDCHAR
STARTCHAR macron
ENCODING 175
SWIDTH 563 0
DWIDTH 9 0
BBX 9 1 0 11
BITMAP
FF80
ENDCHAR
STARTCHAR degree
ENCODING 176
SWIDTH 375 0
DWIDTH 6 0
BBX 5 5 0 6
BITMAP
70
88
88
88
70
ENDCHAR
STARTCHAR plusminus
ENCODING 177
SWIDTH 563 0
DWIDTH 9 0
BBX 8 10 1 0
BITMAP
18
18
18
FF
FF
18
18
18
FF
FF
ENDCHAR
STARTCHAR uni00B2
ENCODING 178
SWIDTH 313 0
DWIDTH 5 0
BBX 4 5 0 6
BITMAP
F0
10
20
40
F0
ENDCHAR
STARTCHAR uni00B3
ENCODING 179
SWIDTH 313 0
DWIDTH 5 0
BBX 4 5 0 6
BITMAP
F0
10
60
10
F0
ENDCHAR
STARTCHAR acute
ENCODING 180
SWIDTH 313 0
DWIDTH 5 0
BBX 4 3 1 10
BITMAP
30
60
C0
ENDCHAR
STARTCHAR u00B5
ENCODING 181
SWIDTH 563 0
DWIDTH 9 0
BBX 7 13 1 -4
BITMAP
C6
C6
C6
C6
C6
C6
C6
FE
FE
C0
C0
C0
C0
ENDCHAR
STARTCHAR paragraph
ENCODING 182
SWIDTH 563 0
DWIDTH 9 0
BBX 7 13 1 -2
BITMAP
7E
F4
F4
F4
F4
74
14
14
14
14
14
14
14
ENDCHAR
STARTCHAR periodcentered
ENCODING 183
SWIDTH 250 0
DWIDTH 4 0
BBX 2 2 1 4
BITMAP
C0
C0
ENDCHAR
STARTCHAR cedilla
ENCODING 184
SWIDTH 313 0
DWIDTH 5 0
BBX 3 4 1 -4
BITMAP
80
E0
20
E0
ENDCHAR
STARTCHAR uni00B9
ENCODING 185
SWIDTH 313 0
DWIDTH 5 0
BBX 3 5 1 6
BITMAP
40
C0
40
40
E0
ENDCHAR
STARTCHAR ordmasculine
ENCODING 186
SWIDTH 375 0
DWIDTH 6 0
BBX 4 5 1 6
BITMAP
60
90
90
90
60
ENDCHAR
STARTCHAR guillemotright
ENCODING 187
SWIDTH 563 0
DWIDTH 9 0
BBX 8 7 0 1
BITMAP
CC
66
77
33
77
66
CC
ENDCHAR
STARTCHAR onequarter
ENCODING 188
SWIDTH 813 0
DWIDTH 13 0
BBX 11 11 1 0
BITMAP
40C0
C080
4100
4300
E600
0400
0CC0
18C0
1140
21E0
6040
ENDCHAR
STARTCHAR onehalf
ENCODING 189
SWIDTH 813 0
DWIDTH 13 0
BBX 11 11 1 0
BITMAP
40C0
C080
4100
4300
E600
0400
0DE0
1820
1040
2080
61E0
ENDCHAR
STARTCHAR threequarters
ENCODING 190
SWIDTH 813 0
DWIDTH 13 0
BBX 12 11 0 0
BITMAP
F060
1040
6080
1180
F300
0200
0660
0C60
08A0
10F0
3020
ENDCHAR
STARTCHAR questiondown
ENCODING 191
SWIDTH 625 0
DWIDTH 10 0
BBX 8 12 1 -3
BITMAP
18
18
00
18
38
70
60
C0
C0
C3
7E
3C
ENDCHAR
STARTCHAR Agrave
ENCODING 192
SWIDTH 688 0
DWIDTH 11 0
BBX 11 14 0 0
BITMAP
1C00
0600
0000
0E00
0E00
1B00
1B00
1100
3180
3F80
7FC0
60C0
60C0
C060
ENDCHAR
STARTCHAR Aacute
ENCODING 193
SWIDTH 688 0
DWIDTH 11 0
BBX 11 14 0 0
BITMAP
0700
0C00
0000
0E00
0E00
1B00
1B00
1100
3180
3F80
7FC0
60C0
60C0
C060
ENDCHAR
STARTCHAR Acircumflex
ENCODING 194
SWIDTH 688 0
DWIDTH 11 0
BBX 11 14 0 0
BITMAP
0E00
1B00
0000
0E00
0E00
1B00
1B00
1100
3180
3F80
7FC0
60C0
60C0
C060
ENDCHAR
STARTCHAR Atilde
ENCODING 195
SWIDTH 688 0
DWIDTH 11 0
BBX 11 14 0 0
BITMAP
1D00
1700
0000
0E00
0E00
1B00
1B00
1100
3180
3F80
7FC0
60C0
60C0
C060
ENDCHAR
STARTCHAR Adieresis
ENCODING 196
SWIDTH 688 0
DWIDTH 11 0
BBX 11 14 0 0
BITMAP
1B00
1B00
0000
0E00
0E00
1B00
1B00
1100
3180
3F80
7FC0
60C0
60C0
C060
ENDCHAR
STARTCHAR Aring
ENCODING 197
SWIDTH 688 0
DWIDTH 11 0
BBX 11 14 0 0
BITMAP
0600
0900
0900
0E00
0E00
1B00
1B00
1100
3180
3F80
7FC0
60C0
60C0
C060
ENDCHAR
STARTCHAR AE
ENCODING 198
SWIDTH 1000 0
DWIDTH 16 0
BBX 15 11 0 0
BITMAP
07FE
07FE
0D80
0D80
19FC
19FC
3F80
3F80
6180
61FE
C1FE
ENDCHAR
STARTCHAR Ccedilla
ENCODING 199
SWIDTH 750 0
DWIDTH 12 0
BBX 10 15 1 -4
BITMAP
1F00
7F80
61C0
C0C0
C000
C000
C000
C080
61C0
7F80
1F00
0800
0E00
0200
0E00
ENDCHAR
STARTCHAR Egrave
ENCODING 200
SWIDTH 688 0
DWIDTH 11 0
BBX 9 14 1 0
BITMAP
3800
0C00
0000
FF80
FF80
C000
C000
FF00
FF00
C000
C000
C000
FF80
FF80
ENDCHAR
STARTCHAR Eacute
ENCODING 201
SWIDTH 688 0
DWIDTH 11 0
BBX 9 14 1 0
BITMAP
0E00
1800
0000
FF80
FF80
C000
C000
FF00
FF00
C000
C000
C000
FF80
FF80
ENDCHAR
STARTCHAR Ecircumflex
ENCODING 202
SWIDTH 688 0
DWIDTH 11 0
BBX 9 14 1 0
BITMAP
1C00
3600
0000
FF80
FF80
C000
C000
FF00
FF00
C000
C000
C000
FF80
FF80
ENDCHAR
STARTCHAR Edieresis
ENCODING 203
SWIDTH 688 0
DWIDTH 11 0
BBX 9 14 1 0
BITMAP
3600
3600
0000
FF80
FF80
C000
C000
FF00
FF00
C000
C000
C000
FF80
FF80
ENDCHAR
STARTCHAR Igrave
ENCODING 204
SWIDTH 250 0
DWIDTH 4 0
BBX 4 14 0 0
BITMAP
E0
30
00
60
60
60
60
60
60
60
60
60
60
60
ENDCHAR
STARTCHAR Iacute
ENCODING 205
SWIDTH 250 0
DWIDTH 4 0
BBX 4 14 1 0
BITMAP
70
C0
00
C0
C0
C0
C0
C0
C0
C0
C0
C0
C0
C0
ENDCHAR
STARTCHAR Icircumflex
ENCODING 206
SWIDTH 250 0
DWIDTH 4 0
BBX 5 14 0 0
BITMAP
70
D8
00
60
60
60
60
60
60
60
60
60
60
60
ENDCHAR
STARTCHAR Idieresis
ENCODING 207
SWIDTH 250 0
DWIDTH 4 0
BBX 5 14 0 0
BITMAP
D8
D8
00
60
60
60
60
60
60
60
60
60
60
60
ENDCHAR
STARTCHAR Eth
ENCODING 208
SWIDTH 750 0
DWIDTH 12 0
BBX 11 11 0 0
BITMAP
7F00
7FC0
61C0
60E0
FC60
FC60
6060
60E0
61C0
7FC0
7F00
ENDCHAR
STARTCHAR Ntilde
ENCODING 209
SWIDTH 750 0
DWIDTH 12 0
BBX 10 14 1 0
BITMAP
1D00
1700
0000
E0C0
E0C0
F0C0
F8C0
D8C0
CCC0
CCC0
C6C0
C3C0
C1C0
C1C0
ENDCHAR
STARTCHAR Ograve
ENCODING 210
SWIDTH 750 0
DWIDTH 12 0
BBX 10 14 1 0
BITMAP
1C00
0600
0000
1E00
7F80
6180
C0C0
C0C0
C0C0
C0C0
C0C0
6180
7F80
1E00
ENDCHAR
STARTCHAR Oacute
ENCODING 211
SWIDTH 750 0
DWIDTH 12 0
BBX 10 14 1 0
BITMAP
0700
0C00
0000
1E00
7F80
6180
C0C0
C0C0
C0C0
C0C0
C0C0
6180
7F80
1E00
ENDCHAR
STARTCHAR Ocircumflex
ENCODING 212
SWIDTH 750 0
DWIDTH 12 0
BBX 10 14 1 0
BITMAP
0E00
1B00
0000
1E00
7F80
6180
C0C0
C0C0
C0C0
C0C0
C0C0
6180
7F80
1E00
ENDCHAR
STARTCHAR Otilde
ENCODING 213
SWIDTH 750 0
DWIDTH 12 0
BBX 10 14 1 0
BITMAP
1D00
1700
0000
1E00
7F80
6180
C0C0
C0C0
C0C0
C0C0
C0C0
6180
7F80
1E00
ENDCHAR
STARTCHAR Odieresis
ENCODING 214
SWIDTH 750 0
DWIDTH 12 0
BBX 10 14 1 0
BITMAP
1B00
1B00
0000
1E00
7F80
6180
C0C0
C0C0
C0C0
C0C0
C0C0
6180
7F80
1E00
ENDCHAR
STARTCHAR multiply
ENCODING 215
SWIDTH 563 0
DWIDTH 9 0
BBX 8 8 0 1
BITMAP
63
77
3E
1C
3E
77
63
00
ENDCHAR
STARTCHAR Oslash
ENCODING 216
SWIDTH 750 0
DWIDTH 12 0
BBX 10 11 1 0
BITMAP
1E80
7F80
6380
C2C0
C4C0
CCC0
C8C0
D0C0
7180
7F80
5E00
ENDCHAR
STARTCHAR Ugrave
ENCODING 217
SWIDTH 750 0
DWIDTH 12 0
BBX 10 14 1 0
BITMAP
1C00
0600
0000
C0C0
C0C0
C0C0
C0C0
C0C0
C0C0
C0C0
C0C0
E1C0
7F80
3F00
ENDCHAR
STARTCHAR Uacute
ENCODING 218
SWIDTH 750 0
DWIDTH 12 0
BBX 10 14 1 0
BITMAP
0700
0C00
0000
C0C0
C0C0
C0C0
C0C0
C0C0
C0C0
C0C0
C0C0
E1C0
7F80
3F00
ENDCHAR
STARTCHAR Ucircumflex
ENCODING 219
SWIDTH 750 0
DWIDTH 12 0
BBX 10 14 1 0
BITMAP
0E00
1B00
0000
C0C0
C0C0
C0C0
C0C0
C0C0
C0C0
C0C0
C0C0
E1C0
7F80
3F00
ENDCHAR
STARTCHAR Udieresis
ENCODING 220
SWIDTH 750 0
DWIDTH 12 0
BBX 10 14 1 0
BITMAP
1B00
1B00
0000
C0C0
C0C0
C0C0
C0C0
C0C0
C0C0
C0C0
C0C0
E1C0
7F80
3F00
ENDCHAR
STARTCHAR Yacute
ENCODING 221
SWIDTH 625 0
DWIDTH 10 0
BBX 8 14 1 0
BITMAP
0E
18
00
C3
66
66
3C
3C
18
18
18
18
18
18
ENDCHAR
STARTCHAR Thorn
ENCODING 222
SWIDTH 688 0
DWIDTH 11 0
BBX 9 11 1 0
BITMAP
C000
C000
FE00
FF00
C180
C180
C180
FF00
FE00
C000
C000
ENDCHAR
STARTCHAR germandbls
ENCODING 223
SWIDTH 625 0
DWIDTH 10 0
BBX 8 12 1 0
BITMAP
3C
7E
C6
C6
CC
D8
DC
CE
C7
C3
DF
DE
ENDCHAR
STARTCHAR agrave
ENCODING 224
SWIDTH 563 0
DWIDTH 9 0
BBX 8 13 1 0
BITMAP
60
30
18
00
7C
FE
06
7E
FE
C6
CE
FF
73
ENDCHAR
STARTCHAR aacute
ENCODING 225
SWIDTH 563 0
DWIDTH 9 0
BBX 8 13 1 0
BITMAP
06
0C
18
00
7C
FE
06
7E
FE
C6
CE
FF
73
ENDCHAR
STARTCHAR acircumflex
ENCODING 226
SWIDTH 563 0
DWIDTH 9 0
BBX 8 13 1 0
BITMAP
1C
14
22
00
7C
FE
06
7E
FE
C6
CE
FF
73
ENDCHAR
STARTCHAR atilde
ENCODING 227
SWIDTH 563 0
DWIDTH 9 0
BBX 8 12 1 0
BITMAP
74
5C
00
7C
FE
06
7E
FE
C6
CE
FF
73
ENDCHAR
STARTCHAR adieresis
ENCODING 228
SWIDTH 563 0
DWIDTH 9 0
BBX 8 12 1 0
BITMAP
6C
6C
00
7C
FE
06
7E
FE
C6
CE
FF
73
ENDCHAR
STARTCHAR aring
ENCODING 229
SWIDTH 563 0
DWIDTH 9 0
BBX 8 14 1 0
BITMAP
18
24
24
18
00
7C
FE
06
7E
FE
C6
CE
FF
73
ENDCHAR
STARTCHAR ae
ENCODING 230
SWIDTH 875 0
DWIDTH 14 0
BBX 12 9 1 0
BITMAP
7DC0
FFE0
0630
7FF0
FFF0
C600
CE00
FBF0
71E0
ENDCHAR
STARTCHAR ccedilla
ENCODING 231
SWIDTH 563 0
DWIDTH 9 0
BBX 7 13 1 -4
BITMAP
3C
7E
C6
C0
C0
C0
C6
7E
38
20
38
08
38
ENDCHAR
STARTCHAR egrave
ENCODING 232
SWIDTH 563 0
DWIDTH 9 0
BBX 7 13 1 0
BITMAP
30
18
0C
00
38
7C
C6
FE
FE
C0
C0
7E
3C
ENDCHAR
STARTCHAR eacute
ENCODING 233
SWIDTH 563 0
DWIDTH 9 0
BBX 7 13 1 0
BITMAP
0C
18
30
00
38
7C
C6
FE
FE
C0
C0
7E
3C
ENDCHAR
STARTCHAR ecircumflex
ENCODING 234
SWIDTH 563 0
DWIDTH 9 0
BBX 7 13 1 0
BITMAP
38
28
44
00
38
7C
C6
FE
FE
C0
C0
7E
3C
ENDCHAR
STARTCHAR edieresis
ENCODING 235
SWIDTH 563 0
DWIDTH 9 0
BBX 7 12 1 0
BITMAP
6C
6C
00
38
7C
C6
FE
FE
C0
C0
7E
3C
ENDCHAR
STARTCHAR igrave
ENCODING 236
SWIDTH 250 0
DWIDTH 4 0
BBX 4 13 0 0
BITMAP
C0
60
30
00
60
60
60
60
60
60
60
60
60
ENDCHAR
STARTCHAR iacute
ENCODING 237
SWIDTH 250 0
DWIDTH 4 0
BBX 4 13 1 0
BITMAP
30
60
C0
00
C0
C0
C0
C0
C0
C0
C0
C0
C0
ENDCHAR
STARTCHAR icircumflex
ENCODING 238
SWIDTH 250 0
DWIDTH 4 0
BBX 5 13 0 0
BITMAP
70
50
88
00
60
60
60
60
60
60
60
60
60
ENDCHAR
STARTCHAR idieresis
ENCODING 239
SWIDTH 250 0
DWIDTH 4 0
BBX 5 12 0 0
BITMAP
D8
D8
00
60
60
60
60
60
60
60
60
60
ENDCHAR
STARTCHAR eth
ENCODING 240
SWIDTH 625 0
DWIDTH 10 0
BBX 8 12 1 0
BITMAP
32
3E
2E
06
3F
7F
C3
C3
C3
E7
7E
3C
ENDCHAR
STARTCHAR ntilde
ENCODING 241
SWIDTH 625 0
DWIDTH 10 0
BBX 8 12 1 0
BITMAP
3A
2E
00
DE
FF
E7
C3
C3
C3
C3
C3
C3
ENDCHAR
STARTCHAR ograve
ENCODING 242
SWIDTH 625 0
DWIDTH 10 0
BBX 8 13 1 0
BITMAP
30
18
0C
00
3C
7E
E7
C3
C3
C3
E7
7E
3C
ENDCHAR
STARTCHAR oacute
ENCODING 243
SWIDTH 625 0
DWIDTH 10 0
BBX 8 13 1 0
BITMAP
06
0C
18
00
3C
7E
E7
C3
C3
C3
E7
7E
3C
ENDCHAR
STARTCHAR ocircumflex
ENCODING 244
SWIDTH 625 0
DWIDTH 10 0
BBX 8 13 1 0
BITMAP
1C
14
22
00
3C
7E
E7
C3
C3
C3
E7
7E
3C
ENDCHAR
STARTCHAR otilde
ENCODING 245
SWIDTH 625 0
DWIDTH 10 0
BBX 8 12 1 0
BITMAP
3A
2E
00
3C
7E
E7
C3
C3
C3
E7
7E
3C
ENDCHAR
STARTCHAR odieresis
ENCODING 246
SWIDTH 625 0
DWIDTH 10 0
BBX 8 12 1 0
BITMAP
36
36
00
3C
7E
E7
C3
C3
C3
E7
7E
3C
ENDCHAR
STARTCHAR divide
ENCODING 247
SWIDTH 563 0
DWIDTH 9 0
BBX 8 8 1 1
BITMAP
18
18
00
FF
FF
00
18
18
ENDCHAR
STARTCHAR oslash
ENCODING 248
SWIDTH 625 0
DWIDTH 10 0
BBX 10 9 0 0
BITMAP
1E80
3F00
7380
6780
6D80
7980
7380
3F00
5E00
ENDCHAR
STARTCHAR ugrave
ENCODING 249
SWIDTH 625 0
DWIDTH 10 0
BBX 8 13 1 0
BITMAP
60
30
18
00
C3
C3
C3
C3
C3
C3
E7
FF
7B
ENDCHAR
STARTCHAR uacute
ENCODING 250
SWIDTH 625 0
DWIDTH 10 0
BBX 8 13 1 0
BITMAP
06
0C
18
00
C3
C3
C3
C3
C3
C3
E7
FF
7B
ENDCHAR
STARTCHAR ucircumflex
ENCODING 251
SWIDTH 625 0
DWIDTH 10 0
BBX 8 13 1 0
BITMAP
38
28
44
00
C3
C3
C3
C3
C3
C3
E7
FF
7B
ENDCHAR
STARTCHAR udieresis
ENCODING 252
SWIDTH 625 0
DWIDTH 10 0
BBX 8 12 1 0
BITMAP
6C
6C
00
C3
C3
C3
C3
C3
C3
E7
FF
7B
ENDCHAR
STARTCHAR yacute
ENCODING 253
SWIDTH 563 0
DWIDTH 9 0
BBX 9 17 0 -4
BITMAP
0600
0C00
1800
0000
C180
E380
6300
6300
3600
3600
3600
1C00
1C00
1C00
1800
7800
7000
ENDCHAR
STARTCHAR thorn
ENCODING 254
SWIDTH 625 0
DWIDTH 10 0
BBX 8 16 1 -4
BITMAP
C0
C0
C0
DE
FE
E7
C3
C3
C3
E7
FE
DC
C0
C0
C0
C0
ENDCHAR
STARTCHAR ydieresis
ENCODING 255
SWIDTH 563 0
DWIDTH 9 0
BBX 9 16 0 -4
BITMAP
3600
3600
0000
C180
E380
6300
6300
3600
3600
3600
1C00
1C00
1C00
1800
7800
7000
ENDCHAR
STARTCHAR Amacron
ENCODING 256
SWIDTH 688 0
DWIDTH 11 0
BBX 11 13 0 0
BITMAP
1F00
0000
0E00
0E00
1B00
1B00
1100
3180
3F80
7FC0
60C0
60C0
C060
ENDCHAR
STARTCHAR amacron
ENCODING 257
SWIDTH 563 0
DWIDTH 9 0
BBX 8 11 1 0
BITMAP
3E
00
7C
FE
06
7E
FE
C6
CE
FF
73
ENDCHAR
STARTCHAR Abreve
ENCODING 258
SWIDTH 688 0
DWIDTH 11 0
BBX 11 14 0 0
BITMAP
1100
0E00
0000
0E00
0E00
1B00
1B00
1100
3180
3F80
7FC0
60C0
60C0
C060
ENDCHAR
STARTCHAR abreve
ENCODING 259
SWIDTH 563 0
DWIDTH 9 0
BBX 8 13 1 0
BITMAP
22
36
1C
00
7C
FE
06
7E
FE
C6
CE
FF
73
ENDCHAR
STARTCHAR Aogonek
ENCODING 260
SWIDTH 688 0
DWIDTH 11 0
BBX 11 15 0 -4
BITMAP
0E00
0E00
1B00
1B00
1100
3180
3F80
7FC0
60C0
60C0
C060
0040
0080
0080
00E0
ENDCHAR
STARTCHAR aogonek
ENCODING 261
SWIDTH 563 0
DWIDTH 9 0
BBX 8 13 1 -4
BITMAP
7C
FE
06
7E
FE
C6
CE
FF
73
02
04
04
07
ENDCHAR
STARTCHAR Cacute
ENCODING 262
SWIDTH 750 0
DWIDTH 12 0
BBX 10 14 1 0
BITMAP
0700
0C00
0000
1F00
7F80
61C0
C0C0
C000
C000
C000
C080
61C0
7F80
1F00
ENDCHAR
STARTCHAR cacute
ENCODING 263
SWIDTH 563 0
DWIDTH 9 0
BBX 7 13 1 0
BITMAP
06
0C
18
00
3C
7E
C6
C0
C0
C0
C6
7E
38
ENDCHAR
STARTCHAR Ccircumflex
ENCODING 264
SWIDTH 750 0
DWIDTH 12 0
BBX 10 14 1 0
BITMAP
0E00
1B00
0000
1F00
7F80
61C0
C0C0
C000
C000
C000
C080
61C0
7F80
1F00
ENDCHAR
STARTCHAR ccircumflex
ENCODING 265
SWIDTH 563 0
DWIDTH 9 0
BBX 7 13 1 0
BITMAP
38
28
44
00
3C
7E
C6
C0
C0
C0
C6
7E
38
ENDCHAR
STARTCHAR Cdotaccent
ENCODING 266
SWIDTH 750 0
DWIDTH 12 0
BBX 10 14 1 0
BITMAP
0C00
0C00
0000
1F00
7F80
61C0
C0C0
C000
C000
C000
C080
61C0
7F80
1F00
ENDCHAR
STARTCHAR cdotaccent
ENCODING 267
SWIDTH 563 0
DWIDTH 9 0
BBX 7 12 1 0
BITMAP
18
18
00
3C
7E
C6
C0
C0
C0
C6
7E
38
ENDCHAR
STARTCHAR Ccaron
ENCODING 268
SWIDTH 750 0
DWIDTH 12 0
BBX 10 14 1 0
BITMAP
1B00
0E00
0000
1F00
7F80
61C0
C0C0
C000
C000
C000
C080
61C0
7F80
1F00
ENDCHAR
STARTCHAR ccaron
ENCODING 269
SWIDTH 563 0
DWIDTH 9 0
BBX 7 13 1 0
BITMAP
44
28
38
00
3C
7E
C6
C0
C0
C0
C6
7E
38
ENDCHAR
STARTCHAR Dcaron
ENCODING 270
SWIDTH 750 0
DWIDTH 12 0
BBX 10 14 1 0
BITMAP
3600
1C00
0000
FE00
FF80
C380
C1C0
C0C0
C0C0
C0C0
C1C0
C380
FF80
FE00
ENDCHAR
STARTCHAR dcaron
ENCODING 271
SWIDTH 750 0
DWIDTH 12 0
BBX 11 12 1 0
BITMAP
0360
0320
0360
3B00
7F00
E700
C300
C300
C300
E700
7F00
3B00
ENDCHAR
STARTCHAR Dcroat
ENCODING 272
SWIDTH 750 0
DWIDTH 12 0
BBX 11 11 0 0
BITMAP
7F00
7FC0
61C0
60E0
FC60
FC60
6060
60E0
61C0
7FC0
7F00
ENDCHAR
STARTCHAR dcroat
ENCODING 273
SWIDTH 625 0
DWIDTH 10 0
BBX 9 12 1 0
BITMAP
0300
0F80
0F80
0300
7B00
7F00
C700
C300
C300
C700
7F00
7B00
ENDCHAR
STARTCHAR Emacron
ENCODING 274
SWIDTH 688 0
DWIDTH 11 0
BBX 9 13 1 0
BITMAP
3E00
0000
FF80
FF80
C000
C000
FF00
FF00
C000
C000
C000
FF80
FF80
ENDCHAR
STARTCHAR emacron
ENCODING 275
SWIDTH 563 0
DWIDTH 9 0
BBX 7 11 1 0
BITMAP
7C
00
38
7C
C6
FE
FE
C0
C0
7E
3C
ENDCHAR
STARTCHAR Ebreve
ENCODING 276
SWIDTH 688 0
DWIDTH 11 0
BBX 9 14 1 0
BITMAP
2200
1C00
0000
FF80
FF80
C000
C000
FF00
FF00
C000
C000
C000
FF80
FF80
ENDCHAR
STARTCHAR ebreve
ENCODING 277
SWIDTH 563 0
DWIDTH 9 0
BBX 7 13 1 0
BITMAP
44
6C
38
00
38
7C
C6
FE
FE
C0
C0
7E
3C
ENDCHAR
STARTCHAR Edotaccent
ENCODING 278
SWIDTH 688 0
DWIDTH 11 0
BBX 9 14 1 0
BITMAP
0C00
0C00
0000
FF80
FF80
C000
C000
FF00
FF00
C000
C000
C000
FF80
FF80
ENDCHAR
STARTCHAR edotaccent
ENCODING 279
SWIDTH 563 0
DWIDTH 9 0
BBX 7 12 1 0
BITMAP
18
18
00
38
7C
C6
FE
FE
C0
C0
7E
3C
ENDCHAR
STARTCHAR Eogonek
ENCODING 280
SWIDTH 688 0
DWIDTH 11 0
BBX 9 15 1 -4
BITMAP
FF80
FF80
C000
C000
FF00
FF00
C000
C000
C000
FF80
FF80
0100
0200
0200
0380
ENDCHAR
STARTCHAR eogonek
ENCODING 281
SWIDTH 563 0
DWIDTH 9 0
BBX 7 13 1 -4
BITMAP
38
7C
C6
FE
FE
C0
C0
7E
3C
04
08
08
0E
ENDCHAR
STARTCHAR Ecaron
ENCODING 282
SWIDTH 688 0
DWIDTH 11 0
BBX 9 14 1 0
BITMAP
3600
1C00
0000
FF80
FF80
C000
C000
FF00
FF00
C000
C000
C000
FF80
FF80
ENDCHAR
STARTCHAR ecaron
ENCODING 283
SWIDTH 563 0
DWIDTH 9 0
BBX 7 13 1 0
BITMAP
44
28
38
00
38
7C
C6
FE
FE
C0
C0
7E
3C
ENDCHAR
STARTCHAR Gcircumflex
ENCODING 284
SWIDTH 750 0
DWIDTH 12 0
BBX 10 14 1 0
BITMAP
0E00
1B00
0000
1F00
7F80
61C0
C000
C000
C7C0
C7C0
C0C0
60C0
7FC0
1F00
ENDCHAR
STARTCHAR gcircumflex
ENCODING 285
SWIDTH 625 0
DWIDTH 10 0
BBX 8 17 1 -4
BITMAP
1C
14
22
00
3B
7F
E7
C3
C3
C3
E7
7F
7B
03
C7
FE
3C
ENDCHAR
STARTCHAR Gbreve
ENCODING 286
SWIDTH 750 0
DWIDTH 12 0
BBX 10 14 1 0
BITMAP
1100
0E00
0000
1F00
7F80
61C0
C000
C000
C7C0
C7C0
C0C0
60C0
7FC0
1F00
ENDCHAR
STARTCHAR gbreve
ENCODING 287
SWIDTH 625 0
DWIDTH 10 0
BBX 8 17 1 -4
BITMAP
22
36
1C
00
3B
7F
E7
C3
C3
C3
E7
7F
7B
03
C7
FE
3C
ENDCHAR
STARTCHAR Gdotaccent
ENCODING 288
SWIDTH 750 0
DWIDTH 12 0
BBX 10 14 1 0
BITMAP
0600
0600
0000
1F00
7F80
61C0
C000
C000
C7C0
C7C0
C0C0
60C0
7FC0
1F00
ENDCHAR
STARTCHAR gdotaccent
ENCODING 289
SWIDTH 625 0
DWIDTH 10 0
BBX 8 16 1 -4
BITMAP
18
18
00
3B
7F
E7
C3
C3
C3
E7
7F
7B
03
C7
FE
3C
ENDCHAR
STARTCHAR Gcommaaccent
ENCODING 290
SWIDTH 750 0
DWIDTH 12 0
BBX 10 15 1 -4
BITMAP
1F00
7F80
61C0
C000
C000
C7C0
C7C0
C0C0
60C0
7FC0
1F00
0000
0600
0600
0200
ENDCHAR
STARTCHAR gcommaaccent
ENCODING 291
SWIDTH 625 0
DWIDTH 10 0
BBX 8 17 1 -4
BITMAP
10
18
18
00
3B
7F
E7
C3
C3
C3
E7
7F
7B
03
C7
FE
3C
ENDCHAR
STARTCHAR Hcircumflex
ENCODING 292
SWIDTH 750 0
DWIDTH 12 0
BBX 10 14 1 0
BITMAP
0E00
1B00
0000
C0C0
C0C0
C0C0
C0C0
FFC0
FFC0
C0C0
C0C0
C0C0
C0C0
C0C0
ENDCHAR
STARTCHAR hcircumflex
ENCODING 293
SWIDTH 625 0
DWIDTH 10 0
BBX 8 15 1 0
BITMAP
1C
36
00
C0
C0
C0
DE
FF
E7
C3
C3
C3
C3
C3
C3
ENDCHAR
STARTCHAR Hbar
ENCODING 294
SWIDTH 750 0
DWIDTH 12 0
BBX 12 11 0 0
BITMAP
6060
FFF0
FFF0
6060
7FE0
7FE0
6060
6060
6060
6060
6060
ENDCHAR
STARTCHAR hbar
ENCODING 295
SWIDTH 625 0
DWIDTH 10 0
BBX 9 12 0 0
BITMAP
6000
FC00
6000
6F00
7F80
7380
6180
6180
6180
6180
6180
6180
ENDCHAR
STARTCHAR Itilde
ENCODING 296
SWIDTH 250 0
DWIDTH 4 0
BBX 5 14 0 0
BITMAP
E8
B8
00
60
60
60
60
60
60
60
60
60
60
60
ENDCHAR
STARTCHAR itilde
ENCODING 297
SWIDTH 250 0
DWIDTH 4 0
BBX 5 12 0 0
BITMAP
E8
B8
00
60
60
60
60
60
60
60
60
60
ENDCHAR
STARTCHAR Imacron
ENCODING 298
SWIDTH 250 0
DWIDTH 4 0
BBX 5 13 0 0
BITMAP
F8
00
60
60
60
60
60
60
60
60
60
60
60
ENDCHAR
STARTCHAR imacron
ENCODING 299
SWIDTH 250 0
DWIDTH 4 0
BBX 5 11 0 0
BITMAP
F8
00
60
60
60
60
60
60
60
60
60
ENDCHAR
STARTCHAR Ibreve
ENCODING 300
SWIDTH 250 0
DWIDTH 4 0
BBX 5 14 0 0
BITMAP
88
70
00
60
60
60
60
60
60
60
60
60
60
60
ENDCHAR
STARTCHAR ibreve
ENCODING 301
SWIDTH 250 0
DWIDTH 4 0
BBX 5 13 0 0
BITMAP
88
D8
70
00
60
60
60
60
60
60
60
60
60
ENDCHAR
STARTCHAR Iogonek
ENCODING 302
SWIDTH 250 0
DWIDTH 4 0
BBX 3 15 1 -4
BITMAP
C0
C0
C0
C0
C0
C0
C0
C0
C0
C0
C0
40
80
80
E0
ENDCHAR
STARTCHAR iogonek
ENCODING 303
SWIDTH 250 0
DWIDTH 4 0
BBX 3 16 1 -4
BITMAP
C0
C0
00
C0
C0
C0
C0
C0
C0
C0
C0
C0
40
80
80
E0
ENDCHAR
STARTCHAR Idotaccent
ENCODING 304
SWIDTH 250 0
DWIDTH 4 0
BBX 2 14 1 0
BITMAP
C0
C0
00
C0
C0
C0
C0
C0
C0
C0
C0
C0
C0
C0
ENDCHAR
STARTCHAR dotlessi
ENCODING 305
SWIDTH 250 0
DWIDTH 4 0
BBX 2 9 1 0
BITMAP
C0
C0
C0
C0
C0
C0
C0
C0
C0
ENDCHAR
STARTCHAR IJ
ENCODING 306
SWIDTH 813 0
DWIDTH 13 0
BBX 11 11 1 0
BITMAP
C1E0
C1E0
C060
C060
C060
C060
C060
C060
D860
DFC0
C780
ENDCHAR
STARTCHAR ij
ENCODING 307
SWIDTH 563 0
DWIDTH 9 0
BBX 7 16 1 -4
BITMAP
C6
C6
00
C6
C6
C6
C6
C6
C6
C6
C6
C6
06
06
0E
0C
ENDCHAR
STARTCHAR Jcircumflex
ENCODING 308
SWIDTH 563 0
DWIDTH 9 0
BBX 8 14 0 0
BITMAP
0E
1B
00
0F
0F
03
03
03
03
03
03
C3
FE
3C
ENDCHAR
STARTCHAR jcircumflex
ENCODING 309
SWIDTH 250 0
DWIDTH 4 0
BBX 5 17 -1 -4
BITMAP
70
50
88
00
30
30
30
30
30
30
30
30
30
30
30
70
60
ENDCHAR
STARTCHAR Kcommaaccent
ENCODING 310
SWIDTH 750 0
DWIDTH 12 0
BBX 11 15 1 -4
BITMAP
C0E0
C180
C700
CE00
DC00
FC00
E600
C300
C180
C1C0
C0E0
0000
0600
0600
0200
ENDCHAR
STARTCHAR kcommaaccent
ENCODING 311
SWIDTH 563 0
DWIDTH 9 0
BBX 8 16 1 -4
BITMAP
C0
C0
C0
C7
CE
DC
F8
F8
CC
CE
C6
C3
00
18
18
08
ENDCHAR
STARTCHAR kgreenlandic
ENCODING 312
SWIDTH 563 0
DWIDTH 9 0
BBX 8 9 1 0
BITMAP
C7
CE
DC
F8
F8
DC
CE
C6
C3
ENDCHAR
STARTCHAR Lacute
ENCODING 313
SWIDTH 625 0
DWIDTH 10 0
BBX 8 14 1 0
BITMAP
38
60
00
C0
C0
C0
C0
C0
C0
C0
C0
C0
FF
FF
ENDCHAR
STARTCHAR lacute
ENCODING 314
SWIDTH 250 0
DWIDTH 4 0
BBX 4 15 1 0
BITMAP
70
C0
00
C0
C0
C0
C0
C0
C0
C0
C0
C0
C0
C0
C0
ENDCHAR
STARTCHAR Lcommaaccent
ENCODING 315
SWIDTH 625 0
DWIDTH 10 0
BBX 8 15 1 -4
BITMAP
C0
C0
C0
C0
C0
C0
C0
C0
C0
FF
FF
00
18
18
08
ENDCHAR
STARTCHAR lcommaaccent
ENCODING 316
SWIDTH 250 0
DWIDTH 4 0
BBX 2 16 1 -4
BITMAP
C0
C0
C0
C0
C0
C0
C0
C0
C0
C0
C0
C0
00
C0
C0
40
ENDCHAR
STARTCHAR Lcaron
ENCODING 317
SWIDTH 625 0
DWIDTH 10 0
BBX 8 11 1 0
BITMAP
C6
C2
C6
C0
C0
C0
C0
C0
C0
FF
FF
ENDCHAR
STARTCHAR lcaron
ENCODING 318
SWIDTH 375 0
DWIDTH 6 0
BBX 5 12 1 0
BITMAP
D8
C8
D8
C0
C0
C0
C0
C0
C0
C0
C0
C0
ENDCHAR
STARTCHAR Ldot
ENCODING 319
SWIDTH 625 0
DWIDTH 10 0
BBX 8 11 1 0
BITMAP
C0
C0
C0
C0
CC
CC
C0
C0
C0
FF
FF
ENDCHAR
STARTCHAR ldot
ENCODING 320
SWIDTH 438 0
DWIDTH 7 0
BBX 5 12 1 0
BITMAP
C0
C0
C0
C0
C0
D8
D8
C0
C0
C0
C0
C0
ENDCHAR
STARTCHAR Lslash
ENCODING 321
SWIDTH 625 0
DWIDTH 10 0
BBX 9 11 0 0
BITMAP
6000
6000
6000
6800
7800
7000
E000
E000
6000
7F80
7F80
ENDCHAR
STARTCHAR lslash
ENCODING 322
SWIDTH 250 0
DWIDTH 4 0
BBX 4 12 0 0
BITMAP
60
60
60
60
70
70
E0
E0
60
60
60
60
ENDCHAR
STARTCHAR Nacute
ENCODING 323
SWIDTH 750 0
DWIDTH 12 0
BBX 10 14 1 0
BITMAP
0700
0C00
0000
E0C0
E0C0
F0C0
F8C0
D8C0
CCC0
CCC0
C6C0
C3C0
C1C0
C1C0
ENDCHAR
STARTCHAR nacute
ENCODING 324
SWIDTH 625 0
DWIDTH 10 0
BBX 8 13 1 0
BITMAP
06
0C
18
00
DE
FF
E7
C3
C3
C3
C3
C3
C3
ENDCHAR
STARTCHAR Ncommaaccent
ENCODING 325
SWIDTH 750 0
DWIDTH 12 0
BBX 10 15 1 -4
BITMAP
E0C0
E0C0
F0C0
F8C0
D8C0
CCC0
CCC0
C6C0
C3C0
C1C0
C1C0
0000
0C00
0C00
0400
ENDCHAR
STARTCHAR ncommaaccent
ENCODING 326
SWIDTH 625 0
DWIDTH 10 0
BBX 8 13 1 -4
BITMAP
DE
FF
E7
C3
C3
C3
C3
C3
C3
00
18
18
08
ENDCHAR
STARTCHAR Ncaron
ENCODING 327
SWIDTH 750 0
DWIDTH 12 0
BBX 10 14 1 0
BITMAP
1B00
0E00
0000
E0C0
E0C0
F0C0
F8C0
D8C0
CCC0
CCC0
C6C0
C3C0
C1C0
C1C0
ENDCHAR
STARTCHAR ncaron
ENCODING 328
SWIDTH 625 0
DWIDTH 10 0
BBX 8 13 1 0
BITMAP
22
14
1C
00
DE
FF
E7
C3
C3
C3
C3
C3
C3
ENDCHAR
STARTCHAR napostrophe
ENCODING 329
SWIDTH 688 0
DWIDTH 11 0
BBX 10 11 0 0
BITMAP
C000
C000
7780
FFC0
39C0
30C0
30C0
30C0
30C0
30C0
30C0
ENDCHAR
STARTCHAR Eng
ENCODING 330
SWIDTH 750 0
DWIDTH 12 0
BBX 10 11 1 0
BITMAP
CF80
DF80
E1C0
C0C0
C0C0
C0C0
C0C0
C0C0
C8C0
DF80
CF00
ENDCHAR
STARTCHAR eng
ENCODING 331
SWIDTH 625 0
DWIDTH 10 0
BBX 8 13 1 -4
BITMAP
DE
FF
E7
C3
C3
C3
C3
C3
C3
03
03
0F
0E
ENDCHAR
STARTCHAR Omacron
ENCODING 332
SWIDTH 750 0
DWIDTH 12 0
BBX 10 13 1 0
BITMAP
1F00
0000
1E00
7F80
6180
C0C0
C0C0
C0C0
C0C0
C0C0
6180
7F80
1E00
ENDCHAR
STARTCHAR omacron
ENCODING 333
SWIDTH 625 0
DWIDTH 10 0
BBX 8 11 1 0
BITMAP
3E
00
3C
7E
E7
C3
C3
C3
E7
7E
3C
ENDCHAR
STARTCHAR Obreve
ENCODING 334
SWIDTH 750 0
DWIDTH 12 0
BBX 10 14 1 0
BITMAP
1100
0E00
0000
1E00
7F80
6180
C0C0
C0C0
C0C0
C0C0
C0C0
6180
7F80
1E00
ENDCHAR
STARTCHAR obreve
ENCODING 335
SWIDTH 625 0
DWIDTH 10 0
BBX 8 13 1 0
BITMAP
22
36
1C
00
3C
7E
E7
C3
C3
C3
E7
7E
3C
ENDCHAR
STARTCHAR Ohungarumlaut
ENCODING 336
SWIDTH 750 0
DWIDTH 12 0
BBX 10 14 1 0
BITMAP
0D80
1200
0000
1E00
7F80
6180
C0C0
C0C0
C0C0
C0C0
C0C0
6180
7F80
1E00
ENDCHAR
STARTCHAR ohungarumlaut
ENCODING 337
SWIDTH 625 0
DWIDTH 10 0
BBX 9 13 1 0
BITMAP
0D80
1B00
3600
0000
3C00
7E00
E700
C300
C300
C300
E700
7E00
3C00
ENDCHAR
STARTCHAR OE
ENCODING 338
SWIDTH 1000 0
DWIDTH 16 0
BBX 14 11 1 0
BITMAP
1FFC
7FFC
6180
C180
C1F8
C1F8
C180
C180
6180
7FFC
1FFC
ENDCHAR
STARTCHAR oe
ENCODING 339
SWIDTH 938 0
DWIDTH 15 0
BBX 13 9 1 0
BITMAP
3CE0
7FF0
E718
C3F8
C3F8
C300
E700
7FF8
3CF0
ENDCHAR
STARTCHAR Racute
ENCODING 340
SWIDTH 750 0
DWIDTH 12 0
BBX 11 14 1 0
BITMAP
0700
0C00
0000
FF00
FFC0
C0C0
C0C0
FF80
FE00
C700
C380
C180
C0C0
C0E0
ENDCHAR
STARTCHAR racute
ENCODING 341
SWIDTH 375 0
DWIDTH 6 0
BBX 5 13 1 0
BITMAP
18
30
60
00
D8
F8
E0
C0
C0
C0
C0
C0
C0
ENDCHAR
STARTCHAR Rcommaaccent
ENCODING 342
SWIDTH 750 0
DWIDTH 12 0
BBX 11 15 1 -4
BITMAP
FF00
FFC0
C0C0
C0C0
FF80
FE00
C700
C380
C180
C0C0
C0E0
0000
0600
0600
0200
ENDCHAR
STARTCHAR rcommaaccent
ENCODING 343
SWIDTH 375 0
DWIDTH 6 0
BBX 5 13 1 -4
BITMAP
D8
F8
E0
C0
C0
C0
C0
C0
C0
00
C0
C0
40
ENDCHAR
STARTCHAR Rcaron
ENCODING 344
SWIDTH 750 0
DWIDTH 12 0
BBX 11 14 1 0
BITMAP
1B00
0E00
0000
FF00
FFC0
C0C0
C0C0
FF80
FE00
C700
C380
C180
C0C0
C0E0
ENDCHAR
STARTCHAR rcaron
ENCODING 345
SWIDTH 375 0
DWIDTH 6 0
BBX 5 13 1 0
BITMAP
88
50
70
00
D8
F8
E0
C0
C0
C0
C0
C0
C0
ENDCHAR
STARTCHAR Sacute
ENCODING 346
SWIDTH 688 0
DWIDTH 11 0
BBX 10 14 0 0
BITMAP
0700
0C00
0000
1F00
7FC0
60C0
6000
7C00
1F80
03C0
00C0
C0C0
7F80
3F00
ENDCHAR
STARTCHAR sacute
ENCODING 347
SWIDTH 563 0
DWIDTH 9 0
BBX 7 13 1 0
BITMAP
0C
18
30
00
7C
FE
C6
F0
7C
0E
C6
FE
7C
ENDCHAR
STARTCHAR Scircumflex
ENCODING 348
SWIDTH 688 0
DWIDTH 11 0
BBX 10 14 0 0
BITMAP
0E00
1B00
0000
1F00
7FC0
60C0
6000
7C00
1F80
03C0
00C0
C0C0
7F80
3F00
ENDCHAR
STARTCHAR scircumflex
ENCODING 349
SWIDTH 563 0
DWIDTH 9 0
BBX 7 13 1 0
BITMAP
38
28
44
00
7C
FE
C6
F0
7C
0E
C6
FE
7C
ENDCHAR
STARTCHAR Scedilla
ENCODING 350
SWIDTH 688 0
DWIDTH 11 0
BBX 10 15 0 -4
BITMAP
1F00
7FC0
60C0
6000
7C00
1F80
03C0
00C0
C0C0
7F80
3F00
0800
0E00
0200
0E00
ENDCHAR
STARTCHAR scedilla
ENCODING 351
SWIDTH 563 0
DWIDTH 9 0
BBX 7 13 1 -4
BITMAP
7C
FE
C6
F0
7C
0E
C6
FE
7C
20
38
08
38
ENDCHAR
STARTCHAR Scaron
ENCODING 352
SWIDTH 688 0
DWIDTH 11 0
BBX 10 14 0 0
BITMAP
1B00
0E00
0000
1F00
7FC0
60C0
6000
7C00
1F80
03C0
00C0
C0C0
7F80
3F00
ENDCHAR
STARTCHAR scaron
ENCODING 353
SWIDTH 563 0
DWIDTH 9 0
BBX 7 13 1 0
BITMAP
44
28
38
00
7C
FE
C6
F0
7C
0E
C6
FE
7C
ENDCHAR
STARTCHAR Tcommaaccent
ENCODING 354
SWIDTH 625 0
DWIDTH 10 0
BBX 8 15 2 -4
BITMAP
FF
FF
18
18
18
18
18
18
18
18
18
20
38
08
38
ENDCHAR
STARTCHAR tcommaaccent
ENCODING 355
SWIDTH 313 0
DWIDTH 5 0
BBX 5 15 0 -4
BITMAP
20
60
F8
F8
60
60
60
60
60
78
38
20
38
08
38
ENDCHAR
STARTCHAR Tcaron
ENCODING 356
SWIDTH 625 0
DWIDTH 10 0
BBX 8 14 1 0
BITMAP
36
1C
00
FF
FF
18
18
18
18
18
18
18
18
18
ENDCHAR
STARTCHAR tcaron
ENCODING 357
SWIDTH 500 0
DWIDTH 8 0
BBX 8 12 0 0
BITMAP
03
21
63
F8
F8
60
60
60
60
60
78
38
ENDCHAR
STARTCHAR Tbar
ENCODING 358
SWIDTH 625 0
DWIDTH 10 0
BBX 8 11 1 0
BITMAP
FF
FF
18
18
18
7E
7E
18
18
18
18
ENDCHAR
STARTCHAR tbar
ENCODING 359
SWIDTH 313 0
DWIDTH 5 0
BBX 5 11 0 0
BITMAP
20
60
F8
F8
60
F8
F8
60
60
78
38
ENDCHAR
STARTCHAR Utilde
ENCODING 360
SWIDTH 750 0
DWIDTH 12 0
BBX 10 14 1 0
BITMAP
1D00
1700
0000
C0C0
C0C0
C0C0
C0C0
C0C0
C0C0
C0C0
C0C0
E1C0
7F80
3F00
ENDCHAR
STARTCHAR utilde
ENCODING 361
SWIDTH 625 0
DWIDTH 10 0
BBX 8 12 1 0
BITMAP
74
5C
00
C3
C3
C3
C3
C3
C3
E7
FF
7B
ENDCHAR
STARTCHAR Umacron
ENCODING 362
SWIDTH 750 0
DWIDTH 12 0
BBX 10 13 1 0
BITMAP
1F00
0000
C0C0
C0C0
C0C0
C0C0
C0C0
C0C0
C0C0
C0C0
E1C0
7F80
3F00
ENDCHAR
STARTCHAR umacron
ENCODING 363
SWIDTH 625 0
DWIDTH 10 0
BBX 8 11 1 0
BITMAP
7C
00
C3
C3
C3
C3
C3
C3
E7
FF
7B
ENDCHAR
STARTCHAR Ubreve
ENCODING 364
SWIDTH 750 0
DWIDTH 12 0
BBX 10 14 1 0
BITMAP
1100
0E00
0000
C0C0
C0C0
C0C0
C0C0
C0C0
C0C0
C0C0
C0C0
E1C0
7F80
3F00
ENDCHAR
STARTCHAR ubreve
ENCODING 365
SWIDTH 625 0
DWIDTH 10 0
BBX 8 13 1 0
BITMAP
22
36
1C
00
C3
C3
C3
C3
C3
C3
E7
FF
7B
ENDCHAR
STARTCHAR Uring
ENCODING 366
SWIDTH 750 0
DWIDTH 12 0
BBX 10 16 1 0
BITMAP
0C00
1200
1200
0C00
0000
C0C0
C0C0
C0C0
C0C0
C0C0
C0C0
C0C0
C0C0
E1C0
7F80
3F00
ENDCHAR
STARTCHAR uring
ENCODING 367
SWIDTH 625 0
DWIDTH 10 0
BBX 8 13 1 0
BITMAP
18
24
24
18
C3
C3
C3
C3
C3
C3
E7
FF
7B
ENDCHAR
STARTCHAR Uhungarumlaut
ENCODING 368
SWIDTH 750 0
DWIDTH 12 0
BBX 10 14 1 0
BITMAP
0D80
1200
0000
C0C0
C0C0
C0C0
C0C0
C0C0
C0C0
C0C0
C0C0
E1C0
7F80
3F00
ENDCHAR
STARTCHAR uhungarumlaut
ENCODING 369
SWIDTH 625 0
DWIDTH 10 0
BBX 8 13 1 0
BITMAP
1B
36
6C
00
C3
C3
C3
C3
C3
C3
E7
FF
7B
ENDCHAR
STARTCHAR Uogonek
ENCODING 370
SWIDTH 750 0
DWIDTH 12 0
BBX 10 15 1 -4
BITMAP
C0C0
C0C0
C0C0
C0C0
C0C0
C0C0
C0C0
C0C0
E1C0
7F80
3F00
0200
0400
0400
0700
ENDCHAR
STARTCHAR uogonek
ENCODING 371
SWIDTH 625 0
DWIDTH 10 0
BBX 8 13 1 -4
BITMAP
C3
C3
C3
C3
C3
C3
E7
FF
7B
02
04
04
07
ENDCHAR
STARTCHAR Wcircumflex
ENCODING 372
SWIDTH 938 0
DWIDTH 15 0
BBX 16 14 0 0
BITMAP
0380
06C0
0000
C386
C386
E3C6
62CE
66CC
664C
366C
346C
3C78
3C38
1C38
ENDCHAR
STARTCHAR wcircumflex
ENCODING 373
SWIDTH 813 0
DWIDTH 13 0
BBX 11 13 1 0
BITMAP
0E00
0A00
1100
0000
CE60
CE60
CA60
4A40
7BC0
7BC0
7BC0
71C0
3180
ENDCHAR
STARTCHAR Ycircumflex
ENCODING 374
SWIDTH 625 0
DWIDTH 10 0
BBX 8 14 1 0
BITMAP
1C
36
00
C3
66
66
3C
3C
18
18
18
18
18
18
ENDCHAR
STARTCHAR ycircumflex
ENCODING 375
SWIDTH 563 0
DWIDTH 9 0
BBX 9 17 0 -4
BITMAP
1C00
1400
2200
0000
C180
E380
6300
6300
3600
3600
3600
1C00
1C00
1C00
1800
7800
7000
ENDCHAR
STARTCHAR Ydieresis
ENCODING 376
SWIDTH 625 0
DWIDTH 10 0
BBX 8 14 1 0
BITMAP
36
36
00
C3
66
66
3C
3C
18
18
18
18
18
18
ENDCHAR
STARTCHAR Zacute
ENCODING 377
SWIDTH 563 0
DWIDTH 9 0
BBX 7 14 1 0
BITMAP
0E
18
00
FE
FE
0E
0C
18
38
30
60
E0
FE
FE
ENDCHAR
STARTCHAR zacute
ENCODING 378
SWIDTH 563 0
DWIDTH 9 0
BBX 7 13 1 0
BITMAP
0C
18
30
00
FE
FE
04
08
10
20
40
FE
FE
ENDCHAR
STARTCHAR Zdotaccent
ENCODING 379
SWIDTH 563 0
DWIDTH 9 0
BBX 7 14 1 0
BITMAP
18
18
00
FE
FE
0E
0C
18
38
30
60
E0
FE
FE
ENDCHAR
STARTCHAR zdotaccent
ENCODING 380
SWIDTH 563 0
DWIDTH 9 0
BBX 7 12 1 0
BITMAP
30
30
00
FE
FE
04
08
10
20
40
FE
FE
ENDCHAR
STARTCHAR Zcaron
ENCODING 381
SWIDTH 563 0
DWIDTH 9 0
BBX 7 14 1 0
BITMAP
6C
38
00
FE
FE
0E
0C
18
38
30
60
E0
FE
FE
ENDCHAR
STARTCHAR zcaron
ENCODING 382
SWIDTH 563 0
DWIDTH 9 0
BBX 7 13 1 0
BITMAP
44
28
38
00
FE
FE
04
08
10
20
40
FE
FE
ENDCHAR
STARTCHAR longs
ENCODING 383
SWIDTH 250 0
DWIDTH 4 0
BBX 4 12 1 0
BITMAP
70
F0
C0
C0
C0
C0
C0
C0
C0
C0
C0
C0
ENDCHAR
STARTCHAR florin
ENCODING 402
SWIDTH 563 0
DWIDTH 9 0
BBX 7 15 1 -4
BITMAP
0E
1E
18
30
7C
7C
30
30
70
60
60
60
60
E0
C0
ENDCHAR
STARTCHAR uni01A0
ENCODING 416
SWIDTH 750 0
DWIDTH 12 0
BBX 11 15 1 0
BITMAP
0020
0060
0060
1FC0
7F80
71C0
E0C0
C0C0
C0C0
C0C0
C0C0
E0C0
61C0
7F80
3F00
ENDCHAR
STARTCHAR uni01A1
ENCODING 417
SWIDTH 625 0
DWIDTH 10 0
BBX 9 12 1 0
BITMAP
0180
0180
0180
3F00
7E00
E700
C300
C300
C300
E700
7E00
3C00
ENDCHAR
STARTCHAR uni01AF
ENCODING 431
SWIDTH 750 0
DWIDTH 12 0
BBX 12 15 1 0
BITMAP
0030
0030
0030
E1E0
E1C0
E1C0
E1C0
E1C0
E1C0
E1C0
E1C0
6180
6180
7F80
3F00
ENDCHAR
STARTCHAR uni01B0
ENCODING 432
SWIDTH 625 0
DWIDTH 10 0
BBX 10 12 1 0
BITMAP
00C0
00C0
0180
E380
E300
E300
E300
E300
E300
E700
FF00
7B00
ENDCHAR
STARTCHAR uni01CD
ENCODING 461
SWIDTH 625 0
DWIDTH 10 0
BBX 10 15 0 0
BITMAP
3300
1E00
0000
0E00
1E00
1E00
1B00
3300
3300
3380
7F80
7F80
61C0
E1C0
C0C0
ENDCHAR
STARTCHAR uni01CE
ENCODING 462
SWIDTH 563 0
DWIDTH 9 0
BBX 7 14 1 0
BITMAP
42
66
3C
18
00
7C
FE
46
1E
7E
C6
C6
FE
7E
ENDCHAR
STARTCHAR uni01CF
ENCODING 463
SWIDTH 313 0
DWIDTH 5 0
BBX 6 15 0 0
BITMAP
DC
78
00
70
70
70
70
70
70
70
70
70
70
70
70
ENDCHAR
STARTCHAR uni01D0
ENCODING 464
SWIDTH 313 0
DWIDTH 5 0
BBX 7 14 -1 0
BITMAP
44
EE
78
38
00
38
38
38
38
38
38
38
38
38
ENDCHAR
STARTCHAR uni01D1
ENCODING 465
SWIDTH 750 0
DWIDTH 12 0
BBX 10 15 1 0
BITMAP
3300
1E00
0000
1F00
7F80
71C0
E0C0
C0C0
C0C0
C0C0
C0C0
E0C0
61C0
7F80
3F00
ENDCHAR
STARTCHAR uni01D2
ENCODING 466
SWIDTH 625 0
DWIDTH 10 0
BBX 8 14 1 0
BITMAP
42
66
3C
18
00
3C
7E
E7
C3
C3
C3
E7
7E
3C
ENDCHAR
STARTCHAR uni01D3
ENCODING 467
SWIDTH 750 0
DWIDTH 12 0
BBX 10 15 1 0
BITMAP
3300
1E00
0000
E1C0
E1C0
E1C0
E1C0
E1C0
E1C0
E1C0
E1C0
6180
6180
7F80
3F00
ENDCHAR
STARTCHAR uni01D4
ENCODING 468
SWIDTH 625 0
DWIDTH 10 0
BBX 8 14 1 0
BITMAP
42
66
3C
18
00
E3
E3
E3
E3
E3
E3
E7
FF
7B
ENDCHAR
STARTCHAR uni01D5
ENCODING 469
SWIDTH 750 0
DWIDTH 12 0
BBX 10 17 1 0
BITMAP
3F00
0000
3300
3300
0000
E1C0
E1C0
E1C0
E1C0
E1C0
E1C0
E1C0
E1C0
6180
6180
7F80
3F00
ENDCHAR
STARTCHAR uni01D6
ENCODING 470
SWIDTH 625 0
DWIDTH 10 0
BBX 8 15 1 0
BITMAP
7E
00
22
66
22
00
E3
E3
E3
E3
E3
E3
E7
FF
7B
ENDCHAR
STARTCHAR uni01D7
ENCODING 471
SWIDTH 750 0
DWIDTH 12 0
BBX 10 18 1 0
BITMAP
0600
0600
0C00
3300
3300
0000
E1C0
E1C0
E1C0
E1C0
E1C0
E1C0
E1C0
E1C0
6180
6180
7F80
3F00
ENDCHAR
STARTCHAR uni01D8
ENCODING 472
SWIDTH 625 0
DWIDTH 10 0
BBX 8 16 1 0
BITMAP
08
0C
18
22
66
22
00
E3
E3
E3
E3
E3
E3
E7
FF
7B
ENDCHAR
STARTCHAR uni01D9
ENCODING 473
SWIDTH 750 0
DWIDTH 12 0
BBX 10 18 1 0
BITMAP
3300
1E00
0C00
3300
3300
0000
E1C0
E1C0
E1C0
E1C0
E1C0
E1C0
E1C0
E1C0
6180
6180
7F80
3F00
ENDCHAR
STARTCHAR uni01DA
ENCODING 474
SWIDTH 625 0
DWIDTH 10 0
BBX 8 16 1 0
BITMAP
24
7E
18
22
66
22
00
E3
E3
E3
E3
E3
E3
E7
FF
7B
ENDCHAR
STARTCHAR uni01DB
ENCODING 475
SWIDTH 750 0
DWIDTH 12 0
BBX 10 18 1 0
BITMAP
1800
1800
0C00
3300
3300
0000
E1C0
E1C0
E1C0
E1C0
E1C0
E1C0
E1C0
E1C0
6180
6180
7F80
3F00
ENDCHAR
STARTCHAR uni01DC
ENCODING 476
SWIDTH 625 0
DWIDTH 10 0
BBX 8 16 1 0
BITMAP
10
30
08
22
66
22
00
E3
E3
E3
E3
E3
E3
E7
FF
7B
ENDCHAR
STARTCHAR uni01F8
ENCODING 504
SWIDTH 750 0
DWIDTH 12 0
BBX 10 16 1 0
BITMAP
1000
3800
0C00
0400
E1C0
F1C0
F1C0
D9C0
F9C0
EDC0
EDC0
E7C0
E7C0
E3C0
E3C0
E1C0
ENDCHAR
STARTCHAR uni01F9
ENCODING 505
SWIDTH 625 0
DWIDTH 10 0
BBX 8 15 1 0
BITMAP
20
70
38
1C
08
00
DE
FF
E3
E3
E3
E3
E3
E3
E3
ENDCHAR
STARTCHAR Aringacute
ENCODING 506
SWIDTH 688 0
DWIDTH 11 0
BBX 11 16 0 0
BITMAP
0380
0600
0600
0900
0900
0E00
0E00
1B00
1B00
1100
3180
3F80
7FC0
60C0
60C0
C060
ENDCHAR
STARTCHAR aringacute
ENCODING 507
SWIDTH 563 0
DWIDTH 9 0
BBX 8 17 1 0
BITMAP
06
0C
18
18
24
24
18
00
7C
FE
06
7E
FE
C6
CE
FF
73
ENDCHAR
STARTCHAR AEacute
ENCODING 508
SWIDTH 1000 0
DWIDTH 16 0
BBX 15 14 0 0
BITMAP
0070
00C0
0000
07FE
07FE
0D80
0D80
19FC
19FC
3F80
3F80
6180
61FE
C1FE
ENDCHAR
STARTCHAR aeacute
ENCODING 509
SWIDTH 875 0
DWIDTH 14 0
BBX 12 13 1 0
BITMAP
0180
0300
0600
0000
7DC0
FFE0
0630
7FF0
FFF0
C600
CE00
FBF0
71E0
ENDCHAR
STARTCHAR Oslashacute
ENCODING 510
SWIDTH 750 0
DWIDTH 12 0
BBX 10 14 1 0
BITMAP
0700
0C00
0000
1E80
7F80
6380
C2C0
C4C0
CCC0
C8C0
D0C0
7180
7F80
5E00
ENDCHAR
STARTCHAR oslashacute
ENCODING 511
SWIDTH 625 0
DWIDTH 10 0
BBX 10 13 0 0
BITMAP
0300
0600
0C00
0000
1E80
3F00
7380
6780
6D80
7980
7380
3F00
5E00
ENDCHAR
STARTCHAR Scommaaccent
ENCODING 536
SWIDTH 688 0
DWIDTH 11 0
BBX 10 15 0 -4
BITMAP
1F00
7FC0
60C0
6000
7C00
1F80
03C0
00C0
C0C0
7F80
3F00
0000
0C00
0C00
0400
ENDCHAR
STARTCHAR scommaaccent
ENCODING 537
SWIDTH 563 0
DWIDTH 9 0
BBX 7 13 1 -4
BITMAP
7C
FE
C6
F0
7C
0E
C6
FE
7C
00
18
18
08
ENDCHAR
STARTCHAR uni021A
ENCODING 538
SWIDTH 625 0
DWIDTH 10 0
BBX 8 15 1 -4
BITMAP
FF
FF
18
18
18
18
18
18
18
18
18
00
18
18
08
ENDCHAR
STARTCHAR uni021B
ENCODING 539
SWIDTH 313 0
DWIDTH 5 0
BBX 5 15 0 -4
BITMAP
20
60
F8
F8
60
60
60
60
60
78
38
00
30
30
10
ENDCHAR
STARTCHAR uni0251
ENCODING 593
SWIDTH 625 0
DWIDTH 10 0
BBX 9 9 1 0
BITMAP
3B00
7F00
E300
C300
C300
C300
E300
FF80
7B80
ENDCHAR
STARTCHAR uni0261
ENCODING 609
SWIDTH 625 0
DWIDTH 10 0
BBX 8 13 1 -4
BITMAP
3F
7F
E3
C3
C3
C3
E7
7F
3B
03
47
FE
3C
ENDCHAR
STARTCHAR uni02BB
ENCODING 699
SWIDTH 313 0
DWIDTH 5 0
BBX 3 5 1 7
BITMAP
60
C0
80
E0
E0
ENDCHAR
STARTCHAR circumflex
ENCODING 710
SWIDTH 313 0
DWIDTH 5 0
BBX 5 3 0 10
BITMAP
70
50
88
ENDCHAR
STARTCHAR caron
ENCODING 711
SWIDTH 313 0
DWIDTH 5 0
BBX 5 3 0 10
BITMAP
88
50
70
ENDCHAR
STARTCHAR uni02C9
ENCODING 713
SWIDTH 313 0
DWIDTH 5 0
BBX 5 1 0 10
BITMAP
F8
ENDCHAR
STARTCHAR uni02CA
ENCODING 714
SWIDTH 625 0
DWIDTH 10 0
BBX 6 7 2 7
BITMAP
08
0C
18
70
E0
C0
40
ENDCHAR
STARTCHAR uni02CB
ENCODING 715
SWIDTH 625 0
DWIDTH 10 0
BBX 6 6 2 7
BITMAP
C0
E0
70
38
1C
08
ENDCHAR
STARTCHAR breve
ENCODING 728
SWIDTH 313 0
DWIDTH 5 0
BBX 5 3 0 10
BITMAP
88
D8
70
ENDCHAR
STARTCHAR dotaccent
ENCODING 729
SWIDTH 313 0
DWIDTH 5 0
BBX 2 2 1 10
BITMAP
C0
C0
ENDCHAR
STARTCHAR ring
ENCODING 730
SWIDTH 313 0
DWIDTH 5 0
BBX 4 4 0 9
BITMAP
60
90
90
60
ENDCHAR
STARTCHAR ogonek
ENCODING 731
SWIDTH 375 0
DWIDTH 6 0
BBX 3 4 1 -4
BITMAP
40
80
80
E0
ENDCHAR
STARTCHAR tilde
ENCODING 732
SWIDTH 313 0
DWIDTH 5 0
BBX 5 2 0 10
BITMAP
E8
B8
ENDCHAR
STARTCHAR hungarumlaut
ENCODING 733
SWIDTH 313 0
DWIDTH 5 0
BBX 7 3 -1 10
BITMAP
36
6C
D8
ENDCHAR
STARTCHAR uni02EA
ENCODING 746
SWIDTH 625 0
DWIDTH 10 0
BBX 6 8 2 5
BITMAP
C0
C0
C0
C0
C0
C0
FC
FC
ENDCHAR
STARTCHAR uni02EB
ENCODING 747
SWIDTH 625 0
DWIDTH 10 0
BBX 6 8 2 5
BITMAP
C0
C0
FC
FC
C0
C0
C0
C0
ENDCHAR
STARTCHAR uni0300
ENCODING 768
SWIDTH 0 0
DWIDTH 0 0
BBX 6 6 2 6
BITMAP
40
E0
60
30
18
0C
ENDCHAR
STARTCHAR uni0301
ENCODING 769
SWIDTH 0 0
DWIDTH 0 0
BBX 6 6 2 6
BITMAP
08
1C
38
70
E0
C0
ENDCHAR
STARTCHAR uni0304
ENCODING 772
SWIDTH 0 0
DWIDTH 0 0
BBX 6 1 -3 11
BITMAP
FC
ENDCHAR
STARTCHAR uni0307
ENCODING 775
SWIDTH 0 0
DWIDTH 0 0
BBX 3 4 3 10
BITMAP
40
E0
E0
60
ENDCHAR
STARTCHAR uni030C
ENCODING 780
SWIDTH 0 0
DWIDTH 0 0
BBX 9 7 0 5
BITMAP
E000
6380
3300
3E00
1E00
0C00
0800
ENDCHAR
STARTCHAR semicolon
ENCODING 894
SWIDTH 375 0
DWIDTH 6 0
BBX 2 11 2 -2
BITMAP
C0
C0
00
00
00
00
00
C0
C0
40
C0
ENDCHAR
STARTCHAR tonos
ENCODING 900
SWIDTH 313 0
DWIDTH 5 0
BBX 3 3 1 10
BITMAP
60
C0
80
ENDCHAR
STARTCHAR dieresistonos
ENCODING 901
SWIDTH 438 0
DWIDTH 7 0
BBX 7 3 0 10
BITMAP
18
DE
D6
ENDCHAR
STARTCHAR Alphatonos
ENCODING 902
SWIDTH 688 0
DWIDTH 11 0
BBX 11 11 0 0
BITMAP
6E00
CE00
9B00
1B00
1100
3180
3F80
7FC0
60C0
60C0
C060
ENDCHAR
STARTCHAR anoteleia
ENCODING 903
SWIDTH 313 0
DWIDTH 5 0
BBX 2 2 1 4
BITMAP
C0
C0
ENDCHAR
STARTCHAR Epsilontonos
ENCODING 904
SWIDTH 875 0
DWIDTH 14 0
BBX 13 11 0 0
BITMAP
6FF8
CFF8
8C00
0C00
0FF0
0FF0
0C00
0C00
0C00
0FF8
0FF8
ENDCHAR
STARTCHAR Etatonos
ENCODING 905
SWIDTH 938 0
DWIDTH 15 0
BBX 14 11 0 0
BITMAP
6C0C
CC0C
8C0C
0C0C
0FFC
0FFC
0C0C
0C0C
0C0C
0C0C
0C0C
ENDCHAR
STARTCHAR Iotatonos
ENCODING 906
SWIDTH 500 0
DWIDTH 8 0
BBX 6 11 1 0
BITMAP
6C
CC
8C
0C
0C
0C
0C
0C
0C
0C
0C
ENDCHAR
STARTCHAR Omicrontonos
ENCODING 908
SWIDTH 813 0
DWIDTH 13 0
BBX 13 11 -1 0
BITMAP
63C0
CFF0
8C30
1818
1818
1818
1818
1818
0C30
0FF0
03C0
ENDCHAR
STARTCHAR Upsilontonos
ENCODING 910
SWIDTH 938 0
DWIDTH 15 0
BBX 12 11 2 0
BITMAP
6C30
C660
8660
03C0
03C0
0180
0180
0180
0180
0180
0180
ENDCHAR
STARTCHAR Omegatonos
ENCODING 911
SWIDTH 813 0
DWIDTH 13 0
BBX 13 11 -1 0
BITMAP
67C0
DFF0
B838
3018
3018
3018
3838
1C70
0EE0
3EF8
3EF8
ENDCHAR
STARTCHAR iotadieresistonos
ENCODING 912
SWIDTH 250 0
DWIDTH 4 0
BBX 7 13 -1 0
BITMAP
18
DE
D6
00
30
30
30
30
30
30
30
30
38
ENDCHAR
STARTCHAR Alpha
ENCODING 913
SWIDTH 688 0
DWIDTH 11 0
BBX 11 11 0 0
BITMAP
0E00
0E00
1B00
1B00
1100
3180
3F80
7FC0
60C0
60C0
C060
ENDCHAR
STARTCHAR Beta
ENCODING 914
SWIDTH 750 0
DWIDTH 12 0
BBX 10 11 1 0
BITMAP
FF00
FF80
C180
C180
FF00
FF80
C0C0
C0C0
C0C0
FF80
FF00
ENDCHAR
STARTCHAR Gamma
ENCODING 915
SWIDTH 625 0
DWIDTH 10 0
BBX 9 11 1 0
BITMAP
FF80
FF80
C000
C000
C000
C000
C000
C000
C000
C000
C000
ENDCHAR
STARTCHAR Delta
ENCODING 916
SWIDTH 750 0
DWIDTH 12 0
BBX 10 11 1 0
BITMAP
0C00
1E00
1E00
3300
3300
3300
6180
6180
C0C0
FFC0
FFC0
ENDCHAR
STARTCHAR Epsilon
ENCODING 917
SWIDTH 688 0
DWIDTH 11 0
BBX 9 11 1 0
BITMAP
FF80
FF80
C000
C000
FF00
FF00
C000
C000
C000
FF80
FF80
ENDCHAR
STARTCHAR Zeta
ENCODING 918
SWIDTH 563 0
DWIDTH 9 0
BBX 7 11 1 0
BITMAP
FE
FE
0E
0C
18
38
30
60
E0
FE
FE
ENDCHAR
STARTCHAR Eta
ENCODING 919
SWIDTH 750 0
DWIDTH 12 0
BBX 10 11 1 0
BITMAP
C0C0
C0C0
C0C0
C0C0
FFC0
FFC0
C0C0
C0C0
C0C0
C0C0
C0C0
ENDCHAR
STARTCHAR Theta
ENCODING 920
SWIDTH 750 0
DWIDTH 12 0
BBX 10 11 1 0
BITMAP
1E00
7F80
6180
C0C0
DEC0
DEC0
C0C0
C0C0
6180
7F80
1E00
ENDCHAR
STARTCHAR Iota
ENCODING 921
SWIDTH 250 0
DWIDTH 4 0
BBX 2 11 1 0
BITMAP
C0
C0
C0
C0
C0
C0
C0
C0
C0
C0
C0
ENDCHAR
STARTCHAR Kappa
ENCODING 922
SWIDTH 750 0
DWIDTH 12 0
BBX 11 11 1 0
BITMAP
C0E0
C180
C700
CE00
DC00
FC00
E600
C300
C180
C1C0
C0E0
ENDCHAR
STARTCHAR Lambda
ENCODING 923
SWIDTH 688 0
DWIDTH 11 0
BBX 11 11 0 0
BITMAP
0400
0E00
0A00
1B00
1B00
3180
3180
60C0
60C0
E060
C060
ENDCHAR
STARTCHAR Mu
ENCODING 924
SWIDTH 813 0
DWIDTH 13 0
BBX 11 11 1 0
BITMAP
E0E0
F1E0
F1E0
F1E0
D160
DB60
DB60
CA60
CE60
CE60
C460
ENDCHAR
STARTCHAR Nu
ENCODING 925
SWIDTH 750 0
DWIDTH 12 0
BBX 10 11 1 0
BITMAP
E0C0
E0C0
F0C0
F8C0
D8C0
CCC0
CCC0
C6C0
C3C0
C1C0
C1C0
ENDCHAR
STARTCHAR Xi
ENCODING 926
SWIDTH 625 0
DWIDTH 10 0
BBX 8 11 1 0
BITMAP
FF
FF
00
00
7E
7E
00
00
00
FF
FF
ENDCHAR
STARTCHAR Omicron
ENCODING 927
SWIDTH 750 0
DWIDTH 12 0
BBX 10 11 1 0
BITMAP
1E00
7F80
6180
C0C0
C0C0
C0C0
C0C0
C0C0
6180
7F80
1E00
ENDCHAR
STARTCHAR Pi
ENCODING 928
SWIDTH 750 0
DWIDTH 12 0
BBX 10 11 1 0
BITMAP
FFC0
FFC0
C0C0
C0C0
C0C0
C0C0
C0C0
C0C0
C0C0
C0C0
C0C0
ENDCHAR
STARTCHAR Rho
ENCODING 929
SWIDTH 688 0
DWIDTH 11 0
BBX 9 11 1 0
BITMAP
FF00
FF80
C180
C180
FF80
FE00
C000
C000
C000
C000
C000
ENDCHAR
STARTCHAR Sigma
ENCODING 931
SWIDTH 625 0
DWIDTH 10 0
BBX 8 11 1 0
BITMAP
FF
FF
E0
70
38
18
38
70
E0
FF
FF
ENDCHAR
STARTCHAR Tau
ENCODING 932
SWIDTH 625 0
DWIDTH 10 0
BBX 8 11 1 0
BITMAP
FF
FF
18
18
18
18
18
18
18
18
18
ENDCHAR
STARTCHAR Upsilon
ENCODING 933
SWIDTH 625 0
DWIDTH 10 0
BBX 8 11 1 0
BITMAP
C3
66
66
3C
3C
18
18
18
18
18
18
ENDCHAR
STARTCHAR Phi
ENCODING 934
SWIDTH 750 0
DWIDTH 12 0
BBX 10 11 1 0
BITMAP
0C00
3F00
7F80
CCC0
CCC0
CCC0
ECC0
7F80
3F00
0C00
0C00
ENDCHAR
STARTCHAR Chi
ENCODING 935
SWIDTH 688 0
DWIDTH 11 0
BBX 11 11 0 0
BITMAP
E0E0
60C0
3180
1B80
1F00
0E00
1F00
1B80
3180
60C0
E0E0
ENDCHAR
STARTCHAR Psi
ENCODING 936
SWIDTH 750 0
DWIDTH 12 0
BBX 10 11 1 0
BITMAP
CCC0
CCC0
CCC0
CCC0
CCC0
CCC0
7F80
3F00
0C00
0C00
0C00
ENDCHAR
STARTCHAR Omega
ENCODING 937
SWIDTH 813 0
DWIDTH 13 0
BBX 11 11 1 0
BITMAP
1F00
7FC0
E0E0
C060
C060
C060
E0E0
71C0
3B80
FBE0
FBE0
ENDCHAR
STARTCHAR Iotadieresis
ENCODING 938
SWIDTH 250 0
DWIDTH 4 0
BBX 5 14 0 0
BITMAP
D8
D8
00
60
60
60
60
60
60
60
60
60
60
60
ENDCHAR
STARTCHAR Upsilondieresis
ENCODING 939
SWIDTH 625 0
DWIDTH 10 0
BBX 8 14 1 0
BITMAP
36
36
00
C3
66
66
3C
3C
18
18
18
18
18
18
ENDCHAR
STARTCHAR alphatonos
ENCODING 940
SWIDTH 625 0
DWIDTH 10 0
BBX 9 13 1 0
BITMAP
0C00
1800
1000
0000
3D80
7F80
C700
C300
C300
C300
C700
7D00
3980
ENDCHAR
STARTCHAR epsilontonos
ENCODING 941
SWIDTH 500 0
DWIDTH 8 0
BBX 7 13 1 0
BITMAP
0C
18
10
00
7C
FC
C0
38
C0
C0
C4
FE
7C
ENDCHAR
STARTCHAR etatonos
ENCODING 942
SWIDTH 625 0
DWIDTH 10 0
BBX 8 17 1 -4
BITMAP
06
0C
08
00
DE
FF
E3
C3
C3
C3
C3
C3
C3
03
03
03
03
ENDCHAR
STARTCHAR iotatonos
ENCODING 943
SWIDTH 250 0
DWIDTH 4 0
BBX 3 13 1 0
BITMAP
60
C0
80
00
C0
C0
C0
C0
C0
C0
C0
C0
E0
ENDCHAR
STARTCHAR upsilondieresistonos
ENCODING 944
SWIDTH 563 0
DWIDTH 9 0
BBX 7 13 1 0
BITMAP
18
DE
D6
00
CC
C6
C6
C6
C6
C6
C6
FC
78
ENDCHAR
STARTCHAR alpha
ENCODING 945
SWIDTH 625 0
DWIDTH 10 0
BBX 9 9 1 0
BITMAP
3D80
7F80
C700
C300
C300
C300
C700
7D00
3980
ENDCHAR
STARTCHAR beta
ENCODING 946
SWIDTH 625 0
DWIDTH 10 0
BBX 8 16 1 -4
BITMAP
7C
FE
C6
C6
CE
DC
DE
C7
C3
C3
FF
FE
C0
C0
C0
C0
ENDCHAR
STARTCHAR gamma
ENCODING 947
SWIDTH 500 0
DWIDTH 8 0
BBX 8 13 0 -4
BITMAP
C3
C3
66
66
66
3C
3C
3C
18
18
38
30
30
ENDCHAR
STARTCHAR delta
ENCODING 948
SWIDTH 625 0
DWIDTH 10 0
BBX 8 12 1 0
BITMAP
7F
7F
30
18
7C
66
C3
C3
C3
E7
7E
3C
ENDCHAR
STARTCHAR epsilon
ENCODING 949
SWIDTH 500 0
DWIDTH 8 0
BBX 7 9 1 0
BITMAP
7C
FC
C0
38
C0
C0
C4
FE
7C
ENDCHAR
STARTCHAR zeta
ENCODING 950
SWIDTH 438 0
DWIDTH 7 0
BBX 6 15 1 -3
BITMAP
FC
FC
0C
18
30
60
60
C0
C0
C0
F8
7C
0C
0C
0C
ENDCHAR
STARTCHAR eta
ENCODING 951
SWIDTH 625 0
DWIDTH 10 0
BBX 8 13 1 -4
BITMAP
DE
FF
E3
C3
C3
C3
C3
C3
C3
03
03
03
03
ENDCHAR
STARTCHAR theta
ENCODING 952
SWIDTH 563 0
DWIDTH 9 0
BBX 7 12 1 0
BITMAP
38
7C
EE
C6
C6
FE
FE
C6
C6
EE
7C
38
ENDCHAR
STARTCHAR iota
ENCODING 953
SWIDTH 250 0
DWIDTH 4 0
BBX 3 9 1 0
BITMAP
C0
C0
C0
C0
C0
C0
C0
C0
E0
ENDCHAR
STARTCHAR kappa
ENCODING 954
SWIDTH 563 0
DWIDTH 9 0
BBX 8 9 1 0
BITMAP
C7
CE
DC
D8
F8
FC
CC
C6
C3
ENDCHAR
STARTCHAR lambda
ENCODING 955
SWIDTH 500 0
DWIDTH 8 0
BBX 8 12 0 0
BITMAP
70
78
18
18
1C
1C
3C
36
66
66
E3
C3
ENDCHAR
STARTCHAR mu
ENCODING 956
SWIDTH 625 0
DWIDTH 10 0
BBX 8 13 1 -4
BITMAP
C3
C3
C3
C3
C3
C3
E7
FF
FB
C0
C0
C0
C0
ENDCHAR
STARTCHAR nu
ENCODING 957
SWIDTH 563 0
DWIDTH 9 0
BBX 8 9 0 0
BITMAP
C3
E3
63
63
62
36
36
3C
18
ENDCHAR
STARTCHAR xi
ENCODING 958
SWIDTH 438 0
DWIDTH 7 0
BBX 6 15 1 -3
BITMAP
7C
7C
30
60
60
38
38
60
C0
C0
F0
7C
0C
0C
0C
ENDCHAR
STARTCHAR omicron
ENCODING 959
SWIDTH 625 0
DWIDTH 10 0
BBX 8 9 1 0
BITMAP
3C
7E
E7
C3
C3
C3
E7
7E
3C
ENDCHAR
STARTCHAR pi
ENCODING 960
SWIDTH 750 0
DWIDTH 12 0
BBX 10 9 1 0
BITMAP
FFC0
FFC0
3300
3300
3300
3300
3300
63C0
61C0
ENDCHAR
STARTCHAR rho
ENCODING 961
SWIDTH 625 0
DWIDTH 10 0
BBX 8 13 1 -4
BITMAP
3C
7E
E7
C3
C3
C3
C7
FE
DC
C0
C0
C0
C0
ENDCHAR
STARTCHAR sigma1
ENCODING 962
SWIDTH 500 0
DWIDTH 8 0
BBX 6 12 1 -3
BITMAP
38
7C
60
C0
C0
C0
E0
F8
7C
0C
0C
0C
ENDCHAR
STARTCHAR sigma
ENCODING 963
SWIDTH 688 0
DWIDTH 11 0
BBX 10 9 1 0
BITMAP
3FC0
7FC0
E600
C300
C300
C300
E700
7E00
3C00
ENDCHAR
STARTCHAR tau
ENCODING 964
SWIDTH 375 0
DWIDTH 6 0
BBX 6 9 0 0
BITMAP
FC
FC
30
30
30
30
30
38
38
ENDCHAR
STARTCHAR upsilon
ENCODING 965
SWIDTH 563 0
DWIDTH 9 0
BBX 7 9 1 0
BITMAP
CC
C6
C6
C6
C6
C6
C6
FC
78
ENDCHAR
STARTCHAR phi
ENCODING 966
SWIDTH 750 0
DWIDTH 12 0
BBX 10 13 1 -4
BITMAP
2700
7F80
ECC0
CCC0
CCC0
CCC0
EDC0
7F80
3F00
0C00
0C00
0C00
0C00
ENDCHAR
STARTCHAR chi
ENCODING 967
SWIDTH 563 0
DWIDTH 9 0
BBX 9 13 0 -4
BITMAP
E180
F300
3700
3E00
1C00
0C00
1C00
1600
3600
3700
6300
6380
C180
ENDCHAR
STARTCHAR psi
ENCODING 968
SWIDTH 750 0
DWIDTH 12 0
BBX 10 15 1 -4
BITMAP
0C00
0C00
CCC0
CCC0
CCC0
CCC0
CCC0
CCC0
CCC0
7FC0
3F00
0C00
0C00
0C00
0C00
ENDCHAR
STARTCHAR omega
ENCODING 969
SWIDTH 875 0
DWIDTH 14 0
BBX 12 9 1 0
BITMAP
30C0
70E0
E070
C630
C630
C630
C630
7FE0
39C0
ENDCHAR
STARTCHAR iotadieresis
ENCODING 970
SWIDTH 250 0
DWIDTH 4 0
BBX 5 12 0 0
BITMAP
D8
D8
00
60
60
60
60
60
60
60
60
70
ENDCHAR
STARTCHAR upsilondieresis
ENCODING 971
SWIDTH 563 0
DWIDTH 9 0
BBX 7 12 1 0
BITMAP
6C
6C
00
CC
C6
C6
C6
C6
C6
C6
FC
78
ENDCHAR
STARTCHAR omicrontonos
ENCODING 972
SWIDTH 625 0
DWIDTH 10 0
BBX 8 13 1 0
BITMAP
0C
18
10
00
3C
7E
E7
C3
C3
C3
E7
7E
3C
ENDCHAR
STARTCHAR upsilontonos
ENCODING 973
SWIDTH 563 0
DWIDTH 9 0
BBX 7 13 1 0
BITMAP
18
30
20
00
CC
C6
C6
C6
C6
C6
C6
FC
78
ENDCHAR
STARTCHAR omegatonos
ENCODING 974
SWIDTH 875 0
DWIDTH 14 0
BBX 12 13 1 0
BITMAP
0300
0600
0400
0000
30C0
70E0
E070
C630
C630
C630
C630
7FE0
39C0
ENDCHAR
STARTCHAR afii10023
ENCODING 1025
SWIDTH 688 0
DWIDTH 11 0
BBX 9 14 1 0
BITMAP
3600
3600
0000
FF80
FF80
C000
C000
FF00
FF00
C000
C000
C000
FF80
FF80
ENDCHAR
STARTCHAR afii10051
ENCODING 1026
SWIDTH 875 0
DWIDTH 14 0
BBX 13 11 0 0
BITMAP
FFC0
FFC0
0C00
0C00
0DF0
0FF8
0C18
0C18
0C98
0DF8
0CF0
ENDCHAR
STARTCHAR afii10052
ENCODING 1027
SWIDTH 625 0
DWIDTH 10 0
BBX 7 14 2 0
BITMAP
1C
30
00
FE
FE
C0
C0
C0
C0
C0
C0
C0
C0
C0
ENDCHAR
STARTCHAR afii10053
ENCODING 1028
SWIDTH 688 0
DWIDTH 11 0
BBX 9 11 1 0
BITMAP
3E00
7F00
6180
C000
FC00
FC00
C000
C000
6180
7F00
3E00
ENDCHAR
STARTCHAR afii10054
ENCODING 1029
SWIDTH 688 0
DWIDTH 11 0
BBX 10 11 0 0
BITMAP
1F00
7FC0
60C0
6000
7C00
1F80
03C0
00C0
C0C0
7F80
3F00
ENDCHAR
STARTCHAR afii10055
ENCODING 1030
SWIDTH 250 0
DWIDTH 4 0
BBX 2 11 1 0
BITMAP
C0
C0
C0
C0
C0
C0
C0
C0
C0
C0
C0
ENDCHAR
STARTCHAR afii10056
ENCODING 1031
SWIDTH 250 0
DWIDTH 4 0
BBX 5 14 0 0
BITMAP
D8
D8
00
60
60
60
60
60
60
60
60
60
60
60
ENDCHAR
STARTCHAR afii10057
ENCODING 1032
SWIDTH 563 0
DWIDTH 9 0
BBX 8 11 0 0
BITMAP
0F
0F
03
03
03
03
03
03
C3
FE
3C
ENDCHAR
STARTCHAR afii10058
ENCODING 1033
SWIDTH 1125 0
DWIDTH 18 0
BBX 17 11 0 0
BITMAP
1FC000
1FC000
18C000
38C000
30FE00
30FF80
30C180
30C180
70C180
E0FF00
C0FE00
ENDCHAR
STARTCHAR afii10059
ENCODING 1034
SWIDTH 1063 0
DWIDTH 17 0
BBX 15 11 1 0
BITMAP
C180
C180
C180
C180
FFFC
FFFE
C186
C186
C186
C1FC
C1F8
ENDCHAR
STARTCHAR afii10060
ENCODING 1035
SWIDTH 875 0
DWIDTH 14 0
BBX 13 11 0 0
BITMAP
FFC0
FFC0
0C00
0C00
0FF0
0FF8
0C18
0C18
0C18
0C18
0C18
ENDCHAR
STARTCHAR afii10061
ENCODING 1036
SWIDTH 625 0
DWIDTH 10 0
BBX 9 14 1 0
BITMAP
0E00
1800
0000
C180
C300
C600
CE00
DC00
F800
FC00
CE00
C600
C700
C380
ENDCHAR
STARTCHAR afii10062
ENCODING 1038
SWIDTH 625 0
DWIDTH 10 0
BBX 10 15 0 0
BITMAP
1B00
1B00
0E00
0000
C0C0
6180
7180
3300
1B00
1E00
0E00
0C00
1C00
F800
F000
ENDCHAR
STARTCHAR afii10145
ENCODING 1039
SWIDTH 750 0
DWIDTH 12 0
BBX 10 14 1 -3
BITMAP
C0C0
C0C0
C0C0
C0C0
C0C0
C0C0
C0C0
C0C0
C0C0
FFC0
FFC0
0C00
0C00
0C00
ENDCHAR
STARTCHAR afii10017
ENCODING 1040
SWIDTH 688 0
DWIDTH 11 0
BBX 11 11 0 0
BITMAP
0E00
0E00
1B00
1B00
1100
3180
3F80
7FC0
60C0
60C0
C060
ENDCHAR
STARTCHAR afii10018
ENCODING 1041
SWIDTH 750 0
DWIDTH 12 0
BBX 10 11 1 0
BITMAP
FF00
FF00
C000
C000
FF00
FF80
C0C0
C0C0
C0C0
FF80
FF00
ENDCHAR
STARTCHAR afii10019
ENCODING 1042
SWIDTH 750 0
DWIDTH 12 0
BBX 10 11 1 0
BITMAP
FF00
FF80
C180
C180
FF00
FF80
C0C0
C0C0
C0C0
FF80
FF00
ENDCHAR
STARTCHAR afii10020
ENCODING 1043
SWIDTH 563 0
DWIDTH 9 0
BBX 7 11 1 0
BITMAP
FE
FE
C0
C0
C0
C0
C0
C0
C0
C0
C0
ENDCHAR
STARTCHAR afii10021
ENCODING 1044
SWIDTH 688 0
DWIDTH 11 0
BBX 10 14 0 -3
BITMAP
1F80
1F80
1980
1980
3980
3180
3180
3180
6180
FFC0
FFC0
C0C0
C0C0
C0C0
ENDCHAR
STARTCHAR afii10022
ENCODING 1045
SWIDTH 688 0
DWIDTH 11 0
BBX 9 11 1 0
BITMAP
FF80
FF80
C000
C000
FF00
FF00
C000
C000
C000
FF80
FF80
ENDCHAR
STARTCHAR afii10024
ENCODING 1046
SWIDTH 875 0
DWIDTH 14 0
BBX 14 11 0 0
BITMAP
C30C
6318
7338
3330
1B60
1FE0
1B60
3330
7338
6318
E30C
ENDCHAR
STARTCHAR afii10025
ENCODING 1047
SWIDTH 625 0
DWIDTH 10 0
BBX 8 11 1 0
BITMAP
3E
7F
C3
03
1E
1E
03
03
C3
FE
3C
ENDCHAR
STARTCHAR afii10026
ENCODING 1048
SWIDTH 750 0
DWIDTH 12 0
BBX 10 11 1 0
BITMAP
C1C0
C1C0
C3C0
C7C0
C6C0
CCC0
DCC0
D8C0
F0C0
F0C0
E0C0
ENDCHAR
STARTCHAR afii10027
ENCODING 1049
SWIDTH 750 0
DWIDTH 12 0
BBX 10 15 1 0
BITMAP
1B00
1B00
0E00
0000
C1C0
C1C0
C3C0
C7C0
C6C0
CCC0
DCC0
D8C0
F0C0
F0C0
E0C0
ENDCHAR
STARTCHAR afii10028
ENCODING 1050
SWIDTH 625 0
DWIDTH 10 0
BBX 9 11 1 0
BITMAP
C180
C300
C600
CE00
DC00
F800
FC00
CE00
C600
C700
C380
ENDCHAR
STARTCHAR afii10029
ENCODING 1051
SWIDTH 688 0
DWIDTH 11 0
BBX 10 11 0 0
BITMAP
1FC0
1FC0
18C0
38C0
30C0
30C0
30C0
30C0
70C0
E0C0
C0C0
ENDCHAR
STARTCHAR afii10030
ENCODING 1052
SWIDTH 813 0
DWIDTH 13 0
BBX 11 11 1 0
BITMAP
E0E0
F1E0
F1E0
F1E0
D160
DB60
DB60
CA60
CE60
CE60
C460
ENDCHAR
STARTCHAR afii10031
ENCODING 1053
SWIDTH 750 0
DWIDTH 12 0
BBX 10 11 1 0
BITMAP
C0C0
C0C0
C0C0
C0C0
FFC0
FFC0
C0C0
C0C0
C0C0
C0C0
C0C0
ENDCHAR
STARTCHAR afii10032
ENCODING 1054
SWIDTH 750 0
DWIDTH 12 0
BBX 10 11 1 0
BITMAP
1E00
7F80
6180
C0C0
C0C0
C0C0
C0C0
C0C0
6180
7F80
1E00
ENDCHAR
STARTCHAR afii10033
ENCODING 1055
SWIDTH 750 0
DWIDTH 12 0
BBX 10 11 1 0
BITMAP
FFC0
FFC0
C0C0
C0C0
C0C0
C0C0
C0C0
C0C0
C0C0
C0C0
C0C0
ENDCHAR
STARTCHAR afii10034
ENCODING 1056
SWIDTH 688 0
DWIDTH 11 0
BBX 9 11 1 0
BITMAP
FF00
FF80
C180
C180
FF80
FE00
C000
C000
C000
C000
C000
ENDCHAR
STARTCHAR afii10035
ENCODING 1057
SWIDTH 750 0
DWIDTH 12 0
BBX 10 11 1 0
BITMAP
1F00
7F80
61C0
C0C0
C000
C000
C000
C080
61C0
7F80
1F00
ENDCHAR
STARTCHAR afii10036
ENCODING 1058
SWIDTH 625 0
DWIDTH 10 0
BBX 8 11 1 0
BITMAP
FF
FF
18
18
18
18
18
18
18
18
18
ENDCHAR
STARTCHAR afii10037
ENCODING 1059
SWIDTH 625 0
DWIDTH 10 0
BBX 10 11 0 0
BITMAP
C0C0
6180
7180
3300
1B00
1E00
0E00
0C00
1C00
F800
F000
ENDCHAR
STARTCHAR afii10038
ENCODING 1060
SWIDTH 875 0
DWIDTH 14 0
BBX 12 11 1 0
BITMAP
0600
3FC0
7FE0
E670
C630
C630
E670
7FE0
3FC0
0600
0600
ENDCHAR
STARTCHAR afii10039
ENCODING 1061
SWIDTH 688 0
DWIDTH 11 0
BBX 11 11 0 0
BITMAP
E0E0
60C0
3180
1B80
1F00
0E00
1F00
1B80
3180
60C0
E0E0
ENDCHAR
STARTCHAR afii10040
ENCODING 1062
SWIDTH 750 0
DWIDTH 12 0
BBX 11 14 1 -3
BITMAP
C0C0
C0C0
C0C0
C0C0
C0C0
C0C0
C0C0
C0C0
C0C0
FFE0
FFE0
0060
0060
0060
ENDCHAR
STARTCHAR afii10041
ENCODING 1063
SWIDTH 688 0
DWIDTH 11 0
BBX 9 11 1 0
BITMAP
C180
C180
C180
C180
C180
FF80
7F80
0180
0180
0180
0180
ENDCHAR
STARTCHAR afii10042
ENCODING 1064
SWIDTH 1000 0
DWIDTH 16 0
BBX 14 11 1 0
BITMAP
C30C
C30C
C30C
C30C
C30C
C30C
C30C
C30C
C30C
FFFC
FFFC
ENDCHAR
STARTCHAR afii10043
ENCODING 1065
SWIDTH 1000 0
DWIDTH 16 0
BBX 15 14 1 -3
BITMAP
C30C
C30C
C30C
C30C
C30C
C30C
C30C
C30C
C30C
FFFE
FFFE
0006
0006
0006
ENDCHAR
STARTCHAR afii10044
ENCODING 1066
SWIDTH 875 0
DWIDTH 14 0
BBX 13 11 0 0
BITMAP
FC00
FC00
0C00
0C00
0FF0
0FF8
0C18
0C18
0C18
0FF0
0FE0
ENDCHAR
STARTCHAR afii10045
ENCODING 1067
SWIDTH 938 0
DWIDTH 15 0
BBX 13 11 1 0
BITMAP
C018
C018
C018
C018
FE18
FF98
C198
C198
C198
FF18
FE18
ENDCHAR
STARTCHAR afii10046
ENCODING 1068
SWIDTH 688 0
DWIDTH 11 0
BBX 9 11 1 0
BITMAP
C000
C000
C000
C000
FF00
FF80
C180
C180
C180
FF00
FE00
ENDCHAR
STARTCHAR afii10047
ENCODING 1069
SWIDTH 688 0
DWIDTH 11 0
BBX 9 11 1 0
BITMAP
3E00
7F00
C300
0180
1F80
1F80
0180
0180
C300
7F00
3E00
ENDCHAR
STARTCHAR afii10048
ENCODING 1070
SWIDTH 1063 0
DWIDTH 17 0
BBX 15 11 1 0
BITMAP
C1F0
C7FC
CE0C
CC06
FC06
FC06
CC06
CC06
C60C
C7FC
C1F0
ENDCHAR
STARTCHAR afii10049
ENCODING 1071
SWIDTH 750 0
DWIDTH 12 0
BBX 11 11 0 0
BITMAP
1FE0
3FE0
6060
6060
6060
3FE0
0FE0
1C60
3860
7060
E060
ENDCHAR
STARTCHAR afii10065
ENCODING 1072
SWIDTH 563 0
DWIDTH 9 0
BBX 8 9 1 0
BITMAP
7C
FE
06
7E
FE
C6
CE
FF
73
ENDCHAR
STARTCHAR afii10066
ENCODING 1073
SWIDTH 625 0
DWIDTH 10 0
BBX 8 12 1 0
BITMAP
07
3F
70
C0
BE
BE
E3
C3
C3
C3
7E
3C
ENDCHAR
STARTCHAR afii10067
ENCODING 1074
SWIDTH 625 0
DWIDTH 10 0
BBX 8 9 1 0
BITMAP
FE
FF
C3
FE
FE
C3
C3
FF
FE
ENDCHAR
STARTCHAR afii10068
ENCODING 1075
SWIDTH 438 0
DWIDTH 7 0
BBX 6 9 1 0
BITMAP
FC
FC
C0
C0
C0
C0
C0
C0
C0
ENDCHAR
STARTCHAR afii10069
ENCODING 1076
SWIDTH 625 0
DWIDTH 10 0
BBX 9 12 0 -3
BITMAP
1F00
1F00
1B00
3300
3300
3300
7300
FF80
FF80
C180
C180
C180
ENDCHAR
STARTCHAR afii10070
ENCODING 1077
SWIDTH 563 0
DWIDTH 9 0
BBX 7 9 1 0
BITMAP
38
7C
C6
FE
FE
C0
C0
7E
3C
ENDCHAR
STARTCHAR afii10072
ENCODING 1078
SWIDTH 750 0
DWIDTH 12 0
BBX 12 9 0 0
BITMAP
C630
6660
6660
36C0
3FC0
36C0
6660
6660
C630
ENDCHAR
STARTCHAR afii10073
ENCODING 1079
SWIDTH 500 0
DWIDTH 8 0
BBX 7 9 0 0
BITMAP
3C
FE
C6
1C
1C
06
C6
FE
7C
ENDCHAR
STARTCHAR afii10074
ENCODING 1080
SWIDTH 625 0
DWIDTH 10 0
BBX 8 9 1 0
BITMAP
C7
C7
CF
CF
DB
F3
F3
E3
E3
ENDCHAR
STARTCHAR afii10075
ENCODING 1081
SWIDTH 625 0
DWIDTH 10 0
BBX 8 13 1 0
BITMAP
36
36
1C
00
C7
C7
CF
CF
DB
F3
F3
E3
E3
ENDCHAR
STARTCHAR afii10076
ENCODING 1082
SWIDTH 500 0
DWIDTH 8 0
BBX 7 9 1 0
BITMAP
C6
CC
CC
D8
F8
D8
CC
CC
C6
ENDCHAR
STARTCHAR afii10077
ENCODING 1083
SWIDTH 625 0
DWIDTH 10 0
BBX 9 9 0 0
BITMAP
1F80
1F80
1980
3180
3180
3180
3180
E180
E180
ENDCHAR
STARTCHAR afii10078
ENCODING 1084
SWIDTH 688 0
DWIDTH 11 0
BBX 9 9 1 0
BITMAP
E380
E380
F780
F780
D580
D580
D580
DD80
C980
ENDCHAR
STARTCHAR afii10079
ENCODING 1085
SWIDTH 625 0
DWIDTH 10 0
BBX 8 9 1 0
BITMAP
C3
C3
C3
FF
FF
C3
C3
C3
C3
ENDCHAR
STARTCHAR afii10080
ENCODING 1086
SWIDTH 625 0
DWIDTH 10 0
BBX 8 9 1 0
BITMAP
3C
7E
E7
C3
C3
C3
E7
7E
3C
ENDCHAR
STARTCHAR afii10081
ENCODING 1087
SWIDTH 625 0
DWIDTH 10 0
BBX 8 9 1 0
BITMAP
FF
FF
C3
C3
C3
C3
C3
C3
C3
ENDCHAR
STARTCHAR afii10082
ENCODING 1088
SWIDTH 625 0
DWIDTH 10 0
BBX 8 13 1 -4
BITMAP
DE
FE
E7
C3
C3
C3
E7
FE
DC
C0
C0
C0
C0
ENDCHAR
STARTCHAR afii10083
ENCODING 1089
SWIDTH 563 0
DWIDTH 9 0
BBX 7 9 1 0
BITMAP
3C
7E
C6
C0
C0
C0
C6
7E
38
ENDCHAR
STARTCHAR afii10084
ENCODING 1090
SWIDTH 500 0
DWIDTH 8 0
BBX 6 9 1 0
BITMAP
FC
FC
30
30
30
30
30
30
30
ENDCHAR
STARTCHAR afii10085
ENCODING 1091
SWIDTH 563 0
DWIDTH 9 0
BBX 9 13 0 -4
BITMAP
C180
E380
6300
6300
3600
3600
3600
1C00
1C00
1C00
1800
7800
7000
ENDCHAR
STARTCHAR afii10086
ENCODING 1092
SWIDTH 875 0
DWIDTH 14 0
BBX 12 16 1 -4
BITMAP
0600
0600
0600
76E0
7FE0
C630
C630
C630
C630
CE30
7FE0
76E0
0600
0600
0600
0600
ENDCHAR
STARTCHAR afii10087
ENCODING 1093
SWIDTH 563 0
DWIDTH 9 0
BBX 9 9 0 0
BITMAP
E380
6300
3600
3E00
1C00
3C00
3600
6300
C380
ENDCHAR
STARTCHAR afii10088
ENCODING 1094
SWIDTH 625 0
DWIDTH 10 0
BBX 9 12 1 -3
BITMAP
C300
C300
C300
C300
C300
C300
C300
FF80
FF80
0180
0180
0180
ENDCHAR
STARTCHAR afii10089
ENCODING 1095
SWIDTH 563 0
DWIDTH 9 0
BBX 7 9 1 0
BITMAP
C6
C6
C6
C6
FE
7E
06
06
06
ENDCHAR
STARTCHAR afii10090
ENCODING 1096
SWIDTH 875 0
DWIDTH 14 0
BBX 12 9 1 0
BITMAP
C630
C630
C630
C630
C630
C630
C630
FFF0
FFF0
ENDCHAR
STARTCHAR afii10091
ENCODING 1097
SWIDTH 875 0
DWIDTH 14 0
BBX 13 12 1 -3
BITMAP
C630
C630
C630
C630
C630
C630
C630
FFF8
FFF8
0018
0018
0018
ENDCHAR
STARTCHAR afii10092
ENCODING 1098
SWIDTH 750 0
DWIDTH 12 0
BBX 11 9 0 0
BITMAP
F800
F800
1800
1FC0
1FE0
1860
1860
1FE0
1FC0
ENDCHAR
STARTCHAR afii10093
ENCODING 1099
SWIDTH 875 0
DWIDTH 14 0
BBX 12 9 1 0
BITMAP
C030
C030
C030
FE30
FF30
C330
C330
FF30
FE30
ENDCHAR
STARTCHAR afii10094
ENCODING 1100
SWIDTH 625 0
DWIDTH 10 0
BBX 8 9 1 0
BITMAP
C0
C0
C0
FE
FF
C3
C3
FF
FE
ENDCHAR
STARTCHAR afii10095
ENCODING 1101
SWIDTH 563 0
DWIDTH 9 0
BBX 8 9 0 0
BITMAP
3C
FE
C3
1F
1F
03
C7
7E
3C
ENDCHAR
STARTCHAR afii10096
ENCODING 1102
SWIDTH 875 0
DWIDTH 14 0
BBX 12 9 1 0
BITMAP
C3C0
C7E0
CE70
FC30
FC30
CC30
CE70
C7E0
C3C0
ENDCHAR
STARTCHAR afii10097
ENCODING 1103
SWIDTH 563 0
DWIDTH 9 0
BBX 8 9 0 0
BITMAP
3F
7F
63
7F
3F
33
73
63
C3
ENDCHAR
STARTCHAR afii10071
ENCODING 1105
SWIDTH 563 0
DWIDTH 9 0
BBX 7 12 1 0
BITMAP
6C
6C
00
38
7C
C6
FE
FE
C0
C0
7E
3C
ENDCHAR
STARTCHAR afii10099
ENCODING 1106
SWIDTH 625 0
DWIDTH 10 0
BBX 9 16 0 -4
BITMAP
6000
FC00
FC00
6000
6F00
7F80
7180
6180
6180
6180
6180
6180
0180
0180
0780
0700
ENDCHAR
STARTCHAR afii10100
ENCODING 1107
SWIDTH 438 0
DWIDTH 7 0
BBX 6 13 1 0
BITMAP
0C
18
30
00
FC
FC
C0
C0
C0
C0
C0
C0
C0
ENDCHAR
STARTCHAR afii10101
ENCODING 1108
SWIDTH 563 0
DWIDTH 9 0
BBX 8 9 1 0
BITMAP
3C
7F
C3
F8
F8
C0
E3
7E
3C
ENDCHAR
STARTCHAR afii10102
ENCODING 1109
SWIDTH 563 0
DWIDTH 9 0
BBX 7 9 1 0
BITMAP
7C
FE
C6
F0
7C
0E
C6
FE
7C
ENDCHAR
STARTCHAR afii10103
ENCODING 1110
SWIDTH 250 0
DWIDTH 4 0
BBX 2 12 1 0
BITMAP
C0
C0
00
C0
C0
C0
C0
C0
C0
C0
C0
C0
ENDCHAR
STARTCHAR afii10104
ENCODING 1111
SWIDTH 250 0
DWIDTH 4 0
BBX 5 12 0 0
BITMAP
D8
D8
00
60
60
60
60
60
60
60
60
60
ENDCHAR
STARTCHAR afii10105
ENCODING 1112
SWIDTH 250 0
DWIDTH 4 0
BBX 3 16 0 -4
BITMAP
60
60
00
60
60
60
60
60
60
60
60
60
60
60
E0
C0
ENDCHAR
STARTCHAR afii10106
ENCODING 1113
SWIDTH 1000 0
DWIDTH 16 0
BBX 15 9 0 0
BITMAP
1F80
1F80
1980
31FC
31FE
3186
3186
E1FE
E1FC
ENDCHAR
STARTCHAR afii10107
ENCODING 1114
SWIDTH 938 0
DWIDTH 15 0
BBX 13 9 1 0
BITMAP
C600
C600
C600
FFF0
FFF8
C618
C618
C7F8
C7F0
ENDCHAR
STARTCHAR afii10108
ENCODING 1115
SWIDTH 625 0
DWIDTH 10 0
BBX 9 12 0 0
BITMAP
6000
FC00
FC00
6000
6F00
7F80
7180
6180
6180
6180
6180
6180
ENDCHAR
STARTCHAR afii10109
ENCODING 1116
SWIDTH 500 0
DWIDTH 8 0
BBX 7 13 1 0
BITMAP
0C
18
30
00
C6
CC
CC
D8
F8
D8
CC
CC
C6
ENDCHAR
STARTCHAR afii10110
ENCODING 1118
SWIDTH 563 0
DWIDTH 9 0
BBX 9 17 0 -4
BITMAP
3600
3600
1C00
0000
C180
E380
6300
6300
3600
3600
3600
1C00
1C00
1C00
1800
7800
7000
ENDCHAR
STARTCHAR afii10193
ENCODING 1119
SWIDTH 625 0
DWIDTH 10 0
BBX 8 12 1 -3
BITMAP
C3
C3
C3
C3
C3
C3
C3
FF
FF
18
18
18
ENDCHAR
STARTCHAR afii10050
ENCODING 1168
SWIDTH 500 0
DWIDTH 8 0
BBX 7 14 1 0
BITMAP
06
06
06
FE
FE
C0
C0
C0
C0
C0
C0
C0
C0
C0
ENDCHAR
STARTCHAR afii10098
ENCODING 1169
SWIDTH 438 0
DWIDTH 7 0
BBX 6 12 1 0
BITMAP
0C
0C
0C
FC
FC
C0
C0
C0
C0
C0
C0
C0
ENDCHAR
STARTCHAR uni1E3E
ENCODING 7742
SWIDTH 875 0
DWIDTH 14 0
BBX 11 16 1 0
BITMAP
0100
0380
0600
0400
E0E0
F0E0
F0E0
F1E0
D9E0
F960
FB60
EF60
EE60
E660
E660
E060
ENDCHAR
STARTCHAR uni1E3F
ENCODING 7743
SWIDTH 938 0
DWIDTH 15 0
BBX 13 15 1 0
BITMAP
0080
00C0
0180
0300
0100
0000
DE70
FFF8
E718
E318
E318
E318
E318
E318
E318
ENDCHAR
STARTCHAR Wgrave
ENCODING 7808
SWIDTH 938 0
DWIDTH 15 0
BBX 16 14 0 0
BITMAP
0380
00C0
0000
C386
C386
E3C6
62CE
66CC
664C
366C
346C
3C78
3C38
1C38
ENDCHAR
STARTCHAR wgrave
ENCODING 7809
SWIDTH 813 0
DWIDTH 13 0
BBX 11 13 1 0
BITMAP
1800
0C00
0600
0000
CE60
CE60
CA60
4A40
7BC0
7BC0
7BC0
71C0
3180
ENDCHAR
STARTCHAR Wacute
ENCODING 7810
SWIDTH 938 0
DWIDTH 15 0
BBX 16 14 0 0
BITMAP
00E0
0180
0000
C386
C386
E3C6
62CE
66CC
664C
366C
346C
3C78
3C38
1C38
ENDCHAR
STARTCHAR wacute
ENCODING 7811
SWIDTH 813 0
DWIDTH 13 0
BBX 11 13 1 0
BITMAP
0180
0300
0600
0000
CE60
CE60
CA60
4A40
7BC0
7BC0
7BC0
71C0
3180
ENDCHAR
STARTCHAR Wdieresis
ENCODING 7812
SWIDTH 938 0
DWIDTH 15 0
BBX 16 14 0 0
BITMAP
06C0
06C0
0000
C386
C386
E3C6
62CE
66CC
664C
366C
346C
3C78
3C38
1C38
ENDCHAR
STARTCHAR wdieresis
ENCODING 7813
SWIDTH 813 0
DWIDTH 13 0
BBX 11 12 1 0
BITMAP
1B00
1B00
0000
CE60
CE60
CA60
4A40
7BC0
7BC0
7BC0
71C0
3180
ENDCHAR
STARTCHAR uni1EA0
ENCODING 7840
SWIDTH 625 0
DWIDTH 10 0
BBX 10 16 0 -4
BITMAP
0E00
1E00
1E00
1B00
3300
3300
3380
7F80
7F80
61C0
E1C0
C0C0
0000
0400
0C00
0C00
ENDCHAR
STARTCHAR uni1EA1
ENCODING 7841
SWIDTH 563 0
DWIDTH 9 0
BBX 7 13 1 -4
BITMAP
7C
FE
46
1E
7E
C6
C6
FE
7E
00
10
38
38
ENDCHAR
STARTCHAR uni1EA2
ENCODING 7842
SWIDTH 625 0
DWIDTH 10 0
BBX 10 16 0 0
BITMAP
0C00
0600
0C00
0000
0E00
1E00
1E00
1B00
3300
3300
3380
7F80
7F80
61C0
E1C0
C0C0
ENDCHAR
STARTCHAR uni1EA3
ENCODING 7843
SWIDTH 563 0
DWIDTH 9 0
BBX 7 14 1 0
BITMAP
38
0C
0C
10
00
7C
FE
46
1E
7E
C6
C6
FE
7E
ENDCHAR
STARTCHAR uni1EA4
ENCODING 7844
SWIDTH 625 0
DWIDTH 10 0
BBX 10 16 0 0
BITMAP
00C0
0F80
3B00
0000
0E00
1E00
1E00
1B00
3300
3300
3380
7F80
7F80
61C0
E1C0
C0C0
ENDCHAR
STARTCHAR uni1EA5
ENCODING 7845
SWIDTH 563 0
DWIDTH 9 0
BBX 9 15 1 0
BITMAP
0100
0180
1B00
7E00
2400
0000
7C00
FE00
4600
1E00
7E00
C600
C600
FE00
7E00
ENDCHAR
STARTCHAR uni1EA6
ENCODING 7846
SWIDTH 625 0
DWIDTH 10 0
BBX 10 16 0 0
BITMAP
4000
2E00
3B00
0000
0E00
1E00
1E00
1B00
3300
3300
3380
7F80
7F80
61C0
E1C0
C0C0
ENDCHAR
STARTCHAR uni1EA7
ENCODING 7847
SWIDTH 563 0
DWIDTH 9 0
BBX 8 15 0 0
BITMAP
40
C0
6C
3F
12
00
3E
7F
23
0F
3F
63
63
7F
3F
ENDCHAR
STARTCHAR uni1EA8
ENCODING 7848
SWIDTH 625 0
DWIDTH 10 0
BBX 10 17 0 0
BITMAP
0100
0180
0F80
3B00
0000
0E00
1E00
1E00
1B00
3300
3300
3380
7F80
7F80
61C0
E1C0
C0C0
ENDCHAR
STARTCHAR uni1EA9
ENCODING 7849
SWIDTH 563 0
DWIDTH 9 0
BBX 8 15 1 0
BITMAP
02
01
1B
7E
24
00
7C
FE
46
1E
7E
C6
C6
FE
7E
ENDCHAR
STARTCHAR uni1EAA
ENCODING 7850
SWIDTH 625 0
DWIDTH 10 0
BBX 10 17 0 0
BITMAP
1F00
3600
0C00
3F00
0000
0E00
1E00
1E00
1B00
3300
3300
3380
7F80
7F80
61C0
E1C0
C0C0
ENDCHAR
STARTCHAR uni1EAB
ENCODING 7851
SWIDTH 563 0
DWIDTH 9 0
BBX 7 15 1 0
BITMAP
36
6C
18
7E
24
00
7C
FE
46
1E
7E
C6
C6
FE
7E
ENDCHAR
STARTCHAR uni1EAC
ENCODING 7852
SWIDTH 625 0
DWIDTH 10 0
BBX 10 19 0 -4
BITMAP
1E00
3300
0000
0E00
1E00
1E00
1B00
3300
3300
3380
7F80
7F80
61C0
E1C0
C0C0
0000
0400
0C00
0C00
ENDCHAR
STARTCHAR uni1EAD
ENCODING 7853
SWIDTH 563 0
DWIDTH 9 0
BBX 7 17 1 -4
BITMAP
3C
66
42
00
7C
FE
46
1E
7E
C6
C6
FE
7E
00
10
38
38
ENDCHAR
STARTCHAR uni1EAE
ENCODING 7854
SWIDTH 625 0
DWIDTH 10 0
BBX 10 18 0 0
BITMAP
0200
0600
0C00
3300
1E00
0000
0E00
1E00
1E00
1B00
3300
3300
3380
7F80
7F80
61C0
E1C0
C0C0
ENDCHAR
STARTCHAR uni1EAF
ENCODING 7855
SWIDTH 563 0
DWIDTH 9 0
BBX 7 16 1 0
BITMAP
08
0C
18
66
3C
18
00
7C
FE
46
1E
7E
C6
C6
FE
7E
ENDCHAR
STARTCHAR uni1EB0
ENCODING 7856
SWIDTH 625 0
DWIDTH 10 0
BBX 10 18 0 0
BITMAP
0800
1800
0C00
3300
1E00
0000
0E00
1E00
1E00
1B00
3300
3300
3380
7F80
7F80
61C0
E1C0
C0C0
ENDCHAR
STARTCHAR uni1EB1
ENCODING 7857
SWIDTH 563 0
DWIDTH 9 0
BBX 7 16 1 0
BITMAP
10
30
18
66
3C
18
00
7C
FE
46
1E
7E
C6
C6
FE
7E
ENDCHAR
STARTCHAR uni1EB2
ENCODING 7858
SWIDTH 625 0
DWIDTH 10 0
BBX 10 18 0 0
BITMAP
0800
0E00
0C00
3300
1E00
0000
0E00
1E00
1E00
1B00
3300
3300
3380
7F80
7F80
61C0
E1C0
C0C0
ENDCHAR
STARTCHAR uni1EB3
ENCODING 7859
SWIDTH 563 0
DWIDTH 9 0
BBX 7 16 1 0
BITMAP
18
18
18
66
3C
18
00
7C
FE
46
1E
7E
C6
C6
FE
7E
ENDCHAR
STARTCHAR uni1EB4
ENCODING 7860
SWIDTH 625 0
DWIDTH 10 0
BBX 10 17 0 0
BITMAP
1F00
3600
3300
1E00
0000
0E00
1E00
1E00
1B00
3300
3300
3380
7F80
7F80
61C0
E1C0
C0C0
ENDCHAR
STARTCHAR uni1EB5
ENCODING 7861
SWIDTH 563 0
DWIDTH 9 0
BBX 7 15 1 0
BITMAP
36
6C
26
7C
18
00
7C
FE
46
1E
7E
C6
C6
FE
7E
ENDCHAR
STARTCHAR uni1EB6
ENCODING 7862
SWIDTH 625 0
DWIDTH 10 0
BBX 10 19 0 -4
BITMAP
3300
1E00
0000
0E00
1E00
1E00
1B00
3300
3300
3380
7F80
7F80
61C0
E1C0
C0C0
0000
0400
0C00
0C00
ENDCHAR
STARTCHAR uni1EB7
ENCODING 7863
SWIDTH 563 0
DWIDTH 9 0
BBX 7 17 1 -4
BITMAP
66
3C
18
00
7C
FE
46
1E
7E
C6
C6
FE
7E
00
10
38
38
ENDCHAR
STARTCHAR uni1EB8
ENCODING 7864
SWIDTH 625 0
DWIDTH 10 0
BBX 8 16 1 -4
BITMAP
FF
FF
E0
E0
E0
FE
FE
E0
E0
E0
FF
FF
00
08
1C
1C
ENDCHAR
STARTCHAR uni1EB9
ENCODING 7865
SWIDTH 563 0
DWIDTH 9 0
BBX 8 13 1 -4
BITMAP
3C
7E
C6
C3
FF
C0
E0
7E
3E
00
10
38
18
ENDCHAR
STARTCHAR uni1EBA
ENCODING 7866
SWIDTH 625 0
DWIDTH 10 0
BBX 8 16 1 0
BITMAP
18
0C
1C
00
FF
FF
E0
E0
E0
FE
FE
E0
E0
E0
FF
FF
ENDCHAR
STARTCHAR uni1EBB
ENCODING 7867
SWIDTH 563 0
DWIDTH 9 0
BBX 8 14 1 0
BITMAP
38
0C
18
10
00
3C
7E
C6
C3
FF
C0
E0
7E
3E
ENDCHAR
STARTCHAR uni1EBC
ENCODING 7868
SWIDTH 625 0
DWIDTH 10 0
BBX 8 15 1 0
BITMAP
7B
6E
00
FF
FF
E0
E0
E0
FE
FE
E0
E0
E0
FF
FF
ENDCHAR
STARTCHAR uni1EBD
ENCODING 7869
SWIDTH 563 0
DWIDTH 9 0
BBX 8 13 1 0
BITMAP
72
5E
84
00
3C
7E
C6
C3
FF
C0
E0
7E
3E
ENDCHAR
STARTCHAR uni1EBE
ENCODING 7870
SWIDTH 625 0
DWIDTH 10 0
BBX 9 16 1 0
BITMAP
0180
1F00
3600
0000
FF00
FF00
E000
E000
E000
FE00
FE00
E000
E000
E000
FF00
FF00
ENDCHAR
STARTCHAR uni1EBF
ENCODING 7871
SWIDTH 563 0
DWIDTH 9 0
BBX 9 15 1 0
BITMAP
0100
0180
1B00
7E00
2400
0000
3C00
7E00
C600
C300
FF00
C000
E000
7E00
3E00
ENDCHAR
STARTCHAR uni1EC0
ENCODING 7872
SWIDTH 625 0
DWIDTH 10 0
BBX 8 16 1 0
BITMAP
80
5C
36
00
FF
FF
E0
E0
E0
FE
FE
E0
E0
E0
FF
FF
ENDCHAR
STARTCHAR uni1EC1
ENCODING 7873
SWIDTH 563 0
DWIDTH 9 0
BBX 9 15 0 0
BITMAP
4000
C000
6C00
3F00
1200
0000
1E00
3F00
6300
6180
7F80
6000
7000
3F00
1F00
ENDCHAR
STARTCHAR uni1EC2
ENCODING 7874
SWIDTH 625 0
DWIDTH 10 0
BBX 9 17 1 0
BITMAP
0200
0180
1D00
3600
0000
FF00
FF00
E000
E000
E000
FE00
FE00
E000
E000
E000
FF00
FF00
ENDCHAR
STARTCHAR uni1EC3
ENCODING 7875
SWIDTH 563 0
DWIDTH 9 0
BBX 8 15 1 0
BITMAP
02
07
1B
7E
24
00
3C
7E
C6
C3
FF
C0
E0
7E
3E
ENDCHAR
STARTCHAR uni1EC4
ENCODING 7876
SWIDTH 625 0
DWIDTH 10 0
BBX 8 17 1 0
BITMAP
3E
2C
1C
36
00
FF
FF
E0
E0
E0
FE
FE
E0
E0
E0
FF
FF
ENDCHAR
STARTCHAR uni1EC5
ENCODING 7877
SWIDTH 563 0
DWIDTH 9 0
BBX 8 15 1 0
BITMAP
34
4C
18
7E
24
00
3C
7E
C6
C3
FF
C0
E0
7E
3E
ENDCHAR
STARTCHAR uni1EC6
ENCODING 7878
SWIDTH 625 0
DWIDTH 10 0
BBX 8 19 1 -4
BITMAP
3C
76
00
FF
FF
E0
E0
E0
FE
FE
E0
E0
E0
FF
FF
00
08
1C
1C
ENDCHAR
STARTCHAR uni1EC7
ENCODING 7879
SWIDTH 563 0
DWIDTH 9 0
BBX 8 17 1 -4
BITMAP
3C
6E
42
00
3C
7E
C6
C3
FF
C0
E0
7E
3E
00
10
38
18
ENDCHAR
STARTCHAR uni1EC8
ENCODING 7880
SWIDTH 313 0
DWIDTH 5 0
BBX 3 16 1 0
BITMAP
E0
60
60
00
E0
E0
E0
E0
E0
E0
E0
E0
E0
E0
E0
E0
ENDCHAR
STARTCHAR uni1EC9
ENCODING 7881
SWIDTH 313 0
DWIDTH 5 0
BBX 3 14 1 0
BITMAP
E0
60
60
40
00
E0
E0
E0
E0
E0
E0
E0
E0
E0
ENDCHAR
STARTCHAR uni1ECA
ENCODING 7882
SWIDTH 313 0
DWIDTH 5 0
BBX 3 16 1 -4
BITMAP
E0
E0
E0
E0
E0
E0
E0
E0
E0
E0
E0
E0
00
40
E0
60
ENDCHAR
STARTCHAR uni1ECB
ENCODING 7883
SWIDTH 313 0
DWIDTH 5 0
BBX 3 17 1 -4
BITMAP
E0
E0
40
00
E0
E0
E0
E0
E0
E0
E0
E0
E0
00
40
E0
E0
ENDCHAR
STARTCHAR uni1ECC
ENCODING 7884
SWIDTH 750 0
DWIDTH 12 0
BBX 10 16 1 -4
BITMAP
1F00
7F80
71C0
E0C0
C0C0
C0C0
C0C0
C0C0
E0C0
61C0
7F80
3F00
0000
0400
0E00
0C00
ENDCHAR
STARTCHAR uni1ECD
ENCODING 7885
SWIDTH 625 0
DWIDTH 10 0
BBX 8 13 1 -4
BITMAP
3C
7E
E7
C3
C3
C3
E7
7E
3C
00
08
18
18
ENDCHAR
STARTCHAR uni1ECE
ENCODING 7886
SWIDTH 750 0
DWIDTH 12 0
BBX 10 16 1 0
BITMAP
0C00
0600
0E00
0000
1F00
7F80
71C0
E0C0
C0C0
C0C0
C0C0
C0C0
E0C0
61C0
7F80
3F00
ENDCHAR
STARTCHAR uni1ECF
ENCODING 7887
SWIDTH 625 0
DWIDTH 10 0
BBX 8 14 1 0
BITMAP
18
2C
0C
10
00
3C
7E
E7
C3
C3
C3
E7
7E
3C
ENDCHAR
STARTCHAR uni1ED0
ENCODING 7888
SWIDTH 750 0
DWIDTH 12 0
BBX 10 16 1 0
BITMAP
00C0
0F80
3B00
0000
1F00
7F80
71C0
E0C0
C0C0
C0C0
C0C0
C0C0
E0C0
61C0
7F80
3F00
ENDCHAR
STARTCHAR uni1ED1
ENCODING 7889
SWIDTH 625 0
DWIDTH 10 0
BBX 9 15 1 0
BITMAP
0100
0180
1B00
7E00
2400
0000
3C00
7E00
E700
C300
C300
C300
E700
7E00
3C00
ENDCHAR
STARTCHAR uni1ED2
ENCODING 7890
SWIDTH 750 0
DWIDTH 12 0
BBX 10 16 1 0
BITMAP
4000
2E00
3B00
0000
1F00
7F80
71C0
E0C0
C0C0
C0C0
C0C0
C0C0
E0C0
61C0
7F80
3F00
ENDCHAR
STARTCHAR uni1ED3
ENCODING 7891
SWIDTH 625 0
DWIDTH 10 0
BBX 9 15 0 0
BITMAP
4000
C000
6C00
3F00
1200
0000
1E00
3F00
7380
6180
6180
6180
7380
3F00
1E00
ENDCHAR
STARTCHAR uni1ED4
ENCODING 7892
SWIDTH 750 0
DWIDTH 12 0
BBX 10 17 1 0
BITMAP
0100
01C0
0E80
3B00
0000
1F00
7F80
71C0
E0C0
C0C0
C0C0
C0C0
C0C0
E0C0
61C0
7F80
3F00
ENDCHAR
STARTCHAR uni1ED5
ENCODING 7893
SWIDTH 625 0
DWIDTH 10 0
BBX 8 15 1 0
BITMAP
02
01
1B
7E
24
00
3C
7E
E7
C3
C3
C3
E7
7E
3C
ENDCHAR
STARTCHAR uni1ED6
ENCODING 7894
SWIDTH 750 0
DWIDTH 12 0
BBX 10 17 1 0
BITMAP
1F00
3600
0C00
3F00
0000
1F00
7F80
71C0
E0C0
C0C0
C0C0
C0C0
C0C0
E0C0
61C0
7F80
3F00
ENDCHAR
STARTCHAR uni1ED7
ENCODING 7895
SWIDTH 625 0
DWIDTH 10 0
BBX 8 15 1 0
BITMAP
36
6C
18
7E
24
00
3C
7E
E7
C3
C3
C3
E7
7E
3C
ENDCHAR
STARTCHAR uni1ED8
ENCODING 7896
SWIDTH 750 0
DWIDTH 12 0
BBX 10 19 1 -4
BITMAP
1E00
3300
0000
1F00
7F80
71C0
E0C0
C0C0
C0C0
C0C0
C0C0
E0C0
61C0
7F80
3F00
0000
0400
0E00
0C00
ENDCHAR
STARTCHAR uni1ED9
ENCODING 7897
SWIDTH 625 0
DWIDTH 10 0
BBX 8 17 1 -4
BITMAP
3C
66
42
00
3C
7E
E7
C3
C3
C3
E7
7E
3C
00
08
18
18
ENDCHAR
STARTCHAR uni1EDA
ENCODING 7898
SWIDTH 750 0
DWIDTH 12 0
BBX 11 16 1 0
BITMAP
0200
0720
0E60
0860
1FC0
7F80
71C0
E0C0
C0C0
C0C0
C0C0
C0C0
E0C0
61C0
7F80
3F00
ENDCHAR
STARTCHAR uni1EDB
ENCODING 7899
SWIDTH 625 0
DWIDTH 10 0
BBX 9 15 1 0
BITMAP
0400
0600
0C00
1980
0980
0180
3F00
7E00
E700
C300
C300
C300
E700
7E00
3C00
ENDCHAR
STARTCHAR uni1EDC
ENCODING 7900
SWIDTH 750 0
DWIDTH 12 0
BBX 11 16 1 0
BITMAP
1000
3820
0C60
0460
1FC0
7F80
71C0
E0C0
C0C0
C0C0
C0C0
C0C0
E0C0
61C0
7F80
3F00
ENDCHAR
STARTCHAR uni1EDD
ENCODING 7901
SWIDTH 625 0
DWIDTH 10 0
BBX 9 15 1 0
BITMAP
2000
6000
3000
1980
1180
0180
3F00
7E00
E700
C300
C300
C300
E700
7E00
3C00
ENDCHAR
STARTCHAR uni1EDE
ENCODING 7902
SWIDTH 750 0
DWIDTH 12 0
BBX 11 16 1 0
BITMAP
0C00
0620
0E60
0060
1FC0
7F80
71C0
E0C0
C0C0
C0C0
C0C0
C0C0
E0C0
61C0
7F80
3F00
ENDCHAR
STARTCHAR uni1EDF
ENCODING 7903
SWIDTH 625 0
DWIDTH 10 0
BBX 9 14 1 0
BITMAP
1800
0C00
0D80
1180
0180
3F00
7E00
E700
C300
C300
C300
E700
7E00
3C00
ENDCHAR
STARTCHAR uni1EE0
ENCODING 7904
SWIDTH 750 0
DWIDTH 12 0
BBX 11 15 1 0
BITMAP
3D20
6F60
0060
1FC0
7F80
71C0
E0C0
C0C0
C0C0
C0C0
C0C0
E0C0
61C0
7F80
3F00
ENDCHAR
STARTCHAR uni1EE1
ENCODING 7905
SWIDTH 625 0
DWIDTH 10 0
BBX 9 13 1 0
BITMAP
7600
DF80
0980
0180
3F00
7E00
E700
C300
C300
C300
E700
7E00
3C00
ENDCHAR
STARTCHAR uni1EE2
ENCODING 7906
SWIDTH 750 0
DWIDTH 12 0
BBX 11 19 1 -4
BITMAP
0020
0060
0060
1FC0
7F80
71C0
E0C0
C0C0
C0C0
C0C0
C0C0
E0C0
61C0
7F80
3F00
0000
0400
0E00
0C00
ENDCHAR
STARTCHAR uni1EE3
ENCODING 7907
SWIDTH 625 0
DWIDTH 10 0
BBX 9 16 1 -4
BITMAP
0180
0180
0180
3F00
7E00
E700
C300
C300
C300
E700
7E00
3C00
0000
0800
1800
1800
ENDCHAR
STARTCHAR uni1EE4
ENCODING 7908
SWIDTH 750 0
DWIDTH 12 0
BBX 10 16 1 -4
BITMAP
E1C0
E1C0
E1C0
E1C0
E1C0
E1C0
E1C0
E1C0
6180
6180
7F80
3F00
0000
0800
0C00
0C00
ENDCHAR
STARTCHAR uni1EE5
ENCODING 7909
SWIDTH 625 0
DWIDTH 10 0
BBX 8 13 1 -4
BITMAP
E3
E3
E3
E3
E3
E3
E7
FF
7B
00
08
18
18
ENDCHAR
STARTCHAR uni1EE6
ENCODING 7910
SWIDTH 750 0
DWIDTH 12 0
BBX 10 16 1 0
BITMAP
0C00
1600
0C00
0000
E1C0
E1C0
E1C0
E1C0
E1C0
E1C0
E1C0
E1C0
6180
6180
7F80
3F00
ENDCHAR
STARTCHAR uni1EE7
ENCODING 7911
SWIDTH 625 0
DWIDTH 10 0
BBX 8 14 1 0
BITMAP
18
0C
0C
10
00
E3
E3
E3
E3
E3
E3
E7
FF
7B
ENDCHAR
STARTCHAR uni1EE8
ENCODING 7912
SWIDTH 750 0
DWIDTH 12 0
BBX 12 16 1 0
BITMAP
0200
0730
0C30
0830
E1E0
E1C0
E1C0
E1C0
E1C0
E1C0
E1C0
E1C0
6180
6180
7F80
3F00
ENDCHAR
STARTCHAR uni1EE9
ENCODING 7913
SWIDTH 625 0
DWIDTH 10 0
BBX 10 15 1 0
BITMAP
0400
0600
0C00
18C0
08C0
0180
E380
E300
E300
E300
E300
E300
E700
FF00
7B00
ENDCHAR
STARTCHAR uni1EEA
ENCODING 7914
SWIDTH 750 0
DWIDTH 12 0
BBX 12 16 1 0
BITMAP
1000
3830
0C30
0430
E1E0
E1C0
E1C0
E1C0
E1C0
E1C0
E1C0
E1C0
6180
6180
7F80
3F00
ENDCHAR
STARTCHAR uni1EEB
ENCODING 7915
SWIDTH 625 0
DWIDTH 10 0
BBX 10 15 1 0
BITMAP
2000
6000
3000
18C0
10C0
0180
E380
E300
E300
E300
E300
E300
E700
FF00
7B00
ENDCHAR
STARTCHAR uni1EEC
ENCODING 7916
SWIDTH 750 0
DWIDTH 12 0
BBX 12 16 1 0
BITMAP
0C00
1630
0C30
0030
E1E0
E1C0
E1C0
E1C0
E1C0
E1C0
E1C0
E1C0
6180
6180
7F80
3F00
ENDCHAR
STARTCHAR uni1EED
ENCODING 7917
SWIDTH 625 0
DWIDTH 10 0
BBX 10 14 1 0
BITMAP
1800
0C00
0CC0
10C0
0180
E380
E300
E300
E300
E300
E300
E700
FF00
7B00
ENDCHAR
STARTCHAR uni1EEE
ENCODING 7918
SWIDTH 750 0
DWIDTH 12 0
BBX 12 15 1 0
BITMAP
3D30
2F30
0030
E1E0
E1C0
E1C0
E1C0
E1C0
E1C0
E1C0
E1C0
6180
6180
7F80
3F00
ENDCHAR
STARTCHAR uni1EEF
ENCODING 7919
SWIDTH 625 0
DWIDTH 10 0
BBX 10 13 1 0
BITMAP
7200
5EC0
04C0
0180
E380
E300
E300
E300
E300
E300
E700
FF00
7B00
ENDCHAR
STARTCHAR uni1EF0
ENCODING 7920
SWIDTH 750 0
DWIDTH 12 0
BBX 12 19 1 -4
BITMAP
0030
0030
0030
E1E0
E1C0
E1C0
E1C0
E1C0
E1C0
E1C0
E1C0
6180
6180
7F80
3F00
0000
0800
0C00
0C00
ENDCHAR
STARTCHAR uni1EF1
ENCODING 7921
SWIDTH 625 0
DWIDTH 10 0
BBX 10 16 1 -4
BITMAP
00C0
00C0
0180
E380
E300
E300
E300
E300
E300
E700
FF00
7B00
0000
0800
1C00
1800
ENDCHAR
STARTCHAR Ygrave
ENCODING 7922
SWIDTH 625 0
DWIDTH 10 0
BBX 8 14 1 0
BITMAP
38
0C
00
C3
66
66
3C
3C
18
18
18
18
18
18
ENDCHAR
STARTCHAR ygrave
ENCODING 7923
SWIDTH 563 0
DWIDTH 9 0
BBX 9 17 0 -4
BITMAP
3000
1800
0C00
0000
C180
E380
6300
6300
3600
3600
3600
1C00
1C00
1C00
1800
7800
7000
ENDCHAR
STARTCHAR uni1EF4
ENCODING 7924
SWIDTH 563 0
DWIDTH 9 0
BBX 9 16 0 -4
BITMAP
E180
6380
6300
7300
3600
3E00
1C00
1C00
1C00
1C00
1C00
1C00
0000
0800
1C00
0C00
ENDCHAR
STARTCHAR uni1EF5
ENCODING 7925
SWIDTH 563 0
DWIDTH 9 0
BBX 9 13 0 -4
BITMAP
E180
6300
6300
3300
3600
3600
1E00
1C00
0C00
0C00
1980
7B80
6180
ENDCHAR
STARTCHAR uni1EF6
ENCODING 7926
SWIDTH 563 0
DWIDTH 9 0
BBX 9 16 0 0
BITMAP
1C00
0C00
0C00
0000
E180
6380
6300
7300
3600
3E00
1C00
1C00
1C00
1C00
1C00
1C00
ENDCHAR
STARTCHAR uni1EF7
ENCODING 7927
SWIDTH 563 0
DWIDTH 9 0
BBX 9 18 0 -4
BITMAP
1C00
0C00
0C00
0800
0000
E180
6300
6300
3300
3600
3600
1E00
1C00
0C00
0C00
1800
7800
6000
ENDCHAR
STARTCHAR uni1EF8
ENCODING 7928
SWIDTH 563 0
DWIDTH 9 0
BBX 9 15 0 0
BITMAP
3B00
6F00
0000
E180
6380
6300
7300
3600
3E00
1C00
1C00
1C00
1C00
1C00
1C00
ENDCHAR
STARTCHAR uni1EF9
ENCODING 7929
SWIDTH 563 0
DWIDTH 9 0
BBX 9 17 0 -4
BITMAP
3B00
6F00
0600
0000
E180
6300
6300
3300
3600
3600
1E00
1C00
0C00
0C00
1800
7800
6000
ENDCHAR
STARTCHAR uni2002
ENCODING 8194
SWIDTH 500 0
DWIDTH 8 0
BBX 0 0 0 0
BITMAP
ENDCHAR
STARTCHAR uni2003
ENCODING 8195
SWIDTH 1000 0
DWIDTH 16 0
BBX 0 0 0 0
BITMAP
ENDCHAR
STARTCHAR uni2010
ENCODING 8208
SWIDTH 313 0
DWIDTH 5 0
BBX 4 2 1 3
BITMAP
F0
F0
ENDCHAR
STARTCHAR uni2011
ENCODING 8209
SWIDTH 313 0
DWIDTH 5 0
BBX 4 2 1 3
BITMAP
F0
F0
ENDCHAR
STARTCHAR figuredash
ENCODING 8210
SWIDTH 313 0
DWIDTH 5 0
BBX 4 2 1 3
BITMAP
F0
F0
ENDCHAR
STARTCHAR endash
ENCODING 8211
SWIDTH 563 0
DWIDTH 9 0
BBX 8 2 0 3
BITMAP
FF
FF
ENDCHAR
STARTCHAR emdash
ENCODING 8212
SWIDTH 1000 0
DWIDTH 16 0
BBX 16 2 0 3
BITMAP
FFFF
FFFF
ENDCHAR
STARTCHAR afii00208
ENCODING 8213
SWIDTH 1000 0
DWIDTH 16 0
BBX 16 2 0 3
BITMAP
FFFF
FFFF
ENDCHAR
STARTCHAR uni2016
ENCODING 8214
SWIDTH 1000 0
DWIDTH 16 0
BBX 4 16 6 -2
BITMAP
90
90
90
90
90
90
90
90
90
90
90
90
90
90
90
90
ENDCHAR
STARTCHAR underscoredbl
ENCODING 8215
SWIDTH 563 0
DWIDTH 9 0
BBX 9 3 0 -4
BITMAP
FF80
0000
FF80
ENDCHAR
STARTCHAR quoteleft
ENCODING 8216
SWIDTH 250 0
DWIDTH 4 0
BBX 2 4 1 7
BITMAP
C0
80
C0
C0
ENDCHAR
STARTCHAR quoteright
ENCODING 8217
SWIDTH 250 0
DWIDTH 4 0
BBX 2 4 1 7
BITMAP
C0
C0
40
C0
ENDCHAR
STARTCHAR quotesinglbase
ENCODING 8218
SWIDTH 250 0
DWIDTH 4 0
BBX 2 4 1 -2
BITMAP
C0
C0
40
C0
ENDCHAR
STARTCHAR quotereversed
ENCODING 8219
SWIDTH 250 0
DWIDTH 4 0
BBX 2 4 1 7
BITMAP
C0
C0
80
C0
ENDCHAR
STARTCHAR quotedblleft
ENCODING 8220
SWIDTH 500 0
DWIDTH 8 0
BBX 5 4 1 7
BITMAP
D8
90
D8
D8
ENDCHAR
STARTCHAR quotedblright
ENCODING 8221
SWIDTH 500 0
DWIDTH 8 0
BBX 5 4 2 7
BITMAP
D8
D8
48
D8
ENDCHAR
STARTCHAR quotedblbase
ENCODING 8222
SWIDTH 500 0
DWIDTH 8 0
BBX 5 4 2 -2
BITMAP
D8
D8
48
D8
ENDCHAR
STARTCHAR dagger
ENCODING 8224
SWIDTH 563 0
DWIDTH 9 0
BBX 6 13 2 -1
BITMAP
30
30
30
FC
FC
30
30
30
30
30
30
30
30
ENDCHAR
STARTCHAR daggerdbl
ENCODING 8225
SWIDTH 563 0
DWIDTH 9 0
BBX 6 13 2 -1
BITMAP
30
30
30
FC
FC
30
30
30
FC
FC
30
30
30
ENDCHAR
STARTCHAR bullet
ENCODING 8226
SWIDTH 375 0
DWIDTH 6 0
BBX 5 5 0 3
BITMAP
70
F8
F8
F8
70
ENDCHAR
STARTCHAR uni2025
ENCODING 8229
SWIDTH 1000 0
DWIDTH 16 0
BBX 10 2 3 5
BITMAP
C0C0
C0C0
ENDCHAR
STARTCHAR ellipsis
ENCODING 8230
SWIDTH 1000 0
DWIDTH 16 0
BBX 12 2 2 0
BITMAP
C630
C630
ENDCHAR
STARTCHAR uni2027
ENCODING 8231
SWIDTH 1000 0
DWIDTH 16 0
BBX 4 4 6 4
BITMAP
60
F0
F0
60
ENDCHAR
STARTCHAR perthousand
ENCODING 8240
SWIDTH 1125 0
DWIDTH 18 0
BBX 18 11 0 0
BITMAP
706000
D8C000
D88000
D90000
DB0000
76E380
0DB6C0
09B6C0
11B6C0
31B6C0
60E380
ENDCHAR
STARTCHAR minute
ENCODING 8242
SWIDTH 250 0
DWIDTH 4 0
BBX 3 4 0 7
BITMAP
60
60
40
40
ENDCHAR
STARTCHAR second
ENCODING 8243
SWIDTH 500 0
DWIDTH 8 0
BBX 7 4 0 7
BITMAP
66
66
44
44
ENDCHAR
STARTCHAR uni2035
ENCODING 8245
SWIDTH 1000 0
DWIDTH 16 0
BBX 4 2 5 13
BITMAP
E0
30
ENDCHAR
STARTCHAR guilsinglleft
ENCODING 8249
SWIDTH 313 0
DWIDTH 5 0
BBX 4 7 1 1
BITMAP
30
60
E0
C0
E0
60
30
ENDCHAR
STARTCHAR guilsinglright
ENCODING 8250
SWIDTH 313 0
DWIDTH 5 0
BBX 4 7 0 1
BITMAP
C0
60
70
30
70
60
C0
ENDCHAR
STARTCHAR uni203B
ENCODING 8251
SWIDTH 1000 0
DWIDTH 16 0
BBX 12 12 2 0
BITMAP
8610
4620
2440
1080
0900
E670
C630
0900
1080
2640
4620
8610
ENDCHAR
STARTCHAR exclamdbl
ENCODING 8252
SWIDTH 625 0
DWIDTH 10 0
BBX 7 11 1 0
BITMAP
C6
C6
C6
C6
C6
C6
C6
C6
00
C6
C6
ENDCHAR
STARTCHAR uni203E
ENCODING 8254
SWIDTH 313 0
DWIDTH 5 0
BBX 7 2 -1 11
BITMAP
FE
FE
ENDCHAR
STARTCHAR uni2042
ENCODING 8258
SWIDTH 1000 0
DWIDTH 16 0
BBX 14 13 1 0
BITMAP
0300
0B40
0EC0
0300
0EC0
0B40
0300
1020
54A8
FEFC
3870
D6AC
1020
ENDCHAR
STARTCHAR fraction
ENCODING 8260
SWIDTH 188 0
DWIDTH 3 0
BBX 9 11 -3 0
BITMAP
0180
0100
0200
0600
0C00
0800
1800
3000
2000
4000
C000
ENDCHAR
STARTCHAR uni2047
ENCODING 8263
SWIDTH 1000 0
DWIDTH 16 0
BBX 14 12 1 0
BITMAP
7CF8
FDFC
0C1C
0C1C
1C18
3830
3070
3060
0000
3060
7070
3060
ENDCHAR
STARTCHAR uni2048
ENCODING 8264
SWIDTH 813 0
DWIDTH 13 0
BBX 11 12 1 0
BITMAP
7CC0
FCC0
0CC0
0CC0
1CC0
38C0
30C0
30C0
0000
30C0
70E0
30E0
ENDCHAR
STARTCHAR uni2049
ENCODING 8265
SWIDTH 813 0
DWIDTH 13 0
BBX 11 12 1 0
BITMAP
63E0
67E0
6060
6060
60E0
60C0
6180
6180
0000
6180
E380
6180
ENDCHAR
STARTCHAR uni2051
ENCODING 8273
SWIDTH 1000 0
DWIDTH 16 0
BBX 6 14 5 -1
BITMAP
30
A4
EC
30
EC
30
00
30
B4
EC
30
EC
B4
30
ENDCHAR
STARTCHAR uni2074
ENCODING 8308
SWIDTH 438 0
DWIDTH 7 0
BBX 6 7 1 7
BITMAP
30
70
50
D0
FC
10
10
ENDCHAR
STARTCHAR uni207F
ENCODING 8319
SWIDTH 375 0
DWIDTH 6 0
BBX 4 5 1 4
BITMAP
F0
90
90
90
90
ENDCHAR
STARTCHAR franc
ENCODING 8355
SWIDTH 563 0
DWIDTH 9 0
BBX 8 11 0 0
BITMAP
7F
7F
60
60
7F
7F
60
F8
F8
60
60
ENDCHAR
STARTCHAR lira
ENCODING 8356
SWIDTH 563 0
DWIDTH 9 0
BBX 7 11 1 0
BITMAP
38
7C
6C
60
F8
60
F8
60
46
FE
FC
ENDCHAR
STARTCHAR peseta
ENCODING 8359
SWIDTH 1063 0
DWIDTH 17 0
BBX 15 11 1 0
BITMAP
F000
F800
CC00
CC80
CD80
FFDC
FFF2
C1BC
C19E
C1A6
C1DC
ENDCHAR
STARTCHAR uni20A9
ENCODING 8361
SWIDTH 563 0
DWIDTH 9 0
BBX 10 12 0 0
BITMAP
C180
CD80
CD80
4D80
6D80
7D80
FFC0
7580
7700
7700
7700
7300
ENDCHAR
STARTCHAR uni20AB
ENCODING 8363
SWIDTH 563 0
DWIDTH 9 0
BBX 8 12 1 0
BITMAP
06
3F
06
36
7E
C6
C6
C6
7E
3E
00
FE
ENDCHAR
STARTCHAR Euro
ENCODING 8364
SWIDTH 563 0
DWIDTH 9 0
BBX 8 11 0 0
BITMAP
1E
3F
73
60
F8
60
F8
60
73
3F
1E
ENDCHAR
STARTCHAR uni20DD
ENCODING 8413
SWIDTH 0 0
DWIDTH 0 0
BBX 16 15 -16 -1
BITMAP
03C0
0C30
1008
2004
4002
4002
8001
8001
8001
8001
4002
4002
2004
1008
0FF0
ENDCHAR
STARTCHAR uni20DE
ENCODING 8414
SWIDTH 0 0
DWIDTH 0 0
BBX 14 14 -15 -1
BITMAP
FFFC
8004
8004
8004
8004
8004
8004
8004
8004
8004
8004
8004
8004
FFFC
ENDCHAR
STARTCHAR uni2100
ENCODING 8448
SWIDTH 1000 0
DWIDTH 16 0
BBX 14 12 1 0
BITMAP
3C30
6C20
4C40
CCC0
C880
7900
031C
0224
0460
0860
1860
3038
ENDCHAR
STARTCHAR uni2103
ENCODING 8451
SWIDTH 1000 0
DWIDTH 16 0
BBX 16 12 0 0
BITMAP
787C
48FE
CDC2
7980
3180
0380
0380
0180
0180
01C2
00FF
007C
ENDCHAR
STARTCHAR afii61248
ENCODING 8453
SWIDTH 875 0
DWIDTH 14 0
BBX 14 11 0 0
BITMAP
7830
CC60
C040
C080
C1F8
CFCC
7ECC
04CC
08CC
18CC
3078
ENDCHAR
STARTCHAR uni2109
ENCODING 8457
SWIDTH 1000 0
DWIDTH 16 0
BBX 14 12 1 0
BITMAP
F1FC
99FC
8980
F180
2180
01FC
01FC
0180
0180
0180
0180
0180
ENDCHAR
STARTCHAR uni210A
ENCODING 8458
SWIDTH 1000 0
DWIDTH 16 0
BBX 10 13 3 -4
BITMAP
1EC0
3F80
7180
6180
6380
6300
7F00
7F00
7300
C300
C600
FE00
7800
ENDCHAR
STARTCHAR uni210F
ENCODING 8463
SWIDTH 1000 0
DWIDTH 16 0
BBX 9 13 3 0
BITMAP
1800
1900
3F00
7800
3300
3F80
3980
3180
6180
6380
6300
6300
E300
ENDCHAR
STARTCHAR afii61289
ENCODING 8467
SWIDTH 500 0
DWIDTH 8 0
BBX 7 11 0 0
BITMAP
3C
7E
66
66
6C
7C
F0
E0
66
7C
3C
ENDCHAR
STARTCHAR afii61352
ENCODING 8470
SWIDTH 1125 0
DWIDTH 18 0
BBX 16 11 1 0
BITMAP
C180
E180
E180
D180
D98E
C99B
CD9B
C59B
C38E
C380
C19F
ENDCHAR
STARTCHAR uni2121
ENCODING 8481
SWIDTH 1000 0
DWIDTH 16 0
BBX 16 12 0 0
BITMAP
FC00
FC00
33C8
33C8
3308
3308
33C8
33C8
3308
3308
33EF
33EF
ENDCHAR
STARTCHAR trademark
ENCODING 8482
SWIDTH 1000 0
DWIDTH 16 0
BBX 13 5 1 6
BITMAP
FB18
2318
22A8
22A8
2248
ENDCHAR
STARTCHAR u2126
ENCODING 8486
SWIDTH 750 0
DWIDTH 12 0
BBX 10 11 1 0
BITMAP
3F00
7F80
E1C0
C0C0
C0C0
C0C0
C0C0
6180
3300
F3C0
F3C0
ENDCHAR
STARTCHAR uni2127
ENCODING 8487
SWIDTH 1000 0
DWIDTH 16 0
BBX 12 12 2 0
BITMAP
F9F0
F9F0
30C0
70E0
6060
6060
6060
6060
70E0
70E0
3FC0
1F80
ENDCHAR
STARTCHAR uni212B
ENCODING 8491
SWIDTH 1000 0
DWIDTH 16 0
BBX 10 16 3 0
BITMAP
0C00
1E00
3300
3200
1E00
1E00
1E00
1E00
3300
3300
3300
7F80
7F80
6180
E1C0
C0C0
ENDCHAR
STARTCHAR estimated
ENCODING 8494
SWIDTH 625 0
DWIDTH 10 0
BBX 8 9 1 0
BITMAP
3C
42
C3
C3
FF
C0
C0
41
3E
ENDCHAR
STARTCHAR uni2135
ENCODING 8501
SWIDTH 1000 0
DWIDTH 16 0
BBX 11 13 3 0
BITMAP
0200
C3C0
C3E0
E1C0
7100
3A00
FE00
CE00
8700
C380
C180
60C0
C180
ENDCHAR
STARTCHAR uni213B
ENCODING 8507
SWIDTH 1000 0
DWIDTH 16 0
BBX 15 12 1 0
BITMAP
F326
F724
8734
851C
8598
E598
E598
8F98
8FBC
8CB4
88E4
88E6
ENDCHAR
STARTCHAR oneeighth
ENCODING 8539
SWIDTH 813 0
DWIDTH 13 0
BBX 11 11 1 0
BITMAP
40C0
C080
4100
4300
E600
0400
0DE0
1920
10C0
2120
61E0
ENDCHAR
STARTCHAR threeeighths
ENCODING 8540
SWIDTH 813 0
DWIDTH 13 0
BBX 12 11 0 0
BITMAP
F060
1040
6080
1180
F300
0200
06F0
0C90
0860
1090
30F0
ENDCHAR
STARTCHAR fiveeighths
ENCODING 8541
SWIDTH 813 0
DWIDTH 13 0
BBX 12 11 0 0
BITMAP
F060
8040
F080
1180
F300
0200
06F0
0C90
0860
1090
30F0
ENDCHAR
STARTCHAR seveneighths
ENCODING 8542
SWIDTH 813 0
DWIDTH 13 0
BBX 11 11 1 0
BITMAP
F0C0
2080
2100
4300
4600
0400
0DE0
1920
10C0
2120
61E0
ENDCHAR
STARTCHAR uni2160
ENCODING 8544
SWIDTH 1000 0
DWIDTH 16 0
BBX 2 12 7 0
BITMAP
C0
C0
C0
C0
C0
C0
C0
C0
C0
C0
C0
C0
ENDCHAR
STARTCHAR uni2161
ENCODING 8545
SWIDTH 1000 0
DWIDTH 16 0
BBX 8 12 4 0
BITMAP
E7
E7
E7
E7
E7
E7
E7
E7
E7
E7
E7
E7
ENDCHAR
STARTCHAR uni2162
ENCODING 8546
SWIDTH 1000 0
DWIDTH 16 0
BBX 14 12 1 0
BITMAP
E31C
E31C
E31C
E31C
E31C
E31C
E31C
E31C
E31C
E31C
E31C
E31C
ENDCHAR
STARTCHAR uni2163
ENCODING 8547
SWIDTH 1000 0
DWIDTH 16 0
BBX 14 12 2 0
BITMAP
CC1C
CC18
CE18
C638
C630
C730
C330
C360
C360
C3E0
C1E0
C1C0
ENDCHAR
STARTCHAR uni2164
ENCODING 8548
SWIDTH 1000 0
DWIDTH 16 0
BBX 10 12 3 0
BITMAP
E0C0
E1C0
6180
6180
7380
3300
3300
3300
1E00
1E00
1E00
1E00
ENDCHAR
STARTCHAR uni2165
ENCODING 8549
SWIDTH 1000 0
DWIDTH 16 0
BBX 14 12 0 0
BITMAP
E0CC
60CC
61CC
718C
318C
318C
3B0C
1B0C
1B0C
1B0C
1E0C
0E0C
ENDCHAR
STARTCHAR uni2166
ENCODING 8550
SWIDTH 1000 0
DWIDTH 16 0
BBX 15 12 0 0
BITMAP
E376
6376
6376
6376
6776
7676
3676
3676
3676
3476
3C76
1C76
ENDCHAR
STARTCHAR uni2167
ENCODING 8551
SWIDTH 1000 0
DWIDTH 16 0
BBX 15 12 0 0
BITMAP
C7B6
C5B6
65B6
6DB6
6DB6
6DB6
6DB6
29B6
29B6
29B6
39B6
39B6
ENDCHAR
STARTCHAR uni2168
ENCODING 8552
SWIDTH 1000 0
DWIDTH 16 0
BBX 13 12 2 0
BITMAP
CE18
C638
C730
C360
C3E0
C1C0
C1C0
C360
C370
C730
C638
CE18
ENDCHAR
STARTCHAR uni2169
ENCODING 8553
SWIDTH 1000 0
DWIDTH 16 0
BBX 10 12 3 0
BITMAP
E1C0
7380
3300
3B00
1E00
1E00
1E00
1E00
3700
3300
6380
E1C0
ENDCHAR
STARTCHAR uni216A
ENCODING 8554
SWIDTH 1000 0
DWIDTH 16 0
BBX 13 12 1 0
BITMAP
E398
E318
7718
3618
3E18
1C18
1C18
3E18
7618
6718
E318
C398
ENDCHAR
STARTCHAR uni216B
ENCODING 8555
SWIDTH 1000 0
DWIDTH 16 0
BBX 15 12 0 0
BITMAP
E366
6666
7666
3666
3C66
1C66
1C66
3C66
3666
6666
6766
E366
ENDCHAR
STARTCHAR uni2170
ENCODING 8560
SWIDTH 1000 0
DWIDTH 16 0
BBX 2 13 7 0
BITMAP
C0
C0
80
00
C0
C0
C0
C0
C0
C0
C0
C0
C0
ENDCHAR
STARTCHAR uni2171
ENCODING 8561
SWIDTH 1000 0
DWIDTH 16 0
BBX 8 13 4 0
BITMAP
E7
E7
42
00
E7
E7
E7
E7
E7
E7
E7
E7
E7
ENDCHAR
STARTCHAR uni2172
ENCODING 8562
SWIDTH 1000 0
DWIDTH 16 0
BBX 12 13 2 0
BITMAP
C630
E670
4420
0000
C630
C630
C630
C630
C630
C630
C630
C630
C630
ENDCHAR
STARTCHAR uni2173
ENCODING 8563
SWIDTH 1000 0
DWIDTH 16 0
BBX 13 13 2 0
BITMAP
E000
E000
4000
0000
EE38
E630
E630
E630
E360
E360
E360
E1C0
E1C0
ENDCHAR
STARTCHAR uni2174
ENCODING 8564
SWIDTH 1000 0
DWIDTH 16 0
BBX 8 9 4 0
BITMAP
C3
C3
E7
66
66
76
3C
3C
1C
ENDCHAR
STARTCHAR uni2175
ENCODING 8565
SWIDTH 1000 0
DWIDTH 16 0
BBX 13 13 1 0
BITMAP
0038
0038
0010
0000
E1B8
6338
6338
7338
3638
3638
3638
1C38
1C38
ENDCHAR
STARTCHAR uni2176
ENCODING 8566
SWIDTH 1000 0
DWIDTH 16 0
BBX 15 13 0 0
BITMAP
0066
006E
0044
0000
E366
6766
6666
6666
6666
3466
3C66
3C66
1C66
ENDCHAR
STARTCHAR uni2177
ENCODING 8567
SWIDTH 1000 0
DWIDTH 16 0
BBX 16 13 0 0
BITMAP
01B6
01FF
0092
0000
C7B6
6DB6
6DB6
6DB6
6DB6
29B6
29B6
39B6
39B6
ENDCHAR
STARTCHAR uni2178
ENCODING 8568
SWIDTH 1000 0
DWIDTH 16 0
BBX 13 13 2 0
BITMAP
E000
E000
4000
0000
EE38
E770
E360
E3E0
E1C0
E3C0
E360
E670
EE38
ENDCHAR
STARTCHAR uni2179
ENCODING 8569
SWIDTH 1000 0
DWIDTH 16 0
BBX 8 9 4 0
BITMAP
E7
66
76
3C
3C
3C
6E
66
C7
ENDCHAR
STARTCHAR uni217A
ENCODING 8570
SWIDTH 1000 0
DWIDTH 16 0
BBX 13 13 1 0
BITMAP
0038
0038
0010
0000
E3B8
7338
3638
1E38
1C38
3E38
3638
7738
E3B8
ENDCHAR
STARTCHAR uni217B
ENCODING 8571
SWIDTH 1000 0
DWIDTH 16 0
BBX 15 13 0 0
BITMAP
0066
0066
0024
0000
E366
7666
3666
3C66
1C66
3C66
3666
6666
E366
ENDCHAR
STARTCHAR arrowleft
ENCODING 8592
SWIDTH 1000 0
DWIDTH 16 0
BBX 9 5 3 0
BITMAP
2000
4000
FF80
4000
2000
ENDCHAR
STARTCHAR arrowup
ENCODING 8593
SWIDTH 500 0
DWIDTH 8 0
BBX 5 9 2 0
BITMAP
20
70
A8
20
20
20
20
20
20
ENDCHAR
STARTCHAR arrowright
ENCODING 8594
SWIDTH 1000 0
DWIDTH 16 0
BBX 9 5 3 0
BITMAP
0200
0100
FF80
0100
0200
ENDCHAR
STARTCHAR arrowdown
ENCODING 8595
SWIDTH 500 0
DWIDTH 8 0
BBX 5 9 2 0
BITMAP
20
20
20
20
20
20
A8
70
20
ENDCHAR
STARTCHAR arrowboth
ENCODING 8596
SWIDTH 1000 0
DWIDTH 16 0
BBX 9 5 3 0
BITMAP
2200
4100
FF80
4100
2200
ENDCHAR
STARTCHAR arrowupdn
ENCODING 8597
SWIDTH 500 0
DWIDTH 8 0
BBX 5 9 2 0
BITMAP
20
70
A8
20
20
20
A8
70
20
ENDCHAR
STARTCHAR uni2196
ENCODING 8598
SWIDTH 1000 0
DWIDTH 16 0
BBX 11 11 3 0
BITMAP
FC00
FC00
F000
F800
DC00
4E00
0700
0380
01C0
00E0
0040
ENDCHAR
STARTCHAR uni2197
ENCODING 8599
SWIDTH 1000 0
DWIDTH 16 0
BBX 11 11 2 0
BITMAP
07E0
07E0
01E0
03E0
0760
0E40
1C00
3800
7000
E000
4000
ENDCHAR
STARTCHAR uni2198
ENCODING 8600
SWIDTH 1000 0
DWIDTH 16 0
BBX 11 11 2 1
BITMAP
4000
E000
7000
3800
1C00
0E60
0760
03E0
01E0
07E0
07E0
ENDCHAR
STARTCHAR uni2199
ENCODING 8601
SWIDTH 1000 0
DWIDTH 16 0
BBX 11 11 3 1
BITMAP
0040
00E0
01C0
0380
0700
CE00
DC00
F800
F000
FC00
FC00
ENDCHAR
STARTCHAR arrowupdnbse
ENCODING 8616
SWIDTH 500 0
DWIDTH 8 0
BBX 5 11 2 -2
BITMAP
20
70
A8
20
20
20
A8
70
20
00
F8
ENDCHAR
STARTCHAR uni21B8
ENCODING 8632
SWIDTH 1000 0
DWIDTH 16 0
BBX 14 14 1 0
BITMAP
0000
FFFC
0000
3F00
3F00
3C00
3E00
3700
3380
01C0
00E0
0070
0038
0010
ENDCHAR
STARTCHAR uni21B9
ENCODING 8633
SWIDTH 1000 0
DWIDTH 16 0
BBX 16 14 0 -1
BITMAP
C600
CC00
D800
FFFE
D800
CC00
C600
0063
0033
001B
7FFF
001B
0033
0063
ENDCHAR
STARTCHAR uni21C4
ENCODING 8644
SWIDTH 1000 0
DWIDTH 16 0
BBX 14 14 1 -1
BITMAP
0060
0030
0018
FFFC
0018
0030
0060
1800
3000
6000
FFFC
6000
3000
1800
ENDCHAR
STARTCHAR uni21C5
ENCODING 8645
SWIDTH 1000 0
DWIDTH 16 0
BBX 14 15 1 -1
BITMAP
1000
1020
3820
7C20
D620
9220
1020
1020
1020
1020
1124
11AC
10F8
1070
1020
ENDCHAR
STARTCHAR uni21C6
ENCODING 8646
SWIDTH 1000 0
DWIDTH 16 0
BBX 14 14 1 -1
BITMAP
1800
3000
6000
FFFC
6000
3000
1800
0060
0030
0018
FFFC
0018
0030
0060
ENDCHAR
STARTCHAR uni21CB
ENCODING 8651
SWIDTH 1000 0
DWIDTH 16 0
BBX 14 14 1 -1
BITMAP
0800
1800
3000
7FFC
FFFC
0000
0000
0000
0000
FFFC
FFF8
0030
0060
0040
ENDCHAR
STARTCHAR uni21CC
ENCODING 8652
SWIDTH 1000 0
DWIDTH 16 0
BBX 14 14 1 -1
BITMAP
0040
0060
0030
FFF8
FFFC
0000
0000
0000
0000
FFFC
7FFC
3000
1800
0800
ENDCHAR
STARTCHAR uni21D0
ENCODING 8656
SWIDTH 1000 0
DWIDTH 16 0
BBX 15 11 0 1
BITMAP
0400
0600
0C00
1FFE
3FFE
F000
7000
3FFE
1FFE
0C00
0600
ENDCHAR
STARTCHAR uni21D2
ENCODING 8658
SWIDTH 1000 0
DWIDTH 16 0
BBX 15 11 1 1
BITMAP
0040
00C0
0060
FFF0
FFF8
001E
001C
FFF8
FFF0
0060
00C0
ENDCHAR
STARTCHAR uni21D4
ENCODING 8660
SWIDTH 1000 0
DWIDTH 16 0
BBX 16 11 0 1
BITMAP
0420
0C30
0C30
1FF8
3FFC
E007
6006
3FFC
1FF8
0C30
0C30
ENDCHAR
STARTCHAR uni21E6
ENCODING 8678
SWIDTH 1000 0
DWIDTH 16 0
BBX 14 11 1 1
BITMAP
0400
0400
1C00
27FC
4004
8004
8004
4004
37FC
0C00
0400
ENDCHAR
STARTCHAR uni21E7
ENCODING 8679
SWIDTH 1000 0
DWIDTH 16 0
BBX 10 15 3 -1
BITMAP
0800
0C00
1200
2100
4080
4080
E1C0
2100
2100
2100
2100
2100
2100
2100
3F00
ENDCHAR
STARTCHAR uni21E8
ENCODING 8680
SWIDTH 1000 0
DWIDTH 16 0
BBX 14 11 1 1
BITMAP
0080
0080
00E0
FF90
8008
8004
8004
8008
FFB0
00C0
0080
ENDCHAR
STARTCHAR uni21E9
ENCODING 8681
SWIDTH 1000 0
DWIDTH 16 0
BBX 10 14 3 -1
BITMAP
3F00
2100
2100
2100
2100
2100
2100
2100
E1C0
4080
2100
2100
1200
0C00
ENDCHAR
STARTCHAR uni21F5
ENCODING 8693
SWIDTH 1000 0
DWIDTH 16 0
BBX 14 15 1 -1
BITMAP
0020
1020
1070
10F8
11AC
1124
1020
1020
1020
1020
9220
D620
7C20
3820
1020
ENDCHAR
STARTCHAR uni2200
ENCODING 8704
SWIDTH 1000 0
DWIDTH 16 0
BBX 12 12 2 0
BITMAP
C030
C030
6060
7FE0
3FC0
30C0
1980
1980
0F00
0600
0600
0400
ENDCHAR
STARTCHAR partialdiff
ENCODING 8706
SWIDTH 500 0
DWIDTH 8 0
BBX 8 12 0 0
BITMAP
3C
3E
07
03
3B
7F
E7
C3
C6
C6
FC
78
ENDCHAR
STARTCHAR uni2203
ENCODING 8707
SWIDTH 1000 0
DWIDTH 16 0
BBX 10 12 3 0
BITMAP
FFC0
FFC0
00C0
00C0
00C0
FFC0
FFC0
00C0
00C0
00C0
FFC0
FFC0
ENDCHAR
STARTCHAR uni2205
ENCODING 8709
SWIDTH 1000 0
DWIDTH 16 0
BBX 12 12 2 0
BITMAP
0F20
3FE0
60E0
41E0
C3B0
C730
CE30
DC30
7860
70E0
7FC0
0F00
ENDCHAR
STARTCHAR u2206
ENCODING 8710
SWIDTH 563 0
DWIDTH 9 0
BBX 9 11 0 0
BITMAP
1C00
1C00
3600
3600
3600
6300
6300
6300
C180
FF80
FF80
ENDCHAR
STARTCHAR uni2207
ENCODING 8711
SWIDTH 1000 0
DWIDTH 16 0
BBX 12 12 2 0
BITMAP
FFF0
FFF0
6060
6060
70E0
30C0
31C0
1980
1980
1F80
0F00
0F00
ENDCHAR
STARTCHAR uni2208
ENCODING 8712
SWIDTH 1000 0
DWIDTH 16 0
BBX 12 10 2 1
BITMAP
3FF0
7000
6000
C000
FFF0
FFF0
C000
6000
7FF0
1FF0
ENDCHAR
STARTCHAR uni2209
ENCODING 8713
SWIDTH 1000 0
DWIDTH 16 0
BBX 12 14 2 -1
BITMAP
0600
0600
3FF0
7600
6600
C600
FFF0
FFF0
C600
6600
7FF0
1FF0
0600
0600
ENDCHAR
STARTCHAR uni220A
ENCODING 8714
SWIDTH 1000 0
DWIDTH 16 0
BBX 8 9 4 0
BITMAP
1F
7F
60
E0
FE
C0
C0
7E
3E
ENDCHAR
STARTCHAR uni220B
ENCODING 8715
SWIDTH 1000 0
DWIDTH 16 0
BBX 12 10 2 1
BITMAP
FFC0
00E0
0060
0030
FFF0
FFF0
0030
0060
FFE0
FF80
ENDCHAR
STARTCHAR product
ENCODING 8719
SWIDTH 813 0
DWIDTH 13 0
BBX 9 15 2 -4
BITMAP
FF80
FF80
C180
C180
C180
C180
C180
C180
C180
C180
C180
C180
C180
C180
C180
ENDCHAR
STARTCHAR summation
ENCODING 8721
SWIDTH 688 0
DWIDTH 11 0
BBX 9 15 1 -4
BITMAP
FF80
FF80
4000
2000
3000
1800
0C00
0600
0C00
1800
3000
2000
4000
FF80
FF80
ENDCHAR
STARTCHAR minus
ENCODING 8722
SWIDTH 563 0
DWIDTH 9 0
BBX 7 2 1 4
BITMAP
FE
FE
ENDCHAR
STARTCHAR uni2213
ENCODING 8723
SWIDTH 1000 0
DWIDTH 16 0
BBX 12 13 2 -1
BITMAP
FFF0
FFF0
0000
0600
0600
0600
0600
FFF0
FFF0
0600
0600
0600
0600
ENDCHAR
STARTCHAR fraction
ENCODING 8725
SWIDTH 188 0
DWIDTH 3 0
BBX 9 11 -3 0
BITMAP
0180
0100
0200
0600
0C00
0800
1800
3000
2000
4000
C000
ENDCHAR
STARTCHAR periodcentered
ENCODING 8729
SWIDTH 250 0
DWIDTH 4 0
BBX 2 2 1 4
BITMAP
C0
C0
ENDCHAR
STARTCHAR radical
ENCODING 8730
SWIDTH 563 0
DWIDTH 9 0
BBX 9 13 0 0
BITMAP
0080
0080
0100
0100
0100
0200
C200
E200
2400
1400
1400
0800
0800
ENDCHAR
STARTCHAR uni221D
ENCODING 8733
SWIDTH 1000 0
DWIDTH 16 0
BBX 14 6 0 3
BITMAP
7E7C
67E0
C180
C3C0
67E0
3C3C
ENDCHAR
STARTCHAR infinity
ENCODING 8734
SWIDTH 688 0
DWIDTH 11 0
BBX 9 5 1 3
BITMAP
7700
9480
8880
9480
7700
ENDCHAR
STARTCHAR orthogonal
ENCODING 8735
SWIDTH 1000 0
DWIDTH 16 0
BBX 10 10 3 0
BITMAP
8000
8000
8000
8000
8000
8000
8000
8000
8000
FFC0
ENDCHAR
STARTCHAR uni2220
ENCODING 8736
SWIDTH 1000 0
DWIDTH 16 0
BBX 12 11 2 0
BITMAP
0060
00E0
01C0
0380
0700
0E00
1C00
3800
7000
FFF0
FFF0
ENDCHAR
STARTCHAR uni2223
ENCODING 8739
SWIDTH 1000 0
DWIDTH 16 0
BBX 2 12 7 0
BITMAP
C0
C0
C0
C0
C0
C0
C0
C0
C0
C0
C0
C0
ENDCHAR
STARTCHAR uni2225
ENCODING 8741
SWIDTH 1000 0
DWIDTH 16 0
BBX 10 12 3 0
BITMAP
0600
0C80
0CC0
1980
1980
3300
3300
6600
6600
CC00
4C00
1800
ENDCHAR
STARTCHAR uni2226
ENCODING 8742
SWIDTH 1000 0
DWIDTH 16 0
BBX 10 12 3 0
BITMAP
0600
0C80
6CC0
3980
1980
3F00
3F00
6600
6700
CD80
4C00
1800
ENDCHAR
STARTCHAR uni2227
ENCODING 8743
SWIDTH 1000 0
DWIDTH 16 0
BBX 12 12 2 0
BITMAP
0600
0600
0F00
0F00
1980
1980
30C0
30C0
6060
6060
C030
C030
ENDCHAR
STARTCHAR uni2228
ENCODING 8744
SWIDTH 1000 0
DWIDTH 16 0
BBX 12 12 2 0
BITMAP
C030
C030
6060
6060
30C0
30C0
1980
1980
0F00
0F00
0600
0400
ENDCHAR
STARTCHAR intersection
ENCODING 8745
SWIDTH 750 0
DWIDTH 12 0
BBX 8 8 2 0
BITMAP
3C
42
81
81
81
81
81
81
ENDCHAR
STARTCHAR uni222A
ENCODING 8746
SWIDTH 1000 0
DWIDTH 16 0
BBX 10 12 3 0
BITMAP
8040
8040
8040
8040
8040
8040
8040
C0C0
C0C0
6180
7F80
1E00
ENDCHAR
STARTCHAR integral
ENCODING 8747
SWIDTH 250 0
DWIDTH 4 0
BBX 6 16 -1 -4
BITMAP
1C
3C
30
30
30
30
30
30
30
30
30
30
30
30
F0
E0
ENDCHAR
STARTCHAR uni222C
ENCODING 8748
SWIDTH 1000 0
DWIDTH 16 0
BBX 12 15 2 -1
BITMAP
0C30
1C70
30E0
30C0
30C0
30C0
30C0
30C0
30C0
30C0
30C0
30C0
30C0
71C0
E380
ENDCHAR
STARTCHAR uni222D
ENCODING 8749
SWIDTH 1000 0
DWIDTH 16 0
BBX 16 15 0 -1
BITMAP
0663
1EEE
19CC
198C
1998
1998
1998
1998
1998
1998
1998
1998
3198
3398
F778
ENDCHAR
STARTCHAR uni222E
ENCODING 8750
SWIDTH 1000 0
DWIDTH 16 0
BBX 6 15 5 -1
BITMAP
0C
1C
38
30
30
78
B4
B4
B4
FC
30
30
30
70
E0
ENDCHAR
STARTCHAR uni2234
ENCODING 8756
SWIDTH 1000 0
DWIDTH 16 0
BBX 10 10 3 1
BITMAP
0C00
0C00
0C00
0000
0000
0000
0000
C0C0
C0C0
C0C0
ENDCHAR
STARTCHAR uni2235
ENCODING 8757
SWIDTH 1000 0
DWIDTH 16 0
BBX 10 10 3 1
BITMAP
C0C0
C0C0
C0C0
0000
0000
0000
0000
0C00
0C00
0C00
ENDCHAR
STARTCHAR uni2236
ENCODING 8758
SWIDTH 1000 0
DWIDTH 16 0
BBX 2 10 7 1
BITMAP
C0
C0
C0
00
00
00
00
C0
C0
C0
ENDCHAR
STARTCHAR uni2237
ENCODING 8759
SWIDTH 1000 0
DWIDTH 16 0
BBX 10 10 3 1
BITMAP
C0C0
C0C0
C0C0
0000
0000
0000
0000
C0C0
C0C0
C0C0
ENDCHAR
STARTCHAR uni223D
ENCODING 8765
SWIDTH 1000 0
DWIDTH 16 0
BBX 16 6 0 3
BITMAP
787E
60E6
C183
C382
6706
3E1C
ENDCHAR
STARTCHAR uni2243
ENCODING 8771
SWIDTH 1000 0
DWIDTH 16 0
BBX 12 7 2 3
BITMAP
3820
7E70
C7E0
4180
0000
FFF0
FFF0
ENDCHAR
STARTCHAR uni2245
ENCODING 8773
SWIDTH 1000 0
DWIDTH 16 0
BBX 12 8 2 2
BITMAP
3C30
67E0
C3C0
0000
FFF0
FFF0
0000
FFF0
ENDCHAR
STARTCHAR approxequal
ENCODING 8776
SWIDTH 563 0
DWIDTH 9 0
BBX 8 8 0 2
BITMAP
60
F9
1F
06
70
F9
9F
06
ENDCHAR
STARTCHAR uni224C
ENCODING 8780
SWIDTH 1000 0
DWIDTH 16 0
BBX 16 12 0 0
BITMAP
383C
68E6
C1C2
C183
6706
7E1E
0000
0000
3FFC
0000
0000
3FFC
ENDCHAR
STARTCHAR notequal
ENCODING 8800
SWIDTH 563 0
DWIDTH 9 0
BBX 7 9 1 0
BITMAP
0C
08
FE
FE
10
FE
FE
20
60
ENDCHAR
STARTCHAR equivalence
ENCODING 8801
SWIDTH 563 0
DWIDTH 9 0
BBX 7 7 1 2
BITMAP
FE
00
00
FE
00
00
FE
ENDCHAR
STARTCHAR uni2262
ENCODING 8802
SWIDTH 1000 0
DWIDTH 16 0
BBX 12 12 2 0
BITMAP
0100
0180
FFF0
FFF0
0200
FFF0
FFF0
0400
FFF0
FFF0
1800
0800
ENDCHAR
STARTCHAR lessequal
ENCODING 8804
SWIDTH 563 0
DWIDTH 9 0
BBX 7 10 1 0
BITMAP
02
1E
FC
E0
E0
FC
1E
02
FE
FE
ENDCHAR
STARTCHAR greaterequal
ENCODING 8805
SWIDTH 563 0
DWIDTH 9 0
BBX 7 10 1 0
BITMAP
80
F0
7E
0E
0E
7E
F0
80
FE
FE
ENDCHAR
STARTCHAR uni2266
ENCODING 8806
SWIDTH 1000 0
DWIDTH 16 0
BBX 12 15 2 -1
BITMAP
0010
0070
03E0
1F00
F800
7C00
0F00
03E0
0070
0010
FFF0
FFF0
0000
FFF0
FFF0
ENDCHAR
STARTCHAR uni2267
ENCODING 8807
SWIDTH 1000 0
DWIDTH 16 0
BBX 12 15 2 -1
BITMAP
8000
E000
7C00
0F80
01F0
03E0
0F00
7C00
E000
8000
FFF0
FFF0
0000
FFF0
FFF0
ENDCHAR
STARTCHAR uni226A
ENCODING 8810
SWIDTH 1000 0
DWIDTH 16 0
BBX 14 12 1 0
BITMAP
0184
031C
0E30
18E0
3180
C700
E300
3180
1CE0
0630
031C
0184
ENDCHAR
STARTCHAR uni226B
ENCODING 8811
SWIDTH 1000 0
DWIDTH 16 0
BBX 14 12 1 0
BITMAP
8600
E300
31C0
1C60
0630
038C
031C
0630
1CE0
3180
E300
8600
ENDCHAR
STARTCHAR uni226E
ENCODING 8814
SWIDTH 1000 0
DWIDTH 16 0
BBX 12 14 2 -1
BITMAP
0100
0130
01E0
0380
0F00
3E00
F200
7600
3E00
0F00
07C0
04E0
0C30
0400
ENDCHAR
STARTCHAR uni226F
ENCODING 8815
SWIDTH 1000 0
DWIDTH 16 0
BBX 12 14 2 -1
BITMAP
0300
C300
7200
1E00
0700
07C0
04F0
04E0
07C0
0F00
3C00
7800
C800
1800
ENDCHAR
STARTCHAR uni2272
ENCODING 8818
SWIDTH 1000 0
DWIDTH 16 0
BBX 12 14 2 -1
BITMAP
0010
00F0
03C0
1F00
F800
7800
1F00
03C0
00F0
0010
3810
7E30
C7E0
81C0
ENDCHAR
STARTCHAR uni2273
ENCODING 8819
SWIDTH 1000 0
DWIDTH 16 0
BBX 12 14 2 -1
BITMAP
8000
F000
3C00
0F80
01F0
01E0
0F80
3C00
F000
8000
3810
7E30
C7E0
81C0
ENDCHAR
STARTCHAR uni2276
ENCODING 8822
SWIDTH 1000 0
DWIDTH 16 0
BBX 12 15 2 -1
BITMAP
0010
0070
03E0
1F00
F800
7C00
0F80
E1E0
7C70
0F00
03E0
01F0
0F00
7C00
E000
ENDCHAR
STARTCHAR uni2277
ENCODING 8823
SWIDTH 1000 0
DWIDTH 16 0
BBX 12 15 2 -1
BITMAP
8000
E000
7C00
0F80
01F0
03E0
1F00
F870
C3E0
0F00
7C00
F800
1F00
03E0
0070
ENDCHAR
STARTCHAR uni2282
ENCODING 8834
SWIDTH 1000 0
DWIDTH 16 0
BBX 12 10 2 1
BITMAP
3FF0
7000
6000
C000
C000
C000
C000
6000
7FF0
1FF0
ENDCHAR
STARTCHAR uni2283
ENCODING 8835
SWIDTH 1000 0
DWIDTH 16 0
BBX 12 10 2 1
BITMAP
FFC0
00E0
0060
0030
0030
0030
0030
0060
FFE0
FF80
ENDCHAR
STARTCHAR uni2284
ENCODING 8836
SWIDTH 1000 0
DWIDTH 16 0
BBX 12 14 2 -1
BITMAP
0040
0060
3FF0
70C0
6180
C180
C300
C300
C600
6600
7FF0
1FF0
1800
0800
ENDCHAR
STARTCHAR uni2285
ENCODING 8837
SWIDTH 1000 0
DWIDTH 16 0
BBX 12 14 2 -1
BITMAP
0100
0180
FFC0
03E0
0660
0630
0C30
0C30
1830
1860
FFE0
FF80
6000
2000
ENDCHAR
STARTCHAR uni2286
ENCODING 8838
SWIDTH 1000 0
DWIDTH 16 0
BBX 12 12 2 0
BITMAP
3FF0
6000
C000
C000
C000
C000
6000
3FF0
0000
0000
0000
FFF0
ENDCHAR
STARTCHAR uni2287
ENCODING 8839
SWIDTH 1000 0
DWIDTH 16 0
BBX 12 12 2 0
BITMAP
FFC0
0060
0030
0030
0030
0030
0060
FFC0
0000
0000
0000
FFF0
ENDCHAR
STARTCHAR uni228A
ENCODING 8842
SWIDTH 1000 0
DWIDTH 16 0
BBX 12 13 2 -1
BITMAP
3FF0
6000
C000
C000
C000
C000
6000
3FF0
0000
0200
FFF0
FFF0
0C00
ENDCHAR
STARTCHAR uni228B
ENCODING 8843
SWIDTH 1000 0
DWIDTH 16 0
BBX 12 13 2 -1
BITMAP
FFC0
0060
0030
0030
0030
0030
0060
FFC0
0000
0200
FFF0
FFF0
0C00
ENDCHAR
STARTCHAR uni2295
ENCODING 8853
SWIDTH 1000 0
DWIDTH 16 0
BBX 12 12 2 0
BITMAP
0F00
3FC0
6060
4620
C630
DFB0
DFB0
C630
6660
70E0
3FC0
0F00
ENDCHAR
STARTCHAR uni2296
ENCODING 8854
SWIDTH 1000 0
DWIDTH 16 0
BBX 12 12 2 0
BITMAP
0F00
3FC0
6060
4020
C030
DFB0
DFB0
C030
6060
70E0
3FC0
0F00
ENDCHAR
STARTCHAR uni2297
ENCODING 8855
SWIDTH 1000 0
DWIDTH 16 0
BBX 12 12 2 0
BITMAP
0F00
3FC0
6060
4920
DFB0
CF30
CF30
DFB0
6960
70E0
3FC0
0F00
ENDCHAR
STARTCHAR uni2298
ENCODING 8856
SWIDTH 1000 0
DWIDTH 16 0
BBX 12 12 2 0
BITMAP
0F00
3FC0
6060
4120
C3B0
C730
CE30
DC30
6860
70E0
3FC0
0F00
ENDCHAR
STARTCHAR uni2299
ENCODING 8857
SWIDTH 1000 0
DWIDTH 16 0
BBX 12 12 2 0
BITMAP
0F00
3FC0
6060
4020
C030
C630
C630
C030
6060
70E0
3FC0
0F00
ENDCHAR
STARTCHAR uni22A0
ENCODING 8864
SWIDTH 1000 0
DWIDTH 16 0
BBX 12 12 2 0
BITMAP
FFF0
8010
9090
B9D0
9F90
8F10
8F10
9F90
B9D0
8010
8010
FFF0
ENDCHAR
STARTCHAR uni22A5
ENCODING 8869
SWIDTH 1000 0
DWIDTH 16 0
BBX 12 12 2 0
BITMAP
0600
0600
0600
0600
0600
0600
0600
0600
0600
0600
FFF0
FFF0
ENDCHAR
STARTCHAR uni22BF
ENCODING 8895
SWIDTH 1000 0
DWIDTH 16 0
BBX 13 13 1 0
BITMAP
0008
0008
0018
0038
0078
00D8
0198
0318
0618
0C18
1818
3FF8
FFF8
ENDCHAR
STARTCHAR uni22DA
ENCODING 8922
SWIDTH 1000 0
DWIDTH 16 0
BBX 13 16 1 -2
BITMAP
0008
00F8
07C0
FE00
0F80
01F8
0018
7FF8
7FF8
6000
7E00
07E0
03F8
1F00
7800
8000
ENDCHAR
STARTCHAR uni22DB
ENCODING 8923
SWIDTH 1000 0
DWIDTH 16 0
BBX 13 16 2 -2
BITMAP
8000
F800
1F00
03F8
0F80
FC00
C000
FFF0
FFF0
0030
03F0
3F00
FE00
07C0
00F0
0008
ENDCHAR
STARTCHAR uni22EF
ENCODING 8943
SWIDTH 1000 0
DWIDTH 16 0
BBX 14 2 1 5
BITMAP
E31C
6318
ENDCHAR
STARTCHAR house
ENCODING 8962
SWIDTH 625 0
DWIDTH 10 0
BBX 7 9 1 0
BITMAP
10
28
44
82
82
82
82
82
FE
ENDCHAR
STARTCHAR uni2305
ENCODING 8965
SWIDTH 1000 0
DWIDTH 16 0
BBX 12 11 2 0
BITMAP
7FE0
7FE0
0400
0600
0F00
0F00
1980
30C0
2040
E070
4020
ENDCHAR
STARTCHAR uni2306
ENCODING 8966
SWIDTH 1000 0
DWIDTH 16 0
BBX 12 12 2 0
BITMAP
7FE0
7FE0
0000
0000
7FE0
0600
0F00
1980
1080
30C0
6060
C030
ENDCHAR
STARTCHAR uni2307
ENCODING 8967
SWIDTH 1000 0
DWIDTH 16 0
BBX 4 16 6 -2
BITMAP
80
E0
30
10
10
70
C0
80
80
E0
30
10
10
70
C0
80
ENDCHAR
STARTCHAR revlogicalnot
ENCODING 8976
SWIDTH 563 0
DWIDTH 9 0
BBX 8 5 1 1
BITMAP
FF
FF
C0
C0
C0
ENDCHAR
STARTCHAR uni2312
ENCODING 8978
SWIDTH 1000 0
DWIDTH 16 0
BBX 16 5 0 9
BITMAP
03C0
1FF8
381C
E007
4002
ENDCHAR
STARTCHAR uni2318
ENCODING 8984
SWIDTH 1000 0
DWIDTH 16 0
BBX 14 14 1 -1
BITMAP
7038
8844
8844
8844
7FF8
0840
0840
0840
0840
7FF8
8844
8844
8844
7038
ENDCHAR
STARTCHAR integraltp
ENCODING 8992
SWIDTH 625 0
DWIDTH 10 0
BBX 3 18 4 -5
BITMAP
60
A0
80
80
80
80
80
80
80
80
80
80
80
80
80
80
80
80
ENDCHAR
STARTCHAR integralbt
ENCODING 8993
SWIDTH 625 0
DWIDTH 10 0
BBX 3 18 2 -5
BITMAP
20
20
20
20
20
20
20
20
20
20
20
20
20
20
20
20
A0
C0
ENDCHAR
STARTCHAR uni2329
ENCODING 9001
SWIDTH 1000 0
DWIDTH 16 0
BBX 6 15 9 -1
BITMAP
08
0C
18
18
30
60
60
C0
C0
60
30
30
18
18
0C
ENDCHAR
STARTCHAR uni232A
ENCODING 9002
SWIDTH 1000 0
DWIDTH 16 0
BBX 6 15 1 -1
BITMAP
40
C0
60
60
30
18
18
0C
0C
18
30
30
60
60
C0
ENDCHAR
STARTCHAR uni23B0
ENCODING 9136
SWIDTH 1000 0
DWIDTH 16 0
BBX 4 16 6 -2
BITMAP
30
70
60
60
60
60
60
60
60
60
60
60
60
60
60
C0
ENDCHAR
STARTCHAR uni23B1
ENCODING 9137
SWIDTH 1000 0
DWIDTH 16 0
BBX 4 16 6 -2
BITMAP
E0
60
60
60
60
60
60
60
60
60
60
60
60
60
30
10
ENDCHAR
STARTCHAR uni23BE
ENCODING 9150
SWIDTH 1000 0
DWIDTH 16 0
BBX 8 16 8 -2
BITMAP
FF
80
80
80
80
80
80
80
80
80
80
80
80
80
80
80
ENDCHAR
STARTCHAR uni23BF
ENCODING 9151
SWIDTH 1000 0
DWIDTH 16 0
BBX 8 16 8 -2
BITMAP
80
80
80
80
80
80
80
80
80
80
80
80
80
80
80
FF
ENDCHAR
STARTCHAR uni23C0
ENCODING 9152
SWIDTH 1000 0
DWIDTH 16 0
BBX 10 16 3 -2
BITMAP
0800
0800
0800
3F00
4880
8840
8840
8840
8840
8840
8840
4880
3F00
0800
0800
0800
ENDCHAR
STARTCHAR uni23C1
ENCODING 9153
SWIDTH 1000 0
DWIDTH 16 0
BBX 16 16 0 -2
BITMAP
FFFF
0100
0100
07E0
0910
1108
1108
1108
1108
1108
1108
0910
07E0
0100
0100
0100
ENDCHAR
STARTCHAR uni23C2
ENCODING 9154
SWIDTH 1000 0
DWIDTH 16 0
BBX 16 16 0 -2
BITMAP
0100
0100
0100
07E0
0910
1108
1108
1108
1108
1108
1108
0910
07E0
0100
0100
FFFF
ENDCHAR
STARTCHAR uni23C3
ENCODING 9155
SWIDTH 1000 0
DWIDTH 16 0
BBX 12 16 2 -2
BITMAP
0400
0400
0400
0600
0600
0D00
0D00
1480
2440
2440
4420
4420
FFF0
0400
0400
0400
ENDCHAR
STARTCHAR uni23C4
ENCODING 9156
SWIDTH 1000 0
DWIDTH 16 0
BBX 16 16 0 -2
BITMAP
FFFF
0100
0100
0180
0180
0340
0340
0520
0910
0910
1108
1108
3FFC
0100
0100
0100
ENDCHAR
STARTCHAR uni23C5
ENCODING 9157
SWIDTH 1000 0
DWIDTH 16 0
BBX 16 16 0 -2
BITMAP
0100
0100
0100
0180
0180
0340
0340
0520
0910
0910
1108
1108
3FFC
0100
0100
FFFF
ENDCHAR
STARTCHAR uni23C6
ENCODING 9158
SWIDTH 1000 0
DWIDTH 16 0
BBX 10 16 3 -2
BITMAP
0800
0800
0800
0800
0800
0800
7840
8840
8440
8B80
0800
0800
0800
0800
0800
0800
ENDCHAR
STARTCHAR uni23C7
ENCODING 9159
SWIDTH 1000 0
DWIDTH 16 0
BBX 16 16 0 -2
BITMAP
FFFF
0100
0100
0100
0100
0100
0F08
1108
1088
1170
0100
0100
0100
0100
0100
0100
ENDCHAR
STARTCHAR uni23C8
ENCODING 9160
SWIDTH 1000 0
DWIDTH 16 0
BBX 16 16 0 -2
BITMAP
0100
0100
0100
0100
0100
0100
0F08
1108
1088
1170
0100
0100
0100
0100
0100
FFFF
ENDCHAR
STARTCHAR uni23C9
ENCODING 9161
SWIDTH 1000 0
DWIDTH 16 0
BBX 16 16 0 -2
BITMAP
FFFF
0100
0100
0100
0100
0100
0100
0100
0100
0100
0100
0100
0100
0100
0100
0100
ENDCHAR
STARTCHAR uni23CA
ENCODING 9162
SWIDTH 1000 0
DWIDTH 16 0
BBX 16 16 0 -2
BITMAP
0100
0100
0100
0100
0100
0100
0100
0100
0100
0100
0100
0100
0100
0100
0100
FFFF
ENDCHAR
STARTCHAR uni23CB
ENCODING 9163
SWIDTH 1000 0
DWIDTH 16 0
BBX 8 16 0 -2
BITMAP
FF
01
01
01
01
01
01
01
01
01
01
01
01
01
01
01
ENDCHAR
STARTCHAR uni23CC
ENCODING 9164
SWIDTH 1000 0
DWIDTH 16 0
BBX 8 16 0 -2
BITMAP
01
01
01
01
01
01
01
01
01
01
01
01
01
01
01
FF
ENDCHAR
STARTCHAR uni23CE
ENCODING 9166
SWIDTH 1000 0
DWIDTH 16 0
BBX 15 15 0 -2
BITMAP
003E
0022
0022
0222
0622
0A22
1262
2182
4004
C004
2078
1380
0A00
0600
0200
ENDCHAR
STARTCHAR uni23DA
ENCODING 9178
SWIDTH 1000 0
DWIDTH 16 0
BBX 10 13 3 0
BITMAP
0C00
0C00
0C00
0C00
0C00
0C00
0C00
0C00
FFC0
0000
3F00
0000
1E00
ENDCHAR
STARTCHAR uni23DB
ENCODING 9179
SWIDTH 1000 0
DWIDTH 16 0
BBX 16 6 0 3
BITMAP
1FF8
1008
FFFF
FFFF
1008
1FF8
ENDCHAR
STARTCHAR uni2423
ENCODING 9251
SWIDTH 1000 0
DWIDTH 16 0
BBX 12 4 2 -2
BITMAP
8010
8010
8010
FFF0
ENDCHAR
STARTCHAR uni2460
ENCODING 9312
SWIDTH 1000 0
DWIDTH 16 0
BBX 16 15 0 -1
BITMAP
03C0
0C30
1008
2004
4382
4382
8181
8181
8181
8181
4182
4182
2004
1008
0FF0
ENDCHAR
STARTCHAR uni2461
ENCODING 9313
SWIDTH 1000 0
DWIDTH 16 0
BBX 16 15 0 -1
BITMAP
03C0
0C30
1008
2184
47C2
4262
8061
8061
80C1
8181
43E2
47E2
2004
1008
0FF0
ENDCHAR
STARTCHAR uni2462
ENCODING 9314
SWIDTH 1000 0
DWIDTH 16 0
BBX 16 15 0 -1
BITMAP
03C0
0C30
1008
2184
47E2
4262
8061
81C1
80E1
8061
4662
47C2
2004
1008
0FF0
ENDCHAR
STARTCHAR uni2463
ENCODING 9315
SWIDTH 1000 0
DWIDTH 16 0
BBX 16 15 0 -1
BITMAP
03C0
0C30
1008
2004
41C2
43C2
83C1
86C1
8CC1
8FE1
40C2
40C2
2004
1008
0FF0
ENDCHAR
STARTCHAR uni2464
ENCODING 9316
SWIDTH 1000 0
DWIDTH 16 0
BBX 16 15 0 -1
BITMAP
03C0
0C30
1008
2004
43E2
4202
8201
87E1
8261
8061
4662
47C2
2004
1008
0FF0
ENDCHAR
STARTCHAR uni2465
ENCODING 9317
SWIDTH 1000 0
DWIDTH 16 0
BBX 16 15 0 -1
BITMAP
03C0
0C30
1008
2084
43E2
4642
8601
85C1
8661
8661
4662
43C2
2004
1008
0FF0
ENDCHAR
STARTCHAR uni2466
ENCODING 9318
SWIDTH 1000 0
DWIDTH 16 0
BBX 16 15 0 -1
BITMAP
03C0
0C30
1008
2004
47E2
4062
80C1
8081
8181
8181
4182
4182
2004
1008
0FF0
ENDCHAR
STARTCHAR uni2467
ENCODING 9319
SWIDTH 1000 0
DWIDTH 16 0
BBX 16 15 0 -1
BITMAP
03C0
0C30
1008
2184
47C2
4662
8661
83C1
86E1
8661
4662
43C2
2004
1008
0FF0
ENDCHAR
STARTCHAR uni2468
ENCODING 9320
SWIDTH 1000 0
DWIDTH 16 0
BBX 16 15 0 -1
BITMAP
03C0
0C30
1008
2184
43C2
4662
8661
87E1
83A1
8061
42E2
47C2
2004
1008
0FF0
ENDCHAR
STARTCHAR uni2469
ENCODING 9321
SWIDTH 1000 0
DWIDTH 16 0
BBX 16 15 0 -1
BITMAP
03C0
0C30
1008
2024
5CF2
5CDA
8C99
8D99
8C99
8CD9
4CDA
4C72
2004
1008
0FF0
ENDCHAR
STARTCHAR uni246A
ENCODING 9322
SWIDTH 1000 0
DWIDTH 16 0
BBX 16 15 0 -1
BITMAP
03C0
0C30
1008
2004
4EF2
4EF2
8631
8631
8631
8631
4632
4632
2004
1008
0FF0
ENDCHAR
STARTCHAR uni246B
ENCODING 9323
SWIDTH 1000 0
DWIDTH 16 0
BBX 16 15 0 -1
BITMAP
03C0
0C30
1008
2044
5DF2
5CB2
8C31
8C31
8C21
8C61
4CFA
4CFA
2004
1008
0FF0
ENDCHAR
STARTCHAR uni246C
ENCODING 9324
SWIDTH 1000 0
DWIDTH 16 0
BBX 16 15 0 -1
BITMAP
03C0
0C30
1008
2044
5CF2
5CB2
8C31
8C61
8C31
8C19
4CB2
4DF2
2004
1008
0FF0
ENDCHAR
STARTCHAR uni246D
ENCODING 9325
SWIDTH 1000 0
DWIDTH 16 0
BBX 16 15 0 -1
BITMAP
03C0
0C30
1008
2004
5C72
5C72
8CF1
8CB1
8DB1
8DF9
4C32
4C32
2004
1008
0FF0
ENDCHAR
STARTCHAR uni246E
ENCODING 9326
SWIDTH 1000 0
DWIDTH 16 0
BBX 16 15 0 -1
BITMAP
03C0
0C30
1008
2004
5CF2
5CC2
8CC1
8CF1
8C99
8C19
4CB2
4DF2
2004
1008
0FF0
ENDCHAR
STARTCHAR uni246F
ENCODING 9327
SWIDTH 1000 0
DWIDTH 16 0
BBX 16 15 0 -1
BITMAP
03C0
0C30
1008
2024
5CFA
5CD2
8C81
8DF1
8DD9
8C99
4CDA
4C72
2004
1008
0FF0
ENDCHAR
STARTCHAR uni2470
ENCODING 9328
SWIDTH 1000 0
DWIDTH 16 0
BBX 16 15 0 -1
BITMAP
03C0
0C30
1008
2004
5DFA
5C32
8C31
8C61
8C61
8C61
4C62
4C62
2004
1008
0FF0
ENDCHAR
STARTCHAR uni2471
ENCODING 9329
SWIDTH 1000 0
DWIDTH 16 0
BBX 16 15 0 -1
BITMAP
03C0
0C30
1008
2024
5CF2
5C9A
8CD1
8CF1
8CF9
8C99
4CDA
4CF2
2004
1008
0FF0
ENDCHAR
STARTCHAR uni2472
ENCODING 9330
SWIDTH 1000 0
DWIDTH 16 0
BBX 16 15 0 -1
BITMAP
03C0
0C30
1008
2024
5CF2
5C9A
8C99
8CF9
8CF9
8C19
4CB2
4CF2
2004
1008
0FF0
ENDCHAR
STARTCHAR uni2473
ENCODING 9331
SWIDTH 1000 0
DWIDTH 16 0
BBX 16 15 0 -1
BITMAP
03C0
0C30
1008
2424
5E7A
535A
83CD
82CD
86CD
8CC9
5F7A
5F7A
2004
1008
0FF0
ENDCHAR
STARTCHAR uni2474
ENCODING 9332
SWIDTH 1000 0
DWIDTH 16 0
BBX 16 15 0 -1
BITMAP
2004
2004
60C6
47C2
47C2
41C2
41C2
C1C3
C1C3
41C2
41C2
41C2
47F2
67F6
2004
ENDCHAR
STARTCHAR uni2475
ENCODING 9333
SWIDTH 1000 0
DWIDTH 16 0
BBX 16 15 0 -1
BITMAP
2004
2004
63C6
4FE2
4462
4062
4062
C063
C0C3
41C2
4382
4702
4FF2
6FF6
2004
ENDCHAR
STARTCHAR uni2476
ENCODING 9334
SWIDTH 1000 0
DWIDTH 16 0
BBX 16 15 0 -1
BITMAP
2004
2004
63C6
4FE2
4462
4062
4062
C3C3
C3E3
4062
4072
4472
4FE2
67C6
2004
ENDCHAR
STARTCHAR uni2477
ENCODING 9335
SWIDTH 1000 0
DWIDTH 16 0
BBX 16 15 0 -1
BITMAP
2004
2004
60E6
41E2
4162
4362
4762
C6E3
CCE3
4FF2
4FF2
40E2
40E2
60E6
2004
ENDCHAR
STARTCHAR uni2478
ENCODING 9336
SWIDTH 1000 0
DWIDTH 16 0
BBX 16 15 0 -1
BITMAP
2004
2004
67E6
47E2
4602
4602
4602
C7E3
C463
4072
4072
4472
4FE2
67C6
2004
ENDCHAR
STARTCHAR uni2479
ENCODING 9337
SWIDTH 1000 0
DWIDTH 16 0
BBX 16 15 0 -1
BITMAP
2004
2004
61C6
43F2
4722
4602
4E02
CDE3
CF73
4E32
4E32
4632
47E2
63C6
2004
ENDCHAR
STARTCHAR uni247A
ENCODING 9338
SWIDTH 1000 0
DWIDTH 16 0
BBX 16 15 0 -1
BITMAP
2004
2004
6FF6
4FF2
4062
40E2
40C2
C1C3
C183
4182
4182
4382
4382
6386
2004
ENDCHAR
STARTCHAR uni247B
ENCODING 9339
SWIDTH 1000 0
DWIDTH 16 0
BBX 16 15 0 -1
BITMAP
2004
2004
63C6
47E2
4662
4E32
4662
C3C3
C7E3
4C72
4C32
4C32
4FF2
63E6
2004
ENDCHAR
STARTCHAR uni247C
ENCODING 9340
SWIDTH 1000 0
DWIDTH 16 0
BBX 16 15 0 -1
BITMAP
2004
2004
6386
47E2
4E62
4C72
4C32
CE73
C7F3
4132
4072
4462
4FE2
67C6
2004
ENDCHAR
STARTCHAR uni247D
ENCODING 9341
SWIDTH 1000 0
DWIDTH 16 0
BBX 16 15 0 -1
BITMAP
2004
2004
6466
5CF2
5CDA
449A
449A
C59B
C59B
459A
449A
44DA
44F2
6476
2004
ENDCHAR
STARTCHAR uni247E
ENCODING 9342
SWIDTH 1000 0
DWIDTH 16 0
BBX 16 15 0 -1
BITMAP
2004
2004
6236
4EF2
4EF2
4632
4632
C633
C633
4632
4632
4632
4632
6636
2004
ENDCHAR
STARTCHAR uni247F
ENCODING 9343
SWIDTH 1000 0
DWIDTH 16 0
BBX 16 15 0 -1
BITMAP
2004
2004
6466
5DF2
5C92
441A
4412
C433
C433
4462
4462
44C2
45FA
65FE
2004
ENDCHAR
STARTCHAR uni2480
ENCODING 9344
SWIDTH 1000 0
DWIDTH 16 0
BBX 16 15 0 -1
BITMAP
2004
2004
64E6
5DF2
5C1A
441A
4412
C473
C473
441A
441A
441A
45FA
64F6
2004
ENDCHAR
STARTCHAR uni2481
ENCODING 9345
SWIDTH 1000 0
DWIDTH 16 0
BBX 16 15 0 -1
BITMAP
2004
2004
6436
5C32
5C72
4452
44D2
C493
C493
45FA
45FA
4412
4412
6416
2004
ENDCHAR
STARTCHAR uni2482
ENCODING 9346
SWIDTH 1000 0
DWIDTH 16 0
BBX 16 15 0 -1
BITMAP
2004
2004
64F6
5CF2
5C82
4482
4482
C4F3
C49B
441A
441A
441A
45F2
64F6
2004
ENDCHAR
STARTCHAR uni2483
ENCODING 9347
SWIDTH 1000 0
DWIDTH 16 0
BBX 16 15 0 -1
BITMAP
2004
2004
6476
5CFA
5CD2
4482
4482
C4F3
C4DB
449A
449A
449A
44FA
6476
2004
ENDCHAR
STARTCHAR uni2484
ENCODING 9348
SWIDTH 1000 0
DWIDTH 16 0
BBX 16 15 0 -1
BITMAP
2004
2004
65F6
5DF2
5C32
4432
4422
C463
C463
4462
4462
4442
4442
64C6
2004
ENDCHAR
STARTCHAR uni2485
ENCODING 9349
SWIDTH 1000 0
DWIDTH 16 0
BBX 16 15 0 -1
BITMAP
2004
2004
6466
5CF2
5C92
4492
44D2
C473
C473
449A
449A
449A
44DA
6476
2004
ENDCHAR
STARTCHAR uni2486
ENCODING 9350
SWIDTH 1000 0
DWIDTH 16 0
BBX 16 15 0 -1
BITMAP
2004
2004
6466
5CF2
5C9A
449A
449A
C4DB
C4FB
445A
441A
441A
44F2
64E6
2004
ENDCHAR
STARTCHAR uni2487
ENCODING 9351
SWIDTH 1000 0
DWIDTH 16 0
BBX 16 15 0 -1
BITMAP
2004
2004
6E36
5E7A
535A
43DA
43DA
C2DB
C6DB
46DA
4CDA
4CDA
5F7A
7F76
2004
ENDCHAR
STARTCHAR uni2488
ENCODING 9352
SWIDTH 1000 0
DWIDTH 16 0
BBX 12 12 2 0
BITMAP
1800
F800
F800
3800
3800
3800
3800
3800
3800
3860
FE70
FE70
ENDCHAR
STARTCHAR uni2489
ENCODING 9353
SWIDTH 1000 0
DWIDTH 16 0
BBX 12 12 2 0
BITMAP
3800
FC00
CE00
0600
0600
0E00
0C00
1800
3800
7030
FE70
FE70
ENDCHAR
STARTCHAR uni248A
ENCODING 9354
SWIDTH 1000 0
DWIDTH 16 0
BBX 12 12 2 0
BITMAP
3800
FE00
4600
0600
0600
3C00
3C00
0600
0700
8730
FE70
7C70
ENDCHAR
STARTCHAR uni248B
ENCODING 9355
SWIDTH 1000 0
DWIDTH 16 0
BBX 13 12 1 0
BITMAP
0700
0F00
0B00
1B00
3700
3700
6700
FF80
FF80
0718
0718
0718
ENDCHAR
STARTCHAR uni248C
ENCODING 9356
SWIDTH 1000 0
DWIDTH 16 0
BBX 12 12 2 0
BITMAP
7E00
7E00
6000
6000
6000
7E00
4E00
0700
0700
8730
FE70
7C70
ENDCHAR
STARTCHAR uni248D
ENCODING 9357
SWIDTH 1000 0
DWIDTH 16 0
BBX 12 12 2 0
BITMAP
1C00
7E00
E200
C000
C000
FC00
FE00
C600
C700
C630
7E70
3C70
ENDCHAR
STARTCHAR uni248E
ENCODING 9358
SWIDTH 1000 0
DWIDTH 16 0
BBX 10 12 3 0
BITMAP
FE00
FE00
0600
0C00
1800
1800
3800
3000
3000
30C0
30C0
30C0
ENDCHAR
STARTCHAR uni248F
ENCODING 9359
SWIDTH 1000 0
DWIDTH 16 0
BBX 12 12 2 0
BITMAP
3800
7E00
C600
C600
E600
7C00
7C00
CE00
C700
C730
EE70
7C30
ENDCHAR
STARTCHAR uni2490
ENCODING 9360
SWIDTH 1000 0
DWIDTH 16 0
BBX 13 12 2 0
BITMAP
3800
7C00
C600
C700
C300
C700
7B00
3300
0600
4630
FE38
7C30
ENDCHAR
STARTCHAR uni2491
ENCODING 9361
SWIDTH 1000 0
DWIDTH 16 0
BBX 16 12 0 0
BITMAP
10C0
F1E0
F330
3330
3330
3330
3330
3330
3330
3336
33F7
31E7
ENDCHAR
STARTCHAR uni2492
ENCODING 9362
SWIDTH 1000 0
DWIDTH 16 0
BBX 14 12 1 0
BITMAP
3080
F780
F780
3180
3180
3180
3180
3180
3180
318C
319C
318C
ENDCHAR
STARTCHAR uni2493
ENCODING 9363
SWIDTH 1000 0
DWIDTH 16 0
BBX 16 12 0 0
BITMAP
11C0
F7E0
F260
3030
3030
3060
3060
30C0
31C0
3186
33F7
33F7
ENDCHAR
STARTCHAR uni2494
ENCODING 9364
SWIDTH 1000 0
DWIDTH 16 0
BBX 16 12 0 0
BITMAP
11C0
F3E0
F270
3030
3060
31E0
31E0
3030
3030
3236
37F7
33E6
ENDCHAR
STARTCHAR uni2495
ENCODING 9365
SWIDTH 1000 0
DWIDTH 16 0
BBX 16 12 0 0
BITMAP
1060
F0E0
F0E0
31E0
31E0
3360
3360
37F0
37F0
3066
3067
3066
ENDCHAR
STARTCHAR uni2496
ENCODING 9366
SWIDTH 1000 0
DWIDTH 16 0
BBX 16 12 0 0
BITMAP
13F0
F3F0
F300
3300
3300
33E0
3170
3030
3030
3236
37E7
33E6
ENDCHAR
STARTCHAR uni2497
ENCODING 9367
SWIDTH 1000 0
DWIDTH 16 0
BBX 16 12 0 0
BITMAP
10E0
F1F0
F320
3300
3300
33E0
33F0
3330
3330
3336
33F7
31E6
ENDCHAR
STARTCHAR uni2498
ENCODING 9368
SWIDTH 1000 0
DWIDTH 16 0
BBX 14 12 1 0
BITMAP
37F0
F7F0
F060
3060
30C0
30C0
30C0
3180
3180
318C
319C
318C
ENDCHAR
STARTCHAR uni2499
ENCODING 9369
SWIDTH 1000 0
DWIDTH 16 0
BBX 16 12 0 0
BITMAP
11C0
F3E0
F330
3330
3330
31E0
31E0
3370
3230
3236
3377
31E7
ENDCHAR
STARTCHAR uni249A
ENCODING 9370
SWIDTH 1000 0
DWIDTH 16 0
BBX 16 12 0 0
BITMAP
10C0
F1E0
F330
3330
3330
3330
33F0
30B0
3030
3036
33E7
31E7
ENDCHAR
STARTCHAR uni249B
ENCODING 9371
SWIDTH 1000 0
DWIDTH 16 0
BBX 16 12 0 0
BITMAP
30E0
F9F0
4DB0
0DB0
0DB8
0D98
1998
1998
31B0
71B6
FDF7
FCE6
ENDCHAR
STARTCHAR uni249C
ENCODING 9372
SWIDTH 1000 0
DWIDTH 16 0
BBX 16 15 0 -1
BITMAP
2004
2004
6006
41C2
47E2
4462
4062
C3F3
C773
4E72
4E72
47F2
4302
6006
2004
ENDCHAR
STARTCHAR uni249D
ENCODING 9373
SWIDTH 1000 0
DWIDTH 16 0
BBX 16 15 0 -1
BITMAP
2004
2604
6606
4602
4602
47E2
47F2
C633
C633
4632
4632
4672
47F2
67E6
2004
ENDCHAR
STARTCHAR uni249E
ENCODING 9374
SWIDTH 1000 0
DWIDTH 16 0
BBX 16 15 0 -1
BITMAP
2004
2004
6006
41C2
43F2
4722
4E02
CE03
CE03
4E02
4722
43F2
41C2
6006
2004
ENDCHAR
STARTCHAR uni249F
ENCODING 9375
SWIDTH 1000 0
DWIDTH 16 0
BBX 16 15 0 -1
BITMAP
2004
2064
6066
4062
4062
47E2
4FE2
CC63
CC63
4C62
4C62
4C62
4FE2
67E6
2004
ENDCHAR
STARTCHAR uni24A0
ENCODING 9376
SWIDTH 1000 0
DWIDTH 16 0
BBX 16 15 0 -1
BITMAP
2004
2004
6006
41C2
43E2
4662
4E32
CFF3
CFF3
4E02
4722
43E2
41C2
6006
2004
ENDCHAR
STARTCHAR uni24A1
ENCODING 9377
SWIDTH 1000 0
DWIDTH 16 0
BBX 16 15 0 -1
BITMAP
2004
21E4
63C6
4302
4302
47C2
47C2
C303
C303
4302
4302
4302
4302
6306
2004
ENDCHAR
STARTCHAR uni24A2
ENCODING 9378
SWIDTH 1000 0
DWIDTH 16 0
BBX 16 15 0 -1
BITMAP
2004
2004
63F6
47F2
4662
4662
4662
C3C3
C603
47C2
47F2
4672
4672
67E6
2384
ENDCHAR
STARTCHAR uni24A3
ENCODING 9379
SWIDTH 1000 0
DWIDTH 16 0
BBX 16 15 0 -1
BITMAP
2004
2E04
6E06
4E02
4E02
4FE2
4FF2
CE33
CE33
4E32
4E32
4E32
4E32
6E36
2004
ENDCHAR
STARTCHAR uni24A4
ENCODING 9380
SWIDTH 1000 0
DWIDTH 16 0
BBX 16 15 0 -1
BITMAP
2004
2184
6186
4002
4002
4182
4182
C183
C183
4182
4182
4182
4182
6186
2004
ENDCHAR
STARTCHAR uni24A5
ENCODING 9381
SWIDTH 1000 0
DWIDTH 16 0
BBX 16 17 0 -3
BITMAP
21C4
21C4
6006
4002
41C2
41C2
41C2
C1C3
C1C3
41C2
41C2
41C2
41C2
6186
2184
0780
0200
ENDCHAR
STARTCHAR uni24A6
ENCODING 9382
SWIDTH 1000 0
DWIDTH 16 0
BBX 16 15 0 -1
BITMAP
2004
2E04
6E06
4E02
4E02
4E72
4EE2
CEC3
CF83
4FC2
4FC2
4E62
4E62
6E76
2004
ENDCHAR
STARTCHAR uni24A7
ENCODING 9383
SWIDTH 1000 0
DWIDTH 16 0
BBX 16 15 0 -1
BITMAP
2004
2184
6186
4182
4182
4182
4182
C183
C183
4182
4182
4182
41C2
61C6
2004
ENDCHAR
STARTCHAR uni24A8
ENCODING 9384
SWIDTH 1000 0
DWIDTH 16 0
BBX 16 15 0 -1
BITMAP
2004
2004
6006
5B32
5FFA
5DDA
599A
D99B
D99B
599A
599A
599A
4002
6006
2004
ENDCHAR
STARTCHAR uni24A9
ENCODING 9385
SWIDTH 1000 0
DWIDTH 16 0
BBX 16 15 0 -1
BITMAP
2004
2004
6006
4CC2
4DE2
4F72
4E72
CE73
CE73
4E72
4E72
4E72
4002
6006
2004
ENDCHAR
STARTCHAR uni24AA
ENCODING 9386
SWIDTH 1000 0
DWIDTH 16 0
BBX 16 15 0 -1
BITMAP
2004
2004
6006
4182
47E2
4E72
4C32
CC33
CC33
4C32
4E72
47E2
4182
6006
2004
ENDCHAR
STARTCHAR uni24AB
ENCODING 9387
SWIDTH 1000 0
DWIDTH 16 0
BBX 16 15 0 -1
BITMAP
2004
2004
6CE6
4FF2
4E32
4E32
4E3A
CE3B
CE33
4F72
4FE2
4E82
4E02
6E06
2004
ENDCHAR
STARTCHAR uni24AC
ENCODING 9388
SWIDTH 1000 0
DWIDTH 16 0
BBX 16 15 0 -1
BITMAP
2004
2004
63B6
4FF2
4E72
4C72
5C72
DC73
CC73
4EF2
47F2
4272
4072
6076
2004
ENDCHAR
STARTCHAR uni24AD
ENCODING 9389
SWIDTH 1000 0
DWIDTH 16 0
BBX 16 15 0 -1
BITMAP
2004
2004
6006
4662
46E2
4782
4702
C703
C703
4702
4702
4702
4002
6006
2004
ENDCHAR
STARTCHAR uni24AE
ENCODING 9390
SWIDTH 1000 0
DWIDTH 16 0
BBX 16 15 0 -1
BITMAP
2004
2004
6006
41C2
47E2
4622
4602
C7C3
C1E3
4062
4462
4FE2
4182
6006
2004
ENDCHAR
STARTCHAR uni24AF
ENCODING 9391
SWIDTH 1000 0
DWIDTH 16 0
BBX 16 15 0 -1
BITMAP
2004
2004
6186
4382
47E2
47E2
4382
C383
C383
4382
4382
43A2
41E2
6006
2004
ENDCHAR
STARTCHAR uni24B0
ENCODING 9392
SWIDTH 1000 0
DWIDTH 16 0
BBX 16 15 0 -1
BITMAP
2004
2004
6006
4E72
4E72
4E72
4E72
CE73
CE73
4E72
4EF2
47B2
4302
6006
2004
ENDCHAR
STARTCHAR uni24B1
ENCODING 9393
SWIDTH 1000 0
DWIDTH 16 0
BBX 16 15 0 -1
BITMAP
2004
2004
6006
4C32
4C32
4E32
4662
C663
C663
43C2
43C2
43C2
4002
6006
2004
ENDCHAR
STARTCHAR uni24B2
ENCODING 9394
SWIDTH 1000 0
DWIDTH 16 0
BBX 16 15 0 -1
BITMAP
2004
2004
6006
599A
599A
599A
5BDA
DBDB
CBDB
4E52
4E72
4E72
4002
6006
2004
ENDCHAR
STARTCHAR uni24B3
ENCODING 9395
SWIDTH 1000 0
DWIDTH 16 0
BBX 16 15 0 -1
BITMAP
2004
2004
6006
4C32
4672
4762
43C2
C3C3
C3C3
43C2
4662
4E72
4002
6006
2004
ENDCHAR
STARTCHAR uni24B4
ENCODING 9396
SWIDTH 1000 0
DWIDTH 16 0
BBX 16 15 0 -1
BITMAP
2004
2004
6C36
4C32
4E72
4662
4662
C363
C3C3
43C2
41C2
4182
4782
6706
2804
ENDCHAR
STARTCHAR uni24B5
ENCODING 9397
SWIDTH 1000 0
DWIDTH 16 0
BBX 16 15 0 -1
BITMAP
2004
2004
6006
47F2
47F2
40E2
40C2
C1C3
C383
4302
4702
47F2
4002
6006
2004
ENDCHAR
STARTCHAR uni24B6
ENCODING 9398
SWIDTH 1000 0
DWIDTH 16 0
BBX 16 15 0 -1
BITMAP
03C0
0C30
1008
2004
43C2
43C2
83C1
8661
8661
87E1
4E72
4C32
2004
1008
0FF0
ENDCHAR
STARTCHAR uni24B7
ENCODING 9399
SWIDTH 1000 0
DWIDTH 16 0
BBX 16 15 0 -1
BITMAP
03C0
0C30
1008
2004
47E2
4662
8661
87C1
8661
8631
4672
47E2
2004
1008
0FF0
ENDCHAR
STARTCHAR uni24B8
ENCODING 9400
SWIDTH 1000 0
DWIDTH 16 0
BBX 16 15 0 -1
BITMAP
03C0
0C30
1008
2084
43E2
4642
8E01
8C01
8C01
8E01
4762
43E2
2004
1008
0FF0
ENDCHAR
STARTCHAR uni24B9
ENCODING 9401
SWIDTH 1000 0
DWIDTH 16 0
BBX 16 15 0 -1
BITMAP
03C0
0C30
1008
2004
47E2
4672
8631
8631
8631
8631
47E2
47C2
2004
1008
0FF0
ENDCHAR
STARTCHAR uni24BA
ENCODING 9402
SWIDTH 1000 0
DWIDTH 16 0
BBX 16 15 0 -1
BITMAP
03C0
0C30
1008
2004
47E2
4602
8601
87C1
87C1
8601
47E2
47E2
2004
1008
0FF0
ENDCHAR
STARTCHAR uni24BB
ENCODING 9403
SWIDTH 1000 0
DWIDTH 16 0
BBX 16 15 0 -1
BITMAP
03C0
0C30
1008
2004
47E2
4602
8601
87C1
87C1
8601
4602
4602
2004
1008
0FF0
ENDCHAR
STARTCHAR uni24BC
ENCODING 9404
SWIDTH 1000 0
DWIDTH 16 0
BBX 16 15 0 -1
BITMAP
03C0
0C30
1008
2084
47E2
4622
8C01
8CE1
8CE1
8E21
4762
43E2
2004
1008
0FF0
ENDCHAR
STARTCHAR uni24BD
ENCODING 9405
SWIDTH 1000 0
DWIDTH 16 0
BBX 16 15 0 -1
BITMAP
03C0
0C30
1008
2004
4C32
4C32
8C31
8FF1
8FF1
8C31
4C32
4C32
2004
1008
0FF0
ENDCHAR
STARTCHAR uni24BE
ENCODING 9406
SWIDTH 1000 0
DWIDTH 16 0
BBX 16 15 0 -1
BITMAP
03C0
0C30
1008
2004
4182
4182
8181
8181
8181
8181
4182
4182
2004
1008
0FF0
ENDCHAR
STARTCHAR uni24BF
ENCODING 9407
SWIDTH 1000 0
DWIDTH 16 0
BBX 16 15 0 -1
BITMAP
03C0
0C30
1008
2004
40C2
40C2
80C1
80C1
80C1
80C1
47C2
47C2
2004
1008
0FF0
ENDCHAR
STARTCHAR uni24C0
ENCODING 9408
SWIDTH 1000 0
DWIDTH 16 0
BBX 16 15 0 -1
BITMAP
03C0
0C30
1008
2014
4662
46C2
8781
8781
87C1
86E1
4662
4632
2004
1008
0FF0
ENDCHAR
STARTCHAR uni24C1
ENCODING 9409
SWIDTH 1000 0
DWIDTH 16 0
BBX 16 15 0 -1
BITMAP
03C0
0C30
1008
2004
4302
4302
8301
8301
8301
8301
43E2
43E2
2004
1008
0FF0
ENDCHAR
STARTCHAR uni24C2
ENCODING 9410
SWIDTH 1000 0
DWIDTH 16 0
BBX 16 15 0 -1
BITMAP
03C0
0C30
1008
2004
4C32
4E72
8E71
8F71
8FB1
8DB1
4DB2
4C32
2004
1008
0FF0
ENDCHAR
STARTCHAR uni24C3
ENCODING 9411
SWIDTH 1000 0
DWIDTH 16 0
BBX 16 15 0 -1
BITMAP
03C0
0C30
1008
2004
4E32
4F32
8F31
8DB1
8DB1
8CF1
4C72
4C72
2004
1008
0FF0
ENDCHAR
STARTCHAR uni24C4
ENCODING 9412
SWIDTH 1000 0
DWIDTH 16 0
BBX 16 15 0 -1
BITMAP
03C0
0C30
1008
2184
47E2
4E72
8C31
8C31
8C31
8C31
47E2
43C2
2004
1008
0FF0
ENDCHAR
STARTCHAR uni24C5
ENCODING 9413
SWIDTH 1000 0
DWIDTH 16 0
BBX 16 15 0 -1
BITMAP
03C0
0C30
1008
2004
47E2
4672
8631
8661
87E1
8601
4602
4602
2004
1008
0FF0
ENDCHAR
STARTCHAR uni24C6
ENCODING 9414
SWIDTH 1000 0
DWIDTH 16 0
BBX 16 15 0 -1
BITMAP
03C0
0C30
1008
2184
47E2
4E72
8C31
8C31
8C31
8E71
47E2
4182
20F4
1078
0FF0
ENDCHAR
STARTCHAR uni24C7
ENCODING 9415
SWIDTH 1000 0
DWIDTH 16 0
BBX 16 15 0 -1
BITMAP
03C0
0C30
1008
2004
47E2
4672
8631
8661
87C1
86E1
4662
4632
2004
1008
0FF0
ENDCHAR
STARTCHAR uni24C8
ENCODING 9416
SWIDTH 1000 0
DWIDTH 16 0
BBX 16 15 0 -1
BITMAP
03C0
0C30
1008
2184
43E2
4622
8701
83C1
80E1
8061
4662
47C2
2004
1008
0FF0
ENDCHAR
STARTCHAR uni24C9
ENCODING 9417
SWIDTH 1000 0
DWIDTH 16 0
BBX 16 15 0 -1
BITMAP
03C0
0C30
1008
2004
47E2
4182
8181
8181
8181
8181
4182
4182
2004
1008
0FF0
ENDCHAR
STARTCHAR uni24CA
ENCODING 9418
SWIDTH 1000 0
DWIDTH 16 0
BBX 16 15 0 -1
BITMAP
03C0
0C30
1008
2004
4C32
4C32
8C31
8C31
8C31
8661
47E2
43C2
2004
1008
0FF0
ENDCHAR
STARTCHAR uni24CB
ENCODING 9419
SWIDTH 1000 0
DWIDTH 16 0
BBX 16 15 0 -1
BITMAP
03C0
0C30
1008
2004
4C32
4662
8661
8661
8341
83C1
43C2
4182
2004
1008
0FF0
ENDCHAR
STARTCHAR uni24CC
ENCODING 9420
SWIDTH 1000 0
DWIDTH 16 0
BBX 16 15 0 -1
BITMAP
03C0
0C30
1008
2004
599A
599A
99D9
8BD9
8FD1
8E71
4E72
4E72
2004
1008
0FF0
ENDCHAR
STARTCHAR uni24CD
ENCODING 9421
SWIDTH 1000 0
DWIDTH 16 0
BBX 16 15 0 -1
BITMAP
03C0
0C30
1008
2814
4662
4762
83C1
8181
83C1
83C1
4662
4E72
2004
1008
0FF0
ENDCHAR
STARTCHAR uni24CE
ENCODING 9422
SWIDTH 1000 0
DWIDTH 16 0
BBX 16 15 0 -1
BITMAP
03C0
0C30
1008
2814
4662
4662
83C1
83C1
8181
8181
4182
4182
2004
1008
0FF0
ENDCHAR
STARTCHAR uni24CF
ENCODING 9423
SWIDTH 1000 0
DWIDTH 16 0
BBX 16 15 0 -1
BITMAP
03C0
0C30
1008
2004
47E2
4062
80C1
8181
8381
8301
47E2
47E2
2004
1008
0FF0
ENDCHAR
STARTCHAR uni24D0
ENCODING 9424
SWIDTH 1000 0
DWIDTH 16 0
BBX 16 15 0 -1
BITMAP
03C0
0C30
1008
2004
4002
43C2
8241
81E1
8261
8661
43E2
4002
2004
1008
0FF0
ENDCHAR
STARTCHAR uni24D1
ENCODING 9425
SWIDTH 1000 0
DWIDTH 16 0
BBX 16 15 0 -1
BITMAP
03C0
0C30
1008
2204
4202
4202
83E1
8261
8221
8221
43E2
42C2
2004
1008
0FF0
ENDCHAR
STARTCHAR uni24D2
ENCODING 9426
SWIDTH 1000 0
DWIDTH 16 0
BBX 16 15 0 -1
BITMAP
03C0
0C30
1008
2004
4002
43C2
8341
8601
8601
8341
43C2
4002
2004
1008
0FF0
ENDCHAR
STARTCHAR uni24D3
ENCODING 9427
SWIDTH 1000 0
DWIDTH 16 0
BBX 16 15 0 -1
BITMAP
03C0
0C30
1008
2064
4062
4062
83E1
8661
8661
8661
47E2
4362
2004
1008
0FF0
ENDCHAR
STARTCHAR uni24D4
ENCODING 9428
SWIDTH 1000 0
DWIDTH 16 0
BBX 16 15 0 -1
BITMAP
03C0
0C30
1008
2004
4002
43C2
8261
87E1
8601
8341
41E2
4002
2004
1008
0FF0
ENDCHAR
STARTCHAR uni24D5
ENCODING 9429
SWIDTH 1000 0
DWIDTH 16 0
BBX 16 15 0 -1
BITMAP
03C0
0C30
1008
21C4
4182
4102
83C1
8101
8101
8101
4102
4102
2004
1008
0FF0
ENDCHAR
STARTCHAR uni24D6
ENCODING 9430
SWIDTH 1000 0
DWIDTH 16 0
BBX 16 15 0 -1
BITMAP
03C0
0C30
1008
2004
43E2
4642
8641
83C1
8201
83E1
4662
4662
2384
1008
0FF0
ENDCHAR
STARTCHAR uni24D7
ENCODING 9431
SWIDTH 1000 0
DWIDTH 16 0
BBX 16 15 0 -1
BITMAP
03C0
0C30
1008
2204
4202
4202
83E1
8261
8261
8261
4262
4262
2004
1008
0FF0
ENDCHAR
STARTCHAR uni24D8
ENCODING 9432
SWIDTH 1000 0
DWIDTH 16 0
BBX 16 15 0 -1
BITMAP
03C0
0C30
1008
2184
4182
4002
8181
8181
8181
8181
4182
4182
2004
1008
0FF0
ENDCHAR
STARTCHAR uni24D9
ENCODING 9433
SWIDTH 1000 0
DWIDTH 16 0
BBX 16 15 0 -1
BITMAP
03C0
0C30
1088
2184
4002
4182
8181
8181
8181
8181
4182
4182
2384
1308
0FF0
ENDCHAR
STARTCHAR uni24DA
ENCODING 9434
SWIDTH 1000 0
DWIDTH 16 0
BBX 16 15 0 -1
BITMAP
03C0
0C30
1008
2204
4202
4202
8261
82C1
8381
83C1
4262
4262
2004
1008
0FF0
ENDCHAR
STARTCHAR uni24DB
ENCODING 9435
SWIDTH 1000 0
DWIDTH 16 0
BBX 16 15 0 -1
BITMAP
03C0
0C30
1008
2184
4182
4182
8181
8181
8181
8181
4182
4182
2004
1008
0FF0
ENDCHAR
STARTCHAR uni24DC
ENCODING 9436
SWIDTH 1000 0
DWIDTH 16 0
BBX 16 15 0 -1
BITMAP
03C0
0C30
1008
2004
4002
4F72
8D91
8991
8991
8991
4992
4002
2004
1008
0FF0
ENDCHAR
STARTCHAR uni24DD
ENCODING 9437
SWIDTH 1000 0
DWIDTH 16 0
BBX 16 15 0 -1
BITMAP
03C0
0C30
1008
2004
4002
47C2
8761
8661
8661
8661
4662
4002
2004
1008
0FF0
ENDCHAR
STARTCHAR uni24DE
ENCODING 9438
SWIDTH 1000 0
DWIDTH 16 0
BBX 16 15 0 -1
BITMAP
03C0
0C30
1008
2004
4002
43C2
8661
8661
8661
8661
43C2
4002
2004
1008
0FF0
ENDCHAR
STARTCHAR uni24DF
ENCODING 9439
SWIDTH 1000 0
DWIDTH 16 0
BBX 16 15 0 -1
BITMAP
03C0
0C30
1008
2004
43C2
4362
8261
8261
8261
83C1
4202
4202
2004
1008
0FF0
ENDCHAR
STARTCHAR uni24E0
ENCODING 9440
SWIDTH 1000 0
DWIDTH 16 0
BBX 16 15 0 -1
BITMAP
03C0
0C30
1008
2004
43E2
46E2
8661
8661
8661
83E1
4062
4062
2004
1008
0FF0
ENDCHAR
STARTCHAR uni24E1
ENCODING 9441
SWIDTH 1000 0
DWIDTH 16 0
BBX 16 15 0 -1
BITMAP
03C0
0C30
1008
2004
4002
43C2
8381
8301
8301
8301
4302
4002
2004
1008
0FF0
ENDCHAR
STARTCHAR uni24E2
ENCODING 9442
SWIDTH 1000 0
DWIDTH 16 0
BBX 16 15 0 -1
BITMAP
03C0
0C30
1008
2004
4002
43C2
8341
8381
80C1
8241
43C2
4002
2004
1008
0FF0
ENDCHAR
STARTCHAR uni24E3
ENCODING 9443
SWIDTH 1000 0
DWIDTH 16 0
BBX 16 15 0 -1
BITMAP
03C0
0C30
1008
2004
4102
43C2
83C1
8101
8101
8101
41C2
4002
2004
1008
0FF0
ENDCHAR
STARTCHAR uni24E4
ENCODING 9444
SWIDTH 1000 0
DWIDTH 16 0
BBX 16 15 0 -1
BITMAP
03C0
0C30
1008
2004
4002
4662
8661
8661
8661
86E1
43E2
4002
2004
1008
0FF0
ENDCHAR
STARTCHAR uni24E5
ENCODING 9445
SWIDTH 1000 0
DWIDTH 16 0
BBX 16 15 0 -1
BITMAP
03C0
0C30
1008
2004
4002
4662
8261
8241
83C1
8181
4182
4002
2004
1008
0FF0
ENDCHAR
STARTCHAR uni24E6
ENCODING 9446
SWIDTH 1000 0
DWIDTH 16 0
BBX 16 15 0 -1
BITMAP
03C0
0C30
1008
2004
4002
4992
8D91
8DB1
87F1
8661
4662
4002
2004
1008
0FF0
ENDCHAR
STARTCHAR uni24E7
ENCODING 9447
SWIDTH 1000 0
DWIDTH 16 0
BBX 16 15 0 -1
BITMAP
03C0
0C30
1008
2004
4002
4662
83C1
8181
8181
83C1
4662
4002
2004
1008
0FF0
ENDCHAR
STARTCHAR uni24E8
ENCODING 9448
SWIDTH 1000 0
DWIDTH 16 0
BBX 16 15 0 -1
BITMAP
03C0
0C30
1008
2004
4662
4262
8341
8141
81C1
8181
4182
4302
2004
1008
0FF0
ENDCHAR
STARTCHAR uni24E9
ENCODING 9449
SWIDTH 1000 0
DWIDTH 16 0
BBX 16 15 0 -1
BITMAP
03C0
0C30
1008
2004
4002
43C2
80C1
8181
8181
8301
43E2
4002
2004
1008
0FF0
ENDCHAR
STARTCHAR uni24EA
ENCODING 9450
SWIDTH 1000 0
DWIDTH 16 0
BBX 16 15 0 -1
BITMAP
03C0
0C30
1008
2184
43C2
4662
8661
8661
8661
8661
47E2
43C2
2004
1008
0FF0
ENDCHAR
STARTCHAR uni24EB
ENCODING 9451
SWIDTH 1000 0
DWIDTH 16 0
BBX 16 15 0 -1
BITMAP
0180
0FF0
1FF8
3FFC
710E
710E
79CE
F9CF
F9CF
79CE
79CE
79CE
3FFC
1FF8
0FF0
ENDCHAR
STARTCHAR uni24EC
ENCODING 9452
SWIDTH 1000 0
DWIDTH 16 0
BBX 16 15 0 -1
BITMAP
0180
0FF0
1FF8
3FBC
630E
634E
73EE
F3CF
F3CF
739E
7326
7306
3FFC
1FF8
0FF0
ENDCHAR
STARTCHAR uni24ED
ENCODING 9453
SWIDTH 1000 0
DWIDTH 16 0
BBX 16 15 0 -1
BITMAP
0180
0FF0
1FF8
3F9C
630E
6366
73CE
F39F
F3CF
73E6
7346
730E
3FFC
1FF8
0FF0
ENDCHAR
STARTCHAR uni24EE
ENCODING 9454
SWIDTH 1000 0
DWIDTH 16 0
BBX 16 15 0 -1
BITMAP
0180
0FF0
1FF8
3FFC
638E
63AE
732E
F34F
F24F
7206
73CE
73CE
3FFC
1FF8
0FF0
ENDCHAR
STARTCHAR uni24EF
ENCODING 9455
SWIDTH 1000 0
DWIDTH 16 0
BBX 16 15 0 -1
BITMAP
0180
0FF0
1FF8
3FFC
630E
633E
733E
F30F
F3E7
73E6
7346
730E
3FFC
1FF8
0FF0
ENDCHAR
STARTCHAR uni24F0
ENCODING 9456
SWIDTH 1000 0
DWIDTH 16 0
BBX 16 15 0 -1
BITMAP
0180
0FF0
1FF8
3FDC
6306
633E
737E
F24F
F227
7366
7326
738E
3FFC
1FF8
0FF0
ENDCHAR
STARTCHAR uni24F1
ENCODING 9457
SWIDTH 1000 0
DWIDTH 16 0
BBX 16 15 0 -1
BITMAP
0180
0FF0
1FF8
3FFC
6306
63EE
73CE
F3DF
F39F
739E
739E
739E
3FFC
1FF8
0FF0
ENDCHAR
STARTCHAR uni24F2
ENCODING 9458
SWIDTH 1000 0
DWIDTH 16 0
BBX 16 15 0 -1
BITMAP
0180
0FF0
1FF8
3FDC
630E
6366
7326
F38F
F347
7366
7326
730E
3FFC
1FF8
0FF0
ENDCHAR
STARTCHAR uni24F3
ENCODING 9459
SWIDTH 1000 0
DWIDTH 16 0
BBX 16 15 0 -1
BITMAP
0180
0FF0
1FF8
3FDC
630E
6366
7366
F327
F397
73E6
734E
730E
3FFC
1FF8
0FF0
ENDCHAR
STARTCHAR uni24F4
ENCODING 9460
SWIDTH 1000 0
DWIDTH 16 0
BBX 16 15 0 -1
BITMAP
0180
0FF0
1FF8
3BDC
6186
7CA6
7D32
FD33
F933
7336
60A6
6086
3FFC
1FF8
0FF0
ENDCHAR
STARTCHAR uni24F5
ENCODING 9461
SWIDTH 1000 0
DWIDTH 16 0
BBX 16 15 0 -1
BITMAP
07C0
0BF0
1C38
300C
6386
6386
C182
C183
C183
C185
6186
6186
300C
1E78
0FF0
ENDCHAR
STARTCHAR uni24F6
ENCODING 9462
SWIDTH 1000 0
DWIDTH 16 0
BBX 16 15 0 -1
BITMAP
07C0
0BF0
1C38
318C
67C6
6266
C062
C063
C0C3
C185
63E6
67E6
300C
1E78
0FF0
ENDCHAR
STARTCHAR uni24F7
ENCODING 9463
SWIDTH 1000 0
DWIDTH 16 0
BBX 16 15 0 -1
BITMAP
07C0
0BF0
1C38
318C
67E6
6266
C062
C1C3
C0E3
C065
6666
67C6
300C
1E78
0FF0
ENDCHAR
STARTCHAR uni24F8
ENCODING 9464
SWIDTH 1000 0
DWIDTH 16 0
BBX 16 15 0 -1
BITMAP
07C0
0BF0
1C38
300C
61C6
63C6
C2C2
C6C3
CCC3
CFE5
60C6
60C6
300C
1E78
0FF0
ENDCHAR
STARTCHAR uni24F9
ENCODING 9465
SWIDTH 1000 0
DWIDTH 16 0
BBX 16 15 0 -1
BITMAP
07C0
0BF0
1C38
300C
63E6
6206
C202
C7E3
C263
C065
6666
67C6
300C
1E78
0FF0
ENDCHAR
STARTCHAR uni24FA
ENCODING 9466
SWIDTH 1000 0
DWIDTH 16 0
BBX 16 15 0 -1
BITMAP
07C0
0BF0
1C38
308C
63E6
6646
C602
C5C3
C663
C665
6666
63C6
300C
1E78
0FF0
ENDCHAR
STARTCHAR uni24FB
ENCODING 9467
SWIDTH 1000 0
DWIDTH 16 0
BBX 16 15 0 -1
BITMAP
07C0
0BF0
1C38
300C
67E6
6066
C0C2
C083
C183
C185
6186
6186
300C
1E78
0FF0
ENDCHAR
STARTCHAR uni24FC
ENCODING 9468
SWIDTH 1000 0
DWIDTH 16 0
BBX 16 15 0 -1
BITMAP
07C0
0BF0
1C38
318C
67E6
6666
C662
C3C3
C6E3
C665
6666
63C6
300C
1E78
0FF0
ENDCHAR
STARTCHAR uni24FD
ENCODING 9469
SWIDTH 1000 0
DWIDTH 16 0
BBX 16 15 0 -1
BITMAP
07C0
0BF0
1C38
318C
63E6
6666
C622
C7E3
C3A3
C065
62E6
67C6
300C
1E78
0FF0
ENDCHAR
STARTCHAR uni24FE
ENCODING 9470
SWIDTH 1000 0
DWIDTH 16 0
BBX 16 15 0 -1
BITMAP
07C0
0BF0
1C38
302C
6EF6
6ED6
C79A
C79B
C79B
C69D
66F6
66F6
300C
1E78
0FF0
ENDCHAR
STARTCHAR uni24FF
ENCODING 9471
SWIDTH 1000 0
DWIDTH 16 0
BBX 16 15 0 -1
BITMAP
0180
0FF0
1FF8
3E7C
7C3E
799E
799E
F99F
F99F
799E
791E
7C3E
3FFC
1FF8
0FF0
ENDCHAR
STARTCHAR SF100000
ENCODING 9472
SWIDTH 688 0
DWIDTH 11 0
BBX 11 1 0 4
BITMAP
FFE0
ENDCHAR
STARTCHAR uni2501
ENCODING 9473
SWIDTH 1000 0
DWIDTH 16 0
BBX 16 2 0 5
BITMAP
FFFF
FFFF
ENDCHAR
STARTCHAR SF110000
ENCODING 9474
SWIDTH 625 0
DWIDTH 10 0
BBX 1 20 5 -5
BITMAP
80
80
80
80
80
80
80
80
80
80
80
80
80
80
80
80
80
80
80
80
ENDCHAR
STARTCHAR uni2503
ENCODING 9475
SWIDTH 1000 0
DWIDTH 16 0
BBX 2 16 7 -2
BITMAP
C0
C0
C0
C0
C0
C0
C0
C0
C0
C0
C0
C0
C0
C0
C0
C0
ENDCHAR
STARTCHAR uni2504
ENCODING 9476
SWIDTH 1000 0
DWIDTH 16 0
BBX 14 1 1 6
BITMAP
E79C
ENDCHAR
STARTCHAR uni2505
ENCODING 9477
SWIDTH 1000 0
DWIDTH 16 0
BBX 14 2 1 5
BITMAP
E79C
E79C
ENDCHAR
STARTCHAR uni2506
ENCODING 9478
SWIDTH 1000 0
DWIDTH 16 0
BBX 1 14 8 -1
BITMAP
80
80
80
00
00
80
80
80
80
00
80
80
80
80
ENDCHAR
STARTCHAR uni2507
ENCODING 9479
SWIDTH 1000 0
DWIDTH 16 0
BBX 2 14 7 -1
BITMAP
C0
C0
C0
00
00
C0
C0
C0
C0
00
C0
C0
C0
C0
ENDCHAR
STARTCHAR uni2508
ENCODING 9480
SWIDTH 1000 0
DWIDTH 16 0
BBX 16 1 0 6
BITMAP
FFFF
ENDCHAR
STARTCHAR uni2509
ENCODING 9481
SWIDTH 1000 0
DWIDTH 16 0
BBX 16 2 0 5
BITMAP
FFFF
FFFF
ENDCHAR
STARTCHAR uni250A
ENCODING 9482
SWIDTH 1000 0
DWIDTH 16 0
BBX 1 15 8 -1
BITMAP
80
80
80
00
80
80
80
00
80
80
80
00
80
80
80
ENDCHAR
STARTCHAR uni250B
ENCODING 9483
SWIDTH 1000 0
DWIDTH 16 0
BBX 2 15 7 -1
BITMAP
C0
C0
C0
00
C0
C0
C0
00
C0
C0
C0
00
C0
C0
C0
ENDCHAR
STARTCHAR SF010000
ENCODING 9484
SWIDTH 688 0
DWIDTH 11 0
BBX 6 10 5 -5
BITMAP
FC
80
80
80
80
80
80
80
80
80
ENDCHAR
STARTCHAR uni250D
ENCODING 9485
SWIDTH 1000 0
DWIDTH 16 0
BBX 8 9 8 -2
BITMAP
FF
FF
80
80
80
80
80
80
80
ENDCHAR
STARTCHAR uni250E
ENCODING 9486
SWIDTH 1000 0
DWIDTH 16 0
BBX 9 8 7 -2
BITMAP
FF80
C000
C000
C000
C000
C000
C000
C000
ENDCHAR
STARTCHAR uni250F
ENCODING 9487
SWIDTH 1000 0
DWIDTH 16 0
BBX 9 9 7 -2
BITMAP
FF80
FF80
C000
C000
C000
C000
C000
C000
C000
ENDCHAR
STARTCHAR SF030000
ENCODING 9488
SWIDTH 688 0
DWIDTH 11 0
BBX 6 10 0 -5
BITMAP
FC
04
04
04
04
04
04
04
04
04
ENDCHAR
STARTCHAR uni2511
ENCODING 9489
SWIDTH 1000 0
DWIDTH 16 0
BBX 8 9 0 -2
BITMAP
FF
FF
01
01
01
01
01
01
01
ENDCHAR
STARTCHAR uni2512
ENCODING 9490
SWIDTH 1000 0
DWIDTH 16 0
BBX 9 8 0 -2
BITMAP
FF80
0180
0180
0180
0180
0180
0180
0180
ENDCHAR
STARTCHAR uni2513
ENCODING 9491
SWIDTH 1000 0
DWIDTH 16 0
BBX 9 9 0 -2
BITMAP
FF80
FF80
0180
0180
0180
0180
0180
0180
0180
ENDCHAR
STARTCHAR SF020000
ENCODING 9492
SWIDTH 688 0
DWIDTH 11 0
BBX 6 11 5 4
BITMAP
80
80
80
80
80
80
80
80
80
80
FC
ENDCHAR
STARTCHAR uni2515
ENCODING 9493
SWIDTH 1000 0
DWIDTH 16 0
BBX 8 9 8 5
BITMAP
80
80
80
80
80
80
80
FF
FF
ENDCHAR
STARTCHAR uni2516
ENCODING 9494
SWIDTH 1000 0
DWIDTH 16 0
BBX 9 8 7 6
BITMAP
C000
C000
C000
C000
C000
C000
C000
FF80
ENDCHAR
STARTCHAR uni2517
ENCODING 9495
SWIDTH 1000 0
DWIDTH 16 0
BBX 9 9 7 5
BITMAP
C000
C000
C000
C000
C000
C000
C000
FF80
FF80
ENDCHAR
STARTCHAR SF040000
ENCODING 9496
SWIDTH 688 0
DWIDTH 11 0
BBX 6 11 0 4
BITMAP
04
04
04
04
04
04
04
04
04
04
FC
ENDCHAR
STARTCHAR uni2519
ENCODING 9497
SWIDTH 1000 0
DWIDTH 16 0
BBX 8 9 0 5
BITMAP
01
01
01
01
01
01
01
FF
FF
ENDCHAR
STARTCHAR uni251A
ENCODING 9498
SWIDTH 1000 0
DWIDTH 16 0
BBX 9 8 0 6
BITMAP
0180
0180
0180
0180
0180
0180
0180
FF80
ENDCHAR
STARTCHAR uni251B
ENCODING 9499
SWIDTH 1000 0
DWIDTH 16 0
BBX 9 9 0 5
BITMAP
0180
0180
0180
0180
0180
0180
0180
FF80
FF80
ENDCHAR
STARTCHAR SF080000
ENCODING 9500
SWIDTH 688 0
DWIDTH 11 0
BBX 6 20 5 -5
BITMAP
80
80
80
80
80
80
80
80
80
80
FC
80
80
80
80
80
80
80
80
80
ENDCHAR
STARTCHAR uni251D
ENCODING 9501
SWIDTH 1000 0
DWIDTH 16 0
BBX 8 16 8 -2
BITMAP
80
80
80
80
80
80
80
FF
FF
80
80
80
80
80
80
80
ENDCHAR
STARTCHAR uni251E
ENCODING 9502
SWIDTH 1000 0
DWIDTH 16 0
BBX 9 16 7 -2
BITMAP
C000
C000
C000
C000
C000
C000
C000
FF80
8000
8000
8000
8000
8000
8000
8000
8000
ENDCHAR
STARTCHAR uni251F
ENCODING 9503
SWIDTH 1000 0
DWIDTH 16 0
BBX 9 16 7 -2
BITMAP
8000
8000
8000
8000
8000
8000
8000
BF80
C000
C000
C000
C000
C000
C000
C000
C000
ENDCHAR
STARTCHAR uni2520
ENCODING 9504
SWIDTH 1000 0
DWIDTH 16 0
BBX 9 16 7 -2
BITMAP
C000
C000
C000
C000
C000
C000
C000
FF80
C000
C000
C000
C000
C000
C000
C000
C000
ENDCHAR
STARTCHAR uni2521
ENCODING 9505
SWIDTH 1000 0
DWIDTH 16 0
BBX 9 16 7 -2
BITMAP
C000
C000
C000
C000
C000
C000
C000
FF80
FF80
8000
8000
8000
8000
8000
8000
8000
ENDCHAR
STARTCHAR uni2522
ENCODING 9506
SWIDTH 1000 0
DWIDTH 16 0
BBX 9 16 7 -2
BITMAP
8000
8000
8000
8000
8000
8000
8000
FF80
FF80
C000
C000
C000
C000
C000
C000
C000
ENDCHAR
STARTCHAR uni2523
ENCODING 9507
SWIDTH 1000 0
DWIDTH 16 0
BBX 9 16 7 -2
BITMAP
C000
C000
C000
C000
C000
C000
C000
FF80
FF80
C000
C000
C000
C000
C000
C000
C000
ENDCHAR
STARTCHAR SF090000
ENCODING 9508
SWIDTH 688 0
DWIDTH 11 0
BBX 6 20 0 -5
BITMAP
04
04
04
04
04
04
04
04
04
04
FC
04
04
04
04
04
04
04
04
04
ENDCHAR
STARTCHAR uni2525
ENCODING 9509
SWIDTH 1000 0
DWIDTH 16 0
BBX 8 16 0 -2
BITMAP
01
01
01
01
01
01
01
FF
FF
01
01
01
01
01
01
01
ENDCHAR
STARTCHAR uni2526
ENCODING 9510
SWIDTH 1000 0
DWIDTH 16 0
BBX 9 16 0 -2
BITMAP
0180
0180
0180
0180
0180
0180
0180
FF80
0100
0100
0100
0100
0100
0100
0100
0100
ENDCHAR
STARTCHAR uni2527
ENCODING 9511
SWIDTH 1000 0
DWIDTH 16 0
BBX 9 16 0 -2
BITMAP
0100
0100
0100
0100
0100
0100
0100
FF00
0180
0180
0180
0180
0180
0180
0180
0180
ENDCHAR
STARTCHAR uni2528
ENCODING 9512
SWIDTH 1000 0
DWIDTH 16 0
BBX 9 16 0 -2
BITMAP
0180
0180
0180
0180
0180
0180
0180
FF80
0180
0180
0180
0180
0180
0180
0180
0180
ENDCHAR
STARTCHAR uni2529
ENCODING 9513
SWIDTH 1000 0
DWIDTH 16 0
BBX 9 16 0 -2
BITMAP
0180
0180
0180
0180
0180
0180
0180
FF80
FF80
0100
0100
0100
0100
0100
0100
0100
ENDCHAR
STARTCHAR uni252A
ENCODING 9514
SWIDTH 1000 0
DWIDTH 16 0
BBX 9 16 0 -2
BITMAP
0100
0100
0100
0100
0100
0100
0100
FF80
FF80
0180
0180
0180
0180
0180
0180
0180
ENDCHAR
STARTCHAR uni252B
ENCODING 9515
SWIDTH 1000 0
DWIDTH 16 0
BBX 9 16 0 -2
BITMAP
0180
0180
0180
0180
0180
0180
0180
FF80
FF80
0180
0180
0180
0180
0180
0180
0180
ENDCHAR
STARTCHAR SF060000
ENCODING 9516
SWIDTH 688 0
DWIDTH 11 0
BBX 11 10 0 -5
BITMAP
FFE0
0400
0400
0400
0400
0400
0400
0400
0400
0400
ENDCHAR
STARTCHAR uni252D
ENCODING 9517
SWIDTH 1000 0
DWIDTH 16 0
BBX 16 9 0 -2
BITMAP
FFFF
FF00
0100
0100
0100
0100
0100
0100
0100
ENDCHAR
STARTCHAR uni252E
ENCODING 9518
SWIDTH 1000 0
DWIDTH 16 0
BBX 16 9 0 -2
BITMAP
FFFF
00FF
0100
0100
0100
0100
0100
0100
0100
ENDCHAR
STARTCHAR uni252F
ENCODING 9519
SWIDTH 1000 0
DWIDTH 16 0
BBX 16 9 0 -2
BITMAP
FFFF
FFFF
0100
0100
0100
0100
0100
0100
0100
ENDCHAR
STARTCHAR uni2530
ENCODING 9520
SWIDTH 1000 0
DWIDTH 16 0
BBX 16 8 0 -2
BITMAP
FFFF
0180
0180
0180
0180
0180
0180
0180
ENDCHAR
STARTCHAR uni2531
ENCODING 9521
SWIDTH 1000 0
DWIDTH 16 0
BBX 16 9 0 -2
BITMAP
FFFF
FF80
0180
0180
0180
0180
0180
0180
0180
ENDCHAR
STARTCHAR uni2532
ENCODING 9522
SWIDTH 1000 0
DWIDTH 16 0
BBX 16 9 0 -2
BITMAP
FFFF
01FF
0180
0180
0180
0180
0180
0180
0180
ENDCHAR
STARTCHAR uni2533
ENCODING 9523
SWIDTH 1000 0
DWIDTH 16 0
BBX 16 9 0 -2
BITMAP
FFFF
FFFF
0180
0180
0180
0180
0180
0180
0180
ENDCHAR
STARTCHAR SF070000
ENCODING 9524
SWIDTH 688 0
DWIDTH 11 0
BBX 11 11 0 4
BITMAP
0400
0400
0400
0400
0400
0400
0400
0400
0400
0400
FFE0
ENDCHAR
STARTCHAR uni2535
ENCODING 9525
SWIDTH 1000 0
DWIDTH 16 0
BBX 16 9 0 5
BITMAP
0100
0100
0100
0100
0100
0100
0100
FFFF
FF00
ENDCHAR
STARTCHAR uni2536
ENCODING 9526
SWIDTH 1000 0
DWIDTH 16 0
BBX 16 9 0 5
BITMAP
0100
0100
0100
0100
0100
0100
0100
FFFF
00FF
ENDCHAR
STARTCHAR uni2537
ENCODING 9527
SWIDTH 1000 0
DWIDTH 16 0
BBX 16 9 0 5
BITMAP
0100
0100
0100
0100
0100
0100
0100
FFFF
FFFF
ENDCHAR
STARTCHAR uni2538
ENCODING 9528
SWIDTH 1000 0
DWIDTH 16 0
BBX 16 8 0 6
BITMAP
0180
0180
0180
0180
0180
0180
0180
FFFF
ENDCHAR
STARTCHAR uni2539
ENCODING 9529
SWIDTH 1000 0
DWIDTH 16 0
BBX 16 9 0 5
BITMAP
0180
0180
0180
0180
0180
0180
0180
FFFF
FF80
ENDCHAR
STARTCHAR uni253A
ENCODING 9530
SWIDTH 1000 0
DWIDTH 16 0
BBX 16 9 0 5
BITMAP
0180
0180
0180
0180
0180
0180
0180
FFFF
01FF
ENDCHAR
STARTCHAR uni253B
ENCODING 9531
SWIDTH 1000 0
DWIDTH 16 0
BBX 16 9 0 5
BITMAP
0180
0180
0180
0180
0180
0180
0180
FFFF
FFFF
ENDCHAR
STARTCHAR SF050000
ENCODING 9532
SWIDTH 688 0
DWIDTH 11 0
BBX 11 20 0 -5
BITMAP
0400
0400
0400
0400
0400
0400
0400
0400
0400
0400
FFE0
0400
0400
0400
0400
0400
0400
0400
0400
0400
ENDCHAR
STARTCHAR uni253D
ENCODING 9533
SWIDTH 1000 0
DWIDTH 16 0
BBX 16 16 0 -2
BITMAP
0100
0100
0100
0100
0100
0100
0100
FFFF
FF00
0100
0100
0100
0100
0100
0100
0100
ENDCHAR
STARTCHAR uni253E
ENCODING 9534
SWIDTH 1000 0
DWIDTH 16 0
BBX 16 16 0 -2
BITMAP
0100
0100
0100
0100
0100
0100
0100
FFFF
00FF
0100
0100
0100
0100
0100
0100
0100
ENDCHAR
STARTCHAR uni253F
ENCODING 9535
SWIDTH 1000 0
DWIDTH 16 0
BBX 16 16 0 -2
BITMAP
0100
0100
0100
0100
0100
0100
0100
FFFF
FFFF
0100
0100
0100
0100
0100
0100
0100
ENDCHAR
STARTCHAR uni2540
ENCODING 9536
SWIDTH 1000 0
DWIDTH 16 0
BBX 16 16 0 -2
BITMAP
0180
0180
0180
0180
0180
0180
0180
FFFF
0100
0100
0100
0100
0100
0100
0100
0100
ENDCHAR
STARTCHAR uni2541
ENCODING 9537
SWIDTH 1000 0
DWIDTH 16 0
BBX 16 16 0 -2
BITMAP
0100
0100
0100
0100
0100
0100
0100
FF7F
0180
0180
0180
0180
0180
0180
0180
0180
ENDCHAR
STARTCHAR uni2542
ENCODING 9538
SWIDTH 1000 0
DWIDTH 16 0
BBX 16 16 0 -2
BITMAP
0180
0180
0180
0180
0180
0180
0180
FFFF
0180
0180
0180
0180
0180
0180
0180
0180
ENDCHAR
STARTCHAR uni2543
ENCODING 9539
SWIDTH 1000 0
DWIDTH 16 0
BBX 16 16 0 -2
BITMAP
0180
0180
0180
0180
0180
0180
0180
FFFF
FF80
0100
0100
0100
0100
0100
0100
0100
ENDCHAR
STARTCHAR uni2544
ENCODING 9540
SWIDTH 1000 0
DWIDTH 16 0
BBX 16 16 0 -2
BITMAP
0180
0180
0180
0180
0180
0180
0180
FFFF
01FF
0100
0100
0100
0100
0100
0100
0100
ENDCHAR
STARTCHAR uni2545
ENCODING 9541
SWIDTH 1000 0
DWIDTH 16 0
BBX 16 16 0 -2
BITMAP
0100
0100
0100
0100
0100
0100
0100
FFFF
FF80
0180
0180
0180
0180
0180
0180
0180
ENDCHAR
STARTCHAR uni2546
ENCODING 9542
SWIDTH 1000 0
DWIDTH 16 0
BBX 16 16 0 -2
BITMAP
0100
0100
0100
0100
0100
0100
0100
FFFF
01FF
0180
0180
0180
0180
0180
0180
0180
ENDCHAR
STARTCHAR uni2547
ENCODING 9543
SWIDTH 1000 0
DWIDTH 16 0
BBX 16 16 0 -2
BITMAP
0180
0180
0180
0180
0180
0180
0180
FFFF
FFFF
0100
0100
0100
0100
0100
0100
0100
ENDCHAR
STARTCHAR uni2548
ENCODING 9544
SWIDTH 1000 0
DWIDTH 16 0
BBX 16 16 0 -2
BITMAP
0100
0100
0100
0100
0100
0100
0100
FFFF
FFFF
0180
0180
0180
0180
0180
0180
0180
ENDCHAR
STARTCHAR uni2549
ENCODING 9545
SWIDTH 1000 0
DWIDTH 16 0
BBX 16 16 0 -2
BITMAP
0180
0180
0180
0180
0180
0180
0180
FFFF
FF80
0180
0180
0180
0180
0180
0180
0180
ENDCHAR
STARTCHAR uni254A
ENCODING 9546
SWIDTH 1000 0
DWIDTH 16 0
BBX 16 16 0 -2
BITMAP
0180
0180
0180
0180
0180
0180
0180
FFFF
01FF
0180
0180
0180
0180
0180
0180
0180
ENDCHAR
STARTCHAR uni254B
ENCODING 9547
SWIDTH 1000 0
DWIDTH 16 0
BBX 16 16 0 -2
BITMAP
0180
0180
0180
0180
0180
0180
0180
FFFF
FFFF
0180
0180
0180
0180
0180
0180
0180
ENDCHAR
STARTCHAR uni254C
ENCODING 9548
SWIDTH 1000 0
DWIDTH 16 0
BBX 12 1 2 6
BITMAP
F0F0
ENDCHAR
STARTCHAR uni254D
ENCODING 9549
SWIDTH 1000 0
DWIDTH 16 0
BBX 12 2 2 5
BITMAP
F0F0
F0F0
ENDCHAR
STARTCHAR uni254E
ENCODING 9550
SWIDTH 1000 0
DWIDTH 16 0
BBX 1 12 8 0
BITMAP
80
80
80
80
00
00
00
00
80
80
80
80
ENDCHAR
STARTCHAR uni254F
ENCODING 9551
SWIDTH 1000 0
DWIDTH 16 0
BBX 2 12 7 0
BITMAP
C0
C0
C0
C0
00
00
00
00
C0
C0
C0
C0
ENDCHAR
STARTCHAR SF430000
ENCODING 9552
SWIDTH 688 0
DWIDTH 11 0
BBX 11 4 0 3
BITMAP
FFE0
0000
0000
FFE0
ENDCHAR
STARTCHAR SF240000
ENCODING 9553
SWIDTH 688 0
DWIDTH 11 0
BBX 4 20 4 -5
BITMAP
90
90
90
90
90
90
90
90
90
90
90
90
90
90
90
90
90
90
90
90
ENDCHAR
STARTCHAR SF510000
ENCODING 9554
SWIDTH 688 0
DWIDTH 11 0
BBX 6 12 5 -5
BITMAP
FC
80
80
FC
80
80
80
80
80
80
80
80
ENDCHAR
STARTCHAR SF520000
ENCODING 9555
SWIDTH 688 0
DWIDTH 11 0
BBX 7 10 4 -5
BITMAP
FE
90
90
90
90
90
90
90
90
90
ENDCHAR
STARTCHAR SF390000
ENCODING 9556
SWIDTH 688 0
DWIDTH 11 0
BBX 7 12 4 -5
BITMAP
FE
80
80
9E
90
90
90
90
90
90
90
90
ENDCHAR
STARTCHAR SF220000
ENCODING 9557
SWIDTH 688 0
DWIDTH 11 0
BBX 6 12 0 -5
BITMAP
FC
04
04
FC
04
04
04
04
04
04
04
04
ENDCHAR
STARTCHAR SF210000
ENCODING 9558
SWIDTH 688 0
DWIDTH 11 0
BBX 8 10 0 -5
BITMAP
FF
09
09
09
09
09
09
09
09
09
ENDCHAR
STARTCHAR SF250000
ENCODING 9559
SWIDTH 688 0
DWIDTH 11 0
BBX 8 12 0 -5
BITMAP
FF
01
01
F9
09
09
09
09
09
09
09
09
ENDCHAR
STARTCHAR SF500000
ENCODING 9560
SWIDTH 688 0
DWIDTH 11 0
BBX 6 12 5 3
BITMAP
80
80
80
80
80
80
80
80
FC
80
80
FC
ENDCHAR
STARTCHAR SF490000
ENCODING 9561
SWIDTH 688 0
DWIDTH 11 0
BBX 7 11 4 4
BITMAP
90
90
90
90
90
90
90
90
90
90
FE
ENDCHAR
STARTCHAR SF380000
ENCODING 9562
SWIDTH 688 0
DWIDTH 11 0
BBX 7 12 4 3
BITMAP
90
90
90
90
90
90
90
90
9E
80
80
FE
ENDCHAR
STARTCHAR SF280000
ENCODING 9563
SWIDTH 688 0
DWIDTH 11 0
BBX 6 12 0 3
BITMAP
04
04
04
04
04
04
04
04
FC
04
04
FC
ENDCHAR
STARTCHAR SF270000
ENCODING 9564
SWIDTH 688 0
DWIDTH 11 0
BBX 8 11 0 4
BITMAP
09
09
09
09
09
09
09
09
09
09
FF
ENDCHAR
STARTCHAR SF260000
ENCODING 9565
SWIDTH 688 0
DWIDTH 11 0
BBX 8 12 0 3
BITMAP
09
09
09
09
09
09
09
09
F9
01
01
FF
ENDCHAR
STARTCHAR SF360000
ENCODING 9566
SWIDTH 688 0
DWIDTH 11 0
BBX 6 20 5 -5
BITMAP
80
80
80
80
80
80
80
80
FC
80
80
FC
80
80
80
80
80
80
80
80
ENDCHAR
STARTCHAR SF370000
ENCODING 9567
SWIDTH 688 0
DWIDTH 11 0
BBX 7 20 4 -5
BITMAP
90
90
90
90
90
90
90
90
90
90
9E
90
90
90
90
90
90
90
90
90
ENDCHAR
STARTCHAR SF420000
ENCODING 9568
SWIDTH 688 0
DWIDTH 11 0
BBX 7 20 4 -5
BITMAP
90
90
90
90
90
90
90
90
9E
80
80
9E
90
90
90
90
90
90
90
90
ENDCHAR
STARTCHAR SF190000
ENCODING 9569
SWIDTH 688 0
DWIDTH 11 0
BBX 6 20 0 -5
BITMAP
04
04
04
04
04
04
04
04
FC
04
04
FC
04
04
04
04
04
04
04
04
ENDCHAR
STARTCHAR SF200000
ENCODING 9570
SWIDTH 688 0
DWIDTH 11 0
BBX 8 20 0 -5
BITMAP
09
09
09
09
09
09
09
09
09
09
F9
09
09
09
09
09
09
09
09
09
ENDCHAR
STARTCHAR SF230000
ENCODING 9571
SWIDTH 688 0
DWIDTH 11 0
BBX 8 20 0 -5
BITMAP
09
09
09
09
09
09
09
09
F9
01
01
F9
09
09
09
09
09
09
09
09
ENDCHAR
STARTCHAR SF470000
ENCODING 9572
SWIDTH 688 0
DWIDTH 11 0
BBX 11 12 0 -5
BITMAP
FFE0
0000
0000
FFE0
0400
0400
0400
0400
0400
0400
0400
0400
ENDCHAR
STARTCHAR SF480000
ENCODING 9573
SWIDTH 688 0
DWIDTH 11 0
BBX 11 10 0 -5
BITMAP
FFE0
0900
0900
0900
0900
0900
0900
0900
0900
0900
ENDCHAR
STARTCHAR SF410000
ENCODING 9574
SWIDTH 688 0
DWIDTH 11 0
BBX 11 12 0 -5
BITMAP
FFE0
0000
0000
F9E0
0900
0900
0900
0900
0900
0900
0900
0900
ENDCHAR
STARTCHAR SF450000
ENCODING 9575
SWIDTH 688 0
DWIDTH 11 0
BBX 11 12 0 3
BITMAP
0400
0400
0400
0400
0400
0400
0400
0400
FFE0
0000
0000
FFE0
ENDCHAR
STARTCHAR SF460000
ENCODING 9576
SWIDTH 688 0
DWIDTH 11 0
BBX 11 11 0 4
BITMAP
0900
0900
0900
0900
0900
0900
0900
0900
0900
0900
FFE0
ENDCHAR
STARTCHAR SF400000
ENCODING 9577
SWIDTH 688 0
DWIDTH 11 0
BBX 11 12 0 3
BITMAP
0900
0900
0900
0900
0900
0900
0900
0900
F9E0
0000
0000
FFE0
ENDCHAR
STARTCHAR SF540000
ENCODING 9578
SWIDTH 688 0
DWIDTH 11 0
BBX 11 20 0 -5
BITMAP
0400
0400
0400
0400
0400
0400
0400
0400
FFE0
0400
0400
FFE0
0400
0400
0400
0400
0400
0400
0400
0400
ENDCHAR
STARTCHAR SF530000
ENCODING 9579
SWIDTH 688 0
DWIDTH 11 0
BBX 11 20 0 -5
BITMAP
0900
0900
0900
0900
0900
0900
0900
0900
0900
0900
FFE0
0900
0900
0900
0900
0900
0900
0900
0900
0900
ENDCHAR
STARTCHAR SF440000
ENCODING 9580
SWIDTH 688 0
DWIDTH 11 0
BBX 11 20 0 -5
BITMAP
0900
0900
0900
0900
0900
0900
0900
0900
F9E0
0000
0000
F9E0
0900
0900
0900
0900
0900
0900
0900
0900
ENDCHAR
STARTCHAR uni256D
ENCODING 9581
SWIDTH 1000 0
DWIDTH 16 0
BBX 8 8 8 -2
BITMAP
0F
10
20
40
80
80
80
80
ENDCHAR
STARTCHAR uni256E
ENCODING 9582
SWIDTH 1000 0
DWIDTH 16 0
BBX 8 8 0 -2
BITMAP
F0
08
04
02
01
01
01
01
ENDCHAR
STARTCHAR uni256F
ENCODING 9583
SWIDTH 1000 0
DWIDTH 16 0
BBX 8 8 0 6
BITMAP
01
01
01
01
02
04
08
F0
ENDCHAR
STARTCHAR uni2570
ENCODING 9584
SWIDTH 1000 0
DWIDTH 16 0
BBX 8 8 8 6
BITMAP
80
80
80
80
40
20
10
0F
ENDCHAR
STARTCHAR uni2571
ENCODING 9585
SWIDTH 1000 0
DWIDTH 16 0
BBX 16 16 0 -2
BITMAP
0001
0002
0004
0008
0010
0020
0040
0080
0100
0200
0400
0800
1000
2000
4000
8000
ENDCHAR
STARTCHAR uni2572
ENCODING 9586
SWIDTH 1000 0
DWIDTH 16 0
BBX 16 16 0 -2
BITMAP
8000
4000
2000
1000
0800
0400
0200
0100
0080
0040
0020
0010
0008
0004
0002
0001
ENDCHAR
STARTCHAR uni2573
ENCODING 9587
SWIDTH 1000 0
DWIDTH 16 0
BBX 16 16 0 -2
BITMAP
8001
4002
2004
1008
0810
0420
0240
0180
0180
0240
0420
0810
1008
2004
4002
8001
ENDCHAR
STARTCHAR uni2574
ENCODING 9588
SWIDTH 1000 0
DWIDTH 16 0
BBX 8 1 0 6
BITMAP
FF
ENDCHAR
STARTCHAR uni2575
ENCODING 9589
SWIDTH 1000 0
DWIDTH 16 0
BBX 1 8 8 6
BITMAP
80
80
80
80
80
80
80
80
ENDCHAR
STARTCHAR uni2576
ENCODING 9590
SWIDTH 1000 0
DWIDTH 16 0
BBX 8 1 8 6
BITMAP
FF
ENDCHAR
STARTCHAR uni2577
ENCODING 9591
SWIDTH 1000 0
DWIDTH 16 0
BBX 1 8 8 -2
BITMAP
80
80
80
80
80
80
80
80
ENDCHAR
STARTCHAR uni2578
ENCODING 9592
SWIDTH 1000 0
DWIDTH 16 0
BBX 8 2 0 5
BITMAP
FF
FF
ENDCHAR
STARTCHAR uni2579
ENCODING 9593
SWIDTH 1000 0
DWIDTH 16 0
BBX 2 8 7 6
BITMAP
C0
C0
C0
C0
C0
C0
C0
C0
ENDCHAR
STARTCHAR uni257A
ENCODING 9594
SWIDTH 1000 0
DWIDTH 16 0
BBX 8 2 8 5
BITMAP
FF
FF
ENDCHAR
STARTCHAR uni257B
ENCODING 9595
SWIDTH 1000 0
DWIDTH 16 0
BBX 2 8 7 -2
BITMAP
C0
C0
C0
C0
C0
C0
C0
C0
ENDCHAR
STARTCHAR uni257C
ENCODING 9596
SWIDTH 1000 0
DWIDTH 16 0
BBX 16 2 0 5
BITMAP
FFFF
00FF
ENDCHAR
STARTCHAR uni257D
ENCODING 9597
SWIDTH 1000 0
DWIDTH 16 0
BBX 2 16 7 -2
BITMAP
80
80
80
80
80
80
80
80
C0
C0
C0
C0
C0
C0
C0
C0
ENDCHAR
STARTCHAR uni257E
ENCODING 9598
SWIDTH 1000 0
DWIDTH 16 0
BBX 16 2 0 5
BITMAP
FFFF
FF00
ENDCHAR
STARTCHAR uni257F
ENCODING 9599
SWIDTH 1000 0
DWIDTH 16 0
BBX 2 16 7 -2
BITMAP
C0
C0
C0
C0
C0
C0
C0
C0
80
80
80
80
80
80
80
80
ENDCHAR
STARTCHAR upblock
ENCODING 9600
SWIDTH 688 0
DWIDTH 11 0
BBX 11 10 0 5
BITMAP
FFE0
FFE0
FFE0
FFE0
FFE0
FFE0
FFE0
FFE0
FFE0
FFE0
ENDCHAR
STARTCHAR uni2581
ENCODING 9601
SWIDTH 1000 0
DWIDTH 16 0
BBX 16 2 0 -2
BITMAP
FFFF
FFFF
ENDCHAR
STARTCHAR uni2582
ENCODING 9602
SWIDTH 1000 0
DWIDTH 16 0
BBX 16 4 0 -2
BITMAP
FFFF
FFFF
FFFF
FFFF
ENDCHAR
STARTCHAR uni2583
ENCODING 9603
SWIDTH 1000 0
DWIDTH 16 0
BBX 16 6 0 -2
BITMAP
FFFF
FFFF
FFFF
FFFF
FFFF
FFFF
ENDCHAR
STARTCHAR dnblock
ENCODING 9604
SWIDTH 688 0
DWIDTH 11 0
BBX 11 10 0 -5
BITMAP
FFE0
FFE0
FFE0
FFE0
FFE0
FFE0
FFE0
FFE0
FFE0
FFE0
ENDCHAR
STARTCHAR uni2585
ENCODING 9605
SWIDTH 1000 0
DWIDTH 16 0
BBX 16 10 0 -2
BITMAP
FFFF
FFFF
FFFF
FFFF
FFFF
FFFF
FFFF
FFFF
FFFF
FFFF
ENDCHAR
STARTCHAR uni2586
ENCODING 9606
SWIDTH 1000 0
DWIDTH 16 0
BBX 16 12 0 -2
BITMAP
FFFF
FFFF
FFFF
FFFF
FFFF
FFFF
FFFF
FFFF
FFFF
FFFF
FFFF
FFFF
ENDCHAR
STARTCHAR uni2587
ENCODING 9607
SWIDTH 1000 0
DWIDTH 16 0
BBX 16 14 0 -2
BITMAP
FFFF
FFFF
FFFF
FFFF
FFFF
FFFF
FFFF
FFFF
FFFF
FFFF
FFFF
FFFF
FFFF
FFFF
ENDCHAR
STARTCHAR block
ENCODING 9608
SWIDTH 688 0
DWIDTH 11 0
BBX 11 20 0 -5
BITMAP
FFE0
FFE0
FFE0
FFE0
FFE0
FFE0
FFE0
FFE0
FFE0
FFE0
FFE0
FFE0
FFE0
FFE0
FFE0
FFE0
FFE0
FFE0
FFE0
FFE0
ENDCHAR
STARTCHAR uni2589
ENCODING 9609
SWIDTH 1000 0
DWIDTH 16 0
BBX 14 16 0 -2
BITMAP
FFFC
FFFC
FFFC
FFFC
FFFC
FFFC
FFFC
FFFC
FFFC
FFFC
FFFC
FFFC
FFFC
FFFC
FFFC
FFFC
ENDCHAR
STARTCHAR uni258A
ENCODING 9610
SWIDTH 1000 0
DWIDTH 16 0
BBX 12 16 0 -2
BITMAP
FFF0
FFF0
FFF0
FFF0
FFF0
FFF0
FFF0
FFF0
FFF0
FFF0
FFF0
FFF0
FFF0
FFF0
FFF0
FFF0
ENDCHAR
STARTCHAR uni258B
ENCODING 9611
SWIDTH 1000 0
DWIDTH 16 0
BBX 10 16 0 -2
BITMAP
FFC0
FFC0
FFC0
FFC0
FFC0
FFC0
FFC0
FFC0
FFC0
FFC0
FFC0
FFC0
FFC0
FFC0
FFC0
FFC0
ENDCHAR
STARTCHAR lfblock
ENCODING 9612
SWIDTH 688 0
DWIDTH 11 0
BBX 6 20 0 -5
BITMAP
FC
FC
FC
FC
FC
FC
FC
FC
FC
FC
FC
FC
FC
FC
FC
FC
FC
FC
FC
FC
ENDCHAR
STARTCHAR uni258D
ENCODING 9613
SWIDTH 1000 0
DWIDTH 16 0
BBX 6 16 0 -2
BITMAP
FC
FC
FC
FC
FC
FC
FC
FC
FC
FC
FC
FC
FC
FC
FC
FC
ENDCHAR
STARTCHAR uni258E
ENCODING 9614
SWIDTH 1000 0
DWIDTH 16 0
BBX 4 16 0 -2
BITMAP
F0
F0
F0
F0
F0
F0
F0
F0
F0
F0
F0
F0
F0
F0
F0
F0
ENDCHAR
STARTCHAR uni258F
ENCODING 9615
SWIDTH 1000 0
DWIDTH 16 0
BBX 2 16 0 -2
BITMAP
C0
C0
C0
C0
C0
C0
C0
C0
C0
C0
C0
C0
C0
C0
C0
C0
ENDCHAR
STARTCHAR rtblock
ENCODING 9616
SWIDTH 688 0
DWIDTH 11 0
BBX 5 20 6 -5
BITMAP
F8
F8
F8
F8
F8
F8
F8
F8
F8
F8
F8
F8
F8
F8
F8
F8
F8
F8
F8
F8
ENDCHAR
STARTCHAR ltshade
ENCODING 9617
SWIDTH 688 0
DWIDTH 11 0
BBX 10 17 1 -4
BITMAP
9240
2480
0000
9240
2480
0000
9240
2480
0000
9240
2480
0000
9240
2480
0000
9240
2480
ENDCHAR
STARTCHAR shade
ENCODING 9618
SWIDTH 688 0
DWIDTH 11 0
BBX 11 17 0 -4
BITMAP
0000
96A0
0000
6940
96A0
0000
6940
96A0
0000
6940
96A0
0000
6940
96A0
0000
6940
96A0
ENDCHAR
STARTCHAR dkshade
ENCODING 9619
SWIDTH 750 0
DWIDTH 12 0
BBX 12 18 0 -5
BITMAP
FFF0
B5A0
FFF0
FFF0
B5A0
FFF0
6B50
B5A0
FFF0
6B50
B5A0
FFF0
6B50
B5A0
FFF0
6B50
B5A0
FFF0
ENDCHAR
STARTCHAR uni2594
ENCODING 9620
SWIDTH 1000 0
DWIDTH 16 0
BBX 16 2 0 12
BITMAP
FFFF
FFFF
ENDCHAR
STARTCHAR uni2595
ENCODING 9621
SWIDTH 1000 0
DWIDTH 16 0
BBX 2 16 14 -2
BITMAP
C0
C0
C0
C0
C0
C0
C0
C0
C0
C0
C0
C0
C0
C0
C0
C0
ENDCHAR
STARTCHAR uni2596
ENCODING 9622
SWIDTH 1000 0
DWIDTH 16 0
BBX 8 8 0 -2
BITMAP
FF
FF
FF
FF
FF
FF
FF
FF
ENDCHAR
STARTCHAR uni2597
ENCODING 9623
SWIDTH 1000 0
DWIDTH 16 0
BBX 8 8 8 -2
BITMAP
FF
FF
FF
FF
FF
FF
FF
FF
ENDCHAR
STARTCHAR uni2598
ENCODING 9624
SWIDTH 1000 0
DWIDTH 16 0
BBX 8 8 0 6
BITMAP
FF
FF
FF
FF
FF
FF
FF
FF
ENDCHAR
STARTCHAR uni2599
ENCODING 9625
SWIDTH 1000 0
DWIDTH 16 0
BBX 16 16 0 -2
BITMAP
FF00
FF00
FF00
FF00
FF00
FF00
FF00
FF00
FFFF
FFFF
FFFF
FFFF
FFFF
FFFF
FFFF
FFFF
ENDCHAR
STARTCHAR uni259A
ENCODING 9626
SWIDTH 1000 0
DWIDTH 16 0
BBX 16 16 0 -2
BITMAP
FF00
FF00
FF00
FF00
FF00
FF00
FF00
FF00
00FF
00FF
00FF
00FF
00FF
00FF
00FF
00FF
ENDCHAR
STARTCHAR uni259B
ENCODING 9627
SWIDTH 1000 0
DWIDTH 16 0
BBX 16 16 0 -2
BITMAP
FFFF
FFFF
FFFF
FFFF
FFFF
FFFF
FFFF
FFFF
FF00
FF00
FF00
FF00
FF00
FF00
FF00
FF00
ENDCHAR
STARTCHAR uni259C
ENCODING 9628
SWIDTH 1000 0
DWIDTH 16 0
BBX 16 16 0 -2
BITMAP
FFFF
FFFF
FFFF
FFFF
FFFF
FFFF
FFFF
FFFF
00FF
00FF
00FF
00FF
00FF
00FF
00FF
00FF
ENDCHAR
STARTCHAR uni259D
ENCODING 9629
SWIDTH 1000 0
DWIDTH 16 0
BBX 8 8 8 6
BITMAP
FF
FF
FF
FF
FF
FF
FF
FF
ENDCHAR
STARTCHAR uni259E
ENCODING 9630
SWIDTH 1000 0
DWIDTH 16 0
BBX 16 16 0 -2
BITMAP
00FF
00FF
00FF
00FF
00FF
00FF
00FF
00FF
FF00
FF00
FF00
FF00
FF00
FF00
FF00
FF00
ENDCHAR
STARTCHAR uni259F
ENCODING 9631
SWIDTH 1000 0
DWIDTH 16 0
BBX 16 16 0 -2
BITMAP
00FF
00FF
00FF
00FF
00FF
00FF
00FF
00FF
FFFF
FFFF
FFFF
FFFF
FFFF
FFFF
FFFF
FFFF
ENDCHAR
STARTCHAR filledbox
ENCODING 9632
SWIDTH 625 0
DWIDTH 10 0
BBX 8 8 1 1
BITMAP
FF
FF
FF
FF
FF
FF
FF
FF
ENDCHAR
STARTCHAR H22073
ENCODING 9633
SWIDTH 625 0
DWIDTH 10 0
BBX 10 10 0 0
BITMAP
FFC0
8040
8040
8040
8040
8040
8040
8040
8040
FFC0
ENDCHAR
STARTCHAR uni25A2
ENCODING 9634
SWIDTH 1000 0
DWIDTH 16 0
BBX 14 14 1 -1
BITMAP
FFFC
8004
8004
8004
8004
8004
8004
8004
8004
8004
8004
8004
8004
FFFC
ENDCHAR
STARTCHAR uni25A3
ENCODING 9635
SWIDTH 1000 0
DWIDTH 16 0
BBX 12 12 2 0
BITMAP
FFF0
8010
8010
9F90
9F90
9F90
9F90
9F90
9F90
8010
8010
FFF0
ENDCHAR
STARTCHAR uni25A4
ENCODING 9636
SWIDTH 1000 0
DWIDTH 16 0
BBX 12 12 2 0
BITMAP
FFF0
8010
FFF0
8010
8010
FFF0
8010
8010
FFF0
8010
8010
FFF0
ENDCHAR
STARTCHAR uni25A5
ENCODING 9637
SWIDTH 1000 0
DWIDTH 16 0
BBX 12 12 2 0
BITMAP
FFF0
A450
A450
A450
A450
A450
A450
A450
A450
A450
A450
FFF0
ENDCHAR
STARTCHAR uni25A6
ENCODING 9638
SWIDTH 1000 0
DWIDTH 16 0
BBX 12 12 2 0
BITMAP
FFF0
A450
FFF0
A450
A450
FFF0
A450
A450
FFF0
A450
A450
FFF0
ENDCHAR
STARTCHAR uni25A7
ENCODING 9639
SWIDTH 1000 0
DWIDTH 16 0
BBX 12 12 2 0
BITMAP
FFF0
C930
A490
9250
C930
A490
9250
C930
A490
9250
C930
FFF0
ENDCHAR
STARTCHAR uni25A8
ENCODING 9640
SWIDTH 1000 0
DWIDTH 16 0
BBX 12 12 2 0
BITMAP
FFF0
C930
9250
A490
C930
9250
A490
C930
9250
A490
C930
FFF0
ENDCHAR
STARTCHAR uni25A9
ENCODING 9641
SWIDTH 1000 0
DWIDTH 16 0
BBX 12 12 2 0
BITMAP
FFF0
C930
B6D0
B6D0
C930
B6D0
B6D0
C930
B6D0
B6D0
C930
FFF0
ENDCHAR
STARTCHAR H18543
ENCODING 9642
SWIDTH 375 0
DWIDTH 6 0
BBX 4 4 1 3
BITMAP
F0
F0
F0
F0
ENDCHAR
STARTCHAR H18551
ENCODING 9643
SWIDTH 375 0
DWIDTH 6 0
BBX 4 4 1 3
BITMAP
F0
90
90
F0
ENDCHAR
STARTCHAR filledrect
ENCODING 9644
SWIDTH 1000 0
DWIDTH 16 0
BBX 16 5 0 0
BITMAP
FFFF
FFFF
FFFF
FFFF
FFFF
ENDCHAR
STARTCHAR uni25B1
ENCODING 9649
SWIDTH 1000 0
DWIDTH 16 0
BBX 14 6 1 3
BITMAP
3FFC
2004
4008
4008
8010
FFF0
ENDCHAR
STARTCHAR triagup
ENCODING 9650
SWIDTH 1000 0
DWIDTH 16 0
BBX 10 9 3 0
BITMAP
0800
0C00
1C00
1E00
3E00
3F00
7F00
7F80
FF80
ENDCHAR
STARTCHAR uni25B3
ENCODING 9651
SWIDTH 1000 0
DWIDTH 16 0
BBX 16 13 0 0
BITMAP
0100
0180
0240
0240
0420
0420
0810
1008
1008
2004
2004
4002
FFFF
ENDCHAR
STARTCHAR uni25B6
ENCODING 9654
SWIDTH 1000 0
DWIDTH 16 0
BBX 13 15 2 -1
BITMAP
8000
C000
E000
F800
FE00
FF80
FFC0
FFF8
FFF0
FFC0
FF80
FE00
F800
E000
C000
ENDCHAR
STARTCHAR uni25B7
ENCODING 9655
SWIDTH 1000 0
DWIDTH 16 0
BBX 13 15 2 -1
BITMAP
8000
C000
B000
8800
8600
8180
8060
8018
8030
8040
8180
8600
8800
B000
C000
ENDCHAR
STARTCHAR triagrt
ENCODING 9658
SWIDTH 1000 0
DWIDTH 16 0
BBX 10 9 3 0
BITMAP
C000
F000
FC00
FF00
FFC0
FF00
FC00
F000
C000
ENDCHAR
STARTCHAR triagdn
ENCODING 9660
SWIDTH 1000 0
DWIDTH 16 0
BBX 10 9 3 0
BITMAP
7F80
7F80
3F00
3F00
1E00
1E00
0C00
0C00
0000
ENDCHAR
STARTCHAR uni25BD
ENCODING 9661
SWIDTH 1000 0
DWIDTH 16 0
BBX 16 13 0 -1
BITMAP
FFFF
4002
2004
2004
1008
0810
0810
0420
0420
0240
0240
0180
0100
ENDCHAR
STARTCHAR uni25C0
ENCODING 9664
SWIDTH 1000 0
DWIDTH 16 0
BBX 13 15 1 -1
BITMAP
0008
0018
0038
00F8
03F8
0FF8
1FF8
FFF8
7FF8
1FF8
0FF8
03F8
00F8
0038
0018
ENDCHAR
STARTCHAR uni25C1
ENCODING 9665
SWIDTH 1000 0
DWIDTH 16 0
BBX 13 15 1 -1
BITMAP
0008
0018
0068
0088
0308
0C08
3008
C008
6008
1008
0C08
0308
0088
0068
0018
ENDCHAR
STARTCHAR triaglf
ENCODING 9668
SWIDTH 1000 0
DWIDTH 16 0
BBX 10 9 3 0
BITMAP
00C0
03C0
0FC0
3FC0
FFC0
3FC0
0FC0
03C0
00C0
ENDCHAR
STARTCHAR uni25C6
ENCODING 9670
SWIDTH 1000 0
DWIDTH 16 0
BBX 16 16 0 -2
BITMAP
0100
0180
03C0
07E0
0FF0
1FF8
3FFC
FFFF
7FFE
3FFC
1FF8
0FF0
07E0
03C0
0180
0100
ENDCHAR
STARTCHAR uni25C7
ENCODING 9671
SWIDTH 1000 0
DWIDTH 16 0
BBX 16 16 0 -2
BITMAP
0100
0180
0240
0420
0810
1008
2004
C003
4002
2004
1008
0810
0420
0240
0180
0100
ENDCHAR
STARTCHAR uni25C9
ENCODING 9673
SWIDTH 1000 0
DWIDTH 16 0
BBX 14 14 1 -1
BITMAP
0FC0
3030
4788
4FC8
9FE4
9FE4
BFF4
BFF4
9FE4
9FE4
4FC8
4308
3030
0FC0
ENDCHAR
STARTCHAR lozenge
ENCODING 9674
SWIDTH 500 0
DWIDTH 8 0
BBX 8 11 0 0
BITMAP
18
18
3C
66
42
C3
42
66
3C
18
18
ENDCHAR
STARTCHAR circle
ENCODING 9675
SWIDTH 625 0
DWIDTH 10 0
BBX 7 7 1 1
BITMAP
38
44
82
82
82
44
38
ENDCHAR
STARTCHAR uni25CC
ENCODING 9676
SWIDTH 1000 0
DWIDTH 16 0
BBX 15 15 1 -1
BITMAP
0200
0AA0
2020
2008
C000
0004
8000
8006
8004
8004
8004
C008
2008
2820
0A80
ENDCHAR
STARTCHAR uni25CE
ENCODING 9678
SWIDTH 1000 0
DWIDTH 16 0
BBX 14 14 1 -1
BITMAP
0FC0
3030
4788
4848
9024
A014
A014
A014
A014
9024
4848
4788
3030
0FC0
ENDCHAR
STARTCHAR H18533
ENCODING 9679
SWIDTH 625 0
DWIDTH 10 0
BBX 7 7 1 1
BITMAP
38
7C
FE
FE
FE
7C
38
ENDCHAR
STARTCHAR uni25D0
ENCODING 9680
SWIDTH 1000 0
DWIDTH 16 0
BBX 14 14 1 -1
BITMAP
0FC0
3E30
3E08
7E08
FE04
FE04
FE04
FE04
FE04
FE04
7E08
3E10
1E20
0FC0
ENDCHAR
STARTCHAR uni25D1
ENCODING 9681
SWIDTH 1000 0
DWIDTH 16 0
BBX 14 14 1 -1
BITMAP
0FC0
31F0
41F0
41F8
81FC
81FC
81FC
81FC
81FC
81FC
41F8
41F0
31E0
0FC0
ENDCHAR
STARTCHAR uni25D2
ENCODING 9682
SWIDTH 1000 0
DWIDTH 16 0
BBX 14 14 1 -1
BITMAP
0FC0
3030
4008
4008
8004
8004
8004
FFFC
FFFC
FFFC
7FF8
3FF0
1FE0
0FC0
ENDCHAR
STARTCHAR uni25D3
ENCODING 9683
SWIDTH 1000 0
DWIDTH 16 0
BBX 14 14 1 -1
BITMAP
0FC0
3FF0
3FF0
7FF8
FFFC
FFFC
FFFC
8004
8004
8004
4008
4010
3020
0FC0
ENDCHAR
STARTCHAR invbullet
ENCODING 9688
SWIDTH 625 0
DWIDTH 10 0
BBX 9 9 0 0
BITMAP
FF80
E380
C180
8080
8080
8080
C180
E380
FF80
ENDCHAR
STARTCHAR invcircle
ENCODING 9689
SWIDTH 625 0
DWIDTH 10 0
BBX 9 9 0 0
BITMAP
FF80
E380
DD80
BE80
BE80
BE80
DD80
E380
FF80
ENDCHAR
STARTCHAR uni25E2
ENCODING 9698
SWIDTH 1000 0
DWIDTH 16 0
BBX 16 16 0 -2
BITMAP
0001
0003
0007
000F
001F
003F
007F
00FF
01FF
03FF
07FF
0FFF
1FFF
3FFF
7FFF
FFFF
ENDCHAR
STARTCHAR uni25E3
ENCODING 9699
SWIDTH 1000 0
DWIDTH 16 0
BBX 16 16 0 -2
BITMAP
8000
C000
E000
F000
F800
FC00
FE00
FF00
FF80
FFC0
FFE0
FFF0
FFF8
FFFC
FFFE
FFFF
ENDCHAR
STARTCHAR uni25E4
ENCODING 9700
SWIDTH 1000 0
DWIDTH 16 0
BBX 16 16 0 -2
BITMAP
FFFF
FFFC
FFF8
FFF0
FFE0
FFC0
FF80
FF00
FE00
FC00
F800
F000
E000
C000
8000
8000
ENDCHAR
STARTCHAR uni25E5
ENCODING 9701
SWIDTH 1000 0
DWIDTH 16 0
BBX 16 16 0 -2
BITMAP
FFFF
3FFF
1FFF
0FFF
07FF
03FF
01FF
00FF
007F
003F
001F
000F
0007
0003
0001
0001
ENDCHAR
STARTCHAR openbullet
ENCODING 9702
SWIDTH 375 0
DWIDTH 6 0
BBX 4 4 1 3
BITMAP
60
90
90
60
ENDCHAR
STARTCHAR uni25EF
ENCODING 9711
SWIDTH 1000 0
DWIDTH 16 0
BBX 16 15 0 -1
BITMAP
03C0
0C30
1008
2004
4002
4002
8001
8001
8001
8001
4002
4002
2004
1008
0FF0
ENDCHAR
STARTCHAR uni2600
ENCODING 9728
SWIDTH 1000 0
DWIDTH 16 0
BBX 14 15 1 -1
BITMAP
0300
0300
2010
6318
0FC0
1FE0
1FE0
FFFC
BFF4
1FE0
1FE0
0FC0
6218
2110
0300
ENDCHAR
STARTCHAR uni2601
ENCODING 9729
SWIDTH 1000 0
DWIDTH 16 0
BBX 15 11 1 0
BITMAP
1F00
20E0
2090
7048
8008
8008
800E
9004
8804
7C18
03E0
ENDCHAR
STARTCHAR uni2602
ENCODING 9730
SWIDTH 1000 0
DWIDTH 16 0
BBX 14 14 1 -1
BITMAP
0720
1FC0
7FF0
8FF8
07F8
0DF8
017C
027C
0284
0404
0804
4800
5000
6000
ENDCHAR
STARTCHAR uni2603
ENCODING 9731
SWIDTH 1000 0
DWIDTH 16 0
BBX 16 16 0 -2
BITMAP
0180
01E0
03E0
04F0
0E10
0974
2A57
E994
1FF8
23F4
21B4
2104
2004
2184
1818
07E0
ENDCHAR
STARTCHAR uni2605
ENCODING 9733
SWIDTH 1000 0
DWIDTH 16 0
BBX 14 14 1 -1
BITMAP
0200
0300
0300
0300
0780
FFFC
7FF8
1FE0
0FC0
0FC0
1FE0
1CE0
1860
2010
ENDCHAR
STARTCHAR uni2606
ENCODING 9734
SWIDTH 1000 0
DWIDTH 16 0
BBX 14 14 1 -1
BITMAP
0200
0300
0300
0300
0480
FCFC
4008
3030
0840
0840
1320
14A0
1860
2010
ENDCHAR
STARTCHAR uni2609
ENCODING 9737
SWIDTH 1000 0
DWIDTH 16 0
BBX 10 10 3 1
BITMAP
3F00
7380
C0C0
C0C0
8C40
8C40
C0C0
4080
7380
1E00
ENDCHAR
STARTCHAR uni260E
ENCODING 9742
SWIDTH 1000 0
DWIDTH 16 0
BBX 14 11 1 0
BITMAP
3FF0
FFFC
ECDC
EFDC
8CC4
1860
3030
7038
7878
7CF8
7FF8
ENDCHAR
STARTCHAR uni260F
ENCODING 9743
SWIDTH 1000 0
DWIDTH 16 0
BBX 16 11 0 0
BITMAP
3FFC
4992
9669
8BF1
FBDF
1428
2424
2424
2424
43C2
3FFC
ENDCHAR
STARTCHAR uni2616
ENCODING 9750
SWIDTH 1000 0
DWIDTH 16 0
BBX 12 14 2 -1
BITMAP
0600
1980
6040
4020
8020
8020
8020
8010
8010
8010
8010
8010
8010
FFF0
ENDCHAR
STARTCHAR uni2617
ENCODING 9751
SWIDTH 1000 0
DWIDTH 16 0
BBX 12 14 2 -1
BITMAP
0600
1F80
7FC0
7FE0
7FE0
7FE0
FFE0
FFE0
FFF0
FFF0
FFF0
FFF0
FFF0
FFF0
ENDCHAR
STARTCHAR uni261C
ENCODING 9756
SWIDTH 1000 0
DWIDTH 16 0
BBX 15 7 0 2
BITMAP
7FF8
F406
0FC2
137A
0CC2
0746
07F8
ENDCHAR
STARTCHAR uni261D
ENCODING 9757
SWIDTH 1000 0
DWIDTH 16 0
BBX 7 15 5 -1
BITMAP
40
A0
A0
B0
A8
EE
AE
B6
BA
BE
92
92
92
44
7C
ENDCHAR
STARTCHAR uni261E
ENCODING 9758
SWIDTH 1000 0
DWIDTH 16 0
BBX 15 7 1 2
BITMAP
3FFC
C05E
87E0
BD90
8660
C5C0
3FC0
ENDCHAR
STARTCHAR uni261F
ENCODING 9759
SWIDTH 1000 0
DWIDTH 16 0
BBX 7 15 5 -1
BITMAP
7C
44
42
92
92
92
BE
BA
B6
EE
AC
B8
A0
A0
E0
ENDCHAR
STARTCHAR uni262F
ENCODING 9775
SWIDTH 1000 0
DWIDTH 16 0
BBX 14 15 1 -1
BITMAP
0300
1FE0
3FD0
7FC8
FCE4
FFC4
FFC4
FF84
F804
F004
F004
E304
7008
3010
1FE0
ENDCHAR
STARTCHAR smileface
ENCODING 9786
SWIDTH 1000 0
DWIDTH 16 0
BBX 10 10 3 0
BITMAP
1E00
6180
4080
A140
8040
8040
A140
5E80
6180
1E00
ENDCHAR
STARTCHAR invsmileface
ENCODING 9787
SWIDTH 1063 0
DWIDTH 17 0
BBX 10 10 4 0
BITMAP
1E00
7F80
7F80
DEC0
FFC0
FFC0
DEC0
6180
7F80
1E00
ENDCHAR
STARTCHAR sun
ENCODING 9788
SWIDTH 938 0
DWIDTH 15 0
BBX 11 11 2 -2
BITMAP
0400
4440
2E80
1100
2080
E0E0
2080
1100
2E80
4440
0400
ENDCHAR
STARTCHAR female
ENCODING 9792
SWIDTH 750 0
DWIDTH 12 0
BBX 5 9 4 0
BITMAP
70
88
88
88
70
20
F8
20
20
ENDCHAR
STARTCHAR uni2641
ENCODING 9793
SWIDTH 1000 0
DWIDTH 16 0
BBX 10 14 3 -1
BITMAP
0C00
0C00
0C00
0C00
FFC0
0C00
0C00
1E00
3300
6180
6180
2100
3F00
1E00
ENDCHAR
STARTCHAR male
ENCODING 9794
SWIDTH 750 0
DWIDTH 12 0
BBX 7 7 3 1
BITMAP
06
06
78
88
88
88
70
ENDCHAR
STARTCHAR spade
ENCODING 9824
SWIDTH 563 0
DWIDTH 9 0
BBX 7 10 0 0
BITMAP
10
10
38
7C
7C
FE
FE
FE
10
38
ENDCHAR
STARTCHAR uni2661
ENCODING 9825
SWIDTH 1000 0
DWIDTH 16 0
BBX 14 14 1 -1
BITMAP
3870
4488
8304
8104
8004
8004
4008
2010
2010
1820
0840
0480
0300
0100
ENDCHAR
STARTCHAR uni2662
ENCODING 9826
SWIDTH 1000 0
DWIDTH 16 0
BBX 12 16 2 -2
BITMAP
0400
0600
0600
0900
1080
2040
4020
C030
4020
2040
2040
1080
0900
0600
0600
0400
ENDCHAR
STARTCHAR club
ENCODING 9827
SWIDTH 688 0
DWIDTH 11 0
BBX 10 10 0 0
BITMAP
1C00
1E00
1E00
7F80
FFC0
FFC0
FFC0
7B80
0C00
1E00
ENDCHAR
STARTCHAR uni2664
ENCODING 9828
SWIDTH 1000 0
DWIDTH 16 0
BBX 14 15 1 -1
BITMAP
0100
0300
0480
0840
1020
2010
4008
4008
8004
8004
8004
4788
3B70
0480
0780
ENDCHAR
STARTCHAR heart
ENCODING 9829
SWIDTH 625 0
DWIDTH 10 0
BBX 9 9 0 0
BITMAP
7700
F780
FF80
7F00
7F00
3E00
1C00
0800
0800
ENDCHAR
STARTCHAR diamond
ENCODING 9830
SWIDTH 500 0
DWIDTH 8 0
BBX 7 9 1 0
BITMAP
10
38
38
7C
FE
7C
38
38
10
ENDCHAR
STARTCHAR uni2667
ENCODING 9831
SWIDTH 1000 0
DWIDTH 16 0
BBX 14 14 1 -1
BITMAP
0780
0840
0840
1020
0840
3870
4848
8004
8004
8004
8784
7B78
0480
0780
ENDCHAR
STARTCHAR uni2668
ENCODING 9832
SWIDTH 1000 0
DWIDTH 16 0
BBX 14 13 1 0
BITMAP
0100
0A60
1240
12C0
1240
1B60
0920
6938
8924
D94C
C20C
7878
1FE0
ENDCHAR
STARTCHAR uni2669
ENCODING 9833
SWIDTH 1000 0
DWIDTH 16 0
BBX 4 14 5 -1
BITMAP
10
10
10
10
10
10
10
10
10
10
10
F0
F0
E0
ENDCHAR
STARTCHAR musicalnote
ENCODING 9834
SWIDTH 500 0
DWIDTH 8 0
BBX 5 9 2 0
BITMAP
20
30
30
28
28
28
20
E0
C0
ENDCHAR
STARTCHAR musicalnotedbl
ENCODING 9835
SWIDTH 750 0
DWIDTH 12 0
BBX 8 9 2 0
BITMAP
03
3D
27
39
21
21
21
E7
C6
ENDCHAR
STARTCHAR uni266C
ENCODING 9836
SWIDTH 1000 0
DWIDTH 16 0
BBX 14 16 0 -2
BITMAP
0004
00FC
0FE4
0C0C
09FC
0FC4
0804
0804
0804
0804
083C
0878
3878
7800
F000
4000
ENDCHAR
STARTCHAR uni266D
ENCODING 9837
SWIDTH 1000 0
DWIDTH 16 0
BBX 7 14 5 -1
BITMAP
80
80
80
80
80
80
BE
C6
86
8C
88
90
E0
80
ENDCHAR
STARTCHAR uni266E
ENCODING 9838
SWIDTH 1000 0
DWIDTH 16 0
BBX 6 14 5 -1
BITMAP
80
80
84
FC
F4
84
84
84
BC
FC
C4
04
04
04
ENDCHAR
STARTCHAR uni266F
ENCODING 9839
SWIDTH 1000 0
DWIDTH 16 0
BBX 8 14 4 -1
BITMAP
24
24
24
2F
FF
E4
24
24
2F
FF
E4
24
24
24
ENDCHAR
STARTCHAR uni2672
ENCODING 9842
SWIDTH 1000 0
DWIDTH 16 0
BBX 16 15 0 -2
BITMAP
0FF0
110C
1188
1248
0EB4
F80A
4812
8811
9009
5046
3F7A
2184
2184
1E78
0020
ENDCHAR
STARTCHAR uni2673
ENCODING 9843
SWIDTH 1000 0
DWIDTH 16 0
BBX 16 15 0 -2
BITMAP
03C0
0660
0668
0C30
1870
0988
738C
318C
6986
6186
C003
C023
7FFE
3F7C
0020
ENDCHAR
STARTCHAR uni2674
ENCODING 9844
SWIDTH 1000 0
DWIDTH 16 0
BBX 16 15 0 -2
BITMAP
03C0
0660
0668
0C30
1870
0B88
72CC
308C
6986
63C6
C003
C023
7FFE
3F7C
0020
ENDCHAR
STARTCHAR uni2675
ENCODING 9845
SWIDTH 1000 0
DWIDTH 16 0
BBX 16 15 0 -2
BITMAP
03C0
0660
0668
0C30
1870
0B88
72CC
318C
6AC6
6386
C003
C023
7FFE
3F7C
0020
ENDCHAR
STARTCHAR uni2676
ENCODING 9846
SWIDTH 1000 0
DWIDTH 16 0
BBX 16 15 0 -2
BITMAP
03C0
0660
0668
0C30
1870
0988
718C
328C
6BC6
6086
C003
C023
7FFE
3F7C
0020
ENDCHAR
STARTCHAR uni2677
ENCODING 9847
SWIDTH 1000 0
DWIDTH 16 0
BBX 16 15 0 -2
BITMAP
03C0
0660
0668
0C30
1870
0B88
730C
338C
6AC6
6386
C003
C023
7FFE
3F7C
0020
ENDCHAR
STARTCHAR uni2678
ENCODING 9848
SWIDTH 1000 0
DWIDTH 16 0
BBX 16 15 0 -2
BITMAP
03C0
0660
0668
0C30
1870
09C8
720C
33CC
6AC6
6186
C003
C023
7FFE
3F7C
0020
ENDCHAR
STARTCHAR uni2679
ENCODING 9849
SWIDTH 1000 0
DWIDTH 16 0
BBX 16 15 0 -2
BITMAP
03C0
0660
0668
0C30
1870
0BC8
708C
318C
6986
6106
C003
C023
7FFE
3F7C
0020
ENDCHAR
STARTCHAR uni267A
ENCODING 9850
SWIDTH 1000 0
DWIDTH 16 0
BBX 16 16 0 -2
BITMAP
0000
03C0
0660
0660
0C38
0870
1808
701C
300C
6806
6006
C003
4042
7F7E
0F70
0020
ENDCHAR
STARTCHAR uni267B
ENCODING 9851
SWIDTH 1000 0
DWIDTH 16 0
BBX 16 15 0 -2
BITMAP
0FF0
0FF4
1E78
1E78
04B4
F00E
781E
F80F
700F
6044
3E7E
3EFC
1E78
0040
0020
ENDCHAR
STARTCHAR uni267C
ENCODING 9852
SWIDTH 1000 0
DWIDTH 16 0
BBX 16 15 0 -1
BITMAP
0180
0FF0
1918
308C
718E
798E
47F6
C7E3
C7E3
4FF2
708E
7106
308C
1FB8
0FF0
ENDCHAR
STARTCHAR uni267D
ENCODING 9853
SWIDTH 1000 0
DWIDTH 16 0
BBX 16 15 0 -1
BITMAP
03C0
0C30
17E8
27F4
4E72
46E2
B809
B83D
BC1D
B04D
5F7A
5FFA
2F74
1048
0FF0
ENDCHAR
STARTCHAR uni26A0
ENCODING 9888
SWIDTH 1000 0
DWIDTH 16 0
BBX 16 14 0 -1
BITMAP
03C0
0660
0420
0DB0
0990
1998
1188
318C
6006
4182
C183
C003
7FFE
1FF8
ENDCHAR
STARTCHAR uni26BD
ENCODING 9917
SWIDTH 1000 0
DWIDTH 16 0
BBX 15 15 1 -1
BITMAP
0300
1FE0
2110
4108
C10C
C30C
F7BC
8FC6
87C2
8782
8784
8844
7038
3830
1FE0
ENDCHAR
STARTCHAR uni26BE
ENCODING 9918
SWIDTH 1000 0
DWIDTH 16 0
BBX 14 14 1 -1
BITMAP
0FC0
3030
5028
4848
8004
8484
8484
8484
8484
8844
4848
5028
3030
0FC0
ENDCHAR
STARTCHAR uni2702
ENCODING 9986
SWIDTH 1000 0
DWIDTH 16 0
BBX 14 12 1 0
BITMAP
E000
9000
900C
7030
0CC0
0380
0680
19E0
7030
900C
9000
6000
ENDCHAR
STARTCHAR uni2713
ENCODING 10003
SWIDTH 750 0
DWIDTH 12 0
BBX 12 12 0 0
BITMAP
0070
00E0
00C0
0180
0180
0300
4200
E600
6400
2C00
3C00
1800
ENDCHAR
STARTCHAR uni271A
ENCODING 10010
SWIDTH 1000 0
DWIDTH 16 0
BBX 14 14 1 -1
BITMAP
0780
0780
0780
0780
0780
FFFC
FFFC
FFFC
FFFC
0780
0780
0780
0780
0780
ENDCHAR
STARTCHAR uni273D
ENCODING 10045
SWIDTH 1000 0
DWIDTH 16 0
BBX 10 12 3 0
BITMAP
0C00
0C00
8C40
EDC0
FBC0
1E00
1A00
E9C0
CCC0
0C00
0C00
0C00
ENDCHAR
STARTCHAR uni273F
ENCODING 10047
SWIDTH 1000 0
DWIDTH 16 0
BBX 16 15 0 -1
BITMAP
0220
07E0
03C0
23C4
73CE
3DBC
7DBE
FE7F
300C
07E0
1FF8
3E7C
3E7C
0E70
0420
ENDCHAR
STARTCHAR uni2740
ENCODING 10048
SWIDTH 1000 0
DWIDTH 16 0
BBX 16 15 0 -1
BITMAP
0260
05A0
0420
2244
5A5A
45A2
43C2
8241
7C3E
07E0
1998
2184
2244
1A58
0460
ENDCHAR
STARTCHAR uni2756
ENCODING 10070
SWIDTH 1000 0
DWIDTH 16 0
BBX 16 16 0 -2
BITMAP
0100
0180
03C0
07E0
03C0
1188
381C
FC3F
7C3E
381C
1188
03C0
07E0
03C0
0180
0100
ENDCHAR
STARTCHAR uni2776
ENCODING 10102
SWIDTH 1000 0
DWIDTH 16 0
BBX 16 15 0 -1
BITMAP
0180
0FF0
1FF8
3FFC
7C7E
7C7E
7E7E
FE7F
FE7F
7E7E
7E7E
7E7E
3FFC
1FF8
0FF0
ENDCHAR
STARTCHAR uni2777
ENCODING 10103
SWIDTH 1000 0
DWIDTH 16 0
BBX 16 15 0 -1
BITMAP
0180
0FF0
1FF8
3E7C
783E
7D9E
7F9E
FF9F
FF3F
7E7E
7C9E
781E
3FFC
1FF8
0FF0
ENDCHAR
STARTCHAR uni2778
ENCODING 10104
SWIDTH 1000 0
DWIDTH 16 0
BBX 16 15 0 -1
BITMAP
0180
0FF0
1FF8
3E7C
781E
7F9E
7F9E
FE7F
FF1F
7F9E
799E
783E
3FFC
1FF8
0FF0
ENDCHAR
STARTCHAR uni2779
ENCODING 10105
SWIDTH 1000 0
DWIDTH 16 0
BBX 16 15 0 -1
BITMAP
0180
0FF0
1FF8
3FFC
7E3E
7CBE
7D3E
F93F
F33F
701E
7F3E
7F3E
3FFC
1FF8
0FF0
ENDCHAR
STARTCHAR uni277A
ENCODING 10106
SWIDTH 1000 0
DWIDTH 16 0
BBX 16 15 0 -1
BITMAP
0180
0FF0
1FF8
3FFC
7C1E
7DFE
7DFE
FC1F
FF9F
7F9E
799E
783E
3FFC
1FF8
0FF0
ENDCHAR
STARTCHAR uni277B
ENCODING 10107
SWIDTH 1000 0
DWIDTH 16 0
BBX 16 15 0 -1
BITMAP
0180
0FF0
1FF8
3F7C
7C1E
79FE
79FE
FA3F
F99F
7B9E
799E
7C3E
3FFC
1FF8
0FF0
ENDCHAR
STARTCHAR uni277C
ENCODING 10108
SWIDTH 1000 0
DWIDTH 16 0
BBX 16 15 0 -1
BITMAP
0180
0FF0
1FF8
3FFC
781E
7F9E
7F3E
FF7F
FE7F
7E7E
7E7E
7E7E
3FFC
1FF8
0FF0
ENDCHAR
STARTCHAR uni277D
ENCODING 10109
SWIDTH 1000 0
DWIDTH 16 0
BBX 16 15 0 -1
BITMAP
0180
0FF0
1FF8
3E7C
783E
799E
799E
FC3F
F91F
799E
799E
7C3E
3FFC
1FF8
0FF0
ENDCHAR
STARTCHAR uni277E
ENCODING 10110
SWIDTH 1000 0
DWIDTH 16 0
BBX 16 15 0 -1
BITMAP
0180
0FF0
1FF8
3E7C
7C3E
799E
79DE
F89F
FC5F
7F9E
7D1E
783E
3FFC
1FF8
0FF0
ENDCHAR
STARTCHAR uni277F
ENCODING 10111
SWIDTH 1000 0
DWIDTH 16 0
BBX 16 15 0 -1
BITMAP
0180
0FF0
1FF8
3FDC
630E
6326
7366
F267
F367
7326
7326
738E
3FFC
1FF8
0FF0
ENDCHAR
STARTCHAR uni2780
ENCODING 10112
SWIDTH 1000 0
DWIDTH 16 0
BBX 16 15 0 -1
BITMAP
03C0
0C30
1008
2004
4382
4382
8181
8181
8181
8181
4182
4182
2004
1008
0FF0
ENDCHAR
STARTCHAR uni2781
ENCODING 10113
SWIDTH 1000 0
DWIDTH 16 0
BBX 16 15 0 -1
BITMAP
03C0
0C30
1008
2184
47C2
4262
8061
8061
80C1
8181
43E2
47E2
2004
1008
0FF0
ENDCHAR
STARTCHAR uni2782
ENCODING 10114
SWIDTH 1000 0
DWIDTH 16 0
BBX 16 15 0 -1
BITMAP
03C0
0C30
1008
2184
47E2
4262
8061
81C1
80E1
8061
4662
47C2
2004
1008
0FF0
ENDCHAR
STARTCHAR uni2783
ENCODING 10115
SWIDTH 1000 0
DWIDTH 16 0
BBX 16 15 0 -1
BITMAP
03C0
0C30
1008
2004
41C2
43C2
83C1
86C1
8CC1
8FE1
40C2
40C2
2004
1008
0FF0
ENDCHAR
STARTCHAR uni2784
ENCODING 10116
SWIDTH 1000 0
DWIDTH 16 0
BBX 16 15 0 -1
BITMAP
03C0
0C30
1008
2004
43E2
4202
8201
87E1
8261
8061
4662
47C2
2004
1008
0FF0
ENDCHAR
STARTCHAR uni2785
ENCODING 10117
SWIDTH 1000 0
DWIDTH 16 0
BBX 16 15 0 -1
BITMAP
03C0
0C30
1008
2084
43E2
4642
8601
85C1
8661
8661
4662
43C2
2004
1008
0FF0
ENDCHAR
STARTCHAR uni2786
ENCODING 10118
SWIDTH 1000 0
DWIDTH 16 0
BBX 16 15 0 -1
BITMAP
03C0
0C30
1008
2004
47E2
4062
80C1
8081
8181
8181
4182
4182
2004
1008
0FF0
ENDCHAR
STARTCHAR uni2787
ENCODING 10119
SWIDTH 1000 0
DWIDTH 16 0
BBX 16 15 0 -1
BITMAP
03C0
0C30
1008
2184
47C2
4662
8661
83C1
86E1
8661
4662
43C2
2004
1008
0FF0
ENDCHAR
STARTCHAR uni2788
ENCODING 10120
SWIDTH 1000 0
DWIDTH 16 0
BBX 16 15 0 -1
BITMAP
03C0
0C30
1008
2184
43C2
4662
8661
87E1
83A1
8061
42E2
47C2
2004
1008
0FF0
ENDCHAR
STARTCHAR uni2789
ENCODING 10121
SWIDTH 1000 0
DWIDTH 16 0
BBX 16 15 0 -1
BITMAP
03C0
0C30
1008
2024
5CF2
5CDA
8C99
8D99
8C99
8CD9
4CDA
4C72
2004
1008
0FF0
ENDCHAR
STARTCHAR uni278A
ENCODING 10122
SWIDTH 1000 0
DWIDTH 16 0
BBX 16 15 0 -1
BITMAP
0180
0FF0
1FF8
3FFC
7C7E
7C7E
7E7E
FE7F
FE7F
7E7E
7E7E
7E7E
3FFC
1FF8
0FF0
ENDCHAR
STARTCHAR uni278B
ENCODING 10123
SWIDTH 1000 0
DWIDTH 16 0
BBX 16 15 0 -1
BITMAP
0180
0FF0
1FF8
3E7C
783E
7D9E
7F9E
FF9F
FF3F
7E7E
7C9E
781E
3FFC
1FF8
0FF0
ENDCHAR
STARTCHAR uni278C
ENCODING 10124
SWIDTH 1000 0
DWIDTH 16 0
BBX 16 15 0 -1
BITMAP
0180
0FF0
1FF8
3E7C
781E
7F9E
7F9E
FE7F
FF1F
7F9E
799E
783E
3FFC
1FF8
0FF0
ENDCHAR
STARTCHAR uni278D
ENCODING 10125
SWIDTH 1000 0
DWIDTH 16 0
BBX 16 15 0 -1
BITMAP
0180
0FF0
1FF8
3FFC
7E3E
7CBE
7D3E
F93F
F33F
701E
7F3E
7F3E
3FFC
1FF8
0FF0
ENDCHAR
STARTCHAR uni278E
ENCODING 10126
SWIDTH 1000 0
DWIDTH 16 0
BBX 16 15 0 -1
BITMAP
0180
0FF0
1FF8
3FFC
7C1E
7DFE
7DFE
FC1F
FF9F
7F9E
799E
783E
3FFC
1FF8
0FF0
ENDCHAR
STARTCHAR uni278F
ENCODING 10127
SWIDTH 1000 0
DWIDTH 16 0
BBX 16 15 0 -1
BITMAP
0180
0FF0
1FF8
3F7C
7C1E
79FE
79FE
FA3F
F99F
7B9E
799E
7C3E
3FFC
1FF8
0FF0
ENDCHAR
STARTCHAR uni2790
ENCODING 10128
SWIDTH 1000 0
DWIDTH 16 0
BBX 16 15 0 -1
BITMAP
0180
0FF0
1FF8
3FFC
781E
7F9E
7F3E
FF7F
FE7F
7E7E
7E7E
7E7E
3FFC
1FF8
0FF0
ENDCHAR
STARTCHAR uni2791
ENCODING 10129
SWIDTH 1000 0
DWIDTH 16 0
BBX 16 15 0 -1
BITMAP
0180
0FF0
1FF8
3E7C
783E
799E
799E
FC3F
F91F
799E
799E
7C3E
3FFC
1FF8
0FF0
ENDCHAR
STARTCHAR uni2792
ENCODING 10130
SWIDTH 1000 0
DWIDTH 16 0
BBX 16 15 0 -1
BITMAP
0180
0FF0
1FF8
3E7C
7C3E
799E
79DE
F89F
FC5F
7F9E
7D1E
783E
3FFC
1FF8
0FF0
ENDCHAR
STARTCHAR uni2793
ENCODING 10131
SWIDTH 1000 0
DWIDTH 16 0
BBX 16 15 0 -1
BITMAP
0180
0FF0
1FF8
3FDC
630E
6326
7366
F267
F367
7326
7326
738E
3FFC
1FF8
0FF0
ENDCHAR
STARTCHAR uni27A1
ENCODING 10145
SWIDTH 1000 0
DWIDTH 16 0
BBX 14 11 1 1
BITMAP
0080
0080
00E0
FFF0
FFF8
FFFC
FFFC
FFF8
FFF0
00C0
0080
ENDCHAR
STARTCHAR uni2934
ENCODING 10548
SWIDTH 1000 0
DWIDTH 16 0
BBX 15 15 1 -1
BITMAP
0020
0030
0070
00F8
01FE
00B4
0030
0030
0020
0060
0060
00C0
0380
3F00
F800
ENDCHAR
STARTCHAR uni2935
ENCODING 10549
SWIDTH 1000 0
DWIDTH 16 0
BBX 15 14 1 -1
BITMAP
FC00
1F00
0380
00C0
0060
0060
0020
0030
0030
00B4
01FE
0078
0030
0030
ENDCHAR
STARTCHAR uni29BF
ENCODING 10687
SWIDTH 1000 0
DWIDTH 16 0
BBX 14 14 1 -1
BITMAP
0FC0
3030
4008
4008
8304
8784
8FC4
8FC4
8784
8204
4008
4008
3030
0FC0
ENDCHAR
STARTCHAR uni29FA
ENCODING 10746
SWIDTH 1000 0
DWIDTH 16 0
BBX 12 12 2 0
BITMAP
1980
1980
1980
1980
1980
FFF0
FFF0
1980
1980
1980
1980
1980
ENDCHAR
STARTCHAR uni29FB
ENCODING 10747
SWIDTH 1000 0
DWIDTH 16 0
BBX 12 12 2 0
BITMAP
36C0
36C0
36C0
36C0
36C0
FFF0
FFF0
36C0
36C0
36C0
36C0
36C0
ENDCHAR
STARTCHAR uni2B05
ENCODING 11013
SWIDTH 1000 0
DWIDTH 16 0
BBX 14 11 1 1
BITMAP
0400
0400
1C00
3FFC
7FFC
FFFC
FFFC
7FFC
3FFC
0C00
0400
ENDCHAR
STARTCHAR uni2B06
ENCODING 11014
SWIDTH 1000 0
DWIDTH 16 0
BBX 10 15 3 -1
BITMAP
0800
0C00
1E00
3F00
7F80
7F80
FFC0
3F00
3F00
3F00
3F00
3F00
3F00
3F00
3F00
ENDCHAR
STARTCHAR uni2B07
ENCODING 11015
SWIDTH 1000 0
DWIDTH 16 0
BBX 10 14 3 -1
BITMAP
3F00
3F00
3F00
3F00
3F00
3F00
3F00
3F00
FFC0
7F80
3F00
3F00
1E00
0C00
ENDCHAR
STARTCHAR uni2B1A
ENCODING 11034
SWIDTH 1000 0
DWIDTH 16 0
BBX 14 14 1 -1
BITMAP
B4B4
0000
8004
8004
0000
8004
0000
8004
8004
0000
8004
8004
0000
B4B4
ENDCHAR
STARTCHAR uni2B95
ENCODING 11157
SWIDTH 1000 0
DWIDTH 16 0
BBX 14 11 1 1
BITMAP
0080
0080
00E0
FFF0
FFF8
FFFC
FFFC
FFF8
FFF0
00C0
0080
ENDCHAR
STARTCHAR uni2E3A
ENCODING 11834
SWIDTH 1688 0
DWIDTH 27 0
BBX 25 1 1 4
BITMAP
00000000
ENDCHAR
STARTCHAR uni2E3B
ENCODING 11835
SWIDTH 2500 0
DWIDTH 40 0
BBX 38 1 1 4
BITMAP
0000000000
ENDCHAR
STARTCHAR uni2EAB
ENCODING 11947
SWIDTH 1000 0
DWIDTH 16 0
BBX 13 7 2 6
BITMAP
FFF8
FFF8
9998
9998
9998
FFF8
8018
ENDCHAR
STARTCHAR uni3000
ENCODING 12288
SWIDTH 1000 0
DWIDTH 16 0
BBX 0 0 0 0
BITMAP
ENDCHAR
STARTCHAR uni3001
ENCODING 12289
SWIDTH 1000 0
DWIDTH 16 0
BBX 5 5 1 -1
BITMAP
40
E0
70
38
10
ENDCHAR
STARTCHAR uni3002
ENCODING 12290
SWIDTH 1000 0
DWIDTH 16 0
BBX 5 5 1 -1
BITMAP
70
90
88
98
F0
ENDCHAR
STARTCHAR uni3003
ENCODING 12291
SWIDTH 1000 0
DWIDTH 16 0
BBX 10 8 3 2
BITMAP
1080
39C0
3180
3380
6300
6300
C600
C600
ENDCHAR
STARTCHAR uni3004
ENCODING 12292
SWIDTH 1000 0
DWIDTH 16 0
BBX 14 14 1 -1
BITMAP
1E20
2030
4028
8024
8124
81C4
8204
8604
8A04
8A04
8808
4408
2430
19C0
ENDCHAR
STARTCHAR uni3005
ENCODING 12293
SWIDTH 1000 0
DWIDTH 16 0
BBX 13 13 1 0
BITMAP
0400
0600
0E00
0FF0
0FF8
1830
3870
3060
E6E0
6FC0
03C0
00F0
0060
ENDCHAR
STARTCHAR uni3006
ENCODING 12294
SWIDTH 1000 0
DWIDTH 16 0
BBX 12 14 2 -1
BITMAP
0020
0070
0060
18E0
3DC0
0F80
0780
07C0
4EF0
DC60
F820
F000
F000
E000
ENDCHAR
STARTCHAR uni3007
ENCODING 12295
SWIDTH 1000 0
DWIDTH 16 0
BBX 14 14 1 -1
BITMAP
1FE0
3FF0
7038
601C
C00C
C00C
C00C
C00C
C00C
C00C
6018
7038
3FF0
0FC0
ENDCHAR
STARTCHAR uni3008
ENCODING 12296
SWIDTH 1000 0
DWIDTH 16 0
BBX 6 15 9 -1
BITMAP
08
0C
18
18
30
60
60
C0
C0
60
30
30
18
18
0C
ENDCHAR
STARTCHAR uni3009
ENCODING 12297
SWIDTH 1000 0
DWIDTH 16 0
BBX 6 15 1 -1
BITMAP
40
C0
60
60
30
18
18
0C
0C
18
30
30
60
60
C0
ENDCHAR
STARTCHAR uni300A
ENCODING 12298
SWIDTH 1000 0
DWIDTH 16 0
BBX 8 15 8 -1
BITMAP
13
1A
16
34
2C
6C
48
D8
58
48
6C
24
34
16
1B
ENDCHAR
STARTCHAR uni300B
ENCODING 12299
SWIDTH 1000 0
DWIDTH 16 0
BBX 8 15 0 -1
BITMAP
C8
58
68
2C
34
36
12
1B
1A
12
36
24
2C
68
D8
ENDCHAR
STARTCHAR uni300C
ENCODING 12300
SWIDTH 1000 0
DWIDTH 16 0
BBX 6 11 10 3
BITMAP
FC
FC
C0
C0
C0
C0
C0
C0
C0
C0
C0
ENDCHAR
STARTCHAR uni300D
ENCODING 12301
SWIDTH 1000 0
DWIDTH 16 0
BBX 6 10 0 -1
BITMAP
0C
0C
0C
0C
0C
0C
0C
0C
0C
FC
ENDCHAR
STARTCHAR uni300E
ENCODING 12302
SWIDTH 1000 0
DWIDTH 16 0
BBX 6 11 10 3
BITMAP
FC
84
9C
A0
A0
A0
A0
A0
A0
A0
E0
ENDCHAR
STARTCHAR uni300F
ENCODING 12303
SWIDTH 1000 0
DWIDTH 16 0
BBX 6 10 0 -1
BITMAP
1C
14
14
14
14
14
14
74
84
FC
ENDCHAR
STARTCHAR uni3010
ENCODING 12304
SWIDTH 1000 0
DWIDTH 16 0
BBX 5 15 11 -1
BITMAP
F8
F0
E0
C0
C0
C0
80
80
80
C0
C0
C0
C0
E0
F8
ENDCHAR
STARTCHAR uni3011
ENCODING 12305
SWIDTH 1000 0
DWIDTH 16 0
BBX 5 15 0 -1
BITMAP
F8
78
38
18
18
18
08
08
08
08
18
18
18
38
F8
ENDCHAR
STARTCHAR uni3012
ENCODING 12306
SWIDTH 1000 0
DWIDTH 16 0
BBX 10 12 3 0
BITMAP
FFC0
FFC0
0000
0000
FFC0
FFC0
0C00
0C00
0C00
0C00
0C00
0C00
ENDCHAR
STARTCHAR uni3013
ENCODING 12307
SWIDTH 1000 0
DWIDTH 16 0
BBX 12 12 2 0
BITMAP
FFF0
FFF0
FFF0
FFF0
0000
0000
0000
0000
FFF0
FFF0
FFF0
FFF0
ENDCHAR
STARTCHAR uni3014
ENCODING 12308
SWIDTH 1000 0
DWIDTH 16 0
BBX 5 16 11 -2
BITMAP
10
38
E0
C0
C0
C0
C0
C0
C0
C0
C0
C0
C0
E0
38
10
ENDCHAR
STARTCHAR uni3015
ENCODING 12309
SWIDTH 1000 0
DWIDTH 16 0
BBX 5 16 0 -2
BITMAP
40
E0
38
18
18
18
18
18
18
18
18
18
18
38
E0
40
ENDCHAR
STARTCHAR uni3016
ENCODING 12310
SWIDTH 1000 0
DWIDTH 16 0
BBX 6 15 10 -1
BITMAP
FC
90
A0
A0
C0
C0
80
80
80
80
C0
C0
A0
A0
FC
ENDCHAR
STARTCHAR uni3017
ENCODING 12311
SWIDTH 1000 0
DWIDTH 16 0
BBX 6 15 0 -1
BITMAP
FC
24
14
14
0C
0C
0C
0C
0C
0C
0C
0C
14
24
FC
ENDCHAR
STARTCHAR uni3018
ENCODING 12312
SWIDTH 1000 0
DWIDTH 16 0
BBX 6 16 10 -2
BITMAP
08
38
4C
90
A0
A0
A0
A0
A0
A0
A0
A0
98
44
38
08
ENDCHAR
STARTCHAR uni3019
ENCODING 12313
SWIDTH 1000 0
DWIDTH 16 0
BBX 6 16 0 -2
BITMAP
40
70
C8
24
14
14
14
14
14
14
14
14
64
88
70
40
ENDCHAR
STARTCHAR uni301A
ENCODING 12314
SWIDTH 1000 0
DWIDTH 16 0
BBX 5 15 11 -1
BITMAP
F8
F8
A0
A0
A0
A0
A0
A0
A0
A0
A0
A0
A0
A0
F8
ENDCHAR
STARTCHAR uni301B
ENCODING 12315
SWIDTH 1000 0
DWIDTH 16 0
BBX 5 15 0 -1
BITMAP
F8
F8
28
28
28
28
28
28
28
28
28
28
28
28
F8
ENDCHAR
STARTCHAR uni301C
ENCODING 12316
SWIDTH 1000 0
DWIDTH 16 0
BBX 14 5 1 4
BITMAP
1800
7E08
E70C
C3FC
01F8
ENDCHAR
STARTCHAR uni301D
ENCODING 12317
SWIDTH 1000 0
DWIDTH 16 0
BBX 4 7 11 7
BITMAP
80
C0
70
90
C0
E0
30
ENDCHAR
STARTCHAR uni301E
ENCODING 12318
SWIDTH 1000 0
DWIDTH 16 0
BBX 4 7 1 7
BITMAP
10
30
E0
90
30
70
C0
ENDCHAR
STARTCHAR uni301F
ENCODING 12319
SWIDTH 1000 0
DWIDTH 16 0
BBX 4 7 1 -2
BITMAP
C0
70
30
C0
70
30
10
ENDCHAR
STARTCHAR uni3020
ENCODING 12320
SWIDTH 1000 0
DWIDTH 16 0
BBX 14 12 1 0
BITMAP
7FF8
7FF8
0000
7FF8
4308
BB74
AB54
9324
4848
4848
37B0
0FC0
ENDCHAR
STARTCHAR uni3021
ENCODING 12321
SWIDTH 1000 0
DWIDTH 16 0
BBX 2 14 7 -1
BITMAP
C0
C0
C0
C0
C0
C0
C0
C0
C0
C0
C0
C0
C0
C0
ENDCHAR
STARTCHAR uni3022
ENCODING 12322
SWIDTH 1000 0
DWIDTH 16 0
BBX 6 14 5 -1
BITMAP
0C
0C
CC
CC
CC
CC
CC
CC
CC
CC
CC
CC
0C
0C
ENDCHAR
STARTCHAR uni3023
ENCODING 12323
SWIDTH 1000 0
DWIDTH 16 0
BBX 11 14 3 -1
BITMAP
0060
C060
CC60
CC60
CC60
CC60
CC60
CC60
CC60
CC60
CC60
C060
0060
0060
ENDCHAR
STARTCHAR uni3024
ENCODING 12324
SWIDTH 1000 0
DWIDTH 16 0
BBX 13 13 1 -1
BITMAP
1038
3830
1C30
0E70
07E0
03E0
01C0
03E0
07F0
0F38
3C18
F810
2000
ENDCHAR
STARTCHAR uni3025
ENCODING 12325
SWIDTH 1000 0
DWIDTH 16 0
BBX 8 14 4 -1
BITMAP
40
76
66
E3
C7
FE
3C
7E
C3
C3
C3
E7
7E
18
ENDCHAR
STARTCHAR uni3026
ENCODING 12326
SWIDTH 1000 0
DWIDTH 16 0
BBX 14 6 1 7
BITMAP
0300
0300
0300
0300
0000
FFFC
ENDCHAR
STARTCHAR uni3027
ENCODING 12327
SWIDTH 1000 0
DWIDTH 16 0
BBX 14 11 1 2
BITMAP
0300
0300
0300
0300
FFFC
FFFC
0000
0000
0000
3FE0
3FE0
ENDCHAR
STARTCHAR uni3028
ENCODING 12328
SWIDTH 1000 0
DWIDTH 16 0
BBX 14 13 1 0
BITMAP
0300
0300
0300
FFFC
FFFC
0000
0000
3FE0
3FE0
0000
0000
FFFC
FFFC
ENDCHAR
STARTCHAR uni3029
ENCODING 12329
SWIDTH 1000 0
DWIDTH 16 0
BBX 14 14 1 -1
BITMAP
0300
0300
3FF8
3FF0
0030
3070
3860
1CC0
0FC0
0780
0FC0
3EF0
F87C
6018
ENDCHAR
STARTCHAR uni302A
ENCODING 12330
SWIDTH 0 0
DWIDTH 0 0
BBX 3 3 -16 -5
BITMAP
E0
A0
E0
ENDCHAR
STARTCHAR uni302B
ENCODING 12331
SWIDTH 0 0
DWIDTH 0 0
BBX 3 3 -16 14
BITMAP
E0
A0
E0
ENDCHAR
STARTCHAR uni302C
ENCODING 12332
SWIDTH 0 0
DWIDTH 0 0
BBX 3 3 -3 14
BITMAP
E0
A0
E0
ENDCHAR
STARTCHAR uni302D
ENCODING 12333
SWIDTH 0 0
DWIDTH 0 0
BBX 3 3 -3 -5
BITMAP
E0
A0
E0
ENDCHAR
STARTCHAR uni302E
ENCODING 12334
SWIDTH 250 0
DWIDTH 4 0
BBX 2 2 1 5
BITMAP
C0
C0
ENDCHAR
STARTCHAR uni302F
ENCODING 12335
SWIDTH 250 0
DWIDTH 4 0
BBX 2 6 1 3
BITMAP
C0
C0
00
80
C0
C0
ENDCHAR
STARTCHAR uni3030
ENCODING 12336
SWIDTH 1000 0
DWIDTH 16 0
BBX 16 5 0 4
BITMAP
8101
C3C3
6666
2424
3C3C
ENDCHAR
STARTCHAR uni3031
ENCODING 12337
SWIDTH 1000 0
DWIDTH 16 0
BBX 9 30 3 -9
BITMAP
0380
0700
0700
0E00
0C00
1C00
1800
3800
3000
7000
6000
E000
C000
C000
C000
C000
E000
6000
7000
3800
1800
1C00
0C00
0E00
0600
0700
0300
0380
0180
0100
ENDCHAR
STARTCHAR uni3032
ENCODING 12338
SWIDTH 1000 0
DWIDTH 16 0
BBX 11 30 3 -9
BITMAP
0380
0700
0700
0E00
0C00
1C00
18C0
3B60
31A0
7100
6000
E000
C000
C000
C000
C000
E000
6000
7000
3800
1800
1C00
0C00
0E00
0600
0700
0300
0380
0180
0100
ENDCHAR
STARTCHAR uni3033
ENCODING 12339
SWIDTH 1000 0
DWIDTH 16 0
BBX 9 15 3 -2
BITMAP
0380
0700
0700
0E00
0C00
1C00
1800
3800
3000
7000
6000
E000
C000
C000
C000
ENDCHAR
STARTCHAR uni3034
ENCODING 12340
SWIDTH 1000 0
DWIDTH 16 0
BBX 11 15 3 -2
BITMAP
0380
0700
0700
0E00
0C00
1C00
18C0
3B60
31A0
7100
6000
E000
C000
C000
C000
ENDCHAR
STARTCHAR uni3035
ENCODING 12341
SWIDTH 1000 0
DWIDTH 16 0
BBX 9 15 3 -1
BITMAP
C000
E000
6000
7000
3800
1800
1C00
0C00
0E00
0600
0700
0300
0380
0180
0100
ENDCHAR
STARTCHAR uni3036
ENCODING 12342
SWIDTH 1000 0
DWIDTH 16 0
BBX 14 14 1 -1
BITMAP
1FE0
2010
4008
8004
BFF4
8004
BFF4
8304
8304
8304
8304
4308
2010
1FE0
ENDCHAR
STARTCHAR uni3037
ENCODING 12343
SWIDTH 1000 0
DWIDTH 16 0
BBX 16 14 0 -1
BITMAP
4346
66E6
6666
343C
3C3C
1C18
1818
1C18
1C1C
3C3C
3634
6666
6366
C2C3
ENDCHAR
STARTCHAR uni3038
ENCODING 12344
SWIDTH 1000 0
DWIDTH 16 0
BBX 14 14 1 -1
BITMAP
0300
0300
0300
0300
FFFC
FFFC
0300
0300
0300
0300
0300
0300
0300
0300
ENDCHAR
STARTCHAR uni3039
ENCODING 12345
SWIDTH 1000 0
DWIDTH 16 0
BBX 14 14 1 -1
BITMAP
1CC0
1CC0
1CC0
1CC0
FFFC
FFFC
1CC0
1CC0
1CC0
1CC0
1CC0
1CC0
1CC0
1CC0
ENDCHAR
STARTCHAR uni303A
ENCODING 12346
SWIDTH 1000 0
DWIDTH 16 0
BBX 14 14 1 -1
BITMAP
3B30
3B30
3330
3330
FFFC
FFFC
3330
3330
3330
3330
7330
6330
E330
4030
ENDCHAR
STARTCHAR uni303B
ENCODING 12347
SWIDTH 1000 0
DWIDTH 16 0
BBX 8 14 4 -1
BITMAP
E0
60
30
1C
0F
5E
F0
E0
60
38
1E
1F
39
60
ENDCHAR
STARTCHAR uni303C
ENCODING 12348
SWIDTH 1000 0
DWIDTH 16 0
BBX 12 12 2 0
BITMAP
FFF0
8030
8050
8090
8110
8210
8410
8810
9010
A010
C010
FFF0
ENDCHAR
STARTCHAR uni303D
ENCODING 12349
SWIDTH 1000 0
DWIDTH 16 0
BBX 14 11 1 0
BITMAP
3300
4C80
8080
0040
0040
0020
0020
0010
0008
0008
0004
ENDCHAR
STARTCHAR uni303E
ENCODING 12350
SWIDTH 1000 0
DWIDTH 16 0
BBX 14 14 1 -1
BITMAP
B4B4
0000
8004
8644
1BC0
8104
0100
8FC4
8204
0FC0
8204
8004
0000
B4B4
ENDCHAR
STARTCHAR uni303F
ENCODING 12351
SWIDTH 1000 0
DWIDTH 16 0
BBX 8 12 4 0
BITMAP
FF
C3
A5
A5
99
99
99
99
A5
A5
C3
FF
ENDCHAR
STARTCHAR uni3041
ENCODING 12353
SWIDTH 1000 0
DWIDTH 16 0
BBX 11 12 3 -1
BITMAP
1800
1980
FF80
1900
1F80
3FC0
7260
DE60
9C60
F8C0
FFC0
0300
ENDCHAR
STARTCHAR uni3042
ENCODING 12354
SWIDTH 1000 0
DWIDTH 16 0
BBX 14 14 1 -1
BITMAP
0600
0630
7FF0
7F00
0C60
0FF0
1EF8
3CDC
6D8C
6F8C
C71C
7E38
7FF0
00E0
ENDCHAR
STARTCHAR uni3043
ENCODING 12355
SWIDTH 1000 0
DWIDTH 16 0
BBX 11 10 3 -1
BITMAP
C180
C1C0
C0C0
C0C0
C060
C860
CC60
7C40
7800
3000
ENDCHAR
STARTCHAR uni3044
ENCODING 12356
SWIDTH 1000 0
DWIDTH 16 0
BBX 13 11 2 0
BITMAP
C0E0
C060
C070
C030
C030
C038
C418
E618
6E10
7C00
3C00
ENDCHAR
STARTCHAR uni3045
ENCODING 12357
SWIDTH 1000 0
DWIDTH 16 0
BBX 10 12 3 -1
BITMAP
2000
3F80
0F00
0000
FF80
7B80
40C0
00C0
0180
0380
3F00
1C00
ENDCHAR
STARTCHAR uni3046
ENCODING 12358
SWIDTH 1000 0
DWIDTH 16 0
BBX 11 14 2 -1
BITMAP
1C00
3FC0
03C0
0000
1F80
FFE0
60E0
0060
0060
00E0
01C0
07C0
3F00
1C00
ENDCHAR
STARTCHAR uni3047
ENCODING 12359
SWIDTH 1000 0
DWIDTH 16 0
BBX 11 11 3 -1
BITMAP
3F00
0F00
0000
7F80
7F00
0E00
1C00
3E00
7600
E3E0
43E0
ENDCHAR
STARTCHAR uni3048
ENCODING 12360
SWIDTH 1000 0
DWIDTH 16 0
BBX 13 14 2 -1
BITMAP
1C40
1F80
0180
0000
7FC0
7FC0
0300
0600
0E00
1F00
3B00
7388
E1F8
40F8
ENDCHAR
STARTCHAR uni3049
ENCODING 12361
SWIDTH 1000 0
DWIDTH 16 0
BBX 12 11 2 -1
BITMAP
1800
1B40
7FF0
7830
1800
1FC0
3860
7860
D860
7BE0
3B80
ENDCHAR
STARTCHAR uni304A
ENCODING 12362
SWIDTH 1000 0
DWIDTH 16 0
BBX 14 14 1 -1
BITMAP
0C00
0C00
0FB0
7FBC
7C0C
0C04
0FE0
1FF0
3C18
6C18
CC18
EC78
7DF0
19C0
ENDCHAR
STARTCHAR uni304B
ENCODING 12363
SWIDTH 1000 0
DWIDTH 16 0
BBX 15 14 1 -1
BITMAP
0C00
0C00
0C30
0F18
FFD8
D8CC
18CC
18CE
30C8
30C0
70C0
6980
EF80
4700
ENDCHAR
STARTCHAR uni304C
ENCODING 12364
SWIDTH 1000 0
DWIDTH 16 0
BBX 15 15 1 -1
BITMAP
000C
0C34
0C1E
0C10
0F38
FF98
F8DC
18CC
18CE
30C8
30C0
71C0
6980
EF80
4F00
ENDCHAR
STARTCHAR uni304D
ENCODING 12365
SWIDTH 1000 0
DWIDTH 16 0
BBX 12 14 2 -1
BITMAP
0600
03E0
7FE0
1F00
0330
FFF0
FFC0
00C0
63E0
63C0
6000
6000
7FC0
1FC0
ENDCHAR
STARTCHAR uni304E
ENCODING 12366
SWIDTH 1000 0
DWIDTH 16 0
BBX 13 15 2 -1
BITMAP
0010
0678
06A8
FFF0
7E00
0320
FFE0
FFC0
0180
63C0
C3C0
C000
E000
7F80
3F80
ENDCHAR
STARTCHAR uni304F
ENCODING 12367
SWIDTH 1000 0
DWIDTH 16 0
BBX 9 14 3 -1
BITMAP
0300
0780
0E00
1C00
3800
7000
E000
E000
7000
3800
1E00
0F00
0780
0300
ENDCHAR
STARTCHAR uni3050
ENCODING 12368
SWIDTH 1000 0
DWIDTH 16 0
BBX 12 14 2 -1
BITMAP
0100
0380
0700
0E60
1DA0
70F0
6080
7000
3800
1C00
0E00
0780
03C0
0180
ENDCHAR
STARTCHAR uni3051
ENCODING 12369
SWIDTH 1000 0
DWIDTH 16 0
BBX 14 14 1 -1
BITMAP
7060
6060
6060
647C
67FC
61E0
4060
5060
D060
7060
7060
60E0
63C0
0180
ENDCHAR
STARTCHAR uni3052
ENCODING 12370
SWIDTH 1000 0
DWIDTH 16 0
BBX 15 15 1 -2
BITMAP
0014
606E
6068
6064
C7F8
C7F8
C060
D060
D060
F060
E0E0
60C0
61C0
4380
0100
ENDCHAR
STARTCHAR uni3053
ENCODING 12371
SWIDTH 1000 0
DWIDTH 16 0
BBX 11 13 2 -1
BITMAP
60C0
7FC0
3FC0
0000
0000
0000
0000
6000
E000
E000
79E0
7FE0
0F80
ENDCHAR
STARTCHAR uni3054
ENCODING 12372
SWIDTH 1000 0
DWIDTH 16 0
BBX 14 15 2 -1
BITMAP
0018
0068
003C
7FE0
7FC0
0000
0000
0000
0000
C000
C000
C000
F060
7FE0
1FC0
ENDCHAR
STARTCHAR uni3055
ENCODING 12373
SWIDTH 1000 0
DWIDTH 16 0
BBX 12 14 2 -1
BITMAP
0300
0300
83F0
FFF0
7F80
00C0
00C0
43E0
63E0
6000
6000
7000
7FC0
1FC0
ENDCHAR
STARTCHAR uni3056
ENCODING 12374
SWIDTH 1000 0
DWIDTH 16 0
BBX 14 15 2 -1
BITMAP
0018
0768
033C
83E0
FFF0
FF80
0180
00C0
43E0
63E0
C020
C000
6000
7FC0
1FC0
ENDCHAR
STARTCHAR uni3057
ENCODING 12375
SWIDTH 1000 0
DWIDTH 16 0
BBX 12 14 3 -1
BITMAP
E000
6000
6000
6000
6000
6000
E000
E000
E000
E020
E070
61E0
7FC0
3F00
ENDCHAR
STARTCHAR uni3058
ENCODING 12376
SWIDTH 1000 0
DWIDTH 16 0
BBX 11 14 3 -1
BITMAP
E000
E080
C6C0
C360
C100
C000
C000
C000
C000
C060
C0E0
E1E0
7F80
3F00
ENDCHAR
STARTCHAR uni3059
ENCODING 12377
SWIDTH 1000 0
DWIDTH 16 0
BBX 14 14 1 -1
BITMAP
0180
0180
FFFC
FFFC
0180
0780
0DC0
08C0
0CC0
0FC0
0780
0380
1F00
0E00
ENDCHAR
STARTCHAR uni305A
ENCODING 12378
SWIDTH 1000 0
DWIDTH 16 0
BBX 14 15 1 -1
BITMAP
0004
01AC
01B4
FFF8
FFF8
0180
0F80
1F80
1980
1980
1F80
0F80
0380
1F00
1E00
ENDCHAR
STARTCHAR uni305B
ENCODING 12379
SWIDTH 1000 0
DWIDTH 16 0
BBX 14 14 1 -1
BITMAP
0060
1860
1860
186C
FFFC
FFE0
9860
1860
19E0
18C0
1800
1EF0
1FF0
0380
ENDCHAR
STARTCHAR uni305C
ENCODING 12380
SWIDTH 1000 0
DWIDTH 16 0
BBX 16 14 0 -1
BITMAP
0002
1C3A
0C37
0C30
0FFE
FFFE
FC30
1C30
0CF0
0CE0
0C00
0C08
0FF8
07F8
ENDCHAR
STARTCHAR uni305D
ENCODING 12381
SWIDTH 1000 0
DWIDTH 16 0
BBX 13 14 1 -1
BITMAP
0040
1FE0
1EE0
0180
0700
0E38
FFF8
7F00
0600
0C00
0C00
0600
07E0
01E0
ENDCHAR
STARTCHAR uni305E
ENCODING 12382
SWIDTH 1000 0
DWIDTH 16 0
BBX 14 14 1 -1
BITMAP
0040
3FE0
1DD8
03AC
0730
0C38
FFF8
FF00
0C00
0C00
0C00
0E00
07E0
03C0
ENDCHAR
STARTCHAR uni305F
ENCODING 12383
SWIDTH 1000 0
DWIDTH 16 0
BBX 14 14 1 -1
BITMAP
0E00
0C00
8F80
7F80
7C00
18F8
18F8
1800
3800
3300
3300
7384
61FC
A070
ENDCHAR
STARTCHAR uni3060
ENCODING 12384
SWIDTH 1000 0
DWIDTH 16 0
BBX 14 14 1 -1
BITMAP
0C08
0C3C
0F14
FF10
F800
19F8
19F8
3000
3000
3300
7300
6300
E3F8
40F8
ENDCHAR
STARTCHAR uni3061
ENCODING 12385
SWIDTH 1000 0
DWIDTH 16 0
BBX 12 14 2 -1
BITMAP
1800
1800
FFE0
FFE0
3000
3000
37C0
3FE0
7070
6030
0030
00E0
1FE0
1F80
ENDCHAR
STARTCHAR uni3062
ENCODING 12386
SWIDTH 1000 0
DWIDTH 16 0
BBX 15 15 1 -1
BITMAP
000C
1C34
181E
DBF0
FFE0
1800
1000
33C0
3FF0
3830
7030
0030
0070
1FE0
0F80
ENDCHAR
STARTCHAR uni3063
ENCODING 12387
SWIDTH 1000 0
DWIDTH 16 0
BBX 12 9 2 -1
BITMAP
1FE0
FEE0
6030
0030
0030
0060
13E0
0F80
0C00
ENDCHAR
STARTCHAR uni3064
ENCODING 12388
SWIDTH 1000 0
DWIDTH 16 0
BBX 14 11 1 0
BITMAP
03E0
1FF0
FC38
E01C
000C
001C
001C
0038
00F0
0FE0
0F80
ENDCHAR
STARTCHAR uni3065
ENCODING 12389
SWIDTH 1000 0
DWIDTH 16 0
BBX 15 14 1 0
BITMAP
0004
003C
0016
0198
1FF0
FE78
E018
801C
001C
0018
0038
00F0
0FE0
0F80
ENDCHAR
STARTCHAR uni3066
ENCODING 12390
SWIDTH 1000 0
DWIDTH 16 0
BBX 13 13 1 -1
BITMAP
03F8
FFF8
F980
0300
0600
0600
0600
0600
0600
0700
03F0
01F0
0020
ENDCHAR
STARTCHAR uni3067
ENCODING 12391
SWIDTH 1000 0
DWIDTH 16 0
BBX 14 13 1 -1
BITMAP
01F8
FFF8
F9C0
0318
062C
0638
0600
0600
0600
0700
03E0
01F0
0060
ENDCHAR
STARTCHAR uni3068
ENCODING 12392
SWIDTH 1000 0
DWIDTH 16 0
BBX 11 14 3 -1
BITMAP
2000
E000
60C0
73C0
3780
3E00
3800
6000
C000
C000
C000
F1E0
7FE0
1F80
ENDCHAR
STARTCHAR uni3069
ENCODING 12393
SWIDTH 1000 0
DWIDTH 16 0
BBX 14 14 2 -1
BITMAP
2078
602C
7070
31C0
3BC0
1F00
1C00
7000
6000
E000
E000
7020
7FE0
1FE0
ENDCHAR
STARTCHAR uni306A
ENCODING 12394
SWIDTH 1000 0
DWIDTH 16 0
BBX 14 14 1 -1
BITMAP
0E00
0C00
0F20
FF78
181C
18C8
38C0
30C0
70C0
E7E0
4C78
0CDC
0FC8
0780
ENDCHAR
STARTCHAR uni306B
ENCODING 12395
SWIDTH 1000 0
DWIDTH 16 0
BBX 13 13 2 -1
BITMAP
E000
C7F0
C7F0
C000
C000
C000
C000
E800
EC00
EC00
C7F8
C7F8
C000
ENDCHAR
STARTCHAR uni306C
ENCODING 12396
SWIDTH 1000 0
DWIDTH 16 0
BBX 15 14 1 -1
BITMAP
0180
0180
61C0
6FF0
7F38
3318
7318
DE18
DE18
CFF8
DD9C
F9BE
71F4
0040
ENDCHAR
STARTCHAR uni306D
ENCODING 12397
SWIDTH 1000 0
DWIDTH 16 0
BBX 15 14 1 -1
BITMAP
1C00
1800
18E0
FFF0
FF18
1C18
1818
3818
78F8
F9F8
DB1C
9BBE
19F4
1800
ENDCHAR
STARTCHAR uni306E
ENCODING 12398
SWIDTH 1000 0
DWIDTH 16 0
BBX 14 13 1 -1
BITMAP
07C0
1FF0
3B38
7318
631C
C70C
C60C
C60C
CE1C
7C38
78F0
31E0
0080
ENDCHAR
STARTCHAR uni306F
ENCODING 12399
SWIDTH 1000 0
DWIDTH 16 0
BBX 14 14 1 -1
BITMAP
5060
6060
6060
67FC
67FC
6060
4060
4060
D1E0
77F0
667C
666C
67E4
61C0
ENDCHAR
STARTCHAR uni3070
ENCODING 12400
SWIDTH 1000 0
DWIDTH 16 0
BBX 15 14 1 -1
BITMAP
0014
606E
6068
47F8
C7F8
C060
C060
C060
F060
E7F0
EC78
EC7C
E7E8
43C0
ENDCHAR
STARTCHAR uni3071
ENCODING 12401
SWIDTH 1000 0
DWIDTH 16 0
BBX 15 15 1 -1
BITMAP
000C
0012
6072
606C
47F8
C7F8
C060
C060
C060
F060
E7F0
EC78
EC7C
E7E8
43C0
ENDCHAR
STARTCHAR uni3072
ENCODING 12402
SWIDTH 1000 0
DWIDTH 16 0
BBX 14 13 1 -1
BITMAP
3E60
FE60
5C70
1830
3038
3038
602C
602C
6060
6060
70E0
3FC0
1F00
ENDCHAR
STARTCHAR uni3073
ENCODING 12403
SWIDTH 1000 0
DWIDTH 16 0
BBX 15 14 1 -1
BITMAP
0014
0C7E
FE68
FC60
1870
3070
6078
607C
606C
6068
6060
70C0
7FC0
1F80
ENDCHAR
STARTCHAR uni3074
ENCODING 12404
SWIDTH 1000 0
DWIDTH 16 0
BBX 15 14 1 -1
BITMAP
001E
0C72
FE7C
FC60
1870
3070
6078
607C
606C
6068
6060
70C0
7FC0
1F80
ENDCHAR
STARTCHAR uni3075
ENCODING 12405
SWIDTH 1000 0
DWIDTH 16 0
BBX 16 14 0 -1
BITMAP
0200
0780
01E0
00E0
01C0
0200
0708
019C
08CC
1CEE
3866
F8E7
47C4
0780
ENDCHAR
STARTCHAR uni3076
ENCODING 12406
SWIDTH 1000 0
DWIDTH 16 0
BBX 16 14 0 -1
BITMAP
0200
0782
01DE
00EB
01CC
0200
0700
0398
09CC
1CCC
78E6
F0E6
47C4
0780
ENDCHAR
STARTCHAR uni3077
ENCODING 12407
SWIDTH 1000 0
DWIDTH 16 0
BBX 16 14 0 -1
BITMAP
0200
0786
01CB
00E9
01CE
0200
0700
0398
09CC
1CCC
78E6
F0E6
47C4
0780
ENDCHAR
STARTCHAR uni3078
ENCODING 12408
SWIDTH 1000 0
DWIDTH 16 0
BBX 14 11 1 0
BITMAP
0400
0F00
1F00
3B80
71C0
E0E0
E070
4038
001C
000C
0008
ENDCHAR
STARTCHAR uni3079
ENCODING 12409
SWIDTH 1000 0
DWIDTH 16 0
BBX 15 12 0 0
BITMAP
000C
0034
0716
0F98
1DC0
38E0
3070
F038
601C
201E
000E
0004
ENDCHAR
STARTCHAR uni307A
ENCODING 12410
SWIDTH 1000 0
DWIDTH 16 0
BBX 15 12 0 0
BITMAP
0008
0014
0722
0F9C
1DC0
38E0
3070
F038
601C
201E
000E
0004
ENDCHAR
STARTCHAR uni307B
ENCODING 12411
SWIDTH 1000 0
DWIDTH 16 0
BBX 14 14 1 -1
BITMAP
5000
63F8
63F8
6060
6060
67FC
47FC
4060
D060
F7F0
667C
666C
67E4
6180
ENDCHAR
STARTCHAR uni307C
ENCODING 12412
SWIDTH 1000 0
DWIDTH 16 0
BBX 15 14 1 -1
BITMAP
0014
67FA
67F0
4040
C040
C7F8
C7F8
C060
F060
E7E0
E678
EC7C
E7E8
63C0
ENDCHAR
STARTCHAR uni307D
ENCODING 12413
SWIDTH 1000 0
DWIDTH 16 0
BBX 15 15 1 -1
BITMAP
000C
0012
67FA
67F4
4040
C040
C7F8
C7F8
C060
F060
E7E0
E678
EC7C
E7E8
63C0
ENDCHAR
STARTCHAR uni307E
ENCODING 12414
SWIDTH 1000 0
DWIDTH 16 0
BBX 11 14 3 -1
BITMAP
0E00
0C20
FFC0
7F00
0C00
FFE0
FFE0
0400
0600
FF00
C7C0
C6E0
FC40
7C00
ENDCHAR
STARTCHAR uni307F
ENCODING 12415
SWIDTH 1000 0
DWIDTH 16 0
BBX 14 13 1 -1
BITMAP
3F80
3F80
0300
0310
0618
3FD8
7FF8
CC3C
CC3C
D874
F8E0
63C0
0180
ENDCHAR
STARTCHAR uni3080
ENCODING 12416
SWIDTH 1000 0
DWIDTH 16 0
BBX 14 14 1 -1
BITMAP
1800
1880
FF70
FF38
181C
3808
7C00
CC00
CC30
F818
7818
1838
1FF0
0FC0
ENDCHAR
STARTCHAR uni3081
ENCODING 12417
SWIDTH 1000 0
DWIDTH 16 0
BBX 14 14 1 -1
BITMAP
00C0
70C0
30C0
3FF0
3DF8
3998
7B8C
CF0C
CF0C
C61C
CF18
FA78
71F0
00C0
ENDCHAR
STARTCHAR uni3082
ENCODING 12418
SWIDTH 1000 0
DWIDTH 16 0
BBX 13 14 1 -1
BITMAP
0E00
0C00
4C00
7F80
1F80
0C00
CC70
FFB8
1F98
1818
1818
1C38
0FF0
07C0
ENDCHAR
STARTCHAR uni3083
ENCODING 12419
SWIDTH 1000 0
DWIDTH 16 0
BBX 13 12 1 -1
BITMAP
0200
0700
3100
3BF0
1F38
FC18
6D38
0DF0
0640
0600
0700
0300
ENDCHAR
STARTCHAR uni3084
ENCODING 12420
SWIDTH 1000 0
DWIDTH 16 0
BBX 14 14 1 -1
BITMAP
0700
2380
71F0
37F8
1F1C
780C
FC0C
8CF8
0DF8
0600
0600
0700
0300
0300
ENDCHAR
STARTCHAR uni3085
ENCODING 12421
SWIDTH 1000 0
DWIDTH 16 0
BBX 11 12 3 -2
BITMAP
0600
C700
DFC0
FEE0
E660
C660
D660
DFC0
CF80
0C00
1C00
0800
ENDCHAR
STARTCHAR uni3086
ENCODING 12422
SWIDTH 1000 0
DWIDTH 16 0
BBX 13 14 2 -1
BITMAP
0300
C300
C3C0
CFE0
DB30
F318
E318
CB18
DB30
DF70
CFE0
0700
0E00
1C00
ENDCHAR
STARTCHAR uni3087
ENCODING 12423
SWIDTH 1000 0
DWIDTH 16 0
BBX 10 11 3 -1
BITMAP
0C00
0C00
0FC0
0FC0
0C00
0C00
3C00
FF00
CF80
FCC0
7C80
ENDCHAR
STARTCHAR uni3088
ENCODING 12424
SWIDTH 1000 0
DWIDTH 16 0
BBX 12 14 2 -1
BITMAP
0600
0600
0600
07E0
07F0
0600
0600
0600
3E00
FFC0
C7E0
C670
FE20
7C00
ENDCHAR
STARTCHAR uni3089
ENCODING 12425
SWIDTH 1000 0
DWIDTH 16 0
BBX 12 14 2 -1
BITMAP
1800
1FC0
0780
6000
6000
6000
6FE0
7CF0
7030
E030
0070
20E0
1FC0
1F00
ENDCHAR
STARTCHAR uni308A
ENCODING 12426
SWIDTH 1000 0
DWIDTH 16 0
BBX 10 14 3 -1
BITMAP
6000
CF00
DF80
F1C0
E0C0
E0C0
C0C0
C0C0
C0C0
81C0
0380
0700
3E00
1800
ENDCHAR
STARTCHAR uni308B
ENCODING 12427
SWIDTH 1000 0
DWIDTH 16 0
BBX 13 13 1 -1
BITMAP
1FE0
1FE0
0180
0700
0FC0
1FF0
3838
F018
6F18
0D98
18F8
0FF0
07C0
ENDCHAR
STARTCHAR uni308C
ENCODING 12428
SWIDTH 1000 0
DWIDTH 16 0
BBX 15 14 1 -1
BITMAP
1C00
1800
1860
FDF0
FF30
1E30
1830
3830
7830
F830
D832
983E
183C
1800
ENDCHAR
STARTCHAR uni308D
ENCODING 12429
SWIDTH 1000 0
DWIDTH 16 0
BBX 13 13 1 -1
BITMAP
3FE0
3FE0
0180
0300
0780
1FF0
3C38
F018
6018
0038
0070
0FF0
0FC0
ENDCHAR
STARTCHAR uni308E
ENCODING 12430
SWIDTH 1000 0
DWIDTH 16 0
BBX 12 12 2 -1
BITMAP
1800
1800
1800
FBC0
5FF0
1C30
3830
7830
D830
58E0
1BC0
1900
ENDCHAR
STARTCHAR uni308F
ENCODING 12431
SWIDTH 1000 0
DWIDTH 16 0
BBX 14 14 1 -1
BITMAP
1C00
1800
1800
FCF0
FFF8
1E1C
1C0C
380C
780C
F81C
D838
99F0
18E0
1800
ENDCHAR
STARTCHAR uni3090
ENCODING 12432
SWIDTH 1000 0
DWIDTH 16 0
BBX 14 14 1 -1
BITMAP
0100
3F80
2300
0300
07E0
1E70
3E18
6618
6C0C
CDCC
DFF8
FB38
73F0
01E0
ENDCHAR
STARTCHAR uni3091
ENCODING 12433
SWIDTH 1000 0
DWIDTH 16 0
BBX 14 14 1 -1
BITMAP
00C0
1FE0
0380
0FC0
3E70
7630
6F30
19F0
0FE0
1C00
3CF0
7FF8
E71C
4308
ENDCHAR
STARTCHAR uni3092
ENCODING 12434
SWIDTH 1000 0
DWIDTH 16 0
BBX 13 14 1 -1
BITMAP
0600
0C20
7FE0
7E00
1808
3F38
3BF0
E3C0
4780
0D80
1980
1800
0FF0
07F0
ENDCHAR
STARTCHAR uni3093
ENCODING 12435
SWIDTH 1000 0
DWIDTH 16 0
BBX 14 14 1 -1
BITMAP
0200
0700
0600
0E00
0C00
1C00
1F00
3F80
3988
718C
618C
6198
E1F8
40E0
ENDCHAR
STARTCHAR uni3094
ENCODING 12436
SWIDTH 1000 0
DWIDTH 16 0
BBX 14 14 2 -1
BITMAP
3800
3F98
03E8
003C
3F80
FFC0
C0E0
00E0
00E0
00C0
01C0
0780
3F00
1800
ENDCHAR
STARTCHAR uni3095
ENCODING 12437
SWIDTH 1000 0
DWIDTH 16 0
BBX 13 11 2 -1
BITMAP
0C00
0C60
1E60
FFB0
59B0
1998
3190
3180
7100
6F00
EE00
ENDCHAR
STARTCHAR uni3096
ENCODING 12438
SWIDTH 1000 0
DWIDTH 16 0
BBX 11 12 3 -2
BITMAP
C180
C180
C1A0
CFE0
C180
C180
E180
E180
E180
C300
CE00
0200
ENDCHAR
STARTCHAR uni3099
ENCODING 12441
SWIDTH 0 0
DWIDTH 0 0
BBX 4 3 -4 11
BITMAP
A0
F0
40
ENDCHAR
STARTCHAR uni309A
ENCODING 12442
SWIDTH 0 0
DWIDTH 0 0
BBX 4 4 -4 10
BITMAP
70
90
F0
20
ENDCHAR
STARTCHAR uni309B
ENCODING 12443
SWIDTH 1000 0
DWIDTH 16 0
BBX 5 4 0 10
BITMAP
10
F0
58
70
ENDCHAR
STARTCHAR uni309C
ENCODING 12444
SWIDTH 1000 0
DWIDTH 16 0
BBX 4 4 0 9
BITMAP
70
90
50
20
ENDCHAR
STARTCHAR uni309D
ENCODING 12445
SWIDTH 1000 0
DWIDTH 16 0
BBX 7 10 5 1
BITMAP
40
E0
70
38
1C
0C
0E
1E
7E
70
ENDCHAR
STARTCHAR uni309E
ENCODING 12446
SWIDTH 1000 0
DWIDTH 16 0
BBX 9 12 4 0
BITMAP
0300
0D80
6680
F400
3800
1C00
0E00
0E00
0700
3E00
7800
2000
ENDCHAR
STARTCHAR uni309F
ENCODING 12447
SWIDTH 1000 0
DWIDTH 16 0
BBX 13 15 1 -1
BITMAP
0100
01C0
0180
0380
03F8
0738
0600
0FC0
0FE0
1C60
1860
3060
7860
EFC0
4F80
ENDCHAR
STARTCHAR uni30A0
ENCODING 12448
SWIDTH 1000 0
DWIDTH 16 0
BBX 8 4 4 4
BITMAP
FF
00
00
FF
ENDCHAR
STARTCHAR uni30A1
ENCODING 12449
SWIDTH 1000 0
DWIDTH 16 0
BBX 11 11 3 -2
BITMAP
FFE0
FFE0
00C0
0D80
0F80
0C00
1800
1800
7000
E000
4000
ENDCHAR
STARTCHAR uni30A2
ENCODING 12450
SWIDTH 1000 0
DWIDTH 16 0
BBX 13 13 2 -1
BITMAP
FFF8
FFF8
0030
0E70
06E0
07C0
0E00
0C00
0C00
1C00
3800
F000
2000
ENDCHAR
STARTCHAR uni30A3
ENCODING 12451
SWIDTH 1000 0
DWIDTH 16 0
BBX 11 11 2 -1
BITMAP
0040
00E0
03C0
0700
1E00
FE00
E600
0600
0600
0600
0700
ENDCHAR
STARTCHAR uni30A4
ENCODING 12452
SWIDTH 1000 0
DWIDTH 16 0
BBX 13 14 1 -1
BITMAP
0010
0038
0070
00E0
03C0
0F80
7F80
F980
4180
0180
0180
0180
0180
0180
ENDCHAR
STARTCHAR uni30A5
ENCODING 12453
SWIDTH 1000 0
DWIDTH 16 0
BBX 11 11 3 -1
BITMAP
0C00
0C00
FFE0
FFC0
C0C0
C0C0
01C0
0380
0700
3E00
1C00
ENDCHAR
STARTCHAR uni30A6
ENCODING 12454
SWIDTH 1000 0
DWIDTH 16 0
BBX 13 14 2 -1
BITMAP
0600
0600
0610
FFF8
FFF0
C030
C070
C060
0060
00E0
03C0
0F80
1F00
0800
ENDCHAR
STARTCHAR uni30A7
ENCODING 12455
SWIDTH 1000 0
DWIDTH 16 0
BBX 12 9 2 0
BITMAP
7FE0
7FE0
0600
0600
0600
0600
0600
FFF0
FFF0
ENDCHAR
STARTCHAR uni30A8
ENCODING 12456
SWIDTH 1000 0
DWIDTH 16 0
BBX 14 11 1 0
BITMAP
7FF8
7FF8
0300
0300
0300
0300
0300
0300
FFFC
FFFC
FFFC
ENDCHAR
STARTCHAR uni30A9
ENCODING 12457
SWIDTH 1000 0
DWIDTH 16 0
BBX 12 11 2 -1
BITMAP
0180
0180
7FF0
7FF0
0380
0780
0D80
3980
F180
6580
0780
ENDCHAR
STARTCHAR uni30AA
ENCODING 12458
SWIDTH 1000 0
DWIDTH 16 0
BBX 14 14 1 -1
BITMAP
00C0
00C0
00C0
7FFC
7FFC
01C0
03C0
06C0
1CC0
38C0
F0C0
60C0
07C0
0780
ENDCHAR
STARTCHAR uni30AB
ENCODING 12459
SWIDTH 1000 0
DWIDTH 16 0
BBX 13 14 1 -1
BITMAP
0700
0600
0600
7FF8
7FF8
0618
0618
0E18
0C18
1C30
1830
79F0
F1F0
2040
ENDCHAR
STARTCHAR uni30AC
ENCODING 12460
SWIDTH 1000 0
DWIDTH 16 0
BBX 14 15 1 -1
BITMAP
0004
061C
0634
0618
7FF0
7FF8
0630
0E30
0C30
0C30
1C30
3830
7270
F1F0
41E0
ENDCHAR
STARTCHAR uni30AD
ENCODING 12461
SWIDTH 1000 0
DWIDTH 16 0
BBX 14 14 1 -1
BITMAP
0E00
0600
0670
BFF0
7F00
4300
0308
03F8
FFF4
7F80
0180
0180
0180
0180
ENDCHAR
STARTCHAR uni30AE
ENCODING 12462
SWIDTH 1000 0
DWIDTH 16 0
BBX 14 15 1 -1
BITMAP
0008
063C
0E14
0630
0FF0
FFC0
7600
0708
03F8
7FF8
FF00
4300
0380
0180
0180
ENDCHAR
STARTCHAR uni30AF
ENCODING 12463
SWIDTH 1000 0
DWIDTH 16 0
BBX 13 14 1 -1
BITMAP
0300
0700
0FF0
0FF8
1C38
3830
F070
4060
00E0
01C0
0380
0F00
3E00
1800
ENDCHAR
STARTCHAR uni30B0
ENCODING 12464
SWIDTH 1000 0
DWIDTH 16 0
BBX 15 15 1 -1
BITMAP
000C
0534
061E
0E10
1FF8
1830
3830
F070
C060
00E0
01C0
0380
0F00
7E00
3800
ENDCHAR
STARTCHAR uni30B1
ENCODING 12465
SWIDTH 1000 0
DWIDTH 16 0
BBX 14 14 1 -1
BITMAP
0C00
1C00
1800
1FFC
3FFC
70C0
E1C0
C180
0180
0380
0300
0F00
1E00
0C00
ENDCHAR
STARTCHAR uni30B2
ENCODING 12466
SWIDTH 1000 0
DWIDTH 16 0
BBX 15 15 1 -1
BITMAP
0004
103C
1C16
1818
1FFC
3FFC
71C0
61C0
E180
4180
0380
0300
0700
1E00
0C00
ENDCHAR
STARTCHAR uni30B3
ENCODING 12467
SWIDTH 1000 0
DWIDTH 16 0
BBX 12 11 2 0
BITMAP
7FF0
7FF0
0030
0030
0030
0030
0030
0030
FFF0
FFF0
FFF0
ENDCHAR
STARTCHAR uni30B4
ENCODING 12468
SWIDTH 1000 0
DWIDTH 16 0
BBX 13 15 2 -1
BITMAP
0010
0058
0068
FFF0
FFF0
0070
0070
0070
0070
0070
0070
0070
FFF0
FFF0
0070
ENDCHAR
STARTCHAR uni30B5
ENCODING 12469
SWIDTH 1000 0
DWIDTH 16 0
BBX 14 14 1 -1
BITMAP
1860
1860
1860
FFFC
FFFC
1860
1860
1860
1860
00E0
00C0
03C0
0F80
0200
ENDCHAR
STARTCHAR uni30B6
ENCODING 12470
SWIDTH 1000 0
DWIDTH 16 0
BBX 15 14 1 -1
BITMAP
0064
1874
186E
1860
FFFC
FFFC
1860
1860
18E0
18C0
00C0
0180
0F80
0600
ENDCHAR
STARTCHAR uni30B7
ENCODING 12471
SWIDTH 1000 0
DWIDTH 16 0
BBX 14 14 1 -1
BITMAP
0800
1C00
1F00
0600
4008
F00C
381C
1038
0070
01E0
07C0
3F00
7C00
2000
ENDCHAR
STARTCHAR uni30B8
ENCODING 12472
SWIDTH 1000 0
DWIDTH 16 0
BBX 14 14 1 -1
BITMAP
1008
1C6C
1E34
0620
4008
F018
781C
1038
00F0
01E0
0780
3F00
7C00
2000
ENDCHAR
STARTCHAR uni30B9
ENCODING 12473
SWIDTH 1000 0
DWIDTH 16 0
BBX 14 13 1 -1
BITMAP
3FE0
3FF0
2070
0060
00E0
01C0
0180
03C0
0FE0
1E70
7838
F01C
4010
ENDCHAR
STARTCHAR uni30BA
ENCODING 12474
SWIDTH 1000 0
DWIDTH 16 0
BBX 15 15 1 -1
BITMAP
000C
0034
001E
3FF0
3FE0
0060
00C0
01C0
0180
03C0
07E0
1E70
3878
F038
6010
ENDCHAR
STARTCHAR uni30BB
ENCODING 12475
SWIDTH 1000 0
DWIDTH 16 0
BBX 14 14 1 -1
BITMAP
1C00
0C00
0C00
0C7C
1FF8
FFB8
FC30
0C60
0CE0
0C00
0C00
0C38
0FF8
03E0
ENDCHAR
STARTCHAR uni30BC
ENCODING 12476
SWIDTH 1000 0
DWIDTH 16 0
BBX 15 15 1 -1
BITMAP
0008
0434
1816
1818
1838
1FF8
FFF8
F830
9860
18E0
1840
1800
1C08
1FF0
0FF0
ENDCHAR
STARTCHAR uni30BD
ENCODING 12477
SWIDTH 1000 0
DWIDTH 16 0
BBX 12 13 2 -1
BITMAP
4070
E070
E070
7060
3060
20E0
00C0
01C0
0380
0700
1E00
3C00
1000
ENDCHAR
STARTCHAR uni30BE
ENCODING 12478
SWIDTH 1000 0
DWIDTH 16 0
BBX 15 15 1 -1
BITMAP
0008
003C
2016
E038
7030
7030
3870
1060
0060
00E0
01C0
0380
0700
1E00
0C00
ENDCHAR
STARTCHAR uni30BF
ENCODING 12479
SWIDTH 1000 0
DWIDTH 16 0
BBX 13 14 1 -1
BITMAP
0700
0600
0FF8
0FF8
1838
3030
EE70
47E0
01E0
01F0
03F0
0F20
7C00
1800
ENDCHAR
STARTCHAR uni30C0
ENCODING 12480
SWIDTH 1000 0
DWIDTH 16 0
BBX 15 15 1 -1
BITMAP
000C
0734
061E
0FF0
1FF8
1830
3030
E670
CFE0
03C0
01E0
03F0
0F20
7E00
3800
ENDCHAR
STARTCHAR uni30C1
ENCODING 12481
SWIDTH 1000 0
DWIDTH 16 0
BBX 14 14 1 -1
BITMAP
0020
5FF0
3FC0
0300
0300
FFFC
FFFC
0300
0300
0300
0600
0E00
3C00
0800
ENDCHAR
STARTCHAR uni30C2
ENCODING 12482
SWIDTH 1000 0
DWIDTH 16 0
BBX 15 14 1 -1
BITMAP
0020
03E0
7FFC
2314
031A
0300
FFF8
FFF8
0300
0600
0600
0E00
3C00
1800
ENDCHAR
STARTCHAR uni30C3
ENCODING 12483
SWIDTH 1000 0
DWIDTH 16 0
BBX 12 11 2 -1
BITMAP
0200
2C20
E670
6660
7460
20E0
00C0
0180
0780
3E00
1C00
ENDCHAR
STARTCHAR uni30C4
ENCODING 12484
SWIDTH 1000 0
DWIDTH 16 0
BBX 14 13 1 -1
BITMAP
0618
E61C
6318
6318
7238
2030
0070
00E0
01C0
03C0
0F00
1E00
0800
ENDCHAR
STARTCHAR uni30C5
ENCODING 12485
SWIDTH 1000 0
DWIDTH 16 0
BBX 15 15 1 -1
BITMAP
000C
0034
0E16
C600
E618
6718
6238
7030
0070
0060
00E0
03C0
0780
3E00
1C00
ENDCHAR
STARTCHAR uni30C6
ENCODING 12486
SWIDTH 1000 0
DWIDTH 16 0
BBX 14 13 1 -1
BITMAP
3FF0
3FF0
0000
0000
FFFC
FFFC
0300
0300
0300
0700
0E00
3C00
0800
ENDCHAR
STARTCHAR uni30C7
ENCODING 12487
SWIDTH 1000 0
DWIDTH 16 0
BBX 15 15 1 -1
BITMAP
000C
0034
3FFE
3FF0
0000
0000
FFFC
FFFC
0300
0300
0300
0700
0E00
3C00
1800
ENDCHAR
STARTCHAR uni30C8
ENCODING 12488
SWIDTH 1000 0
DWIDTH 16 0
BBX 9 14 5 -1
BITMAP
C000
C000
C000
C000
C000
F800
FF00
CF80
C300
C000
C000
C000
C000
C000
ENDCHAR
STARTCHAR uni30C9
ENCODING 12489
SWIDTH 1000 0
DWIDTH 16 0
BBX 11 14 4 -1
BITMAP
0080
E2C0
6360
6100
6000
7800
7E00
6F80
6380
6080
6000
6000
6000
E000
ENDCHAR
STARTCHAR uni30CA
ENCODING 12490
SWIDTH 1000 0
DWIDTH 16 0
BBX 14 14 1 -1
BITMAP
0380
0380
0380
0380
FFFC
FFFC
0300
0300
0300
0700
0600
0E00
3C00
1800
ENDCHAR
STARTCHAR uni30CB
ENCODING 12491
SWIDTH 1000 0
DWIDTH 16 0
BBX 13 10 1 1
BITMAP
3FF0
3FF0
0000
0000
0000
0000
0000
0000
FFF8
FFF8
ENDCHAR
STARTCHAR uni30CC
ENCODING 12492
SWIDTH 1000 0
DWIDTH 16 0
BBX 12 13 2 -1
BITMAP
7FC0
7FF0
0060
00E0
30C0
7DC0
1F80
0780
07C0
1FE0
3C70
F820
6000
ENDCHAR
STARTCHAR uni30CD
ENCODING 12493
SWIDTH 1000 0
DWIDTH 16 0
BBX 14 14 1 -1
BITMAP
0300
0300
7FF0
7FF8
0070
00E0
03C0
07A0
3F78
FB3C
630C
0300
0300
0300
ENDCHAR
STARTCHAR uni30CE
ENCODING 12494
SWIDTH 1000 0
DWIDTH 16 0
BBX 11 13 2 -1
BITMAP
0060
00E0
00C0
00C0
01C0
0180
0380
0700
0E00
3C00
F800
7000
4000
ENDCHAR
STARTCHAR uni30CF
ENCODING 12495
SWIDTH 1000 0
DWIDTH 16 0
BBX 14 12 1 0
BITMAP
0040
0CE0
0C60
1C60
1870
1830
3838
3018
7018
701C
E01C
4008
ENDCHAR
STARTCHAR uni30D0
ENCODING 12496
SWIDTH 1000 0
DWIDTH 16 0
BBX 15 13 1 0
BITMAP
003C
0016
0CD8
1CE0
1860
1870
1830
3830
3038
7018
6018
E01C
C01C
ENDCHAR
STARTCHAR uni30D1
ENCODING 12497
SWIDTH 1000 0
DWIDTH 16 0
BBX 15 13 1 0
BITMAP
001C
0012
0CDC
1CE0
1860
1870
1830
3830
3038
7018
6018
E01C
C01C
ENDCHAR
STARTCHAR uni30D2
ENCODING 12498
SWIDTH 1000 0
DWIDTH 16 0
BBX 11 13 3 0
BITMAP
E000
C000
C040
C1C0
C7E0
FF00
F800
C000
C000
C000
C000
FFE0
7FE0
ENDCHAR
STARTCHAR uni30D3
ENCODING 12499
SWIDTH 1000 0
DWIDTH 16 0
BBX 12 15 3 -1
BITMAP
0060
00A0
C0F0
C040
C080
C7C0
FF00
F800
C000
C000
C000
C000
E1C0
FFC0
3F80
ENDCHAR
STARTCHAR uni30D4
ENCODING 12500
SWIDTH 1000 0
DWIDTH 16 0
BBX 12 14 3 -1
BITMAP
0070
C090
C050
C0A0
C7C0
FF00
F800
C000
C000
C000
C000
E1C0
FFC0
3F80
ENDCHAR
STARTCHAR uni30D5
ENCODING 12501
SWIDTH 1000 0
DWIDTH 16 0
BBX 12 13 2 -1
BITMAP
FFE0
FFF0
FFF0
0070
0060
0060
00E0
01C0
0380
0700
7E00
3C00
1000
ENDCHAR
STARTCHAR uni30D6
ENCODING 12502
SWIDTH 1000 0
DWIDTH 16 0
BBX 14 15 2 -1
BITMAP
0018
0068
002C
FFF0
FFE0
0060
0060
00E0
00C0
01C0
0380
0700
3E00
7C00
3000
ENDCHAR
STARTCHAR uni30D7
ENCODING 12503
SWIDTH 1000 0
DWIDTH 16 0
BBX 14 15 2 -1
BITMAP
0018
002C
0024
FFF8
FFE0
0060
0060
00E0
00C0
01C0
0380
0700
1E00
7C00
3000
ENDCHAR
STARTCHAR uni30D8
ENCODING 12504
SWIDTH 1000 0
DWIDTH 16 0
BBX 14 11 1 0
BITMAP
0400
0F00
1F80
39C0
71C0
F0E0
E070
4038
001C
000C
0008
ENDCHAR
STARTCHAR uni30D9
ENCODING 12505
SWIDTH 1000 0
DWIDTH 16 0
BBX 14 12 1 0
BITMAP
0018
0068
0E2C
1F30
3B80
31C0
70E0
E070
4038
001C
001C
0008
ENDCHAR
STARTCHAR uni30DA
ENCODING 12506
SWIDTH 1000 0
DWIDTH 16 0
BBX 14 12 1 0
BITMAP
0038
002C
0E24
1F38
3B80
31C0
70E0
E070
4038
001C
001C
0008
ENDCHAR
STARTCHAR uni30DB
ENCODING 12507
SWIDTH 1000 0
DWIDTH 16 0
BBX 14 14 1 -1
BITMAP
0300
0300
0300
7FFC
7FFC
0300
1310
3B30
7318
631C
C30C
4300
0F00
0F00
ENDCHAR
STARTCHAR uni30DC
ENCODING 12508
SWIDTH 1000 0
DWIDTH 16 0
BBX 15 14 1 -1
BITMAP
033C
0316
0310
FFF8
FFF8
0300
2310
3330
7338
6318
C30C
4308
0F00
0F00
ENDCHAR
STARTCHAR uni30DD
ENCODING 12509
SWIDTH 1000 0
DWIDTH 16 0
BBX 14 15 1 -1
BITMAP
0018
0334
0334
0318
FFF8
FFF8
0300
2310
3330
7338
6318
C30C
4308
0F00
0F00
ENDCHAR
STARTCHAR uni30DE
ENCODING 12510
SWIDTH 1000 0
DWIDTH 16 0
BBX 14 12 1 -1
BITMAP
FFFC
FFFC
0038
0030
1070
3CE0
0FC0
0780
0380
01C0
00E0
00C0
ENDCHAR
STARTCHAR uni30DF
ENCODING 12511
SWIDTH 1000 0
DWIDTH 16 0
BBX 11 14 2 -1
BITMAP
2000
3F00
1FE0
00E0
0000
3800
7FC0
07C0
0040
4000
7E00
FFC0
03E0
0040
ENDCHAR
STARTCHAR uni30E0
ENCODING 12512
SWIDTH 1000 0
DWIDTH 16 0
BBX 14 14 1 -1
BITMAP
0400
0700
0600
0600
0E00
0C00
0C20
1C70
1830
1838
3FF8
FFFC
F80C
0008
ENDCHAR
STARTCHAR uni30E1
ENCODING 12513
SWIDTH 1000 0
DWIDTH 16 0
BBX 13 14 2 -1
BITMAP
0040
0060
00E0
30E0
78C0
1FC0
0F80
0380
07C0
0EE0
3C78
7830
E000
4000
ENDCHAR
STARTCHAR uni30E2
ENCODING 12514
SWIDTH 1000 0
DWIDTH 16 0
BBX 13 13 2 -1
BITMAP
7FE0
7FE0
0C00
0C00
0C00
FFF8
FFF8
0C00
0C00
0C00
0FF0
0FF0
01E0
ENDCHAR
STARTCHAR uni30E3
ENCODING 12515
SWIDTH 1000 0
DWIDTH 16 0
BBX 12 12 2 -2
BITMAP
3800
1820
1BF0
FFE0
FC60
0CC0
0D80
0C00
0600
0600
0600
0500
ENDCHAR
STARTCHAR uni30E4
ENCODING 12516
SWIDTH 1000 0
DWIDTH 16 0
BBX 14 14 1 -1
BITMAP
3800
1800
183C
1FFC
FF98
FC30
0C70
0EE0
0640
0600
0700
0300
0300
0380
ENDCHAR
STARTCHAR uni30E5
ENCODING 12517
SWIDTH 1000 0
DWIDTH 16 0
BBX 12 8 2 0
BITMAP
3FC0
3FC0
00C0
01C0
0180
0180
FFF0
FFF0
ENDCHAR
STARTCHAR uni30E6
ENCODING 12518
SWIDTH 1000 0
DWIDTH 16 0
BBX 14 10 1 1
BITMAP
3FF0
3FF0
0070
0060
0060
0060
0060
00E0
FFFC
FFFC
ENDCHAR
STARTCHAR uni30E7
ENCODING 12519
SWIDTH 1000 0
DWIDTH 16 0
BBX 10 10 3 -1
BITMAP
FFC0
FFC0
00C0
00C0
7FC0
7FC0
00C0
00C0
FFC0
FFC0
ENDCHAR
STARTCHAR uni30E8
ENCODING 12520
SWIDTH 1000 0
DWIDTH 16 0
BBX 12 13 2 -1
BITMAP
7FF0
7FF0
0070
0070
0070
7FF0
7FF0
0070
0070
0070
FFF0
FFF0
0070
ENDCHAR
STARTCHAR uni30E9
ENCODING 12521
SWIDTH 1000 0
DWIDTH 16 0
BBX 12 13 2 -1
BITMAP
3FE0
3FE0
0000
0010
FFF0
FFF0
0070
0060
00E0
01C0
0780
3E00
0800
ENDCHAR
STARTCHAR uni30EA
ENCODING 12522
SWIDTH 1000 0
DWIDTH 16 0
BBX 10 13 3 -1
BITMAP
C1C0
C0C0
C0C0
C0C0
C0C0
C0C0
C1C0
C1C0
0180
0380
0F00
3E00
0800
ENDCHAR
STARTCHAR uni30EB
ENCODING 12523
SWIDTH 1000 0
DWIDTH 16 0
BBX 15 13 1 -1
BITMAP
1980
1980
1980
1980
1980
1980
1984
398E
319C
71F8
61F0
E1C0
4080
ENDCHAR
STARTCHAR uni30EC
ENCODING 12524
SWIDTH 1000 0
DWIDTH 16 0
BBX 12 13 3 -1
BITMAP
E000
E000
E000
E000
E000
E020
E070
E0E0
E3C0
EF00
FE00
F800
4000
ENDCHAR
STARTCHAR uni30ED
ENCODING 12525
SWIDTH 1000 0
DWIDTH 16 0
BBX 12 11 2 0
BITMAP
FFF0
FFF0
C030
C030
C030
C030
C030
C030
FFF0
FFF0
C030
ENDCHAR
STARTCHAR uni30EE
ENCODING 12526
SWIDTH 1000 0
DWIDTH 16 0
BBX 11 11 3 -2
BITMAP
FFC0
FFE0
C0C0
C0C0
C0C0
0180
0380
0700
1E00
3C00
1000
ENDCHAR
STARTCHAR uni30EF
ENCODING 12527
SWIDTH 1000 0
DWIDTH 16 0
BBX 12 13 2 -1
BITMAP
FFE0
FFF0
C030
C030
C070
C060
0060
00E0
01C0
0380
0F00
3E00
0800
ENDCHAR
STARTCHAR uni30F0
ENCODING 12528
SWIDTH 1000 0
DWIDTH 16 0
BBX 14 14 1 -1
BITMAP
00E0
00E0
00E0
7FF8
7FF8
18E0
18E0
18E0
98E4
FFFC
FFFC
00E0
00E0
00E0
ENDCHAR
STARTCHAR uni30F1
ENCODING 12529
SWIDTH 1000 0
DWIDTH 16 0
BBX 14 12 1 0
BITMAP
0008
7FFC
7FF8
0038
0370
03E0
0300
0300
0300
8304
FFFC
FFFC
ENDCHAR
STARTCHAR uni30F2
ENCODING 12530
SWIDTH 1000 0
DWIDTH 16 0
BBX 12 13 2 -1
BITMAP
FFE0
FFF0
0030
0030
4070
7FE0
0060
00C0
01C0
0380
0F00
3E00
1800
ENDCHAR
STARTCHAR uni30F3
ENCODING 12531
SWIDTH 1000 0
DWIDTH 16 0
BBX 13 13 2 -1
BITMAP
6000
F000
3810
1C18
0838
0030
0070
01E0
03C0
0F00
FE00
F800
4000
ENDCHAR
STARTCHAR uni30F4
ENCODING 12532
SWIDTH 1000 0
DWIDTH 16 0
BBX 14 15 1 -1
BITMAP
0008
073C
0714
0700
FFF8
FFF8
E038
E030
E030
0070
0060
01E0
03C0
1F00
0E00
ENDCHAR
STARTCHAR uni30F5
ENCODING 12533
SWIDTH 1000 0
DWIDTH 16 0
BBX 11 11 2 -1
BITMAP
0C00
0C00
7FC0
7FE0
0C60
0C60
0C60
1860
3860
F3C0
63C0
ENDCHAR
STARTCHAR uni30F6
ENCODING 12534
SWIDTH 1000 0
DWIDTH 16 0
BBX 12 12 2 -2
BITMAP
1800
1800
3FF0
3FF0
6300
E300
4300
0700
0600
0E00
3C00
0800
ENDCHAR
STARTCHAR uni30F7
ENCODING 12535
SWIDTH 1000 0
DWIDTH 16 0
BBX 14 15 1 -1
BITMAP
0048
002C
0030
FFF8
7FF8
6038
6038
6030
E030
0070
00E0
01C0
03C0
1F00
0E00
ENDCHAR
STARTCHAR uni30F8
ENCODING 12536
SWIDTH 1000 0
DWIDTH 16 0
BBX 15 15 1 -1
BITMAP
0004
00D4
00DE
00C0
7FF8
7FF8
18C0
18C0
18C0
18C0
FFFC
FFFC
00C0
00C0
00C0
ENDCHAR
STARTCHAR uni30F9
ENCODING 12537
SWIDTH 1000 0
DWIDTH 16 0
BBX 14 14 1 0
BITMAP
0008
002C
0038
7FFC
7FF8
0038
0730
07E0
0740
0700
0700
0700
FFFC
FFFC
ENDCHAR
STARTCHAR uni30FA
ENCODING 12538
SWIDTH 1000 0
DWIDTH 16 0
BBX 13 15 2 -1
BITMAP
00D0
0058
0060
FFF0
FFF0
0060
0060
FFE0
FFC0
00C0
0180
0380
0F00
7E00
3800
ENDCHAR
STARTCHAR uni30FB
ENCODING 12539
SWIDTH 1000 0
DWIDTH 16 0
BBX 4 4 6 4
BITMAP
60
F0
F0
60
ENDCHAR
STARTCHAR uni30FC
ENCODING 12540
SWIDTH 1000 0
DWIDTH 16 0
BBX 14 2 1 5
BITMAP
FFFC
FFFC
ENDCHAR
STARTCHAR uni30FD
ENCODING 12541
SWIDTH 1000 0
DWIDTH 16 0
BBX 8 9 4 1
BITMAP
40
E0
70
38
1C
0E
07
03
02
ENDCHAR
STARTCHAR uni30FE
ENCODING 12542
SWIDTH 1000 0
DWIDTH 16 0
BBX 9 11 4 1
BITMAP
0300
0D80
4780
E600
7000
3800
1C00
1E00
0E00
0700
0200
ENDCHAR
STARTCHAR uni30FF
ENCODING 12543
SWIDTH 1000 0
DWIDTH 16 0
BBX 10 14 3 -1
BITMAP
FFC0
FFC0
00C0
00C0
00C0
00C0
00C0
00C0
00C0
00C0
00C0
00C0
00C0
00C0
ENDCHAR
STARTCHAR uni310F
ENCODING 12559
SWIDTH 1000 0
DWIDTH 16 0
BBX 14 13 1 -1
BITMAP
3FFC
3FFC
3000
3000
3000
3000
2000
6000
6000
6000
6000
C000
C000
ENDCHAR
STARTCHAR uni311C
ENCODING 12572
SWIDTH 1000 0
DWIDTH 16 0
BBX 13 13 1 0
BITMAP
0300
0300
FFF8
FFF8
0300
0300
1F00
3F00
6000
6010
6038
3FF0
1FE0
ENDCHAR
STARTCHAR uni3131
ENCODING 12593
SWIDTH 938 0
DWIDTH 15 0
BBX 9 8 3 2
BITMAP
FF80
FF80
0180
0180
0180
0180
0180
0180
ENDCHAR
STARTCHAR uni3132
ENCODING 12594
SWIDTH 938 0
DWIDTH 15 0
BBX 11 8 2 2
BITMAP
FBE0
FBE0
1860
1860
1860
1860
1860
1860
ENDCHAR
STARTCHAR uni3133
ENCODING 12595
SWIDTH 938 0
DWIDTH 15 0
BBX 12 8 2 2
BITMAP
F980
F980
1980
1980
1980
1BC0
1F70
1E20
ENDCHAR
STARTCHAR uni3134
ENCODING 12596
SWIDTH 938 0
DWIDTH 15 0
BBX 9 8 3 2
BITMAP
C000
C000
C000
C000
C000
C000
FF80
FF80
ENDCHAR
STARTCHAR uni3135
ENCODING 12597
SWIDTH 938 0
DWIDTH 15 0
BBX 11 8 2 2
BITMAP
C7E0
C7E0
C180
C180
C380
C3C0
FEE0
FC60
ENDCHAR
STARTCHAR uni3136
ENCODING 12598
SWIDTH 938 0
DWIDTH 15 0
BBX 11 8 2 2
BITMAP
C180
CFE0
CFE0
C380
C7C0
C640
FEC0
FBC0
ENDCHAR
STARTCHAR uni3137
ENCODING 12599
SWIDTH 938 0
DWIDTH 15 0
BBX 9 8 3 2
BITMAP
FF80
FF80
C000
C000
C000
C000
FF80
FF80
ENDCHAR
STARTCHAR uni3138
ENCODING 12600
SWIDTH 938 0
DWIDTH 15 0
BBX 11 8 2 2
BITMAP
FBE0
FBE0
C300
C300
C300
C300
FBE0
FBE0
ENDCHAR
STARTCHAR uni3139
ENCODING 12601
SWIDTH 938 0
DWIDTH 15 0
BBX 9 8 3 2
BITMAP
FF80
0180
0180
FF80
FF80
C000
FF80
FF80
ENDCHAR
STARTCHAR uni313A
ENCODING 12602
SWIDTH 938 0
DWIDTH 15 0
BBX 11 8 2 2
BITMAP
FFE0
FFE0
1860
F860
F860
C060
FC60
FC60
ENDCHAR
STARTCHAR uni313B
ENCODING 12603
SWIDTH 938 0
DWIDTH 15 0
BBX 11 8 2 2
BITMAP
FBE0
FBE0
1B60
FB60
FB60
C360
FBE0
FBE0
ENDCHAR
STARTCHAR uni313C
ENCODING 12604
SWIDTH 938 0
DWIDTH 15 0
BBX 11 8 2 2
BITMAP
FB60
FB60
1BE0
FBE0
FB60
C360
FBE0
FBE0
ENDCHAR
STARTCHAR uni313D
ENCODING 12605
SWIDTH 938 0
DWIDTH 15 0
BBX 12 8 2 2
BITMAP
F980
F980
1980
F980
F9C0
C3C0
FF70
FE20
ENDCHAR
STARTCHAR uni313E
ENCODING 12606
SWIDTH 938 0
DWIDTH 15 0
BBX 11 8 2 2
BITMAP
FBE0
FBE0
1B00
FBE0
FBE0
C300
FBE0
FBE0
ENDCHAR
STARTCHAR uni313F
ENCODING 12607
SWIDTH 938 0
DWIDTH 15 0
BBX 11 8 2 2
BITMAP
FFE0
FFE0
1B60
FB60
FB60
C360
FFE0
FFE0
ENDCHAR
STARTCHAR uni3140
ENCODING 12608
SWIDTH 938 0
DWIDTH 15 0
BBX 11 9 2 2
BITMAP
0180
F980
1FE0
1800
FBC0
FB60
C260
FBE0
F9C0
ENDCHAR
STARTCHAR uni3141
ENCODING 12609
SWIDTH 938 0
DWIDTH 15 0
BBX 9 8 3 2
BITMAP
FF80
FF80
C180
C180
C180
C180
FF80
FF80
ENDCHAR
STARTCHAR uni3142
ENCODING 12610
SWIDTH 938 0
DWIDTH 15 0
BBX 9 8 3 2
BITMAP
C180
C180
FF80
FF80
C180
C180
FF80
FF80
ENDCHAR
STARTCHAR uni3143
ENCODING 12611
SWIDTH 938 0
DWIDTH 15 0
BBX 11 8 2 2
BITMAP
DB60
DB60
FBE0
FBE0
DB60
DB60
FBE0
FBE0
ENDCHAR
STARTCHAR uni3144
ENCODING 12612
SWIDTH 938 0
DWIDTH 15 0
BBX 12 8 2 2
BITMAP
D980
D980
F980
F980
D9C0
DBC0
FF70
FE20
ENDCHAR
STARTCHAR uni3145
ENCODING 12613
SWIDTH 938 0
DWIDTH 15 0
BBX 11 8 2 2
BITMAP
0C00
0C00
0C00
0E00
1E00
3B00
F3E0
60C0
ENDCHAR
STARTCHAR uni3146
ENCODING 12614
SWIDTH 938 0
DWIDTH 15 0
BBX 13 8 1 2
BITMAP
18C0
18C0
18C0
38E0
3DE0
6FB0
E738
4210
ENDCHAR
STARTCHAR uni3147
ENCODING 12615
SWIDTH 938 0
DWIDTH 15 0
BBX 9 8 3 2
BITMAP
3E00
FF00
C180
C180
C180
C380
7F00
3E00
ENDCHAR
STARTCHAR uni3148
ENCODING 12616
SWIDTH 938 0
DWIDTH 15 0
BBX 11 8 2 2
BITMAP
7FC0
0C00
0E00
0E00
0E00
1B00
F1E0
60C0
ENDCHAR
STARTCHAR uni3149
ENCODING 12617
SWIDTH 938 0
DWIDTH 15 0
BBX 13 8 1 2
BITMAP
7DF0
18C0
18E0
38E0
38E0
7DF0
EFB8
4710
ENDCHAR
STARTCHAR uni314A
ENCODING 12618
SWIDTH 938 0
DWIDTH 15 0
BBX 11 9 2 2
BITMAP
0C00
0C00
7FC0
7FC0
0E00
0E00
1F00
7BE0
E1C0
ENDCHAR
STARTCHAR uni314B
ENCODING 12619
SWIDTH 938 0
DWIDTH 15 0
BBX 9 8 3 2
BITMAP
FF80
0180
0180
1F80
FF80
0180
0180
0180
ENDCHAR
STARTCHAR uni314C
ENCODING 12620
SWIDTH 938 0
DWIDTH 15 0
BBX 9 8 3 2
BITMAP
FF80
FF80
C000
FF80
FF80
C000
FF80
FF80
ENDCHAR
STARTCHAR uni314D
ENCODING 12621
SWIDTH 938 0
DWIDTH 15 0
BBX 10 8 2 2
BITMAP
7FC0
7FC0
3180
3180
3180
3180
FFC0
FFC0
ENDCHAR
STARTCHAR uni314E
ENCODING 12622
SWIDTH 938 0
DWIDTH 15 0
BBX 9 10 3 1
BITMAP
1C00
FF80
FF80
0000
3E00
7F00
6300
6300
7F00
1C00
ENDCHAR
STARTCHAR uni314F
ENCODING 12623
SWIDTH 938 0
DWIDTH 15 0
BBX 5 14 6 -1
BITMAP
C0
C0
C0
C0
C0
F8
F8
C0
C0
C0
C0
C0
C0
C0
ENDCHAR
STARTCHAR uni3150
ENCODING 12624
SWIDTH 938 0
DWIDTH 15 0
BBX 5 14 5 -1
BITMAP
D8
D8
D8
D8
D8
F8
F8
D8
D8
D8
D8
D8
D8
D8
ENDCHAR
STARTCHAR uni3151
ENCODING 12625
SWIDTH 938 0
DWIDTH 15 0
BBX 6 14 5 -1
BITMAP
E0
E0
E0
FC
FC
E0
E0
E0
FC
E0
E0
E0
E0
E0
ENDCHAR
STARTCHAR uni3152
ENCODING 12626
SWIDTH 938 0
DWIDTH 15 0
BBX 5 14 5 -1
BITMAP
D8
D8
D8
F8
F8
D8
D8
F8
F8
D8
D8
D8
D8
D8
ENDCHAR
STARTCHAR uni3153
ENCODING 12627
SWIDTH 938 0
DWIDTH 15 0
BBX 5 14 5 -1
BITMAP
18
18
18
18
18
F8
F8
18
18
18
18
18
18
18
ENDCHAR
STARTCHAR uni3154
ENCODING 12628
SWIDTH 938 0
DWIDTH 15 0
BBX 7 14 4 -1
BITMAP
36
36
36
36
36
F6
F6
36
36
36
36
36
36
36
ENDCHAR
STARTCHAR uni3155
ENCODING 12629
SWIDTH 938 0
DWIDTH 15 0
BBX 5 14 5 -1
BITMAP
18
18
18
F8
F8
18
18
F8
F8
18
18
18
18
18
ENDCHAR
STARTCHAR uni3156
ENCODING 12630
SWIDTH 938 0
DWIDTH 15 0
BBX 8 14 3 -1
BITMAP
1B
1B
1B
FB
FB
1B
1B
FB
FB
1B
1B
1B
1B
1B
ENDCHAR
STARTCHAR uni3157
ENCODING 12631
SWIDTH 938 0
DWIDTH 15 0
BBX 13 7 1 3
BITMAP
0600
0600
0600
0600
0600
FFF8
FFF8
ENDCHAR
STARTCHAR uni3158
ENCODING 12632
SWIDTH 938 0
DWIDTH 15 0
BBX 13 14 1 -1
BITMAP
0060
0060
0060
0060
1860
1878
1878
1860
1860
FFE0
FF60
0060
0060
0060
ENDCHAR
STARTCHAR uni3159
ENCODING 12633
SWIDTH 938 0
DWIDTH 15 0
BBX 13 14 1 -1
BITMAP
00D8
00D8
00D8
00D8
18D8
18D8
18F8
18D8
18D8
FED8
E0D8
00D8
00D8
00D8
ENDCHAR
STARTCHAR uni315A
ENCODING 12634
SWIDTH 938 0
DWIDTH 15 0
BBX 12 14 1 -1
BITMAP
0030
0030
0030
0030
0C30
0C30
0C30
0C30
0C30
FFF0
FC30
0030
0030
0030
ENDCHAR
STARTCHAR uni315B
ENCODING 12635
SWIDTH 938 0
DWIDTH 15 0
BBX 13 8 1 2
BITMAP
18C0
18C0
18C0
18C0
18C0
18C0
FFF8
FFF8
ENDCHAR
STARTCHAR uni315C
ENCODING 12636
SWIDTH 938 0
DWIDTH 15 0
BBX 13 8 1 1
BITMAP
FFF8
FFF8
0600
0600
0600
0600
0600
0600
ENDCHAR
STARTCHAR uni315D
ENCODING 12637
SWIDTH 938 0
DWIDTH 15 0
BBX 13 14 1 -1
BITMAP
0038
0038
0038
0038
0038
0078
FFF8
FC38
0C38
0DF8
0C38
0C38
0C38
0038
ENDCHAR
STARTCHAR uni315E
ENCODING 12638
SWIDTH 938 0
DWIDTH 15 0
BBX 13 14 1 -1
BITMAP
00D8
00D8
00D8
00D8
00D8
00D8
FED8
F8D8
18D8
1BD8
18D8
18D8
18D8
00D8
ENDCHAR
STARTCHAR uni315F
ENCODING 12639
SWIDTH 938 0
DWIDTH 15 0
BBX 13 14 1 -1
BITMAP
0038
0038
0038
0038
0038
0038
FFF8
FFB8
0C38
0C38
0C38
0C38
0C38
0038
ENDCHAR
STARTCHAR uni3160
ENCODING 12640
SWIDTH 938 0
DWIDTH 15 0
BBX 13 8 1 1
BITMAP
FFF8
FFF8
18C0
18C0
18C0
18C0
18C0
18C0
ENDCHAR
STARTCHAR uni3161
ENCODING 12641
SWIDTH 938 0
DWIDTH 15 0
BBX 13 2 1 5
BITMAP
FFF8
FFF8
ENDCHAR
STARTCHAR uni3162
ENCODING 12642
SWIDTH 938 0
DWIDTH 15 0
BBX 12 14 1 -1
BITMAP
0030
0030
0030
0030
0030
0030
0030
0030
FFB0
FFF0
0030
0030
0030
0030
ENDCHAR
STARTCHAR uni3163
ENCODING 12643
SWIDTH 938 0
DWIDTH 15 0
BBX 2 14 6 -1
BITMAP
C0
C0
C0
C0
C0
C0
C0
C0
C0
C0
C0
C0
C0
C0
ENDCHAR
STARTCHAR uni3165
ENCODING 12645
SWIDTH 938 0
DWIDTH 15 0
BBX 11 8 2 2
BITMAP
C300
C300
C300
C300
C300
C300
FBE0
FBE0
ENDCHAR
STARTCHAR uni3166
ENCODING 12646
SWIDTH 938 0
DWIDTH 15 0
BBX 11 8 2 2
BITMAP
C3E0
C3E0
C300
C300
C300
C300
FBE0
FBE0
ENDCHAR
STARTCHAR uni3167
ENCODING 12647
SWIDTH 938 0
DWIDTH 15 0
BBX 12 8 2 2
BITMAP
C180
C180
C180
C180
C1C0
C3C0
FF70
FE20
ENDCHAR
STARTCHAR uni3168
ENCODING 12648
SWIDTH 938 0
DWIDTH 15 0
BBX 11 9 2 2
BITMAP
0080
C080
C180
C180
C1C0
C3C0
C240
FFE0
FFE0
ENDCHAR
STARTCHAR uni3169
ENCODING 12649
SWIDTH 938 0
DWIDTH 15 0
BBX 13 8 1 2
BITMAP
F7B0
F7B0
31B0
F1B0
F1F0
C1F0
F9D8
F9C8
ENDCHAR
STARTCHAR uni316A
ENCODING 12650
SWIDTH 938 0
DWIDTH 15 0
BBX 11 8 2 2
BITMAP
FBE0
FBE0
1B00
FB00
FB00
C300
FBE0
FBE0
ENDCHAR
STARTCHAR uni316B
ENCODING 12651
SWIDTH 938 0
DWIDTH 15 0
BBX 14 8 1 2
BITMAP
FDB0
FDB0
3FB0
FFB0
FDB0
CDF8
FFDC
FFC8
ENDCHAR
STARTCHAR uni316C
ENCODING 12652
SWIDTH 938 0
DWIDTH 15 0
BBX 11 9 2 2
BITMAP
0080
F880
F980
1980
F9C0
FBC0
C340
FBE0
FFE0
ENDCHAR
STARTCHAR uni316D
ENCODING 12653
SWIDTH 938 0
DWIDTH 15 0
BBX 11 8 2 2
BITMAP
FBE0
FBE0
1800
FBC0
FB60
C360
FBE0
F9C0
ENDCHAR
STARTCHAR uni316E
ENCODING 12654
SWIDTH 938 0
DWIDTH 15 0
BBX 11 8 2 2
BITMAP
FB60
FB60
DBE0
DBE0
DB60
DB60
FBE0
FBE0
ENDCHAR
STARTCHAR uni316F
ENCODING 12655
SWIDTH 938 0
DWIDTH 15 0
BBX 12 8 2 2
BITMAP
F980
F980
D980
D980
D9C0
DBC0
FF70
FE20
ENDCHAR
STARTCHAR uni3170
ENCODING 12656
SWIDTH 938 0
DWIDTH 15 0
BBX 11 9 2 2
BITMAP
0080
F880
F980
D980
D9C0
DBC0
DB40
FBE0
FFE0
ENDCHAR
STARTCHAR uni3171
ENCODING 12657
SWIDTH 938 0
DWIDTH 15 0
BBX 7 11 4 1
BITMAP
FE
FE
86
86
FE
FE
00
38
7C
6C
7C
ENDCHAR
STARTCHAR uni3172
ENCODING 12658
SWIDTH 938 0
DWIDTH 15 0
BBX 11 8 2 2
BITMAP
DBE0
DBE0
F860
F860
D860
D860
F860
F860
ENDCHAR
STARTCHAR uni3173
ENCODING 12659
SWIDTH 938 0
DWIDTH 15 0
BBX 11 8 2 2
BITMAP
DBE0
DBE0
FB00
FB00
DB00
DB00
FBE0
FBE0
ENDCHAR
STARTCHAR uni3174
ENCODING 12660
SWIDTH 938 0
DWIDTH 15 0
BBX 13 8 1 2
BITMAP
DBF8
DB18
FB18
FB18
DF18
DF98
FDD8
FC98
ENDCHAR
STARTCHAR uni3175
ENCODING 12661
SWIDTH 938 0
DWIDTH 15 0
BBX 13 8 1 2
BITMAP
D378
D378
F360
F760
D760
D760
FDF8
F8F8
ENDCHAR
STARTCHAR uni3176
ENCODING 12662
SWIDTH 938 0
DWIDTH 15 0
BBX 12 8 2 2
BITMAP
DBE0
DBE0
F9C0
F9C0
D9C0
DBE0
FF70
FA20
ENDCHAR
STARTCHAR uni3177
ENCODING 12663
SWIDTH 938 0
DWIDTH 15 0
BBX 11 8 2 2
BITMAP
DBE0
DBE0
FB00
FBC0
DBC0
DB00
FBE0
FBE0
ENDCHAR
STARTCHAR uni3178
ENCODING 12664
SWIDTH 938 0
DWIDTH 15 0
BBX 7 11 4 1
BITMAP
C6
FE
FE
C6
FE
FE
00
38
7C
6C
7C
ENDCHAR
STARTCHAR uni3179
ENCODING 12665
SWIDTH 938 0
DWIDTH 15 0
BBX 9 11 3 1
BITMAP
B580
F780
F780
B580
F780
F780
0000
1C00
3E00
3600
3E00
ENDCHAR
STARTCHAR uni317A
ENCODING 12666
SWIDTH 938 0
DWIDTH 15 0
BBX 11 8 1 2
BITMAP
19E0
19E0
1860
1860
1C60
3C60
E760
4260
ENDCHAR
STARTCHAR uni317B
ENCODING 12667
SWIDTH 938 0
DWIDTH 15 0
BBX 11 8 2 2
BITMAP
3300
3300
3300
3300
3300
7B00
FFE0
CFE0
ENDCHAR
STARTCHAR uni317C
ENCODING 12668
SWIDTH 938 0
DWIDTH 15 0
BBX 11 8 2 2
BITMAP
33E0
33E0
3300
3300
3300
7B00
FFE0
CFE0
ENDCHAR
STARTCHAR uni317D
ENCODING 12669
SWIDTH 938 0
DWIDTH 15 0
BBX 12 8 1 2
BITMAP
19B0
19B0
19F0
19F0
39B0
3DB0
EFF0
45F0
ENDCHAR
STARTCHAR uni317E
ENCODING 12670
SWIDTH 938 0
DWIDTH 15 0
BBX 13 8 1 2
BITMAP
19F0
19F0
18C0
18C0
38E0
3DE0
EFB8
4710
ENDCHAR
STARTCHAR uni317F
ENCODING 12671
SWIDTH 938 0
DWIDTH 15 0
BBX 8 9 3 2
BITMAP
08
08
1C
1C
3C
36
36
7F
FF
ENDCHAR
STARTCHAR uni3180
ENCODING 12672
SWIDTH 938 0
DWIDTH 15 0
BBX 12 8 2 2
BITMAP
71E0
FBE0
DB30
CF30
CF30
DB60
F9E0
71C0
ENDCHAR
STARTCHAR uni3181
ENCODING 12673
SWIDTH 938 0
DWIDTH 15 0
BBX 9 10 3 1
BITMAP
1800
1800
3E00
7700
C180
C180
C180
E300
7F00
1C00
ENDCHAR
STARTCHAR uni3182
ENCODING 12674
SWIDTH 938 0
DWIDTH 15 0
BBX 11 8 2 2
BITMAP
7180
7180
F980
D980
D980
DBC0
FFE0
7660
ENDCHAR
STARTCHAR uni3183
ENCODING 12675
SWIDTH 938 0
DWIDTH 15 0
BBX 11 9 2 2
BITMAP
0080
7080
7180
F980
D9C0
DBC0
DB40
FBE0
77E0
ENDCHAR
STARTCHAR uni3184
ENCODING 12676
SWIDTH 938 0
DWIDTH 15 0
BBX 9 11 3 1
BITMAP
FF80
FF80
6700
6700
FF80
FF80
0000
1C00
3E00
3600
3E00
ENDCHAR
STARTCHAR uni3185
ENCODING 12677
SWIDTH 938 0
DWIDTH 15 0
BBX 12 8 1 2
BITMAP
30E0
FDF0
FDF0
38E0
7DF0
6DB0
6DB0
78E0
ENDCHAR
STARTCHAR uni3186
ENCODING 12678
SWIDTH 938 0
DWIDTH 15 0
BBX 8 10 3 1
BITMAP
FF
FF
00
3E
7F
63
E3
63
7E
18
ENDCHAR
STARTCHAR uni3187
ENCODING 12679
SWIDTH 938 0
DWIDTH 15 0
BBX 13 14 1 -1
BITMAP
0060
0060
0060
0078
3678
3660
3660
3678
3660
FFE0
FE60
0060
0060
0060
ENDCHAR
STARTCHAR uni3188
ENCODING 12680
SWIDTH 938 0
DWIDTH 15 0
BBX 13 14 1 -1
BITMAP
00D8
00D8
00D8
00F8
6CF8
6CD8
6CD8
6CF8
6EF8
FED8
00D8
00D8
00D8
00D8
ENDCHAR
STARTCHAR uni3189
ENCODING 12681
SWIDTH 938 0
DWIDTH 15 0
BBX 12 14 1 -1
BITMAP
0030
0030
0030
0030
3330
3330
3330
3330
33B0
FFF0
0030
0030
0030
0030
ENDCHAR
STARTCHAR uni318A
ENCODING 12682
SWIDTH 938 0
DWIDTH 15 0
BBX 13 14 1 -1
BITMAP
0018
0018
0018
0018
0018
FFD8
FF98
36F8
36F8
3618
36F8
36F8
3618
0018
ENDCHAR
STARTCHAR uni318B
ENCODING 12683
SWIDTH 938 0
DWIDTH 15 0
BBX 13 14 1 -1
BITMAP
00D8
00D8
00D8
00D8
06D8
FED8
6CD8
6FD8
6CD8
6FD8
6FD8
6CD8
6CD8
00D8
ENDCHAR
STARTCHAR uni318C
ENCODING 12684
SWIDTH 938 0
DWIDTH 15 0
BBX 13 14 1 -1
BITMAP
0038
0038
0038
0038
0038
0038
FFF8
FF38
3338
3338
3338
3338
3338
0038
ENDCHAR
STARTCHAR uni318D
ENCODING 12685
SWIDTH 938 0
DWIDTH 15 0
BBX 3 2 6 5
BITMAP
E0
E0
ENDCHAR
STARTCHAR uni318E
ENCODING 12686
SWIDTH 938 0
DWIDTH 15 0
BBX 7 14 4 -1
BITMAP
06
06
06
06
06
46
E6
E6
06
06
06
06
06
06
ENDCHAR
STARTCHAR uni31A0
ENCODING 12704
SWIDTH 1000 0
DWIDTH 16 0
BBX 11 14 2 -1
BITMAP
3000
3000
6000
FFE0
7FE0
0060
0060
0060
0060
07E0
07E0
0CC0
07C0
0780
ENDCHAR
STARTCHAR uni31A1
ENCODING 12705
SWIDTH 1000 0
DWIDTH 16 0
BBX 12 13 2 -1
BITMAP
FFF0
FFF0
0C30
0C30
0C30
0C30
0C30
0DF0
1CE0
7C00
4C00
6C00
7800
ENDCHAR
STARTCHAR uni31A2
ENCODING 12706
SWIDTH 1000 0
DWIDTH 16 0
BBX 9 14 3 -1
BITMAP
6180
6180
6180
6180
6180
6180
6780
FF80
F180
8380
0F80
0D80
0D80
0F80
ENDCHAR
STARTCHAR uni31A3
ENCODING 12707
SWIDTH 1000 0
DWIDTH 16 0
BBX 15 14 1 -1
BITMAP
0E70
0C60
1CE0
18C0
3180
7380
E700
7380
3180
18FC
1CFC
0C66
0E3C
043C
ENDCHAR
STARTCHAR uni31A4
ENCODING 12708
SWIDTH 1000 0
DWIDTH 16 0
BBX 14 13 1 0
BITMAP
0C00
0C00
0C00
0C7C
1FF8
FF18
CC30
0C70
0C20
0C00
0C00
0C08
0FF8
ENDCHAR
STARTCHAR uni31A5
ENCODING 12709
SWIDTH 1000 0
DWIDTH 16 0
BBX 14 15 1 -2
BITMAP
0C00
0C00
0C00
0C7C
1FF8
FF18
CC30
0C70
0C20
0C38
0C2C
0C6C
0FFC
0038
0010
ENDCHAR
STARTCHAR uni31A6
ENCODING 12710
SWIDTH 1000 0
DWIDTH 16 0
BBX 14 13 1 -1
BITMAP
FFFC
FFFC
0700
0600
0C00
1800
3008
7018
3838
1C70
0FE0
0780
0300
ENDCHAR
STARTCHAR uni31A7
ENCODING 12711
SWIDTH 1000 0
DWIDTH 16 0
BBX 14 13 1 -1
BITMAP
FFFC
FFFC
0700
0600
0C00
1878
30D8
70D8
3878
1C78
0FF8
0780
0300
ENDCHAR
STARTCHAR uni31A8
ENCODING 12712
SWIDTH 1000 0
DWIDTH 16 0
BBX 14 14 1 -1
BITMAP
0010
2038
7070
3860
1CE0
0FC0
07FC
03FC
0FC0
1CE0
3870
7038
E01C
4010
ENDCHAR
STARTCHAR uni31A9
ENCODING 12713
SWIDTH 1000 0
DWIDTH 16 0
BBX 12 14 2 -1
BITMAP
4020
E070
70E0
39C0
1F80
0F00
0600
0600
0600
1E00
3F80
2780
3E00
3C00
ENDCHAR
STARTCHAR uni31AA
ENCODING 12714
SWIDTH 1000 0
DWIDTH 16 0
BBX 14 6 1 4
BITMAP
0038
007C
00CC
FFFC
FFF8
00C0
ENDCHAR
STARTCHAR uni31AB
ENCODING 12715
SWIDTH 1000 0
DWIDTH 16 0
BBX 14 14 1 -1
BITMAP
0010
6038
7070
3860
1CE0
07C0
0380
0380
0FD0
1CFC
38E4
71FC
E0BC
4008
ENDCHAR
STARTCHAR uni31AC
ENCODING 12716
SWIDTH 1000 0
DWIDTH 16 0
BBX 13 13 2 -1
BITMAP
FFF8
FFF8
C638
C638
C638
C638
C638
C638
C638
C638
C638
C638
C000
ENDCHAR
STARTCHAR uni31AD
ENCODING 12717
SWIDTH 1000 0
DWIDTH 16 0
BBX 14 13 1 -1
BITMAP
FFFC
FFFC
1B30
1B30
1B30
1330
1330
3330
3330
7330
633C
C31C
4300
ENDCHAR
STARTCHAR uni31AE
ENCODING 12718
SWIDTH 1000 0
DWIDTH 16 0
BBX 14 13 1 -1
BITMAP
7FFC
0180
3100
3300
6300
7FF8
7FF8
0618
7638
FC30
9C30
FC70
2C20
ENDCHAR
STARTCHAR uni31AF
ENCODING 12719
SWIDTH 1000 0
DWIDTH 16 0
BBX 13 14 2 -1
BITMAP
0400
0600
0C00
1840
38E0
71C0
FF80
7F00
0E70
1CF8
3898
7FF8
FFF0
8180
ENDCHAR
STARTCHAR uni31B0
ENCODING 12720
SWIDTH 1000 0
DWIDTH 16 0
BBX 12 14 2 -1
BITMAP
E070
70E0
30C0
1980
1F80
FFF0
FFF0
C630
C630
C630
C630
C630
C630
C630
ENDCHAR
STARTCHAR uni31B1
ENCODING 12721
SWIDTH 1000 0
DWIDTH 16 0
BBX 14 13 1 -1
BITMAP
FFFC
0300
0300
FFFC
FFFC
C60C
CC4C
D86C
CCCC
C78C
C30C
C00C
C00C
ENDCHAR
STARTCHAR uni31B2
ENCODING 12722
SWIDTH 1000 0
DWIDTH 16 0
BBX 14 11 1 0
BITMAP
FFFC
FFFC
0300
0300
0300
0300
0300
0300
0300
7FF8
7FF8
ENDCHAR
STARTCHAR uni31B3
ENCODING 12723
SWIDTH 1000 0
DWIDTH 16 0
BBX 8 14 3 -1
BITMAP
0C
0C
0C
0C
0C
0C
0C
0C
0C
3E
6F
CD
7C
78
ENDCHAR
STARTCHAR uni31B4
ENCODING 12724
SWIDTH 625 0
DWIDTH 10 0
BBX 6 8 2 -1
BITMAP
C0
C0
FC
FC
0C
0C
3C
38
ENDCHAR
STARTCHAR uni31B5
ENCODING 12725
SWIDTH 625 0
DWIDTH 10 0
BBX 7 8 1 -1
BITMAP
60
60
7E
FE
36
36
FE
5C
ENDCHAR
STARTCHAR uni31B6
ENCODING 12726
SWIDTH 625 0
DWIDTH 10 0
BBX 8 7 1 -1
BITMAP
FF
FF
60
7E
06
2E
1C
ENDCHAR
STARTCHAR uni31B7
ENCODING 12727
SWIDTH 625 0
DWIDTH 10 0
BBX 8 7 1 -1
BITMAP
7F
7F
60
60
60
60
C0
ENDCHAR
STARTCHAR uni31B8
ENCODING 12728
SWIDTH 1000 0
DWIDTH 16 0
BBX 13 10 2 1
BITMAP
FFF0
FFE0
00C0
0180
0700
0E00
1C00
7000
FFF8
FFF8
ENDCHAR
STARTCHAR uni31B9
ENCODING 12729
SWIDTH 1000 0
DWIDTH 16 0
BBX 13 9 2 2
BITMAP
C000
C000
C000
C000
C000
C000
C000
FFF8
FFF8
ENDCHAR
STARTCHAR uni31BA
ENCODING 12730
SWIDTH 1000 0
DWIDTH 16 0
BBX 14 11 1 1
BITMAP
0300
0300
0300
0300
FFFC
FFFC
0300
0300
0300
0300
0300
ENDCHAR
STARTCHAR uni31BB
ENCODING 12731
SWIDTH 625 0
DWIDTH 10 0
BBX 8 7 1 -1
BITMAP
36
66
6C
DC
6C
36
33
ENDCHAR
STARTCHAR uni31F0
ENCODING 12784
SWIDTH 1000 0
DWIDTH 16 0
BBX 11 12 2 -1
BITMAP
0400
0E00
0FC0
1FE0
3860
F0C0
60C0
0180
0300
0E00
7C00
3800
ENDCHAR
STARTCHAR uni31F1
ENCODING 12785
SWIDTH 1000 0
DWIDTH 16 0
BBX 11 11 3 -1
BITMAP
3000
3C00
0800
C040
F0E0
20C0
0380
0700
3E00
F800
4000
ENDCHAR
STARTCHAR uni31F2
ENCODING 12786
SWIDTH 1000 0
DWIDTH 16 0
BBX 12 11 2 -1
BITMAP
0040
3FC0
40C0
0180
0180
0300
0780
0DC0
38E0
F070
4020
ENDCHAR
STARTCHAR uni31F3
ENCODING 12787
SWIDTH 1000 0
DWIDTH 16 0
BBX 8 11 5 -1
BITMAP
E0
40
40
40
78
7F
47
41
40
40
E0
ENDCHAR
STARTCHAR uni31F4
ENCODING 12788
SWIDTH 1000 0
DWIDTH 16 0
BBX 10 11 3 -1
BITMAP
0080
7FC0
0180
2180
7300
3F00
0E00
0F00
3BC0
F080
4000
ENDCHAR
STARTCHAR uni31F5
ENCODING 12789
SWIDTH 1000 0
DWIDTH 16 0
BBX 12 9 2 0
BITMAP
1980
1980
18C0
18C0
3060
3060
7060
6030
E030
ENDCHAR
STARTCHAR uni31F6
ENCODING 12790
SWIDTH 1000 0
DWIDTH 16 0
BBX 9 11 4 -1
BITMAP
C000
C000
C300
DF80
F800
C000
C000
C000
C180
FF80
0800
ENDCHAR
STARTCHAR uni31F7
ENCODING 12791
SWIDTH 1000 0
DWIDTH 16 0
BBX 10 11 3 -1
BITMAP
8080
FFC0
00C0
0180
0180
0180
0300
0600
1E00
7800
2000
ENDCHAR
STARTCHAR uni31F8
ENCODING 12792
SWIDTH 1000 0
DWIDTH 16 0
BBX 12 9 2 0
BITMAP
0800
1E00
1F00
3380
61C0
E0E0
4070
0030
0020
ENDCHAR
STARTCHAR uni31F9
ENCODING 12793
SWIDTH 1000 0
DWIDTH 16 0
BBX 12 12 2 -1
BITMAP
0600
0600
8620
FFE0
0600
2640
36C0
6660
C630
4620
1E00
1C00
ENDCHAR
STARTCHAR uni31FA
ENCODING 12794
SWIDTH 1000 0
DWIDTH 16 0
BBX 11 11 3 -1
BITMAP
0C00
0C00
1800
1800
1800
3180
31C0
30C0
7FE0
FFE0
8060
ENDCHAR
STARTCHAR uni31FB
ENCODING 12795
SWIDTH 1000 0
DWIDTH 16 0
BBX 10 11 3 -1
BITMAP
7F80
7F80
0000
8080
FFC0
01C0
0180
0380
0700
3E00
3800
ENDCHAR
STARTCHAR uni31FC
ENCODING 12796
SWIDTH 1000 0
DWIDTH 16 0
BBX 8 11 4 -1
BITMAP
C3
C3
C3
C3
C3
C3
C3
06
0E
1C
38
ENDCHAR
STARTCHAR uni31FD
ENCODING 12797
SWIDTH 1000 0
DWIDTH 16 0
BBX 12 11 2 -1
BITMAP
3300
1300
1300
1300
3300
3310
3330
3370
63C0
E380
4100
ENDCHAR
STARTCHAR uni31FE
ENCODING 12798
SWIDTH 1000 0
DWIDTH 16 0
BBX 10 11 4 -1
BITMAP
6000
6000
6000
6000
6040
60C0
61C0
6780
7E00
F800
6000
ENDCHAR
STARTCHAR uni31FF
ENCODING 12799
SWIDTH 1000 0
DWIDTH 16 0
BBX 10 9 3 0
BITMAP
FFC0
FFC0
C0C0
C0C0
C0C0
C0C0
C0C0
FFC0
FFC0
ENDCHAR
STARTCHAR uni4E09
ENCODING 19977
SWIDTH 1000 0
DWIDTH 16 0
BBX 14 12 1 0
BITMAP
7FF8
7FF8
0000
0000
0000
3FF0
3FF0
0000
0000
0000
0000
FFFC
ENDCHAR
STARTCHAR uni4E14
ENCODING 19988
SWIDTH 1000 0
DWIDTH 16 0
BBX 14 14 1 -1
BITMAP
3FF0
3FF0
3030
3030
3FF0
3FF0
3030
3030
3FF0
3FF0
3030
3030
FFFC
FFFC
ENDCHAR
STARTCHAR uni4E2A
ENCODING 20010
SWIDTH 1000 0
DWIDTH 16 0
BBX 16 15 0 -1
BITMAP
0180
03C0
07C0
0E60
1C38
381C
F18F
6186
0180
0180
0180
0180
0180
0180
0180
ENDCHAR
STARTCHAR uni4E36
ENCODING 20022
SWIDTH 1000 0
DWIDTH 16 0
BBX 8 7 4 3
BITMAP
40
F0
78
1C
0E
07
02
ENDCHAR
STARTCHAR uni4E3F
ENCODING 20031
SWIDTH 1000 0
DWIDTH 16 0
BBX 7 14 3 -1
BITMAP
06
06
06
06
06
06
06
0E
0C
0C
1C
38
F0
60
ENDCHAR
STARTCHAR uni4E41
ENCODING 20033
SWIDTH 1000 0
DWIDTH 16 0
BBX 12 13 4 -1
BITMAP
FE00
FE00
0600
0600
0600
0300
0300
0300
0180
01C0
00E0
00F0
0040
ENDCHAR
STARTCHAR uni4E8C
ENCODING 20108
SWIDTH 1000 0
DWIDTH 16 0
BBX 14 11 1 0
BITMAP
7FF8
7FF8
0000
0000
0000
0000
0000
0000
0000
FFFC
FFFC
ENDCHAR
STARTCHAR uni4E9D
ENCODING 20125
SWIDTH 1000 0
DWIDTH 16 0
BBX 14 15 1 -1
BITMAP
0A00
0CE0
0C70
7FF8
7018
3068
2CD8
7CFC
FFFC
0000
3FF8
3FF8
0000
FFFC
FFFC
ENDCHAR
STARTCHAR uni4EBA
ENCODING 20154
SWIDTH 1000 0
DWIDTH 16 0
BBX 16 14 0 -1
BITMAP
0180
0180
0180
0380
0380
03C0
03C0
06E0
0660
0E70
1C38
381C
F00F
6006
ENDCHAR
STARTCHAR uni4ECE
ENCODING 20174
SWIDTH 1000 0
DWIDTH 16 0
BBX 16 14 0 -1
BITMAP
0C30
0C30
0C30
0C30
1C70
1870
1C70
1E78
1F78
3BD8
32DC
31CE
738F
E106
ENDCHAR
STARTCHAR uni516B
ENCODING 20843
SWIDTH 1000 0
DWIDTH 16 0
BBX 16 13 0 -1
BITMAP
0FE0
0FE0
0070
0E30
0C30
0C30
0C30
1C38
1818
381C
300C
700F
E006
ENDCHAR
STARTCHAR uni51AB
ENCODING 20907
SWIDTH 1000 0
DWIDTH 16 0
BBX 5 14 1 -1
BITMAP
40
E0
70
38
10
00
00
18
18
38
70
60
E0
40
ENDCHAR
STARTCHAR uni51F8
ENCODING 20984
SWIDTH 1000 0
DWIDTH 16 0
BBX 14 14 1 -1
BITMAP
0FE0
0FE0
0860
0860
0860
F87C
F87C
C00C
C00C
C00C
C00C
FFFC
FFFC
C00C
ENDCHAR
STARTCHAR uni51F9
ENCODING 20985
SWIDTH 1000 0
DWIDTH 16 0
BBX 14 13 1 -1
BITMAP
FCFC
FCFC
CCCC
CCCC
CCCC
CFCC
CFCC
C00C
C00C
C00C
FFFC
FFFC
C00C
ENDCHAR
STARTCHAR uni5382
ENCODING 21378
SWIDTH 1000 0
DWIDTH 16 0
BBX 15 14 0 -1
BITMAP
3FFE
3FFE
3000
3000
3000
3000
3000
3000
3000
3000
3000
7000
6000
E000
ENDCHAR
STARTCHAR uni5C38
ENCODING 23608
SWIDTH 1000 0
DWIDTH 16 0
BBX 14 14 0 -1
BITMAP
3FFC
3FFC
300C
300C
3FFC
3FFC
300C
3000
3000
3000
3000
7000
6000
E000
ENDCHAR
STARTCHAR uni5C6E
ENCODING 23662
SWIDTH 1000 0
DWIDTH 16 0
BBX 12 15 2 -2
BITMAP
0600
C630
C630
C630
C630
C630
C630
FFF0
FFF0
C630
0C00
1C00
3800
F000
2000
ENDCHAR
STARTCHAR uni5DDD
ENCODING 24029
SWIDTH 1000 0
DWIDTH 16 0
BBX 14 15 0 -2
BITMAP
300C
318C
318C
318C
318C
318C
318C
318C
318C
318C
318C
718C
618C
E00C
2000
ENDCHAR
STARTCHAR uni5DE5
ENCODING 24037
SWIDTH 1000 0
DWIDTH 16 0
BBX 14 12 1 0
BITMAP
7FF8
7FF8
0300
0300
0300
0300
0300
0300
0300
0300
FFFC
FFFC
ENDCHAR
STARTCHAR uni5F61
ENCODING 24417
SWIDTH 1000 0
DWIDTH 16 0
BBX 12 14 2 -1
BITMAP
01C0
0780
BE00
7800
20E0
03C0
0F80
7E00
3830
00F0
01E0
0F80
FE00
7800
ENDCHAR
STARTCHAR uni65E6
ENCODING 26086
SWIDTH 1000 0
DWIDTH 16 0
BBX 14 14 1 -1
BITMAP
3FF0
3FF0
3030
3030
3FF0
3FF0
3030
3030
3FF0
3FF0
0000
0000
FFFC
FFFC
ENDCHAR
STARTCHAR uni706C
ENCODING 28780
SWIDTH 1000 0
DWIDTH 16 0
BBX 16 5 0 -1
BITMAP
3258
36CC
366E
6266
E377
ENDCHAR
STARTCHAR uni723B
ENCODING 29243
SWIDTH 1000 0
DWIDTH 16 0
BBX 16 15 0 -1
BITMAP
0010
183C
3F70
07E0
0FF0
7E3C
300C
1C38
0C30
0670
03E0
03C0
0FF0
FE7F
701E
ENDCHAR
STARTCHAR uni7544
ENCODING 30020
SWIDTH 1000 0
DWIDTH 16 0
BBX 14 15 1 -1
BITMAP
0200
C61C
E318
6338
3230
7FF8
7FF8
6318
6318
7FF8
7FF8
6318
6318
7FF8
7FF8
ENDCHAR
STARTCHAR uni7676
ENCODING 30326
SWIDTH 1000 0
DWIDTH 16 0
BBX 16 10 0 2
BITMAP
0040
3FD8
3E7C
2674
7676
3C3C
1C18
381C
F00F
6006
ENDCHAR
STARTCHAR uni76BF
ENCODING 30399
SWIDTH 1000 0
DWIDTH 16 0
BBX 16 13 0 -1
BITMAP
3FFC
3FFC
366C
366C
366C
366C
366C
366C
366C
366C
366C
FFFF
FFFF
ENDCHAR
STARTCHAR uni76CA
ENCODING 30410
SWIDTH 1000 0
DWIDTH 16 0
BBX 16 15 0 -1
BITMAP
0010
1C38
0C30
0660
7FFE
0E60
0C30
1818
380E
FFFF
5FFA
1A58
1A58
7FFE
7FFE
ENDCHAR
STARTCHAR uni7F52
ENCODING 32594
SWIDTH 1000 0
DWIDTH 16 0
BBX 13 7 2 6
BITMAP
FFF8
FFF8
9998
9998
9998
FFF8
8018
ENDCHAR
STARTCHAR uni8278
ENCODING 33400
SWIDTH 1000 0
DWIDTH 16 0
BBX 14 15 1 -1
BITMAP
1020
1020
1020
D7AC
D7AC
D7AC
D7AC
D7AC
D7AC
FFFC
F7AC
3020
3020
6020
E020
ENDCHAR
STARTCHAR uniF001
ENCODING 61441
SWIDTH 625 0
DWIDTH 10 0
BBX 9 12 0 0
BITMAP
3980
7980
6000
F980
F980
6180
6180
6180
6180
6180
6180
6180
ENDCHAR
STARTCHAR uniF002
ENCODING 61442
SWIDTH 625 0
DWIDTH 10 0
BBX 9 12 0 0
BITMAP
3980
7980
6180
F980
F980
6180
6180
6180
6180
6180
6180
6180
ENDCHAR
STARTCHAR uniF005
ENCODING 61445
SWIDTH 313 0
DWIDTH 5 0
BBX 3 4 1 -4
BITMAP
E0
20
20
C0
ENDCHAR
STARTCHAR uniFB00
ENCODING 64256
SWIDTH 750 0
DWIDTH 12 0
BBX 12 13 0 0
BITMAP
1EF0
3CF0
31C0
31C0
FFE0
FFE0
31C0
31C0
31C0
31C0
31C0
31C0
31C0
ENDCHAR
STARTCHAR uniF001
ENCODING 64257
SWIDTH 625 0
DWIDTH 10 0
BBX 9 12 0 0
BITMAP
3980
7980
6000
F980
F980
6180
6180
6180
6180
6180
6180
6180
ENDCHAR
STARTCHAR uniF002
ENCODING 64258
SWIDTH 625 0
DWIDTH 10 0
BBX 9 12 0 0
BITMAP
3980
7980
6180
F980
F980
6180
6180
6180
6180
6180
6180
6180
ENDCHAR
STARTCHAR uniFB03
ENCODING 64259
SWIDTH 1000 0
DWIDTH 16 0
BBX 15 13 0 0
BITMAP
1EF6
3CF6
31C4
31C0
FFE6
FFE6
31C6
31C6
31C6
31C6
31C6
31C6
31C6
ENDCHAR
STARTCHAR uniFB04
ENCODING 64260
SWIDTH 1063 0
DWIDTH 17 0
BBX 16 13 0 0
BITMAP
1EF6
3CF6
31C6
31C6
FFE6
FFE6
31C6
31C6
31C6
31C6
31C6
31C7
31C7
ENDCHAR
STARTCHAR uniFE10
ENCODING 65040
SWIDTH 1000 0
DWIDTH 16 0
BBX 4 7 10 7
BITMAP
20
70
70
30
30
E0
80
ENDCHAR
STARTCHAR uniFE11
ENCODING 65041
SWIDTH 1000 0
DWIDTH 16 0
BBX 5 4 10 9
BITMAP
60
F0
38
18
ENDCHAR
STARTCHAR uniFE12
ENCODING 65042
SWIDTH 1000 0
DWIDTH 16 0
BBX 5 5 10 8
BITMAP
78
C8
88
C8
70
ENDCHAR
STARTCHAR uniFE13
ENCODING 65043
SWIDTH 1000 0
DWIDTH 16 0
BBX 3 10 10 2
BITMAP
E0
E0
40
00
00
00
00
60
E0
E0
ENDCHAR
STARTCHAR uniFE14
ENCODING 65044
SWIDTH 1000 0
DWIDTH 16 0
BBX 3 13 10 -1
BITMAP
E0
E0
40
00
00
00
40
E0
E0
20
60
C0
80
ENDCHAR
STARTCHAR uniFE15
ENCODING 65045
SWIDTH 1000 0
DWIDTH 16 0
BBX 3 12 10 1
BITMAP
E0
E0
E0
E0
60
60
40
40
00
60
E0
60
ENDCHAR
STARTCHAR uniFE16
ENCODING 65046
SWIDTH 1000 0
DWIDTH 16 0
BBX 8 12 8 1
BITMAP
7E
FE
87
07
0E
1C
18
30
00
30
38
30
ENDCHAR
STARTCHAR uniFE17
ENCODING 65047
SWIDTH 1000 0
DWIDTH 16 0
BBX 16 5 0 -1
BITMAP
FFFF
8C31
B00D
C003
8001
ENDCHAR
STARTCHAR uniFE18
ENCODING 65048
SWIDTH 1000 0
DWIDTH 16 0
BBX 16 6 0 8
BITMAP
8001
8001
C007
B009
8E71
FFFF
ENDCHAR
STARTCHAR uniFE19
ENCODING 65049
SWIDTH 1000 0
DWIDTH 16 0
BBX 2 14 7 -1
BITMAP
C0
C0
C0
00
00
00
C0
C0
00
00
00
C0
C0
80
ENDCHAR
STARTCHAR uniFE30
ENCODING 65072
SWIDTH 1000 0
DWIDTH 16 0
BBX 2 10 7 1
BITMAP
C0
C0
00
00
00
00
00
00
C0
C0
ENDCHAR
STARTCHAR uniFE31
ENCODING 65073
SWIDTH 1000 0
DWIDTH 16 0
BBX 1 14 8 -1
BITMAP
80
80
80
80
80
80
80
80
80
80
80
80
80
80
ENDCHAR
STARTCHAR uniFE32
ENCODING 65074
SWIDTH 1000 0
DWIDTH 16 0
BBX 1 4 8 4
BITMAP
80
80
80
80
ENDCHAR
STARTCHAR uniFE33
ENCODING 65075
SWIDTH 1000 0
DWIDTH 16 0
BBX 1 16 0 -2
BITMAP
80
80
80
80
80
80
80
80
80
80
80
80
80
80
80
80
ENDCHAR
STARTCHAR uniFE34
ENCODING 65076
SWIDTH 1000 0
DWIDTH 16 0
BBX 3 16 0 -2
BITMAP
C0
40
60
40
40
C0
40
60
60
40
C0
40
40
60
40
C0
ENDCHAR
STARTCHAR uniFE35
ENCODING 65077
SWIDTH 1000 0
DWIDTH 16 0
BBX 16 4 0 -1
BITMAP
1FF8
3C3C
E007
4002
ENDCHAR
STARTCHAR uniFE36
ENCODING 65078
SWIDTH 1000 0
DWIDTH 16 0
BBX 16 4 0 9
BITMAP
4002
F00F
3FFC
0FF0
ENDCHAR
STARTCHAR uniFE37
ENCODING 65079
SWIDTH 1000 0
DWIDTH 16 0
BBX 16 4 0 -1
BITMAP
0180
7FFE
7FFE
C003
ENDCHAR
STARTCHAR uniFE38
ENCODING 65080
SWIDTH 1000 0
DWIDTH 16 0
BBX 16 5 0 9
BITMAP
C003
C003
7FFE
3BDC
0180
ENDCHAR
STARTCHAR uniFE39
ENCODING 65081
SWIDTH 1000 0
DWIDTH 16 0
BBX 16 5 0 -2
BITMAP
3FFC
3FFC
6006
C003
4002
ENDCHAR
STARTCHAR uniFE3A
ENCODING 65082
SWIDTH 1000 0
DWIDTH 16 0
BBX 16 5 0 9
BITMAP
4002
C003
6006
3FFC
3FFC
ENDCHAR
STARTCHAR uniFE3B
ENCODING 65083
SWIDTH 1000 0
DWIDTH 16 0
BBX 16 5 0 -1
BITMAP
FFFF
FFFF
FC3F
E007
C003
ENDCHAR
STARTCHAR uniFE3C
ENCODING 65084
SWIDTH 1000 0
DWIDTH 16 0
BBX 16 5 0 9
BITMAP
8001
C003
E007
FE7F
FFFF
ENDCHAR
STARTCHAR uniFE3D
ENCODING 65085
SWIDTH 1000 0
DWIDTH 16 0
BBX 16 7 0 -1
BITMAP
0180
07E0
1C38
F18F
4FF2
3C3C
E007
ENDCHAR
STARTCHAR uniFE3E
ENCODING 65086
SWIDTH 1000 0
DWIDTH 16 0
BBX 16 8 0 6
BITMAP
8002
F00F
3C3C
47E2
F18F
1C38
07E0
0100
ENDCHAR
STARTCHAR uniFE3F
ENCODING 65087
SWIDTH 1000 0
DWIDTH 16 0
BBX 16 6 0 -1
BITMAP
0180
07E0
0E70
381C
F00F
4002
ENDCHAR
STARTCHAR uniFE40
ENCODING 65088
SWIDTH 1000 0
DWIDTH 16 0
BBX 16 6 0 7
BITMAP
4002
F00F
3C3C
0E70
03C0
0180
ENDCHAR
STARTCHAR uniFE41
ENCODING 65089
SWIDTH 1000 0
DWIDTH 16 0
BBX 11 5 5 -1
BITMAP
FFE0
FFE0
0060
0060
0060
ENDCHAR
STARTCHAR uniFE42
ENCODING 65090
SWIDTH 1000 0
DWIDTH 16 0
BBX 11 5 0 8
BITMAP
C000
C000
C000
FFE0
FFE0
ENDCHAR
STARTCHAR uniFE43
ENCODING 65091
SWIDTH 1000 0
DWIDTH 16 0
BBX 11 5 5 -1
BITMAP
FFE0
8020
FF20
0120
01E0
ENDCHAR
STARTCHAR uniFE44
ENCODING 65092
SWIDTH 1000 0
DWIDTH 16 0
BBX 11 6 0 8
BITMAP
E000
9000
9000
9FE0
8020
FFE0
ENDCHAR
STARTCHAR uniFE45
ENCODING 65093
SWIDTH 1000 0
DWIDTH 16 0
BBX 10 11 3 0
BITMAP
C000
7800
3E00
1F00
0F80
07C0
07C0
03C0
03C0
01C0
0080
ENDCHAR
STARTCHAR uniFE46
ENCODING 65094
SWIDTH 1000 0
DWIDTH 16 0
BBX 10 10 3 1
BITMAP
E000
5800
2600
1100
1080
0840
0440
0440
0240
01C0
ENDCHAR
STARTCHAR uniFE47
ENCODING 65095
SWIDTH 1000 0
DWIDTH 16 0
BBX 16 4 0 -1
BITMAP
FFFF
FFFF
C003
C003
ENDCHAR
STARTCHAR uniFE48
ENCODING 65096
SWIDTH 1000 0
DWIDTH 16 0
BBX 16 5 0 9
BITMAP
C003
C003
C003
FFFF
FFFF
ENDCHAR
STARTCHAR uniFE49
ENCODING 65097
SWIDTH 1000 0
DWIDTH 16 0
BBX 10 1 3 12
BITMAP
EDC0
ENDCHAR
STARTCHAR uniFE4A
ENCODING 65098
SWIDTH 1000 0
DWIDTH 16 0
BBX 10 1 3 12
BITMAP
FBC0
ENDCHAR
STARTCHAR uniFE4B
ENCODING 65099
SWIDTH 1000 0
DWIDTH 16 0
BBX 16 3 0 11
BITMAP
8421
FFFF
2084
ENDCHAR
STARTCHAR uniFE4C
ENCODING 65100
SWIDTH 1000 0
DWIDTH 16 0
BBX 16 5 0 9
BITMAP
8421
FFFF
2084
DFFB
318C
ENDCHAR
STARTCHAR uniFE4D
ENCODING 65101
SWIDTH 1000 0
DWIDTH 16 0
BBX 10 1 3 0
BITMAP
EDC0
ENDCHAR
STARTCHAR uniFE4E
ENCODING 65102
SWIDTH 1000 0
DWIDTH 16 0
BBX 10 1 3 0
BITMAP
FBC0
ENDCHAR
STARTCHAR uniFE4F
ENCODING 65103
SWIDTH 1000 0
DWIDTH 16 0
BBX 16 2 0 -1
BITMAP
8C31
FFFF
ENDCHAR
STARTCHAR uniFE50
ENCODING 65104
SWIDTH 1000 0
DWIDTH 16 0
BBX 3 5 6 -3
BITMAP
60
60
20
E0
40
ENDCHAR
STARTCHAR uniFE51
ENCODING 65105
SWIDTH 1000 0
DWIDTH 16 0
BBX 4 4 6 -1
BITMAP
40
E0
60
30
ENDCHAR
STARTCHAR uniFE52
ENCODING 65106
SWIDTH 1000 0
DWIDTH 16 0
BBX 2 2 7 0
BITMAP
C0
C0
ENDCHAR
STARTCHAR uniFE54
ENCODING 65108
SWIDTH 1000 0
DWIDTH 16 0
BBX 3 11 6 -3
BITMAP
40
60
60
00
00
00
60
60
20
E0
40
ENDCHAR
STARTCHAR uniFE55
ENCODING 65109
SWIDTH 1000 0
DWIDTH 16 0
BBX 2 8 7 0
BITMAP
80
C0
C0
00
00
00
C0
C0
ENDCHAR
STARTCHAR uniFE56
ENCODING 65110
SWIDTH 1000 0
DWIDTH 16 0
BBX 6 10 5 -1
BITMAP
FC
CC
04
0C
18
30
00
20
30
30
ENDCHAR
STARTCHAR uniFE57
ENCODING 65111
SWIDTH 1000 0
DWIDTH 16 0
BBX 2 10 7 -1
BITMAP
C0
C0
C0
C0
C0
C0
00
80
C0
C0
ENDCHAR
STARTCHAR uniFE58
ENCODING 65112
SWIDTH 1000 0
DWIDTH 16 0
BBX 10 2 3 1
BITMAP
FFC0
FFC0
ENDCHAR
STARTCHAR uniFE59
ENCODING 65113
SWIDTH 1000 0
DWIDTH 16 0
BBX 3 11 6 -1
BITMAP
20
60
40
C0
C0
C0
C0
C0
40
60
20
ENDCHAR
STARTCHAR uniFE5A
ENCODING 65114
SWIDTH 1000 0
DWIDTH 16 0
BBX 3 11 6 -1
BITMAP
40
C0
60
20
20
20
20
20
60
60
C0
ENDCHAR
STARTCHAR uniFE5B
ENCODING 65115
SWIDTH 1000 0
DWIDTH 16 0
BBX 4 10 6 -1
BITMAP
70
60
60
60
C0
60
60
60
60
70
ENDCHAR
STARTCHAR uniFE5C
ENCODING 65116
SWIDTH 1000 0
DWIDTH 16 0
BBX 4 10 6 -1
BITMAP
C0
60
40
40
70
60
40
60
60
C0
ENDCHAR
STARTCHAR uniFE5D
ENCODING 65117
SWIDTH 1000 0
DWIDTH 16 0
BBX 3 10 6 -1
BITMAP
60
C0
C0
C0
C0
C0
C0
C0
E0
20
ENDCHAR
STARTCHAR uniFE5E
ENCODING 65118
SWIDTH 1000 0
DWIDTH 16 0
BBX 3 10 6 -1
BITMAP
C0
20
20
20
20
20
20
20
60
80
ENDCHAR
STARTCHAR uniFE5F
ENCODING 65119
SWIDTH 1000 0
DWIDTH 16 0
BBX 6 10 5 -1
BITMAP
28
28
FC
FC
48
58
FC
50
50
50
ENDCHAR
STARTCHAR uniFE60
ENCODING 65120
SWIDTH 1000 0
DWIDTH 16 0
BBX 9 10 4 -1
BITMAP
3800
6C00
4C00
7800
3100
FB00
DF00
8600
FF80
7900
ENDCHAR
STARTCHAR uniFE61
ENCODING 65121
SWIDTH 1000 0
DWIDTH 16 0
BBX 6 5 5 4
BITMAP
30
FC
78
78
48
ENDCHAR
STARTCHAR uniFE62
ENCODING 65122
SWIDTH 1000 0
DWIDTH 16 0
BBX 6 7 5 0
BITMAP
30
30
FC
FC
30
30
30
ENDCHAR
STARTCHAR uniFE63
ENCODING 65123
SWIDTH 1000 0
DWIDTH 16 0
BBX 6 2 5 3
BITMAP
FC
FC
ENDCHAR
STARTCHAR uniFE64
ENCODING 65124
SWIDTH 1000 0
DWIDTH 16 0
BBX 6 6 5 1
BITMAP
04
3C
F0
E0
78
0C
ENDCHAR
STARTCHAR uniFE65
ENCODING 65125
SWIDTH 1000 0
DWIDTH 16 0
BBX 6 6 5 1
BITMAP
80
E0
3C
1C
F0
C0
ENDCHAR
STARTCHAR uniFE66
ENCODING 65126
SWIDTH 1000 0
DWIDTH 16 0
BBX 6 5 5 1
BITMAP
FC
00
00
FC
FC
ENDCHAR
STARTCHAR uniFE68
ENCODING 65128
SWIDTH 1000 0
DWIDTH 16 0
BBX 6 10 5 -1
BITMAP
C0
40
60
20
20
30
10
18
18
0C
ENDCHAR
STARTCHAR uniFE69
ENCODING 65129
SWIDTH 1000 0
DWIDTH 16 0
BBX 8 13 4 -2
BITMAP
18
18
3C
66
40
70
3C
0E
03
C6
7E
18
18
ENDCHAR
STARTCHAR uniFE6A
ENCODING 65130
SWIDTH 1000 0
DWIDTH 16 0
BBX 12 10 2 -1
BITMAP
7080
5900
C900
CA00
5AE0
75B0
05B0
09B0
08E0
1040
ENDCHAR
STARTCHAR uniFE6B
ENCODING 65131
SWIDTH 1000 0
DWIDTH 16 0
BBX 11 11 3 -1
BITMAP
0F00
3980
60C0
CF40
9E60
9240
9240
9FC0
C900
6000
3E00
ENDCHAR
STARTCHAR uniFF01
ENCODING 65281
SWIDTH 1000 0
DWIDTH 16 0
BBX 2 12 7 0
BITMAP
C0
C0
C0
C0
C0
C0
C0
C0
00
C0
C0
C0
ENDCHAR
STARTCHAR uniFF02
ENCODING 65282
SWIDTH 1000 0
DWIDTH 16 0
BBX 6 6 5 8
BITMAP
CC
CC
CC
CC
CC
CC
ENDCHAR
STARTCHAR uniFF03
ENCODING 65283
SWIDTH 1000 0
DWIDTH 16 0
BBX 12 12 2 0
BITMAP
0880
0880
0880
7FF0
1980
1980
1980
FFE0
FFE0
1100
1100
3100
ENDCHAR
STARTCHAR uniFF04
ENCODING 65284
SWIDTH 1000 0
DWIDTH 16 0
BBX 9 16 3 -2
BITMAP
0C00
0C00
1F00
7F80
6180
6000
7000
3E00
0F80
0380
0180
4180
FF80
3E00
0C00
0C00
ENDCHAR
STARTCHAR uniFF05
ENCODING 65285
SWIDTH 1000 0
DWIDTH 16 0
BBX 14 12 1 0
BITMAP
7860
D840
CCC0
8C80
CD00
D978
7A4C
06C4
04C4
0C4C
086C
1838
ENDCHAR
STARTCHAR uniFF06
ENCODING 65286
SWIDTH 1000 0
DWIDTH 16 0
BBX 11 12 3 0
BITMAP
3C00
7600
6600
6600
7C00
38C0
7CC0
CEC0
C780
C380
FFE0
7E40
ENDCHAR
STARTCHAR uniFF07
ENCODING 65287
SWIDTH 1000 0
DWIDTH 16 0
BBX 2 6 7 8
BITMAP
C0
C0
C0
C0
C0
C0
ENDCHAR
STARTCHAR uniFF08
ENCODING 65288
SWIDTH 1000 0
DWIDTH 16 0
BBX 4 16 11 -2
BITMAP
20
30
60
40
C0
C0
C0
80
80
C0
C0
C0
60
60
30
20
ENDCHAR
STARTCHAR uniFF09
ENCODING 65289
SWIDTH 1000 0
DWIDTH 16 0
BBX 4 16 1 -2
BITMAP
40
C0
60
20
30
30
30
10
10
30
30
30
60
60
C0
40
ENDCHAR
STARTCHAR uniFF0A
ENCODING 65290
SWIDTH 1000 0
DWIDTH 16 0
BBX 12 12 2 0
BITMAP
0600
0600
4620
E670
3FC0
0F00
0F80
3FC0
E670
4610
0600
0600
ENDCHAR
STARTCHAR uniFF0B
ENCODING 65291
SWIDTH 1000 0
DWIDTH 16 0
BBX 12 12 2 0
BITMAP
0600
0600
0600
0600
0600
FFF0
FFF0
0600
0600
0600
0600
0600
ENDCHAR
STARTCHAR uniFF0C
ENCODING 65292
SWIDTH 1000 0
DWIDTH 16 0
BBX 3 6 3 -2
BITMAP
E0
E0
E0
20
60
C0
ENDCHAR
STARTCHAR uniFF0D
ENCODING 65293
SWIDTH 1000 0
DWIDTH 16 0
BBX 12 2 2 5
BITMAP
FFF0
FFF0
ENDCHAR
STARTCHAR uniFF0E
ENCODING 65294
SWIDTH 1000 0
DWIDTH 16 0
BBX 3 3 3 0
BITMAP
E0
E0
40
ENDCHAR
STARTCHAR uniFF0F
ENCODING 65295
SWIDTH 1000 0
DWIDTH 16 0
BBX 16 15 0 -1
BITMAP
0001
0002
0004
0008
0010
0020
0040
0080
0100
0200
0400
0800
1000
2000
C000
ENDCHAR
STARTCHAR uniFF10
ENCODING 65296
SWIDTH 1000 0
DWIDTH 16 0
BBX 10 12 3 0
BITMAP
1E00
3F00
6180
6180
E1C0
E1C0
E1C0
E1C0
6180
6180
3F00
1E00
ENDCHAR
STARTCHAR uniFF11
ENCODING 65297
SWIDTH 1000 0
DWIDTH 16 0
BBX 9 12 4 0
BITMAP
1800
F800
F800
1800
1800
1800
1800
1800
1800
1800
FF80
FF80
ENDCHAR
STARTCHAR uniFF12
ENCODING 65298
SWIDTH 1000 0
DWIDTH 16 0
BBX 10 12 3 0
BITMAP
3E00
7F00
E380
0180
0180
0380
0700
0E00
1C00
3800
7FC0
7FC0
ENDCHAR
STARTCHAR uniFF13
ENCODING 65299
SWIDTH 1000 0
DWIDTH 16 0
BBX 9 12 3 0
BITMAP
3E00
FF80
6180
0180
0380
1F00
1F00
0180
0180
4180
FF80
3F00
ENDCHAR
STARTCHAR uniFF14
ENCODING 65300
SWIDTH 1000 0
DWIDTH 16 0
BBX 10 12 3 0
BITMAP
0700
0F00
0F00
1B00
3B00
3300
6300
FFC0
FFC0
0300
0300
0300
ENDCHAR
STARTCHAR uniFF15
ENCODING 65301
SWIDTH 1000 0
DWIDTH 16 0
BBX 9 12 3 0
BITMAP
7F80
7F80
6000
6000
6E00
7F00
2380
0180
0180
4380
FF80
3E00
ENDCHAR
STARTCHAR uniFF16
ENCODING 65302
SWIDTH 1000 0
DWIDTH 16 0
BBX 8 12 4 0
BITMAP
3E
7F
E2
C0
C8
FE
E7
C3
C3
E3
7F
3E
ENDCHAR
STARTCHAR uniFF17
ENCODING 65303
SWIDTH 1000 0
DWIDTH 16 0
BBX 8 12 4 0
BITMAP
FF
FF
07
06
0C
0C
18
18
18
38
38
38
ENDCHAR
STARTCHAR uniFF18
ENCODING 65304
SWIDTH 1000 0
DWIDTH 16 0
BBX 10 12 3 0
BITMAP
1E00
7F80
6180
6180
7180
3F00
3F00
6380
E1C0
6180
7380
3F00
ENDCHAR
STARTCHAR uniFF19
ENCODING 65305
SWIDTH 1000 0
DWIDTH 16 0
BBX 8 12 4 0
BITMAP
7C
FE
C7
C3
C3
E7
FF
33
03
87
FE
7C
ENDCHAR
STARTCHAR uniFF1A
ENCODING 65306
SWIDTH 1000 0
DWIDTH 16 0
BBX 4 10 6 1
BITMAP
60
F0
60
00
00
00
00
60
F0
60
ENDCHAR
STARTCHAR uniFF1B
ENCODING 65307
SWIDTH 1000 0
DWIDTH 16 0
BBX 4 13 6 -2
BITMAP
60
F0
60
00
00
00
00
70
70
30
30
60
C0
ENDCHAR
STARTCHAR uniFF1C
ENCODING 65308
SWIDTH 1000 0
DWIDTH 16 0
BBX 12 12 2 0
BITMAP
0030
00F0
03C0
0F00
3C00
F000
7000
1C00
0F00
03C0
00F0
0030
ENDCHAR
STARTCHAR uniFF1D
ENCODING 65309
SWIDTH 1000 0
DWIDTH 16 0
BBX 12 5 2 4
BITMAP
FFF0
FFF0
0000
0000
FFF0
ENDCHAR
STARTCHAR uniFF1E
ENCODING 65310
SWIDTH 1000 0
DWIDTH 16 0
BBX 12 12 2 0
BITMAP
C000
F000
3C00
0F00
03C0
00F0
00E0
0380
0F00
3C00
F000
C000
ENDCHAR
STARTCHAR uniFF1F
ENCODING 65311
SWIDTH 1000 0
DWIDTH 16 0
BBX 8 12 4 0
BITMAP
3E
FF
43
03
07
0C
18
18
00
18
38
18
ENDCHAR
STARTCHAR uniFF20
ENCODING 65312
SWIDTH 1000 0
DWIDTH 16 0
BBX 14 15 1 -1
BITMAP
0380
0FF0
3818
7008
610C
C7C4
CCC4
CCC4
88CC
8D8C
CFF8
C460
6000
3040
1FC0
ENDCHAR
STARTCHAR uniFF21
ENCODING 65313
SWIDTH 1000 0
DWIDTH 16 0
BBX 12 12 2 0
BITMAP
0F00
0F00
0F00
1B80
1980
1980
31C0
3FC0
7FC0
70E0
6060
E070
ENDCHAR
STARTCHAR uniFF22
ENCODING 65314
SWIDTH 1000 0
DWIDTH 16 0
BBX 9 12 4 0
BITMAP
FE00
FF00
C380
C380
C300
FE00
FF00
C180
C180
C180
FF80
FE00
ENDCHAR
STARTCHAR uniFF23
ENCODING 65315
SWIDTH 1000 0
DWIDTH 16 0
BBX 10 12 3 0
BITMAP
1F80
3FC0
7080
6000
E000
E000
E000
E000
E000
70C0
3FC0
1F80
ENDCHAR
STARTCHAR uniFF24
ENCODING 65316
SWIDTH 1000 0
DWIDTH 16 0
BBX 10 12 3 0
BITMAP
FE00
FF80
E380
E1C0
E0C0
E0C0
E0C0
E0C0
E1C0
E380
FF80
FE00
ENDCHAR
STARTCHAR uniFF25
ENCODING 65317
SWIDTH 1000 0
DWIDTH 16 0
BBX 9 12 4 0
BITMAP
FF00
FF00
E000
E000
E000
FE00
FE00
E000
E000
E000
FF80
FF80
ENDCHAR
STARTCHAR uniFF26
ENCODING 65318
SWIDTH 1000 0
DWIDTH 16 0
BBX 9 12 4 0
BITMAP
FF80
FF80
E000
E000
E000
FE00
FE00
E000
E000
E000
E000
E000
ENDCHAR
STARTCHAR uniFF27
ENCODING 65319
SWIDTH 1000 0
DWIDTH 16 0
BBX 10 12 3 0
BITMAP
1F80
3FC0
7080
E000
C000
C3C0
C3C0
C0C0
E0C0
70C0
7FC0
1F80
ENDCHAR
STARTCHAR uniFF28
ENCODING 65320
SWIDTH 1000 0
DWIDTH 16 0
BBX 10 12 3 0
BITMAP
C0C0
C0C0
C0C0
C0C0
C0C0
FFC0
FFC0
C0C0
C0C0
C0C0
C0C0
C0C0
ENDCHAR
STARTCHAR uniFF29
ENCODING 65321
SWIDTH 1000 0
DWIDTH 16 0
BBX 8 12 4 0
BITMAP
FF
FF
18
18
18
18
18
18
18
18
FF
FF
ENDCHAR
STARTCHAR uniFF2A
ENCODING 65322
SWIDTH 1000 0
DWIDTH 16 0
BBX 9 12 3 0
BITMAP
0380
0380
0380
0380
0380
0380
0380
0380
0300
6300
FF00
3E00
ENDCHAR
STARTCHAR uniFF2B
ENCODING 65323
SWIDTH 1000 0
DWIDTH 16 0
BBX 11 12 3 0
BITMAP
E1C0
E380
E300
E600
EC00
FE00
FE00
F700
E380
E180
E1C0
E0E0
ENDCHAR
STARTCHAR uniFF2C
ENCODING 65324
SWIDTH 1000 0
DWIDTH 16 0
BBX 9 12 4 0
BITMAP
E000
E000
E000
E000
E000
E000
E000
E000
E000
E000
FF80
FF80
ENDCHAR
STARTCHAR uniFF2D
ENCODING 65325
SWIDTH 1000 0
DWIDTH 16 0
BBX 12 12 2 0
BITMAP
E070
E070
F0F0
F0F0
D9B0
D9B0
D9B0
CF30
CF30
C630
C630
C030
ENDCHAR
STARTCHAR uniFF2E
ENCODING 65326
SWIDTH 1000 0
DWIDTH 16 0
BBX 10 12 3 0
BITMAP
E0C0
E0C0
F0C0
F8C0
D8C0
DCC0
CCC0
C6C0
C7C0
C3C0
C1C0
C1C0
ENDCHAR
STARTCHAR uniFF2F
ENCODING 65327
SWIDTH 1000 0
DWIDTH 16 0
BBX 12 12 2 0
BITMAP
1F80
3FC0
70E0
6060
E070
E070
E070
E070
6060
70E0
3FC0
1F80
ENDCHAR
STARTCHAR uniFF30
ENCODING 65328
SWIDTH 1000 0
DWIDTH 16 0
BBX 9 12 4 0
BITMAP
FE00
FF00
C380
C180
C180
C380
FF00
FC00
C000
C000
C000
C000
ENDCHAR
STARTCHAR uniFF31
ENCODING 65329
SWIDTH 1000 0
DWIDTH 16 0
BBX 13 15 2 -3
BITMAP
1F80
3FC0
70E0
6060
E070
E070
E070
E070
6060
70E0
3FC0
1F80
0700
03F0
01F8
ENDCHAR
STARTCHAR uniFF32
ENCODING 65330
SWIDTH 1000 0
DWIDTH 16 0
BBX 10 12 4 0
BITMAP
FE00
FF00
C380
C180
C380
C780
FF00
FE00
C600
C700
C380
C1C0
ENDCHAR
STARTCHAR uniFF33
ENCODING 65331
SWIDTH 1000 0
DWIDTH 16 0
BBX 10 12 3 0
BITMAP
1F00
7FC0
6180
6000
7800
3E00
1F80
03C0
01C0
61C0
FF80
3F00
ENDCHAR
STARTCHAR uniFF34
ENCODING 65332
SWIDTH 1000 0
DWIDTH 16 0
BBX 10 12 3 0
BITMAP
FFC0
FFC0
0C00
0C00
0C00
0C00
0C00
0C00
0C00
0C00
0C00
0C00
ENDCHAR
STARTCHAR uniFF35
ENCODING 65333
SWIDTH 1000 0
DWIDTH 16 0
BBX 10 12 3 0
BITMAP
C0C0
C0C0
C0C0
C0C0
C0C0
C0C0
C0C0
C0C0
E0C0
E1C0
7F80
3F00
ENDCHAR
STARTCHAR uniFF36
ENCODING 65334
SWIDTH 1000 0
DWIDTH 16 0
BBX 12 12 2 0
BITMAP
E070
6060
70E0
30C0
30C0
39C0
1980
1980
1F80
0F00
0F00
0F00
ENDCHAR
STARTCHAR uniFF37
ENCODING 65335
SWIDTH 1000 0
DWIDTH 16 0
BBX 16 12 0 0
BITMAP
E187
E187
63C6
63C6
63C6
736E
366C
366C
366C
343C
1C3C
1C38
ENDCHAR
STARTCHAR uniFF38
ENCODING 65336
SWIDTH 1000 0
DWIDTH 16 0
BBX 10 12 3 0
BITMAP
E1C0
6180
7380
3B00
1E00
1E00
1E00
1E00
3300
7380
6180
E1C0
ENDCHAR
STARTCHAR uniFF39
ENCODING 65337
SWIDTH 1000 0
DWIDTH 16 0
BBX 10 12 3 0
BITMAP
C0C0
6180
7180
3300
3300
1E00
1E00
0C00
0C00
0C00
0C00
0C00
ENDCHAR
STARTCHAR uniFF3A
ENCODING 65338
SWIDTH 1000 0
DWIDTH 16 0
BBX 10 12 3 0
BITMAP
7FC0
7FC0
0380
0300
0600
0E00
1C00
1800
3000
7000
FFC0
FFC0
ENDCHAR
STARTCHAR uniFF3B
ENCODING 65339
SWIDTH 1000 0
DWIDTH 16 0
BBX 5 15 11 -1
BITMAP
F8
F8
C0
C0
C0
C0
C0
C0
C0
C0
C0
C0
C0
C0
F8
ENDCHAR
STARTCHAR uniFF3C
ENCODING 65340
SWIDTH 1000 0
DWIDTH 16 0
BBX 16 15 0 -1
BITMAP
8000
4000
2000
1000
0800
0400
0200
0100
0080
0040
0020
0010
0008
0004
0003
ENDCHAR
STARTCHAR uniFF3D
ENCODING 65341
SWIDTH 1000 0
DWIDTH 16 0
BBX 5 15 0 -1
BITMAP
F8
F8
18
18
18
18
18
18
18
18
18
18
18
18
F8
ENDCHAR
STARTCHAR uniFF3E
ENCODING 65342
SWIDTH 1000 0
DWIDTH 16 0
BBX 6 2 5 13
BITMAP
38
EC
ENDCHAR
STARTCHAR uniFF3F
ENCODING 65343
SWIDTH 1000 0
DWIDTH 16 0
BBX 16 1 0 -2
BITMAP
FFFF
ENDCHAR
STARTCHAR uniFF40
ENCODING 65344
SWIDTH 1000 0
DWIDTH 16 0
BBX 4 2 5 13
BITMAP
E0
30
ENDCHAR
STARTCHAR uniFF41
ENCODING 65345
SWIDTH 1000 0
DWIDTH 16 0
BBX 8 9 4 0
BITMAP
7E
FF
83
0F
7F
C3
C3
FF
7B
ENDCHAR
STARTCHAR uniFF42
ENCODING 65346
SWIDTH 1000 0
DWIDTH 16 0
BBX 9 13 4 0
BITMAP
C000
C000
C000
C000
DE00
FF00
C380
C380
C380
C380
C300
FF00
FE00
ENDCHAR
STARTCHAR uniFF43
ENCODING 65347
SWIDTH 1000 0
DWIDTH 16 0
BBX 8 9 4 0
BITMAP
3F
7F
E1
C0
C0
C0
E1
7F
3F
ENDCHAR
STARTCHAR uniFF44
ENCODING 65348
SWIDTH 1000 0
DWIDTH 16 0
BBX 9 13 3 0
BITMAP
0180
0180
0180
0180
3F80
7F80
6180
E180
E180
E180
E180
7F80
3F80
ENDCHAR
STARTCHAR uniFF45
ENCODING 65349
SWIDTH 1000 0
DWIDTH 16 0
BBX 10 9 3 0
BITMAP
1F00
3F80
6180
61C0
FFC0
6000
6000
7F80
1F80
ENDCHAR
STARTCHAR uniFF46
ENCODING 65350
SWIDTH 1000 0
DWIDTH 16 0
BBX 9 13 4 0
BITMAP
0F80
1F80
1800
1800
FF00
FF00
1800
1800
1800
1800
1800
1800
1800
ENDCHAR
STARTCHAR uniFF47
ENCODING 65351
SWIDTH 1000 0
DWIDTH 16 0
BBX 10 13 3 -4
BITMAP
3FC0
77C0
6300
6380
7300
3E00
6000
7E00
3FC0
61C0
C0C0
7F80
3E00
ENDCHAR
STARTCHAR uniFF48
ENCODING 65352
SWIDTH 1000 0
DWIDTH 16 0
BBX 8 13 4 0
BITMAP
C0
C0
C0
C0
DE
FF
E3
C3
C3
C3
C3
C3
C3
ENDCHAR
STARTCHAR uniFF49
ENCODING 65353
SWIDTH 1000 0
DWIDTH 16 0
BBX 4 13 6 0
BITMAP
60
F0
40
00
60
60
60
60
60
60
60
60
60
ENDCHAR
STARTCHAR uniFF4A
ENCODING 65354
SWIDTH 1000 0
DWIDTH 16 0
BBX 7 17 3 -4
BITMAP
06
0E
04
00
06
06
06
06
06
06
06
06
06
06
4E
FC
38
ENDCHAR
STARTCHAR uniFF4B
ENCODING 65355
SWIDTH 1000 0
DWIDTH 16 0
BBX 9 13 4 0
BITMAP
C000
C000
C000
C000
C380
C600
CC00
D800
FC00
FE00
E600
C700
C380
ENDCHAR
STARTCHAR uniFF4C
ENCODING 65356
SWIDTH 1000 0
DWIDTH 16 0
BBX 6 13 6 0
BITMAP
E0
E0
E0
E0
E0
E0
E0
E0
E0
E0
60
7C
3C
ENDCHAR
STARTCHAR uniFF4D
ENCODING 65357
SWIDTH 1000 0
DWIDTH 16 0
BBX 14 9 1 0
BITMAP
DE78
FFFC
E38C
C30C
C30C
C30C
C30C
C30C
C30C
ENDCHAR
STARTCHAR uniFF4E
ENCODING 65358
SWIDTH 1000 0
DWIDTH 16 0
BBX 8 9 4 0
BITMAP
DE
FF
E3
C3
C3
C3
C3
C3
C3
ENDCHAR
STARTCHAR uniFF4F
ENCODING 65359
SWIDTH 1000 0
DWIDTH 16 0
BBX 10 9 3 0
BITMAP
3F00
7F80
6180
E1C0
E1C0
E1C0
6180
7F80
3F00
ENDCHAR
STARTCHAR uniFF50
ENCODING 65360
SWIDTH 1000 0
DWIDTH 16 0
BBX 9 12 4 -3
BITMAP
DE00
FF00
C380
C380
C380
C380
C300
FF00
FE00
C000
C000
C000
ENDCHAR
STARTCHAR uniFF51
ENCODING 65361
SWIDTH 1000 0
DWIDTH 16 0
BBX 9 12 3 -3
BITMAP
3F80
7F80
6180
E180
E180
E180
E180
7F80
3F80
0180
0180
0180
ENDCHAR
STARTCHAR uniFF52
ENCODING 65362
SWIDTH 1000 0
DWIDTH 16 0
BBX 8 9 5 0
BITMAP
DF
FE
E0
E0
C0
C0
C0
C0
C0
ENDCHAR
STARTCHAR uniFF53
ENCODING 65363
SWIDTH 1000 0
DWIDTH 16 0
BBX 8 9 4 0
BITMAP
7E
FF
E0
F0
3E
07
83
FF
7E
ENDCHAR
STARTCHAR uniFF54
ENCODING 65364
SWIDTH 1000 0
DWIDTH 16 0
BBX 9 11 4 0
BITMAP
3000
3000
FF00
FF00
3000
3000
3000
3000
3000
3F00
1F80
ENDCHAR
STARTCHAR uniFF55
ENCODING 65365
SWIDTH 1000 0
DWIDTH 16 0
BBX 8 9 4 0
BITMAP
C3
C3
C3
C3
C3
C3
C7
FF
7B
ENDCHAR
STARTCHAR uniFF56
ENCODING 65366
SWIDTH 1000 0
DWIDTH 16 0
BBX 10 9 3 0
BITMAP
E1C0
6180
6180
3300
3300
3300
1E00
1E00
1E00
ENDCHAR
STARTCHAR uniFF57
ENCODING 65367
SWIDTH 1000 0
DWIDTH 16 0
BBX 14 9 1 0
BITMAP
C30C
E38C
6798
6798
6498
7CD8
3CF0
3CF0
3870
ENDCHAR
STARTCHAR uniFF58
ENCODING 65368
SWIDTH 1000 0
DWIDTH 16 0
BBX 10 9 3 0
BITMAP
6180
3300
3B00
1E00
1C00
1E00
3700
7380
E1C0
ENDCHAR
STARTCHAR uniFF59
ENCODING 65369
SWIDTH 1000 0
DWIDTH 16 0
BBX 10 13 3 -4
BITMAP
E1C0
6180
7180
3300
3300
1B00
1E00
0E00
0E00
0C00
1C00
7800
6000
ENDCHAR
STARTCHAR uniFF5A
ENCODING 65370
SWIDTH 1000 0
DWIDTH 16 0
BBX 8 9 4 0
BITMAP
7F
7F
0E
0C
18
30
70
FF
FF
ENDCHAR
STARTCHAR uniFF5B
ENCODING 65371
SWIDTH 1000 0
DWIDTH 16 0
BBX 5 16 11 -2
BITMAP
38
78
60
60
60
60
60
E0
E0
60
60
60
60
60
38
18
ENDCHAR
STARTCHAR uniFF5C
ENCODING 65372
SWIDTH 1000 0
DWIDTH 16 0
BBX 1 16 8 -2
BITMAP
80
80
80
80
80
80
80
80
80
80
80
80
80
80
80
80
ENDCHAR
STARTCHAR uniFF5D
ENCODING 65373
SWIDTH 1000 0
DWIDTH 16 0
BBX 5 16 0 -2
BITMAP
E0
F0
30
30
30
30
30
38
38
30
30
30
30
30
E0
C0
ENDCHAR
STARTCHAR uniFF5E
ENCODING 65374
SWIDTH 1000 0
DWIDTH 16 0
BBX 14 5 1 4
BITMAP
1800
7E08
E70C
C3FC
01F8
ENDCHAR
STARTCHAR uniFF5F
ENCODING 65375
SWIDTH 1000 0
DWIDTH 16 0
BBX 7 16 9 -2
BITMAP
36
2C
48
58
D0
90
B0
B0
B0
B0
90
D0
58
68
2C
36
ENDCHAR
STARTCHAR uniFF60
ENCODING 65376
SWIDTH 1000 0
DWIDTH 16 0
BBX 7 16 0 -2
BITMAP
D8
68
24
34
16
12
1A
1A
1A
1A
12
16
34
2C
68
D8
ENDCHAR
STARTCHAR uniFF61
ENCODING 65377
SWIDTH 500 0
DWIDTH 8 0
BBX 6 5 0 -1
BITMAP
38
48
CC
48
78
ENDCHAR
STARTCHAR uniFF62
ENCODING 65378
SWIDTH 500 0
DWIDTH 8 0
BBX 6 11 2 3
BITMAP
FC
FC
C0
C0
C0
C0
C0
C0
C0
C0
C0
ENDCHAR
STARTCHAR uniFF63
ENCODING 65379
SWIDTH 500 0
DWIDTH 8 0
BBX 6 10 0 -1
BITMAP
0C
0C
0C
0C
0C
0C
0C
0C
0C
FC
ENDCHAR
STARTCHAR uniFF64
ENCODING 65380
SWIDTH 500 0
DWIDTH 8 0
BBX 5 5 0 -1
BITMAP
40
E0
70
38
10
ENDCHAR
STARTCHAR uniFF65
ENCODING 65381
SWIDTH 500 0
DWIDTH 8 0
BBX 4 3 2 5
BITMAP
60
F0
60
ENDCHAR
STARTCHAR uniFF66
ENCODING 65382
SWIDTH 500 0
DWIDTH 8 0
BBX 6 13 1 -1
BITMAP
84
FC
FC
0C
0C
FC
FC
08
18
18
30
60
40
ENDCHAR
STARTCHAR uniFF67
ENCODING 65383
SWIDTH 500 0
DWIDTH 8 0
BBX 6 10 1 -1
BITMAP
FC
8C
38
38
38
20
20
20
60
40
ENDCHAR
STARTCHAR uniFF68
ENCODING 65384
SWIDTH 500 0
DWIDTH 8 0
BBX 5 11 1 -1
BITMAP
08
18
18
30
70
F0
B0
30
30
30
30
ENDCHAR
STARTCHAR uniFF69
ENCODING 65385
SWIDTH 500 0
DWIDTH 8 0
BBX 6 11 1 -1
BITMAP
30
30
FC
FC
CC
CC
08
18
18
70
20
ENDCHAR
STARTCHAR uniFF6A
ENCODING 65386
SWIDTH 500 0
DWIDTH 8 0
BBX 6 9 1 0
BITMAP
F8
F8
30
30
30
30
30
FC
FC
ENDCHAR
STARTCHAR uniFF6B
ENCODING 65387
SWIDTH 500 0
DWIDTH 8 0
BBX 6 11 1 -1
BITMAP
10
10
FC
FC
30
30
70
D0
D0
30
30
ENDCHAR
STARTCHAR uniFF6C
ENCODING 65388
SWIDTH 500 0
DWIDTH 8 0
BBX 6 11 1 -1
BITMAP
40
64
7C
FC
E8
28
38
20
20
30
30
ENDCHAR
STARTCHAR uniFF6D
ENCODING 65389
SWIDTH 500 0
DWIDTH 8 0
BBX 6 9 1 0
BITMAP
08
78
18
18
18
18
18
FC
FC
ENDCHAR
STARTCHAR uniFF6E
ENCODING 65390
SWIDTH 500 0
DWIDTH 8 0
BBX 4 10 2 -1
BITMAP
F0
F0
10
10
F0
90
10
F0
F0
10
ENDCHAR
STARTCHAR uniFF6F
ENCODING 65391
SWIDTH 500 0
DWIDTH 8 0
BBX 6 10 1 -1
BITMAP
28
AC
FC
EC
88
08
18
30
70
20
ENDCHAR
STARTCHAR uniFF70
ENCODING 65392
SWIDTH 500 0
DWIDTH 8 0
BBX 6 2 1 5
BITMAP
FC
FC
ENDCHAR
STARTCHAR uniFF71
ENCODING 65393
SWIDTH 500 0
DWIDTH 8 0
BBX 7 13 1 -1
BITMAP
04
FE
FC
0C
3C
38
38
30
20
60
60
C0
40
ENDCHAR
STARTCHAR uniFF72
ENCODING 65394
SWIDTH 500 0
DWIDTH 8 0
BBX 7 14 0 -1
BITMAP
02
06
06
0C
1C
38
F8
68
48
08
08
08
08
08
ENDCHAR
STARTCHAR uniFF73
ENCODING 65395
SWIDTH 500 0
DWIDTH 8 0
BBX 6 14 1 -1
BITMAP
30
30
30
FC
FC
84
8C
8C
0C
0C
18
38
70
20
ENDCHAR
STARTCHAR uniFF74
ENCODING 65396
SWIDTH 500 0
DWIDTH 8 0
BBX 7 11 0 0
BITMAP
7E
7E
18
18
18
18
18
18
FE
FE
FE
ENDCHAR
STARTCHAR uniFF75
ENCODING 65397
SWIDTH 500 0
DWIDTH 8 0
BBX 7 14 1 -1
BITMAP
18
18
18
FE
FE
18
38
38
78
D8
D8
98
38
30
ENDCHAR
STARTCHAR uniFF76
ENCODING 65398
SWIDTH 500 0
DWIDTH 8 0
BBX 7 14 0 -1
BITMAP
10
10
10
7E
7E
12
12
32
32
32
62
6E
CE
44
ENDCHAR
STARTCHAR uniFF77
ENCODING 65399
SWIDTH 500 0
DWIDTH 8 0
BBX 6 14 1 -1
BITMAP
10
20
28
7C
F0
B0
34
3C
FC
F0
10
10
10
10
ENDCHAR
STARTCHAR uniFF78
ENCODING 65400
SWIDTH 500 0
DWIDTH 8 0
BBX 6 14 1 -1
BITMAP
20
30
3C
7C
6C
CC
CC
88
18
18
30
70
E0
40
ENDCHAR
STARTCHAR uniFF79
ENCODING 65401
SWIDTH 500 0
DWIDTH 8 0
BBX 7 14 0 -1
BITMAP
20
30
30
3E
3E
6C
6C
CC
48
08
18
18
30
20
ENDCHAR
STARTCHAR uniFF7A
ENCODING 65402
SWIDTH 500 0
DWIDTH 8 0
BBX 6 11 1 0
BITMAP
FC
FC
0C
0C
0C
0C
0C
0C
FC
FC
0C
ENDCHAR
STARTCHAR uniFF7B
ENCODING 65403
SWIDTH 500 0
DWIDTH 8 0
BBX 6 13 1 -1
BITMAP
48
48
48
FC
FC
48
48
48
18
18
30
70
20
ENDCHAR
STARTCHAR uniFF7C
ENCODING 65404
SWIDTH 500 0
DWIDTH 8 0
BBX 8 14 0 -1
BITMAP
20
30
38
10
42
E3
62
26
06
0C
1C
78
70
20
ENDCHAR
STARTCHAR uniFF7D
ENCODING 65405
SWIDTH 500 0
DWIDTH 8 0
BBX 8 13 0 -1
BITMAP
42
7E
7E
04
0C
0C
08
1C
3C
36
E7
42
42
ENDCHAR
STARTCHAR uniFF7E
ENCODING 65406
SWIDTH 500 0
DWIDTH 8 0
BBX 7 13 0 0
BITMAP
30
30
30
36
3E
FE
76
34
3C
30
30
3E
3E
ENDCHAR
STARTCHAR uniFF7F
ENCODING 65407
SWIDTH 500 0
DWIDTH 8 0
BBX 6 13 1 -1
BITMAP
84
84
C4
CC
4C
4C
08
18
18
30
70
60
20
ENDCHAR
STARTCHAR uniFF80
ENCODING 65408
SWIDTH 500 0
DWIDTH 8 0
BBX 7 14 0 -1
BITMAP
18
10
1E
3E
26
66
D6
5C
0C
0E
1C
38
70
20
ENDCHAR
STARTCHAR uniFF81
ENCODING 65409
SWIDTH 500 0
DWIDTH 8 0
BBX 6 14 1 -1
BITMAP
04
3C
F8
F0
30
B4
FC
FC
30
30
30
60
E0
40
ENDCHAR
STARTCHAR uniFF82
ENCODING 65410
SWIDTH 500 0
DWIDTH 8 0
BBX 8 13 0 -1
BITMAP
10
53
DA
5A
72
46
06
04
0C
18
38
70
20
ENDCHAR
STARTCHAR uniFF83
ENCODING 65411
SWIDTH 500 0
DWIDTH 8 0
BBX 6 13 1 -1
BITMAP
7C
7C
00
00
FC
FC
30
30
30
30
60
E0
40
ENDCHAR
STARTCHAR uniFF84
ENCODING 65412
SWIDTH 500 0
DWIDTH 8 0
BBX 5 13 2 -1
BITMAP
C0
C0
C0
C0
E0
F0
F8
D8
C8
C0
C0
C0
C0
ENDCHAR
STARTCHAR uniFF85
ENCODING 65413
SWIDTH 500 0
DWIDTH 8 0
BBX 6 13 1 -1
BITMAP
30
30
30
FC
FC
30
30
30
30
70
60
E0
40
ENDCHAR
STARTCHAR uniFF86
ENCODING 65414
SWIDTH 500 0
DWIDTH 8 0
BBX 6 10 1 1
BITMAP
FC
FC
00
00
00
00
00
00
FC
FC
ENDCHAR
STARTCHAR uniFF87
ENCODING 65415
SWIDTH 500 0
DWIDTH 8 0
BBX 6 13 1 -1
BITMAP
F8
FC
FC
08
48
78
38
30
38
6C
EC
C8
80
ENDCHAR
STARTCHAR uniFF88
ENCODING 65416
SWIDTH 500 0
DWIDTH 8 0
BBX 7 14 1 -1
BITMAP
30
10
FC
FC
0C
08
18
34
7C
F6
B2
32
30
30
ENDCHAR
STARTCHAR uniFF89
ENCODING 65417
SWIDTH 500 0
DWIDTH 8 0
BBX 6 13 1 -1
BITMAP
08
0C
08
18
18
18
18
30
30
60
E0
C0
80
ENDCHAR
STARTCHAR uniFF8A
ENCODING 65418
SWIDTH 500 0
DWIDTH 8 0
BBX 8 11 0 0
BITMAP
3C
34
24
26
26
66
62
62
43
C3
42
ENDCHAR
STARTCHAR uniFF8B
ENCODING 65419
SWIDTH 500 0
DWIDTH 8 0
BBX 6 13 1 -1
BITMAP
C0
C0
C8
DC
F8
E0
C0
C0
C0
C0
FC
7C
10
ENDCHAR
STARTCHAR uniFF8C
ENCODING 65420
SWIDTH 500 0
DWIDTH 8 0
BBX 6 12 1 -1
BITMAP
FC
FC
0C
0C
0C
0C
08
18
38
70
60
40
ENDCHAR
STARTCHAR uniFF8D
ENCODING 65421
SWIDTH 500 0
DWIDTH 8 0
BBX 8 11 0 0
BITMAP
10
30
38
78
6C
4C
C6
46
03
02
02
ENDCHAR
STARTCHAR uniFF8E
ENCODING 65422
SWIDTH 500 0
DWIDTH 8 0
BBX 8 13 0 -1
BITMAP
18
18
7E
7E
18
18
7E
7A
5A
DB
5A
38
30
ENDCHAR
STARTCHAR uniFF8F
ENCODING 65423
SWIDTH 500 0
DWIDTH 8 0
BBX 7 12 1 -1
BITMAP
FC
FE
0C
0C
48
D8
70
70
30
18
18
10
ENDCHAR
STARTCHAR uniFF90
ENCODING 65424
SWIDTH 500 0
DWIDTH 8 0
BBX 6 13 1 -1
BITMAP
70
7C
0C
04
60
78
18
08
80
E0
FC
18
08
ENDCHAR
STARTCHAR uniFF91
ENCODING 65425
SWIDTH 500 0
DWIDTH 8 0
BBX 8 13 0 -1
BITMAP
18
10
30
30
30
3C
24
26
66
7E
FE
E3
02
ENDCHAR
STARTCHAR uniFF92
ENCODING 65426
SWIDTH 500 0
DWIDTH 8 0
BBX 7 13 0 -1
BITMAP
06
06
24
6C
3C
1C
1C
1C
3E
32
62
E0
40
ENDCHAR
STARTCHAR uniFF93
ENCODING 65427
SWIDTH 500 0
DWIDTH 8 0
BBX 6 12 1 0
BITMAP
84
FC
20
20
20
FC
FC
20
20
20
3C
3C
ENDCHAR
STARTCHAR uniFF94
ENCODING 65428
SWIDTH 500 0
DWIDTH 8 0
BBX 8 14 0 -1
BITMAP
10
60
22
3F
7E
F2
B6
34
14
10
18
18
18
18
ENDCHAR
STARTCHAR uniFF95
ENCODING 65429
SWIDTH 500 0
DWIDTH 8 0
BBX 8 11 0 0
BITMAP
7C
7E
04
04
04
0C
0C
0C
FF
FF
81
ENDCHAR
STARTCHAR uniFF96
ENCODING 65430
SWIDTH 500 0
DWIDTH 8 0
BBX 6 11 1 0
BITMAP
FC
FC
0C
0C
7C
7C
0C
0C
FC
FC
8C
ENDCHAR
STARTCHAR uniFF97
ENCODING 65431
SWIDTH 500 0
DWIDTH 8 0
BBX 6 13 1 -1
BITMAP
7C
7C
00
04
FC
FC
0C
0C
18
18
30
70
20
ENDCHAR
STARTCHAR uniFF98
ENCODING 65432
SWIDTH 500 0
DWIDTH 8 0
BBX 6 13 1 -1
BITMAP
CC
C8
C8
C8
C8
C8
C8
C8
18
18
38
70
20
ENDCHAR
STARTCHAR uniFF99
ENCODING 65433
SWIDTH 500 0
DWIDTH 8 0
BBX 8 13 0 -1
BITMAP
28
28
28
28
28
28
6A
6B
6B
6E
4C
CC
48
ENDCHAR
STARTCHAR uniFF9A
ENCODING 65434
SWIDTH 500 0
DWIDTH 8 0
BBX 6 13 1 -1
BITMAP
C0
C0
C0
C0
C0
C4
C4
CC
D8
F8
F0
E0
40
ENDCHAR
STARTCHAR uniFF9B
ENCODING 65435
SWIDTH 500 0
DWIDTH 8 0
BBX 6 11 1 0
BITMAP
FC
FC
C4
C4
C4
C4
C4
C4
FC
FC
CC
ENDCHAR
STARTCHAR uniFF9C
ENCODING 65436
SWIDTH 500 0
DWIDTH 8 0
BBX 6 13 1 -1
BITMAP
04
FC
FC
CC
CC
CC
0C
0C
18
18
30
70
20
ENDCHAR
STARTCHAR uniFF9D
ENCODING 65437
SWIDTH 500 0
DWIDTH 8 0
BBX 6 13 1 -1
BITMAP
80
C0
64
64
24
0C
0C
18
18
30
E0
C0
80
ENDCHAR
STARTCHAR uniFF9E
ENCODING 65438
SWIDTH 500 0
DWIDTH 8 0
BBX 5 4 0 10
BITMAP
10
F0
58
60
ENDCHAR
STARTCHAR uniFF9F
ENCODING 65439
SWIDTH 500 0
DWIDTH 8 0
BBX 4 4 0 10
BITMAP
60
60
90
60
ENDCHAR
STARTCHAR uniFFA1
ENCODING 65441
SWIDTH 938 0
DWIDTH 15 0
BBX 9 8 3 2
BITMAP
FF80
FF80
0180
0180
0180
0180
0180
0180
ENDCHAR
STARTCHAR uniFFA2
ENCODING 65442
SWIDTH 938 0
DWIDTH 15 0
BBX 11 8 2 2
BITMAP
FBE0
FBE0
1860
1860
1860
1860
1860
1860
ENDCHAR
STARTCHAR uniFFA3
ENCODING 65443
SWIDTH 938 0
DWIDTH 15 0
BBX 12 8 2 2
BITMAP
F980
F980
1980
1980
1980
1BC0
1F70
1E20
ENDCHAR
STARTCHAR uniFFA4
ENCODING 65444
SWIDTH 938 0
DWIDTH 15 0
BBX 9 8 3 2
BITMAP
C000
C000
C000
C000
C000
C000
FF80
FF80
ENDCHAR
STARTCHAR uniFFA5
ENCODING 65445
SWIDTH 938 0
DWIDTH 15 0
BBX 11 8 2 2
BITMAP
C7E0
C7E0
C180
C180
C380
C3C0
FEE0
FC60
ENDCHAR
STARTCHAR uniFFA6
ENCODING 65446
SWIDTH 938 0
DWIDTH 15 0
BBX 11 8 2 2
BITMAP
C180
CFE0
CFE0
C380
C7C0
C640
FEC0
FBC0
ENDCHAR
STARTCHAR uniFFA7
ENCODING 65447
SWIDTH 938 0
DWIDTH 15 0
BBX 9 8 3 2
BITMAP
FF80
FF80
C000
C000
C000
C000
FF80
FF80
ENDCHAR
STARTCHAR uniFFA8
ENCODING 65448
SWIDTH 938 0
DWIDTH 15 0
BBX 11 8 2 2
BITMAP
FBE0
FBE0
C300
C300
C300
C300
FBE0
FBE0
ENDCHAR
STARTCHAR uniFFA9
ENCODING 65449
SWIDTH 938 0
DWIDTH 15 0
BBX 9 8 3 2
BITMAP
FF80
0180
0180
FF80
FF80
C000
FF80
FF80
ENDCHAR
STARTCHAR uniFFAA
ENCODING 65450
SWIDTH 938 0
DWIDTH 15 0
BBX 11 8 2 2
BITMAP
FFE0
FFE0
1860
F860
F860
C060
FC60
FC60
ENDCHAR
STARTCHAR uniFFAB
ENCODING 65451
SWIDTH 938 0
DWIDTH 15 0
BBX 11 8 2 2
BITMAP
FBE0
FBE0
1B60
FB60
FB60
C360
FBE0
FBE0
ENDCHAR
STARTCHAR uniFFAC
ENCODING 65452
SWIDTH 938 0
DWIDTH 15 0
BBX 11 8 2 2
BITMAP
FB60
FB60
1BE0
FBE0
FB60
C360
FBE0
FBE0
ENDCHAR
STARTCHAR uniFFAD
ENCODING 65453
SWIDTH 938 0
DWIDTH 15 0
BBX 12 8 2 2
BITMAP
F980
F980
1980
F980
F9C0
C3C0
FF70
FE20
ENDCHAR
STARTCHAR uniFFAE
ENCODING 65454
SWIDTH 938 0
DWIDTH 15 0
BBX 11 8 2 2
BITMAP
FBE0
FBE0
1B00
FBE0
FBE0
C300
FBE0
FBE0
ENDCHAR
STARTCHAR uniFFAF
ENCODING 65455
SWIDTH 938 0
DWIDTH 15 0
BBX 11 8 2 2
BITMAP
FFE0
FFE0
1B60
FB60
FB60
C360
FFE0
FFE0
ENDCHAR
STARTCHAR uniFFB0
ENCODING 65456
SWIDTH 938 0
DWIDTH 15 0
BBX 11 9 2 2
BITMAP
0180
F980
1FE0
1800
FBC0
FB60
C260
FBE0
F9C0
ENDCHAR
STARTCHAR uniFFB1
ENCODING 65457
SWIDTH 938 0
DWIDTH 15 0
BBX 9 8 3 2
BITMAP
FF80
FF80
C180
C180
C180
C180
FF80
FF80
ENDCHAR
STARTCHAR uniFFB2
ENCODING 65458
SWIDTH 938 0
DWIDTH 15 0
BBX 9 8 3 2
BITMAP
C180
C180
FF80
FF80
C180
C180
FF80
FF80
ENDCHAR
STARTCHAR uniFFB3
ENCODING 65459
SWIDTH 938 0
DWIDTH 15 0
BBX 11 8 2 2
BITMAP
DB60
DB60
FBE0
FBE0
DB60
DB60
FBE0
FBE0
ENDCHAR
STARTCHAR uniFFB4
ENCODING 65460
SWIDTH 938 0
DWIDTH 15 0
BBX 12 8 2 2
BITMAP
D980
D980
F980
F980
D9C0
DBC0
FF70
FE20
ENDCHAR
STARTCHAR uniFFB5
ENCODING 65461
SWIDTH 938 0
DWIDTH 15 0
BBX 11 8 2 2
BITMAP
0C00
0C00
0C00
0E00
1E00
3B00
F3E0
60C0
ENDCHAR
STARTCHAR uniFFB6
ENCODING 65462
SWIDTH 938 0
DWIDTH 15 0
BBX 13 8 1 2
BITMAP
18C0
18C0
18C0
38E0
3DE0
6FB0
E738
4210
ENDCHAR
STARTCHAR uniFFB7
ENCODING 65463
SWIDTH 938 0
DWIDTH 15 0
BBX 9 8 3 2
BITMAP
3E00
FF00
C180
C180
C180
C380
7F00
3E00
ENDCHAR
STARTCHAR uniFFB8
ENCODING 65464
SWIDTH 938 0
DWIDTH 15 0
BBX 11 8 2 2
BITMAP
7FC0
0C00
0E00
0E00
0E00
1B00
F1E0
60C0
ENDCHAR
STARTCHAR uniFFB9
ENCODING 65465
SWIDTH 938 0
DWIDTH 15 0
BBX 13 8 1 2
BITMAP
7DF0
18C0
18E0
38E0
38E0
7DF0
EFB8
4710
ENDCHAR
STARTCHAR uniFFBA
ENCODING 65466
SWIDTH 938 0
DWIDTH 15 0
BBX 11 9 2 2
BITMAP
0C00
0C00
7FC0
7FC0
0E00
0E00
1F00
7BE0
E1C0
ENDCHAR
STARTCHAR uniFFBB
ENCODING 65467
SWIDTH 938 0
DWIDTH 15 0
BBX 9 8 3 2
BITMAP
FF80
0180
0180
1F80
FF80
0180
0180
0180
ENDCHAR
STARTCHAR uniFFBC
ENCODING 65468
SWIDTH 938 0
DWIDTH 15 0
BBX 9 8 3 2
BITMAP
FF80
FF80
C000
FF80
FF80
C000
FF80
FF80
ENDCHAR
STARTCHAR uniFFBD
ENCODING 65469
SWIDTH 938 0
DWIDTH 15 0
BBX 10 8 2 2
BITMAP
7FC0
7FC0
3180
3180
3180
3180
FFC0
FFC0
ENDCHAR
STARTCHAR uniFFBE
ENCODING 65470
SWIDTH 938 0
DWIDTH 15 0
BBX 9 10 3 1
BITMAP
1C00
FF80
FF80
0000
3E00
7F00
6300
6300
7F00
1C00
ENDCHAR
STARTCHAR uniFFC2
ENCODING 65474
SWIDTH 938 0
DWIDTH 15 0
BBX 5 14 6 -1
BITMAP
C0
C0
C0
C0
C0
F8
F8
C0
C0
C0
C0
C0
C0
C0
ENDCHAR
STARTCHAR uniFFC3
ENCODING 65475
SWIDTH 938 0
DWIDTH 15 0
BBX 5 14 5 -1
BITMAP
D8
D8
D8
D8
D8
F8
F8
D8
D8
D8
D8
D8
D8
D8
ENDCHAR
STARTCHAR uniFFC4
ENCODING 65476
SWIDTH 938 0
DWIDTH 15 0
BBX 6 14 5 -1
BITMAP
E0
E0
E0
FC
FC
E0
E0
E0
FC
E0
E0
E0
E0
E0
ENDCHAR
STARTCHAR uniFFC5
ENCODING 65477
SWIDTH 938 0
DWIDTH 15 0
BBX 5 14 5 -1
BITMAP
D8
D8
D8
F8
F8
D8
D8
F8
F8
D8
D8
D8
D8
D8
ENDCHAR
STARTCHAR uniFFC6
ENCODING 65478
SWIDTH 938 0
DWIDTH 15 0
BBX 5 14 5 -1
BITMAP
18
18
18
18
18
F8
F8
18
18
18
18
18
18
18
ENDCHAR
STARTCHAR uniFFC7
ENCODING 65479
SWIDTH 938 0
DWIDTH 15 0
BBX 7 14 4 -1
BITMAP
36
36
36
36
36
F6
F6
36
36
36
36
36
36
36
ENDCHAR
STARTCHAR uniFFCA
ENCODING 65482
SWIDTH 938 0
DWIDTH 15 0
BBX 5 14 5 -1
BITMAP
18
18
18
F8
F8
18
18
F8
F8
18
18
18
18
18
ENDCHAR
STARTCHAR uniFFCB
ENCODING 65483
SWIDTH 938 0
DWIDTH 15 0
BBX 8 14 3 -1
BITMAP
1B
1B
1B
FB
FB
1B
1B
FB
FB
1B
1B
1B
1B
1B
ENDCHAR
STARTCHAR uniFFCC
ENCODING 65484
SWIDTH 938 0
DWIDTH 15 0
BBX 13 7 1 3
BITMAP
0600
0600
0600
0600
0600
FFF8
FFF8
ENDCHAR
STARTCHAR uniFFCD
ENCODING 65485
SWIDTH 938 0
DWIDTH 15 0
BBX 13 14 1 -1
BITMAP
0060
0060
0060
0060
1860
1878
1878
1860
1860
FFE0
FF60
0060
0060
0060
ENDCHAR
STARTCHAR uniFFCE
ENCODING 65486
SWIDTH 938 0
DWIDTH 15 0
BBX 13 14 1 -1
BITMAP
00D8
00D8
00D8
00D8
18D8
18D8
18F8
18D8
18D8
FED8
E0D8
00D8
00D8
00D8
ENDCHAR
STARTCHAR uniFFCF
ENCODING 65487
SWIDTH 938 0
DWIDTH 15 0
BBX 12 14 1 -1
BITMAP
0030
0030
0030
0030
0C30
0C30
0C30
0C30
0C30
FFF0
FC30
0030
0030
0030
ENDCHAR
STARTCHAR uniFFD2
ENCODING 65490
SWIDTH 938 0
DWIDTH 15 0
BBX 13 8 1 2
BITMAP
18C0
18C0
18C0
18C0
18C0
18C0
FFF8
FFF8
ENDCHAR
STARTCHAR uniFFD3
ENCODING 65491
SWIDTH 938 0
DWIDTH 15 0
BBX 13 8 1 1
BITMAP
FFF8
FFF8
0600
0600
0600
0600
0600
0600
ENDCHAR
STARTCHAR uniFFD4
ENCODING 65492
SWIDTH 938 0
DWIDTH 15 0
BBX 13 14 1 -1
BITMAP
0038
0038
0038
0038
0038
0078
FFF8
FC38
0C38
0DF8
0C38
0C38
0C38
0038
ENDCHAR
STARTCHAR uniFFD5
ENCODING 65493
SWIDTH 938 0
DWIDTH 15 0
BBX 13 14 1 -1
BITMAP
00D8
00D8
00D8
00D8
00D8
00D8
FED8
F8D8
18D8
1BD8
18D8
18D8
18D8
00D8
ENDCHAR
STARTCHAR uniFFD6
ENCODING 65494
SWIDTH 938 0
DWIDTH 15 0
BBX 13 14 1 -1
BITMAP
0038
0038
0038
0038
0038
0038
FFF8
FFB8
0C38
0C38
0C38
0C38
0C38
0038
ENDCHAR
STARTCHAR uniFFD7
ENCODING 65495
SWIDTH 938 0
DWIDTH 15 0
BBX 13 8 1 1
BITMAP
FFF8
FFF8
18C0
18C0
18C0
18C0
18C0
18C0
ENDCHAR
STARTCHAR uniFFDA
ENCODING 65498
SWIDTH 938 0
DWIDTH 15 0
BBX 13 2 1 5
BITMAP
FFF8
FFF8
ENDCHAR
STARTCHAR uniFFDB
ENCODING 65499
SWIDTH 938 0
DWIDTH 15 0
BBX 12 14 1 -1
BITMAP
0030
0030
0030
0030
0030
0030
0030
0030
FFB0
FFF0
0030
0030
0030
0030
ENDCHAR
STARTCHAR uniFFDC
ENCODING 65500
SWIDTH 938 0
DWIDTH 15 0
BBX 2 14 6 -1
BITMAP
C0
C0
C0
C0
C0
C0
C0
C0
C0
C0
C0
C0
C0
C0
ENDCHAR
STARTCHAR uniFFE0
ENCODING 65504
SWIDTH 1000 0
DWIDTH 16 0
BBX 9 13 3 -1
BITMAP
0400
0400
3F80
7F80
6400
E400
E400
6400
7480
3F80
1F00
0400
0400
ENDCHAR
STARTCHAR uniFFE1
ENCODING 65505
SWIDTH 1000 0
DWIDTH 16 0
BBX 10 12 3 0
BITMAP
1F00
3FC0
3080
7000
3000
7F00
FF00
3800
3000
3000
FFC0
FFC0
ENDCHAR
STARTCHAR uniFFE2
ENCODING 65506
SWIDTH 1000 0
DWIDTH 16 0
BBX 12 6 2 3
BITMAP
FFF0
FFF0
0030
0030
0030
0030
ENDCHAR
STARTCHAR uniFFE3
ENCODING 65507
SWIDTH 1000 0
DWIDTH 16 0
BBX 16 1 0 13
BITMAP
FFFF
ENDCHAR
STARTCHAR uniFFE4
ENCODING 65508
SWIDTH 1000 0
DWIDTH 16 0
BBX 1 14 8 -1
BITMAP
80
80
80
80
80
80
00
00
80
80
80
80
80
80
ENDCHAR
STARTCHAR uniFFE5
ENCODING 65509
SWIDTH 1000 0
DWIDTH 16 0
BBX 10 12 3 0
BITMAP
C0C0
E1C0
6180
3300
3300
1E00
7F80
0C00
7F80
7F80
0C00
0C00
ENDCHAR
STARTCHAR uniFFE6
ENCODING 65510
SWIDTH 1000 0
DWIDTH 16 0
BBX 14 12 1 0
BITMAP
6018
6318
6318
6398
2790
7FFC
B4B0
34B0
14F0
1CE0
1CE0
1860
ENDCHAR
STARTCHAR uniFFE8
ENCODING 65512
SWIDTH 500 0
DWIDTH 8 0
BBX 2 19 3 -5
BITMAP
C0
C0
C0
C0
C0
C0
C0
C0
C0
C0
C0
C0
C0
C0
C0
C0
C0
C0
C0
ENDCHAR
STARTCHAR uniFFE9
ENCODING 65513
SWIDTH 500 0
DWIDTH 8 0
BBX 8 8 0 2
BITMAP
10
38
30
FF
7F
30
18
10
ENDCHAR
STARTCHAR uniFFEA
ENCODING 65514
SWIDTH 500 0
DWIDTH 8 0
BBX 6 15 1 -1
BITMAP
20
30
30
78
FC
B4
30
30
30
30
30
30
30
30
30
ENDCHAR
STARTCHAR uniFFEB
ENCODING 65515
SWIDTH 500 0
DWIDTH 8 0
BBX 8 8 0 2
BITMAP
08
1C
0C
FF
FE
0C
1C
08
ENDCHAR
STARTCHAR uniFFEC
ENCODING 65516
SWIDTH 500 0
DWIDTH 8 0
BBX 6 15 1 -1
BITMAP
30
30
30
30
30
30
30
30
30
30
B4
FC
78
30
20
ENDCHAR
STARTCHAR uniFFED
ENCODING 65517
SWIDTH 500 0
DWIDTH 8 0
BBX 6 6 1 3
BITMAP
FC
FC
FC
FC
FC
FC
ENDCHAR
STARTCHAR uniFFEE
ENCODING 65518
SWIDTH 500 0
DWIDTH 8 0
BBX 6 6 1 3
BITMAP
78
84
84
84
84
78
ENDCHAR
STARTCHAR uni1F100
ENCODING 127232
SWIDTH 1000 0
DWIDTH 16 0
BBX 14 12 1 0
BITMAP
1C00
3E00
6700
6300
E300
E380
E380
E380
E300
6318
7F1C
3E18
ENDCHAR
STARTCHAR uni1F101
ENCODING 127233
SWIDTH 1000 0
DWIDTH 16 0
BBX 14 15 1 -3
BITMAP
1C00
3E00
6700
6300
E300
E380
E380
E380
E300
6318
7F1C
3E1C
000C
0008
0038
ENDCHAR
STARTCHAR uni1F102
ENCODING 127234
SWIDTH 1000 0
DWIDTH 16 0
BBX 12 15 2 -3
BITMAP
1800
F800
F800
3800
3800
3800
3800
3800
3800
3860
FE70
FE70
0030
0020
00E0
ENDCHAR
STARTCHAR uni1F103
ENCODING 127235
SWIDTH 1000 0
DWIDTH 16 0
BBX 12 15 2 -3
BITMAP
3800
FC00
CE00
0600
0600
0E00
0C00
1800
3800
7030
FE70
FE30
0010
0030
0060
ENDCHAR
STARTCHAR uni1F104
ENCODING 127236
SWIDTH 1000 0
DWIDTH 16 0
BBX 12 15 2 -3
BITMAP
3800
FE00
4600
0600
0600
3C00
3C00
0600
0700
8730
FE70
7C30
0010
0030
0060
ENDCHAR
STARTCHAR uni1F105
ENCODING 127237
SWIDTH 1000 0
DWIDTH 16 0
BBX 14 15 1 -3
BITMAP
0700
0F00
0B00
1B00
3700
3700
6700
FF80
FF80
0718
071C
071C
000C
0018
0030
ENDCHAR
STARTCHAR uni1F106
ENCODING 127238
SWIDTH 1000 0
DWIDTH 16 0
BBX 12 15 2 -3
BITMAP
7E00
7E00
6000
6000
6000
7E00
4E00
0700
0700
8730
FE70
7C30
0010
0030
0060
ENDCHAR
STARTCHAR uni1F107
ENCODING 127239
SWIDTH 1000 0
DWIDTH 16 0
BBX 12 15 2 -3
BITMAP
1C00
7E00
E200
C000
C000
FC00
FE00
C600
C700
C630
7E70
3C30
0010
0030
0060
ENDCHAR
STARTCHAR uni1F108
ENCODING 127240
SWIDTH 1000 0
DWIDTH 16 0
BBX 11 15 3 -3
BITMAP
FE00
FE00
0600
0C00
1800
1800
3800
3000
3000
30C0
30E0
30E0
0060
00C0
0180
ENDCHAR
STARTCHAR uni1F109
ENCODING 127241
SWIDTH 1000 0
DWIDTH 16 0
BBX 13 15 2 -3
BITMAP
3800
7E00
C600
C600
E600
7C00
7C00
CE00
C700
C730
EE78
7C38
0018
0030
0060
ENDCHAR
STARTCHAR uni1F10A
ENCODING 127242
SWIDTH 1000 0
DWIDTH 16 0
BBX 13 15 2 -3
BITMAP
3800
7C00
C600
C700
C300
C700
7B00
3300
0600
4630
FE38
7C38
0018
0030
0060
ENDCHAR
STARTCHAR uni1F10B
ENCODING 127243
SWIDTH 1000 0
DWIDTH 16 0
BBX 16 15 0 -1
BITMAP
03C0
0C30
1008
2184
43C2
4662
8661
8661
8661
8661
47E2
43C2
2004
1008
0FF0
ENDCHAR
STARTCHAR uni1F10C
ENCODING 127244
SWIDTH 1000 0
DWIDTH 16 0
BBX 16 15 0 -1
BITMAP
0180
0FF0
1FF8
3E7C
7C3E
799E
799E
F99F
F99F
799E
791E
7C3E
3FFC
1FF8
0FF0
ENDCHAR
STARTCHAR uni1F110
ENCODING 127248
SWIDTH 1000 0
DWIDTH 16 0
BBX 16 15 0 -1
BITMAP
2004
2004
6186
43C2
43C2
43C2
4262
C663
C663
47E2
47F2
4C32
4C32
6C36
2004
ENDCHAR
STARTCHAR uni1F111
ENCODING 127249
SWIDTH 1000 0
DWIDTH 16 0
BBX 16 15 0 -1
BITMAP
2004
2004
67E6
47E2
4672
4672
4662
C7C3
C6F3
4632
4632
4672
47E2
67C6
2004
ENDCHAR
STARTCHAR uni1F112
ENCODING 127250
SWIDTH 1000 0
DWIDTH 16 0
BBX 16 15 0 -1
BITMAP
2004
2004
63E6
47F2
4622
4E02
4E02
CC03
CC03
4E02
4602
4732
43F2
61E6
2004
ENDCHAR
STARTCHAR uni1F113
ENCODING 127251
SWIDTH 1000 0
DWIDTH 16 0
BBX 16 15 0 -1
BITMAP
2004
2004
6F86
4FE2
4E62
4E32
4E32
CE33
CE33
4E32
4E72
4EE2
4FC2
6F86
2004
ENDCHAR
STARTCHAR uni1F114
ENCODING 127252
SWIDTH 1000 0
DWIDTH 16 0
BBX 16 15 0 -1
BITMAP
2004
2004
67E6
47E2
4602
4602
4602
C7E3
C7E3
4602
4602
4602
47E2
67E6
2004
ENDCHAR
STARTCHAR uni1F115
ENCODING 127253
SWIDTH 1000 0
DWIDTH 16 0
BBX 16 15 0 -1
BITMAP
2004
2004
67E6
47E2
4602
4602
4602
C7E3
C7E3
4602
4602
4602
4602
6606
2004
ENDCHAR
STARTCHAR uni1F116
ENCODING 127254
SWIDTH 1000 0
DWIDTH 16 0
BBX 16 15 0 -1
BITMAP
2004
2004
63E6
47F2
4E22
4C02
4C02
CCF3
CCF3
4C32
4E32
4632
47F2
61E6
2004
ENDCHAR
STARTCHAR uni1F117
ENCODING 127255
SWIDTH 1000 0
DWIDTH 16 0
BBX 16 15 0 -1
BITMAP
2004
2004
6C36
4C32
4C32
4C32
4C32
CFF3
CFF3
4C32
4C32
4C32
4C32
6C36
2004
ENDCHAR
STARTCHAR uni1F118
ENCODING 127256
SWIDTH 1000 0
DWIDTH 16 0
BBX 16 15 0 -1
BITMAP
2004
2004
6186
4182
4182
4182
4182
C183
C183
4182
4182
4182
4182
6186
2004
ENDCHAR
STARTCHAR uni1F119
ENCODING 127257
SWIDTH 1000 0
DWIDTH 16 0
BBX 16 15 0 -1
BITMAP
2004
2004
6066
4062
4062
4062
4062
C063
C063
4062
4062
4CE2
47C2
6386
2004
ENDCHAR
STARTCHAR uni1F11A
ENCODING 127258
SWIDTH 1000 0
DWIDTH 16 0
BBX 16 15 0 -1
BITMAP
2004
2004
6C76
4CE2
4CC2
4D82
4D82
CF83
CEC3
4EC2
4CE2
4C62
4C72
6C36
2004
ENDCHAR
STARTCHAR uni1F11B
ENCODING 127259
SWIDTH 1000 0
DWIDTH 16 0
BBX 16 15 0 -1
BITMAP
2004
2004
6606
4602
4602
4602
4602
C603
C603
4602
4602
4602
47E2
67E6
2004
ENDCHAR
STARTCHAR uni1F11C
ENCODING 127260
SWIDTH 1000 0
DWIDTH 16 0
BBX 16 15 0 -1
BITMAP
2004
2004
6C36
4E72
4E72
4A72
4E72
CE73
CFF3
4DB2
4DB2
4DB2
4DB2
6C36
2004
ENDCHAR
STARTCHAR uni1F11D
ENCODING 127261
SWIDTH 1000 0
DWIDTH 16 0
BBX 16 15 0 -1
BITMAP
2004
2004
6E36
4E32
4E32
4F32
4D32
CDB3
CDB3
4CF2
4CF2
4C72
4C72
6C36
2004
ENDCHAR
STARTCHAR uni1F11E
ENCODING 127262
SWIDTH 1000 0
DWIDTH 16 0
BBX 16 15 0 -1
BITMAP
2004
2004
63E6
47E2
4E72
4C32
4C32
DC3B
DC3B
4C32
4C32
4E72
47E2
63C6
2004
ENDCHAR
STARTCHAR uni1F11F
ENCODING 127263
SWIDTH 1000 0
DWIDTH 16 0
BBX 16 15 0 -1
BITMAP
2004
2004
67E6
47F2
4632
4632
4632
C673
C7E3
4782
4602
4602
4602
6606
2004
ENDCHAR
STARTCHAR uni1F120
ENCODING 127264
SWIDTH 1000 0
DWIDTH 16 0
BBX 16 17 0 -3
BITMAP
2004
2004
63E6
47E2
4E72
4C32
4C32
DC3B
DC3B
4C32
4C32
4E72
47E2
63C6
21C4
00F0
0070
ENDCHAR
STARTCHAR uni1F121
ENCODING 127265
SWIDTH 1000 0
DWIDTH 16 0
BBX 16 15 0 -1
BITMAP
2004
2004
6FC6
4FE2
4C72
4C32
4C72
CFE3
CFC3
4CC2
4CE2
4C62
4C72
6C36
2004
ENDCHAR
STARTCHAR uni1F122
ENCODING 127266
SWIDTH 1000 0
DWIDTH 16 0
BBX 16 15 0 -1
BITMAP
2004
2004
63E6
47E2
4622
4602
4702
C3C3
C1E3
4072
4072
4672
4FE2
63C6
2004
ENDCHAR
STARTCHAR uni1F123
ENCODING 127267
SWIDTH 1000 0
DWIDTH 16 0
BBX 16 15 0 -1
BITMAP
2004
2004
6FF6
4FF2
4182
4182
4182
C183
C183
4182
4182
4182
4182
6186
2004
ENDCHAR
STARTCHAR uni1F124
ENCODING 127268
SWIDTH 1000 0
DWIDTH 16 0
BBX 16 15 0 -1
BITMAP
2004
2004
6C36
4C32
4C32
4C32
4C32
CC33
CC33
4C32
4C32
4E72
47E2
63C6
2004
ENDCHAR
STARTCHAR uni1F125
ENCODING 127269
SWIDTH 1000 0
DWIDTH 16 0
BBX 16 15 0 -1
BITMAP
2004
2004
6C36
4E32
4672
4662
4662
C663
C663
43C2
43C2
43C2
43C2
6186
2004
ENDCHAR
STARTCHAR uni1F126
ENCODING 127270
SWIDTH 1000 0
DWIDTH 16 0
BBX 16 15 0 -1
BITMAP
2004
200C
7996
4992
4992
4D92
4DD2
CFF3
CFF3
4E72
4E72
4E72
4672
6666
2004
ENDCHAR
STARTCHAR uni1F127
ENCODING 127271
SWIDTH 1000 0
DWIDTH 16 0
BBX 16 15 0 -1
BITMAP
2004
2004
6E76
4662
4662
43C2
43C2
C183
C3C3
43C2
46E2
4662
4E72
6C36
2004
ENDCHAR
STARTCHAR uni1F128
ENCODING 127272
SWIDTH 1000 0
DWIDTH 16 0
BBX 16 15 0 -1
BITMAP
2004
2004
6E36
4662
4662
4662
43C2
C3C3
C183
4182
4182
4182
4182
6186
2004
ENDCHAR
STARTCHAR uni1F129
ENCODING 127273
SWIDTH 1000 0
DWIDTH 16 0
BBX 16 15 0 -1
BITMAP
2004
2004
67F6
47F2
4062
40C2
40C2
C183
C383
4302
4702
4602
4FF2
6FF6
2004
ENDCHAR
STARTCHAR uni1F12A
ENCODING 127274
SWIDTH 1000 0
DWIDTH 16 0
BBX 16 16 0 -2
BITMAP
0810
381C
63E6
C7E3
C623
C603
C703
C3C3
C1E3
C073
C073
C673
CFE3
63C6
381C
0810
ENDCHAR
STARTCHAR uni1F12B
ENCODING 127275
SWIDTH 1000 0
DWIDTH 16 0
BBX 16 15 0 -1
BITMAP
03C0
0C30
1008
20C4
43E2
4722
8601
8C01
8C01
8E01
47C2
43C2
2004
1008
0FF0
ENDCHAR
STARTCHAR uni1F12C
ENCODING 127276
SWIDTH 1000 0
DWIDTH 16 0
BBX 16 15 0 -1
BITMAP
03C0
0C30
1008
2004
43E2
4332
8331
8661
87C1
86C1
4642
4662
2004
1008
0FF0
ENDCHAR
STARTCHAR uni1F12D
ENCODING 127277
SWIDTH 1000 0
DWIDTH 16 0
BBX 16 15 0 -1
BITMAP
03C0
0C30
1008
2404
5FFA
5ADE
B0CD
B0CD
B0CD
B0CD
5AFA
5FF2
2004
1008
0FF0
ENDCHAR
STARTCHAR uni1F12E
ENCODING 127278
SWIDTH 1000 0
DWIDTH 16 0
BBX 16 15 0 -1
BITMAP
03C0
0C30
1008
2004
5682
5682
96B9
9699
9691
9EA1
4B22
497A
2004
1008
0FF0
ENDCHAR
STARTCHAR uni1F12F
ENCODING 127279
SWIDTH 875 0
DWIDTH 14 0
BBX 12 12 1 0
BITMAP
0F00
30C0
4060
DF20
89B0
8190
8190
81B0
9F20
4E60
20C0
1F80
ENDCHAR
STARTCHAR uni1F130
ENCODING 127280
SWIDTH 1000 0
DWIDTH 16 0
BBX 14 14 1 -1
BITMAP
FFFC
8004
8004
8784
8784
8784
8CC4
8CC4
8FC4
9CE4
9864
8004
8004
FFFC
ENDCHAR
STARTCHAR uni1F131
ENCODING 127281
SWIDTH 1000 0
DWIDTH 16 0
BBX 14 14 1 -1
BITMAP
FFFC
8004
8004
8FC4
8CC4
8CC4
8F84
8CC4
8C64
8CE4
8FC4
8004
8004
FFFC
ENDCHAR
STARTCHAR uni1F132
ENCODING 127282
SWIDTH 1000 0
DWIDTH 16 0
BBX 14 14 1 -1
BITMAP
FFFC
8004
8104
87C4
8E44
8C04
9C04
8C04
8C04
8EE4
87C4
8004
8004
FFFC
ENDCHAR
STARTCHAR uni1F133
ENCODING 127283
SWIDTH 1000 0
DWIDTH 16 0
BBX 14 14 1 -1
BITMAP
FFFC
8004
8004
8FC4
8CC4
8C64
8C64
8C64
8CE4
8FC4
8F84
8004
8004
FFFC
ENDCHAR
STARTCHAR uni1F134
ENCODING 127284
SWIDTH 1000 0
DWIDTH 16 0
BBX 14 14 1 -1
BITMAP
FFFC
8004
8004
8FC4
8E04
8E04
8FC4
8FC4
8E04
8FC4
8FC4
8004
8004
FFFC
ENDCHAR
STARTCHAR uni1F135
ENCODING 127285
SWIDTH 1000 0
DWIDTH 16 0
BBX 14 14 1 -1
BITMAP
FFFC
8004
8004
8FC4
8E04
8E04
8FC4
8FC4
8E04
8E04
8E04
8004
8004
FFFC
ENDCHAR
STARTCHAR uni1F136
ENCODING 127286
SWIDTH 1000 0
DWIDTH 16 0
BBX 14 14 1 -1
BITMAP
FFFC
8004
8104
8FC4
8C44
9804
99C4
99C4
9C44
8EC4
87C4
8004
8004
FFFC
ENDCHAR
STARTCHAR uni1F137
ENCODING 127287
SWIDTH 1000 0
DWIDTH 16 0
BBX 14 14 1 -1
BITMAP
FFFC
8004
8004
9864
9864
9864
9FE4
9FE4
9864
9864
9864
8004
8004
FFFC
ENDCHAR
STARTCHAR uni1F138
ENCODING 127288
SWIDTH 1000 0
DWIDTH 16 0
BBX 14 14 1 -1
BITMAP
FFFC
8004
8004
8304
8304
8304
8304
8304
8304
8304
8304
8004
8004
FFFC
ENDCHAR
STARTCHAR uni1F139
ENCODING 127289
SWIDTH 1000 0
DWIDTH 16 0
BBX 14 14 1 -1
BITMAP
FFFC
8004
8004
8184
8184
8184
8184
8184
8184
8F84
8F84
8004
8004
FFFC
ENDCHAR
STARTCHAR uni1F13A
ENCODING 127290
SWIDTH 1000 0
DWIDTH 16 0
BBX 14 14 1 -1
BITMAP
FFFC
8004
8024
8CC4
8D84
8F04
8F04
8F84
8DC4
8CC4
8C64
8004
8004
FFFC
ENDCHAR
STARTCHAR uni1F13B
ENCODING 127291
SWIDTH 1000 0
DWIDTH 16 0
BBX 14 14 1 -1
BITMAP
FFFC
8004
8004
8604
8604
8604
8604
8604
8604
87C4
87C4
8004
8004
FFFC
ENDCHAR
STARTCHAR uni1F13C
ENCODING 127292
SWIDTH 1000 0
DWIDTH 16 0
BBX 14 14 1 -1
BITMAP
FFFC
8004
8004
9864
9CE4
9CE4
9EE4
9F64
9B64
9B64
9864
8004
8004
FFFC
ENDCHAR
STARTCHAR uni1F13D
ENCODING 127293
SWIDTH 1000 0
DWIDTH 16 0
BBX 14 14 1 -1
BITMAP
FFFC
8004
8004
9C64
9E64
9E64
9B64
9B64
99E4
98E4
98E4
8004
8004
FFFC
ENDCHAR
STARTCHAR uni1F13E
ENCODING 127294
SWIDTH 1000 0
DWIDTH 16 0
BBX 14 14 1 -1
BITMAP
FFFC
8004
8304
8FC4
9CE4
9864
9864
9864
9864
8FC4
8784
8004
8004
FFFC
ENDCHAR
STARTCHAR uni1F13F
ENCODING 127295
SWIDTH 1000 0
DWIDTH 16 0
BBX 14 14 1 -1
BITMAP
FFFC
8004
8004
8FC4
8CE4
8C64
8CE4
8FC4
8C04
8C04
8C04
8004
8004
FFFC
ENDCHAR
STARTCHAR uni1F140
ENCODING 127296
SWIDTH 1000 0
DWIDTH 16 0
BBX 14 14 1 -1
BITMAP
FFFC
8004
8304
8FC4
9CE4
9864
9864
9864
9CE4
8FC4
8304
81E4
80E4
FFFC
ENDCHAR
STARTCHAR uni1F141
ENCODING 127297
SWIDTH 1000 0
DWIDTH 16 0
BBX 14 14 1 -1
BITMAP
FFFC
8004
8004
8FC4
8CC4
8CC4
8CC4
8F84
8D84
8CC4
8CE4
8004
8004
FFFC
ENDCHAR
STARTCHAR uni1F142
ENCODING 127298
SWIDTH 1000 0
DWIDTH 16 0
BBX 14 14 1 -1
BITMAP
FFFC
8004
8304
87C4
8C44
8E04
8784
81C4
80C4
8CC4
8F84
8004
8004
FFFC
ENDCHAR
STARTCHAR uni1F143
ENCODING 127299
SWIDTH 1000 0
DWIDTH 16 0
BBX 14 14 1 -1
BITMAP
FFFC
8004
8004
8FC4
8304
8304
8304
8304
8304
8304
8304
8004
8004
FFFC
ENDCHAR
STARTCHAR uni1F144
ENCODING 127300
SWIDTH 1000 0
DWIDTH 16 0
BBX 14 14 1 -1
BITMAP
FFFC
8004
8004
9864
9864
9864
9864
9864
8CC4
8FC4
8784
8004
8004
FFFC
ENDCHAR
STARTCHAR uni1F145
ENCODING 127301
SWIDTH 1000 0
DWIDTH 16 0
BBX 14 14 1 -1
BITMAP
FFFC
8004
8004
9864
8CC4
8CC4
8CC4
8684
8784
8784
8304
8004
8004
FFFC
ENDCHAR
STARTCHAR uni1F146
ENCODING 127302
SWIDTH 1000 0
DWIDTH 16 0
BBX 14 14 1 -1
BITMAP
FFFC
8004
8004
B334
B334
B3B4
B7B4
97A4
9CA4
9CE4
9CE4
8004
8004
FFFC
ENDCHAR
STARTCHAR uni1F147
ENCODING 127303
SWIDTH 1000 0
DWIDTH 16 0
BBX 14 14 1 -1
BITMAP
FFFC
8004
9024
8CC4
8EC4
8784
8304
8784
8784
8CC4
9CE4
8004
8004
FFFC
ENDCHAR
STARTCHAR uni1F148
ENCODING 127304
SWIDTH 1000 0
DWIDTH 16 0
BBX 14 14 1 -1
BITMAP
FFFC
8004
9024
8CC4
8CC4
8784
8784
8304
8304
8304
8304
8004
8004
FFFC
ENDCHAR
STARTCHAR uni1F149
ENCODING 127305
SWIDTH 1000 0
DWIDTH 16 0
BBX 14 14 1 -1
BITMAP
FFFC
8004
8004
8FC4
80C4
8184
8304
8704
8604
8FC4
8FC4
8004
8004
FFFC
ENDCHAR
STARTCHAR uni1F14A
ENCODING 127306
SWIDTH 1000 0
DWIDTH 16 0
BBX 14 14 1 -1
BITMAP
FFFC
8004
8004
E79C
E69C
E6DC
FED4
FEF4
E6F4
E674
E664
8004
8004
FFFC
ENDCHAR
STARTCHAR uni1F14B
ENCODING 127307
SWIDTH 1000 0
DWIDTH 16 0
BBX 14 14 1 -1
BITMAP
FFFC
8004
8004
E2DC
E6DC
F6DC
F654
FA54
EA54
EA74
E264
8004
8004
FFFC
ENDCHAR
STARTCHAR uni1F14C
ENCODING 127308
SWIDTH 1000 0
DWIDTH 16 0
BBX 14 14 1 -1
BITMAP
FFFC
8004
9804
BFF4
E5B4
F19C
B99C
9D9C
879C
EDF4
BDE4
8004
8004
FFFC
ENDCHAR
STARTCHAR uni1F14D
ENCODING 127309
SWIDTH 1000 0
DWIDTH 16 0
BBX 14 14 1 -1
BITMAP
FFFC
8004
8824
BEFC
B494
B0C4
BCF4
8E3C
861C
E7BC
BCF4
8004
8004
FFFC
ENDCHAR
STARTCHAR uni1F14E
ENCODING 127310
SWIDTH 1000 0
DWIDTH 16 0
BBX 14 14 1 -1
BITMAP
FFFC
8004
8004
F7EC
EEEC
EEAC
FEBC
F734
E634
E634
E634
8004
8004
FFFC
ENDCHAR
STARTCHAR uni1F14F
ENCODING 127311
SWIDTH 1000 0
DWIDTH 16 0
BBX 14 14 1 -1
BITMAP
FFFC
8004
8014
CD3C
ED6C
ED44
F544
F544
F564
B76C
B73C
8004
8004
FFFC
ENDCHAR
STARTCHAR uni1F150
ENCODING 127312
SWIDTH 1000 0
DWIDTH 16 0
BBX 16 15 0 -1
BITMAP
0180
0FF0
1FF8
3FFC
7C3E
7D3E
7D3E
F99F
F99F
781E
718E
73CE
3FFC
1FF8
0FF0
ENDCHAR
STARTCHAR uni1F151
ENCODING 127313
SWIDTH 1000 0
DWIDTH 16 0
BBX 16 15 0 -1
BITMAP
0180
0FF0
1FF8
3FFC
781E
799E
799E
F83F
F99F
79CE
798E
781E
3FFC
1FF8
0FF0
ENDCHAR
STARTCHAR uni1F152
ENCODING 127314
SWIDTH 1000 0
DWIDTH 16 0
BBX 16 15 0 -1
BITMAP
0180
0FF0
1FF8
3F7C
7C1E
79FE
71FE
F3FF
F3FF
71FE
789E
7C1E
3FFC
1FF8
0FF0
ENDCHAR
STARTCHAR uni1F153
ENCODING 127315
SWIDTH 1000 0
DWIDTH 16 0
BBX 16 15 0 -1
BITMAP
0180
0FF0
1FF8
3FFC
781E
799E
79CE
F9CF
F9CF
798E
781E
783E
3FFC
1FF8
0FF0
ENDCHAR
STARTCHAR uni1F154
ENCODING 127316
SWIDTH 1000 0
DWIDTH 16 0
BBX 16 15 0 -1
BITMAP
0180
0FF0
1FF8
3FFC
781E
79FE
79FE
F83F
F9FF
79FE
781E
781E
3FFC
1FF8
0FF0
ENDCHAR
STARTCHAR uni1F155
ENCODING 127317
SWIDTH 1000 0
DWIDTH 16 0
BBX 16 15 0 -1
BITMAP
0180
0FF0
1FF8
3FFC
781E
79FE
79FE
F83F
F83F
79FE
79FE
79FE
3FFC
1FF8
0FF0
ENDCHAR
STARTCHAR uni1F156
ENCODING 127318
SWIDTH 1000 0
DWIDTH 16 0
BBX 16 15 0 -1
BITMAP
0180
0FF0
1FF8
3F7C
781E
79FE
73FE
F31F
F31F
71DE
789E
7C1E
3FFC
1FF8
0FF0
ENDCHAR
STARTCHAR uni1F157
ENCODING 127319
SWIDTH 1000 0
DWIDTH 16 0
BBX 16 15 0 -1
BITMAP
0180
0FF0
1FF8
3FFC
73CE
73CE
73CE
F00F
F00F
73CE
73CE
73CE
3FFC
1FF8
0FF0
ENDCHAR
STARTCHAR uni1F158
ENCODING 127320
SWIDTH 1000 0
DWIDTH 16 0
BBX 16 15 0 -1
BITMAP
0180
0FF0
1FF8
3FFC
7E7E
7E7E
7E7E
FE7F
FE7F
7E7E
7E7E
7E7E
3FFC
1FF8
0FF0
ENDCHAR
STARTCHAR uni1F159
ENCODING 127321
SWIDTH 1000 0
DWIDTH 16 0
BBX 16 15 0 -1
BITMAP
0180
0FF0
1FF8
3FFC
7F3E
7F3E
7F3E
FF3F
FF3F
7F3E
793E
783E
3FFC
1FF8
0FF0
ENDCHAR
STARTCHAR uni1F15A
ENCODING 127322
SWIDTH 1000 0
DWIDTH 16 0
BBX 16 15 0 -1
BITMAP
0180
0FF0
1FF8
3FFC
799E
793E
7A7E
F87F
F93F
791E
799E
79CE
3FFC
1FF8
0FF0
ENDCHAR
STARTCHAR uni1F15B
ENCODING 127323
SWIDTH 1000 0
DWIDTH 16 0
BBX 16 15 0 -1
BITMAP
0180
0FF0
1FF8
3FFC
7CFE
7CFE
7CFE
FCFF
FCFF
7CFE
7C1E
7C1E
3FFC
1FF8
0FF0
ENDCHAR
STARTCHAR uni1F15C
ENCODING 127324
SWIDTH 1000 0
DWIDTH 16 0
BBX 16 15 0 -1
BITMAP
0180
0FF0
1FF8
3FFC
73CE
718E
75AE
F4AF
F2CF
724E
724E
73CE
3FFC
1FF8
0FF0
ENDCHAR
STARTCHAR uni1F15D
ENCODING 127325
SWIDTH 1000 0
DWIDTH 16 0
BBX 16 15 0 -1
BITMAP
0180
0FF0
1FF8
3FFC
71CE
70CE
72CE
F24F
F24F
734E
738E
738E
3FFC
1FF8
0FF0
ENDCHAR
STARTCHAR uni1F15E
ENCODING 127326
SWIDTH 1000 0
DWIDTH 16 0
BBX 16 15 0 -1
BITMAP
0180
0FF0
1FF8
3E7C
781E
718E
73CE
F3CF
F3CF
73CE
791E
7C3E
3FFC
1FF8
0FF0
ENDCHAR
STARTCHAR uni1F15F
ENCODING 127327
SWIDTH 1000 0
DWIDTH 16 0
BBX 16 15 0 -1
BITMAP
0180
0FF0
1FF8
3FFC
781E
798E
79CE
F99F
F81F
79FE
79FE
79FE
3FFC
1FF8
0FF0
ENDCHAR
STARTCHAR uni1F160
ENCODING 127328
SWIDTH 1000 0
DWIDTH 16 0
BBX 16 15 0 -1
BITMAP
0180
0FF0
1FF8
3E7C
781E
718E
73CE
F3CF
F3CF
718E
781E
7E7E
3F0C
1F88
0FF0
ENDCHAR
STARTCHAR uni1F161
ENCODING 127329
SWIDTH 1000 0
DWIDTH 16 0
BBX 16 15 0 -1
BITMAP
0180
0FF0
1FF8
3FFC
781E
799E
79CE
F99F
F83F
793E
799E
798E
3FFC
1FF8
0FF0
ENDCHAR
STARTCHAR uni1F162
ENCODING 127330
SWIDTH 1000 0
DWIDTH 16 0
BBX 16 15 0 -1
BITMAP
0180
0FF0
1FF8
3E7C
7C1E
79FE
78FE
FC3F
FF1F
7F9E
799E
783E
3FFC
1FF8
0FF0
ENDCHAR
STARTCHAR uni1F163
ENCODING 127331
SWIDTH 1000 0
DWIDTH 16 0
BBX 16 15 0 -1
BITMAP
0180
0FF0
1FF8
3FFC
781E
7E7E
7E7E
FE7F
FE7F
7E7E
7E7E
7E7E
3FFC
1FF8
0FF0
ENDCHAR
STARTCHAR uni1F164
ENCODING 127332
SWIDTH 1000 0
DWIDTH 16 0
BBX 16 15 0 -1
BITMAP
0180
0FF0
1FF8
3FFC
73CE
73CE
73CE
F3CF
F3CF
799E
789E
7C3E
3FFC
1FF8
0FF0
ENDCHAR
STARTCHAR uni1F165
ENCODING 127333
SWIDTH 1000 0
DWIDTH 16 0
BBX 16 15 0 -1
BITMAP
0180
0FF0
1FF8
3FFC
73CE
799E
799E
F99F
FCBF
7CBE
7C3E
7E7E
3FFC
1FF8
0FF0
ENDCHAR
STARTCHAR uni1F166
ENCODING 127334
SWIDTH 1000 0
DWIDTH 16 0
BBX 16 15 0 -1
BITMAP
0180
0FF0
1FF8
3FFC
6666
6666
6726
E527
F4AF
75AE
718E
718E
3FFC
1FF8
0FF0
ENDCHAR
STARTCHAR uni1F167
ENCODING 127335
SWIDTH 1000 0
DWIDTH 16 0
BBX 16 15 0 -1
BITMAP
0180
0FF0
1FF8
3FFC
799E
789E
7CBE
FE7F
FC3F
7D3E
799E
799E
3FFC
1FF8
0FF0
ENDCHAR
STARTCHAR uni1F168
ENCODING 127336
SWIDTH 1000 0
DWIDTH 16 0
BBX 16 15 0 -1
BITMAP
0180
0FF0
1FF8
3FFC
799E
799E
7D3E
FC3F
FE7F
7E7E
7E7E
7E7E
3FFC
1FF8
0FF0
ENDCHAR
STARTCHAR uni1F169
ENCODING 127337
SWIDTH 1000 0
DWIDTH 16 0
BBX 16 15 0 -1
BITMAP
0180
0FF0
1FF8
3FFC
781E
7F9E
7F3E
FE7F
FC7F
7CFE
791E
781E
3FFC
1FF8
0FF0
ENDCHAR
STARTCHAR uni1F16A
ENCODING 127338
SWIDTH 750 0
DWIDTH 12 0
BBX 12 6 0 6
BITMAP
ECF0
EC80
ED80
D480
D4F0
0060
ENDCHAR
STARTCHAR uni1F16B
ENCODING 127339
SWIDTH 813 0
DWIDTH 13 0
BBX 13 5 0 7
BITMAP
ECF0
EC98
EC98
D498
D4F0
ENDCHAR
STARTCHAR uni1F16C
ENCODING 127340
SWIDTH 813 0
DWIDTH 13 0
BBX 13 5 0 7
BITMAP
ECF0
EC90
ECF0
D4F0
D4B8
ENDCHAR
STARTCHAR uni1F170
ENCODING 127344
SWIDTH 1000 0
DWIDTH 16 0
BBX 14 14 1 -1
BITMAP
7FF8
FFFC
FFFC
F87C
FA7C
FA7C
F33C
F33C
F03C
E31C
E79C
FFFC
FFFC
7FF8
ENDCHAR
STARTCHAR uni1F171
ENCODING 127345
SWIDTH 1000 0
DWIDTH 16 0
BBX 14 14 1 -1
BITMAP
7FF8
FFFC
FFFC
F03C
F33C
F33C
F07C
F33C
F39C
F31C
F03C
FFFC
FFFC
7FF8
ENDCHAR
STARTCHAR uni1F172
ENCODING 127346
SWIDTH 1000 0
DWIDTH 16 0
BBX 14 14 1 -1
BITMAP
7FF8
FFFC
FEFC
F83C
F1BC
F3FC
F3FC
F3FC
F3FC
F13C
F83C
FFFC
FFFC
7FF8
ENDCHAR
STARTCHAR uni1F173
ENCODING 127347
SWIDTH 1000 0
DWIDTH 16 0
BBX 14 14 1 -1
BITMAP
7FF8
FFFC
FFFC
F03C
F33C
F39C
F39C
F39C
F31C
F03C
F07C
FFFC
FFFC
7FF8
ENDCHAR
STARTCHAR uni1F174
ENCODING 127348
SWIDTH 1000 0
DWIDTH 16 0
BBX 14 14 1 -1
BITMAP
7FF8
FFFC
FFFC
F03C
F1FC
F1FC
F03C
F1FC
F1FC
F03C
F03C
FFFC
FFFC
7FF8
ENDCHAR
STARTCHAR uni1F175
ENCODING 127349
SWIDTH 1000 0
DWIDTH 16 0
BBX 14 14 1 -1
BITMAP
7FF8
FFFC
FFFC
F03C
F1FC
F1FC
F03C
F03C
F1FC
F1FC
F1FC
FFFC
FFFC
7FF8
ENDCHAR
STARTCHAR uni1F176
ENCODING 127350
SWIDTH 1000 0
DWIDTH 16 0
BBX 14 14 1 -1
BITMAP
7FF8
FFFC
FEFC
F03C
F3FC
E7FC
E63C
E63C
E3BC
F13C
F83C
FFFC
FFFC
7FF8
ENDCHAR
STARTCHAR uni1F177
ENCODING 127351
SWIDTH 1000 0
DWIDTH 16 0
BBX 14 14 1 -1
BITMAP
7FF8
FFFC
FFFC
E79C
E79C
E79C
E01C
E01C
E79C
E79C
E79C
FFFC
FFFC
7FF8
ENDCHAR
STARTCHAR uni1F178
ENCODING 127352
SWIDTH 1000 0
DWIDTH 16 0
BBX 14 14 1 -1
BITMAP
7FF8
FFFC
FFFC
FCFC
FCFC
FCFC
FCFC
FCFC
FCFC
FCFC
FCFC
FFFC
FFFC
7FF8
ENDCHAR
STARTCHAR uni1F179
ENCODING 127353
SWIDTH 1000 0
DWIDTH 16 0
BBX 14 14 1 -1
BITMAP
7FF8
FFFC
FFFC
FE7C
FE7C
FE7C
FE7C
FE7C
FE7C
F27C
F07C
FFFC
FFFC
7FF8
ENDCHAR
STARTCHAR uni1F17A
ENCODING 127354
SWIDTH 1000 0
DWIDTH 16 0
BBX 14 14 1 -1
BITMAP
7FF8
FFFC
FFFC
F33C
F27C
F4FC
F0FC
F27C
F23C
F33C
F39C
FFFC
FFFC
7FF8
ENDCHAR
STARTCHAR uni1F17B
ENCODING 127355
SWIDTH 1000 0
DWIDTH 16 0
BBX 14 14 1 -1
BITMAP
7FF8
FFFC
FFFC
F9FC
F9FC
F9FC
F9FC
F9FC
F9FC
F83C
F83C
FFFC
FFFC
7FF8
ENDCHAR
STARTCHAR uni1F17C
ENCODING 127356
SWIDTH 1000 0
DWIDTH 16 0
BBX 14 14 1 -1
BITMAP
7FF8
FFFC
FFFC
E79C
E31C
EB5C
E95C
E59C
E49C
E49C
E79C
FFFC
FFFC
7FF8
ENDCHAR
STARTCHAR uni1F17D
ENCODING 127357
SWIDTH 1000 0
DWIDTH 16 0
BBX 14 14 1 -1
BITMAP
7FF8
FFFC
FFFC
E39C
E19C
E59C
E49C
E49C
E69C
E71C
E71C
FFFC
FFFC
7FF8
ENDCHAR
STARTCHAR uni1F17E
ENCODING 127358
SWIDTH 1000 0
DWIDTH 16 0
BBX 14 14 1 -1
BITMAP
7FF8
FFFC
FCFC
F03C
E31C
E79C
E79C
E79C
E79C
F23C
F87C
FFFC
FFFC
7FF8
ENDCHAR
STARTCHAR uni1F17F
ENCODING 127359
SWIDTH 1000 0
DWIDTH 16 0
BBX 14 14 1 -1
BITMAP
7FF8
FFFC
FFFC
F03C
F31C
F39C
F31C
F03C
F3FC
F3FC
F3FC
FFFC
FFFC
7FF8
ENDCHAR
STARTCHAR uni1F180
ENCODING 127360
SWIDTH 1000 0
DWIDTH 16 0
BBX 14 14 1 -1
BITMAP
7FF8
FFFC
FCFC
F03C
E31C
E79C
E79C
E79C
E31C
F03C
FCFC
FE1C
FF1C
7FF8
ENDCHAR
STARTCHAR uni1F181
ENCODING 127361
SWIDTH 1000 0
DWIDTH 16 0
BBX 14 14 1 -1
BITMAP
7FF8
FFFC
FFFC
F03C
F33C
F33C
F33C
F07C
F27C
F33C
F33C
FFFC
FFFC
7FF8
ENDCHAR
STARTCHAR uni1F182
ENCODING 127362
SWIDTH 1000 0
DWIDTH 16 0
BBX 14 14 1 -1
BITMAP
7FF8
FFFC
FCFC
F83C
F3FC
F1FC
F87C
FE3C
FF3C
F33C
F07C
FFFC
FFFC
7FF8
ENDCHAR
STARTCHAR uni1F183
ENCODING 127363
SWIDTH 1000 0
DWIDTH 16 0
BBX 14 14 1 -1
BITMAP
7FF8
FFFC
FFFC
F03C
FCFC
FCFC
FCFC
FCFC
FCFC
FCFC
FCFC
FFFC
FFFC
7FF8
ENDCHAR
STARTCHAR uni1F184
ENCODING 127364
SWIDTH 1000 0
DWIDTH 16 0
BBX 14 14 1 -1
BITMAP
7FF8
FFFC
FFFC
E79C
E79C
E79C
E79C
E79C
F33C
F13C
F87C
FFFC
FFFC
7FF8
ENDCHAR
STARTCHAR uni1F185
ENCODING 127365
SWIDTH 1000 0
DWIDTH 16 0
BBX 14 14 1 -1
BITMAP
7FF8
FFFC
FFFC
E79C
F33C
F33C
F33C
F97C
F97C
F87C
FCFC
FFFC
FFFC
7FF8
ENDCHAR
STARTCHAR uni1F186
ENCODING 127366
SWIDTH 1000 0
DWIDTH 16 0
BBX 14 14 1 -1
BITMAP
7FF8
FFFC
FFFC
CCCC
CCCC
CE4C
CA4C
E95C
EB5C
E31C
E31C
FFFC
FFFC
7FF8
ENDCHAR
STARTCHAR uni1F187
ENCODING 127367
SWIDTH 1000 0
DWIDTH 16 0
BBX 14 14 1 -1
BITMAP
7FF8
FFFC
FFFC
F33C
F13C
F97C
FCFC
F87C
FA7C
F33C
F33C
FFFC
FFFC
7FF8
ENDCHAR
STARTCHAR uni1F188
ENCODING 127368
SWIDTH 1000 0
DWIDTH 16 0
BBX 14 14 1 -1
BITMAP
7FF8
FFFC
FFFC
F33C
F33C
FA7C
F87C
FCFC
FCFC
FCFC
FCFC
FFFC
FFFC
7FF8
ENDCHAR
STARTCHAR uni1F189
ENCODING 127369
SWIDTH 1000 0
DWIDTH 16 0
BBX 14 14 1 -1
BITMAP
7FF8
FFFC
FFFC
F03C
FF3C
FE7C
FCFC
F8FC
F9FC
F23C
F03C
FFFC
FFFC
7FF8
ENDCHAR
STARTCHAR uni1F18A
ENCODING 127370
SWIDTH 1000 0
DWIDTH 16 0
BBX 14 14 1 -1
BITMAP
FFFC
9FE4
DFEC
F03C
F31C
F39C
F31C
F03C
F3FC
F3DC
F3CC
9FE4
BFF4
FFFC
ENDCHAR
STARTCHAR uni1F18B
ENCODING 127371
SWIDTH 1000 0
DWIDTH 16 0
BBX 14 14 1 -1
BITMAP
7FF8
FFFC
FFBC
E60C
E67C
E4FC
E4FC
E4FC
E4FC
E64C
E70C
FFFC
FFFC
7FF8
ENDCHAR
STARTCHAR uni1F18C
ENCODING 127372
SWIDTH 1000 0
DWIDTH 16 0
BBX 14 14 1 -1
BITMAP
7FF8
FFFC
FFFC
C39C
D94C
D94C
D94C
C36C
DE04
DE64
DE64
FFFC
FFFC
7FF8
ENDCHAR
STARTCHAR uni1F18D
ENCODING 127373
SWIDTH 1000 0
DWIDTH 16 0
BBX 14 14 1 -1
BITMAP
7FF8
FFFC
EFFC
839C
9B4C
9F4C
C74C
E36C
F204
9264
8264
FFFC
FFFC
7FF8
ENDCHAR
STARTCHAR uni1F18E
ENCODING 127374
SWIDTH 1000 0
DWIDTH 16 0
BBX 14 14 1 -1
BITMAP
7FF8
FFFC
FFFC
E704
D324
D324
D30C
DB24
8124
9924
990C
FFFC
FFFC
7FF8
ENDCHAR
STARTCHAR uni1F18F
ENCODING 127375
SWIDTH 1000 0
DWIDTH 16 0
BBX 14 14 1 -1
BITMAP
7FF8
FFFC
FFEC
B2C4
929C
9ABC
9ABC
AABC
AA9C
C894
C8C4
FFFC
FFFC
7FF8
ENDCHAR
STARTCHAR uni1F190
ENCODING 127376
SWIDTH 1000 0
DWIDTH 16 0
BBX 14 12 1 0
BITMAP
F80C
FC0C
CE0C
C60C
C60C
C60C
C70C
C60C
C60C
CE8C
FCFC
F8F8
ENDCHAR
STARTCHAR uni1F191
ENCODING 127377
SWIDTH 1000 0
DWIDTH 16 0
BBX 14 14 1 -1
BITMAP
FFFC
8004
8804
9EC4
B2C4
B0C4
E0C4
E0C4
B0C4
BEFC
9EFC
8004
8004
FFFC
ENDCHAR
STARTCHAR uni1F192
ENCODING 127378
SWIDTH 1000 0
DWIDTH 16 0
BBX 14 14 1 -1
BITMAP
FFFC
8004
A444
BED4
CAF4
CAB4
CAB4
CAB4
CAB4
DAD4
B6DC
8004
8004
FFFC
ENDCHAR
STARTCHAR uni1F193
ENCODING 127379
SWIDTH 1000 0
DWIDTH 16 0
BBX 14 14 1 -1
BITMAP
FFFC
8004
8004
EEDC
CA94
CA94
EADC
EE94
CA94
CA94
CADC
8104
8004
FFFC
ENDCHAR
STARTCHAR uni1F194
ENCODING 127380
SWIDTH 1000 0
DWIDTH 16 0
BBX 14 14 1 -1
BITMAP
FFFC
8004
8004
93E4
9374
9334
9334
9334
9334
93E4
93E4
8004
8004
FFFC
ENDCHAR
STARTCHAR uni1F195
ENCODING 127381
SWIDTH 1000 0
DWIDTH 16 0
BBX 14 14 1 -1
BITMAP
FFFC
8004
8004
EBAC
EAAC
EAAC
DBAC
DADC
DADC
DA5C
DB54
8004
8004
FFFC
ENDCHAR
STARTCHAR uni1F196
ENCODING 127382
SWIDTH 1000 0
DWIDTH 16 0
BBX 14 14 1 -1
BITMAP
FFFC
8004
8024
E67C
F6D4
F684
FFBC
EFBC
EE9C
EEDC
E67C
8004
8004
FFFC
ENDCHAR
STARTCHAR uni1F197
ENCODING 127383
SWIDTH 1000 0
DWIDTH 16 0
BBX 14 14 1 -1
BITMAP
FFFC
8004
9004
BCDC
EEF4
E6F4
E6E4
E6F4
E6F4
BCDC
BCDC
8004
8004
FFFC
ENDCHAR
STARTCHAR uni1F198
ENCODING 127384
SWIDTH 1000 0
DWIDTH 16 0
BBX 14 14 1 -1
BITMAP
FFFC
8004
A114
FBBC
D7EC
E6E4
B6B4
B69C
9E8C
DFAC
F37C
8004
8004
FFFC
ENDCHAR
STARTCHAR uni1F199
ENCODING 127385
SWIDTH 1000 0
DWIDTH 16 0
BBX 14 14 1 -1
BITMAP
FFFC
8004
8004
EFDC
EF7C
EF7C
EF7C
EFCC
EF04
EB1C
BB1C
8004
8004
FFFC
ENDCHAR
STARTCHAR uni1F19A
ENCODING 127386
SWIDTH 1000 0
DWIDTH 16 0
BBX 14 14 1 -1
BITMAP
FFFC
8004
8024
E6FC
A6D4
B4C4
B4F4
BC3C
BC1C
9D9C
98F4
8004
8004
FFFC
ENDCHAR
STARTCHAR uni1F19B
ENCODING 127387
SWIDTH 1000 0
DWIDTH 16 0
BBX 14 14 1 -1
BITMAP
FFFC
8004
9004
FDF4
ADB4
8D9C
999C
9D9C
8DBC
ADF4
FDE4
8004
8004
FFFC
ENDCHAR
STARTCHAR uni1F19C
ENCODING 127388
SWIDTH 1000 0
DWIDTH 16 0
BBX 14 14 1 -1
BITMAP
FFFC
8004
9004
AEF4
9ED4
BDF4
8004
9BE4
A254
9A74
BBD4
8004
8004
FFFC
ENDCHAR
STARTCHAR uni1F19D
ENCODING 127389
SWIDTH 1000 0
DWIDTH 16 0
BBX 14 14 1 -1
BITMAP
FFFC
8004
900C
FDB4
ADB4
8DE4
8DE4
99E4
99B4
BDB4
BD9C
8004
8004
FFFC
ENDCHAR
STARTCHAR uni1F19E
ENCODING 127390
SWIDTH 1000 0
DWIDTH 16 0
BBX 14 14 1 -1
BITMAP
FFFC
8004
800C
9DB4
9DB4
BDE4
ADE4
EDE4
FFB4
8DB4
8D9C
8004
8004
FFFC
ENDCHAR
STARTCHAR uni1F19F
ENCODING 127391
SWIDTH 1000 0
DWIDTH 16 0
BBX 14 14 1 -1
BITMAP
FFFC
8004
900C
BDB4
E5B4
A5E4
B9E4
ADE4
E7B4
E5B4
BD9C
8004
8004
FFFC
ENDCHAR
STARTCHAR uni1F1A0
ENCODING 127392
SWIDTH 1000 0
DWIDTH 16 0
BBX 14 14 1 -1
BITMAP
FFFC
8004
8004
BC74
B074
B034
BC34
AC34
8634
ADB4
FDB4
8004
8004
FFFC
ENDCHAR
STARTCHAR uni1F1A1
ENCODING 127393
SWIDTH 1000 0
DWIDTH 16 0
BBX 14 14 1 -1
BITMAP
FFFC
8004
8004
BEF4
84F4
8C34
8834
9834
9834
9BB4
9B34
8004
8004
FFFC
ENDCHAR
STARTCHAR uni1F1A2
ENCODING 127394
SWIDTH 1000 0
DWIDTH 16 0
BBX 14 14 1 -1
BITMAP
FFFC
8004
A414
FE3C
920C
920C
B20C
A214
A414
C4F4
FFFC
8004
8004
FFFC
ENDCHAR
STARTCHAR uni1F1A3
ENCODING 127395
SWIDTH 1000 0
DWIDTH 16 0
BBX 14 14 1 -1
BITMAP
FFFC
8004
9104
BBB4
A2AC
E2AC
FAAC
EAB4
EAA4
AAA4
BB24
8004
8004
FFFC
ENDCHAR
STARTCHAR uni1F1A4
ENCODING 127396
SWIDTH 1000 0
DWIDTH 16 0
BBX 14 14 1 -1
BITMAP
FFFC
8004
8884
FDBC
A56C
A56C
A56C
A57C
A964
A964
BDA4
8004
8004
FFFC
ENDCHAR
STARTCHAR uni1F1A5
ENCODING 127397
SWIDTH 1000 0
DWIDTH 16 0
BBX 14 14 1 -1
BITMAP
FFFC
8004
8004
80C4
80C4
87C4
8CC4
8CC4
8CC4
8CC4
87C4
8004
8004
FFFC
ENDCHAR
STARTCHAR uni1F1A6
ENCODING 127398
SWIDTH 1000 0
DWIDTH 16 0
BBX 14 14 1 -1
BITMAP
FFFC
8004
8024
E67C
E6D4
E6C4
FEC4
FEC4
E6C4
E6FC
E67C
8004
8004
FFFC
ENDCHAR
STARTCHAR uni1F1A7
ENCODING 127399
SWIDTH 1000 0
DWIDTH 16 0
BBX 14 14 1 -1
BITMAP
FFFC
8004
8004
CF3C
CFAC
CEAC
FEAC
CEB4
CEBC
CFBC
CF2C
8004
8004
FFFC
ENDCHAR
STARTCHAR uni1F1A8
ENCODING 127400
SWIDTH 1000 0
DWIDTH 16 0
BBX 14 14 1 -1
BITMAP
FFFC
8004
8004
B784
BD64
B784
8004
BBB4
BE44
BB34
BBF4
8404
8004
FFFC
ENDCHAR
STARTCHAR uni1F1A9
ENCODING 127401
SWIDTH 1000 0
DWIDTH 16 0
BBX 14 14 1 -1
BITMAP
FFFC
8004
8494
CB6C
CA94
FB6C
8494
CDB4
C924
CC94
FDF4
8004
8004
FFFC
ENDCHAR
STARTCHAR uni1F1AA
ENCODING 127402
SWIDTH 1000 0
DWIDTH 16 0
BBX 14 14 1 -1
BITMAP
FFFC
8004
A004
F5EC
C5EC
E5AC
A7AC
B5BC
95B4
D5B4
F5B4
8004
8004
FFFC
ENDCHAR
STARTCHAR uni1F1AB
ENCODING 127403
SWIDTH 1000 0
DWIDTH 16 0
BBX 14 14 1 -1
BITMAP
FFFC
8004
8004
DEB4
DEAC
DEAC
DFAC
DEAC
DEAC
DEBC
F6B4
8004
8004
FFFC
ENDCHAR
STARTCHAR uni1F1AC
ENCODING 127404
SWIDTH 1000 0
DWIDTH 16 0
BBX 14 14 1 -1
BITMAP
FFFC
8004
8204
CF74
DFFC
DDEC
F5EC
B5EC
B5EC
B7FC
B374
8004
8004
FFFC
ENDCHAR
STARTCHAR uni30EDE
ENCODING 200414
SWIDTH 1000 0
DWIDTH 16 0
BBX 16 15 0 -1
BITMAP
00C0
5FFE
CEDC
5BDA
7EF6
1BDE
DDEE
5EF6
5EDE
5FFE
5EEA
6DFE
4E4E
7BF2
9FFF
ENDCHAR
STARTCHAR uni3106C
ENCODING 200812
SWIDTH 1000 0
DWIDTH 16 0
BBX 14 15 1 -1
BITMAP
0FC0
1FE0
1120
0FC0
1460
EFFC
B5D4
BF34
4FC8
FB7C
7FD8
6ED8
79E0
7FF8
7F7C
ENDCHAR
ENDFONT
