STARTFONT 2.1
FONT -unknown-Standard-BoldItalic-R-Normal--24-240-75-75-P-0-ISO10646-1
SIZE 24 75 75
FONTBOUNDINGBOX 24 24 0 0
STARTPROPERTIES 5
FAMILY_NAME "Standard"
WEIGHT_NAME "BoldItalic"
PIXEL_SIZE 24
FONT_ASCENT 19
FONT_DESCENT 5
ENDPROPERTIES
CHARS 2189
STARTCHAR uni0020
ENCODING 32
SWIDTH 208 0
DWIDTH 5 0
BBX 0 0 0 0
BITMAP
ENDCHAR
STARTCHAR exclam
ENCODING 33
SWIDTH 292 0
DWIDTH 7 0
BBX 6 17 0 0
BITMAP
1C
1C
1C
38
38
38
38
38
30
30
70
70
00
00
F0
E0
E0
ENDCHAR
STARTCHAR quotedbl
ENCODING 34
SWIDTH 458 0
DWIDTH 11 0
BBX 9 6 2 11
BITMAP
7380
7380
6300
6300
E700
E700
ENDCHAR
STARTCHAR numbersign
ENCODING 35
SWIDTH 542 0
DWIDTH 13 0
BBX 12 17 1 0
BITMAP
0C60
0C60
0C60
18C0
18C0
7FF0
7FF0
18C0
1880
3180
FFE0
FFE0
3180
3180
6300
6300
6300
ENDCHAR
STARTCHAR dollar
ENCODING 36
SWIDTH 542 0
DWIDTH 13 0
BBX 13 20 0 -2
BITMAP
0080
07E0
1FF0
1D78
3930
3900
3900
3E00
1F00
1FC0
07E0
03F0
0470
0470
E470
F4E0
7FC0
3F00
0800
0800
ENDCHAR
STARTCHAR percent
ENCODING 37
SWIDTH 833 0
DWIDTH 20 0
BBX 19 17 1 0
BITMAP
1E0180
3F0300
738600
738400
E38C00
E39800
E3B780
E76FC0
E77CE0
7EDCE0
3DB8E0
0338E0
0238E0
0639C0
0C39C0
181F80
300F00
ENDCHAR
STARTCHAR ampersand
ENCODING 38
SWIDTH 708 0
DWIDTH 17 0
BBX 14 17 1 0
BITMAP
03E0
07F8
0F38
0E38
0E38
0E70
0FE0
0F80
3F08
7F1C
F318
E3B8
E3F0
E1E0
F3F0
7FFC
3E3C
ENDCHAR
STARTCHAR quotesingle
ENCODING 39
SWIDTH 208 0
DWIDTH 5 0
BBX 4 6 1 11
BITMAP
70
70
60
60
E0
E0
ENDCHAR
STARTCHAR parenleft
ENCODING 40
SWIDTH 333 0
DWIDTH 8 0
BBX 9 22 1 -5
BITMAP
0700
0F00
1E00
1C00
3800
3800
7000
7000
7000
E000
E000
E000
E000
E000
E000
E000
E000
E000
7000
7000
7000
3800
ENDCHAR
STARTCHAR parenright
ENCODING 41
SWIDTH 333 0
DWIDTH 8 0
BBX 9 22 -2 -5
BITMAP
0E00
0700
0700
0700
0380
0380
0380
0380
0380
0380
0380
0380
0780
0700
0700
0700
0E00
0E00
1C00
3C00
7800
F000
ENDCHAR
STARTCHAR asterisk
ENCODING 42
SWIDTH 375 0
DWIDTH 9 0
BBX 9 9 1 8
BITMAP
1C00
1C00
5D00
FF80
7F00
3E00
3600
7700
2200
ENDCHAR
STARTCHAR plus
ENCODING 43
SWIDTH 583 0
DWIDTH 14 0
BBX 12 12 1 2
BITMAP
0600
0600
0600
0600
0600
FFF0
FFF0
0600
0600
0600
0600
0600
ENDCHAR
STARTCHAR comma
ENCODING 44
SWIDTH 292 0
DWIDTH 7 0
BBX 5 7 -1 -4
BITMAP
70
70
70
30
30
60
E0
ENDCHAR
STARTCHAR hyphen
ENCODING 45
SWIDTH 333 0
DWIDTH 8 0
BBX 6 2 1 6
BITMAP
FC
FC
ENDCHAR
STARTCHAR period
ENCODING 46
SWIDTH 292 0
DWIDTH 7 0
BBX 4 3 0 0
BITMAP
F0
E0
E0
ENDCHAR
STARTCHAR slash
ENCODING 47
SWIDTH 292 0
DWIDTH 7 0
BBX 10 17 -1 0
BITMAP
00C0
0180
0180
0300
0300
0600
0600
0E00
0C00
1C00
1800
1800
3000
3000
6000
6000
C000
ENDCHAR
STARTCHAR zero
ENCODING 48
SWIDTH 542 0
DWIDTH 13 0
BBX 12 17 1 0
BITMAP
07C0
1FE0
3CF0
3870
7070
7070
7070
F070
E070
E0E0
E0E0
E0E0
E0C0
E1C0
F380
7F00
3E00
ENDCHAR
STARTCHAR one
ENCODING 49
SWIDTH 542 0
DWIDTH 13 0
BBX 11 17 1 0
BITMAP
03C0
07C0
1FC0
3F80
3380
0380
0380
0380
0380
0700
0700
0700
0700
0700
0E00
FFE0
FFE0
ENDCHAR
STARTCHAR two
ENCODING 50
SWIDTH 542 0
DWIDTH 13 0
BBX 12 17 0 0
BITMAP
0FC0
1FE0
3CF0
3870
0070
0070
00F0
00E0
03C0
0780
0F00
1E00
3C00
7800
7000
FFE0
FFE0
ENDCHAR
STARTCHAR three
ENCODING 51
SWIDTH 542 0
DWIDTH 13 0
BBX 13 17 0 0
BITMAP
07E0
1FF0
3C78
3838
0038
0038
0070
07E0
07C0
00E0
0070
0070
0070
E070
F0E0
7FC0
3F80
ENDCHAR
STARTCHAR four
ENCODING 52
SWIDTH 542 0
DWIDTH 13 0
BBX 12 17 0 0
BITMAP
01F0
01F0
03E0
07E0
06E0
0EE0
1CE0
1CE0
39C0
71C0
71C0
FFF0
FFF0
01C0
0380
0380
0380
ENDCHAR
STARTCHAR five
ENCODING 53
SWIDTH 542 0
DWIDTH 13 0
BBX 13 17 0 0
BITMAP
1FF8
1FF8
1800
3800
3800
3800
3FC0
7FE0
78F0
0070
0070
0070
0070
E0E0
F0E0
7FC0
3F00
ENDCHAR
STARTCHAR six
ENCODING 54
SWIDTH 542 0
DWIDTH 13 0
BBX 12 17 1 0
BITMAP
07C0
1FE0
1CF0
3840
7000
7000
7780
EFC0
F1E0
F0E0
E0E0
E0E0
E0E0
E1C0
71C0
7F80
1E00
ENDCHAR
STARTCHAR seven
ENCODING 55
SWIDTH 542 0
DWIDTH 13 0
BBX 12 17 2 0
BITMAP
FFF0
FFF0
00F0
01E0
03C0
0780
0700
0F00
1E00
1C00
3800
3800
7000
7000
7000
E000
E000
ENDCHAR
STARTCHAR eight
ENCODING 56
SWIDTH 542 0
DWIDTH 13 0
BBX 13 17 0 0
BITMAP
07E0
1FF0
3C78
3838
3838
3838
1C70
1FE0
1FC0
70E0
E070
E070
E070
E070
F0E0
7FC0
1F80
ENDCHAR
STARTCHAR nine
ENCODING 57
SWIDTH 542 0
DWIDTH 13 0
BBX 12 17 1 0
BITMAP
0780
1FE0
38E0
3870
7070
7070
7070
70F0
78F0
3F70
1EE0
00E0
00E0
61C0
F380
7F80
3E00
ENDCHAR
STARTCHAR colon
ENCODING 58
SWIDTH 333 0
DWIDTH 8 0
BBX 5 13 1 0
BITMAP
38
38
38
00
00
00
00
00
00
00
F0
E0
E0
ENDCHAR
STARTCHAR semicolon
ENCODING 59
SWIDTH 333 0
DWIDTH 8 0
BBX 6 17 0 -4
BITMAP
1C
1C
1C
00
00
00
00
00
00
00
78
70
70
30
30
60
E0
ENDCHAR
STARTCHAR less
ENCODING 60
SWIDTH 583 0
DWIDTH 14 0
BBX 12 13 1 1
BITMAP
0010
0070
03E0
0F80
3E00
F000
C000
F000
3E00
0F80
03E0
0070
0010
ENDCHAR
STARTCHAR equal
ENCODING 61
SWIDTH 583 0
DWIDTH 14 0
BBX 11 8 2 4
BITMAP
FFE0
FFE0
0000
0000
0000
0000
FFE0
FFE0
ENDCHAR
STARTCHAR greater
ENCODING 62
SWIDTH 583 0
DWIDTH 14 0
BBX 12 13 1 1
BITMAP
8000
E000
7C00
1F00
07C0
00F0
0030
00F0
07C0
1F00
7C00
E000
8000
ENDCHAR
STARTCHAR question
ENCODING 63
SWIDTH 625 0
DWIDTH 15 0
BBX 12 17 2 0
BITMAP
1F80
7FE0
70F0
E070
0070
0070
00E0
01E0
0780
0F00
1E00
1C00
0000
0000
3C00
3800
3800
ENDCHAR
STARTCHAR at
ENCODING 64
SWIDTH 958 0
DWIDTH 23 0
BBX 20 20 2 -3
BITMAP
00FE00
07FF80
0F03C0
1C00E0
38F760
71FE30
638E30
630E30
C60E30
C60C30
C60C30
C61C60
C73CE0
C3EFC0
61C700
600000
300000
3C0780
0FFE00
03F800
ENDCHAR
STARTCHAR A
ENCODING 65
SWIDTH 667 0
DWIDTH 16 0
BBX 14 17 0 0
BITMAP
00F0
00F0
01F0
01B0
03B0
0330
0738
0638
0E38
0E38
1FF8
1FF8
3838
381C
701C
701C
E01C
ENDCHAR
STARTCHAR B
ENCODING 66
SWIDTH 667 0
DWIDTH 16 0
BBX 15 17 0 0
BITMAP
1FF8
1FFC
1C1E
380E
380E
380E
381C
3FF8
7FF8
701C
700E
700E
700E
700E
E01C
FFF8
FFF0
ENDCHAR
STARTCHAR C
ENCODING 67
SWIDTH 708 0
DWIDTH 17 0
BBX 16 17 1 0
BITMAP
03F8
0FFE
1E1E
380F
7004
7000
7000
E000
E000
E000
E000
E000
E008
701E
783C
3FF8
0FE0
ENDCHAR
STARTCHAR D
ENCODING 68
SWIDTH 708 0
DWIDTH 17 0
BBX 16 17 0 0
BITMAP
1FF0
1FF8
1C3E
380E
380F
3807
3807
3807
7807
7007
7007
700E
700E
701C
E078
FFF0
FFC0
ENDCHAR
STARTCHAR E
ENCODING 69
SWIDTH 667 0
DWIDTH 16 0
BBX 16 17 0 0
BITMAP
1FFF
1FFF
1C00
3800
3800
3800
3800
3FFC
7FFC
7000
7000
7000
7000
7000
E000
FFFC
FFFC
ENDCHAR
STARTCHAR F
ENCODING 70
SWIDTH 625 0
DWIDTH 15 0
BBX 15 17 0 0
BITMAP
1FFE
1FFE
1C00
3800
3800
3800
3800
3FF8
7FF8
7000
7000
7000
7000
7000
F000
E000
E000
ENDCHAR
STARTCHAR G
ENCODING 71
SWIDTH 792 0
DWIDTH 19 0
BBX 17 17 1 0
BITMAP
03FC00
0FFF00
1E0F00
380780
780200
700000
F00000
E00000
E07F80
E07F00
E00700
E00700
E00700
700700
781F00
3FFC00
0FF000
ENDCHAR
STARTCHAR H
ENCODING 72
SWIDTH 708 0
DWIDTH 17 0
BBX 17 17 0 0
BITMAP
1C0380
1C0380
1C0380
380700
380700
380700
380700
3FFF00
7FFF00
700E00
700E00
700E00
700E00
700E00
E01E00
E01C00
E01C00
ENDCHAR
STARTCHAR I
ENCODING 73
SWIDTH 250 0
DWIDTH 6 0
BBX 6 17 0 0
BITMAP
1C
1C
1C
38
38
38
38
38
78
70
70
70
70
70
F0
E0
E0
ENDCHAR
STARTCHAR J
ENCODING 74
SWIDTH 542 0
DWIDTH 13 0
BBX 13 17 0 0
BITMAP
01F8
03F8
0038
0070
0070
0070
0070
0070
00F0
00E0
00E0
00E0
20E0
E0C0
F1C0
7F80
3F00
ENDCHAR
STARTCHAR K
ENCODING 75
SWIDTH 708 0
DWIDTH 17 0
BBX 18 17 0 0
BITMAP
1C0780
1C0F00
1C1E00
383C00
387800
38F000
3BC000
3F8000
7FC000
7DE000
78E000
707000
707000
703800
F03C00
E01C00
E01E00
ENDCHAR
STARTCHAR L
ENCODING 76
SWIDTH 625 0
DWIDTH 15 0
BBX 14 17 0 0
BITMAP
1C00
1C00
1C00
3800
3800
3800
3800
3800
7800
7000
7000
7000
7000
7000
E000
FFFC
FFFC
ENDCHAR
STARTCHAR M
ENCODING 77
SWIDTH 833 0
DWIDTH 20 0
BBX 20 17 0 0
BITMAP
1F01F0
1F01F0
1F03F0
3B03E0
3B07E0
3B06E0
3B8EE0
3B8CE0
7B9CE0
7399C0
73B9C0
71B1C0
71F1C0
71E1C0
F1E3C0
E1E380
E1C380
ENDCHAR
STARTCHAR N
ENCODING 78
SWIDTH 708 0
DWIDTH 17 0
BBX 17 17 0 0
BITMAP
1E0380
1F0380
1F0380
3F0700
3B8700
3B8700
3B8700
39C700
79CF00
71CE00
70EE00
70EE00
70EE00
707E00
F07C00
E07C00
E03C00
ENDCHAR
STARTCHAR O
ENCODING 79
SWIDTH 792 0
DWIDTH 19 0
BBX 17 17 1 0
BITMAP
03F800
0FFE00
1E0F00
380700
780380
700380
700380
E00380
E00380
E00380
E00700
E00700
E00F00
700E00
783C00
3FF800
0FE000
ENDCHAR
STARTCHAR P
ENCODING 80
SWIDTH 667 0
DWIDTH 16 0
BBX 16 17 0 0
BITMAP
1FF8
1FFE
1C0E
3807
3807
3807
3807
381E
7FFC
7FF0
7000
7000
7000
7000
F000
E000
E000
ENDCHAR
STARTCHAR Q
ENCODING 81
SWIDTH 792 0
DWIDTH 19 0
BBX 17 22 1 -5
BITMAP
03F800
0FFE00
1E0F00
380700
780380
700380
700380
E00380
E00380
E00380
E00700
E00700
E00F00
700E00
783C00
3FF800
0FE000
038000
038000
01C000
01F800
00F800
ENDCHAR
STARTCHAR R
ENCODING 82
SWIDTH 708 0
DWIDTH 17 0
BBX 16 17 0 0
BITMAP
1FF8
1FFE
1C0F
3807
3807
3807
3807
380E
7FFC
7FE0
7070
7070
7070
7038
E038
E038
E01C
ENDCHAR
STARTCHAR S
ENCODING 83
SWIDTH 667 0
DWIDTH 16 0
BBX 16 17 0 0
BITMAP
03F8
0FFE
1C1F
380F
3800
3800
3F00
1FE0
07F8
00FC
001E
000E
000E
F00E
F83C
7FF8
1FE0
ENDCHAR
STARTCHAR T
ENCODING 84
SWIDTH 625 0
DWIDTH 15 0
BBX 15 17 1 0
BITMAP
7FFC
FFFC
0380
0700
0700
0700
0700
0700
0700
0E00
0E00
0E00
0E00
0E00
1E00
1C00
1C00
ENDCHAR
STARTCHAR U
ENCODING 85
SWIDTH 708 0
DWIDTH 17 0
BBX 16 17 1 0
BITMAP
3807
3807
3807
700E
700E
700E
700E
700E
F01E
E01C
E01C
E01C
E01C
E038
7078
3FF0
1FC0
ENDCHAR
STARTCHAR V
ENCODING 86
SWIDTH 667 0
DWIDTH 16 0
BBX 16 17 2 0
BITMAP
E00F
E00E
701E
701C
703C
7038
7070
3070
38E0
38E0
39C0
39C0
1B80
1B80
1F00
1E00
0E00
ENDCHAR
STARTCHAR W
ENCODING 87
SWIDTH 958 0
DWIDTH 23 0
BBX 23 17 2 0
BITMAP
E03C0E
E07C1C
E07C1C
E0FC38
E0FC38
E1DC70
E1DC70
E39C60
E39CE0
671CC0
671DC0
661D80
6E1F80
6E1F00
7C1F00
7C1E00
781E00
ENDCHAR
STARTCHAR X
ENCODING 88
SWIDTH 667 0
DWIDTH 16 0
BBX 18 17 -1 0
BITMAP
0E01C0
070380
070700
038E00
039C00
03F800
01F000
01E000
01E000
01F000
03F000
077000
0E3800
1C3800
381C00
701C00
E00E00
ENDCHAR
STARTCHAR Y
ENCODING 89
SWIDTH 667 0
DWIDTH 16 0
BBX 15 17 2 0
BITMAP
E00E
701C
7038
7870
3870
38E0
1DC0
1F80
0F00
0F00
0E00
0E00
0E00
0E00
1E00
1C00
1C00
ENDCHAR
STARTCHAR Z
ENCODING 90
SWIDTH 625 0
DWIDTH 15 0
BBX 17 17 -1 0
BITMAP
0FFF80
0FFF80
000700
000E00
001C00
003800
007000
00E000
01C000
038000
070000
0E0000
1C0000
380000
700000
FFFE00
FFFE00
ENDCHAR
STARTCHAR bracketleft
ENCODING 91
SWIDTH 333 0
DWIDTH 8 0
BBX 10 22 -1 -5
BITMAP
0FC0
0FC0
0E00
1C00
1C00
1C00
1C00
1C00
1C00
3800
3800
3800
3800
3800
7800
7000
7000
7000
7000
7000
FE00
FC00
ENDCHAR
STARTCHAR backslash
ENCODING 92
SWIDTH 292 0
DWIDTH 7 0
BBX 6 17 1 0
BITMAP
C0
C0
60
60
60
60
30
30
30
30
30
18
18
18
18
0C
0C
ENDCHAR
STARTCHAR bracketright
ENCODING 93
SWIDTH 333 0
DWIDTH 8 0
BBX 10 22 -1 -5
BITMAP
0FC0
1FC0
01C0
0380
0380
0380
0380
0380
0380
0700
0700
0700
0700
0700
0F00
0E00
0E00
0E00
0E00
0E00
FC00
FC00
ENDCHAR
STARTCHAR asciicircum
ENCODING 94
SWIDTH 583 0
DWIDTH 14 0
BBX 13 10 1 7
BITMAP
0F80
0F80
1DC0
1DC0
18C0
38E0
3060
7070
6030
E038
ENDCHAR
STARTCHAR underscore
ENCODING 95
SWIDTH 542 0
DWIDTH 13 0
BBX 13 1 -1 -3
BITMAP
FFF8
ENDCHAR
STARTCHAR grave
ENCODING 96
SWIDTH 333 0
DWIDTH 8 0
BBX 5 4 4 14
BITMAP
E0
70
30
18
ENDCHAR
STARTCHAR a
ENCODING 97
SWIDTH 542 0
DWIDTH 13 0
BBX 12 13 0 0
BITMAP
0FC0
1FE0
3CF0
3870
0070
1FE0
7FE0
F0E0
E0E0
E1E0
E3E0
7EF0
3C70
ENDCHAR
STARTCHAR b
ENCODING 98
SWIDTH 625 0
DWIDTH 15 0
BBX 13 17 1 0
BITMAP
1C00
1C00
1C00
3800
39E0
3BF0
3C78
3838
3838
7038
7038
7038
7070
7070
F8E0
EFE0
E780
ENDCHAR
STARTCHAR c
ENCODING 99
SWIDTH 542 0
DWIDTH 13 0
BBX 12 13 1 0
BITMAP
0FC0
1FE0
38F0
7070
7000
E000
E000
E000
E000
E1E0
71C0
7FC0
1F00
ENDCHAR
STARTCHAR d
ENCODING 100
SWIDTH 625 0
DWIDTH 15 0
BBX 14 17 1 0
BITMAP
001C
001C
001C
0038
0F38
3FB8
38F8
7078
7070
E070
E070
E070
E0F0
E0F0
F1E0
7FE0
3CE0
ENDCHAR
STARTCHAR e
ENCODING 101
SWIDTH 542 0
DWIDTH 13 0
BBX 11 13 1 0
BITMAP
0F80
3FC0
79E0
70E0
F0E0
FFE0
FFE0
E000
E000
E180
73C0
7F80
3F00
ENDCHAR
STARTCHAR f
ENCODING 102
SWIDTH 333 0
DWIDTH 8 0
BBX 9 17 1 0
BITMAP
0F80
1F80
1C00
3C00
FF00
FF00
3800
3800
3800
7000
7000
7000
7000
7000
F000
E000
E000
ENDCHAR
STARTCHAR g
ENCODING 103
SWIDTH 583 0
DWIDTH 14 0
BBX 13 18 0 -5
BITMAP
0F38
1FB8
3CF8
3878
3878
7070
7070
7070
7070
70F0
79E0
3FE0
1EE0
00E0
20E0
F1C0
7F80
3F00
ENDCHAR
STARTCHAR h
ENCODING 104
SWIDTH 625 0
DWIDTH 15 0
BBX 13 17 1 0
BITMAP
1C00
1C00
1C00
3800
39E0
3BF0
3C78
3838
7838
7070
7070
7070
7070
7070
F0E0
E0E0
E0E0
ENDCHAR
STARTCHAR i
ENCODING 105
SWIDTH 292 0
DWIDTH 7 0
BBX 6 17 1 0
BITMAP
1C
1C
1C
00
38
38
38
38
38
70
70
70
70
70
F0
E0
E0
ENDCHAR
STARTCHAR j
ENCODING 106
SWIDTH 292 0
DWIDTH 7 0
BBX 9 22 -2 -5
BITMAP
0380
0380
0380
0000
0700
0700
0700
0700
0700
0E00
0E00
0E00
0E00
0E00
1C00
1C00
1C00
1C00
1C00
3C00
F800
F000
ENDCHAR
STARTCHAR k
ENCODING 107
SWIDTH 542 0
DWIDTH 13 0
BBX 13 17 1 0
BITMAP
1C00
1C00
1C00
3800
3878
38F0
39E0
3BC0
7F80
7F00
7F00
7B80
7380
71C0
F1C0
E1C0
E0E0
ENDCHAR
STARTCHAR l
ENCODING 108
SWIDTH 292 0
DWIDTH 7 0
BBX 6 17 1 0
BITMAP
1C
1C
1C
38
38
38
38
38
78
70
70
70
70
70
F0
E0
E0
ENDCHAR
STARTCHAR m
ENCODING 109
SWIDTH 875 0
DWIDTH 21 0
BBX 20 13 0 0
BITMAP
1CE1E0
1FF3F0
3FFFF0
3C7C70
3C7870
387870
387070
7870F0
7870E0
7070E0
70F0E0
70E0E0
70E1E0
ENDCHAR
STARTCHAR n
ENCODING 110
SWIDTH 625 0
DWIDTH 15 0
BBX 13 13 1 0
BITMAP
39E0
3FF0
3C78
3838
3838
7070
7070
7070
7070
7070
E0E0
E0E0
E0E0
ENDCHAR
STARTCHAR o
ENCODING 111
SWIDTH 583 0
DWIDTH 14 0
BBX 12 13 1 0
BITMAP
0FC0
1FE0
38F0
7070
7070
E070
E070
E070
E0E0
E0E0
71C0
7F80
1F00
ENDCHAR
STARTCHAR p
ENCODING 112
SWIDTH 625 0
DWIDTH 15 0
BBX 14 18 0 -5
BITMAP
1CF0
1FF8
1E3C
1C1C
1C1C
381C
381C
381C
3838
3838
7C70
77F0
73C0
7000
7000
7000
E000
E000
ENDCHAR
STARTCHAR q
ENCODING 113
SWIDTH 625 0
DWIDTH 15 0
BBX 13 18 1 -5
BITMAP
0F38
3FB8
3878
7078
7070
E070
E070
E070
E070
E0F0
F1E0
7FE0
3CE0
00E0
00E0
00E0
01C0
01C0
ENDCHAR
STARTCHAR r
ENCODING 114
SWIDTH 375 0
DWIDTH 9 0
BBX 9 13 1 0
BITMAP
3B80
3B80
3C00
3800
3800
7000
7000
7000
7000
7000
F000
E000
E000
ENDCHAR
STARTCHAR s
ENCODING 115
SWIDTH 542 0
DWIDTH 13 0
BBX 12 13 0 0
BITMAP
0FC0
1FE0
3870
3860
3800
3F00
1FC0
07E0
00E0
60E0
F0E0
7FC0
3F80
ENDCHAR
STARTCHAR t
ENCODING 116
SWIDTH 333 0
DWIDTH 8 0
BBX 8 16 1 0
BITMAP
0C
1C
18
7F
FE
38
38
78
70
70
70
70
70
70
7C
3C
ENDCHAR
STARTCHAR u
ENCODING 117
SWIDTH 583 0
DWIDTH 14 0
BBX 11 13 2 0
BITMAP
70E0
70E0
70E0
70E0
71E0
E1C0
E1C0
E1C0
E1C0
E3C0
E7C0
FF80
7B80
ENDCHAR
STARTCHAR v
ENCODING 118
SWIDTH 542 0
DWIDTH 13 0
BBX 13 13 1 0
BITMAP
F038
F078
7070
70F0
70E0
71E0
71C0
7B80
3B80
3F00
3F00
3E00
3E00
ENDCHAR
STARTCHAR w
ENCODING 119
SWIDTH 792 0
DWIDTH 19 0
BBX 19 13 1 0
BITMAP
E0E0E0
E1E1C0
E1E1C0
E3E380
E36380
E76300
E67700
EE7600
6C7E00
7C3C00
783C00
783800
703800
ENDCHAR
STARTCHAR x
ENCODING 120
SWIDTH 542 0
DWIDTH 13 0
BBX 15 13 -1 0
BITMAP
1E1E
0E1C
0E38
0770
07E0
03C0
03C0
07C0
0EE0
1CE0
3870
7070
E078
ENDCHAR
STARTCHAR y
ENCODING 121
SWIDTH 542 0
DWIDTH 13 0
BBX 15 18 -1 -5
BITMAP
381E
381C
183C
1C38
1C70
1C70
1CE0
0CE0
0DC0
0DC0
0F80
0F00
0700
0E00
0E00
1C00
F800
F000
ENDCHAR
STARTCHAR z
ENCODING 122
SWIDTH 500 0
DWIDTH 12 0
BBX 12 13 0 0
BITMAP
3FF0
3FF0
00E0
01C0
0380
0700
0F00
0E00
1C00
3800
7000
FFE0
FFE0
ENDCHAR
STARTCHAR braceleft
ENCODING 123
SWIDTH 375 0
DWIDTH 9 0
BBX 11 22 0 -5
BITMAP
03E0
07C0
0700
0F00
0E00
0E00
0E00
0E00
1E00
1C00
7800
F800
3C00
3C00
3C00
3800
3800
3800
3800
3800
3E00
1E00
ENDCHAR
STARTCHAR bar
ENCODING 124
SWIDTH 292 0
DWIDTH 7 0
BBX 2 22 3 -5
BITMAP
C0
C0
C0
C0
C0
C0
C0
C0
C0
C0
C0
C0
C0
C0
C0
C0
C0
C0
C0
C0
C0
C0
ENDCHAR
STARTCHAR braceright
ENCODING 125
SWIDTH 375 0
DWIDTH 9 0
BBX 11 22 -2 -5
BITMAP
0F00
0F80
03C0
0380
0380
0380
0380
0380
0380
0380
03E0
03E0
0780
0700
0F00
0E00
0E00
0E00
0E00
1E00
7C00
F800
ENDCHAR
STARTCHAR asciitilde
ENCODING 126
SWIDTH 583 0
DWIDTH 14 0
BBX 13 3 1 7
BITMAP
7E08
FFF8
83F0
ENDCHAR
STARTCHAR uni00A0
ENCODING 160
SWIDTH 208 0
DWIDTH 5 0
BBX 0 0 0 0
BITMAP
ENDCHAR
STARTCHAR exclamdown
ENCODING 161
SWIDTH 292 0
DWIDTH 7 0
BBX 6 17 -1 -4
BITMAP
1C
1C
1C
00
00
18
38
38
38
30
30
70
70
70
70
70
E0
ENDCHAR
STARTCHAR cent
ENCODING 162
SWIDTH 542 0
DWIDTH 13 0
BBX 12 17 1 0
BITMAP
0300
0300
1FC0
3FE0
7EF0
FAF0
F600
F600
E600
E600
ECE0
FDE0
7FC0
3F80
0F00
1800
1800
ENDCHAR
STARTCHAR sterling
ENCODING 163
SWIDTH 542 0
DWIDTH 13 0
BBX 14 17 -1 0
BITMAP
01F0
03F8
071C
0E18
0E00
0E00
0E00
0E00
7FC0
7FC0
1C00
1C00
1C00
3838
7078
FFF0
FFE0
ENDCHAR
STARTCHAR currency
ENCODING 164
SWIDTH 542 0
DWIDTH 13 0
BBX 12 12 1 2
BITMAP
0000
6F60
7FE0
30C0
6060
6060
6060
6060
30C0
7FE0
EF60
4000
ENDCHAR
STARTCHAR yen
ENCODING 165
SWIDTH 542 0
DWIDTH 13 0
BBX 14 17 1 0
BITMAP
701C
7038
3870
3870
38E0
18C0
1DC0
1D80
1F80
FFE0
FFE0
0E00
FFE0
FFE0
1E00
1C00
1C00
ENDCHAR
STARTCHAR brokenbar
ENCODING 166
SWIDTH 292 0
DWIDTH 7 0
BBX 2 22 3 -5
BITMAP
C0
C0
C0
C0
C0
C0
C0
C0
C0
00
00
00
00
C0
C0
C0
C0
C0
C0
C0
C0
C0
ENDCHAR
STARTCHAR section
ENCODING 167
SWIDTH 542 0
DWIDTH 13 0
BBX 13 20 0 -3
BITMAP
07E0
0FF0
1C38
1C20
1C00
1F00
0FE0
1FF0
38F0
3870
3870
3CE0
1FC0
0FC0
01E0
00E0
60E0
E1E0
7FC0
3F00
ENDCHAR
STARTCHAR dieresis
ENCODING 168
SWIDTH 333 0
DWIDTH 8 0
BBX 8 3 2 14
BITMAP
E7
E7
E7
ENDCHAR
STARTCHAR copyright
ENCODING 169
SWIDTH 750 0
DWIDTH 18 0
BBX 17 17 0 0
BITMAP
03E000
0C1800
300600
200200
43E100
463900
8C1080
8C0080
8C0080
8C0080
8C1080
463100
43E100
200200
300600
0C1800
03E000
ENDCHAR
STARTCHAR ordfeminine
ENCODING 170
SWIDTH 375 0
DWIDTH 9 0
BBX 8 8 1 9
BITMAP
1E
33
03
7F
C6
C6
CE
77
ENDCHAR
STARTCHAR guillemotleft
ENCODING 171
SWIDTH 542 0
DWIDTH 13 0
BBX 13 9 0 2
BITMAP
0E38
1C70
38E0
71C0
E380
E380
71C0
79C0
38E0
ENDCHAR
STARTCHAR logicalnot
ENCODING 172
SWIDTH 583 0
DWIDTH 14 0
BBX 12 8 1 1
BITMAP
FFF0
FFF0
0030
0030
0030
0030
0030
0030
ENDCHAR
STARTCHAR hyphen
ENCODING 173
SWIDTH 333 0
DWIDTH 8 0
BBX 6 2 1 6
BITMAP
FC
FC
ENDCHAR
STARTCHAR registered
ENCODING 174
SWIDTH 750 0
DWIDTH 18 0
BBX 17 17 0 0
BITMAP
03E000
0C1800
300600
200200
47F100
461900
861880
861880
87E080
866080
866080
463100
463900
200200
300600
0C1800
03E000
ENDCHAR
STARTCHAR macron
ENCODING 175
SWIDTH 542 0
DWIDTH 13 0
BBX 13 2 0 16
BITMAP
FFF8
FFF8
ENDCHAR
STARTCHAR degree
ENCODING 176
SWIDTH 417 0
DWIDTH 10 0
BBX 7 7 2 10
BITMAP
38
7C
C6
C6
C6
7C
38
ENDCHAR
STARTCHAR plusminus
ENCODING 177
SWIDTH 542 0
DWIDTH 13 0
BBX 12 15 1 0
BITMAP
0600
0600
0600
0600
FFF0
FFF0
0600
0600
0600
0600
0000
0000
0000
FFF0
FFF0
ENDCHAR
STARTCHAR uni00B2
ENCODING 178
SWIDTH 333 0
DWIDTH 8 0
BBX 7 8 1 9
BITMAP
3C
66
06
0E
3C
70
E0
FC
ENDCHAR
STARTCHAR uni00B3
ENCODING 179
SWIDTH 333 0
DWIDTH 8 0
BBX 7 8 1 9
BITMAP
3C
66
06
38
0C
0C
CC
78
ENDCHAR
STARTCHAR acute
ENCODING 180
SWIDTH 333 0
DWIDTH 8 0
BBX 6 4 3 14
BITMAP
3C
38
70
C0
ENDCHAR
STARTCHAR u00B5
ENCODING 181
SWIDTH 542 0
DWIDTH 13 0
BBX 12 18 0 -5
BITMAP
1C70
1C70
1C70
1C70
1C70
38E0
38E0
38E0
38E0
38E0
79E0
7EF0
76F0
7000
7000
7000
E000
E000
ENDCHAR
STARTCHAR paragraph
ENCODING 182
SWIDTH 542 0
DWIDTH 13 0
BBX 12 20 1 -3
BITMAP
3FF0
7FF0
FCC0
FCC0
FCC0
FCC0
FCC0
7CC0
3CC0
0CC0
0CC0
0CC0
0CC0
0CC0
0CC0
0CC0
0CC0
0CC0
0CC0
0CC0
ENDCHAR
STARTCHAR periodcentered
ENCODING 183
SWIDTH 292 0
DWIDTH 7 0
BBX 4 3 2 6
BITMAP
70
E0
E0
ENDCHAR
STARTCHAR cedilla
ENCODING 184
SWIDTH 333 0
DWIDTH 8 0
BBX 5 5 1 -5
BITMAP
20
78
18
F8
F0
ENDCHAR
STARTCHAR uni00B9
ENCODING 185
SWIDTH 333 0
DWIDTH 8 0
BBX 7 8 1 9
BITMAP
1C
2C
0C
18
18
18
18
FE
ENDCHAR
STARTCHAR ordmasculine
ENCODING 186
SWIDTH 375 0
DWIDTH 9 0
BBX 9 8 1 9
BITMAP
1F00
6380
6180
C180
C180
C300
E300
3C00
ENDCHAR
STARTCHAR guillemotright
ENCODING 187
SWIDTH 542 0
DWIDTH 13 0
BBX 13 9 0 2
BITMAP
38E0
1C70
1C70
0E38
0E38
1C70
38E0
71C0
E380
ENDCHAR
STARTCHAR onequarter
ENCODING 188
SWIDTH 833 0
DWIDTH 20 0
BBX 17 17 1 0
BITMAP
1C0180
2C0300
0C0600
180C00
180C00
181800
183000
FE6000
00E000
00C380
018780
030D80
060B00
061300
0C3F80
180300
300300
ENDCHAR
STARTCHAR onehalf
ENCODING 189
SWIDTH 833 0
DWIDTH 20 0
BBX 18 17 1 0
BITMAP
1C0180
2C0300
0C0600
180C00
180C00
181800
183000
FE6000
00E000
00C780
018CC0
0300C0
0601C0
060780
0C0E00
181C00
301F80
ENDCHAR
STARTCHAR threequarters
ENCODING 190
SWIDTH 833 0
DWIDTH 20 0
BBX 17 17 1 0
BITMAP
3C0180
660300
060600
380C00
0C0C00
0C1800
CC3000
786000
00E000
00C380
018780
030D80
060B00
061300
0C3F80
180300
300300
ENDCHAR
STARTCHAR questiondown
ENCODING 191
SWIDTH 625 0
DWIDTH 15 0
BBX 13 17 0 -4
BITMAP
01C0
01C0
01C0
0000
0000
0380
0380
0F00
1E00
7800
7000
E000
E000
E038
F0F0
7FF0
1FC0
ENDCHAR
STARTCHAR Agrave
ENCODING 192
SWIDTH 667 0
DWIDTH 16 0
BBX 14 21 0 0
BITMAP
01C0
00E0
0030
0000
00F0
00F0
01F0
01B0
03B0
0330
0738
0638
0E38
0E38
1FF8
1FF8
3838
381C
701C
701C
E01C
ENDCHAR
STARTCHAR Aacute
ENCODING 193
SWIDTH 667 0
DWIDTH 16 0
BBX 16 21 0 0
BITMAP
0007
001C
0030
0000
00F0
00F0
01F0
01B0
03B0
0330
0738
0638
0E38
0E38
1FF8
1FF8
3838
381C
701C
701C
E01C
ENDCHAR
STARTCHAR Acircumflex
ENCODING 194
SWIDTH 667 0
DWIDTH 16 0
BBX 15 22 0 0
BITMAP
0078
00FC
01CC
0386
0000
00F0
00F0
01F0
01B0
03B0
0330
0738
0638
0E38
0E38
1FF8
1FF8
3838
381C
701C
701C
E01C
ENDCHAR
STARTCHAR Atilde
ENCODING 195
SWIDTH 667 0
DWIDTH 16 0
BBX 15 21 0 0
BITMAP
03C6
03FC
063C
0000
00F0
00F0
01F0
01B0
03B0
0330
0738
0638
0E38
0E38
1FF8
1FF8
3838
381C
701C
701C
E01C
ENDCHAR
STARTCHAR Adieresis
ENCODING 196
SWIDTH 667 0
DWIDTH 16 0
BBX 15 21 0 0
BITMAP
01CE
01CE
01CE
0000
00F0
00F0
01F0
01B0
03B0
0330
0738
0638
0E38
0E38
1FF8
1FF8
3838
381C
701C
701C
E01C
ENDCHAR
STARTCHAR Aring
ENCODING 197
SWIDTH 667 0
DWIDTH 16 0
BBX 14 21 0 0
BITMAP
00F0
01F8
0198
0198
01F8
00F0
01F0
01B0
03B0
0330
0738
0638
0E38
0E38
1FF8
1FF8
3838
381C
701C
701C
E01C
ENDCHAR
STARTCHAR AE
ENCODING 198
SWIDTH 1000 0
DWIDTH 24 0
BBX 25 17 -1 0
BITMAP
001FFF80
003FFF80
007B8000
00770000
00E70000
01E70000
01C70000
0387FE00
0387FE00
070E0000
0FFE0000
0FFE0000
1C0E0000
3C0E0000
381E0000
701FFE00
-FE00200
ENDCHAR
STARTCHAR Ccedilla
ENCODING 199
SWIDTH 708 0
DWIDTH 17 0
BBX 16 22 1 -5
BITMAP
03F8
0FFE
1E1E
380F
7004
7000
7000
E000
E000
E000
E000
E000
E008
701E
783C
3FF8
0FE0
0200
0780
0180
0F80
0F00
ENDCHAR
STARTCHAR Egrave
ENCODING 200
SWIDTH 667 0
DWIDTH 16 0
BBX 16 21 0 0
BITMAP
0380
01C0
0060
0000
1FFF
1FFF
1C00
3800
3800
3800
3800
3FFC
7FFC
7000
7000
7000
7000
7000
E000
FFFC
FFFC
ENDCHAR
STARTCHAR Eacute
ENCODING 201
SWIDTH 667 0
DWIDTH 16 0
BBX 16 21 0 0
BITMAP
001C
0070
00C0
0000
1FFF
1FFF
1C00
3800
3800
3800
3800
3FFC
7FFC
7000
7000
7000
7000
7000
E000
FFFC
FFFC
ENDCHAR
STARTCHAR Ecircumflex
ENCODING 202
SWIDTH 667 0
DWIDTH 16 0
BBX 16 22 0 0
BITMAP
0078
00FC
01CC
0386
0000
1FFF
1FFF
1C00
3800
3800
3800
3800
3FFC
7FFC
7000
7000
7000
7000
7000
E000
FFFC
FFFC
ENDCHAR
STARTCHAR Edieresis
ENCODING 203
SWIDTH 667 0
DWIDTH 16 0
BBX 16 21 0 0
BITMAP
039C
039C
039C
0000
1FFF
1FFF
1C00
3800
3800
3800
3800
3FFC
7FFC
7000
7000
7000
7000
7000
E000
FFFC
FFFC
ENDCHAR
STARTCHAR Igrave
ENCODING 204
SWIDTH 250 0
DWIDTH 6 0
BBX 7 21 0 0
BITMAP
38
1C
06
00
1C
1C
1C
38
38
38
38
38
78
70
70
70
70
70
F0
E0
E0
ENDCHAR
STARTCHAR Iacute
ENCODING 205
SWIDTH 250 0
DWIDTH 6 0
BBX 10 21 0 0
BITMAP
01C0
0700
0C00
0000
1C00
1C00
1C00
3800
3800
3800
3800
3800
7800
7000
7000
7000
7000
7000
F000
E000
E000
ENDCHAR
STARTCHAR Icircumflex
ENCODING 206
SWIDTH 250 0
DWIDTH 6 0
BBX 10 22 0 0
BITMAP
0F00
1F80
3980
70C0
0000
1C00
1C00
1C00
3800
3800
3800
3800
3800
7800
7000
7000
7000
7000
7000
F000
E000
E000
ENDCHAR
STARTCHAR Idieresis
ENCODING 207
SWIDTH 250 0
DWIDTH 6 0
BBX 9 21 0 0
BITMAP
7380
7380
7380
0000
1C00
1C00
1C00
3800
3800
3800
3800
3800
7800
7000
7000
7000
7000
7000
F000
E000
E000
ENDCHAR
STARTCHAR Eth
ENCODING 208
SWIDTH 708 0
DWIDTH 17 0
BBX 16 17 0 0
BITMAP
1FF0
1FF8
1C3E
380E
380F
3807
3807
FF87
FF87
7007
7007
700E
700E
701C
E078
FFF0
FFC0
ENDCHAR
STARTCHAR Ntilde
ENCODING 209
SWIDTH 708 0
DWIDTH 17 0
BBX 17 21 0 0
BITMAP
01E300
01FE00
031E00
000000
1E0380
1F0380
1F0380
3F0700
3B8700
3B8700
3B8700
39C700
79CF00
71CE00
70EE00
70EE00
70EE00
707E00
F07C00
E07C00
E03C00
ENDCHAR
STARTCHAR Ograve
ENCODING 210
SWIDTH 792 0
DWIDTH 19 0
BBX 17 21 1 0
BITMAP
01C000
00E000
003000
000000
03F800
0FFE00
1E0F00
380700
780380
700380
700380
E00380
E00380
E00380
E00700
E00700
E00F00
700E00
783C00
3FF800
0FE000
ENDCHAR
STARTCHAR Oacute
ENCODING 211
SWIDTH 792 0
DWIDTH 19 0
BBX 17 21 1 0
BITMAP
000E00
003800
006000
000000
03F800
0FFE00
1E0F00
380700
780380
700380
700380
E00380
E00380
E00380
E00700
E00700
E00F00
700E00
783C00
3FF800
0FE000
ENDCHAR
STARTCHAR Ocircumflex
ENCODING 212
SWIDTH 792 0
DWIDTH 19 0
BBX 17 22 1 0
BITMAP
007800
00FC00
01CC00
038600
000000
03F800
0FFE00
1E0F00
380700
780380
700380
700380
E00380
E00380
E00380
E00700
E00700
E00F00
700E00
783C00
3FF800
0FE000
ENDCHAR
STARTCHAR Otilde
ENCODING 213
SWIDTH 792 0
DWIDTH 19 0
BBX 17 21 1 0
BITMAP
01E300
01FE00
031E00
000000
03F800
0FFE00
1E0F00
380700
780380
700380
700380
E00380
E00380
E00380
E00700
E00700
E00F00
700E00
783C00
3FF800
0FE000
ENDCHAR
STARTCHAR Odieresis
ENCODING 214
SWIDTH 792 0
DWIDTH 19 0
BBX 17 21 1 0
BITMAP
01CE00
01CE00
01CE00
000000
03F800
0FFE00
1E0F00
380700
780380
700380
700380
E00380
E00380
E00380
E00700
E00700
E00F00
700E00
783C00
3FF800
0FE000
ENDCHAR
STARTCHAR multiply
ENCODING 215
SWIDTH 583 0
DWIDTH 14 0
BBX 12 12 1 2
BITMAP
6030
7070
38E0
1DC0
0F80
0700
0F80
1DC0
38E0
7070
6030
0000
ENDCHAR
STARTCHAR Oslash
ENCODING 216
SWIDTH 792 0
DWIDTH 19 0
BBX 19 17 0 0
BITMAP
01FCC0
07FF80
0F0780
1C0780
3C0FC0
381DC0
3839C0
7071C0
70E1C0
70C1C0
718380
730380
760780
3E0700
3C1E00
3FFC00
67E000
ENDCHAR
STARTCHAR Ugrave
ENCODING 217
SWIDTH 708 0
DWIDTH 17 0
BBX 16 21 1 0
BITMAP
0380
01C0
0060
0000
3807
3807
3807
700E
700E
700E
700E
700E
F01E
E01C
E01C
E01C
E01C
E038
7078
3FF0
1FC0
ENDCHAR
STARTCHAR Uacute
ENCODING 218
SWIDTH 708 0
DWIDTH 17 0
BBX 16 21 1 0
BITMAP
001C
0070
00C0
0000
3807
3807
3807
700E
700E
700E
700E
700E
F01E
E01C
E01C
E01C
E01C
E038
7078
3FF0
1FC0
ENDCHAR
STARTCHAR Ucircumflex
ENCODING 219
SWIDTH 708 0
DWIDTH 17 0
BBX 16 22 1 0
BITMAP
00F0
01F8
0398
070C
0000
3807
3807
3807
700E
700E
700E
700E
700E
F01E
E01C
E01C
E01C
E01C
E038
7078
3FF0
1FC0
ENDCHAR
STARTCHAR Udieresis
ENCODING 220
SWIDTH 708 0
DWIDTH 17 0
BBX 16 21 1 0
BITMAP
039C
039C
039C
0000
3807
3807
3807
700E
700E
700E
700E
700E
F01E
E01C
E01C
E01C
E01C
E038
7078
3FF0
1FC0
ENDCHAR
STARTCHAR Yacute
ENCODING 221
SWIDTH 667 0
DWIDTH 16 0
BBX 15 21 2 0
BITMAP
0070
01C0
0300
0000
E00E
701C
7038
7870
3870
38E0
1DC0
1F80
0F00
0F00
0E00
0E00
0E00
0E00
1E00
1C00
1C00
ENDCHAR
STARTCHAR Thorn
ENCODING 222
SWIDTH 667 0
DWIDTH 16 0
BBX 15 17 0 0
BITMAP
1C00
1C00
1C00
3FF0
3FFC
381C
380E
380E
780E
700E
701C
7FF8
7FE0
7000
E000
E000
E000
ENDCHAR
STARTCHAR germandbls
ENCODING 223
SWIDTH 625 0
DWIDTH 15 0
BBX 14 17 1 0
BITMAP
03F0
0FF8
1E1C
1C1C
381C
3878
38F0
39C0
39C0
71E0
70F0
7078
7038
7038
F078
EFF0
EFE0
ENDCHAR
STARTCHAR agrave
ENCODING 224
SWIDTH 542 0
DWIDTH 13 0
BBX 12 18 0 0
BITMAP
0700
0380
0180
00C0
0000
0FC0
1FE0
3CF0
3870
0070
1FE0
7FE0
F0E0
E0E0
E1E0
E3E0
7EF0
3C70
ENDCHAR
STARTCHAR aacute
ENCODING 225
SWIDTH 542 0
DWIDTH 13 0
BBX 12 18 0 0
BITMAP
00F0
00E0
01C0
0300
0000
0FC0
1FE0
3CF0
3870
0070
1FE0
7FE0
F0E0
E0E0
E1E0
E3E0
7EF0
3C70
ENDCHAR
STARTCHAR acircumflex
ENCODING 226
SWIDTH 542 0
DWIDTH 13 0
BBX 12 18 0 0
BITMAP
03C0
07E0
0E60
1C30
0000
0FC0
1FE0
3CF0
3870
0070
1FE0
7FE0
F0E0
E0E0
E1E0
E3E0
7EF0
3C70
ENDCHAR
STARTCHAR atilde
ENCODING 227
SWIDTH 542 0
DWIDTH 13 0
BBX 13 17 0 0
BITMAP
0F18
0FF0
18F0
0000
0FC0
1FE0
3CF0
3870
0070
1FE0
7FE0
F0E0
E0E0
E1E0
E3E0
7EF0
3C70
ENDCHAR
STARTCHAR adieresis
ENCODING 228
SWIDTH 542 0
DWIDTH 13 0
BBX 12 17 0 0
BITMAP
0E70
0E70
0E70
0000
0FC0
1FE0
3CF0
3870
0070
1FE0
7FE0
F0E0
E0E0
E1E0
E3E0
7EF0
3C70
ENDCHAR
STARTCHAR aring
ENCODING 229
SWIDTH 542 0
DWIDTH 13 0
BBX 12 20 0 0
BITMAP
03C0
07E0
0660
0660
07E0
03C0
0000
0FC0
1FE0
3CF0
3870
0070
1FE0
7FE0
F0E0
E0E0
E1E0
E3E0
7EF0
3C70
ENDCHAR
STARTCHAR ae
ENCODING 230
SWIDTH 875 0
DWIDTH 21 0
BBX 19 13 1 0
BITMAP
0F8F80
1FFFC0
3CF9E0
38F0E0
00E0E0
1FFFE0
7FFFE0
F1E000
E1E000
E1E180
E3F3C0
7E7F80
7C3E00
ENDCHAR
STARTCHAR ccedilla
ENCODING 231
SWIDTH 542 0
DWIDTH 13 0
BBX 12 18 1 -5
BITMAP
0FC0
1FE0
38F0
7070
7000
E000
E000
E000
E000
E1E0
71C0
7FC0
1F00
0800
1E00
0600
3E00
3C00
ENDCHAR
STARTCHAR egrave
ENCODING 232
SWIDTH 542 0
DWIDTH 13 0
BBX 11 18 1 0
BITMAP
0E00
0700
0300
0180
0000
0F80
3FC0
79E0
70E0
F0E0
FFE0
FFE0
E000
E000
E180
73C0
7F80
3F00
ENDCHAR
STARTCHAR eacute
ENCODING 233
SWIDTH 542 0
DWIDTH 13 0
BBX 11 18 1 0
BITMAP
01E0
01C0
0380
0600
0000
0F80
3FC0
79E0
70E0
F0E0
FFE0
FFE0
E000
E000
E180
73C0
7F80
3F00
ENDCHAR
STARTCHAR ecircumflex
ENCODING 234
SWIDTH 542 0
DWIDTH 13 0
BBX 11 18 1 0
BITMAP
0780
0FC0
1CC0
3860
0000
0F80
3FC0
79E0
70E0
F0E0
FFE0
FFE0
E000
E000
E180
73C0
7F80
3F00
ENDCHAR
STARTCHAR edieresis
ENCODING 235
SWIDTH 542 0
DWIDTH 13 0
BBX 11 17 1 0
BITMAP
1CE0
1CE0
1CE0
0000
0F80
3FC0
79E0
70E0
F0E0
FFE0
FFE0
E000
E000
E180
73C0
7F80
3F00
ENDCHAR
STARTCHAR igrave
ENCODING 236
SWIDTH 292 0
DWIDTH 7 0
BBX 6 18 1 0
BITMAP
70
38
18
0C
00
38
38
38
38
38
70
70
70
70
70
F0
E0
E0
ENDCHAR
STARTCHAR iacute
ENCODING 237
SWIDTH 292 0
DWIDTH 7 0
BBX 9 18 1 0
BITMAP
0780
0700
0E00
1800
0000
3800
3800
3800
3800
3800
7000
7000
7000
7000
7000
F000
E000
E000
ENDCHAR
STARTCHAR icircumflex
ENCODING 238
SWIDTH 292 0
DWIDTH 7 0
BBX 9 18 1 0
BITMAP
1E00
3F00
7300
E180
0000
3800
3800
3800
3800
3800
7000
7000
7000
7000
7000
F000
E000
E000
ENDCHAR
STARTCHAR idieresis
ENCODING 239
SWIDTH 292 0
DWIDTH 7 0
BBX 9 17 1 0
BITMAP
7380
7380
7380
0000
3800
3800
3800
3800
3800
7000
7000
7000
7000
7000
F000
E000
E000
ENDCHAR
STARTCHAR eth
ENCODING 240
SWIDTH 583 0
DWIDTH 14 0
BBX 12 17 1 0
BITMAP
0710
03F0
03E0
07E0
04E0
0070
0FF0
3FF0
78F0
7070
E070
E070
E060
E0E0
F1C0
7F80
1F00
ENDCHAR
STARTCHAR ntilde
ENCODING 241
SWIDTH 625 0
DWIDTH 15 0
BBX 14 17 1 0
BITMAP
078C
07F8
0C78
0000
39E0
3FF0
3C78
3838
3838
7070
7070
7070
7070
7070
E0E0
E0E0
E0E0
ENDCHAR
STARTCHAR ograve
ENCODING 242
SWIDTH 583 0
DWIDTH 14 0
BBX 12 18 1 0
BITMAP
0E00
0700
0300
0180
0000
0FC0
1FE0
38F0
7070
7070
E070
E070
E070
E0E0
E0E0
71C0
7F80
1F00
ENDCHAR
STARTCHAR oacute
ENCODING 243
SWIDTH 583 0
DWIDTH 14 0
BBX 12 18 1 0
BITMAP
00F0
00E0
01C0
0300
0000
0FC0
1FE0
38F0
7070
7070
E070
E070
E070
E0E0
E0E0
71C0
7F80
1F00
ENDCHAR
STARTCHAR ocircumflex
ENCODING 244
SWIDTH 583 0
DWIDTH 14 0
BBX 12 18 1 0
BITMAP
03C0
07E0
0E60
1C30
0000
0FC0
1FE0
38F0
7070
7070
E070
E070
E070
E0E0
E0E0
71C0
7F80
1F00
ENDCHAR
STARTCHAR otilde
ENCODING 245
SWIDTH 583 0
DWIDTH 14 0
BBX 13 17 1 0
BITMAP
0F18
0FF0
18F0
0000
0FC0
1FE0
38F0
7070
7070
E070
E070
E070
E0E0
E0E0
71C0
7F80
1F00
ENDCHAR
STARTCHAR odieresis
ENCODING 246
SWIDTH 583 0
DWIDTH 14 0
BBX 12 17 1 0
BITMAP
0E70
0E70
0E70
0000
0FC0
1FE0
38F0
7070
7070
E070
E070
E070
E0E0
E0E0
71C0
7F80
1F00
ENDCHAR
STARTCHAR divide
ENCODING 247
SWIDTH 542 0
DWIDTH 13 0
BBX 12 10 1 3
BITMAP
0600
0600
0000
0000
FFF0
FFF0
0000
0000
0600
0600
ENDCHAR
STARTCHAR oslash
ENCODING 248
SWIDTH 583 0
DWIDTH 14 0
BBX 12 13 1 0
BITMAP
0FF0
1FE0
38F0
71F0
71F0
E370
E670
EC70
FCE0
F8E0
71C0
7F80
DF00
ENDCHAR
STARTCHAR ugrave
ENCODING 249
SWIDTH 583 0
DWIDTH 14 0
BBX 11 18 2 0
BITMAP
1C00
0E00
0600
0300
0000
70E0
70E0
70E0
70E0
71E0
E1C0
E1C0
E1C0
E1C0
E3C0
E7C0
FF80
7B80
ENDCHAR
STARTCHAR uacute
ENCODING 250
SWIDTH 583 0
DWIDTH 14 0
BBX 11 18 2 0
BITMAP
01E0
01C0
0380
0600
0000
70E0
70E0
70E0
70E0
71E0
E1C0
E1C0
E1C0
E1C0
E3C0
E7C0
FF80
7B80
ENDCHAR
STARTCHAR ucircumflex
ENCODING 251
SWIDTH 583 0
DWIDTH 14 0
BBX 11 18 2 0
BITMAP
0780
0FC0
1CC0
3860
0000
70E0
70E0
70E0
70E0
71E0
E1C0
E1C0
E1C0
E1C0
E3C0
E7C0
FF80
7B80
ENDCHAR
STARTCHAR udieresis
ENCODING 252
SWIDTH 583 0
DWIDTH 14 0
BBX 11 17 2 0
BITMAP
1CE0
1CE0
1CE0
0000
70E0
70E0
70E0
70E0
71E0
E1C0
E1C0
E1C0
E1C0
E3C0
E7C0
FF80
7B80
ENDCHAR
STARTCHAR yacute
ENCODING 253
SWIDTH 542 0
DWIDTH 13 0
BBX 15 23 -1 -5
BITMAP
0078
0070
00E0
0180
0000
381E
381C
183C
1C38
1C70
1C70
1CE0
0CE0
0DC0
0DC0
0F80
0F00
0700
0E00
0E00
1C00
F800
F000
ENDCHAR
STARTCHAR thorn
ENCODING 254
SWIDTH 625 0
DWIDTH 15 0
BBX 14 22 0 -5
BITMAP
0E00
0E00
0E00
1C00
1CF0
1DF8
1E3C
1C1C
1C1C
381C
381C
381C
3838
3838
7C70
77F0
73C0
7000
7000
7000
E000
E000
ENDCHAR
STARTCHAR ydieresis
ENCODING 255
SWIDTH 542 0
DWIDTH 13 0
BBX 15 22 -1 -5
BITMAP
0738
0738
0738
0000
381E
381C
183C
1C38
1C70
1C70
1CE0
0CE0
0DC0
0DC0
0F80
0F00
0700
0E00
0E00
1C00
F800
F000
ENDCHAR
STARTCHAR Amacron
ENCODING 256
SWIDTH 667 0
DWIDTH 16 0
BBX 14 20 0 0
BITMAP
01FC
01FC
0000
00F0
00F0
01F0
01B0
03B0
0330
0738
0638
0E38
0E38
1FF8
1FF8
3838
381C
701C
701C
E01C
ENDCHAR
STARTCHAR amacron
ENCODING 257
SWIDTH 542 0
DWIDTH 13 0
BBX 12 16 0 0
BITMAP
07F0
07F0
0000
0FC0
1FE0
3CF0
3870
0070
1FE0
7FE0
F0E0
E0E0
E1E0
E3E0
7EF0
3C70
ENDCHAR
STARTCHAR Abreve
ENCODING 258
SWIDTH 667 0
DWIDTH 16 0
BBX 15 22 0 0
BITMAP
0186
01CE
00FC
0078
0000
00F0
00F0
01F0
01B0
03B0
0330
0738
0638
0E38
0E38
1FF8
1FF8
3838
381C
701C
701C
E01C
ENDCHAR
STARTCHAR abreve
ENCODING 259
SWIDTH 542 0
DWIDTH 13 0
BBX 13 18 0 0
BITMAP
0618
0738
03F0
01E0
0000
0FC0
1FE0
3CF0
3870
0070
1FE0
7FE0
F0E0
E0E0
E1E0
E3E0
7EF0
3C70
ENDCHAR
STARTCHAR Aogonek
ENCODING 260
SWIDTH 667 0
DWIDTH 16 0
BBX 14 22 0 -5
BITMAP
00F0
00F0
01F0
01B0
03B0
0330
0738
0638
0E38
0E38
1FF8
1FF8
3838
381C
701C
701C
E01C
0018
0030
0030
003C
001C
ENDCHAR
STARTCHAR aogonek
ENCODING 261
SWIDTH 542 0
DWIDTH 13 0
BBX 12 18 0 -5
BITMAP
0FC0
1FE0
3CF0
3870
0070
1FE0
7FE0
F0E0
E0E0
E1E0
E3E0
7EF0
3C70
00C0
0180
0180
01E0
00E0
ENDCHAR
STARTCHAR Cacute
ENCODING 262
SWIDTH 708 0
DWIDTH 17 0
BBX 16 21 1 0
BITMAP
000E
0038
0060
0000
03F8
0FFE
1E1E
380F
7004
7000
7000
E000
E000
E000
E000
E000
E008
701E
783C
3FF8
0FE0
ENDCHAR
STARTCHAR cacute
ENCODING 263
SWIDTH 542 0
DWIDTH 13 0
BBX 13 18 1 0
BITMAP
0078
0070
00E0
0180
0000
0FC0
1FE0
38F0
7070
7000
E000
E000
E000
E000
E1E0
71C0
7FC0
1F00
ENDCHAR
STARTCHAR Ccircumflex
ENCODING 264
SWIDTH 708 0
DWIDTH 17 0
BBX 16 22 1 0
BITMAP
0078
00FC
01CC
0386
0000
03F8
0FFE
1E1E
380F
7004
7000
7000
E000
E000
E000
E000
E000
E008
701E
783C
3FF8
0FE0
ENDCHAR
STARTCHAR ccircumflex
ENCODING 265
SWIDTH 542 0
DWIDTH 13 0
BBX 12 18 1 0
BITMAP
03C0
07E0
0E60
1C30
0000
0FC0
1FE0
38F0
7070
7000
E000
E000
E000
E000
E1E0
71C0
7FC0
1F00
ENDCHAR
STARTCHAR Cdotaccent
ENCODING 266
SWIDTH 708 0
DWIDTH 17 0
BBX 16 21 1 0
BITMAP
00E0
00E0
00E0
0000
03F8
0FFE
1E1E
380F
7004
7000
7000
E000
E000
E000
E000
E000
E008
701E
783C
3FF8
0FE0
ENDCHAR
STARTCHAR cdotaccent
ENCODING 267
SWIDTH 542 0
DWIDTH 13 0
BBX 12 17 1 0
BITMAP
0380
0380
0380
0000
0FC0
1FE0
38F0
7070
7000
E000
E000
E000
E000
E1E0
71C0
7FC0
1F00
ENDCHAR
STARTCHAR Ccaron
ENCODING 268
SWIDTH 708 0
DWIDTH 17 0
BBX 16 22 1 0
BITMAP
030E
01DC
01F8
00F0
0000
03F8
0FFE
1E1E
380F
7004
7000
7000
E000
E000
E000
E000
E000
E008
701E
783C
3FF8
0FE0
ENDCHAR
STARTCHAR ccaron
ENCODING 269
SWIDTH 542 0
DWIDTH 13 0
BBX 13 18 1 0
BITMAP
0C38
0670
07E0
03C0
0000
0FC0
1FE0
38F0
7070
7000
E000
E000
E000
E000
E1E0
71C0
7FC0
1F00
ENDCHAR
STARTCHAR Dcaron
ENCODING 270
SWIDTH 708 0
DWIDTH 17 0
BBX 16 22 0 0
BITMAP
061C
03B8
03F0
01E0
0000
1FF0
1FF8
1C3E
380E
380F
3807
3807
3807
7807
7007
7007
700E
700E
701C
E078
FFF0
FFC0
ENDCHAR
STARTCHAR dcaron
ENCODING 271
SWIDTH 750 0
DWIDTH 18 0
BBX 18 17 1 0
BITMAP
001DC0
001DC0
001DC0
003880
0F3980
3FB800
38F800
707800
707000
E07000
E07000
E07000
E0F000
E0F000
F1E000
7FE000
3CE000
ENDCHAR
STARTCHAR Dcroat
ENCODING 272
SWIDTH 708 0
DWIDTH 17 0
BBX 16 17 0 0
BITMAP
1FF0
1FF8
1C3E
380E
380F
3807
3807
FF87
FF87
7007
7007
700E
700E
701C
E078
FFF0
FFC0
ENDCHAR
STARTCHAR dcroat
ENCODING 273
SWIDTH 583 0
DWIDTH 14 0
BBX 14 17 1 0
BITMAP
0038
03FC
03FC
0070
1E70
3F70
78F0
70F0
70E0
E0E0
E0E0
E0E0
E0E0
E1E0
F3C0
7FC0
3DC0
ENDCHAR
STARTCHAR Emacron
ENCODING 274
SWIDTH 667 0
DWIDTH 16 0
BBX 16 20 0 0
BITMAP
01FC
01FC
0000
1FFF
1FFF
1C00
3800
3800
3800
3800
3FFC
7FFC
7000
7000
7000
7000
7000
E000
FFFC
FFFC
ENDCHAR
STARTCHAR emacron
ENCODING 275
SWIDTH 542 0
DWIDTH 13 0
BBX 11 16 1 0
BITMAP
0FE0
0FE0
0000
0F80
3FC0
79E0
70E0
F0E0
FFE0
FFE0
E000
E000
E180
73C0
7F80
3F00
ENDCHAR
STARTCHAR Ebreve
ENCODING 276
SWIDTH 667 0
DWIDTH 16 0
BBX 16 22 0 0
BITMAP
030C
039C
01F8
00F0
0000
1FFF
1FFF
1C00
3800
3800
3800
3800
3FFC
7FFC
7000
7000
7000
7000
7000
E000
FFFC
FFFC
ENDCHAR
STARTCHAR ebreve
ENCODING 277
SWIDTH 542 0
DWIDTH 13 0
BBX 12 18 1 0
BITMAP
0C30
0E70
07E0
03C0
0000
0F80
3FC0
79E0
70E0
F0E0
FFE0
FFE0
E000
E000
E180
73C0
7F80
3F00
ENDCHAR
STARTCHAR Edotaccent
ENCODING 278
SWIDTH 667 0
DWIDTH 16 0
BBX 16 21 0 0
BITMAP
0070
0070
0070
0000
1FFF
1FFF
1C00
3800
3800
3800
3800
3FFC
7FFC
7000
7000
7000
7000
7000
E000
FFFC
FFFC
ENDCHAR
STARTCHAR edotaccent
ENCODING 279
SWIDTH 542 0
DWIDTH 13 0
BBX 11 17 1 0
BITMAP
0380
0380
0380
0000
0F80
3FC0
79E0
70E0
F0E0
FFE0
FFE0
E000
E000
E180
73C0
7F80
3F00
ENDCHAR
STARTCHAR Eogonek
ENCODING 280
SWIDTH 667 0
DWIDTH 16 0
BBX 16 22 0 -5
BITMAP
1FFF
1FFF
1C00
3800
3800
3800
3800
3FFC
7FFC
7000
7000
7000
7000
7000
E000
FFFC
FFFC
0060
00C0
00C0
00F0
0070
ENDCHAR
STARTCHAR eogonek
ENCODING 281
SWIDTH 542 0
DWIDTH 13 0
BBX 11 18 1 -5
BITMAP
0F80
3FC0
79E0
70E0
F0E0
FFE0
FFE0
E000
E000
E180
73C0
7F80
3F00
0C00
1800
1800
1E00
0E00
ENDCHAR
STARTCHAR Ecaron
ENCODING 282
SWIDTH 667 0
DWIDTH 16 0
BBX 16 22 0 0
BITMAP
030E
01DC
01F8
00F0
0000
1FFF
1FFF
1C00
3800
3800
3800
3800
3FFC
7FFC
7000
7000
7000
7000
7000
E000
FFFC
FFFC
ENDCHAR
STARTCHAR ecaron
ENCODING 283
SWIDTH 542 0
DWIDTH 13 0
BBX 12 18 1 0
BITMAP
1870
0CE0
0FC0
0780
0000
0F80
3FC0
79E0
70E0
F0E0
FFE0
FFE0
E000
E000
E180
73C0
7F80
3F00
ENDCHAR
STARTCHAR Gcircumflex
ENCODING 284
SWIDTH 792 0
DWIDTH 19 0
BBX 17 22 1 0
BITMAP
007800
00FC00
01CC00
038600
000000
03FC00
0FFF00
1E0F00
380780
780200
700000
F00000
E00000
E07F80
E07F00
E00700
E00700
E00700
700700
781F00
3FFC00
0FF000
ENDCHAR
STARTCHAR gcircumflex
ENCODING 285
SWIDTH 583 0
DWIDTH 14 0
BBX 13 23 0 -5
BITMAP
01E0
03F0
0730
0E18
0000
0F38
1FB8
3CF8
3878
3878
7070
7070
7070
7070
70F0
79E0
3FE0
1EE0
00E0
20E0
F1C0
7F80
3F00
ENDCHAR
STARTCHAR Gbreve
ENCODING 286
SWIDTH 792 0
DWIDTH 19 0
BBX 17 22 1 0
BITMAP
018600
01CE00
00FC00
007800
000000
03FC00
0FFF00
1E0F00
380780
780200
700000
F00000
E00000
E07F80
E07F00
E00700
E00700
E00700
700700
781F00
3FFC00
0FF000
ENDCHAR
STARTCHAR gbreve
ENCODING 287
SWIDTH 583 0
DWIDTH 14 0
BBX 13 23 0 -5
BITMAP
0618
0738
03F0
01E0
0000
0F38
1FB8
3CF8
3878
3878
7070
7070
7070
7070
70F0
79E0
3FE0
1EE0
00E0
20E0
F1C0
7F80
3F00
ENDCHAR
STARTCHAR Gdotaccent
ENCODING 288
SWIDTH 792 0
DWIDTH 19 0
BBX 17 21 1 0
BITMAP
007000
007000
007000
000000
03FC00
0FFF00
1E0F00
380780
780200
700000
F00000
E00000
E07F80
E07F00
E00700
E00700
E00700
700700
781F00
3FFC00
0FF000
ENDCHAR
STARTCHAR gdotaccent
ENCODING 289
SWIDTH 583 0
DWIDTH 14 0
BBX 13 22 0 -5
BITMAP
01C0
01C0
01C0
0000
0F38
1FB8
3CF8
3878
3878
7070
7070
7070
7070
70F0
79E0
3FE0
1EE0
00E0
20E0
F1C0
7F80
3F00
ENDCHAR
STARTCHAR Gcommaaccent
ENCODING 290
SWIDTH 792 0
DWIDTH 19 0
BBX 17 23 1 -6
BITMAP
03FC00
0FFF00
1E0F00
380780
780200
700000
F00000
E00000
E07F80
E07F00
E00700
E00700
E00700
700700
781F00
3FFC00
0FF000
000000
01C000
01C000
01C000
008000
018000
ENDCHAR
STARTCHAR gcommaaccent
ENCODING 291
SWIDTH 583 0
DWIDTH 14 0
BBX 13 24 0 -5
BITMAP
00C0
0080
01C0
01C0
01C0
0000
0F38
1FB8
3CF8
3878
3878
7070
7070
7070
7070
70F0
79E0
3FE0
1EE0
00E0
20E0
F1C0
7F80
3F00
ENDCHAR
STARTCHAR Hcircumflex
ENCODING 292
SWIDTH 708 0
DWIDTH 17 0
BBX 17 22 0 0
BITMAP
007800
00FC00
01CC00
038600
000000
1C0380
1C0380
1C0380
380700
380700
380700
380700
3FFF00
7FFF00
700E00
700E00
700E00
700E00
700E00
E01E00
E01C00
E01C00
ENDCHAR
STARTCHAR hcircumflex
ENCODING 293
SWIDTH 625 0
DWIDTH 15 0
BBX 14 23 1 0
BITMAP
00F0
01F8
0398
070C
0000
0000
1C00
1C00
1C00
3800
39E0
3BF0
3C78
3838
7838
7070
7070
7070
7070
7070
F0E0
E0E0
E0E0
ENDCHAR
STARTCHAR Hbar
ENCODING 294
SWIDTH 708 0
DWIDTH 17 0
BBX 18 17 0 0
BITMAP
1C0380
1C0380
7FFFC0
7FFFC0
380700
380700
380700
3FFF00
3FFF00
700E00
700E00
700E00
700E00
700E00
F01E00
E01C00
E01C00
ENDCHAR
STARTCHAR hbar
ENCODING 295
SWIDTH 625 0
DWIDTH 15 0
BBX 13 17 1 0
BITMAP
1C00
7F80
7F80
3800
39E0
3BF0
3C78
3838
7878
7070
7070
7070
7070
7070
F0E0
E0E0
E0E0
ENDCHAR
STARTCHAR Itilde
ENCODING 296
SWIDTH 250 0
DWIDTH 6 0
BBX 10 21 0 0
BITMAP
78C0
7F80
C780
0000
1C00
1C00
1C00
3800
3800
3800
3800
3800
7800
7000
7000
7000
7000
7000
F000
E000
E000
ENDCHAR
STARTCHAR itilde
ENCODING 297
SWIDTH 292 0
DWIDTH 7 0
BBX 10 17 0 0
BITMAP
78C0
7F80
C780
0000
1C00
1C00
1C00
1C00
1C00
3800
3800
3800
3800
3800
7800
7000
7000
ENDCHAR
STARTCHAR Imacron
ENCODING 298
SWIDTH 250 0
DWIDTH 6 0
BBX 9 20 0 0
BITMAP
3F80
3F80
0000
1C00
1C00
1C00
3800
3800
3800
3800
3800
7800
7000
7000
7000
7000
7000
F000
E000
E000
ENDCHAR
STARTCHAR imacron
ENCODING 299
SWIDTH 292 0
DWIDTH 7 0
BBX 8 16 1 0
BITMAP
7F
7F
00
38
38
38
38
38
70
70
70
70
70
F0
E0
E0
ENDCHAR
STARTCHAR Ibreve
ENCODING 300
SWIDTH 250 0
DWIDTH 6 0
BBX 10 22 0 0
BITMAP
30C0
39C0
1F80
0F00
0000
1C00
1C00
1C00
3800
3800
3800
3800
3800
7800
7000
7000
7000
7000
7000
F000
E000
E000
ENDCHAR
STARTCHAR ibreve
ENCODING 301
SWIDTH 292 0
DWIDTH 7 0
BBX 9 18 1 0
BITMAP
6180
7380
3F00
1E00
0000
3800
3800
3800
3800
3800
7000
7000
7000
7000
7000
F000
E000
E000
ENDCHAR
STARTCHAR Iogonek
ENCODING 302
SWIDTH 250 0
DWIDTH 6 0
BBX 7 22 -1 -5
BITMAP
0E
0E
0E
1C
1C
1C
1C
1C
3C
38
38
38
38
38
78
70
70
60
C0
C0
F0
70
ENDCHAR
STARTCHAR iogonek
ENCODING 303
SWIDTH 292 0
DWIDTH 7 0
BBX 7 22 0 -5
BITMAP
0E
0E
0E
00
1C
1C
1C
1C
1C
38
38
38
38
38
78
70
70
60
C0
C0
F0
70
ENDCHAR
STARTCHAR Idotaccent
ENCODING 304
SWIDTH 250 0
DWIDTH 6 0
BBX 7 21 0 0
BITMAP
0E
0E
0E
00
1C
1C
1C
38
38
38
38
38
78
70
70
70
70
70
F0
E0
E0
ENDCHAR
STARTCHAR dotlessi
ENCODING 305
SWIDTH 292 0
DWIDTH 7 0
BBX 5 13 1 0
BITMAP
38
38
38
38
38
70
70
70
70
70
F0
E0
E0
ENDCHAR
STARTCHAR IJ
ENCODING 306
SWIDTH 792 0
DWIDTH 19 0
BBX 19 17 0 0
BITMAP
1C07E0
1C0FE0
1C00E0
3801C0
3801C0
3801C0
3801C0
3801C0
7803C0
700380
700380
700380
708380
738300
F3C700
E1FE00
E0FC00
ENDCHAR
STARTCHAR ij
ENCODING 307
SWIDTH 542 0
DWIDTH 13 0
BBX 12 22 1 -5
BITMAP
1C70
1C70
1C70
0000
38E0
38E0
38E0
38E0
38E0
71C0
71C0
71C0
71C0
71C0
F380
E380
E380
0380
0380
0780
1F00
1E00
ENDCHAR
STARTCHAR Jcircumflex
ENCODING 308
SWIDTH 542 0
DWIDTH 13 0
BBX 15 22 0 0
BITMAP
0078
00FC
01CC
0386
0000
01F8
03F8
0038
0070
0070
0070
0070
0070
00F0
00E0
00E0
00E0
20E0
E0C0
F1C0
7F80
3F00
ENDCHAR
STARTCHAR jcircumflex
ENCODING 309
SWIDTH 292 0
DWIDTH 7 0
BBX 12 23 -2 -5
BITMAP
03C0
07E0
0E60
1C30
0000
0700
0700
0700
0700
0700
0E00
0E00
0E00
0E00
0E00
1C00
1C00
1C00
1C00
1C00
3C00
F800
F000
ENDCHAR
STARTCHAR Kcommaaccent
ENCODING 310
SWIDTH 708 0
DWIDTH 17 0
BBX 18 23 0 -6
BITMAP
1C0780
1C0F00
1C1E00
383C00
387800
38F000
3BC000
3F8000
7FC000
7DE000
78E000
707000
707000
703800
F03C00
E01C00
E01E00
000000
038000
038000
038000
010000
030000
ENDCHAR
STARTCHAR kcommaaccent
ENCODING 311
SWIDTH 542 0
DWIDTH 13 0
BBX 13 23 1 -6
BITMAP
1C00
1C00
1C00
3800
3878
38F0
39E0
3BC0
7F80
7F00
7F00
7B80
7380
71C0
F1C0
E1C0
E0E0
0000
0E00
0E00
0E00
0400
0C00
ENDCHAR
STARTCHAR kgreenlandic
ENCODING 312
SWIDTH 542 0
DWIDTH 13 0
BBX 13 13 1 0
BITMAP
3878
38F0
39E0
3BC0
3F80
7F00
7F00
7B80
7380
73C0
F1C0
E1C0
E0E0
ENDCHAR
STARTCHAR Lacute
ENCODING 313
SWIDTH 625 0
DWIDTH 15 0
BBX 14 21 0 0
BITMAP
0070
01C0
0300
0000
1C00
1C00
1C00
3800
3800
3800
3800
3800
7800
7000
7000
7000
7000
7000
E000
FFFC
FFFC
ENDCHAR
STARTCHAR lacute
ENCODING 314
SWIDTH 292 0
DWIDTH 7 0
BBX 10 22 1 0
BITMAP
01C0
0700
0C00
0000
0000
1C00
1C00
1C00
3800
3800
3800
3800
3800
7800
7000
7000
7000
7000
7000
F000
E000
E000
ENDCHAR
STARTCHAR Lcommaaccent
ENCODING 315
SWIDTH 625 0
DWIDTH 15 0
BBX 14 23 0 -6
BITMAP
1C00
1C00
1C00
3800
3800
3800
3800
3800
7800
7000
7000
7000
7000
7000
E000
FFFC
FFFC
0000
0700
0700
0700
0200
0600
ENDCHAR
STARTCHAR lcommaaccent
ENCODING 316
SWIDTH 292 0
DWIDTH 7 0
BBX 6 23 1 -6
BITMAP
1C
1C
1C
38
38
38
38
38
78
70
70
70
70
70
F0
E0
E0
00
E0
E0
E0
40
C0
ENDCHAR
STARTCHAR Lcaron
ENCODING 317
SWIDTH 625 0
DWIDTH 15 0
BBX 14 17 0 0
BITMAP
1C1C
1C1C
1C1C
3808
3818
3800
3800
3800
7800
7000
7000
7000
7000
7000
E000
FFFC
FFFC
ENDCHAR
STARTCHAR lcaron
ENCODING 318
SWIDTH 417 0
DWIDTH 10 0
BBX 11 17 1 0
BITMAP
1CE0
1CE0
1CE0
3840
38C0
3800
3800
3800
7800
7000
7000
7000
7000
7000
F000
E000
E000
ENDCHAR
STARTCHAR Ldot
ENCODING 319
SWIDTH 625 0
DWIDTH 15 0
BBX 14 17 0 0
BITMAP
1C00
1C00
1C00
3800
3800
3800
3800
3870
7870
7070
7000
7000
7000
7000
E000
FFFC
FFFC
ENDCHAR
STARTCHAR ldot
ENCODING 320
SWIDTH 500 0
DWIDTH 12 0
BBX 10 17 1 0
BITMAP
1C00
1C00
1C00
3800
3800
3800
3800
39C0
79C0
71C0
7000
7000
7000
7000
F000
E000
E000
ENDCHAR
STARTCHAR Lslash
ENCODING 321
SWIDTH 625 0
DWIDTH 15 0
BBX 15 17 -1 0
BITMAP
0E00
0E00
0E00
1C00
1C00
1C40
1DC0
1F80
3F00
7800
7800
B800
3800
3800
7000
7FFE
7FFE
ENDCHAR
STARTCHAR lslash
ENCODING 322
SWIDTH 292 0
DWIDTH 7 0
BBX 7 17 1 0
BITMAP
1C
1C
1C
38
38
3A
3C
3C
F8
F0
F0
70
70
70
F0
E0
E0
ENDCHAR
STARTCHAR Nacute
ENCODING 323
SWIDTH 708 0
DWIDTH 17 0
BBX 17 21 0 0
BITMAP
000E00
003800
006000
000000
1E0380
1F0380
1F0380
3F0700
3B8700
3B8700
3B8700
39C700
79CF00
71CE00
70EE00
70EE00
70EE00
707E00
F07C00
E07C00
E03C00
ENDCHAR
STARTCHAR nacute
ENCODING 324
SWIDTH 625 0
DWIDTH 15 0
BBX 13 18 1 0
BITMAP
0078
0070
00E0
0180
0000
39E0
3FF0
3C78
3838
3838
7070
7070
7070
7070
7070
E0E0
E0E0
E0E0
ENDCHAR
STARTCHAR Ncommaaccent
ENCODING 325
SWIDTH 708 0
DWIDTH 17 0
BBX 17 23 0 -6
BITMAP
1E0380
1F0380
1F0380
3F0700
3B8700
3B8700
3B8700
39C700
79CF00
71CE00
70EE00
70EE00
70EE00
707E00
F07C00
E07C00
E03C00
000000
038000
038000
038000
010000
030000
ENDCHAR
STARTCHAR ncommaaccent
ENCODING 326
SWIDTH 625 0
DWIDTH 15 0
BBX 13 19 1 -6
BITMAP
39E0
3FF0
3C78
3838
3838
7070
7070
7070
7070
7070
E0E0
E0E0
E0E0
0000
0E00
0E00
0E00
0400
0C00
ENDCHAR
STARTCHAR Ncaron
ENCODING 327
SWIDTH 708 0
DWIDTH 17 0
BBX 17 22 0 0
BITMAP
018700
00EE00
00FC00
007800
000000
1E0380
1F0380
1F0380
3F0700
3B8700
3B8700
3B8700
39C700
79CF00
71CE00
70EE00
70EE00
70EE00
707E00
F07C00
E07C00
E03C00
ENDCHAR
STARTCHAR ncaron
ENCODING 328
SWIDTH 625 0
DWIDTH 15 0
BBX 13 18 1 0
BITMAP
0C38
0670
07E0
03C0
0000
39E0
3FF0
3C78
3838
3838
7070
7070
7070
7070
7070
E0E0
E0E0
E0E0
ENDCHAR
STARTCHAR napostrophe
ENCODING 329
SWIDTH 708 0
DWIDTH 17 0
BBX 16 17 0 0
BITMAP
3800
3800
3800
1000
373C
37FE
678F
0707
0707
0E0E
0E0E
0E0E
0E0E
0E0E
1C1C
1C1C
1C1C
ENDCHAR
STARTCHAR Eng
ENCODING 330
SWIDTH 708 0
DWIDTH 17 0
BBX 17 17 0 0
BITMAP
0E3C00
1EFF00
1FFF80
1F8780
1E0380
1C0380
3C0380
3C0780
3C0700
380700
380700
780700
780F00
798E00
77DE00
73FC00
71F800
ENDCHAR
STARTCHAR eng
ENCODING 331
SWIDTH 625 0
DWIDTH 15 0
BBX 13 18 1 -5
BITMAP
39E0
3BF0
3C78
3838
3878
7070
7070
7070
7070
7070
F0F0
E0E0
E0E0
00E0
00E0
01E0
07C0
0780
ENDCHAR
STARTCHAR Omacron
ENCODING 332
SWIDTH 792 0
DWIDTH 19 0
BBX 17 20 1 0
BITMAP
01FC00
01FC00
000000
03F800
0FFE00
1E0F00
380700
780380
700380
700380
E00380
E00380
E00380
E00700
E00700
E00F00
700E00
783C00
3FF800
0FE000
ENDCHAR
STARTCHAR omacron
ENCODING 333
SWIDTH 583 0
DWIDTH 14 0
BBX 12 16 1 0
BITMAP
0FE0
0FE0
0000
0FC0
1FE0
38F0
7070
7070
E070
E070
E070
E0E0
E0E0
71C0
7F80
1F00
ENDCHAR
STARTCHAR Obreve
ENCODING 334
SWIDTH 792 0
DWIDTH 19 0
BBX 17 22 1 0
BITMAP
018600
01CE00
00FC00
007800
000000
03F800
0FFE00
1E0F00
380700
780380
700380
700380
E00380
E00380
E00380
E00700
E00700
E00F00
700E00
783C00
3FF800
0FE000
ENDCHAR
STARTCHAR obreve
ENCODING 335
SWIDTH 583 0
DWIDTH 14 0
BBX 12 18 1 0
BITMAP
0C30
0E70
07E0
03C0
0000
0FC0
1FE0
38F0
7070
7070
E070
E070
E070
E0E0
E0E0
71C0
7F80
1F00
ENDCHAR
STARTCHAR Ohungarumlaut
ENCODING 336
SWIDTH 792 0
DWIDTH 19 0
BBX 17 21 1 0
BITMAP
00F780
01CE00
031800
000000
03F800
0FFE00
1E0F00
380700
780380
700380
700380
E00380
E00380
E00380
E00700
E00700
E00F00
700E00
783C00
3FF800
0FE000
ENDCHAR
STARTCHAR ohungarumlaut
ENCODING 337
SWIDTH 583 0
DWIDTH 14 0
BBX 14 18 1 0
BITMAP
039C
0738
0C60
18C0
0000
0FC0
1FE0
38F0
7070
7070
E070
E070
E070
E0E0
E0E0
71C0
7F80
1F00
ENDCHAR
STARTCHAR OE
ENCODING 338
SWIDTH 1000 0
DWIDTH 24 0
BBX 23 17 1 0
BITMAP
03FFFE
0FFFFE
1E0E00
3C1C00
781C00
701C00
701C00
E01FF8
E03FF8
E03800
E03800
E03800
E03800
703800
787000
3FFFF8
0FFFF8
ENDCHAR
STARTCHAR oe
ENCODING 339
SWIDTH 958 0
DWIDTH 23 0
BBX 21 13 1 0
BITMAP
07C3C0
1FEFF0
3CFE78
707C38
F07838
E07FF8
E07FF8
E07800
E07800
E0F860
F1F8F0
7FFFE0
3F9FC0
ENDCHAR
STARTCHAR Racute
ENCODING 340
SWIDTH 708 0
DWIDTH 17 0
BBX 16 21 0 0
BITMAP
001C
0070
00C0
0000
1FF8
1FFE
1C0F
3807
3807
3807
3807
380E
7FFC
7FE0
7070
7070
7070
7038
E038
E038
E01C
ENDCHAR
STARTCHAR racute
ENCODING 341
SWIDTH 375 0
DWIDTH 9 0
BBX 11 18 1 0
BITMAP
01E0
01C0
0380
0600
0000
3B80
3B80
3C00
3800
3800
7000
7000
7000
7000
7000
F000
E000
E000
ENDCHAR
STARTCHAR Rcommaaccent
ENCODING 342
SWIDTH 708 0
DWIDTH 17 0
BBX 16 23 0 -6
BITMAP
1FF8
1FFE
1C0F
3807
3807
3807
3807
380E
7FFC
7FE0
7070
7070
7070
7038
E038
E038
E01C
0000
0380
0380
0380
0100
0300
ENDCHAR
STARTCHAR rcommaaccent
ENCODING 343
SWIDTH 375 0
DWIDTH 9 0
BBX 9 19 1 -6
BITMAP
3B80
3B80
3C00
3800
3800
7000
7000
7000
7000
7000
F000
E000
E000
0000
E000
E000
E000
4000
C000
ENDCHAR
STARTCHAR Rcaron
ENCODING 344
SWIDTH 708 0
DWIDTH 17 0
BBX 16 22 0 0
BITMAP
061C
03B8
03F0
01E0
0000
1FF8
1FFE
1C0F
3807
3807
3807
3807
380E
7FFC
7FE0
7070
7070
7070
7038
E038
E038
E01C
ENDCHAR
STARTCHAR rcaron
ENCODING 345
SWIDTH 375 0
DWIDTH 9 0
BBX 11 18 1 0
BITMAP
30E0
19C0
1F80
0F00
0000
3B80
3B80
3C00
3800
3800
7000
7000
7000
7000
7000
F000
E000
E000
ENDCHAR
STARTCHAR Sacute
ENCODING 346
SWIDTH 667 0
DWIDTH 16 0
BBX 16 21 0 0
BITMAP
000E
0038
0060
0000
03F8
0FFE
1C1F
380F
3800
3800
3F00
1FE0
07F8
00FC
001E
000E
000E
F00E
F83C
7FF8
1FE0
ENDCHAR
STARTCHAR sacute
ENCODING 347
SWIDTH 542 0
DWIDTH 13 0
BBX 12 18 0 0
BITMAP
00F0
00E0
01C0
0300
0000
0FC0
1FE0
3870
3860
3800
3F00
1FC0
07E0
00E0
60E0
F0E0
7FC0
3F80
ENDCHAR
STARTCHAR Scircumflex
ENCODING 348
SWIDTH 667 0
DWIDTH 16 0
BBX 16 22 0 0
BITMAP
00F0
01F8
0398
070C
0000
03F8
0FFE
1C1F
380F
3800
3800
3F00
1FE0
07F8
00FC
001E
000E
000E
F00E
F83C
7FF8
1FE0
ENDCHAR
STARTCHAR scircumflex
ENCODING 349
SWIDTH 542 0
DWIDTH 13 0
BBX 12 18 0 0
BITMAP
03C0
07E0
0E60
1C30
0000
0FC0
1FE0
3870
3860
3800
3F00
1FC0
07E0
00E0
60E0
F0E0
7FC0
3F80
ENDCHAR
STARTCHAR Scedilla
ENCODING 350
SWIDTH 667 0
DWIDTH 16 0
BBX 16 22 0 -5
BITMAP
03F8
0FFE
1C1F
380F
3800
3800
3F00
1FE0
07F8
00FC
001E
000E
000E
F00E
F83C
7FF8
1FE0
0200
0780
0180
0F80
0F00
ENDCHAR
STARTCHAR scedilla
ENCODING 351
SWIDTH 542 0
DWIDTH 13 0
BBX 12 18 0 -5
BITMAP
0FC0
1FE0
3870
3860
3800
3F00
1FC0
07E0
00E0
60E0
F0E0
7FC0
3F80
0800
1E00
0600
3E00
3C00
ENDCHAR
STARTCHAR Scaron
ENCODING 352
SWIDTH 667 0
DWIDTH 16 0
BBX 16 22 0 0
BITMAP
030E
01DC
01F8
00F0
0000
03F8
0FFE
1C1F
380F
3800
3800
3F00
1FE0
07F8
00FC
001E
000E
000E
F00E
F83C
7FF8
1FE0
ENDCHAR
STARTCHAR scaron
ENCODING 353
SWIDTH 542 0
DWIDTH 13 0
BBX 13 18 0 0
BITMAP
0C38
0670
07E0
03C0
0000
0FC0
1FE0
3870
3860
3800
3F00
1FC0
07E0
00E0
60E0
F0E0
7FC0
3F80
ENDCHAR
STARTCHAR Tcommaaccent
ENCODING 354
SWIDTH 625 0
DWIDTH 15 0
BBX 15 22 0 -5
BITMAP
7FFC
FFFC
0380
0700
0700
0700
0700
0700
0700
0E00
0E00
0E00
0E00
0E00
1E00
1C00
1C00
0400
0F00
0300
1F00
1E00
ENDCHAR
STARTCHAR tcommaaccent
ENCODING 355
SWIDTH 333 0
DWIDTH 8 0
BBX 8 21 0 -5
BITMAP
0C
1C
18
7F
FE
38
38
78
70
70
70
70
70
70
7C
3C
20
78
18
F8
F0
ENDCHAR
STARTCHAR Tcaron
ENCODING 356
SWIDTH 625 0
DWIDTH 15 0
BBX 15 22 1 0
BITMAP
0C38
0770
07E0
03C0
0000
7FFC
FFFC
0380
0700
0700
0700
0700
0700
0700
0E00
0E00
0E00
0E00
0E00
1E00
1C00
1C00
ENDCHAR
STARTCHAR tcaron
ENCODING 357
SWIDTH 500 0
DWIDTH 12 0
BBX 12 18 1 0
BITMAP
0070
0070
0C70
1C20
1860
7F00
FE00
3800
3800
7800
7000
7000
7000
7000
7000
7000
7C00
3C00
ENDCHAR
STARTCHAR Tbar
ENCODING 358
SWIDTH 625 0
DWIDTH 15 0
BBX 15 17 1 0
BITMAP
7FFC
FFFC
0380
0700
0700
0700
0700
3FC0
3FC0
0E00
0E00
0E00
0E00
0E00
1E00
1C00
1C00
ENDCHAR
STARTCHAR tbar
ENCODING 359
SWIDTH 333 0
DWIDTH 8 0
BBX 8 16 1 0
BITMAP
0C
1C
18
7F
FE
38
38
78
FE
FC
70
70
70
70
7C
3C
ENDCHAR
STARTCHAR Utilde
ENCODING 360
SWIDTH 708 0
DWIDTH 17 0
BBX 16 21 1 0
BITMAP
03C6
03FC
063C
0000
3807
3807
3807
700E
700E
700E
700E
700E
F01E
E01C
E01C
E01C
E01C
E038
7078
3FF0
1FC0
ENDCHAR
STARTCHAR utilde
ENCODING 361
SWIDTH 583 0
DWIDTH 14 0
BBX 12 17 2 0
BITMAP
1E30
1FE0
31E0
0000
70E0
70E0
70E0
70E0
71E0
E1C0
E1C0
E1C0
E1C0
E3C0
E7C0
FF80
7B80
ENDCHAR
STARTCHAR Umacron
ENCODING 362
SWIDTH 708 0
DWIDTH 17 0
BBX 16 20 1 0
BITMAP
03F8
03F8
0000
3807
3807
3807
700E
700E
700E
700E
700E
F01E
E01C
E01C
E01C
E01C
E038
7078
3FF0
1FC0
ENDCHAR
STARTCHAR umacron
ENCODING 363
SWIDTH 583 0
DWIDTH 14 0
BBX 11 16 2 0
BITMAP
0FE0
0FE0
0000
70E0
70E0
70E0
70E0
71E0
E1C0
E1C0
E1C0
E1C0
E3C0
E7C0
FF80
7B80
ENDCHAR
STARTCHAR Ubreve
ENCODING 364
SWIDTH 708 0
DWIDTH 17 0
BBX 16 22 1 0
BITMAP
030C
039C
01F8
00F0
0000
3807
3807
3807
700E
700E
700E
700E
700E
F01E
E01C
E01C
E01C
E01C
E038
7078
3FF0
1FC0
ENDCHAR
STARTCHAR ubreve
ENCODING 365
SWIDTH 583 0
DWIDTH 14 0
BBX 11 18 2 0
BITMAP
1860
1CE0
0FC0
0780
0000
70E0
70E0
70E0
70E0
71E0
E1C0
E1C0
E1C0
E1C0
E3C0
E7C0
FF80
7B80
ENDCHAR
STARTCHAR Uring
ENCODING 366
SWIDTH 708 0
DWIDTH 17 0
BBX 16 24 1 0
BITMAP
00F0
01F8
0198
0198
01F8
00F0
0000
3807
3807
3807
700E
700E
700E
700E
700E
F01E
E01C
E01C
E01C
E01C
E038
7078
3FF0
1FC0
ENDCHAR
STARTCHAR uring
ENCODING 367
SWIDTH 583 0
DWIDTH 14 0
BBX 11 20 2 0
BITMAP
0780
0FC0
0CC0
0CC0
0FC0
0780
0000
70E0
70E0
70E0
70E0
71E0
E1C0
E1C0
E1C0
E1C0
E3C0
E7C0
FF80
7B80
ENDCHAR
STARTCHAR Uhungarumlaut
ENCODING 368
SWIDTH 708 0
DWIDTH 17 0
BBX 16 21 1 0
BITMAP
01EF
039C
0630
0000
3807
3807
3807
700E
700E
700E
700E
700E
F01E
E01C
E01C
E01C
E01C
E038
7078
3FF0
1FC0
ENDCHAR
STARTCHAR uhungarumlaut
ENCODING 369
SWIDTH 583 0
DWIDTH 14 0
BBX 14 18 2 0
BITMAP
039C
0738
0C60
18C0
0000
70E0
70E0
70E0
70E0
71E0
E1C0
E1C0
E1C0
E1C0
E3C0
E7C0
FF80
7B80
ENDCHAR
STARTCHAR Uogonek
ENCODING 370
SWIDTH 708 0
DWIDTH 17 0
BBX 16 22 1 -5
BITMAP
3807
3807
3807
700E
700E
700E
700E
700E
F01E
E01C
E01C
E01C
E01C
E038
7078
3FF0
1FC0
0300
0600
0600
0780
0380
ENDCHAR
STARTCHAR uogonek
ENCODING 371
SWIDTH 583 0
DWIDTH 14 0
BBX 11 18 2 -5
BITMAP
70E0
70E0
70E0
70E0
71E0
E1C0
E1C0
E1C0
E1C0
E3C0
E7C0
FF80
7B80
0300
0600
0600
0780
0380
ENDCHAR
STARTCHAR Wcircumflex
ENCODING 372
SWIDTH 958 0
DWIDTH 23 0
BBX 23 22 2 0
BITMAP
003C00
007E00
00E600
01C300
000000
E03C0E
E07C1C
E07C1C
E0FC38
E0FC38
E1DC70
E1DC70
E39C60
E39CE0
671CC0
671DC0
661D80
6E1F80
6E1F00
7C1F00
7C1E00
781E00
ENDCHAR
STARTCHAR wcircumflex
ENCODING 373
SWIDTH 792 0
DWIDTH 19 0
BBX 19 18 1 0
BITMAP
00F000
01F800
039800
070C00
000000
E0E0E0
E1E1C0
E1E1C0
E3E380
E36380
E76300
E67700
EE7600
6C7E00
7C3C00
783C00
783800
703800
ENDCHAR
STARTCHAR Ycircumflex
ENCODING 374
SWIDTH 667 0
DWIDTH 16 0
BBX 15 22 2 0
BITMAP
03C0
07E0
0E60
1C30
0000
E00E
701C
7038
7870
3870
38E0
1DC0
1F80
0F00
0F00
0E00
0E00
0E00
0E00
1E00
1C00
1C00
ENDCHAR
STARTCHAR ycircumflex
ENCODING 375
SWIDTH 542 0
DWIDTH 13 0
BBX 15 23 -1 -5
BITMAP
01E0
03F0
0730
0E18
0000
381E
381C
183C
1C38
1C70
1C70
1CE0
0CE0
0DC0
0DC0
0F80
0F00
0700
0E00
0E00
1C00
F800
F000
ENDCHAR
STARTCHAR Ydieresis
ENCODING 376
SWIDTH 667 0
DWIDTH 16 0
BBX 15 21 2 0
BITMAP
0E70
0E70
0E70
0000
E00E
701C
7038
7870
3870
38E0
1DC0
1F80
0F00
0F00
0E00
0E00
0E00
0E00
1E00
1C00
1C00
ENDCHAR
STARTCHAR Zacute
ENCODING 377
SWIDTH 625 0
DWIDTH 15 0
BBX 17 21 -1 0
BITMAP
000E00
003800
006000
000000
0FFF80
0FFF80
000700
000E00
001C00
003800
007000
00E000
01C000
038000
070000
0E0000
1C0000
380000
700000
FFFE00
FFFE00
ENDCHAR
STARTCHAR zacute
ENCODING 378
SWIDTH 500 0
DWIDTH 12 0
BBX 12 18 0 0
BITMAP
00F0
00E0
01C0
0300
0000
3FF0
3FF0
00E0
01C0
0380
0700
0F00
0E00
1C00
3800
7000
FFE0
FFE0
ENDCHAR
STARTCHAR Zdotaccent
ENCODING 379
SWIDTH 625 0
DWIDTH 15 0
BBX 17 21 -1 0
BITMAP
007000
007000
007000
000000
0FFF80
0FFF80
000700
000E00
001C00
003800
007000
00E000
01C000
038000
070000
0E0000
1C0000
380000
700000
FFFE00
FFFE00
ENDCHAR
STARTCHAR zdotaccent
ENCODING 380
SWIDTH 500 0
DWIDTH 12 0
BBX 12 17 0 0
BITMAP
01C0
01C0
01C0
0000
3FF0
3FF0
00E0
01C0
0380
0700
0F00
0E00
1C00
3800
7000
FFE0
FFE0
ENDCHAR
STARTCHAR Zcaron
ENCODING 381
SWIDTH 625 0
DWIDTH 15 0
BBX 17 22 -1 0
BITMAP
018700
00EE00
00FC00
007800
000000
0FFF80
0FFF80
000700
000E00
001C00
003800
007000
00E000
01C000
038000
070000
0E0000
1C0000
380000
700000
FFFE00
FFFE00
ENDCHAR
STARTCHAR zcaron
ENCODING 382
SWIDTH 500 0
DWIDTH 12 0
BBX 13 18 0 0
BITMAP
0C38
0670
07E0
03C0
0000
3FF0
3FF0
00E0
01C0
0380
0700
0F00
0E00
1C00
3800
7000
FFE0
FFE0
ENDCHAR
STARTCHAR longs
ENCODING 383
SWIDTH 292 0
DWIDTH 7 0
BBX 9 17 0 0
BITMAP
0F80
1F00
1C00
3800
3800
3800
3800
3800
7800
7000
7000
7000
7000
7000
F000
E000
E000
ENDCHAR
STARTCHAR florin
ENCODING 402
SWIDTH 542 0
DWIDTH 13 0
BBX 10 22 3 -5
BITMAP
07C0
0F80
0E00
1C00
7F80
7F80
1C00
1C00
1C00
3800
3800
3800
3800
3800
7800
7000
7000
7000
7000
7000
E000
E000
ENDCHAR
STARTCHAR uni01A0
ENCODING 416
SWIDTH 750 0
DWIDTH 18 0
BBX 17 22 1 0
BITMAP
000100
000780
000380
000380
07E700
1FFE00
3FFC00
3C3E00
781E00
780F00
700F00
F00F00
F00700
F00700
F00F00
700F00
780F00
781E00
3C1E00
3FFC00
1FF800
07F000
ENDCHAR
STARTCHAR uni01A1
ENCODING 417
SWIDTH 625 0
DWIDTH 15 0
BBX 14 18 1 0
BITMAP
001C
001C
001C
001C
0738
1FF0
3FE0
78F0
F078
F078
F078
F078
F078
F078
78F0
7FF0
3FE0
1FC0
ENDCHAR
STARTCHAR uni01AF
ENCODING 431
SWIDTH 750 0
DWIDTH 18 0
BBX 17 23 2 0
BITMAP
000080
000380
000380
000380
000380
F03F00
F03C00
F03C00
F03C00
F03C00
F03C00
F03C00
F03C00
F03C00
F03C00
F03C00
F03C00
F03C00
F03800
787800
7FF800
3FF000
1FE000
ENDCHAR
STARTCHAR uni01B0
ENCODING 432
SWIDTH 625 0
DWIDTH 15 0
BBX 14 19 2 0
BITMAP
0004
001C
001C
001C
001C
0078
E0F0
E0E0
E0E0
E0E0
E0E0
E0E0
E0E0
E0E0
E0E0
F1E0
FFE0
FFE0
7EE0
ENDCHAR
STARTCHAR uni01CD
ENCODING 461
SWIDTH 625 0
DWIDTH 15 0
BBX 15 23 0 0
BITMAP
1830
0E70
07E0
07C0
0000
03C0
07C0
07E0
06E0
0EE0
0EE0
0E70
1C70
1C70
1C78
3C38
3FF8
3FFC
781C
701C
701E
F01E
F00E
ENDCHAR
STARTCHAR uni01CE
ENCODING 462
SWIDTH 583 0
DWIDTH 14 0
BBX 11 21 1 0
BITMAP
1040
30E0
3DE0
1FC0
0F80
0000
0000
0F00
3FC0
7FE0
31E0
00E0
01E0
1FE0
7FE0
78E0
F0E0
F0E0
FBE0
7FE0
3E60
ENDCHAR
STARTCHAR uni01CF
ENCODING 463
SWIDTH 333 0
DWIDTH 8 0
BBX 8 23 0 0
BITMAP
C3
E7
7E
3C
00
3C
3C
3C
3C
3C
3C
3C
3C
3C
3C
3C
3C
3C
3C
3C
3C
3C
3C
ENDCHAR
STARTCHAR uni01D0
ENCODING 464
SWIDTH 292 0
DWIDTH 7 0
BBX 9 21 -1 0
BITMAP
4080
E180
7780
7F00
3E00
0000
0000
0000
1C00
1C00
1C00
1C00
1C00
1C00
1C00
1C00
1C00
1C00
1C00
1C00
1C00
ENDCHAR
STARTCHAR uni01D1
ENCODING 465
SWIDTH 750 0
DWIDTH 18 0
BBX 16 23 1 0
BITMAP
0C38
0E70
07E0
03C0
0000
07E0
1FF8
3FFC
3C3E
781E
780F
700F
F00F
F007
F007
F00F
700F
780F
781E
3C1E
3FFC
1FF8
07F0
ENDCHAR
STARTCHAR uni01D2
ENCODING 466
SWIDTH 625 0
DWIDTH 15 0
BBX 13 21 1 0
BITMAP
1040
3060
3DE0
1FC0
0F80
0000
0000
0700
1FC0
3FE0
78F0
F078
F078
F078
F078
F078
F078
78F0
7FF0
3FE0
1FC0
ENDCHAR
STARTCHAR uni01D3
ENCODING 467
SWIDTH 750 0
DWIDTH 18 0
BBX 14 23 2 0
BITMAP
1860
1CE0
0FC0
0780
0000
F03C
F03C
F03C
F03C
F03C
F03C
F03C
F03C
F03C
F03C
F03C
F03C
F03C
F038
7878
7FF8
3FF0
1FE0
ENDCHAR
STARTCHAR uni01D4
ENCODING 468
SWIDTH 625 0
DWIDTH 15 0
BBX 11 21 2 0
BITMAP
2040
70C0
3BC0
3F80
1F00
0000
0000
0000
E0E0
E0E0
E0E0
E0E0
E0E0
E0E0
E0E0
E0E0
E0E0
F1E0
FFE0
FFE0
7EE0
ENDCHAR
STARTCHAR uni01D5
ENCODING 469
SWIDTH 750 0
DWIDTH 18 0
BBX 14 25 2 0
BITMAP
1FE0
0000
0000
1860
3CE0
1860
0000
F03C
F03C
F03C
F03C
F03C
F03C
F03C
F03C
F03C
F03C
F03C
F03C
F03C
F038
7878
7FF8
3FF0
1FE0
ENDCHAR
STARTCHAR uni01D6
ENCODING 470
SWIDTH 625 0
DWIDTH 15 0
BBX 11 22 2 0
BITMAP
3FC0
0000
0000
3080
71C0
71C0
0000
0000
0000
E0E0
E0E0
E0E0
E0E0
E0E0
E0E0
E0E0
E0E0
E0E0
F1E0
FFE0
FFE0
7EE0
ENDCHAR
STARTCHAR uni01D7
ENCODING 471
SWIDTH 750 0
DWIDTH 18 0
BBX 14 27 2 0
BITMAP
0080
01C0
0380
0300
0100
1860
3CE0
1860
0000
F03C
F03C
F03C
F03C
F03C
F03C
F03C
F03C
F03C
F03C
F03C
F03C
F03C
F038
7878
7FF8
3FF0
1FE0
ENDCHAR
STARTCHAR uni01D8
ENCODING 472
SWIDTH 625 0
DWIDTH 15 0
BBX 11 24 2 0
BITMAP
0200
0300
0700
0E00
0400
3080
71C0
71C0
0000
0000
0000
E0E0
E0E0
E0E0
E0E0
E0E0
E0E0
E0E0
E0E0
E0E0
F1E0
FFE0
FFE0
7EE0
ENDCHAR
STARTCHAR uni01D9
ENCODING 473
SWIDTH 750 0
DWIDTH 18 0
BBX 14 27 2 0
BITMAP
0840
1CE0
0FC0
0780
0000
1860
3CE0
1860
0000
F03C
F03C
F03C
F03C
F03C
F03C
F03C
F03C
F03C
F03C
F03C
F03C
F03C
F038
7878
7FF8
3FF0
1FE0
ENDCHAR
STARTCHAR uni01DA
ENCODING 474
SWIDTH 625 0
DWIDTH 15 0
BBX 11 24 2 0
BITMAP
2080
31C0
1F80
0F00
0000
3080
71C0
71C0
0000
0000
0000
E0E0
E0E0
E0E0
E0E0
E0E0
E0E0
E0E0
E0E0
E0E0
F1E0
FFE0
FFE0
7EE0
ENDCHAR
STARTCHAR uni01DB
ENCODING 475
SWIDTH 750 0
DWIDTH 18 0
BBX 14 27 2 0
BITMAP
0400
0E00
0700
0300
0200
1860
3CE0
1860
0000
F03C
F03C
F03C
F03C
F03C
F03C
F03C
F03C
F03C
F03C
F03C
F03C
F03C
F038
7878
7FF8
3FF0
1FE0
ENDCHAR
STARTCHAR uni01DC
ENCODING 476
SWIDTH 625 0
DWIDTH 15 0
BBX 11 24 2 0
BITMAP
0800
1C00
0C00
0600
0400
3080
71C0
71C0
0000
0000
0000
E0E0
E0E0
E0E0
E0E0
E0E0
E0E0
E0E0
E0E0
E0E0
F1E0
FFE0
FFE0
7EE0
ENDCHAR
STARTCHAR uni01F8
ENCODING 504
SWIDTH 750 0
DWIDTH 18 0
BBX 14 24 2 0
BITMAP
0800
1E00
1F00
0780
0300
0000
F03C
F83C
F83C
FC3C
FC3C
EE3C
EE3C
E73C
E73C
F3BC
F39C
F1DC
F1DC
F0FC
F0FC
F07C
F07C
F03C
ENDCHAR
STARTCHAR uni01F9
ENCODING 505
SWIDTH 625 0
DWIDTH 15 0
BBX 12 22 2 0
BITMAP
1800
3800
3C00
1E00
0F00
0600
0000
0000
0380
EFE0
FFE0
F9E0
F0F0
E0F0
E0F0
E0F0
E0F0
E0F0
E0F0
E0F0
E0F0
E0F0
ENDCHAR
STARTCHAR Aringacute
ENCODING 506
SWIDTH 667 0
DWIDTH 16 0
BBX 15 25 0 0
BITMAP
000E
0038
0060
0000
00F0
01F8
0198
0198
01F8
00F0
01F0
01B0
03B0
0330
0738
0638
0E38
0E38
1FF8
1FF8
3838
381C
701C
701C
E01C
ENDCHAR
STARTCHAR aringacute
ENCODING 507
SWIDTH 542 0
DWIDTH 13 0
BBX 13 23 0 0
BITMAP
0038
00E0
0180
03C0
07E0
0660
0660
07E0
03C0
0000
0FC0
1FE0
3CF0
3870
0070
1FE0
7FE0
F0E0
E0E0
E1E0
E3E0
7EF0
3C70
ENDCHAR
STARTCHAR AEacute
ENCODING 508
SWIDTH 1000 0
DWIDTH 24 0
BBX 25 21 -1 0
BITMAP
00001C00
00007000
0000C000
00000000
001FFF80
003FFF80
007B8000
00770000
00E70000
01E70000
01C70000
0387FE00
0387FE00
070E0000
0FFE0000
0FFE0000
1C0E0000
3C0E0000
381E0000
701FFE00
-FE00200
ENDCHAR
STARTCHAR aeacute
ENCODING 509
SWIDTH 875 0
DWIDTH 21 0
BBX 19 18 1 0
BITMAP
000F00
000E00
001C00
003000
000000
0F8F80
1FFFC0
3CF9E0
38F0E0
00E0E0
1FFFE0
7FFFE0
F1E000
E1E000
E1E180
E3F3C0
7E7F80
7C3E00
ENDCHAR
STARTCHAR Oslashacute
ENCODING 510
SWIDTH 792 0
DWIDTH 19 0
BBX 19 21 0 0
BITMAP
000700
001C00
003000
000000
01FCC0
07FF80
0F0780
1C0780
3C0FC0
381DC0
3839C0
7071C0
70E1C0
70C1C0
718380
730380
760780
3E0700
3C1E00
3FFC00
67E000
ENDCHAR
STARTCHAR oslashacute
ENCODING 511
SWIDTH 583 0
DWIDTH 14 0
BBX 12 18 1 0
BITMAP
00F0
00E0
01C0
0300
0000
0FF0
1FE0
38F0
71F0
71F0
E370
E670
EC70
FCE0
F8E0
71C0
7F80
DF00
ENDCHAR
STARTCHAR Scommaaccent
ENCODING 536
SWIDTH 667 0
DWIDTH 16 0
BBX 16 23 0 -6
BITMAP
03F8
0FFE
1C1F
380F
3800
3800
3F00
1FE0
07F8
00FC
001E
000E
000E
F00E
F83C
7FF8
1FE0
0000
0E00
0E00
0E00
0400
0C00
ENDCHAR
STARTCHAR scommaaccent
ENCODING 537
SWIDTH 542 0
DWIDTH 13 0
BBX 12 19 0 -6
BITMAP
0FC0
1FE0
3870
3860
3800
3F00
1FC0
07E0
00E0
60E0
F0E0
7FC0
3F80
0000
1C00
1C00
1C00
0800
1800
ENDCHAR
STARTCHAR uni021A
ENCODING 538
SWIDTH 625 0
DWIDTH 15 0
BBX 15 23 1 -6
BITMAP
7FFC
FFFC
0380
0700
0700
0700
0700
0700
0700
0E00
0E00
0E00
0E00
0E00
1E00
1C00
1C00
0000
1C00
1C00
1C00
0800
1800
ENDCHAR
STARTCHAR uni021B
ENCODING 539
SWIDTH 333 0
DWIDTH 8 0
BBX 8 22 1 -6
BITMAP
0C
1C
18
7F
FE
38
38
78
70
70
70
70
70
70
7C
3C
00
70
70
70
20
60
ENDCHAR
STARTCHAR uni0251
ENCODING 593
SWIDTH 667 0
DWIDTH 16 0
BBX 14 14 1 0
BITMAP
0E00
1FB8
3FF8
78F8
7078
F078
F078
F078
F078
F078
7878
7FFC
3FBC
1F3C
ENDCHAR
STARTCHAR uni0261
ENCODING 609
SWIDTH 625 0
DWIDTH 15 0
BBX 13 20 1 -6
BITMAP
0F00
1FB8
3FF8
78F8
7078
F078
F078
F078
F078
F078
78F8
7FF8
3FF8
0E78
0078
0070
30F0
7FE0
3FC0
0F00
ENDCHAR
STARTCHAR uni02BB
ENCODING 699
SWIDTH 333 0
DWIDTH 8 0
BBX 5 9 1 10
BITMAP
10
38
70
60
60
F0
78
78
70
ENDCHAR
STARTCHAR circumflex
ENCODING 710
SWIDTH 333 0
DWIDTH 8 0
BBX 9 4 1 14
BITMAP
1E00
3F00
7300
E180
ENDCHAR
STARTCHAR caron
ENCODING 711
SWIDTH 333 0
DWIDTH 8 0
BBX 9 4 2 14
BITMAP
C380
6700
7E00
3C00
ENDCHAR
STARTCHAR uni02C9
ENCODING 713
SWIDTH 333 0
DWIDTH 8 0
BBX 7 2 2 14
BITMAP
FE
FE
ENDCHAR
STARTCHAR uni02CA
ENCODING 714
SWIDTH 583 0
DWIDTH 14 0
BBX 10 9 2 11
BITMAP
0180
03C0
0780
0F00
1E00
3C00
F800
7000
2000
ENDCHAR
STARTCHAR uni02CB
ENCODING 715
SWIDTH 583 0
DWIDTH 14 0
BBX 10 9 2 11
BITMAP
2000
7000
F800
3C00
1E00
0F00
0780
03C0
0080
ENDCHAR
STARTCHAR breve
ENCODING 728
SWIDTH 333 0
DWIDTH 8 0
BBX 8 4 2 14
BITMAP
C3
E7
7E
3C
ENDCHAR
STARTCHAR dotaccent
ENCODING 729
SWIDTH 333 0
DWIDTH 8 0
BBX 3 3 4 14
BITMAP
E0
E0
E0
ENDCHAR
STARTCHAR ring
ENCODING 730
SWIDTH 333 0
DWIDTH 8 0
BBX 6 6 3 13
BITMAP
78
FC
CC
CC
FC
78
ENDCHAR
STARTCHAR ogonek
ENCODING 731
SWIDTH 333 0
DWIDTH 8 0
BBX 4 5 1 -5
BITMAP
60
C0
C0
F0
70
ENDCHAR
STARTCHAR tilde
ENCODING 732
SWIDTH 333 0
DWIDTH 8 0
BBX 10 3 1 14
BITMAP
78C0
7F80
C780
ENDCHAR
STARTCHAR hungarumlaut
ENCODING 733
SWIDTH 333 0
DWIDTH 8 0
BBX 11 4 1 14
BITMAP
1CE0
39C0
6300
C600
ENDCHAR
STARTCHAR uni02EA
ENCODING 746
SWIDTH 583 0
DWIDTH 14 0
BBX 9 12 3 8
BITMAP
E000
E000
E000
E000
E000
E000
E000
E000
E000
FF80
FF80
FF80
ENDCHAR
STARTCHAR uni02EB
ENCODING 747
SWIDTH 583 0
DWIDTH 14 0
BBX 9 12 3 8
BITMAP
E000
E000
E000
E000
FF80
FF80
FF80
E000
E000
E000
E000
E000
ENDCHAR
STARTCHAR uni0300
ENCODING 768
SWIDTH 0 0
DWIDTH 0 0
BBX 10 10 2 8
BITMAP
2000
7000
F800
3C00
1E00
0F00
0780
03C0
01C0
0080
ENDCHAR
STARTCHAR uni0301
ENCODING 769
SWIDTH 0 0
DWIDTH 0 0
BBX 10 10 2 8
BITMAP
0080
01C0
0380
0F00
1E00
3E00
7C00
F800
3000
2000
ENDCHAR
STARTCHAR uni0304
ENCODING 772
SWIDTH 0 0
DWIDTH 0 0
BBX 8 2 -4 16
BITMAP
FF
FF
ENDCHAR
STARTCHAR uni0307
ENCODING 775
SWIDTH 0 0
DWIDTH 0 0
BBX 5 5 5 15
BITMAP
F0
F8
F8
F0
20
ENDCHAR
STARTCHAR uni030C
ENCODING 780
SWIDTH 0 0
DWIDTH 0 0
BBX 14 10 0 7
BITMAP
F03C
3878
3C70
1CE0
0FE0
0FC0
0780
0380
0300
0100
ENDCHAR
STARTCHAR semicolon
ENCODING 894
SWIDTH 333 0
DWIDTH 8 0
BBX 6 17 0 -4
BITMAP
1C
1C
1C
00
00
00
00
00
00
00
78
70
70
30
30
60
E0
ENDCHAR
STARTCHAR tonos
ENCODING 900
SWIDTH 333 0
DWIDTH 8 0
BBX 5 4 2 14
BITMAP
78
70
60
C0
ENDCHAR
STARTCHAR dieresistonos
ENCODING 901
SWIDTH 333 0
DWIDTH 8 0
BBX 9 5 -1 14
BITMAP
0E00
0C00
EF80
FB80
FB80
ENDCHAR
STARTCHAR Alphatonos
ENCODING 902
SWIDTH 708 0
DWIDTH 17 0
BBX 14 17 0 0
BITMAP
3CF0
38F0
31F0
61B0
03B0
0330
0738
0638
0E38
0E38
1FF8
1FF8
3838
381C
701C
701C
E01C
ENDCHAR
STARTCHAR anoteleia
ENCODING 903
SWIDTH 333 0
DWIDTH 8 0
BBX 4 3 2 6
BITMAP
70
E0
E0
ENDCHAR
STARTCHAR Epsilontonos
ENCODING 904
SWIDTH 875 0
DWIDTH 21 0
BBX 19 17 2 0
BITMAP
7BFFE0
73FFE0
638000
C70000
070000
070000
070000
07FF80
0FFF80
0E0000
0E0000
0E0000
0E0000
0E0000
1C0000
1FFF80
1FFF80
ENDCHAR
STARTCHAR Etatonos
ENCODING 905
SWIDTH 917 0
DWIDTH 22 0
BBX 20 17 2 0
BITMAP
7B8070
738070
638070
C700E0
0700E0
0700E0
0700E0
07FFE0
0FFFE0
0E01C0
0E01C0
0E01C0
0E01C0
0E01C0
1C03C0
1C0380
1C0380
ENDCHAR
STARTCHAR Iotatonos
ENCODING 906
SWIDTH 458 0
DWIDTH 11 0
BBX 10 17 1 0
BITMAP
79C0
71C0
61C0
C380
0380
0380
0380
0380
0780
0700
0700
0700
0700
0700
0F00
0E00
0E00
ENDCHAR
STARTCHAR Omicrontonos
ENCODING 908
SWIDTH 833 0
DWIDTH 20 0
BBX 19 17 0 0
BITMAP
78FE00
73FF80
6783C0
CE01C0
1E00E0
1C00E0
1C00E0
3800E0
3800E0
3800E0
3801C0
3801C0
3803C0
1C0380
1E0F00
0FFE00
03F800
ENDCHAR
STARTCHAR Upsilontonos
ENCODING 910
SWIDTH 917 0
DWIDTH 22 0
BBX 21 17 2 0
BITMAP
7B8038
71C070
61C0E0
C1E1C0
00E1C0
00E380
007700
007E00
003C00
003C00
003800
003800
003800
003800
007800
007000
007000
ENDCHAR
STARTCHAR Omegatonos
ENCODING 911
SWIDTH 833 0
DWIDTH 20 0
BBX 19 17 0 0
BITMAP
78FE00
73FF80
6783C0
CF01C0
0E00E0
1E00E0
1C00E0
1C00E0
1C00E0
1C00E0
1C01C0
0E01C0
0E0380
070F00
039E00
7F1FC0
7F3FC0
ENDCHAR
STARTCHAR iotadieresistonos
ENCODING 912
SWIDTH 292 0
DWIDTH 7 0
BBX 9 19 1 0
BITMAP
0E00
0C00
EF80
FB80
FB80
0000
3800
3800
3800
3800
3800
7000
7000
7000
7000
7000
F000
E000
F000
ENDCHAR
STARTCHAR Alpha
ENCODING 913
SWIDTH 667 0
DWIDTH 16 0
BBX 14 17 0 0
BITMAP
00F0
00F0
01F0
01B0
03B0
0330
0738
0638
0E38
0E38
1FF8
1FF8
3838
381C
701C
701C
E01C
ENDCHAR
STARTCHAR Beta
ENCODING 914
SWIDTH 667 0
DWIDTH 16 0
BBX 15 17 0 0
BITMAP
1FF8
1FFC
1C1E
380E
380E
380E
381C
3FF8
7FF8
701C
700E
700E
700E
700E
E01C
FFF8
FFF0
ENDCHAR
STARTCHAR Gamma
ENCODING 915
SWIDTH 625 0
DWIDTH 15 0
BBX 16 17 0 0
BITMAP
1FFF
1FFF
1C00
3800
3800
3800
3800
3800
7800
7000
7000
7000
7000
7000
F000
E000
E000
ENDCHAR
STARTCHAR Delta
ENCODING 916
SWIDTH 667 0
DWIDTH 16 0
BBX 16 17 -1 0
BITMAP
0078
0078
00F8
01D8
01DC
039C
039C
071C
0F0E
0E0E
1C0E
1C0E
380E
3807
7007
FFFF
FFFF
ENDCHAR
STARTCHAR Epsilon
ENCODING 917
SWIDTH 667 0
DWIDTH 16 0
BBX 16 17 0 0
BITMAP
1FFF
1FFF
1C00
3800
3800
3800
3800
3FFC
7FFC
7000
7000
7000
7000
7000
E000
FFFC
FFFC
ENDCHAR
STARTCHAR Zeta
ENCODING 918
SWIDTH 625 0
DWIDTH 15 0
BBX 17 17 -1 0
BITMAP
0FFF80
0FFF80
000700
000E00
001C00
003800
007000
00E000
01C000
038000
070000
0E0000
1C0000
380000
700000
FFFE00
FFFE00
ENDCHAR
STARTCHAR Eta
ENCODING 919
SWIDTH 708 0
DWIDTH 17 0
BBX 17 17 0 0
BITMAP
1C0380
1C0380
1C0380
380700
380700
380700
380700
3FFF00
7FFF00
700E00
700E00
700E00
700E00
700E00
E01E00
E01C00
E01C00
ENDCHAR
STARTCHAR Theta
ENCODING 920
SWIDTH 792 0
DWIDTH 19 0
BBX 17 17 1 0
BITMAP
03F800
0FFE00
1E0F00
380700
780380
700380
700380
EFFB80
EFFB80
E00380
E00700
E00700
E00F00
700E00
783C00
3FF800
0FE000
ENDCHAR
STARTCHAR Iota
ENCODING 921
SWIDTH 250 0
DWIDTH 6 0
BBX 6 17 0 0
BITMAP
1C
1C
1C
38
38
38
38
38
78
70
70
70
70
70
F0
E0
E0
ENDCHAR
STARTCHAR Kappa
ENCODING 922
SWIDTH 708 0
DWIDTH 17 0
BBX 18 17 0 0
BITMAP
1C0780
1C0F00
1C1E00
383C00
387800
38F000
3BC000
3F8000
7FC000
7DE000
78E000
707000
707000
703800
F03C00
E01C00
E01E00
ENDCHAR
STARTCHAR Lambda
ENCODING 923
SWIDTH 667 0
DWIDTH 16 0
BBX 16 17 -1 0
BITMAP
0070
0070
00F8
00D8
01D8
0198
039C
071C
071C
0E1C
0E0E
1C0E
1C0E
380E
780E
7007
F007
ENDCHAR
STARTCHAR Mu
ENCODING 924
SWIDTH 833 0
DWIDTH 20 0
BBX 20 17 0 0
BITMAP
1F01F0
1F01F0
1F03F0
3B03E0
3B07E0
3B06E0
3B8EE0
3B8CE0
7B9CE0
7399C0
73B9C0
71B1C0
71F1C0
71E1C0
F1E3C0
E1E380
E1C380
ENDCHAR
STARTCHAR Nu
ENCODING 925
SWIDTH 708 0
DWIDTH 17 0
BBX 17 17 0 0
BITMAP
1E0380
1F0380
1F0380
3F0700
3B8700
3B8700
3B8700
39C700
79CF00
71CE00
70EE00
70EE00
70EE00
707E00
F07C00
E07C00
E03C00
ENDCHAR
STARTCHAR Xi
ENCODING 926
SWIDTH 667 0
DWIDTH 16 0
BBX 16 17 0 0
BITMAP
1FFF
1FFF
0000
0000
0000
0000
0000
1FFC
1FFC
0000
0000
0000
0000
0000
0000
FFFC
FFFC
ENDCHAR
STARTCHAR Omicron
ENCODING 927
SWIDTH 792 0
DWIDTH 19 0
BBX 17 17 1 0
BITMAP
03F800
0FFE00
1E0F00
380700
780380
700380
700380
E00380
E00380
E00380
E00700
E00700
E00F00
700E00
783C00
3FF800
0FE000
ENDCHAR
STARTCHAR Pi
ENCODING 928
SWIDTH 708 0
DWIDTH 17 0
BBX 17 17 0 0
BITMAP
1FFF80
1FFF80
1C0380
380700
380700
380700
380700
380700
780700
700E00
700E00
700E00
700E00
700E00
E01E00
E01C00
E01C00
ENDCHAR
STARTCHAR Rho
ENCODING 929
SWIDTH 667 0
DWIDTH 16 0
BBX 16 17 0 0
BITMAP
1FF8
1FFE
1C0E
3807
3807
3807
3807
381E
7FFC
7FF0
7000
7000
7000
7000
F000
E000
E000
ENDCHAR
STARTCHAR Sigma
ENCODING 931
SWIDTH 583 0
DWIDTH 14 0
BBX 15 17 -1 0
BITMAP
1FFE
1FFE
1C00
0E00
0700
0380
0380
01C0
01C0
0380
0700
0E00
1C00
3800
7000
FFF8
FFF8
ENDCHAR
STARTCHAR Tau
ENCODING 932
SWIDTH 625 0
DWIDTH 15 0
BBX 15 17 1 0
BITMAP
7FFC
FFFC
0380
0700
0700
0700
0700
0700
0700
0E00
0E00
0E00
0E00
0E00
1E00
1C00
1C00
ENDCHAR
STARTCHAR Upsilon
ENCODING 933
SWIDTH 667 0
DWIDTH 16 0
BBX 15 17 2 0
BITMAP
E00E
701C
7038
7870
3870
38E0
1DC0
1F80
0F00
0F00
0E00
0E00
0E00
0E00
1E00
1C00
1C00
ENDCHAR
STARTCHAR Phi
ENCODING 934
SWIDTH 833 0
DWIDTH 20 0
BBX 18 17 1 0
BITMAP
007000
007000
0FFE00
1FFF00
38E380
70E1C0
F0E1C0
E0E1C0
E1E1C0
E1C1C0
E1C3C0
E1C380
71C700
3FFE00
1FFC00
038000
038000
ENDCHAR
STARTCHAR Chi
ENCODING 935
SWIDTH 667 0
DWIDTH 16 0
BBX 18 17 -1 0
BITMAP
0E01C0
070380
070700
038E00
039C00
03F800
01F000
01E000
01E000
01F000
03F000
077000
0E3800
1C3800
381C00
701C00
E00E00
ENDCHAR
STARTCHAR Psi
ENCODING 936
SWIDTH 833 0
DWIDTH 20 0
BBX 18 17 2 0
BITMAP
70E1C0
70E1C0
70E1C0
E1C380
E1C380
E1C380
E1C380
E1C700
F1CF00
7FFE00
1FF800
038000
038000
038000
070000
070000
070000
ENDCHAR
STARTCHAR Omega
ENCODING 937
SWIDTH 792 0
DWIDTH 19 0
BBX 18 17 0 0
BITMAP
01FC00
07FF00
0F0780
1E0380
1C01C0
3C01C0
3801C0
3801C0
3801C0
3801C0
380380
1C0380
1C0700
0E1E00
073C00
FE3F80
FE7F80
ENDCHAR
STARTCHAR Iotadieresis
ENCODING 938
SWIDTH 250 0
DWIDTH 6 0
BBX 9 21 0 0
BITMAP
7380
7380
7380
0000
1C00
1C00
1C00
3800
3800
3800
3800
3800
7800
7000
7000
7000
7000
7000
F000
E000
E000
ENDCHAR
STARTCHAR Upsilondieresis
ENCODING 939
SWIDTH 667 0
DWIDTH 16 0
BBX 15 21 2 0
BITMAP
0E70
0E70
0E70
0000
E00E
701C
7038
7870
3870
38E0
1DC0
1F80
0F00
0F00
0E00
0E00
0E00
0E00
1E00
1C00
1C00
ENDCHAR
STARTCHAR alphatonos
ENCODING 940
SWIDTH 625 0
DWIDTH 15 0
BBX 14 18 1 0
BITMAP
01E0
01C0
0180
0300
0000
0F1C
3FB8
79F8
70F0
70F0
E0E0
E0E0
E0E0
E1E0
E1E0
F3E0
7EE0
3CE0
ENDCHAR
STARTCHAR epsilontonos
ENCODING 941
SWIDTH 458 0
DWIDTH 11 0
BBX 11 18 0 0
BITMAP
01E0
01C0
0180
0300
0000
0F80
1FC0
38E0
3800
3C00
1F00
7F00
F000
E000
E080
E1C0
7F80
3F00
ENDCHAR
STARTCHAR etatonos
ENCODING 942
SWIDTH 625 0
DWIDTH 15 0
BBX 13 23 1 -5
BITMAP
00F0
00E0
00C0
0180
0000
39E0
3BF0
3C78
3838
3838
7070
7070
7070
7070
7070
F0F0
E0E0
E0E0
00E0
00E0
00E0
01C0
01C0
ENDCHAR
STARTCHAR iotatonos
ENCODING 943
SWIDTH 292 0
DWIDTH 7 0
BBX 8 18 1 0
BITMAP
0F
0E
0C
18
00
38
38
38
38
38
70
70
70
70
70
F0
E0
F0
ENDCHAR
STARTCHAR upsilondieresistonos
ENCODING 944
SWIDTH 583 0
DWIDTH 14 0
BBX 12 19 1 0
BITMAP
01C0
0180
1DF0
1F70
1F70
0000
7070
7070
7070
7070
F070
E070
E070
E060
E0E0
E0E0
F1C0
7F80
3F00
ENDCHAR
STARTCHAR alpha
ENCODING 945
SWIDTH 625 0
DWIDTH 15 0
BBX 14 13 1 0
BITMAP
0F1C
3FB8
79F8
70F0
70F0
E0E0
E0E0
E0E0
E1E0
E1E0
F3E0
7EE0
3CE0
ENDCHAR
STARTCHAR beta
ENCODING 946
SWIDTH 625 0
DWIDTH 15 0
BBX 14 22 0 -5
BITMAP
03F0
07F8
0F1C
0E1C
1C1C
1C1C
1C78
1DE0
3DF0
3870
3838
3838
3838
3838
7870
7FF0
77C0
7000
7000
7000
E000
E000
ENDCHAR
STARTCHAR gamma
ENCODING 947
SWIDTH 542 0
DWIDTH 13 0
BBX 13 18 1 -5
BITMAP
E078
E070
60F0
70E0
71C0
71C0
7380
3380
3700
3700
3600
3C00
1C00
1800
3800
7000
7000
7000
ENDCHAR
STARTCHAR delta
ENCODING 948
SWIDTH 583 0
DWIDTH 14 0
BBX 13 17 1 0
BITMAP
0FF8
0FF8
0700
0780
03C0
03C0
0FE0
3CE0
7070
7070
E070
E070
E070
E0E0
71E0
7FC0
1F00
ENDCHAR
STARTCHAR epsilon
ENCODING 949
SWIDTH 458 0
DWIDTH 11 0
BBX 11 13 0 0
BITMAP
0F80
1FC0
38E0
3800
3C00
1F00
7F00
F000
E000
E080
E1C0
7F80
3F00
ENDCHAR
STARTCHAR zeta
ENCODING 950
SWIDTH 500 0
DWIDTH 12 0
BBX 12 22 1 -5
BITMAP
0FF0
0FF0
00E0
01C0
0380
0700
0E00
1C00
3800
7000
7000
E000
E000
E000
F000
FE00
7F80
0F80
0380
0380
0700
0200
ENDCHAR
STARTCHAR eta
ENCODING 951
SWIDTH 625 0
DWIDTH 15 0
BBX 13 18 1 -5
BITMAP
39E0
3BF0
3C78
3838
3838
7070
7070
7070
7070
7070
F0F0
E0E0
E0E0
00E0
00E0
00E0
01C0
01C0
ENDCHAR
STARTCHAR theta
ENCODING 952
SWIDTH 542 0
DWIDTH 13 0
BBX 11 17 1 0
BITMAP
0780
1FC0
38E0
38E0
70E0
70E0
70E0
7FE0
FFE0
E1C0
E1C0
E1C0
E1C0
E380
E380
7F00
3C00
ENDCHAR
STARTCHAR iota
ENCODING 953
SWIDTH 292 0
DWIDTH 7 0
BBX 5 13 1 0
BITMAP
38
38
38
38
38
70
70
70
70
70
F0
E0
F0
ENDCHAR
STARTCHAR kappa
ENCODING 954
SWIDTH 583 0
DWIDTH 14 0
BBX 14 13 1 0
BITMAP
383C
3878
38F0
39E0
3BC0
7780
7F80
7F80
79C0
71C0
F0E0
E0E0
E070
ENDCHAR
STARTCHAR lambda
ENCODING 955
SWIDTH 542 0
DWIDTH 13 0
BBX 12 17 -1 0
BITMAP
0F00
0F80
01C0
01C0
01C0
01C0
01C0
03C0
07E0
07E0
0EE0
0EE0
1CE0
3860
3870
7070
F070
ENDCHAR
STARTCHAR mu
ENCODING 956
SWIDTH 583 0
DWIDTH 14 0
BBX 13 18 0 -5
BITMAP
1C38
1C38
1C38
1C38
1C38
3870
3870
3870
3870
38F0
79E0
7FE0
76E0
7000
7000
7000
E000
E000
ENDCHAR
STARTCHAR nu
ENCODING 957
SWIDTH 542 0
DWIDTH 13 0
BBX 11 13 1 0
BITMAP
E0E0
E0E0
E0E0
70E0
70C0
71C0
71C0
7380
7380
3F00
3E00
3E00
3C00
ENDCHAR
STARTCHAR xi
ENCODING 958
SWIDTH 458 0
DWIDTH 11 0
BBX 11 22 1 -5
BITMAP
1FE0
1FE0
0700
0C00
1C00
1C00
1E00
0780
0F80
3C00
7000
6000
E000
E000
F000
FE00
7F80
0F80
0380
0380
0700
0200
ENDCHAR
STARTCHAR omicron
ENCODING 959
SWIDTH 583 0
DWIDTH 14 0
BBX 12 13 1 0
BITMAP
0FC0
1FE0
38F0
7070
7070
E070
E070
E070
E0E0
E0E0
71C0
7F80
1F00
ENDCHAR
STARTCHAR pi
ENCODING 960
SWIDTH 708 0
DWIDTH 17 0
BBX 16 13 1 0
BITMAP
7FFF
FFFF
1C38
1C38
3C78
3870
3870
3870
7870
7070
7070
E07C
E03C
ENDCHAR
STARTCHAR rho
ENCODING 961
SWIDTH 625 0
DWIDTH 15 0
BBX 14 18 0 -5
BITMAP
03E0
0FF8
0E38
1C1C
1C1C
381C
381C
381C
383C
3838
7C78
7FF0
73C0
7000
7000
7000
E000
E000
ENDCHAR
STARTCHAR sigma1
ENCODING 962
SWIDTH 542 0
DWIDTH 13 0
BBX 12 18 1 -5
BITMAP
07E0
0FF0
1C60
3800
7000
7000
E000
E000
E000
E000
F800
7F00
3FC0
07C0
01C0
01C0
0380
0100
ENDCHAR
STARTCHAR sigma
ENCODING 963
SWIDTH 667 0
DWIDTH 16 0
BBX 15 13 1 0
BITMAP
07FE
1FFE
3C60
7070
7070
E070
E070
E070
E070
E0E0
71E0
7FC0
1F00
ENDCHAR
STARTCHAR tau
ENCODING 964
SWIDTH 417 0
DWIDTH 10 0
BBX 10 13 1 0
BITMAP
FFC0
FF80
1C00
1C00
3C00
3800
3800
3800
3800
3800
3800
3E00
1E00
ENDCHAR
STARTCHAR upsilon
ENCODING 965
SWIDTH 583 0
DWIDTH 14 0
BBX 12 13 1 0
BITMAP
7070
7070
7070
7070
F070
E070
E070
E060
E0E0
E0E0
F1C0
7F80
3F00
ENDCHAR
STARTCHAR phi
ENCODING 966
SWIDTH 708 0
DWIDTH 17 0
BBX 16 18 0 -5
BITMAP
047C
1CFE
39C7
71C7
71C7
E387
E387
E387
E38E
E38E
773C
7FF8
1FE0
0700
0700
0700
0E00
0E00
ENDCHAR
STARTCHAR chi
ENCODING 967
SWIDTH 583 0
DWIDTH 14 0
BBX 17 18 -2 -5
BITMAP
1E0380
1F0700
070E00
039C00
039800
03B800
01F000
01E000
01E000
01E000
03E000
077000
0E7000
0C7000
1C3800
383800
703800
E01C00
ENDCHAR
STARTCHAR psi
ENCODING 968
SWIDTH 792 0
DWIDTH 19 0
BBX 16 21 2 -5
BITMAP
00E0
00E0
01C0
71C7
71C7
71C7
71C7
71CF
E38E
E38E
E38E
E38E
E39C
F73C
7FF8
3FE0
0700
0700
0700
0E00
0E00
ENDCHAR
STARTCHAR omega
ENCODING 969
SWIDTH 833 0
DWIDTH 20 0
BBX 18 13 1 0
BITMAP
060600
1E0780
3C0380
7801C0
7001C0
E1C1C0
E1C1C0
E1C1C0
E1C380
E3C380
F3C700
7E7F00
3C3C00
ENDCHAR
STARTCHAR iotadieresis
ENCODING 970
SWIDTH 292 0
DWIDTH 7 0
BBX 9 17 1 0
BITMAP
7380
7380
7380
0000
3800
3800
3800
3800
3800
7000
7000
7000
7000
7000
F000
E000
F000
ENDCHAR
STARTCHAR upsilondieresis
ENCODING 971
SWIDTH 583 0
DWIDTH 14 0
BBX 12 17 1 0
BITMAP
1CE0
1CE0
1CE0
0000
7070
7070
7070
7070
F070
E070
E070
E060
E0E0
E0E0
F1C0
7F80
3F00
ENDCHAR
STARTCHAR omicrontonos
ENCODING 972
SWIDTH 583 0
DWIDTH 14 0
BBX 12 18 1 0
BITMAP
01E0
01C0
0180
0300
0000
0FC0
1FE0
38F0
7070
7070
E070
E070
E070
E0E0
E0E0
71C0
7F80
1F00
ENDCHAR
STARTCHAR upsilontonos
ENCODING 973
SWIDTH 583 0
DWIDTH 14 0
BBX 12 18 1 0
BITMAP
01E0
01C0
0180
0300
0000
7070
7070
7070
7070
F070
E070
E070
E060
E0E0
E0E0
F1C0
7F80
3F00
ENDCHAR
STARTCHAR omegatonos
ENCODING 974
SWIDTH 833 0
DWIDTH 20 0
BBX 18 18 1 0
BITMAP
003C00
003800
003000
006000
000000
060600
1E0780
3C0380
7801C0
7001C0
E1C1C0
E1C1C0
E1C1C0
E1C380
E3C380
F3C700
7E7F00
3C3C00
ENDCHAR
STARTCHAR afii10023
ENCODING 1025
SWIDTH 667 0
DWIDTH 16 0
BBX 16 21 0 0
BITMAP
039C
039C
039C
0000
1FFF
1FFF
1C00
3800
3800
3800
3800
3FFC
7FFC
7000
7000
7000
7000
7000
E000
FFFC
FFFC
ENDCHAR
STARTCHAR afii10051
ENCODING 1026
SWIDTH 875 0
DWIDTH 21 0
BBX 18 17 1 0
BITMAP
7FFC00
FFFC00
038000
070000
070000
077F00
07FF80
0783C0
0701C0
0E01C0
0E01C0
0E01C0
0E0180
0E0380
1E6380
1CFF00
1C7E00
ENDCHAR
STARTCHAR afii10052
ENCODING 1027
SWIDTH 625 0
DWIDTH 15 0
BBX 16 21 0 0
BITMAP
0038
00E0
0180
0000
1FFF
1FFF
1C00
3800
3800
3800
3800
3800
7800
7000
7000
7000
7000
7000
F000
E000
E000
ENDCHAR
STARTCHAR afii10053
ENCODING 1028
SWIDTH 708 0
DWIDTH 17 0
BBX 16 17 1 0
BITMAP
03F8
0FFE
1E1E
380F
7004
7000
7000
FFC0
FFC0
E000
E000
E000
F008
701E
783C
3FF8
0FE0
ENDCHAR
STARTCHAR afii10054
ENCODING 1029
SWIDTH 667 0
DWIDTH 16 0
BBX 16 17 0 0
BITMAP
03F8
0FFE
1C1F
380F
3800
3800
3F00
1FE0
07F8
00FC
001E
000E
000E
F00E
F83C
7FF8
1FE0
ENDCHAR
STARTCHAR afii10055
ENCODING 1030
SWIDTH 250 0
DWIDTH 6 0
BBX 6 17 0 0
BITMAP
1C
1C
1C
38
38
38
38
38
78
70
70
70
70
70
F0
E0
E0
ENDCHAR
STARTCHAR afii10056
ENCODING 1031
SWIDTH 250 0
DWIDTH 6 0
BBX 9 21 0 0
BITMAP
7380
7380
7380
0000
1C00
1C00
1C00
3800
3800
3800
3800
3800
7800
7000
7000
7000
7000
7000
F000
E000
E000
ENDCHAR
STARTCHAR afii10057
ENCODING 1032
SWIDTH 542 0
DWIDTH 13 0
BBX 13 17 0 0
BITMAP
01F8
03F8
0038
0070
0070
0070
0070
0070
00F0
00E0
00E0
00E0
20E0
E0C0
F1C0
7F80
3F00
ENDCHAR
STARTCHAR afii10058
ENCODING 1033
SWIDTH 1083 0
DWIDTH 26 0
BBX 26 17 -1 0
BITMAP
01FF8000
01FF8000
03838000
03870000
03870000
07870000
07070000
0707FE00
0707FF80
0E0E03C0
0E0E01C0
0E0E01C0
1C0E01C0
1C0E01C0
381E0380
-7E00100
-1FE00400
ENDCHAR
STARTCHAR afii10059
ENCODING 1034
SWIDTH 1042 0
DWIDTH 25 0
BBX 23 17 0 0
BITMAP
1C0E00
1C0E00
1C0E00
381C00
381C00
381C00
381C00
3FFFF0
7FFFFC
70381E
70380E
70380E
70380E
70380E
F0701C
E07FF8
E07FE0
ENDCHAR
STARTCHAR afii10060
ENCODING 1035
SWIDTH 833 0
DWIDTH 20 0
BBX 17 17 1 0
BITMAP
7FFC00
FFFC00
038000
070000
070000
070000
07FE00
07FF00
070780
0E0380
0E0380
0E0380
0E0380
0E0380
1E0700
1C0700
1C0700
ENDCHAR
STARTCHAR afii10061
ENCODING 1036
SWIDTH 625 0
DWIDTH 15 0
BBX 16 21 0 0
BITMAP
001C
0070
00C0
0000
1C07
1C0E
1C1C
3838
3870
38E0
3BC0
3F80
7FC0
71C0
71C0
70E0
70E0
70F0
F070
E070
E038
ENDCHAR
STARTCHAR afii10062
ENCODING 1038
SWIDTH 667 0
DWIDTH 16 0
BBX 17 22 1 0
BITMAP
010600
038E00
01FC00
00F800
000000
380780
3C0700
1C0E00
1C1E00
1C1C00
0E3800
0E3800
0E7000
07E000
07E000
07C000
038000
038000
070000
0E0000
7C0000
F80000
ENDCHAR
STARTCHAR afii10145
ENCODING 1039
SWIDTH 708 0
DWIDTH 17 0
BBX 17 22 0 -5
BITMAP
1C0380
1C0380
1C0380
380700
380700
380700
380700
380700
780700
700E00
700E00
700E00
700E00
700E00
E01E00
FFFC00
FFFC00
038000
038000
038000
070000
070000
ENDCHAR
STARTCHAR afii10017
ENCODING 1040
SWIDTH 667 0
DWIDTH 16 0
BBX 14 17 0 0
BITMAP
00F0
00F0
01F0
01B0
03B0
0330
0738
0638
0E38
0E38
1FF8
1FF8
3838
381C
701C
701C
E01C
ENDCHAR
STARTCHAR afii10018
ENCODING 1041
SWIDTH 708 0
DWIDTH 17 0
BBX 15 17 0 0
BITMAP
1FFE
1FFE
1C00
3800
3800
3800
3800
3FF0
7FFC
701E
700E
700E
700E
700E
E01C
FFF8
FFE0
ENDCHAR
STARTCHAR afii10019
ENCODING 1042
SWIDTH 667 0
DWIDTH 16 0
BBX 15 17 0 0
BITMAP
1FF8
1FFC
1C1E
380E
380E
380E
381C
3FF8
7FF8
701C
700E
700E
700E
700E
E01C
FFF8
FFF0
ENDCHAR
STARTCHAR afii10020
ENCODING 1043
SWIDTH 625 0
DWIDTH 15 0
BBX 16 17 0 0
BITMAP
1FFF
1FFF
1C00
3800
3800
3800
3800
3800
7800
7000
7000
7000
7000
7000
F000
E000
E000
ENDCHAR
STARTCHAR afii10021
ENCODING 1044
SWIDTH 708 0
DWIDTH 17 0
BBX 18 22 -2 -5
BITMAP
007FC0
007FC0
00E1C0
00E380
00E380
01E380
01C380
01C380
03C380
038700
038700
070700
070700
0E0700
0E0F00
7FFF80
7FFF80
700380
700380
600380
E00700
E00700
ENDCHAR
STARTCHAR afii10022
ENCODING 1045
SWIDTH 667 0
DWIDTH 16 0
BBX 16 17 0 0
BITMAP
1FFF
1FFF
1C00
3800
3800
3800
3800
3FFC
7FFC
7000
7000
7000
7000
7000
E000
FFFC
FFFC
ENDCHAR
STARTCHAR afii10024
ENCODING 1046
SWIDTH 917 0
DWIDTH 22 0
BBX 24 17 -1 0
BITMAP
0E0E07
070E0E
070E1C
079C38
039C70
039CE0
01DDC0
01FFC0
03FFC0
0739E0
0738E0
0E38E0
1C38F0
1C3870
387870
707078
E07038
ENDCHAR
STARTCHAR afii10025
ENCODING 1047
SWIDTH 625 0
DWIDTH 15 0
BBX 14 17 0 0
BITMAP
03F0
0FF8
1E3C
3C1C
181C
001C
0038
03F0
03E0
0070
0038
2038
F038
F038
7870
3FE0
1FC0
ENDCHAR
STARTCHAR afii10026
ENCODING 1048
SWIDTH 708 0
DWIDTH 17 0
BBX 17 17 0 0
BITMAP
1C0780
1C0F80
1C1F80
381F00
383F00
387700
38F700
38E700
79C700
738E00
738E00
770E00
7E0E00
7C0E00
FC1E00
F81C00
F01C00
ENDCHAR
STARTCHAR afii10027
ENCODING 1049
SWIDTH 708 0
DWIDTH 17 0
BBX 17 22 0 0
BITMAP
010600
038E00
01FC00
00F800
000000
1C0780
1C0F80
1C1F80
381F00
383F00
387700
38F700
38E700
79C700
738E00
738E00
770E00
7E0E00
7C0E00
FC1E00
F81C00
F01C00
ENDCHAR
STARTCHAR afii10028
ENCODING 1050
SWIDTH 625 0
DWIDTH 15 0
BBX 16 17 0 0
BITMAP
1C07
1C0E
1C1C
3838
3870
38E0
3BC0
3F80
7FC0
71C0
71C0
70E0
70E0
70F0
F070
E070
E038
ENDCHAR
STARTCHAR afii10029
ENCODING 1051
SWIDTH 667 0
DWIDTH 16 0
BBX 17 17 -1 0
BITMAP
01FF80
03FF80
038380
038700
078700
070700
070700
070700
0E0700
0E0E00
0E0E00
1C0E00
1C0E00
1C0E00
381E00
F01C00
E01C00
ENDCHAR
STARTCHAR afii10030
ENCODING 1052
SWIDTH 833 0
DWIDTH 20 0
BBX 20 17 0 0
BITMAP
1F01F0
1F01F0
1F03F0
3B03E0
3B07E0
3B06E0
3B8EE0
3B8CE0
7B9CE0
7399C0
73B9C0
71B1C0
71F1C0
71E1C0
F1E3C0
E1E380
E1C380
ENDCHAR
STARTCHAR afii10031
ENCODING 1053
SWIDTH 708 0
DWIDTH 17 0
BBX 17 17 0 0
BITMAP
1C0380
1C0380
1C0380
380700
380700
380700
380700
3FFF00
7FFF00
700E00
700E00
700E00
700E00
700E00
E01E00
E01C00
E01C00
ENDCHAR
STARTCHAR afii10032
ENCODING 1054
SWIDTH 792 0
DWIDTH 19 0
BBX 17 17 1 0
BITMAP
03F800
0FFE00
1E0F00
380700
780380
700380
700380
E00380
E00380
E00380
E00700
E00700
E00F00
700E00
783C00
3FF800
0FE000
ENDCHAR
STARTCHAR afii10033
ENCODING 1055
SWIDTH 708 0
DWIDTH 17 0
BBX 17 17 0 0
BITMAP
1FFF80
1FFF80
1C0380
380700
380700
380700
380700
380700
780700
700E00
700E00
700E00
700E00
700E00
F01E00
E01C00
E01C00
ENDCHAR
STARTCHAR afii10034
ENCODING 1056
SWIDTH 667 0
DWIDTH 16 0
BBX 16 17 0 0
BITMAP
1FF8
1FFE
1C0E
3807
3807
3807
3807
381E
7FFC
7FF0
7000
7000
7000
7000
F000
E000
E000
ENDCHAR
STARTCHAR afii10035
ENCODING 1057
SWIDTH 708 0
DWIDTH 17 0
BBX 16 17 1 0
BITMAP
03F8
0FFE
1E1E
380F
7004
7000
7000
E000
E000
E000
E000
E000
E008
701E
783C
3FF8
0FE0
ENDCHAR
STARTCHAR afii10036
ENCODING 1058
SWIDTH 625 0
DWIDTH 15 0
BBX 15 17 1 0
BITMAP
7FFC
FFFC
0380
0700
0700
0700
0700
0700
0700
0E00
0E00
0E00
0E00
0E00
1E00
1C00
1C00
ENDCHAR
STARTCHAR afii10037
ENCODING 1059
SWIDTH 667 0
DWIDTH 16 0
BBX 17 17 1 0
BITMAP
380780
3C0700
1C0E00
1C1E00
1C1C00
0E3800
0E3800
0E7000
07E000
07E000
07C000
038000
038000
070000
0E0000
7C0000
F80000
ENDCHAR
STARTCHAR afii10038
ENCODING 1060
SWIDTH 792 0
DWIDTH 19 0
BBX 18 17 0 0
BITMAP
007000
007000
07FE00
1FFF00
3CE380
70E1C0
F0E1C0
E0E1C0
E1E1C0
E1C1C0
E1C3C0
E1C380
71CF00
3FFE00
1FF800
038000
038000
ENDCHAR
STARTCHAR afii10039
ENCODING 1061
SWIDTH 667 0
DWIDTH 16 0
BBX 18 17 -1 0
BITMAP
0E01C0
070380
070700
038E00
039C00
03F800
01F000
01E000
01E000
01F000
03F000
077000
0E3800
1C3800
381C00
701C00
E00E00
ENDCHAR
STARTCHAR afii10040
ENCODING 1062
SWIDTH 750 0
DWIDTH 18 0
BBX 17 22 0 -5
BITMAP
1C0380
1C0380
1C0380
380700
380700
380700
380700
380700
780700
700E00
700E00
700E00
700E00
700E00
E01E00
FFFF80
FFFF00
000700
000700
000700
000700
000E00
ENDCHAR
STARTCHAR afii10041
ENCODING 1063
SWIDTH 708 0
DWIDTH 17 0
BBX 15 17 2 0
BITMAP
700E
700E
700E
E01C
E01C
E01C
E01C
E01C
F03C
7FF8
3FB8
0038
0038
0038
0078
0070
0070
ENDCHAR
STARTCHAR afii10042
ENCODING 1064
SWIDTH 1000 0
DWIDTH 24 0
BBX 24 17 0 0
BITMAP
1C0E07
1C0E07
1C0E07
381C0E
381C0E
381C0E
381C0E
381C0E
781C0E
70381C
70381C
70381C
70381C
70381C
E0783C
FFFFF8
FFFFF8
ENDCHAR
STARTCHAR afii10043
ENCODING 1065
SWIDTH 1000 0
DWIDTH 24 0
BBX 24 22 0 -5
BITMAP
1C0E07
1C0E07
1C0E07
381C0E
381C0E
381C0E
381C0E
381C0E
781C0E
70381C
70381C
70381C
70381C
70381C
E0783C
FFFFFF
FFFFFE
00000E
00000E
00000E
00000E
00001C
ENDCHAR
STARTCHAR afii10044
ENCODING 1066
SWIDTH 875 0
DWIDTH 21 0
BBX 18 17 1 0
BITMAP
7F8000
FF8000
038000
070000
070000
070000
070000
07FE00
07FF80
0E0380
0E01C0
0E01C0
0E01C0
0E01C0
1C0780
1FFF00
1FFC00
ENDCHAR
STARTCHAR afii10045
ENCODING 1067
SWIDTH 1000 0
DWIDTH 24 0
BBX 24 17 0 0
BITMAP
1C0007
1C0007
1C0007
38000E
38000E
38000E
38000E
3FF80E
7FFE1E
700E1C
70071C
70071C
70071C
70071C
E01E3C
FFFC38
FFF038
ENDCHAR
STARTCHAR afii10046
ENCODING 1068
SWIDTH 708 0
DWIDTH 17 0
BBX 15 17 0 0
BITMAP
1C00
1C00
1C00
3800
3800
3800
3800
3FF0
7FFC
701E
700E
700E
700E
700E
E01C
FFF8
FFE0
ENDCHAR
STARTCHAR afii10047
ENCODING 1069
SWIDTH 708 0
DWIDTH 17 0
BBX 16 17 0 0
BITMAP
03F0
0FFC
1E1E
3C0E
1807
0007
0007
03FF
03FF
000F
000E
600E
F01E
701C
7878
3FF0
0FC0
ENDCHAR
STARTCHAR afii10048
ENCODING 1070
SWIDTH 1042 0
DWIDTH 25 0
BBX 24 17 0 0
BITMAP
1C03F0
1C0FFC
1C1E1E
38380E
387007
387007
387007
3FE007
7FE007
70E007
70E00E
70E00E
70E00E
70701C
F07878
E03FF0
E00FC0
ENDCHAR
STARTCHAR afii10049
ENCODING 1071
SWIDTH 750 0
DWIDTH 18 0
BBX 19 17 -1 0
BITMAP
01FFE0
07FFE0
0E00E0
1C01C0
1C01C0
1C01C0
1C01C0
0E01C0
07FFC0
03FF80
078380
0F0380
0E0380
1C0380
3C0780
780700
F00700
ENDCHAR
STARTCHAR afii10065
ENCODING 1072
SWIDTH 542 0
DWIDTH 13 0
BBX 12 13 0 0
BITMAP
0FC0
1FE0
3CF0
3870
0070
1FE0
7FE0
F0E0
E0E0
E1E0
E3E0
7EF0
3C70
ENDCHAR
STARTCHAR afii10066
ENCODING 1073
SWIDTH 583 0
DWIDTH 14 0
BBX 13 17 1 0
BITMAP
0078
07F8
1FF8
3F80
3800
7000
67C0
FFE0
F8F0
F070
E070
E070
E070
E0E0
71E0
7FC0
1F00
ENDCHAR
STARTCHAR afii10067
ENCODING 1074
SWIDTH 625 0
DWIDTH 15 0
BBX 13 13 1 0
BITMAP
07E0
1FF8
3C38
3838
3878
7FE0
7FF0
7078
7038
7038
F078
FFF0
FFC0
ENDCHAR
STARTCHAR afii10068
ENCODING 1075
SWIDTH 542 0
DWIDTH 13 0
BBX 11 13 1 0
BITMAP
1F80
3FC0
70E0
10E0
01E0
1FC0
7F80
FC00
F000
E080
E1C0
7F80
3F00
ENDCHAR
STARTCHAR afii10069
ENCODING 1076
SWIDTH 625 0
DWIDTH 15 0
BBX 13 17 1 0
BITMAP
0F80
0FE0
00F0
0070
0038
0FB8
3FF8
7878
7078
E078
E078
E070
E070
E0F0
70E0
7FC0
1F00
ENDCHAR
STARTCHAR afii10070
ENCODING 1077
SWIDTH 542 0
DWIDTH 13 0
BBX 11 13 1 0
BITMAP
0F80
3FC0
79E0
70E0
F0E0
FFE0
FFE0
E000
E000
E180
73C0
7F80
3F00
ENDCHAR
STARTCHAR afii10072
ENCODING 1078
SWIDTH 750 0
DWIDTH 18 0
BBX 21 13 -2 0
BITMAP
1C3838
0E3870
0E38E0
0E39C0
0739C0
077380
03FF00
07FF00
0F7380
1E7380
3CF1C0
78E1C0
F0E0E0
ENDCHAR
STARTCHAR afii10073
ENCODING 1079
SWIDTH 500 0
DWIDTH 12 0
BBX 11 13 0 0
BITMAP
0F80
1FE0
38E0
00E0
01C0
0F80
0F80
03C0
01C0
E1C0
F3C0
7F80
3F00
ENDCHAR
STARTCHAR afii10074
ENCODING 1080
SWIDTH 583 0
DWIDTH 14 0
BBX 11 13 2 0
BITMAP
70E0
70E0
70E0
70E0
71E0
E1C0
E1C0
E1C0
E1C0
E3C0
E7C0
FF80
7B80
ENDCHAR
STARTCHAR afii10075
ENCODING 1081
SWIDTH 583 0
DWIDTH 14 0
BBX 12 18 2 0
BITMAP
0830
1C70
0FE0
07C0
0000
70E0
70E0
70E0
70E0
71E0
E1C0
E1C0
E1C0
E1C0
E3C0
E7C0
FF80
7B80
ENDCHAR
STARTCHAR afii10076
ENCODING 1082
SWIDTH 500 0
DWIDTH 12 0
BBX 12 13 1 0
BITMAP
3870
38E0
39C0
39C0
3B80
7700
7E00
7F00
7700
7780
F380
E380
E1C0
ENDCHAR
STARTCHAR afii10077
ENCODING 1083
SWIDTH 625 0
DWIDTH 15 0
BBX 15 13 -1 0
BITMAP
03FE
03FE
070E
070E
071E
0E1C
0E1C
0E1C
1C1C
1C1C
383C
F838
F038
ENDCHAR
STARTCHAR afii10078
ENCODING 1084
SWIDTH 750 0
DWIDTH 18 0
BBX 16 13 1 0
BITMAP
3E0F
3E1F
3E1F
3E37
3E3F
7E7E
766E
766E
72CE
72CE
F39E
E39C
E39C
ENDCHAR
STARTCHAR afii10079
ENCODING 1085
SWIDTH 625 0
DWIDTH 15 0
BBX 13 13 1 0
BITMAP
3838
3838
3838
3838
3838
7FF0
7FF0
7070
7070
7070
F0F0
E0E0
E0E0
ENDCHAR
STARTCHAR afii10080
ENCODING 1086
SWIDTH 583 0
DWIDTH 14 0
BBX 12 13 1 0
BITMAP
0FC0
1FE0
38F0
7070
7070
E070
E070
E070
E0E0
E0E0
71C0
7F80
1F00
ENDCHAR
STARTCHAR afii10081
ENCODING 1087
SWIDTH 625 0
DWIDTH 15 0
BBX 13 13 1 0
BITMAP
3FF8
3FF8
3838
3838
3878
7070
7070
7070
7070
7070
F0F0
E0E0
E0E0
ENDCHAR
STARTCHAR afii10082
ENCODING 1088
SWIDTH 625 0
DWIDTH 15 0
BBX 14 18 0 -5
BITMAP
1CF0
1FF8
1E3C
1C1C
1C1C
381C
381C
381C
3838
3838
7C70
77F0
73C0
7000
7000
7000
E000
E000
ENDCHAR
STARTCHAR afii10083
ENCODING 1089
SWIDTH 542 0
DWIDTH 13 0
BBX 12 13 1 0
BITMAP
0FC0
1FE0
38F0
7070
7000
E000
E000
E000
E000
E1E0
71C0
7FC0
1F00
ENDCHAR
STARTCHAR afii10084
ENCODING 1090
SWIDTH 875 0
DWIDTH 21 0
BBX 20 13 0 0
BITMAP
1CE1E0
1FF3F0
3FFFF0
3C7C70
3C7870
387870
387070
7870F0
7870E0
7070E0
70F0E0
70E0E0
70E1E0
ENDCHAR
STARTCHAR afii10085
ENCODING 1091
SWIDTH 542 0
DWIDTH 13 0
BBX 15 18 -1 -5
BITMAP
381E
381C
183C
1C38
1C70
1C70
1CE0
0CE0
0DC0
0DC0
0F80
0F00
0700
0E00
0E00
1C00
F800
F000
ENDCHAR
STARTCHAR afii10086
ENCODING 1092
SWIDTH 833 0
DWIDTH 20 0
BBX 18 22 1 -5
BITMAP
007000
007000
007000
00E000
1EE700
3FFF80
71F1C0
71E1C0
61E1C0
E1C1C0
E1C1C0
E1C1C0
E1C380
E3C380
E3E780
7FBF00
7B9E00
038000
038000
038000
070000
070000
ENDCHAR
STARTCHAR afii10087
ENCODING 1093
SWIDTH 542 0
DWIDTH 13 0
BBX 15 13 -1 0
BITMAP
1E1E
0E1C
0E38
0770
07E0
03C0
03C0
07C0
0EE0
1CE0
3870
7070
E078
ENDCHAR
STARTCHAR afii10088
ENCODING 1094
SWIDTH 667 0
DWIDTH 16 0
BBX 12 18 2 -5
BITMAP
7070
7070
7070
7070
70F0
E0E0
E0E0
E0E0
E0E0
E1E0
E3E0
FFF0
79F0
0070
0060
00E0
00E0
00E0
ENDCHAR
STARTCHAR afii10089
ENCODING 1095
SWIDTH 583 0
DWIDTH 14 0
BBX 12 13 1 0
BITMAP
7070
7070
7070
7070
7070
E0E0
F0E0
7FE0
3EE0
00E0
01E0
01C0
01C0
ENDCHAR
STARTCHAR afii10090
ENCODING 1096
SWIDTH 875 0
DWIDTH 21 0
BBX 18 13 2 0
BITMAP
70E1C0
70E1C0
70E1C0
70E1C0
71E1C0
E1C380
E1C380
E1C380
E1C380
E3C780
E7CF80
FDFF00
78F700
ENDCHAR
STARTCHAR afii10091
ENCODING 1097
SWIDTH 917 0
DWIDTH 22 0
BBX 19 18 2 -5
BITMAP
70E1C0
70E1C0
70E1C0
70E1C0
71E1C0
E1C380
E1C380
E1C380
E1C380
E3C780
E7CF80
FDFFE0
78F7C0
0001C0
0001C0
0001C0
0001C0
000380
ENDCHAR
STARTCHAR afii10092
ENCODING 1098
SWIDTH 708 0
DWIDTH 17 0
BBX 14 13 1 0
BITMAP
FE00
FE00
0E00
0E00
1E00
1FF0
1FF8
1C3C
1C1C
1C1C
3C3C
3FF8
3FE0
ENDCHAR
STARTCHAR afii10093
ENCODING 1099
SWIDTH 875 0
DWIDTH 21 0
BBX 19 13 1 0
BITMAP
3800E0
3800E0
3800E0
3800E0
7800E0
7FC1C0
7FE1C0
70F1C0
7071C0
7071C0
E0F3C0
FFE380
FF8380
ENDCHAR
STARTCHAR afii10094
ENCODING 1100
SWIDTH 583 0
DWIDTH 14 0
BBX 11 13 1 0
BITMAP
3800
3800
3800
3800
7800
7F80
7FC0
70E0
70E0
70E0
E1E0
FFC0
FF00
ENDCHAR
STARTCHAR afii10095
ENCODING 1101
SWIDTH 542 0
DWIDTH 13 0
BBX 12 13 0 0
BITMAP
0FC0
3FE0
78F0
7070
0070
07F0
07F0
0070
60E0
F0E0
71C0
7F80
1F00
ENDCHAR
STARTCHAR afii10096
ENCODING 1102
SWIDTH 875 0
DWIDTH 21 0
BBX 20 13 0 0
BITMAP
1C0F80
1C3FE0
3C79E0
3CF0F0
38E0F0
3FE070
3FE0F0
7FE0F0
79E0E0
71E0E0
70F1C0
70FF80
703F00
ENDCHAR
STARTCHAR afii10097
ENCODING 1103
SWIDTH 583 0
DWIDTH 14 0
BBX 14 13 -1 0
BITMAP
07FC
0FFC
1E1C
1C1C
1C1C
1C38
0FF8
07F8
0E38
1C38
3878
7070
F070
ENDCHAR
STARTCHAR afii10071
ENCODING 1105
SWIDTH 542 0
DWIDTH 13 0
BBX 12 17 1 0
BITMAP
0E70
0E70
0E70
0000
0F80
3FC0
79E0
70E0
F0E0
FFE0
FFE0
E000
E000
E180
73C0
7F80
3F00
ENDCHAR
STARTCHAR afii10099
ENCODING 1106
SWIDTH 625 0
DWIDTH 15 0
BBX 13 22 1 -5
BITMAP
1C00
7F80
7F80
3800
39E0
3BF0
3C70
3838
7870
7070
7070
7070
7070
7070
F0E0
E0E0
E0E0
00E0
00E0
01E0
07C0
0780
ENDCHAR
STARTCHAR afii10100
ENCODING 1107
SWIDTH 458 0
DWIDTH 11 0
BBX 11 18 1 0
BITMAP
01E0
01C0
0380
0600
0000
3FC0
3FC0
3800
3800
3800
7000
7000
7000
7000
7000
F000
E000
E000
ENDCHAR
STARTCHAR afii10101
ENCODING 1108
SWIDTH 583 0
DWIDTH 14 0
BBX 13 13 1 0
BITMAP
0FC0
1FF0
3878
7038
7000
FF00
FF00
E000
E060
E0F0
71E0
7FC0
1F80
ENDCHAR
STARTCHAR afii10102
ENCODING 1109
SWIDTH 542 0
DWIDTH 13 0
BBX 12 13 0 0
BITMAP
0FC0
1FE0
3870
3860
3800
3F00
1FC0
07E0
00E0
60E0
F0E0
7FC0
3F80
ENDCHAR
STARTCHAR afii10103
ENCODING 1110
SWIDTH 292 0
DWIDTH 7 0
BBX 6 17 1 0
BITMAP
1C
1C
1C
00
38
38
38
38
38
70
70
70
70
70
F0
E0
E0
ENDCHAR
STARTCHAR afii10104
ENCODING 1111
SWIDTH 292 0
DWIDTH 7 0
BBX 9 17 1 0
BITMAP
7380
7380
7380
0000
3800
3800
3800
3800
3800
7000
7000
7000
7000
7000
F000
E000
E000
ENDCHAR
STARTCHAR afii10105
ENCODING 1112
SWIDTH 292 0
DWIDTH 7 0
BBX 9 22 -2 -5
BITMAP
0380
0380
0380
0000
0700
0700
0700
0700
0700
0E00
0E00
0E00
0E00
0E00
1C00
1C00
1C00
1C00
1C00
3C00
F800
F000
ENDCHAR
STARTCHAR afii10106
ENCODING 1113
SWIDTH 958 0
DWIDTH 23 0
BBX 22 13 -1 0
BITMAP
03FE00
07FE00
070E00
070E00
0F1E00
0E1FF0
0E1FF8
1E1C3C
1C1C1C
1C1C1C
38383C
F83FF8
F03FE0
ENDCHAR
STARTCHAR afii10107
ENCODING 1114
SWIDTH 917 0
DWIDTH 22 0
BBX 19 13 1 0
BITMAP
387000
387000
387000
387000
387000
7FFF80
7FFFC0
70E0E0
70E0E0
70E0E0
E1C1E0
E1FFC0
E1FF00
ENDCHAR
STARTCHAR afii10108
ENCODING 1115
SWIDTH 625 0
DWIDTH 15 0
BBX 13 17 1 0
BITMAP
1C00
7F80
7F80
3800
39E0
3BF0
3C78
3838
7878
7070
7070
7070
7070
7070
F0E0
E0E0
E0E0
ENDCHAR
STARTCHAR afii10109
ENCODING 1116
SWIDTH 500 0
DWIDTH 12 0
BBX 12 18 1 0
BITMAP
00F0
00E0
01C0
0300
0000
3870
38E0
39C0
39C0
3B80
7700
7E00
7F00
7700
7780
F380
E380
E1C0
ENDCHAR
STARTCHAR afii10110
ENCODING 1118
SWIDTH 542 0
DWIDTH 13 0
BBX 15 23 -1 -5
BITMAP
020C
071C
03F8
01F0
0000
381E
381C
183C
1C38
1C70
1C70
1CE0
0CE0
0DC0
0DC0
0F80
0F00
0700
0E00
0E00
1C00
F800
F000
ENDCHAR
STARTCHAR afii10193
ENCODING 1119
SWIDTH 625 0
DWIDTH 15 0
BBX 12 18 2 -5
BITMAP
7070
7070
7070
7070
70F0
E0E0
E0E0
E0E0
E0E0
E1E0
E3E0
FFC0
79C0
0000
0E00
0E00
1C00
1C00
ENDCHAR
STARTCHAR afii10050
ENCODING 1168
SWIDTH 583 0
DWIDTH 14 0
BBX 16 22 0 0
BITMAP
0007
0007
0006
000E
000E
1FFE
1FFE
1C00
3800
3800
3800
3800
3800
7800
7000
7000
7000
7000
7000
E000
E000
E000
ENDCHAR
STARTCHAR afii10098
ENCODING 1169
SWIDTH 458 0
DWIDTH 11 0
BBX 11 18 1 0
BITMAP
00E0
00E0
00E0
01C0
01C0
3FC0
3FC0
3800
3800
3800
7000
7000
7000
7000
7000
E000
E000
E000
ENDCHAR
STARTCHAR uni1E3E
ENCODING 7742
SWIDTH 833 0
DWIDTH 20 0
BBX 16 24 2 0
BITMAP
0020
0070
00F8
03E0
0180
0000
F00F
F80F
F80F
F81F
FC1F
FC3F
EC3F
EE37
EE77
E677
E767
E7E7
E3E7
E3C7
E3C7
E1C7
E007
E007
ENDCHAR
STARTCHAR uni1E3F
ENCODING 7743
SWIDTH 958 0
DWIDTH 23 0
BBX 19 22 2 0
BITMAP
000800
001C00
003E00
007800
00F000
006000
000000
000000
038380
EFCFC0
FFFFE0
F9F9E0
F0F0E0
E0E0E0
E0E0E0
E0E0E0
E0E0E0
E0E0E0
E0E0E0
E0E0E0
E0E0E0
E0E0E0
ENDCHAR
STARTCHAR Wgrave
ENCODING 7808
SWIDTH 958 0
DWIDTH 23 0
BBX 23 21 2 0
BITMAP
007000
003800
000C00
000000
E03C0E
E07C1C
E07C1C
E0FC38
E0FC38
E1DC70
E1DC70
E39C60
E39CE0
671CC0
671DC0
661D80
6E1F80
6E1F00
7C1F00
7C1E00
781E00
ENDCHAR
STARTCHAR wgrave
ENCODING 7809
SWIDTH 792 0
DWIDTH 19 0
BBX 19 18 1 0
BITMAP
01C000
00E000
006000
003000
000000
E0E0E0
E1E1C0
E1E1C0
E3E380
E36380
E76300
E67700
EE7600
6C7E00
7C3C00
783C00
783800
703800
ENDCHAR
STARTCHAR Wacute
ENCODING 7810
SWIDTH 958 0
DWIDTH 23 0
BBX 23 21 2 0
BITMAP
000380
000E00
001800
000000
E03C0E
E07C1C
E07C1C
E0FC38
E0FC38
E1DC70
E1DC70
E39C60
E39CE0
671CC0
671DC0
661D80
6E1F80
6E1F00
7C1F00
7C1E00
781E00
ENDCHAR
STARTCHAR wacute
ENCODING 7811
SWIDTH 792 0
DWIDTH 19 0
BBX 19 18 1 0
BITMAP
001E00
001C00
003800
006000
000000
E0E0E0
E1E1C0
E1E1C0
E3E380
E36380
E76300
E67700
EE7600
6C7E00
7C3C00
783C00
783800
703800
ENDCHAR
STARTCHAR Wdieresis
ENCODING 7812
SWIDTH 958 0
DWIDTH 23 0
BBX 23 21 2 0
BITMAP
00E700
00E700
00E700
000000
E03C0E
E07C1C
E07C1C
E0FC38
E0FC38
E1DC70
E1DC70
E39C60
E39CE0
671CC0
671DC0
661D80
6E1F80
6E1F00
7C1F00
7C1E00
781E00
ENDCHAR
STARTCHAR wdieresis
ENCODING 7813
SWIDTH 792 0
DWIDTH 19 0
BBX 19 17 1 0
BITMAP
039C00
039C00
039C00
000000
E0E0E0
E1E1C0
E1E1C0
E3E380
E36380
E76300
E67700
EE7600
6C7E00
7C3C00
783C00
783800
703800
ENDCHAR
STARTCHAR uni1EA0
ENCODING 7840
SWIDTH 625 0
DWIDTH 15 0
BBX 15 24 0 -6
BITMAP
03C0
07C0
07E0
06E0
0EE0
0EE0
0E70
1C70
1C70
1C78
3C38
3FF8
3FFC
781C
701C
701E
F01E
F00E
0000
0000
0380
03C0
03C0
0380
ENDCHAR
STARTCHAR uni1EA1
ENCODING 7841
SWIDTH 583 0
DWIDTH 14 0
BBX 11 20 1 -6
BITMAP
0F00
3FC0
7FE0
31E0
00E0
01E0
1FE0
7FE0
78E0
F0E0
F0E0
FBE0
7FE0
3E60
0000
0000
0600
0F00
0F00
0E00
ENDCHAR
STARTCHAR uni1EA2
ENCODING 7842
SWIDTH 625 0
DWIDTH 15 0
BBX 15 24 0 0
BITMAP
0380
07C0
00C0
01C0
0380
0000
03C0
07C0
07E0
06E0
0EE0
0EE0
0E70
1C70
1C70
1C78
3C38
3FF8
3FFC
781C
701C
701E
F01E
F00E
ENDCHAR
STARTCHAR uni1EA3
ENCODING 7843
SWIDTH 583 0
DWIDTH 14 0
BBX 11 21 1 0
BITMAP
0F00
0F80
0380
0380
0700
0400
0000
0F00
3FC0
7FE0
31E0
00E0
01E0
1FE0
7FE0
78E0
F0E0
F0E0
FBE0
7FE0
3E60
ENDCHAR
STARTCHAR uni1EA4
ENCODING 7844
SWIDTH 625 0
DWIDTH 15 0
BBX 15 24 0 0
BITMAP
000C
001C
07F8
0EE0
0C70
0000
03C0
07C0
07E0
06E0
0EE0
0EE0
0E70
1C70
1C70
1C78
3C38
3FF8
3FFC
781C
701C
701E
F01E
F00E
ENDCHAR
STARTCHAR uni1EA5
ENCODING 7845
SWIDTH 583 0
DWIDTH 14 0
BBX 14 22 1 0
BITMAP
0010
001C
0038
0FB0
1FE0
38C0
1040
0000
0F00
3FC0
7FE0
31E0
00E0
01E0
1FE0
7FE0
78E0
F0E0
F0E0
FBE0
7FE0
3E60
ENDCHAR
STARTCHAR uni1EA6
ENCODING 7846
SWIDTH 625 0
DWIDTH 15 0
BBX 15 24 0 0
BITMAP
2000
7000
1FC0
0EE0
0C70
0000
03C0
07C0
07E0
06E0
0EE0
0EE0
0E70
1C70
1C70
1C78
3C38
3FF8
3FFC
781C
701C
701E
F01E
F00E
ENDCHAR
STARTCHAR uni1EA7
ENCODING 7847
SWIDTH 583 0
DWIDTH 14 0
BBX 12 22 0 0
BITMAP
4000
E000
7000
37C0
2FE0
1C60
0820
0000
0780
1FE0
3FF0
18F0
0070
00F0
0FF0
3FF0
3C70
7870
7870
7DF0
3FF0
1F30
ENDCHAR
STARTCHAR uni1EA8
ENCODING 7848
SWIDTH 625 0
DWIDTH 15 0
BBX 15 25 0 0
BITMAP
0038
003C
000C
07DC
0EF0
0C60
0000
03C0
07C0
07E0
06E0
0EE0
0EE0
0E70
1C70
1C70
1C78
3C38
3FF8
3FFC
781C
701C
701E
F01E
F00E
ENDCHAR
STARTCHAR uni1EA9
ENCODING 7849
SWIDTH 583 0
DWIDTH 14 0
BBX 13 22 1 0
BITMAP
0070
0078
0018
0FB8
1FC0
38C0
1040
0000
0F00
3FC0
7FE0
31E0
00E0
01E0
1FE0
7FE0
78E0
F0E0
F0E0
FBE0
7FE0
3E60
ENDCHAR
STARTCHAR uni1EAA
ENCODING 7850
SWIDTH 625 0
DWIDTH 15 0
BBX 15 26 0 0
BITMAP
0F30
0FF0
09E0
0000
07C0
0FE0
0C70
0000
03C0
07C0
07E0
06E0
0EE0
0EE0
0E70
1C70
1C70
1C78
3C38
3FF8
3FFC
781C
701C
701E
F01E
F00E
ENDCHAR
STARTCHAR uni1EAB
ENCODING 7851
SWIDTH 583 0
DWIDTH 14 0
BBX 11 23 1 0
BITMAP
0C00
1FC0
1BC0
0080
0F00
1FC0
39C0
1040
0000
0F00
3FC0
7FE0
31E0
00E0
01E0
1FE0
7FE0
78E0
F0E0
F0E0
FBE0
7FE0
3E60
ENDCHAR
STARTCHAR uni1EAC
ENCODING 7852
SWIDTH 625 0
DWIDTH 15 0
BBX 15 29 0 -6
BITMAP
03C0
07E0
0EE0
1C30
0000
03C0
07C0
07E0
06E0
0EE0
0EE0
0E70
1C70
1C70
1C78
3C38
3FF8
3FFC
781C
701C
701E
F01E
F00E
0000
0000
0380
03C0
03C0
0380
ENDCHAR
STARTCHAR uni1EAD
ENCODING 7853
SWIDTH 583 0
DWIDTH 14 0
BBX 11 26 1 -6
BITMAP
0F80
1FC0
3DC0
38E0
1040
0000
0F00
3FC0
7FE0
31E0
00E0
01E0
1FE0
7FE0
78E0
F0E0
F0E0
FBE0
7FE0
3E60
0000
0000
0600
0F00
0F00
0E00
ENDCHAR
STARTCHAR uni1EAE
ENCODING 7854
SWIDTH 625 0
DWIDTH 15 0
BBX 15 27 0 0
BITMAP
0080
00E0
01C0
0380
19B0
0C70
0FE0
07C0
0000
03C0
07C0
07E0
06E0
0EE0
0EE0
0E70
1C70
1C70
1C78
3C38
3FF8
3FFC
781C
701C
701E
F01E
F00E
ENDCHAR
STARTCHAR uni1EAF
ENCODING 7855
SWIDTH 583 0
DWIDTH 14 0
BBX 11 24 1 0
BITMAP
0100
01C0
0380
0700
3260
30E0
1FC0
1FC0
0000
0000
0F00
3FC0
7FE0
31E0
00E0
01E0
1FE0
7FE0
78E0
F0E0
F0E0
FBE0
7FE0
3E60
ENDCHAR
STARTCHAR uni1EB0
ENCODING 7856
SWIDTH 625 0
DWIDTH 15 0
BBX 15 27 0 0
BITMAP
0200
0E00
0700
0380
1930
0C70
0FE0
07C0
0000
03C0
07C0
07E0
06E0
0EE0
0EE0
0E70
1C70
1C70
1C78
3C38
3FF8
3FFC
781C
701C
701E
F01E
F00E
ENDCHAR
STARTCHAR uni1EB1
ENCODING 7857
SWIDTH 583 0
DWIDTH 14 0
BBX 11 24 1 0
BITMAP
0400
1C00
0E00
0700
3260
30E0
1FC0
1FC0
0000
0000
0F00
3FC0
7FE0
31E0
00E0
01E0
1FE0
7FE0
78E0
F0E0
F0E0
FBE0
7FE0
3E60
ENDCHAR
STARTCHAR uni1EB2
ENCODING 7858
SWIDTH 625 0
DWIDTH 15 0
BBX 15 26 0 0
BITMAP
0380
01C0
01C0
19B0
0C70
0FE0
07C0
0000
03C0
07C0
07E0
06E0
0EE0
0EE0
0E70
1C70
1C70
1C78
3C38
3FF8
3FFC
781C
701C
701E
F01E
F00E
ENDCHAR
STARTCHAR uni1EB3
ENCODING 7859
SWIDTH 583 0
DWIDTH 14 0
BBX 11 24 1 0
BITMAP
0600
0F00
0380
0380
3760
30E0
1FC0
1FC0
0000
0000
0F00
3FC0
7FE0
31E0
00E0
01E0
1FE0
7FE0
78E0
F0E0
F0E0
FBE0
7FE0
3E60
ENDCHAR
STARTCHAR uni1EB4
ENCODING 7860
SWIDTH 625 0
DWIDTH 15 0
BBX 15 26 0 0
BITMAP
0F30
0FF0
08E0
1000
0C70
0FE0
03C0
0000
03C0
07C0
07E0
06E0
0EE0
0EE0
0E70
1C70
1C70
1C78
3C38
3FF8
3FFC
781C
701C
701E
F01E
F00E
ENDCHAR
STARTCHAR uni1EB5
ENCODING 7861
SWIDTH 583 0
DWIDTH 14 0
BBX 11 23 1 0
BITMAP
0800
1EE0
3FC0
0980
3060
18C0
1FC0
0000
0000
0F00
3FC0
7FE0
31E0
00E0
01E0
1FE0
7FE0
78E0
F0E0
F0E0
FBE0
7FE0
3E60
ENDCHAR
STARTCHAR uni1EB6
ENCODING 7862
SWIDTH 625 0
DWIDTH 15 0
BBX 15 29 0 -6
BITMAP
1830
0C70
0FE0
07C0
0000
03C0
07C0
07E0
06E0
0EE0
0EE0
0E70
1C70
1C70
1C78
3C38
3FF8
3FFC
781C
701C
701E
F01E
F00E
0000
0000
0380
03C0
03C0
0380
ENDCHAR
STARTCHAR uni1EB7
ENCODING 7863
SWIDTH 583 0
DWIDTH 14 0
BBX 11 26 1 -6
BITMAP
3060
38E0
1FC0
1FC0
0000
0000
0F00
3FC0
7FE0
31E0
00E0
01E0
1FE0
7FE0
78E0
F0E0
F0E0
FBE0
7FE0
3E60
0000
0000
0600
0F00
0F00
0E00
ENDCHAR
STARTCHAR uni1EB8
ENCODING 7864
SWIDTH 625 0
DWIDTH 15 0
BBX 11 24 2 -6
BITMAP
FFE0
FFE0
FFE0
F000
F000
F000
F000
FFC0
FFC0
FFC0
F000
F000
F000
F000
F000
FFE0
FFE0
FFE0
0000
0000
0600
0F00
0F00
0700
ENDCHAR
STARTCHAR uni1EB9
ENCODING 7865
SWIDTH 583 0
DWIDTH 14 0
BBX 12 20 1 -6
BITMAP
0700
1FC0
3FE0
78E0
7070
E070
FFF0
FFF0
F000
F000
7000
7CE0
3FE0
1FC0
0000
0000
0700
0F00
0F00
0700
ENDCHAR
STARTCHAR uni1EBA
ENCODING 7866
SWIDTH 625 0
DWIDTH 15 0
BBX 11 24 2 0
BITMAP
0E00
0F00
0300
0700
0600
0000
FFE0
FFE0
FFE0
F000
F000
F000
F000
FFC0
FFC0
FFC0
F000
F000
F000
F000
F000
FFE0
FFE0
FFE0
ENDCHAR
STARTCHAR uni1EBB
ENCODING 7867
SWIDTH 583 0
DWIDTH 14 0
BBX 12 21 1 0
BITMAP
0F00
0F80
0380
0380
0700
0400
0000
0700
1FC0
3FE0
78E0
7070
E070
FFF0
FFF0
F000
F000
7000
7CE0
3FE0
1FC0
ENDCHAR
STARTCHAR uni1EBC
ENCODING 7868
SWIDTH 625 0
DWIDTH 15 0
BBX 11 23 2 0
BITMAP
3C60
7EE0
77E0
63C0
0000
FFE0
FFE0
FFE0
F000
F000
F000
F000
FFC0
FFC0
FFC0
F000
F000
F000
F000
F000
FFE0
FFE0
FFE0
ENDCHAR
STARTCHAR uni1EBD
ENCODING 7869
SWIDTH 583 0
DWIDTH 14 0
BBX 12 20 1 0
BITMAP
1C60
3E60
77E0
73C0
0000
0000
0700
1FC0
3FE0
78E0
7070
E070
FFF0
FFF0
F000
F000
7000
7CE0
3FE0
1FC0
ENDCHAR
STARTCHAR uni1EBE
ENCODING 7870
SWIDTH 625 0
DWIDTH 15 0
BBX 13 24 2 0
BITMAP
0010
0078
0F60
1F80
30C0
0000
FFE0
FFE0
FFE0
F000
F000
F000
F000
FFC0
FFC0
FFC0
F000
F000
F000
F000
F000
FFE0
FFE0
FFE0
ENDCHAR
STARTCHAR uni1EBF
ENCODING 7871
SWIDTH 583 0
DWIDTH 14 0
BBX 14 22 1 0
BITMAP
0010
001C
0038
0F70
1FA0
39C0
1040
0000
0700
1FC0
3FE0
78E0
7070
E070
FFF0
FFF0
F000
F000
7000
7CE0
3FE0
1FC0
ENDCHAR
STARTCHAR uni1EC0
ENCODING 7872
SWIDTH 625 0
DWIDTH 15 0
BBX 12 24 1 0
BITMAP
4000
E000
3780
0FC0
1860
0000
7FF0
7FF0
7FF0
7800
7800
7800
7800
7FE0
7FE0
7FE0
7800
7800
7800
7800
7800
7FF0
7FF0
7FF0
ENDCHAR
STARTCHAR uni1EC1
ENCODING 7873
SWIDTH 583 0
DWIDTH 14 0
BBX 13 22 0 0
BITMAP
4000
E000
6000
3780
2FC0
1CE0
0820
0000
0380
0FE0
1FF0
3C70
3838
7038
7FF8
7FF8
7800
7800
3800
3E70
1FF0
0FE0
ENDCHAR
STARTCHAR uni1EC2
ENCODING 7874
SWIDTH 625 0
DWIDTH 15 0
BBX 12 25 2 0
BITMAP
0060
00F0
0030
0F70
1FC0
30C0
0000
FFE0
FFE0
FFE0
F000
F000
F000
F000
FFC0
FFC0
FFC0
F000
F000
F000
F000
F000
FFE0
FFE0
FFE0
ENDCHAR
STARTCHAR uni1EC3
ENCODING 7875
SWIDTH 583 0
DWIDTH 14 0
BBX 13 22 1 0
BITMAP
0070
0078
0018
0F30
1FC0
39C0
1040
0000
0700
1FC0
3FE0
78E0
7070
E070
FFF0
FFF0
F000
F000
7000
7CE0
3FE0
1FC0
ENDCHAR
STARTCHAR uni1EC4
ENCODING 7876
SWIDTH 625 0
DWIDTH 15 0
BBX 11 26 2 0
BITMAP
1CC0
3FC0
3380
0000
0F00
1F80
31C0
0000
FFE0
FFE0
FFE0
F000
F000
F000
F000
FFC0
FFC0
FFC0
F000
F000
F000
F000
F000
FFE0
FFE0
FFE0
ENDCHAR
STARTCHAR uni1EC5
ENCODING 7877
SWIDTH 583 0
DWIDTH 14 0
BBX 12 23 1 0
BITMAP
0800
1EC0
37C0
0100
0F00
1F80
39C0
1040
0000
0700
1FC0
3FE0
78E0
7070
E070
FFF0
FFF0
F000
F000
7000
7CE0
3FE0
1FC0
ENDCHAR
STARTCHAR uni1EC6
ENCODING 7878
SWIDTH 625 0
DWIDTH 15 0
BBX 11 29 2 -6
BITMAP
0F00
1F80
39C0
70C0
0000
FFE0
FFE0
FFE0
F000
F000
F000
F000
FFC0
FFC0
FFC0
F000
F000
F000
F000
F000
FFE0
FFE0
FFE0
0000
0000
0600
0F00
0F00
0700
ENDCHAR
STARTCHAR uni1EC7
ENCODING 7879
SWIDTH 583 0
DWIDTH 14 0
BBX 12 26 1 -6
BITMAP
0F80
1F80
3DC0
70E0
2040
0000
0700
1FC0
3FE0
78E0
7070
E070
FFF0
FFF0
F000
F000
7000
7CE0
3FE0
1FC0
0000
0000
0700
0F00
0F00
0700
ENDCHAR
STARTCHAR uni1EC8
ENCODING 7880
SWIDTH 333 0
DWIDTH 8 0
BBX 4 24 2 0
BITMAP
E0
F0
30
70
60
00
F0
F0
F0
F0
F0
F0
F0
F0
F0
F0
F0
F0
F0
F0
F0
F0
F0
F0
ENDCHAR
STARTCHAR uni1EC9
ENCODING 7881
SWIDTH 292 0
DWIDTH 7 0
BBX 5 21 1 0
BITMAP
70
F8
38
38
70
40
00
00
70
70
70
70
70
70
70
70
70
70
70
70
70
ENDCHAR
STARTCHAR uni1ECA
ENCODING 7882
SWIDTH 333 0
DWIDTH 8 0
BBX 4 24 2 -6
BITMAP
F0
F0
F0
F0
F0
F0
F0
F0
F0
F0
F0
F0
F0
F0
F0
F0
F0
F0
00
00
60
F0
F0
60
ENDCHAR
STARTCHAR uni1ECB
ENCODING 7883
SWIDTH 292 0
DWIDTH 7 0
BBX 4 25 2 -6
BITMAP
E0
F0
E0
00
00
00
E0
E0
E0
E0
E0
E0
E0
E0
E0
E0
E0
E0
E0
00
00
E0
F0
F0
E0
ENDCHAR
STARTCHAR uni1ECC
ENCODING 7884
SWIDTH 750 0
DWIDTH 18 0
BBX 16 24 1 -6
BITMAP
07E0
1FF8
3FFC
3C3E
781E
780F
700F
F00F
F007
F007
F00F
700F
780F
781E
3C1E
3FFC
1FF8
07F0
0000
0000
01C0
03C0
03C0
01C0
ENDCHAR
STARTCHAR uni1ECD
ENCODING 7885
SWIDTH 625 0
DWIDTH 15 0
BBX 13 20 1 -6
BITMAP
0700
1FC0
3FE0
78F0
F078
F078
F078
F078
F078
F078
78F0
7FF0
3FE0
1FC0
0000
0000
0700
0780
0F80
0700
ENDCHAR
STARTCHAR uni1ECE
ENCODING 7886
SWIDTH 750 0
DWIDTH 18 0
BBX 16 24 1 0
BITMAP
0380
03E0
00E0
00C0
0180
0000
07E0
1FF8
3FFC
3C3E
781E
780F
700F
F00F
F007
F007
F00F
700F
780F
781E
3C1E
3FFC
1FF8
07F0
ENDCHAR
STARTCHAR uni1ECF
ENCODING 7887
SWIDTH 625 0
DWIDTH 15 0
BBX 13 21 1 0
BITMAP
0F00
0F80
0380
0380
0700
0400
0000
0700
1FC0
3FE0
78F0
F078
F078
F078
F078
F078
F078
78F0
7FF0
3FE0
1FC0
ENDCHAR
STARTCHAR uni1ED0
ENCODING 7888
SWIDTH 750 0
DWIDTH 18 0
BBX 16 24 1 0
BITMAP
0004
000E
03F8
0770
0E30
0000
07E0
1FF8
3FFC
3C3E
781E
780F
700F
F00F
F007
F007
F00F
700F
780F
781E
3C1E
3FFC
1FF8
07F0
ENDCHAR
STARTCHAR uni1ED1
ENCODING 7889
SWIDTH 625 0
DWIDTH 15 0
BBX 14 22 1 0
BITMAP
0010
001C
0038
0FB0
1FE0
18C0
1040
0000
0700
1FC0
3FE0
78F0
F078
F078
F078
F078
F078
F078
78F0
7FF0
3FE0
1FC0
ENDCHAR
STARTCHAR uni1ED2
ENCODING 7890
SWIDTH 750 0
DWIDTH 18 0
BBX 16 24 1 0
BITMAP
3000
3800
1BE0
0770
0E30
0000
07E0
1FF8
3FFC
3C3E
781E
780F
700F
F00F
F007
F007
F00F
700F
780F
781E
3C1E
3FFC
1FF8
07F0
ENDCHAR
STARTCHAR uni1ED3
ENCODING 7891
SWIDTH 625 0
DWIDTH 15 0
BBX 14 22 0 0
BITMAP
4000
E000
7000
37C0
1FE0
0C70
0820
0000
0380
0FE0
1FF0
3C78
783C
783C
783C
783C
783C
783C
3C78
3FF8
1FF0
0FE0
ENDCHAR
STARTCHAR uni1ED4
ENCODING 7892
SWIDTH 750 0
DWIDTH 18 0
BBX 16 25 1 0
BITMAP
0018
001E
000E
03FC
0770
0E30
0000
07E0
1FF8
3FFC
3C3E
781E
780F
700F
F00F
F007
F007
F00F
700F
780F
781E
3C1E
3FFC
1FF8
07F0
ENDCHAR
STARTCHAR uni1ED5
ENCODING 7893
SWIDTH 625 0
DWIDTH 15 0
BBX 13 22 1 0
BITMAP
0070
0078
0018
0FB8
1FC0
18E0
1040
0000
0700
1FC0
3FE0
78F0
F078
F078
F078
F078
F078
F078
78F0
7FF0
3FE0
1FC0
ENDCHAR
STARTCHAR uni1ED6
ENCODING 7894
SWIDTH 750 0
DWIDTH 18 0
BBX 16 26 1 0
BITMAP
0710
0FF0
0CF0
0000
03C0
07E0
0E30
0000
07E0
1FF8
3FFC
3C3E
781E
780F
700F
F00F
F007
F007
F00F
700F
780F
781E
3C1E
3FFC
1FF8
07F0
ENDCHAR
STARTCHAR uni1ED7
ENCODING 7895
SWIDTH 625 0
DWIDTH 15 0
BBX 13 23 1 0
BITMAP
0C00
1FC0
1BC0
0080
0F80
1FC0
18E0
1040
0000
0700
1FC0
3FE0
78F0
F078
F078
F078
F078
F078
F078
78F0
7FF0
3FE0
1FC0
ENDCHAR
STARTCHAR uni1ED8
ENCODING 7896
SWIDTH 750 0
DWIDTH 18 0
BBX 16 29 1 -6
BITMAP
03C0
07E0
0E70
0C38
0000
07E0
1FF8
3FFC
3C3E
781E
780F
700F
F00F
F007
F007
F00F
700F
780F
781E
3C1E
3FFC
1FF8
07F0
0000
0000
01C0
03C0
03C0
01C0
ENDCHAR
STARTCHAR uni1ED9
ENCODING 7897
SWIDTH 625 0
DWIDTH 15 0
BBX 13 26 1 -6
BITMAP
0F80
1FC0
3DE0
38E0
1040
0000
0700
1FC0
3FE0
78F0
F078
F078
F078
F078
F078
F078
78F0
7FF0
3FE0
1FC0
0000
0000
0700
0780
0F80
0700
ENDCHAR
STARTCHAR uni1EDA
ENCODING 7898
SWIDTH 750 0
DWIDTH 18 0
BBX 17 24 1 0
BITMAP
002000
007000
00F900
03E780
018380
000380
07E700
1FFE00
3FFC00
3C3E00
781E00
780F00
700F00
F00F00
F00700
F00700
F00F00
700F00
780F00
781E00
3C1E00
3FFC00
1FF800
07F000
ENDCHAR
STARTCHAR uni1EDB
ENCODING 7899
SWIDTH 625 0
DWIDTH 15 0
BBX 14 22 1 0
BITMAP
00C0
00E0
01E0
03C0
079C
031C
001C
001C
0738
1FF0
3FE0
78F0
F078
F078
F078
F078
F078
F078
78F0
7FF0
3FE0
1FC0
ENDCHAR
STARTCHAR uni1EDC
ENCODING 7900
SWIDTH 750 0
DWIDTH 18 0
BBX 17 24 1 0
BITMAP
040000
0F0000
0F8100
03C780
018380
000380
07E700
1FFE00
3FFC00
3C3E00
781E00
780F00
700F00
F00F00
F00700
F00700
F00F00
700F00
780F00
781E00
3C1E00
3FFC00
1FF800
07F000
ENDCHAR
STARTCHAR uni1EDD
ENCODING 7901
SWIDTH 625 0
DWIDTH 15 0
BBX 14 22 1 0
BITMAP
1800
3C00
3C00
1E00
0F1C
061C
001C
001C
0738
1FF0
3FE0
78F0
F078
F078
F078
F078
F078
F078
78F0
7FF0
3FE0
1FC0
ENDCHAR
STARTCHAR uni1EDE
ENCODING 7902
SWIDTH 750 0
DWIDTH 18 0
BBX 17 24 1 0
BITMAP
038000
03E000
00E100
00C780
018380
000380
07E700
1FFE00
3FFC00
3C3E00
781E00
780F00
700F00
F00F00
F00700
F00700
F00F00
700F00
780F00
781E00
3C1E00
3FFC00
1FF800
07F000
ENDCHAR
STARTCHAR uni1EDF
ENCODING 7903
SWIDTH 625 0
DWIDTH 15 0
BBX 14 21 1 0
BITMAP
0F00
0F80
0380
039C
071C
041C
001C
0738
1FF0
3FE0
78F0
F078
F078
F078
F078
F078
F078
78F0
7FF0
3FE0
1FC0
ENDCHAR
STARTCHAR uni1EE0
ENCODING 7904
SWIDTH 750 0
DWIDTH 18 0
BBX 17 23 1 0
BITMAP
0F1800
1FB900
1DFF80
18F380
000380
07E700
1FFE00
3FFC00
3C3E00
781E00
780F00
700F00
F00F00
F00700
F00700
F00F00
700F00
780F00
781E00
3C1E00
3FFC00
1FF800
07F000
ENDCHAR
STARTCHAR uni1EE1
ENCODING 7905
SWIDTH 625 0
DWIDTH 15 0
BBX 14 20 1 0
BITMAP
3860
7EE0
7FDC
63DC
001C
001C
0738
1FF0
3FE0
78F0
F078
F078
F078
F078
F078
F078
78F0
7FF0
3FE0
1FC0
ENDCHAR
STARTCHAR uni1EE2
ENCODING 7906
SWIDTH 750 0
DWIDTH 18 0
BBX 17 28 1 -6
BITMAP
000100
000780
000380
000380
07E700
1FFE00
3FFC00
3C3E00
781E00
780F00
700F00
F00F00
F00700
F00700
F00F00
700F00
780F00
781E00
3C1E00
3FFC00
1FF800
07F000
000000
000000
018000
03C000
03C000
01C000
ENDCHAR
STARTCHAR uni1EE3
ENCODING 7907
SWIDTH 625 0
DWIDTH 15 0
BBX 14 24 1 -6
BITMAP
001C
001C
001C
001C
0738
1FF0
3FE0
78F0
F078
F078
F078
F078
F078
F078
78F0
7FF0
3FE0
1FC0
0000
0000
0700
0780
0780
0700
ENDCHAR
STARTCHAR uni1EE4
ENCODING 7908
SWIDTH 750 0
DWIDTH 18 0
BBX 14 24 2 -6
BITMAP
F03C
F03C
F03C
F03C
F03C
F03C
F03C
F03C
F03C
F03C
F03C
F03C
F03C
F038
7878
7FF8
3FF0
1FE0
0000
0000
0300
0780
0780
0700
ENDCHAR
STARTCHAR uni1EE5
ENCODING 7909
SWIDTH 625 0
DWIDTH 15 0
BBX 11 19 2 -6
BITMAP
E0E0
E0E0
E0E0
E0E0
E0E0
E0E0
E0E0
E0E0
E0E0
F1E0
FFE0
FFE0
7EE0
0000
0000
0E00
0F00
1F00
0E00
ENDCHAR
STARTCHAR uni1EE6
ENCODING 7910
SWIDTH 750 0
DWIDTH 18 0
BBX 14 24 2 0
BITMAP
0700
0780
0180
0380
0300
0000
F03C
F03C
F03C
F03C
F03C
F03C
F03C
F03C
F03C
F03C
F03C
F03C
F03C
F038
7878
7FF8
3FF0
1FE0
ENDCHAR
STARTCHAR uni1EE7
ENCODING 7911
SWIDTH 625 0
DWIDTH 15 0
BBX 11 21 2 0
BITMAP
1E00
1F00
0700
0700
0E00
0800
0000
0000
E0E0
E0E0
E0E0
E0E0
E0E0
E0E0
E0E0
E0E0
E0E0
F1E0
FFE0
FFE0
7EE0
ENDCHAR
STARTCHAR uni1EE8
ENCODING 7912
SWIDTH 750 0
DWIDTH 18 0
BBX 17 24 2 0
BITMAP
004000
00E080
03E380
078380
030380
000380
F03F00
F03C00
F03C00
F03C00
F03C00
F03C00
F03C00
F03C00
F03C00
F03C00
F03C00
F03C00
F03C00
F03800
787800
7FF800
3FF000
1FE000
ENDCHAR
STARTCHAR uni1EE9
ENCODING 7913
SWIDTH 625 0
DWIDTH 15 0
BBX 14 22 2 0
BITMAP
0180
01C0
03C0
0784
0F1C
061C
001C
001C
0078
E0F0
E0E0
E0E0
E0E0
E0E0
E0E0
E0E0
E0E0
E0E0
F1E0
FFE0
FFE0
7EE0
ENDCHAR
STARTCHAR uni1EEA
ENCODING 7914
SWIDTH 750 0
DWIDTH 18 0
BBX 17 24 2 0
BITMAP
080000
1C0080
1F0380
078380
030380
000380
F03F00
F03C00
F03C00
F03C00
F03C00
F03C00
F03C00
F03C00
F03C00
F03C00
F03C00
F03C00
F03C00
F03800
787800
7FF800
3FF000
1FE000
ENDCHAR
STARTCHAR uni1EEB
ENCODING 7915
SWIDTH 625 0
DWIDTH 15 0
BBX 14 22 2 0
BITMAP
3000
7800
7800
3C04
1E1C
0C1C
001C
001C
0078
E0F0
E0E0
E0E0
E0E0
E0E0
E0E0
E0E0
E0E0
E0E0
F1E0
FFE0
FFE0
7EE0
ENDCHAR
STARTCHAR uni1EEC
ENCODING 7916
SWIDTH 750 0
DWIDTH 18 0
BBX 17 24 2 0
BITMAP
070000
078080
018380
038380
030380
000380
F03F00
F03C00
F03C00
F03C00
F03C00
F03C00
F03C00
F03C00
F03C00
F03C00
F03C00
F03C00
F03C00
F03800
787800
7FF800
3FF000
1FE000
ENDCHAR
STARTCHAR uni1EED
ENCODING 7917
SWIDTH 625 0
DWIDTH 15 0
BBX 14 21 2 0
BITMAP
1E00
1F00
0704
071C
0E1C
081C
001C
0078
E0F0
E0E0
E0E0
E0E0
E0E0
E0E0
E0E0
E0E0
E0E0
F1E0
FFE0
FFE0
7EE0
ENDCHAR
STARTCHAR uni1EEE
ENCODING 7918
SWIDTH 750 0
DWIDTH 18 0
BBX 17 23 2 0
BITMAP
1E3080
3FF380
3BF380
31E380
000380
F03F00
F03C00
F03C00
F03C00
F03C00
F03C00
F03C00
F03C00
F03C00
F03C00
F03C00
F03C00
F03C00
F03800
787800
7FF800
3FF000
1FE000
ENDCHAR
STARTCHAR uni1EEF
ENCODING 7919
SWIDTH 625 0
DWIDTH 15 0
BBX 14 20 2 0
BITMAP
38C0
7CC4
6FDC
E79C
001C
001C
0078
E0F0
E0E0
E0E0
E0E0
E0E0
E0E0
E0E0
E0E0
E0E0
F1E0
FFE0
FFE0
7EE0
ENDCHAR
STARTCHAR uni1EF0
ENCODING 7920
SWIDTH 750 0
DWIDTH 18 0
BBX 17 29 2 -6
BITMAP
000080
000380
000380
000380
000380
F03F00
F03C00
F03C00
F03C00
F03C00
F03C00
F03C00
F03C00
F03C00
F03C00
F03C00
F03C00
F03C00
F03800
787800
7FF800
3FF000
1FE000
000000
000000
030000
078000
078000
070000
ENDCHAR
STARTCHAR uni1EF1
ENCODING 7921
SWIDTH 625 0
DWIDTH 15 0
BBX 14 25 2 -6
BITMAP
0004
001C
001C
001C
001C
0078
E0F0
E0E0
E0E0
E0E0
E0E0
E0E0
E0E0
E0E0
E0E0
F1E0
FFE0
FFE0
7EE0
0000
0000
0600
0F00
0F00
0700
ENDCHAR
STARTCHAR Ygrave
ENCODING 7922
SWIDTH 667 0
DWIDTH 16 0
BBX 15 21 2 0
BITMAP
0700
0380
00C0
0000
E00E
701C
7038
7870
3870
38E0
1DC0
1F80
0F00
0F00
0E00
0E00
0E00
0E00
1E00
1C00
1C00
ENDCHAR
STARTCHAR ygrave
ENCODING 7923
SWIDTH 542 0
DWIDTH 13 0
BBX 15 23 -1 -5
BITMAP
0700
0380
0180
00C0
0000
381E
381C
183C
1C38
1C70
1C70
1CE0
0CE0
0DC0
0DC0
0F80
0F00
0700
0E00
0E00
1C00
F800
F000
ENDCHAR
STARTCHAR uni1EF4
ENCODING 7924
SWIDTH 583 0
DWIDTH 14 0
BBX 14 24 0 -6
BITMAP
F03C
F038
7878
7878
3870
3CF0
1CE0
1FE0
0FC0
0FC0
0780
0780
0780
0780
0780
0780
0780
0780
0000
0000
0300
0780
0780
0380
ENDCHAR
STARTCHAR uni1EF5
ENCODING 7925
SWIDTH 583 0
DWIDTH 14 0
BBX 14 19 0 -6
BITMAP
F038
7838
3870
3870
3C70
1CE0
1CE0
1EE0
0EC0
0FC0
07C0
0780
0780
0780
0700
2F38
3E3C
7C3C
0018
ENDCHAR
STARTCHAR uni1EF6
ENCODING 7926
SWIDTH 583 0
DWIDTH 14 0
BBX 14 24 0 0
BITMAP
0700
0780
0180
0380
0300
0000
F03C
F038
7878
7878
3870
3CF0
1CE0
1FE0
0FC0
0FC0
0780
0780
0780
0780
0780
0780
0780
0780
ENDCHAR
STARTCHAR uni1EF7
ENCODING 7927
SWIDTH 583 0
DWIDTH 14 0
BBX 13 26 0 -5
BITMAP
0700
0780
01C0
01C0
0380
0400
0000
8000
7038
7838
3870
3870
3C70
1CE0
1CE0
1EE0
0EC0
0FC0
07C0
0780
0780
0780
0700
2F00
3E00
7C00
ENDCHAR
STARTCHAR uni1EF8
ENCODING 7928
SWIDTH 583 0
DWIDTH 14 0
BBX 14 23 0 0
BITMAP
1E30
3FF0
3BF0
31E0
0000
F03C
F038
7878
7878
3870
3CF0
1CE0
1FE0
0FC0
0FC0
0780
0780
0780
0780
0780
0780
0780
0780
ENDCHAR
STARTCHAR uni1EF9
ENCODING 7929
SWIDTH 583 0
DWIDTH 14 0
BBX 13 25 0 -5
BITMAP
1E30
1F30
3FF0
31E0
0000
0000
8000
7038
7838
3870
3870
3C70
1CE0
1CE0
1EE0
0EC0
0FC0
07C0
0780
0780
0780
0700
2F00
3E00
7C00
ENDCHAR
STARTCHAR uni2002
ENCODING 8194
SWIDTH 500 0
DWIDTH 12 0
BBX 0 0 0 0
BITMAP
ENDCHAR
STARTCHAR uni2003
ENCODING 8195
SWIDTH 1000 0
DWIDTH 24 0
BBX 0 0 0 0
BITMAP
ENDCHAR
STARTCHAR uni2010
ENCODING 8208
SWIDTH 333 0
DWIDTH 8 0
BBX 6 2 1 6
BITMAP
FC
FC
ENDCHAR
STARTCHAR uni2011
ENCODING 8209
SWIDTH 333 0
DWIDTH 8 0
BBX 6 2 1 6
BITMAP
FC
FC
ENDCHAR
STARTCHAR figuredash
ENCODING 8210
SWIDTH 333 0
DWIDTH 8 0
BBX 6 2 1 6
BITMAP
FC
FC
ENDCHAR
STARTCHAR endash
ENCODING 8211
SWIDTH 542 0
DWIDTH 13 0
BBX 11 2 1 6
BITMAP
FFE0
FFE0
ENDCHAR
STARTCHAR emdash
ENCODING 8212
SWIDTH 1000 0
DWIDTH 24 0
BBX 24 2 0 6
BITMAP
FFFFFF
FFFFFF
ENDCHAR
STARTCHAR afii00208
ENCODING 8213
SWIDTH 1000 0
DWIDTH 24 0
BBX 24 1 0 7
BITMAP
FFFFFF
ENDCHAR
STARTCHAR uni2016
ENCODING 8214
SWIDTH 1000 0
DWIDTH 24 0
BBX 4 24 10 -3
BITMAP
90
90
90
90
90
90
90
90
90
90
90
90
90
90
90
90
90
90
90
90
90
90
90
90
ENDCHAR
STARTCHAR underscoredbl
ENCODING 8215
SWIDTH 542 0
DWIDTH 13 0
BBX 13 4 -1 -6
BITMAP
FFF8
0000
0000
FFF8
ENDCHAR
STARTCHAR quoteleft
ENCODING 8216
SWIDTH 250 0
DWIDTH 6 0
BBX 4 7 2 10
BITMAP
30
60
60
C0
E0
E0
E0
ENDCHAR
STARTCHAR quoteright
ENCODING 8217
SWIDTH 292 0
DWIDTH 7 0
BBX 5 7 1 10
BITMAP
38
38
38
10
30
30
60
ENDCHAR
STARTCHAR quotesinglbase
ENCODING 8218
SWIDTH 292 0
DWIDTH 7 0
BBX 5 7 -1 -4
BITMAP
70
70
70
30
30
60
E0
ENDCHAR
STARTCHAR quotereversed
ENCODING 8219
SWIDTH 292 0
DWIDTH 7 0
BBX 4 7 2 10
BITMAP
70
70
70
C0
C0
C0
60
ENDCHAR
STARTCHAR quotedblleft
ENCODING 8220
SWIDTH 500 0
DWIDTH 12 0
BBX 9 7 2 10
BITMAP
3180
6300
6300
C600
E700
E700
E700
ENDCHAR
STARTCHAR quotedblright
ENCODING 8221
SWIDTH 500 0
DWIDTH 12 0
BBX 10 7 1 10
BITMAP
39C0
39C0
39C0
1080
3180
3180
6300
ENDCHAR
STARTCHAR quotedblbase
ENCODING 8222
SWIDTH 500 0
DWIDTH 12 0
BBX 10 7 -1 -4
BITMAP
7380
7380
7380
3180
3180
6300
E700
ENDCHAR
STARTCHAR dagger
ENCODING 8224
SWIDTH 542 0
DWIDTH 13 0
BBX 11 19 2 -2
BITMAP
0700
0700
0700
0600
7FE0
FFE0
0E00
0C00
0C00
0C00
1C00
1C00
1800
1800
1800
1800
3000
3000
3000
ENDCHAR
STARTCHAR daggerdbl
ENCODING 8225
SWIDTH 542 0
DWIDTH 13 0
BBX 11 19 1 -2
BITMAP
0300
0300
0200
0200
7FE0
7FE0
0600
0400
0400
0400
0400
0C00
0C00
FFC0
FF80
1800
1800
1800
1800
ENDCHAR
STARTCHAR bullet
ENCODING 8226
SWIDTH 333 0
DWIDTH 8 0
BBX 7 7 0 4
BITMAP
38
7C
FE
FE
FE
7C
38
ENDCHAR
STARTCHAR uni2025
ENCODING 8229
SWIDTH 1000 0
DWIDTH 24 0
BBX 16 4 4 7
BITMAP
6006
F00F
F00F
6006
ENDCHAR
STARTCHAR ellipsis
ENCODING 8230
SWIDTH 1000 0
DWIDTH 24 0
BBX 20 3 1 0
BITMAP
F0E0F0
E0E0E0
E0E0E0
ENDCHAR
STARTCHAR uni2027
ENCODING 8231
SWIDTH 1000 0
DWIDTH 24 0
BBX 6 6 9 6
BITMAP
78
FC
FC
FC
FC
78
ENDCHAR
STARTCHAR perthousand
ENCODING 8240
SWIDTH 958 0
DWIDTH 23 0
BBX 22 17 0 0
BITMAP
1E0600
330C00
331800
633000
633000
666000
66C000
3D8000
038000
037878
06CCCC
0CCCCC
198D8C
198D8C
319998
619998
C0F0F0
ENDCHAR
STARTCHAR minute
ENCODING 8242
SWIDTH 250 0
DWIDTH 6 0
BBX 4 6 2 11
BITMAP
70
70
60
60
E0
E0
ENDCHAR
STARTCHAR second
ENCODING 8243
SWIDTH 500 0
DWIDTH 12 0
BBX 10 6 2 11
BITMAP
71C0
71C0
6180
6180
E380
E380
ENDCHAR
STARTCHAR uni2035
ENCODING 8245
SWIDTH 1000 0
DWIDTH 24 0
BBX 6 3 8 20
BITMAP
F0
70
3C
ENDCHAR
STARTCHAR guilsinglleft
ENCODING 8249
SWIDTH 333 0
DWIDTH 8 0
BBX 7 9 1 2
BITMAP
0E
1C
38
70
E0
E0
70
70
38
ENDCHAR
STARTCHAR guilsinglright
ENCODING 8250
SWIDTH 333 0
DWIDTH 8 0
BBX 7 9 0 2
BITMAP
38
1C
1C
0E
0E
1C
38
70
E0
ENDCHAR
STARTCHAR uni203B
ENCODING 8251
SWIDTH 1000 0
DWIDTH 24 0
BBX 18 18 3 0
BITMAP
C0C0C0
41E080
21E100
10C200
080400
040800
021000
612180
F0C3C0
F0C3C0
612180
021000
040800
080400
10C200
21E100
C1E0C0
408080
ENDCHAR
STARTCHAR exclamdbl
ENCODING 8252
SWIDTH 625 0
DWIDTH 15 0
BBX 12 17 1 0
BITMAP
1C70
1C70
1C70
38E0
38E0
38E0
38E0
38E0
30C0
30C0
71C0
71C0
0000
0000
F3C0
E380
E380
ENDCHAR
STARTCHAR uni203E
ENCODING 8254
SWIDTH 333 0
DWIDTH 8 0
BBX 8 2 0 17
BITMAP
FF
FF
ENDCHAR
STARTCHAR uni2042
ENCODING 8258
SWIDTH 1000 0
DWIDTH 24 0
BBX 20 20 2 -1
BITMAP
006000
006000
036C00
07FE00
00F000
00F000
076E00
026400
006000
006000
0C0300
080300
499920
EB9D70
1E0780
3E07C0
EB9D70
499920
0C0300
0C0300
ENDCHAR
STARTCHAR fraction
ENCODING 8260
SWIDTH 167 0
DWIDTH 4 0
BBX 15 17 -5 0
BITMAP
0006
000C
0018
0030
0030
0060
00C0
0180
0380
0300
0600
0C00
1800
1800
3000
6000
C000
ENDCHAR
STARTCHAR uni2047
ENCODING 8263
SWIDTH 958 0
DWIDTH 23 0
BBX 21 19 1 0
BITMAP
0C0180
3F87F0
FFDFF8
73CE78
21C438
01C038
03C078
038070
0780F0
0F01E0
0E01C0
1C0380
1C0380
000000
000000
1C03C0
1E03C0
1E03C0
1E03C0
ENDCHAR
STARTCHAR uni2048
ENCODING 8264
SWIDTH 833 0
DWIDTH 20 0
BBX 17 19 1 0
BITMAP
0C0000
3F8700
FFC700
73C700
21C700
01C700
03C700
038700
078700
0F0700
0E0700
1C0700
1C0700
000000
000000
1C0700
1E0F80
1E0F80
1E0700
ENDCHAR
STARTCHAR uni2049
ENCODING 8265
SWIDTH 833 0
DWIDTH 20 0
BBX 17 19 2 0
BITMAP
001800
70FE00
71FF00
71CF80
708780
700780
700700
700F00
701E00
701C00
703800
703800
703800
000000
000000
703800
F87C00
F87C00
703800
ENDCHAR
STARTCHAR uni2051
ENCODING 8273
SWIDTH 1000 0
DWIDTH 24 0
BBX 10 20 7 -1
BITMAP
0C00
4C80
EDC0
3B00
0C00
FBC0
6D80
4C80
0C00
0000
0000
0C00
4C80
EDC0
3F00
0C00
FBC0
6D80
4C80
0C00
ENDCHAR
STARTCHAR uni2074
ENCODING 8308
SWIDTH 417 0
DWIDTH 10 0
BBX 9 11 1 10
BITMAP
0E00
1E00
1E00
3600
7600
6600
FF80
FF80
0600
0600
0600
ENDCHAR
STARTCHAR uni207F
ENCODING 8319
SWIDTH 417 0
DWIDTH 10 0
BBX 8 8 1 6
BITMAP
6E
73
63
63
63
E6
C6
C6
ENDCHAR
STARTCHAR franc
ENCODING 8355
SWIDTH 542 0
DWIDTH 13 0
BBX 15 17 -1 0
BITMAP
0FFE
0FFE
0E00
1C00
1C00
1C00
1C00
1FF8
1FF8
3800
3800
3800
FF80
FF00
7800
7000
7000
ENDCHAR
STARTCHAR lira
ENCODING 8356
SWIDTH 542 0
DWIDTH 13 0
BBX 14 17 -1 0
BITMAP
01F0
07F8
071C
0E18
0E00
0E00
3FC0
3FC0
1E00
7F80
7F80
1C00
1C00
3838
7078
FFF0
FFE0
ENDCHAR
STARTCHAR peseta
ENCODING 8359
SWIDTH 1083 0
DWIDTH 26 0
BBX 25 17 1 0
BITMAP
1FC00000
1FE00000
1CF00000
38700000
38760000
38760000
387E0000
38FF3E00
7FDFFF80
7FBCE380
701CF000
701C7E00
701C3F00
701C0700
-1FC23900
-1FE00200
-1FE18400
ENDCHAR
STARTCHAR uni20A9
ENCODING 8361
SWIDTH 583 0
DWIDTH 14 0
BBX 15 17 0 0
BITMAP
E01C
E39C
739C
739C
7798
7798
7798
7FFE
FFFE
76F8
34F8
34F8
34F8
3CF0
3CF0
3CF0
3CF0
ENDCHAR
STARTCHAR uni20AB
ENCODING 8363
SWIDTH 583 0
DWIDTH 14 0
BBX 12 18 2 0
BITMAP
01C0
01C0
1FF0
01C0
01C0
3DC0
7FC0
F3C0
E1C0
E1C0
E1C0
E1C0
FFC0
7FC0
3DC0
0000
FFE0
FFE0
ENDCHAR
STARTCHAR Euro
ENCODING 8364
SWIDTH 542 0
DWIDTH 13 0
BBX 14 17 0 0
BITMAP
01F0
07FC
0F1C
0E00
1C00
1C00
7F80
7F80
3800
7F80
FF80
3800
3800
3800
1CF0
1FE0
07C0
ENDCHAR
STARTCHAR uni20DD
ENCODING 8413
SWIDTH 0 0
DWIDTH 0 0
BBX 22 22 -23 -2
BITMAP
03FF00
040080
180060
300030
200010
400008
400008
800004
800004
800004
800004
800004
800004
800004
800004
400008
400008
200010
100020
080040
060180
01FE00
ENDCHAR
STARTCHAR uni20DE
ENCODING 8414
SWIDTH 0 0
DWIDTH 0 0
BBX 22 22 -23 -2
BITMAP
FFFFFC
800004
800004
800004
800004
800004
800004
800004
800004
800004
800004
800004
800004
800004
800004
800004
800004
800004
800004
800004
800004
FFFFFC
ENDCHAR
STARTCHAR uni2100
ENCODING 8448
SWIDTH 1000 0
DWIDTH 24 0
BBX 21 18 2 0
BITMAP
1D81C0
3F8180
638300
E30600
C30600
C30C00
C71800
FF3000
7E3000
0060F0
00C1F8
00C300
018700
030600
030600
060600
0C07E0
1803E0
ENDCHAR
STARTCHAR uni2103
ENCODING 8451
SWIDTH 1000 0
DWIDTH 24 0
BBX 22 19 1 0
BITMAP
380000
7C03F0
C60FF8
C61FFC
C63E18
C63C00
FC7800
387800
007000
007000
007000
007000
007800
007800
007800
003E18
001FFC
000FFC
0007F0
ENDCHAR
STARTCHAR afii61248
ENCODING 8453
SWIDTH 875 0
DWIDTH 21 0
BBX 19 17 2 0
BITMAP
1F0180
3F8300
718600
700C00
E00C00
E01800
E03780
E26FC0
E7FCE0
7EDCE0
3DB8E0
0338E0
0638E0
0639C0
0C39C0
181F80
300F00
ENDCHAR
STARTCHAR uni2109
ENCODING 8457
SWIDTH 1000 0
DWIDTH 24 0
BBX 22 19 1 0
BITMAP
180000
7E1FFC
E61FFC
C31FFC
C31E00
E71E00
7E1E00
3C1E00
001E00
001FF8
001FF8
001FF8
001E00
001E00
001E00
001E00
001E00
001E00
001E00
ENDCHAR
STARTCHAR uni210A
ENCODING 8458
SWIDTH 1000 0
DWIDTH 24 0
BBX 14 20 5 -6
BITMAP
0380
0FDC
1FF8
3C78
3838
7838
7078
7070
7070
70F0
7FF0
3F70
1EE0
70E0
E0E0
E1E0
E1C0
FFC0
7F80
3E00
ENDCHAR
STARTCHAR uni210F
ENCODING 8463
SWIDTH 1000 0
DWIDTH 24 0
BBX 13 19 5 0
BITMAP
0E00
0E00
1FE0
7FC0
7C00
1C00
1DF0
3FF8
3FF8
3C38
3838
3838
7878
7870
7070
7070
7070
F0F0
F0E0
ENDCHAR
STARTCHAR afii61289
ENCODING 8467
SWIDTH 500 0
DWIDTH 12 0
BBX 12 17 0 0
BITMAP
03E0
07F0
0E70
1C70
1C70
1CE0
1CE0
1DC0
3F80
3E00
7800
F800
3840
38C0
3980
3F80
1E00
ENDCHAR
STARTCHAR afii61352
ENCODING 8470
SWIDTH 1167 0
DWIDTH 28 0
BBX 27 17 0 0
BITMAP
1E01C000
1E01C000
1F01C000
3F038000
3B838000
3B838780
39C39FE0
39C39CE0
79C7B8E0
70E738E0
70E738E0
707739C0
70771FC0
703F0F00
-1FC20000
-1FE18080
-1FE18080
ENDCHAR
STARTCHAR uni2121
ENCODING 8481
SWIDTH 1000 0
DWIDTH 24 0
BBX 23 18 1 0
BITMAP
FE0000
FE0000
FE0000
380000
38FEE0
38FEE0
38E0E0
38E0E0
38E0E0
38E0E0
38FCE0
38FCE0
38E0E0
38E0E0
38E0E0
38E0FE
38FEFE
38FEFE
ENDCHAR
STARTCHAR trademark
ENCODING 8482
SWIDTH 1000 0
DWIDTH 24 0
BBX 20 8 2 9
BITMAP
FF7070
FF78F0
1878F0
186DB0
186DB0
186530
186730
186730
ENDCHAR
STARTCHAR u2126
ENCODING 8486
SWIDTH 750 0
DWIDTH 18 0
BBX 16 17 1 0
BITMAP
07E0
1FF8
3C3C
700E
700F
E007
E007
E007
E007
E007
E007
700E
781E
3C3C
0E70
FE7F
FE7F
ENDCHAR
STARTCHAR uni2127
ENCODING 8487
SWIDTH 1000 0
DWIDTH 24 0
BBX 16 18 4 0
BITMAP
FE7F
FE7F
FE7F
3C3C
381C
781E
700E
F00F
F00F
F00F
F00F
F00F
F00F
781E
7C3E
3FFC
1FF8
0FF0
ENDCHAR
STARTCHAR uni212B
ENCODING 8491
SWIDTH 1000 0
DWIDTH 24 0
BBX 16 23 4 0
BITMAP
07E0
0E70
0C30
0C30
0E70
07E0
07E0
07E0
07E0
06E0
0E70
0E70
0E70
1C78
1C38
1C38
3FFC
3FFC
381C
781E
781E
700E
F00F
ENDCHAR
STARTCHAR estimated
ENCODING 8494
SWIDTH 583 0
DWIDTH 14 0
BBX 12 13 1 0
BITMAP
0F00
30C0
6060
6060
E070
E070
FFF0
E000
E000
6020
6020
30C0
1F00
ENDCHAR
STARTCHAR uni2135
ENCODING 8501
SWIDTH 1000 0
DWIDTH 24 0
BBX 16 19 4 0
BITMAP
3020
607C
E03F
F01F
781D
7C18
3E30
1F30
3FB0
77F0
E3F0
E1F0
E0F8
E07C
F03C
701E
700E
700E
F00C
ENDCHAR
STARTCHAR uni213B
ENCODING 8507
SWIDTH 1000 0
DWIDTH 24 0
BBX 23 18 1 0
BITMAP
FC718C
FC798C
C078CC
C0D8DC
C0D8D8
C0D8D8
C0D878
C0DC70
FCCC70
FCCC70
C18C70
C1FC58
C1FCD8
C18ED8
C18EDC
C187CC
C3878C
C3078E
ENDCHAR
STARTCHAR oneeighth
ENCODING 8539
SWIDTH 833 0
DWIDTH 20 0
BBX 17 17 1 0
BITMAP
1C0180
2C0300
0C0600
180C00
180C00
181800
183000
FE6000
00E000
00CF00
019980
031980
060F00
063180
0C3180
183180
301F00
ENDCHAR
STARTCHAR threeeighths
ENCODING 8540
SWIDTH 833 0
DWIDTH 20 0
BBX 16 17 2 0
BITMAP
3C03
6606
060C
3818
0C18
0C30
CC60
78C0
01C0
019E
0333
0633
0C1E
0C63
1863
3063
603E
ENDCHAR
STARTCHAR fiveeighths
ENCODING 8541
SWIDTH 833 0
DWIDTH 20 0
BBX 16 17 2 0
BITMAP
3F03
3006
200C
7C18
6618
0630
E660
7CC0
01C0
019E
0333
0633
0C1E
0C63
1863
3063
603E
ENDCHAR
STARTCHAR seveneighths
ENCODING 8542
SWIDTH 833 0
DWIDTH 20 0
BBX 16 17 2 0
BITMAP
7F06
060C
0C18
1830
3030
3060
60C0
6180
0380
031E
0633
0C33
181E
1863
3063
6063
C03E
ENDCHAR
STARTCHAR uni2160
ENCODING 8544
SWIDTH 1000 0
DWIDTH 24 0
BBX 4 18 10 0
BITMAP
F0
F0
F0
F0
F0
F0
F0
F0
F0
F0
F0
F0
F0
F0
F0
F0
F0
F0
ENDCHAR
STARTCHAR uni2161
ENCODING 8545
SWIDTH 1000 0
DWIDTH 24 0
BBX 12 18 6 0
BITMAP
F0F0
F0F0
F0F0
F0F0
F0F0
F0F0
F0F0
F0F0
F0F0
F0F0
F0F0
F0F0
F0F0
F0F0
F0F0
F0F0
F0F0
F0F0
ENDCHAR
STARTCHAR uni2162
ENCODING 8546
SWIDTH 1000 0
DWIDTH 24 0
BBX 20 18 2 0
BITMAP
F0F0F0
F0F0F0
F0F0F0
F0F0F0
F0F0F0
F0F0F0
F0F0F0
F0F0F0
F0F0F0
F0F0F0
F0F0F0
F0F0F0
F0F0F0
F0F0F0
F0F0F0
F0F0F0
F0F0F0
F0F0F0
ENDCHAR
STARTCHAR uni2163
ENCODING 8547
SWIDTH 1000 0
DWIDTH 24 0
BBX 21 18 3 0
BITMAP
E78078
E3C070
E3C0F0
E3C0F0
E1C0E0
E1E1E0
E1E1E0
E0E1C0
E0E1C0
E0F3C0
E07380
E07380
E07380
E07F00
E03F00
E03F00
E03F00
E01E00
ENDCHAR
STARTCHAR uni2164
ENCODING 8548
SWIDTH 1000 0
DWIDTH 24 0
BBX 16 18 4 0
BITMAP
F00F
780E
781E
781E
381C
3C1C
3C3C
1C38
1C38
1E78
0E70
0E70
0E70
0FF0
07E0
07E0
07E0
03C0
ENDCHAR
STARTCHAR uni2165
ENCODING 8549
SWIDTH 1000 0
DWIDTH 24 0
BBX 21 18 0 0
BITMAP
F00F38
780E38
781E38
781E38
381C38
3C1C38
3C3C38
1C3838
1C3838
1E7838
0E7038
0E7038
0E7038
07F038
07E038
07E038
07E038
03C038
ENDCHAR
STARTCHAR uni2166
ENCODING 8550
SWIDTH 1000 0
DWIDTH 24 0
BBX 23 18 0 0
BITMAP
F07B9E
70739E
70739E
78739E
78F39E
38F39E
38E39E
38E39E
38E39E
3CE39E
1DC39E
1DC39E
1DC39E
1DC39E
1FC39E
0F839E
0F839E
0F839E
ENDCHAR
STARTCHAR uni2167
ENCODING 8551
SWIDTH 1000 0
DWIDTH 24 0
BBX 23 18 0 0
BITMAP
E1DCEE
71DCEE
71DCEE
71DCEE
719CEE
719CEE
739CEE
339CEE
339CEE
331CEE
3B1CEE
3B1CEE
1B1CEE
1B1CEE
1F1CEE
1E1CEE
1E1CEE
1E1CEE
ENDCHAR
STARTCHAR uni2168
ENCODING 8552
SWIDTH 1000 0
DWIDTH 24 0
BBX 20 18 3 0
BITMAP
E3C0F0
E1E1E0
E1E1E0
E0F1C0
E0F3C0
E07B80
E07F80
E03F00
E01E00
E03E00
E03F00
E07F80
E07780
E0F3C0
E0E3C0
E1E1E0
E1C1E0
E3C0F0
ENDCHAR
STARTCHAR uni2169
ENCODING 8553
SWIDTH 1000 0
DWIDTH 24 0
BBX 14 18 5 0
BITMAP
F03C
7838
7878
3C70
3CF0
1EE0
0FE0
0FC0
0780
0F80
0FC0
1FE0
1CE0
3CF0
38F0
7878
7078
F03C
ENDCHAR
STARTCHAR uni216A
ENCODING 8554
SWIDTH 1000 0
DWIDTH 24 0
BBX 20 18 1 0
BITMAP
F03C70
783870
787870
3C7070
3CF070
1EE070
0FE070
0FC070
078070
0FC070
0FC070
1FE070
1CE070
3CF070
38F070
787870
707870
F03C70
ENDCHAR
STARTCHAR uni216B
ENCODING 8555
SWIDTH 1000 0
DWIDTH 24 0
BBX 23 18 0 0
BITMAP
F0739E
70F39E
38E39E
38E39E
3DC39E
1DC39E
1D839E
0F839E
0F039E
0F039E
0F839E
1F839E
1DC39E
39C39E
39E39E
78E39E
70F39E
F0739E
ENDCHAR
STARTCHAR uni2170
ENCODING 8560
SWIDTH 1000 0
DWIDTH 24 0
BBX 4 20 10 0
BITMAP
40
F0
F0
F0
00
00
00
F0
F0
F0
F0
F0
F0
F0
F0
F0
F0
F0
F0
F0
ENDCHAR
STARTCHAR uni2171
ENCODING 8561
SWIDTH 1000 0
DWIDTH 24 0
BBX 12 20 6 0
BITMAP
2040
F0F0
F0F0
70E0
0000
0000
0000
70E0
70E0
70E0
70E0
70E0
70E0
70E0
70E0
70E0
70E0
70E0
70E0
70E0
ENDCHAR
STARTCHAR uni2172
ENCODING 8562
SWIDTH 1000 0
DWIDTH 24 0
BBX 18 20 3 0
BITMAP
408080
F1E3C0
F1E3C0
E1E1C0
000000
000000
000000
E1E1C0
E1E1C0
E1E1C0
E1E1C0
E1E1C0
E1E1C0
E1E1C0
E1E1C0
E1E1C0
E1E1C0
E1E1C0
E1E1C0
E1E1C0
ENDCHAR
STARTCHAR uni2173
ENCODING 8563
SWIDTH 1000 0
DWIDTH 24 0
BBX 19 20 3 0
BITMAP
200000
F00000
F00000
F00000
000000
000000
000000
F3C0E0
F1C1E0
F1E1C0
F1E1C0
F0E3C0
F0E380
F0F380
F07380
F07700
F07700
F03F00
F03E00
F01E00
ENDCHAR
STARTCHAR uni2174
ENCODING 8564
SWIDTH 1000 0
DWIDTH 24 0
BBX 14 13 5 0
BITMAP
F03C
7838
7878
3870
3870
3CF0
1CE0
1CE0
1EE0
0FC0
0FC0
07C0
0780
ENDCHAR
STARTCHAR uni2175
ENCODING 8565
SWIDTH 1000 0
DWIDTH 24 0
BBX 19 20 2 0
BITMAP
000080
0001E0
0001E0
0001E0
000000
000000
000000
F079E0
F071E0
7071E0
70F1E0
78E1E0
38E1E0
38E1E0
3DC1E0
1DC1E0
1DC1E0
0F81E0
0F81E0
0F81E0
ENDCHAR
STARTCHAR uni2176
ENCODING 8566
SWIDTH 1000 0
DWIDTH 24 0
BBX 23 20 0 0
BITMAP
000208
00079E
00079E
00079E
000000
000000
800000
70F79E
70E79E
70E79E
78E79E
38E79E
39C79E
39C79E
1DC79E
1DC79E
1F879E
1F879E
0F879E
0F079E
ENDCHAR
STARTCHAR uni2177
ENCODING 8567
SWIDTH 1000 0
DWIDTH 24 0
BBX 23 20 0 0
BITMAP
000844
001DEE
001DEE
001CEE
000000
000000
800000
71DCCE
71DCCE
739CCE
739CCE
339CCE
339CCE
3B1CCE
3B1CCE
3B1CCE
1F1CCE
1F1CCE
1E1CCE
1E1CCE
ENDCHAR
STARTCHAR uni2178
ENCODING 8568
SWIDTH 1000 0
DWIDTH 24 0
BBX 19 20 3 0
BITMAP
200000
F00000
F00000
F00000
000000
000000
000020
F1E1C0
F0E3C0
F0F380
F07F80
F03F00
F03E00
F03E00
F03F00
F07700
F0F780
F0E380
F1E3C0
F3C1E0
ENDCHAR
STARTCHAR uni2179
ENCODING 8569
SWIDTH 1000 0
DWIDTH 24 0
BBX 12 13 6 0
BITMAP
F0F0
78E0
39C0
3DC0
1F80
0F80
0F00
1F80
3BC0
39C0
79E0
70E0
F0F0
ENDCHAR
STARTCHAR uni217A
ENCODING 8570
SWIDTH 1000 0
DWIDTH 24 0
BBX 19 20 2 0
BITMAP
000080
0001E0
0001E0
0001E0
000000
000000
800000
78F1E0
78E1E0
3DE1E0
1DC1E0
1FC1E0
0F81E0
0F81E0
1F81E0
1FC1E0
39E1E0
79E1E0
70F1E0
F079E0
ENDCHAR
STARTCHAR uni217B
ENCODING 8571
SWIDTH 1000 0
DWIDTH 24 0
BBX 23 20 0 0
BITMAP
000108
00079E
00079E
00079E
000000
000000
000000
78F79E
38E79E
3DE79E
1DC79E
1FC79E
0F879E
0F879E
1F879E
1FC79E
3DC79E
39E79E
78F79E
F0FF9E
ENDCHAR
STARTCHAR arrowleft
ENCODING 8592
SWIDTH 1000 0
DWIDTH 24 0
BBX 14 5 5 1
BITMAP
3000
6000
FFFC
6000
3000
ENDCHAR
STARTCHAR arrowup
ENCODING 8593
SWIDTH 500 0
DWIDTH 12 0
BBX 5 14 4 -1
BITMAP
20
70
F8
A8
20
20
20
20
20
20
20
20
20
20
ENDCHAR
STARTCHAR arrowright
ENCODING 8594
SWIDTH 1000 0
DWIDTH 24 0
BBX 14 5 5 1
BITMAP
0030
0018
FFFC
0018
0030
ENDCHAR
STARTCHAR arrowdown
ENCODING 8595
SWIDTH 500 0
DWIDTH 12 0
BBX 5 14 4 -1
BITMAP
20
20
20
20
20
20
20
20
20
20
A8
F8
70
20
ENDCHAR
STARTCHAR arrowboth
ENCODING 8596
SWIDTH 1000 0
DWIDTH 24 0
BBX 14 5 5 1
BITMAP
3030
6018
FFFC
6018
3030
ENDCHAR
STARTCHAR arrowupdn
ENCODING 8597
SWIDTH 500 0
DWIDTH 12 0
BBX 5 14 4 -1
BITMAP
20
70
F8
A8
20
20
20
20
20
20
A8
F8
70
20
ENDCHAR
STARTCHAR uni2196
ENCODING 8598
SWIDTH 1000 0
DWIDTH 24 0
BBX 17 17 4 0
BITMAP
F98000
FF8000
FF8000
780000
7C0000
6E0000
670000
638000
E1C000
00E000
007000
003800
001C00
000E00
000780
000300
000200
ENDCHAR
STARTCHAR uni2197
ENCODING 8599
SWIDTH 1000 0
DWIDTH 24 0
BBX 17 17 3 0
BITMAP
00CF80
00FF80
00FF80
000F00
001F00
003B00
007300
00E300
01C380
038000
070000
0E0000
1C0000
380000
F00000
600000
200000
ENDCHAR
STARTCHAR uni2198
ENCODING 8600
SWIDTH 1000 0
DWIDTH 24 0
BBX 17 17 3 1
BITMAP
200000
E00000
700000
380000
1C0000
0E0000
070000
038000
01C380
00E300
007300
003B00
001F00
000F00
00FF80
00FF80
000180
ENDCHAR
STARTCHAR uni2199
ENCODING 8601
SWIDTH 1000 0
DWIDTH 24 0
BBX 17 17 4 1
BITMAP
000200
000380
000700
000E00
001C00
003800
007000
00E000
E1C000
638000
670000
6E0000
7C0000
780000
FF8000
FF8000
C00000
ENDCHAR
STARTCHAR arrowupdnbse
ENCODING 8616
SWIDTH 500 0
DWIDTH 12 0
BBX 5 16 4 -3
BITMAP
20
70
F8
A8
20
20
20
20
20
20
A8
F8
70
20
00
F8
ENDCHAR
STARTCHAR uni21B8
ENCODING 8632
SWIDTH 1000 0
DWIDTH 24 0
BBX 20 20 2 0
BITMAP
FFFFF0
FFFFF0
000000
300000
1FE000
1FF000
1E0000
1F0000
1B8000
19C000
18E000
187000
003800
001C00
000E00
000700
000380
0001E0
0000C0
000080
ENDCHAR
STARTCHAR uni21B9
ENCODING 8633
SWIDTH 1000 0
DWIDTH 24 0
BBX 22 22 1 -2
BITMAP
C18000
C3C000
C78000
CF0000
DFFFFC
FFFFFC
DFFFFC
CE0000
C70000
C38000
C1C200
000E0C
00070C
00038C
0001CC
FFFFFC
FFFFFC
0001EC
0003CC
00078C
000F0C
000200
ENDCHAR
STARTCHAR uni21C4
ENCODING 8644
SWIDTH 1000 0
DWIDTH 24 0
BBX 22 22 1 -2
BITMAP
000100
000380
0001C0
0000E0
FFFFF8
FFFFFC
FFFFF8
0000F0
0001C0
000380
020380
070000
0F0000
1E0000
3C0000
7FFFFC
FFFFFC
380000
1C0000
0E0000
070000
020000
ENDCHAR
STARTCHAR uni21C5
ENCODING 8645
SWIDTH 1000 0
DWIDTH 24 0
BBX 22 22 1 -2
BITMAP
0401C0
0E01C0
0F01C0
1F81C0
3FC1C0
7FE1C0
EEE1C0
4E61C0
0E01C0
0E01C0
0E01C0
0E01C0
0E01C0
0E01C0
0E19C8
0E1DDC
0E1FF8
0E07F0
0E03E0
0E03C0
0E0180
0E0080
ENDCHAR
STARTCHAR uni21C6
ENCODING 8646
SWIDTH 1000 0
DWIDTH 24 0
BBX 22 22 1 -2
BITMAP
020000
070000
0E0000
1C0000
7FFFFC
FFFFFC
7FFFFC
3C0000
0E0000
070000
070100
000380
0003C0
0001E0
0000F0
FFFFF8
FFFFFC
000070
0000E0
0001C0
000380
000100
ENDCHAR
STARTCHAR uni21CB
ENCODING 8651
SWIDTH 1000 0
DWIDTH 24 0
BBX 22 20 1 -1
BITMAP
038000
070000
0E0000
1E0000
3FFFFC
7FFFFC
FFFFFC
000000
000000
000000
000000
000000
000000
FFFFFC
FFFFF8
FFFFE0
0001C0
0003C0
000780
000300
ENDCHAR
STARTCHAR uni21CC
ENCODING 8652
SWIDTH 1000 0
DWIDTH 24 0
BBX 22 20 1 -1
BITMAP
000700
000380
0001C0
0001E0
FFFFF0
FFFFF8
FFFFFC
000000
000000
000000
000000
000000
000000
FFFFFC
3FFFFC
1FFFFC
0E0000
0F0000
078000
030000
ENDCHAR
STARTCHAR uni21D0
ENCODING 8656
SWIDTH 1000 0
DWIDTH 24 0
BBX 22 16 1 1
BITMAP
01C000
038000
038000
07FFFC
0FFFFC
1FFFFC
780000
F00000
F00000
380000
1FFFFC
0FFFFC
070000
038000
03C000
018000
ENDCHAR
STARTCHAR uni21D2
ENCODING 8658
SWIDTH 1000 0
DWIDTH 24 0
BBX 22 16 1 1
BITMAP
000E00
000700
000780
FFFF80
FFFFC0
FFFFE0
000078
00003C
00003C
000070
FFFFE0
FFFFC0
000380
000700
000F00
000600
ENDCHAR
STARTCHAR uni21D4
ENCODING 8660
SWIDTH 1000 0
DWIDTH 24 0
BBX 22 16 1 1
BITMAP
038700
070380
070380
0FFFC0
1FFFE0
3FFFF0
780078
F0003C
F0003C
780078
3FFFF0
1FFFE0
0E01C0
070380
038700
030300
ENDCHAR
STARTCHAR uni21E6
ENCODING 8678
SWIDTH 1000 0
DWIDTH 24 0
BBX 22 16 1 1
BITMAP
008000
018000
038000
048000
08FFFC
100004
600004
C00004
400004
200004
100004
0CFFFC
068000
038000
018000
008000
ENDCHAR
STARTCHAR uni21E7
ENCODING 8679
SWIDTH 1000 0
DWIDTH 24 0
BBX 16 22 4 -2
BITMAP
0180
03C0
0240
0420
0810
1008
2004
6006
F81F
0810
0810
0810
0810
0810
0810
0810
0810
0810
0810
0810
0810
0FF0
ENDCHAR
STARTCHAR uni21E8
ENCODING 8680
SWIDTH 1000 0
DWIDTH 24 0
BBX 22 16 1 1
BITMAP
000400
000600
000700
000480
FFFC40
800020
800018
80000C
800008
800010
800020
FFFCC0
000580
000700
000600
000400
ENDCHAR
STARTCHAR uni21E9
ENCODING 8681
SWIDTH 1000 0
DWIDTH 24 0
BBX 16 22 4 -2
BITMAP
0FF0
0810
0810
0810
0810
0810
0810
0810
0810
0810
0810
0810
0810
F81F
6006
300C
1818
0810
0420
0240
0180
0100
ENDCHAR
STARTCHAR uni21F5
ENCODING 8693
SWIDTH 1000 0
DWIDTH 24 0
BBX 22 22 1 -2
BITMAP
0E0080
0E01C0
0E03C0
0E07E0
0E0FF0
0E1FF8
0E1DDC
0E19C8
0E01C0
0E01C0
0E01C0
0E01C0
0E01C0
0E01C0
4E61C0
EEE1C0
7FE1C0
3F81C0
1F81C0
0F01C0
0601C0
0401C0
ENDCHAR
STARTCHAR uni2200
ENCODING 8704
SWIDTH 1000 0
DWIDTH 24 0
BBX 18 19 3 0
BITMAP
400080
C000C0
E001C0
600180
700380
300300
3FFF00
1FFE00
1C0E00
0C0C00
0E1C00
073800
073800
03F000
03F000
01E000
01E000
00C000
00C000
ENDCHAR
STARTCHAR partialdiff
ENCODING 8706
SWIDTH 500 0
DWIDTH 12 0
BBX 10 17 1 0
BITMAP
0F00
1F80
1180
01C0
00C0
00C0
1EC0
3FC0
71C0
60C0
C1C0
C180
C180
C380
E700
7E00
3C00
ENDCHAR
STARTCHAR uni2203
ENCODING 8707
SWIDTH 1000 0
DWIDTH 24 0
BBX 14 18 5 0
BITMAP
FFFC
FFFC
FFFC
000C
000C
000C
000C
000C
FFFC
FFFC
000C
000C
000C
000C
000C
FFFC
FFFC
FFFC
ENDCHAR
STARTCHAR uni2205
ENCODING 8709
SWIDTH 1000 0
DWIDTH 24 0
BBX 18 18 3 0
BITMAP
03F000
0FFD00
1F3F80
380F00
700F80
701F80
E039C0
E071C0
E0E1C0
E1C1C0
E381C0
670180
7E0380
7C0780
3C0F00
7FFE00
2FFC00
01E000
ENDCHAR
STARTCHAR u2206
ENCODING 8710
SWIDTH 625 0
DWIDTH 15 0
BBX 13 17 1 0
BITMAP
0F80
0F80
0F80
1DC0
1DC0
1DC0
3DE0
38E0
38E0
78F0
78F0
7070
7070
F078
F078
FFF8
FFF8
ENDCHAR
STARTCHAR uni2207
ENCODING 8711
SWIDTH 1000 0
DWIDTH 24 0
BBX 18 17 3 0
BITMAP
FFFFC0
FFFFC0
7FFF80
780780
380700
380F00
3C0F00
1C0E00
1E1E00
0E1C00
0E3C00
0F3C00
073800
077800
03F000
03F000
03F000
ENDCHAR
STARTCHAR uni2208
ENCODING 8712
SWIDTH 1000 0
DWIDTH 24 0
BBX 18 16 3 1
BITMAP
03FFC0
1FFFC0
3FFFC0
780000
700000
E00000
E00000
FFFFC0
FFFFC0
E00000
E00000
700000
780000
3FFFC0
0FFFC0
03FFC0
ENDCHAR
STARTCHAR uni2209
ENCODING 8713
SWIDTH 1000 0
DWIDTH 24 0
BBX 18 20 3 -1
BITMAP
00E000
00E000
03FFC0
1FFFC0
3FFFC0
78E000
70E000
E0E000
E0E000
FFFFC0
FFFFC0
E0E000
E0E000
70E000
78E000
3FFFC0
0FFFC0
03FFC0
00E000
00E000
ENDCHAR
STARTCHAR uni220A
ENCODING 8714
SWIDTH 1000 0
DWIDTH 24 0
BBX 12 14 6 0
BITMAP
01E0
0FF0
3FF0
7C00
7800
F000
FFC0
FFC0
E000
E000
F000
7C40
3FC0
1FE0
ENDCHAR
STARTCHAR uni220B
ENCODING 8715
SWIDTH 1000 0
DWIDTH 24 0
BBX 18 16 3 1
BITMAP
FFF000
FFFE00
FFFF00
000780
000380
0001C0
0001C0
FFFFC0
FFFFC0
0001C0
0001C0
000380
000780
FFFF00
FFFC00
FFF000
ENDCHAR
STARTCHAR product
ENCODING 8719
SWIDTH 833 0
DWIDTH 20 0
BBX 15 22 3 -5
BITMAP
FFFE
FFFE
E00E
E00E
E00E
E00E
E00E
E00E
E00E
E00E
E00E
E00E
E00E
E00E
E00E
E00E
E00E
E00E
E00E
E00E
E00E
E00E
ENDCHAR
STARTCHAR summation
ENCODING 8721
SWIDTH 708 0
DWIDTH 17 0
BBX 14 22 2 -5
BITMAP
FFF8
FFF8
7000
3800
3C00
1E00
0E00
0F00
0780
0380
03C0
0380
0780
0700
0E00
1E00
1C00
3800
7800
7000
FFFC
FFFC
ENDCHAR
STARTCHAR minus
ENCODING 8722
SWIDTH 583 0
DWIDTH 14 0
BBX 11 2 2 7
BITMAP
FFE0
FFE0
ENDCHAR
STARTCHAR uni2213
ENCODING 8723
SWIDTH 1000 0
DWIDTH 24 0
BBX 18 19 3 -1
BITMAP
FFFFC0
FFFFC0
000000
000000
000000
00C000
00C000
00C000
00C000
00C000
00C000
FFFFC0
FFFFC0
00C000
00C000
00C000
00C000
00C000
00C000
ENDCHAR
STARTCHAR fraction
ENCODING 8725
SWIDTH 167 0
DWIDTH 4 0
BBX 15 17 -5 0
BITMAP
0006
000C
0018
0030
0030
0060
00C0
0180
0380
0300
0600
0C00
1800
1800
3000
6000
C000
ENDCHAR
STARTCHAR periodcentered
ENCODING 8729
SWIDTH 292 0
DWIDTH 7 0
BBX 4 3 2 6
BITMAP
70
E0
E0
ENDCHAR
STARTCHAR radical
ENCODING 8730
SWIDTH 542 0
DWIDTH 13 0
BBX 14 19 1 0
BITMAP
000C
0018
0018
0018
0030
0030
0030
0060
F060
F060
38C0
18C0
1CC0
0D80
0D80
0F80
0700
0700
0700
ENDCHAR
STARTCHAR uni221D
ENCODING 8733
SWIDTH 1000 0
DWIDTH 24 0
BBX 20 10 1 4
BITMAP
3F03F0
7F87E0
F3EF20
C0FC00
C07800
C07800
E0FC00
FFCFE0
7F87E0
1E01F0
ENDCHAR
STARTCHAR infinity
ENCODING 8734
SWIDTH 667 0
DWIDTH 16 0
BBX 14 8 1 3
BITMAP
3870
7CF8
E79C
C30C
C30C
E78C
7CF8
3870
ENDCHAR
STARTCHAR orthogonal
ENCODING 8735
SWIDTH 1000 0
DWIDTH 24 0
BBX 14 14 5 0
BITMAP
8000
8000
8000
8000
8000
8000
8000
8000
8000
8000
8000
8000
8000
FFFC
ENDCHAR
STARTCHAR uni2220
ENCODING 8736
SWIDTH 1000 0
DWIDTH 24 0
BBX 19 16 2 1
BITMAP
000080
000180
0003C0
000700
000E00
001C00
003800
007000
00E000
01C000
038000
070000
0E0000
1C0000
3FFFE0
FFFFE0
ENDCHAR
STARTCHAR uni2223
ENCODING 8739
SWIDTH 1000 0
DWIDTH 24 0
BBX 2 17 11 1
BITMAP
C0
C0
C0
C0
C0
C0
C0
C0
C0
C0
C0
C0
C0
C0
C0
C0
C0
ENDCHAR
STARTCHAR uni2225
ENCODING 8741
SWIDTH 1000 0
DWIDTH 24 0
BBX 14 19 5 0
BITMAP
0100
0180
0380
0308
071C
061C
0E38
0C38
1C70
1870
38E0
30E0
71C0
61C0
E380
C380
4700
0700
0600
ENDCHAR
STARTCHAR uni2226
ENCODING 8742
SWIDTH 1000 0
DWIDTH 24 0
BBX 14 19 5 0
BITMAP
0100
0180
0380
0308
371C
7E1C
1E38
1E38
1E70
1F70
3BE0
31E0
71E0
61F0
E3F8
C3B0
4700
0700
0600
ENDCHAR
STARTCHAR uni2227
ENCODING 8743
SWIDTH 1000 0
DWIDTH 24 0
BBX 18 19 3 0
BITMAP
008000
00C000
00C000
01E000
01E000
03F000
033000
073800
061800
0E1C00
0C0C00
1C0E00
180600
380700
300300
700380
E001C0
E001C0
C000C0
ENDCHAR
STARTCHAR uni2228
ENCODING 8744
SWIDTH 1000 0
DWIDTH 24 0
BBX 18 18 3 0
BITMAP
C000C0
E001C0
600180
700380
300300
380700
180600
1C0E00
0C0C00
0E1C00
061800
073800
03F000
03F000
01E000
01E000
00C000
00C000
ENDCHAR
STARTCHAR intersection
ENCODING 8745
SWIDTH 708 0
DWIDTH 17 0
BBX 11 12 3 0
BITMAP
1F00
2080
4040
8020
8020
8020
8020
8020
8020
8020
8020
8020
ENDCHAR
STARTCHAR uni222A
ENCODING 8746
SWIDTH 1000 0
DWIDTH 24 0
BBX 16 18 4 0
BITMAP
E007
E007
E007
E007
E007
E007
E007
E007
E007
E007
E007
E007
6006
700E
381C
3E7C
1FF8
07E0
ENDCHAR
STARTCHAR integral
ENCODING 8747
SWIDTH 292 0
DWIDTH 7 0
BBX 9 22 -1 -5
BITMAP
0780
0F80
1E00
1C00
1C00
1C00
1C00
1C00
1C00
1C00
1C00
1C00
1C00
1C00
1C00
1C00
1C00
1C00
1C00
3C00
F800
F000
ENDCHAR
STARTCHAR uni222C
ENCODING 8748
SWIDTH 1000 0
DWIDTH 24 0
BBX 18 22 3 -2
BITMAP
0783C0
0F87C0
1E0700
1C0F00
1C0E00
1C0E00
1C0E00
1C0E00
1C0E00
1C0E00
1C0E00
1C0E00
1C0E00
1C0E00
1C0E00
1C0E00
1C0E00
1C0E00
3C0E00
F87E00
F87C00
F07800
ENDCHAR
STARTCHAR uni222D
ENCODING 8749
SWIDTH 1000 0
DWIDTH 24 0
BBX 22 22 1 -2
BITMAP
079F3C
0FBF7C
1E3C70
1C38F0
1C38E0
1C38E0
1C30E0
1C30E0
1C30E0
1C30E0
1C30E0
1C30E0
1C30E0
1C30E0
1C30E0
1C30E0
1C70E0
1C70E0
3C70E0
F9F7E0
FBE7C0
F3C780
ENDCHAR
STARTCHAR uni222E
ENCODING 8750
SWIDTH 1000 0
DWIDTH 24 0
BBX 10 22 7 -2
BITMAP
07C0
0FC0
0F00
0E00
0E00
0C00
0C00
3F00
6D80
4C80
4C80
4C80
4C80
6D80
3F00
0C00
1C00
1C00
1C00
7C00
F800
F000
ENDCHAR
STARTCHAR uni2234
ENCODING 8756
SWIDTH 1000 0
DWIDTH 24 0
BBX 16 15 4 2
BITMAP
0180
03C0
03C0
03C0
0180
0000
0000
0000
0000
0000
0000
6006
F00F
F00F
F00F
ENDCHAR
STARTCHAR uni2235
ENCODING 8757
SWIDTH 1000 0
DWIDTH 24 0
BBX 16 15 4 2
BITMAP
2004
F00F
F00F
F00F
2006
0000
0000
0000
0000
0000
0000
0180
03C0
03C0
03C0
ENDCHAR
STARTCHAR uni2236
ENCODING 8758
SWIDTH 1000 0
DWIDTH 24 0
BBX 4 15 10 2
BITMAP
60
F0
F0
F0
60
00
00
00
00
00
00
60
F0
F0
F0
ENDCHAR
STARTCHAR uni2237
ENCODING 8759
SWIDTH 1000 0
DWIDTH 24 0
BBX 16 15 4 2
BITMAP
2004
F00F
F00F
F00F
2006
0000
0000
0000
0000
0000
0000
6006
F00F
F00F
F00F
ENDCHAR
STARTCHAR uni223D
ENCODING 8765
SWIDTH 1000 0
DWIDTH 24 0
BBX 22 10 1 4
BITMAP
3E03F0
7E07F8
F20F3C
C01C0C
C0380C
C0700C
E0E01C
FFC0FC
7F81F8
1E01E0
ENDCHAR
STARTCHAR uni2243
ENCODING 8771
SWIDTH 1000 0
DWIDTH 24 0
BBX 18 11 3 4
BITMAP
0E0100
3F81C0
7FE380
F0FF00
607E00
000000
000000
000000
FFFFC0
FFFFC0
FFFFC0
ENDCHAR
STARTCHAR uni2245
ENCODING 8773
SWIDTH 1000 0
DWIDTH 24 0
BBX 18 12 3 3
BITMAP
1F8180
3FC3C0
71FF80
E07F00
201C00
000000
FFFFC0
FFFFC0
FFFFC0
000000
FFFFC0
FFFFC0
ENDCHAR
STARTCHAR approxequal
ENCODING 8776
SWIDTH 542 0
DWIDTH 13 0
BBX 12 9 1 4
BITMAP
7C10
FFF0
83E0
0000
0000
0000
7C10
FFF0
83E0
ENDCHAR
STARTCHAR uni224C
ENCODING 8780
SWIDTH 1000 0
DWIDTH 24 0
BBX 22 18 1 0
BITMAP
3E03F0
7E0FF8
E01E1C
C03C0C
C0380C
C0700C
E1E01C
FFC0FC
7F81F8
1C00E0
000000
000000
3FFFF0
3FFFF0
000000
000000
3FFFF0
3FFFF0
ENDCHAR
STARTCHAR notequal
ENCODING 8800
SWIDTH 542 0
DWIDTH 13 0
BBX 12 14 1 1
BITMAP
00E0
00C0
01C0
FFF0
FFF0
0300
0700
0E00
0C00
FFF0
FFF0
3800
3000
7000
ENDCHAR
STARTCHAR equivalence
ENCODING 8801
SWIDTH 583 0
DWIDTH 14 0
BBX 12 10 1 3
BITMAP
FFF0
FFF0
0000
0000
FFF0
FFF0
0000
0000
FFF0
FFF0
ENDCHAR
STARTCHAR uni2262
ENCODING 8802
SWIDTH 1000 0
DWIDTH 24 0
BBX 18 17 3 1
BITMAP
002000
003800
003800
FFFFC0
FFFFC0
FFFFC0
006000
00E000
FFFFC0
FFFFC0
01C000
018000
FFFFC0
FFFFC0
030000
070000
070000
ENDCHAR
STARTCHAR lessequal
ENCODING 8804
SWIDTH 542 0
DWIDTH 13 0
BBX 12 15 1 0
BITMAP
0010
00F0
03E0
1F00
7C00
F000
F000
7C00
1F80
03E0
00F0
0010
0000
FFF0
FFF0
ENDCHAR
STARTCHAR greaterequal
ENCODING 8805
SWIDTH 542 0
DWIDTH 13 0
BBX 12 15 1 0
BITMAP
8000
F000
7C00
0F80
03E0
00F0
00F0
03E0
0F80
7C00
F000
8000
0000
FFF0
FFF0
ENDCHAR
STARTCHAR uni2266
ENCODING 8806
SWIDTH 1000 0
DWIDTH 24 0
BBX 19 21 2 -1
BITMAP
0000E0
0007E0
001FC0
00FE00
07F000
1FC000
FF0000
1FC000
03F800
007E00
001FC0
0003E0
0000E0
000000
7FFFE0
7FFFE0
7FFFE0
000000
000000
7FFFE0
7FFFE0
ENDCHAR
STARTCHAR uni2267
ENCODING 8807
SWIDTH 1000 0
DWIDTH 24 0
BBX 19 21 3 -1
BITMAP
E00000
FC0000
7F0000
0FE000
01FC00
007F00
001FE0
007F00
03F800
0FC000
7F0000
F80000
E00000
000000
FFFFC0
FFFFC0
FFFFC0
000000
000000
FFFFC0
FFFFC0
ENDCHAR
STARTCHAR uni226A
ENCODING 8810
SWIDTH 1000 0
DWIDTH 24 0
BBX 22 18 1 0
BITMAP
000C0C
003C3C
007070
01E1E0
03C3C0
070700
1E1E00
383800
F0F000
707000
3C3C00
1E1E00
070700
03C3C0
00E0E0
007878
001C1C
000C0C
ENDCHAR
STARTCHAR uni226B
ENCODING 8811
SWIDTH 1000 0
DWIDTH 24 0
BBX 22 18 1 0
BITMAP
C0C000
F0F000
383800
1E1E00
0F0F00
038380
01E1E0
007070
003C3C
003838
00F0F0
01E1E0
038380
0F0F00
1C1C00
787800
E0E000
C0C000
ENDCHAR
STARTCHAR uni226E
ENCODING 8814
SWIDTH 1000 0
DWIDTH 24 0
BBX 19 20 2 -1
BITMAP
001C40
0018E0
001BE0
001F80
003F00
007C00
01F000
07F000
1F3000
FC3000
7C7000
1F6000
07E000
01F000
00FC00
00FF00
00C7C0
00C3E0
00C0E0
01C000
ENDCHAR
STARTCHAR uni226F
ENCODING 8815
SWIDTH 1000 0
DWIDTH 24 0
BBX 19 20 3 -1
BITMAP
407000
E06000
F86000
3E6000
1FE000
07C000
01F000
00FC00
00DF00
01C7E0
0187C0
019F00
01FC00
01F000
07C000
1F0000
7F0000
FB0000
E70000
070000
ENDCHAR
STARTCHAR uni2272
ENCODING 8818
SWIDTH 1000 0
DWIDTH 24 0
BBX 19 20 3 -1
BITMAP
0000C0
0007E0
001F80
00FE00
03F000
1FC000
FE0000
7E0000
1FC000
03F000
00FE00
001F80
0007E0
0000C0
000000
1F0080
7FC1E0
FBE3C0
E0FF80
403E00
ENDCHAR
STARTCHAR uni2273
ENCODING 8819
SWIDTH 1000 0
DWIDTH 24 0
BBX 19 20 3 -1
BITMAP
E00000
F80000
7E0000
1FC000
03F000
00FE00
001FE0
001F80
00FE00
03F000
1FC000
7E0000
F80000
E00000
000000
1F0080
7FC1E0
FBE3C0
E0FF80
403E00
ENDCHAR
STARTCHAR uni2276
ENCODING 8822
SWIDTH 1000 0
DWIDTH 24 0
BBX 20 22 2 -2
BITMAP
0000E0
0007E0
003FC0
00FE00
07F000
3F8000
FF0000
0FE000
03F800
607F00
7C0FE0
3F81E0
0FE060
01FC00
003F80
0007F0
003F80
01FC00
07F000
3F8000
7C0000
600000
ENDCHAR
STARTCHAR uni2277
ENCODING 8823
SWIDTH 1000 0
DWIDTH 24 0
BBX 20 22 2 -2
BITMAP
700000
7E0000
3F8000
07F000
00FE00
001FC0
000FF0
007F00
03FC00
0FE060
7F03E0
781FC0
60FE00
03F800
1FC000
FE0000
1FC000
03F800
00FE00
001FC0
0003E0
0000E0
ENDCHAR
STARTCHAR uni2282
ENCODING 8834
SWIDTH 1000 0
DWIDTH 24 0
BBX 18 16 3 1
BITMAP
03FFC0
1FFFC0
3FFFC0
780000
700000
E00000
E00000
C00000
C00000
E00000
E00000
700000
780000
3FFFC0
0FFFC0
03FFC0
ENDCHAR
STARTCHAR uni2283
ENCODING 8835
SWIDTH 1000 0
DWIDTH 24 0
BBX 18 16 3 1
BITMAP
FFF000
FFFE00
FFFF00
000780
000380
0001C0
0001C0
0000C0
0000C0
0001C0
0001C0
000380
000780
FFFF00
FFFC00
FFF000
ENDCHAR
STARTCHAR uni2284
ENCODING 8836
SWIDTH 1000 0
DWIDTH 24 0
BBX 18 20 3 -1
BITMAP
000200
000380
03FFC0
1FFFC0
3FFFC0
781C00
701C00
E03800
E03800
C07000
C07000
E0E000
E0C000
71C000
798000
3FFFC0
0FFFC0
07FFC0
0E0000
020000
ENDCHAR
STARTCHAR uni2285
ENCODING 8837
SWIDTH 1000 0
DWIDTH 24 0
BBX 18 20 3 -1
BITMAP
001000
001C00
FFF800
FFFE00
FFFF00
00E780
00E380
01C1C0
01C1C0
0380C0
0380C0
0701C0
0701C0
0E0380
0C0780
FFFF00
FFFC00
FFF000
700000
100000
ENDCHAR
STARTCHAR uni2286
ENCODING 8838
SWIDTH 1000 0
DWIDTH 24 0
BBX 18 18 3 0
BITMAP
1FFFC0
3FFFC0
700000
E00000
E00000
C00000
C00000
E00000
E00000
700000
3FFFC0
1FFFC0
03FFC0
000000
000000
000000
FFFFC0
FFFFC0
ENDCHAR
STARTCHAR uni2287
ENCODING 8839
SWIDTH 1000 0
DWIDTH 24 0
BBX 18 18 3 0
BITMAP
FFFE00
FFFF00
000380
0001C0
0001C0
0000C0
0000C0
0001C0
0001C0
000380
FFFF00
FFFE00
FFF000
000000
000000
000000
FFFFC0
FFFFC0
ENDCHAR
STARTCHAR uni228A
ENCODING 8842
SWIDTH 1000 0
DWIDTH 24 0
BBX 18 20 3 -2
BITMAP
1FFFC0
3FFFC0
700000
E00000
E00000
C00000
C00000
E00000
E00000
700000
3FFFC0
1FFFC0
03FFC0
004000
007000
00E000
FFFFC0
FFFFC0
038000
018000
ENDCHAR
STARTCHAR uni228B
ENCODING 8843
SWIDTH 1000 0
DWIDTH 24 0
BBX 18 20 3 -2
BITMAP
FFFE00
FFFF00
000380
0001C0
0001C0
0000C0
0000C0
0001C0
0001C0
000380
FFFF00
FFFE00
FFF000
004000
007000
00E000
FFFFC0
FFFFC0
038000
018000
ENDCHAR
STARTCHAR uni2295
ENCODING 8853
SWIDTH 1000 0
DWIDTH 24 0
BBX 18 18 3 0
BITMAP
03F000
0FFC00
1F3E00
380700
70C380
70C180
E0C1C0
E0C1C0
EFFDC0
EFFDC0
E0C1C0
60C180
70C380
78C780
3C0F00
1FFE00
0FFC00
01E000
ENDCHAR
STARTCHAR uni2296
ENCODING 8854
SWIDTH 1000 0
DWIDTH 24 0
BBX 18 18 3 0
BITMAP
03F000
0FFC00
1F3E00
380700
700380
700180
E001C0
E001C0
EFFDC0
EFFDC0
E001C0
600180
700380
780780
3C0F00
1FFE00
0FFC00
01E000
ENDCHAR
STARTCHAR uni2297
ENCODING 8855
SWIDTH 1000 0
DWIDTH 24 0
BBX 18 18 3 0
BITMAP
03F000
0FFC00
1F3E00
380700
700380
761980
E739C0
E3F1C0
E1E1C0
E1E1C0
E3F1C0
673980
721380
780780
3C0F00
1FFE00
0FFC00
01E000
ENDCHAR
STARTCHAR uni2298
ENCODING 8856
SWIDTH 1000 0
DWIDTH 24 0
BBX 18 18 3 0
BITMAP
03F000
0FFC00
1F3E00
380700
700380
701980
E039C0
E071C0
E0E1C0
E1C1C0
E381C0
670180
720380
780780
3C0F00
1FFE00
0FFC00
01E000
ENDCHAR
STARTCHAR uni2299
ENCODING 8857
SWIDTH 1000 0
DWIDTH 24 0
BBX 18 18 3 0
BITMAP
03F000
0FFC00
1F3E00
380700
700380
700180
E001C0
E0C1C0
E1E1C0
E0C1C0
E001C0
600180
700380
780780
3C0F00
1FFE00
0FFC00
01E000
ENDCHAR
STARTCHAR uni22A0
ENCODING 8864
SWIDTH 1000 0
DWIDTH 24 0
BBX 20 19 2 0
BITMAP
FFFFF0
FFFFF0
FFFFF0
E00070
E00070
E60670
E70E70
E39C70
E1F870
E0F070
E0F070
E1F870
E39C70
E70E70
E20470
E00070
E00070
FFFFF0
FFFFF0
ENDCHAR
STARTCHAR uni22A5
ENCODING 8869
SWIDTH 1000 0
DWIDTH 24 0
BBX 20 17 2 1
BITMAP
006000
006000
006000
006000
006000
006000
006000
006000
006000
006000
006000
006000
006000
006000
006000
FFFFF0
FFFFF0
ENDCHAR
STARTCHAR uni22BF
ENCODING 8895
SWIDTH 1000 0
DWIDTH 24 0
BBX 19 19 2 0
BITMAP
000020
000060
0000E0
0001E0
0003E0
0007E0
000EE0
001CE0
0038E0
0070E0
00E0E0
01C0E0
0380E0
0700E0
0E00E0
1C00E0
3FFFE0
7FFFE0
FFFFE0
ENDCHAR
STARTCHAR uni22DA
ENCODING 8922
SWIDTH 1000 0
DWIDTH 24 0
BBX 19 22 2 -2
BITMAP
0001E0
001FE0
01FF00
0FF000
FF8000
0FF800
00FF00
001FE0
0001E0
000000
7FFFE0
7FFFE0
400000
780000
FF8000
0FF800
00FF00
003FE0
03FE00
3FE000
FE0000
700000
ENDCHAR
STARTCHAR uni22DB
ENCODING 8923
SWIDTH 1000 0
DWIDTH 24 0
BBX 19 22 3 -2
BITMAP
F00000
FF0000
1FF000
01FE00
003FE0
03FE00
1FE000
FF0000
F00000
000000
FFFFC0
FFFFC0
000040
0003C0
003FE0
03FE00
1FE000
FF8000
0FF800
00FF80
000FE0
0001C0
ENDCHAR
STARTCHAR uni22EF
ENCODING 8943
SWIDTH 1000 0
DWIDTH 24 0
BBX 20 4 2 7
BITMAP
606060
F0F0F0
F0F0F0
606060
ENDCHAR
STARTCHAR house
ENCODING 8962
SWIDTH 625 0
DWIDTH 15 0
BBX 11 13 2 0
BITMAP
0400
0A00
1100
2080
4040
8020
8020
8020
8020
8020
8020
8020
FFE0
ENDCHAR
STARTCHAR uni2305
ENCODING 8965
SWIDTH 1000 0
DWIDTH 24 0
BBX 16 16 4 0
BITMAP
FFFF
FFFF
0000
0100
0180
03C0
03C0
0660
0E70
1C38
1818
381C
700E
E007
C003
4002
ENDCHAR
STARTCHAR uni2306
ENCODING 8966
SWIDTH 1000 0
DWIDTH 24 0
BBX 16 18 4 0
BITMAP
FFFF
FFFF
FFFF
0000
0000
FFFF
FFFF
FFFF
03C0
07E0
0660
0E70
1C38
381C
300C
700E
E007
C003
ENDCHAR
STARTCHAR uni2307
ENCODING 8967
SWIDTH 1000 0
DWIDTH 24 0
BBX 8 24 8 -3
BITMAP
C0
60
7C
1E
06
03
03
06
1E
78
60
C0
C0
60
7C
1E
06
03
03
06
1E
78
60
C0
ENDCHAR
STARTCHAR revlogicalnot
ENCODING 8976
SWIDTH 583 0
DWIDTH 14 0
BBX 12 7 1 2
BITMAP
FFF0
FFF0
C000
C000
C000
C000
C000
ENDCHAR
STARTCHAR uni2312
ENCODING 8978
SWIDTH 1000 0
DWIDTH 24 0
BBX 24 7 0 13
BITMAP
03FFC0
0FFFF0
1F81F8
7C003E
F0000F
600006
400002
ENDCHAR
STARTCHAR uni2318
ENCODING 8984
SWIDTH 1000 0
DWIDTH 24 0
BBX 22 22 1 -2
BITMAP
1C00E0
660198
420108
810204
810204
410208
610218
1FFFE0
010200
010200
010200
010200
010200
010200
3FFFF0
610218
410208
810204
810204
420108
660198
180060
ENDCHAR
STARTCHAR integraltp
ENCODING 8992
SWIDTH 625 0
DWIDTH 15 0
BBX 5 27 6 -7
BITMAP
38
58
C0
C0
C0
C0
C0
C0
C0
C0
C0
C0
C0
C0
C0
C0
C0
C0
C0
C0
C0
C0
C0
C0
C0
C0
C0
ENDCHAR
STARTCHAR integralbt
ENCODING 8993
SWIDTH 625 0
DWIDTH 15 0
BBX 5 27 3 -7
BITMAP
18
18
18
18
18
18
18
18
18
18
18
18
18
18
18
18
18
18
18
18
18
18
18
18
18
D0
E0
ENDCHAR
STARTCHAR uni2329
ENCODING 9001
SWIDTH 1000 0
DWIDTH 24 0
BBX 10 22 13 -2
BITMAP
01C0
0380
0380
0700
0E00
0E00
1C00
3800
3800
7000
F000
7000
7000
3800
1C00
1C00
0E00
0E00
0700
0380
0380
01C0
ENDCHAR
STARTCHAR uni232A
ENCODING 9002
SWIDTH 1000 0
DWIDTH 24 0
BBX 10 22 1 -2
BITMAP
E000
7000
7000
3800
1C00
1C00
0E00
0700
0700
0380
03C0
0380
0380
0700
0E00
0E00
1C00
1C00
3800
7000
7000
E000
ENDCHAR
STARTCHAR uni23B0
ENCODING 9136
SWIDTH 1000 0
DWIDTH 24 0
BBX 7 24 9 -3
BITMAP
0E
1E
38
38
30
30
30
30
30
30
30
30
30
30
30
30
30
38
38
38
38
30
70
E0
ENDCHAR
STARTCHAR uni23B1
ENCODING 9137
SWIDTH 1000 0
DWIDTH 24 0
BBX 7 23 9 -2
BITMAP
F0
70
30
38
38
38
38
30
30
30
30
30
30
30
30
30
30
30
30
30
38
38
1E
ENDCHAR
STARTCHAR uni23BE
ENCODING 9150
SWIDTH 1000 0
DWIDTH 24 0
BBX 12 24 12 -3
BITMAP
FFF0
8000
8000
8000
8000
8000
8000
8000
8000
8000
8000
8000
8000
8000
8000
8000
8000
8000
8000
8000
8000
8000
8000
8000
ENDCHAR
STARTCHAR uni23BF
ENCODING 9151
SWIDTH 1000 0
DWIDTH 24 0
BBX 12 24 12 -3
BITMAP
8000
8000
8000
8000
8000
8000
8000
8000
8000
8000
8000
8000
8000
8000
8000
8000
8000
8000
8000
8000
8000
8000
8000
FFF0
ENDCHAR
STARTCHAR uni23C0
ENCODING 9152
SWIDTH 1000 0
DWIDTH 24 0
BBX 16 24 4 -3
BITMAP
0100
0100
0100
0100
03C0
0D30
1108
2104
4102
4102
8101
8101
8101
8101
4102
4102
2104
1108
0F70
0180
0100
0100
0100
0100
ENDCHAR
STARTCHAR uni23C1
ENCODING 9153
SWIDTH 1000 0
DWIDTH 24 0
BBX 24 24 0 -3
BITMAP
FFFFFF
001000
001000
001000
003C00
00D300
011080
021040
041020
041020
081010
081010
081010
081010
041020
041020
021040
011080
00F700
001800
001000
001000
001000
001000
ENDCHAR
STARTCHAR uni23C2
ENCODING 9154
SWIDTH 1000 0
DWIDTH 24 0
BBX 24 24 0 -3
BITMAP
001000
001000
001000
001000
003C00
00D300
011080
021040
041020
041020
081010
081010
081010
081010
041020
041020
021040
011080
00F700
001800
001000
001000
001000
FFFFFF
ENDCHAR
STARTCHAR uni23C3
ENCODING 9155
SWIDTH 1000 0
DWIDTH 24 0
BBX 18 24 3 -3
BITMAP
008000
008000
008000
008000
008000
00C000
01E000
01A000
029000
029000
048800
048800
088400
108200
108200
208100
208100
408080
C080C0
FFFFC0
008000
008000
008000
008000
ENDCHAR
STARTCHAR uni23C4
ENCODING 9156
SWIDTH 1000 0
DWIDTH 24 0
BBX 24 24 0 -3
BITMAP
FFFFFF
001000
001000
001000
001000
001800
003C00
003400
005200
005200
009100
009100
011080
021040
021040
041020
041020
081010
181018
1FFFF8
001000
001000
001000
001000
ENDCHAR
STARTCHAR uni23C5
ENCODING 9157
SWIDTH 1000 0
DWIDTH 24 0
BBX 24 24 0 -3
BITMAP
001000
001000
001000
001000
001000
001800
003C00
003400
005200
005200
009100
009100
011080
021040
021040
041020
041020
081010
181018
1FFFF8
001000
001000
001000
FFFFFF
ENDCHAR
STARTCHAR uni23C6
ENCODING 9158
SWIDTH 1000 0
DWIDTH 24 0
BBX 16 24 4 -3
BITMAP
0100
0100
0100
0100
0100
0100
0100
0100
0100
3D01
4301
4101
8082
8166
0118
0100
0100
0100
0100
0100
0100
0100
0100
0100
ENDCHAR
STARTCHAR uni23C7
ENCODING 9159
SWIDTH 1000 0
DWIDTH 24 0
BBX 24 24 0 -3
BITMAP
FFFFFF
001000
001000
001000
001000
001000
001000
001000
001000
03D010
043010
041010
080820
081660
001180
001000
001000
001000
001000
001000
001000
001000
001000
001000
ENDCHAR
STARTCHAR uni23C8
ENCODING 9160
SWIDTH 1000 0
DWIDTH 24 0
BBX 24 24 0 -3
BITMAP
001000
001000
001000
001000
001000
001000
001000
001000
001000
03D010
043010
041010
080820
081660
001180
001000
001000
001000
001000
001000
001000
001000
001000
FFFFFF
ENDCHAR
STARTCHAR uni23C9
ENCODING 9161
SWIDTH 1000 0
DWIDTH 24 0
BBX 24 24 0 -3
BITMAP
FFFFFF
001000
001000
001000
001000
001000
001000
001000
001000
001000
001000
001000
001000
001000
001000
001000
001000
001000
001000
001000
001000
001000
001000
001000
ENDCHAR
STARTCHAR uni23CA
ENCODING 9162
SWIDTH 1000 0
DWIDTH 24 0
BBX 24 24 0 -3
BITMAP
001000
001000
001000
001000
001000
001000
001000
001000
001000
001000
001000
001000
001000
001000
001000
001000
001000
001000
001000
001000
001000
001000
001000
FFFFFF
ENDCHAR
STARTCHAR uni23CB
ENCODING 9163
SWIDTH 1000 0
DWIDTH 24 0
BBX 12 24 0 -3
BITMAP
FFF0
0010
0010
0010
0010
0010
0010
0010
0010
0010
0010
0010
0010
0010
0010
0010
0010
0010
0010
0010
0010
0010
0010
0010
ENDCHAR
STARTCHAR uni23CC
ENCODING 9164
SWIDTH 1000 0
DWIDTH 24 0
BBX 12 24 0 -3
BITMAP
0010
0010
0010
0010
0010
0010
0010
0010
0010
0010
0010
0010
0010
0010
0010
0010
0010
0010
0010
0010
0010
0010
0010
FFF0
ENDCHAR
STARTCHAR uni23CE
ENCODING 9166
SWIDTH 1000 0
DWIDTH 24 0
BBX 21 22 1 -2
BITMAP
0003F8
000208
000208
000208
000208
000208
008208
018208
028208
048208
088608
30F808
600008
C00010
C00030
600060
30FF80
08F000
048000
028000
018000
008000
ENDCHAR
STARTCHAR uni23DA
ENCODING 9178
SWIDTH 1000 0
DWIDTH 24 0
BBX 16 20 4 -1
BITMAP
0180
0180
0180
0180
0180
0180
0180
0180
0180
0180
0180
FFFF
FFFF
0000
0000
1FF8
0000
0000
07E0
07E0
ENDCHAR
STARTCHAR uni23DB
ENCODING 9179
SWIDTH 1000 0
DWIDTH 24 0
BBX 22 8 1 5
BITMAP
1FFFE0
180060
180060
FFFFFC
FFFFFC
180060
180060
1FFFE0
ENDCHAR
STARTCHAR uni2423
ENCODING 9251
SWIDTH 1000 0
DWIDTH 24 0
BBX 18 5 3 -2
BITMAP
800040
800040
800040
800040
FFFFC0
ENDCHAR
STARTCHAR uni2460
ENCODING 9312
SWIDTH 1000 0
DWIDTH 24 0
BBX 22 22 1 -2
BITMAP
03FF00
040080
180060
300030
201810
40F808
41F808
81F804
803804
803804
803804
803804
803804
803804
803804
403808
403808
200010
100020
080040
060180
01FE00
ENDCHAR
STARTCHAR uni2461
ENCODING 9313
SWIDTH 1000 0
DWIDTH 24 0
BBX 22 22 1 -2
BITMAP
03FF00
040080
180060
300030
207810
41FC08
43FE08
808E04
800604
800E04
800E04
801C04
803804
807004
80E704
41FF08
41FF08
200010
100020
080040
060180
01FE00
ENDCHAR
STARTCHAR uni2462
ENCODING 9314
SWIDTH 1000 0
DWIDTH 24 0
BBX 22 22 1 -2
BITMAP
03FF00
040080
180060
300030
207810
43FE08
41FE08
810E04
800E04
803E04
807804
807E04
800F04
800704
818F04
43FE08
41FC08
200010
100020
080040
060180
01FE00
ENDCHAR
STARTCHAR uni2463
ENCODING 9315
SWIDTH 1000 0
DWIDTH 24 0
BBX 22 22 1 -2
BITMAP
03FF00
040080
180060
300030
203C10
403C08
407C08
80FC04
80DC04
81DC04
839C04
831C04
87FF04
87FF04
801C04
401C08
401C08
200010
100020
080040
060180
01FE00
ENDCHAR
STARTCHAR uni2464
ENCODING 9316
SWIDTH 1000 0
DWIDTH 24 0
BBX 22 22 1 -2
BITMAP
03FF00
040080
180060
300030
20FE10
40FE08
41FE08
81C004
81C004
81FC04
81FE04
808F04
800704
800704
818F04
43FE08
41FC08
200010
100020
080040
060180
01FE00
ENDCHAR
STARTCHAR uni2465
ENCODING 9317
SWIDTH 1000 0
DWIDTH 24 0
BBX 22 22 1 -2
BITMAP
03FF00
040080
180060
300030
203810
40FE08
41FE08
83C404
838004
83BC04
83FE04
83CE04
838704
838704
83CE04
41FE08
40FC08
200010
100020
080040
060180
01FE00
ENDCHAR
STARTCHAR uni2466
ENCODING 9318
SWIDTH 1000 0
DWIDTH 24 0
BBX 22 22 1 -2
BITMAP
03FF00
040080
180060
300030
23FF10
43FF08
43FF08
800E04
801C04
801804
803804
803804
803004
807004
807004
407008
407008
200010
100020
080040
060180
01FE00
ENDCHAR
STARTCHAR uni2467
ENCODING 9319
SWIDTH 1000 0
DWIDTH 24 0
BBX 22 22 1 -2
BITMAP
03FF00
040080
180060
300030
207810
41FE08
41CE08
818604
81C604
81EE04
80FC04
81FE04
838F04
838704
838704
41FE08
40FC08
200010
100020
080040
060180
01FE00
ENDCHAR
STARTCHAR uni2468
ENCODING 9320
SWIDTH 1000 0
DWIDTH 24 0
BBX 22 22 1 -2
BITMAP
03FF00
040080
180060
300030
207810
41FC08
41DE08
838704
838704
838704
81FF04
80FF04
800704
800704
808E04
41FE08
41F808
200010
100020
080040
060180
01FE00
ENDCHAR
STARTCHAR uni2469
ENCODING 9321
SWIDTH 1000 0
DWIDTH 24 0
BBX 22 22 1 -2
BITMAP
03FF00
040080
180060
300030
230710
4F0F88
5F1FC8
9F19C4
8738C4
8738E4
8738E4
8738E4
8738C4
8718C4
871DC4
471F88
470F88
200010
100020
080040
060180
01FE00
ENDCHAR
STARTCHAR uni246A
ENCODING 9322
SWIDTH 1000 0
DWIDTH 24 0
BBX 22 22 1 -2
BITMAP
03FF00
040080
180060
300030
218310
478F08
4F9F08
8F9F04
838704
838704
838704
838704
838704
838704
838704
438708
438708
200010
100020
080040
060180
01FE00
ENDCHAR
STARTCHAR uni246B
ENCODING 9323
SWIDTH 1000 0
DWIDTH 24 0
BBX 22 22 1 -2
BITMAP
03FF00
040080
180060
300030
230E10
4F3F88
5F1F88
9F1184
870184
870184
870384
870704
870704
870E04
871CC4
473FC8
473FC8
200010
100020
080040
060180
01FE00
ENDCHAR
STARTCHAR uni246C
ENCODING 9324
SWIDTH 1000 0
DWIDTH 24 0
BBX 22 22 1 -2
BITMAP
03FF00
040080
180060
300030
230F10
4F3F88
5F1F88
9F01C4
830184
830784
830F04
830F84
8301C4
8301C4
8311C4
433F88
431F88
200010
100020
080040
060180
01FE00
ENDCHAR
STARTCHAR uni246D
ENCODING 9325
SWIDTH 1000 0
DWIDTH 24 0
BBX 22 22 1 -2
BITMAP
03FF00
040080
180060
300030
230390
4F0788
5F0788
9F0D84
870D84
871D84
871984
873984
873FC4
873FC4
870184
470188
470188
200010
100020
080040
060180
01FE00
ENDCHAR
STARTCHAR uni246E
ENCODING 9326
SWIDTH 1000 0
DWIDTH 24 0
BBX 22 22 1 -2
BITMAP
03FF00
040080
180060
300030
231F90
4F1F88
5F1F88
9F1804
871804
871F04
871F84
8709C4
8701C4
8701C4
8711C4
473F88
471F08
200010
100020
080040
060180
01FE00
ENDCHAR
STARTCHAR uni246F
ENCODING 9327
SWIDTH 1000 0
DWIDTH 24 0
BBX 22 22 1 -2
BITMAP
03FF00
040080
180060
300030
230710
4F0FC8
5F1F88
9F1884
873804
873B04
873FC4
873DC4
8738C4
8738C4
8719C4
471FC8
470F88
200010
100020
080040
060180
01FE00
ENDCHAR
STARTCHAR uni2470
ENCODING 9328
SWIDTH 1000 0
DWIDTH 24 0
BBX 22 22 1 -2
BITMAP
03FF00
040080
180060
300030
233FD0
4F3FC8
5F3FC8
9F0184
830304
830704
830704
830604
830604
830E04
830E04
430E08
430E08
200010
100020
080040
060180
01FE00
ENDCHAR
STARTCHAR uni2471
ENCODING 9329
SWIDTH 1000 0
DWIDTH 24 0
BBX 22 22 1 -2
BITMAP
03FF00
040080
180060
300030
230710
4F1F88
5F1DC8
9F18C4
8719C4
871D84
870F04
871FC4
8719C4
8738C4
8738C4
471FC8
470F88
200010
100020
080040
060180
01FE00
ENDCHAR
STARTCHAR uni2472
ENCODING 9330
SWIDTH 1000 0
DWIDTH 24 0
BBX 22 22 1 -2
BITMAP
03FF00
040080
180060
300030
230710
4F1F88
5F1FC8
9F39C4
8738C4
8739C4
871FC4
871EC4
8700C4
8701C4
8709C4
473F88
471F08
200010
100020
080040
060180
01FE00
ENDCHAR
STARTCHAR uni2473
ENCODING 9331
SWIDTH 1000 0
DWIDTH 24 0
BBX 22 22 1 -2
BITMAP
03FF00
040080
180060
300030
278390
5FC7C8
4FCFE8
88ECE4
80FC64
80DC64
81DC64
81DC64
839C64
870CE4
8E6EE4
4FEFC8
4FE7C8
200010
100020
080040
060180
01FE00
ENDCHAR
STARTCHAR uni2474
ENCODING 9332
SWIDTH 1000 0
DWIDTH 24 0
BBX 22 22 1 -2
BITMAP
300030
200010
601818
607818
C1F80C
C1F80C
C0380C
C0380C
C0380C
C0380C
C0380C
C0380C
C0380C
C0380C
C0380C
C0380C
C0380C
C3FF0C
63FF18
63FF18
200010
300030
ENDCHAR
STARTCHAR uni2475
ENCODING 9333
SWIDTH 1000 0
DWIDTH 24 0
BBX 22 22 1 -2
BITMAP
300030
200010
607818
61FC18
C7FE0C
C38F0C
C10F0C
C0070C
C0070C
C00F0C
C00E0C
C01E0C
C03C0C
C03C0C
C0780C
C0F00C
C1E00C
C3FF8C
67FF98
67FF98
200010
300030
ENDCHAR
STARTCHAR uni2476
ENCODING 9334
SWIDTH 1000 0
DWIDTH 24 0
BBX 22 22 1 -2
BITMAP
300030
200010
60F818
63FE18
C7FE0C
C30F0C
C10F0C
C00F0C
C00F0C
C03E0C
C0FC0C
C0FE0C
C01F0C
C0070C
C0078C
C0078C
C30F0C
C7FF0C
63FE18
61FC18
200010
300030
ENDCHAR
STARTCHAR uni2477
ENCODING 9335
SWIDTH 1000 0
DWIDTH 24 0
BBX 22 22 1 -2
BITMAP
300030
200010
601E18
603E18
C03E0C
C07E0C
C06E0C
C0EE0C
C1CE0C
C1CE0C
C38E0C
C38E0C
C70E0C
C7FF8C
C7FF8C
C7FF8C
C00E0C
C00E0C
600E18
600E18
200010
300030
ENDCHAR
STARTCHAR uni2478
ENCODING 9336
SWIDTH 1000 0
DWIDTH 24 0
BBX 22 22 1 -2
BITMAP
300030
200010
61FF18
61FF18
C1FF0C
C1C00C
C3C00C
C3C00C
C3800C
C3FC0C
C3FF0C
C19F0C
C0070C
C0078C
C0078C
C0078C
C30F0C
C7FF0C
63FE18
61FC18
200010
300030
ENDCHAR
STARTCHAR uni2479
ENCODING 9337
SWIDTH 1000 0
DWIDTH 24 0
BBX 22 22 1 -2
BITMAP
300030
200010
603C18
60FF18
C1FF8C
C1E20C
C3C00C
C3800C
C3800C
C7BC0C
C7FF0C
C7FF0C
C7878C
C7838C
C3838C
C3838C
C3C78C
C1EF0C
61FE18
607C18
200010
300030
ENDCHAR
STARTCHAR uni247A
ENCODING 9338
SWIDTH 1000 0
DWIDTH 24 0
BBX 22 22 1 -2
BITMAP
300030
200010
67FF98
67FF98
C7FF8C
C0070C
C00E0C
C00E0C
C01C0C
C03C0C
C0380C
C0380C
C0780C
C0700C
C0700C
C0700C
C0700C
C0F00C
60F018
60F018
200010
300030
ENDCHAR
STARTCHAR uni247B
ENCODING 9339
SWIDTH 1000 0
DWIDTH 24 0
BBX 22 22 1 -2
BITMAP
300030
200010
607818
61FE18
C3FF0C
C3870C
C3870C
C3870C
C3C70C
C1EE0C
C0FC0C
C1FE0C
C39F0C
C7878C
C7038C
C7038C
C7878C
C3CF0C
63FF18
60FC18
200010
300030
ENDCHAR
STARTCHAR uni247C
ENCODING 9340
SWIDTH 1000 0
DWIDTH 24 0
BBX 22 22 1 -2
BITMAP
300030
200010
607818
61FC18
C3FE0C
C38F0C
C7870C
C7078C
C7878C
C7878C
C3CF8C
C3FF8C
C1F38C
C0078C
C0070C
C0070C
C10F0C
C3FE0C
67FC18
61F818
200010
300030
ENDCHAR
STARTCHAR uni247D
ENCODING 9341
SWIDTH 1000 0
DWIDTH 24 0
BBX 22 22 1 -2
BITMAP
300030
200010
618718
678F98
CF9FCC
CF99CC
C398CC
C3B8CC
C3B8EC
C3B8EC
C3B8EC
C3B8EC
C3B8EC
C3B8EC
C3B8CC
C398CC
C398CC
C39DCC
638F98
638F18
200010
300030
ENDCHAR
STARTCHAR uni247E
ENCODING 9342
SWIDTH 1000 0
DWIDTH 24 0
BBX 22 22 1 -2
BITMAP
300030
200010
60C118
63C718
C7CF0C
C7CF0C
C1C30C
C1C30C
C1C30C
C1C30C
C1C30C
C1C30C
C1C30C
C1C30C
C1C30C
C1C30C
C1C30C
C1C30C
61C318
61C318
200010
300030
ENDCHAR
STARTCHAR uni247F
ENCODING 9343
SWIDTH 1000 0
DWIDTH 24 0
BBX 22 22 1 -2
BITMAP
300030
200010
618E18
679F98
CFBF8C
CF91CC
C381CC
C381CC
C381CC
C381CC
C3818C
C3838C
C3830C
C3870C
C38E0C
C38E0C
C39C0C
C3BFCC
63BFD8
63BFD8
200010
300030
ENDCHAR
STARTCHAR uni2480
ENCODING 9344
SWIDTH 1000 0
DWIDTH 24 0
BBX 22 22 1 -2
BITMAP
300030
200010
618E18
67BF98
CF9FCC
CF91CC
C381CC
C381CC
C381CC
C3838C
C38F0C
C38F8C
C383CC
C381CC
C380CC
C380CC
C390CC
C3B1CC
63BF98
639F18
200010
300030
ENDCHAR
STARTCHAR uni2481
ENCODING 9345
SWIDTH 1000 0
DWIDTH 24 0
BBX 22 22 1 -2
BITMAP
300030
200010
618398
678398
CF838C
CF878C
C3878C
C38D8C
C38D8C
C3998C
C3998C
C3998C
C3B18C
C3BFEC
C3BFEC
C3818C
C3818C
C3818C
638198
638198
200010
300030
ENDCHAR
STARTCHAR uni2482
ENCODING 9346
SWIDTH 1000 0
DWIDTH 24 0
BBX 22 22 1 -2
BITMAP
300030
200010
619F98
679F98
CF9F8C
CF980C
C3980C
C3980C
C3980C
C39F0C
C39F8C
C399CC
C381CC
C380CC
C380CC
C380CC
C391CC
C3B3CC
63BF98
639F18
200010
300030
ENDCHAR
STARTCHAR uni2483
ENCODING 9347
SWIDTH 1000 0
DWIDTH 24 0
BBX 22 22 1 -2
BITMAP
300030
200010
618718
678FD8
CF8FCC
CF9C8C
C3980C
C3980C
C3B80C
C3BB0C
C3BF8C
C3BDCC
C3B8CC
C3B8CC
C3B8CC
C398CC
C398CC
C39DCC
638F98
638798
200010
300030
ENDCHAR
STARTCHAR uni2484
ENCODING 9348
SWIDTH 1000 0
DWIDTH 24 0
BBX 22 22 1 -2
BITMAP
300030
200010
61BFD8
63BFD8
CFBFCC
CF838C
C3838C
C3830C
C3870C
C3870C
C3860C
C3860C
C38E0C
C38E0C
C38E0C
C38E0C
C38E0C
C38E0C
638E18
638E18
200010
300030
ENDCHAR
STARTCHAR uni2485
ENCODING 9349
SWIDTH 1000 0
DWIDTH 24 0
BBX 22 22 1 -2
BITMAP
300030
200010
618718
678F98
CF9D8C
CF98CC
C398CC
C398CC
C39D8C
C38D8C
C38F0C
C38F8C
C39B8C
C399CC
C3B8CC
C3B0CC
C3B8CC
C399CC
639FD8
638F98
200010
300030
ENDCHAR
STARTCHAR uni2486
ENCODING 9350
SWIDTH 1000 0
DWIDTH 24 0
BBX 22 22 1 -2
BITMAP
300030
200010
618618
678F98
CF9F8C
CF99CC
C3B8CC
C3B8CC
C3B8CC
C3B8CC
C399CC
C39FCC
C38ECC
C380CC
C380CC
C380CC
C381CC
C3998C
639F98
638F18
200010
300030
ENDCHAR
STARTCHAR uni2487
ENCODING 9351
SWIDTH 1000 0
DWIDTH 24 0
BBX 22 22 1 -2
BITMAP
300030
200010
630318
6FC798
DFCFCC
C8CCCC
C0CCCC
C0FCEC
C0DCEC
C0DCEC
C1DCEC
C1DCEC
C19CEC
C39CEC
C39CEC
C70CCC
C70CCC
CFEFCC
6FE7D8
6FE798
200010
300030
ENDCHAR
STARTCHAR uni2488
ENCODING 9352
SWIDTH 1000 0
DWIDTH 24 0
BBX 18 17 3 0
BITMAP
1E0000
7E0000
7E0000
0E0000
0E0000
0E0000
0E0000
0E0000
0E0000
0E0000
0E0000
0E0000
0E0000
0E0380
FFC7C0
FFC7C0
FFC380
ENDCHAR
STARTCHAR uni2489
ENCODING 9353
SWIDTH 1000 0
DWIDTH 24 0
BBX 19 18 2 0
BITMAP
0F0000
3FC000
7FE000
F1E000
20E000
00E000
00E000
00E000
01E000
01C000
03C000
078000
0F0000
1E0000
3C01E0
7FF1E0
7FF1E0
7FF1E0
ENDCHAR
STARTCHAR uni248A
ENCODING 9354
SWIDTH 1000 0
DWIDTH 24 0
BBX 19 18 2 0
BITMAP
0F0000
3FC000
7FE000
30F000
20F000
00F000
00F000
01E000
0FC000
0FC000
03F000
007000
007800
007800
6071E0
FFF1E0
7FE1E0
1FC1E0
ENDCHAR
STARTCHAR uni248B
ENCODING 9355
SWIDTH 1000 0
DWIDTH 24 0
BBX 20 17 2 0
BITMAP
03E000
03E000
07E000
0EE000
0EE000
1CE000
3CE000
38E000
70E000
70E000
FFF800
FFF800
FFF800
00E0E0
00E1F0
00E1F0
00E0E0
ENDCHAR
STARTCHAR uni248C
ENCODING 9356
SWIDTH 1000 0
DWIDTH 24 0
BBX 19 17 2 0
BITMAP
3FF000
3FF000
3FF000
380000
380000
380000
3FC000
3FE000
39F000
007000
007800
007800
007800
60F1E0
FFF1E0
7FE1E0
1FC1E0
ENDCHAR
STARTCHAR uni248D
ENCODING 9357
SWIDTH 1000 0
DWIDTH 24 0
BBX 19 18 2 0
BITMAP
038000
1FE000
3FF000
3C6000
780000
700000
700000
F38000
FFE000
FFF000
F8F000
F07000
707000
707000
7871E0
3DF1E0
3FE1E0
0FC1E0
ENDCHAR
STARTCHAR uni248E
ENCODING 9358
SWIDTH 1000 0
DWIDTH 24 0
BBX 16 17 4 0
BITMAP
FFE0
FFE0
FFE0
01C0
0380
0380
0700
0700
0E00
0E00
0E00
1E00
1E00
1E0F
1C0F
1C0F
1C0F
ENDCHAR
STARTCHAR uni248F
ENCODING 9359
SWIDTH 1000 0
DWIDTH 24 0
BBX 19 18 3 0
BITMAP
0E0000
3F8000
7FC000
F1E000
E0E000
E0E000
F0C000
79C000
3F8000
3F8000
77C000
E1E000
E0E000
E0E000
E0E1C0
F1E3E0
7FC3E0
3F81C0
ENDCHAR
STARTCHAR uni2490
ENCODING 9360
SWIDTH 1000 0
DWIDTH 24 0
BBX 19 18 3 0
BITMAP
0E0000
3F8000
7FC000
F1E000
E0E000
E0E000
E0F000
E0F000
F1F000
7FF000
3EF000
00E000
00E000
00E000
41E1C0
7FC3E0
FF83E0
3F01C0
ENDCHAR
STARTCHAR uni2491
ENCODING 9361
SWIDTH 1000 0
DWIDTH 24 0
BBX 24 18 0 0
BITMAP
000E00
3C1F00
FC3F80
FC7BC0
1C71C0
1C71C0
1CF1C0
1CF1E0
1CF1E0
1CF1E0
1CF1E0
1CF1E0
1C71C0
1C71C0
1C71CE
1C7FDF
1C3F9F
1C1F0E
ENDCHAR
STARTCHAR uni2492
ENCODING 9362
SWIDTH 1000 0
DWIDTH 24 0
BBX 22 17 1 0
BITMAP
3C1C00
FCFC00
FCFC00
1C1C00
1C1C00
1C1C00
1C1C00
1C1C00
1C1C00
1C1C00
1C1C00
1C1C00
1C1C00
1C1C38
1C1C3C
1C1C7C
1C1C38
ENDCHAR
STARTCHAR uni2493
ENCODING 9363
SWIDTH 1000 0
DWIDTH 24 0
BBX 23 18 1 0
BITMAP
003800
3CFE00
FDFF00
FCC700
3C8700
3C0700
3C0700
3C0700
3C0700
3C0E00
3C0E00
3C1C00
3C3C00
3C7800
3C701C
3CFFBE
3DFFBE
3DFF9C
ENDCHAR
STARTCHAR uni2494
ENCODING 9364
SWIDTH 1000 0
DWIDTH 24 0
BBX 23 18 1 0
BITMAP
003800
3CFE00
FCFF00
FC4700
3C0780
3C0780
3C0700
3C0F00
3C3E00
3C3E00
3C0F00
3C0780
3C0380
3C0380
3C879C
3CFFBC
3DFF3E
3C7E1C
ENDCHAR
STARTCHAR uni2495
ENCODING 9365
SWIDTH 1000 0
DWIDTH 24 0
BBX 23 17 1 0
BITMAP
3C0F00
FC1F00
FC1F00
3C3F00
3C3700
3C7700
3C7700
3CE700
3CE700
3DC700
3DFF80
3DFF80
3DFF80
3C071C
3C073C
3C073E
3C071C
ENDCHAR
STARTCHAR uni2496
ENCODING 9366
SWIDTH 1000 0
DWIDTH 24 0
BBX 23 17 1 0
BITMAP
3C7F00
FC7F00
FC7F00
3CE000
3CE000
3CE000
3CFE00
3CFF00
3C6F80
3C0780
3C0380
3C0380
3C0380
3C879C
3CFF3C
3DFF3E
3C7E1C
ENDCHAR
STARTCHAR uni2497
ENCODING 9367
SWIDTH 1000 0
DWIDTH 24 0
BBX 23 18 1 0
BITMAP
000C00
3C3F00
FC7F80
FC7300
3CE000
3CE000
3CE000
3CCE00
3CDF00
3DFF80
3CE380
3CC380
3CC380
3CE380
3CE39C
3C77BC
3C7F3E
3C3E1C
ENDCHAR
STARTCHAR uni2498
ENCODING 9368
SWIDTH 1000 0
DWIDTH 24 0
BBX 22 17 1 0
BITMAP
3CFFC0
FCFFC0
FCFF80
1C0380
1C0700
1C0700
1C0600
1C0E00
1C0E00
1C0E00
1C1C00
1C1C00
1C1C00
1C1C38
1C1C7C
1C1C7C
1C1C38
ENDCHAR
STARTCHAR uni2499
ENCODING 9369
SWIDTH 1000 0
DWIDTH 24 0
BBX 23 18 1 0
BITMAP
001C00
3C7E00
FCFF00
FCE380
3CE380
3CE380
3CE300
3C7700
3C7E00
3C3E00
3CEF00
3CC780
3DC380
3DC380
3DC39C
3CE3BE
3CFF3E
3C7E1C
ENDCHAR
STARTCHAR uni249A
ENCODING 9370
SWIDTH 1000 0
DWIDTH 24 0
BBX 23 18 1 0
BITMAP
001C00
3C7E00
FC7F00
FCE780
3CE380
3CE380
3CE380
3CE380
3CE780
3C7F80
3C7F80
3C0380
3C0380
3C0380
3C439C
3C7F3E
3CFF3E
3C7E1C
ENDCHAR
STARTCHAR uni249B
ENCODING 9371
SWIDTH 1000 0
DWIDTH 24 0
BBX 24 18 0 0
BITMAP
1C0700
7F0F80
FF1FC0
679DC0
23B9C0
03B8E0
03B8E0
03B8E0
0738E0
0738E0
0F38E0
0E38E0
1C38E0
3C38E0
3839CE
7F9FDE
FF9F9F
FF8F8E
ENDCHAR
STARTCHAR uni249C
ENCODING 9372
SWIDTH 1000 0
DWIDTH 24 0
BBX 22 22 1 -2
BITMAP
300030
200010
600018
600018
C0FC0C
C3FE0C
C3FF0C
C10F0C
C0070C
C03F0C
C1FF0C
C3E70C
C3870C
C7870C
C78F0C
C3FF0C
C3FF0C
C1E70C
600018
600018
200010
300030
ENDCHAR
STARTCHAR uni249D
ENCODING 9373
SWIDTH 1000 0
DWIDTH 24 0
BBX 22 22 1 -2
BITMAP
300030
238010
638018
638018
C3800C
C3800C
C39E0C
C3FF0C
C3FF8C
C3C78C
C3838C
C383CC
C383CC
C383CC
C383CC
C3838C
C3C78C
C3FF0C
63FF18
63BC18
200010
300030
ENDCHAR
STARTCHAR uni249E
ENCODING 9374
SWIDTH 1000 0
DWIDTH 24 0
BBX 22 22 1 -2
BITMAP
300030
200010
600018
600018
C07E0C
C0FF0C
C1FE0C
C3C20C
C3C00C
C3800C
C7800C
C7800C
C3800C
C3C00C
C3C20C
C1FF0C
C0FF0C
C07E0C
600018
600018
200010
300030
ENDCHAR
STARTCHAR uni249F
ENCODING 9375
SWIDTH 1000 0
DWIDTH 24 0
BBX 22 22 1 -2
BITMAP
300030
200710
600718
600718
C0070C
C0070C
C0F70C
C3FF0C
C3FF0C
C78F0C
C7070C
C7070C
CF070C
CF070C
CF070C
C7070C
C78F0C
C7FF0C
63FF18
61E718
200010
300030
ENDCHAR
STARTCHAR uni24A0
ENCODING 9376
SWIDTH 1000 0
DWIDTH 24 0
BBX 22 22 1 -2
BITMAP
300030
200010
600018
600018
C07C0C
C0FE0C
C1FF0C
C3C70C
C3870C
C3838C
C7FF8C
C7FF8C
C3800C
C3800C
C3C20C
C1FF0C
C0FF0C
C07C0C
600018
600018
200010
300030
ENDCHAR
STARTCHAR uni24A1
ENCODING 9377
SWIDTH 1000 0
DWIDTH 24 0
BBX 22 22 1 -2
BITMAP
303C30
207E10
60FE18
60F018
C0E00C
C0E00C
C3FC0C
C3FC0C
C3FC0C
C0E00C
C0E00C
C0E00C
C0E00C
C0E00C
C0E00C
C0E00C
C0E00C
C0E00C
60E018
60E018
200010
300030
ENDCHAR
STARTCHAR uni24A2
ENCODING 9378
SWIDTH 1000 0
DWIDTH 24 0
BBX 22 22 1 -2
BITMAP
300030
200010
607F98
61FF98
C1FF8C
C38E0C
C38E0C
C38E0C
C3CE0C
C1FE0C
C0FC0C
C1800C
C3800C
C3FE0C
C1FF0C
C1FF8C
C3878C
C3878C
63CF18
63FE18
20FC10
300030
ENDCHAR
STARTCHAR uni24A3
ENCODING 9379
SWIDTH 1000 0
DWIDTH 24 0
BBX 22 22 1 -2
BITMAP
300030
238010
638018
638018
C3800C
C3800C
C39E0C
C3FF0C
C3FF8C
C3C78C
C3878C
C3878C
C3878C
C3878C
C3878C
C3878C
C3878C
C3878C
638798
638798
200010
300030
ENDCHAR
STARTCHAR uni24A4
ENCODING 9380
SWIDTH 1000 0
DWIDTH 24 0
BBX 22 22 1 -2
BITMAP
303030
207810
607818
607818
C0000C
C0000C
C0780C
C0780C
C0780C
C0780C
C0780C
C0780C
C0780C
C0780C
C0780C
C0780C
C0780C
C0780C
607818
607818
200010
300030
ENDCHAR
STARTCHAR uni24A5
ENCODING 9381
SWIDTH 1000 0
DWIDTH 24 0
BBX 22 25 1 -4
BITMAP
003800
307C30
203810
601018
600018
C0000C
C0380C
C0380C
C0380C
C0380C
C0380C
C0380C
C0380C
C0380C
C0380C
C0380C
C0380C
C0380C
C0380C
603818
603818
207810
31F830
01F000
03E000
ENDCHAR
STARTCHAR uni24A6
ENCODING 9382
SWIDTH 1000 0
DWIDTH 24 0
BBX 22 22 1 -2
BITMAP
300030
238010
638018
638018
C3800C
C3800C
C3878C
C38F0C
C38E0C
C39C0C
C3BC0C
C3F80C
C3F80C
C3FC0C
C3DC0C
C3DE0C
C38E0C
C38F0C
638798
638798
200010
300030
ENDCHAR
STARTCHAR uni24A7
ENCODING 9383
SWIDTH 1000 0
DWIDTH 24 0
BBX 22 22 1 -2
BITMAP
300030
207810
607818
607818
C0780C
C0780C
C0780C
C0780C
C0780C
C0780C
C0780C
C0780C
C0780C
C0780C
C0780C
C0780C
C0780C
C07C0C
603C18
603C18
200010
300030
ENDCHAR
STARTCHAR uni24A8
ENCODING 9384
SWIDTH 1000 0
DWIDTH 24 0
BBX 22 22 1 -2
BITMAP
300030
200010
600018
600018
CCE78C
CDFFCC
CFFFCC
CE79CC
CE31CC
CE31CC
CE31CC
CE31CC
CE31CC
CE31CC
CE31CC
CE31CC
CE31CC
CE31CC
600018
600018
200010
300030
ENDCHAR
STARTCHAR uni24A9
ENCODING 9385
SWIDTH 1000 0
DWIDTH 24 0
BBX 22 22 1 -2
BITMAP
300030
200010
600018
600018
C73E0C
C77F0C
C7FF0C
C7C78C
C7878C
C7878C
C7878C
C7878C
C7878C
C7878C
C7878C
C7878C
C7878C
C7878C
600018
600018
200010
300030
ENDCHAR
STARTCHAR uni24AA
ENCODING 9386
SWIDTH 1000 0
DWIDTH 24 0
BBX 22 22 1 -2
BITMAP
300030
200010
600018
600018
C0FC0C
C1FE0C
C3FF0C
C7878C
C7878C
C7038C
C7038C
C7038C
C7038C
C7878C
C7878C
C3FF0C
C1FE0C
C0780C
600018
600018
200010
300030
ENDCHAR
STARTCHAR uni24AB
ENCODING 9387
SWIDTH 1000 0
DWIDTH 24 0
BBX 22 22 1 -2
BITMAP
300030
200010
639C18
63FF18
C3FF8C
C3C78C
C383CC
C383CC
C383CC
C383CC
C383CC
C383CC
C3878C
C3FF8C
C3FF0C
C3BE0C
C3800C
C3800C
638018
638018
200010
300030
ENDCHAR
STARTCHAR uni24AC
ENCODING 9388
SWIDTH 1000 0
DWIDTH 24 0
BBX 22 22 1 -2
BITMAP
300030
200010
60E318
63FF18
C3FF0C
C78F0C
C7070C
CF070C
CF070C
CF070C
CF070C
CF070C
C78F0C
C7FF0C
C3FF0C
C1F70C
C0070C
C0070C
600718
600718
200010
300030
ENDCHAR
STARTCHAR uni24AD
ENCODING 9389
SWIDTH 1000 0
DWIDTH 24 0
BBX 22 22 1 -2
BITMAP
300030
200010
600018
600018
C1CF0C
C1DF0C
C1DE0C
C1F00C
C1E00C
C1E00C
C1E00C
C1E00C
C1E00C
C1E00C
C1E00C
C1E00C
C1E00C
C1E00C
600018
600018
200010
300030
ENDCHAR
STARTCHAR uni24AE
ENCODING 9390
SWIDTH 1000 0
DWIDTH 24 0
BBX 22 22 1 -2
BITMAP
300030
200010
600018
600018
C07C0C
C1FF0C
C1FE0C
C3C20C
C3C00C
C1F00C
C1FC0C
C07E0C
C01F0C
C0070C
C1070C
C3FF0C
C3FE0C
C0FC0C
600018
600018
200010
300030
ENDCHAR
STARTCHAR uni24AF
ENCODING 9391
SWIDTH 1000 0
DWIDTH 24 0
BBX 22 22 1 -2
BITMAP
300030
200010
607018
607018
C0700C
C3FE0C
C3FE0C
C3FE0C
C0F00C
C0F00C
C0F00C
C0F00C
C0F00C
C0F00C
C0F00C
C0F00C
C07E0C
C07E0C
603F18
600018
200010
300030
ENDCHAR
STARTCHAR uni24B0
ENCODING 9392
SWIDTH 1000 0
DWIDTH 24 0
BBX 22 22 1 -2
BITMAP
300030
200010
600018
600018
C7878C
C7878C
C7878C
C7878C
C7878C
C7878C
C7878C
C7878C
C7878C
C7878C
C78F8C
C3FF8C
C3FB8C
C1E38C
600018
600018
200010
300030
ENDCHAR
STARTCHAR uni24B1
ENCODING 9393
SWIDTH 1000 0
DWIDTH 24 0
BBX 22 22 1 -2
BITMAP
300030
200010
600018
600018
CF03CC
C7038C
C7838C
C3878C
C3870C
C3C70C
C1CF0C
C1CE0C
C1CE0C
C0EE0C
C0FC0C
C0FC0C
C07C0C
C0780C
600018
600018
200010
300030
ENDCHAR
STARTCHAR uni24B2
ENCODING 9394
SWIDTH 1000 0
DWIDTH 24 0
BBX 22 22 1 -2
BITMAP
300030
200010
600018
600018
DC78EC
DC78EC
DC78EC
CE78EC
CE78CC
CE7DCC
CEFDCC
CECDCC
CECDCC
C6CDCC
C7CF8C
C7CF8C
C7CF8C
C7878C
600018
600018
200010
300030
ENDCHAR
STARTCHAR uni24B3
ENCODING 9395
SWIDTH 1000 0
DWIDTH 24 0
BBX 22 22 1 -2
BITMAP
300030
200010
600018
600018
C7878C
C3870C
C3CF0C
C1EE0C
C1EE0C
C0FC0C
C07C0C
C0F80C
C0FC0C
C1DE0C
C1CE0C
C38F0C
C7878C
C7078C
600018
600018
200010
300030
ENDCHAR
STARTCHAR uni24B4
ENCODING 9396
SWIDTH 1000 0
DWIDTH 24 0
BBX 22 22 1 -2
BITMAP
300030
200010
6F03D8
670398
C7838C
C3870C
C3870C
C3C70C
C1CE0C
C1CE0C
C0EE0C
C0EC0C
C0FC0C
C07C0C
C0780C
C0380C
C0780C
C2F00C
63F018
63E018
200010
300030
ENDCHAR
STARTCHAR uni24B5
ENCODING 9397
SWIDTH 1000 0
DWIDTH 24 0
BBX 22 22 1 -2
BITMAP
300030
200010
600018
600018
C1FF0C
C1FF0C
C1FF0C
C00E0C
C01E0C
C03C0C
C0780C
C0780C
C0F00C
C1E00C
C1E00C
C3FF0C
C3FF0C
C3FF0C
600018
600018
200010
300030
ENDCHAR
STARTCHAR uni24B6
ENCODING 9398
SWIDTH 1000 0
DWIDTH 24 0
BBX 22 22 1 -2
BITMAP
03FF00
040080
180060
300030
207810
407808
40FC08
80FC04
80DC04
81CE04
81CE04
81CE04
83FF04
83FF04
838704
478788
470388
200010
100020
080040
060180
01FE00
ENDCHAR
STARTCHAR uni24B7
ENCODING 9399
SWIDTH 1000 0
DWIDTH 24 0
BBX 22 22 1 -2
BITMAP
03FF00
040080
180060
300030
23F010
43FE08
43FF08
838704
838704
838E04
83FC04
83FF04
838704
838384
838704
43FF08
43FC08
200010
100020
080040
060180
01FE00
ENDCHAR
STARTCHAR uni24B8
ENCODING 9400
SWIDTH 1000 0
DWIDTH 24 0
BBX 22 22 1 -2
BITMAP
03FF00
040080
180060
300030
203C10
40FF08
41FE08
83C404
838004
878004
870004
870004
878004
838004
83C604
41FF08
40FE08
200010
100020
080040
060180
01FE00
ENDCHAR
STARTCHAR uni24B9
ENCODING 9401
SWIDTH 1000 0
DWIDTH 24 0
BBX 22 22 1 -2
BITMAP
03FF00
040080
180060
300030
21E010
41FE08
41FF08
81C784
81C384
81C384
81C384
81C384
81C384
81C784
81CF04
41FE08
41FC08
200010
100020
080040
060180
01FE00
ENDCHAR
STARTCHAR uni24BA
ENCODING 9402
SWIDTH 1000 0
DWIDTH 24 0
BBX 22 22 1 -2
BITMAP
03FF00
040080
180060
300030
21FE10
41FE08
41FE08
81C004
81C004
81FE04
81FE04
81FE04
81C004
81C004
81C004
41FF08
41FF08
200010
100020
080040
060180
01FE00
ENDCHAR
STARTCHAR uni24BB
ENCODING 9403
SWIDTH 1000 0
DWIDTH 24 0
BBX 22 22 1 -2
BITMAP
03FF00
040080
180060
300030
21FE10
41FE08
41FE08
81C004
81C004
81C004
81FE04
81FE04
81C004
81C004
81C004
41C008
41C008
200010
100020
080040
060180
01FE00
ENDCHAR
STARTCHAR uni24BC
ENCODING 9404
SWIDTH 1000 0
DWIDTH 24 0
BBX 22 22 1 -2
BITMAP
03FF00
040080
180060
300030
203C10
40FF08
43FE08
83C204
878004
870004
871F04
871F04
870704
878704
83C704
41FF08
40FE08
200010
100020
080040
060180
01FE00
ENDCHAR
STARTCHAR uni24BD
ENCODING 9405
SWIDTH 1000 0
DWIDTH 24 0
BBX 22 22 1 -2
BITMAP
03FF00
040080
180060
300030
238710
438708
438708
838704
838704
83FF04
83FF04
83FF04
838704
838704
838704
438708
438708
200010
100020
080040
060180
01FE00
ENDCHAR
STARTCHAR uni24BE
ENCODING 9406
SWIDTH 1000 0
DWIDTH 24 0
BBX 22 22 1 -2
BITMAP
03FF00
040080
180060
300030
207810
407808
407808
807804
807804
807804
807804
807804
807804
807804
807804
407808
407808
200010
100020
080040
060180
01FE00
ENDCHAR
STARTCHAR uni24BF
ENCODING 9407
SWIDTH 1000 0
DWIDTH 24 0
BBX 22 22 1 -2
BITMAP
03FF00
040080
180060
300030
201E10
401E08
401E08
801E04
801E04
801E04
801E04
801E04
801E04
811E04
819C04
43FC08
41F808
200010
100020
080040
060180
01FE00
ENDCHAR
STARTCHAR uni24C0
ENCODING 9408
SWIDTH 1000 0
DWIDTH 24 0
BBX 22 22 1 -2
BITMAP
03FF00
040080
180060
300030
238790
438F08
438E08
839C04
83B804
83F804
83F804
83FC04
83DC04
838E04
838F04
438708
438388
200010
100020
080040
060180
01FE00
ENDCHAR
STARTCHAR uni24C1
ENCODING 9409
SWIDTH 1000 0
DWIDTH 24 0
BBX 22 22 1 -2
BITMAP
03FF00
040080
180060
300030
21C010
41C008
41C008
81C004
81C004
81C004
81C004
81C004
81C004
81C004
81FF04
41FF08
41FF08
200010
100020
080040
060180
01FE00
ENDCHAR
STARTCHAR uni24C2
ENCODING 9410
SWIDTH 1000 0
DWIDTH 24 0
BBX 22 22 1 -2
BITMAP
03FF00
040080
180060
300030
270390
470388
478788
878784
87CF84
86CD84
86CD84
877B84
877B84
877B84
873384
473388
470388
200010
100020
080040
060180
01FE00
ENDCHAR
STARTCHAR uni24C3
ENCODING 9411
SWIDTH 1000 0
DWIDTH 24 0
BBX 22 22 1 -2
BITMAP
03FF00
040080
180060
300030
238710
438708
43C708
83E704
83E704
837704
837304
83BB04
839B04
839F04
838F04
438F08
438708
200010
100020
080040
060180
01FE00
ENDCHAR
STARTCHAR uni24C4
ENCODING 9412
SWIDTH 1000 0
DWIDTH 24 0
BBX 22 22 1 -2
BITMAP
03FF00
040080
180060
300030
207810
41FE08
43FF08
878784
870384
870384
870384
870384
870384
878784
83CF04
43FF08
40FC08
200010
100020
080040
060180
01FE00
ENDCHAR
STARTCHAR uni24C5
ENCODING 9413
SWIDTH 1000 0
DWIDTH 24 0
BBX 22 22 1 -2
BITMAP
03FF00
040080
180060
300030
23F010
43FE08
43FF08
838704
838384
838704
838F04
83FE04
83FC04
838004
838004
438008
438008
200010
100020
080040
060180
01FE00
ENDCHAR
STARTCHAR uni24C6
ENCODING 9414
SWIDTH 1000 0
DWIDTH 24 0
BBX 22 22 1 -2
BITMAP
03FF00
040080
180060
300030
207810
41FE08
43FF08
878704
870784
870384
870384
870384
870784
878F04
83FE04
40FC08
407808
203F90
101FA0
080040
060180
01FE00
ENDCHAR
STARTCHAR uni24C7
ENCODING 9415
SWIDTH 1000 0
DWIDTH 24 0
BBX 22 22 1 -2
BITMAP
03FF00
040080
180060
300030
23F010
43FE08
43FF08
83C704
83C384
83C704
83FF04
83FE04
83FC04
83CE04
83CF04
43C708
43C388
200010
100020
080040
060180
01FE00
ENDCHAR
STARTCHAR uni24C8
ENCODING 9416
SWIDTH 1000 0
DWIDTH 24 0
BBX 22 22 1 -2
BITMAP
03FF00
040080
180060
300030
207C10
40FF08
41FE08
81C204
81C004
81F004
80FC04
803F04
800F04
810704
818704
43FE08
41FC08
200010
100020
080040
060180
01FE00
ENDCHAR
STARTCHAR uni24C9
ENCODING 9417
SWIDTH 1000 0
DWIDTH 24 0
BBX 22 22 1 -2
BITMAP
03FF00
040080
180060
300030
23FF10
43FF08
43FF08
807804
807804
807804
807804
807804
807804
807804
807804
407808
407808
200010
100020
080040
060180
01FE00
ENDCHAR
STARTCHAR uni24CA
ENCODING 9418
SWIDTH 1000 0
DWIDTH 24 0
BBX 22 22 1 -2
BITMAP
03FF00
040080
180060
300030
238710
438708
438708
838704
838704
838704
838704
838704
838704
838704
83CF04
41FE08
40FC08
200010
100020
080040
060180
01FE00
ENDCHAR
STARTCHAR uni24CB
ENCODING 9419
SWIDTH 1000 0
DWIDTH 24 0
BBX 22 22 1 -2
BITMAP
03FF00
040080
180060
300030
270390
478708
438708
838704
838704
81CE04
81CE04
81CE04
80EC04
80FC04
80FC04
407808
407808
200010
100020
080040
060180
01FE00
ENDCHAR
STARTCHAR uni24CC
ENCODING 9420
SWIDTH 1000 0
DWIDTH 24 0
BBX 22 22 1 -2
BITMAP
03FF00
040080
180060
300030
3C30F0
5C38E8
4E78C8
8E78C4
8E79C4
8E79C4
8E7DC4
86CDC4
86CD84
87CD84
87CF84
47CF88
478788
200010
100020
080040
060180
01FE00
ENDCHAR
STARTCHAR uni24CD
ENCODING 9421
SWIDTH 1000 0
DWIDTH 24 0
BBX 22 22 1 -2
BITMAP
03FF00
040080
180060
300030
238710
43C708
41CE08
81EE04
80FC04
80FC04
807804
807804
80FC04
81DE04
81CE04
438F08
478708
200090
100020
080040
060180
01FE00
ENDCHAR
STARTCHAR uni24CE
ENCODING 9422
SWIDTH 1000 0
DWIDTH 24 0
BBX 22 22 1 -2
BITMAP
03FF00
040080
180060
300030
278790
438708
43CF08
81CE04
81CE04
80FC04
80FC04
807804
807804
807804
807804
407808
407808
200010
100020
080040
060180
01FE00
ENDCHAR
STARTCHAR uni24CF
ENCODING 9423
SWIDTH 1000 0
DWIDTH 24 0
BBX 22 22 1 -2
BITMAP
03FF00
040080
180060
300030
21FF10
41FF08
41FF08
800E04
801C04
803804
803804
807004
80E004
81E004
81C004
43FF08
43FF08
200010
100020
080040
060180
01FE00
ENDCHAR
STARTCHAR uni24D0
ENCODING 9424
SWIDTH 1000 0
DWIDTH 24 0
BBX 22 22 1 -2
BITMAP
03FF00
040080
180060
300030
200010
400008
403808
81FC04
80CE04
800E04
807E04
80EE04
81CE04
81DE04
80F604
406008
400008
200010
100020
080040
060180
01FE00
ENDCHAR
STARTCHAR uni24D1
ENCODING 9425
SWIDTH 1000 0
DWIDTH 24 0
BBX 22 22 1 -2
BITMAP
03FF00
040080
180060
300030
20C010
40C008
40C008
80C804
80FE04
80EF04
80C704
80C704
80C704
80C704
80E704
40FE08
40DC08
200010
100020
080040
060180
01FE00
ENDCHAR
STARTCHAR uni24D2
ENCODING 9426
SWIDTH 1000 0
DWIDTH 24 0
BBX 22 22 1 -2
BITMAP
03FF00
040080
180060
300030
200010
400008
403808
80FC04
80E804
81C004
81C004
81C004
81C004
80EC04
80FC04
403008
400008
200010
100020
080040
060180
01FE00
ENDCHAR
STARTCHAR uni24D3
ENCODING 9427
SWIDTH 1000 0
DWIDTH 24 0
BBX 22 22 1 -2
BITMAP
03FF00
040080
180060
300030
200E10
400E08
400E08
806E04
80FE04
81DE04
818E04
838E04
838E04
818E04
81CE04
41FE08
406608
200010
100020
080040
060180
01FE00
ENDCHAR
STARTCHAR uni24D4
ENCODING 9428
SWIDTH 1000 0
DWIDTH 24 0
BBX 22 22 1 -2
BITMAP
03FF00
040080
180060
300030
200010
400008
403808
80FC04
80CE04
81C604
81FE04
81FE04
81C004
80E404
80FE04
403808
400008
200010
100020
080040
060180
01FE00
ENDCHAR
STARTCHAR uni24D5
ENCODING 9429
SWIDTH 1000 0
DWIDTH 24 0
BBX 22 22 1 -2
BITMAP
03FF00
040080
180060
300830
203C10
407C08
407008
807004
80F804
80F804
807004
807004
807004
807004
807004
407008
407008
200010
100020
080040
060180
01FE00
ENDCHAR
STARTCHAR uni24D6
ENCODING 9430
SWIDTH 1000 0
DWIDTH 24 0
BBX 22 22 1 -2
BITMAP
03FF00
040080
180060
300030
200010
407E08
40FE08
81CC04
818C04
81CC04
80F804
818004
81C004
80FE04
818F04
418608
41FE08
20F810
100020
080040
060180
01FE00
ENDCHAR
STARTCHAR uni24D7
ENCODING 9431
SWIDTH 1000 0
DWIDTH 24 0
BBX 22 22 1 -2
BITMAP
03FF00
040080
180060
300030
21C010
41C008
41C008
81C804
81FE04
81FE04
81C604
81C604
81C604
81C604
81C604
41C608
41C608
200010
100020
080040
060180
01FE00
ENDCHAR
STARTCHAR uni24D8
ENCODING 9432
SWIDTH 1000 0
DWIDTH 24 0
BBX 22 22 1 -2
BITMAP
03FF00
040080
180060
300030
203810
403008
400008
800004
803004
803004
803004
803004
803004
803004
803004
403008
403008
200010
100020
080040
060180
01FE00
ENDCHAR
STARTCHAR uni24D9
ENCODING 9433
SWIDTH 1000 0
DWIDTH 24 0
BBX 22 22 1 -2
BITMAP
03FF00
040080
180060
303830
203810
400008
400008
803804
803804
803804
803804
803804
803804
803804
803804
403808
403008
20F010
10F020
080040
060180
01FE00
ENDCHAR
STARTCHAR uni24DA
ENCODING 9434
SWIDTH 1000 0
DWIDTH 24 0
BBX 22 22 1 -2
BITMAP
03FF00
040080
180060
300030
21C010
41C008
41C008
81C104
81CE04
81CC04
81D804
81F804
81F804
81FC04
81CE04
41C608
41C708
200010
100020
080040
060180
01FE00
ENDCHAR
STARTCHAR uni24DB
ENCODING 9435
SWIDTH 1000 0
DWIDTH 24 0
BBX 22 22 1 -2
BITMAP
03FF00
040080
180060
300030
207010
407008
407008
807004
807004
807004
807004
807004
807004
807004
803004
403808
401808
200010
100020
080040
060180
01FE00
ENDCHAR
STARTCHAR uni24DC
ENCODING 9436
SWIDTH 1000 0
DWIDTH 24 0
BBX 22 22 1 -2
BITMAP
03FF00
040080
180060
300030
200010
400008
4CE308
8FFF84
8F79C4
8E31C4
8E31C4
8E31C4
8E31C4
8E31C4
8E31C4
400008
400008
200010
100020
080040
060180
01FE00
ENDCHAR
STARTCHAR uni24DD
ENCODING 9437
SWIDTH 1000 0
DWIDTH 24 0
BBX 22 22 1 -2
BITMAP
03FF00
040080
180060
300030
200010
400008
419C08
81FE04
81EE04
81C604
81C604
81C604
81C604
81C604
81C604
400008
400008
200010
100020
080040
060180
01FE00
ENDCHAR
STARTCHAR uni24DE
ENCODING 9438
SWIDTH 1000 0
DWIDTH 24 0
BBX 22 22 1 -2
BITMAP
03FF00
040080
180060
300030
200010
400008
403008
80FC04
81CE04
818604
818604
818604
818E04
81CE04
80FC04
403008
400008
200010
100020
080040
060180
01FE00
ENDCHAR
STARTCHAR uni24DF
ENCODING 9439
SWIDTH 1000 0
DWIDTH 24 0
BBX 22 22 1 -2
BITMAP
03FF00
040080
180060
300030
200010
41BC08
41FE08
81C604
81C704
81C704
81C704
81C604
81FE04
81FC04
81C004
41C008
41C008
200010
100020
080040
060180
01FE00
ENDCHAR
STARTCHAR uni24E0
ENCODING 9440
SWIDTH 1000 0
DWIDTH 24 0
BBX 22 22 1 -2
BITMAP
03FF00
040080
180060
300030
200010
407608
41FE08
81CE04
818E04
838E04
818E04
818E04
81FE04
80FE04
800E04
400E08
400E08
200010
100020
080040
060180
01FE00
ENDCHAR
STARTCHAR uni24E1
ENCODING 9441
SWIDTH 1000 0
DWIDTH 24 0
BBX 22 22 1 -2
BITMAP
03FF00
040080
180060
300030
200010
400008
406E08
807C04
807C04
806004
806004
806004
806004
806004
806004
400008
400008
200010
100020
080040
060180
01FE00
ENDCHAR
STARTCHAR uni24E2
ENCODING 9442
SWIDTH 1000 0
DWIDTH 24 0
BBX 22 22 1 -2
BITMAP
03FF00
040080
180060
300030
200010
400008
403808
80FC04
80C404
80E004
80F804
803C04
800E04
80CC04
81FC04
403008
400008
200010
100020
080040
060180
01FE00
ENDCHAR
STARTCHAR uni24E3
ENCODING 9443
SWIDTH 1000 0
DWIDTH 24 0
BBX 22 22 1 -2
BITMAP
03FF00
040080
180060
300030
200010
407008
407008
80FC04
80FC04
807004
807004
807004
807004
807004
807C04
403C08
400008
200010
100020
080040
060180
01FE00
ENDCHAR
STARTCHAR uni24E4
ENCODING 9444
SWIDTH 1000 0
DWIDTH 24 0
BBX 22 22 1 -2
BITMAP
03FF00
040080
180060
300030
200010
400008
418E08
818E04
818E04
818E04
818E04
818E04
81CE04
81FE04
80F604
406008
400008
200010
100020
080040
060180
01FE00
ENDCHAR
STARTCHAR uni24E5
ENCODING 9445
SWIDTH 1000 0
DWIDTH 24 0
BBX 22 22 1 -2
BITMAP
03FF00
040080
180060
300030
200010
400008
418708
818604
81C604
80CC04
80CC04
80CC04
807804
807804
807804
400008
400008
200010
100020
080040
060180
01FE00
ENDCHAR
STARTCHAR uni24E6
ENCODING 9446
SWIDTH 1000 0
DWIDTH 24 0
BBX 22 22 1 -2
BITMAP
03FF00
040080
180060
300030
200010
400008
4E31C8
863184
867984
877984
877B84
837B04
834F04
83CF04
81CF04
400008
400008
200010
100020
080040
060180
01FE00
ENDCHAR
STARTCHAR uni24E7
ENCODING 9447
SWIDTH 1000 0
DWIDTH 24 0
BBX 22 22 1 -2
BITMAP
03FF00
040080
180060
300030
200010
400008
41C608
81CE04
80EC04
807804
807804
807804
80FC04
80CC04
81CE04
400008
400008
200010
100020
080040
060180
01FE00
ENDCHAR
STARTCHAR uni24E8
ENCODING 9448
SWIDTH 1000 0
DWIDTH 24 0
BBX 22 22 1 -2
BITMAP
03FF00
040080
180060
300030
200010
418708
41C608
80C604
80CE04
806C04
806C04
806C04
803804
803804
803804
407008
40E008
21C010
100020
080040
060180
01FE00
ENDCHAR
STARTCHAR uni24E9
ENCODING 9449
SWIDTH 1000 0
DWIDTH 24 0
BBX 22 22 1 -2
BITMAP
03FF00
040080
180060
300030
200010
400008
40FE08
80FE04
801C04
801804
803804
807004
806004
80FE04
81FE04
400008
400008
200010
100020
080040
060180
01FE00
ENDCHAR
STARTCHAR uni24EA
ENCODING 9450
SWIDTH 1000 0
DWIDTH 24 0
BBX 22 22 1 -2
BITMAP
03FF00
040080
180060
300030
207810
40FC08
41FE08
838704
838704
838704
838704
838704
838704
838704
81CE04
41FE08
40FC08
200010
100020
080040
060180
01FE00
ENDCHAR
STARTCHAR uni24EB
ENCODING 9451
SWIDTH 1000 0
DWIDTH 24 0
BBX 22 22 1 -2
BITMAP
03FF00
07FF80
1FFFE0
3FFFF0
3E7CF0
7870F8
7060F8
F060FC
FC78FC
FC78FC
FC78FC
FC78FC
FC78FC
FC78FC
FC78FC
7C78F8
7C78F8
3FFFF0
1FFFE0
0FFFC0
07FF80
01FE00
ENDCHAR
STARTCHAR uni24EC
ENCODING 9452
SWIDTH 1000 0
DWIDTH 24 0
BBX 22 22 1 -2
BITMAP
03FF00
07FF80
1FFFE0
3FFFF0
3CF1F0
70E078
60C078
E0EE3C
F8FE3C
F8FE7C
F8FC7C
F8FCFC
F8F8FC
F8F1FC
F8E3FC
78C038
78C038
3FFFF0
1FFFE0
0FFFC0
07FF80
01FE00
ENDCHAR
STARTCHAR uni24ED
ENCODING 9453
SWIDTH 1000 0
DWIDTH 24 0
BBX 22 22 1 -2
BITMAP
03FF00
07FF80
1FFFE0
3FFFF0
3CF0F0
70E078
60E038
E0FE3C
F8FE3C
F8F87C
F8F0FC
F8F07C
F8FE3C
F8FE3C
F8EE3C
78C038
78E078
3FFFF0
1FFFE0
0FFFC0
07FF80
01FE00
ENDCHAR
STARTCHAR uni24EE
ENCODING 9454
SWIDTH 1000 0
DWIDTH 24 0
BBX 22 22 1 -2
BITMAP
03FF00
07FF80
1FFFE0
3FFFF0
3CFC70
70F878
60F878
E0F27C
F8F27C
F8E67C
F8E67C
F8CE7C
F8C03C
F8C03C
F8FE7C
78FE78
78FE78
3FFFF0
1FFFE0
0FFFC0
07FF80
01FE00
ENDCHAR
STARTCHAR uni24EF
ENCODING 9455
SWIDTH 1000 0
DWIDTH 24 0
BBX 22 22 1 -2
BITMAP
03FF00
07FF80
1FFFE0
3FFFF0
3CE030
70E038
60E038
E0E7FC
F8E7FC
F8E07C
F8E03C
F8FE3C
F8FE3C
F8FE3C
F8EE3C
78C078
78E078
3FFFF0
1FFFE0
0FFFC0
07FF80
01FE00
ENDCHAR
STARTCHAR uni24F0
ENCODING 9456
SWIDTH 1000 0
DWIDTH 24 0
BBX 22 22 1 -2
BITMAP
03FF00
07FF80
1FFFE0
3FFFF0
3CF8F0
70F038
60E078
E0E7FC
F8C7FC
F8C47C
F8C83C
F8C23C
F8C73C
F8C73C
F8E63C
78E038
78F078
3FFFF0
1FFFE0
0FFFC0
07FF80
01FE00
ENDCHAR
STARTCHAR uni24F1
ENCODING 9457
SWIDTH 1000 0
DWIDTH 24 0
BBX 22 22 1 -2
BITMAP
03FF00
07FF80
1FFFE0
3FFFF0
3CE030
70E038
60E038
E0FE7C
F8FC7C
F8FCFC
F8FCFC
F8F8FC
F8F8FC
F8F8FC
F8F9FC
78F9F8
78F1F8
3FFFF0
1FFFE0
0FFFC0
07FF80
01FE00
ENDCHAR
STARTCHAR uni24F2
ENCODING 9458
SWIDTH 1000 0
DWIDTH 24 0
BBX 22 22 1 -2
BITMAP
03FF00
07FF80
1FFFE0
3FFFF0
3CF8F0
70F078
60E238
E0E73C
F8E73C
F8E27C
F8F07C
F8E43C
F8E73C
F8C71C
F8C73C
78E038
78F078
3FFFF0
1FFFE0
0FFFC0
07FF80
01FE00
ENDCHAR
STARTCHAR uni24F3
ENCODING 9459
SWIDTH 1000 0
DWIDTH 24 0
BBX 22 22 1 -2
BITMAP
03FF00
07FF80
1FFFE0
3FFFF0
3CF8F0
70E078
60E238
E0C73C
F8C73C
F8C73C
F8E01C
F8E13C
F8FF3C
F8FF3C
F8F63C
78E078
78E0F8
3FFFF0
1FFFE0
0FFFC0
07FF80
01FE00
ENDCHAR
STARTCHAR uni24F4
ENCODING 9460
SWIDTH 1000 0
DWIDTH 24 0
BBX 22 22 1 -2
BITMAP
03FF00
07FF80
1FFFE0
3FFFF0
387C70
703838
703018
FF131C
FF139C
FF239C
FE239C
FE239C
FC639C
F8F31C
F1F11C
701038
701838
3FFFF0
1FFFE0
0FFFC0
07FF80
01FE00
ENDCHAR
STARTCHAR uni24F5
ENCODING 9461
SWIDTH 1000 0
DWIDTH 24 0
BBX 22 22 1 -2
BITMAP
03FF00
0CFCC0
130320
240090
481850
50F828
A1F814
A1F814
A03814
C0380C
C0380C
C0380C
C0380C
A03814
A03814
A03814
503828
280050
1400A0
0B8740
067980
01FE00
ENDCHAR
STARTCHAR uni24F6
ENCODING 9462
SWIDTH 1000 0
DWIDTH 24 0
BBX 22 22 1 -2
BITMAP
03FF00
0CFCC0
130320
240090
487850
51FC28
A3FE14
A08E14
A00614
C00E0C
C00E0C
C01C0C
C0380C
A07014
A0E714
A1FF14
51FF28
280050
1400A0
0B8740
067980
01FE00
ENDCHAR
STARTCHAR uni24F7
ENCODING 9463
SWIDTH 1000 0
DWIDTH 24 0
BBX 22 22 1 -2
BITMAP
03FF00
0CFCC0
130320
240090
487850
53FE28
A1FE14
A10E14
A00E14
C03E0C
C0780C
C07E0C
C0070C
A00714
A18F14
A3FE14
51FC28
280050
1400A0
0B8740
067980
01FE00
ENDCHAR
STARTCHAR uni24F8
ENCODING 9464
SWIDTH 1000 0
DWIDTH 24 0
BBX 22 22 1 -2
BITMAP
03FF00
0CFCC0
130320
240090
483C50
503C28
A07C14
A0FC14
A0DC14
C1DC0C
C39C0C
C31C0C
C7FF0C
A7FF14
A01C14
A01C14
501C28
280050
1400A0
0B8740
067980
01FE00
ENDCHAR
STARTCHAR uni24F9
ENCODING 9465
SWIDTH 1000 0
DWIDTH 24 0
BBX 22 22 1 -2
BITMAP
03FF00
0CFCC0
130320
240090
48FE50
50FE28
A1FE14
A1C014
A1C014
C1FC0C
C1FE0C
C08F0C
C0070C
A00714
A18F14
A3FE14
51FC28
280050
1400A0
0B8740
067980
01FE00
ENDCHAR
STARTCHAR uni24FA
ENCODING 9466
SWIDTH 1000 0
DWIDTH 24 0
BBX 22 22 1 -2
BITMAP
03FF00
0CFCC0
130320
240090
483850
50FE28
A1FE14
A3C414
A38014
C3BC0C
C3FE0C
C3CE0C
C3870C
A38714
A3CE14
A1FE14
50FC28
280050
1400A0
0B8740
067980
01FE00
ENDCHAR
STARTCHAR uni24FB
ENCODING 9467
SWIDTH 1000 0
DWIDTH 24 0
BBX 22 22 1 -2
BITMAP
03FF00
0CFCC0
130320
240090
4BFF50
53FF28
A3FF14
A00E14
A01C14
C0180C
C0380C
C0380C
C0300C
A07014
A07014
A07014
507028
280050
1400A0
0B8740
067980
01FE00
ENDCHAR
STARTCHAR uni24FC
ENCODING 9468
SWIDTH 1000 0
DWIDTH 24 0
BBX 22 22 1 -2
BITMAP
03FF00
0CFCC0
130320
240090
487850
51FE28
A1CE14
A18614
A1C614
C1EE0C
C0FC0C
C1FE0C
C38F0C
A38714
A38714
A1FE14
50FC28
280050
1400A0
0B8740
067980
01FE00
ENDCHAR
STARTCHAR uni24FD
ENCODING 9469
SWIDTH 1000 0
DWIDTH 24 0
BBX 22 22 1 -2
BITMAP
03FF00
0CFCC0
130320
240090
487850
50FE28
A1EE14
A38714
A38714
C3870C
C1FF0C
C0FF0C
C0070C
A00714
A08E14
A1FE14
51FC28
280050
1400A0
0B8740
067980
01FE00
ENDCHAR
STARTCHAR uni24FE
ENCODING 9470
SWIDTH 1000 0
DWIDTH 24 0
BBX 22 22 1 -2
BITMAP
03FF00
0CFCC0
130320
240090
498750
579FA8
AF9F94
AFB9D4
A3B9D4
C3B9CC
C3B9CC
C3B9CC
C3B9CC
A3B9D4
A399D4
A39F94
538F28
280050
1400A0
0B8740
067980
01FE00
ENDCHAR
STARTCHAR uni24FF
ENCODING 9471
SWIDTH 1000 0
DWIDTH 24 0
BBX 22 22 1 -2
BITMAP
03FF00
07FF80
1FFFE0
3FFFF0
3F87F0
7F03F8
7E01F8
FC78FC
FC78FC
FC78FC
FC78FC
FC78FC
FC78FC
FC78FC
FE31FC
7E01F8
7F03F8
3FFFF0
1FFFE0
0FFFC0
07FF80
01FE00
ENDCHAR
STARTCHAR SF100000
ENCODING 9472
SWIDTH 708 0
DWIDTH 17 0
BBX 17 2 0 6
BITMAP
FFFF80
FFFF80
ENDCHAR
STARTCHAR uni2501
ENCODING 9473
SWIDTH 1000 0
DWIDTH 24 0
BBX 24 3 0 8
BITMAP
FFFFFF
FFFFFF
FFFFFF
ENDCHAR
STARTCHAR SF110000
ENCODING 9474
SWIDTH 625 0
DWIDTH 15 0
BBX 2 29 6 -7
BITMAP
C0
C0
C0
C0
C0
C0
C0
C0
C0
C0
C0
C0
C0
C0
C0
C0
C0
C0
C0
C0
C0
C0
C0
C0
C0
C0
C0
C0
C0
ENDCHAR
STARTCHAR uni2503
ENCODING 9475
SWIDTH 1000 0
DWIDTH 24 0
BBX 2 24 11 -3
BITMAP
C0
C0
C0
C0
C0
C0
C0
C0
C0
C0
C0
C0
C0
C0
C0
C0
C0
C0
C0
C0
C0
C0
C0
C0
ENDCHAR
STARTCHAR uni2504
ENCODING 9476
SWIDTH 1000 0
DWIDTH 24 0
BBX 22 1 1 9
BITMAP
FCFCFC
ENDCHAR
STARTCHAR uni2505
ENCODING 9477
SWIDTH 1000 0
DWIDTH 24 0
BBX 22 3 1 8
BITMAP
FCFCFC
FCFCFC
FCFCFC
ENDCHAR
STARTCHAR uni2506
ENCODING 9478
SWIDTH 1000 0
DWIDTH 24 0
BBX 1 22 12 -2
BITMAP
80
80
80
80
80
80
00
00
80
80
80
80
80
80
00
00
80
80
80
80
80
80
ENDCHAR
STARTCHAR uni2507
ENCODING 9479
SWIDTH 1000 0
DWIDTH 24 0
BBX 2 22 11 -2
BITMAP
C0
C0
C0
C0
C0
C0
00
00
C0
C0
C0
C0
C0
C0
00
00
C0
C0
C0
C0
C0
C0
ENDCHAR
STARTCHAR uni2508
ENCODING 9480
SWIDTH 1000 0
DWIDTH 24 0
BBX 22 1 1 9
BITMAP
F3CF3C
ENDCHAR
STARTCHAR uni2509
ENCODING 9481
SWIDTH 1000 0
DWIDTH 24 0
BBX 22 3 1 8
BITMAP
F3CF3C
F3CF3C
F3CF3C
ENDCHAR
STARTCHAR uni250A
ENCODING 9482
SWIDTH 1000 0
DWIDTH 24 0
BBX 1 22 12 -2
BITMAP
80
80
80
80
00
00
80
80
80
80
00
00
80
80
80
80
00
00
80
80
80
80
ENDCHAR
STARTCHAR uni250B
ENCODING 9483
SWIDTH 1000 0
DWIDTH 24 0
BBX 2 22 11 -2
BITMAP
C0
C0
C0
C0
00
00
C0
C0
C0
C0
00
00
C0
C0
C0
C0
00
00
C0
C0
C0
C0
ENDCHAR
STARTCHAR SF010000
ENCODING 9484
SWIDTH 708 0
DWIDTH 17 0
BBX 9 15 8 -7
BITMAP
FF80
FF80
C000
C000
C000
C000
C000
C000
C000
C000
C000
C000
C000
C000
C000
ENDCHAR
STARTCHAR uni250D
ENCODING 9485
SWIDTH 1000 0
DWIDTH 24 0
BBX 12 14 12 -3
BITMAP
FFF0
FFF0
FFF0
8000
8000
8000
8000
8000
8000
8000
8000
8000
8000
8000
ENDCHAR
STARTCHAR uni250E
ENCODING 9486
SWIDTH 1000 0
DWIDTH 24 0
BBX 13 13 11 -3
BITMAP
FFF8
C000
C000
C000
C000
C000
C000
C000
C000
C000
C000
C000
C000
ENDCHAR
STARTCHAR uni250F
ENCODING 9487
SWIDTH 1000 0
DWIDTH 24 0
BBX 13 14 11 -3
BITMAP
FFF8
FFF8
FFF8
C000
C000
C000
C000
C000
C000
C000
C000
C000
C000
C000
ENDCHAR
STARTCHAR SF030000
ENCODING 9488
SWIDTH 708 0
DWIDTH 17 0
BBX 10 15 0 -7
BITMAP
FFC0
FFC0
00C0
00C0
00C0
00C0
00C0
00C0
00C0
00C0
00C0
00C0
00C0
00C0
00C0
ENDCHAR
STARTCHAR uni2511
ENCODING 9489
SWIDTH 1000 0
DWIDTH 24 0
BBX 12 14 0 -3
BITMAP
FFF0
FFF0
FFF0
0010
0010
0010
0010
0010
0010
0010
0010
0010
0010
0010
ENDCHAR
STARTCHAR uni2512
ENCODING 9490
SWIDTH 1000 0
DWIDTH 24 0
BBX 13 13 0 -3
BITMAP
FFF8
0018
0018
0018
0018
0018
0018
0018
0018
0018
0018
0018
0018
ENDCHAR
STARTCHAR uni2513
ENCODING 9491
SWIDTH 1000 0
DWIDTH 24 0
BBX 13 14 0 -3
BITMAP
FFF8
FFF8
FFF8
0018
0018
0018
0018
0018
0018
0018
0018
0018
0018
0018
ENDCHAR
STARTCHAR SF020000
ENCODING 9492
SWIDTH 708 0
DWIDTH 17 0
BBX 9 16 8 6
BITMAP
C000
C000
C000
C000
C000
C000
C000
C000
C000
C000
C000
C000
C000
C000
FF80
FF80
ENDCHAR
STARTCHAR uni2515
ENCODING 9493
SWIDTH 1000 0
DWIDTH 24 0
BBX 12 13 12 8
BITMAP
8000
8000
8000
8000
8000
8000
8000
8000
8000
8000
FFF0
FFF0
FFF0
ENDCHAR
STARTCHAR uni2516
ENCODING 9494
SWIDTH 1000 0
DWIDTH 24 0
BBX 13 12 11 9
BITMAP
C000
C000
C000
C000
C000
C000
C000
C000
C000
C000
C000
FFF8
ENDCHAR
STARTCHAR uni2517
ENCODING 9495
SWIDTH 1000 0
DWIDTH 24 0
BBX 13 13 11 8
BITMAP
C000
C000
C000
C000
C000
C000
C000
C000
C000
C000
FFF8
FFF8
FFF8
ENDCHAR
STARTCHAR SF040000
ENCODING 9496
SWIDTH 708 0
DWIDTH 17 0
BBX 10 16 0 6
BITMAP
00C0
00C0
00C0
00C0
00C0
00C0
00C0
00C0
00C0
00C0
00C0
00C0
00C0
00C0
FFC0
FFC0
ENDCHAR
STARTCHAR uni2519
ENCODING 9497
SWIDTH 1000 0
DWIDTH 24 0
BBX 12 13 0 8
BITMAP
0010
0010
0010
0010
0010
0010
0010
0010
0010
0010
FFF0
FFF0
FFF0
ENDCHAR
STARTCHAR uni251A
ENCODING 9498
SWIDTH 1000 0
DWIDTH 24 0
BBX 13 12 0 9
BITMAP
0018
0018
0018
0018
0018
0018
0018
0018
0018
0018
0018
FFF8
ENDCHAR
STARTCHAR uni251B
ENCODING 9499
SWIDTH 1000 0
DWIDTH 24 0
BBX 13 13 0 8
BITMAP
0018
0018
0018
0018
0018
0018
0018
0018
0018
0018
FFF8
FFF8
FFF8
ENDCHAR
STARTCHAR SF080000
ENCODING 9500
SWIDTH 708 0
DWIDTH 17 0
BBX 9 29 8 -7
BITMAP
C000
C000
C000
C000
C000
C000
C000
C000
C000
C000
C000
C000
C000
C000
FF80
FF80
C000
C000
C000
C000
C000
C000
C000
C000
C000
C000
C000
C000
C000
ENDCHAR
STARTCHAR uni251D
ENCODING 9501
SWIDTH 1000 0
DWIDTH 24 0
BBX 12 24 12 -3
BITMAP
8000
8000
8000
8000
8000
8000
8000
8000
8000
8000
FFF0
FFF0
FFF0
8000
8000
8000
8000
8000
8000
8000
8000
8000
8000
8000
ENDCHAR
STARTCHAR uni251E
ENCODING 9502
SWIDTH 1000 0
DWIDTH 24 0
BBX 13 24 11 -3
BITMAP
C000
C000
C000
C000
C000
C000
C000
C000
C000
C000
C000
FFF8
8000
8000
8000
8000
8000
8000
8000
8000
8000
8000
8000
8000
ENDCHAR
STARTCHAR uni251F
ENCODING 9503
SWIDTH 1000 0
DWIDTH 24 0
BBX 13 24 11 -3
BITMAP
8000
8000
8000
8000
8000
8000
8000
8000
8000
8000
8000
FFF8
C000
C000
C000
C000
C000
C000
C000
C000
C000
C000
C000
C000
ENDCHAR
STARTCHAR uni2520
ENCODING 9504
SWIDTH 1000 0
DWIDTH 24 0
BBX 13 24 11 -3
BITMAP
C000
C000
C000
C000
C000
C000
C000
C000
C000
C000
C000
FFF8
C000
C000
C000
C000
C000
C000
C000
C000
C000
C000
C000
C000
ENDCHAR
STARTCHAR uni2521
ENCODING 9505
SWIDTH 1000 0
DWIDTH 24 0
BBX 13 24 11 -3
BITMAP
C000
C000
C000
C000
C000
C000
C000
C000
C000
C000
FFF8
FFF8
FFF8
8000
8000
8000
8000
8000
8000
8000
8000
8000
8000
8000
ENDCHAR
STARTCHAR uni2522
ENCODING 9506
SWIDTH 1000 0
DWIDTH 24 0
BBX 13 24 11 -3
BITMAP
8000
8000
8000
8000
8000
8000
8000
8000
8000
8000
FFF8
FFF8
FFF8
C000
C000
C000
C000
C000
C000
C000
C000
C000
C000
C000
ENDCHAR
STARTCHAR uni2523
ENCODING 9507
SWIDTH 1000 0
DWIDTH 24 0
BBX 13 24 11 -3
BITMAP
C000
C000
C000
C000
C000
C000
C000
C000
C000
C000
FFF8
FFF8
FFF8
C000
C000
C000
C000
C000
C000
C000
C000
C000
C000
C000
ENDCHAR
STARTCHAR SF090000
ENCODING 9508
SWIDTH 708 0
DWIDTH 17 0
BBX 10 29 0 -7
BITMAP
00C0
00C0
00C0
00C0
00C0
00C0
00C0
00C0
00C0
00C0
00C0
00C0
00C0
00C0
FFC0
FFC0
00C0
00C0
00C0
00C0
00C0
00C0
00C0
00C0
00C0
00C0
00C0
00C0
00C0
ENDCHAR
STARTCHAR uni2525
ENCODING 9509
SWIDTH 1000 0
DWIDTH 24 0
BBX 12 24 0 -3
BITMAP
0010
0010
0010
0010
0010
0010
0010
0010
0010
0010
FFF0
FFF0
FFF0
0010
0010
0010
0010
0010
0010
0010
0010
0010
0010
0010
ENDCHAR
STARTCHAR uni2526
ENCODING 9510
SWIDTH 1000 0
DWIDTH 24 0
BBX 13 24 0 -3
BITMAP
0018
0018
0018
0018
0018
0018
0018
0018
0018
0018
0018
FFF8
0010
0010
0010
0010
0010
0010
0010
0010
0010
0010
0010
0010
ENDCHAR
STARTCHAR uni2527
ENCODING 9511
SWIDTH 1000 0
DWIDTH 24 0
BBX 13 24 0 -3
BITMAP
0010
0010
0010
0010
0010
0010
0010
0010
0010
0010
0010
FFF8
0018
0018
0018
0018
0018
0018
0018
0018
0018
0018
0018
0018
ENDCHAR
STARTCHAR uni2528
ENCODING 9512
SWIDTH 1000 0
DWIDTH 24 0
BBX 13 24 0 -3
BITMAP
0018
0018
0018
0018
0018
0018
0018
0018
0018
0018
0018
FFF8
0018
0018
0018
0018
0018
0018
0018
0018
0018
0018
0018
0018
ENDCHAR
STARTCHAR uni2529
ENCODING 9513
SWIDTH 1000 0
DWIDTH 24 0
BBX 13 24 0 -3
BITMAP
0018
0018
0018
0018
0018
0018
0018
0018
0018
0018
FFF8
FFF8
FFF8
0010
0010
0010
0010
0010
0010
0010
0010
0010
0010
0010
ENDCHAR
STARTCHAR uni252A
ENCODING 9514
SWIDTH 1000 0
DWIDTH 24 0
BBX 13 24 0 -3
BITMAP
0010
0010
0010
0010
0010
0010
0010
0010
0010
0010
FFF8
FFF8
FFF8
0018
0018
0018
0018
0018
0018
0018
0018
0018
0018
0018
ENDCHAR
STARTCHAR uni252B
ENCODING 9515
SWIDTH 1000 0
DWIDTH 24 0
BBX 13 24 0 -3
BITMAP
0018
0018
0018
0018
0018
0018
0018
0018
0018
0018
FFF8
FFF8
FFF8
0018
0018
0018
0018
0018
0018
0018
0018
0018
0018
0018
ENDCHAR
STARTCHAR SF060000
ENCODING 9516
SWIDTH 708 0
DWIDTH 17 0
BBX 17 15 0 -7
BITMAP
FFFF80
FFFF80
00C000
00C000
00C000
00C000
00C000
00C000
00C000
00C000
00C000
00C000
00C000
00C000
00C000
ENDCHAR
STARTCHAR uni252D
ENCODING 9517
SWIDTH 1000 0
DWIDTH 24 0
BBX 24 14 0 -3
BITMAP
FFF000
FFFFFF
FFF000
001000
001000
001000
001000
001000
001000
001000
001000
001000
001000
001000
ENDCHAR
STARTCHAR uni252E
ENCODING 9518
SWIDTH 1000 0
DWIDTH 24 0
BBX 24 14 0 -3
BITMAP
000FFF
FFFFFF
000FFF
001000
001000
001000
001000
001000
001000
001000
001000
001000
001000
001000
ENDCHAR
STARTCHAR uni252F
ENCODING 9519
SWIDTH 1000 0
DWIDTH 24 0
BBX 24 14 0 -3
BITMAP
FFFFFF
FFFFFF
FFFFFF
001000
001000
001000
001000
001000
001000
001000
001000
001000
001000
001000
ENDCHAR
STARTCHAR uni2530
ENCODING 9520
SWIDTH 1000 0
DWIDTH 24 0
BBX 24 13 0 -3
BITMAP
FFFFFF
001800
001800
001800
001800
001800
001800
001800
001800
001800
001800
001800
001800
ENDCHAR
STARTCHAR uni2531
ENCODING 9521
SWIDTH 1000 0
DWIDTH 24 0
BBX 24 14 0 -3
BITMAP
FFF800
FFFFFF
FFF800
001800
001800
001800
001800
001800
001800
001800
001800
001800
001800
001800
ENDCHAR
STARTCHAR uni2532
ENCODING 9522
SWIDTH 1000 0
DWIDTH 24 0
BBX 24 14 0 -3
BITMAP
001FFF
FFFFFF
001FFF
001800
001800
001800
001800
001800
001800
001800
001800
001800
001800
001800
ENDCHAR
STARTCHAR uni2533
ENCODING 9523
SWIDTH 1000 0
DWIDTH 24 0
BBX 24 14 0 -3
BITMAP
FFFFFF
FFFFFF
FFFFFF
001800
001800
001800
001800
001800
001800
001800
001800
001800
001800
001800
ENDCHAR
STARTCHAR SF070000
ENCODING 9524
SWIDTH 708 0
DWIDTH 17 0
BBX 17 16 0 6
BITMAP
00C000
00C000
00C000
00C000
00C000
00C000
00C000
00C000
00C000
00C000
00C000
00C000
00C000
00C000
FFFF80
FFFF80
ENDCHAR
STARTCHAR uni2535
ENCODING 9525
SWIDTH 1000 0
DWIDTH 24 0
BBX 24 13 0 8
BITMAP
001000
001000
001000
001000
001000
001000
001000
001000
001000
001000
FFF000
FFFFFF
FFF000
ENDCHAR
STARTCHAR uni2536
ENCODING 9526
SWIDTH 1000 0
DWIDTH 24 0
BBX 24 13 0 8
BITMAP
001000
001000
001000
001000
001000
001000
001000
001000
001000
001000
000FFF
FFFFFF
000FFF
ENDCHAR
STARTCHAR uni2537
ENCODING 9527
SWIDTH 1000 0
DWIDTH 24 0
BBX 24 13 0 8
BITMAP
001000
001000
001000
001000
001000
001000
001000
001000
001000
001000
FFFFFF
FFFFFF
FFFFFF
ENDCHAR
STARTCHAR uni2538
ENCODING 9528
SWIDTH 1000 0
DWIDTH 24 0
BBX 24 12 0 9
BITMAP
001800
001800
001800
001800
001800
001800
001800
001800
001800
001800
001800
FFFFFF
ENDCHAR
STARTCHAR uni2539
ENCODING 9529
SWIDTH 1000 0
DWIDTH 24 0
BBX 24 13 0 8
BITMAP
001800
001800
001800
001800
001800
001800
001800
001800
001800
001800
FFF800
FFFFFF
FFF800
ENDCHAR
STARTCHAR uni253A
ENCODING 9530
SWIDTH 1000 0
DWIDTH 24 0
BBX 24 13 0 8
BITMAP
001800
001800
001800
001800
001800
001800
001800
001800
001800
001800
001FFF
FFFFFF
001FFF
ENDCHAR
STARTCHAR uni253B
ENCODING 9531
SWIDTH 1000 0
DWIDTH 24 0
BBX 24 13 0 8
BITMAP
001800
001800
001800
001800
001800
001800
001800
001800
001800
001800
FFFFFF
FFFFFF
FFFFFF
ENDCHAR
STARTCHAR SF050000
ENCODING 9532
SWIDTH 708 0
DWIDTH 17 0
BBX 17 29 0 -7
BITMAP
00C000
00C000
00C000
00C000
00C000
00C000
00C000
00C000
00C000
00C000
00C000
00C000
00C000
00C000
FFFF80
FFFF80
00C000
00C000
00C000
00C000
00C000
00C000
00C000
00C000
00C000
00C000
00C000
00C000
00C000
ENDCHAR
STARTCHAR uni253D
ENCODING 9533
SWIDTH 1000 0
DWIDTH 24 0
BBX 24 24 0 -3
BITMAP
001000
001000
001000
001000
001000
001000
001000
001000
001000
001000
FFF000
FFFFFF
FFF000
001000
001000
001000
001000
001000
001000
001000
001000
001000
001000
001000
ENDCHAR
STARTCHAR uni253E
ENCODING 9534
SWIDTH 1000 0
DWIDTH 24 0
BBX 24 24 0 -3
BITMAP
001000
001000
001000
001000
001000
001000
001000
001000
001000
001000
000FFF
FFFFFF
000FFF
001000
001000
001000
001000
001000
001000
001000
001000
001000
001000
001000
ENDCHAR
STARTCHAR uni253F
ENCODING 9535
SWIDTH 1000 0
DWIDTH 24 0
BBX 24 24 0 -3
BITMAP
001000
001000
001000
001000
001000
001000
001000
001000
001000
001000
FFFFFF
FFFFFF
FFFFFF
001000
001000
001000
001000
001000
001000
001000
001000
001000
001000
001000
ENDCHAR
STARTCHAR uni2540
ENCODING 9536
SWIDTH 1000 0
DWIDTH 24 0
BBX 24 24 0 -3
BITMAP
001800
001800
001800
001800
001800
001800
001800
001800
001800
001800
001800
FFFFFF
001000
001000
001000
001000
001000
001000
001000
001000
001000
001000
001000
001000
ENDCHAR
STARTCHAR uni2541
ENCODING 9537
SWIDTH 1000 0
DWIDTH 24 0
BBX 24 24 0 -3
BITMAP
001000
001000
001000
001000
001000
001000
001000
001000
001000
001000
001000
FFFFFF
001800
001800
001800
001800
001800
001800
001800
001800
001800
001800
001800
001800
ENDCHAR
STARTCHAR uni2542
ENCODING 9538
SWIDTH 1000 0
DWIDTH 24 0
BBX 24 24 0 -3
BITMAP
001800
001800
001800
001800
001800
001800
001800
001800
001800
001800
001800
FFFFFF
001800
001800
001800
001800
001800
001800
001800
001800
001800
001800
001800
001800
ENDCHAR
STARTCHAR uni2543
ENCODING 9539
SWIDTH 1000 0
DWIDTH 24 0
BBX 24 24 0 -3
BITMAP
001800
001800
001800
001800
001800
001800
001800
001800
001800
001800
FFF800
FFFFFF
FFF800
001000
001000
001000
001000
001000
001000
001000
001000
001000
001000
001000
ENDCHAR
STARTCHAR uni2544
ENCODING 9540
SWIDTH 1000 0
DWIDTH 24 0
BBX 24 24 0 -3
BITMAP
001800
001800
001800
001800
001800
001800
001800
001800
001800
001800
001FFF
FFFFFF
001FFF
001000
001000
001000
001000
001000
001000
001000
001000
001000
001000
001000
ENDCHAR
STARTCHAR uni2545
ENCODING 9541
SWIDTH 1000 0
DWIDTH 24 0
BBX 24 24 0 -3
BITMAP
001000
001000
001000
001000
001000
001000
001000
001000
001000
001000
FFF800
FFFFFF
FFF800
001800
001800
001800
001800
001800
001800
001800
001800
001800
001800
001800
ENDCHAR
STARTCHAR uni2546
ENCODING 9542
SWIDTH 1000 0
DWIDTH 24 0
BBX 24 24 0 -3
BITMAP
001000
001000
001000
001000
001000
001000
001000
001000
001000
001000
001FFF
FFFFFF
001FFF
001800
001800
001800
001800
001800
001800
001800
001800
001800
001800
001800
ENDCHAR
STARTCHAR uni2547
ENCODING 9543
SWIDTH 1000 0
DWIDTH 24 0
BBX 24 24 0 -3
BITMAP
001800
001800
001800
001800
001800
001800
001800
001800
001800
001800
FFFFFF
FFFFFF
FFFFFF
001000
001000
001000
001000
001000
001000
001000
001000
001000
001000
001000
ENDCHAR
STARTCHAR uni2548
ENCODING 9544
SWIDTH 1000 0
DWIDTH 24 0
BBX 24 24 0 -3
BITMAP
001000
001000
001000
001000
001000
001000
001000
001000
001000
001000
FFFFFF
FFFFFF
FFFFFF
001800
001800
001800
001800
001800
001800
001800
001800
001800
001800
001800
ENDCHAR
STARTCHAR uni2549
ENCODING 9545
SWIDTH 1000 0
DWIDTH 24 0
BBX 24 24 0 -3
BITMAP
001800
001800
001800
001800
001800
001800
001800
001800
001800
001800
FFF800
FFFFFF
FFF800
001800
001800
001800
001800
001800
001800
001800
001800
001800
001800
001800
ENDCHAR
STARTCHAR uni254A
ENCODING 9546
SWIDTH 1000 0
DWIDTH 24 0
BBX 24 24 0 -3
BITMAP
001800
001800
001800
001800
001800
001800
001800
001800
001800
001800
001FFF
FFFFFF
001FFF
001800
001800
001800
001800
001800
001800
001800
001800
001800
001800
001800
ENDCHAR
STARTCHAR uni254B
ENCODING 9547
SWIDTH 1000 0
DWIDTH 24 0
BBX 24 24 0 -3
BITMAP
001800
001800
001800
001800
001800
001800
001800
001800
001800
001800
FFFFFF
FFFFFF
FFFFFF
001800
001800
001800
001800
001800
001800
001800
001800
001800
001800
001800
ENDCHAR
STARTCHAR uni254C
ENCODING 9548
SWIDTH 1000 0
DWIDTH 24 0
BBX 18 1 3 9
BITMAP
FC0FC0
ENDCHAR
STARTCHAR uni254D
ENCODING 9549
SWIDTH 1000 0
DWIDTH 24 0
BBX 18 3 3 8
BITMAP
FC0FC0
FC0FC0
FC0FC0
ENDCHAR
STARTCHAR uni254E
ENCODING 9550
SWIDTH 1000 0
DWIDTH 24 0
BBX 1 18 12 0
BITMAP
80
80
80
80
80
80
00
00
00
00
00
00
80
80
80
80
80
80
ENDCHAR
STARTCHAR uni254F
ENCODING 9551
SWIDTH 1000 0
DWIDTH 24 0
BBX 2 18 11 0
BITMAP
C0
C0
C0
C0
C0
C0
00
00
00
00
00
00
C0
C0
C0
C0
C0
C0
ENDCHAR
STARTCHAR SF430000
ENCODING 9552
SWIDTH 708 0
DWIDTH 17 0
BBX 17 6 0 4
BITMAP
FFFF80
FFFF80
000000
000000
FFFF80
FFFF80
ENDCHAR
STARTCHAR SF240000
ENCODING 9553
SWIDTH 708 0
DWIDTH 17 0
BBX 6 29 6 -7
BITMAP
CC
CC
CC
CC
CC
CC
CC
CC
CC
CC
CC
CC
CC
CC
CC
CC
CC
CC
CC
CC
CC
CC
CC
CC
CC
CC
CC
CC
CC
ENDCHAR
STARTCHAR SF510000
ENCODING 9554
SWIDTH 708 0
DWIDTH 17 0
BBX 9 17 8 -7
BITMAP
FF80
FF80
C000
C000
FF80
FF80
C000
C000
C000
C000
C000
C000
C000
C000
C000
C000
C000
ENDCHAR
STARTCHAR SF520000
ENCODING 9555
SWIDTH 708 0
DWIDTH 17 0
BBX 11 15 6 -7
BITMAP
FFE0
FFE0
CC00
CC00
CC00
CC00
CC00
CC00
CC00
CC00
CC00
CC00
CC00
CC00
CC00
ENDCHAR
STARTCHAR SF390000
ENCODING 9556
SWIDTH 708 0
DWIDTH 17 0
BBX 11 17 6 -7
BITMAP
FFE0
FFE0
C000
C000
CFE0
CFE0
CC00
CC00
CC00
CC00
CC00
CC00
CC00
CC00
CC00
CC00
CC00
ENDCHAR
STARTCHAR SF220000
ENCODING 9557
SWIDTH 708 0
DWIDTH 17 0
BBX 10 17 0 -7
BITMAP
FFC0
FFC0
00C0
00C0
FFC0
FFC0
00C0
00C0
00C0
00C0
00C0
00C0
00C0
00C0
00C0
00C0
00C0
ENDCHAR
STARTCHAR SF210000
ENCODING 9558
SWIDTH 708 0
DWIDTH 17 0
BBX 12 15 0 -7
BITMAP
FFF0
FFF0
0330
0330
0330
0330
0330
0330
0330
0330
0330
0330
0330
0330
0330
ENDCHAR
STARTCHAR SF250000
ENCODING 9559
SWIDTH 708 0
DWIDTH 17 0
BBX 12 17 0 -7
BITMAP
FFF0
FFF0
0030
0030
FF30
FF30
0330
0330
0330
0330
0330
0330
0330
0330
0330
0330
0330
ENDCHAR
STARTCHAR SF500000
ENCODING 9560
SWIDTH 708 0
DWIDTH 17 0
BBX 9 18 8 4
BITMAP
C000
C000
C000
C000
C000
C000
C000
C000
C000
C000
C000
C000
FF80
FF80
C000
C000
FF80
FF80
ENDCHAR
STARTCHAR SF490000
ENCODING 9561
SWIDTH 708 0
DWIDTH 17 0
BBX 11 16 6 6
BITMAP
CC00
CC00
CC00
CC00
CC00
CC00
CC00
CC00
CC00
CC00
CC00
CC00
CC00
CC00
FFE0
FFE0
ENDCHAR
STARTCHAR SF380000
ENCODING 9562
SWIDTH 708 0
DWIDTH 17 0
BBX 11 18 6 4
BITMAP
CC00
CC00
CC00
CC00
CC00
CC00
CC00
CC00
CC00
CC00
CC00
CC00
CFE0
CFE0
C000
C000
FFE0
FFE0
ENDCHAR
STARTCHAR SF280000
ENCODING 9563
SWIDTH 708 0
DWIDTH 17 0
BBX 10 18 0 4
BITMAP
00C0
00C0
00C0
00C0
00C0
00C0
00C0
00C0
00C0
00C0
00C0
00C0
FFC0
FFC0
00C0
00C0
FFC0
FFC0
ENDCHAR
STARTCHAR SF270000
ENCODING 9564
SWIDTH 708 0
DWIDTH 17 0
BBX 12 16 0 6
BITMAP
0330
0330
0330
0330
0330
0330
0330
0330
0330
0330
0330
0330
0330
0330
FFF0
FFF0
ENDCHAR
STARTCHAR SF260000
ENCODING 9565
SWIDTH 708 0
DWIDTH 17 0
BBX 12 18 0 4
BITMAP
0330
0330
0330
0330
0330
0330
0330
0330
0330
0330
0330
0330
FF30
FF30
0030
0030
FFF0
FFF0
ENDCHAR
STARTCHAR SF360000
ENCODING 9566
SWIDTH 708 0
DWIDTH 17 0
BBX 9 29 8 -7
BITMAP
C000
C000
C000
C000
C000
C000
C000
C000
C000
C000
C000
C000
FF80
FF80
C000
C000
FF80
FF80
C000
C000
C000
C000
C000
C000
C000
C000
C000
C000
C000
ENDCHAR
STARTCHAR SF370000
ENCODING 9567
SWIDTH 708 0
DWIDTH 17 0
BBX 11 29 6 -7
BITMAP
CC00
CC00
CC00
CC00
CC00
CC00
CC00
CC00
CC00
CC00
CC00
CC00
CC00
CC00
CFE0
CFE0
CC00
CC00
CC00
CC00
CC00
CC00
CC00
CC00
CC00
CC00
CC00
CC00
CC00
ENDCHAR
STARTCHAR SF420000
ENCODING 9568
SWIDTH 708 0
DWIDTH 17 0
BBX 11 29 6 -7
BITMAP
CC00
CC00
CC00
CC00
CC00
CC00
CC00
CC00
CC00
CC00
CC00
CC00
CFE0
CFE0
C000
C000
CFE0
CFE0
CC00
CC00
CC00
CC00
CC00
CC00
CC00
CC00
CC00
CC00
CC00
ENDCHAR
STARTCHAR SF190000
ENCODING 9569
SWIDTH 708 0
DWIDTH 17 0
BBX 10 29 0 -7
BITMAP
00C0
00C0
00C0
00C0
00C0
00C0
00C0
00C0
00C0
00C0
00C0
00C0
FFC0
FFC0
00C0
00C0
FFC0
FFC0
00C0
00C0
00C0
00C0
00C0
00C0
00C0
00C0
00C0
00C0
00C0
ENDCHAR
STARTCHAR SF200000
ENCODING 9570
SWIDTH 708 0
DWIDTH 17 0
BBX 12 29 0 -7
BITMAP
0330
0330
0330
0330
0330
0330
0330
0330
0330
0330
0330
0330
0330
0330
FF30
FF30
0330
0330
0330
0330
0330
0330
0330
0330
0330
0330
0330
0330
0330
ENDCHAR
STARTCHAR SF230000
ENCODING 9571
SWIDTH 708 0
DWIDTH 17 0
BBX 12 29 0 -7
BITMAP
0330
0330
0330
0330
0330
0330
0330
0330
0330
0330
0330
0330
FF30
FF30
0030
0030
FF30
FF30
0330
0330
0330
0330
0330
0330
0330
0330
0330
0330
0330
ENDCHAR
STARTCHAR SF470000
ENCODING 9572
SWIDTH 708 0
DWIDTH 17 0
BBX 17 17 0 -7
BITMAP
FFFF80
FFFF80
000000
000000
FFFF80
FFFF80
00C000
00C000
00C000
00C000
00C000
00C000
00C000
00C000
00C000
00C000
00C000
ENDCHAR
STARTCHAR SF480000
ENCODING 9573
SWIDTH 708 0
DWIDTH 17 0
BBX 17 15 0 -7
BITMAP
FFFF80
FFFF80
033000
033000
033000
033000
033000
033000
033000
033000
033000
033000
033000
033000
033000
ENDCHAR
STARTCHAR SF410000
ENCODING 9574
SWIDTH 708 0
DWIDTH 17 0
BBX 17 17 0 -7
BITMAP
FFFF80
FFFF80
000000
000000
FF3F80
FF3F80
033000
033000
033000
033000
033000
033000
033000
033000
033000
033000
033000
ENDCHAR
STARTCHAR SF450000
ENCODING 9575
SWIDTH 708 0
DWIDTH 17 0
BBX 17 18 0 4
BITMAP
00C000
00C000
00C000
00C000
00C000
00C000
00C000
00C000
00C000
00C000
00C000
00C000
FFFF80
FFFF80
000000
000000
FFFF80
FFFF80
ENDCHAR
STARTCHAR SF460000
ENCODING 9576
SWIDTH 708 0
DWIDTH 17 0
BBX 17 16 0 6
BITMAP
033000
033000
033000
033000
033000
033000
033000
033000
033000
033000
033000
033000
033000
033000
FFFF80
FFFF80
ENDCHAR
STARTCHAR SF400000
ENCODING 9577
SWIDTH 708 0
DWIDTH 17 0
BBX 17 18 0 4
BITMAP
033000
033000
033000
033000
033000
033000
033000
033000
033000
033000
033000
033000
FF3F80
FF3F80
000000
000000
FFFF80
FFFF80
ENDCHAR
STARTCHAR SF540000
ENCODING 9578
SWIDTH 708 0
DWIDTH 17 0
BBX 17 29 0 -7
BITMAP
00C000
00C000
00C000
00C000
00C000
00C000
00C000
00C000
00C000
00C000
00C000
00C000
FFFF80
FFFF80
00C000
00C000
FFFF80
FFFF80
00C000
00C000
00C000
00C000
00C000
00C000
00C000
00C000
00C000
00C000
00C000
ENDCHAR
STARTCHAR SF530000
ENCODING 9579
SWIDTH 708 0
DWIDTH 17 0
BBX 17 29 0 -7
BITMAP
033000
033000
033000
033000
033000
033000
033000
033000
033000
033000
033000
033000
033000
033000
FFFF80
FFFF80
033000
033000
033000
033000
033000
033000
033000
033000
033000
033000
033000
033000
033000
ENDCHAR
STARTCHAR SF440000
ENCODING 9580
SWIDTH 708 0
DWIDTH 17 0
BBX 17 29 0 -7
BITMAP
033000
033000
033000
033000
033000
033000
033000
033000
033000
033000
033000
033000
FF3F80
FF3F80
000000
000000
FF3F80
FF3F80
033000
033000
033000
033000
033000
033000
033000
033000
033000
033000
033000
ENDCHAR
STARTCHAR uni256D
ENCODING 9581
SWIDTH 1000 0
DWIDTH 24 0
BBX 12 13 12 -3
BITMAP
0030
01C0
0600
0800
1000
2000
4000
4000
8000
8000
8000
8000
8000
ENDCHAR
STARTCHAR uni256E
ENCODING 9582
SWIDTH 1000 0
DWIDTH 24 0
BBX 12 13 0 -3
BITMAP
C000
3800
0600
0100
0080
0040
0020
0020
0010
0010
0010
0010
0010
ENDCHAR
STARTCHAR uni256F
ENCODING 9583
SWIDTH 1000 0
DWIDTH 24 0
BBX 12 12 0 9
BITMAP
0010
0010
0010
0010
0010
0020
0060
0040
0080
0300
0E00
F800
ENDCHAR
STARTCHAR uni2570
ENCODING 9584
SWIDTH 1000 0
DWIDTH 24 0
BBX 12 12 12 9
BITMAP
8000
8000
8000
8000
8000
4000
6000
2000
1000
0C00
0700
01F0
ENDCHAR
STARTCHAR uni2571
ENCODING 9585
SWIDTH 1000 0
DWIDTH 24 0
BBX 24 24 0 -3
BITMAP
000001
000002
000004
000008
000010
000020
000040
000080
000100
000200
000400
000800
001000
002000
004000
008000
010000
020000
040000
080000
100000
200000
400000
800000
ENDCHAR
STARTCHAR uni2572
ENCODING 9586
SWIDTH 1000 0
DWIDTH 24 0
BBX 24 24 0 -3
BITMAP
800000
400000
200000
100000
080000
040000
020000
010000
008000
004000
002000
001000
000800
000400
000200
000100
000080
000040
000020
000010
000008
000004
000002
000001
ENDCHAR
STARTCHAR uni2573
ENCODING 9587
SWIDTH 1000 0
DWIDTH 24 0
BBX 24 24 0 -3
BITMAP
800001
400002
200004
100008
080010
040020
020040
010080
008100
004200
002400
001800
001800
002400
004200
008100
010080
020040
040020
080010
100008
200004
400002
800001
ENDCHAR
STARTCHAR uni2574
ENCODING 9588
SWIDTH 1000 0
DWIDTH 24 0
BBX 12 1 0 9
BITMAP
FFF0
ENDCHAR
STARTCHAR uni2575
ENCODING 9589
SWIDTH 1000 0
DWIDTH 24 0
BBX 1 12 12 9
BITMAP
80
80
80
80
80
80
80
80
80
80
80
80
ENDCHAR
STARTCHAR uni2576
ENCODING 9590
SWIDTH 1000 0
DWIDTH 24 0
BBX 12 1 12 9
BITMAP
FFF0
ENDCHAR
STARTCHAR uni2577
ENCODING 9591
SWIDTH 1000 0
DWIDTH 24 0
BBX 1 13 12 -3
BITMAP
80
80
80
80
80
80
80
80
80
80
80
80
80
ENDCHAR
STARTCHAR uni2578
ENCODING 9592
SWIDTH 1000 0
DWIDTH 24 0
BBX 12 3 0 8
BITMAP
FFF0
FFF0
FFF0
ENDCHAR
STARTCHAR uni2579
ENCODING 9593
SWIDTH 1000 0
DWIDTH 24 0
BBX 2 12 11 9
BITMAP
C0
C0
C0
C0
C0
C0
C0
C0
C0
C0
C0
C0
ENDCHAR
STARTCHAR uni257A
ENCODING 9594
SWIDTH 1000 0
DWIDTH 24 0
BBX 12 3 12 8
BITMAP
FFF0
FFF0
FFF0
ENDCHAR
STARTCHAR uni257B
ENCODING 9595
SWIDTH 1000 0
DWIDTH 24 0
BBX 2 13 11 -3
BITMAP
C0
C0
C0
C0
C0
C0
C0
C0
C0
C0
C0
C0
C0
ENDCHAR
STARTCHAR uni257C
ENCODING 9596
SWIDTH 1000 0
DWIDTH 24 0
BBX 24 3 0 8
BITMAP
000FFF
FFFFFF
000FFF
ENDCHAR
STARTCHAR uni257D
ENCODING 9597
SWIDTH 1000 0
DWIDTH 24 0
BBX 2 24 11 -3
BITMAP
80
80
80
80
80
80
80
80
80
80
80
C0
C0
C0
C0
C0
C0
C0
C0
C0
C0
C0
C0
C0
ENDCHAR
STARTCHAR uni257E
ENCODING 9598
SWIDTH 1000 0
DWIDTH 24 0
BBX 24 3 0 8
BITMAP
FFF000
FFFFFF
FFF000
ENDCHAR
STARTCHAR uni257F
ENCODING 9599
SWIDTH 1000 0
DWIDTH 24 0
BBX 2 24 11 -3
BITMAP
C0
C0
C0
C0
C0
C0
C0
C0
C0
C0
C0
C0
80
80
80
80
80
80
80
80
80
80
80
80
ENDCHAR
STARTCHAR upblock
ENCODING 9600
SWIDTH 708 0
DWIDTH 17 0
BBX 17 15 0 7
BITMAP
FFFF80
FFFF80
FFFF80
FFFF80
FFFF80
FFFF80
FFFF80
FFFF80
FFFF80
FFFF80
FFFF80
FFFF80
FFFF80
FFFF80
FFFF80
ENDCHAR
STARTCHAR uni2581
ENCODING 9601
SWIDTH 1000 0
DWIDTH 24 0
BBX 24 3 0 -3
BITMAP
FFFFFF
FFFFFF
FFFFFF
ENDCHAR
STARTCHAR uni2582
ENCODING 9602
SWIDTH 1000 0
DWIDTH 24 0
BBX 24 6 0 -3
BITMAP
FFFFFF
FFFFFF
FFFFFF
FFFFFF
FFFFFF
FFFFFF
ENDCHAR
STARTCHAR uni2583
ENCODING 9603
SWIDTH 1000 0
DWIDTH 24 0
BBX 24 9 0 -3
BITMAP
FFFFFF
FFFFFF
FFFFFF
FFFFFF
FFFFFF
FFFFFF
FFFFFF
FFFFFF
FFFFFF
ENDCHAR
STARTCHAR dnblock
ENCODING 9604
SWIDTH 708 0
DWIDTH 17 0
BBX 17 14 0 -7
BITMAP
FFFF80
FFFF80
FFFF80
FFFF80
FFFF80
FFFF80
FFFF80
FFFF80
FFFF80
FFFF80
FFFF80
FFFF80
FFFF80
FFFF80
ENDCHAR
STARTCHAR uni2585
ENCODING 9605
SWIDTH 1000 0
DWIDTH 24 0
BBX 24 15 0 -3
BITMAP
FFFFFF
FFFFFF
FFFFFF
FFFFFF
FFFFFF
FFFFFF
FFFFFF
FFFFFF
FFFFFF
FFFFFF
FFFFFF
FFFFFF
FFFFFF
FFFFFF
FFFFFF
ENDCHAR
STARTCHAR uni2586
ENCODING 9606
SWIDTH 1000 0
DWIDTH 24 0
BBX 24 18 0 -3
BITMAP
FFFFFF
FFFFFF
FFFFFF
FFFFFF
FFFFFF
FFFFFF
FFFFFF
FFFFFF
FFFFFF
FFFFFF
FFFFFF
FFFFFF
FFFFFF
FFFFFF
FFFFFF
FFFFFF
FFFFFF
FFFFFF
ENDCHAR
STARTCHAR uni2587
ENCODING 9607
SWIDTH 1000 0
DWIDTH 24 0
BBX 24 21 0 -3
BITMAP
FFFFFF
FFFFFF
FFFFFF
FFFFFF
FFFFFF
FFFFFF
FFFFFF
FFFFFF
FFFFFF
FFFFFF
FFFFFF
FFFFFF
FFFFFF
FFFFFF
FFFFFF
FFFFFF
FFFFFF
FFFFFF
FFFFFF
FFFFFF
FFFFFF
ENDCHAR
STARTCHAR block
ENCODING 9608
SWIDTH 708 0
DWIDTH 17 0
BBX 17 29 0 -7
BITMAP
FFFF80
FFFF80
FFFF80
FFFF80
FFFF80
FFFF80
FFFF80
FFFF80
FFFF80
FFFF80
FFFF80
FFFF80
FFFF80
FFFF80
FFFF80
FFFF80
FFFF80
FFFF80
FFFF80
FFFF80
FFFF80
FFFF80
FFFF80
FFFF80
FFFF80
FFFF80
FFFF80
FFFF80
FFFF80
ENDCHAR
STARTCHAR uni2589
ENCODING 9609
SWIDTH 1000 0
DWIDTH 24 0
BBX 21 24 0 -3
BITMAP
FFFFF8
FFFFF8
FFFFF8
FFFFF8
FFFFF8
FFFFF8
FFFFF8
FFFFF8
FFFFF8
FFFFF8
FFFFF8
FFFFF8
FFFFF8
FFFFF8
FFFFF8
FFFFF8
FFFFF8
FFFFF8
FFFFF8
FFFFF8
FFFFF8
FFFFF8
FFFFF8
FFFFF8
ENDCHAR
STARTCHAR uni258A
ENCODING 9610
SWIDTH 1000 0
DWIDTH 24 0
BBX 18 24 0 -3
BITMAP
FFFFC0
FFFFC0
FFFFC0
FFFFC0
FFFFC0
FFFFC0
FFFFC0
FFFFC0
FFFFC0
FFFFC0
FFFFC0
FFFFC0
FFFFC0
FFFFC0
FFFFC0
FFFFC0
FFFFC0
FFFFC0
FFFFC0
FFFFC0
FFFFC0
FFFFC0
FFFFC0
FFFFC0
ENDCHAR
STARTCHAR uni258B
ENCODING 9611
SWIDTH 1000 0
DWIDTH 24 0
BBX 15 24 0 -3
BITMAP
FFFE
FFFE
FFFE
FFFE
FFFE
FFFE
FFFE
FFFE
FFFE
FFFE
FFFE
FFFE
FFFE
FFFE
FFFE
FFFE
FFFE
FFFE
FFFE
FFFE
FFFE
FFFE
FFFE
FFFE
ENDCHAR
STARTCHAR lfblock
ENCODING 9612
SWIDTH 708 0
DWIDTH 17 0
BBX 9 29 0 -7
BITMAP
FF80
FF80
FF80
FF80
FF80
FF80
FF80
FF80
FF80
FF80
FF80
FF80
FF80
FF80
FF80
FF80
FF80
FF80
FF80
FF80
FF80
FF80
FF80
FF80
FF80
FF80
FF80
FF80
FF80
ENDCHAR
STARTCHAR uni258D
ENCODING 9613
SWIDTH 1000 0
DWIDTH 24 0
BBX 9 24 0 -3
BITMAP
FF80
FF80
FF80
FF80
FF80
FF80
FF80
FF80
FF80
FF80
FF80
FF80
FF80
FF80
FF80
FF80
FF80
FF80
FF80
FF80
FF80
FF80
FF80
FF80
ENDCHAR
STARTCHAR uni258E
ENCODING 9614
SWIDTH 1000 0
DWIDTH 24 0
BBX 6 24 0 -3
BITMAP
FC
FC
FC
FC
FC
FC
FC
FC
FC
FC
FC
FC
FC
FC
FC
FC
FC
FC
FC
FC
FC
FC
FC
FC
ENDCHAR
STARTCHAR uni258F
ENCODING 9615
SWIDTH 1000 0
DWIDTH 24 0
BBX 3 24 0 -3
BITMAP
E0
E0
E0
E0
E0
E0
E0
E0
E0
E0
E0
E0
E0
E0
E0
E0
E0
E0
E0
E0
E0
E0
E0
E0
ENDCHAR
STARTCHAR rtblock
ENCODING 9616
SWIDTH 708 0
DWIDTH 17 0
BBX 8 29 9 -7
BITMAP
FF
FF
FF
FF
FF
FF
FF
FF
FF
FF
FF
FF
FF
FF
FF
FF
FF
FF
FF
FF
FF
FF
FF
FF
FF
FF
FF
FF
FF
ENDCHAR
STARTCHAR ltshade
ENCODING 9617
SWIDTH 708 0
DWIDTH 17 0
BBX 16 26 1 -6
BITMAP
8421
0000
1084
0000
0000
8421
0000
1084
0000
8421
0000
1084
0000
0000
8421
0000
1084
0000
8421
0000
1084
0000
0000
8421
0000
1084
ENDCHAR
STARTCHAR shade
ENCODING 9618
SWIDTH 708 0
DWIDTH 17 0
BBX 17 26 0 -6
BITMAP
4AD680
000000
B5A900
B5A900
000000
4AD680
000000
B5A900
000000
4AD680
000000
B5A900
B5A900
000000
4AD680
000000
B5A900
000000
4AD680
000000
B5A900
B5A900
000000
4AD680
000000
B5A900
ENDCHAR
STARTCHAR dkshade
ENCODING 9619
SWIDTH 750 0
DWIDTH 18 0
BBX 18 27 0 -7
BITMAP
6A5AC0
FFFFC0
B5AD00
FFFFC0
FFFFC0
6A5AC0
FFFFC0
B5AD00
FFFFC0
6A5AC0
FFFFC0
B5AD00
B5AD00
FFFFC0
6A5AC0
FFFFC0
B5AD00
FFFFC0
6A5AC0
FFFFC0
B5AD00
B5AD00
FFFFC0
6A5AC0
FFFFC0
B5AD00
FFFFC0
ENDCHAR
STARTCHAR uni2594
ENCODING 9620
SWIDTH 1000 0
DWIDTH 24 0
BBX 24 3 0 18
BITMAP
FFFFFF
FFFFFF
FFFFFF
ENDCHAR
STARTCHAR uni2595
ENCODING 9621
SWIDTH 1000 0
DWIDTH 24 0
BBX 3 24 21 -3
BITMAP
E0
E0
E0
E0
E0
E0
E0
E0
E0
E0
E0
E0
E0
E0
E0
E0
E0
E0
E0
E0
E0
E0
E0
E0
ENDCHAR
STARTCHAR uni2596
ENCODING 9622
SWIDTH 1000 0
DWIDTH 24 0
BBX 12 12 0 -3
BITMAP
FFF0
FFF0
FFF0
FFF0
FFF0
FFF0
FFF0
FFF0
FFF0
FFF0
FFF0
FFF0
ENDCHAR
STARTCHAR uni2597
ENCODING 9623
SWIDTH 1000 0
DWIDTH 24 0
BBX 12 12 12 -3
BITMAP
FFF0
FFF0
FFF0
FFF0
FFF0
FFF0
FFF0
FFF0
FFF0
FFF0
FFF0
FFF0
ENDCHAR
STARTCHAR uni2598
ENCODING 9624
SWIDTH 1000 0
DWIDTH 24 0
BBX 12 12 0 9
BITMAP
FFF0
FFF0
FFF0
FFF0
FFF0
FFF0
FFF0
FFF0
FFF0
FFF0
FFF0
FFF0
ENDCHAR
STARTCHAR uni2599
ENCODING 9625
SWIDTH 1000 0
DWIDTH 24 0
BBX 24 24 0 -3
BITMAP
FFF000
FFF000
FFF000
FFF000
FFF000
FFF000
FFF000
FFF000
FFF000
FFF000
FFF000
FFF000
FFFFFF
FFFFFF
FFFFFF
FFFFFF
FFFFFF
FFFFFF
FFFFFF
FFFFFF
FFFFFF
FFFFFF
FFFFFF
FFFFFF
ENDCHAR
STARTCHAR uni259A
ENCODING 9626
SWIDTH 1000 0
DWIDTH 24 0
BBX 24 24 0 -3
BITMAP
FFF000
FFF000
FFF000
FFF000
FFF000
FFF000
FFF000
FFF000
FFF000
FFF000
FFF000
FFF000
000FFF
000FFF
000FFF
000FFF
000FFF
000FFF
000FFF
000FFF
000FFF
000FFF
000FFF
000FFF
ENDCHAR
STARTCHAR uni259B
ENCODING 9627
SWIDTH 1000 0
DWIDTH 24 0
BBX 24 24 0 -3
BITMAP
FFFFFF
FFFFFF
FFFFFF
FFFFFF
FFFFFF
FFFFFF
FFFFFF
FFFFFF
FFFFFF
FFFFFF
FFFFFF
FFFFFF
FFF000
FFF000
FFF000
FFF000
FFF000
FFF000
FFF000
FFF000
FFF000
FFF000
FFF000
FFF000
ENDCHAR
STARTCHAR uni259C
ENCODING 9628
SWIDTH 1000 0
DWIDTH 24 0
BBX 24 24 0 -3
BITMAP
FFFFFF
FFFFFF
FFFFFF
FFFFFF
FFFFFF
FFFFFF
FFFFFF
FFFFFF
FFFFFF
FFFFFF
FFFFFF
FFFFFF
000FFF
000FFF
000FFF
000FFF
000FFF
000FFF
000FFF
000FFF
000FFF
000FFF
000FFF
000FFF
ENDCHAR
STARTCHAR uni259D
ENCODING 9629
SWIDTH 1000 0
DWIDTH 24 0
BBX 12 12 12 9
BITMAP
FFF0
FFF0
FFF0
FFF0
FFF0
FFF0
FFF0
FFF0
FFF0
FFF0
FFF0
FFF0
ENDCHAR
STARTCHAR uni259E
ENCODING 9630
SWIDTH 1000 0
DWIDTH 24 0
BBX 24 24 0 -3
BITMAP
000FFF
000FFF
000FFF
000FFF
000FFF
000FFF
000FFF
000FFF
000FFF
000FFF
000FFF
000FFF
FFF000
FFF000
FFF000
FFF000
FFF000
FFF000
FFF000
FFF000
FFF000
FFF000
FFF000
FFF000
ENDCHAR
STARTCHAR uni259F
ENCODING 9631
SWIDTH 1000 0
DWIDTH 24 0
BBX 24 24 0 -3
BITMAP
000FFF
000FFF
000FFF
000FFF
000FFF
000FFF
000FFF
000FFF
000FFF
000FFF
000FFF
000FFF
FFFFFF
FFFFFF
FFFFFF
FFFFFF
FFFFFF
FFFFFF
FFFFFF
FFFFFF
FFFFFF
FFFFFF
FFFFFF
FFFFFF
ENDCHAR
STARTCHAR filledbox
ENCODING 9632
SWIDTH 625 0
DWIDTH 15 0
BBX 12 12 1 1
BITMAP
FFF0
FFF0
FFF0
FFF0
FFF0
FFF0
FFF0
FFF0
FFF0
FFF0
FFF0
FFF0
ENDCHAR
STARTCHAR H22073
ENCODING 9633
SWIDTH 625 0
DWIDTH 15 0
BBX 14 14 0 0
BITMAP
FFFC
8004
8004
8004
8004
8004
8004
8004
8004
8004
8004
8004
8004
FFFC
ENDCHAR
STARTCHAR uni25A2
ENCODING 9634
SWIDTH 1000 0
DWIDTH 24 0
BBX 22 22 1 -2
BITMAP
7FFFF8
800004
800004
800004
800004
800004
800004
800004
800004
800004
800004
800004
800004
800004
800004
800004
800004
800004
800004
800004
800004
7FFFF8
ENDCHAR
STARTCHAR uni25A3
ENCODING 9635
SWIDTH 1000 0
DWIDTH 24 0
BBX 20 19 2 0
BITMAP
FFFFF0
800010
800010
800010
800010
800010
83FC10
83FC10
83FC10
83FC10
83FC10
83FC10
83FC10
83FC10
800010
800010
800010
800010
FFFFF0
ENDCHAR
STARTCHAR uni25A4
ENCODING 9636
SWIDTH 1000 0
DWIDTH 24 0
BBX 20 19 2 0
BITMAP
FFFFF0
800010
800010
800010
800010
FFFFF0
800010
800010
800010
FFFFF0
800010
800010
800010
800010
FFFFF0
800010
800010
800010
FFFFF0
ENDCHAR
STARTCHAR uni25A5
ENCODING 9637
SWIDTH 1000 0
DWIDTH 24 0
BBX 20 19 2 0
BITMAP
FFFFF0
846210
846210
846210
846210
846210
846210
846210
846210
846210
846210
846210
846210
846210
846210
846210
846210
846210
FFFFF0
ENDCHAR
STARTCHAR uni25A6
ENCODING 9638
SWIDTH 1000 0
DWIDTH 24 0
BBX 20 19 2 0
BITMAP
FFFFF0
846210
846210
846210
846210
FFFFF0
846210
846210
846210
FFFFF0
846210
846210
846210
846210
FFFFF0
846210
846210
846210
FFFFF0
ENDCHAR
STARTCHAR uni25A7
ENCODING 9639
SWIDTH 1000 0
DWIDTH 24 0
BBX 20 19 2 0
BITMAP
FFFFF0
C63310
A31990
918CD0
88C670
C46330
E23190
B118D0
988C70
8C4630
C62310
A31190
9188D0
88C470
C46230
E23110
B11890
988C50
FFFFF0
ENDCHAR
STARTCHAR uni25A8
ENCODING 9640
SWIDTH 1000 0
DWIDTH 24 0
BBX 20 19 2 0
BITMAP
FFFFF0
8C4630
988C50
B11890
E23110
C46230
88C470
9188D0
A31190
C62310
8C4630
988C50
B11890
E23110
C46230
88C470
9188D0
A31190
FFFFF0
ENDCHAR
STARTCHAR uni25A9
ENCODING 9641
SWIDTH 1000 0
DWIDTH 24 0
BBX 20 19 2 0
BITMAP
FFFFF0
CE7730
BB9DD0
B19CD0
EAF770
C46330
EAF5F0
B198D0
BB9DF0
CE6730
CE6730
BB9DD0
B198D0
EAF570
C46230
EAF570
B198D0
BB9DD0
FFFFF0
ENDCHAR
STARTCHAR H18543
ENCODING 9642
SWIDTH 375 0
DWIDTH 9 0
BBX 6 6 1 4
BITMAP
FC
FC
FC
FC
FC
FC
ENDCHAR
STARTCHAR H18551
ENCODING 9643
SWIDTH 375 0
DWIDTH 9 0
BBX 6 6 1 4
BITMAP
FC
84
84
84
84
FC
ENDCHAR
STARTCHAR filledrect
ENCODING 9644
SWIDTH 1000 0
DWIDTH 24 0
BBX 24 7 0 0
BITMAP
FFFFFF
FFFFFF
FFFFFF
FFFFFF
FFFFFF
FFFFFF
FFFFFF
ENDCHAR
STARTCHAR uni25B1
ENCODING 9649
SWIDTH 1000 0
DWIDTH 24 0
BBX 22 9 1 5
BITMAP
0FFFFC
08000C
180008
100010
300010
200020
600020
400040
FFFFC0
ENDCHAR
STARTCHAR triagup
ENCODING 9650
SWIDTH 1000 0
DWIDTH 24 0
BBX 14 14 5 0
BITMAP
0000
0300
0300
0780
0780
0FC0
0FC0
1FE0
1FE0
3FF0
3FF0
7FF8
7FF8
FFFC
ENDCHAR
STARTCHAR uni25B3
ENCODING 9651
SWIDTH 1000 0
DWIDTH 24 0
BBX 22 20 1 0
BITMAP
002000
003000
003000
004800
004800
008400
018600
010200
020100
020100
040080
0C00C0
080040
180060
100020
200010
200010
400008
C0000C
FFFFFC
ENDCHAR
STARTCHAR uni25B6
ENCODING 9654
SWIDTH 1000 0
DWIDTH 24 0
BBX 19 22 3 -2
BITMAP
800000
E00000
F80000
FE0000
FF0000
FFC000
FFF000
FFF800
FFFE00
FFFF80
FFFFE0
FFFFE0
FFFF80
FFFE00
FFF800
FFF000
FFC000
FF0000
FC0000
F80000
E00000
800000
ENDCHAR
STARTCHAR uni25B7
ENCODING 9655
SWIDTH 1000 0
DWIDTH 24 0
BBX 19 22 3 -2
BITMAP
800000
E00000
980000
8E0000
830000
80C000
803000
801800
800600
800180
800060
8000E0
800180
800600
801800
807000
80C000
830000
8C0000
980000
E00000
800000
ENDCHAR
STARTCHAR triagrt
ENCODING 9658
SWIDTH 1000 0
DWIDTH 24 0
BBX 14 14 5 0
BITMAP
8000
E000
F800
FE00
FF80
FFE0
FFF8
FFF8
FFE0
FF80
FE00
F800
E000
8000
ENDCHAR
STARTCHAR triagdn
ENCODING 9660
SWIDTH 1000 0
DWIDTH 24 0
BBX 14 14 5 0
BITMAP
FFFC
FFF8
7FF8
7FF0
3FF0
3FE0
1FE0
1FC0
0FC0
0F80
0780
0700
0300
0200
ENDCHAR
STARTCHAR uni25BD
ENCODING 9661
SWIDTH 1000 0
DWIDTH 24 0
BBX 22 20 1 -2
BITMAP
FFFFFC
400008
400008
200010
300030
100020
180060
080040
040080
040080
020100
030300
010200
018600
008400
004800
004800
003000
003000
002000
ENDCHAR
STARTCHAR uni25C0
ENCODING 9664
SWIDTH 1000 0
DWIDTH 24 0
BBX 19 22 2 -2
BITMAP
000020
0000E0
0003E0
000FE0
001FE0
007FE0
01FFE0
03FFE0
0FFFE0
3FFFE0
FFFFE0
FFFFE0
3FFFE0
0FFFE0
03FFE0
01FFE0
007FE0
001FE0
0007E0
0003E0
0000E0
000020
ENDCHAR
STARTCHAR uni25C1
ENCODING 9665
SWIDTH 1000 0
DWIDTH 24 0
BBX 19 22 2 -2
BITMAP
000020
0000E0
000320
000E20
001820
006020
018020
030020
0C0020
300020
C00020
E00020
300020
0C0020
030020
01C020
006020
001820
000620
000320
0000E0
000020
ENDCHAR
STARTCHAR triaglf
ENCODING 9668
SWIDTH 1000 0
DWIDTH 24 0
BBX 14 14 5 0
BITMAP
0004
001C
007C
01FC
07FC
1FFC
7FFC
FFFC
3FFC
0FFC
03FC
00FC
003C
000C
ENDCHAR
STARTCHAR uni25C6
ENCODING 9670
SWIDTH 1000 0
DWIDTH 24 0
BBX 24 24 0 -3
BITMAP
001000
001800
003C00
007E00
00FF00
01FF80
03FFC0
07FFE0
0FFFF0
1FFFF8
3FFFFC
FFFFFF
7FFFFE
3FFFFC
1FFFF8
0FFFF0
07FFE0
03FFC0
01FF80
00FF00
007E00
003C00
001800
001000
ENDCHAR
STARTCHAR uni25C7
ENCODING 9671
SWIDTH 1000 0
DWIDTH 24 0
BBX 24 24 0 -3
BITMAP
001000
001800
002400
004200
008100
010080
020040
040020
080010
100008
200004
C00003
400002
200004
100008
080010
040020
020040
010080
008100
004200
002400
001800
001000
ENDCHAR
STARTCHAR uni25C9
ENCODING 9673
SWIDTH 1000 0
DWIDTH 24 0
BBX 22 22 1 -2
BITMAP
00FC00
030300
0C00C0
180060
30FC30
23FF10
47FF88
47FF88
CFFFCC
8FFFC4
8FFFC4
8FFFC4
8FFFC4
4FFFC8
47FF88
43FF08
21FE10
307830
180060
0C00C0
038700
007800
ENDCHAR
STARTCHAR lozenge
ENCODING 9674
SWIDTH 500 0
DWIDTH 12 0
BBX 12 17 1 0
BITMAP
0600
0E00
0F00
1B00
3980
31C0
70C0
60E0
E070
60E0
70C0
31C0
3980
1B00
0F00
0E00
0600
ENDCHAR
STARTCHAR circle
ENCODING 9675
SWIDTH 625 0
DWIDTH 15 0
BBX 11 11 2 1
BITMAP
1F00
2080
4040
8020
8020
8020
8020
8020
4040
2080
1F00
ENDCHAR
STARTCHAR uni25CC
ENCODING 9676
SWIDTH 1000 0
DWIDTH 24 0
BBX 22 22 1 -2
BITMAP
026E00
036480
1A00C0
180000
000030
600010
600008
00000C
C00008
C00000
00000C
00000C
C00000
800008
00000C
600000
600030
080030
180080
0B00C0
036E80
006400
ENDCHAR
STARTCHAR uni25CE
ENCODING 9678
SWIDTH 1000 0
DWIDTH 24 0
BBX 22 22 1 -2
BITMAP
00FC00
030300
0C00C0
180060
30FC30
230310
460188
440088
C8004C
880044
880044
880044
880044
480048
440088
420108
210210
30FC30
180060
0C00C0
038700
007800
ENDCHAR
STARTCHAR H18533
ENCODING 9679
SWIDTH 625 0
DWIDTH 15 0
BBX 10 10 2 2
BITMAP
1E00
7F80
7F80
FFC0
FFC0
FFC0
FFC0
7F80
7F80
1E00
ENDCHAR
STARTCHAR uni25D0
ENCODING 9680
SWIDTH 1000 0
DWIDTH 24 0
BBX 22 21 1 -1
BITMAP
007800
03E700
07E080
1FE060
1FE020
3FE010
7FE008
7FE008
7FE008
7FE004
FFE004
FFE004
7FE004
7FE008
7FE008
7FE008
3FE010
1FE020
0FE040
07E080
01FF00
ENDCHAR
STARTCHAR uni25D1
ENCODING 9681
SWIDTH 1000 0
DWIDTH 24 0
BBX 22 21 1 -1
BITMAP
007800
039F00
041F80
181FE0
101FE0
201FF0
401FF8
401FF8
401FF8
801FF8
801FFC
801FFC
801FF8
401FF8
401FF8
401FF8
201FF0
101FE0
081FC0
041F80
03FE00
ENDCHAR
STARTCHAR uni25D2
ENCODING 9682
SWIDTH 1000 0
DWIDTH 24 0
BBX 22 21 1 -1
BITMAP
007800
038700
040080
180060
100020
200010
400008
400008
400008
800004
800004
FFFFFC
7FFFF8
7FFFF8
7FFFF8
7FFFF8
3FFFF0
1FFFE0
0FFFC0
07FF80
01FE00
ENDCHAR
STARTCHAR uni25D3
ENCODING 9683
SWIDTH 1000 0
DWIDTH 24 0
BBX 22 21 1 -1
BITMAP
007800
03FF00
07FF80
1FFFE0
1FFFE0
3FFFF0
7FFFF8
7FFFF8
7FFFF8
7FFFF8
FFFFFC
800004
800004
400008
400008
400008
200010
100020
080040
040080
03FF00
ENDCHAR
STARTCHAR invbullet
ENCODING 9688
SWIDTH 625 0
DWIDTH 15 0
BBX 14 14 0 0
BITMAP
FFFC
FFFC
F87C
E01C
E01C
C00C
C00C
C00C
C00C
E01C
E01C
F87C
FFFC
FFFC
ENDCHAR
STARTCHAR invcircle
ENCODING 9689
SWIDTH 625 0
DWIDTH 15 0
BBX 14 14 0 0
BITMAP
FFFC
FFFC
F87C
E79C
EFDC
DFEC
DFEC
DFEC
DFEC
EFDC
E79C
F87C
FFFC
FFFC
ENDCHAR
STARTCHAR uni25E2
ENCODING 9698
SWIDTH 1000 0
DWIDTH 24 0
BBX 24 24 0 -3
BITMAP
000001
000003
000007
00000F
00001F
00003F
00007F
0000FF
0001FF
0003FF
0007FF
000FFF
001FFF
003FFF
007FFF
00FFFF
01FFFF
03FFFF
07FFFF
0FFFFF
1FFFFF
3FFFFF
7FFFFF
FFFFFF
ENDCHAR
STARTCHAR uni25E3
ENCODING 9699
SWIDTH 1000 0
DWIDTH 24 0
BBX 24 24 0 -3
BITMAP
800000
C00000
E00000
F00000
F80000
FC0000
FE0000
FF0000
FF8000
FFC000
FFE000
FFF000
FFF800
FFFC00
FFFE00
FFFF00
FFFF80
FFFFC0
FFFFE0
FFFFF0
FFFFF8
FFFFFC
FFFFFE
FFFFFF
ENDCHAR
STARTCHAR uni25E4
ENCODING 9700
SWIDTH 1000 0
DWIDTH 24 0
BBX 24 24 0 -3
BITMAP
FFFFFF
FFFFFC
FFFFF8
FFFFF0
FFFFE0
FFFFC0
FFFF80
FFFF00
FFFE00
FFFC00
FFF800
FFF000
FFE000
FFC000
FF8000
FF0000
FE0000
FC0000
F80000
F00000
E00000
C00000
800000
800000
ENDCHAR
STARTCHAR uni25E5
ENCODING 9701
SWIDTH 1000 0
DWIDTH 24 0
BBX 24 24 0 -3
BITMAP
FFFFFF
3FFFFF
1FFFFF
0FFFFF
07FFFF
03FFFF
01FFFF
00FFFF
007FFF
003FFF
001FFF
000FFF
0007FF
0003FF
0001FF
0000FF
00007F
00003F
00001F
00000F
000007
000003
000001
000001
ENDCHAR
STARTCHAR openbullet
ENCODING 9702
SWIDTH 375 0
DWIDTH 9 0
BBX 6 6 1 4
BITMAP
78
CC
84
84
CC
78
ENDCHAR
STARTCHAR uni25EF
ENCODING 9711
SWIDTH 1000 0
DWIDTH 24 0
BBX 22 22 1 -2
BITMAP
03FF00
040080
180060
300030
200010
400008
400008
800004
800004
800004
800004
800004
800004
800004
800004
400008
400008
200010
100020
080040
060180
01FE00
ENDCHAR
STARTCHAR uni2600
ENCODING 9728
SWIDTH 1000 0
DWIDTH 24 0
BBX 22 22 1 -2
BITMAP
003000
003000
103020
380070
1CFCE0
09FE40
03FF00
07FF80
07FF80
0FFFC0
EFFFDC
EFFFDC
0FFFC0
07FF80
07FF80
03FF00
09FE40
1C78E0
380070
103000
003000
003000
ENDCHAR
STARTCHAR uni2601
ENCODING 9729
SWIDTH 1000 0
DWIDTH 24 0
BBX 22 16 1 1
BITMAP
03F000
040800
080700
1004C0
100220
1E0210
600010
400010
800010
800010
80002C
840004
820008
410010
3B8020
047FC0
ENDCHAR
STARTCHAR uni2602
ENCODING 9730
SWIDTH 1000 0
DWIDTH 24 0
BBX 20 21 2 -1
BITMAP
000000
03F900
0FFE00
3FFF00
7FFF80
83FFC0
03FFE0
03FFE0
03BFF0
022FF0
0027F0
0047F0
008430
008810
010010
010010
020010
420000
440000
480000
780000
ENDCHAR
STARTCHAR uni2603
ENCODING 9731
SWIDTH 1000 0
DWIDTH 24 0
BBX 24 23 0 -2
BITMAP
000000
001F00
00BF80
007F80
00FFC0
010380
024040
02C340
023A48
12804B
F27E44
1700E8
0FFFF0
09FFD0
0809C8
1001C8
101908
100008
100008
101808
081010
040030
03FFC0
ENDCHAR
STARTCHAR uni2605
ENCODING 9733
SWIDTH 1000 0
DWIDTH 24 0
BBX 22 22 1 -2
BITMAP
002000
002000
003000
003000
003000
007800
007800
007800
FFFFFC
7FFFF8
1FFFE0
0FFFC0
07FF80
01FE00
03FF00
03FF00
03FF00
07CF80
070380
060180
0C00C0
080040
ENDCHAR
STARTCHAR uni2606
ENCODING 9734
SWIDTH 1000 0
DWIDTH 24 0
BBX 22 22 1 -2
BITMAP
002000
003000
003000
003000
003000
004800
004800
004800
FF87FC
600018
100020
0C00C0
060180
010200
020100
022100
027900
04CC80
050280
060180
0C00C0
080040
ENDCHAR
STARTCHAR uni2609
ENCODING 9737
SWIDTH 1000 0
DWIDTH 24 0
BBX 16 16 4 1
BITMAP
03C0
0FF0
3E7C
381C
700E
6006
E187
E3C7
E187
E007
6006
700E
381C
1FF8
0FF0
0180
ENDCHAR
STARTCHAR uni260E
ENCODING 9742
SWIDTH 1000 0
DWIDTH 24 0
BBX 22 16 1 1
BITMAP
03FF00
1FFFE0
7FFFF8
718638
F9867C
F9867C
F9FE7C
838704
070380
0E01C0
1E01E0
1E01E0
3E01F0
3F03F0
3F87F0
3FFFF0
ENDCHAR
STARTCHAR uni260F
ENCODING 9743
SWIDTH 1000 0
DWIDTH 24 0
BBX 22 17 1 0
BITMAP
0FFFC0
300030
400008
8E79C4
8A8544
867984
8E01C4
F4FCBC
050280
090240
120220
220210
210210
410210
40CC08
403008
3FFFF0
ENDCHAR
STARTCHAR uni2616
ENCODING 9750
SWIDTH 1000 0
DWIDTH 24 0
BBX 19 21 2 -1
BITMAP
004000
00F000
030C00
0C0600
180180
200080
200040
200040
200040
200040
200040
600040
400040
400040
400020
400020
400020
400020
400020
C00020
FFFFE0
ENDCHAR
STARTCHAR uni2617
ENCODING 9751
SWIDTH 1000 0
DWIDTH 24 0
BBX 19 21 2 -1
BITMAP
004000
00F000
03FC00
0FFE00
1FFF80
3FFF80
3FFFC0
3FFFC0
3FFFC0
3FFFC0
3FFFC0
7FFFC0
7FFFC0
7FFFC0
7FFFE0
7FFFE0
7FFFE0
7FFFE0
7FFFE0
FFFFE0
FFFFE0
ENDCHAR
STARTCHAR uni261C
ENCODING 9756
SWIDTH 1000 0
DWIDTH 24 0
BBX 22 11 1 3
BITMAP
7FFF00
8080E0
81001C
FE3804
09DE04
083FC4
07CC04
041C04
03E404
01087C
00FF80
ENDCHAR
STARTCHAR uni261D
ENCODING 9757
SWIDTH 1000 0
DWIDTH 24 0
BBX 12 22 7 -2
BITMAP
7000
5000
5000
9000
9C00
9300
9280
AAE0
AAA0
CAA0
8AA0
8D20
9F50
8F90
8420
8420
4420
4420
4040
2040
2040
3FC0
ENDCHAR
STARTCHAR uni261E
ENCODING 9758
SWIDTH 1000 0
DWIDTH 24 0
BBX 22 11 1 3
BITMAP
03FFF0
1C0C0C
E00204
8061F8
81FE40
8FF040
80CF80
80E080
809F00
F84200
07FC00
ENDCHAR
STARTCHAR uni261F
ENCODING 9759
SWIDTH 1000 0
DWIDTH 24 0
BBX 12 22 7 -2
BITMAP
3FC0
2040
2040
4440
4420
4420
8420
8C20
8F90
9D50
8CA0
8AA0
CAA0
AAA0
9A40
9380
9E00
9000
9000
5000
5000
7000
ENDCHAR
STARTCHAR uni262F
ENCODING 9775
SWIDTH 1000 0
DWIDTH 24 0
BBX 22 22 1 -2
BITMAP
01FF00
07FC80
0FFE60
1FFF10
3FFF10
7FCF08
7FCF08
FFFF04
FFFE04
FFFE04
FFF804
FF8004
FE0004
FC0004
FC0004
7C3008
7C3008
3C0010
1C0020
0E0040
070180
01FE00
ENDCHAR
STARTCHAR smileface
ENCODING 9786
SWIDTH 1042 0
DWIDTH 25 0
BBX 14 14 5 0
BITMAP
0FC0
1860
2010
4008
C00C
9864
9864
8004
8004
C84C
4788
2010
1860
0FC0
ENDCHAR
STARTCHAR invsmileface
ENCODING 9787
SWIDTH 1042 0
DWIDTH 25 0
BBX 14 14 5 0
BITMAP
0FC0
1FE0
3FF0
7FF8
FFFC
E79C
E79C
FFFC
FFFC
F7BC
7878
3FF0
1FE0
0FC0
ENDCHAR
STARTCHAR sun
ENCODING 9788
SWIDTH 917 0
DWIDTH 22 0
BBX 15 15 3 -2
BITMAP
0100
0100
2108
17D0
0C60
1830
1010
F01E
1010
1830
0C60
13D0
2108
0100
0100
ENDCHAR
STARTCHAR female
ENCODING 9792
SWIDTH 750 0
DWIDTH 18 0
BBX 7 13 6 1
BITMAP
38
44
82
82
82
44
38
10
10
FE
10
10
10
ENDCHAR
STARTCHAR uni2641
ENCODING 9793
SWIDTH 1000 0
DWIDTH 24 0
BBX 16 21 4 -1
BITMAP
0180
0180
0180
0180
0180
0180
FFFF
FFFF
FFFF
0180
0180
07E0
0FF0
1C38
1818
381C
381C
1818
1C38
0FF0
07E0
ENDCHAR
STARTCHAR male
ENCODING 9794
SWIDTH 750 0
DWIDTH 18 0
BBX 10 11 4 3
BITMAP
03C0
00C0
0140
0240
3C00
4400
8200
8200
8200
4400
3800
ENDCHAR
STARTCHAR spade
ENCODING 9824
SWIDTH 542 0
DWIDTH 13 0
BBX 11 14 1 0
BITMAP
0400
0400
0E00
0E00
1F00
3F80
7FC0
FFE0
FFE0
FFE0
75C0
0400
0E00
3F80
ENDCHAR
STARTCHAR uni2661
ENCODING 9825
SWIDTH 1000 0
DWIDTH 24 0
BBX 20 20 2 -1
BITMAP
3F0FC0
619860
40F020
806010
806010
800010
800010
800010
C00030
400020
200040
3000C0
180180
0C0300
020600
030C00
019800
00D000
006000
002000
ENDCHAR
STARTCHAR uni2662
ENCODING 9826
SWIDTH 1000 0
DWIDTH 24 0
BBX 18 23 3 -2
BITMAP
008000
00C000
00C000
012000
033000
021000
040800
0C0C00
180600
300300
200100
C000C0
400080
200100
100200
080400
0C0C00
061800
021000
012000
01E000
00C000
008000
ENDCHAR
STARTCHAR club
ENCODING 9827
SWIDTH 667 0
DWIDTH 16 0
BBX 14 14 1 0
BITMAP
0780
0FC0
0FC0
0FC0
0FC0
77F8
FFFC
FFFC
FFFC
FDFC
7A78
0300
0780
1FE0
ENDCHAR
STARTCHAR uni2664
ENCODING 9828
SWIDTH 1000 0
DWIDTH 24 0
BBX 20 23 2 -2
BITMAP
004000
006000
00F000
019800
010C00
020400
040200
180180
3000C0
200040
400020
C00030
800010
800010
800010
800010
80F010
41F820
3FFFC0
089100
009000
01F800
03FC00
ENDCHAR
STARTCHAR heart
ENCODING 9829
SWIDTH 583 0
DWIDTH 14 0
BBX 12 13 1 0
BITMAP
79E0
FDF0
FFF0
FFF0
FFF0
7FE0
3FC0
1F80
1F80
0F00
0600
0600
0000
ENDCHAR
STARTCHAR diamond
ENCODING 9830
SWIDTH 500 0
DWIDTH 12 0
BBX 11 15 1 0
BITMAP
0400
0400
0E00
1F00
1F00
3F80
7FC0
FFE0
7FC0
3F80
1F00
1F00
0E00
0400
0400
ENDCHAR
STARTCHAR uni2667
ENCODING 9831
SWIDTH 1000 0
DWIDTH 24 0
BBX 22 21 1 -2
BITMAP
00FC00
010200
030300
020100
020100
020100
020100
010200
3F87F0
600018
400008
400008
800004
C0000C
407808
60FC18
33B730
0E49C0
004800
00FC00
01FE00
ENDCHAR
STARTCHAR uni2668
ENCODING 9832
SWIDTH 1000 0
DWIDTH 24 0
BBX 20 19 2 0
BITMAP
006000
064600
0CC400
0CCC00
0CCC00
0CCC00
0CC600
066600
066300
033300
7333E0
C23330
C23330
C62630
C04030
F000F0
7C03E0
3FFFC0
0FFF00
ENDCHAR
STARTCHAR uni2669
ENCODING 9833
SWIDTH 1000 0
DWIDTH 24 0
BBX 6 22 7 -2
BITMAP
04
04
04
04
04
04
04
04
04
04
04
04
04
04
04
04
04
3C
FC
FC
F8
70
ENDCHAR
STARTCHAR musicalnote
ENCODING 9834
SWIDTH 500 0
DWIDTH 12 0
BBX 7 13 3 0
BITMAP
10
10
18
1C
14
12
12
12
12
14
70
F0
E0
ENDCHAR
STARTCHAR musicalnotedbl
ENCODING 9835
SWIDTH 750 0
DWIDTH 18 0
BBX 11 15 3 -1
BITMAP
0060
07E0
1E20
10E0
17E0
1E20
1020
1020
1020
1020
10E0
11E0
71C0
F000
E000
ENDCHAR
STARTCHAR uni266C
ENCODING 9836
SWIDTH 1000 0
DWIDTH 24 0
BBX 19 23 1 -2
BITMAP
000020
0001E0
003FE0
07FF20
07F020
0601E0
041FE0
07FFA0
07F020
070020
040020
040020
040020
040020
040020
0401E0
0403E0
0407E0
3C07C0
7C0780
FC0000
F80000
F00000
ENDCHAR
STARTCHAR uni266D
ENCODING 9837
SWIDTH 1000 0
DWIDTH 24 0
BBX 10 22 8 -2
BITMAP
8000
8000
8000
8000
8000
8000
8000
8000
8000
8F80
B7C0
A3C0
C1C0
83C0
8380
8300
8600
8C00
9000
A000
C000
8000
ENDCHAR
STARTCHAR uni266E
ENCODING 9838
SWIDTH 1000 0
DWIDTH 24 0
BBX 8 21 8 -1
BITMAP
80
80
80
80
83
FF
FF
F9
81
81
81
81
83
BF
FF
FD
81
01
01
01
01
ENDCHAR
STARTCHAR uni266F
ENCODING 9839
SWIDTH 1000 0
DWIDTH 24 0
BBX 12 22 6 -2
BITMAP
0080
1080
1080
1080
1080
11F0
FFF0
FFF0
F880
1080
1080
1080
1090
1FF0
FFF0
FF80
D080
1080
1080
1080
1080
1000
ENDCHAR
STARTCHAR uni2672
ENCODING 9842
SWIDTH 1000 0
DWIDTH 24 0
BBX 23 23 0 -3
BITMAP
01FF80
023040
022840
041830
082410
082420
064620
0181C8
FC0034
220044
420082
830042
828022
440022
48021C
2FE3FC
182404
182808
082810
082410
07E3E0
000200
000100
ENDCHAR
STARTCHAR uni2673
ENCODING 9843
SWIDTH 1000 0
DWIDTH 24 0
BBX 22 23 1 -3
BITMAP
007800
00FC00
01CE00
038700
038740
0703C0
0703C0
0E0780
043080
08F0E0
F83070
383070
783038
743038
E0301C
C0000C
C0020C
C0020C
FFCFFC
7FDFF8
3FCFF0
000600
000200
ENDCHAR
STARTCHAR uni2674
ENCODING 9844
SWIDTH 1000 0
DWIDTH 24 0
BBX 22 23 1 -3
BITMAP
007800
00FC00
01CE00
038700
038740
0703C0
0703C0
0E0780
047880
08F8E0
F85870
381870
783838
747038
E0FC1C
C0000C
C0020C
C0020C
FFCFFC
7FDFF8
3FCFF0
000600
000200
ENDCHAR
STARTCHAR uni2675
ENCODING 9845
SWIDTH 1000 0
DWIDTH 24 0
BBX 22 23 1 -3
BITMAP
007800
00FC00
01CE00
038700
038740
0703C0
0703C0
0E0780
047880
08F8E0
F81870
383870
781838
748C38
E0F81C
C0700C
C0020C
C0020C
FFCFFC
7FDFF8
3FCFF0
000600
000200
ENDCHAR
STARTCHAR uni2676
ENCODING 9846
SWIDTH 1000 0
DWIDTH 24 0
BBX 22 23 1 -3
BITMAP
007800
00FC00
01CE00
038700
038740
0703C0
0703C0
0E0780
043880
0878E0
F85870
38D870
789838
75FC38
E0181C
C0000C
C0020C
C0020C
FFCFFC
7FDFF8
3FCFF0
000600
000200
ENDCHAR
STARTCHAR uni2677
ENCODING 9847
SWIDTH 1000 0
DWIDTH 24 0
BBX 22 23 1 -3
BITMAP
007800
00FC00
01CE00
038700
038740
0703C0
0703C0
0E0780
047880
0878E0
F84070
38F870
781838
749C38
E0F81C
C0700C
C0020C
C0020C
FFCFFC
7FDFF8
3FCFF0
000600
000200
ENDCHAR
STARTCHAR uni2678
ENCODING 9848
SWIDTH 1000 0
DWIDTH 24 0
BBX 22 23 1 -3
BITMAP
007800
00FC00
01CE00
038700
038740
0703C0
0703C0
0E0780
047C80
08F8E0
F8C070
38F870
78CC38
74CC38
E0781C
C0300C
C0020C
C0020C
FFCFFC
7FDFF8
3FCFF0
000600
000200
ENDCHAR
STARTCHAR uni2679
ENCODING 9849
SWIDTH 1000 0
DWIDTH 24 0
BBX 22 23 1 -3
BITMAP
007800
00FC00
01CE00
038700
038740
0703C0
0703C0
0E0780
04FC80
08F8E0
F81870
383070
783038
743038
E0701C
C0000C
C0020C
C0020C
FFCFFC
7FDFF8
3FCFF0
000600
000200
ENDCHAR
STARTCHAR uni267A
ENCODING 9850
SWIDTH 1000 0
DWIDTH 24 0
BBX 22 23 1 -3
BITMAP
007800
00FC00
01CE00
018600
038700
0703C0
070380
0E0780
0C0020
0000E0
780060
380070
740038
700038
E0001C
C0000C
C0020C
C0040C
FFE7FC
7FEFF8
1FE7E0
000400
000200
ENDCHAR
STARTCHAR uni267B
ENCODING 9851
SWIDTH 1000 0
DWIDTH 24 0
BBX 24 23 0 -3
BITMAP
00FF00
03FFC0
03EFC0
07F7F0
07E7E0
0FC3E0
03C7C0
008008
FC003C
3E00FC
7E007E
7F007E
7C803E
7C003E
38011C
3FE3FC
17E7F8
1FE7F8
0FEFF0
0FE7F0
07E3E0
000200
000100
ENDCHAR
STARTCHAR uni267C
ENCODING 9852
SWIDTH 1000 0
DWIDTH 24 0
BBX 22 22 1 -2
BITMAP
03FF00
07FF80
1E20E0
3C20F0
3810B0
783078
787878
FE70FC
83FF9C
E1FE0C
C1FE0C
82FF04
C3FF04
C7FB8C
E7FBFC
683018
702038
303030
183060
0FFBC0
07FF80
01FE00
ENDCHAR
STARTCHAR uni267D
ENCODING 9853
SWIDTH 1000 0
DWIDTH 24 0
BBX 22 22 1 -2
BITMAP
03FF00
040080
19FE60
23DF10
23FF50
47CF88
87C784
819F04
BC8064
9E03E4
BE01F4
BF01FC
BC00F4
B80474
9BC7E4
97CFE8
4FDFC8
27CF90
17C7A0
080440
060180
01FE00
ENDCHAR
STARTCHAR uni26A0
ENCODING 9888
SWIDTH 1000 0
DWIDTH 24 0
BBX 22 21 1 -1
BITMAP
007800
00FC00
01CE00
018600
038700
073300
063180
0E31C0
0C30C0
1C30E0
183060
383030
700038
603018
E0781C
C0780C
C0780C
C0000C
E0001C
7FFFF8
3FFFF0
ENDCHAR
STARTCHAR uni26BD
ENCODING 9917
SWIDTH 1000 0
DWIDTH 24 0
BBX 22 22 1 -2
BITMAP
01FF00
06FC80
083060
101010
201010
601018
601018
E0781C
F8FC7C
C7FF8C
81FE04
81FE04
80FE04
80FC04
80FC04
410208
410108
3E01F0
1E01E0
0E01C0
070380
01FE00
ENDCHAR
STARTCHAR uni26BE
ENCODING 9918
SWIDTH 1000 0
DWIDTH 24 0
BBX 22 22 1 -2
BITMAP
00FC00
030300
0C00C0
1E01E0
3400B0
210210
410208
400008
C0840C
808404
800004
808404
808404
408408
400008
410208
210210
3601B0
1C00E0
0C00C0
038700
007800
ENDCHAR
STARTCHAR uni2702
ENCODING 9986
SWIDTH 1000 0
DWIDTH 24 0
BBX 22 18 1 0
BITMAP
780000
C40000
840000
82001C
620070
1E01C0
070780
019E00
007800
00E400
019E00
070780
1E01E0
620038
82000C
840000
440000
380000
ENDCHAR
STARTCHAR uni2713
ENCODING 10003
SWIDTH 708 0
DWIDTH 17 0
BBX 17 20 0 -1
BITMAP
000100
000380
000780
000F00
000E00
001C00
003C00
003800
007000
007000
20E000
E0E000
70C000
31C000
398000
1B8000
1F8000
0F0000
0F0000
080000
ENDCHAR
STARTCHAR uni271A
ENCODING 10010
SWIDTH 1000 0
DWIDTH 24 0
BBX 20 20 2 -1
BITMAP
01F800
01F800
01F800
01F800
01F800
01F800
01F800
FFFFF0
FFFFF0
FFFFF0
FFFFF0
FFFFF0
01F800
01F800
01F800
01F800
01F800
01F800
01F800
01F800
ENDCHAR
STARTCHAR uni273D
ENCODING 10045
SWIDTH 1000 0
DWIDTH 24 0
BBX 16 18 4 0
BITMAP
0180
03C0
03C0
0180
E187
F99F
7DBE
1F78
0180
0340
3D3C
F99F
F18F
E187
0180
03C0
03C0
0180
ENDCHAR
STARTCHAR uni273F
ENCODING 10047
SWIDTH 1000 0
DWIDTH 24 0
BBX 24 22 0 -2
BITMAP
00E700
00FF00
00FF00
007E00
307E0C
3C7E3C
3F3CFC
3FBDFC
3FDBFC
7FD3FE
FFE7FF
3F00FC
006600
01E780
07E7E0
0FE7F0
1FE7F8
1FE7F8
0FE7F0
03C3C0
01C380
008100
ENDCHAR
STARTCHAR uni2740
ENCODING 10048
SWIDTH 1000 0
DWIDTH 24 0
BBX 24 22 0 -2
BITMAP
00E700
009900
008100
008200
38421C
244224
2324C4
20A504
205A04
405202
80E701
7F00FE
006600
019980
062860
082410
102408
102408
0E2470
024240
014280
008100
ENDCHAR
STARTCHAR uni2756
ENCODING 10070
SWIDTH 1000 0
DWIDTH 24 0
BBX 24 23 0 -2
BITMAP
001000
001800
003C00
007E00
00FF00
00FF00
007E00
003C00
0C1830
1E0078
3F00FC
FF81FF
7F81FE
3F00FC
1E0078
0C1830
003C00
007E00
00FF00
00FF00
007E00
003C00
001800
ENDCHAR
STARTCHAR uni2776
ENCODING 10102
SWIDTH 1000 0
DWIDTH 24 0
BBX 22 22 1 -2
BITMAP
03FF00
07FF80
1FFFE0
3FFFF0
3FE7F0
7F07F8
7E07F8
FE07FC
FFC7FC
FFC7FC
FFC7FC
FFC7FC
FFC7FC
FFC7FC
FFC7FC
7FC7F8
7FC7F8
3FFFF0
1FFFE0
0FFFC0
07FF80
01FE00
ENDCHAR
STARTCHAR uni2777
ENCODING 10103
SWIDTH 1000 0
DWIDTH 24 0
BBX 22 22 1 -2
BITMAP
03FF00
07FF80
1FFFE0
3FFFF0
3F87F0
7E03F8
7E01F8
FFF1FC
FFF9FC
FFF1FC
FFF1FC
FFE3FC
FFC7FC
FF8FFC
FF1FFC
7E00F8
7E00F8
3FFFF0
1FFFE0
0FFFC0
07FF80
01FE00
ENDCHAR
STARTCHAR uni2778
ENCODING 10104
SWIDTH 1000 0
DWIDTH 24 0
BBX 22 22 1 -2
BITMAP
03FF00
07FF80
1FFFE0
3FFFF0
3F87F0
7E01F8
7E01F8
FFF1FC
FFF1FC
FFC1FC
FF87FC
FF81FC
FFF0FC
FFF8FC
FE70FC
7C01F8
7E03F8
3FFFF0
1FFFE0
0FFFC0
07FF80
01FE00
ENDCHAR
STARTCHAR uni2779
ENCODING 10105
SWIDTH 1000 0
DWIDTH 24 0
BBX 22 22 1 -2
BITMAP
03FF00
07FF80
1FFFE0
3FFFF0
3FC3F0
7FC3F8
7F83F8
FF13FC
FF23FC
FE23FC
FC63FC
FCE3FC
F800FC
F800FC
FFE3FC
7FE3F8
7FE3F8
3FFFF0
1FFFE0
0FFFC0
07FF80
01FE00
ENDCHAR
STARTCHAR uni277A
ENCODING 10106
SWIDTH 1000 0
DWIDTH 24 0
BBX 22 22 1 -2
BITMAP
03FF00
07FF80
1FFFE0
3FFFF0
3F01F0
7F01F8
7E01F8
FE3FFC
FE3FFC
FE03FC
FE01FC
FF70FC
FFF8FC
FFF8FC
FE70FC
7C01F8
7E03F8
3FFFF0
1FFFE0
0FFFC0
07FF80
01FE00
ENDCHAR
STARTCHAR uni277B
ENCODING 10107
SWIDTH 1000 0
DWIDTH 24 0
BBX 22 22 1 -2
BITMAP
03FF00
07FF80
1FFFE0
3FFFF0
3FC7F0
7F01F8
7E01F8
FC3FFC
FC7FFC
FC43FC
FC81FC
FC31FC
FC78FC
FC78FC
FC31FC
7E01F8
7F03F8
3FFFF0
1FFFE0
0FFFC0
07FF80
01FE00
ENDCHAR
STARTCHAR uni277C
ENCODING 10108
SWIDTH 1000 0
DWIDTH 24 0
BBX 22 22 1 -2
BITMAP
03FF00
07FF80
1FFFE0
3FFFF0
3C00F0
7C00F8
7C00F8
FFF1FC
FFE3FC
FFE7FC
FFC7FC
FFC7FC
FFCFFC
FF8FFC
FF8FFC
7F8FF8
7F8FF8
3FFFF0
1FFFE0
0FFFC0
07FF80
01FE00
ENDCHAR
STARTCHAR uni277D
ENCODING 10109
SWIDTH 1000 0
DWIDTH 24 0
BBX 22 22 1 -2
BITMAP
03FF00
07FF80
1FFFE0
3FFFF0
3F87F0
7E01F8
7E31F8
FE79FC
FE39FC
FE11FC
FF87FC
FE21FC
FC70FC
FC78FC
FC78FC
7E01F8
7F03F8
3FFFF0
1FFFE0
0FFFC0
07FF80
01FE00
ENDCHAR
STARTCHAR uni277E
ENCODING 10110
SWIDTH 1000 0
DWIDTH 24 0
BBX 22 22 1 -2
BITMAP
03FF00
07FF80
1FFFE0
3FFFF0
3F87F0
7E03F8
7E21F8
FC78FC
FC78FC
FC78FC
FE00FC
FF04FC
FFF8FC
FFF8FC
FF71FC
7E01F8
7E07F8
3FFFF0
1FFFE0
0FFFC0
07FF80
01FE00
ENDCHAR
STARTCHAR uni277F
ENCODING 10111
SWIDTH 1000 0
DWIDTH 24 0
BBX 22 22 1 -2
BITMAP
03FF00
07FF80
1FFFE0
3FFFF0
3CF8F0
70F078
60E038
E0E63C
FCC73C
FCC71C
FCC71C
FCC71C
FCC73C
FCE73C
FCE23C
7CE078
7CF078
3FFFF0
1FFFE0
0FFFC0
07FF80
01FE00
ENDCHAR
STARTCHAR uni2780
ENCODING 10112
SWIDTH 1000 0
DWIDTH 24 0
BBX 22 22 1 -2
BITMAP
03FF00
040080
180060
300030
201810
40F808
41F808
81F804
803804
803804
803804
803804
803804
803804
803804
403808
403808
200010
100020
080040
060180
01FE00
ENDCHAR
STARTCHAR uni2781
ENCODING 10113
SWIDTH 1000 0
DWIDTH 24 0
BBX 22 22 1 -2
BITMAP
03FF00
040080
180060
300030
207810
41FC08
43FE08
808E04
800604
800E04
800E04
801C04
803804
807004
80E704
41FF08
41FF08
200010
100020
080040
060180
01FE00
ENDCHAR
STARTCHAR uni2782
ENCODING 10114
SWIDTH 1000 0
DWIDTH 24 0
BBX 22 22 1 -2
BITMAP
03FF00
040080
180060
300030
207810
43FE08
41FE08
810E04
800E04
803E04
807804
807E04
800F04
800704
818F04
43FE08
41FC08
200010
100020
080040
060180
01FE00
ENDCHAR
STARTCHAR uni2783
ENCODING 10115
SWIDTH 1000 0
DWIDTH 24 0
BBX 22 22 1 -2
BITMAP
03FF00
040080
180060
300030
203C10
403C08
407C08
80FC04
80DC04
81DC04
839C04
831C04
87FF04
87FF04
801C04
401C08
401C08
200010
100020
080040
060180
01FE00
ENDCHAR
STARTCHAR uni2784
ENCODING 10116
SWIDTH 1000 0
DWIDTH 24 0
BBX 22 22 1 -2
BITMAP
03FF00
040080
180060
300030
20FE10
40FE08
41FE08
81C004
81C004
81FC04
81FE04
808F04
800704
800704
818F04
43FE08
41FC08
200010
100020
080040
060180
01FE00
ENDCHAR
STARTCHAR uni2785
ENCODING 10117
SWIDTH 1000 0
DWIDTH 24 0
BBX 22 22 1 -2
BITMAP
03FF00
040080
180060
300030
203810
40FE08
41FE08
83C404
838004
83BC04
83FE04
83CE04
838704
838704
83CE04
41FE08
40FC08
200010
100020
080040
060180
01FE00
ENDCHAR
STARTCHAR uni2786
ENCODING 10118
SWIDTH 1000 0
DWIDTH 24 0
BBX 22 22 1 -2
BITMAP
03FF00
040080
180060
300030
23FF10
43FF08
43FF08
800E04
801C04
801804
803804
803804
803004
807004
807004
407008
407008
200010
100020
080040
060180
01FE00
ENDCHAR
STARTCHAR uni2787
ENCODING 10119
SWIDTH 1000 0
DWIDTH 24 0
BBX 22 22 1 -2
BITMAP
03FF00
040080
180060
300030
207810
41FE08
41CE08
818604
81C604
81EE04
80FC04
81FE04
838F04
838704
838704
41FE08
40FC08
200010
100020
080040
060180
01FE00
ENDCHAR
STARTCHAR uni2788
ENCODING 10120
SWIDTH 1000 0
DWIDTH 24 0
BBX 22 22 1 -2
BITMAP
03FF00
040080
180060
300030
207810
41FC08
41DE08
838704
838704
838704
81FF04
80FF04
800704
800704
808E04
41FE08
41F808
200010
100020
080040
060180
01FE00
ENDCHAR
STARTCHAR uni2789
ENCODING 10121
SWIDTH 1000 0
DWIDTH 24 0
BBX 22 22 1 -2
BITMAP
03FF00
040080
180060
300030
230710
4F0F88
5F1FC8
9F19C4
8738C4
8738E4
8738E4
8738E4
8738C4
8718C4
871DC4
471F88
470F88
200010
100020
080040
060180
01FE00
ENDCHAR
STARTCHAR uni278A
ENCODING 10122
SWIDTH 1000 0
DWIDTH 24 0
BBX 22 22 1 -2
BITMAP
03FF00
07FF80
1FFFE0
3FFFF0
3FE7F0
7F07F8
7E07F8
FE07FC
FFC7FC
FFC7FC
FFC7FC
FFC7FC
FFC7FC
FFC7FC
FFC7FC
7FC7F8
7FC7F8
3FFFF0
1FFFE0
0FFFC0
07FF80
01FE00
ENDCHAR
STARTCHAR uni278B
ENCODING 10123
SWIDTH 1000 0
DWIDTH 24 0
BBX 22 22 1 -2
BITMAP
03FF00
07FF80
1FFFE0
3FFFF0
3F87F0
7E03F8
7E01F8
FFF1FC
FFF9FC
FFF1FC
FFF1FC
FFE3FC
FFC7FC
FF8FFC
FF1FFC
7E00F8
7E00F8
3FFFF0
1FFFE0
0FFFC0
07FF80
01FE00
ENDCHAR
STARTCHAR uni278C
ENCODING 10124
SWIDTH 1000 0
DWIDTH 24 0
BBX 22 22 1 -2
BITMAP
03FF00
07FF80
1FFFE0
3FFFF0
3F87F0
7E01F8
7E01F8
FFF1FC
FFF1FC
FFC1FC
FF87FC
FF81FC
FFF0FC
FFF8FC
FE70FC
7C01F8
7E03F8
3FFFF0
1FFFE0
0FFFC0
07FF80
01FE00
ENDCHAR
STARTCHAR uni278D
ENCODING 10125
SWIDTH 1000 0
DWIDTH 24 0
BBX 22 22 1 -2
BITMAP
03FF00
07FF80
1FFFE0
3FFFF0
3FC3F0
7FC3F8
7F83F8
FF13FC
FF23FC
FE23FC
FC63FC
FCE3FC
F800FC
F800FC
FFE3FC
7FE3F8
7FE3F8
3FFFF0
1FFFE0
0FFFC0
07FF80
01FE00
ENDCHAR
STARTCHAR uni278E
ENCODING 10126
SWIDTH 1000 0
DWIDTH 24 0
BBX 22 22 1 -2
BITMAP
03FF00
07FF80
1FFFE0
3FFFF0
3F01F0
7F01F8
7E01F8
FE3FFC
FE3FFC
FE03FC
FE01FC
FF70FC
FFF8FC
FFF8FC
FE70FC
7C01F8
7E03F8
3FFFF0
1FFFE0
0FFFC0
07FF80
01FE00
ENDCHAR
STARTCHAR uni278F
ENCODING 10127
SWIDTH 1000 0
DWIDTH 24 0
BBX 22 22 1 -2
BITMAP
03FF00
07FF80
1FFFE0
3FFFF0
3FC7F0
7F01F8
7E01F8
FC3FFC
FC7FFC
FC43FC
FC81FC
FC31FC
FC78FC
FC78FC
FC31FC
7E01F8
7F03F8
3FFFF0
1FFFE0
0FFFC0
07FF80
01FE00
ENDCHAR
STARTCHAR uni2790
ENCODING 10128
SWIDTH 1000 0
DWIDTH 24 0
BBX 22 22 1 -2
BITMAP
03FF00
07FF80
1FFFE0
3FFFF0
3C00F0
7C00F8
7C00F8
FFF1FC
FFE3FC
FFE7FC
FFC7FC
FFC7FC
FFCFFC
FF8FFC
FF8FFC
7F8FF8
7F8FF8
3FFFF0
1FFFE0
0FFFC0
07FF80
01FE00
ENDCHAR
STARTCHAR uni2791
ENCODING 10129
SWIDTH 1000 0
DWIDTH 24 0
BBX 22 22 1 -2
BITMAP
03FF00
07FF80
1FFFE0
3FFFF0
3F87F0
7E01F8
7E31F8
FE79FC
FE39FC
FE11FC
FF87FC
FE21FC
FC70FC
FC78FC
FC78FC
7E01F8
7F03F8
3FFFF0
1FFFE0
0FFFC0
07FF80
01FE00
ENDCHAR
STARTCHAR uni2792
ENCODING 10130
SWIDTH 1000 0
DWIDTH 24 0
BBX 22 22 1 -2
BITMAP
03FF00
07FF80
1FFFE0
3FFFF0
3F87F0
7E03F8
7E21F8
FC78FC
FC78FC
FC78FC
FE00FC
FF04FC
FFF8FC
FFF8FC
FF71FC
7E01F8
7E07F8
3FFFF0
1FFFE0
0FFFC0
07FF80
01FE00
ENDCHAR
STARTCHAR uni2793
ENCODING 10131
SWIDTH 1000 0
DWIDTH 24 0
BBX 22 22 1 -2
BITMAP
03FF00
07FF80
1FFFE0
3FFFF0
3CF8F0
70F078
60E038
E0E63C
FCC73C
FCC71C
FCC71C
FCC71C
FCC73C
FCE73C
FCE23C
7CE078
7CF078
3FFFF0
1FFFE0
0FFFC0
07FF80
01FE00
ENDCHAR
STARTCHAR uni27A1
ENCODING 10145
SWIDTH 1000 0
DWIDTH 24 0
BBX 22 16 1 1
BITMAP
000400
000600
000700
000780
FFFFC0
FFFFE0
FFFFF8
FFFFFC
FFFFF8
FFFFF0
FFFFE0
FFFFC0
000780
000700
000600
000400
ENDCHAR
STARTCHAR uni2934
ENCODING 10548
SWIDTH 1000 0
DWIDTH 24 0
BBX 23 22 1 -2
BITMAP
000080
0000C0
0001E0
0003F0
0007F8
000EDC
001CDE
0008C4
0000C0
0000C0
0001C0
0001C0
000180
000380
000300
000700
000E00
003C00
00F800
FFE000
FF8000
F80000
ENDCHAR
STARTCHAR uni2935
ENCODING 10549
SWIDTH 1000 0
DWIDTH 24 0
BBX 23 22 1 -2
BITMAP
FE0000
FFC000
0FF000
00F800
001C00
000E00
000700
000380
000380
000180
0001C0
0001C0
0000C0
0000C0
000CCC
001EDE
000EFC
0007F8
0003F0
0001E0
0000C0
000080
ENDCHAR
STARTCHAR uni29BF
ENCODING 10687
SWIDTH 1000 0
DWIDTH 24 0
BBX 22 22 1 -2
BITMAP
00FC00
030300
0C00C0
180060
300030
200010
400008
407808
C0FC0C
81FE04
81FE04
81FE04
81FE04
40FC08
407808
400008
200010
300030
180060
0C00C0
038700
007800
ENDCHAR
STARTCHAR uni29FA
ENCODING 10746
SWIDTH 1000 0
DWIDTH 24 0
BBX 18 18 3 0
BITMAP
061800
061800
061800
061800
061800
061800
061800
061800
FFFFC0
FFFFC0
061800
061800
061800
061800
061800
061800
061800
061800
ENDCHAR
STARTCHAR uni29FB
ENCODING 10747
SWIDTH 1000 0
DWIDTH 24 0
BBX 18 18 3 0
BITMAP
1CCE00
1CCE00
1CCE00
1CCE00
1CCE00
1CCE00
1CCE00
1CCE00
FFFFC0
FFFFC0
1CCE00
1CCE00
1CCE00
1CCE00
1CCE00
1CCE00
1CCE00
1CCE00
ENDCHAR
STARTCHAR uni2B05
ENCODING 11013
SWIDTH 1000 0
DWIDTH 24 0
BBX 22 16 1 1
BITMAP
008000
018000
038000
078000
0FFFFC
1FFFFC
7FFFFC
FFFFFC
7FFFFC
3FFFFC
1FFFFC
0FFFFC
078000
038000
018000
008000
ENDCHAR
STARTCHAR uni2B06
ENCODING 11014
SWIDTH 1000 0
DWIDTH 24 0
BBX 16 22 4 -2
BITMAP
0180
03C0
03C0
07E0
0FF0
1FF8
3FFC
7FFE
FFFF
0FF0
0FF0
0FF0
0FF0
0FF0
0FF0
0FF0
0FF0
0FF0
0FF0
0FF0
0FF0
0FF0
ENDCHAR
STARTCHAR uni2B07
ENCODING 11015
SWIDTH 1000 0
DWIDTH 24 0
BBX 16 22 4 -2
BITMAP
0FF0
0FF0
0FF0
0FF0
0FF0
0FF0
0FF0
0FF0
0FF0
0FF0
0FF0
0FF0
0FF0
FFFF
7FFE
3FFC
1FF8
0FF0
07E0
03C0
0180
0100
ENDCHAR
STARTCHAR uni2B1A
ENCODING 11034
SWIDTH 1000 0
DWIDTH 24 0
BBX 22 22 1 -2
BITMAP
CCCCCC
800004
000000
000000
800004
800004
000000
000000
800004
800004
000000
000000
800004
800004
000000
000000
800004
800004
000000
000000
800004
CCCCCC
ENDCHAR
STARTCHAR uni2B95
ENCODING 11157
SWIDTH 1000 0
DWIDTH 24 0
BBX 22 16 1 1
BITMAP
000400
000600
000700
000780
FFFFC0
FFFFE0
FFFFF8
FFFFFC
FFFFF8
FFFFF0
FFFFE0
FFFFC0
000780
000700
000600
000400
ENDCHAR
STARTCHAR uni2E3A
ENCODING 11834
SWIDTH 1708 0
DWIDTH 41 0
BBX 39 2 1 6
BITMAP
0000000000
0000000000
ENDCHAR
STARTCHAR uni2E3B
ENCODING 11835
SWIDTH 2500 0
DWIDTH 60 0
BBX 58 2 1 6
BITMAP
0000000000000000
0000000000000000
ENDCHAR
STARTCHAR uni3000
ENCODING 12288
SWIDTH 1000 0
DWIDTH 24 0
BBX 0 0 0 0
BITMAP
ENDCHAR
STARTCHAR uni3001
ENCODING 12289
SWIDTH 1000 0
DWIDTH 24 0
BBX 8 8 1 -2
BITMAP
20
70
F8
7C
3E
1F
0C
04
ENDCHAR
STARTCHAR uni3002
ENCODING 12290
SWIDTH 1000 0
DWIDTH 24 0
BBX 8 8 1 -2
BITMAP
38
7E
C6
C3
C2
C6
7E
38
ENDCHAR
STARTCHAR uni3003
ENCODING 12291
SWIDTH 1000 0
DWIDTH 24 0
BBX 14 12 5 3
BITMAP
1010
1E1C
1C3C
3C38
3838
3870
7070
70E0
60E0
E0C0
C1C0
C180
ENDCHAR
STARTCHAR uni3004
ENCODING 12292
SWIDTH 1000 0
DWIDTH 24 0
BBX 22 22 1 -2
BITMAP
01E000
070080
0C00C0
1800E0
3000B0
600098
400088
C0308C
803104
803E04
803004
803004
81F004
C1300C
433008
410008
618018
308030
18C060
0D80C0
070700
001C00
ENDCHAR
STARTCHAR uni3005
ENCODING 12293
SWIDTH 1000 0
DWIDTH 24 0
BBX 19 20 2 -1
BITMAP
01E000
01C000
01C000
038000
03FF80
07FFE0
07FFC0
0F01C0
0E03C0
1E0380
3C0780
790F00
F1CE00
73FE00
01FC00
007E00
001F80
000F00
000300
000200
ENDCHAR
STARTCHAR uni3006
ENCODING 12294
SWIDTH 1000 0
DWIDTH 24 0
BBX 19 21 3 -2
BITMAP
000180
0003E0
0003C0
000780
0E0F00
0F1E00
1FFC00
07FC00
01F800
00FC00
01FE00
01FF80
E3CFC0
E78780
6F0180
7F0100
7E0000
7C0000
780000
780000
300000
ENDCHAR
STARTCHAR uni3007
ENCODING 12295
SWIDTH 1000 0
DWIDTH 24 0
BBX 22 22 1 -2
BITMAP
01FE00
07FF80
0FFFC0
1F03E0
3C00F0
780078
700038
70003C
E0001C
E0001C
E0001C
E0001C
E0001C
E0001C
700038
700038
380070
3C00F0
1F03E0
0FFFC0
03FF00
00FC00
ENDCHAR
STARTCHAR uni3008
ENCODING 12296
SWIDTH 1000 0
DWIDTH 24 0
BBX 10 22 13 -2
BITMAP
01C0
0380
0380
0700
0E00
0E00
1C00
3800
3800
7000
F000
7000
7000
3800
1C00
1C00
0E00
0E00
0700
0380
0380
01C0
ENDCHAR
STARTCHAR uni3009
ENCODING 12297
SWIDTH 1000 0
DWIDTH 24 0
BBX 10 22 1 -2
BITMAP
E000
7000
7000
3800
1C00
1C00
0E00
0700
0700
0380
03C0
0380
0380
0700
0E00
0E00
1C00
1C00
3800
7000
7000
E000
ENDCHAR
STARTCHAR uni300A
ENCODING 12298
SWIDTH 1000 0
DWIDTH 24 0
BBX 11 22 12 -2
BITMAP
0660
0E60
0CC0
0CC0
19C0
1980
3B80
3300
7300
6600
E600
6600
6600
3300
3300
3980
1980
19C0
0CC0
0CC0
0E60
0660
ENDCHAR
STARTCHAR uni300B
ENCODING 12299
SWIDTH 1000 0
DWIDTH 24 0
BBX 11 22 1 -2
BITMAP
CC00
CE00
6600
6600
7300
3300
3B80
1980
19C0
0CC0
0CE0
0CC0
0CC0
1980
1980
3380
3300
7300
6600
6600
CE00
CC00
ENDCHAR
STARTCHAR uni300C
ENCODING 12300
SWIDTH 1000 0
DWIDTH 24 0
BBX 8 15 15 5
BITMAP
FF
FF
E0
E0
E0
E0
E0
E0
E0
E0
E0
E0
E0
E0
E0
ENDCHAR
STARTCHAR uni300D
ENCODING 12301
SWIDTH 1000 0
DWIDTH 24 0
BBX 8 15 1 -2
BITMAP
07
07
07
07
07
07
07
07
07
07
07
07
07
FF
FF
ENDCHAR
STARTCHAR uni300E
ENCODING 12302
SWIDTH 1000 0
DWIDTH 24 0
BBX 9 15 14 5
BITMAP
FF80
8080
8080
8F80
8800
8800
8800
8800
8800
8800
8800
8800
8800
8800
F800
ENDCHAR
STARTCHAR uni300F
ENCODING 12303
SWIDTH 1000 0
DWIDTH 24 0
BBX 9 16 1 -2
BITMAP
0F80
0880
0880
0880
0880
0880
0880
0880
0880
0880
0880
0880
F880
8080
8080
FF80
ENDCHAR
STARTCHAR uni3010
ENCODING 12304
SWIDTH 1000 0
DWIDTH 24 0
BBX 7 22 16 -2
BITMAP
FE
FC
F8
F0
F0
E0
E0
E0
E0
E0
E0
E0
E0
E0
E0
E0
F0
F0
F0
F8
FC
FE
ENDCHAR
STARTCHAR uni3011
ENCODING 12305
SWIDTH 1000 0
DWIDTH 24 0
BBX 7 22 1 -2
BITMAP
FE
7E
3E
1E
1E
0E
0E
0E
0E
0E
0E
0E
0E
0E
0E
0E
1E
1E
1E
3E
7E
FE
ENDCHAR
STARTCHAR uni3012
ENCODING 12306
SWIDTH 1000 0
DWIDTH 24 0
BBX 16 17 4 0
BITMAP
FFFF
FFFF
0000
0000
0000
FFFF
FFFF
0180
0180
0180
0180
0180
0180
0180
0180
0180
0180
ENDCHAR
STARTCHAR uni3013
ENCODING 12307
SWIDTH 1000 0
DWIDTH 24 0
BBX 20 19 2 0
BITMAP
FFFFF0
FFFFF0
FFFFF0
FFFFF0
FFFFF0
FFFFF0
FFFFF0
000000
000000
000000
000000
000000
FFFFF0
FFFFF0
FFFFF0
FFFFF0
FFFFF0
FFFFF0
FFFFF0
ENDCHAR
STARTCHAR uni3014
ENCODING 12308
SWIDTH 1000 0
DWIDTH 24 0
BBX 6 24 17 -3
BITMAP
04
1C
3C
F0
E0
C0
C0
C0
C0
C0
C0
C0
C0
C0
C0
C0
C0
C0
C0
E0
78
3C
0C
04
ENDCHAR
STARTCHAR uni3015
ENCODING 12309
SWIDTH 1000 0
DWIDTH 24 0
BBX 6 24 1 -3
BITMAP
80
E0
F0
3C
1C
0C
0C
0C
0C
0C
0C
0C
0C
0C
0C
0C
0C
0C
0C
1C
78
F0
C0
80
ENDCHAR
STARTCHAR uni3016
ENCODING 12310
SWIDTH 1000 0
DWIDTH 24 0
BBX 8 22 15 -2
BITMAP
FF
84
88
90
90
A0
A0
A0
C0
C0
C0
C0
C0
C0
A0
A0
A0
90
90
88
84
FF
ENDCHAR
STARTCHAR uni3017
ENCODING 12311
SWIDTH 1000 0
DWIDTH 24 0
BBX 8 22 1 -2
BITMAP
FF
21
11
09
09
05
05
05
03
03
03
03
03
03
05
05
05
09
09
11
21
FF
ENDCHAR
STARTCHAR uni3018
ENCODING 12312
SWIDTH 1000 0
DWIDTH 24 0
BBX 8 24 16 -3
BITMAP
04
1C
32
C3
8C
98
90
90
90
90
90
90
90
90
90
90
90
90
98
86
63
32
0C
04
ENDCHAR
STARTCHAR uni3019
ENCODING 12313
SWIDTH 1000 0
DWIDTH 24 0
BBX 8 24 0 -3
BITMAP
20
38
4C
C3
31
19
09
09
09
09
09
09
09
09
09
09
09
09
19
61
C6
4C
30
20
ENDCHAR
STARTCHAR uni301A
ENCODING 12314
SWIDTH 1000 0
DWIDTH 24 0
BBX 7 22 16 -2
BITMAP
FE
CC
CC
CC
CC
CC
CC
CC
CC
CC
CC
CC
CC
CC
CC
CC
CC
CC
CC
CC
FE
FE
ENDCHAR
STARTCHAR uni301B
ENCODING 12315
SWIDTH 1000 0
DWIDTH 24 0
BBX 7 22 1 -2
BITMAP
FE
66
66
66
66
66
66
66
66
66
66
66
66
66
66
66
66
66
66
66
FE
FE
ENDCHAR
STARTCHAR uni301C
ENCODING 12316
SWIDTH 1000 0
DWIDTH 24 0
BBX 22 8 1 5
BITMAP
0F8000
1FE000
7FF018
78F83C
F03EF8
601FF0
000FE0
000100
ENDCHAR
STARTCHAR uni301D
ENCODING 12317
SWIDTH 1000 0
DWIDTH 24 0
BBX 7 11 16 10
BITMAP
40
60
F0
78
1E
44
60
F0
7C
1E
04
ENDCHAR
STARTCHAR uni301E
ENCODING 12318
SWIDTH 1000 0
DWIDTH 24 0
BBX 7 11 1 10
BITMAP
04
0C
1E
3C
F0
44
0C
1E
7C
F0
40
ENDCHAR
STARTCHAR uni301F
ENCODING 12319
SWIDTH 1000 0
DWIDTH 24 0
BBX 7 10 1 -2
BITMAP
40
F0
3C
1E
0C
64
F8
3C
1E
04
ENDCHAR
STARTCHAR uni3020
ENCODING 12320
SWIDTH 1000 0
DWIDTH 24 0
BBX 22 17 1 0
BITMAP
1FFFE0
1FFFE0
000000
1FFFE0
1FFFE0
003000
6E31D8
9F33E4
893244
893244
463188
200010
220110
118620
087840
070380
00FC00
ENDCHAR
STARTCHAR uni3021
ENCODING 12321
SWIDTH 1000 0
DWIDTH 24 0
BBX 4 21 10 -1
BITMAP
F0
F0
F0
F0
F0
F0
F0
F0
F0
F0
F0
F0
F0
F0
F0
F0
F0
F0
F0
F0
F0
ENDCHAR
STARTCHAR uni3022
ENCODING 12322
SWIDTH 1000 0
DWIDTH 24 0
BBX 10 21 7 -1
BITMAP
01C0
01C0
01C0
E1C0
E1C0
E1C0
E1C0
E1C0
E1C0
E1C0
E1C0
E1C0
E1C0
E1C0
E1C0
E1C0
E1C0
E1C0
01C0
01C0
01C0
ENDCHAR
STARTCHAR uni3023
ENCODING 12323
SWIDTH 1000 0
DWIDTH 24 0
BBX 15 22 5 -2
BITMAP
000E
000E
E00E
E38E
E38E
E38E
E38E
E38E
E38E
E38E
E38E
E38E
E38E
E38E
E38E
E38E
E38E
E00E
E00E
000E
000E
000E
ENDCHAR
STARTCHAR uni3024
ENCODING 12324
SWIDTH 1000 0
DWIDTH 24 0
BBX 20 20 2 -1
BITMAP
000100
0001E0
0C01C0
1F03C0
0F8380
07C780
03E780
01F700
00FF00
007E00
003E00
003F00
007F80
00FFC0
03F3C0
07E1E0
1F81F0
FF00E0
7C0040
300000
ENDCHAR
STARTCHAR uni3025
ENCODING 12325
SWIDTH 1000 0
DWIDTH 24 0
BBX 13 20 5 -1
BITMAP
1800
1C60
3CF0
3870
3870
7030
7870
FEF0
1FE0
0FC0
3FF0
3CF0
7838
7038
7038
7038
7878
3FF0
1FE0
0780
ENDCHAR
STARTCHAR uni3026
ENCODING 12326
SWIDTH 1000 0
DWIDTH 24 0
BBX 22 9 1 10
BITMAP
003800
003800
003800
003800
003800
000000
FFFFFC
FFFFFC
FFFFFC
ENDCHAR
STARTCHAR uni3027
ENCODING 12327
SWIDTH 1000 0
DWIDTH 24 0
BBX 21 16 1 3
BITMAP
003800
003800
003800
003800
003800
000000
FFFFF8
FFFFF8
000000
000000
000000
000000
000000
0FFFC0
0FFFC0
0FFFC0
ENDCHAR
STARTCHAR uni3028
ENCODING 12328
SWIDTH 1000 0
DWIDTH 24 0
BBX 20 19 2 0
BITMAP
007000
007000
007000
007000
000000
FFFFF0
FFFFF0
000000
000000
000000
1FFF80
1FFF80
1FFF80
000000
000000
000000
000000
FFFFF0
FFFFF0
ENDCHAR
STARTCHAR uni3029
ENCODING 12329
SWIDTH 1000 0
DWIDTH 24 0
BBX 20 22 2 -2
BITMAP
007000
007000
007000
007000
3FFFC0
3FFFC0
3FFFC0
080380
380380
3C0700
1E0F00
0F0E00
079E00
03FC00
01F800
01FC00
03FE00
0FDF80
7F0FF0
FE03F0
7000E0
400000
ENDCHAR
STARTCHAR uni302A
ENCODING 12330
SWIDTH 0 0
DWIDTH 0 0
BBX 5 5 -24 -8
BITMAP
F0
98
98
F0
20
ENDCHAR
STARTCHAR uni302B
ENCODING 12331
SWIDTH 0 0
DWIDTH 0 0
BBX 5 5 -24 21
BITMAP
60
F0
98
D0
F0
ENDCHAR
STARTCHAR uni302C
ENCODING 12332
SWIDTH 0 0
DWIDTH 0 0
BBX 5 5 -5 21
BITMAP
30
78
C8
D8
78
ENDCHAR
STARTCHAR uni302D
ENCODING 12333
SWIDTH 0 0
DWIDTH 0 0
BBX 5 5 -5 -8
BITMAP
78
C8
C8
78
20
ENDCHAR
STARTCHAR uni302E
ENCODING 12334
SWIDTH 250 0
DWIDTH 6 0
BBX 4 4 1 7
BITMAP
F0
F0
F0
60
ENDCHAR
STARTCHAR uni302F
ENCODING 12335
SWIDTH 250 0
DWIDTH 6 0
BBX 4 10 1 4
BITMAP
60
F0
F0
60
00
00
F0
F0
F0
60
ENDCHAR
STARTCHAR uni3030
ENCODING 12336
SWIDTH 1000 0
DWIDTH 24 0
BBX 24 8 0 5
BITMAP
C03C03
E07E07
606606
30C30C
30C30C
198198
1F81F8
060060
ENDCHAR
STARTCHAR uni3031
ENCODING 12337
SWIDTH 1000 0
DWIDTH 24 0
BBX 15 45 4 -13
BITMAP
0020
0078
0078
00F0
00F0
01E0
01E0
03C0
0380
0780
0700
0F00
0E00
1E00
3C00
3C00
7800
7000
7000
E000
E000
E000
E000
F000
7000
7800
3800
3C00
1E00
1E00
0F00
0700
0780
03C0
03C0
01E0
01E0
00F0
00F0
0078
0078
003C
003C
001E
0018
ENDCHAR
STARTCHAR uni3032
ENCODING 12338
SWIDTH 1000 0
DWIDTH 24 0
BBX 17 45 4 -13
BITMAP
002000
007800
007800
00F000
00F000
01E000
01E000
03C000
038000
078200
071700
0F3B80
0E3980
1E1D00
3C0800
3C0000
780000
700000
700000
E00000
E00000
E00000
E00000
F00000
700000
780000
380000
3C0000
1E0000
1E0000
0F0000
070000
078000
03C000
03C000
01E000
01E000
00F000
00F000
007800
007800
003C00
003C00
001E00
001800
ENDCHAR
STARTCHAR uni3033
ENCODING 12339
SWIDTH 1000 0
DWIDTH 24 0
BBX 13 23 4 -3
BITMAP
0020
0078
0078
00F0
00F0
01E0
01E0
03C0
0380
0780
0700
0F00
0E00
1E00
3C00
3C00
7800
7000
7000
E000
E000
E000
E000
ENDCHAR
STARTCHAR uni3034
ENCODING 12340
SWIDTH 1000 0
DWIDTH 24 0
BBX 17 23 4 -3
BITMAP
002000
007800
007800
00F000
00F000
01E000
01E000
03C000
038000
078200
071700
0F3B80
0E3980
1E1D00
3C0800
3C0000
780000
700000
700000
E00000
E00000
E00000
E00000
ENDCHAR
STARTCHAR uni3035
ENCODING 12341
SWIDTH 1000 0
DWIDTH 24 0
BBX 15 22 4 -1
BITMAP
F000
7000
7800
3800
3C00
1E00
1E00
0F00
0700
0780
03C0
03C0
01E0
01E0
00F0
00F0
0078
0078
003C
003C
001E
0018
ENDCHAR
STARTCHAR uni3036
ENCODING 12342
SWIDTH 1000 0
DWIDTH 24 0
BBX 22 22 1 -2
BITMAP
01FE00
060180
080040
100020
200010
400008
4FFFC8
800004
800004
8FFFC4
8FFFC4
803004
803004
803004
803004
403008
403008
203010
103020
080040
070380
00FC00
ENDCHAR
STARTCHAR uni3037
ENCODING 12343
SWIDTH 1000 0
DWIDTH 24 0
BBX 22 22 1 -2
BITMAP
218418
E1DC1C
E1CE18
718E38
738738
3B8730
3B03F0
1F03F0
1F01E0
0E01E0
0E00E0
0E01E0
0F01E0
1F01F0
1F03F0
3B83F0
3B8738
71C738
71CE1C
E1CE1C
E0FC1C
408408
ENDCHAR
STARTCHAR uni3038
ENCODING 12344
SWIDTH 1000 0
DWIDTH 24 0
BBX 22 22 1 -2
BITMAP
007800
007800
007800
007800
007800
007800
007800
FFFFFC
FFFFFC
FFFFFC
007800
007800
007800
007800
007800
007800
007800
007800
007800
007800
007800
007800
ENDCHAR
STARTCHAR uni3039
ENCODING 12345
SWIDTH 1000 0
DWIDTH 24 0
BBX 22 22 1 -2
BITMAP
038700
038700
038700
038700
038700
038700
FFFFFC
FFFFFC
FFFFFC
038700
038700
038700
038700
038700
038700
038700
038700
038700
038700
038700
038700
038700
ENDCHAR
STARTCHAR uni303A
ENCODING 12346
SWIDTH 1000 0
DWIDTH 24 0
BBX 22 22 1 -2
BITMAP
0E00E0
0E38E0
0E38E0
0E38E0
0E38E0
0E38E0
0E38E0
FFFFFC
FFFFFC
FFFFFC
0E38E0
0E38E0
0E38E0
1E38E0
1C38E0
1C38E0
1C38E0
3C38E0
3838E0
F838E0
7000E0
2000E0
ENDCHAR
STARTCHAR uni303B
ENCODING 12347
SWIDTH 1000 0
DWIDTH 24 0
BBX 13 22 5 -2
BITMAP
1000
3800
3C00
1E00
0F00
0780
03E0
01F0
07F0
3FE0
FE00
7800
3800
1E00
1F00
0FC0
03F8
01F0
07F0
1F00
3C00
1800
ENDCHAR
STARTCHAR uni303C
ENCODING 12348
SWIDTH 1000 0
DWIDTH 24 0
BBX 18 19 3 0
BITMAP
FFFFC0
FFFFC0
8000C0
800140
800240
800440
800840
801040
802040
804040
808040
810040
820040
840040
880040
900040
A00040
C00040
FFFFC0
ENDCHAR
STARTCHAR uni303D
ENCODING 12349
SWIDTH 1000 0
DWIDTH 24 0
BBX 20 16 2 1
BITMAP
086000
349000
430800
C00800
000800
000400
000400
000200
000200
000100
000180
000080
000040
000060
000020
000010
ENDCHAR
STARTCHAR uni303E
ENCODING 12350
SWIDTH 1000 0
DWIDTH 24 0
BBX 22 22 1 -2
BITMAP
CCCCCC
800004
000000
000000
800004
80C104
03F300
021E00
800004
800804
001800
03FF00
803004
83FF04
03FF00
006000
804004
800004
000000
000000
800004
CCCCCC
ENDCHAR
STARTCHAR uni303F
ENCODING 12351
SWIDTH 1000 0
DWIDTH 24 0
BBX 12 19 6 0
BITMAP
FFF0
8010
A050
A050
B0D0
9090
8910
8910
8610
8610
8610
8E10
8910
9990
9090
A050
A050
8010
FFF0
ENDCHAR
STARTCHAR uni3041
ENCODING 12353
SWIDTH 1000 0
DWIDTH 24 0
BBX 17 17 4 -1
BITMAP
070000
070C00
7FFC00
7FFE00
062000
063800
07FC00
1FFE00
3E7700
766380
66E380
E7C380
C7C380
EF8700
FF1F00
7F7E00
003800
ENDCHAR
STARTCHAR uni3042
ENCODING 12354
SWIDTH 1000 0
DWIDTH 24 0
BBX 20 21 2 -2
BITMAP
01C000
018080
7FFF80
7FFFC0
7FFC00
038600
038700
03FF80
07FFC0
0F8FE0
1F9CF0
3B9C70
73B870
73F870
E3F070
E1E0F0
FFC1E0
FFC7E0
7FDFC0
000F00
000800
ENDCHAR
STARTCHAR uni3043
ENCODING 12355
SWIDTH 1000 0
DWIDTH 24 0
BBX 17 15 4 -1
BITMAP
E00000
E01C00
E01E00
E00E00
E00F00
E00700
E00700
600700
710380
718380
73C380
7B8300
3F8000
3F0000
1E0000
ENDCHAR
STARTCHAR uni3044
ENCODING 12356
SWIDTH 1000 0
DWIDTH 24 0
BBX 20 18 3 -1
BITMAP
E00100
E00F00
E00780
E00380
E003C0
E001C0
E001C0
E001E0
E001E0
E080E0
E080E0
F1E0E0
71C0F0
7BC0C0
7F8000
3F8000
1F0000
040000
ENDCHAR
STARTCHAR uni3045
ENCODING 12357
SWIDTH 1000 0
DWIDTH 24 0
BBX 14 18 5 -2
BITMAP
1800
1FF0
1FF0
00F0
0000
07E0
FFF8
7FF8
601C
001C
001C
001C
003C
0078
03F0
1FE0
0F80
0C00
ENDCHAR
STARTCHAR uni3046
ENCODING 12358
SWIDTH 1000 0
DWIDTH 24 0
BBX 17 21 3 -2
BITMAP
0FE000
0FFE00
0FFC00
000C00
000000
00F000
9FFC00
7FFF00
7E0F00
700780
000780
000780
000780
000700
000F00
001F00
007E00
0FFC00
0FF000
07C000
040000
ENDCHAR
STARTCHAR uni3047
ENCODING 12359
SWIDTH 1000 0
DWIDTH 24 0
BBX 17 18 4 -2
BITMAP
080000
0FF800
0FF800
007000
000000
03F000
3FF800
3FF000
20E000
01C000
038000
07E000
0FE000
1CE000
387080
F87F80
707F00
200800
ENDCHAR
STARTCHAR uni3048
ENCODING 12360
SWIDTH 1000 0
DWIDTH 24 0
BBX 20 20 2 -1
BITMAP
07F800
07FE00
03FE00
000200
000000
000E00
3FFF00
3FFF00
3FFC00
007800
00F000
01E000
03F000
07F800
07F800
0F3C00
1E1C00
7C1FF0
F81FF0
300FF0
ENDCHAR
STARTCHAR uni3049
ENCODING 12361
SWIDTH 1000 0
DWIDTH 24 0
BBX 18 17 4 -2
BITMAP
0E0000
0E0800
8FCE00
FFDF80
FFC7C0
0E0180
0E0000
0FFC00
1FFE00
3E0F00
7E0700
EE0700
CE0700
EE1E00
FEFE00
7CFC00
184000
ENDCHAR
STARTCHAR uni304A
ENCODING 12362
SWIDTH 1000 0
DWIDTH 24 0
BBX 21 20 2 -1
BITMAP
070000
070000
070900
87F9C0
7FFBF0
7FF0F8
070038
070010
070000
07FF80
0FFFC0
1FC3E0
3F00E0
7700E0
E700E0
E700E0
E703E0
7F3FC0
7F3F80
1E1E00
ENDCHAR
STARTCHAR uni304B
ENCODING 12363
SWIDTH 1000 0
DWIDTH 24 0
BBX 23 20 1 -1
BITMAP
01C000
03C000
03C020
0381E0
03F0F0
FFFC70
FFFE78
7F0E38
070F3C
07071C
0F0E1C
0E0E1E
0E0E10
1E0E00
1C0E00
1C0E00
3A1E00
79FC00
79FC00
31F800
ENDCHAR
STARTCHAR uni304C
ENCODING 12364
SWIDTH 1000 0
DWIDTH 24 0
BBX 23 22 1 -1
BITMAP
000008
000058
03C0EC
03C06E
038070
0381E0
0380E0
FFFCF0
FFFE70
FF1E78
070E38
070E3C
0F0E1C
0E0E1C
0E0E10
1E0E00
1C0E00
3C0E00
381E00
79FC00
F1FC00
31F800
ENDCHAR
STARTCHAR uni304D
ENCODING 12365
SWIDTH 1000 0
DWIDTH 24 0
BBX 18 22 3 -2
BITMAP
002000
00E000
00E300
7FFF00
7FFF00
7FF000
007000
803B80
7FFFC0
7FFFC0
7FFC00
000E00
000E00
387F00
707F00
700E00
700000
780000
7F3E00
3FFE00
0FFE00
00C000
ENDCHAR
STARTCHAR uni304E
ENCODING 12366
SWIDTH 1000 0
DWIDTH 24 0
BBX 20 23 3 -2
BITMAP
000020
0041E0
01C370
01C5B0
FFFD80
FFFE00
FFF000
006000
007380
FFFF80
FFFF80
FFF800
001C00
001C00
70FE00
70FE00
E01C00
E00000
F00000
7C1C00
7FFC00
3FFC00
03E000
ENDCHAR
STARTCHAR uni304F
ENCODING 12367
SWIDTH 1000 0
DWIDTH 24 0
BBX 14 22 4 -2
BITMAP
0020
0030
007C
00F8
03E0
07C0
0F80
1F00
3C00
7800
F000
F800
7C00
3E00
1F00
0FC0
03E0
01F0
00F8
007C
0038
0010
ENDCHAR
STARTCHAR uni3050
ENCODING 12368
SWIDTH 1000 0
DWIDTH 24 0
BBX 17 22 4 -2
BITMAP
002000
007000
00F800
01F000
03E000
07C600
0F1700
3E3B00
7C1B80
F81C00
F01000
F00000
7C0000
3E0000
1F0000
0F8000
07C000
03F000
01F800
007C00
003000
002000
ENDCHAR
STARTCHAR uni3051
ENCODING 12369
SWIDTH 1000 0
DWIDTH 24 0
BBX 20 21 2 -2
BITMAP
780780
700780
700380
700380
7003B0
71FFF0
E1FFF0
E1FFC0
E00380
E00380
E80380
EC0300
EC0700
F80700
F80700
780F00
780E00
703E00
707C00
003800
001000
ENDCHAR
STARTCHAR uni3052
ENCODING 12370
SWIDTH 1000 0
DWIDTH 24 0
BBX 22 22 2 -2
BITMAP
000018
8007D8
70076C
700768
700700
E00700
E1FFF0
E1FFF0
E1FFF0
E00700
E00700
E00700
EC0700
F80700
F80700
F80F00
F00E00
F01E00
703E00
707C00
70F800
003000
ENDCHAR
STARTCHAR uni3053
ENCODING 12371
SWIDTH 1000 0
DWIDTH 24 0
BBX 16 19 4 -1
BITMAP
0002
7FFE
7FFE
7FFE
0000
0000
0000
0000
0000
0000
8000
E000
E000
E000
E000
F807
FFFF
7FFF
0FFE
ENDCHAR
STARTCHAR uni3054
ENCODING 12372
SWIDTH 1000 0
DWIDTH 24 0
BBX 21 22 3 -1
BITMAP
000020
000160
0003B0
0001B8
3FFFC0
3FFE00
3FFE00
000000
000000
000000
000000
000000
000000
000000
F00000
E00000
E00000
F00000
F80180
7FFF80
3FFF80
1FFF00
ENDCHAR
STARTCHAR uni3055
ENCODING 12373
SWIDTH 1000 0
DWIDTH 24 0
BBX 18 21 3 -1
BITMAP
009000
007000
007000
0070C0
FCFFC0
FFFFC0
FFFF00
001C00
001C00
000E00
000F00
007700
387F80
787F00
700100
700000
700000
780000
3FFF00
3FFE00
0FFE00
ENDCHAR
STARTCHAR uni3056
ENCODING 12374
SWIDTH 1000 0
DWIDTH 24 0
BBX 21 23 3 -2
BITMAP
000020
000170
00E3B0
0071B8
0071C0
E07F80
FFFF80
FFFF40
1F3800
001C00
001C00
000E00
004F00
787F80
707F00
700200
700000
F00000
700000
7F3E00
3FFE00
1FFE00
01E000
ENDCHAR
STARTCHAR uni3057
ENCODING 12375
SWIDTH 1000 0
DWIDTH 24 0
BBX 17 21 5 -2
BITMAP
F00000
F00000
F00000
F00000
F00000
F00000
E00000
E00000
E00000
E00000
E00000
E00000
E00200
E00300
E00780
F00F80
F03F00
7FFE00
7FFC00
3FF000
070000
ENDCHAR
STARTCHAR uni3058
ENCODING 12376
SWIDTH 1000 0
DWIDTH 24 0
BBX 17 21 5 -2
BITMAP
F00000
E01C00
E05C00
E0EE00
E06600
E07000
E02000
E00000
E00000
E00000
E00000
E00000
E00000
E00200
E00700
E00F80
F03F00
FFFE00
7FF800
3FF000
0F8000
ENDCHAR
STARTCHAR uni3059
ENCODING 12377
SWIDTH 1000 0
DWIDTH 24 0
BBX 20 21 2 -2
BITMAP
003C00
003C00
00FFF0
FFFFF0
FFFFF0
801800
001800
01FC00
03FC00
073C00
071C00
071C00
071C00
07FC00
03FC00
00FC00
007800
01F000
0FE000
07C000
030000
ENDCHAR
STARTCHAR uni305A
ENCODING 12378
SWIDTH 1000 0
DWIDTH 24 0
BBX 22 22 1 -2
BITMAP
0000B8
001DD8
001CEC
001C40
FFFFF8
FFFFF8
FFFCF8
001C00
00FC00
03FC00
03FC00
071C00
071E00
071E00
07FE00
03FC00
01FC00
003C00
00F800
0FF000
07E000
038000
ENDCHAR
STARTCHAR uni305B
ENCODING 12379
SWIDTH 1000 0
DWIDTH 24 0
BBX 21 20 1 -1
BITMAP
000380
070380
070380
070380
070380
073FF8
FFFFF8
FFFFE8
FF0380
070380
070380
071F80
071F80
071F00
070000
070000
0780E0
07FFE0
03FFE0
00FFC0
ENDCHAR
STARTCHAR uni305C
ENCODING 12380
SWIDTH 1000 0
DWIDTH 24 0
BBX 24 20 0 -1
BITMAP
000006
0701F6
0701DA
0701DB
0701C0
0703FC
8FFFFC
7FFFFC
7FF1C0
4701C0
0701C0
071180
070F80
070F80
070000
070000
078000
03FFE0
03FFE0
01FFE0
ENDCHAR
STARTCHAR uni305D
ENCODING 12381
SWIDTH 1000 0
DWIDTH 24 0
BBX 19 21 2 -2
BITMAP
001E00
0FFF00
0FFF80
0C1E00
003C00
00F000
01E000
03C000
07FFE0
FFFFE0
FFF800
F1E000
01C000
038000
038000
038000
03C000
01FF00
01FF00
007F00
000000
ENDCHAR
STARTCHAR uni305E
ENCODING 12382
SWIDTH 1000 0
DWIDTH 24 0
BBX 21 21 1 -2
BITMAP
001E00
0FFF00
0FFF80
0C1E30
003D98
0078D8
01E0C0
03C000
07FFF0
FFFFF0
7FF800
70E000
01C000
038000
038000
03C000
03C000
01FF80
00FF00
007F00
000000
ENDCHAR
STARTCHAR uni305F
ENCODING 12383
SWIDTH 1000 0
DWIDTH 24 0
BBX 20 20 2 -1
BITMAP
038000
038000
038800
FFF800
FFF800
FFE000
070000
071FF0
0E1FF0
0E1FF0
0E0000
1E0000
1C0000
1C7000
3C7000
387000
787810
787FF0
F03FF0
700FF0
ENDCHAR
STARTCHAR uni3060
ENCODING 12384
SWIDTH 1000 0
DWIDTH 24 0
BBX 22 21 1 -2
BITMAP
03C038
0381D8
0380CC
03F868
7FF840
7FF800
7F0000
071FF0
071FF0
0F1FF0
0E0000
0E0000
1E0000
1C7000
1C7000
3C7000
387000
787FF0
783FF0
F01FF0
100000
ENDCHAR
STARTCHAR uni3061
ENCODING 12385
SWIDTH 1000 0
DWIDTH 24 0
BBX 19 20 2 -1
BITMAP
078000
070000
070380
FFFF80
FFFF80
FFF000
0E0000
0E0000
0E0800
0FFF80
1FFFC0
1F83C0
1E01E0
3C00E0
0800E0
0001E0
0003C0
07FFC0
07FF80
03FE00
ENDCHAR
STARTCHAR uni3062
ENCODING 12386
SWIDTH 1000 0
DWIDTH 24 0
BBX 21 23 2 -2
BITMAP
000010
0000B0
070198
0700D8
0E03E0
FFFF00
FFFF00
FFF800
0E0000
1C0000
1C0000
1DFE00
1FFF80
3F8780
3C03C0
7801C0
3001C0
0003C0
000780
0C3F80
0FFF00
07FC00
03C000
ENDCHAR
STARTCHAR uni3063
ENCODING 12387
SWIDTH 1000 0
DWIDTH 24 0
BBX 18 14 3 -1
BITMAP
003800
07FF00
BFFF80
7F8780
7803C0
6001C0
0001C0
0003C0
0003C0
000780
003F00
07FE00
03F800
03C000
ENDCHAR
STARTCHAR uni3064
ENCODING 12388
SWIDTH 1000 0
DWIDTH 24 0
BBX 21 16 1 0
BITMAP
007F80
07FFE0
3FFFF0
FF80F8
7C0078
600038
000038
000038
000078
000078
0000F0
0003F0
001FE0
03FF80
01FE00
01F000
ENDCHAR
STARTCHAR uni3065
ENCODING 12389
SWIDTH 1000 0
DWIDTH 24 0
BBX 22 20 1 0
BITMAP
000038
0000DC
0000EC
000068
003F40
03FFC0
1FFFE0
FFC1F0
FC0070
700078
400078
000078
000078
000070
0000F0
0003E0
000FE0
03FF80
03FF00
01F800
ENDCHAR
STARTCHAR uni3066
ENCODING 12390
SWIDTH 1000 0
DWIDTH 24 0
BBX 19 19 2 -1
BITMAP
000FE0
FFFFE0
FFFFE0
FFBC00
807000
00E000
01E000
01C000
01C000
03C000
03C000
03C000
01C000
01E000
01F000
00FE00
007F80
001F80
000700
ENDCHAR
STARTCHAR uni3067
ENCODING 12391
SWIDTH 1000 0
DWIDTH 24 0
BBX 20 19 2 -1
BITMAP
0007E0
7FFFE0
FFFFE0
FFFE00
C07820
00E060
01E330
01C1B0
01C1C0
03C100
038000
03C000
03C000
01E000
01F000
00FE00
007F80
003F80
000700
ENDCHAR
STARTCHAR uni3068
ENCODING 12392
SWIDTH 1000 0
DWIDTH 24 0
BBX 16 20 4 -1
BITMAP
3000
7800
3802
380E
3C1F
1C7E
1FF8
0FE0
0F80
1E00
3C00
7800
7000
F000
F000
F000
7C03
7FFF
3FFF
0FFF
ENDCHAR
STARTCHAR uni3069
ENCODING 12393
SWIDTH 1000 0
DWIDTH 24 0
BBX 20 21 4 -1
BITMAP
0000C0
2006E0
F00770
7003A0
780900
381C00
3C7E00
1DF800
1FE000
0F8000
3E0000
7C0000
780000
F00000
E00000
E00000
E00000
F00100
FFFF00
7FFF00
1FFF00
ENDCHAR
STARTCHAR uni306A
ENCODING 12394
SWIDTH 1000 0
DWIDTH 24 0
BBX 21 22 2 -2
BITMAP
030000
038000
038000
039000
FFF380
FFF7E0
FF83F0
0E00F8
0E0E30
1E0E00
1C0E00
3C0E00
380E00
787E00
F1FF00
F3FFC0
670FE0
070FF0
079E60
03FE20
01FC00
002000
ENDCHAR
STARTCHAR uni306B
ENCODING 12395
SWIDTH 1000 0
DWIDTH 24 0
BBX 20 20 2 -1
BITMAP
300000
380000
787FE0
707FE0
707FE0
700600
700000
700000
700000
600000
600000
EC0000
ECE000
F8C000
78C000
79E000
78FFF0
70FFF0
707FF0
700000
ENDCHAR
STARTCHAR uni306C
ENCODING 12396
SWIDTH 1000 0
DWIDTH 24 0
BBX 23 20 1 -1
BITMAP
003C00
003C00
183800
387F00
39FFC0
3FFFE0
1FB8F0
1E3870
3E7070
3E7038
7E7038
77E038
67E238
E3EFF0
E3DFF0
E7B878
FFB8FE
7F1FFC
3C1FC8
000700
ENDCHAR
STARTCHAR uni306D
ENCODING 12397
SWIDTH 1000 0
DWIDTH 24 0
BBX 23 20 1 -1
BITMAP
078000
038000
030000
078FC0
7FBFE0
7F7FE0
77F070
07C070
078070
0F0030
1F0030
1F0070
3F0FF0
7F1FF0
F73DF8
E7387C
6738FE
473FEC
071FC4
070700
ENDCHAR
STARTCHAR uni306E
ENCODING 12398
SWIDTH 1000 0
DWIDTH 24 0
BBX 20 19 2 -1
BITMAP
00F800
07FF00
0FFF80
3F77C0
3C71E0
78F0E0
F0E0F0
E0E070
E0E070
E1E070
E1C070
E1C070
E3C0F0
F780E0
FF01E0
7F07C0
3E7F80
003F00
001C00
ENDCHAR
STARTCHAR uni306F
ENCODING 12399
SWIDTH 1000 0
DWIDTH 24 0
BBX 21 20 2 -1
BITMAP
780780
700700
700700
700700
71FFF0
71FFF0
71FFF0
600700
E00700
E00700
E00700
E80700
EC7F80
F8FFC0
F9E7E0
F983F8
F1C7F8
71FF30
71FF10
707E00
ENDCHAR
STARTCHAR uni3070
ENCODING 12400
SWIDTH 1000 0
DWIDTH 24 0
BBX 22 21 2 -1
BITMAP
000018
800FD8
70076C
700768
E00700
E007E0
E1FFE0
E1FFE0
E0FF00
E00700
E00700
C00700
D00700
D83F00
D9FF00
F3FFC0
F387F0
F387F8
E3CF70
E3FE20
E0FE00
ENDCHAR
STARTCHAR uni3071
ENCODING 12401
SWIDTH 1000 0
DWIDTH 24 0
BBX 22 22 2 -1
BITMAP
000030
000078
800FCC
70074C
700778
E00710
E007E0
E1FFE0
E1FFE0
E0FF00
E00700
E00700
C00700
D00700
D83F00
D9FF00
F3FFC0
F387F0
F387F8
E3CF70
E3FE20
E0FE00
ENDCHAR
STARTCHAR uni3072
ENCODING 12402
SWIDTH 1000 0
DWIDTH 24 0
BBX 21 20 2 -2
BITMAP
07C700
FFC700
FFC780
F70380
0E0380
1E03C0
1C03C0
3803E0
3803F0
3803F8
700378
700330
700710
700700
780F00
781E00
3FFE00
1FFC00
0FF800
018000
ENDCHAR
STARTCHAR uni3073
ENCODING 12403
SWIDTH 1000 0
DWIDTH 24 0
BBX 22 22 2 -2
BITMAP
000030
0000D8
0182D8
FF8F6C
FFC740
FF0700
0E0780
1C0780
1C07C0
3803C0
7003E0
7003F0
700778
700770
700720
700700
700E00
781E00
7C7E00
3FFC00
1FF800
07E000
ENDCHAR
STARTCHAR uni3074
ENCODING 12404
SWIDTH 1000 0
DWIDTH 24 0
BBX 22 22 2 -2
BITMAP
000078
0000C8
0182CC
FF8FCC
FFC778
FF0700
0E0780
1C0780
1C07C0
3803C0
7003E0
7003F0
700778
700770
700720
700700
700E00
781E00
7C7E00
3FFC00
1FF800
07E000
ENDCHAR
STARTCHAR uni3075
ENCODING 12405
SWIDTH 1000 0
DWIDTH 24 0
BBX 22 20 1 -1
BITMAP
00C000
01F800
00FE00
003E00
000F00
003E00
001800
004000
00E000
01F020
0078E0
003CF0
061C70
0F1E38
3E0E38
7C0E3C
F80E1C
63FE18
43FE00
01F800
ENDCHAR
STARTCHAR uni3076
ENCODING 12406
SWIDTH 1000 0
DWIDTH 24 0
BBX 24 20 0 -1
BITMAP
006000
00F800
00FE0C
003F6E
000F77
001E3C
000C20
004000
00E000
00F020
0078F0
003C70
021E38
070E38
1F0F1C
3E071C
FC0F1E
71FF0C
21FE08
01FC00
ENDCHAR
STARTCHAR uni3077
ENCODING 12407
SWIDTH 1000 0
DWIDTH 24 0
BBX 24 20 0 -1
BITMAP
006000
00F80C
00FE3E
003F22
000F23
001E36
000C1C
004000
00E000
00F020
0078F0
003C70
021E38
070E38
1F0F1C
3E071C
FC0F1E
71FF0C
21FE08
01FC00
ENDCHAR
STARTCHAR uni3078
ENCODING 12408
SWIDTH 1000 0
DWIDTH 24 0
BBX 22 16 1 0
BITMAP
00C000
03F000
03F800
07F800
0F3C00
1E1E00
3E0F00
7C0F80
F807C0
7003E0
3001F0
2000F8
00007C
00003C
000018
000010
ENDCHAR
STARTCHAR uni3079
ENCODING 12409
SWIDTH 1000 0
DWIDTH 24 0
BBX 22 18 1 0
BITMAP
000030
000170
0083B8
01E19C
03F1D0
07F8C0
0F7C00
1E3E00
1E1E00
3C0F00
780780
F003C0
7001E0
2001F0
0000F8
00007C
000038
000010
ENDCHAR
STARTCHAR uni307A
ENCODING 12410
SWIDTH 1000 0
DWIDTH 24 0
BBX 22 18 1 0
BITMAP
000060
0001F0
008198
01E118
03F198
07F9F0
0F7C60
1E3E00
1E1E00
3C0F00
780780
F003C0
7001E0
2001F0
0000F8
00007C
000038
000010
ENDCHAR
STARTCHAR uni307B
ENCODING 12411
SWIDTH 1000 0
DWIDTH 24 0
BBX 21 20 2 -1
BITMAP
780000
70FFE0
70FFE0
70FFE0
700700
700700
700710
60FFF0
E0FFF0
E0FF80
E00700
E80700
EC3F00
F8FF80
F9FFE0
F9C7F0
F1C778
71FF30
70FF10
707C00
ENDCHAR
STARTCHAR uni307C
ENCODING 12412
SWIDTH 1000 0
DWIDTH 24 0
BBX 22 22 2 -2
BITMAP
000018
0000D8
70006C
71FFE8
E1FFC0
E00E00
E00E00
E00E00
E1FFE0
E1FFE0
E1FFE0
E00E00
D00600
D80600
D8FE00
F1FFC0
F387E0
F387F0
F3CE70
E1FE20
E0FC00
800000
ENDCHAR
STARTCHAR uni307D
ENCODING 12413
SWIDTH 1000 0
DWIDTH 24 0
BBX 22 23 2 -2
BITMAP
000038
00007C
00004C
70004C
71FFF8
E1FFC0
E00E00
E00E00
E00E00
E1FFE0
E1FFE0
E1FFE0
E00E00
D00600
D80600
D8FE00
F1FFC0
F387E0
F387F0
F3CE70
E1FE20
E0FC00
800000
ENDCHAR
STARTCHAR uni307E
ENCODING 12414
SWIDTH 1000 0
DWIDTH 24 0
BBX 17 20 4 -1
BITMAP
01C000
01C000
FFFF00
FFFF00
FFFE00
01C000
01C000
FFFF80
FFFF80
FFFF80
01C000
01C000
0FC000
7FF000
FFFC00
E1FF00
E1EF80
F1C700
FFC300
3F8000
ENDCHAR
STARTCHAR uni307F
ENCODING 12415
SWIDTH 1000 0
DWIDTH 24 0
BBX 22 21 1 -2
BITMAP
000800
0FFE00
0FFC00
0FFC00
003800
007800
007070
007070
07FC70
1FFFF0
3FFFF0
79C3F0
73C0FC
E380FC
E781D8
FF03C8
7F0780
7E0F80
183F00
001C00
000800
ENDCHAR
STARTCHAR uni3080
ENCODING 12416
SWIDTH 1000 0
DWIDTH 24 0
BBX 21 20 2 -1
BITMAP
0F0000
0E0000
8EF180
FFF3C0
FFF1E0
0E00F0
0E0078
1E0030
7E0020
7F0000
E70000
C70000
E701C0
FF01E0
FE01E0
7E01C0
0E01C0
0FFFC0
0FFF80
07FF00
ENDCHAR
STARTCHAR uni3081
ENCODING 12417
SWIDTH 1000 0
DWIDTH 24 0
BBX 20 20 2 -1
BITMAP
001E00
581C00
381C00
387C00
3FFF00
1FFFC0
1F3BE0
3E38E0
7E78F0
7E7070
E77070
E7E070
E3E070
C3C070
C3E0F0
EFE1E0
FFC3E0
7E1FC0
383F80
001E00
ENDCHAR
STARTCHAR uni3082
ENCODING 12418
SWIDTH 1000 0
DWIDTH 24 0
BBX 19 20 2 -1
BITMAP
038000
038000
038000
738800
7FF800
7FF800
078000
070000
070040
F70BC0
FFF9C0
FFF8E0
07E0E0
0600E0
0E00E0
0F00E0
0701E0
07FFC0
03FF80
01FF00
ENDCHAR
STARTCHAR uni3083
ENCODING 12419
SWIDTH 1000 0
DWIDTH 24 0
BBX 19 18 2 -2
BITMAP
004000
01E000
08F000
3C2E00
1C7F80
0FFFC0
0FE1E0
FF00E0
7F01E0
73B3C0
43BFC0
03BF80
01C000
01C000
01E000
00E000
00E000
00E000
ENDCHAR
STARTCHAR uni3084
ENCODING 12420
SWIDTH 1000 0
DWIDTH 24 0
BBX 21 22 1 -2
BITMAP
002000
00F000
087800
3C3C00
1C1FE0
1E7FF0
0FFFF8
0FE038
3F8038
FF8038
7B8038
638CF8
01CFF0
01CFE0
01E000
00E000
00E000
00F000
007000
007000
007800
004000
ENDCHAR
STARTCHAR uni3085
ENCODING 12421
SWIDTH 1000 0
DWIDTH 24 0
BBX 17 17 4 -2
BITMAP
00E000
70E000
60F800
E3FE00
EFFF00
FE6700
F86380
F06380
F4E380
E6E380
EFE700
E7FF00
E3FE00
41FC00
03C000
078000
030000
ENDCHAR
STARTCHAR uni3086
ENCODING 12422
SWIDTH 1000 0
DWIDTH 24 0
BBX 19 21 3 -2
BITMAP
00F000
C07000
E07000
E0FE00
E3FF80
EFF7C0
CE71C0
DC70E0
F870E0
F070E0
F270E0
E670E0
EF71E0
E7F3C0
E3FF80
E1FF00
80FC00
01E000
03C000
078000
010000
ENDCHAR
STARTCHAR uni3087
ENCODING 12423
SWIDTH 1000 0
DWIDTH 24 0
BBX 15 17 4 -2
BITMAP
03C0
0180
0180
01FE
01FE
01FE
0180
0180
01C0
0FC0
3FE0
7FF8
E1FC
E1DE
7FCE
7F84
1F00
ENDCHAR
STARTCHAR uni3088
ENCODING 12424
SWIDTH 1000 0
DWIDTH 24 0
BBX 18 20 3 -1
BITMAP
01E000
01E000
01C000
01C000
01FF80
01FF80
01FF80
01C000
01E000
01E000
01E000
01E000
3FE000
FFFC00
F0FF00
E0FF80
E1E7C0
FBE380
FFC180
7F8000
ENDCHAR
STARTCHAR uni3089
ENCODING 12425
SWIDTH 1000 0
DWIDTH 24 0
BBX 17 21 4 -2
BITMAP
0E0000
0FFC00
1FF800
01F800
700000
700000
700000
700000
63FC00
EFFE00
FFFF00
FC0780
F00380
E00380
600780
000780
001F00
1FFE00
1FFC00
1FF000
000000
ENDCHAR
STARTCHAR uni308A
ENCODING 12426
SWIDTH 1000 0
DWIDTH 24 0
BBX 15 21 5 -2
BITMAP
F000
E3E0
E7F0
EFF8
FC3C
F81C
F01C
F01C
E01E
E01E
E01E
E01C
E01C
E03C
003C
0078
01F0
2FE0
1FC0
1F00
0800
ENDCHAR
STARTCHAR uni308B
ENCODING 12427
SWIDTH 1000 0
DWIDTH 24 0
BBX 19 20 2 -1
BITMAP
000200
1FFF00
1FFF80
1F1E00
003C00
007800
01E000
03C000
07FF00
0FFF80
1F03C0
7C01E0
F800E0
73F0E0
27F8E0
073DE0
061FC0
079FC0
07FF80
03FE00
ENDCHAR
STARTCHAR uni308C
ENCODING 12428
SWIDTH 1000 0
DWIDTH 24 0
BBX 22 20 1 -1
BITMAP
078000
038000
030000
078780
7F9FC0
7F7FE0
77F0E0
07E0E0
0780E0
0F00E0
1F01C0
1F01C0
3F01C0
7F01C0
F701C4
E701C4
6701FC
4701FC
0700F8
070060
ENDCHAR
STARTCHAR uni308D
ENCODING 12429
SWIDTH 1000 0
DWIDTH 24 0
BBX 19 20 2 -2
BITMAP
1FFF00
1FFF80
1FFE00
003C00
007800
00E000
01C000
07FF00
0FFF80
1F87C0
3E01E0
F800E0
7000E0
2000E0
0001E0
0003C0
07FFC0
07FF00
03FE00
000000
ENDCHAR
STARTCHAR uni308E
ENCODING 12430
SWIDTH 1000 0
DWIDTH 24 0
BBX 18 17 3 -1
BITMAP
070000
070000
070000
060000
7F3E00
7EFF80
47F780
0F81C0
0E01C0
1E01C0
3E01C0
7E01C0
FE03C0
6E0780
4E7F00
0E3E00
0E1800
ENDCHAR
STARTCHAR uni308F
ENCODING 12431
SWIDTH 1000 0
DWIDTH 24 0
BBX 22 20 1 -1
BITMAP
078000
038000
030000
078000
7F8780
7F3FE0
77FFF0
07F078
07C038
0F803C
1F003C
1F003C
3F003C
7F0038
F70078
E701F0
6717F0
470FC0
070F00
070400
ENDCHAR
STARTCHAR uni3090
ENCODING 12432
SWIDTH 1000 0
DWIDTH 24 0
BBX 20 20 2 -1
BITMAP
11F000
1FF800
1FF000
007000
007000
00FC00
03FF80
0FFFC0
1FC1E0
3DC0E0
79C0F0
738070
E38070
E79C70
C77F70
CF67E0
FEE3E0
FCE3E0
7C7FC0
203F00
ENDCHAR
STARTCHAR uni3091
ENCODING 12433
SWIDTH 1000 0
DWIDTH 24 0
BBX 22 21 1 -2
BITMAP
0FFF00
07FF80
07FE00
007800
01FE00
07FF80
0F83C0
3E00E0
79F8E0
13B8E0
0319E0
03FFC0
01FF80
03FC00
070380
0FCFE0
1FFFF0
38FC78
F07838
60703C
200020
ENDCHAR
STARTCHAR uni3092
ENCODING 12434
SWIDTH 1000 0
DWIDTH 24 0
BBX 20 21 2 -1
BITMAP
020000
03C000
038100
7FFF00
7FFF00
7FF800
070000
0E0060
1FF1E0
1FFFF0
3E7FC0
787E00
F1F800
63F800
07B800
073800
0E3800
0F0000
0FC7C0
07FFC0
03FFC0
ENDCHAR
STARTCHAR uni3093
ENCODING 12435
SWIDTH 1000 0
DWIDTH 24 0
BBX 22 20 1 -1
BITMAP
006000
007800
00F000
00E000
01E000
01C000
03C000
038000
072000
07F800
0FFC00
0F3C10
1E1C18
1C1C1C
3C1C3C
381C38
781C78
781FF0
F01FE0
700FC0
ENDCHAR
STARTCHAR uni3094
ENCODING 12436
SWIDTH 1000 0
DWIDTH 24 0
BBX 20 21 3 -2
BITMAP
1FE000
1FFC60
1FFF60
000FB0
0001B0
01E1C0
3FFC00
FFFE00
FE1F00
E00F00
000700
000700
000700
000F00
001E00
003E00
00FC00
1FF800
0FE000
0F8000
080000
ENDCHAR
STARTCHAR uni3095
ENCODING 12437
SWIDTH 1000 0
DWIDTH 24 0
BBX 19 17 3 -2
BITMAP
038000
070000
070700
070780
7FF380
7FF9C0
7E39C0
0E39E0
0E38E0
0C38E0
1C3880
1C3800
383800
3A7800
7BF000
F3E000
108000
ENDCHAR
STARTCHAR uni3096
ENCODING 12438
SWIDTH 1000 0
DWIDTH 24 0
BBX 17 17 4 -2
BITMAP
601C00
701C00
701C00
601C00
63FF80
E3FF80
E3FE00
E01C00
F01C00
F81C00
F81C00
F81C00
F03C00
703800
707800
71F000
00E000
ENDCHAR
STARTCHAR uni3099
ENCODING 12441
SWIDTH 0 0
DWIDTH 0 0
BBX 6 6 -6 16
BITMAP
08
78
DC
6C
60
40
ENDCHAR
STARTCHAR uni309A
ENCODING 12442
SWIDTH 0 0
DWIDTH 0 0
BBX 6 5 -6 16
BITMAP
78
4C
C4
4C
78
ENDCHAR
STARTCHAR uni309B
ENCODING 12443
SWIDTH 1000 0
DWIDTH 24 0
BBX 8 6 0 14
BITMAP
1C
EE
66
77
38
20
ENDCHAR
STARTCHAR uni309C
ENCODING 12444
SWIDTH 1000 0
DWIDTH 24 0
BBX 5 6 1 14
BITMAP
70
F8
88
88
F8
70
ENDCHAR
STARTCHAR uni309D
ENCODING 12445
SWIDTH 1000 0
DWIDTH 24 0
BBX 12 15 7 1
BITMAP
2000
7000
F800
3C00
1E00
0F00
0780
03C0
03E0
01F0
03E0
0FE0
3FC0
3E00
1800
ENDCHAR
STARTCHAR uni309E
ENCODING 12446
SWIDTH 1000 0
DWIDTH 24 0
BBX 14 18 6 0
BITMAP
0070
03B8
0198
31DC
F8C0
7C00
3E00
1F00
0F80
07C0
03C0
01E0
01F0
07E0
3FE0
3F80
1C00
1000
ENDCHAR
STARTCHAR uni309F
ENCODING 12447
SWIDTH 1000 0
DWIDTH 24 0
BBX 19 22 2 -2
BITMAP
003800
003C00
003800
007800
007E00
007FC0
00FFE0
00E1C0
01C040
01C000
03BC00
07FF00
07FF00
0F0700
0E0700
1E0700
3C0700
780700
7B1E00
F3FE00
63FC00
01F000
ENDCHAR
STARTCHAR uni30A0
ENCODING 12448
SWIDTH 1000 0
DWIDTH 24 0
BBX 10 5 7 7
BITMAP
FFC0
0000
0000
0000
FFC0
ENDCHAR
STARTCHAR uni30A1
ENCODING 12449
SWIDTH 1000 0
DWIDTH 24 0
BBX 17 16 4 -2
BITMAP
800100
FFFF80
FFFF80
000700
000F00
039E00
03FC00
03B800
039000
038000
070000
070000
0F0000
3E0000
7C0000
380000
ENDCHAR
STARTCHAR uni30A2
ENCODING 12450
SWIDTH 1000 0
DWIDTH 24 0
BBX 20 19 3 -1
BITMAP
FFFFE0
FFFFF0
FFFFE0
0001E0
0003C0
01C780
01CF00
01DF00
01CE00
01C400
01C000
03C000
038000
078000
078000
0F0000
3E0000
7C0000
380000
ENDCHAR
STARTCHAR uni30A3
ENCODING 12451
SWIDTH 1000 0
DWIDTH 24 0
BBX 17 17 3 -2
BITMAP
000600
000F80
001F00
003E00
007C00
01F000
07E000
3FE000
FEE000
F8E000
40E000
00E000
00E000
00E000
00E000
00E000
00E000
ENDCHAR
STARTCHAR uni30A4
ENCODING 12452
SWIDTH 1000 0
DWIDTH 24 0
BBX 20 20 1 -1
BITMAP
000060
0000F0
0001F0
0003E0
000FC0
001F00
007E00
01FC00
0FFC00
FFFC00
7F3C00
783C00
203C00
003C00
003C00
003C00
003C00
003C00
003C00
003C00
ENDCHAR
STARTCHAR uni30A5
ENCODING 12453
SWIDTH 1000 0
DWIDTH 24 0
BBX 17 17 4 -2
BITMAP
03C000
038000
038000
FFFF80
FFFF00
E00700
E00700
E00F00
E00E00
E01E00
001E00
003C00
007800
01F800
1FE000
0FC000
070000
ENDCHAR
STARTCHAR uni30A6
ENCODING 12454
SWIDTH 1000 0
DWIDTH 24 0
BBX 19 21 3 -1
BITMAP
01E000
01E000
01E000
01E000
FFFF80
FFFFE0
FFFFE0
E001C0
E001C0
E003C0
E003C0
E00380
E00780
000700
000F00
001E00
007C00
01FC00
0FF000
07E000
038000
ENDCHAR
STARTCHAR uni30A7
ENCODING 12455
SWIDTH 1000 0
DWIDTH 24 0
BBX 18 14 3 -1
BITMAP
3FFF00
3FFF00
3FFF00
01E000
01E000
01E000
01E000
01E000
01E000
01E000
81E040
FFFFC0
FFFFC0
FFFFC0
ENDCHAR
STARTCHAR uni30A8
ENCODING 12456
SWIDTH 1000 0
DWIDTH 24 0
BBX 20 17 2 0
BITMAP
7FFFE0
7FFFE0
7FFFE0
40F020
00F000
00F000
00F000
00F000
00F000
00F000
00F000
00F000
00F000
FFFFF0
FFFFF0
FFFFF0
800010
ENDCHAR
STARTCHAR uni30A9
ENCODING 12457
SWIDTH 1000 0
DWIDTH 24 0
BBX 17 17 4 -2
BITMAP
007000
007000
007000
407080
7FFF80
7FFF80
00F000
01F000
03F000
07F000
1F7000
3E7000
FC7000
F07000
63F000
03F000
03E000
ENDCHAR
STARTCHAR uni30AA
ENCODING 12458
SWIDTH 1000 0
DWIDTH 24 0
BBX 21 20 1 -1
BITMAP
000E00
000E00
000E00
000E00
3FFFF8
3FFFF8
3FFFF8
001E00
003E00
007E00
00FE00
03EE00
07CF00
0F8F00
3E0F00
FC0F00
380F00
20FF00
007E00
007E00
ENDCHAR
STARTCHAR uni30AB
ENCODING 12459
SWIDTH 1000 0
DWIDTH 24 0
BBX 19 20 2 -1
BITMAP
01E000
01E000
01E000
01E000
7FFFC0
7FFFE0
7FFFE0
01C0E0
01C0E0
01C0E0
03C0E0
0381C0
0781C0
0701C0
0F01C0
1E01C0
3E23C0
FC3F80
783F80
303F00
ENDCHAR
STARTCHAR uni30AC
ENCODING 12460
SWIDTH 1000 0
DWIDTH 24 0
BBX 21 21 2 -1
BITMAP
000070
01C1B0
01C1D8
01C0D0
01C080
FFFF80
FFFFC0
FFFFC0
01C1C0
03C1C0
0381C0
0381C0
0781C0
0701C0
0F01C0
0F01C0
1E03C0
3C4380
FC3F80
F83F80
603F00
ENDCHAR
STARTCHAR uni30AD
ENCODING 12461
SWIDTH 1000 0
DWIDTH 24 0
BBX 20 21 2 -1
BITMAP
004000
03C000
01C000
01C080
01DF80
0FFFC0
FFFF80
FFE000
70E000
00E000
00E0E0
00FFF0
0FFFF0
FFFF00
7FF000
707000
007800
003800
003800
003800
003C00
ENDCHAR
STARTCHAR uni30AE
ENCODING 12462
SWIDTH 1000 0
DWIDTH 24 0
BBX 21 23 2 -2
BITMAP
000020
0000F0
0383B8
0381D8
03C0C0
01C780
01FF80
FFFF80
FFF800
FFE000
80E000
00E020
00E7E0
01FFE0
FFFFF0
FFF000
FC7000
807000
007000
007800
007800
003800
003000
ENDCHAR
STARTCHAR uni30AF
ENCODING 12463
SWIDTH 1000 0
DWIDTH 24 0
BBX 20 22 2 -2
BITMAP
008000
00F000
01E000
01C000
03FFE0
07FFF0
0FFFE0
1F01E0
3E01C0
7C03C0
F80380
700780
000F00
001F00
003E00
007C00
00F800
03F000
0FE000
3F8000
0E0000
080000
ENDCHAR
STARTCHAR uni30B0
ENCODING 12464
SWIDTH 1000 0
DWIDTH 24 0
BBX 22 23 1 -2
BITMAP
000008
000058
00E0CC
00F06C
01E070
01FFC0
03FFF0
07FFE0
0F01E0
1F01E0
3E01C0
FC03C0
700380
200780
000F00
001F00
003E00
007C00
01F800
07F000
3FC000
1F8000
0E0000
ENDCHAR
STARTCHAR uni30B1
ENCODING 12465
SWIDTH 1000 0
DWIDTH 24 0
BBX 21 21 1 -1
BITMAP
020000
03C000
038000
078000
070000
07FFF8
0FFFF8
1FFFF8
1E0E00
3C0E00
780E00
F01E00
301E00
001C00
003C00
007800
007800
01F000
03E000
07C000
018000
ENDCHAR
STARTCHAR uni30B2
ENCODING 12466
SWIDTH 1000 0
DWIDTH 24 0
BBX 22 23 1 -2
BITMAP
000008
000038
0340DC
0380EC
078068
070040
07FFF8
0FFFF8
1FFFF8
1E0E08
3C0E00
781E00
F81E00
701C00
201C00
003C00
003800
007800
00F000
01F000
07E000
03C000
010000
ENDCHAR
STARTCHAR uni30B3
ENCODING 12467
SWIDTH 1000 0
DWIDTH 24 0
BBX 18 18 3 -1
BITMAP
7FFFC0
7FFFC0
7FFFC0
0001C0
0001C0
0001C0
0001C0
0001C0
0001C0
0001C0
0001C0
0001C0
0001C0
FFFFC0
FFFFC0
FFFFC0
0001C0
0003C0
ENDCHAR
STARTCHAR uni30B4
ENCODING 12468
SWIDTH 1000 0
DWIDTH 24 0
BBX 20 22 3 -1
BITMAP
000040
0002E0
000770
0003B0
000100
FFFF80
FFFF80
FFFF80
000380
000380
000380
000380
000380
000380
000380
000380
000380
000380
FFFF80
FFFF80
FFFF80
000380
ENDCHAR
STARTCHAR uni30B5
ENCODING 12469
SWIDTH 1000 0
DWIDTH 24 0
BBX 21 21 1 -2
BITMAP
070380
070380
070380
070380
870388
FFFFF8
FFFFF8
FFFFF8
070380
070380
070380
070380
070780
000700
000700
000F00
001E00
007C00
01F800
007000
004000
ENDCHAR
STARTCHAR uni30B6
ENCODING 12470
SWIDTH 1000 0
DWIDTH 24 0
BBX 22 21 1 -2
BITMAP
0F07BC
0707EC
0707AC
0707B0
070780
FFFFF8
FFFFF8
FFFFF8
070780
070780
070700
070700
070700
0F0700
000F00
000E00
001E00
007C00
01F800
00F000
004000
ENDCHAR
STARTCHAR uni30B7
ENCODING 12471
SWIDTH 1000 0
DWIDTH 24 0
BBX 20 20 2 -1
BITMAP
040000
0F0000
0FC000
07E000
01C000
408020
700020
F80070
7E00F0
3E01F0
0C03E0
0407C0
000F80
001F00
007E00
01F800
1FF000
7FC000
3F0000
380000
ENDCHAR
STARTCHAR uni30B8
ENCODING 12472
SWIDTH 1000 0
DWIDTH 24 0
BBX 21 21 2 -1
BITMAP
000020
040070
0E0730
1F83B8
07E190
03C1C0
008020
600020
F80060
FC00F0
3E01E0
1C03E0
0407C0
000F80
003F00
007E00
01F800
0FF000
7FC000
7F0000
380000
ENDCHAR
STARTCHAR uni30B9
ENCODING 12473
SWIDTH 1000 0
DWIDTH 24 0
BBX 20 19 2 -1
BITMAP
200100
3FFFC0
3FFFC0
3FFF80
000780
000F00
000F00
001E00
003C00
003C00
007C00
00FE00
03EF00
07C780
0F83C0
3F03E0
FC01F0
7800E0
200040
ENDCHAR
STARTCHAR uni30BA
ENCODING 12474
SWIDTH 1000 0
DWIDTH 24 0
BBX 22 23 1 -2
BITMAP
000008
0000D8
0000CC
00006C
1FFFE0
1FFFC0
1FFFC0
000380
000780
000700
000F00
001E00
001E00
003C00
007E00
00FF00
03E780
07C3C0
1F83E0
3F01F0
FC00F8
380060
200040
ENDCHAR
STARTCHAR uni30BB
ENCODING 12475
SWIDTH 1000 0
DWIDTH 24 0
BBX 21 20 1 -1
BITMAP
038000
038000
038000
038020
0381F0
03BFF8
0FFFF0
FFFEF0
FFC1E0
7B81C0
0383C0
038F80
038700
038100
038000
038000
038030
03FFF0
03FFE0
00FFE0
ENDCHAR
STARTCHAR uni30BC
ENCODING 12476
SWIDTH 1000 0
DWIDTH 24 0
BBX 22 22 1 -1
BITMAP
000008
000058
0000DC
0780EC
078060
078040
078060
078FF8
07FFF0
7FFFF0
FFE1E0
FF81C0
C783C0
078780
078F00
078200
078000
078000
078000
03FFE0
03FFE0
01FFE0
ENDCHAR
STARTCHAR uni30BD
ENCODING 12477
SWIDTH 1000 0
DWIDTH 24 0
BBX 19 19 2 -1
BITMAP
3001E0
F001E0
7801E0
7C01C0
3C01C0
1E03C0
1E0380
0F0380
080780
000F00
000F00
001E00
003C00
007C00
00F800
03F000
0FE000
078000
030000
ENDCHAR
STARTCHAR uni30BE
ENCODING 12478
SWIDTH 1000 0
DWIDTH 24 0
BBX 21 23 2 -2
BITMAP
000010
000370
0001B8
0001D8
700080
F001C0
7803C0
7803C0
3C03C0
3C0380
1E0780
1C0780
100F00
000F00
001E00
003E00
007C00
00F800
01F000
07E000
1FC000
070000
020000
ENDCHAR
STARTCHAR uni30BF
ENCODING 12479
SWIDTH 1000 0
DWIDTH 24 0
BBX 21 22 1 -2
BITMAP
006000
007800
00F000
01FFE0
01FFF8
03FFF0
0780F0
0F00E0
1E01E0
3C61E0
F9F3C0
30FF80
007F80
001F80
001FC0
003FE0
00F9C0
01F080
07E000
1FC000
0F0000
040000
ENDCHAR
STARTCHAR uni30C0
ENCODING 12480
SWIDTH 1000 0
DWIDTH 24 0
BBX 22 23 1 -2
BITMAP
000008
008058
00F0CC
00E06C
01E070
01FFE0
03FFF0
07FFE0
0F01E0
1E01E0
3C81C0
78E3C0
F1F780
20FF80
003F00
001F80
003FC0
007BC0
01F180
07E080
3FC000
1F0000
0E0000
ENDCHAR
STARTCHAR uni30C1
ENCODING 12481
SWIDTH 1000 0
DWIDTH 24 0
BBX 20 20 2 -1
BITMAP
000300
007F80
3FFFC0
3FFC00
307000
007000
007000
807010
FFFFF0
FFFFF0
FFFFF0
007000
00F000
00E000
01E000
01E000
03C000
0F8000
1F0000
0E0000
ENDCHAR
STARTCHAR uni30C2
ENCODING 12482
SWIDTH 1000 0
DWIDTH 24 0
BBX 22 21 1 -2
BITMAP
000080
001F80
3FFFC0
3FFF18
1FF0DC
00706C
007070
007000
FFFFF8
FFFFF8
FFFFF8
007000
007000
00F000
00F000
01E000
03E000
07C000
1F8000
0F0000
020000
ENDCHAR
STARTCHAR uni30C3
ENCODING 12483
SWIDTH 1000 0
DWIDTH 24 0
BBX 17 16 4 -2
BITMAP
070400
638780
E38780
F3C700
71C700
718F00
780E00
401E00
001C00
003C00
007800
01F000
03E000
1FC000
1F0000
0E0000
ENDCHAR
STARTCHAR uni30C4
ENCODING 12484
SWIDTH 1000 0
DWIDTH 24 0
BBX 20 20 2 -1
BITMAP
004000
03C040
61C070
E1E0F0
F0E0F0
70E0E0
78F1E0
3841E0
3801C0
2003C0
000380
000780
000F00
001E00
003E00
00FC00
03F000
0FE000
07C000
030000
ENDCHAR
STARTCHAR uni30C5
ENCODING 12485
SWIDTH 1000 0
DWIDTH 24 0
BBX 22 23 1 -2
BITMAP
000008
0001D8
0000CC
00C0EC
11E040
F0E040
70E078
78F070
3870F0
3870F0
3C00E0
1801E0
0001C0
0003C0
000780
000F80
001F00
003E00
00FC00
03F800
0FE000
07C000
030000
ENDCHAR
STARTCHAR uni30C6
ENCODING 12486
SWIDTH 1000 0
DWIDTH 24 0
BBX 20 20 2 -2
BITMAP
1FFFC0
1FFFC0
1FFFC0
000000
000000
000000
FFFFF0
FFFFF0
FFFFF0
007000
007000
007000
00F000
00E000
01E000
03C000
07C000
1F8000
0F0000
040000
ENDCHAR
STARTCHAR uni30C7
ENCODING 12487
SWIDTH 1000 0
DWIDTH 24 0
BBX 22 23 2 -2
BITMAP
000010
0000B8
0001D8
1FFFDC
1FFFE0
1FFF00
000000
000000
000000
FFFFF0
FFFFF0
FFFFF0
007000
007000
00F000
00E000
00E000
01E000
03C000
07C000
1F8000
0F0000
040000
ENDCHAR
STARTCHAR uni30C8
ENCODING 12488
SWIDTH 1000 0
DWIDTH 24 0
BBX 14 20 7 -1
BITMAP
F000
F000
7000
7000
7000
7000
7000
7E00
7FC0
7FF0
73FC
70F8
7038
7000
7000
7000
7000
7000
F000
F000
ENDCHAR
STARTCHAR uni30C9
ENCODING 12489
SWIDTH 1000 0
DWIDTH 24 0
BBX 15 20 7 -1
BITMAP
E018
E05C
E1CC
E0EE
E070
E040
E000
F800
FF00
FFE0
EFF8
E3F8
E070
E010
E000
E000
E000
E000
E000
E000
ENDCHAR
STARTCHAR uni30CA
ENCODING 12490
SWIDTH 1000 0
DWIDTH 24 0
BBX 20 20 2 -1
BITMAP
007800
007000
007000
007000
007000
FFFFF0
FFFFF0
FFFFF0
C07010
007000
007000
007000
00F000
00E000
01E000
03C000
07C000
0F8000
3F0000
0E0000
ENDCHAR
STARTCHAR uni30CB
ENCODING 12491
SWIDTH 1000 0
DWIDTH 24 0
BBX 19 15 2 1
BITMAP
3FFF80
3FFF80
3FFF80
000000
000000
000000
000000
000000
000000
000000
000000
800020
FFFFE0
FFFFE0
FFFFE0
ENDCHAR
STARTCHAR uni30CC
ENCODING 12492
SWIDTH 1000 0
DWIDTH 24 0
BBX 18 20 2 -2
BITMAP
200100
3FFFC0
3FFFC0
3FFFC0
000380
000780
040780
0F0F00
1FCF00
07FE00
01FC00
00FC00
00FE00
01FF80
03EFC0
0FC3C0
BF8180
7E0080
3C0000
100000
ENDCHAR
STARTCHAR uni30CD
ENCODING 12493
SWIDTH 1000 0
DWIDTH 24 0
BBX 22 21 1 -1
BITMAP
007800
003800
003800
003800
3FFFC0
3FFFF0
3FFFE0
0003C0
000F80
001F00
003E00
00FC80
03F9C0
1FFBF0
FFB8FC
7E3878
303818
003800
003800
003800
007800
ENDCHAR
STARTCHAR uni30CE
ENCODING 12494
SWIDTH 1000 0
DWIDTH 24 0
BBX 17 20 3 -1
BITMAP
000400
000780
000780
000700
000F00
000E00
001E00
001E00
003C00
003C00
007800
00F000
01F000
03E000
07C000
1F8000
7F0000
FE0000
780000
200000
ENDCHAR
STARTCHAR uni30CF
ENCODING 12495
SWIDTH 1000 0
DWIDTH 24 0
BBX 22 17 1 0
BITMAP
038F00
03C700
038780
038380
0783C0
0781C0
0701E0
0701E0
0F00E0
0E00F0
1E00F0
1E0070
3C0078
3C0078
780038
F8003C
300030
ENDCHAR
STARTCHAR uni30D0
ENCODING 12496
SWIDTH 1000 0
DWIDTH 24 0
BBX 23 21 1 -1
BITMAP
000018
0000DC
0000EC
02026A
038F70
038700
078780
078380
0703C0
0703C0
0F01E0
0F01E0
0E00E0
1E00F0
1C00F0
3C0070
3C0078
780078
F80078
70003C
100040
ENDCHAR
STARTCHAR uni30D1
ENCODING 12497
SWIDTH 1000 0
DWIDTH 24 0
BBX 23 21 1 -1
BITMAP
000038
00006C
000046
020244
038F7C
038710
078780
078380
0703C0
0703C0
0F01E0
0F01E0
0E00E0
1E00F0
1C00F0
3C0070
3C0078
780078
F80078
70003C
100040
ENDCHAR
STARTCHAR uni30D2
ENCODING 12498
SWIDTH 1000 0
DWIDTH 24 0
BBX 16 20 5 -1
BITMAP
E000
E000
E000
E004
E01E
E07E
E7FE
FFF0
FF80
FC00
E000
E000
E000
E000
E000
E000
FFFF
FFFF
7FFF
0380
ENDCHAR
STARTCHAR uni30D3
ENCODING 12499
SWIDTH 1000 0
DWIDTH 24 0
BBX 18 22 4 -1
BITMAP
000080
000180
000DC0
E006C0
E00780
E00400
E00400
E03E00
E1FE00
EFF800
FFE000
FF0000
F00000
E00000
E00000
E00000
E00000
E00000
F00700
FFFF00
7FFF00
3FFF00
ENDCHAR
STARTCHAR uni30D4
ENCODING 12500
SWIDTH 1000 0
DWIDTH 24 0
BBX 19 21 4 -1
BITMAP
000380
0007C0
E00660
E00660
E003C0
E00580
E03E00
E1FE00
EFF800
FFE000
FF0000
F00000
E00000
E00000
E00000
E00000
E00000
F00700
FFFF00
7FFF00
3FFF00
ENDCHAR
STARTCHAR uni30D5
ENCODING 12501
SWIDTH 1000 0
DWIDTH 24 0
BBX 18 19 3 -1
BITMAP
800100
FFFFC0
FFFFC0
FFFFC0
0003C0
000380
000780
000780
000700
000F00
001E00
001E00
003C00
00F800
01F000
0FE000
3FC000
1F0000
0C0000
ENDCHAR
STARTCHAR uni30D6
ENCODING 12502
SWIDTH 1000 0
DWIDTH 24 0
BBX 22 22 2 -1
BITMAP
000010
0003B0
000198
0001DC
FFFF80
FFFFE0
FFFFC0
0003C0
0003C0
0003C0
000380
000780
000700
000F00
001E00
003E00
007C00
01F800
07F000
3FE000
1F8000
0E0000
ENDCHAR
STARTCHAR uni30D7
ENCODING 12503
SWIDTH 1000 0
DWIDTH 24 0
BBX 21 21 3 -1
BITMAP
0000F0
000190
000118
FFFF90
FFFFF0
FFFF80
000780
000780
000780
000700
000F00
000E00
001E00
003C00
007C00
00F800
03F000
0FE000
7FC000
3F0000
1C0000
ENDCHAR
STARTCHAR uni30D8
ENCODING 12504
SWIDTH 1000 0
DWIDTH 24 0
BBX 22 15 1 1
BITMAP
00C000
01F000
03F800
07FC00
0F3E00
1E1E00
3E0F00
7C0780
F803C0
7001E0
3001F0
2000F8
00007C
000038
000010
ENDCHAR
STARTCHAR uni30D9
ENCODING 12505
SWIDTH 1000 0
DWIDTH 24 0
BBX 22 18 1 0
BITMAP
000030
000170
0083B8
01E19C
03F1D0
07F8C0
0F7C00
1F3E00
1E1F00
3C0F80
7807C0
F803E0
7001F0
2000F0
000078
00007C
000038
000010
ENDCHAR
STARTCHAR uni30DA
ENCODING 12506
SWIDTH 1000 0
DWIDTH 24 0
BBX 22 18 1 0
BITMAP
000060
0001F0
008198
01E118
03F198
07F8F0
0F7C00
1F3E00
1E1F00
3C0F80
7807C0
F803E0
7001F0
2000F0
000078
00007C
000038
000010
ENDCHAR
STARTCHAR uni30DB
ENCODING 12507
SWIDTH 1000 0
DWIDTH 24 0
BBX 22 20 1 -1
BITMAP
003800
003800
003800
003800
7FFFF8
7FFFF8
7FFFF8
003800
003800
0C38C0
0F39E0
1E38F0
3C3870
383878
F8383C
703818
203810
03F800
03F800
03F000
ENDCHAR
STARTCHAR uni30DC
ENCODING 12508
SWIDTH 1000 0
DWIDTH 24 0
BBX 22 21 1 -1
BITMAP
000018
0079DC
0078EC
007868
007840
7FFFF8
7FFFF8
7FFFF8
007800
007800
087840
0E79E0
1E78E0
3C78F0
387878
787878
F0783C
207810
03F800
03F800
03F000
ENDCHAR
STARTCHAR uni30DD
ENCODING 12509
SWIDTH 1000 0
DWIDTH 24 0
BBX 22 22 1 -1
BITMAP
000030
000078
0078CC
0078CC
007878
007830
7FFFF8
7FFFF8
7FFFF8
007800
007800
087840
0E79E0
1E78E0
3C78F0
387878
787878
F0783C
207810
03F800
03F800
03F000
ENDCHAR
STARTCHAR uni30DE
ENCODING 12510
SWIDTH 1000 0
DWIDTH 24 0
BBX 21 19 2 -2
BITMAP
FFFFE0
FFFFF8
FFFFF0
0001F0
0001E0
0003C0
0007C0
040F80
1F1F00
0FBE00
07FC00
03F800
01F000
00F800
007C00
003E00
001F00
000C00
000800
ENDCHAR
STARTCHAR uni30DF
ENCODING 12511
SWIDTH 1000 0
DWIDTH 24 0
BBX 17 20 3 -1
BITMAP
0C0000
1FE000
1FFE00
03FF80
003F00
000300
000000
3E0000
3FF000
3FFE00
01FE00
001E00
000400
000000
7E0000
7FE000
FFFC00
07FF00
003F00
000600
ENDCHAR
STARTCHAR uni30E0
ENCODING 12512
SWIDTH 1000 0
DWIDTH 24 0
BBX 22 20 1 -1
BITMAP
00C000
00F000
00F000
00E000
01E000
01E000
01C000
01C000
03C000
038180
0383C0
0781C0
0701E0
0700E0
0F03F0
8FFFF0
7FFFF8
7FFE38
7C003C
000030
ENDCHAR
STARTCHAR uni30E1
ENCODING 12513
SWIDTH 1000 0
DWIDTH 24 0
BBX 20 20 2 -1
BITMAP
000100
0003C0
0003C0
000380
0C0780
1F0700
0F8F00
07EE00
01FE00
00FC00
007E00
007F00
00FF80
01E7C0
03C3E0
0F81F0
1F00E0
FE0040
7C0000
300000
ENDCHAR
STARTCHAR uni30E2
ENCODING 12514
SWIDTH 1000 0
DWIDTH 24 0
BBX 19 19 3 -1
BITMAP
7FFF80
7FFF80
7FFF80
038000
038000
038000
038000
FFFFE0
FFFFE0
FFFFE0
038000
038000
038000
038000
038000
03C040
03FFC0
01FFC0
007FC0
ENDCHAR
STARTCHAR uni30E3
ENCODING 12515
SWIDTH 1000 0
DWIDTH 24 0
BBX 18 18 3 -3
BITMAP
1E0000
0E0000
0E0180
0F3FC0
07FFC0
FFFB80
7F0700
638F00
038E00
03BC00
038800
01C000
01C000
01C000
01E000
00E000
00E000
008000
ENDCHAR
STARTCHAR uni30E4
ENCODING 12516
SWIDTH 1000 0
DWIDTH 24 0
BBX 22 22 1 -2
BITMAP
010000
0F0000
070000
070030
0783FC
07FFF8
1FFFF8
FFF8F0
7FC0E0
71C1E0
01C3C0
01E780
01EF00
00E100
00E000
00F000
00F000
007000
007000
007800
007800
004000
ENDCHAR
STARTCHAR uni30E5
ENCODING 12517
SWIDTH 1000 0
DWIDTH 24 0
BBX 18 13 3 0
BITMAP
000800
1FFE00
1FFE00
1FFE00
001E00
001E00
001C00
001C00
001C00
001C00
FFFFC0
FFFFC0
FFFFC0
ENDCHAR
STARTCHAR uni30E6
ENCODING 12518
SWIDTH 1000 0
DWIDTH 24 0
BBX 20 16 2 1
BITMAP
3FFF00
3FFF80
3FFF80
3FFF80
000780
000780
000780
000700
000700
000700
000F00
000F00
000F00
FFFFF0
FFFFF0
FFFFF0
ENDCHAR
STARTCHAR uni30E7
ENCODING 12519
SWIDTH 1000 0
DWIDTH 24 0
BBX 14 16 5 -2
BITMAP
8000
FFFC
FFFC
001C
001C
001C
7FFC
7FFC
7FFC
001C
001C
001C
FFFC
FFFC
FFFC
001C
ENDCHAR
STARTCHAR uni30E8
ENCODING 12520
SWIDTH 1000 0
DWIDTH 24 0
BBX 17 18 3 -1
BITMAP
7FFF80
7FFF80
7FFF80
000380
000380
000380
200380
3FFF80
3FFF80
000380
000380
000380
000380
000380
FFFF80
FFFF80
FFFF80
000380
ENDCHAR
STARTCHAR uni30E9
ENCODING 12521
SWIDTH 1000 0
DWIDTH 24 0
BBX 19 19 3 -1
BITMAP
3FFF80
3FFF80
3FFF80
000000
000000
FFFF80
FFFFE0
FFFFC0
0003C0
0003C0
000380
000780
000F00
001E00
007C00
00F800
07F000
0FE000
078000
ENDCHAR
STARTCHAR uni30EA
ENCODING 12522
SWIDTH 1000 0
DWIDTH 24 0
BBX 14 20 5 -1
BITMAP
001C
E01C
E01C
E01C
E01C
E01C
E01C
E01C
E01C
E01C
E01C
E03C
E03C
0038
0078
00F0
03F0
1FE0
0F80
0700
ENDCHAR
STARTCHAR uni30EB
ENCODING 12523
SWIDTH 1000 0
DWIDTH 24 0
BBX 22 19 1 -1
BITMAP
071E00
071C00
071C00
071C00
071C00
071C00
071C00
071C00
071C00
0F1C08
0E1C18
0E1C3C
0E1C7C
1E1CF8
1C1FF0
3C1FE0
781F80
F01F00
200C00
ENDCHAR
STARTCHAR uni30EC
ENCODING 12524
SWIDTH 1000 0
DWIDTH 24 0
BBX 17 19 5 -1
BITMAP
F00000
E00000
E00000
E00000
E00000
E00000
E00000
E00100
E00380
E00780
E00F80
E03F00
E07E00
E1F800
E7F000
FFC000
FF0000
FC0000
600000
ENDCHAR
STARTCHAR uni30ED
ENCODING 12525
SWIDTH 1000 0
DWIDTH 24 0
BBX 18 17 3 0
BITMAP
FFFFC0
FFFFC0
FFFFC0
E001C0
E001C0
E001C0
E001C0
E001C0
E001C0
E001C0
E001C0
E001C0
E001C0
FFFFC0
FFFFC0
FFFFC0
E001C0
ENDCHAR
STARTCHAR uni30EE
ENCODING 12526
SWIDTH 1000 0
DWIDTH 24 0
BBX 17 15 4 -2
BITMAP
FFFF80
FFFF00
FFFF00
E00700
E00F00
E00E00
E00E00
001E00
001C00
003C00
007800
01F000
17E000
0FC000
070000
ENDCHAR
STARTCHAR uni30EF
ENCODING 12527
SWIDTH 1000 0
DWIDTH 24 0
BBX 19 19 3 -1
BITMAP
000080
FFFFC0
FFFFE0
FFFFC0
E003C0
E003C0
E003C0
E00380
E00380
E00780
000700
000F00
001E00
003E00
007C00
01F800
0FF000
0FC000
070000
ENDCHAR
STARTCHAR uni30F0
ENCODING 12528
SWIDTH 1000 0
DWIDTH 24 0
BBX 20 20 2 -1
BITMAP
000E00
000E00
000E00
800E10
7FFFF0
7FFFF0
7FFFF0
070E00
070E00
070E00
070E00
070E00
FFFFF0
FFFFF0
FFFFF0
000E00
000E00
000E00
000E00
000E00
ENDCHAR
STARTCHAR uni30F1
ENCODING 12529
SWIDTH 1000 0
DWIDTH 24 0
BBX 20 17 2 0
BITMAP
7FFFE0
7FFFF0
7FFFF0
0001E0
0001C0
00E3C0
00EF80
00E700
00E200
00E000
00E000
00E000
00E000
FFFFF0
FFFFF0
FFFFF0
FFFFF0
ENDCHAR
STARTCHAR uni30F2
ENCODING 12530
SWIDTH 1000 0
DWIDTH 24 0
BBX 19 19 3 -1
BITMAP
FFFF80
FFFFE0
FFFFC0
0001C0
0001C0
0003C0
000380
7FFF80
7FFF80
7FFF00
000F00
000F00
001E00
003C00
00F800
03F000
0FE000
1F8000
0E0000
ENDCHAR
STARTCHAR uni30F3
ENCODING 12531
SWIDTH 1000 0
DWIDTH 24 0
BBX 20 19 3 -1
BITMAP
300000
780000
7C0000
3F0040
1F8040
0700E0
0200F0
0001E0
0003C0
0007C0
000F80
001F00
007E00
01FC00
07F000
7FE000
FF8000
7E0000
300000
ENDCHAR
STARTCHAR uni30F4
ENCODING 12532
SWIDTH 1000 0
DWIDTH 24 0
BBX 21 23 2 -2
BITMAP
000010
010370
00E1B8
00E1D8
00E0C0
00E040
FFFFE0
FFFFE0
FFFFE0
E001E0
E001C0
E001C0
E003C0
E00380
000780
000780
000F00
003E00
007C00
0BF800
07F000
03C000
010000
ENDCHAR
STARTCHAR uni30F5
ENCODING 12533
SWIDTH 1000 0
DWIDTH 24 0
BBX 17 17 3 -2
BITMAP
03C000
01C000
018000
7FFE00
7FFF80
7FFF00
038300
038700
038700
070700
070700
0F0700
1E0700
3C8F00
FC7E00
787E00
201800
ENDCHAR
STARTCHAR uni30F6
ENCODING 12534
SWIDTH 1000 0
DWIDTH 24 0
BBX 19 17 2 -2
BITMAP
030000
078000
070000
070020
0FFFE0
1FFFE0
1C1C00
3C3C00
F83800
703800
003800
007800
00F000
01F000
03E000
07C000
038000
ENDCHAR
STARTCHAR uni30F7
ENCODING 12535
SWIDTH 1000 0
DWIDTH 24 0
BBX 21 23 2 -2
BITMAP
000020
000370
0003B8
0001A0
FFFF80
FFFFE0
FFFFE0
F001E0
F001E0
F001C0
F001C0
F003C0
F003C0
000380
000780
000F00
001F00
003E00
007C00
01F800
0FF000
07C000
030000
ENDCHAR
STARTCHAR uni30F8
ENCODING 12536
SWIDTH 1000 0
DWIDTH 24 0
BBX 21 21 2 -1
BITMAP
000070
000ED8
000E58
000E60
000E00
7FFFE0
7FFFE0
7FFFE0
0E0E00
0E0E00
0E0E00
0E0E00
0E0E00
FFFFF0
FFFFF0
FFFFF0
800E10
000E00
000E00
000E00
000E00
ENDCHAR
STARTCHAR uni30F9
ENCODING 12537
SWIDTH 1000 0
DWIDTH 24 0
BBX 22 21 1 0
BITMAP
000008
0000B8
0001DC
0000C8
0000A0
3FFFF8
3FFFF8
3FFFF0
0000E0
00F1E0
0073C0
007780
007300
007000
007000
007000
007000
007000
FFFFF8
FFFFF8
FFFFF8
ENDCHAR
STARTCHAR uni30FA
ENCODING 12538
SWIDTH 1000 0
DWIDTH 24 0
BBX 20 23 3 -2
BITMAP
000040
0006E0
000770
000340
FFFF00
FFFFC0
FFFF80
000380
000380
000780
FFFF00
FFFF00
FFFF00
000E00
001E00
003C00
003C00
00F800
01F000
07E000
3FC000
1F0000
0C0000
ENDCHAR
STARTCHAR uni30FB
ENCODING 12539
SWIDTH 1000 0
DWIDTH 24 0
BBX 6 6 9 6
BITMAP
78
FC
FC
FC
FC
78
ENDCHAR
STARTCHAR uni30FC
ENCODING 12540
SWIDTH 1000 0
DWIDTH 24 0
BBX 20 4 2 7
BITMAP
FFFFF0
FFFFF0
FFFFF0
FFFFF0
ENDCHAR
STARTCHAR uni30FD
ENCODING 12541
SWIDTH 1000 0
DWIDTH 24 0
BBX 13 13 6 2
BITMAP
1000
3000
F800
7C00
3E00
1F00
0F80
07C0
03E0
01F0
00F8
0070
0040
ENDCHAR
STARTCHAR uni30FE
ENCODING 12542
SWIDTH 1000 0
DWIDTH 24 0
BBX 14 16 6 2
BITMAP
0010
00B0
03B8
01DC
60C8
F8E0
7C00
3E00
1E00
0F00
0780
07C0
03E0
01F0
00E0
0040
ENDCHAR
STARTCHAR uni30FF
ENCODING 12543
SWIDTH 1000 0
DWIDTH 24 0
BBX 14 20 5 -1
BITMAP
FFFC
FFFC
FFFC
001C
001C
001C
001C
001C
001C
001C
001C
001C
001C
001C
001C
001C
001C
001C
001C
001C
ENDCHAR
STARTCHAR uni3131
ENCODING 12593
SWIDTH 917 0
DWIDTH 22 0
BBX 14 12 4 3
BITMAP
FFFC
FFFC
001C
001C
001C
001C
001C
001C
001C
001C
001C
001C
ENDCHAR
STARTCHAR uni3132
ENCODING 12594
SWIDTH 917 0
DWIDTH 22 0
BBX 17 12 3 3
BITMAP
FF7F80
FF7F80
070780
070780
070780
070780
070780
070780
070780
070780
070780
070780
ENDCHAR
STARTCHAR uni3133
ENCODING 12595
SWIDTH 917 0
DWIDTH 22 0
BBX 18 12 3 3
BITMAP
FE1C00
FE1C00
FE1C00
0E1C00
0E1C00
0E3C00
0E3C00
0E3E00
0E7E00
0FF7C0
0FE780
0EC100
ENDCHAR
STARTCHAR uni3134
ENCODING 12596
SWIDTH 917 0
DWIDTH 22 0
BBX 14 12 4 3
BITMAP
E000
E000
E000
E000
E000
E000
E000
E000
E000
FFFC
FFFC
FFFC
ENDCHAR
STARTCHAR uni3135
ENCODING 12597
SWIDTH 917 0
DWIDTH 22 0
BBX 17 12 3 3
BITMAP
E1FF00
E1FF00
E03800
E03800
E03800
E03800
E07C00
E07C00
E0EE00
E7EF00
FFC780
FF8300
ENDCHAR
STARTCHAR uni3136
ENCODING 12598
SWIDTH 917 0
DWIDTH 22 0
BBX 16 13 3 2
BITMAP
E038
E1FF
E1FF
E1FF
E000
E07C
E0FE
E0C6
E1C7
FEC6
FEFE
FE7C
0010
ENDCHAR
STARTCHAR uni3137
ENCODING 12599
SWIDTH 917 0
DWIDTH 22 0
BBX 14 12 4 3
BITMAP
FFFC
FFFC
E000
E000
E000
E000
E000
E000
E000
FFFC
FFFC
FFFC
ENDCHAR
STARTCHAR uni3138
ENCODING 12600
SWIDTH 917 0
DWIDTH 22 0
BBX 16 12 3 3
BITMAP
FE7F
FE7F
E070
E070
E070
E070
E070
E070
E170
FF7F
FF7F
F87F
ENDCHAR
STARTCHAR uni3139
ENCODING 12601
SWIDTH 917 0
DWIDTH 22 0
BBX 14 12 4 3
BITMAP
FFFC
FFFC
001C
001C
FFFC
FFFC
FFFC
E000
E000
FFFC
FFFC
FFFC
ENDCHAR
STARTCHAR uni313A
ENCODING 12602
SWIDTH 917 0
DWIDTH 22 0
BBX 16 12 3 3
BITMAP
FFFF
FFFF
0F07
0F07
FF07
FF07
FF07
E007
E007
FF87
FF87
FF07
ENDCHAR
STARTCHAR uni313B
ENCODING 12603
SWIDTH 917 0
DWIDTH 22 0
BBX 17 12 3 3
BITMAP
FE7F80
FE7F80
0E6380
0E6380
FE6380
FE6380
FE6380
E06380
E06380
FF7F80
FF7F80
FE7F80
ENDCHAR
STARTCHAR uni313C
ENCODING 12604
SWIDTH 917 0
DWIDTH 22 0
BBX 17 12 3 3
BITMAP
FEE380
FEE380
0EE380
0EFF80
FEFF80
FEFF80
FEE380
E0E380
E0E380
FFFF80
FFFF80
FEFF80
ENDCHAR
STARTCHAR uni313D
ENCODING 12605
SWIDTH 917 0
DWIDTH 22 0
BBX 18 12 3 3
BITMAP
FE1C00
FE1C00
0E1C00
0E1C00
FE1C00
FE1C00
FE3C00
E03E00
E07F00
FFF7C0
FFE380
FEC100
ENDCHAR
STARTCHAR uni313E
ENCODING 12606
SWIDTH 917 0
DWIDTH 22 0
BBX 16 12 3 3
BITMAP
FE7F
FE7F
0E70
0E70
FE70
FE7F
FE7F
E070
E070
FF7F
FF7F
FE7F
ENDCHAR
STARTCHAR uni313F
ENCODING 12607
SWIDTH 917 0
DWIDTH 22 0
BBX 17 12 3 3
BITMAP
FEFF80
FEFF80
0E7700
0E7700
FE7700
FE7700
FE7700
E07700
E07700
FFFF80
FFFF80
FEFF80
ENDCHAR
STARTCHAR uni3140
ENCODING 12608
SWIDTH 917 0
DWIDTH 22 0
BBX 17 13 3 3
BITMAP
001C00
FE1C00
FEFF80
0EFF80
0EFF80
FE1C00
FE7F00
FE7F00
E06380
E06380
FF7700
FF7F00
FE3E00
ENDCHAR
STARTCHAR uni3141
ENCODING 12609
SWIDTH 917 0
DWIDTH 22 0
BBX 14 12 4 3
BITMAP
FFFC
FFFC
FFFC
E01C
E01C
E01C
E01C
E01C
E01C
FFFC
FFFC
FFFC
ENDCHAR
STARTCHAR uni3142
ENCODING 12610
SWIDTH 917 0
DWIDTH 22 0
BBX 14 12 4 3
BITMAP
E01C
E01C
E01C
FFFC
FFFC
FFFC
E01C
E01C
E01C
FFFC
FFFC
FFFC
ENDCHAR
STARTCHAR uni3143
ENCODING 12611
SWIDTH 917 0
DWIDTH 22 0
BBX 16 12 3 3
BITMAP
E767
E767
E767
FF7F
FF7F
FF7F
E767
E767
E767
FF7F
FF7F
FF7F
ENDCHAR
STARTCHAR uni3144
ENCODING 12612
SWIDTH 917 0
DWIDTH 22 0
BBX 18 12 3 3
BITMAP
E71C00
E71C00
E71C00
FF1C00
FF1C00
FF1C00
E71E00
E73E00
E77F00
FFF780
FFE3C0
FFC180
ENDCHAR
STARTCHAR uni3145
ENCODING 12613
SWIDTH 917 0
DWIDTH 22 0
BBX 16 12 3 3
BITMAP
03C0
03C0
03C0
03C0
03C0
03C0
07E0
07F0
1F78
7E7E
FC1F
700E
ENDCHAR
STARTCHAR uni3146
ENCODING 12614
SWIDTH 917 0
DWIDTH 22 0
BBX 19 12 2 3
BITMAP
0E0E00
0E0E00
0E0E00
0E0E00
1E1E00
1F1F00
1F1F00
3BBB80
73FBC0
F1F1E0
60E0C0
004000
ENDCHAR
STARTCHAR uni3147
ENCODING 12615
SWIDTH 917 0
DWIDTH 22 0
BBX 14 12 4 3
BITMAP
1FE0
3FF0
7878
F03C
E01C
E01C
E01C
E01C
703C
7FF8
3FF0
0FC0
ENDCHAR
STARTCHAR uni3148
ENCODING 12616
SWIDTH 917 0
DWIDTH 22 0
BBX 16 12 3 3
BITMAP
7FFE
7FFE
01C0
03C0
03C0
03C0
07E0
07F0
1E78
FE3E
781F
7006
ENDCHAR
STARTCHAR uni3149
ENCODING 12617
SWIDTH 917 0
DWIDTH 22 0
BBX 20 12 1 3
BITMAP
3FDFE0
3FDFE0
0F0700
0F0700
0F0780
0F0780
1F0F80
1F8FC0
3FDFE0
F9FCF0
71F8F0
207020
ENDCHAR
STARTCHAR uni314A
ENCODING 12618
SWIDTH 917 0
DWIDTH 22 0
BBX 16 15 3 2
BITMAP
03C0
03C0
03C0
03C0
7FFE
7FFE
03C0
03C0
03C0
07E0
0FF0
3E7C
FC3F
780E
4002
ENDCHAR
STARTCHAR uni314B
ENCODING 12619
SWIDTH 917 0
DWIDTH 22 0
BBX 14 12 4 3
BITMAP
FFFC
FFFC
001C
001C
001C
FFFC
FFFC
FFFC
001C
001C
001C
001C
ENDCHAR
STARTCHAR uni314C
ENCODING 12620
SWIDTH 917 0
DWIDTH 22 0
BBX 14 12 4 3
BITMAP
FFFC
FFFC
E000
E000
FFFC
FFFC
FFFC
E000
E000
FFFC
FFFC
FFFC
ENDCHAR
STARTCHAR uni314D
ENCODING 12621
SWIDTH 917 0
DWIDTH 22 0
BBX 15 12 4 3
BITMAP
FFFC
FFFC
3870
3870
3870
3870
3870
3870
3870
3870
FFFE
FFFE
ENDCHAR
STARTCHAR uni314E
ENCODING 12622
SWIDTH 917 0
DWIDTH 22 0
BBX 14 15 4 2
BITMAP
0380
0380
0380
FFFC
FFFC
0000
0300
1FE0
3FF0
3878
7838
7878
3FF8
3FF0
0FC0
ENDCHAR
STARTCHAR uni314F
ENCODING 12623
SWIDTH 917 0
DWIDTH 22 0
BBX 7 22 9 -2
BITMAP
E0
E0
E0
E0
E0
E0
E0
E0
E0
FE
FE
E0
E0
E0
E0
E0
E0
E0
E0
E0
E0
E0
ENDCHAR
STARTCHAR uni3150
ENCODING 12624
SWIDTH 917 0
DWIDTH 22 0
BBX 9 22 7 -2
BITMAP
E380
E380
E380
E380
E380
E380
E380
E380
FF80
FF80
FF80
E380
E380
E380
E380
E380
E380
E380
E380
E380
E380
0380
ENDCHAR
STARTCHAR uni3151
ENCODING 12625
SWIDTH 917 0
DWIDTH 22 0
BBX 8 22 8 -2
BITMAP
E0
E0
E0
E0
E0
E0
FF
FF
E0
E0
E0
E0
FF
FF
FF
E0
E0
E0
E0
E0
E0
E0
ENDCHAR
STARTCHAR uni3152
ENCODING 12626
SWIDTH 917 0
DWIDTH 22 0
BBX 9 22 7 -2
BITMAP
E780
E780
E780
E780
E780
FF80
FF80
FF80
E780
E780
E780
E780
FF80
FF80
E780
E780
E780
E780
E780
E780
E780
0780
ENDCHAR
STARTCHAR uni3153
ENCODING 12627
SWIDTH 917 0
DWIDTH 22 0
BBX 8 22 7 -2
BITMAP
07
07
07
07
07
07
07
07
FF
FF
FF
07
07
07
07
07
07
07
07
07
07
07
ENDCHAR
STARTCHAR uni3154
ENCODING 12628
SWIDTH 917 0
DWIDTH 22 0
BBX 11 22 5 -2
BITMAP
0EE0
0EE0
0EE0
0EE0
0EE0
0EE0
0EE0
0EE0
FEE0
FEE0
FEE0
0EE0
0EE0
0EE0
0EE0
0EE0
0EE0
0EE0
0EE0
0EE0
0EE0
00E0
ENDCHAR
STARTCHAR uni3155
ENCODING 12629
SWIDTH 917 0
DWIDTH 22 0
BBX 8 22 7 -2
BITMAP
07
07
07
07
07
FF
FF
FF
07
07
07
07
FF
FF
07
07
07
07
07
07
07
07
ENDCHAR
STARTCHAR uni3156
ENCODING 12630
SWIDTH 917 0
DWIDTH 22 0
BBX 11 22 5 -2
BITMAP
0EE0
0EE0
0EE0
0EE0
0EE0
0EE0
FEE0
FEE0
0EE0
0EE0
0EE0
0EE0
FEE0
FEE0
0EE0
0EE0
0EE0
0EE0
0EE0
0EE0
0EE0
00E0
ENDCHAR
STARTCHAR uni3157
ENCODING 12631
SWIDTH 917 0
DWIDTH 22 0
BBX 20 11 1 4
BITMAP
00F000
00F000
00F000
00F000
00F000
00F000
00F000
00F000
FFFFF0
FFFFF0
FFFFF0
ENDCHAR
STARTCHAR uni3158
ENCODING 12632
SWIDTH 917 0
DWIDTH 22 0
BBX 20 22 1 -2
BITMAP
0003C0
0003C0
0003C0
0003C0
0003C0
0003C0
0003C0
0703C0
0703C0
0703F0
0703F0
0703C0
0703C0
0703C0
FFFBC0
FFFFC0
FFE3C0
0003C0
0003C0
0003C0
0003C0
0003C0
ENDCHAR
STARTCHAR uni3159
ENCODING 12633
SWIDTH 917 0
DWIDTH 22 0
BBX 20 22 1 -2
BITMAP
000E70
000E70
000E70
000E70
000E70
000E70
000E70
0E0E70
0E0E70
0E0FF0
0E0FF0
0E0E70
0E0E70
0E2E70
FFEE70
FFEE70
000E70
000E70
000E70
000E70
000E70
000070
ENDCHAR
STARTCHAR uni315A
ENCODING 12634
SWIDTH 917 0
DWIDTH 22 0
BBX 18 22 2 -2
BITMAP
0001C0
0001C0
0001C0
0001C0
0001C0
0001C0
0001C0
0781C0
0781C0
0781C0
0781C0
0781C0
0781C0
078DC0
FFFDC0
FFFDC0
0001C0
0001C0
0001C0
0001C0
0001C0
0001C0
ENDCHAR
STARTCHAR uni315B
ENCODING 12635
SWIDTH 917 0
DWIDTH 22 0
BBX 20 11 1 4
BITMAP
070F00
070F00
070F00
070F00
070F00
070F00
070F00
070F00
070F00
FFFFF0
FFFFF0
ENDCHAR
STARTCHAR uni315C
ENCODING 12636
SWIDTH 917 0
DWIDTH 22 0
BBX 20 12 1 1
BITMAP
FFFFF0
FFFFF0
FFFFF0
00F000
00F000
00F000
00F000
00F000
00F000
00F000
00F000
00F000
ENDCHAR
STARTCHAR uni315D
ENCODING 12637
SWIDTH 917 0
DWIDTH 22 0
BBX 19 22 1 -2
BITMAP
0000E0
0000E0
0000E0
0000E0
0000E0
0000E0
0000E0
0000E0
0000E0
FFFEE0
FFFEE0
7FE0E0
0380E0
0380E0
038FE0
038FE0
0380E0
0380E0
0380E0
0380E0
0000E0
0000E0
ENDCHAR
STARTCHAR uni315E
ENCODING 12638
SWIDTH 917 0
DWIDTH 22 0
BBX 20 22 1 -2
BITMAP
000E70
000E70
000E70
000E70
000E70
000E70
000E70
000E70
000E70
01EE70
FFFE70
FFCE70
0F0E70
0F0E70
0F7E70
0F7E70
0F0E70
0F0E70
0F0E70
0F0E70
000E70
000070
ENDCHAR
STARTCHAR uni315F
ENCODING 12639
SWIDTH 917 0
DWIDTH 22 0
BBX 18 22 2 -2
BITMAP
0001C0
0001C0
0001C0
0001C0
0001C0
0001C0
0001C0
0001C0
0001C0
000DC0
FFFDC0
FFFDC0
0781C0
0781C0
0781C0
0781C0
0781C0
0781C0
0781C0
0781C0
0001C0
0001C0
ENDCHAR
STARTCHAR uni3160
ENCODING 12640
SWIDTH 917 0
DWIDTH 22 0
BBX 20 12 1 1
BITMAP
FFFFF0
FFFFF0
FFFFF0
070E00
070E00
070E00
070E00
070E00
070E00
070E00
070E00
070E00
ENDCHAR
STARTCHAR uni3161
ENCODING 12641
SWIDTH 917 0
DWIDTH 22 0
BBX 20 3 1 8
BITMAP
FFFFF0
FFFFF0
FFFFF0
ENDCHAR
STARTCHAR uni3162
ENCODING 12642
SWIDTH 917 0
DWIDTH 22 0
BBX 18 22 2 -2
BITMAP
0001C0
0001C0
0001C0
0001C0
0001C0
0001C0
0001C0
0001C0
0001C0
0001C0
0001C0
0001C0
0005C0
FFFDC0
FFFDC0
F001C0
0001C0
0001C0
0001C0
0001C0
0001C0
0001C0
ENDCHAR
STARTCHAR uni3163
ENCODING 12643
SWIDTH 917 0
DWIDTH 22 0
BBX 3 22 10 -2
BITMAP
E0
E0
E0
E0
E0
E0
E0
E0
E0
E0
E0
E0
E0
E0
E0
E0
E0
E0
E0
E0
E0
E0
ENDCHAR
STARTCHAR uni3165
ENCODING 12645
SWIDTH 917 0
DWIDTH 22 0
BBX 17 12 3 3
BITMAP
E07000
E07000
E07000
E07000
E07000
E07000
E07000
E07000
E07000
FF7F80
FF7F80
FE7F80
ENDCHAR
STARTCHAR uni3166
ENCODING 12646
SWIDTH 917 0
DWIDTH 22 0
BBX 16 12 3 3
BITMAP
E07F
E07F
E070
E070
E070
E070
E070
E070
E070
FF7F
FF7F
FE7F
ENDCHAR
STARTCHAR uni3167
ENCODING 12647
SWIDTH 917 0
DWIDTH 22 0
BBX 18 12 3 3
BITMAP
E01C00
E01C00
E01C00
E01C00
E01C00
E01C00
E03C00
E03E00
E07F00
FEF7C0
FFE380
FEC180
ENDCHAR
STARTCHAR uni3168
ENCODING 12648
SWIDTH 917 0
DWIDTH 22 0
BBX 17 13 3 3
BITMAP
000800
E01800
E01800
E01C00
E03C00
E03C00
E03E00
E07E00
E06600
E06700
FEFF00
FEFF00
FFFF80
ENDCHAR
STARTCHAR uni3169
ENCODING 12649
SWIDTH 917 0
DWIDTH 22 0
BBX 20 12 2 3
BITMAP
FDF380
FDF380
1C7380
1C7380
FC7380
FC7380
FC7780
E077C0
E077C0
FE7EF0
FE7CE0
FE7C40
ENDCHAR
STARTCHAR uni316A
ENCODING 12650
SWIDTH 917 0
DWIDTH 22 0
BBX 16 12 3 3
BITMAP
FE7F
FE7F
0E70
0E70
FE70
FE70
FE70
E070
E070
FF7F
FF7F
FE7F
ENDCHAR
STARTCHAR uni316B
ENCODING 12651
SWIDTH 917 0
DWIDTH 22 0
BBX 21 12 1 3
BITMAP
FD99C0
FD99C0
1D99C0
1DF9C0
FDF9C0
FDF9C0
FD99E0
E199E0
E19BF0
FDFF78
FDFF30
FFFA10
ENDCHAR
STARTCHAR uni316C
ENCODING 12652
SWIDTH 917 0
DWIDTH 22 0
BBX 17 13 3 3
BITMAP
000800
FE0800
FE1800
0E1C00
0E3C00
FE3C00
FE3E00
FE7E00
E07600
E06700
FFFF00
FFFF00
FEFF80
ENDCHAR
STARTCHAR uni316D
ENCODING 12653
SWIDTH 917 0
DWIDTH 22 0
BBX 17 12 3 3
BITMAP
FEFF80
FEFF80
0E0000
0E0000
FE3E00
FE7F00
FE7F00
E0E380
E0E380
FF7700
FF7F00
FE3E00
ENDCHAR
STARTCHAR uni316E
ENCODING 12654
SWIDTH 917 0
DWIDTH 22 0
BBX 17 12 3 3
BITMAP
FF7380
FF7380
E77380
E77F80
E77F80
E77F80
E77380
E77380
E77380
FF7F80
FF7F80
FF7F80
ENDCHAR
STARTCHAR uni316F
ENCODING 12655
SWIDTH 917 0
DWIDTH 22 0
BBX 18 12 3 3
BITMAP
FF1C00
FF1C00
E71C00
E71C00
E71C00
E71C00
E71E00
E73E00
E77700
FFF7C0
FFE380
FFC180
ENDCHAR
STARTCHAR uni3170
ENCODING 12656
SWIDTH 917 0
DWIDTH 22 0
BBX 17 13 3 3
BITMAP
000800
FF0800
FF1800
E71C00
E73C00
E73C00
E73E00
E77E00
E77600
E76700
FFFF00
FFFF00
FFFF80
ENDCHAR
STARTCHAR uni3171
ENCODING 12657
SWIDTH 917 0
DWIDTH 22 0
BBX 12 17 5 1
BITMAP
FFF0
FFF0
FFF0
E070
E070
E070
E070
FFF0
FFF0
0000
0000
1F80
3FC0
39C0
39C0
1F80
0F00
ENDCHAR
STARTCHAR uni3172
ENCODING 12658
SWIDTH 917 0
DWIDTH 22 0
BBX 16 12 3 3
BITMAP
E77F
E77F
E707
FF07
FF07
FF07
E707
E707
E707
FF07
FF07
FF07
ENDCHAR
STARTCHAR uni3173
ENCODING 12659
SWIDTH 917 0
DWIDTH 22 0
BBX 16 12 3 3
BITMAP
E77F
E77F
E770
FF70
FF70
FF70
E770
E770
E770
FF7F
FF7F
FF7F
ENDCHAR
STARTCHAR uni3174
ENCODING 12660
SWIDTH 917 0
DWIDTH 22 0
BBX 18 12 2 3
BITMAP
CCEFC0
CCEFC0
CCE1C0
FCE1C0
FCE1C0
FCE1C0
CCF1C0
CDF1C0
CDF9C0
FFBDC0
FF99C0
FD09C0
ENDCHAR
STARTCHAR uni3175
ENCODING 12661
SWIDTH 917 0
DWIDTH 22 0
BBX 20 12 1 3
BITMAP
EE73F0
EE73F0
EE7380
FE7380
FE7380
FE7380
EEF380
EEFB80
EFFB80
FFDFF0
FF9FF0
FF0BF0
ENDCHAR
STARTCHAR uni3176
ENCODING 12662
SWIDTH 917 0
DWIDTH 22 0
BBX 18 12 3 3
BITMAP
E7FF80
E7FF80
E71C00
FF1C00
FF1C00
FF1E00
E71E00
E73E00
E77F00
FFF7C0
FFE3C0
FF4180
ENDCHAR
STARTCHAR uni3177
ENCODING 12663
SWIDTH 917 0
DWIDTH 22 0
BBX 16 12 3 3
BITMAP
E77F
E77F
E770
FF70
FF70
FF7F
E77F
E770
E770
FF7F
FF7F
FF7F
ENDCHAR
STARTCHAR uni3178
ENCODING 12664
SWIDTH 917 0
DWIDTH 22 0
BBX 12 17 5 1
BITMAP
E070
E070
FFF0
FFF0
FFF0
E070
FFF0
FFF0
FFF0
0000
0000
1F80
3FC0
39C0
39C0
1F80
0F00
ENDCHAR
STARTCHAR uni3179
ENCODING 12665
SWIDTH 917 0
DWIDTH 22 0
BBX 14 17 4 1
BITMAP
EFCC
EFCC
FFFC
FFFC
FFFC
EFCC
EFCC
FFFC
FFFC
0000
0000
0FC0
1FE0
1CE0
1CE0
0FE0
0780
ENDCHAR
STARTCHAR uni317A
ENCODING 12666
SWIDTH 917 0
DWIDTH 22 0
BBX 17 12 2 3
BITMAP
0E7F80
0E7F80
0E0380
0E0380
0E0380
0E0380
1F0380
1F0380
3B8380
FBE380
71C380
204380
ENDCHAR
STARTCHAR uni317B
ENCODING 12667
SWIDTH 917 0
DWIDTH 22 0
BBX 18 12 2 3
BITMAP
0E3800
0E3800
0E3800
0E3800
0E3800
0E3800
1F3800
1F3800
3BB800
FBFFC0
71FFC0
20BFC0
ENDCHAR
STARTCHAR uni317C
ENCODING 12668
SWIDTH 917 0
DWIDTH 22 0
BBX 17 12 2 3
BITMAP
0E3F80
0E3F80
0E3800
0E3800
0E3800
0E3800
1F3800
1F3800
3BB800
FBFF80
71FF80
20BF80
ENDCHAR
STARTCHAR uni317D
ENCODING 12669
SWIDTH 917 0
DWIDTH 22 0
BBX 17 12 2 3
BITMAP
0E7380
0E7380
0E7380
0E7F80
0E7F80
1E7F80
1E7380
1F7380
3F7380
FBFF80
73FF80
20FF80
ENDCHAR
STARTCHAR uni317E
ENCODING 12670
SWIDTH 917 0
DWIDTH 22 0
BBX 18 13 2 2
BITMAP
0E7FC0
0E7FC0
0E0E00
0E0E00
0E0E00
0E0E00
1F1E00
1F1F00
3FBF80
FBFBC0
F1F1C0
60E080
004000
ENDCHAR
STARTCHAR uni317F
ENCODING 12671
SWIDTH 917 0
DWIDTH 22 0
BBX 12 15 5 2
BITMAP
0200
0600
0600
0700
0F00
0F00
1F80
1F80
39C0
39C0
39E0
70E0
7FE0
FFF0
FFF0
ENDCHAR
STARTCHAR uni3180
ENCODING 12672
SWIDTH 917 0
DWIDTH 22 0
BBX 18 12 3 3
BITMAP
3C1F00
7E3F00
FF7F80
E77380
E77180
E771C0
E77180
E77380
E77380
FE3F80
7E3F00
3C1E00
ENDCHAR
STARTCHAR uni3181
ENCODING 12673
SWIDTH 917 0
DWIDTH 22 0
BBX 13 15 5 2
BITMAP
0700
0700
0700
1F80
3FE0
7FE0
F070
E070
C038
E038
E070
F070
7FE0
3FE0
1F80
ENDCHAR
STARTCHAR uni3182
ENCODING 12674
SWIDTH 917 0
DWIDTH 22 0
BBX 18 13 2 3
BITMAP
1C0000
1C1E00
1C1E00
1E1E00
7F1E00
7F9E00
739E00
E39E00
E39E00
73BF00
7FF3C0
3FF3C0
1E4080
ENDCHAR
STARTCHAR uni3183
ENCODING 12675
SWIDTH 917 0
DWIDTH 22 0
BBX 18 13 2 3
BITMAP
1C0400
1C0400
1C0C00
1E0E00
7F1E00
7F9E00
739F00
E3BF00
E3BB00
73B380
7FFF80
3F7F80
1E7FC0
ENDCHAR
STARTCHAR uni3184
ENCODING 12676
SWIDTH 917 0
DWIDTH 22 0
BBX 14 17 4 1
BITMAP
FFFC
FFFC
3870
3870
3870
3870
3870
FFFC
FFFC
0000
0000
0FC0
1FE0
1CE0
1CE0
0FE0
0780
ENDCHAR
STARTCHAR uni3185
ENCODING 12677
SWIDTH 917 0
DWIDTH 22 0
BBX 18 13 2 3
BITMAP
1C0E00
1C0E00
FFFFC0
FFFFC0
FFFFC0
000000
3E1F00
7F3F80
6339C0
6331C0
7739C0
7F3F80
3E1F00
ENDCHAR
STARTCHAR uni3186
ENCODING 12678
SWIDTH 917 0
DWIDTH 22 0
BBX 12 14 5 2
BITMAP
FFF0
FFF0
FFF0
0000
1F80
3FE0
79E0
F0F0
E070
E070
70F0
7FE0
3FC0
0F80
ENDCHAR
STARTCHAR uni3187
ENCODING 12679
SWIDTH 917 0
DWIDTH 22 0
BBX 20 22 1 -2
BITMAP
0003C0
0003C0
0003C0
0003C0
0003C0
0003F0
0003F0
1CE3F0
1CE3C0
1CE3C0
1CE3C0
1CE3F0
1CE3F0
1CE3C0
FFFBC0
FFFFC0
FF03C0
0003C0
0003C0
0003C0
0003C0
0003C0
ENDCHAR
STARTCHAR uni3188
ENCODING 12680
SWIDTH 917 0
DWIDTH 22 0
BBX 20 22 1 -2
BITMAP
000E70
000E70
000E70
000E70
000E70
000E70
000FF0
39CFF0
39CE70
39CE70
39CE70
39CE70
39CFF0
39EFF0
FFEE70
FFEE70
000E70
000E70
000E70
000E70
000E70
000070
ENDCHAR
STARTCHAR uni3189
ENCODING 12681
SWIDTH 917 0
DWIDTH 22 0
BBX 18 22 2 -2
BITMAP
0001C0
0001C0
0001C0
0001C0
0001C0
0001C0
0001C0
1CE1C0
1CE1C0
1CE1C0
1CE1C0
1CE1C0
1CE1C0
1CFDC0
FFFDC0
FFF9C0
0001C0
0001C0
0001C0
0001C0
0001C0
0001C0
ENDCHAR
STARTCHAR uni318A
ENCODING 12682
SWIDTH 917 0
DWIDTH 22 0
BBX 20 22 1 -2
BITMAP
0000F0
0000F0
0000F0
0000F0
0000F0
0000F0
0000F0
0000F0
FFFEF0
7FFEF0
7FE0F0
1DC0F0
1DCFF0
1DCFF0
1DC0F0
1DCFF0
1DCFF0
1DCFF0
1DC0F0
1DC0F0
0000F0
0000F0
ENDCHAR
STARTCHAR uni318B
ENCODING 12683
SWIDTH 917 0
DWIDTH 22 0
BBX 20 22 1 -2
BITMAP
000E70
000E70
000E70
000E70
000E70
000E70
000E70
FFEE70
FFFE70
FF8E70
3B8E70
3BBE70
3BBE70
3B8E70
3B8E70
3BBE70
3BBE70
3B8E70
3B8E70
3B8E70
000E70
000070
ENDCHAR
STARTCHAR uni318C
ENCODING 12684
SWIDTH 917 0
DWIDTH 22 0
BBX 18 22 2 -2
BITMAP
0001C0
0001C0
0001C0
0001C0
0001C0
0001C0
0001C0
0001C0
0001C0
003DC0
FFFDC0
FFFDC0
1CE1C0
1CE1C0
1CE1C0
1CE1C0
1CE1C0
1CE1C0
1CE1C0
1CE1C0
0001C0
0001C0
ENDCHAR
STARTCHAR uni318D
ENCODING 12685
SWIDTH 917 0
DWIDTH 22 0
BBX 4 4 9 7
BITMAP
70
F0
F0
70
ENDCHAR
STARTCHAR uni318E
ENCODING 12686
SWIDTH 917 0
DWIDTH 22 0
BBX 10 22 6 -2
BITMAP
01C0
01C0
01C0
01C0
01C0
01C0
01C0
01C0
01C0
71C0
F9C0
71C0
71C0
01C0
01C0
01C0
01C0
01C0
01C0
01C0
01C0
01C0
ENDCHAR
STARTCHAR uni31A0
ENCODING 12704
SWIDTH 1000 0
DWIDTH 24 0
BBX 16 22 4 -2
BITMAP
3000
3800
7800
7000
7000
FFFE
FFFF
FFFF
8007
0007
0007
0007
0006
000E
01FE
03FE
039E
031C
031C
03FC
01F8
00E0
ENDCHAR
STARTCHAR uni31A1
ENCODING 12705
SWIDTH 1000 0
DWIDTH 24 0
BBX 19 20 3 -2
BITMAP
FFFFE0
FFFFC0
FFFFC0
0381C0
0381C0
0381C0
0381C0
0381C0
0381C0
0381C0
039FC0
039F80
039F00
3F8000
7F8000
638000
638000
7F8000
7F0000
3E0000
ENDCHAR
STARTCHAR uni31A2
ENCODING 12706
SWIDTH 1000 0
DWIDTH 24 0
BBX 15 22 4 -2
BITMAP
000E
380E
380E
380E
380E
380E
380E
380E
380E
381E
3BFE
7FFE
FF8E
780E
200E
00FE
01FE
038E
039C
03FC
01FC
00F8
ENDCHAR
STARTCHAR uni31A3
ENCODING 12707
SWIDTH 1000 0
DWIDTH 24 0
BBX 21 22 2 -2
BITMAP
020000
038700
078780
070F00
0F0E00
1E1E00
1C3C00
3C3800
787800
70F000
F0E000
787000
387800
1C3C00
1E1DF0
0F1FF8
0F0FB8
078718
0387B8
03C3F8
0181F0
010060
ENDCHAR
STARTCHAR uni31A4
ENCODING 12708
SWIDTH 1000 0
DWIDTH 24 0
BBX 21 20 1 -1
BITMAP
038000
038000
038000
038000
0380F8
03BFF8
1FFFF8
FFFC70
7F80F0
4380E0
0381C0
0383C0
038080
038000
038000
038000
03C000
01FFE0
01FFE0
007FF0
ENDCHAR
STARTCHAR uni31A5
ENCODING 12709
SWIDTH 1000 0
DWIDTH 24 0
BBX 22 21 1 -2
BITMAP
038000
038000
038000
038000
0380F8
03BFF8
1FFFF8
FFFC70
7F80F0
4380E0
0381C0
0383C0
038000
0380F0
0381F8
038198
03C19C
01FFF8
01FFF8
007FE0
000070
ENDCHAR
STARTCHAR uni31A6
ENCODING 12710
SWIDTH 1000 0
DWIDTH 24 0
BBX 20 20 2 -2
BITMAP
FFFFF0
FFFFF0
FFFFF0
00E000
01E000
03C000
078000
070000
0E0000
1C0040
7800E0
3C00F0
1C03E0
1E07C0
0F0F80
07DF00
03FC00
01F800
00F000
004000
ENDCHAR
STARTCHAR uni31A7
ENCODING 12711
SWIDTH 1000 0
DWIDTH 24 0
BBX 20 20 2 -2
BITMAP
FFFFF0
FFFFF0
FFFFF0
00E000
01E000
03C000
078000
070180
0E07E0
1C0FE0
780C60
3C0EE0
1C0FE0
1E07C0
0F07E0
07DFE0
03FC40
01F800
00F000
004000
ENDCHAR
STARTCHAR uni31A8
ENCODING 12712
SWIDTH 1000 0
DWIDTH 24 0
BBX 22 20 1 -1
BITMAP
0000E0
1000F0
7801E0
3C01C0
1E03C0
0F0780
078F00
03EF00
01FE00
00FFFC
007FFC
00FE00
01FF00
03CF80
0787C0
1F03E0
3E01F0
FC00F8
780070
200020
ENDCHAR
STARTCHAR uni31A9
ENCODING 12713
SWIDTH 1000 0
DWIDTH 24 0
BBX 19 22 3 -2
BITMAP
000080
600180
F003E0
780780
3C0F00
1F1E00
0FBC00
07F800
03F000
01E000
00E000
00E000
00E000
00E000
03E000
0FF000
1FFC00
38F800
39E800
1FC000
1FC000
0F8000
ENDCHAR
STARTCHAR uni31AA
ENCODING 12714
SWIDTH 1000 0
DWIDTH 24 0
BBX 21 10 2 5
BITMAP
0003E0
0007F0
000778
000E38
000E78
FFFFF8
FFFFF0
001C00
001C00
001C00
ENDCHAR
STARTCHAR uni31AB
ENCODING 12715
SWIDTH 1000 0
DWIDTH 24 0
BBX 22 20 1 -1
BITMAP
0000E0
1000F0
7C01E0
3E01C0
0F03C0
078780
03CF00
01EF00
00FE00
007C00
007C00
00FE00
01EE70
03CFF8
0787FC
1F078C
3E0FCC
FC1DFC
7808F8
200070
ENDCHAR
STARTCHAR uni31AC
ENCODING 12716
SWIDTH 1000 0
DWIDTH 24 0
BBX 20 19 2 -1
BITMAP
FFFFF0
FFFFF0
FFFFF0
E07070
E07070
E07070
E07070
E07070
E07070
E07070
E07070
E07070
E07070
E07070
E07070
E07070
E07070
E07070
E00070
ENDCHAR
STARTCHAR uni31AD
ENCODING 12717
SWIDTH 1000 0
DWIDTH 24 0
BBX 22 19 1 -1
BITMAP
7FFFF8
7FFFF8
7FFFF8
0631C0
0631C0
0631C0
0631C0
0631C0
0E31C0
0E31C0
0E31C0
0E31C0
1C31C0
1C31C0
3C31C0
7831FC
F030FC
703000
203000
ENDCHAR
STARTCHAR uni31AE
ENCODING 12718
SWIDTH 1000 0
DWIDTH 24 0
BBX 21 21 1 -2
BITMAP
7FFFF8
7FFFF8
7FFFF8
003800
0E3800
1C3800
1C3800
1C3800
3FFFF0
3FFFF0
3FFFF0
007070
00E0F0
3CE0E0
7FC0E0
E7C0E0
E781E0
FF81C0
7FC3C0
39C180
010000
ENDCHAR
STARTCHAR uni31AF
ENCODING 12719
SWIDTH 1000 0
DWIDTH 24 0
BBX 20 22 3 -2
BITMAP
008000
00C000
01E000
03C000
038000
070600
0F0700
1E0F00
3C1E00
7FFC00
FFF800
7FF000
41E000
03C7E0
078FF0
0F0E70
1E1C70
3DFFF0
FFFFE0
7FFF80
603800
000800
ENDCHAR
STARTCHAR uni31B0
ENCODING 12720
SWIDTH 1000 0
DWIDTH 24 0
BBX 19 21 3 -1
BITMAP
300200
700780
380700
3C0F00
1E1E00
0F1C00
073800
07F800
FFFFE0
FFFFE0
E0E0E0
E0E0E0
E0E0E0
E0E0E0
E0E0E0
E0E0E0
E0E0E0
E0E0E0
E0E0E0
E0E0E0
E0E0E0
ENDCHAR
STARTCHAR uni31B1
ENCODING 12721
SWIDTH 1000 0
DWIDTH 24 0
BBX 20 20 2 -1
BITMAP
FFFFF0
FFFFF0
FFFFF0
007000
006000
00E000
FFFFF0
FFFFF0
E1C070
E38070
E38070
E70670
EF0770
E78E70
E3DC70
E1F870
E0F070
E06070
E00070
E00070
ENDCHAR
STARTCHAR uni31B2
ENCODING 12722
SWIDTH 1000 0
DWIDTH 24 0
BBX 20 17 2 0
BITMAP
FFFFF0
FFFFF0
FFFFF0
00F000
00F000
00F000
00F000
00F000
00F000
00F000
00F000
00F000
00F000
00F000
FFFFF0
FFFFF0
FFFFF0
ENDCHAR
STARTCHAR uni31B3
ENCODING 12723
SWIDTH 1000 0
DWIDTH 24 0
BBX 12 21 5 -2
BITMAP
0380
0380
0380
0380
0380
0380
0380
0380
0380
0380
0380
0380
0380
3F80
7FE0
E3F0
E3E0
E720
FF00
7F00
1C00
ENDCHAR
STARTCHAR uni31B4
ENCODING 12724
SWIDTH 583 0
DWIDTH 14 0
BBX 10 11 2 -1
BITMAP
3000
7000
7000
7FC0
7FC0
80C0
01C0
01C0
11C0
0F80
0F80
ENDCHAR
STARTCHAR uni31B5
ENCODING 12725
SWIDTH 583 0
DWIDTH 14 0
BBX 11 12 1 -2
BITMAP
3800
3800
3800
3FE0
7FE0
0E60
0CE0
1CE0
38E0
FFE0
73C0
2000
ENDCHAR
STARTCHAR uni31B6
ENCODING 12726
SWIDTH 583 0
DWIDTH 14 0
BBX 11 11 2 -2
BITMAP
FFE0
FFE0
3800
3000
7FC0
7FC0
01C0
01C0
0FC0
0F80
0E00
ENDCHAR
STARTCHAR uni31B7
ENCODING 12727
SWIDTH 583 0
DWIDTH 14 0
BBX 11 11 2 -2
BITMAP
7FE0
7FE0
7FE0
7000
7000
7000
7000
7000
E000
E000
4000
ENDCHAR
STARTCHAR uni31B8
ENCODING 12728
SWIDTH 1000 0
DWIDTH 24 0
BBX 19 16 3 1
BITMAP
FFFF80
FFFFC0
FFFF80
000F00
001E00
003C00
007800
00F000
01E000
07C000
0F0000
3E0000
7FFFE0
FFFFE0
FFFFE0
800000
ENDCHAR
STARTCHAR uni31B9
ENCODING 12729
SWIDTH 1000 0
DWIDTH 24 0
BBX 19 15 3 2
BITMAP
E00000
E00000
E00000
E00000
E00000
E00000
E00000
E00000
E00000
E00000
E00000
E00000
FFFFE0
FFFFE0
FFFFE0
ENDCHAR
STARTCHAR uni31BA
ENCODING 12730
SWIDTH 1000 0
DWIDTH 24 0
BBX 22 17 1 1
BITMAP
003800
003800
003800
003800
003800
003800
FFFFFC
FFFFFC
FFFFFC
003800
003800
003800
003800
003800
003800
003800
003800
ENDCHAR
STARTCHAR uni31BB
ENCODING 12731
SWIDTH 583 0
DWIDTH 14 0
BBX 11 11 2 -2
BITMAP
1C80
39E0
3BC0
7380
E700
E700
7380
39C0
39E0
1CE0
1000
ENDCHAR
STARTCHAR uni31F0
ENCODING 12784
SWIDTH 1000 0
DWIDTH 24 0
BBX 17 18 3 -2
BITMAP
018000
01C000
038000
07FF00
07FF80
0E0700
1E0700
7C0E00
F80E00
201C00
003C00
007800
00F000
01E000
07C000
3F8000
1E0000
080000
ENDCHAR
STARTCHAR uni31F1
ENCODING 12785
SWIDTH 1000 0
DWIDTH 24 0
BBX 17 17 4 -1
BITMAP
080000
0C0000
1F0000
0F8000
030000
410100
700300
FC0780
3C0700
081E00
003C00
007800
01F000
07E000
7F8000
7E0000
380000
ENDCHAR
STARTCHAR uni31F2
ENCODING 12786
SWIDTH 1000 0
DWIDTH 24 0
BBX 17 15 3 -1
BITMAP
1FFF00
1FFE00
1FFE00
001C00
001C00
003800
007800
00F000
01F800
03FC00
079E00
1F0F00
BE0780
7C0380
300300
ENDCHAR
STARTCHAR uni31F3
ENCODING 12787
SWIDTH 1000 0
DWIDTH 24 0
BBX 11 17 8 -2
BITMAP
E000
E000
E000
E000
E000
F000
FE00
FF80
FFE0
E3E0
E0E0
E000
E000
E000
E000
E000
E000
ENDCHAR
STARTCHAR uni31F4
ENCODING 12788
SWIDTH 1000 0
DWIDTH 24 0
BBX 15 16 4 -2
BITMAP
7FFC
7FFE
7FFC
001C
1038
1C38
3F70
0FF0
03E0
01F0
03F8
0FBE
3F1C
FC08
7800
2000
ENDCHAR
STARTCHAR uni31F5
ENCODING 12789
SWIDTH 1000 0
DWIDTH 24 0
BBX 18 15 3 -1
BITMAP
040800
073800
071C00
061C00
0E0E00
0E0E00
0E0700
1C0700
1C0700
3C0380
380380
780380
7003C0
F001C0
200000
ENDCHAR
STARTCHAR uni31F6
ENCODING 12790
SWIDTH 1000 0
DWIDTH 24 0
BBX 13 16 6 -1
BITMAP
E000
E000
E010
E030
E1F8
EFF0
FF80
FC00
E000
E000
E000
E000
E008
FFF8
7FF8
1FF0
ENDCHAR
STARTCHAR uni31F7
ENCODING 12791
SWIDTH 1000 0
DWIDTH 24 0
BBX 15 15 5 -1
BITMAP
FFFC
FFFE
FFFC
001C
001C
0038
0038
0078
00F0
01E0
03E0
0FC0
7F00
3E00
1800
ENDCHAR
STARTCHAR uni31F8
ENCODING 12792
SWIDTH 1000 0
DWIDTH 24 0
BBX 18 13 3 0
BITMAP
038000
07C000
07E000
0EF000
1C7800
3C3C00
781E00
F00F00
700F80
200780
0003C0
000180
000080
ENDCHAR
STARTCHAR uni31F9
ENCODING 12793
SWIDTH 1000 0
DWIDTH 24 0
BBX 18 17 3 -1
BITMAP
01E000
00C000
00C000
7FFF80
7FFF80
7FFF80
00C000
10C200
1CCE00
38C700
38C700
70C380
E0C3C0
60C100
07C000
07C000
07C000
ENDCHAR
STARTCHAR uni31FA
ENCODING 12794
SWIDTH 1000 0
DWIDTH 24 0
BBX 18 17 4 -2
BITMAP
030000
03C000
038000
038000
070000
070000
070000
0E0800
0E1C00
0E1E00
1C0E00
1C0700
1FFF00
FFFF80
FFFB80
F003C0
000200
ENDCHAR
STARTCHAR uni31FB
ENCODING 12795
SWIDTH 1000 0
DWIDTH 24 0
BBX 16 17 4 -2
BITMAP
2004
3FFC
3FFC
0000
0000
FFFC
FFFF
FFFE
000E
001C
003C
0078
00F0
03E0
1FC0
0F00
0400
ENDCHAR
STARTCHAR uni31FC
ENCODING 12796
SWIDTH 1000 0
DWIDTH 24 0
BBX 12 17 6 -2
BITMAP
0070
E070
E070
E070
E070
E070
E070
E070
E070
E070
E0E0
00E0
01E0
03C0
3F80
1F00
0C00
ENDCHAR
STARTCHAR uni31FD
ENCODING 12797
SWIDTH 1000 0
DWIDTH 24 0
BBX 18 16 3 -1
BITMAP
0E7000
0E7000
0E7000
0E7000
0E7000
0E7000
0C7000
0C7000
0C7080
1C71C0
1C73C0
3C7780
387F00
787E00
F07800
203000
ENDCHAR
STARTCHAR uni31FE
ENCODING 12798
SWIDTH 1000 0
DWIDTH 24 0
BBX 14 16 7 -2
BITMAP
E000
E000
E000
E000
E000
E008
E008
E01C
E03C
E0F8
E3F0
EFC0
FF80
FE00
F000
4000
ENDCHAR
STARTCHAR uni31FF
ENCODING 12799
SWIDTH 1000 0
DWIDTH 24 0
BBX 16 15 4 -1
BITMAP
FFFF
7FFE
7FFE
6006
6006
6006
6006
6006
6006
6006
6006
7FFE
FFFE
E006
E007
ENDCHAR
STARTCHAR uniF001
ENCODING 61441
SWIDTH 625 0
DWIDTH 15 0
BBX 14 17 1 0
BITMAP
0F9C
1F9C
1C1C
3C00
FF38
FF38
3838
3838
3838
7070
7070
7070
7070
7070
F0F0
E0E0
E0E0
ENDCHAR
STARTCHAR uniF002
ENCODING 61442
SWIDTH 625 0
DWIDTH 15 0
BBX 14 17 1 0
BITMAP
0F9C
1F9C
1C1C
3C38
FF38
FF38
3838
3838
3878
7070
7070
7070
7070
7070
F0F0
E0E0
E0E0
ENDCHAR
STARTCHAR uniF005
ENCODING 61445
SWIDTH 333 0
DWIDTH 8 0
BBX 5 4 1 -5
BITMAP
38
78
F8
F0
ENDCHAR
STARTCHAR uniFB00
ENCODING 64256
SWIDTH 708 0
DWIDTH 17 0
BBX 17 19 1 0
BITMAP
1F9F80
3F9F80
3F3C80
383800
383800
783800
FFFF00
FFFF00
783800
783800
783800
783800
783800
783800
783800
783800
783800
783800
783800
ENDCHAR
STARTCHAR uniF001
ENCODING 64257
SWIDTH 625 0
DWIDTH 15 0
BBX 14 17 1 0
BITMAP
0F9C
1F9C
1C1C
3C00
FF38
FF38
3838
3838
3838
7070
7070
7070
7070
7070
F0F0
E0E0
E0E0
ENDCHAR
STARTCHAR uniF002
ENCODING 64258
SWIDTH 625 0
DWIDTH 15 0
BBX 14 17 1 0
BITMAP
0F9C
1F9C
1C1C
3C38
FF38
FF38
3838
3838
3878
7070
7070
7070
7070
7070
F0F0
E0E0
E0E0
ENDCHAR
STARTCHAR uniFB03
ENCODING 64259
SWIDTH 1042 0
DWIDTH 25 0
BBX 22 19 1 0
BITMAP
1F9FBC
3F9FBC
3F3CBC
383800
383800
783800
FFFF3C
FFFF3C
78383C
78383C
78383C
78383C
78383C
78383C
78383C
78383C
78383C
78383C
78383C
ENDCHAR
STARTCHAR uniFB04
ENCODING 64260
SWIDTH 1042 0
DWIDTH 25 0
BBX 23 19 1 0
BITMAP
1F9FBC
3F9FBC
3F3CBC
38383C
38383C
78383C
FFFF3C
FFFF3C
78383C
78383C
78383C
78383C
78383C
78383C
78383C
78383C
78383E
78381E
78381E
ENDCHAR
STARTCHAR uniFE10
ENCODING 65040
SWIDTH 1000 0
DWIDTH 24 0
BBX 6 9 15 11
BITMAP
38
7C
7C
3C
1C
18
B8
70
40
ENDCHAR
STARTCHAR uniFE11
ENCODING 65041
SWIDTH 1000 0
DWIDTH 24 0
BBX 8 7 15 13
BITMAP
30
78
FC
3E
1F
0E
04
ENDCHAR
STARTCHAR uniFE12
ENCODING 65042
SWIDTH 1000 0
DWIDTH 24 0
BBX 8 8 15 12
BITMAP
1C
7E
63
C3
C3
63
7E
1C
ENDCHAR
STARTCHAR uniFE13
ENCODING 65043
SWIDTH 1000 0
DWIDTH 24 0
BBX 5 16 15 3
BITMAP
60
F0
F8
F0
70
00
00
00
00
00
00
00
70
F8
F8
70
ENDCHAR
STARTCHAR uniFE14
ENCODING 65044
SWIDTH 1000 0
DWIDTH 24 0
BBX 5 20 15 -1
BITMAP
60
F0
F8
F0
70
00
00
00
00
00
20
F0
F8
F8
78
18
38
70
E0
C0
ENDCHAR
STARTCHAR uniFE15
ENCODING 65045
SWIDTH 1000 0
DWIDTH 24 0
BBX 4 18 15 2
BITMAP
F0
F0
F0
F0
70
70
70
70
70
70
70
70
00
00
70
F0
F0
70
ENDCHAR
STARTCHAR uniFE16
ENCODING 65046
SWIDTH 1000 0
DWIDTH 24 0
BBX 13 18 11 2
BITMAP
0FC0
3FE0
FFF0
70F0
2078
0070
00F0
01E0
03C0
0780
0700
0700
0000
0000
0600
0F00
0F00
0F00
ENDCHAR
STARTCHAR uniFE17
ENCODING 65047
SWIDTH 1000 0
DWIDTH 24 0
BBX 22 8 1 -2
BITMAP
FFFFFC
81FE04
860184
980064
A00014
C0000C
800004
800004
ENDCHAR
STARTCHAR uniFE18
ENCODING 65048
SWIDTH 1000 0
DWIDTH 24 0
BBX 22 8 1 12
BITMAP
800004
800004
C0000C
A00014
980064
878784
807804
FFFFFC
ENDCHAR
STARTCHAR uniFE19
ENCODING 65049
SWIDTH 1000 0
DWIDTH 24 0
BBX 4 20 10 -1
BITMAP
60
F0
F0
60
00
00
00
00
60
F0
F0
60
00
00
00
00
60
F0
F0
60
ENDCHAR
STARTCHAR uniFE30
ENCODING 65072
SWIDTH 1000 0
DWIDTH 24 0
BBX 4 16 10 1
BITMAP
60
F0
F0
60
00
00
00
00
00
00
00
00
60
F0
F0
60
ENDCHAR
STARTCHAR uniFE31
ENCODING 65073
SWIDTH 1000 0
DWIDTH 24 0
BBX 2 20 11 -1
BITMAP
C0
C0
C0
C0
C0
C0
C0
C0
C0
C0
C0
C0
C0
C0
C0
C0
C0
C0
C0
C0
ENDCHAR
STARTCHAR uniFE32
ENCODING 65074
SWIDTH 1000 0
DWIDTH 24 0
BBX 2 6 11 6
BITMAP
C0
C0
C0
C0
C0
C0
ENDCHAR
STARTCHAR uniFE33
ENCODING 65075
SWIDTH 1000 0
DWIDTH 24 0
BBX 1 24 0 -3
BITMAP
80
80
80
80
80
80
80
80
80
80
80
80
80
80
80
80
80
80
80
80
80
80
80
80
ENDCHAR
STARTCHAR uniFE34
ENCODING 65076
SWIDTH 1000 0
DWIDTH 24 0
BBX 3 24 1 -3
BITMAP
C0
C0
60
60
60
40
C0
C0
C0
C0
60
60
60
60
C0
C0
C0
C0
60
60
60
40
C0
C0
ENDCHAR
STARTCHAR uniFE35
ENCODING 65077
SWIDTH 1000 0
DWIDTH 24 0
BBX 24 7 0 -2
BITMAP
01FF80
07FFE0
1FFFF8
3E007C
F8001F
600006
400002
ENDCHAR
STARTCHAR uniFE36
ENCODING 65078
SWIDTH 1000 0
DWIDTH 24 0
BBX 24 7 0 13
BITMAP
400002
600006
F8001F
3E007C
1FFFF8
07FFE0
00FF00
ENDCHAR
STARTCHAR uniFE37
ENCODING 65079
SWIDTH 1000 0
DWIDTH 24 0
BBX 22 7 1 -2
BITMAP
003000
003000
3C78F0
FFFFFC
FFCFFC
C0000C
800004
ENDCHAR
STARTCHAR uniFE38
ENCODING 65080
SWIDTH 1000 0
DWIDTH 24 0
BBX 22 6 1 14
BITMAP
800004
C0000C
FFCFFC
FFFFFC
007800
003000
ENDCHAR
STARTCHAR uniFE39
ENCODING 65081
SWIDTH 1000 0
DWIDTH 24 0
BBX 24 6 0 -2
BITMAP
1FFFF8
1FFFF8
38001C
70000E
600006
E00007
ENDCHAR
STARTCHAR uniFE3A
ENCODING 65082
SWIDTH 1000 0
DWIDTH 24 0
BBX 24 7 0 14
BITMAP
200004
E00007
70000E
30000C
38001C
1FFFF8
0FFFF0
ENDCHAR
STARTCHAR uniFE3B
ENCODING 65083
SWIDTH 1000 0
DWIDTH 24 0
BBX 22 7 1 -2
BITMAP
FFFFFC
FFFFFC
FFCFFC
F8007C
E0001C
C0000C
800004
ENDCHAR
STARTCHAR uniFE3C
ENCODING 65084
SWIDTH 1000 0
DWIDTH 24 0
BBX 22 7 1 13
BITMAP
800004
C0000C
F0003C
FC00FC
FFFFFC
FFFFFC
FFFFFC
ENDCHAR
STARTCHAR uniFE3D
ENCODING 65085
SWIDTH 1000 0
DWIDTH 24 0
BBX 22 11 1 -2
BITMAP
002000
00FC00
03FF00
1F87E0
7C20F8
F0783C
C3FF0C
0F87C0
7E01F8
F0003C
C0000C
ENDCHAR
STARTCHAR uniFE3E
ENCODING 65086
SWIDTH 1000 0
DWIDTH 24 0
BBX 22 10 1 10
BITMAP
E0001C
F8007C
3E01F0
0FCFC0
C1FE0C
F8787C
3E01F0
0F87C0
03FF00
007800
ENDCHAR
STARTCHAR uniFE3F
ENCODING 65087
SWIDTH 1000 0
DWIDTH 24 0
BBX 22 10 1 -2
BITMAP
002000
007800
01FE00
03FF00
0F87C0
3E01F0
7C00F8
F0003C
C0000C
800004
ENDCHAR
STARTCHAR uniFE40
ENCODING 65088
SWIDTH 1000 0
DWIDTH 24 0
BBX 22 9 1 11
BITMAP
800004
E0001C
F8007C
7C00F8
1F03E0
078780
03FF00
00FC00
007800
ENDCHAR
STARTCHAR uniFE41
ENCODING 65089
SWIDTH 1000 0
DWIDTH 24 0
BBX 16 8 7 -2
BITMAP
FFFF
FFFF
FFFF
0003
0003
0003
0003
0003
ENDCHAR
STARTCHAR uniFE42
ENCODING 65090
SWIDTH 1000 0
DWIDTH 24 0
BBX 16 8 1 12
BITMAP
C000
C000
C000
C000
C000
FFFF
FFFF
FFFF
ENDCHAR
STARTCHAR uniFE43
ENCODING 65091
SWIDTH 1000 0
DWIDTH 24 0
BBX 16 8 7 -2
BITMAP
FFFF
C001
C001
FFF9
0009
0009
0009
000F
ENDCHAR
STARTCHAR uniFE44
ENCODING 65092
SWIDTH 1000 0
DWIDTH 24 0
BBX 16 8 1 12
BITMAP
F000
9000
9000
9000
9FFF
8003
8003
FFFF
ENDCHAR
STARTCHAR uniFE45
ENCODING 65093
SWIDTH 1000 0
DWIDTH 24 0
BBX 16 16 4 1
BITMAP
4000
F800
3E00
1F80
0FE0
07F0
03F8
03FC
01FE
00FE
00FF
007F
007F
003F
003F
001E
ENDCHAR
STARTCHAR uniFE46
ENCODING 65094
SWIDTH 1000 0
DWIDTH 24 0
BBX 16 16 4 1
BITMAP
4000
F800
6700
1180
0860
0C30
0618
020C
0106
0182
0083
00C1
0041
0021
0033
001E
ENDCHAR
STARTCHAR uniFE47
ENCODING 65095
SWIDTH 1000 0
DWIDTH 24 0
BBX 22 6 1 -2
BITMAP
FFFFFC
FFFFFC
FFFFFC
C0000C
C0000C
C0000C
ENDCHAR
STARTCHAR uniFE48
ENCODING 65096
SWIDTH 1000 0
DWIDTH 24 0
BBX 22 6 1 14
BITMAP
C0000C
C0000C
C0000C
FFFFFC
FFFFFC
FFFFFC
ENDCHAR
STARTCHAR uniFE49
ENCODING 65097
SWIDTH 1000 0
DWIDTH 24 0
BBX 14 2 5 17
BITMAP
F7BC
F7BC
ENDCHAR
STARTCHAR uniFE4A
ENCODING 65098
SWIDTH 1000 0
DWIDTH 24 0
BBX 14 2 5 17
BITMAP
FB7C
0200
ENDCHAR
STARTCHAR uniFE4B
ENCODING 65099
SWIDTH 1000 0
DWIDTH 24 0
BBX 24 3 0 17
BITMAP
E7E7E7
FE7FFE
181818
ENDCHAR
STARTCHAR uniFE4C
ENCODING 65100
SWIDTH 1000 0
DWIDTH 24 0
BBX 24 6 0 14
BITMAP
E7E7E7
FE7FFE
181818
C3C3C3
FFFFFF
3C3C3C
ENDCHAR
STARTCHAR uniFE4D
ENCODING 65101
SWIDTH 1000 0
DWIDTH 24 0
BBX 14 1 5 0
BITMAP
F7BC
ENDCHAR
STARTCHAR uniFE4E
ENCODING 65102
SWIDTH 1000 0
DWIDTH 24 0
BBX 14 1 5 0
BITMAP
FB7C
ENDCHAR
STARTCHAR uniFE4F
ENCODING 65103
SWIDTH 1000 0
DWIDTH 24 0
BBX 24 3 0 -2
BITMAP
C3C3C3
FFFFFF
3C3C3C
ENDCHAR
STARTCHAR uniFE50
ENCODING 65104
SWIDTH 1000 0
DWIDTH 24 0
BBX 4 8 10 -4
BITMAP
40
F0
F0
70
30
70
E0
C0
ENDCHAR
STARTCHAR uniFE51
ENCODING 65105
SWIDTH 1000 0
DWIDTH 24 0
BBX 6 6 9 -2
BITMAP
40
F0
78
38
1C
08
ENDCHAR
STARTCHAR uniFE52
ENCODING 65106
SWIDTH 1000 0
DWIDTH 24 0
BBX 4 4 10 0
BITMAP
60
F0
F0
60
ENDCHAR
STARTCHAR uniFE54
ENCODING 65108
SWIDTH 1000 0
DWIDTH 24 0
BBX 4 15 10 -4
BITMAP
F0
F0
F0
00
00
00
00
40
F0
F0
70
30
70
E0
C0
ENDCHAR
STARTCHAR uniFE55
ENCODING 65109
SWIDTH 1000 0
DWIDTH 24 0
BBX 4 11 10 0
BITMAP
F0
F0
F0
00
00
00
00
60
F0
F0
60
ENDCHAR
STARTCHAR uniFE56
ENCODING 65110
SWIDTH 1000 0
DWIDTH 24 0
BBX 10 16 7 -2
BITMAP
3F00
7F80
E3C0
41C0
01C0
01C0
0380
0F00
0E00
1C00
0000
0000
1C00
1E00
1E00
0800
ENDCHAR
STARTCHAR uniFE57
ENCODING 65111
SWIDTH 1000 0
DWIDTH 24 0
BBX 4 16 10 -2
BITMAP
60
60
60
60
60
60
60
60
60
60
00
00
F0
F0
F0
60
ENDCHAR
STARTCHAR uniFE58
ENCODING 65112
SWIDTH 1000 0
DWIDTH 24 0
BBX 14 2 5 2
BITMAP
FFFC
FFFC
ENDCHAR
STARTCHAR uniFE59
ENCODING 65113
SWIDTH 1000 0
DWIDTH 24 0
BBX 5 17 9 -2
BITMAP
10
18
30
70
60
60
E0
E0
E0
E0
E0
E0
60
70
30
38
10
ENDCHAR
STARTCHAR uniFE5A
ENCODING 65114
SWIDTH 1000 0
DWIDTH 24 0
BBX 5 17 9 -2
BITMAP
40
E0
60
30
30
38
18
18
18
18
18
18
38
30
70
E0
40
ENDCHAR
STARTCHAR uniFE5B
ENCODING 65115
SWIDTH 1000 0
DWIDTH 24 0
BBX 6 16 9 -2
BITMAP
3C
30
30
30
30
30
30
E0
70
30
30
30
30
30
3C
0C
ENDCHAR
STARTCHAR uniFE5C
ENCODING 65116
SWIDTH 1000 0
DWIDTH 24 0
BBX 6 16 9 -2
BITMAP
E0
70
30
30
30
30
30
1C
38
30
30
30
30
30
F0
C0
ENDCHAR
STARTCHAR uniFE5D
ENCODING 65117
SWIDTH 1000 0
DWIDTH 24 0
BBX 4 15 10 -1
BITMAP
10
70
E0
C0
C0
C0
C0
C0
C0
C0
C0
C0
C0
F0
30
ENDCHAR
STARTCHAR uniFE5E
ENCODING 65118
SWIDTH 1000 0
DWIDTH 24 0
BBX 4 15 10 -1
BITMAP
80
E0
70
30
30
30
30
30
30
30
30
30
30
F0
80
ENDCHAR
STARTCHAR uniFE5F
ENCODING 65119
SWIDTH 1000 0
DWIDTH 24 0
BBX 10 15 7 -1
BITMAP
1980
1900
1900
1B00
7FC0
7FC0
3300
3300
3300
FF80
FF80
3600
2600
2600
6600
ENDCHAR
STARTCHAR uniFE60
ENCODING 65120
SWIDTH 1000 0
DWIDTH 24 0
BBX 13 15 6 -1
BITMAP
1E00
3F00
7380
7180
7380
3700
3E00
3C38
7E30
EF70
C7F0
C1E0
E1F0
FFF8
7F38
ENDCHAR
STARTCHAR uniFE61
ENCODING 65121
SWIDTH 1000 0
DWIDTH 24 0
BBX 8 8 8 6
BITMAP
18
18
DB
FF
3C
3C
66
24
ENDCHAR
STARTCHAR uniFE62
ENCODING 65122
SWIDTH 1000 0
DWIDTH 24 0
BBX 9 11 8 0
BITMAP
1800
1800
1800
1800
FF80
FF80
1800
1800
1800
1800
1800
ENDCHAR
STARTCHAR uniFE63
ENCODING 65123
SWIDTH 1000 0
DWIDTH 24 0
BBX 8 2 8 5
BITMAP
FF
FF
ENDCHAR
STARTCHAR uniFE64
ENCODING 65124
SWIDTH 1000 0
DWIDTH 24 0
BBX 9 9 7 1
BITMAP
0180
0780
3F00
F800
F000
7C00
1F80
0380
0080
ENDCHAR
STARTCHAR uniFE65
ENCODING 65125
SWIDTH 1000 0
DWIDTH 24 0
BBX 9 9 7 1
BITMAP
C000
F800
7E00
0F80
0380
1F80
FC00
F000
8000
ENDCHAR
STARTCHAR uniFE66
ENCODING 65126
SWIDTH 1000 0
DWIDTH 24 0
BBX 9 7 7 2
BITMAP
FF80
FF80
0000
0000
0000
FF80
FF80
ENDCHAR
STARTCHAR uniFE68
ENCODING 65128
SWIDTH 1000 0
DWIDTH 24 0
BBX 8 16 8 -2
BITMAP
C0
E0
60
60
30
30
30
18
18
1C
0C
0C
0E
06
06
03
ENDCHAR
STARTCHAR uniFE69
ENCODING 65129
SWIDTH 1000 0
DWIDTH 24 0
BBX 11 19 6 -3
BITMAP
0600
0600
0F00
3FC0
7FE0
7040
7000
7800
3F00
1FC0
03E0
00E0
0060
60E0
FFE0
3FC0
0600
0600
0600
ENDCHAR
STARTCHAR uniFE6A
ENCODING 65130
SWIDTH 1000 0
DWIDTH 24 0
BBX 17 15 4 -1
BITMAP
101800
783000
CC3000
CC6000
CE6000
CCC000
CCDE00
EDBF00
79B300
033380
033380
063380
043300
0C3F00
181E00
ENDCHAR
STARTCHAR uniFE6B
ENCODING 65131
SWIDTH 1000 0
DWIDTH 24 0
BBX 16 17 4 -2
BITMAP
00E0
07F8
1E1C
3806
3003
61F3
67F3
C673
C663
CE63
CE67
C7FE
633C
6000
3800
1FE0
0FF0
ENDCHAR
STARTCHAR uniFF01
ENCODING 65281
SWIDTH 1000 0
DWIDTH 24 0
BBX 4 18 10 0
BITMAP
F0
F0
F0
F0
F0
F0
F0
F0
60
60
60
60
00
00
60
F0
F0
F0
ENDCHAR
STARTCHAR uniFF02
ENCODING 65282
SWIDTH 1000 0
DWIDTH 24 0
BBX 10 9 7 12
BITMAP
F3C0
F3C0
F3C0
F3C0
E1C0
E1C0
6180
6180
6180
ENDCHAR
STARTCHAR uniFF03
ENCODING 65283
SWIDTH 1000 0
DWIDTH 24 0
BBX 16 18 4 0
BITMAP
0618
0618
0618
0E18
FFFF
FFFF
0C30
0C30
0C30
0C30
0C30
FFFF
FFFF
1860
1860
1860
1860
1860
ENDCHAR
STARTCHAR uniFF04
ENCODING 65284
SWIDTH 1000 0
DWIDTH 24 0
BBX 14 24 5 -3
BITMAP
0300
0300
0300
0FC0
3FF0
3FF8
7838
7010
7000
7C00
3F00
3FE0
0FF0
01F8
007C
003C
403C
7038
FFF8
7FF0
0FC0
0300
0300
0300
ENDCHAR
STARTCHAR uniFF05
ENCODING 65285
SWIDTH 1000 0
DWIDTH 24 0
BBX 22 18 1 0
BITMAP
3E0380
7F0300
630600
E38600
E38C00
E38C00
E39800
E399F0
7333F8
7F3318
1C671C
00671C
00C71C
00C71C
01871C
018318
0303F8
0701F0
ENDCHAR
STARTCHAR uniFF06
ENCODING 65286
SWIDTH 1000 0
DWIDTH 24 0
BBX 17 18 4 0
BITMAP
0FC000
1FE000
1CE000
386000
386000
38E000
1DC000
1F8000
0F0700
3F8700
7FCE00
73EE00
E0FC00
E07C00
F07E00
7DFF80
7FEF00
1FC300
ENDCHAR
STARTCHAR uniFF07
ENCODING 65287
SWIDTH 1000 0
DWIDTH 24 0
BBX 4 9 10 12
BITMAP
F0
F0
F0
F0
F0
60
60
60
60
ENDCHAR
STARTCHAR uniFF08
ENCODING 65288
SWIDTH 1000 0
DWIDTH 24 0
BBX 7 23 16 -2
BITMAP
08
0E
1C
38
38
70
70
E0
E0
E0
E0
E0
E0
E0
E0
E0
60
70
70
38
38
1C
0E
ENDCHAR
STARTCHAR uniFF09
ENCODING 65289
SWIDTH 1000 0
DWIDTH 24 0
BBX 7 23 1 -2
BITMAP
20
E0
70
38
38
1C
1C
0E
0E
0E
0E
0E
0E
0E
0E
0E
0C
1C
1C
38
38
70
E0
ENDCHAR
STARTCHAR uniFF0A
ENCODING 65290
SWIDTH 1000 0
DWIDTH 24 0
BBX 17 18 4 0
BITMAP
018000
018000
018000
818100
C18300
F18F80
3DBC00
1FF800
07E000
07E000
1FF800
7DBE00
F18F80
C18300
018000
018000
018000
018000
ENDCHAR
STARTCHAR uniFF0B
ENCODING 65291
SWIDTH 1000 0
DWIDTH 24 0
BBX 18 17 3 1
BITMAP
00C000
00C000
00C000
00C000
00C000
00C000
00C000
00C000
FFFFC0
FFFFC0
00C000
00C000
00C000
00C000
00C000
00C000
00C000
ENDCHAR
STARTCHAR uniFF0C
ENCODING 65292
SWIDTH 1000 0
DWIDTH 24 0
BBX 5 9 4 -3
BITMAP
30
78
F8
78
38
18
38
F0
E0
ENDCHAR
STARTCHAR uniFF0D
ENCODING 65293
SWIDTH 1000 0
DWIDTH 24 0
BBX 18 2 3 8
BITMAP
FFFFC0
FFFFC0
ENDCHAR
STARTCHAR uniFF0E
ENCODING 65294
SWIDTH 1000 0
DWIDTH 24 0
BBX 5 5 4 0
BITMAP
78
F8
F8
78
20
ENDCHAR
STARTCHAR uniFF0F
ENCODING 65295
SWIDTH 1000 0
DWIDTH 24 0
BBX 22 22 1 -2
BITMAP
000004
000008
000010
000020
000040
000080
000100
000200
000400
000800
001000
002000
004000
008000
010000
020000
040000
080000
100000
200000
400000
800000
ENDCHAR
STARTCHAR uniFF10
ENCODING 65296
SWIDTH 1000 0
DWIDTH 24 0
BBX 14 18 5 0
BITMAP
0FC0
1FE0
3FF0
7878
7038
F03C
F03C
F03C
E01C
E01C
F03C
F03C
F03C
7038
7878
3CF0
3FF0
0FC0
ENDCHAR
STARTCHAR uniFF11
ENCODING 65297
SWIDTH 1000 0
DWIDTH 24 0
BBX 14 18 5 0
BITMAP
0380
3F80
7F80
7F80
0380
0380
0380
0380
0380
0380
0380
0380
0380
0380
0380
FFFC
FFFC
FFFC
ENDCHAR
STARTCHAR uniFF12
ENCODING 65298
SWIDTH 1000 0
DWIDTH 24 0
BBX 14 18 5 0
BITMAP
0FC0
3FE0
7FF0
F078
2078
0038
0078
0078
00F0
00F0
01E0
03C0
0780
1F00
3E00
7FFC
FFFC
FFFC
ENDCHAR
STARTCHAR uniFF13
ENCODING 65299
SWIDTH 1000 0
DWIDTH 24 0
BBX 13 18 5 0
BITMAP
1FC0
3FF0
FFF0
7078
2038
0038
0078
03F0
0FC0
0FE0
00F8
0038
0038
4038
E078
FFF8
7FF0
1FE0
ENDCHAR
STARTCHAR uniFF14
ENCODING 65300
SWIDTH 1000 0
DWIDTH 24 0
BBX 14 18 5 0
BITMAP
01F0
01F0
03F0
0770
0F70
0E70
1E70
3C70
3870
7870
F070
FFFC
FFFC
0070
0070
0070
0070
0070
ENDCHAR
STARTCHAR uniFF15
ENCODING 65301
SWIDTH 1000 0
DWIDTH 24 0
BBX 13 18 5 0
BITMAP
3FF8
3FF8
3FF8
3800
7800
7800
7380
7FE0
7FF0
30F8
0078
0038
0038
4038
6078
FFF0
7FF0
1FC0
ENDCHAR
STARTCHAR uniFF16
ENCODING 65302
SWIDTH 1000 0
DWIDTH 24 0
BBX 14 18 5 0
BITMAP
07E0
1FF8
3FF8
3C10
7800
7000
7000
F7E0
FFF0
FCF8
F838
F03C
703C
703C
7838
3EF8
1FF0
0FE0
ENDCHAR
STARTCHAR uniFF17
ENCODING 65303
SWIDTH 1000 0
DWIDTH 24 0
BBX 14 18 5 0
BITMAP
FFFC
FFFC
FFF8
0078
0070
00E0
01E0
01C0
03C0
0380
0380
0780
0700
0700
0700
0F00
0F00
0F00
ENDCHAR
STARTCHAR uniFF18
ENCODING 65304
SWIDTH 1000 0
DWIDTH 24 0
BBX 14 18 5 0
BITMAP
0FC0
3FF0
7CF0
7038
7038
7038
7838
3E70
1FE0
3FE0
79F8
7078
E03C
E03C
F03C
7878
3FF0
1FE0
ENDCHAR
STARTCHAR uniFF19
ENCODING 65305
SWIDTH 1000 0
DWIDTH 24 0
BBX 14 18 5 0
BITMAP
0FC0
3FE0
7FF0
7078
F038
F038
F03C
703C
78FC
3FFC
1FBC
0038
0038
0078
20F0
7FF0
7FE0
1F80
ENDCHAR
STARTCHAR uniFF1A
ENCODING 65306
SWIDTH 1000 0
DWIDTH 24 0
BBX 4 16 10 1
BITMAP
60
F0
F0
F0
60
00
00
00
00
00
00
00
F0
F0
F0
F0
ENDCHAR
STARTCHAR uniFF1B
ENCODING 65307
SWIDTH 1000 0
DWIDTH 24 0
BBX 6 20 9 -3
BITMAP
30
78
78
78
30
00
00
00
00
00
30
78
7C
7C
3C
1C
18
38
F0
40
ENDCHAR
STARTCHAR uniFF1C
ENCODING 65308
SWIDTH 1000 0
DWIDTH 24 0
BBX 19 18 2 0
BITMAP
0000E0
0003E0
0007C0
001F00
007C00
01F000
07C000
1F0000
FC0000
7E0000
1F8000
07C000
01F000
007C00
001F00
0007C0
0001E0
000060
ENDCHAR
STARTCHAR uniFF1D
ENCODING 65309
SWIDTH 1000 0
DWIDTH 24 0
BBX 18 8 3 5
BITMAP
FFFFC0
FFFFC0
000000
000000
000000
FFFFC0
FFFFC0
FFFFC0
ENDCHAR
STARTCHAR uniFF1E
ENCODING 65310
SWIDTH 1000 0
DWIDTH 24 0
BBX 19 18 3 0
BITMAP
E00000
F80000
7C0000
1F0000
07C000
01F000
007C00
001F00
0007E0
000FC0
003F00
007C00
01F000
07C000
1F0000
7C0000
F00000
C00000
ENDCHAR
STARTCHAR uniFF1F
ENCODING 65311
SWIDTH 1000 0
DWIDTH 24 0
BBX 12 18 6 0
BITMAP
1FC0
7FE0
FFF0
60F0
4070
0070
00F0
01E0
0780
0700
0E00
0E00
0000
0000
0E00
0F00
0F00
0E00
ENDCHAR
STARTCHAR uniFF20
ENCODING 65312
SWIDTH 1000 0
DWIDTH 24 0
BBX 22 22 1 -2
BITMAP
01FF80
03FFC0
0F00F0
1E0070
3C0038
380018
707B1C
70FF1C
61C60C
E3860C
E3861C
E38E1C
E38E18
E39E38
E3FFF0
61F7E0
700100
380000
3C0000
1F0200
0FFF00
03FC00
ENDCHAR
STARTCHAR uniFF21
ENCODING 65313
SWIDTH 1000 0
DWIDTH 24 0
BBX 18 18 3 0
BITMAP
01E000
03F000
03F000
07F000
077800
073800
0F3800
0E3C00
0E1C00
1E1E00
1C1E00
1FFE00
3FFF00
3C0F00
380700
780780
780780
F003C0
ENDCHAR
STARTCHAR uniFF22
ENCODING 65314
SWIDTH 1000 0
DWIDTH 24 0
BBX 15 18 5 0
BITMAP
FFC0
FFF8
FFF8
F03C
F03C
F03C
F038
FFF8
FFE0
FFF8
F03C
F01E
F01E
F01E
F01E
FFFC
FFF8
FFE0
ENDCHAR
STARTCHAR uniFF23
ENCODING 65315
SWIDTH 1000 0
DWIDTH 24 0
BBX 15 18 5 0
BITMAP
07F0
1FFC
3FFE
7C1C
7800
F000
F000
E000
E000
E000
E000
F000
F000
7804
7C0C
3FFE
1FFC
07F8
ENDCHAR
STARTCHAR uniFF24
ENCODING 65316
SWIDTH 1000 0
DWIDTH 24 0
BBX 15 18 5 0
BITMAP
FF00
FFE0
FFF8
E0F8
E03C
E01C
E01E
E01E
E01E
E01E
E01E
E01E
E01C
E03C
E0F8
FFF8
FFE0
FF80
ENDCHAR
STARTCHAR uniFF25
ENCODING 65317
SWIDTH 1000 0
DWIDTH 24 0
BBX 13 18 6 0
BITMAP
FFF0
FFF0
FFF0
F000
F000
F000
F000
FFC0
FFC0
FFC0
F000
F000
F000
F000
F000
FFF8
FFF8
FFF8
ENDCHAR
STARTCHAR uniFF26
ENCODING 65318
SWIDTH 1000 0
DWIDTH 24 0
BBX 12 18 7 0
BITMAP
FFF0
FFF0
FFF0
E000
E000
E000
E000
E000
FFC0
FFC0
FFC0
E000
E000
E000
E000
E000
E000
E000
ENDCHAR
STARTCHAR uniFF27
ENCODING 65319
SWIDTH 1000 0
DWIDTH 24 0
BBX 16 18 4 0
BITMAP
03F8
0FFE
3FFF
3E0C
7800
7800
F000
F000
F07F
F07F
F07F
F007
F007
7807
7C07
3FFF
1FFE
07FC
ENDCHAR
STARTCHAR uniFF28
ENCODING 65320
SWIDTH 1000 0
DWIDTH 24 0
BBX 16 18 4 0
BITMAP
F00F
F00F
F00F
F00F
F00F
F00F
F00F
FFFF
FFFF
FFFF
F00F
F00F
F00F
F00F
F00F
F00F
F00F
F00F
ENDCHAR
STARTCHAR uniFF29
ENCODING 65321
SWIDTH 1000 0
DWIDTH 24 0
BBX 14 18 5 0
BITMAP
FFFC
FFFC
FFFC
0780
0780
0780
0780
0780
0780
0780
0780
0780
0780
0780
0780
FFFC
FFFC
FFFC
ENDCHAR
STARTCHAR uniFF2A
ENCODING 65322
SWIDTH 1000 0
DWIDTH 24 0
BBX 12 18 5 0
BITMAP
0070
0070
0070
0070
0070
0070
0070
0070
0070
0070
0070
0070
0070
2070
70F0
FFE0
7FE0
1FC0
ENDCHAR
STARTCHAR uniFF2B
ENCODING 65323
SWIDTH 1000 0
DWIDTH 24 0
BBX 16 18 5 0
BITMAP
F01E
F03C
F078
F0F0
F1E0
F3C0
F780
FF80
FFC0
FFC0
FDE0
F8F0
F0F0
F078
F03C
F03C
F01E
F00F
ENDCHAR
STARTCHAR uniFF2C
ENCODING 65324
SWIDTH 1000 0
DWIDTH 24 0
BBX 12 18 7 0
BITMAP
E000
E000
E000
E000
E000
E000
E000
E000
E000
E000
E000
E000
E000
E000
E000
FFF0
FFF0
FFF0
ENDCHAR
STARTCHAR uniFF2D
ENCODING 65325
SWIDTH 1000 0
DWIDTH 24 0
BBX 18 18 3 0
BITMAP
F003C0
F807C0
F807C0
F807C0
FC0FC0
FC0FC0
EE1DC0
EE1DC0
EF39C0
E739C0
E739C0
E3F1C0
E3F1C0
E1E1C0
E1E1C0
E0C1C0
E001C0
E001C0
ENDCHAR
STARTCHAR uniFF2E
ENCODING 65326
SWIDTH 1000 0
DWIDTH 24 0
BBX 14 18 5 0
BITMAP
E01C
F01C
F81C
F81C
FC1C
FE1C
EE1C
EF1C
E71C
E79C
E3DC
E1DC
E1FC
E0EC
E07C
E07C
E03C
E01C
ENDCHAR
STARTCHAR uniFF2F
ENCODING 65327
SWIDTH 1000 0
DWIDTH 24 0
BBX 18 18 3 0
BITMAP
07F800
0FFC00
3FFF00
3E1F00
780780
780780
F003C0
F003C0
F003C0
F003C0
F003C0
F003C0
780780
780780
3C0F00
3FFF00
1FFE00
07F800
ENDCHAR
STARTCHAR uniFF30
ENCODING 65328
SWIDTH 1000 0
DWIDTH 24 0
BBX 14 18 6 0
BITMAP
FF80
FFF0
FFF8
E078
E03C
E03C
E03C
E038
E0F8
FFF0
FFE0
FF00
E000
E000
E000
E000
E000
E000
ENDCHAR
STARTCHAR uniFF31
ENCODING 65329
SWIDTH 1000 0
DWIDTH 24 0
BBX 19 23 3 -5
BITMAP
07F800
0FFC00
3FFF00
3E1F00
780780
780780
F003C0
F003C0
F003C0
F003C0
F003C0
F003C0
700780
780780
3C0F00
3FFF00
1FFE00
07F800
01E000
00F800
007FC0
003FE0
0007C0
ENDCHAR
STARTCHAR uniFF32
ENCODING 65330
SWIDTH 1000 0
DWIDTH 24 0
BBX 15 18 5 0
BITMAP
FFC0
FFF8
FFFC
F03C
F01C
F01C
F01C
F03C
FFFC
FFF8
FFE0
F1E0
F0F0
F070
F078
F03C
F03C
F01E
ENDCHAR
STARTCHAR uniFF33
ENCODING 65331
SWIDTH 1000 0
DWIDTH 24 0
BBX 14 18 5 0
BITMAP
0FE0
3FF8
7FFC
7838
7010
7000
7C00
7F80
3FE0
0FF8
01FC
007C
001C
401C
703C
FFFC
7FF8
1FE0
ENDCHAR
STARTCHAR uniFF34
ENCODING 65332
SWIDTH 1000 0
DWIDTH 24 0
BBX 16 18 4 0
BITMAP
FFFF
FFFF
FFFF
03C0
03C0
03C0
03C0
03C0
03C0
03C0
03C0
03C0
03C0
03C0
03C0
03C0
03C0
03C0
ENDCHAR
STARTCHAR uniFF35
ENCODING 65333
SWIDTH 1000 0
DWIDTH 24 0
BBX 16 18 4 0
BITMAP
F00F
F00F
F00F
F00F
F00F
F00F
F00F
F00F
F00F
F00F
F00F
700F
700F
780E
781E
3FFC
1FFC
0FF0
ENDCHAR
STARTCHAR uniFF36
ENCODING 65334
SWIDTH 1000 0
DWIDTH 24 0
BBX 16 18 4 0
BITMAP
E007
F00F
F00F
700E
781E
381C
381C
3C3C
1C38
1C38
1E78
0E70
0E70
0F70
07E0
07E0
07E0
03C0
ENDCHAR
STARTCHAR uniFF37
ENCODING 65335
SWIDTH 1000 0
DWIDTH 24 0
BBX 24 18 0 0
BITMAP
F01C0F
703C0E
703C0E
783E0E
787E1E
787E1E
387E1C
38671C
3CE71C
3CE73C
1CE738
1CC3B8
1DC3B8
1FC3B8
0FC3F8
0F81F0
0F81F0
0F81F0
ENDCHAR
STARTCHAR uniFF38
ENCODING 65336
SWIDTH 1000 0
DWIDTH 24 0
BBX 16 18 4 0
BITMAP
F80F
781E
3C1C
3C38
1E78
0E70
0FF0
07E0
03C0
07C0
07E0
0FF0
0E70
1C78
3C3C
383C
781E
F00F
ENDCHAR
STARTCHAR uniFF39
ENCODING 65337
SWIDTH 1000 0
DWIDTH 24 0
BBX 16 18 4 0
BITMAP
F00F
781E
781E
3C3C
3C3C
1E38
0E70
0F70
07E0
07E0
03C0
03C0
03C0
03C0
03C0
03C0
03C0
03C0
ENDCHAR
STARTCHAR uniFF3A
ENCODING 65338
SWIDTH 1000 0
DWIDTH 24 0
BBX 14 18 5 0
BITMAP
7FFC
7FFC
7FFC
0078
00F0
00F0
01E0
03C0
0780
0780
0F00
1E00
3C00
3C00
7800
FFFC
FFFC
FFFC
ENDCHAR
STARTCHAR uniFF3B
ENCODING 65339
SWIDTH 1000 0
DWIDTH 24 0
BBX 6 22 17 -2
BITMAP
FC
E0
E0
E0
E0
E0
E0
E0
E0
E0
E0
E0
E0
E0
E0
E0
E0
E0
E0
E0
FC
FC
ENDCHAR
STARTCHAR uniFF3C
ENCODING 65340
SWIDTH 1000 0
DWIDTH 24 0
BBX 22 22 1 -2
BITMAP
800000
400000
200000
100000
080000
040000
020000
010000
008000
004000
002000
001000
000800
000400
000200
000100
000080
000040
000020
000010
000008
000004
ENDCHAR
STARTCHAR uniFF3D
ENCODING 65341
SWIDTH 1000 0
DWIDTH 24 0
BBX 6 22 1 -2
BITMAP
FC
1C
1C
1C
1C
1C
1C
1C
1C
1C
1C
1C
1C
1C
1C
1C
1C
1C
1C
1C
FC
FC
ENDCHAR
STARTCHAR uniFF3E
ENCODING 65342
SWIDTH 1000 0
DWIDTH 24 0
BBX 8 4 8 19
BITMAP
1C
3E
77
E3
ENDCHAR
STARTCHAR uniFF3F
ENCODING 65343
SWIDTH 1000 0
DWIDTH 24 0
BBX 24 1 0 -3
BITMAP
FFFFFF
ENDCHAR
STARTCHAR uniFF40
ENCODING 65344
SWIDTH 1000 0
DWIDTH 24 0
BBX 6 3 8 20
BITMAP
F0
70
3C
ENDCHAR
STARTCHAR uniFF41
ENCODING 65345
SWIDTH 1000 0
DWIDTH 24 0
BBX 12 14 6 0
BITMAP
0F80
7FE0
FFE0
60F0
0070
01F0
1FF0
7FF0
F070
E070
E0F0
F3F0
FFF0
7E70
ENDCHAR
STARTCHAR uniFF42
ENCODING 65346
SWIDTH 1000 0
DWIDTH 24 0
BBX 13 19 6 0
BITMAP
E000
E000
E000
E000
E000
E380
FFE0
FFF0
F8F8
E078
E078
E038
E038
E078
E078
E0F8
FFF0
FFE0
CFC0
ENDCHAR
STARTCHAR uniFF43
ENCODING 65347
SWIDTH 1000 0
DWIDTH 24 0
BBX 13 14 6 0
BITMAP
07C0
1FF0
3FF0
7C20
F000
F000
E000
E000
E000
F000
F830
7FF0
3FF8
0FE0
ENDCHAR
STARTCHAR uniFF44
ENCODING 65348
SWIDTH 1000 0
DWIDTH 24 0
BBX 13 19 5 0
BITMAP
0038
0038
0038
0038
0038
0F38
3FF8
7FF8
7878
F038
F038
E038
E038
E038
F038
F878
7FF8
3FF8
1F98
ENDCHAR
STARTCHAR uniFF45
ENCODING 65349
SWIDTH 1000 0
DWIDTH 24 0
BBX 14 14 5 0
BITMAP
07C0
1FF0
3FF8
7838
703C
F01C
FFFC
FFFC
F000
F000
7800
3E78
3FF8
0FF0
ENDCHAR
STARTCHAR uniFF46
ENCODING 65350
SWIDTH 1000 0
DWIDTH 24 0
BBX 14 19 6 0
BITMAP
03FC
07F8
0F88
0F00
0E00
0E00
FFF0
FFF0
0E00
0E00
0E00
0E00
0E00
0E00
0E00
0E00
0E00
0E00
0E00
ENDCHAR
STARTCHAR uniFF47
ENCODING 65351
SWIDTH 1000 0
DWIDTH 24 0
BBX 14 20 5 -6
BITMAP
0780
3FFC
3FFC
7870
7070
7070
7070
3DF0
1FE0
3780
7000
7000
7FF8
3FFC
703C
E01C
E01C
F8F8
7FF0
1FC0
ENDCHAR
STARTCHAR uniFF48
ENCODING 65352
SWIDTH 1000 0
DWIDTH 24 0
BBX 13 19 6 0
BITMAP
E000
E000
E000
E000
E000
E3C0
EFE0
FFF0
F8F0
E070
E078
E078
E078
E078
E078
E078
E078
E078
E078
ENDCHAR
STARTCHAR uniFF49
ENCODING 65353
SWIDTH 1000 0
DWIDTH 24 0
BBX 4 20 10 0
BITMAP
60
F0
F0
F0
00
00
00
F0
F0
F0
F0
F0
F0
F0
F0
F0
F0
F0
F0
F0
ENDCHAR
STARTCHAR uniFF4A
ENCODING 65354
SWIDTH 1000 0
DWIDTH 24 0
BBX 11 26 5 -6
BITMAP
01C0
03E0
03E0
01C0
0000
0000
0000
01C0
01C0
01C0
01C0
01C0
01C0
01C0
01C0
01C0
01C0
01C0
01C0
01C0
01C0
03C0
47C0
7F80
FF00
0800
ENDCHAR
STARTCHAR uniFF4B
ENCODING 65355
SWIDTH 1000 0
DWIDTH 24 0
BBX 14 19 6 0
BITMAP
F000
F000
F000
F000
F000
F008
F0F0
F1E0
F3C0
F780
FF00
FF00
FF80
FFC0
F9C0
F1E0
F0F0
F078
F07C
ENDCHAR
STARTCHAR uniFF4C
ENCODING 65356
SWIDTH 1000 0
DWIDTH 24 0
BBX 9 19 10 0
BITMAP
E000
E000
E000
E000
E000
E000
E000
E000
E000
E000
E000
E000
E000
E000
E000
F000
FF00
7F00
3F80
ENDCHAR
STARTCHAR uniFF4D
ENCODING 65357
SWIDTH 1000 0
DWIDTH 24 0
BBX 22 14 1 0
BITMAP
03C0E0
E7F3F8
FFF7F8
FCFE7C
F0783C
F0783C
F0783C
F0783C
F0783C
F0783C
F0783C
F0783C
F0783C
F0783C
ENDCHAR
STARTCHAR uniFF4E
ENCODING 65358
SWIDTH 1000 0
DWIDTH 24 0
BBX 13 14 6 0
BITMAP
03C0
EFE0
FFF0
F8F0
E078
E078
E078
E078
E078
E078
E078
E078
E078
E078
ENDCHAR
STARTCHAR uniFF4F
ENCODING 65359
SWIDTH 1000 0
DWIDTH 24 0
BBX 14 14 5 0
BITMAP
0780
1FE0
3FF0
7878
F03C
F03C
F03C
F03C
F03C
F03C
7878
7FF8
3FF0
0FC0
ENDCHAR
STARTCHAR uniFF50
ENCODING 65360
SWIDTH 1000 0
DWIDTH 24 0
BBX 13 19 6 -5
BITMAP
0380
FFE0
FFF0
F8F8
E078
E078
E038
E038
E078
E078
E0F8
FFF0
FFE0
EFC0
E000
E000
E000
E000
E000
ENDCHAR
STARTCHAR uniFF51
ENCODING 65361
SWIDTH 1000 0
DWIDTH 24 0
BBX 13 19 5 -5
BITMAP
0F00
3FD8
7FF8
7878
F038
F038
E038
E038
F038
F038
F078
7FF8
7FF8
1FB8
0038
0038
0038
0038
0038
ENDCHAR
STARTCHAR uniFF52
ENCODING 65362
SWIDTH 1000 0
DWIDTH 24 0
BBX 12 14 7 0
BITMAP
01E0
E7F0
EFE0
FE20
F800
F000
F000
F000
F000
F000
F000
F000
F000
F000
ENDCHAR
STARTCHAR uniFF53
ENCODING 65363
SWIDTH 1000 0
DWIDTH 24 0
BBX 13 14 5 0
BITMAP
07C0
1FF0
3FF8
7830
7800
7E00
3FC0
0FF0
01F8
0078
2038
7878
FFF0
1FE0
ENDCHAR
STARTCHAR uniFF54
ENCODING 65364
SWIDTH 1000 0
DWIDTH 24 0
BBX 14 17 5 0
BITMAP
0E00
0E00
0E00
0E00
FFF8
FFF8
0E00
0E00
0E00
0E00
0E00
0E00
0E00
0F00
0FD8
07FC
03FC
ENDCHAR
STARTCHAR uniFF55
ENCODING 65365
SWIDTH 1000 0
DWIDTH 24 0
BBX 12 13 6 0
BITMAP
E070
E070
E070
E070
E070
E070
E070
E070
E070
F0F0
FFF0
FFF0
7E70
ENDCHAR
STARTCHAR uniFF56
ENCODING 65366
SWIDTH 1000 0
DWIDTH 24 0
BBX 14 13 5 0
BITMAP
F03C
7038
7038
7878
3870
3870
1CF0
1CE0
1CE0
0FC0
0FC0
0FC0
0780
ENDCHAR
STARTCHAR uniFF57
ENCODING 65367
SWIDTH 1000 0
DWIDTH 24 0
BBX 22 13 1 0
BITMAP
F0783C
707838
707838
78FC78
38FC70
38CC70
3CCE70
1DCEE0
1DCEE0
1D87E0
1F87E0
0F87C0
0F03C0
ENDCHAR
STARTCHAR uniFF58
ENCODING 65368
SWIDTH 1000 0
DWIDTH 24 0
BBX 14 13 5 0
BITMAP
F87C
3C70
3CF0
1EE0
0FC0
0FC0
0F80
0FC0
1DE0
3CE0
38F0
7878
F03C
ENDCHAR
STARTCHAR uniFF59
ENCODING 65369
SWIDTH 1000 0
DWIDTH 24 0
BBX 14 18 5 -5
BITMAP
F03C
7038
7838
3878
3870
3C70
1CF0
1EE0
0EE0
0FC0
07C0
07C0
0380
0780
0700
5F00
7E00
7C00
ENDCHAR
STARTCHAR uniFF5A
ENCODING 65370
SWIDTH 1000 0
DWIDTH 24 0
BBX 12 13 6 0
BITMAP
7FF0
7FF0
01E0
03C0
0380
0780
0F00
1E00
3C00
7800
7FF0
FFF0
FFF0
ENDCHAR
STARTCHAR uniFF5B
ENCODING 65371
SWIDTH 1000 0
DWIDTH 24 0
BBX 7 23 16 -2
BITMAP
06
1E
1C
38
38
38
18
18
18
18
38
F0
F0
38
18
18
18
18
38
38
38
1E
1E
ENDCHAR
STARTCHAR uniFF5C
ENCODING 65372
SWIDTH 1000 0
DWIDTH 24 0
BBX 2 24 11 -3
BITMAP
C0
C0
C0
C0
C0
C0
C0
C0
C0
C0
C0
C0
C0
C0
C0
C0
C0
C0
C0
C0
C0
C0
C0
C0
ENDCHAR
STARTCHAR uniFF5D
ENCODING 65373
SWIDTH 1000 0
DWIDTH 24 0
BBX 7 23 1 -2
BITMAP
C0
F0
70
38
38
38
30
30
30
30
38
1E
1E
38
30
30
30
30
38
38
38
F0
F0
ENDCHAR
STARTCHAR uniFF5E
ENCODING 65374
SWIDTH 1000 0
DWIDTH 24 0
BBX 22 8 1 5
BITMAP
0F8000
1FE000
7FF018
78F83C
F03EF8
601FF0
000FE0
000100
ENDCHAR
STARTCHAR uniFF5F
ENCODING 65375
SWIDTH 1000 0
DWIDTH 24 0
BBX 10 23 13 -2
BITMAP
0880
1CC0
1980
3380
3300
6700
6600
6600
CE00
CC00
CC00
CC00
CC00
CC00
CC00
EE00
6600
6600
7700
3300
3380
1980
1CC0
ENDCHAR
STARTCHAR uniFF60
ENCODING 65376
SWIDTH 1000 0
DWIDTH 24 0
BBX 10 23 1 -2
BITMAP
4400
CE00
6600
7300
3300
3980
1980
1980
1CC0
0CC0
0CC0
0CC0
0CC0
0CC0
0CC0
1DC0
1980
1980
3B80
3300
7300
6600
CE00
ENDCHAR
STARTCHAR uniFF61
ENCODING 65377
SWIDTH 500 0
DWIDTH 12 0
BBX 7 8 1 -2
BITMAP
38
7E
C6
82
82
C6
7C
38
ENDCHAR
STARTCHAR uniFF62
ENCODING 65378
SWIDTH 500 0
DWIDTH 12 0
BBX 8 15 3 5
BITMAP
FF
FF
E0
E0
E0
E0
E0
E0
E0
E0
E0
E0
E0
E0
E0
ENDCHAR
STARTCHAR uniFF63
ENCODING 65379
SWIDTH 500 0
DWIDTH 12 0
BBX 8 15 1 -2
BITMAP
07
07
07
07
07
07
07
07
07
07
07
07
07
FF
FF
ENDCHAR
STARTCHAR uniFF64
ENCODING 65380
SWIDTH 500 0
DWIDTH 12 0
BBX 8 8 0 -2
BITMAP
20
70
F8
3C
1E
0F
06
04
ENDCHAR
STARTCHAR uniFF65
ENCODING 65381
SWIDTH 500 0
DWIDTH 12 0
BBX 4 4 4 7
BITMAP
F0
F0
F0
F0
ENDCHAR
STARTCHAR uniFF66
ENCODING 65382
SWIDTH 500 0
DWIDTH 12 0
BBX 9 18 2 -1
BITMAP
FF00
FF80
FF80
0380
0300
0300
FF00
FF00
FF00
0700
0600
0600
0E00
1C00
3C00
7800
7000
2000
ENDCHAR
STARTCHAR uniFF67
ENCODING 65383
SWIDTH 500 0
DWIDTH 12 0
BBX 9 15 2 -1
BITMAP
FF00
FF80
FF00
0300
1B00
1E00
1E00
1C00
1800
1800
3000
3000
7000
E000
6000
ENDCHAR
STARTCHAR uniFF68
ENCODING 65384
SWIDTH 500 0
DWIDTH 12 0
BBX 8 16 1 -1
BITMAP
02
03
03
07
0E
1C
3C
7C
FC
6C
0C
0C
0C
0C
0C
0C
ENDCHAR
STARTCHAR uniFF69
ENCODING 65385
SWIDTH 500 0
DWIDTH 12 0
BBX 8 16 2 -1
BITMAP
18
18
19
FF
FF
C3
C3
C3
C7
07
06
06
0E
1C
38
30
ENDCHAR
STARTCHAR uniFF6A
ENCODING 65386
SWIDTH 500 0
DWIDTH 12 0
BBX 8 13 2 0
BITMAP
FF
FF
FF
18
18
18
18
18
18
18
FF
FF
FF
ENDCHAR
STARTCHAR uniFF6B
ENCODING 65387
SWIDTH 500 0
DWIDTH 12 0
BBX 8 16 2 -1
BITMAP
0C
0C
0C
FF
FF
FF
1C
1C
3C
3C
6C
EC
CC
9C
1C
1C
ENDCHAR
STARTCHAR uniFF6C
ENCODING 65388
SWIDTH 500 0
DWIDTH 12 0
BBX 9 16 1 -1
BITMAP
1000
3000
3180
3780
3F80
FD80
7980
5B00
1B00
1B00
1800
1C00
0C00
0C00
0C00
0C00
ENDCHAR
STARTCHAR uniFF6D
ENCODING 65389
SWIDTH 500 0
DWIDTH 12 0
BBX 8 13 2 0
BITMAP
7C
7E
7E
06
06
06
0E
0E
0E
0C
FF
FF
FF
ENDCHAR
STARTCHAR uniFF6E
ENCODING 65390
SWIDTH 500 0
DWIDTH 12 0
BBX 7 14 3 -1
BITMAP
FE
FE
FE
0E
0E
FE
FE
FE
0E
0E
FE
FE
FE
0E
ENDCHAR
STARTCHAR uniFF6F
ENCODING 65391
SWIDTH 500 0
DWIDTH 12 0
BBX 9 16 1 -2
BITMAP
0800
5980
CD80
6D80
6D80
6980
6380
0300
0300
0700
0600
0E00
1C00
3C00
1800
1000
ENDCHAR
STARTCHAR uniFF70
ENCODING 65392
SWIDTH 500 0
DWIDTH 12 0
BBX 10 4 1 7
BITMAP
FFC0
FFC0
FFC0
FFC0
ENDCHAR
STARTCHAR uniFF71
ENCODING 65393
SWIDTH 500 0
DWIDTH 12 0
BBX 11 18 1 -1
BITMAP
FFC0
FFE0
FFC0
01C0
1DC0
0D80
0F80
0F00
0D00
1C00
1C00
1C00
1800
1800
3800
7000
F000
2000
ENDCHAR
STARTCHAR uniFF72
ENCODING 65394
SWIDTH 500 0
DWIDTH 12 0
BBX 10 20 1 -1
BITMAP
0080
0180
01C0
0380
0380
0700
0E00
1E00
7E00
FE00
F600
C600
8600
0600
0600
0600
0600
0600
0600
0600
ENDCHAR
STARTCHAR uniFF73
ENCODING 65395
SWIDTH 500 0
DWIDTH 12 0
BBX 10 20 1 -1
BITMAP
0C00
0C00
0C00
8C80
FFC0
FFC0
E1C0
E1C0
E1C0
E1C0
E180
E180
0180
0380
0380
0700
0F00
3E00
1C00
1800
ENDCHAR
STARTCHAR uniFF74
ENCODING 65396
SWIDTH 500 0
DWIDTH 12 0
BBX 10 17 1 0
BITMAP
FFC0
FFC0
FFC0
FFC0
0C00
0C00
0C00
0C00
0C00
0C00
0C00
0C00
0C00
FFC0
FFC0
FFC0
8040
ENDCHAR
STARTCHAR uniFF75
ENCODING 65397
SWIDTH 500 0
DWIDTH 12 0
BBX 10 20 1 -1
BITMAP
0700
0700
0700
0700
FFC0
FFC0
FFC0
0700
0F00
0F00
1F00
1B00
3B00
7300
F300
E300
4300
4F00
0F00
0E00
ENDCHAR
STARTCHAR uniFF76
ENCODING 65398
SWIDTH 500 0
DWIDTH 12 0
BBX 11 20 0 -1
BITMAP
0E00
0E00
0E00
0E00
7FC0
7FE0
7FE0
0C60
0C60
0C60
0C60
1C60
1C60
18E0
18E0
38C0
34C0
F3C0
63C0
2380
ENDCHAR
STARTCHAR uniFF77
ENCODING 65399
SWIDTH 500 0
DWIDTH 12 0
BBX 10 20 1 -1
BITMAP
0800
1C00
1C00
1F80
1F80
FF80
FC00
EC00
0C00
0CC0
0FC0
3FC0
FF00
FE00
CE00
0E00
0E00
0600
0600
0600
ENDCHAR
STARTCHAR uniFF78
ENCODING 65400
SWIDTH 500 0
DWIDTH 12 0
BBX 10 21 1 -1
BITMAP
1000
0C00
1C00
1C00
1F80
1FC0
3FC0
3180
7180
7180
E380
6380
0300
0700
0700
0E00
1E00
1C00
3800
7800
3000
ENDCHAR
STARTCHAR uniFF79
ENCODING 65401
SWIDTH 500 0
DWIDTH 12 0
BBX 11 20 0 -1
BITMAP
1800
1C00
1C00
1800
1FE0
3FE0
3FE0
3380
7380
7300
E300
2300
0300
0300
0700
0600
0E00
1E00
1C00
0800
ENDCHAR
STARTCHAR uniFF7A
ENCODING 65402
SWIDTH 500 0
DWIDTH 12 0
BBX 9 17 2 0
BITMAP
FF00
FF00
FF00
FF00
0300
0300
0300
0300
0300
0300
0300
0300
0300
FF00
FF00
FF00
0380
ENDCHAR
STARTCHAR uniFF7B
ENCODING 65403
SWIDTH 500 0
DWIDTH 12 0
BBX 10 20 1 -1
BITMAP
0300
3300
3300
3300
3300
FFC0
FFC0
FFC0
3300
3300
3300
3300
3300
0300
0700
0600
0E00
1E00
1C00
0800
ENDCHAR
STARTCHAR uniFF7C
ENCODING 65404
SWIDTH 500 0
DWIDTH 12 0
BBX 10 20 1 -1
BITMAP
2000
3000
3800
3C00
1800
8880
4080
E0C0
F0C0
71C0
21C0
0380
0380
0700
0F00
1E00
3C00
F800
7000
6000
ENDCHAR
STARTCHAR uniFF7D
ENCODING 65405
SWIDTH 500 0
DWIDTH 12 0
BBX 10 18 1 -1
BITMAP
7F80
7FC0
7F80
0380
0380
0300
0700
0700
0600
0E00
1F00
1F80
3B80
7BC0
71C0
E1C0
E0C0
4080
ENDCHAR
STARTCHAR uniFF7E
ENCODING 65406
SWIDTH 500 0
DWIDTH 12 0
BBX 11 20 0 -1
BITMAP
1C00
1800
1800
1840
18E0
1FE0
3FE0
FFE0
78C0
79C0
1980
1B80
1980
1800
1800
1800
1C60
1FE0
0FE0
0780
ENDCHAR
STARTCHAR uniFF7F
ENCODING 65407
SWIDTH 500 0
DWIDTH 12 0
BBX 10 19 1 -1
BITMAP
4100
41C0
E1C0
E1C0
61C0
61C0
7180
7180
2380
0380
0300
0700
0700
0E00
0E00
1C00
3C00
3800
1000
ENDCHAR
STARTCHAR uniFF80
ENCODING 65408
SWIDTH 500 0
DWIDTH 12 0
BBX 10 22 1 -2
BITMAP
0800
0C00
1C00
1800
1F80
3FC0
3FC0
7180
7180
E980
FF80
DF00
4F00
0700
0780
0F80
1F00
1D00
3800
7800
7000
2000
ENDCHAR
STARTCHAR uniFF81
ENCODING 65409
SWIDTH 500 0
DWIDTH 12 0
BBX 10 20 1 -1
BITMAP
0100
0780
7F80
7F00
7E00
0E00
0E00
0E00
FFC0
FFC0
FFC0
0C00
0C00
0C00
1C00
1C00
3800
3800
7000
3000
ENDCHAR
STARTCHAR uniFF82
ENCODING 65410
SWIDTH 500 0
DWIDTH 12 0
BBX 11 19 0 -1
BITMAP
0400
0C40
EE60
6660
6660
66E0
76E0
30C0
20C0
00C0
01C0
0180
0380
0380
0700
0E00
3E00
1C00
1800
ENDCHAR
STARTCHAR uniFF83
ENCODING 65411
SWIDTH 500 0
DWIDTH 12 0
BBX 10 19 1 -1
BITMAP
7F80
7F80
7F80
0000
0000
0000
FFC0
FFC0
FFC0
0C00
0C00
0C00
0C00
1C00
1C00
1800
3800
7000
3000
ENDCHAR
STARTCHAR uniFF84
ENCODING 65412
SWIDTH 500 0
DWIDTH 12 0
BBX 7 20 3 -1
BITMAP
E0
E0
E0
E0
E0
E0
E0
F0
F8
FC
FE
EE
E6
E2
E0
E0
E0
E0
E0
E0
ENDCHAR
STARTCHAR uniFF85
ENCODING 65413
SWIDTH 500 0
DWIDTH 12 0
BBX 10 20 1 -1
BITMAP
0E00
0E00
0E00
0E00
0E00
FFC0
FFC0
FFC0
8E40
0E00
0E00
0C00
0C00
1C00
1C00
1C00
3800
7800
7000
3000
ENDCHAR
STARTCHAR uniFF86
ENCODING 65414
SWIDTH 500 0
DWIDTH 12 0
BBX 10 15 1 1
BITMAP
7F80
7F80
7F80
0000
0000
0000
0000
0000
0000
0000
0000
8040
FFC0
FFC0
FFC0
ENDCHAR
STARTCHAR uniFF87
ENCODING 65415
SWIDTH 500 0
DWIDTH 12 0
BBX 9 19 1 -1
BITMAP
0080
7F80
7F80
7F80
0380
0380
2300
3300
7F00
1F00
1E00
0E00
0F00
1F80
3F80
7980
F180
7100
6000
ENDCHAR
STARTCHAR uniFF88
ENCODING 65416
SWIDTH 500 0
DWIDTH 12 0
BBX 11 21 1 -2
BITMAP
0E00
0C00
0C00
7F80
7FC0
7F80
0380
0300
0700
0600
0E00
1C80
7DC0
FCE0
FCE0
CC40
8C40
0C00
0C00
0C00
0E00
ENDCHAR
STARTCHAR uniFF89
ENCODING 65417
SWIDTH 500 0
DWIDTH 12 0
BBX 9 19 1 -1
BITMAP
0300
0380
0380
0380
0380
0300
0700
0700
0700
0E00
0E00
0E00
1C00
1C00
3800
7800
F000
6000
4000
ENDCHAR
STARTCHAR uniFF8A
ENCODING 65418
SWIDTH 500 0
DWIDTH 12 0
BBX 12 17 0 0
BITMAP
1080
1F80
1980
19C0
19C0
18C0
38C0
38C0
38E0
30E0
30E0
3060
7060
7060
6070
E070
6040
ENDCHAR
STARTCHAR uniFF8B
ENCODING 65419
SWIDTH 500 0
DWIDTH 12 0
BBX 8 19 2 -1
BITMAP
C0
C0
C0
C2
C6
CF
FE
FC
F0
C0
C0
C0
C0
C0
C0
F3
FF
7F
3E
ENDCHAR
STARTCHAR uniFF8C
ENCODING 65420
SWIDTH 500 0
DWIDTH 12 0
BBX 9 18 2 -1
BITMAP
FF00
FF80
FF80
8380
0380
0380
0300
0300
0700
0700
0600
0E00
0E00
1C00
3C00
F800
7000
2000
ENDCHAR
STARTCHAR uniFF8D
ENCODING 65421
SWIDTH 500 0
DWIDTH 12 0
BBX 12 16 0 0
BITMAP
0C00
0C00
1E00
1E00
3F00
3300
7380
7380
E1C0
61C0
60E0
40E0
0070
0060
0060
0040
ENDCHAR
STARTCHAR uniFF8E
ENCODING 65422
SWIDTH 500 0
DWIDTH 12 0
BBX 12 20 0 -1
BITMAP
0600
0600
0600
0600
7FE0
7FE0
7FE0
0600
0600
2640
36C0
36C0
3660
6660
6660
E670
4640
1E00
0E00
0E00
ENDCHAR
STARTCHAR uniFF8F
ENCODING 65423
SWIDTH 500 0
DWIDTH 12 0
BBX 11 18 1 -1
BITMAP
FF80
FFC0
FFE0
81C0
01C0
0180
0380
2380
3700
7700
3E00
1C00
1C00
0E00
0E00
0700
0700
0200
ENDCHAR
STARTCHAR uniFF90
ENCODING 65424
SWIDTH 500 0
DWIDTH 12 0
BBX 8 20 2 -1
BITMAP
40
78
7E
3F
0F
03
00
60
78
FE
1E
06
02
00
E0
F8
FE
3F
0F
02
ENDCHAR
STARTCHAR uniFF91
ENCODING 65425
SWIDTH 500 0
DWIDTH 12 0
BBX 12 19 0 -1
BITMAP
0E00
0E00
0E00
0C00
0C00
1C00
1C00
1C00
1980
19C0
39C0
39C0
38C0
38E0
FFE0
7FE0
7FE0
7070
0040
ENDCHAR
STARTCHAR uniFF92
ENCODING 65426
SWIDTH 500 0
DWIDTH 12 0
BBX 10 20 1 -1
BITMAP
0200
0380
0380
0380
2300
3300
7300
3F00
1F00
1E00
0E00
0F00
1F80
1F80
39C0
3880
7080
F000
E000
4000
ENDCHAR
STARTCHAR uniFF93
ENCODING 65427
SWIDTH 500 0
DWIDTH 12 0
BBX 10 18 1 -1
BITMAP
7F80
7F80
7F80
1800
1800
1800
9840
FFC0
FFC0
9840
1800
1800
1800
1800
1CC0
1FC0
0FC0
0780
ENDCHAR
STARTCHAR uniFF94
ENCODING 65428
SWIDTH 500 0
DWIDTH 12 0
BBX 12 20 0 -1
BITMAP
0800
3800
3800
18E0
1BF0
1FE0
FFE0
7CE0
7CC0
9CC0
0DC0
0D80
0C80
0E00
0E00
0E00
0E00
0600
0600
0600
ENDCHAR
STARTCHAR uniFF95
ENCODING 65429
SWIDTH 500 0
DWIDTH 12 0
BBX 10 16 1 1
BITMAP
0100
7F80
7F80
7F80
0380
0380
0380
0300
0300
0300
0700
0700
0700
FFC0
FFC0
FFC0
ENDCHAR
STARTCHAR uniFF96
ENCODING 65430
SWIDTH 500 0
DWIDTH 12 0
BBX 9 17 2 0
BITMAP
FF80
FF00
FF00
0300
0300
0300
FF00
FF00
FF00
0300
0300
0300
0300
FF00
FF00
FF00
0380
ENDCHAR
STARTCHAR uniFF97
ENCODING 65431
SWIDTH 500 0
DWIDTH 12 0
BBX 9 19 2 -1
BITMAP
7F00
7F00
7F00
0000
0000
8100
FF80
FF80
0300
0300
0700
0700
0600
0E00
1E00
3C00
7800
7800
3000
ENDCHAR
STARTCHAR uniFF98
ENCODING 65432
SWIDTH 500 0
DWIDTH 12 0
BBX 8 19 2 -1
BITMAP
C7
C7
C7
C7
C7
C7
C7
C7
C7
C7
C7
C6
06
0E
0E
1C
3C
38
10
ENDCHAR
STARTCHAR uniFF99
ENCODING 65433
SWIDTH 500 0
DWIDTH 12 0
BBX 12 19 0 -1
BITMAP
3B00
3B00
3B00
3B00
3B00
3B00
3B00
3300
3300
3320
3320
3330
3360
33E0
73C0
73C0
E380
6300
4100
ENDCHAR
STARTCHAR uniFF9A
ENCODING 65434
SWIDTH 500 0
DWIDTH 12 0
BBX 9 19 2 -1
BITMAP
E000
C000
C000
C000
C000
C000
C000
C100
C180
C180
C380
C700
C700
CE00
DC00
FC00
F800
E000
4000
ENDCHAR
STARTCHAR uniFF9B
ENCODING 65435
SWIDTH 500 0
DWIDTH 12 0
BBX 10 17 1 0
BITMAP
FFC0
7FC0
7FC0
61C0
61C0
61C0
61C0
61C0
61C0
61C0
61C0
61C0
61C0
7FC0
7FC0
7FC0
E1C0
ENDCHAR
STARTCHAR uniFF9C
ENCODING 65436
SWIDTH 500 0
DWIDTH 12 0
BBX 10 18 1 -1
BITMAP
FF80
FFC0
FFC0
E1C0
E1C0
E1C0
E180
E180
E180
0380
0380
0300
0700
0F00
0E00
3C00
1C00
1800
ENDCHAR
STARTCHAR uniFF9D
ENCODING 65437
SWIDTH 500 0
DWIDTH 12 0
BBX 10 19 1 -1
BITMAP
4000
6000
E000
7080
3880
38C0
11C0
11C0
0180
0380
0380
0700
0700
0E00
3C00
7C00
F800
7000
4000
ENDCHAR
STARTCHAR uniFF9E
ENCODING 65438
SWIDTH 500 0
DWIDTH 12 0
BBX 7 7 0 14
BITMAP
08
1C
EC
6E
76
30
20
ENDCHAR
STARTCHAR uniFF9F
ENCODING 65439
SWIDTH 500 0
DWIDTH 12 0
BBX 4 7 1 14
BITMAP
40
F0
90
90
90
F0
60
ENDCHAR
STARTCHAR uniFFA1
ENCODING 65441
SWIDTH 917 0
DWIDTH 22 0
BBX 14 12 4 3
BITMAP
FFFC
FFFC
001C
001C
001C
001C
001C
001C
001C
001C
001C
001C
ENDCHAR
STARTCHAR uniFFA2
ENCODING 65442
SWIDTH 917 0
DWIDTH 22 0
BBX 17 12 3 3
BITMAP
FF7F80
FF7F80
070780
070780
070780
070780
070780
070780
070780
070780
070780
070780
ENDCHAR
STARTCHAR uniFFA3
ENCODING 65443
SWIDTH 917 0
DWIDTH 22 0
BBX 18 12 3 3
BITMAP
FE1C00
FE1C00
FE1C00
0E1C00
0E1C00
0E3C00
0E3C00
0E3E00
0E7E00
0FF7C0
0FE780
0EC100
ENDCHAR
STARTCHAR uniFFA4
ENCODING 65444
SWIDTH 917 0
DWIDTH 22 0
BBX 14 12 4 3
BITMAP
E000
E000
E000
E000
E000
E000
E000
E000
E000
FFFC
FFFC
FFFC
ENDCHAR
STARTCHAR uniFFA5
ENCODING 65445
SWIDTH 917 0
DWIDTH 22 0
BBX 17 12 3 3
BITMAP
E1FF00
E1FF00
E03800
E03800
E03800
E03800
E07C00
E07C00
E0EE00
E7EF00
FFC780
FF8300
ENDCHAR
STARTCHAR uniFFA6
ENCODING 65446
SWIDTH 917 0
DWIDTH 22 0
BBX 16 13 3 2
BITMAP
E038
E1FF
E1FF
E1FF
E000
E07C
E0FE
E0C6
E1C7
FEC6
FEFE
FE7C
0010
ENDCHAR
STARTCHAR uniFFA7
ENCODING 65447
SWIDTH 917 0
DWIDTH 22 0
BBX 14 12 4 3
BITMAP
FFFC
FFFC
E000
E000
E000
E000
E000
E000
E000
FFFC
FFFC
FFFC
ENDCHAR
STARTCHAR uniFFA8
ENCODING 65448
SWIDTH 917 0
DWIDTH 22 0
BBX 16 12 3 3
BITMAP
FE7F
FE7F
E070
E070
E070
E070
E070
E070
E170
FF7F
FF7F
F87F
ENDCHAR
STARTCHAR uniFFA9
ENCODING 65449
SWIDTH 917 0
DWIDTH 22 0
BBX 14 12 4 3
BITMAP
FFFC
FFFC
001C
001C
FFFC
FFFC
FFFC
E000
E000
FFFC
FFFC
FFFC
ENDCHAR
STARTCHAR uniFFAA
ENCODING 65450
SWIDTH 917 0
DWIDTH 22 0
BBX 16 12 3 3
BITMAP
FFFF
FFFF
0F07
0F07
FF07
FF07
FF07
E007
E007
FF87
FF87
FF07
ENDCHAR
STARTCHAR uniFFAB
ENCODING 65451
SWIDTH 917 0
DWIDTH 22 0
BBX 17 12 3 3
BITMAP
FE7F80
FE7F80
0E6380
0E6380
FE6380
FE6380
FE6380
E06380
E06380
FF7F80
FF7F80
FE7F80
ENDCHAR
STARTCHAR uniFFAC
ENCODING 65452
SWIDTH 917 0
DWIDTH 22 0
BBX 17 12 3 3
BITMAP
FEE380
FEE380
0EE380
0EFF80
FEFF80
FEFF80
FEE380
E0E380
E0E380
FFFF80
FFFF80
FEFF80
ENDCHAR
STARTCHAR uniFFAD
ENCODING 65453
SWIDTH 917 0
DWIDTH 22 0
BBX 18 12 3 3
BITMAP
FE1C00
FE1C00
0E1C00
0E1C00
FE1C00
FE1C00
FE3C00
E03E00
E07F00
FFF7C0
FFE380
FEC100
ENDCHAR
STARTCHAR uniFFAE
ENCODING 65454
SWIDTH 917 0
DWIDTH 22 0
BBX 16 12 3 3
BITMAP
FE7F
FE7F
0E70
0E70
FE70
FE7F
FE7F
E070
E070
FF7F
FF7F
FE7F
ENDCHAR
STARTCHAR uniFFAF
ENCODING 65455
SWIDTH 917 0
DWIDTH 22 0
BBX 17 12 3 3
BITMAP
FEFF80
FEFF80
0E7700
0E7700
FE7700
FE7700
FE7700
E07700
E07700
FFFF80
FFFF80
FEFF80
ENDCHAR
STARTCHAR uniFFB0
ENCODING 65456
SWIDTH 917 0
DWIDTH 22 0
BBX 17 13 3 3
BITMAP
001C00
FE1C00
FEFF80
0EFF80
0EFF80
FE1C00
FE7F00
FE7F00
E06380
E06380
FF7700
FF7F00
FE3E00
ENDCHAR
STARTCHAR uniFFB1
ENCODING 65457
SWIDTH 917 0
DWIDTH 22 0
BBX 14 12 4 3
BITMAP
FFFC
FFFC
FFFC
E01C
E01C
E01C
E01C
E01C
E01C
FFFC
FFFC
FFFC
ENDCHAR
STARTCHAR uniFFB2
ENCODING 65458
SWIDTH 917 0
DWIDTH 22 0
BBX 14 12 4 3
BITMAP
E01C
E01C
E01C
FFFC
FFFC
FFFC
E01C
E01C
E01C
FFFC
FFFC
FFFC
ENDCHAR
STARTCHAR uniFFB3
ENCODING 65459
SWIDTH 917 0
DWIDTH 22 0
BBX 16 12 3 3
BITMAP
E767
E767
E767
FF7F
FF7F
FF7F
E767
E767
E767
FF7F
FF7F
FF7F
ENDCHAR
STARTCHAR uniFFB4
ENCODING 65460
SWIDTH 917 0
DWIDTH 22 0
BBX 18 12 3 3
BITMAP
E71C00
E71C00
E71C00
FF1C00
FF1C00
FF1C00
E71E00
E73E00
E77F00
FFF780
FFE3C0
FFC180
ENDCHAR
STARTCHAR uniFFB5
ENCODING 65461
SWIDTH 917 0
DWIDTH 22 0
BBX 16 12 3 3
BITMAP
03C0
03C0
03C0
03C0
03C0
03C0
07E0
07F0
1F78
7E7E
FC1F
700E
ENDCHAR
STARTCHAR uniFFB6
ENCODING 65462
SWIDTH 917 0
DWIDTH 22 0
BBX 19 12 2 3
BITMAP
0E0E00
0E0E00
0E0E00
0E0E00
1E1E00
1F1F00
1F1F00
3BBB80
73FBC0
F1F1E0
60E0C0
004000
ENDCHAR
STARTCHAR uniFFB7
ENCODING 65463
SWIDTH 917 0
DWIDTH 22 0
BBX 14 12 4 3
BITMAP
1FE0
3FF0
7878
F03C
E01C
E01C
E01C
E01C
703C
7FF8
3FF0
0FC0
ENDCHAR
STARTCHAR uniFFB8
ENCODING 65464
SWIDTH 917 0
DWIDTH 22 0
BBX 16 12 3 3
BITMAP
7FFE
7FFE
01C0
03C0
03C0
03C0
07E0
07F0
1E78
FE3E
781F
7006
ENDCHAR
STARTCHAR uniFFB9
ENCODING 65465
SWIDTH 917 0
DWIDTH 22 0
BBX 20 12 1 3
BITMAP
3FDFE0
3FDFE0
0F0700
0F0700
0F0780
0F0780
1F0F80
1F8FC0
3FDFE0
F9FCF0
71F8F0
207020
ENDCHAR
STARTCHAR uniFFBA
ENCODING 65466
SWIDTH 917 0
DWIDTH 22 0
BBX 16 15 3 2
BITMAP
03C0
03C0
03C0
03C0
7FFE
7FFE
03C0
03C0
03C0
07E0
0FF0
3E7C
FC3F
780E
4002
ENDCHAR
STARTCHAR uniFFBB
ENCODING 65467
SWIDTH 917 0
DWIDTH 22 0
BBX 14 12 4 3
BITMAP
FFFC
FFFC
001C
001C
001C
FFFC
FFFC
FFFC
001C
001C
001C
001C
ENDCHAR
STARTCHAR uniFFBC
ENCODING 65468
SWIDTH 917 0
DWIDTH 22 0
BBX 14 12 4 3
BITMAP
FFFC
FFFC
E000
E000
FFFC
FFFC
FFFC
E000
E000
FFFC
FFFC
FFFC
ENDCHAR
STARTCHAR uniFFBD
ENCODING 65469
SWIDTH 917 0
DWIDTH 22 0
BBX 15 12 4 3
BITMAP
FFFC
FFFC
3870
3870
3870
3870
3870
3870
3870
3870
FFFE
FFFE
ENDCHAR
STARTCHAR uniFFBE
ENCODING 65470
SWIDTH 917 0
DWIDTH 22 0
BBX 14 15 4 2
BITMAP
0380
0380
0380
FFFC
FFFC
0000
0300
1FE0
3FF0
3878
7838
7878
3FF8
3FF0
0FC0
ENDCHAR
STARTCHAR uniFFC2
ENCODING 65474
SWIDTH 917 0
DWIDTH 22 0
BBX 7 22 9 -2
BITMAP
E0
E0
E0
E0
E0
E0
E0
E0
E0
FE
FE
E0
E0
E0
E0
E0
E0
E0
E0
E0
E0
E0
ENDCHAR
STARTCHAR uniFFC3
ENCODING 65475
SWIDTH 917 0
DWIDTH 22 0
BBX 9 22 7 -2
BITMAP
E380
E380
E380
E380
E380
E380
E380
E380
FF80
FF80
FF80
E380
E380
E380
E380
E380
E380
E380
E380
E380
E380
0380
ENDCHAR
STARTCHAR uniFFC4
ENCODING 65476
SWIDTH 917 0
DWIDTH 22 0
BBX 8 22 8 -2
BITMAP
E0
E0
E0
E0
E0
E0
FF
FF
E0
E0
E0
E0
FF
FF
FF
E0
E0
E0
E0
E0
E0
E0
ENDCHAR
STARTCHAR uniFFC5
ENCODING 65477
SWIDTH 917 0
DWIDTH 22 0
BBX 9 22 7 -2
BITMAP
E780
E780
E780
E780
E780
FF80
FF80
FF80
E780
E780
E780
E780
FF80
FF80
E780
E780
E780
E780
E780
E780
E780
0780
ENDCHAR
STARTCHAR uniFFC6
ENCODING 65478
SWIDTH 917 0
DWIDTH 22 0
BBX 8 22 7 -2
BITMAP
07
07
07
07
07
07
07
07
FF
FF
FF
07
07
07
07
07
07
07
07
07
07
07
ENDCHAR
STARTCHAR uniFFC7
ENCODING 65479
SWIDTH 917 0
DWIDTH 22 0
BBX 11 22 5 -2
BITMAP
0EE0
0EE0
0EE0
0EE0
0EE0
0EE0
0EE0
0EE0
FEE0
FEE0
FEE0
0EE0
0EE0
0EE0
0EE0
0EE0
0EE0
0EE0
0EE0
0EE0
0EE0
00E0
ENDCHAR
STARTCHAR uniFFCA
ENCODING 65482
SWIDTH 917 0
DWIDTH 22 0
BBX 8 22 7 -2
BITMAP
07
07
07
07
07
FF
FF
FF
07
07
07
07
FF
FF
07
07
07
07
07
07
07
07
ENDCHAR
STARTCHAR uniFFCB
ENCODING 65483
SWIDTH 917 0
DWIDTH 22 0
BBX 11 22 5 -2
BITMAP
0EE0
0EE0
0EE0
0EE0
0EE0
0EE0
FEE0
FEE0
0EE0
0EE0
0EE0
0EE0
FEE0
FEE0
0EE0
0EE0
0EE0
0EE0
0EE0
0EE0
0EE0
00E0
ENDCHAR
STARTCHAR uniFFCC
ENCODING 65484
SWIDTH 917 0
DWIDTH 22 0
BBX 20 11 1 4
BITMAP
00F000
00F000
00F000
00F000
00F000
00F000
00F000
00F000
FFFFF0
FFFFF0
FFFFF0
ENDCHAR
STARTCHAR uniFFCD
ENCODING 65485
SWIDTH 917 0
DWIDTH 22 0
BBX 20 22 1 -2
BITMAP
0003C0
0003C0
0003C0
0003C0
0003C0
0003C0
0003C0
0703C0
0703C0
0703F0
0703F0
0703C0
0703C0
0703C0
FFFBC0
FFFFC0
FFE3C0
0003C0
0003C0
0003C0
0003C0
0003C0
ENDCHAR
STARTCHAR uniFFCE
ENCODING 65486
SWIDTH 917 0
DWIDTH 22 0
BBX 20 22 1 -2
BITMAP
000E70
000E70
000E70
000E70
000E70
000E70
000E70
0E0E70
0E0E70
0E0FF0
0E0FF0
0E0E70
0E0E70
0E2E70
FFEE70
FFEE70
000E70
000E70
000E70
000E70
000E70
000070
ENDCHAR
STARTCHAR uniFFCF
ENCODING 65487
SWIDTH 917 0
DWIDTH 22 0
BBX 18 22 2 -2
BITMAP
0001C0
0001C0
0001C0
0001C0
0001C0
0001C0
0001C0
0781C0
0781C0
0781C0
0781C0
0781C0
0781C0
078DC0
FFFDC0
FFFDC0
0001C0
0001C0
0001C0
0001C0
0001C0
0001C0
ENDCHAR
STARTCHAR uniFFD2
ENCODING 65490
SWIDTH 917 0
DWIDTH 22 0
BBX 20 11 1 4
BITMAP
070F00
070F00
070F00
070F00
070F00
070F00
070F00
070F00
070F00
FFFFF0
FFFFF0
ENDCHAR
STARTCHAR uniFFD3
ENCODING 65491
SWIDTH 917 0
DWIDTH 22 0
BBX 20 12 1 1
BITMAP
FFFFF0
FFFFF0
FFFFF0
00F000
00F000
00F000
00F000
00F000
00F000
00F000
00F000
00F000
ENDCHAR
STARTCHAR uniFFD4
ENCODING 65492
SWIDTH 917 0
DWIDTH 22 0
BBX 19 22 1 -2
BITMAP
0000E0
0000E0
0000E0
0000E0
0000E0
0000E0
0000E0
0000E0
0000E0
FFFEE0
FFFEE0
7FE0E0
0380E0
0380E0
038FE0
038FE0
0380E0
0380E0
0380E0
0380E0
0000E0
0000E0
ENDCHAR
STARTCHAR uniFFD5
ENCODING 65493
SWIDTH 917 0
DWIDTH 22 0
BBX 20 22 1 -2
BITMAP
000E70
000E70
000E70
000E70
000E70
000E70
000E70
000E70
000E70
01EE70
FFFE70
FFCE70
0F0E70
0F0E70
0F7E70
0F7E70
0F0E70
0F0E70
0F0E70
0F0E70
000E70
000070
ENDCHAR
STARTCHAR uniFFD6
ENCODING 65494
SWIDTH 917 0
DWIDTH 22 0
BBX 18 22 2 -2
BITMAP
0001C0
0001C0
0001C0
0001C0
0001C0
0001C0
0001C0
0001C0
0001C0
000DC0
FFFDC0
FFFDC0
0781C0
0781C0
0781C0
0781C0
0781C0
0781C0
0781C0
0781C0
0001C0
0001C0
ENDCHAR
STARTCHAR uniFFD7
ENCODING 65495
SWIDTH 917 0
DWIDTH 22 0
BBX 20 12 1 1
BITMAP
FFFFF0
FFFFF0
FFFFF0
070E00
070E00
070E00
070E00
070E00
070E00
070E00
070E00
070E00
ENDCHAR
STARTCHAR uniFFDA
ENCODING 65498
SWIDTH 917 0
DWIDTH 22 0
BBX 20 3 1 8
BITMAP
FFFFF0
FFFFF0
FFFFF0
ENDCHAR
STARTCHAR uniFFDB
ENCODING 65499
SWIDTH 917 0
DWIDTH 22 0
BBX 18 22 2 -2
BITMAP
0001C0
0001C0
0001C0
0001C0
0001C0
0001C0
0001C0
0001C0
0001C0
0001C0
0001C0
0001C0
0005C0
FFFDC0
FFFDC0
F001C0
0001C0
0001C0
0001C0
0001C0
0001C0
0001C0
ENDCHAR
STARTCHAR uniFFDC
ENCODING 65500
SWIDTH 917 0
DWIDTH 22 0
BBX 3 22 10 -2
BITMAP
E0
E0
E0
E0
E0
E0
E0
E0
E0
E0
E0
E0
E0
E0
E0
E0
E0
E0
E0
E0
E0
E0
ENDCHAR
STARTCHAR uniFFE0
ENCODING 65504
SWIDTH 1000 0
DWIDTH 24 0
BBX 14 19 5 -1
BITMAP
0180
0180
0180
0FF0
3FF8
7FB8
7990
F180
F180
F180
F180
F180
7988
7FB8
3FFC
0FF0
0180
0180
0180
ENDCHAR
STARTCHAR uniFFE1
ENCODING 65505
SWIDTH 1000 0
DWIDTH 24 0
BBX 14 18 5 0
BITMAP
07E0
0FF8
1FFC
3C18
3800
3800
3800
3800
FFE0
FFE0
1C00
1C00
1C00
1C00
3800
7FFC
FFFC
FFFC
ENDCHAR
STARTCHAR uniFFE2
ENCODING 65506
SWIDTH 1000 0
DWIDTH 24 0
BBX 18 8 3 5
BITMAP
FFFFC0
FFFFC0
FFFFC0
0001C0
0001C0
0001C0
0001C0
0001C0
ENDCHAR
STARTCHAR uniFFE3
ENCODING 65507
SWIDTH 1000 0
DWIDTH 24 0
BBX 24 1 0 20
BITMAP
FFFFFF
ENDCHAR
STARTCHAR uniFFE4
ENCODING 65508
SWIDTH 1000 0
DWIDTH 24 0
BBX 2 22 11 -2
BITMAP
C0
C0
C0
C0
C0
C0
C0
C0
C0
C0
00
00
C0
C0
C0
C0
C0
C0
C0
C0
C0
C0
ENDCHAR
STARTCHAR uniFFE5
ENCODING 65509
SWIDTH 1000 0
DWIDTH 24 0
BBX 16 18 4 0
BITMAP
F00F
781E
781E
3C3C
3C3C
1E38
0E70
0F70
07E0
3FFC
3FFC
03C0
03C0
3FFC
03C0
03C0
03C0
03C0
ENDCHAR
STARTCHAR uniFFE6
ENCODING 65510
SWIDTH 1000 0
DWIDTH 24 0
BBX 20 18 2 0
BITMAP
F00070
7070E0
70F0E0
70F0E0
70F0E0
38F0C0
38F8C0
3999C0
FFFFF0
FFFFF0
199980
1D9D80
1D9D80
0F0F80
0F0F00
0F0F00
0F0F00
0F0F00
ENDCHAR
STARTCHAR uniFFE8
ENCODING 65512
SWIDTH 500 0
DWIDTH 12 0
BBX 2 28 5 -7
BITMAP
C0
C0
C0
C0
C0
C0
C0
C0
C0
C0
C0
C0
C0
C0
C0
C0
C0
C0
C0
C0
C0
C0
C0
C0
C0
C0
C0
C0
ENDCHAR
STARTCHAR uniFFE9
ENCODING 65513
SWIDTH 500 0
DWIDTH 12 0
BBX 12 12 0 3
BITMAP
0400
0E00
1C00
1C00
3800
FFF0
7FF0
3800
1C00
0C00
0E00
0400
ENDCHAR
STARTCHAR uniFFEA
ENCODING 65514
SWIDTH 500 0
DWIDTH 12 0
BBX 8 22 2 -2
BITMAP
10
18
3C
3C
7E
FF
DB
99
18
18
18
18
18
18
18
18
18
18
18
18
18
18
ENDCHAR
STARTCHAR uniFFEB
ENCODING 65515
SWIDTH 500 0
DWIDTH 12 0
BBX 12 12 0 3
BITMAP
0200
0700
0380
0380
01C0
FFF0
FFE0
01C0
0380
0300
0700
0100
ENDCHAR
STARTCHAR uniFFEC
ENCODING 65516
SWIDTH 500 0
DWIDTH 12 0
BBX 8 22 2 -2
BITMAP
18
18
18
18
18
18
18
18
18
18
18
18
18
18
99
DB
FF
7E
3C
18
18
10
ENDCHAR
STARTCHAR uniFFED
ENCODING 65517
SWIDTH 500 0
DWIDTH 12 0
BBX 8 8 2 5
BITMAP
FF
FF
FF
FF
FF
FF
FF
FF
ENDCHAR
STARTCHAR uniFFEE
ENCODING 65518
SWIDTH 500 0
DWIDTH 12 0
BBX 8 9 2 5
BITMAP
18
7E
C3
81
81
81
81
C3
7E
ENDCHAR
STARTCHAR uni1F100
ENCODING 127232
SWIDTH 1000 0
DWIDTH 24 0
BBX 20 18 2 0
BITMAP
0F0000
1FC000
3FE000
79E000
70F000
F0F000
E07000
E07000
E07000
E07000
E07000
E07000
F07000
F0F000
70E0E0
7FE0F0
3FC0F0
1F80F0
ENDCHAR
STARTCHAR uni1F101
ENCODING 127233
SWIDTH 1000 0
DWIDTH 24 0
BBX 20 23 2 -5
BITMAP
0F0000
1FC000
3FE000
79E000
70F000
F0F000
E07000
E07000
E07000
E07000
E07000
E07000
F07000
F0F000
70E0F0
7FE0F0
3FC0F0
1F80F0
000030
000030
000060
0001E0
000080
ENDCHAR
STARTCHAR uni1F102
ENCODING 127234
SWIDTH 1000 0
DWIDTH 24 0
BBX 18 22 3 -5
BITMAP
1E0000
7E0000
7E0000
0E0000
0E0000
0E0000
0E0000
0E0000
0E0000
0E0000
0E0000
0E0000
0E0000
0E0380
FFC7C0
FFC7C0
FFC3C0
0000C0
0001C0
000380
000700
000600
ENDCHAR
STARTCHAR uni1F103
ENCODING 127235
SWIDTH 1000 0
DWIDTH 24 0
BBX 20 23 2 -5
BITMAP
0F0000
3FC000
7FE000
F1E000
20E000
00E000
00E000
00E000
01E000
01C000
03C000
078000
0F0000
1E0000
3C01E0
7FF1E0
7FF1F0
7FF0F0
000070
000060
0000E0
0003C0
000180
ENDCHAR
STARTCHAR uni1F104
ENCODING 127236
SWIDTH 1000 0
DWIDTH 24 0
BBX 20 23 2 -5
BITMAP
0F0000
3FC000
7FE000
30F000
20F000
00F000
00F000
01E000
0FC000
0FC000
03F000
007000
007800
007800
6071E0
FFF1E0
7FE1F0
1FC0F0
000070
000060
0000E0
0003C0
000180
ENDCHAR
STARTCHAR uni1F105
ENCODING 127237
SWIDTH 1000 0
DWIDTH 24 0
BBX 20 22 2 -5
BITMAP
03E000
03E000
07E000
0EE000
0EE000
1CE000
3CE000
38E000
70E000
70E000
FFF800
FFF800
FFF800
00E0E0
00E1F0
00E1F0
00E0F0
000030
000070
0000E0
0001C0
000180
ENDCHAR
STARTCHAR uni1F106
ENCODING 127238
SWIDTH 1000 0
DWIDTH 24 0
BBX 20 22 2 -5
BITMAP
3FF000
3FF000
3FF000
380000
380000
380000
3FC000
3FE000
39F000
007000
007800
007800
007800
60F1E0
FFF1E0
7FE1F0
1FC0F0
000070
000060
0000E0
0003C0
000180
ENDCHAR
STARTCHAR uni1F107
ENCODING 127239
SWIDTH 1000 0
DWIDTH 24 0
BBX 20 23 2 -5
BITMAP
038000
1FE000
3FF000
3C6000
780000
700000
700000
F38000
FFE000
FFF000
F8F000
F07000
707000
707000
7871E0
3DF1E0
3FE1F0
0FC0F0
000070
000060
0000E0
0003C0
000180
ENDCHAR
STARTCHAR uni1F108
ENCODING 127240
SWIDTH 1000 0
DWIDTH 24 0
BBX 17 22 4 -5
BITMAP
FFE000
FFE000
FFE000
01C000
038000
038000
070000
070000
0E0000
0E0000
0E0000
1E0000
1E0000
1E0F00
1C0F00
1C0F80
1C0780
000300
000300
000700
001E00
000C00
ENDCHAR
STARTCHAR uni1F109
ENCODING 127241
SWIDTH 1000 0
DWIDTH 24 0
BBX 19 23 3 -5
BITMAP
0E0000
3F8000
7FC000
F1E000
E0E000
E0E000
F0C000
79C000
3F8000
3F8000
77C000
E1E000
E0E000
E0E000
E0E1C0
F1E3E0
7FC3E0
3F81E0
000060
0000E0
0001C0
000380
000300
ENDCHAR
STARTCHAR uni1F10A
ENCODING 127242
SWIDTH 1000 0
DWIDTH 24 0
BBX 19 23 3 -5
BITMAP
0E0000
3F8000
7FC000
F1E000
E0E000
E0E000
E0F000
E0F000
F1F000
7FF000
3EF000
00E000
00E000
00E000
41E1C0
7FC3E0
FF83E0
3F01E0
000060
0000E0
0001C0
000380
000300
ENDCHAR
STARTCHAR uni1F10B
ENCODING 127243
SWIDTH 1000 0
DWIDTH 24 0
BBX 22 22 1 -2
BITMAP
03FF00
040080
180060
300030
207810
40FC08
41FE08
838704
838704
838704
838704
838704
838704
838704
81CE04
41FE08
40FC08
200010
100020
080040
060180
01FE00
ENDCHAR
STARTCHAR uni1F10C
ENCODING 127244
SWIDTH 1000 0
DWIDTH 24 0
BBX 22 22 1 -2
BITMAP
03FF00
07FF80
1FFFE0
3FFFF0
3F87F0
7F03F8
7E01F8
FC78FC
FC78FC
FC78FC
FC78FC
FC78FC
FC78FC
FC78FC
FE31FC
7E01F8
7F03F8
3FFFF0
1FFFE0
0FFFC0
07FF80
01FE00
ENDCHAR
STARTCHAR uni1F110
ENCODING 127248
SWIDTH 1000 0
DWIDTH 24 0
BBX 22 22 1 -2
BITMAP
300030
200010
607818
607818
C0FC0C
C0FC0C
C0FC0C
C0CC0C
C1CE0C
C1CE0C
C1CE0C
C1CE0C
C3FF0C
C3FF0C
C3FF0C
C3870C
C7878C
C7038C
670398
6703D8
200010
300030
ENDCHAR
STARTCHAR uni1F111
ENCODING 127249
SWIDTH 1000 0
DWIDTH 24 0
BBX 22 22 1 -2
BITMAP
300030
200010
63FC18
63FF18
C3FF0C
C3870C
C3878C
C3870C
C3870C
C3FE0C
C3FE0C
C3FF0C
C3878C
C3838C
C3838C
C3838C
C3878C
C3FF0C
63FE18
63F018
200010
300030
ENDCHAR
STARTCHAR uni1F112
ENCODING 127250
SWIDTH 1000 0
DWIDTH 24 0
BBX 22 22 1 -2
BITMAP
300030
200010
607E18
60FF98
C1FF0C
C3C10C
C3C00C
C3800C
C7800C
C7800C
C7800C
C7800C
C7800C
C7800C
C3800C
C3C10C
C1E30C
C1FF8C
60FF18
603C18
200010
300030
ENDCHAR
STARTCHAR uni1F113
ENCODING 127251
SWIDTH 1000 0
DWIDTH 24 0
BBX 22 22 1 -2
BITMAP
300030
200010
67F818
67FC18
C7FE0C
C78F0C
C7878C
C7878C
C7838C
C7838C
C7838C
C7838C
C7838C
C7838C
C7878C
C78F0C
C79F0C
C7FE0C
67FC18
67C018
200010
300030
ENDCHAR
STARTCHAR uni1F114
ENCODING 127252
SWIDTH 1000 0
DWIDTH 24 0
BBX 22 22 1 -2
BITMAP
300030
200010
61FF18
61FF18
C1FF0C
C1C00C
C1C00C
C1C00C
C1C00C
C1FE0C
C1FE0C
C1FE0C
C1C00C
C1C00C
C1C00C
C1C00C
C1C00C
C1FF0C
61FF18
61FF18
200010
300030
ENDCHAR
STARTCHAR uni1F115
ENCODING 127253
SWIDTH 1000 0
DWIDTH 24 0
BBX 22 22 1 -2
BITMAP
300030
200010
61FF18
61FF18
C1FF0C
C1C00C
C1C00C
C1C00C
C1C00C
C1FE0C
C1FE0C
C1FE0C
C1C00C
C1C00C
C1C00C
C1C00C
C1C00C
C1C00C
61C018
61C018
200010
300030
ENDCHAR
STARTCHAR uni1F116
ENCODING 127254
SWIDTH 1000 0
DWIDTH 24 0
BBX 22 22 1 -2
BITMAP
300030
200010
607E18
61FF98
C3FF0C
C3C20C
C7800C
C7800C
C7000C
C7000C
C71F8C
C71F8C
C71F8C
C7038C
C7838C
C3838C
C3E38C
C1FF8C
60FF18
603C18
200010
300030
ENDCHAR
STARTCHAR uni1F117
ENCODING 127255
SWIDTH 1000 0
DWIDTH 24 0
BBX 22 22 1 -2
BITMAP
300030
200010
670398
670398
C7038C
C7038C
C7038C
C7038C
C7038C
C7FF8C
C7FF8C
C7FF8C
C7038C
C7038C
C7038C
C7038C
C7038C
C7038C
670398
670398
200010
300030
ENDCHAR
STARTCHAR uni1F118
ENCODING 127256
SWIDTH 1000 0
DWIDTH 24 0
BBX 22 22 1 -2
BITMAP
300030
200010
607818
607818
C0780C
C0780C
C0780C
C0780C
C0780C
C0780C
C0780C
C0780C
C0780C
C0780C
C0780C
C0780C
C0780C
C0780C
607818
607818
200010
300030
ENDCHAR
STARTCHAR uni1F119
ENCODING 127257
SWIDTH 1000 0
DWIDTH 24 0
BBX 22 22 1 -2
BITMAP
300030
200010
600E18
600E18
C00E0C
C00E0C
C00E0C
C00E0C
C00E0C
C00E0C
C00E0C
C00E0C
C00E0C
C00E0C
C00E0C
C10E0C
C79E0C
C3FE0C
61FC18
60F018
200010
300030
ENDCHAR
STARTCHAR uni1F11A
ENCODING 127258
SWIDTH 1000 0
DWIDTH 24 0
BBX 22 22 1 -2
BITMAP
300030
200090
670718
670E18
C71E0C
C71C0C
C73C0C
C7380C
C7700C
C7F00C
C7F80C
C7F80C
C7DC0C
C79C0C
C70E0C
C70E0C
C70F0C
C7070C
670798
670398
200010
300030
ENDCHAR
STARTCHAR uni1F11B
ENCODING 127259
SWIDTH 1000 0
DWIDTH 24 0
BBX 22 22 1 -2
BITMAP
300030
200010
61C018
61C018
C1C00C
C1C00C
C1C00C
C1C00C
C1C00C
C1C00C
C1C00C
C1C00C
C1C00C
C1C00C
C1C00C
C1C00C
C1C00C
C1FF0C
61FF18
61FF18
200010
300030
ENDCHAR
STARTCHAR uni1F11C
ENCODING 127260
SWIDTH 1000 0
DWIDTH 24 0
BBX 22 22 1 -2
BITMAP
300030
200010
670398
678798
C7878C
C7878C
C7878C
C7CD8C
C6CD8C
C6CD8C
C6CF8C
C7CF8C
C77B8C
C77B8C
C77B8C
C77B8C
C7338C
C7338C
670398
670398
200010
300030
ENDCHAR
STARTCHAR uni1F11D
ENCODING 127261
SWIDTH 1000 0
DWIDTH 24 0
BBX 22 22 1 -2
BITMAP
300030
200010
678398
678398
C7C38C
C7C38C
C7E38C
C7E38C
C7638C
C7738C
C7338C
C73B8C
C73B8C
C71B8C
C71F8C
C70F8C
C70F8C
C7078C
670798
670798
200010
300030
ENDCHAR
STARTCHAR uni1F11E
ENCODING 127262
SWIDTH 1000 0
DWIDTH 24 0
BBX 22 22 1 -2
BITMAP
300030
200010
60FC18
63FF18
C3FF0C
C7878C
C7038C
CF03CC
CF03CC
CF03CC
CF03CC
CF03CC
CF03CC
CF03CC
C7038C
C7878C
C7CF8C
C3FF0C
61FE18
607818
200010
300030
ENDCHAR
STARTCHAR uni1F11F
ENCODING 127263
SWIDTH 1000 0
DWIDTH 24 0
BBX 22 22 1 -2
BITMAP
300030
200010
63FC18
63FF18
C3FF8C
C3878C
C3838C
C3838C
C3838C
C3878C
C3FF0C
C3FF0C
C3FE0C
C3800C
C3800C
C3800C
C3800C
C3800C
638018
638018
200010
300030
ENDCHAR
STARTCHAR uni1F120
ENCODING 127264
SWIDTH 1000 0
DWIDTH 24 0
BBX 22 24 1 -4
BITMAP
300030
200010
60FC18
63FF18
C3FF0C
C7878C
C7038C
CF03CC
CF03CC
CF03CC
CF03CC
CF03CC
CF03CC
CF03CC
C7038C
C7878C
C7C78C
C3FF0C
61FE18
607818
203810
303EB0
001F80
000F80
ENDCHAR
STARTCHAR uni1F121
ENCODING 127265
SWIDTH 1000 0
DWIDTH 24 0
BBX 22 22 1 -2
BITMAP
300030
200010
67FC18
67FE18
C7FF0C
C7870C
C7878C
C7878C
C7870C
C78F0C
C7FF0C
C7FE0C
C7FC0C
C79C0C
C79E0C
C78E0C
C78F0C
C7870C
678798
678398
200010
300030
ENDCHAR
STARTCHAR uni1F122
ENCODING 127266
SWIDTH 1000 0
DWIDTH 24 0
BBX 22 22 1 -2
BITMAP
300030
200010
60FE18
61FF18
C3FF0C
C3C20C
C3800C
C3C00C
C3E00C
C1F80C
C0FE0C
C07F0C
C01F0C
C0078C
C0078C
C1078C
C3CF0C
C7FF0C
61FE18
607818
200010
300030
ENDCHAR
STARTCHAR uni1F123
ENCODING 127267
SWIDTH 1000 0
DWIDTH 24 0
BBX 22 22 1 -2
BITMAP
300030
200010
67FF98
67FF98
C7FF8C
C0780C
C0780C
C0780C
C0780C
C0780C
C0780C
C0780C
C0780C
C0780C
C0780C
C0780C
C0780C
C0780C
607818
607818
200010
300030
ENDCHAR
STARTCHAR uni1F124
ENCODING 127268
SWIDTH 1000 0
DWIDTH 24 0
BBX 22 22 1 -2
BITMAP
300030
200010
670398
670398
C7038C
C7038C
C7038C
C7038C
C7038C
C7038C
C7038C
C7038C
C7038C
C7038C
C7038C
C7878C
C3CF0C
C3FF0C
61FE18
607C18
200010
300030
ENDCHAR
STARTCHAR uni1F125
ENCODING 127269
SWIDTH 1000 0
DWIDTH 24 0
BBX 22 22 1 -2
BITMAP
300030
200010
670398
678398
C7878C
C3870C
C3870C
C3870C
C3C70C
C1CE0C
C1CE0C
C1CE0C
C1CE0C
C0EC0C
C0FC0C
C0FC0C
C0FC0C
C07C0C
607818
607818
200010
300030
ENDCHAR
STARTCHAR uni1F126
ENCODING 127270
SWIDTH 1000 0
DWIDTH 24 0
BBX 22 22 1 -2
BITMAP
300030
200010
6E39D8
6E39D8
CE79CC
C6798C
C6798C
C6798C
C6798C
C6798C
C75D8C
C74D8C
C7CD8C
C7CF8C
C7CF8C
C3CF8C
C3CF0C
C3CF0C
638718
638718
200010
300030
ENDCHAR
STARTCHAR uni1F127
ENCODING 127271
SWIDTH 1000 0
DWIDTH 24 0
BBX 22 22 1 -2
BITMAP
300030
200010
678798
638718
C3C70C
C1CE0C
C1CE0C
C0EC0C
C0FC0C
C07C0C
C0780C
C0F80C
C0FC0C
C0FC0C
C1CE0C
C1CE0C
C38F0C
C3870C
678798
670398
200010
300030
ENDCHAR
STARTCHAR uni1F128
ENCODING 127272
SWIDTH 1000 0
DWIDTH 24 0
BBX 22 22 1 -2
BITMAP
300030
200010
678798
638718
C3870C
C3C70C
C1CE0C
C1CE0C
C0CC0C
C0FC0C
C0FC0C
C0780C
C0780C
C0780C
C0780C
C0780C
C0780C
C0780C
607818
607818
200010
300030
ENDCHAR
STARTCHAR uni1F129
ENCODING 127273
SWIDTH 1000 0
DWIDTH 24 0
BBX 22 22 1 -2
BITMAP
300030
200010
63FF18
63FF18
C3FF0C
C00F0C
C01E0C
C01E0C
C03C0C
C0380C
C0780C
C0700C
C0F00C
C0E00C
C1E00C
C1C00C
C3C00C
C3FF0C
63FF18
63FF18
200010
300030
ENDCHAR
STARTCHAR uni1F12A
ENCODING 127274
SWIDTH 1000 0
DWIDTH 24 0
BBX 22 24 1 -3
BITMAP
040080
1C00E0
3C00F0
F0FE3C
E1FF1C
C3FF0C
C3C20C
C3800C
C3C00C
C3E00C
C1F80C
C0FE0C
C07F0C
C01F0C
C0078C
C0078C
C1078C
C3CF0C
C7FF0C
E1FE1C
F0783C
3C00F0
0C00C0
040080
ENDCHAR
STARTCHAR uni1F12B
ENCODING 127275
SWIDTH 1000 0
DWIDTH 24 0
BBX 22 22 1 -2
BITMAP
03FF00
040080
180060
300030
203C10
407E08
41FF08
81C404
838004
838004
838004
838004
838004
838004
83CC04
41FE08
40FC08
200010
100020
080040
060180
01FE00
ENDCHAR
STARTCHAR uni1F12C
ENCODING 127276
SWIDTH 1000 0
DWIDTH 24 0
BBX 22 22 1 -2
BITMAP
03FF00
040080
180060
300030
20F810
40FF08
40FF88
80E384
80C384
81C384
81CF04
81FE04
81FC04
819C04
838E04
438E08
438E08
200110
100020
080040
060180
01FE00
ENDCHAR
STARTCHAR uni1F12D
ENCODING 127277
SWIDTH 1000 0
DWIDTH 24 0
BBX 22 22 1 -2
BITMAP
03FF00
040080
180060
300030
239E10
4FDFC8
5FDFE8
9C9CE4
B81C74
B81C74
B81C74
B81C74
B81C74
9C1CF4
9CDDE4
5FFFE8
4FDF88
200010
100020
080040
060180
01FE00
ENDCHAR
STARTCHAR uni1F12E
ENCODING 127278
SWIDTH 1000 0
DWIDTH 24 0
BBX 22 22 1 -2
BITMAP
03FF00
040080
180060
300030
3D9010
4D9008
4DB008
8DB7E4
8DB7E4
8DB0C4
8FF0C4
8FF184
8EF184
8E7304
8E7304
4E77E8
4E67E8
200010
100020
080040
060180
01FE00
ENDCHAR
STARTCHAR uni1F12F
ENCODING 127279
SWIDTH 833 0
DWIDTH 20 0
BBX 18 18 1 0
BITMAP
01F000
0FFC00
1C0600
300300
61E180
67F880
4238C0
C01CC0
C01CC0
C01CC0
C01CC0
421CC0
63F8C0
67F180
30C380
180700
0E1E00
07F800
ENDCHAR
STARTCHAR uni1F130
ENCODING 127280
SWIDTH 1000 0
DWIDTH 24 0
BBX 22 22 1 -2
BITMAP
FFFFFC
800004
800004
800004
807804
807804
80FC04
80FC04
80DC04
81CE04
81CE04
81CE04
83FF04
83FF04
838704
878784
870384
800004
800004
800004
800004
FFFFFC
ENDCHAR
STARTCHAR uni1F131
ENCODING 127281
SWIDTH 1000 0
DWIDTH 24 0
BBX 22 22 1 -2
BITMAP
FFFFFC
800004
800004
800004
83F004
83FE04
83FF04
838704
838704
838E04
83FC04
83FF04
838704
838384
838704
83FF04
83FC04
800004
800004
800004
800004
FFFFFC
ENDCHAR
STARTCHAR uni1F132
ENCODING 127282
SWIDTH 1000 0
DWIDTH 24 0
BBX 22 22 1 -2
BITMAP
FFFFFC
800004
800004
800004
803C04
80FF04
81FF04
83C204
838004
838004
838004
838004
838004
83C004
81E204
81FF04
807E04
800004
800004
800004
800004
FFFFFC
ENDCHAR
STARTCHAR uni1F133
ENCODING 127283
SWIDTH 1000 0
DWIDTH 24 0
BBX 22 22 1 -2
BITMAP
FFFFFC
800004
800004
800004
83E004
83FC04
83FF04
838F04
838784
838384
838384
838384
838784
838704
839F04
83FE04
83F804
800004
800004
800004
800004
FFFFFC
ENDCHAR
STARTCHAR uni1F134
ENCODING 127284
SWIDTH 1000 0
DWIDTH 24 0
BBX 22 22 1 -2
BITMAP
FFFFFC
800004
800004
800004
81FF04
81FF04
81FF04
81C004
81C004
81FE04
81FE04
81FE04
81C004
81C004
81C004
81FF04
81FF04
800004
800004
800004
800004
FFFFFC
ENDCHAR
STARTCHAR uni1F135
ENCODING 127285
SWIDTH 1000 0
DWIDTH 24 0
BBX 22 22 1 -2
BITMAP
FFFFFC
800004
800004
800004
81FF04
81FF04
81FF04
81C004
81C004
81C004
81FE04
81FE04
81C004
81C004
81C004
81C004
81C004
800004
800004
800004
800004
FFFFFC
ENDCHAR
STARTCHAR uni1F136
ENCODING 127286
SWIDTH 1000 0
DWIDTH 24 0
BBX 22 22 1 -2
BITMAP
FFFFFC
800004
800004
800004
803C04
80FF04
83FE04
83C204
878004
870004
871F04
871F04
870704
878704
83C704
81FF04
80FE04
800004
800004
800004
800004
FFFFFC
ENDCHAR
STARTCHAR uni1F137
ENCODING 127287
SWIDTH 1000 0
DWIDTH 24 0
BBX 22 22 1 -2
BITMAP
FFFFFC
800004
800004
800004
838704
838704
838704
838704
838704
83FF04
83FF04
83FF04
838704
838704
838704
838704
838704
800004
800004
800004
800004
FFFFFC
ENDCHAR
STARTCHAR uni1F138
ENCODING 127288
SWIDTH 1000 0
DWIDTH 24 0
BBX 22 22 1 -2
BITMAP
FFFFFC
800004
800004
800004
807804
807804
807804
807804
807804
807804
807804
807804
807804
807804
807804
807804
807804
800004
800004
800004
800004
FFFFFC
ENDCHAR
STARTCHAR uni1F139
ENCODING 127289
SWIDTH 1000 0
DWIDTH 24 0
BBX 22 22 1 -2
BITMAP
FFFFFC
800004
800004
800004
801E04
801E04
801E04
801E04
801E04
801E04
801E04
801E04
801E04
811E04
819C04
83FC04
81F804
800004
800004
800004
800004
FFFFFC
ENDCHAR
STARTCHAR uni1F13A
ENCODING 127290
SWIDTH 1000 0
DWIDTH 24 0
BBX 22 22 1 -2
BITMAP
FFFFFC
800004
800004
800004
838784
838F04
838E04
839C04
83B804
83F804
83F804
83FC04
83DC04
838E04
838F04
838704
838384
800004
800004
800004
800004
FFFFFC
ENDCHAR
STARTCHAR uni1F13B
ENCODING 127291
SWIDTH 1000 0
DWIDTH 24 0
BBX 22 22 1 -2
BITMAP
FFFFFC
800004
800004
800004
81C004
81C004
81C004
81C004
81C004
81C004
81C004
81C004
81C004
81C004
81FF04
81FF04
81FF04
800004
800004
800004
800004
FFFFFC
ENDCHAR
STARTCHAR uni1F13C
ENCODING 127292
SWIDTH 1000 0
DWIDTH 24 0
BBX 22 22 1 -2
BITMAP
FFFFFC
800004
800004
800004
870384
870384
878784
878784
87CF84
86CD84
86CD84
877B84
877B84
877B84
873384
873384
870384
800004
800004
800004
800004
FFFFFC
ENDCHAR
STARTCHAR uni1F13D
ENCODING 127293
SWIDTH 1000 0
DWIDTH 24 0
BBX 22 22 1 -2
BITMAP
FFFFFC
800004
800004
800004
838704
838704
83C704
83E704
83E704
837704
837304
83BB04
839B04
839F04
838F04
838F04
838704
800004
800004
800004
800004
FFFFFC
ENDCHAR
STARTCHAR uni1F13E
ENCODING 127294
SWIDTH 1000 0
DWIDTH 24 0
BBX 22 22 1 -2
BITMAP
FFFFFC
800004
800004
800004
807804
81FE04
83FF04
878784
870384
870384
870384
870384
870384
878784
83CF04
83FF04
80FC04
800004
800004
800004
800004
FFFFFC
ENDCHAR
STARTCHAR uni1F13F
ENCODING 127295
SWIDTH 1000 0
DWIDTH 24 0
BBX 22 22 1 -2
BITMAP
FFFFFC
800004
800004
800004
83F004
83FE04
83FF04
838704
838384
838704
838F04
83FE04
83FC04
838004
838004
838004
838004
800004
800004
800004
800004
FFFFFC
ENDCHAR
STARTCHAR uni1F140
ENCODING 127296
SWIDTH 1000 0
DWIDTH 24 0
BBX 22 22 1 -2
BITMAP
FFFFFC
800004
800004
800004
807804
81FE04
83FF04
878704
870784
870384
870384
870384
870784
878F04
83FE04
80FC04
807804
803F84
801F84
800004
800004
FFFFFC
ENDCHAR
STARTCHAR uni1F141
ENCODING 127297
SWIDTH 1000 0
DWIDTH 24 0
BBX 22 22 1 -2
BITMAP
FFFFFC
800004
800004
800004
83F004
83FE04
83FF04
838704
838704
838704
83FF04
83FE04
83FC04
839E04
838E04
838704
838784
800004
800004
800004
800004
FFFFFC
ENDCHAR
STARTCHAR uni1F142
ENCODING 127298
SWIDTH 1000 0
DWIDTH 24 0
BBX 22 22 1 -2
BITMAP
FFFFFC
800004
800004
800004
807C04
80FF04
81FE04
81C204
81C004
81F004
80FC04
803F04
800F04
810704
818704
83FE04
81FC04
800004
800004
800004
800004
FFFFFC
ENDCHAR
STARTCHAR uni1F143
ENCODING 127299
SWIDTH 1000 0
DWIDTH 24 0
BBX 22 22 1 -2
BITMAP
FFFFFC
800004
800004
800004
83FF04
83FF04
83FF04
807804
807804
807804
807804
807804
807804
807804
807804
807804
807804
800004
800004
800004
800004
FFFFFC
ENDCHAR
STARTCHAR uni1F144
ENCODING 127300
SWIDTH 1000 0
DWIDTH 24 0
BBX 22 22 1 -2
BITMAP
FFFFFC
800004
800004
800004
838704
838704
838704
838704
838704
838704
838704
838704
838704
838704
83CF04
81FE04
80FC04
800004
800004
800004
800004
FFFFFC
ENDCHAR
STARTCHAR uni1F145
ENCODING 127301
SWIDTH 1000 0
DWIDTH 24 0
BBX 22 22 1 -2
BITMAP
FFFFFC
800004
800004
800004
870384
878704
838704
838704
838704
81CE04
81CE04
81CE04
80EC04
80FC04
80FC04
807804
807804
800004
800004
800004
800004
FFFFFC
ENDCHAR
STARTCHAR uni1F146
ENCODING 127302
SWIDTH 1000 0
DWIDTH 24 0
BBX 22 22 1 -2
BITMAP
FFFFFC
800004
800004
800004
9C30E4
9C38E4
9C78E4
8C78E4
8E78C4
8E7DC4
8EFDC4
8ECDC4
86CDC4
86CF84
87CF84
878784
878784
800004
800004
800004
800004
FFFFFC
ENDCHAR
STARTCHAR uni1F147
ENCODING 127303
SWIDTH 1000 0
DWIDTH 24 0
BBX 22 22 1 -2
BITMAP
FFFFFC
800004
800004
800004
838704
83C704
81CE04
81EE04
80FC04
80FC04
807804
807804
80FC04
81DE04
81CE04
838F04
878704
800084
800004
800004
800004
FFFFFC
ENDCHAR
STARTCHAR uni1F148
ENCODING 127304
SWIDTH 1000 0
DWIDTH 24 0
BBX 22 22 1 -2
BITMAP
FFFFFC
800004
800004
800004
878784
838704
83CF04
81CE04
81CE04
80FC04
80FC04
807804
807804
807804
807804
807804
807804
800004
800004
800004
800004
FFFFFC
ENDCHAR
STARTCHAR uni1F149
ENCODING 127305
SWIDTH 1000 0
DWIDTH 24 0
BBX 22 22 1 -2
BITMAP
FFFFFC
800004
800004
800004
81FF04
81FF04
81FF04
800E04
801C04
803804
803804
807004
80E004
81E004
81C004
83FF04
83FF04
800004
800004
800004
800004
FFFFFC
ENDCHAR
STARTCHAR uni1F14A
ENCODING 127306
SWIDTH 1000 0
DWIDTH 24 0
BBX 22 22 1 -2
BITMAP
FFFFFC
800004
800004
800004
98FC74
98FC74
98EE74
98EE74
98EE64
9FEE64
9FE6E4
9FE6E4
98E7C4
98E7C4
98E7C4
98E3C4
98E3C4
800004
800004
800004
800004
FFFFFC
ENDCHAR
STARTCHAR uni1F14B
ENCODING 127307
SWIDTH 1000 0
DWIDTH 24 0
BBX 22 22 1 -2
BITMAP
FFFFFC
800004
800004
800004
986E34
986E34
986E74
9CE674
9CE664
9CA664
9FE764
9FE364
9B63C4
9B63C4
9B63C4
9A63C4
9861C4
800004
800004
800004
800004
FFFFFC
ENDCHAR
STARTCHAR uni1F14C
ENCODING 127308
SWIDTH 1000 0
DWIDTH 24 0
BBX 22 22 1 -2
BITMAP
FFFFFC
800004
800004
800004
871E04
9FDFC4
9FDFE4
9C9CE4
9C1C74
9E1C74
8F9C74
87DC74
81DC74
91DCE4
99DDE4
BFDFC4
9F9F84
800004
800004
800004
800004
FFFFFC
ENDCHAR
STARTCHAR uni1F14D
ENCODING 127309
SWIDTH 1000 0
DWIDTH 24 0
BBX 22 22 1 -2
BITMAP
FFFFFC
800004
800004
800004
8783C4
8FE7F4
9FCFE4
9C4E24
9C0E04
9F0F04
8F87C4
87C3E4
81E0F4
90E874
98ECE4
BFDFE4
8F8FC4
800004
800004
800004
800004
FFFFFC
ENDCHAR
STARTCHAR uni1F14E
ENCODING 127310
SWIDTH 1000 0
DWIDTH 24 0
BBX 22 22 1 -2
BITMAP
FFFFFC
800004
800004
800004
B86334
BE7B34
BF7F34
B36D34
B36DB4
B36DB4
B36DA4
BE79A4
BC71A4
B061E4
B060E4
B060E4
B060C4
800004
800004
800004
800004
FFFFFC
ENDCHAR
STARTCHAR uni1F14F
ENCODING 127311
SWIDTH 1000 0
DWIDTH 24 0
BBX 22 22 1 -2
BITMAP
FFFFFC
800004
800004
800004
B398E4
B399F4
B39BE4
B39B84
B29B04
B29B04
BA9B04
BEF304
9EF304
9EF304
9EF3A4
9CF1F4
9C71F4
800004
800004
800004
800004
FFFFFC
ENDCHAR
STARTCHAR uni1F150
ENCODING 127312
SWIDTH 1000 0
DWIDTH 24 0
BBX 22 22 1 -2
BITMAP
03FF00
07FF80
1FFFE0
3FFFF0
3F87F0
7F87F8
7F03F8
FF23FC
FF23FC
FE31FC
FE31FC
FE31FC
FC00FC
FC00FC
FC78FC
787878
78FC78
3FFFF0
1FFFE0
0FFFC0
07FF80
01FE00
ENDCHAR
STARTCHAR uni1F151
ENCODING 127313
SWIDTH 1000 0
DWIDTH 24 0
BBX 22 22 1 -2
BITMAP
03FF00
07FF80
1FFFE0
3FFFF0
3C0FF0
7C01F8
7C00F8
FC78FC
FC78FC
FC71FC
FC03FC
FC00FC
FC78FC
FC7C7C
FC78FC
7C00F8
7C03F8
3FFFF0
1FFFE0
0FFFC0
07FF80
01FE00
ENDCHAR
STARTCHAR uni1F152
ENCODING 127314
SWIDTH 1000 0
DWIDTH 24 0
BBX 22 22 1 -2
BITMAP
03FF00
07FF80
1FFFE0
3FFFF0
3FC3F0
7F01F8
7E01F8
FC3FFC
FC7FFC
F87FFC
F8FFFC
F8FFFC
F87FFC
FC7FFC
FC39FC
7E00F8
7F01F8
3FFFF0
1FFFE0
0FFFC0
07FF80
01FE00
ENDCHAR
STARTCHAR uni1F153
ENCODING 127315
SWIDTH 1000 0
DWIDTH 24 0
BBX 22 22 1 -2
BITMAP
03FF00
07FF80
1FFFE0
3FFFF0
3C1FF0
7C03F8
7C00F8
FC70FC
FC787C
FC7C7C
FC7C7C
FC7C7C
FC787C
FC78FC
FC60FC
7C01F8
7C07F8
3FFFF0
1FFFE0
0FFFC0
07FF80
01FE00
ENDCHAR
STARTCHAR uni1F154
ENCODING 127316
SWIDTH 1000 0
DWIDTH 24 0
BBX 22 22 1 -2
BITMAP
03FF00
07FF80
1FFFE0
3FFFF0
3E01F0
7E01F8
7E01F8
FE3FFC
FE3FFC
FE01FC
FE01FC
FE01FC
FE3FFC
FE3FFC
FE3FFC
7E00F8
7E00F8
3FFFF0
1FFFE0
0FFFC0
07FF80
01FE00
ENDCHAR
STARTCHAR uni1F155
ENCODING 127317
SWIDTH 1000 0
DWIDTH 24 0
BBX 22 22 1 -2
BITMAP
03FF00
07FF80
1FFFE0
3FFFF0
3E01F0
7E01F8
7E01F8
FE3FFC
FE3FFC
FE3FFC
FE01FC
FE01FC
FE3FFC
FE3FFC
FE3FFC
7E3FF8
7E3FF8
3FFFF0
1FFFE0
0FFFC0
07FF80
01FE00
ENDCHAR
STARTCHAR uni1F156
ENCODING 127318
SWIDTH 1000 0
DWIDTH 24 0
BBX 22 22 1 -2
BITMAP
03FF00
07FF80
1FFFE0
3FFFF0
3FC3F0
7F01F8
7C01F8
FC3FFC
F87FFC
F8FFFC
F8E0FC
F8E0FC
F8F8FC
F878FC
FC38FC
7E00F8
7F01F8
3FFFF0
1FFFE0
0FFFC0
07FF80
01FE00
ENDCHAR
STARTCHAR uni1F157
ENCODING 127319
SWIDTH 1000 0
DWIDTH 24 0
BBX 22 22 1 -2
BITMAP
03FF00
07FF80
1FFFE0
3FFFF0
3C78F0
7C78F8
7C78F8
FC78FC
FC78FC
FC00FC
FC00FC
FC00FC
FC78FC
FC78FC
FC78FC
7C78F8
7C78F8
3FFFF0
1FFFE0
0FFFC0
07FF80
01FE00
ENDCHAR
STARTCHAR uni1F158
ENCODING 127320
SWIDTH 1000 0
DWIDTH 24 0
BBX 22 22 1 -2
BITMAP
03FF00
07FF80
1FFFE0
3FFFF0
3F87F0
7F87F8
7F87F8
FF87FC
FF87FC
FF87FC
FF87FC
FF87FC
FF87FC
FF87FC
FF87FC
7F87F8
7F87F8
3FFFF0
1FFFE0
0FFFC0
07FF80
01FE00
ENDCHAR
STARTCHAR uni1F159
ENCODING 127321
SWIDTH 1000 0
DWIDTH 24 0
BBX 22 22 1 -2
BITMAP
03FF00
07FF80
1FFFE0
3FFFF0
3FF1F0
7FF1F8
7FF1F8
FFF1FC
FFF1FC
FFF1FC
FFF1FC
FFF1FC
FFF1FC
FFE1FC
FE63FC
7C03F8
7E07F8
3FFFF0
1FFFE0
0FFFC0
07FF80
01FE00
ENDCHAR
STARTCHAR uni1F15A
ENCODING 127322
SWIDTH 1000 0
DWIDTH 24 0
BBX 22 22 1 -2
BITMAP
03FF00
07FF80
1FFFE0
3FFFF0
3C7870
7C70F8
7C71F8
FC63FC
FC47FC
FC07FC
FC07FC
FC03FC
FC23FC
FC71FC
FC70FC
7C78F8
7C7C78
3FFFF0
1FFFE0
0FFFC0
07FF80
01FE00
ENDCHAR
STARTCHAR uni1F15B
ENCODING 127323
SWIDTH 1000 0
DWIDTH 24 0
BBX 22 22 1 -2
BITMAP
03FF00
07FF80
1FFFE0
3FFFF0
3E3FF0
7E3FF8
7E3FF8
FE3FFC
FE3FFC
FE3FFC
FE3FFC
FE3FFC
FE3FFC
FE3FFC
FE3FFC
7E00F8
7E00F8
3FFFF0
1FFFE0
0FFFC0
07FF80
01FE00
ENDCHAR
STARTCHAR uni1F15C
ENCODING 127324
SWIDTH 1000 0
DWIDTH 24 0
BBX 22 22 1 -2
BITMAP
03FF00
07FF80
1FFFE0
3FFFF0
38FC70
78FC78
787878
F8787C
F9327C
F9327C
F9327C
F8947C
F8847C
F8847C
F8CC7C
78CC78
78FC78
3FFFF0
1FFFE0
0FFFC0
07FF80
01FE00
ENDCHAR
STARTCHAR uni1F15D
ENCODING 127325
SWIDTH 1000 0
DWIDTH 24 0
BBX 22 22 1 -2
BITMAP
03FF00
07FF80
1FFFE0
3FFFF0
3C78F0
7C78F8
7C38F8
FC18FC
FC98FC
FC88FC
FC8CFC
FC44FC
FC64FC
FC60FC
FC70FC
7C70F8
7C78F8
3FFFF0
1FFFE0
0FFFC0
07FF80
01FE00
ENDCHAR
STARTCHAR uni1F15E
ENCODING 127326
SWIDTH 1000 0
DWIDTH 24 0
BBX 22 22 1 -2
BITMAP
03FF00
07FF80
1FFFE0
3FFFF0
3F87F0
7E01F8
7C00F8
F8787C
F8FC7C
F8FC7C
F8FC7C
F8FC7C
F8FC7C
F8787C
FC30FC
7C00F8
7F03F8
3FFFF0
1FFFE0
0FFFC0
07FF80
01FE00
ENDCHAR
STARTCHAR uni1F15F
ENCODING 127327
SWIDTH 1000 0
DWIDTH 24 0
BBX 22 22 1 -2
BITMAP
03FF00
07FF80
1FFFE0
3FFFF0
3C0FF0
7C01F8
7C00F8
FC78FC
FC7CFC
FC78FC
FC70FC
FC01FC
FC03FC
FC7FFC
FC7FFC
7C7FF8
7C7FF8
3FFFF0
1FFFE0
0FFFC0
07FF80
01FE00
ENDCHAR
STARTCHAR uni1F160
ENCODING 127328
SWIDTH 1000 0
DWIDTH 24 0
BBX 22 22 1 -2
BITMAP
03FF00
07FF80
1FFFE0
3FFFF0
3F87F0
7E01F8
7C00F8
F878FC
F8F87C
F8FC7C
F8FC7C
F8FC7C
F8F87C
F870FC
FC01FC
7F03F8
7F8FF8
3FC070
1FE060
0FFFC0
07FF80
01FE00
ENDCHAR
STARTCHAR uni1F161
ENCODING 127329
SWIDTH 1000 0
DWIDTH 24 0
BBX 22 22 1 -2
BITMAP
03FF00
07FF80
1FFFE0
3FFFF0
3C0FF0
7C01F8
7C00F8
FC78FC
FC78FC
FC78FC
FC60FC
FC01FC
FC03FC
FC71FC
FC71FC
7C78F8
7C7878
3FFFF0
1FFFE0
0FFFC0
07FF80
01FE00
ENDCHAR
STARTCHAR uni1F162
ENCODING 127330
SWIDTH 1000 0
DWIDTH 24 0
BBX 22 22 1 -2
BITMAP
03FF00
07FF80
1FFFE0
3FFFF0
3F83F0
7F00F8
7E01F8
FE3DFC
FE3FFC
FE0FFC
FF03FC
FFC0FC
FFF0FC
FFF8FC
FE78FC
7C01F8
7E03F8
3FFFF0
1FFFE0
0FFFC0
07FF80
01FE00
ENDCHAR
STARTCHAR uni1F163
ENCODING 127331
SWIDTH 1000 0
DWIDTH 24 0
BBX 22 22 1 -2
BITMAP
03FF00
07FF80
1FFFE0
3FFFF0
3C00F0
7C00F8
7C00F8
FF87FC
FF87FC
FF87FC
FF87FC
FF87FC
FF87FC
FF87FC
FF87FC
7F87F8
7F87F8
3FFFF0
1FFFE0
0FFFC0
07FF80
01FE00
ENDCHAR
STARTCHAR uni1F164
ENCODING 127332
SWIDTH 1000 0
DWIDTH 24 0
BBX 22 22 1 -2
BITMAP
03FF00
07FF80
1FFFE0
3FFFF0
3C78F0
7C78F8
7C78F8
FC78FC
FC78FC
FC78FC
FC78FC
FC78FC
FC78FC
FC78FC
FC30FC
7E01F8
7F03F8
3FFFF0
1FFFE0
0FFFC0
07FF80
01FE00
ENDCHAR
STARTCHAR uni1F165
ENCODING 127333
SWIDTH 1000 0
DWIDTH 24 0
BBX 22 22 1 -2
BITMAP
03FF00
07FF80
1FFFE0
3FFFF0
38FC70
7878F8
7C78F8
FC78FC
FC78FC
FE31FC
FE31FC
FE31FC
FF13FC
FF13FC
FF03FC
7F87F8
7F87F8
3FFFF0
1FFFE0
0FFFC0
07FF80
01FE00
ENDCHAR
STARTCHAR uni1F166
ENCODING 127334
SWIDTH 1000 0
DWIDTH 24 0
BBX 22 22 1 -2
BITMAP
03FF00
07FF80
1FFFE0
3FFFF0
23CF10
63C718
638718
F3871C
F1873C
F1923C
F1123C
F1323C
F9323C
F9327C
F8307C
787878
787878
3FFFF0
1FFFE0
0FFFC0
07FF80
01FE00
ENDCHAR
STARTCHAR uni1F167
ENCODING 127335
SWIDTH 1000 0
DWIDTH 24 0
BBX 22 22 1 -2
BITMAP
03FF00
07FF80
1FFFE0
3FFFF0
3C78F0
7C38F8
7E31F8
FE11FC
FF13FC
FF03FC
FF87FC
FF87FC
FF03FC
FE21FC
FE31FC
7C70F8
7C78F8
3FFFF0
1FFFE0
0FFFC0
07FF80
01FE00
ENDCHAR
STARTCHAR uni1F168
ENCODING 127336
SWIDTH 1000 0
DWIDTH 24 0
BBX 22 22 1 -2
BITMAP
03FF00
07FF80
1FFFE0
3FFFF0
387870
7C78F8
7C30F8
FE31FC
FE31FC
FF23FC
FF03FC
FF87FC
FF87FC
FF87FC
FF87FC
7F87F8
7F87F8
3FFFF0
1FFFE0
0FFFC0
07FF80
01FE00
ENDCHAR
STARTCHAR uni1F169
ENCODING 127337
SWIDTH 1000 0
DWIDTH 24 0
BBX 22 22 1 -2
BITMAP
03FF00
07FF80
1FFFE0
3FFFF0
3E00F0
7E00F8
7E00F8
FFF1FC
FFE3FC
FFC7FC
FFC7FC
FF8FFC
FF1FFC
FE1FFC
FE3FFC
7C00F8
7C00F8
3FFFF0
1FFFE0
0FFFC0
07FF80
01FE00
ENDCHAR
STARTCHAR uni1F16A
ENCODING 127338
SWIDTH 750 0
DWIDTH 18 0
BBX 17 9 1 10
BITMAP
000700
E38F80
E79D00
F7B800
F5B800
DDB800
DDB800
D99D80
C18F80
ENDCHAR
STARTCHAR uni1F16B
ENCODING 127339
SWIDTH 792 0
DWIDTH 19 0
BBX 18 8 1 10
BITMAP
E39F80
E79B80
F799C0
F598C0
DD99C0
DD99C0
D99F80
C19F00
ENDCHAR
STARTCHAR uni1F16C
ENCODING 127340
SWIDTH 792 0
DWIDTH 19 0
BBX 18 8 1 10
BITMAP
E39F80
E79980
F799C0
F59980
DD9F80
DD9B00
D99980
C199C0
ENDCHAR
STARTCHAR uni1F170
ENCODING 127344
SWIDTH 1000 0
DWIDTH 24 0
BBX 22 22 1 -2
BITMAP
1FFFE0
7FFFF8
7FFFF8
FFFFFC
FF87FC
FF87FC
FF03FC
FF23FC
FF23FC
FE31FC
FE31FC
FE31FC
FC00FC
FC00FC
FC78FC
F8787C
F8FC7C
FFFFFC
FFFFFC
7FFFF8
3FFFF0
1FFFE0
ENDCHAR
STARTCHAR uni1F171
ENCODING 127345
SWIDTH 1000 0
DWIDTH 24 0
BBX 22 22 1 -2
BITMAP
1FFFE0
7FFFF8
7FFFF8
FFFFFC
FC0FFC
FC01FC
FC00FC
FC78FC
FC78FC
FC71FC
FC03FC
FC00FC
FC78FC
FC7C7C
FC78FC
FC00FC
FC03FC
FFFFFC
FFFFFC
7FFFF8
3FFFF0
1FFFE0
ENDCHAR
STARTCHAR uni1F172
ENCODING 127346
SWIDTH 1000 0
DWIDTH 24 0
BBX 22 22 1 -2
BITMAP
1FFFE0
7FFFF8
7FFFF8
FFFFFC
FFC3FC
FF00FC
FE00FC
FC3DFC
FC7FFC
FC7FFC
FC7FFC
FC7FFC
FC7FFC
FC3FFC
FE1DFC
FE00FC
FF81FC
FFFFFC
FFFFFC
7FFFF8
3FFFF0
1FFFE0
ENDCHAR
STARTCHAR uni1F173
ENCODING 127347
SWIDTH 1000 0
DWIDTH 24 0
BBX 22 22 1 -2
BITMAP
1FFFE0
7FFFF8
7FFFF8
FFFFFC
FC1FFC
FC03FC
FC00FC
FC70FC
FC787C
FC7C7C
FC7C7C
FC7C7C
FC787C
FC78FC
FC60FC
FC01FC
FC07FC
FFFFFC
FFFFFC
7FFFF8
3FFFF0
1FFFE0
ENDCHAR
STARTCHAR uni1F174
ENCODING 127348
SWIDTH 1000 0
DWIDTH 24 0
BBX 22 22 1 -2
BITMAP
1FFFE0
7FFFF8
7FFFF8
FFFFFC
FE00FC
FE00FC
FE00FC
FE3FFC
FE3FFC
FE01FC
FE01FC
FE01FC
FE3FFC
FE3FFC
FE3FFC
FE00FC
FE00FC
FFFFFC
FFFFFC
7FFFF8
3FFFF0
1FFFE0
ENDCHAR
STARTCHAR uni1F175
ENCODING 127349
SWIDTH 1000 0
DWIDTH 24 0
BBX 22 22 1 -2
BITMAP
1FFFE0
7FFFF8
7FFFF8
FFFFFC
FE00FC
FE00FC
FE00FC
FE3FFC
FE3FFC
FE3FFC
FE01FC
FE01FC
FE3FFC
FE3FFC
FE3FFC
FE3FFC
FE3FFC
FFFFFC
FFFFFC
7FFFF8
3FFFF0
1FFFE0
ENDCHAR
STARTCHAR uni1F176
ENCODING 127350
SWIDTH 1000 0
DWIDTH 24 0
BBX 22 22 1 -2
BITMAP
1FFFE0
7FFFF8
7FFFF8
FFFFFC
FFC3FC
FF01FC
FC01FC
FC3FFC
F87FFC
F8FFFC
F8E0FC
F8E0FC
F8F8FC
F878FC
FC38FC
FE00FC
FF01FC
FFFFFC
FFFFFC
7FFFF8
3FFFF0
1FFFE0
ENDCHAR
STARTCHAR uni1F177
ENCODING 127351
SWIDTH 1000 0
DWIDTH 24 0
BBX 22 22 1 -2
BITMAP
1FFFE0
7FFFF8
7FFFF8
FFFFFC
FC78FC
FC78FC
FC78FC
FC78FC
FC78FC
FC00FC
FC00FC
FC00FC
FC78FC
FC78FC
FC78FC
FC78FC
FC78FC
FFFFFC
FFFFFC
7FFFF8
3FFFF0
1FFFE0
ENDCHAR
STARTCHAR uni1F178
ENCODING 127352
SWIDTH 1000 0
DWIDTH 24 0
BBX 22 22 1 -2
BITMAP
1FFFE0
7FFFF8
7FFFF8
FFFFFC
FF87FC
FF87FC
FF87FC
FF87FC
FF87FC
FF87FC
FF87FC
FF87FC
FF87FC
FF87FC
FF87FC
FF87FC
FF87FC
FFFFFC
FFFFFC
7FFFF8
3FFFF0
1FFFE0
ENDCHAR
STARTCHAR uni1F179
ENCODING 127353
SWIDTH 1000 0
DWIDTH 24 0
BBX 22 22 1 -2
BITMAP
1FFFE0
7FFFF8
7FFFF8
FFFFFC
FFF1FC
FFF1FC
FFF1FC
FFF1FC
FFF1FC
FFF1FC
FFF1FC
FFF1FC
FFF1FC
FFE1FC
FE63FC
FC03FC
FE07FC
FFFFFC
FFFFFC
7FFFF8
3FFFF0
1FFFE0
ENDCHAR
STARTCHAR uni1F17A
ENCODING 127354
SWIDTH 1000 0
DWIDTH 24 0
BBX 22 22 1 -2
BITMAP
1FFFE0
7FFFF8
7FFFF8
FFFFFC
FC787C
FC70FC
FC71FC
FC63FC
FC47FC
FC07FC
FC07FC
FC03FC
FC23FC
FC71FC
FC70FC
FC78FC
FC7C7C
FFFFFC
FFFFFC
7FFFF8
3FFFF0
1FFFE0
ENDCHAR
STARTCHAR uni1F17B
ENCODING 127355
SWIDTH 1000 0
DWIDTH 24 0
BBX 22 22 1 -2
BITMAP
1FFFE0
7FFFF8
7FFFF8
FFFFFC
FE3FFC
FE3FFC
FE3FFC
FE3FFC
FE3FFC
FE3FFC
FE3FFC
FE3FFC
FE3FFC
FE3FFC
FE3FFC
FE00FC
FE00FC
FFFFFC
FFFFFC
7FFFF8
3FFFF0
1FFFE0
ENDCHAR
STARTCHAR uni1F17C
ENCODING 127356
SWIDTH 1000 0
DWIDTH 24 0
BBX 22 22 1 -2
BITMAP
1FFFE0
7FFFF8
7FFFF8
FFFFFC
F8FC7C
F8FC7C
F8787C
F8787C
F9327C
F9327C
F9327C
F8947C
F8847C
F8847C
F8CC7C
F8CC7C
F8FC7C
FFFFFC
FFFFFC
7FFFF8
3FFFF0
1FFFE0
ENDCHAR
STARTCHAR uni1F17D
ENCODING 127357
SWIDTH 1000 0
DWIDTH 24 0
BBX 22 22 1 -2
BITMAP
1FFFE0
7FFFF8
7FFFF8
FFFFFC
FC78FC
FC78FC
FC38FC
FC18FC
FC98FC
FC88FC
FC8CFC
FC44FC
FC64FC
FC60FC
FC70FC
FC70FC
FC78FC
FFFFFC
FFFFFC
7FFFF8
3FFFF0
1FFFE0
ENDCHAR
STARTCHAR uni1F17E
ENCODING 127358
SWIDTH 1000 0
DWIDTH 24 0
BBX 22 22 1 -2
BITMAP
1FFFE0
7FFFF8
7FFFF8
FFFFFC
FF87FC
FE01FC
FC00FC
F8787C
F8FC7C
F8FC7C
F8FC7C
F8FC7C
F8FC7C
F8787C
FC30FC
FC00FC
FF03FC
FFFFFC
FFFFFC
7FFFF8
3FFFF0
1FFFE0
ENDCHAR
STARTCHAR uni1F17F
ENCODING 127359
SWIDTH 1000 0
DWIDTH 24 0
BBX 22 22 1 -2
BITMAP
1FFFE0
7FFFF8
7FFFF8
FFFFFC
FC0FFC
FC01FC
FC00FC
FC78FC
FC7C7C
FC78FC
FC70FC
FC01FC
FC03FC
FC7FFC
FC7FFC
FC7FFC
FC7FFC
FFFFFC
FFFFFC
7FFFF8
3FFFF0
1FFFE0
ENDCHAR
STARTCHAR uni1F180
ENCODING 127360
SWIDTH 1000 0
DWIDTH 24 0
BBX 22 22 1 -2
BITMAP
1FFFE0
7FFFF8
7FFFF8
FFFFFC
FF87FC
FE01FC
FC00FC
F878FC
F8F87C
F8FC7C
F8FC7C
F8FC7C
F8F87C
F870FC
FC01FC
FF03FC
FF8FFC
FFC07C
FFE07C
7FFFF8
3FFFF0
1FFFE0
ENDCHAR
STARTCHAR uni1F181
ENCODING 127361
SWIDTH 1000 0
DWIDTH 24 0
BBX 22 22 1 -2
BITMAP
1FFFE0
7FFFF8
7FFFF8
FFFFFC
FC0FFC
FC01FC
FC00FC
FC78FC
FC78FC
FC78FC
FC60FC
FC01FC
FC03FC
FC61FC
FC71FC
FC78FC
FC78FC
FFFFFC
FFFFFC
7FFFF8
3FFFF0
1FFFE0
ENDCHAR
STARTCHAR uni1F182
ENCODING 127362
SWIDTH 1000 0
DWIDTH 24 0
BBX 22 22 1 -2
BITMAP
1FFFE0
7FFFF8
7FFFF8
FFFFFC
FF83FC
FF00FC
FE01FC
FE3DFC
FE3FFC
FE0FFC
FF03FC
FFC0FC
FFF0FC
FFF8FC
FE78FC
FC01FC
FE03FC
FFFFFC
FFFFFC
7FFFF8
3FFFF0
1FFFE0
ENDCHAR
STARTCHAR uni1F183
ENCODING 127363
SWIDTH 1000 0
DWIDTH 24 0
BBX 22 22 1 -2
BITMAP
1FFFE0
7FFFF8
7FFFF8
FFFFFC
FC00FC
FC00FC
FC00FC
FF87FC
FF87FC
FF87FC
FF87FC
FF87FC
FF87FC
FF87FC
FF87FC
FF87FC
FF87FC
FFFFFC
FFFFFC
7FFFF8
3FFFF0
1FFFE0
ENDCHAR
STARTCHAR uni1F184
ENCODING 127364
SWIDTH 1000 0
DWIDTH 24 0
BBX 22 22 1 -2
BITMAP
1FFFE0
7FFFF8
7FFFF8
FFFFFC
FC78FC
FC78FC
FC78FC
FC78FC
FC78FC
FC78FC
FC78FC
FC78FC
FC78FC
FC78FC
FC30FC
FE01FC
FF03FC
FFFFFC
FFFFFC
7FFFF8
3FFFF0
1FFFE0
ENDCHAR
STARTCHAR uni1F185
ENCODING 127365
SWIDTH 1000 0
DWIDTH 24 0
BBX 22 22 1 -2
BITMAP
1FFFE0
7FFFF8
7FFFF8
FFFFFC
F8FC7C
F878FC
FC78FC
FC78FC
FC78FC
FE31FC
FE31FC
FE31FC
FF13FC
FF13FC
FF03FC
FF87FC
FF87FC
FFFFFC
FFFFFC
7FFFF8
3FFFF0
1FFFE0
ENDCHAR
STARTCHAR uni1F186
ENCODING 127366
SWIDTH 1000 0
DWIDTH 24 0
BBX 22 22 1 -2
BITMAP
1FFFE0
7FFFF8
7FFFF8
FFFFFC
E3CF1C
E3C71C
E3871C
F3871C
F1873C
F1923C
F1123C
F1323C
F9323C
F9327C
F8307C
F8787C
F8787C
FFFFFC
FFFFFC
7FFFF8
3FFFF0
1FFFE0
ENDCHAR
STARTCHAR uni1F187
ENCODING 127367
SWIDTH 1000 0
DWIDTH 24 0
BBX 22 22 1 -2
BITMAP
1FFFE0
7FFFF8
7FFFF8
FFFFFC
FC78FC
FC38FC
FE31FC
FE11FC
FF13FC
FF03FC
FF87FC
FF87FC
FF03FC
FE21FC
FE31FC
FC70FC
FC78FC
FFFFFC
FFFFFC
7FFFF8
3FFFF0
1FFFE0
ENDCHAR
STARTCHAR uni1F188
ENCODING 127368
SWIDTH 1000 0
DWIDTH 24 0
BBX 22 22 1 -2
BITMAP
1FFFE0
7FFFF8
7FFFF8
FFFFFC
F8787C
FC78FC
FC30FC
FE31FC
FE31FC
FF23FC
FF03FC
FF87FC
FF87FC
FF87FC
FF87FC
FF87FC
FF87FC
FFFFFC
FFFFFC
7FFFF8
3FFFF0
1FFFE0
ENDCHAR
STARTCHAR uni1F189
ENCODING 127369
SWIDTH 1000 0
DWIDTH 24 0
BBX 22 22 1 -2
BITMAP
1FFFE0
7FFFF8
7FFFF8
FFFFFC
FE00FC
FE00FC
FE00FC
FFF1FC
FFE3FC
FFC7FC
FFC7FC
FF8FFC
FF1FFC
FE1FFC
FE3FFC
FC00FC
FC00FC
FFFFFC
FFFFFC
7FFFF8
3FFFF0
1FFFE0
ENDCHAR
STARTCHAR uni1F18A
ENCODING 127370
SWIDTH 1000 0
DWIDTH 24 0
BBX 22 22 1 -2
BITMAP
FFFFFC
9FFFE4
8FFFC4
C7FF8C
E40F9C
FC01FC
FC00FC
FC78FC
FC7C7C
FC78FC
FC70FC
FC01FC
FC03FC
FC7FFC
FC7FFC
FC7E7C
FC7E3C
E7FF1C
C7FF8C
8FFFC4
9FFFE4
FFFFFC
ENDCHAR
STARTCHAR uni1F18B
ENCODING 127371
SWIDTH 1000 0
DWIDTH 24 0
BBX 22 22 1 -2
BITMAP
1FFFE0
7FFFF8
7FFFF8
FFFFFC
F9F87C
F9F03C
F9E03C
F9C3FC
F9C7FC
F9C7FC
F9C7FC
F9C7FC
F9C7FC
F9C7FC
F9E33C
F9E01C
F9F03C
FFFFFC
FFFFFC
7FFFF8
3FFFF0
1FFFE0
ENDCHAR
STARTCHAR uni1F18C
ENCODING 127372
SWIDTH 1000 0
DWIDTH 24 0
BBX 22 22 1 -2
BITMAP
1FFFE0
7FFFF8
7FFFF8
FFFFFC
E1FC7C
E03C7C
E0183C
E3193C
E3193C
E3193C
E2111C
E0331C
E0F01C
E3F01C
E3E38C
E3E38C
E3E38C
FFFFFC
FFFFFC
7FFFF8
3FFFF0
1FFFE0
ENDCHAR
STARTCHAR uni1F18D
ENCODING 127373
SWIDTH 1000 0
DWIDTH 24 0
BBX 22 22 1 -2
BITMAP
1FFFE0
7FFFF8
7FFFF8
FFFFFC
F0FC7C
E03C7C
C0783C
C7793C
C7F93C
C1F93C
E0711C
F8731C
FC301C
FE301C
CE238C
C0638C
E0E38C
FFFFFC
FFFFFC
7FFFF8
3FFFF0
1FFFE0
ENDCHAR
STARTCHAR uni1F18E
ENCODING 127374
SWIDTH 1000 0
DWIDTH 24 0
BBX 22 22 1 -2
BITMAP
1FFFE0
7FFFF8
7FFFF8
FFFFFC
F8F0FC
F8F01C
F0700C
F2718C
F2718C
F2711C
E2303C
E6300C
E0318C
E0318C
C7118C
C7100C
C7103C
FFFFFC
FFFFFC
7FFFF8
3FFFF0
1FFFE0
ENDCHAR
STARTCHAR uni1F18F
ENCODING 127375
SWIDTH 1000 0
DWIDTH 24 0
BBX 22 22 1 -2
BITMAP
1FFFE0
7FFFF8
7FFFF8
FFFFFC
CC671C
CC660C
CC641C
CC647C
CD64FC
CD64FC
C564FC
C92CFC
E92CFC
E92CFC
E10C5C
E30E0C
E38E0C
FFFFFC
FFFFFC
7FFFF8
3FFFF0
1FFFE0
ENDCHAR
STARTCHAR uni1F190
ENCODING 127376
SWIDTH 1000 0
DWIDTH 24 0
BBX 22 18 1 0
BITMAP
FE003C
FF803C
FFC03C
F3E03C
F1E03C
F0E03C
F0F03C
F0F03C
F0F03C
F0F03C
F0F03C
F0F03C
F0E03C
F1E03C
F1E438
FFCFF8
FF8FF8
FE03E0
ENDCHAR
STARTCHAR uni1F191
ENCODING 127377
SWIDTH 1000 0
DWIDTH 24 0
BBX 22 22 1 -2
BITMAP
FFFFFC
800004
800004
800004
838704
87E704
8FE704
9E4704
9C0704
9C0704
9C0704
9C0704
9C0704
9C0704
9E6704
8FE7F4
87C7F4
800004
800004
800004
800004
FFFFFC
ENDCHAR
STARTCHAR uni1F192
ENCODING 127378
SWIDTH 1000 0
DWIDTH 24 0
BBX 22 22 1 -2
BITMAP
FFFFFC
800004
800004
800004
8CC604
9DEF64
97ED64
B12D64
B12D64
B12D64
B12D64
B12D64
B12D64
B12D64
B1ED64
97EF74
9CC774
800004
800004
800004
800004
FFFFFC
ENDCHAR
STARTCHAR uni1F193
ENCODING 127379
SWIDTH 1000 0
DWIDTH 24 0
BBX 22 22 1 -2
BITMAP
FFFFFC
800004
800004
800004
BF0F74
BFEF74
BFEF74
B33C64
B33C64
B33C64
BB6F74
BBEF74
B36C64
B36C64
B36C64
B36F74
B33F74
800004
800004
800004
800004
FFFFFC
ENDCHAR
STARTCHAR uni1F194
ENCODING 127380
SWIDTH 1000 0
DWIDTH 24 0
BBX 22 22 1 -2
BITMAP
FFFFFC
800004
800004
800004
8E3804
8E3F84
8E3FC4
8E39C4
8E39C4
8E38E4
8E38E4
8E38E4
8E38C4
8E39C4
8E3BC4
8E3F84
8E3F04
800004
800004
800004
800004
FFFFFC
ENDCHAR
STARTCHAR uni1F195
ENCODING 127381
SWIDTH 1000 0
DWIDTH 24 0
BBX 22 22 1 -2
BITMAP
FFFFFC
800004
800004
800004
BB74B4
BB75B4
BB65B4
BB65B4
BB65F4
BF6574
BF7574
B76574
B76774
B76764
B76764
B77764
B37364
800004
800004
800004
800004
FFFFFC
ENDCHAR
STARTCHAR uni1F196
ENCODING 127382
SWIDTH 1000 0
DWIDTH 24 0
BBX 22 22 1 -2
BITMAP
FFFFFC
800004
800004
800004
98E1C4
9CE3F4
9CE7E4
9CEE24
9EEE04
9EEC04
9EECF4
9BECF4
9B6C74
99EE74
99EE74
99E7F4
98E3E4
800004
800004
800004
800004
FFFFFC
ENDCHAR
STARTCHAR uni1F197
ENCODING 127383
SWIDTH 1000 0
DWIDTH 24 0
BBX 22 22 1 -2
BITMAP
FFFFFC
800004
800004
800004
870E74
8F8E74
9FCEE4
99CEE4
B8EFC4
B8EFC4
B8EFC4
B8EFC4
B8EEC4
B8CEE4
9DCEE4
9FCE74
8F8E74
800004
800004
800004
800004
FFFFFC
ENDCHAR
STARTCHAR uni1F198
ENCODING 127384
SWIDTH 1000 0
DWIDTH 24 0
BBX 22 22 1 -2
BITMAP
FFFFFC
800004
800004
800004
9C30E4
BE79F4
BE7DE4
B0ED84
B0CD84
B8CDC4
9CCCE4
8ECC74
86CC34
87EC34
A76D34
FE7FF4
BE79E4
800004
800004
800004
800004
FFFFFC
ENDCHAR
STARTCHAR uni1F199
ENCODING 127385
SWIDTH 1000 0
DWIDTH 24 0
BBX 22 22 1 -2
BITMAP
FFFFFC
800004
800004
800004
BBB874
BBBF74
BBBF74
BBBBF4
BBBBB4
BBBBB4
BBBB34
BBBF34
BBBE04
BBB824
BBB874
9F3874
9F3874
800004
800004
800004
800004
FFFFFC
ENDCHAR
STARTCHAR uni1F19A
ENCODING 127386
SWIDTH 1000 0
DWIDTH 24 0
BBX 22 22 1 -2
BITMAP
FFFFFC
800004
800004
800004
B8E3C4
B8E7F4
98EFE4
9CEE24
9CCE04
9CCF04
8DC7C4
8DC3E4
8D80F4
8F8074
8F8C74
879FE4
878FC4
800004
800004
800004
800004
FFFFFC
ENDCHAR
STARTCHAR uni1F19B
ENCODING 127387
SWIDTH 1000 0
DWIDTH 24 0
BBX 22 22 1 -2
BITMAP
FFFFFC
800004
800004
800004
8E1C04
BF9F84
9F9FC4
819CE4
839CE4
879C74
8F1C74
8F9C74
81DCE4
81DCE4
91DDE4
BF9FC4
9F1F84
800004
800004
800004
800004
FFFFFC
ENDCHAR
STARTCHAR uni1F19C
ENCODING 127388
SWIDTH 1000 0
DWIDTH 24 0
BBX 22 22 1 -2
BITMAP
FFFFFC
800004
800004
800004
8E6B84
9B6BE4
836B64
867B64
8C5B64
8F5BC4
800004
863004
8F7FE4
8C6364
8763C4
8B63C4
8F7F64
800004
800004
800004
800004
FFFFFC
ENDCHAR
STARTCHAR uni1F19D
ENCODING 127389
SWIDTH 1000 0
DWIDTH 24 0
BBX 22 22 1 -2
BITMAP
FFFFFC
800004
800004
800004
871CE4
9F9CE4
9F9DC4
89DDC4
81DD84
81DF84
839F84
839F84
871FC4
8E1DC4
8E1CE4
9FDCE4
9FDCF4
800004
800004
800004
800004
FFFFFC
ENDCHAR
STARTCHAR uni1F19E
ENCODING 127390
SWIDTH 1000 0
DWIDTH 24 0
BBX 22 22 1 -2
BITMAP
FFFFFC
800004
800004
800004
839CE4
879CE4
879DC4
879DC4
8D9D84
8D9F84
999F84
999F84
BFDFC4
BFDDC4
819CE4
819CE4
819CF4
800004
800004
800004
800004
FFFFFC
ENDCHAR
STARTCHAR uni1F19F
ENCODING 127391
SWIDTH 1000 0
DWIDTH 24 0
BBX 22 22 1 -2
BITMAP
FFFFFC
800004
800004
800004
871CE4
9F9CE4
9DDCC4
99DDC4
99DD84
9D9F84
8F1F84
9FDFC4
99DFC4
B8DCC4
B8DCE4
9FDCE4
8F9C74
800004
800004
800004
800004
FFFFFC
ENDCHAR
STARTCHAR uni1F1A0
ENCODING 127392
SWIDTH 1000 0
DWIDTH 24 0
BBX 22 22 1 -2
BITMAP
FFFFFC
800004
800004
800004
8FC064
8FC3E4
8FC3E4
8C03E4
8C00E4
9F80E4
9FC0E4
89C0E4
81C0E4
81CCE4
99DCE4
9FDEE4
9F9CE4
800004
800004
800004
800004
FFFFFC
ENDCHAR
STARTCHAR uni1F1A1
ENCODING 127393
SWIDTH 1000 0
DWIDTH 24 0
BBX 22 22 1 -2
BITMAP
FFFFFC
800004
800004
800004
9FC0C4
9FC3C4
9FC7C4
81C7C4
8181C4
8381C4
8301C4
8701C4
8701C4
8711C4
8739C4
8739C4
8739C4
800004
800004
800004
800004
FFFFFC
ENDCHAR
STARTCHAR uni1F1A2
ENCODING 127394
SWIDTH 1000 0
DWIDTH 24 0
BBX 22 22 1 -2
BITMAP
FFFFFC
800004
800004
800004
98C064
BDE0F4
AD21B4
843034
843034
8C2034
8C6034
8C6024
886064
98C064
90C6C4
B18EC4
BFF6F4
800004
800004
800004
800004
FFFFFC
ENDCHAR
STARTCHAR uni1F1A3
ENCODING 127395
SWIDTH 1000 0
DWIDTH 24 0
BBX 22 22 1 -2
BITMAP
FFFFFC
800004
800004
800004
863184
8F39E4
996DA4
986DB4
906DB4
966DB4
9F6DA4
936DE4
936DC4
936D84
936D84
9B6D84
8E3984
800004
800004
800004
800004
FFFFFC
ENDCHAR
STARTCHAR uni1F1A4
ENCODING 127396
SWIDTH 1000 0
DWIDTH 24 0
BBX 22 22 1 -2
BITMAP
FFFFFC
800004
800004
800004
8B8CC4
BB9EF4
BED6D4
98D2D4
98F2D4
98F2D4
98B2D4
99B2F4
99B2E4
9912C4
9B16C4
9A16C4
9FDCC4
800004
800004
800004
800004
FFFFFC
ENDCHAR
STARTCHAR uni1F1A5
ENCODING 127397
SWIDTH 1000 0
DWIDTH 24 0
BBX 22 22 1 -2
BITMAP
FFFFFC
800004
800004
800004
800E04
800E04
800E04
800E04
80FE04
81FE04
81CE04
838E04
838E04
838E04
818E04
81FE04
80F604
800004
800004
800004
800004
FFFFFC
ENDCHAR
STARTCHAR uni1F1A6
ENCODING 127398
SWIDTH 1000 0
DWIDTH 24 0
BBX 22 22 1 -2
BITMAP
FFFFFC
800004
800004
800004
98E1C4
98E3F4
98E7F4
98EF24
98EE04
9FEE04
9FEE04
9FEE04
98EE04
98EE04
98E724
98E7F4
98E3E4
800004
800004
800004
800004
FFFFFC
ENDCHAR
STARTCHAR uni1F1A7
ENCODING 127399
SWIDTH 1000 0
DWIDTH 24 0
BBX 22 22 1 -2
BITMAP
FFFFFC
800004
800004
800004
B36184
B379E4
B379F4
B36DB4
B36DB4
B36DB4
BF6DB4
BF6DE4
B36DE4
B36DE4
B36DB4
B379B4
B371B4
800004
800004
800004
800004
FFFFFC
ENDCHAR
STARTCHAR uni1F1A8
ENCODING 127400
SWIDTH 1000 0
DWIDTH 24 0
BBX 22 22 1 -2
BITMAP
FFFFFC
800004
800004
800004
8DBC04
8DBC04
8D9804
8F9B84
8D9804
8DBC04
800004
8001C4
8FBFE4
8DA304
8F39C4
8F2264
8DBFC4
800004
800004
800004
800004
FFFFFC
ENDCHAR
STARTCHAR uni1F1A9
ENCODING 127401
SWIDTH 1000 0
DWIDTH 24 0
BBX 22 22 1 -2
BITMAP
FFFFFC
800004
800004
800004
91CEE4
91EEF4
936CC4
936664
916AB4
9DFFE4
800004
800CC4
91DFE4
911984
91CCC4
911764
9DFDE4
800004
800004
800004
800004
FFFFFC
ENDCHAR
STARTCHAR uni1F1AA
ENCODING 127402
SWIDTH 1000 0
DWIDTH 24 0
BBX 22 22 1 -2
BITMAP
FFFFFC
800004
800004
800004
9CCF1C
BECF34
B4CF34
B0CDB4
B0CDB4
B8CDB4
9CFDB4
8CFDA4
86CDA4
86CCA4
A6CCE4
FECCE4
BCCCE4
800004
800004
800004
800004
FFFFFC
ENDCHAR
STARTCHAR uni1F1AB
ENCODING 127403
SWIDTH 1000 0
DWIDTH 24 0
BBX 22 22 1 -2
BITMAP
FFFFFC
800004
800004
800004
B3CD84
B3CDE4
B3CDF4
B3CDB4
B3CDB4
B3CDB4
B3FDB4
B3FDB4
B3CDB4
B3CDB4
B6CDB4
BECDE4
9ECDE4
800004
800004
800004
800004
FFFFFC
ENDCHAR
STARTCHAR uni1F1AC
ENCODING 127404
SWIDTH 1000 0
DWIDTH 24 0
BBX 22 22 1 -2
BITMAP
FFFFFC
800004
800004
800004
B33104
B379E4
B3F9E4
B2DDB4
B2CDB4
B6CDB4
96CDB4
9ECDB4
9ECDB4
9ECDB4
9CD9F4
9C79E4
8C79C4
800004
800004
800004
800004
FFFFFC
ENDCHAR
STARTCHAR uni30EDE
ENCODING 200414
SWIDTH 1000 0
DWIDTH 24 0
BBX 24 23 0 -2
BITMAP
000E00
0FFFFE
CFFFFE
6FEEFE
6F4F56
3F7EAE
2FA1EE
0F6EEE
0F7EAE
7FFFFE
7FEEEE
3FEEEE
3FECEE
3F9E8E
3BFFFE
3BAEE6
3FF7FE
3A9C9C
39E75C
377FE6
7A3FC0
CFFFFF
43FFFE
ENDCHAR
STARTCHAR uni3106C
ENCODING 200812
SWIDTH 1000 0
DWIDTH 24 0
BBX 22 22 1 -2
BITMAP
03FF00
07FF80
05DE80
001100
03EE00
049380
FFFFFC
7DFEF8
92DF24
FDFFF8
11FE20
EDFEDC
FFFDFC
FF7FFC
09E4F8
35DFF0
7C3F08
19E6F0
25E9F0
3DEFF0
3DEFF8
2DEBF8
ENDCHAR
ENDFONT
