STARTFONT 2.1
FONT -unknown-Standard-Regular-R-Normal--16-160-75-75-P-0-ISO10646-1
SIZE 16 75 75
FONTBOUNDINGBOX 16 16 0 0
STARTPROPERTIES 5
FAMILY_NAME "Standard"
WEIGHT_NAME "Regular"
PIXEL_SIZE 16
FONT_ASCENT 13
FONT_DESCENT 3
ENDPROPERTIES
CHARS 2189
STARTCHAR uni0020
ENCODING 32
SWIDTH 250 0
DWIDTH 4 0
BBX 0 0 0 0
BITMAP
ENDCHAR
STARTCHAR exclam
ENCODING 33
SWIDTH 313 0
DWIDTH 5 0
BBX 1 11 2 0
BITMAP
80
80
80
80
80
80
80
80
00
80
80
ENDCHAR
STARTCHAR quotedbl
ENCODING 34
SWIDTH 375 0
DWIDTH 6 0
BBX 4 3 1 8
BITMAP
90
90
90
ENDCHAR
STARTCHAR numbersign
ENCODING 35
SWIDTH 563 0
DWIDTH 9 0
BBX 9 11 0 0
BITMAP
1100
1100
1100
FF80
2200
2200
2200
FF80
4400
4400
4400
ENDCHAR
STARTCHAR dollar
ENCODING 36
SWIDTH 563 0
DWIDTH 9 0
BBX 7 13 1 -1
BITMAP
10
7C
92
90
90
50
38
14
12
12
92
7C
10
ENDCHAR
STARTCHAR percent
ENCODING 37
SWIDTH 875 0
DWIDTH 14 0
BBX 12 11 1 0
BITMAP
7040
8880
8880
8900
8A00
74E0
0510
0910
1110
1110
20E0
ENDCHAR
STARTCHAR ampersand
ENCODING 38
SWIDTH 688 0
DWIDTH 11 0
BBX 9 11 1 0
BITMAP
1C00
2200
2200
2400
2800
5100
8900
8900
8600
8600
7980
ENDCHAR
STARTCHAR quotesingle
ENCODING 39
SWIDTH 188 0
DWIDTH 3 0
BBX 1 3 1 8
BITMAP
80
80
80
ENDCHAR
STARTCHAR parenleft
ENCODING 40
SWIDTH 313 0
DWIDTH 5 0
BBX 4 15 1 -3
BITMAP
10
20
40
40
80
80
80
80
80
80
80
40
40
20
10
ENDCHAR
STARTCHAR parenright
ENCODING 41
SWIDTH 313 0
DWIDTH 5 0
BBX 4 15 0 -3
BITMAP
80
40
20
20
10
10
10
10
10
10
10
20
20
40
80
ENDCHAR
STARTCHAR asterisk
ENCODING 42
SWIDTH 375 0
DWIDTH 6 0
BBX 5 6 1 5
BITMAP
20
20
F8
20
50
88
ENDCHAR
STARTCHAR plus
ENCODING 43
SWIDTH 563 0
DWIDTH 9 0
BBX 7 7 1 2
BITMAP
10
10
10
FE
10
10
10
ENDCHAR
STARTCHAR comma
ENCODING 44
SWIDTH 250 0
DWIDTH 4 0
BBX 2 4 1 -2
BITMAP
40
40
40
80
ENDCHAR
STARTCHAR hyphen
ENCODING 45
SWIDTH 313 0
DWIDTH 5 0
BBX 3 1 1 4
BITMAP
E0
ENDCHAR
STARTCHAR period
ENCODING 46
SWIDTH 250 0
DWIDTH 4 0
BBX 1 2 2 0
BITMAP
80
80
ENDCHAR
STARTCHAR slash
ENCODING 47
SWIDTH 250 0
DWIDTH 4 0
BBX 4 12 0 0
BITMAP
10
10
20
20
20
20
40
40
40
40
80
80
ENDCHAR
STARTCHAR zero
ENCODING 48
SWIDTH 563 0
DWIDTH 9 0
BBX 7 11 1 0
BITMAP
38
44
82
82
82
82
82
82
82
44
38
ENDCHAR
STARTCHAR one
ENCODING 49
SWIDTH 563 0
DWIDTH 9 0
BBX 7 11 1 0
BITMAP
30
50
90
10
10
10
10
10
10
10
FE
ENDCHAR
STARTCHAR two
ENCODING 50
SWIDTH 563 0
DWIDTH 9 0
BBX 7 11 1 0
BITMAP
78
84
02
02
02
04
08
30
40
80
FE
ENDCHAR
STARTCHAR three
ENCODING 51
SWIDTH 563 0
DWIDTH 9 0
BBX 7 11 1 0
BITMAP
78
84
02
02
04
18
04
02
02
84
78
ENDCHAR
STARTCHAR four
ENCODING 52
SWIDTH 563 0
DWIDTH 9 0
BBX 8 11 1 0
BITMAP
04
0C
14
24
24
44
84
FF
04
04
04
ENDCHAR
STARTCHAR five
ENCODING 53
SWIDTH 563 0
DWIDTH 9 0
BBX 7 11 1 0
BITMAP
FE
80
80
80
B8
C4
02
02
02
84
78
ENDCHAR
STARTCHAR six
ENCODING 54
SWIDTH 563 0
DWIDTH 9 0
BBX 7 11 1 0
BITMAP
3C
42
80
80
B8
C4
82
82
82
44
38
ENDCHAR
STARTCHAR seven
ENCODING 55
SWIDTH 563 0
DWIDTH 9 0
BBX 7 11 1 0
BITMAP
FE
02
04
08
08
10
10
10
20
20
20
ENDCHAR
STARTCHAR eight
ENCODING 56
SWIDTH 563 0
DWIDTH 9 0
BBX 7 11 1 0
BITMAP
38
44
82
82
44
38
44
82
82
44
38
ENDCHAR
STARTCHAR nine
ENCODING 57
SWIDTH 563 0
DWIDTH 9 0
BBX 7 11 1 0
BITMAP
38
44
82
82
82
46
3A
02
02
84
78
ENDCHAR
STARTCHAR colon
ENCODING 58
SWIDTH 250 0
DWIDTH 4 0
BBX 1 9 2 0
BITMAP
80
80
00
00
00
00
00
80
80
ENDCHAR
STARTCHAR semicolon
ENCODING 59
SWIDTH 250 0
DWIDTH 4 0
BBX 2 11 1 -2
BITMAP
40
40
00
00
00
00
00
40
40
40
80
ENDCHAR
STARTCHAR less
ENCODING 60
SWIDTH 563 0
DWIDTH 9 0
BBX 7 7 1 2
BITMAP
02
1C
60
80
60
1C
02
ENDCHAR
STARTCHAR equal
ENCODING 61
SWIDTH 563 0
DWIDTH 9 0
BBX 7 5 1 3
BITMAP
FE
00
00
00
FE
ENDCHAR
STARTCHAR greater
ENCODING 62
SWIDTH 563 0
DWIDTH 9 0
BBX 7 7 1 2
BITMAP
80
70
0C
02
0C
70
80
ENDCHAR
STARTCHAR question
ENCODING 63
SWIDTH 563 0
DWIDTH 9 0
BBX 7 11 1 0
BITMAP
38
44
82
02
02
04
08
10
00
10
10
ENDCHAR
STARTCHAR at
ENCODING 64
SWIDTH 1000 0
DWIDTH 16 0
BBX 14 14 1 -2
BITMAP
07E0
1810
2008
43A4
4464
8844
9044
9044
90C4
9148
4E30
4000
3030
0FC0
ENDCHAR
STARTCHAR A
ENCODING 65
SWIDTH 688 0
DWIDTH 11 0
BBX 11 11 0 0
BITMAP
0400
0400
0A00
0A00
1100
1100
2080
3F80
4040
4040
8020
ENDCHAR
STARTCHAR B
ENCODING 66
SWIDTH 688 0
DWIDTH 11 0
BBX 9 11 1 0
BITMAP
FF00
8080
8080
8080
8080
FF00
8080
8080
8080
8080
FF00
ENDCHAR
STARTCHAR C
ENCODING 67
SWIDTH 750 0
DWIDTH 12 0
BBX 10 11 1 0
BITMAP
1F00
6080
4040
8000
8000
8000
8000
8000
4040
6080
1F00
ENDCHAR
STARTCHAR D
ENCODING 68
SWIDTH 750 0
DWIDTH 12 0
BBX 10 11 1 0
BITMAP
FE00
8180
8080
8040
8040
8040
8040
8040
8080
8180
FE00
ENDCHAR
STARTCHAR E
ENCODING 69
SWIDTH 688 0
DWIDTH 11 0
BBX 9 11 1 0
BITMAP
FF80
8000
8000
8000
8000
FF00
8000
8000
8000
8000
FF80
ENDCHAR
STARTCHAR F
ENCODING 70
SWIDTH 625 0
DWIDTH 10 0
BBX 8 11 1 0
BITMAP
FF
80
80
80
80
FE
80
80
80
80
80
ENDCHAR
STARTCHAR G
ENCODING 71
SWIDTH 750 0
DWIDTH 12 0
BBX 10 11 1 0
BITMAP
1F00
6080
4040
8000
8000
8000
83C0
8040
4040
60C0
1F00
ENDCHAR
STARTCHAR H
ENCODING 72
SWIDTH 688 0
DWIDTH 11 0
BBX 9 11 1 0
BITMAP
8080
8080
8080
8080
8080
FF80
8080
8080
8080
8080
8080
ENDCHAR
STARTCHAR I
ENCODING 73
SWIDTH 188 0
DWIDTH 3 0
BBX 1 11 1 0
BITMAP
80
80
80
80
80
80
80
80
80
80
80
ENDCHAR
STARTCHAR J
ENCODING 74
SWIDTH 500 0
DWIDTH 8 0
BBX 6 11 0 0
BITMAP
1C
04
04
04
04
04
04
04
84
84
78
ENDCHAR
STARTCHAR K
ENCODING 75
SWIDTH 688 0
DWIDTH 11 0
BBX 10 11 1 0
BITMAP
8100
8200
8400
8800
9000
A800
C400
8200
8100
8080
8040
ENDCHAR
STARTCHAR L
ENCODING 76
SWIDTH 563 0
DWIDTH 9 0
BBX 7 11 1 0
BITMAP
80
80
80
80
80
80
80
80
80
80
FE
ENDCHAR
STARTCHAR M
ENCODING 77
SWIDTH 813 0
DWIDTH 13 0
BBX 11 11 1 0
BITMAP
8020
C060
C060
A0A0
A0A0
9120
9120
8A20
8A20
8420
8420
ENDCHAR
STARTCHAR N
ENCODING 78
SWIDTH 688 0
DWIDTH 11 0
BBX 9 11 1 0
BITMAP
8080
C080
A080
9080
9080
8880
8480
8480
8280
8180
8080
ENDCHAR
STARTCHAR O
ENCODING 79
SWIDTH 750 0
DWIDTH 12 0
BBX 10 11 1 0
BITMAP
1E00
6180
4080
8040
8040
8040
8040
8040
4080
6180
1E00
ENDCHAR
STARTCHAR P
ENCODING 80
SWIDTH 688 0
DWIDTH 11 0
BBX 9 11 1 0
BITMAP
FF00
8080
8080
8080
8080
FF00
8000
8000
8000
8000
8000
ENDCHAR
STARTCHAR Q
ENCODING 81
SWIDTH 750 0
DWIDTH 12 0
BBX 10 14 1 -3
BITMAP
1E00
6180
4080
8040
8040
8040
8040
8040
4080
6180
1E00
0400
0200
0180
ENDCHAR
STARTCHAR R
ENCODING 82
SWIDTH 688 0
DWIDTH 11 0
BBX 9 11 1 0
BITMAP
FF00
8080
8080
8080
8080
FF00
8800
8400
8200
8100
8080
ENDCHAR
STARTCHAR S
ENCODING 83
SWIDTH 688 0
DWIDTH 11 0
BBX 9 11 1 0
BITMAP
3E00
4100
8080
8000
6000
1E00
0100
0080
8080
4100
3E00
ENDCHAR
STARTCHAR T
ENCODING 84
SWIDTH 563 0
DWIDTH 9 0
BBX 9 11 0 0
BITMAP
FF80
0800
0800
0800
0800
0800
0800
0800
0800
0800
0800
ENDCHAR
STARTCHAR U
ENCODING 85
SWIDTH 688 0
DWIDTH 11 0
BBX 9 11 1 0
BITMAP
8080
8080
8080
8080
8080
8080
8080
8080
8080
4100
3E00
ENDCHAR
STARTCHAR V
ENCODING 86
SWIDTH 688 0
DWIDTH 11 0
BBX 11 11 0 0
BITMAP
8020
4040
4040
2080
2080
1100
1100
0A00
0A00
0400
0400
ENDCHAR
STARTCHAR W
ENCODING 87
SWIDTH 938 0
DWIDTH 15 0
BBX 15 11 0 0
BITMAP
8102
8102
4284
4284
4444
4444
2828
2828
2828
1010
1010
ENDCHAR
STARTCHAR X
ENCODING 88
SWIDTH 688 0
DWIDTH 11 0
BBX 11 11 0 0
BITMAP
8020
4040
2080
1100
0A00
0400
0A00
1100
2080
4040
8020
ENDCHAR
STARTCHAR Y
ENCODING 89
SWIDTH 563 0
DWIDTH 9 0
BBX 9 11 0 0
BITMAP
8080
4100
2200
2200
1400
0800
0800
0800
0800
0800
0800
ENDCHAR
STARTCHAR Z
ENCODING 90
SWIDTH 563 0
DWIDTH 9 0
BBX 7 11 1 0
BITMAP
FE
02
04
08
08
10
20
20
40
80
FE
ENDCHAR
STARTCHAR bracketleft
ENCODING 91
SWIDTH 250 0
DWIDTH 4 0
BBX 3 15 1 -3
BITMAP
E0
80
80
80
80
80
80
80
80
80
80
80
80
80
E0
ENDCHAR
STARTCHAR backslash
ENCODING 92
SWIDTH 250 0
DWIDTH 4 0
BBX 4 12 0 0
BITMAP
80
80
40
40
40
40
20
20
20
20
10
10
ENDCHAR
STARTCHAR bracketright
ENCODING 93
SWIDTH 250 0
DWIDTH 4 0
BBX 3 15 0 -3
BITMAP
E0
20
20
20
20
20
20
20
20
20
20
20
20
20
E0
ENDCHAR
STARTCHAR asciicircum
ENCODING 94
SWIDTH 438 0
DWIDTH 7 0
BBX 7 6 0 5
BITMAP
10
28
28
44
44
82
ENDCHAR
STARTCHAR underscore
ENCODING 95
SWIDTH 563 0
DWIDTH 9 0
BBX 9 1 0 -3
BITMAP
FF80
ENDCHAR
STARTCHAR grave
ENCODING 96
SWIDTH 313 0
DWIDTH 5 0
BBX 3 3 1 10
BITMAP
80
40
20
ENDCHAR
STARTCHAR a
ENCODING 97
SWIDTH 563 0
DWIDTH 9 0
BBX 8 9 1 0
BITMAP
7C
82
02
02
7E
82
82
86
79
ENDCHAR
STARTCHAR b
ENCODING 98
SWIDTH 563 0
DWIDTH 9 0
BBX 7 12 1 0
BITMAP
80
80
80
B8
C4
82
82
82
82
82
C4
B8
ENDCHAR
STARTCHAR c
ENCODING 99
SWIDTH 500 0
DWIDTH 8 0
BBX 6 9 1 0
BITMAP
38
44
80
80
80
80
80
44
38
ENDCHAR
STARTCHAR d
ENCODING 100
SWIDTH 563 0
DWIDTH 9 0
BBX 7 12 1 0
BITMAP
02
02
02
3A
46
82
82
82
82
82
46
3A
ENDCHAR
STARTCHAR e
ENCODING 101
SWIDTH 563 0
DWIDTH 9 0
BBX 7 9 1 0
BITMAP
38
44
82
82
FE
80
80
42
3C
ENDCHAR
STARTCHAR f
ENCODING 102
SWIDTH 250 0
DWIDTH 4 0
BBX 4 12 0 0
BITMAP
30
40
40
F0
40
40
40
40
40
40
40
40
ENDCHAR
STARTCHAR g
ENCODING 103
SWIDTH 563 0
DWIDTH 9 0
BBX 7 12 1 -3
BITMAP
3A
46
82
82
82
82
82
46
3A
02
84
78
ENDCHAR
STARTCHAR h
ENCODING 104
SWIDTH 500 0
DWIDTH 8 0
BBX 6 12 1 0
BITMAP
80
80
80
B8
C4
84
84
84
84
84
84
84
ENDCHAR
STARTCHAR i
ENCODING 105
SWIDTH 250 0
DWIDTH 4 0
BBX 1 12 1 0
BITMAP
80
00
00
80
80
80
80
80
80
80
80
80
ENDCHAR
STARTCHAR j
ENCODING 106
SWIDTH 188 0
DWIDTH 3 0
BBX 2 15 0 -3
BITMAP
40
00
00
40
40
40
40
40
40
40
40
40
40
40
80
ENDCHAR
STARTCHAR k
ENCODING 107
SWIDTH 500 0
DWIDTH 8 0
BBX 7 12 1 0
BITMAP
80
80
80
84
88
90
A0
E0
90
88
84
82
ENDCHAR
STARTCHAR l
ENCODING 108
SWIDTH 188 0
DWIDTH 3 0
BBX 1 12 1 0
BITMAP
80
80
80
80
80
80
80
80
80
80
80
80
ENDCHAR
STARTCHAR m
ENCODING 109
SWIDTH 813 0
DWIDTH 13 0
BBX 11 9 1 0
BITMAP
B9C0
C620
8420
8420
8420
8420
8420
8420
8420
ENDCHAR
STARTCHAR n
ENCODING 110
SWIDTH 500 0
DWIDTH 8 0
BBX 6 9 1 0
BITMAP
B8
C4
84
84
84
84
84
84
84
ENDCHAR
STARTCHAR o
ENCODING 111
SWIDTH 563 0
DWIDTH 9 0
BBX 7 9 1 0
BITMAP
38
44
82
82
82
82
82
44
38
ENDCHAR
STARTCHAR p
ENCODING 112
SWIDTH 563 0
DWIDTH 9 0
BBX 7 12 1 -3
BITMAP
B8
C4
82
82
82
82
82
C4
B8
80
80
80
ENDCHAR
STARTCHAR q
ENCODING 113
SWIDTH 563 0
DWIDTH 9 0
BBX 7 12 1 -3
BITMAP
3A
46
82
82
82
82
82
46
3A
02
02
02
ENDCHAR
STARTCHAR r
ENCODING 114
SWIDTH 313 0
DWIDTH 5 0
BBX 4 9 1 0
BITMAP
B0
C0
80
80
80
80
80
80
80
ENDCHAR
STARTCHAR s
ENCODING 115
SWIDTH 500 0
DWIDTH 8 0
BBX 6 9 1 0
BITMAP
78
84
80
80
78
04
04
84
78
ENDCHAR
STARTCHAR t
ENCODING 116
SWIDTH 250 0
DWIDTH 4 0
BBX 4 11 0 0
BITMAP
40
40
F0
40
40
40
40
40
40
40
30
ENDCHAR
STARTCHAR u
ENCODING 117
SWIDTH 500 0
DWIDTH 8 0
BBX 6 9 1 0
BITMAP
84
84
84
84
84
84
84
8C
74
ENDCHAR
STARTCHAR v
ENCODING 118
SWIDTH 438 0
DWIDTH 7 0
BBX 7 9 0 0
BITMAP
82
82
44
44
44
28
28
28
10
ENDCHAR
STARTCHAR w
ENCODING 119
SWIDTH 688 0
DWIDTH 11 0
BBX 9 9 1 0
BITMAP
8880
8880
9480
5500
5500
5500
5500
2200
2200
ENDCHAR
STARTCHAR x
ENCODING 120
SWIDTH 438 0
DWIDTH 7 0
BBX 7 9 0 0
BITMAP
82
44
44
28
10
28
44
44
82
ENDCHAR
STARTCHAR y
ENCODING 121
SWIDTH 438 0
DWIDTH 7 0
BBX 7 12 0 -3
BITMAP
82
82
44
44
44
28
28
10
10
10
20
C0
ENDCHAR
STARTCHAR z
ENCODING 122
SWIDTH 438 0
DWIDTH 7 0
BBX 7 9 0 0
BITMAP
FE
02
04
08
10
20
40
80
FE
ENDCHAR
STARTCHAR braceleft
ENCODING 123
SWIDTH 313 0
DWIDTH 5 0
BBX 5 15 0 -3
BITMAP
18
20
20
20
20
20
20
C0
20
20
20
20
20
20
18
ENDCHAR
STARTCHAR bar
ENCODING 124
SWIDTH 188 0
DWIDTH 3 0
BBX 1 15 1 -3
BITMAP
80
80
80
80
80
80
80
80
80
80
80
80
80
80
80
ENDCHAR
STARTCHAR braceright
ENCODING 125
SWIDTH 313 0
DWIDTH 5 0
BBX 5 15 0 -3
BITMAP
C0
20
20
20
20
20
20
18
20
20
20
20
20
20
C0
ENDCHAR
STARTCHAR asciitilde
ENCODING 126
SWIDTH 563 0
DWIDTH 9 0
BBX 7 3 1 4
BITMAP
60
92
0C
ENDCHAR
STARTCHAR uni00A0
ENCODING 160
SWIDTH 250 0
DWIDTH 4 0
BBX 0 0 0 0
BITMAP
ENDCHAR
STARTCHAR exclamdown
ENCODING 161
SWIDTH 313 0
DWIDTH 5 0
BBX 1 12 3 -3
BITMAP
80
80
00
00
80
80
80
80
80
80
80
80
ENDCHAR
STARTCHAR cent
ENCODING 162
SWIDTH 563 0
DWIDTH 9 0
BBX 8 11 0 0
BITMAP
08
18
7E
EA
C8
C8
48
6B
3F
0E
08
ENDCHAR
STARTCHAR sterling
ENCODING 163
SWIDTH 563 0
DWIDTH 9 0
BBX 7 11 1 0
BITMAP
38
44
40
40
40
F8
40
40
40
82
FC
ENDCHAR
STARTCHAR currency
ENCODING 164
SWIDTH 563 0
DWIDTH 9 0
BBX 7 7 1 2
BITMAP
BA
44
82
82
82
44
BA
ENDCHAR
STARTCHAR yen
ENCODING 165
SWIDTH 563 0
DWIDTH 9 0
BBX 9 11 0 0
BITMAP
8080
4100
2200
1400
1400
7F00
0800
7F00
0800
0800
0800
ENDCHAR
STARTCHAR brokenbar
ENCODING 166
SWIDTH 188 0
DWIDTH 3 0
BBX 1 15 1 -3
BITMAP
80
80
80
80
80
80
00
00
00
80
80
80
80
80
80
ENDCHAR
STARTCHAR section
ENCODING 167
SWIDTH 563 0
DWIDTH 9 0
BBX 7 13 1 -1
BITMAP
7C
82
80
80
7C
82
82
82
7C
02
02
82
7C
ENDCHAR
STARTCHAR dieresis
ENCODING 168
SWIDTH 313 0
DWIDTH 5 0
BBX 3 1 1 11
BITMAP
A0
ENDCHAR
STARTCHAR copyright
ENCODING 169
SWIDTH 750 0
DWIDTH 12 0
BBX 11 11 0 0
BITMAP
1F00
2080
4040
8E20
9120
9020
9120
8E20
4040
2080
1F00
ENDCHAR
STARTCHAR ordfeminine
ENCODING 170
SWIDTH 313 0
DWIDTH 5 0
BBX 5 6 0 5
BITMAP
E0
10
70
90
90
68
ENDCHAR
STARTCHAR guillemotleft
ENCODING 171
SWIDTH 563 0
DWIDTH 9 0
BBX 7 7 1 1
BITMAP
12
24
48
90
48
24
12
ENDCHAR
STARTCHAR logicalnot
ENCODING 172
SWIDTH 563 0
DWIDTH 9 0
BBX 7 4 1 2
BITMAP
FE
02
02
02
ENDCHAR
STARTCHAR hyphen
ENCODING 173
SWIDTH 313 0
DWIDTH 5 0
BBX 3 1 1 4
BITMAP
E0
ENDCHAR
STARTCHAR registered
ENCODING 174
SWIDTH 750 0
DWIDTH 12 0
BBX 11 11 0 0
BITMAP
1F00
2080
4040
9E20
9120
9E20
9220
9120
4040
2080
1F00
ENDCHAR
STARTCHAR macron
ENCODING 175
SWIDTH 563 0
DWIDTH 9 0
BBX 9 1 0 11
BITMAP
FF80
ENDCHAR
STARTCHAR degree
ENCODING 176
SWIDTH 375 0
DWIDTH 6 0
BBX 4 4 1 7
BITMAP
60
90
90
60
ENDCHAR
STARTCHAR plusminus
ENCODING 177
SWIDTH 563 0
DWIDTH 9 0
BBX 7 9 1 0
BITMAP
10
10
10
FE
10
10
10
00
FE
ENDCHAR
STARTCHAR uni00B2
ENCODING 178
SWIDTH 313 0
DWIDTH 5 0
BBX 5 7 0 4
BITMAP
70
88
08
10
60
80
F8
ENDCHAR
STARTCHAR uni00B3
ENCODING 179
SWIDTH 313 0
DWIDTH 5 0
BBX 5 7 0 4
BITMAP
70
88
08
30
08
88
70
ENDCHAR
STARTCHAR acute
ENCODING 180
SWIDTH 313 0
DWIDTH 5 0
BBX 3 3 1 10
BITMAP
20
40
80
ENDCHAR
STARTCHAR u00B5
ENCODING 181
SWIDTH 563 0
DWIDTH 9 0
BBX 8 12 1 -3
BITMAP
82
82
82
82
82
82
82
C6
B9
80
80
80
ENDCHAR
STARTCHAR paragraph
ENCODING 182
SWIDTH 563 0
DWIDTH 9 0
BBX 8 13 1 -2
BITMAP
7F
F2
F2
F2
F2
72
12
12
12
12
12
12
12
ENDCHAR
STARTCHAR periodcentered
ENCODING 183
SWIDTH 250 0
DWIDTH 4 0
BBX 1 2 1 4
BITMAP
80
80
ENDCHAR
STARTCHAR cedilla
ENCODING 184
SWIDTH 313 0
DWIDTH 5 0
BBX 3 4 1 -4
BITMAP
80
C0
20
C0
ENDCHAR
STARTCHAR uni00B9
ENCODING 185
SWIDTH 313 0
DWIDTH 5 0
BBX 5 7 0 4
BITMAP
60
A0
20
20
20
20
F8
ENDCHAR
STARTCHAR ordmasculine
ENCODING 186
SWIDTH 313 0
DWIDTH 5 0
BBX 4 6 0 5
BITMAP
60
90
90
90
90
60
ENDCHAR
STARTCHAR guillemotright
ENCODING 187
SWIDTH 563 0
DWIDTH 9 0
BBX 7 7 1 1
BITMAP
90
48
24
12
24
48
90
ENDCHAR
STARTCHAR onequarter
ENCODING 188
SWIDTH 813 0
DWIDTH 13 0
BBX 12 11 0 0
BITMAP
6020
A040
2040
2080
20A0
2160
FAA0
02A0
05F0
0420
0820
ENDCHAR
STARTCHAR onehalf
ENCODING 189
SWIDTH 813 0
DWIDTH 13 0
BBX 13 11 0 0
BITMAP
6040
A080
2080
2100
2170
2288
FC08
0410
0860
0880
10F8
ENDCHAR
STARTCHAR threequarters
ENCODING 190
SWIDTH 813 0
DWIDTH 13 0
BBX 12 11 0 0
BITMAP
7020
8840
0840
3080
08A0
8960
72A0
02A0
05F0
0420
0820
ENDCHAR
STARTCHAR questiondown
ENCODING 191
SWIDTH 625 0
DWIDTH 10 0
BBX 7 12 2 -3
BITMAP
10
10
00
10
10
20
40
80
80
82
44
38
ENDCHAR
STARTCHAR Agrave
ENCODING 192
SWIDTH 688 0
DWIDTH 11 0
BBX 11 15 0 0
BITMAP
0800
0400
0200
0000
0400
0400
0A00
0A00
1100
1100
2080
3F80
4040
4040
8020
ENDCHAR
STARTCHAR Aacute
ENCODING 193
SWIDTH 688 0
DWIDTH 11 0
BBX 11 15 0 0
BITMAP
0100
0200
0400
0000
0400
0400
0A00
0A00
1100
1100
2080
3F80
4040
4040
8020
ENDCHAR
STARTCHAR Acircumflex
ENCODING 194
SWIDTH 688 0
DWIDTH 11 0
BBX 11 15 0 0
BITMAP
0400
0A00
1100
0000
0400
0400
0A00
0A00
1100
1100
2080
3F80
4040
4040
8020
ENDCHAR
STARTCHAR Atilde
ENCODING 195
SWIDTH 688 0
DWIDTH 11 0
BBX 11 14 0 0
BITMAP
0C80
1300
0000
0400
0400
0A00
0A00
1100
1100
2080
3F80
4040
4040
8020
ENDCHAR
STARTCHAR Adieresis
ENCODING 196
SWIDTH 688 0
DWIDTH 11 0
BBX 11 13 0 0
BITMAP
0900
0000
0400
0400
0A00
0A00
1100
1100
2080
3F80
4040
4040
8020
ENDCHAR
STARTCHAR Aring
ENCODING 197
SWIDTH 688 0
DWIDTH 11 0
BBX 11 14 0 0
BITMAP
0600
0900
0900
0600
0400
0A00
0A00
1100
1100
2080
3F80
4040
4040
8020
ENDCHAR
STARTCHAR AE
ENCODING 198
SWIDTH 1000 0
DWIDTH 16 0
BBX 15 11 0 0
BITMAP
01FE
0280
0480
0480
0880
10FC
1080
3F80
4080
4080
80FE
ENDCHAR
STARTCHAR Ccedilla
ENCODING 199
SWIDTH 750 0
DWIDTH 12 0
BBX 10 15 1 -4
BITMAP
1F00
6080
4040
8000
8000
8000
8000
8000
4040
6080
1F00
0800
0C00
0200
0C00
ENDCHAR
STARTCHAR Egrave
ENCODING 200
SWIDTH 688 0
DWIDTH 11 0
BBX 9 15 1 0
BITMAP
1000
0800
0400
0000
FF80
8000
8000
8000
8000
FF00
8000
8000
8000
8000
FF80
ENDCHAR
STARTCHAR Eacute
ENCODING 201
SWIDTH 688 0
DWIDTH 11 0
BBX 9 15 1 0
BITMAP
0200
0400
0800
0000
FF80
8000
8000
8000
8000
FF00
8000
8000
8000
8000
FF80
ENDCHAR
STARTCHAR Ecircumflex
ENCODING 202
SWIDTH 688 0
DWIDTH 11 0
BBX 9 15 1 0
BITMAP
0800
1400
2200
0000
FF80
8000
8000
8000
8000
FF00
8000
8000
8000
8000
FF80
ENDCHAR
STARTCHAR Edieresis
ENCODING 203
SWIDTH 688 0
DWIDTH 11 0
BBX 9 13 1 0
BITMAP
1200
0000
FF80
8000
8000
8000
8000
FF00
8000
8000
8000
8000
FF80
ENDCHAR
STARTCHAR Igrave
ENCODING 204
SWIDTH 188 0
DWIDTH 3 0
BBX 3 15 0 0
BITMAP
80
40
20
00
40
40
40
40
40
40
40
40
40
40
40
ENDCHAR
STARTCHAR Iacute
ENCODING 205
SWIDTH 188 0
DWIDTH 3 0
BBX 3 15 1 0
BITMAP
20
40
80
00
80
80
80
80
80
80
80
80
80
80
80
ENDCHAR
STARTCHAR Icircumflex
ENCODING 206
SWIDTH 188 0
DWIDTH 3 0
BBX 5 15 -1 0
BITMAP
20
50
88
00
20
20
20
20
20
20
20
20
20
20
20
ENDCHAR
STARTCHAR Idieresis
ENCODING 207
SWIDTH 188 0
DWIDTH 3 0
BBX 4 13 0 0
BITMAP
90
00
40
40
40
40
40
40
40
40
40
40
40
ENDCHAR
STARTCHAR Eth
ENCODING 208
SWIDTH 750 0
DWIDTH 12 0
BBX 11 11 0 0
BITMAP
7F00
40C0
4040
4020
4020
FC20
4020
4020
4040
40C0
7F00
ENDCHAR
STARTCHAR Ntilde
ENCODING 209
SWIDTH 688 0
DWIDTH 11 0
BBX 9 14 1 0
BITMAP
1900
2600
0000
8080
C080
A080
9080
9080
8880
8480
8480
8280
8180
8080
ENDCHAR
STARTCHAR Ograve
ENCODING 210
SWIDTH 750 0
DWIDTH 12 0
BBX 10 15 1 0
BITMAP
1000
0800
0400
0000
1E00
6180
4080
8040
8040
8040
8040
8040
4080
6180
1E00
ENDCHAR
STARTCHAR Oacute
ENCODING 211
SWIDTH 750 0
DWIDTH 12 0
BBX 10 15 1 0
BITMAP
0200
0400
0800
0000
1E00
6180
4080
8040
8040
8040
8040
8040
4080
6180
1E00
ENDCHAR
STARTCHAR Ocircumflex
ENCODING 212
SWIDTH 750 0
DWIDTH 12 0
BBX 10 15 1 0
BITMAP
0400
0A00
1100
0000
1E00
6180
4080
8040
8040
8040
8040
8040
4080
6180
1E00
ENDCHAR
STARTCHAR Otilde
ENCODING 213
SWIDTH 750 0
DWIDTH 12 0
BBX 10 14 1 0
BITMAP
1900
2600
0000
1E00
6180
4080
8040
8040
8040
8040
8040
4080
6180
1E00
ENDCHAR
STARTCHAR Odieresis
ENCODING 214
SWIDTH 750 0
DWIDTH 12 0
BBX 10 13 1 0
BITMAP
1200
0000
1E00
6180
4080
8040
8040
8040
8040
8040
4080
6180
1E00
ENDCHAR
STARTCHAR multiply
ENCODING 215
SWIDTH 563 0
DWIDTH 9 0
BBX 7 7 1 2
BITMAP
82
44
28
10
28
44
82
ENDCHAR
STARTCHAR Oslash
ENCODING 216
SWIDTH 750 0
DWIDTH 12 0
BBX 10 11 1 0
BITMAP
1E40
6180
4180
8240
8440
8440
8840
9040
6080
6180
9E00
ENDCHAR
STARTCHAR Ugrave
ENCODING 217
SWIDTH 688 0
DWIDTH 11 0
BBX 9 15 1 0
BITMAP
1000
0800
0400
0000
8080
8080
8080
8080
8080
8080
8080
8080
8080
4100
3E00
ENDCHAR
STARTCHAR Uacute
ENCODING 218
SWIDTH 688 0
DWIDTH 11 0
BBX 9 15 1 0
BITMAP
0200
0400
0800
0000
8080
8080
8080
8080
8080
8080
8080
8080
8080
4100
3E00
ENDCHAR
STARTCHAR Ucircumflex
ENCODING 219
SWIDTH 688 0
DWIDTH 11 0
BBX 9 15 1 0
BITMAP
0800
1400
2200
0000
8080
8080
8080
8080
8080
8080
8080
8080
8080
4100
3E00
ENDCHAR
STARTCHAR Udieresis
ENCODING 220
SWIDTH 688 0
DWIDTH 11 0
BBX 9 13 1 0
BITMAP
1200
0000
8080
8080
8080
8080
8080
8080
8080
8080
8080
4100
3E00
ENDCHAR
STARTCHAR Yacute
ENCODING 221
SWIDTH 563 0
DWIDTH 9 0
BBX 9 15 0 0
BITMAP
0200
0400
0800
0000
8080
4100
2200
2200
1400
0800
0800
0800
0800
0800
0800
ENDCHAR
STARTCHAR Thorn
ENCODING 222
SWIDTH 688 0
DWIDTH 11 0
BBX 8 11 1 0
BITMAP
80
80
FC
82
81
81
81
82
FC
80
80
ENDCHAR
STARTCHAR germandbls
ENCODING 223
SWIDTH 563 0
DWIDTH 9 0
BBX 7 12 1 0
BITMAP
38
44
84
84
88
90
90
8C
82
82
82
9C
ENDCHAR
STARTCHAR agrave
ENCODING 224
SWIDTH 563 0
DWIDTH 9 0
BBX 8 13 1 0
BITMAP
20
10
08
00
7C
82
02
02
7E
82
82
86
79
ENDCHAR
STARTCHAR aacute
ENCODING 225
SWIDTH 563 0
DWIDTH 9 0
BBX 8 13 1 0
BITMAP
04
08
10
00
7C
82
02
02
7E
82
82
86
79
ENDCHAR
STARTCHAR acircumflex
ENCODING 226
SWIDTH 563 0
DWIDTH 9 0
BBX 8 13 1 0
BITMAP
10
28
44
00
7C
82
02
02
7E
82
82
86
79
ENDCHAR
STARTCHAR atilde
ENCODING 227
SWIDTH 563 0
DWIDTH 9 0
BBX 8 13 1 0
BITMAP
12
2A
24
00
7C
82
02
02
7E
82
82
86
79
ENDCHAR
STARTCHAR adieresis
ENCODING 228
SWIDTH 563 0
DWIDTH 9 0
BBX 8 11 1 0
BITMAP
28
00
7C
82
02
02
7E
82
82
86
79
ENDCHAR
STARTCHAR aring
ENCODING 229
SWIDTH 563 0
DWIDTH 9 0
BBX 8 14 1 0
BITMAP
18
24
24
18
00
7C
82
02
02
7E
82
82
86
79
ENDCHAR
STARTCHAR ae
ENCODING 230
SWIDTH 875 0
DWIDTH 14 0
BBX 12 9 1 0
BITMAP
7DE0
8210
0210
0210
7FF0
8200
8200
8610
79E0
ENDCHAR
STARTCHAR ccedilla
ENCODING 231
SWIDTH 500 0
DWIDTH 8 0
BBX 6 13 1 -4
BITMAP
38
44
80
80
80
80
80
44
38
20
30
08
30
ENDCHAR
STARTCHAR egrave
ENCODING 232
SWIDTH 563 0
DWIDTH 9 0
BBX 7 13 1 0
BITMAP
20
10
08
00
38
44
82
82
FE
80
80
42
3C
ENDCHAR
STARTCHAR eacute
ENCODING 233
SWIDTH 563 0
DWIDTH 9 0
BBX 7 13 1 0
BITMAP
04
08
10
00
38
44
82
82
FE
80
80
42
3C
ENDCHAR
STARTCHAR ecircumflex
ENCODING 234
SWIDTH 563 0
DWIDTH 9 0
BBX 7 13 1 0
BITMAP
10
28
44
00
38
44
82
82
FE
80
80
42
3C
ENDCHAR
STARTCHAR edieresis
ENCODING 235
SWIDTH 563 0
DWIDTH 9 0
BBX 7 11 1 0
BITMAP
28
00
38
44
82
82
FE
80
80
42
3C
ENDCHAR
STARTCHAR igrave
ENCODING 236
SWIDTH 188 0
DWIDTH 3 0
BBX 3 13 0 0
BITMAP
80
40
20
00
40
40
40
40
40
40
40
40
40
ENDCHAR
STARTCHAR iacute
ENCODING 237
SWIDTH 188 0
DWIDTH 3 0
BBX 3 13 1 0
BITMAP
20
40
80
00
80
80
80
80
80
80
80
80
80
ENDCHAR
STARTCHAR icircumflex
ENCODING 238
SWIDTH 188 0
DWIDTH 3 0
BBX 5 13 -1 0
BITMAP
20
50
88
00
20
20
20
20
20
20
20
20
20
ENDCHAR
STARTCHAR idieresis
ENCODING 239
SWIDTH 188 0
DWIDTH 3 0
BBX 3 11 0 0
BITMAP
A0
00
40
40
40
40
40
40
40
40
40
ENDCHAR
STARTCHAR eth
ENCODING 240
SWIDTH 563 0
DWIDTH 9 0
BBX 7 12 1 0
BITMAP
24
18
28
04
3C
46
82
82
82
82
44
38
ENDCHAR
STARTCHAR ntilde
ENCODING 241
SWIDTH 500 0
DWIDTH 8 0
BBX 6 13 1 0
BITMAP
24
54
48
00
B8
C4
84
84
84
84
84
84
84
ENDCHAR
STARTCHAR ograve
ENCODING 242
SWIDTH 563 0
DWIDTH 9 0
BBX 7 13 1 0
BITMAP
20
10
08
00
38
44
82
82
82
82
82
44
38
ENDCHAR
STARTCHAR oacute
ENCODING 243
SWIDTH 563 0
DWIDTH 9 0
BBX 7 13 1 0
BITMAP
04
08
10
00
38
44
82
82
82
82
82
44
38
ENDCHAR
STARTCHAR ocircumflex
ENCODING 244
SWIDTH 563 0
DWIDTH 9 0
BBX 7 13 1 0
BITMAP
10
28
44
00
38
44
82
82
82
82
82
44
38
ENDCHAR
STARTCHAR otilde
ENCODING 245
SWIDTH 563 0
DWIDTH 9 0
BBX 7 13 1 0
BITMAP
24
54
48
00
38
44
82
82
82
82
82
44
38
ENDCHAR
STARTCHAR odieresis
ENCODING 246
SWIDTH 563 0
DWIDTH 9 0
BBX 7 11 1 0
BITMAP
28
00
38
44
82
82
82
82
82
44
38
ENDCHAR
STARTCHAR divide
ENCODING 247
SWIDTH 563 0
DWIDTH 9 0
BBX 7 7 1 2
BITMAP
10
00
00
FE
00
00
10
ENDCHAR
STARTCHAR oslash
ENCODING 248
SWIDTH 563 0
DWIDTH 9 0
BBX 9 9 0 0
BITMAP
1D00
2200
4300
4500
4900
5100
6100
2200
5C00
ENDCHAR
STARTCHAR ugrave
ENCODING 249
SWIDTH 500 0
DWIDTH 8 0
BBX 6 13 1 0
BITMAP
20
10
08
00
84
84
84
84
84
84
84
8C
74
ENDCHAR
STARTCHAR uacute
ENCODING 250
SWIDTH 500 0
DWIDTH 8 0
BBX 6 13 1 0
BITMAP
08
10
20
00
84
84
84
84
84
84
84
8C
74
ENDCHAR
STARTCHAR ucircumflex
ENCODING 251
SWIDTH 500 0
DWIDTH 8 0
BBX 6 13 1 0
BITMAP
10
28
44
00
84
84
84
84
84
84
84
8C
74
ENDCHAR
STARTCHAR udieresis
ENCODING 252
SWIDTH 500 0
DWIDTH 8 0
BBX 6 11 1 0
BITMAP
28
00
84
84
84
84
84
84
84
8C
74
ENDCHAR
STARTCHAR yacute
ENCODING 253
SWIDTH 438 0
DWIDTH 7 0
BBX 7 16 0 -3
BITMAP
04
08
10
00
82
82
44
44
44
28
28
10
10
10
20
C0
ENDCHAR
STARTCHAR thorn
ENCODING 254
SWIDTH 563 0
DWIDTH 9 0
BBX 7 15 1 -3
BITMAP
80
80
80
B8
C4
82
82
82
82
82
C4
B8
80
80
80
ENDCHAR
STARTCHAR ydieresis
ENCODING 255
SWIDTH 438 0
DWIDTH 7 0
BBX 7 15 0 -3
BITMAP
28
00
00
82
82
44
44
44
28
28
10
10
10
20
C0
ENDCHAR
STARTCHAR Amacron
ENCODING 256
SWIDTH 688 0
DWIDTH 11 0
BBX 11 13 0 0
BITMAP
1F00
0000
0400
0400
0A00
0A00
1100
1100
2080
3F80
4040
4040
8020
ENDCHAR
STARTCHAR amacron
ENCODING 257
SWIDTH 563 0
DWIDTH 9 0
BBX 8 11 1 0
BITMAP
7C
00
7C
82
02
02
7E
82
82
86
79
ENDCHAR
STARTCHAR Abreve
ENCODING 258
SWIDTH 688 0
DWIDTH 11 0
BBX 11 15 0 0
BITMAP
1100
1100
0E00
0000
0400
0400
0A00
0A00
1100
1100
2080
3F80
4040
4040
8020
ENDCHAR
STARTCHAR abreve
ENCODING 259
SWIDTH 563 0
DWIDTH 9 0
BBX 8 13 1 0
BITMAP
44
44
38
00
7C
82
02
02
7E
82
82
86
79
ENDCHAR
STARTCHAR Aogonek
ENCODING 260
SWIDTH 688 0
DWIDTH 11 0
BBX 12 15 0 -4
BITMAP
0400
0400
0A00
0A00
1100
1100
2080
3F80
4040
4040
8020
0020
0040
0040
0030
ENDCHAR
STARTCHAR aogonek
ENCODING 261
SWIDTH 563 0
DWIDTH 9 0
BBX 9 13 1 -4
BITMAP
7C00
8200
0200
0200
7E00
8200
8200
8600
7900
0100
0200
0200
0180
ENDCHAR
STARTCHAR Cacute
ENCODING 262
SWIDTH 750 0
DWIDTH 12 0
BBX 10 15 1 0
BITMAP
0100
0200
0400
0000
1F00
6080
4040
8000
8000
8000
8000
8000
4040
6080
1F00
ENDCHAR
STARTCHAR cacute
ENCODING 263
SWIDTH 500 0
DWIDTH 8 0
BBX 6 13 1 0
BITMAP
04
08
10
00
38
44
80
80
80
80
80
44
38
ENDCHAR
STARTCHAR Ccircumflex
ENCODING 264
SWIDTH 750 0
DWIDTH 12 0
BBX 10 15 1 0
BITMAP
0400
0A00
1100
0000
1F00
6080
4040
8000
8000
8000
8000
8000
4040
6080
1F00
ENDCHAR
STARTCHAR ccircumflex
ENCODING 265
SWIDTH 500 0
DWIDTH 8 0
BBX 6 13 1 0
BITMAP
10
28
44
00
38
44
80
80
80
80
80
44
38
ENDCHAR
STARTCHAR Cdotaccent
ENCODING 266
SWIDTH 750 0
DWIDTH 12 0
BBX 10 13 1 0
BITMAP
0400
0000
1F00
6080
4040
8000
8000
8000
8000
8000
4040
6080
1F00
ENDCHAR
STARTCHAR cdotaccent
ENCODING 267
SWIDTH 500 0
DWIDTH 8 0
BBX 6 12 1 0
BITMAP
10
00
00
38
44
80
80
80
80
80
44
38
ENDCHAR
STARTCHAR Ccaron
ENCODING 268
SWIDTH 750 0
DWIDTH 12 0
BBX 10 15 1 0
BITMAP
1100
0A00
0400
0000
1F00
6080
4040
8000
8000
8000
8000
8000
4040
6080
1F00
ENDCHAR
STARTCHAR ccaron
ENCODING 269
SWIDTH 500 0
DWIDTH 8 0
BBX 6 13 1 0
BITMAP
44
28
10
00
38
44
80
80
80
80
80
44
38
ENDCHAR
STARTCHAR Dcaron
ENCODING 270
SWIDTH 750 0
DWIDTH 12 0
BBX 10 15 1 0
BITMAP
2200
1400
0800
0000
FE00
8180
8080
8040
8040
8040
8040
8040
8080
8180
FE00
ENDCHAR
STARTCHAR dcaron
ENCODING 271
SWIDTH 625 0
DWIDTH 10 0
BBX 9 12 1 0
BITMAP
0280
0280
0280
3A00
4600
8200
8200
8200
8200
8200
4600
3A00
ENDCHAR
STARTCHAR Dcroat
ENCODING 272
SWIDTH 750 0
DWIDTH 12 0
BBX 11 11 0 0
BITMAP
7F00
40C0
4040
4020
4020
FC20
4020
4020
4040
40C0
7F00
ENDCHAR
STARTCHAR dcroat
ENCODING 273
SWIDTH 563 0
DWIDTH 9 0
BBX 8 12 1 0
BITMAP
02
0F
02
3A
46
82
82
82
82
82
46
3A
ENDCHAR
STARTCHAR Emacron
ENCODING 274
SWIDTH 688 0
DWIDTH 11 0
BBX 9 13 1 0
BITMAP
3E00
0000
FF80
8000
8000
8000
8000
FF00
8000
8000
8000
8000
FF80
ENDCHAR
STARTCHAR emacron
ENCODING 275
SWIDTH 563 0
DWIDTH 9 0
BBX 7 11 1 0
BITMAP
7C
00
38
44
82
82
FE
80
80
42
3C
ENDCHAR
STARTCHAR Ebreve
ENCODING 276
SWIDTH 688 0
DWIDTH 11 0
BBX 9 15 1 0
BITMAP
2200
2200
1C00
0000
FF80
8000
8000
8000
8000
FF00
8000
8000
8000
8000
FF80
ENDCHAR
STARTCHAR ebreve
ENCODING 277
SWIDTH 563 0
DWIDTH 9 0
BBX 7 13 1 0
BITMAP
44
44
38
00
38
44
82
82
FE
80
80
42
3C
ENDCHAR
STARTCHAR Edotaccent
ENCODING 278
SWIDTH 688 0
DWIDTH 11 0
BBX 9 13 1 0
BITMAP
0800
0000
FF80
8000
8000
8000
8000
FF00
8000
8000
8000
8000
FF80
ENDCHAR
STARTCHAR edotaccent
ENCODING 279
SWIDTH 563 0
DWIDTH 9 0
BBX 7 12 1 0
BITMAP
10
00
00
38
44
82
82
FE
80
80
42
3C
ENDCHAR
STARTCHAR Eogonek
ENCODING 280
SWIDTH 688 0
DWIDTH 11 0
BBX 10 15 1 -4
BITMAP
FF80
8000
8000
8000
8000
FF00
8000
8000
8000
8000
FF80
0080
0100
0100
00C0
ENDCHAR
STARTCHAR eogonek
ENCODING 281
SWIDTH 563 0
DWIDTH 9 0
BBX 7 13 1 -4
BITMAP
38
44
82
82
FE
80
80
42
3C
08
10
10
0C
ENDCHAR
STARTCHAR Ecaron
ENCODING 282
SWIDTH 688 0
DWIDTH 11 0
BBX 9 15 1 0
BITMAP
2200
1400
0800
0000
FF80
8000
8000
8000
8000
FF00
8000
8000
8000
8000
FF80
ENDCHAR
STARTCHAR ecaron
ENCODING 283
SWIDTH 563 0
DWIDTH 9 0
BBX 7 13 1 0
BITMAP
44
28
10
00
38
44
82
82
FE
80
80
42
3C
ENDCHAR
STARTCHAR Gcircumflex
ENCODING 284
SWIDTH 750 0
DWIDTH 12 0
BBX 10 15 1 0
BITMAP
0400
0A00
1100
0000
1F00
6080
4040
8000
8000
8000
83C0
8040
4040
60C0
1F00
ENDCHAR
STARTCHAR gcircumflex
ENCODING 285
SWIDTH 563 0
DWIDTH 9 0
BBX 7 16 1 -3
BITMAP
10
28
44
00
3A
46
82
82
82
82
82
46
3A
02
84
78
ENDCHAR
STARTCHAR Gbreve
ENCODING 286
SWIDTH 750 0
DWIDTH 12 0
BBX 10 15 1 0
BITMAP
1100
1100
0E00
0000
1F00
6080
4040
8000
8000
8000
83C0
8040
4040
60C0
1F00
ENDCHAR
STARTCHAR gbreve
ENCODING 287
SWIDTH 563 0
DWIDTH 9 0
BBX 7 16 1 -3
BITMAP
44
44
38
00
3A
46
82
82
82
82
82
46
3A
02
84
78
ENDCHAR
STARTCHAR Gdotaccent
ENCODING 288
SWIDTH 750 0
DWIDTH 12 0
BBX 10 13 1 0
BITMAP
0400
0000
1F00
6080
4040
8000
8000
8000
83C0
8040
4040
60C0
1F00
ENDCHAR
STARTCHAR gdotaccent
ENCODING 289
SWIDTH 563 0
DWIDTH 9 0
BBX 7 15 1 -3
BITMAP
10
00
00
3A
46
82
82
82
82
82
46
3A
02
84
78
ENDCHAR
STARTCHAR Gcommaaccent
ENCODING 290
SWIDTH 750 0
DWIDTH 12 0
BBX 10 15 1 -4
BITMAP
1F00
6080
4040
8000
8000
8000
83C0
8040
4040
60C0
1F00
0000
0400
0400
0800
ENDCHAR
STARTCHAR gcommaaccent
ENCODING 291
SWIDTH 563 0
DWIDTH 9 0
BBX 7 16 1 -3
BITMAP
10
10
10
00
3A
46
82
82
82
82
82
46
3A
02
84
78
ENDCHAR
STARTCHAR Hcircumflex
ENCODING 292
SWIDTH 688 0
DWIDTH 11 0
BBX 9 15 1 0
BITMAP
0800
1400
2200
0000
8080
8080
8080
8080
8080
FF80
8080
8080
8080
8080
8080
ENDCHAR
STARTCHAR hcircumflex
ENCODING 293
SWIDTH 500 0
DWIDTH 8 0
BBX 6 16 1 0
BITMAP
10
28
44
00
80
80
80
B8
C4
84
84
84
84
84
84
84
ENDCHAR
STARTCHAR Hbar
ENCODING 294
SWIDTH 688 0
DWIDTH 11 0
BBX 11 11 0 0
BITMAP
4040
4040
FFE0
4040
4040
7FC0
4040
4040
4040
4040
4040
ENDCHAR
STARTCHAR hbar
ENCODING 295
SWIDTH 500 0
DWIDTH 8 0
BBX 7 12 0 0
BITMAP
40
F0
40
5C
62
42
42
42
42
42
42
42
ENDCHAR
STARTCHAR Itilde
ENCODING 296
SWIDTH 188 0
DWIDTH 3 0
BBX 6 14 -1 0
BITMAP
64
98
00
20
20
20
20
20
20
20
20
20
20
20
ENDCHAR
STARTCHAR itilde
ENCODING 297
SWIDTH 188 0
DWIDTH 3 0
BBX 5 13 -1 0
BITMAP
48
A8
90
00
20
20
20
20
20
20
20
20
20
ENDCHAR
STARTCHAR Imacron
ENCODING 298
SWIDTH 188 0
DWIDTH 3 0
BBX 5 13 -1 0
BITMAP
F8
00
20
20
20
20
20
20
20
20
20
20
20
ENDCHAR
STARTCHAR imacron
ENCODING 299
SWIDTH 188 0
DWIDTH 3 0
BBX 5 11 -1 0
BITMAP
F8
00
20
20
20
20
20
20
20
20
20
ENDCHAR
STARTCHAR Ibreve
ENCODING 300
SWIDTH 188 0
DWIDTH 3 0
BBX 5 15 -1 0
BITMAP
88
88
70
00
20
20
20
20
20
20
20
20
20
20
20
ENDCHAR
STARTCHAR ibreve
ENCODING 301
SWIDTH 188 0
DWIDTH 3 0
BBX 5 13 -1 0
BITMAP
88
88
70
00
20
20
20
20
20
20
20
20
20
ENDCHAR
STARTCHAR Iogonek
ENCODING 302
SWIDTH 188 0
DWIDTH 3 0
BBX 3 15 0 -4
BITMAP
40
40
40
40
40
40
40
40
40
40
40
40
80
80
60
ENDCHAR
STARTCHAR iogonek
ENCODING 303
SWIDTH 250 0
DWIDTH 4 0
BBX 3 16 0 -4
BITMAP
40
00
00
40
40
40
40
40
40
40
40
40
40
80
80
60
ENDCHAR
STARTCHAR Idotaccent
ENCODING 304
SWIDTH 188 0
DWIDTH 3 0
BBX 1 13 1 0
BITMAP
80
00
80
80
80
80
80
80
80
80
80
80
80
ENDCHAR
STARTCHAR dotlessi
ENCODING 305
SWIDTH 188 0
DWIDTH 3 0
BBX 1 9 1 0
BITMAP
80
80
80
80
80
80
80
80
80
ENDCHAR
STARTCHAR IJ
ENCODING 306
SWIDTH 750 0
DWIDTH 12 0
BBX 9 11 1 0
BITMAP
8380
8080
8080
8080
8080
8080
8080
8080
9080
9080
8F00
ENDCHAR
STARTCHAR ij
ENCODING 307
SWIDTH 438 0
DWIDTH 7 0
BBX 5 15 1 -3
BITMAP
88
00
00
88
88
88
88
88
88
88
88
88
08
08
10
ENDCHAR
STARTCHAR Jcircumflex
ENCODING 308
SWIDTH 500 0
DWIDTH 8 0
BBX 7 15 0 0
BITMAP
08
14
22
00
1C
04
04
04
04
04
04
04
84
84
78
ENDCHAR
STARTCHAR jcircumflex
ENCODING 309
SWIDTH 188 0
DWIDTH 3 0
BBX 5 16 -1 -3
BITMAP
20
50
88
00
20
20
20
20
20
20
20
20
20
20
20
40
ENDCHAR
STARTCHAR Kcommaaccent
ENCODING 310
SWIDTH 688 0
DWIDTH 11 0
BBX 10 15 1 -4
BITMAP
8100
8200
8400
8800
9000
A800
C400
8200
8100
8080
8040
0000
0400
0400
0800
ENDCHAR
STARTCHAR kcommaaccent
ENCODING 311
SWIDTH 500 0
DWIDTH 8 0
BBX 7 16 1 -4
BITMAP
80
80
80
84
88
90
A0
E0
90
88
84
82
00
10
10
20
ENDCHAR
STARTCHAR kgreenlandic
ENCODING 312
SWIDTH 500 0
DWIDTH 8 0
BBX 7 9 1 0
BITMAP
84
88
90
A0
E0
90
88
84
82
ENDCHAR
STARTCHAR Lacute
ENCODING 313
SWIDTH 563 0
DWIDTH 9 0
BBX 7 15 1 0
BITMAP
10
20
40
00
80
80
80
80
80
80
80
80
80
80
FE
ENDCHAR
STARTCHAR lacute
ENCODING 314
SWIDTH 188 0
DWIDTH 3 0
BBX 3 16 1 0
BITMAP
20
40
80
00
80
80
80
80
80
80
80
80
80
80
80
80
ENDCHAR
STARTCHAR Lcommaaccent
ENCODING 315
SWIDTH 563 0
DWIDTH 9 0
BBX 7 15 1 -4
BITMAP
80
80
80
80
80
80
80
80
80
80
FE
00
10
10
20
ENDCHAR
STARTCHAR lcommaaccent
ENCODING 316
SWIDTH 188 0
DWIDTH 3 0
BBX 2 16 0 -4
BITMAP
40
40
40
40
40
40
40
40
40
40
40
40
00
40
40
80
ENDCHAR
STARTCHAR Lcaron
ENCODING 317
SWIDTH 563 0
DWIDTH 9 0
BBX 7 11 1 0
BITMAP
88
88
88
80
80
80
80
80
80
80
FE
ENDCHAR
STARTCHAR lcaron
ENCODING 318
SWIDTH 250 0
DWIDTH 4 0
BBX 4 12 1 0
BITMAP
90
90
90
80
80
80
80
80
80
80
80
80
ENDCHAR
STARTCHAR Ldot
ENCODING 319
SWIDTH 563 0
DWIDTH 9 0
BBX 7 11 1 0
BITMAP
80
80
80
80
88
80
80
80
80
80
FE
ENDCHAR
STARTCHAR ldot
ENCODING 320
SWIDTH 313 0
DWIDTH 5 0
BBX 4 12 1 0
BITMAP
80
80
80
80
80
90
80
80
80
80
80
80
ENDCHAR
STARTCHAR Lslash
ENCODING 321
SWIDTH 563 0
DWIDTH 9 0
BBX 8 11 0 0
BITMAP
40
40
40
40
50
60
40
C0
40
40
7F
ENDCHAR
STARTCHAR lslash
ENCODING 322
SWIDTH 188 0
DWIDTH 3 0
BBX 3 12 0 0
BITMAP
40
40
40
40
40
60
40
C0
40
40
40
40
ENDCHAR
STARTCHAR Nacute
ENCODING 323
SWIDTH 688 0
DWIDTH 11 0
BBX 9 15 1 0
BITMAP
0200
0400
0800
0000
8080
C080
A080
9080
9080
8880
8480
8480
8280
8180
8080
ENDCHAR
STARTCHAR nacute
ENCODING 324
SWIDTH 500 0
DWIDTH 8 0
BBX 6 13 1 0
BITMAP
08
10
20
00
B8
C4
84
84
84
84
84
84
84
ENDCHAR
STARTCHAR Ncommaaccent
ENCODING 325
SWIDTH 688 0
DWIDTH 11 0
BBX 9 15 1 -4
BITMAP
8080
C080
A080
9080
9080
8880
8480
8480
8280
8180
8080
0000
0800
0800
1000
ENDCHAR
STARTCHAR ncommaaccent
ENCODING 326
SWIDTH 500 0
DWIDTH 8 0
BBX 6 13 1 -4
BITMAP
B8
C4
84
84
84
84
84
84
84
00
10
10
20
ENDCHAR
STARTCHAR Ncaron
ENCODING 327
SWIDTH 688 0
DWIDTH 11 0
BBX 9 15 1 0
BITMAP
2200
1400
0800
0000
8080
C080
A080
9080
9080
8880
8480
8480
8280
8180
8080
ENDCHAR
STARTCHAR ncaron
ENCODING 328
SWIDTH 500 0
DWIDTH 8 0
BBX 6 13 1 0
BITMAP
44
28
10
00
B8
C4
84
84
84
84
84
84
84
ENDCHAR
STARTCHAR napostrophe
ENCODING 329
SWIDTH 625 0
DWIDTH 10 0
BBX 9 11 -1 0
BITMAP
4000
4000
5700
9880
1080
1080
1080
1080
1080
1080
1080
ENDCHAR
STARTCHAR Eng
ENCODING 330
SWIDTH 750 0
DWIDTH 12 0
BBX 10 11 1 0
BITMAP
9F00
A080
C040
8040
8040
8040
8040
8040
8040
8880
8700
ENDCHAR
STARTCHAR eng
ENCODING 331
SWIDTH 563 0
DWIDTH 9 0
BBX 7 12 1 -3
BITMAP
BC
C2
82
82
82
82
82
82
82
02
02
0C
ENDCHAR
STARTCHAR Omacron
ENCODING 332
SWIDTH 750 0
DWIDTH 12 0
BBX 10 13 1 0
BITMAP
1F00
0000
1E00
6180
4080
8040
8040
8040
8040
8040
4080
6180
1E00
ENDCHAR
STARTCHAR omacron
ENCODING 333
SWIDTH 563 0
DWIDTH 9 0
BBX 7 11 1 0
BITMAP
7C
00
38
44
82
82
82
82
82
44
38
ENDCHAR
STARTCHAR Obreve
ENCODING 334
SWIDTH 750 0
DWIDTH 12 0
BBX 10 15 1 0
BITMAP
1100
1100
0E00
0000
1E00
6180
4080
8040
8040
8040
8040
8040
4080
6180
1E00
ENDCHAR
STARTCHAR obreve
ENCODING 335
SWIDTH 563 0
DWIDTH 9 0
BBX 7 13 1 0
BITMAP
44
44
38
00
38
44
82
82
82
82
82
44
38
ENDCHAR
STARTCHAR Ohungarumlaut
ENCODING 336
SWIDTH 750 0
DWIDTH 12 0
BBX 10 15 1 0
BITMAP
0480
0900
1200
0000
1E00
6180
4080
8040
8040
8040
8040
8040
4080
6180
1E00
ENDCHAR
STARTCHAR ohungarumlaut
ENCODING 337
SWIDTH 563 0
DWIDTH 9 0
BBX 8 13 1 0
BITMAP
09
12
24
00
38
44
82
82
82
82
82
44
38
ENDCHAR
STARTCHAR OE
ENCODING 338
SWIDTH 1063 0
DWIDTH 17 0
BBX 14 11 1 0
BITMAP
1FFC
6100
4100
8100
8100
81F8
8100
8100
4100
6100
1FFC
ENDCHAR
STARTCHAR oe
ENCODING 339
SWIDTH 938 0
DWIDTH 15 0
BBX 13 9 1 0
BITMAP
38E0
4510
8208
8208
83F8
8200
8200
4508
38F0
ENDCHAR
STARTCHAR Racute
ENCODING 340
SWIDTH 688 0
DWIDTH 11 0
BBX 9 15 1 0
BITMAP
0400
0800
1000
0000
FF00
8080
8080
8080
8080
FF00
8800
8400
8200
8100
8080
ENDCHAR
STARTCHAR racute
ENCODING 341
SWIDTH 313 0
DWIDTH 5 0
BBX 4 13 1 0
BITMAP
10
20
40
00
B0
C0
80
80
80
80
80
80
80
ENDCHAR
STARTCHAR Rcommaaccent
ENCODING 342
SWIDTH 688 0
DWIDTH 11 0
BBX 9 15 1 -4
BITMAP
FF00
8080
8080
8080
8080
FF00
8800
8400
8200
8100
8080
0000
0800
0800
1000
ENDCHAR
STARTCHAR rcommaaccent
ENCODING 343
SWIDTH 313 0
DWIDTH 5 0
BBX 5 13 0 -4
BITMAP
58
60
40
40
40
40
40
40
40
00
40
40
80
ENDCHAR
STARTCHAR Rcaron
ENCODING 344
SWIDTH 688 0
DWIDTH 11 0
BBX 9 15 1 0
BITMAP
2200
1400
0800
0000
FF00
8080
8080
8080
8080
FF00
8800
8400
8200
8100
8080
ENDCHAR
STARTCHAR rcaron
ENCODING 345
SWIDTH 313 0
DWIDTH 5 0
BBX 5 13 1 0
BITMAP
88
50
20
00
B0
C0
80
80
80
80
80
80
80
ENDCHAR
STARTCHAR Sacute
ENCODING 346
SWIDTH 688 0
DWIDTH 11 0
BBX 9 15 1 0
BITMAP
0200
0400
0800
0000
3E00
4100
8080
8000
6000
1E00
0100
0080
8080
4100
3E00
ENDCHAR
STARTCHAR sacute
ENCODING 347
SWIDTH 500 0
DWIDTH 8 0
BBX 6 13 1 0
BITMAP
08
10
20
00
78
84
80
80
78
04
04
84
78
ENDCHAR
STARTCHAR Scircumflex
ENCODING 348
SWIDTH 688 0
DWIDTH 11 0
BBX 9 15 1 0
BITMAP
0800
1400
2200
0000
3E00
4100
8080
8000
6000
1E00
0100
0080
8080
4100
3E00
ENDCHAR
STARTCHAR scircumflex
ENCODING 349
SWIDTH 500 0
DWIDTH 8 0
BBX 6 13 1 0
BITMAP
10
28
44
00
78
84
80
80
78
04
04
84
78
ENDCHAR
STARTCHAR Scedilla
ENCODING 350
SWIDTH 688 0
DWIDTH 11 0
BBX 9 15 1 -4
BITMAP
3E00
4100
8080
8000
6000
1E00
0100
0080
8080
4100
3E00
0800
0C00
0200
0C00
ENDCHAR
STARTCHAR scedilla
ENCODING 351
SWIDTH 500 0
DWIDTH 8 0
BBX 6 13 1 -4
BITMAP
78
84
80
80
78
04
04
84
78
20
30
08
30
ENDCHAR
STARTCHAR Scaron
ENCODING 352
SWIDTH 688 0
DWIDTH 11 0
BBX 9 15 1 0
BITMAP
2200
1400
0800
0000
3E00
4100
8080
8000
6000
1E00
0100
0080
8080
4100
3E00
ENDCHAR
STARTCHAR scaron
ENCODING 353
SWIDTH 500 0
DWIDTH 8 0
BBX 6 13 1 0
BITMAP
44
28
10
00
78
84
80
80
78
04
04
84
78
ENDCHAR
STARTCHAR Tcommaaccent
ENCODING 354
SWIDTH 563 0
DWIDTH 9 0
BBX 9 15 1 -4
BITMAP
FF80
0800
0800
0800
0800
0800
0800
0800
0800
0800
0800
1000
1800
0400
1800
ENDCHAR
STARTCHAR tcommaaccent
ENCODING 355
SWIDTH 250 0
DWIDTH 4 0
BBX 4 15 1 -4
BITMAP
40
40
F0
40
40
40
40
40
40
40
30
80
E0
20
C0
ENDCHAR
STARTCHAR Tcaron
ENCODING 356
SWIDTH 563 0
DWIDTH 9 0
BBX 9 15 0 0
BITMAP
2200
1400
0800
0000
FF80
0800
0800
0800
0800
0800
0800
0800
0800
0800
0800
ENDCHAR
STARTCHAR tcaron
ENCODING 357
SWIDTH 375 0
DWIDTH 6 0
BBX 6 12 0 0
BITMAP
04
44
44
F0
40
40
40
40
40
40
40
30
ENDCHAR
STARTCHAR Tbar
ENCODING 358
SWIDTH 625 0
DWIDTH 10 0
BBX 9 11 0 0
BITMAP
FF80
0800
0800
0800
0800
3E00
0800
0800
0800
0800
0800
ENDCHAR
STARTCHAR tbar
ENCODING 359
SWIDTH 250 0
DWIDTH 4 0
BBX 4 11 0 0
BITMAP
40
40
F0
40
40
F0
40
40
40
40
30
ENDCHAR
STARTCHAR Utilde
ENCODING 360
SWIDTH 688 0
DWIDTH 11 0
BBX 9 14 1 0
BITMAP
1900
2600
0000
8080
8080
8080
8080
8080
8080
8080
8080
8080
4100
3E00
ENDCHAR
STARTCHAR utilde
ENCODING 361
SWIDTH 500 0
DWIDTH 8 0
BBX 6 13 1 0
BITMAP
24
54
48
00
84
84
84
84
84
84
84
8C
74
ENDCHAR
STARTCHAR Umacron
ENCODING 362
SWIDTH 688 0
DWIDTH 11 0
BBX 9 13 1 0
BITMAP
3E00
0000
8080
8080
8080
8080
8080
8080
8080
8080
8080
4100
3E00
ENDCHAR
STARTCHAR umacron
ENCODING 363
SWIDTH 500 0
DWIDTH 8 0
BBX 6 11 1 0
BITMAP
7C
00
84
84
84
84
84
84
84
8C
74
ENDCHAR
STARTCHAR Ubreve
ENCODING 364
SWIDTH 688 0
DWIDTH 11 0
BBX 9 15 1 0
BITMAP
2200
2200
1C00
0000
8080
8080
8080
8080
8080
8080
8080
8080
8080
4100
3E00
ENDCHAR
STARTCHAR ubreve
ENCODING 365
SWIDTH 500 0
DWIDTH 8 0
BBX 6 13 1 0
BITMAP
44
44
38
00
84
84
84
84
84
84
84
8C
74
ENDCHAR
STARTCHAR Uring
ENCODING 366
SWIDTH 688 0
DWIDTH 11 0
BBX 9 16 1 0
BITMAP
0C00
1200
1200
0C00
0000
8080
8080
8080
8080
8080
8080
8080
8080
8080
4100
3E00
ENDCHAR
STARTCHAR uring
ENCODING 367
SWIDTH 500 0
DWIDTH 8 0
BBX 6 14 1 0
BITMAP
30
48
48
30
00
84
84
84
84
84
84
84
8C
74
ENDCHAR
STARTCHAR Uhungarumlaut
ENCODING 368
SWIDTH 688 0
DWIDTH 11 0
BBX 9 15 1 0
BITMAP
0900
1200
2400
0000
8080
8080
8080
8080
8080
8080
8080
8080
8080
4100
3E00
ENDCHAR
STARTCHAR uhungarumlaut
ENCODING 369
SWIDTH 500 0
DWIDTH 8 0
BBX 7 13 1 0
BITMAP
12
24
48
00
84
84
84
84
84
84
84
8C
74
ENDCHAR
STARTCHAR Uogonek
ENCODING 370
SWIDTH 750 0
DWIDTH 12 0
BBX 9 15 1 -4
BITMAP
8080
8080
8080
8080
8080
8080
8080
8080
8080
4100
3E00
0400
0800
0800
0600
ENDCHAR
STARTCHAR uogonek
ENCODING 371
SWIDTH 500 0
DWIDTH 8 0
BBX 7 13 1 -4
BITMAP
84
84
84
84
84
84
84
8C
74
04
08
08
06
ENDCHAR
STARTCHAR Wcircumflex
ENCODING 372
SWIDTH 938 0
DWIDTH 15 0
BBX 15 15 0 0
BITMAP
0100
0280
0440
0000
8102
8102
4284
4284
4444
4444
2828
2828
2828
1010
1010
ENDCHAR
STARTCHAR wcircumflex
ENCODING 373
SWIDTH 688 0
DWIDTH 11 0
BBX 9 13 1 0
BITMAP
0800
1400
2200
0000
8880
8880
9480
5500
5500
5500
5500
2200
2200
ENDCHAR
STARTCHAR Ycircumflex
ENCODING 374
SWIDTH 563 0
DWIDTH 9 0
BBX 9 15 0 0
BITMAP
0800
1400
2200
0000
8080
4100
2200
2200
1400
0800
0800
0800
0800
0800
0800
ENDCHAR
STARTCHAR ycircumflex
ENCODING 375
SWIDTH 438 0
DWIDTH 7 0
BBX 7 16 0 -3
BITMAP
10
28
44
00
82
82
44
44
44
28
28
10
10
10
20
C0
ENDCHAR
STARTCHAR Ydieresis
ENCODING 376
SWIDTH 563 0
DWIDTH 9 0
BBX 9 13 0 0
BITMAP
1200
0000
8080
4100
2200
2200
1400
0800
0800
0800
0800
0800
0800
ENDCHAR
STARTCHAR Zacute
ENCODING 377
SWIDTH 563 0
DWIDTH 9 0
BBX 7 15 1 0
BITMAP
04
08
10
00
FE
02
04
08
08
10
20
20
40
80
FE
ENDCHAR
STARTCHAR zacute
ENCODING 378
SWIDTH 438 0
DWIDTH 7 0
BBX 7 13 0 0
BITMAP
04
08
10
00
FE
02
04
08
10
20
40
80
FE
ENDCHAR
STARTCHAR Zdotaccent
ENCODING 379
SWIDTH 563 0
DWIDTH 9 0
BBX 7 13 1 0
BITMAP
10
00
FE
02
04
08
08
10
20
20
40
80
FE
ENDCHAR
STARTCHAR zdotaccent
ENCODING 380
SWIDTH 438 0
DWIDTH 7 0
BBX 7 12 0 0
BITMAP
10
00
00
FE
02
04
08
10
20
40
80
FE
ENDCHAR
STARTCHAR Zcaron
ENCODING 381
SWIDTH 563 0
DWIDTH 9 0
BBX 7 15 1 0
BITMAP
22
14
08
00
FE
02
04
08
08
10
20
20
40
80
FE
ENDCHAR
STARTCHAR zcaron
ENCODING 382
SWIDTH 438 0
DWIDTH 7 0
BBX 7 13 0 0
BITMAP
44
28
10
00
FE
02
04
08
10
20
40
80
FE
ENDCHAR
STARTCHAR longs
ENCODING 383
SWIDTH 188 0
DWIDTH 3 0
BBX 3 12 1 0
BITMAP
60
80
80
80
80
80
80
80
80
80
80
80
ENDCHAR
STARTCHAR florin
ENCODING 402
SWIDTH 563 0
DWIDTH 9 0
BBX 6 15 2 -3
BITMAP
0C
10
10
78
20
20
20
20
40
40
40
40
40
80
80
ENDCHAR
STARTCHAR uni01A0
ENCODING 416
SWIDTH 750 0
DWIDTH 12 0
BBX 10 14 1 0
BITMAP
00C0
0040
1EC0
3300
6180
C0C0
C0C0
C0C0
C0C0
C0C0
C0C0
4080
6180
3F00
ENDCHAR
STARTCHAR uni01A1
ENCODING 417
SWIDTH 625 0
DWIDTH 10 0
BBX 8 12 1 0
BITMAP
01
01
01
3E
66
C2
83
83
83
C3
46
3C
ENDCHAR
STARTCHAR uni01AF
ENCODING 431
SWIDTH 750 0
DWIDTH 12 0
BBX 10 15 2 0
BITMAP
00C0
0040
0040
8180
8100
8100
8100
8100
8100
8100
8100
8300
8300
C600
7C00
ENDCHAR
STARTCHAR uni01B0
ENCODING 432
SWIDTH 625 0
DWIDTH 10 0
BBX 9 12 1 0
BITMAP
0180
0080
0180
C300
C200
C200
C200
C200
C200
C200
4600
7A00
ENDCHAR
STARTCHAR uni01CD
ENCODING 461
SWIDTH 625 0
DWIDTH 10 0
BBX 10 15 0 0
BITMAP
3200
1C00
0000
0C00
0C00
1C00
1600
1200
3200
2300
3F00
6100
4180
4080
C0C0
ENDCHAR
STARTCHAR uni01CE
ENCODING 462
SWIDTH 563 0
DWIDTH 9 0
BBX 7 13 1 0
BITMAP
66
3C
18
00
38
CC
06
06
7E
C6
86
CE
7E
ENDCHAR
STARTCHAR uni01CF
ENCODING 463
SWIDTH 313 0
DWIDTH 5 0
BBX 5 15 0 0
BITMAP
88
70
00
20
20
20
20
20
20
20
20
20
20
20
20
ENDCHAR
STARTCHAR uni01D0
ENCODING 464
SWIDTH 250 0
DWIDTH 4 0
BBX 6 13 -1 0
BITMAP
CC
78
30
00
30
30
30
30
30
30
30
30
30
ENDCHAR
STARTCHAR uni01D1
ENCODING 465
SWIDTH 750 0
DWIDTH 12 0
BBX 10 15 1 0
BITMAP
3300
1E00
0000
1E00
7300
6180
C0C0
C0C0
80C0
80C0
C0C0
C0C0
4080
6380
3E00
ENDCHAR
STARTCHAR uni01D2
ENCODING 466
SWIDTH 625 0
DWIDTH 10 0
BBX 8 13 1 0
BITMAP
66
3C
18
00
3C
66
C2
83
83
83
C3
46
3C
ENDCHAR
STARTCHAR uni01D3
ENCODING 467
SWIDTH 750 0
DWIDTH 12 0
BBX 8 15 2 0
BITMAP
64
38
00
81
81
81
81
81
81
81
81
83
83
C6
7C
ENDCHAR
STARTCHAR uni01D4
ENCODING 468
SWIDTH 625 0
DWIDTH 10 0
BBX 7 13 1 0
BITMAP
66
3C
18
00
C2
C2
C2
C2
C2
C2
C2
46
7A
ENDCHAR
STARTCHAR uni01D5
ENCODING 469
SWIDTH 750 0
DWIDTH 12 0
BBX 8 16 2 0
BITMAP
7C
00
64
00
81
81
81
81
81
81
81
81
83
83
C6
7C
ENDCHAR
STARTCHAR uni01D6
ENCODING 470
SWIDTH 625 0
DWIDTH 10 0
BBX 7 14 1 0
BITMAP
7C
00
64
00
00
C2
C2
C2
C2
C2
C2
C2
46
7A
ENDCHAR
STARTCHAR uni01D7
ENCODING 471
SWIDTH 750 0
DWIDTH 12 0
BBX 8 17 2 0
BITMAP
0C
18
00
64
00
81
81
81
81
81
81
81
81
83
83
C6
7C
ENDCHAR
STARTCHAR uni01D8
ENCODING 472
SWIDTH 625 0
DWIDTH 10 0
BBX 7 15 1 0
BITMAP
08
18
00
64
00
00
C2
C2
C2
C2
C2
C2
C2
46
7A
ENDCHAR
STARTCHAR uni01D9
ENCODING 473
SWIDTH 750 0
DWIDTH 12 0
BBX 8 17 2 0
BITMAP
64
18
00
64
00
81
81
81
81
81
81
81
81
83
83
C6
7C
ENDCHAR
STARTCHAR uni01DA
ENCODING 474
SWIDTH 625 0
DWIDTH 10 0
BBX 7 15 1 0
BITMAP
24
18
00
64
00
00
C2
C2
C2
C2
C2
C2
C2
46
7A
ENDCHAR
STARTCHAR uni01DB
ENCODING 475
SWIDTH 750 0
DWIDTH 12 0
BBX 8 17 2 0
BITMAP
20
10
00
64
00
81
81
81
81
81
81
81
81
83
83
C6
7C
ENDCHAR
STARTCHAR uni01DC
ENCODING 476
SWIDTH 625 0
DWIDTH 10 0
BBX 7 15 1 0
BITMAP
30
18
00
64
00
00
C2
C2
C2
C2
C2
C2
C2
46
7A
ENDCHAR
STARTCHAR uni01F8
ENCODING 504
SWIDTH 750 0
DWIDTH 12 0
BBX 8 16 2 0
BITMAP
20
30
18
08
81
C1
C1
A1
B1
91
99
89
8D
85
83
83
ENDCHAR
STARTCHAR uni01F9
ENCODING 505
SWIDTH 625 0
DWIDTH 10 0
BBX 7 14 1 0
BITMAP
20
30
18
08
00
DC
F6
C2
C2
C2
C2
C2
C2
C2
ENDCHAR
STARTCHAR Aringacute
ENCODING 506
SWIDTH 688 0
DWIDTH 11 0
BBX 11 15 0 0
BITMAP
0100
0200
0400
0400
0A00
0400
0A00
0A00
1100
1100
2080
3F80
4040
4040
8020
ENDCHAR
STARTCHAR aringacute
ENCODING 507
SWIDTH 563 0
DWIDTH 9 0
BBX 8 16 1 0
BITMAP
04
08
10
00
18
24
24
7C
82
02
02
7E
82
82
86
79
ENDCHAR
STARTCHAR AEacute
ENCODING 508
SWIDTH 1000 0
DWIDTH 16 0
BBX 15 15 0 0
BITMAP
0020
0040
0080
0000
01FE
0280
0480
0480
0880
10FC
1080
3F80
4080
4080
80FE
ENDCHAR
STARTCHAR aeacute
ENCODING 509
SWIDTH 875 0
DWIDTH 14 0
BBX 12 13 1 0
BITMAP
0100
0200
0400
0000
7DE0
8210
0210
0210
7FF0
8200
8200
8610
79E0
ENDCHAR
STARTCHAR Oslashacute
ENCODING 510
SWIDTH 750 0
DWIDTH 12 0
BBX 10 15 1 0
BITMAP
0200
0400
0800
0000
1E40
6180
4180
8240
8440
8440
8840
9040
6080
6180
9E00
ENDCHAR
STARTCHAR oslashacute
ENCODING 511
SWIDTH 563 0
DWIDTH 9 0
BBX 9 13 0 0
BITMAP
0200
0400
0800
0000
1D00
2200
4300
4500
4900
5100
6100
2200
5C00
ENDCHAR
STARTCHAR Scommaaccent
ENCODING 536
SWIDTH 688 0
DWIDTH 11 0
BBX 9 15 1 -4
BITMAP
3E00
4100
8080
8000
6000
1E00
0100
0080
8080
4100
3E00
0000
0800
0800
1000
ENDCHAR
STARTCHAR scommaaccent
ENCODING 537
SWIDTH 500 0
DWIDTH 8 0
BBX 6 13 1 -4
BITMAP
78
84
80
80
78
04
04
84
78
00
20
20
40
ENDCHAR
STARTCHAR uni021A
ENCODING 538
SWIDTH 563 0
DWIDTH 9 0
BBX 9 15 0 -4
BITMAP
FF80
0800
0800
0800
0800
0800
0800
0800
0800
0800
0800
0000
0800
0800
1000
ENDCHAR
STARTCHAR uni021B
ENCODING 539
SWIDTH 250 0
DWIDTH 4 0
BBX 4 15 0 -4
BITMAP
40
40
F0
40
40
40
40
40
40
40
30
00
20
20
40
ENDCHAR
STARTCHAR uni0251
ENCODING 593
SWIDTH 625 0
DWIDTH 10 0
BBX 8 9 1 0
BITMAP
3A
66
C2
82
82
82
C2
C6
7B
ENDCHAR
STARTCHAR uni0261
ENCODING 609
SWIDTH 625 0
DWIDTH 10 0
BBX 7 13 1 -4
BITMAP
3A
66
C2
82
82
82
C2
66
3A
02
02
C6
7C
ENDCHAR
STARTCHAR uni02BB
ENCODING 699
SWIDTH 250 0
DWIDTH 4 0
BBX 2 4 1 8
BITMAP
40
80
80
C0
ENDCHAR
STARTCHAR circumflex
ENCODING 710
SWIDTH 313 0
DWIDTH 5 0
BBX 5 3 0 10
BITMAP
20
50
88
ENDCHAR
STARTCHAR caron
ENCODING 711
SWIDTH 313 0
DWIDTH 5 0
BBX 5 3 0 10
BITMAP
88
50
20
ENDCHAR
STARTCHAR uni02C9
ENCODING 713
SWIDTH 313 0
DWIDTH 5 0
BBX 5 1 0 11
BITMAP
F8
ENDCHAR
STARTCHAR uni02CA
ENCODING 714
SWIDTH 625 0
DWIDTH 10 0
BBX 6 6 2 8
BITMAP
04
08
10
20
C0
80
ENDCHAR
STARTCHAR uni02CB
ENCODING 715
SWIDTH 625 0
DWIDTH 10 0
BBX 6 5 2 8
BITMAP
80
C0
30
18
0C
ENDCHAR
STARTCHAR breve
ENCODING 728
SWIDTH 313 0
DWIDTH 5 0
BBX 5 3 0 10
BITMAP
88
88
70
ENDCHAR
STARTCHAR dotaccent
ENCODING 729
SWIDTH 313 0
DWIDTH 5 0
BBX 1 1 2 11
BITMAP
80
ENDCHAR
STARTCHAR ring
ENCODING 730
SWIDTH 313 0
DWIDTH 5 0
BBX 4 4 0 10
BITMAP
60
90
90
60
ENDCHAR
STARTCHAR ogonek
ENCODING 731
SWIDTH 313 0
DWIDTH 5 0
BBX 3 4 1 -4
BITMAP
40
80
80
60
ENDCHAR
STARTCHAR tilde
ENCODING 732
SWIDTH 250 0
DWIDTH 4 0
BBX 5 3 0 10
BITMAP
48
A8
90
ENDCHAR
STARTCHAR hungarumlaut
ENCODING 733
SWIDTH 313 0
DWIDTH 5 0
BBX 6 3 0 10
BITMAP
24
48
90
ENDCHAR
STARTCHAR uni02EA
ENCODING 746
SWIDTH 625 0
DWIDTH 10 0
BBX 5 8 3 5
BITMAP
80
80
80
80
80
80
F8
F8
ENDCHAR
STARTCHAR uni02EB
ENCODING 747
SWIDTH 625 0
DWIDTH 10 0
BBX 5 8 3 5
BITMAP
80
80
80
F8
80
80
80
80
ENDCHAR
STARTCHAR uni0300
ENCODING 768
SWIDTH 0 0
DWIDTH 0 0
BBX 6 5 2 6
BITMAP
C0
60
30
18
04
ENDCHAR
STARTCHAR uni0301
ENCODING 769
SWIDTH 0 0
DWIDTH 0 0
BBX 6 6 2 6
BITMAP
04
18
30
60
C0
80
ENDCHAR
STARTCHAR uni0304
ENCODING 772
SWIDTH 0 0
DWIDTH 0 0
BBX 4 1 -2 11
BITMAP
F0
ENDCHAR
STARTCHAR uni0307
ENCODING 775
SWIDTH 0 0
DWIDTH 0 0
BBX 3 3 3 11
BITMAP
40
E0
E0
ENDCHAR
STARTCHAR uni030C
ENCODING 780
SWIDTH 0 0
DWIDTH 0 0
BBX 8 6 1 5
BITMAP
C3
46
24
38
18
10
ENDCHAR
STARTCHAR semicolon
ENCODING 894
SWIDTH 250 0
DWIDTH 4 0
BBX 2 11 1 -2
BITMAP
40
40
00
00
00
00
00
40
40
40
80
ENDCHAR
STARTCHAR tonos
ENCODING 900
SWIDTH 313 0
DWIDTH 5 0
BBX 2 3 2 8
BITMAP
40
80
80
ENDCHAR
STARTCHAR dieresistonos
ENCODING 901
SWIDTH 313 0
DWIDTH 5 0
BBX 5 3 0 10
BITMAP
10
20
A8
ENDCHAR
STARTCHAR Alphatonos
ENCODING 902
SWIDTH 688 0
DWIDTH 11 0
BBX 11 11 0 0
BITMAP
1400
2400
2A00
0A00
1100
1100
2080
3F80
4040
4040
8020
ENDCHAR
STARTCHAR anoteleia
ENCODING 903
SWIDTH 188 0
DWIDTH 3 0
BBX 1 2 1 3
BITMAP
80
80
ENDCHAR
STARTCHAR Epsilontonos
ENCODING 904
SWIDTH 813 0
DWIDTH 13 0
BBX 12 11 0 0
BITMAP
5FF0
9000
9000
1000
1000
1FE0
1000
1000
1000
1000
1FF0
ENDCHAR
STARTCHAR Etatonos
ENCODING 905
SWIDTH 813 0
DWIDTH 13 0
BBX 12 11 0 0
BITMAP
5010
9010
9010
1010
1010
1FF0
1010
1010
1010
1010
1010
ENDCHAR
STARTCHAR Iotatonos
ENCODING 906
SWIDTH 375 0
DWIDTH 6 0
BBX 4 11 1 0
BITMAP
50
90
90
10
10
10
10
10
10
10
10
ENDCHAR
STARTCHAR Omicrontonos
ENCODING 908
SWIDTH 750 0
DWIDTH 12 0
BBX 11 11 0 0
BITMAP
4F00
B0C0
A040
4020
4020
4020
4020
4020
2040
30C0
0F00
ENDCHAR
STARTCHAR Upsilontonos
ENCODING 910
SWIDTH 750 0
DWIDTH 12 0
BBX 12 11 0 0
BITMAP
5010
8820
8440
0440
0280
0100
0100
0100
0100
0100
0100
ENDCHAR
STARTCHAR Omegatonos
ENCODING 911
SWIDTH 750 0
DWIDTH 12 0
BBX 11 11 0 0
BITMAP
4F00
B0C0
A040
4020
4020
4020
4020
2040
30C0
0900
79E0
ENDCHAR
STARTCHAR iotadieresistonos
ENCODING 912
SWIDTH 188 0
DWIDTH 3 0
BBX 5 13 -1 0
BITMAP
10
20
A8
00
20
20
20
20
20
20
20
20
20
ENDCHAR
STARTCHAR Alpha
ENCODING 913
SWIDTH 688 0
DWIDTH 11 0
BBX 11 11 0 0
BITMAP
0400
0400
0A00
0A00
1100
1100
2080
3F80
4040
4040
8020
ENDCHAR
STARTCHAR Beta
ENCODING 914
SWIDTH 688 0
DWIDTH 11 0
BBX 9 11 1 0
BITMAP
FF00
8080
8080
8080
8080
FF00
8080
8080
8080
8080
FF00
ENDCHAR
STARTCHAR Gamma
ENCODING 915
SWIDTH 563 0
DWIDTH 9 0
BBX 7 11 1 0
BITMAP
FE
80
80
80
80
80
80
80
80
80
80
ENDCHAR
STARTCHAR Delta
ENCODING 916
SWIDTH 688 0
DWIDTH 11 0
BBX 11 11 0 0
BITMAP
0400
0A00
0A00
1100
1100
2080
2080
4040
4040
8020
FFE0
ENDCHAR
STARTCHAR Epsilon
ENCODING 917
SWIDTH 688 0
DWIDTH 11 0
BBX 9 11 1 0
BITMAP
FF80
8000
8000
8000
8000
FF00
8000
8000
8000
8000
FF80
ENDCHAR
STARTCHAR Zeta
ENCODING 918
SWIDTH 563 0
DWIDTH 9 0
BBX 7 11 1 0
BITMAP
FE
02
04
08
08
10
20
20
40
80
FE
ENDCHAR
STARTCHAR Eta
ENCODING 919
SWIDTH 688 0
DWIDTH 11 0
BBX 9 11 1 0
BITMAP
8080
8080
8080
8080
8080
FF80
8080
8080
8080
8080
8080
ENDCHAR
STARTCHAR Theta
ENCODING 920
SWIDTH 750 0
DWIDTH 12 0
BBX 10 11 1 0
BITMAP
1E00
6180
4080
8040
8040
9E40
8040
8040
4080
6180
1E00
ENDCHAR
STARTCHAR Iota
ENCODING 921
SWIDTH 188 0
DWIDTH 3 0
BBX 1 11 1 0
BITMAP
80
80
80
80
80
80
80
80
80
80
80
ENDCHAR
STARTCHAR Kappa
ENCODING 922
SWIDTH 688 0
DWIDTH 11 0
BBX 10 11 1 0
BITMAP
8100
8200
8400
8800
9000
A800
C400
8200
8100
8080
8040
ENDCHAR
STARTCHAR Lambda
ENCODING 923
SWIDTH 688 0
DWIDTH 11 0
BBX 11 11 0 0
BITMAP
0400
0400
0A00
0A00
1100
1100
2080
2080
4040
4040
8020
ENDCHAR
STARTCHAR Mu
ENCODING 924
SWIDTH 813 0
DWIDTH 13 0
BBX 11 11 1 0
BITMAP
8020
C060
C060
A0A0
A0A0
9120
9120
8A20
8A20
8420
8420
ENDCHAR
STARTCHAR Nu
ENCODING 925
SWIDTH 688 0
DWIDTH 11 0
BBX 9 11 1 0
BITMAP
8080
C080
A080
9080
9080
8880
8480
8480
8280
8180
8080
ENDCHAR
STARTCHAR Xi
ENCODING 926
SWIDTH 625 0
DWIDTH 10 0
BBX 8 11 1 0
BITMAP
FF
00
00
00
00
7E
00
00
00
00
FF
ENDCHAR
STARTCHAR Omicron
ENCODING 927
SWIDTH 750 0
DWIDTH 12 0
BBX 10 11 1 0
BITMAP
1E00
6180
4080
8040
8040
8040
8040
8040
4080
6180
1E00
ENDCHAR
STARTCHAR Pi
ENCODING 928
SWIDTH 688 0
DWIDTH 11 0
BBX 9 11 1 0
BITMAP
FF80
8080
8080
8080
8080
8080
8080
8080
8080
8080
8080
ENDCHAR
STARTCHAR Rho
ENCODING 929
SWIDTH 688 0
DWIDTH 11 0
BBX 9 11 1 0
BITMAP
FF00
8080
8080
8080
8080
FF00
8000
8000
8000
8000
8000
ENDCHAR
STARTCHAR Sigma
ENCODING 931
SWIDTH 625 0
DWIDTH 10 0
BBX 8 11 1 0
BITMAP
FF
80
40
20
10
08
10
20
40
80
FF
ENDCHAR
STARTCHAR Tau
ENCODING 932
SWIDTH 563 0
DWIDTH 9 0
BBX 9 11 0 0
BITMAP
FF80
0800
0800
0800
0800
0800
0800
0800
0800
0800
0800
ENDCHAR
STARTCHAR Upsilon
ENCODING 933
SWIDTH 563 0
DWIDTH 9 0
BBX 9 11 0 0
BITMAP
8080
4100
2200
2200
1400
0800
0800
0800
0800
0800
0800
ENDCHAR
STARTCHAR Phi
ENCODING 934
SWIDTH 688 0
DWIDTH 11 0
BBX 9 11 1 0
BITMAP
0800
3E00
4900
8880
8880
8880
8880
4900
3E00
0800
0800
ENDCHAR
STARTCHAR Chi
ENCODING 935
SWIDTH 688 0
DWIDTH 11 0
BBX 11 11 0 0
BITMAP
8020
4040
2080
1100
0A00
0400
0A00
1100
2080
4040
8020
ENDCHAR
STARTCHAR Psi
ENCODING 936
SWIDTH 688 0
DWIDTH 11 0
BBX 9 11 1 0
BITMAP
8880
8880
8880
8880
8880
8880
4900
3E00
0800
0800
0800
ENDCHAR
STARTCHAR Omega
ENCODING 937
SWIDTH 750 0
DWIDTH 12 0
BBX 10 11 1 0
BITMAP
1E00
6180
4080
8040
8040
8040
8040
4080
6180
1200
F3C0
ENDCHAR
STARTCHAR Iotadieresis
ENCODING 938
SWIDTH 188 0
DWIDTH 3 0
BBX 4 13 0 0
BITMAP
90
00
40
40
40
40
40
40
40
40
40
40
40
ENDCHAR
STARTCHAR Upsilondieresis
ENCODING 939
SWIDTH 563 0
DWIDTH 9 0
BBX 9 13 0 0
BITMAP
1200
0000
8080
4100
2200
2200
1400
0800
0800
0800
0800
0800
0800
ENDCHAR
STARTCHAR alphatonos
ENCODING 940
SWIDTH 563 0
DWIDTH 9 0
BBX 8 13 1 0
BITMAP
04
08
08
00
39
47
82
82
82
82
82
46
39
ENDCHAR
STARTCHAR epsilontonos
ENCODING 941
SWIDTH 438 0
DWIDTH 7 0
BBX 5 13 1 0
BITMAP
10
20
20
00
70
88
80
80
70
80
80
88
70
ENDCHAR
STARTCHAR etatonos
ENCODING 942
SWIDTH 500 0
DWIDTH 8 0
BBX 6 16 1 -3
BITMAP
08
10
10
00
B8
C4
84
84
84
84
84
84
84
04
04
04
ENDCHAR
STARTCHAR iotatonos
ENCODING 943
SWIDTH 188 0
DWIDTH 3 0
BBX 2 13 1 0
BITMAP
40
80
80
00
80
80
80
80
80
80
80
80
80
ENDCHAR
STARTCHAR upsilondieresistonos
ENCODING 944
SWIDTH 500 0
DWIDTH 8 0
BBX 6 13 1 0
BITMAP
08
10
54
00
88
84
84
84
84
84
84
88
70
ENDCHAR
STARTCHAR alpha
ENCODING 945
SWIDTH 563 0
DWIDTH 9 0
BBX 8 9 1 0
BITMAP
39
47
82
82
82
82
82
46
39
ENDCHAR
STARTCHAR beta
ENCODING 946
SWIDTH 563 0
DWIDTH 9 0
BBX 7 15 1 -3
BITMAP
78
84
84
84
88
98
84
82
82
82
C4
B8
80
80
80
ENDCHAR
STARTCHAR gamma
ENCODING 947
SWIDTH 500 0
DWIDTH 8 0
BBX 7 12 1 -3
BITMAP
82
82
44
44
44
28
28
28
10
10
10
10
ENDCHAR
STARTCHAR delta
ENCODING 948
SWIDTH 563 0
DWIDTH 9 0
BBX 7 12 1 0
BITMAP
7C
40
20
10
38
44
82
82
82
82
44
38
ENDCHAR
STARTCHAR epsilon
ENCODING 949
SWIDTH 438 0
DWIDTH 7 0
BBX 5 9 1 0
BITMAP
70
88
80
80
70
80
80
88
70
ENDCHAR
STARTCHAR zeta
ENCODING 950
SWIDTH 438 0
DWIDTH 7 0
BBX 6 15 1 -3
BITMAP
7C
04
08
10
20
40
80
80
80
80
40
38
04
04
04
ENDCHAR
STARTCHAR eta
ENCODING 951
SWIDTH 500 0
DWIDTH 8 0
BBX 6 12 1 -3
BITMAP
B8
C4
84
84
84
84
84
84
84
04
04
04
ENDCHAR
STARTCHAR theta
ENCODING 952
SWIDTH 563 0
DWIDTH 9 0
BBX 7 12 1 0
BITMAP
38
44
82
82
82
FE
82
82
82
82
44
38
ENDCHAR
STARTCHAR iota
ENCODING 953
SWIDTH 188 0
DWIDTH 3 0
BBX 2 9 1 0
BITMAP
80
80
80
80
80
80
80
80
80
ENDCHAR
STARTCHAR kappa
ENCODING 954
SWIDTH 500 0
DWIDTH 8 0
BBX 7 9 1 0
BITMAP
84
88
90
A0
E0
90
88
84
82
ENDCHAR
STARTCHAR lambda
ENCODING 955
SWIDTH 500 0
DWIDTH 8 0
BBX 8 12 0 0
BITMAP
60
10
08
08
14
14
24
22
42
42
81
81
ENDCHAR
STARTCHAR mu
ENCODING 956
SWIDTH 563 0
DWIDTH 9 0
BBX 7 12 1 -3
BITMAP
82
82
82
82
82
82
82
C6
BA
80
80
80
ENDCHAR
STARTCHAR nu
ENCODING 957
SWIDTH 438 0
DWIDTH 7 0
BBX 6 9 0 0
BITMAP
88
84
44
44
44
28
28
28
10
ENDCHAR
STARTCHAR xi
ENCODING 958
SWIDTH 438 0
DWIDTH 7 0
BBX 6 15 1 -3
BITMAP
78
20
40
40
40
30
40
80
80
80
40
38
04
04
04
ENDCHAR
STARTCHAR omicron
ENCODING 959
SWIDTH 563 0
DWIDTH 9 0
BBX 7 9 1 0
BITMAP
38
44
82
82
82
82
82
44
38
ENDCHAR
STARTCHAR pi
ENCODING 960
SWIDTH 688 0
DWIDTH 11 0
BBX 9 9 1 0
BITMAP
FF80
2200
2200
2200
2200
2200
2200
4200
4100
ENDCHAR
STARTCHAR rho
ENCODING 961
SWIDTH 563 0
DWIDTH 9 0
BBX 7 12 1 -3
BITMAP
38
44
82
82
82
82
82
C4
B8
80
80
80
ENDCHAR
STARTCHAR sigma1
ENCODING 962
SWIDTH 500 0
DWIDTH 8 0
BBX 6 12 1 -3
BITMAP
38
44
80
80
80
80
80
40
38
04
04
04
ENDCHAR
STARTCHAR sigma
ENCODING 963
SWIDTH 625 0
DWIDTH 10 0
BBX 9 9 1 0
BITMAP
3F80
4400
8200
8200
8200
8200
8200
4400
3800
ENDCHAR
STARTCHAR tau
ENCODING 964
SWIDTH 313 0
DWIDTH 5 0
BBX 5 9 0 0
BITMAP
F8
20
20
20
20
20
20
20
10
ENDCHAR
STARTCHAR upsilon
ENCODING 965
SWIDTH 500 0
DWIDTH 8 0
BBX 6 9 1 0
BITMAP
88
84
84
84
84
84
84
88
70
ENDCHAR
STARTCHAR phi
ENCODING 966
SWIDTH 625 0
DWIDTH 10 0
BBX 9 12 0 -3
BITMAP
2600
4900
8880
8880
8880
8880
8880
4900
3E00
0800
0800
0800
ENDCHAR
STARTCHAR chi
ENCODING 967
SWIDTH 500 0
DWIDTH 8 0
BBX 10 12 -1 -3
BITMAP
6080
1100
1100
0A00
0A00
0400
0A00
1200
1100
2100
4080
4080
ENDCHAR
STARTCHAR psi
ENCODING 968
SWIDTH 688 0
DWIDTH 11 0
BBX 9 14 1 -3
BITMAP
0800
0800
8880
8880
8880
8880
8880
8880
8880
4900
3E00
0800
0800
0800
ENDCHAR
STARTCHAR omega
ENCODING 969
SWIDTH 813 0
DWIDTH 13 0
BBX 11 9 1 0
BITMAP
2080
4040
8020
8420
8420
8420
8420
4A40
3180
ENDCHAR
STARTCHAR iotadieresis
ENCODING 970
SWIDTH 188 0
DWIDTH 3 0
BBX 3 11 0 0
BITMAP
A0
00
40
40
40
40
40
40
40
40
40
ENDCHAR
STARTCHAR upsilondieresis
ENCODING 971
SWIDTH 500 0
DWIDTH 8 0
BBX 6 11 1 0
BITMAP
28
00
88
84
84
84
84
84
84
88
70
ENDCHAR
STARTCHAR omicrontonos
ENCODING 972
SWIDTH 563 0
DWIDTH 9 0
BBX 7 13 1 0
BITMAP
08
10
10
00
38
44
82
82
82
82
82
44
38
ENDCHAR
STARTCHAR upsilontonos
ENCODING 973
SWIDTH 500 0
DWIDTH 8 0
BBX 6 13 1 0
BITMAP
10
20
20
00
88
84
84
84
84
84
84
88
70
ENDCHAR
STARTCHAR omegatonos
ENCODING 974
SWIDTH 813 0
DWIDTH 13 0
BBX 11 13 1 0
BITMAP
0200
0400
0400
0000
2080
4040
8020
8420
8420
8420
8420
4A40
3180
ENDCHAR
STARTCHAR afii10023
ENCODING 1025
SWIDTH 688 0
DWIDTH 11 0
BBX 9 13 1 0
BITMAP
1200
0000
FF80
8000
8000
8000
8000
FF00
8000
8000
8000
8000
FF80
ENDCHAR
STARTCHAR afii10051
ENCODING 1026
SWIDTH 875 0
DWIDTH 14 0
BBX 12 11 0 0
BITMAP
FF80
0800
0800
0BE0
0C10
0810
0810
0810
0810
0910
08E0
ENDCHAR
STARTCHAR afii10052
ENCODING 1027
SWIDTH 563 0
DWIDTH 9 0
BBX 7 15 1 0
BITMAP
08
10
20
00
FE
80
80
80
80
80
80
80
80
80
80
ENDCHAR
STARTCHAR afii10053
ENCODING 1028
SWIDTH 750 0
DWIDTH 12 0
BBX 10 11 1 0
BITMAP
1F00
6080
4040
8000
8000
FC00
8000
8000
4040
6080
1F00
ENDCHAR
STARTCHAR afii10054
ENCODING 1029
SWIDTH 688 0
DWIDTH 11 0
BBX 9 11 1 0
BITMAP
3E00
4100
8080
8000
6000
1E00
0100
0080
8080
4100
3E00
ENDCHAR
STARTCHAR afii10055
ENCODING 1030
SWIDTH 188 0
DWIDTH 3 0
BBX 1 11 1 0
BITMAP
80
80
80
80
80
80
80
80
80
80
80
ENDCHAR
STARTCHAR afii10056
ENCODING 1031
SWIDTH 188 0
DWIDTH 3 0
BBX 4 13 0 0
BITMAP
90
00
40
40
40
40
40
40
40
40
40
40
40
ENDCHAR
STARTCHAR afii10057
ENCODING 1032
SWIDTH 500 0
DWIDTH 8 0
BBX 6 11 0 0
BITMAP
1C
04
04
04
04
04
04
04
84
84
78
ENDCHAR
STARTCHAR afii10058
ENCODING 1033
SWIDTH 1063 0
DWIDTH 17 0
BBX 16 11 0 0
BITMAP
1F80
1080
1080
1080
1080
20FE
2081
2081
2081
4081
80FE
ENDCHAR
STARTCHAR afii10059
ENCODING 1034
SWIDTH 1000 0
DWIDTH 16 0
BBX 14 11 1 0
BITMAP
8200
8200
8200
8200
8200
FFF8
8204
8204
8204
8204
83F8
ENDCHAR
STARTCHAR afii10060
ENCODING 1035
SWIDTH 813 0
DWIDTH 13 0
BBX 12 11 0 0
BITMAP
FFC0
0800
0800
0BE0
0C10
0810
0810
0810
0810
0810
0810
ENDCHAR
STARTCHAR afii10061
ENCODING 1036
SWIDTH 563 0
DWIDTH 9 0
BBX 8 15 1 0
BITMAP
04
08
10
00
81
82
84
88
90
E0
90
88
84
82
81
ENDCHAR
STARTCHAR afii10062
ENCODING 1038
SWIDTH 625 0
DWIDTH 10 0
BBX 9 15 1 0
BITMAP
2100
2100
1E00
0000
8080
4100
4100
2200
2200
1400
0C00
0800
0800
1000
E000
ENDCHAR
STARTCHAR afii10145
ENCODING 1039
SWIDTH 750 0
DWIDTH 12 0
BBX 10 14 1 -3
BITMAP
8040
8040
8040
8040
8040
8040
8040
8040
8040
8040
FFC0
0400
0400
0400
ENDCHAR
STARTCHAR afii10017
ENCODING 1040
SWIDTH 688 0
DWIDTH 11 0
BBX 11 11 0 0
BITMAP
0400
0400
0A00
0A00
1100
1100
2080
3F80
4040
4040
8020
ENDCHAR
STARTCHAR afii10018
ENCODING 1041
SWIDTH 688 0
DWIDTH 11 0
BBX 9 11 1 0
BITMAP
FF00
8000
8000
8000
8000
FF00
8080
8080
8080
8080
FF00
ENDCHAR
STARTCHAR afii10019
ENCODING 1042
SWIDTH 688 0
DWIDTH 11 0
BBX 9 11 1 0
BITMAP
FF00
8080
8080
8080
8080
FF00
8080
8080
8080
8080
FF00
ENDCHAR
STARTCHAR afii10020
ENCODING 1043
SWIDTH 563 0
DWIDTH 9 0
BBX 7 11 1 0
BITMAP
FE
80
80
80
80
80
80
80
80
80
80
ENDCHAR
STARTCHAR afii10021
ENCODING 1044
SWIDTH 688 0
DWIDTH 11 0
BBX 11 14 0 -3
BITMAP
1FC0
1040
1040
1040
1040
1040
2040
2040
2040
4040
FFE0
8020
8020
8020
ENDCHAR
STARTCHAR afii10022
ENCODING 1045
SWIDTH 688 0
DWIDTH 11 0
BBX 9 11 1 0
BITMAP
FF80
8000
8000
8000
8000
FF00
8000
8000
8000
8000
FF80
ENDCHAR
STARTCHAR afii10024
ENCODING 1046
SWIDTH 875 0
DWIDTH 14 0
BBX 14 11 0 0
BITMAP
8204
4208
2210
2220
1240
0F80
1240
2220
2210
4208
8204
ENDCHAR
STARTCHAR afii10025
ENCODING 1047
SWIDTH 625 0
DWIDTH 10 0
BBX 7 11 2 0
BITMAP
7C
82
02
02
02
1C
02
02
02
82
7C
ENDCHAR
STARTCHAR afii10026
ENCODING 1048
SWIDTH 750 0
DWIDTH 12 0
BBX 10 11 1 0
BITMAP
8040
80C0
8140
8240
8440
8440
8840
9040
A040
C040
8040
ENDCHAR
STARTCHAR afii10027
ENCODING 1049
SWIDTH 750 0
DWIDTH 12 0
BBX 10 15 1 0
BITMAP
2100
2100
1E00
0000
8040
80C0
8140
8240
8440
8440
8840
9040
A040
C040
8040
ENDCHAR
STARTCHAR afii10028
ENCODING 1050
SWIDTH 563 0
DWIDTH 9 0
BBX 8 11 1 0
BITMAP
81
82
84
88
90
E0
90
88
84
82
81
ENDCHAR
STARTCHAR afii10029
ENCODING 1051
SWIDTH 688 0
DWIDTH 11 0
BBX 9 11 0 0
BITMAP
1F80
1080
1080
1080
1080
2080
2080
2080
2080
4080
8080
ENDCHAR
STARTCHAR afii10030
ENCODING 1052
SWIDTH 813 0
DWIDTH 13 0
BBX 11 11 1 0
BITMAP
8020
C060
C060
A0A0
A0A0
9120
9120
8A20
8A20
8420
8420
ENDCHAR
STARTCHAR afii10031
ENCODING 1053
SWIDTH 688 0
DWIDTH 11 0
BBX 9 11 1 0
BITMAP
8080
8080
8080
8080
8080
FF80
8080
8080
8080
8080
8080
ENDCHAR
STARTCHAR afii10032
ENCODING 1054
SWIDTH 750 0
DWIDTH 12 0
BBX 10 11 1 0
BITMAP
1E00
6180
4080
8040
8040
8040
8040
8040
4080
6180
1E00
ENDCHAR
STARTCHAR afii10033
ENCODING 1055
SWIDTH 688 0
DWIDTH 11 0
BBX 9 11 1 0
BITMAP
FF80
8080
8080
8080
8080
8080
8080
8080
8080
8080
8080
ENDCHAR
STARTCHAR afii10034
ENCODING 1056
SWIDTH 688 0
DWIDTH 11 0
BBX 9 11 1 0
BITMAP
FF00
8080
8080
8080
8080
FF00
8000
8000
8000
8000
8000
ENDCHAR
STARTCHAR afii10035
ENCODING 1057
SWIDTH 750 0
DWIDTH 12 0
BBX 10 11 1 0
BITMAP
1F00
6080
4040
8000
8000
8000
8000
8000
4040
6080
1F00
ENDCHAR
STARTCHAR afii10036
ENCODING 1058
SWIDTH 563 0
DWIDTH 9 0
BBX 9 11 0 0
BITMAP
FF80
0800
0800
0800
0800
0800
0800
0800
0800
0800
0800
ENDCHAR
STARTCHAR afii10037
ENCODING 1059
SWIDTH 625 0
DWIDTH 10 0
BBX 9 11 1 0
BITMAP
8080
4100
4100
2200
2200
1400
0C00
0800
0800
1000
E000
ENDCHAR
STARTCHAR afii10038
ENCODING 1060
SWIDTH 688 0
DWIDTH 11 0
BBX 9 11 1 0
BITMAP
0800
3E00
4900
8880
8880
8880
8880
4900
3E00
0800
0800
ENDCHAR
STARTCHAR afii10039
ENCODING 1061
SWIDTH 688 0
DWIDTH 11 0
BBX 11 11 0 0
BITMAP
8020
4040
2080
1100
0A00
0400
0A00
1100
2080
4040
8020
ENDCHAR
STARTCHAR afii10040
ENCODING 1062
SWIDTH 750 0
DWIDTH 12 0
BBX 10 14 1 -3
BITMAP
8080
8080
8080
8080
8080
8080
8080
8080
8080
8080
FFC0
0040
0040
0040
ENDCHAR
STARTCHAR afii10041
ENCODING 1063
SWIDTH 625 0
DWIDTH 10 0
BBX 8 11 1 0
BITMAP
81
81
81
81
81
83
7D
01
01
01
01
ENDCHAR
STARTCHAR afii10042
ENCODING 1064
SWIDTH 813 0
DWIDTH 13 0
BBX 11 11 1 0
BITMAP
8420
8420
8420
8420
8420
8420
8420
8420
8420
8420
FFE0
ENDCHAR
STARTCHAR afii10043
ENCODING 1065
SWIDTH 875 0
DWIDTH 14 0
BBX 12 14 1 -3
BITMAP
8420
8420
8420
8420
8420
8420
8420
8420
8420
8420
FFF0
0010
0010
0010
ENDCHAR
STARTCHAR afii10044
ENCODING 1066
SWIDTH 813 0
DWIDTH 13 0
BBX 12 11 0 0
BITMAP
F800
0800
0800
0800
0800
0FE0
0810
0810
0810
0810
0FE0
ENDCHAR
STARTCHAR afii10045
ENCODING 1067
SWIDTH 875 0
DWIDTH 14 0
BBX 12 11 1 0
BITMAP
8010
8010
8010
8010
8010
FF10
8090
8090
8090
8090
FF10
ENDCHAR
STARTCHAR afii10046
ENCODING 1068
SWIDTH 688 0
DWIDTH 11 0
BBX 9 11 1 0
BITMAP
8000
8000
8000
8000
8000
FF00
8080
8080
8080
8080
FF00
ENDCHAR
STARTCHAR afii10047
ENCODING 1069
SWIDTH 750 0
DWIDTH 12 0
BBX 10 11 1 0
BITMAP
3E00
4180
8080
0040
0040
0FC0
0040
0040
8080
4180
3E00
ENDCHAR
STARTCHAR afii10048
ENCODING 1070
SWIDTH 1000 0
DWIDTH 16 0
BBX 14 11 1 0
BITMAP
81E0
8618
8408
8804
8804
F804
8804
8804
8408
8618
81E0
ENDCHAR
STARTCHAR afii10049
ENCODING 1071
SWIDTH 750 0
DWIDTH 12 0
BBX 10 11 1 0
BITMAP
7FC0
8040
8040
8040
8040
7FC0
0840
1040
2040
4040
8040
ENDCHAR
STARTCHAR afii10065
ENCODING 1072
SWIDTH 563 0
DWIDTH 9 0
BBX 8 9 1 0
BITMAP
7C
82
02
02
7E
82
82
86
79
ENDCHAR
STARTCHAR afii10066
ENCODING 1073
SWIDTH 563 0
DWIDTH 9 0
BBX 8 12 1 0
BITMAP
06
3E
40
C0
BC
C6
C2
82
82
C2
46
7C
ENDCHAR
STARTCHAR afii10067
ENCODING 1074
SWIDTH 563 0
DWIDTH 9 0
BBX 7 9 1 0
BITMAP
FC
82
82
82
FC
82
82
82
FC
ENDCHAR
STARTCHAR afii10068
ENCODING 1075
SWIDTH 375 0
DWIDTH 6 0
BBX 5 9 1 0
BITMAP
F8
80
80
80
80
80
80
80
80
ENDCHAR
STARTCHAR afii10069
ENCODING 1076
SWIDTH 563 0
DWIDTH 9 0
BBX 9 12 0 -3
BITMAP
1F00
1100
1100
2100
2100
2100
2100
4100
FF80
8080
8080
8080
ENDCHAR
STARTCHAR afii10070
ENCODING 1077
SWIDTH 563 0
DWIDTH 9 0
BBX 7 9 1 0
BITMAP
38
44
82
82
FE
80
80
42
3C
ENDCHAR
STARTCHAR afii10072
ENCODING 1078
SWIDTH 625 0
DWIDTH 10 0
BBX 9 9 1 0
BITMAP
8880
4900
4900
2A00
3E00
2A00
4900
4900
8880
ENDCHAR
STARTCHAR afii10073
ENCODING 1079
SWIDTH 438 0
DWIDTH 7 0
BBX 5 9 1 0
BITMAP
70
88
08
08
30
08
08
88
70
ENDCHAR
STARTCHAR afii10074
ENCODING 1080
SWIDTH 500 0
DWIDTH 8 0
BBX 6 9 1 0
BITMAP
84
8C
8C
94
94
A4
C4
C4
84
ENDCHAR
STARTCHAR afii10075
ENCODING 1081
SWIDTH 500 0
DWIDTH 8 0
BBX 6 13 1 0
BITMAP
84
84
78
00
84
8C
8C
94
94
A4
C4
C4
84
ENDCHAR
STARTCHAR afii10076
ENCODING 1082
SWIDTH 438 0
DWIDTH 7 0
BBX 6 9 1 0
BITMAP
84
88
90
A0
C0
A0
90
88
84
ENDCHAR
STARTCHAR afii10077
ENCODING 1083
SWIDTH 500 0
DWIDTH 8 0
BBX 7 9 0 0
BITMAP
3E
22
22
22
22
22
42
42
82
ENDCHAR
STARTCHAR afii10078
ENCODING 1084
SWIDTH 688 0
DWIDTH 11 0
BBX 9 9 1 0
BITMAP
8080
C180
C180
A280
A280
9480
9480
8880
8880
ENDCHAR
STARTCHAR afii10079
ENCODING 1085
SWIDTH 500 0
DWIDTH 8 0
BBX 6 9 1 0
BITMAP
84
84
84
84
FC
84
84
84
84
ENDCHAR
STARTCHAR afii10080
ENCODING 1086
SWIDTH 563 0
DWIDTH 9 0
BBX 7 9 1 0
BITMAP
38
44
82
82
82
82
82
44
38
ENDCHAR
STARTCHAR afii10081
ENCODING 1087
SWIDTH 500 0
DWIDTH 8 0
BBX 6 9 1 0
BITMAP
FC
84
84
84
84
84
84
84
84
ENDCHAR
STARTCHAR afii10082
ENCODING 1088
SWIDTH 563 0
DWIDTH 9 0
BBX 7 12 1 -3
BITMAP
B8
C4
82
82
82
82
82
C4
B8
80
80
80
ENDCHAR
STARTCHAR afii10083
ENCODING 1089
SWIDTH 500 0
DWIDTH 8 0
BBX 6 9 1 0
BITMAP
38
44
80
80
80
80
80
44
38
ENDCHAR
STARTCHAR afii10084
ENCODING 1090
SWIDTH 438 0
DWIDTH 7 0
BBX 7 9 0 0
BITMAP
FE
10
10
10
10
10
10
10
10
ENDCHAR
STARTCHAR afii10085
ENCODING 1091
SWIDTH 438 0
DWIDTH 7 0
BBX 7 12 0 -3
BITMAP
82
82
44
44
44
28
28
10
10
10
20
C0
ENDCHAR
STARTCHAR afii10086
ENCODING 1092
SWIDTH 813 0
DWIDTH 13 0
BBX 11 15 1 -3
BITMAP
0400
0400
0400
75C0
8E20
8420
8420
8420
8420
8420
8E20
75C0
0400
0400
0400
ENDCHAR
STARTCHAR afii10087
ENCODING 1093
SWIDTH 438 0
DWIDTH 7 0
BBX 7 9 0 0
BITMAP
82
44
44
28
10
28
44
44
82
ENDCHAR
STARTCHAR afii10088
ENCODING 1094
SWIDTH 563 0
DWIDTH 9 0
BBX 7 12 1 -3
BITMAP
84
84
84
84
84
84
84
84
FE
02
02
02
ENDCHAR
STARTCHAR afii10089
ENCODING 1095
SWIDTH 500 0
DWIDTH 8 0
BBX 6 9 1 0
BITMAP
84
84
84
84
8C
74
04
04
04
ENDCHAR
STARTCHAR afii10090
ENCODING 1096
SWIDTH 688 0
DWIDTH 11 0
BBX 9 9 1 0
BITMAP
8880
8880
8880
8880
8880
8880
8880
8880
FF80
ENDCHAR
STARTCHAR afii10091
ENCODING 1097
SWIDTH 688 0
DWIDTH 11 0
BBX 10 12 1 -3
BITMAP
8880
8880
8880
8880
8880
8880
8880
8880
FFC0
0040
0040
0040
ENDCHAR
STARTCHAR afii10092
ENCODING 1098
SWIDTH 625 0
DWIDTH 10 0
BBX 9 9 0 0
BITMAP
F000
1000
1000
1000
1F00
1080
1080
1080
1F00
ENDCHAR
STARTCHAR afii10093
ENCODING 1099
SWIDTH 750 0
DWIDTH 12 0
BBX 10 9 1 0
BITMAP
8040
8040
8040
8040
FC40
8240
8240
8240
FC40
ENDCHAR
STARTCHAR afii10094
ENCODING 1100
SWIDTH 563 0
DWIDTH 9 0
BBX 7 9 1 0
BITMAP
80
80
80
80
FC
82
82
82
FC
ENDCHAR
STARTCHAR afii10095
ENCODING 1101
SWIDTH 500 0
DWIDTH 8 0
BBX 6 9 1 0
BITMAP
70
88
04
04
3C
04
04
88
70
ENDCHAR
STARTCHAR afii10096
ENCODING 1102
SWIDTH 750 0
DWIDTH 12 0
BBX 10 9 1 0
BITMAP
8700
8880
9040
9040
F040
9040
9040
8880
8700
ENDCHAR
STARTCHAR afii10097
ENCODING 1103
SWIDTH 563 0
DWIDTH 9 0
BBX 7 9 0 0
BITMAP
3E
42
42
42
3E
12
22
42
82
ENDCHAR
STARTCHAR afii10071
ENCODING 1105
SWIDTH 563 0
DWIDTH 9 0
BBX 7 11 1 0
BITMAP
28
00
38
44
82
82
FE
80
80
42
3C
ENDCHAR
STARTCHAR afii10099
ENCODING 1106
SWIDTH 500 0
DWIDTH 8 0
BBX 7 15 0 -3
BITMAP
40
F0
40
5C
62
42
42
42
42
42
42
42
02
02
0C
ENDCHAR
STARTCHAR afii10100
ENCODING 1107
SWIDTH 375 0
DWIDTH 6 0
BBX 5 13 1 0
BITMAP
08
10
20
00
F8
80
80
80
80
80
80
80
80
ENDCHAR
STARTCHAR afii10101
ENCODING 1108
SWIDTH 500 0
DWIDTH 8 0
BBX 6 9 1 0
BITMAP
38
44
80
80
F0
80
80
44
38
ENDCHAR
STARTCHAR afii10102
ENCODING 1109
SWIDTH 500 0
DWIDTH 8 0
BBX 6 9 1 0
BITMAP
78
84
80
80
78
04
04
84
78
ENDCHAR
STARTCHAR afii10103
ENCODING 1110
SWIDTH 250 0
DWIDTH 4 0
BBX 1 12 1 0
BITMAP
80
00
00
80
80
80
80
80
80
80
80
80
ENDCHAR
STARTCHAR afii10104
ENCODING 1111
SWIDTH 188 0
DWIDTH 3 0
BBX 3 11 0 0
BITMAP
A0
00
40
40
40
40
40
40
40
40
40
ENDCHAR
STARTCHAR afii10105
ENCODING 1112
SWIDTH 188 0
DWIDTH 3 0
BBX 2 15 0 -3
BITMAP
40
00
00
40
40
40
40
40
40
40
40
40
40
40
80
ENDCHAR
STARTCHAR afii10106
ENCODING 1113
SWIDTH 938 0
DWIDTH 15 0
BBX 14 9 0 0
BITMAP
3F00
2100
2100
2100
21F8
2104
4104
4104
81F8
ENDCHAR
STARTCHAR afii10107
ENCODING 1114
SWIDTH 813 0
DWIDTH 13 0
BBX 11 9 1 0
BITMAP
8400
8400
8400
8400
FFC0
8420
8420
8420
87C0
ENDCHAR
STARTCHAR afii10108
ENCODING 1115
SWIDTH 500 0
DWIDTH 8 0
BBX 7 12 0 0
BITMAP
40
F0
40
5C
62
42
42
42
42
42
42
42
ENDCHAR
STARTCHAR afii10109
ENCODING 1116
SWIDTH 438 0
DWIDTH 7 0
BBX 6 13 1 0
BITMAP
08
10
20
00
84
88
90
A0
C0
A0
90
88
84
ENDCHAR
STARTCHAR afii10110
ENCODING 1118
SWIDTH 438 0
DWIDTH 7 0
BBX 7 16 0 -3
BITMAP
42
42
3C
00
82
82
44
44
44
28
28
10
10
10
20
C0
ENDCHAR
STARTCHAR afii10193
ENCODING 1119
SWIDTH 500 0
DWIDTH 8 0
BBX 6 12 1 -3
BITMAP
84
84
84
84
84
84
84
84
FC
10
10
10
ENDCHAR
STARTCHAR afii10050
ENCODING 1168
SWIDTH 500 0
DWIDTH 8 0
BBX 6 14 1 0
BITMAP
04
04
04
FC
80
80
80
80
80
80
80
80
80
80
ENDCHAR
STARTCHAR afii10098
ENCODING 1169
SWIDTH 438 0
DWIDTH 7 0
BBX 5 12 1 0
BITMAP
08
08
08
F8
80
80
80
80
80
80
80
80
ENDCHAR
STARTCHAR uni1E3E
ENCODING 7742
SWIDTH 813 0
DWIDTH 13 0
BBX 9 16 2 0
BITMAP
0200
0600
0C00
0800
8080
C180
C180
E380
A280
A280
B680
9480
9480
8880
8880
8080
ENDCHAR
STARTCHAR uni1E3F
ENCODING 7743
SWIDTH 938 0
DWIDTH 15 0
BBX 12 14 1 0
BITMAP
0080
0180
0300
0200
0000
DCE0
E7B0
C210
C210
C210
C210
C210
C210
C210
ENDCHAR
STARTCHAR Wgrave
ENCODING 7808
SWIDTH 938 0
DWIDTH 15 0
BBX 15 15 0 0
BITMAP
0200
0100
0080
0000
8102
8102
4284
4284
4444
4444
2828
2828
2828
1010
1010
ENDCHAR
STARTCHAR wgrave
ENCODING 7809
SWIDTH 688 0
DWIDTH 11 0
BBX 9 13 1 0
BITMAP
2000
1000
0800
0000
8880
8880
9480
5500
5500
5500
5500
2200
2200
ENDCHAR
STARTCHAR Wacute
ENCODING 7810
SWIDTH 938 0
DWIDTH 15 0
BBX 15 15 0 0
BITMAP
0040
0080
0100
0000
8102
8102
4284
4284
4444
4444
2828
2828
2828
1010
1010
ENDCHAR
STARTCHAR wacute
ENCODING 7811
SWIDTH 688 0
DWIDTH 11 0
BBX 9 13 1 0
BITMAP
0200
0400
0800
0000
8880
8880
9480
5500
5500
5500
5500
2200
2200
ENDCHAR
STARTCHAR Wdieresis
ENCODING 7812
SWIDTH 938 0
DWIDTH 15 0
BBX 15 13 0 0
BITMAP
0240
0000
8102
8102
4284
4284
4444
4444
2828
2828
2828
1010
1010
ENDCHAR
STARTCHAR wdieresis
ENCODING 7813
SWIDTH 688 0
DWIDTH 11 0
BBX 9 11 1 0
BITMAP
1400
0000
8880
8880
9480
5500
5500
5500
5500
2200
2200
ENDCHAR
STARTCHAR uni1EA0
ENCODING 7840
SWIDTH 625 0
DWIDTH 10 0
BBX 10 16 0 -4
BITMAP
0C00
0C00
1C00
1600
1200
3200
2300
3F00
6100
4180
4080
C0C0
0000
0000
0C00
0800
ENDCHAR
STARTCHAR uni1EA1
ENCODING 7841
SWIDTH 563 0
DWIDTH 9 0
BBX 7 13 1 -4
BITMAP
38
CC
06
06
7E
C6
86
CE
7E
00
00
30
10
ENDCHAR
STARTCHAR uni1EA2
ENCODING 7842
SWIDTH 625 0
DWIDTH 10 0
BBX 10 16 0 0
BITMAP
0800
0400
0400
0800
0C00
0C00
1C00
1600
1200
3200
2300
3F00
6100
4180
4080
C0C0
ENDCHAR
STARTCHAR uni1EA3
ENCODING 7843
SWIDTH 563 0
DWIDTH 9 0
BBX 7 14 1 0
BITMAP
10
18
08
10
00
38
CC
06
06
7E
C6
86
CE
7E
ENDCHAR
STARTCHAR uni1EA4
ENCODING 7844
SWIDTH 625 0
DWIDTH 10 0
BBX 10 16 0 0
BITMAP
0080
0D00
1600
1200
0C00
0C00
1C00
1600
1200
3200
2300
3F00
6100
4180
4080
C0C0
ENDCHAR
STARTCHAR uni1EA5
ENCODING 7845
SWIDTH 563 0
DWIDTH 9 0
BBX 8 14 1 0
BITMAP
01
02
3A
44
00
38
CC
06
06
7E
C6
86
CE
7E
ENDCHAR
STARTCHAR uni1EA6
ENCODING 7846
SWIDTH 625 0
DWIDTH 10 0
BBX 10 16 0 0
BITMAP
4000
2C00
1600
1200
0C00
0C00
1C00
1600
1200
3200
2300
3F00
6100
4180
4080
C0C0
ENDCHAR
STARTCHAR uni1EA7
ENCODING 7847
SWIDTH 563 0
DWIDTH 9 0
BBX 8 14 0 0
BITMAP
C0
60
3C
22
00
1C
66
03
03
3F
63
43
67
3F
ENDCHAR
STARTCHAR uni1EA8
ENCODING 7848
SWIDTH 625 0
DWIDTH 10 0
BBX 10 16 0 0
BITMAP
0300
0D80
1600
1200
0C00
0C00
1C00
1600
1200
3200
2300
3F00
6100
4180
4080
C0C0
ENDCHAR
STARTCHAR uni1EA9
ENCODING 7849
SWIDTH 563 0
DWIDTH 9 0
BBX 8 14 1 0
BITMAP
06
03
3A
44
00
38
CC
06
06
7E
C6
86
CE
7E
ENDCHAR
STARTCHAR uni1EAA
ENCODING 7850
SWIDTH 625 0
DWIDTH 10 0
BBX 10 17 0 0
BITMAP
1A00
2600
0C00
1E00
1200
0C00
0C00
1C00
1600
1200
3200
2300
3F00
6100
4180
4080
C0C0
ENDCHAR
STARTCHAR uni1EAB
ENCODING 7851
SWIDTH 563 0
DWIDTH 9 0
BBX 7 14 1 0
BITMAP
7C
00
38
44
00
38
CC
06
06
7E
C6
86
CE
7E
ENDCHAR
STARTCHAR uni1EAC
ENCODING 7852
SWIDTH 625 0
DWIDTH 10 0
BBX 10 19 0 -4
BITMAP
0C00
1200
2200
0C00
0C00
1C00
1600
1200
3200
2300
3F00
6100
4180
4080
C0C0
0000
0000
0C00
0800
ENDCHAR
STARTCHAR uni1EAD
ENCODING 7853
SWIDTH 563 0
DWIDTH 9 0
BBX 7 17 1 -4
BITMAP
38
24
46
00
38
CC
06
06
7E
C6
86
CE
7E
00
00
30
10
ENDCHAR
STARTCHAR uni1EAE
ENCODING 7854
SWIDTH 625 0
DWIDTH 10 0
BBX 10 17 0 0
BITMAP
0200
0400
2A00
1E00
0000
0C00
0C00
1C00
1600
1200
3200
2300
3F00
6100
4180
4080
C0C0
ENDCHAR
STARTCHAR uni1EAF
ENCODING 7855
SWIDTH 563 0
DWIDTH 9 0
BBX 7 15 1 0
BITMAP
08
08
52
64
38
00
38
CC
06
06
7E
C6
86
CE
7E
ENDCHAR
STARTCHAR uni1EB0
ENCODING 7856
SWIDTH 625 0
DWIDTH 10 0
BBX 10 17 0 0
BITMAP
1000
0800
2E00
1E00
0000
0C00
0C00
1C00
1600
1200
3200
2300
3F00
6100
4180
4080
C0C0
ENDCHAR
STARTCHAR uni1EB1
ENCODING 7857
SWIDTH 563 0
DWIDTH 9 0
BBX 7 15 1 0
BITMAP
20
10
5A
64
38
00
38
CC
06
06
7E
C6
86
CE
7E
ENDCHAR
STARTCHAR uni1EB2
ENCODING 7858
SWIDTH 625 0
DWIDTH 10 0
BBX 10 17 0 0
BITMAP
0C00
0400
2A00
1E00
0000
0C00
0C00
1C00
1600
1200
3200
2300
3F00
6100
4180
4080
C0C0
ENDCHAR
STARTCHAR uni1EB3
ENCODING 7859
SWIDTH 563 0
DWIDTH 9 0
BBX 7 15 1 0
BITMAP
18
08
52
64
38
00
38
CC
06
06
7E
C6
86
CE
7E
ENDCHAR
STARTCHAR uni1EB4
ENCODING 7860
SWIDTH 625 0
DWIDTH 10 0
BBX 10 17 0 0
BITMAP
1A00
2600
2200
1E00
0000
0C00
0C00
1C00
1600
1200
3200
2300
3F00
6100
4180
4080
C0C0
ENDCHAR
STARTCHAR uni1EB5
ENCODING 7861
SWIDTH 563 0
DWIDTH 9 0
BBX 7 14 1 0
BITMAP
7C
00
44
38
00
38
CC
06
06
7E
C6
86
CE
7E
ENDCHAR
STARTCHAR uni1EB6
ENCODING 7862
SWIDTH 625 0
DWIDTH 10 0
BBX 10 19 0 -4
BITMAP
2200
1E00
0000
0C00
0C00
1C00
1600
1200
3200
2300
3F00
6100
4180
4080
C0C0
0000
0000
0C00
0800
ENDCHAR
STARTCHAR uni1EB7
ENCODING 7863
SWIDTH 563 0
DWIDTH 9 0
BBX 7 17 1 -4
BITMAP
42
64
38
00
38
CC
06
06
7E
C6
86
CE
7E
00
00
30
10
ENDCHAR
STARTCHAR uni1EB8
ENCODING 7864
SWIDTH 563 0
DWIDTH 9 0
BBX 7 16 2 -4
BITMAP
FC
FC
80
80
80
FC
80
80
80
80
80
FE
00
00
30
10
ENDCHAR
STARTCHAR uni1EB9
ENCODING 7865
SWIDTH 563 0
DWIDTH 9 0
BBX 7 13 1 -4
BITMAP
38
66
C2
82
FE
80
C0
42
3E
00
00
18
10
ENDCHAR
STARTCHAR uni1EBA
ENCODING 7866
SWIDTH 563 0
DWIDTH 9 0
BBX 7 16 2 0
BITMAP
20
18
10
20
FC
FC
80
80
80
FC
80
80
80
80
80
FE
ENDCHAR
STARTCHAR uni1EBB
ENCODING 7867
SWIDTH 563 0
DWIDTH 9 0
BBX 7 14 1 0
BITMAP
10
18
08
10
00
38
66
C2
82
FE
80
C0
42
3E
ENDCHAR
STARTCHAR uni1EBC
ENCODING 7868
SWIDTH 563 0
DWIDTH 9 0
BBX 7 15 2 0
BITMAP
64
9C
00
FC
FC
80
80
80
FC
80
80
80
80
80
FE
ENDCHAR
STARTCHAR uni1EBD
ENCODING 7869
SWIDTH 563 0
DWIDTH 9 0
BBX 7 13 1 0
BITMAP
62
5E
4C
00
38
66
C2
82
FE
80
C0
42
3E
ENDCHAR
STARTCHAR uni1EBE
ENCODING 7870
SWIDTH 563 0
DWIDTH 9 0
BBX 7 16 2 0
BITMAP
02
34
68
48
FC
FC
80
80
80
FC
80
80
80
80
80
FE
ENDCHAR
STARTCHAR uni1EBF
ENCODING 7871
SWIDTH 563 0
DWIDTH 9 0
BBX 8 14 1 0
BITMAP
01
02
3E
44
00
38
66
C2
82
FE
80
C0
42
3E
ENDCHAR
STARTCHAR uni1EC0
ENCODING 7872
SWIDTH 563 0
DWIDTH 9 0
BBX 8 16 1 0
BITMAP
C0
58
34
24
7E
7E
40
40
40
7E
40
40
40
40
40
7F
ENDCHAR
STARTCHAR uni1EC1
ENCODING 7873
SWIDTH 563 0
DWIDTH 9 0
BBX 8 14 0 0
BITMAP
C0
40
3C
22
00
1C
33
61
41
7F
40
60
21
1F
ENDCHAR
STARTCHAR uni1EC2
ENCODING 7874
SWIDTH 563 0
DWIDTH 9 0
BBX 7 16 2 0
BITMAP
06
32
6C
48
FC
FC
80
80
80
FC
80
80
80
80
80
FE
ENDCHAR
STARTCHAR uni1EC3
ENCODING 7875
SWIDTH 563 0
DWIDTH 9 0
BBX 7 14 1 0
BITMAP
06
02
3C
44
00
38
66
C2
82
FE
80
C0
42
3E
ENDCHAR
STARTCHAR uni1EC4
ENCODING 7876
SWIDTH 563 0
DWIDTH 9 0
BBX 7 17 2 0
BITMAP
64
58
10
78
48
FC
FC
80
80
80
FC
80
80
80
80
80
FE
ENDCHAR
STARTCHAR uni1EC5
ENCODING 7877
SWIDTH 563 0
DWIDTH 9 0
BBX 7 14 1 0
BITMAP
7C
00
38
44
00
38
66
C2
82
FE
80
C0
42
3E
ENDCHAR
STARTCHAR uni1EC6
ENCODING 7878
SWIDTH 563 0
DWIDTH 9 0
BBX 7 19 2 -4
BITMAP
30
48
44
FC
FC
80
80
80
FC
80
80
80
80
80
FE
00
00
30
10
ENDCHAR
STARTCHAR uni1EC7
ENCODING 7879
SWIDTH 563 0
DWIDTH 9 0
BBX 7 17 1 -4
BITMAP
38
2C
44
00
38
66
C2
82
FE
80
C0
42
3E
00
00
18
10
ENDCHAR
STARTCHAR uni1EC8
ENCODING 7880
SWIDTH 313 0
DWIDTH 5 0
BBX 3 16 1 0
BITMAP
80
60
60
80
40
40
40
40
40
40
40
40
40
40
40
40
ENDCHAR
STARTCHAR uni1EC9
ENCODING 7881
SWIDTH 250 0
DWIDTH 4 0
BBX 3 14 1 0
BITMAP
80
60
60
C0
00
C0
C0
C0
C0
C0
C0
C0
C0
C0
ENDCHAR
STARTCHAR uni1ECA
ENCODING 7882
SWIDTH 313 0
DWIDTH 5 0
BBX 2 16 1 -4
BITMAP
40
40
40
40
40
40
40
40
40
40
40
40
00
00
C0
40
ENDCHAR
STARTCHAR uni1ECB
ENCODING 7883
SWIDTH 250 0
DWIDTH 4 0
BBX 2 16 1 -4
BITMAP
C0
40
00
C0
C0
C0
C0
C0
C0
C0
C0
C0
00
00
C0
40
ENDCHAR
STARTCHAR uni1ECC
ENCODING 7884
SWIDTH 750 0
DWIDTH 12 0
BBX 10 16 1 -4
BITMAP
1E00
7300
6180
C0C0
C0C0
80C0
80C0
C0C0
C0C0
4080
6380
3E00
0000
0000
0C00
0C00
ENDCHAR
STARTCHAR uni1ECD
ENCODING 7885
SWIDTH 625 0
DWIDTH 10 0
BBX 8 13 1 -4
BITMAP
3C
66
C2
83
83
83
C3
46
3C
00
00
18
10
ENDCHAR
STARTCHAR uni1ECE
ENCODING 7886
SWIDTH 750 0
DWIDTH 12 0
BBX 10 16 1 0
BITMAP
0800
0400
0400
0800
1E00
7300
6180
C0C0
C0C0
80C0
80C0
C0C0
C0C0
4080
6380
3E00
ENDCHAR
STARTCHAR uni1ECF
ENCODING 7887
SWIDTH 625 0
DWIDTH 10 0
BBX 8 14 1 0
BITMAP
10
18
08
10
00
3C
66
C2
83
83
83
C3
46
3C
ENDCHAR
STARTCHAR uni1ED0
ENCODING 7888
SWIDTH 750 0
DWIDTH 12 0
BBX 10 16 1 0
BITMAP
0080
0D00
1E00
1200
1E00
7300
6180
C0C0
C0C0
80C0
80C0
C0C0
C0C0
4080
6380
3E00
ENDCHAR
STARTCHAR uni1ED1
ENCODING 7889
SWIDTH 625 0
DWIDTH 10 0
BBX 8 14 1 0
BITMAP
01
02
3A
64
00
3C
66
C2
83
83
83
C3
46
3C
ENDCHAR
STARTCHAR uni1ED2
ENCODING 7890
SWIDTH 750 0
DWIDTH 12 0
BBX 10 16 1 0
BITMAP
4000
2C00
1E00
1200
1E00
7300
6180
C0C0
C0C0
80C0
80C0
C0C0
C0C0
4080
6380
3E00
ENDCHAR
STARTCHAR uni1ED3
ENCODING 7891
SWIDTH 625 0
DWIDTH 10 0
BBX 9 14 0 0
BITMAP
C000
6000
3C00
1200
0000
1E00
3300
6100
4180
4180
4180
6180
2300
1E00
ENDCHAR
STARTCHAR uni1ED4
ENCODING 7892
SWIDTH 750 0
DWIDTH 12 0
BBX 10 16 1 0
BITMAP
0300
0D80
1E00
1200
1E00
7300
6180
C0C0
C0C0
80C0
80C0
C0C0
C0C0
4080
6380
3E00
ENDCHAR
STARTCHAR uni1ED5
ENCODING 7893
SWIDTH 625 0
DWIDTH 10 0
BBX 8 14 1 0
BITMAP
06
03
3A
64
00
3C
66
C2
83
83
83
C3
46
3C
ENDCHAR
STARTCHAR uni1ED6
ENCODING 7894
SWIDTH 750 0
DWIDTH 12 0
BBX 10 17 1 0
BITMAP
1900
2600
0C00
1E00
1200
1E00
7300
6180
C0C0
C0C0
80C0
80C0
C0C0
C0C0
4080
6380
3E00
ENDCHAR
STARTCHAR uni1ED7
ENCODING 7895
SWIDTH 625 0
DWIDTH 10 0
BBX 8 14 1 0
BITMAP
7C
00
38
64
00
3C
66
C2
83
83
83
C3
46
3C
ENDCHAR
STARTCHAR uni1ED8
ENCODING 7896
SWIDTH 750 0
DWIDTH 12 0
BBX 10 19 1 -4
BITMAP
0C00
1200
2300
1E00
7300
6180
C0C0
C0C0
80C0
80C0
C0C0
C0C0
4080
6380
3E00
0000
0000
0C00
0C00
ENDCHAR
STARTCHAR uni1ED9
ENCODING 7897
SWIDTH 625 0
DWIDTH 10 0
BBX 8 17 1 -4
BITMAP
18
24
46
00
3C
66
C2
83
83
83
C3
46
3C
00
00
18
10
ENDCHAR
STARTCHAR uni1EDA
ENCODING 7898
SWIDTH 750 0
DWIDTH 12 0
BBX 10 16 1 0
BITMAP
0200
0600
0CC0
0840
1EC0
3300
6180
C0C0
C0C0
C0C0
C0C0
C0C0
C0C0
4080
6180
3F00
ENDCHAR
STARTCHAR uni1EDB
ENCODING 7899
SWIDTH 625 0
DWIDTH 10 0
BBX 8 14 1 0
BITMAP
04
0C
19
11
01
3E
66
C2
83
83
83
C3
46
3C
ENDCHAR
STARTCHAR uni1EDC
ENCODING 7900
SWIDTH 750 0
DWIDTH 12 0
BBX 10 16 1 0
BITMAP
1000
1800
0CC0
0440
1EC0
3300
6180
C0C0
C0C0
C0C0
C0C0
C0C0
C0C0
4080
6180
3F00
ENDCHAR
STARTCHAR uni1EDD
ENCODING 7901
SWIDTH 625 0
DWIDTH 10 0
BBX 8 14 1 0
BITMAP
20
70
11
09
01
3E
66
C2
83
83
83
C3
46
3C
ENDCHAR
STARTCHAR uni1EDE
ENCODING 7902
SWIDTH 750 0
DWIDTH 12 0
BBX 10 16 1 0
BITMAP
0800
0400
04C0
0840
1EC0
3300
6180
C0C0
C0C0
C0C0
C0C0
C0C0
C0C0
4080
6180
3F00
ENDCHAR
STARTCHAR uni1EDF
ENCODING 7903
SWIDTH 625 0
DWIDTH 10 0
BBX 8 14 1 0
BITMAP
10
08
09
11
01
3E
66
C2
83
83
83
C3
46
3C
ENDCHAR
STARTCHAR uni1EE0
ENCODING 7904
SWIDTH 750 0
DWIDTH 12 0
BBX 10 15 1 0
BITMAP
3900
2FC0
0040
1EC0
3300
6180
C0C0
C0C0
C0C0
C0C0
C0C0
C0C0
4080
6180
3F00
ENDCHAR
STARTCHAR uni1EE1
ENCODING 7905
SWIDTH 625 0
DWIDTH 10 0
BBX 8 13 1 0
BITMAP
62
55
8D
01
3E
66
C2
83
83
83
C3
46
3C
ENDCHAR
STARTCHAR uni1EE2
ENCODING 7906
SWIDTH 750 0
DWIDTH 12 0
BBX 10 18 1 -4
BITMAP
00C0
0040
1EC0
3300
6180
C0C0
C0C0
C0C0
C0C0
C0C0
C0C0
4080
6180
3F00
0000
0000
0C00
0C00
ENDCHAR
STARTCHAR uni1EE3
ENCODING 7907
SWIDTH 625 0
DWIDTH 10 0
BBX 8 16 1 -4
BITMAP
01
01
01
3E
66
C2
83
83
83
C3
46
3C
00
00
18
10
ENDCHAR
STARTCHAR uni1EE4
ENCODING 7908
SWIDTH 750 0
DWIDTH 12 0
BBX 8 16 2 -4
BITMAP
81
81
81
81
81
81
81
81
83
83
C6
7C
00
00
18
10
ENDCHAR
STARTCHAR uni1EE5
ENCODING 7909
SWIDTH 625 0
DWIDTH 10 0
BBX 7 13 1 -4
BITMAP
C2
C2
C2
C2
C2
C2
C2
46
7A
00
00
18
18
ENDCHAR
STARTCHAR uni1EE6
ENCODING 7910
SWIDTH 750 0
DWIDTH 12 0
BBX 8 16 2 0
BITMAP
10
08
08
10
81
81
81
81
81
81
81
81
83
83
C6
7C
ENDCHAR
STARTCHAR uni1EE7
ENCODING 7911
SWIDTH 625 0
DWIDTH 10 0
BBX 7 14 1 0
BITMAP
10
18
08
10
00
C2
C2
C2
C2
C2
C2
C2
46
7A
ENDCHAR
STARTCHAR uni1EE8
ENCODING 7912
SWIDTH 750 0
DWIDTH 12 0
BBX 10 16 2 0
BITMAP
0400
0CC0
1840
1040
8180
8100
8100
8100
8100
8100
8100
8100
8300
8300
C600
7C00
ENDCHAR
STARTCHAR uni1EE9
ENCODING 7913
SWIDTH 625 0
DWIDTH 10 0
BBX 9 14 1 0
BITMAP
0400
0C00
1980
1080
0180
C300
C200
C200
C200
C200
C200
C200
4600
7A00
ENDCHAR
STARTCHAR uni1EEA
ENCODING 7914
SWIDTH 750 0
DWIDTH 12 0
BBX 10 16 2 0
BITMAP
2000
60C0
1040
0840
8180
8100
8100
8100
8100
8100
8100
8100
8300
8300
C600
7C00
ENDCHAR
STARTCHAR uni1EEB
ENCODING 7915
SWIDTH 625 0
DWIDTH 10 0
BBX 9 14 1 0
BITMAP
2000
7000
1180
0880
0180
C300
C200
C200
C200
C200
C200
C200
4600
7A00
ENDCHAR
STARTCHAR uni1EEC
ENCODING 7916
SWIDTH 750 0
DWIDTH 12 0
BBX 10 16 2 0
BITMAP
1000
08C0
0840
1040
8180
8100
8100
8100
8100
8100
8100
8100
8300
8300
C600
7C00
ENDCHAR
STARTCHAR uni1EED
ENCODING 7917
SWIDTH 625 0
DWIDTH 10 0
BBX 9 14 1 0
BITMAP
1000
1800
0980
1080
0180
C300
C200
C200
C200
C200
C200
C200
4600
7A00
ENDCHAR
STARTCHAR uni1EEE
ENCODING 7918
SWIDTH 750 0
DWIDTH 12 0
BBX 10 15 2 0
BITMAP
72C0
5E40
0040
8180
8100
8100
8100
8100
8100
8100
8100
8300
8300
C600
7C00
ENDCHAR
STARTCHAR uni1EEF
ENCODING 7919
SWIDTH 625 0
DWIDTH 10 0
BBX 9 13 1 0
BITMAP
7200
5F80
4C80
0180
C300
C200
C200
C200
C200
C200
C200
4600
7A00
ENDCHAR
STARTCHAR uni1EF0
ENCODING 7920
SWIDTH 750 0
DWIDTH 12 0
BBX 10 19 2 -4
BITMAP
00C0
0040
0040
8180
8100
8100
8100
8100
8100
8100
8100
8300
8300
C600
7C00
0000
0000
1800
1000
ENDCHAR
STARTCHAR uni1EF1
ENCODING 7921
SWIDTH 625 0
DWIDTH 10 0
BBX 9 16 1 -4
BITMAP
0180
0080
0180
C300
C200
C200
C200
C200
C200
C200
4600
7A00
0000
0000
1800
1800
ENDCHAR
STARTCHAR Ygrave
ENCODING 7922
SWIDTH 563 0
DWIDTH 9 0
BBX 9 15 0 0
BITMAP
1000
0800
0400
0000
8080
4100
2200
2200
1400
0800
0800
0800
0800
0800
0800
ENDCHAR
STARTCHAR ygrave
ENCODING 7923
SWIDTH 438 0
DWIDTH 7 0
BBX 7 16 0 -3
BITMAP
20
10
08
00
82
82
44
44
44
28
28
10
10
10
20
C0
ENDCHAR
STARTCHAR uni1EF4
ENCODING 7924
SWIDTH 500 0
DWIDTH 8 0
BBX 9 16 0 -4
BITMAP
C180
4300
6200
2200
2400
1400
1800
1800
1800
1800
1800
1800
0000
0000
1800
0800
ENDCHAR
STARTCHAR uni1EF5
ENCODING 7925
SWIDTH 500 0
DWIDTH 8 0
BBX 8 13 0 -4
BITMAP
C1
43
62
62
26
34
14
1C
18
08
18
73
62
ENDCHAR
STARTCHAR uni1EF6
ENCODING 7926
SWIDTH 500 0
DWIDTH 8 0
BBX 9 16 0 0
BITMAP
1000
0C00
0C00
1000
C180
4300
6200
2200
2400
1400
1800
1800
1800
1800
1800
1800
ENDCHAR
STARTCHAR uni1EF7
ENCODING 7927
SWIDTH 500 0
DWIDTH 8 0
BBX 8 18 0 -4
BITMAP
10
0C
04
08
00
C1
43
62
62
26
34
14
1C
18
08
18
70
60
ENDCHAR
STARTCHAR uni1EF8
ENCODING 7928
SWIDTH 500 0
DWIDTH 8 0
BBX 9 15 0 0
BITMAP
3200
4E00
0000
C180
4300
6200
2200
2400
1400
1800
1800
1800
1800
1800
1800
ENDCHAR
STARTCHAR uni1EF9
ENCODING 7929
SWIDTH 500 0
DWIDTH 8 0
BBX 8 17 0 -4
BITMAP
32
6A
44
00
C1
43
62
62
26
34
14
1C
18
08
18
70
60
ENDCHAR
STARTCHAR uni2002
ENCODING 8194
SWIDTH 500 0
DWIDTH 8 0
BBX 0 0 0 0
BITMAP
ENDCHAR
STARTCHAR uni2003
ENCODING 8195
SWIDTH 1000 0
DWIDTH 16 0
BBX 0 0 0 0
BITMAP
ENDCHAR
STARTCHAR uni2010
ENCODING 8208
SWIDTH 313 0
DWIDTH 5 0
BBX 3 1 1 4
BITMAP
E0
ENDCHAR
STARTCHAR uni2011
ENCODING 8209
SWIDTH 313 0
DWIDTH 5 0
BBX 3 1 1 4
BITMAP
E0
ENDCHAR
STARTCHAR figuredash
ENCODING 8210
SWIDTH 313 0
DWIDTH 5 0
BBX 3 1 1 4
BITMAP
E0
ENDCHAR
STARTCHAR endash
ENCODING 8211
SWIDTH 563 0
DWIDTH 9 0
BBX 9 1 0 4
BITMAP
FF80
ENDCHAR
STARTCHAR emdash
ENCODING 8212
SWIDTH 1000 0
DWIDTH 16 0
BBX 16 1 0 4
BITMAP
FFFF
ENDCHAR
STARTCHAR afii00208
ENCODING 8213
SWIDTH 1000 0
DWIDTH 16 0
BBX 16 1 0 4
BITMAP
FFFF
ENDCHAR
STARTCHAR uni2016
ENCODING 8214
SWIDTH 1000 0
DWIDTH 16 0
BBX 4 16 6 -2
BITMAP
90
90
90
90
90
90
90
90
90
90
90
90
90
90
90
90
ENDCHAR
STARTCHAR underscoredbl
ENCODING 8215
SWIDTH 563 0
DWIDTH 9 0
BBX 9 2 0 -3
BITMAP
FF80
FF80
ENDCHAR
STARTCHAR quoteleft
ENCODING 8216
SWIDTH 250 0
DWIDTH 4 0
BBX 2 4 1 7
BITMAP
40
80
80
80
ENDCHAR
STARTCHAR quoteright
ENCODING 8217
SWIDTH 250 0
DWIDTH 4 0
BBX 2 4 0 7
BITMAP
40
40
40
80
ENDCHAR
STARTCHAR quotesinglbase
ENCODING 8218
SWIDTH 250 0
DWIDTH 4 0
BBX 2 4 0 -2
BITMAP
40
40
40
80
ENDCHAR
STARTCHAR quotereversed
ENCODING 8219
SWIDTH 250 0
DWIDTH 4 0
BBX 2 4 1 7
BITMAP
80
80
80
40
ENDCHAR
STARTCHAR quotedblleft
ENCODING 8220
SWIDTH 313 0
DWIDTH 5 0
BBX 4 4 1 7
BITMAP
50
A0
A0
A0
ENDCHAR
STARTCHAR quotedblright
ENCODING 8221
SWIDTH 313 0
DWIDTH 5 0
BBX 4 4 0 7
BITMAP
50
50
50
A0
ENDCHAR
STARTCHAR quotedblbase
ENCODING 8222
SWIDTH 313 0
DWIDTH 5 0
BBX 4 4 0 -2
BITMAP
50
50
50
A0
ENDCHAR
STARTCHAR dagger
ENCODING 8224
SWIDTH 563 0
DWIDTH 9 0
BBX 7 13 1 -1
BITMAP
10
10
10
FE
10
10
10
10
10
10
10
10
10
ENDCHAR
STARTCHAR daggerdbl
ENCODING 8225
SWIDTH 563 0
DWIDTH 9 0
BBX 7 13 1 -1
BITMAP
10
10
10
FE
10
10
10
10
10
FE
10
10
10
ENDCHAR
STARTCHAR bullet
ENCODING 8226
SWIDTH 375 0
DWIDTH 6 0
BBX 4 4 1 3
BITMAP
60
F0
F0
60
ENDCHAR
STARTCHAR uni2025
ENCODING 8229
SWIDTH 1000 0
DWIDTH 16 0
BBX 10 2 3 5
BITMAP
C0C0
C0C0
ENDCHAR
STARTCHAR ellipsis
ENCODING 8230
SWIDTH 1000 0
DWIDTH 16 0
BBX 11 2 2 0
BITMAP
8420
8420
ENDCHAR
STARTCHAR uni2027
ENCODING 8231
SWIDTH 1000 0
DWIDTH 16 0
BBX 4 4 6 4
BITMAP
60
F0
F0
60
ENDCHAR
STARTCHAR perthousand
ENCODING 8240
SWIDTH 1063 0
DWIDTH 17 0
BBX 17 11 0 0
BITMAP
708000
890000
890000
8A0000
8A0000
75C700
0A2880
0A2880
122880
122880
21C700
ENDCHAR
STARTCHAR minute
ENCODING 8242
SWIDTH 188 0
DWIDTH 3 0
BBX 2 4 1 7
BITMAP
40
40
80
80
ENDCHAR
STARTCHAR second
ENCODING 8243
SWIDTH 375 0
DWIDTH 6 0
BBX 5 4 1 7
BITMAP
48
48
90
90
ENDCHAR
STARTCHAR uni2035
ENCODING 8245
SWIDTH 1000 0
DWIDTH 16 0
BBX 4 2 5 13
BITMAP
E0
30
ENDCHAR
STARTCHAR guilsinglleft
ENCODING 8249
SWIDTH 313 0
DWIDTH 5 0
BBX 4 7 0 1
BITMAP
10
20
40
80
40
20
10
ENDCHAR
STARTCHAR guilsinglright
ENCODING 8250
SWIDTH 313 0
DWIDTH 5 0
BBX 4 7 1 1
BITMAP
80
40
20
10
20
40
80
ENDCHAR
STARTCHAR uni203B
ENCODING 8251
SWIDTH 1000 0
DWIDTH 16 0
BBX 12 12 2 0
BITMAP
8610
4620
2440
1080
0900
E670
C630
0900
1080
2640
4620
8610
ENDCHAR
STARTCHAR exclamdbl
ENCODING 8252
SWIDTH 500 0
DWIDTH 8 0
BBX 5 11 2 0
BITMAP
88
88
88
88
88
88
88
88
00
88
88
ENDCHAR
STARTCHAR uni203E
ENCODING 8254
SWIDTH 313 0
DWIDTH 5 0
BBX 7 1 -1 12
BITMAP
FE
ENDCHAR
STARTCHAR uni2042
ENCODING 8258
SWIDTH 1000 0
DWIDTH 16 0
BBX 14 13 1 0
BITMAP
0200
0200
0EC0
0300
0680
0A40
0200
1020
54A8
FCFC
3870
D4AC
1020
ENDCHAR
STARTCHAR fraction
ENCODING 8260
SWIDTH 188 0
DWIDTH 3 0
BBX 7 11 -2 0
BITMAP
02
04
04
08
08
10
20
20
40
40
80
ENDCHAR
STARTCHAR uni2047
ENCODING 8263
SWIDTH 938 0
DWIDTH 15 0
BBX 13 12 1 0
BITMAP
78F0
8D18
0C18
0C18
0810
1020
3060
2040
0000
0000
2040
70E0
ENDCHAR
STARTCHAR uni2048
ENCODING 8264
SWIDTH 750 0
DWIDTH 12 0
BBX 10 12 1 0
BITMAP
7880
8C80
0C80
0C80
0880
1080
3080
2080
0000
0000
2080
71C0
ENDCHAR
STARTCHAR uni2049
ENCODING 8265
SWIDTH 750 0
DWIDTH 12 0
BBX 9 12 2 0
BITMAP
8F00
9980
8080
8080
8180
8300
8200
8600
0000
0000
8600
C600
ENDCHAR
STARTCHAR uni2051
ENCODING 8273
SWIDTH 1000 0
DWIDTH 16 0
BBX 6 14 5 -1
BITMAP
20
A4
68
30
EC
20
00
20
20
EC
30
EC
A4
20
ENDCHAR
STARTCHAR uni2074
ENCODING 8308
SWIDTH 438 0
DWIDTH 7 0
BBX 5 7 1 7
BITMAP
30
30
50
90
F8
10
10
ENDCHAR
STARTCHAR uni207F
ENCODING 8319
SWIDTH 375 0
DWIDTH 6 0
BBX 4 5 1 5
BITMAP
E0
90
90
90
90
ENDCHAR
STARTCHAR franc
ENCODING 8355
SWIDTH 563 0
DWIDTH 9 0
BBX 8 11 0 0
BITMAP
7F
40
40
40
40
7F
40
40
FC
40
40
ENDCHAR
STARTCHAR lira
ENCODING 8356
SWIDTH 563 0
DWIDTH 9 0
BBX 7 11 1 0
BITMAP
38
44
40
40
F8
40
F8
40
40
82
FC
ENDCHAR
STARTCHAR peseta
ENCODING 8359
SWIDTH 1125 0
DWIDTH 18 0
BBX 16 11 1 0
BITMAP
F800
8400
8480
8480
85CE
F891
8090
808E
8081
8091
804E
ENDCHAR
STARTCHAR uni20A9
ENCODING 8361
SWIDTH 563 0
DWIDTH 9 0
BBX 9 11 0 0
BITMAP
C980
C900
5500
5500
5500
FF80
5500
5500
5500
2600
2200
ENDCHAR
STARTCHAR uni20AB
ENCODING 8363
SWIDTH 563 0
DWIDTH 9 0
BBX 8 12 1 0
BITMAP
04
3F
04
14
7C
C4
C4
C4
44
7C
00
FE
ENDCHAR
STARTCHAR Euro
ENCODING 8364
SWIDTH 563 0
DWIDTH 9 0
BBX 9 11 0 0
BITMAP
1F00
2080
4000
4000
FC00
4000
FC00
4000
4000
2080
1F00
ENDCHAR
STARTCHAR uni20DD
ENCODING 8413
SWIDTH 0 0
DWIDTH 0 0
BBX 14 15 -15 -1
BITMAP
0780
1860
2010
4008
8004
8004
8004
8004
8004
8004
8004
8004
4008
2010
1FE0
ENDCHAR
STARTCHAR uni20DE
ENCODING 8414
SWIDTH 0 0
DWIDTH 0 0
BBX 14 14 -15 -1
BITMAP
FFFC
8004
8004
8004
8004
8004
8004
8004
8004
8004
8004
8004
8004
FFFC
ENDCHAR
STARTCHAR uni2100
ENCODING 8448
SWIDTH 1000 0
DWIDTH 16 0
BBX 13 12 2 0
BITMAP
7820
C840
8880
8880
9100
F200
0430
0448
0880
1080
1080
60F0
ENDCHAR
STARTCHAR uni2103
ENCODING 8451
SWIDTH 1000 0
DWIDTH 16 0
BBX 14 12 1 0
BITMAP
F078
91CC
9100
F300
0200
0200
0200
0200
0300
0300
018C
00F8
ENDCHAR
STARTCHAR afii61248
ENCODING 8453
SWIDTH 875 0
DWIDTH 14 0
BBX 12 11 1 0
BITMAP
7040
8880
8080
8100
8A00
74E0
0510
0910
1110
1110
20E0
ENDCHAR
STARTCHAR uni2109
ENCODING 8457
SWIDTH 1000 0
DWIDTH 16 0
BBX 14 12 1 0
BITMAP
71FC
89FC
8980
7180
0180
01F8
01F8
0180
0180
0180
0180
0180
ENDCHAR
STARTCHAR uni210A
ENCODING 8458
SWIDTH 1000 0
DWIDTH 16 0
BBX 9 13 3 -4
BITMAP
0E80
1B80
2180
6180
6100
4100
6300
3F00
3300
4200
C200
4400
7800
ENDCHAR
STARTCHAR uni210F
ENCODING 8463
SWIDTH 1000 0
DWIDTH 16 0
BBX 8 13 4 0
BITMAP
30
30
7E
20
24
7F
63
43
42
42
C2
C6
86
ENDCHAR
STARTCHAR afii61289
ENCODING 8467
SWIDTH 313 0
DWIDTH 5 0
BBX 4 11 0 0
BITMAP
20
50
50
50
50
50
60
C0
40
50
20
ENDCHAR
STARTCHAR afii61352
ENCODING 8470
SWIDTH 1063 0
DWIDTH 17 0
BBX 15 11 1 0
BITMAP
8100
C100
C11C
A122
9122
9122
8922
8522
851C
8300
813E
ENDCHAR
STARTCHAR uni2121
ENCODING 8481
SWIDTH 1000 0
DWIDTH 16 0
BBX 16 12 0 0
BITMAP
FC00
3000
3000
33C8
3308
3308
3308
33C8
3308
3308
3308
33EF
ENDCHAR
STARTCHAR trademark
ENCODING 8482
SWIDTH 1000 0
DWIDTH 16 0
BBX 13 6 1 5
BITMAP
FA08
2318
2318
22A8
22A8
2248
ENDCHAR
STARTCHAR u2126
ENCODING 8486
SWIDTH 750 0
DWIDTH 12 0
BBX 10 11 1 0
BITMAP
1E00
6180
4080
8040
8040
8040
8040
4080
6180
1200
F3C0
ENDCHAR
STARTCHAR uni2127
ENCODING 8487
SWIDTH 1000 0
DWIDTH 16 0
BBX 10 12 3 0
BITMAP
F3C0
F3C0
6180
4080
C0C0
C0C0
C0C0
C0C0
C0C0
4080
6180
3F00
ENDCHAR
STARTCHAR uni212B
ENCODING 8491
SWIDTH 1000 0
DWIDTH 16 0
BBX 10 15 3 0
BITMAP
1E00
1200
1200
0C00
0C00
1E00
1200
1200
3300
2300
3F00
6180
6180
4080
C0C0
ENDCHAR
STARTCHAR estimated
ENCODING 8494
SWIDTH 625 0
DWIDTH 10 0
BBX 8 9 1 0
BITMAP
3C
42
C3
C3
FF
C0
C0
42
3C
ENDCHAR
STARTCHAR uni2135
ENCODING 8501
SWIDTH 1000 0
DWIDTH 16 0
BBX 11 12 3 0
BITMAP
C300
C0E0
4140
6100
3100
4A00
8600
8300
8100
4080
40C0
C080
ENDCHAR
STARTCHAR uni213B
ENCODING 8507
SWIDTH 1000 0
DWIDTH 16 0
BBX 15 12 1 0
BITMAP
F326
8324
8324
8514
8518
8498
F498
8798
8494
88A4
8864
8862
ENDCHAR
STARTCHAR oneeighth
ENCODING 8539
SWIDTH 813 0
DWIDTH 13 0
BBX 13 11 0 0
BITMAP
6040
A080
2080
2100
2170
2288
FC88
0470
0888
0888
1070
ENDCHAR
STARTCHAR threeeighths
ENCODING 8540
SWIDTH 813 0
DWIDTH 13 0
BBX 13 11 0 0
BITMAP
7040
8880
0880
3100
0970
8A88
7488
0470
0888
0888
1070
ENDCHAR
STARTCHAR fiveeighths
ENCODING 8541
SWIDTH 813 0
DWIDTH 13 0
BBX 13 11 0 0
BITMAP
F840
8080
F080
0900
0970
8A88
7488
0470
0888
0888
1070
ENDCHAR
STARTCHAR seveneighths
ENCODING 8542
SWIDTH 813 0
DWIDTH 13 0
BBX 12 11 1 0
BITMAP
F880
0900
1100
2200
22E0
4510
4910
08E0
1110
1110
20E0
ENDCHAR
STARTCHAR uni2160
ENCODING 8544
SWIDTH 1000 0
DWIDTH 16 0
BBX 2 12 7 0
BITMAP
C0
C0
C0
C0
C0
C0
C0
C0
C0
C0
C0
C0
ENDCHAR
STARTCHAR uni2161
ENCODING 8545
SWIDTH 1000 0
DWIDTH 16 0
BBX 6 12 5 0
BITMAP
84
84
84
84
84
84
84
84
84
84
84
84
ENDCHAR
STARTCHAR uni2162
ENCODING 8546
SWIDTH 1000 0
DWIDTH 16 0
BBX 10 12 3 0
BITMAP
8C40
8C40
8C40
8C40
8C40
8C40
8C40
8C40
8C40
8C40
8C40
8C40
ENDCHAR
STARTCHAR uni2163
ENCODING 8547
SWIDTH 1000 0
DWIDTH 16 0
BBX 12 12 3 0
BITMAP
9030
9830
9820
8860
8C60
8C40
8440
86C0
8680
8280
8380
8300
ENDCHAR
STARTCHAR uni2164
ENCODING 8548
SWIDTH 1000 0
DWIDTH 16 0
BBX 10 12 3 0
BITMAP
C0C0
4080
6180
6180
2100
3100
3300
1200
1200
1E00
0C00
0C00
ENDCHAR
STARTCHAR uni2165
ENCODING 8549
SWIDTH 1000 0
DWIDTH 16 0
BBX 12 12 1 0
BITMAP
C090
C190
4190
6110
6310
2310
3210
3210
1610
1410
1C10
0C10
ENDCHAR
STARTCHAR uni2166
ENCODING 8550
SWIDTH 1000 0
DWIDTH 16 0
BBX 15 12 0 0
BITMAP
C166
C366
4366
4266
6266
2666
2666
2466
3466
1466
1C66
1866
ENDCHAR
STARTCHAR uni2167
ENCODING 8551
SWIDTH 1000 0
DWIDTH 16 0
BBX 15 12 0 0
BITMAP
C492
C492
C492
4C92
4892
4892
4892
6892
2892
3092
3092
3092
ENDCHAR
STARTCHAR uni2168
ENCODING 8552
SWIDTH 1000 0
DWIDTH 16 0
BBX 12 12 3 0
BITMAP
9820
8C60
8C40
86C0
8280
8380
8380
8280
84C0
8C40
8860
9830
ENDCHAR
STARTCHAR uni2169
ENCODING 8553
SWIDTH 1000 0
DWIDTH 16 0
BBX 8 12 4 0
BITMAP
C3
42
66
24
3C
18
18
3C
24
66
42
C3
ENDCHAR
STARTCHAR uni216A
ENCODING 8554
SWIDTH 1000 0
DWIDTH 16 0
BBX 12 12 1 0
BITMAP
4190
6110
2310
3610
1410
1C10
1C10
1410
3610
2310
6310
C190
ENDCHAR
STARTCHAR uni216B
ENCODING 8555
SWIDTH 1000 0
DWIDTH 16 0
BBX 15 12 0 0
BITMAP
C366
4266
6666
2466
1C66
1866
1866
3C66
2466
6666
4266
C366
ENDCHAR
STARTCHAR uni2170
ENCODING 8560
SWIDTH 1000 0
DWIDTH 16 0
BBX 2 12 7 0
BITMAP
C0
80
00
C0
C0
C0
C0
C0
C0
C0
C0
C0
ENDCHAR
STARTCHAR uni2171
ENCODING 8561
SWIDTH 1000 0
DWIDTH 16 0
BBX 6 12 5 0
BITMAP
CC
84
00
CC
CC
CC
CC
CC
CC
CC
CC
CC
ENDCHAR
STARTCHAR uni2172
ENCODING 8562
SWIDTH 1000 0
DWIDTH 16 0
BBX 10 12 3 0
BITMAP
CCC0
8840
0000
8C40
8C40
8C40
8C40
8C40
8C40
8C40
8C40
8C40
ENDCHAR
STARTCHAR uni2173
ENCODING 8563
SWIDTH 1000 0
DWIDTH 16 0
BBX 11 12 3 0
BITMAP
C000
8000
0000
D820
C860
CC40
CC40
C4C0
C480
C680
C380
C300
ENDCHAR
STARTCHAR uni2174
ENCODING 8564
SWIDTH 1000 0
DWIDTH 16 0
BBX 8 9 4 0
BITMAP
C3
C3
42
66
24
24
3C
18
18
ENDCHAR
STARTCHAR uni2175
ENCODING 8565
SWIDTH 1000 0
DWIDTH 16 0
BBX 11 12 2 0
BITMAP
0060
0020
0000
8360
C260
4260
4660
6460
2460
2C60
3860
1860
ENDCHAR
STARTCHAR uni2176
ENCODING 8566
SWIDTH 1000 0
DWIDTH 16 0
BBX 15 12 0 0
BITMAP
0066
0044
0000
C366
4266
4266
6666
2466
2466
3C66
1866
1866
ENDCHAR
STARTCHAR uni2177
ENCODING 8567
SWIDTH 1000 0
DWIDTH 16 0
BBX 15 12 0 0
BITMAP
01B6
0092
0000
C592
CD92
4992
4992
4992
6992
3992
3192
3192
ENDCHAR
STARTCHAR uni2178
ENCODING 8568
SWIDTH 1000 0
DWIDTH 16 0
BBX 11 12 3 0
BITMAP
C000
8000
0000
C860
CC40
C680
C380
C300
C380
C480
CCC0
D860
ENDCHAR
STARTCHAR uni2179
ENCODING 8569
SWIDTH 1000 0
DWIDTH 16 0
BBX 8 9 4 0
BITMAP
C3
66
24
3C
18
38
24
66
C3
ENDCHAR
STARTCHAR uni217A
ENCODING 8570
SWIDTH 1000 0
DWIDTH 16 0
BBX 11 12 2 0
BITMAP
0060
0040
0000
C260
6660
2460
3860
1860
3860
2C60
4660
C360
ENDCHAR
STARTCHAR uni217B
ENCODING 8571
SWIDTH 1000 0
DWIDTH 16 0
BBX 15 12 0 0
BITMAP
0066
0044
0000
4366
6666
3466
1C66
1866
1C66
2466
6666
C366
ENDCHAR
STARTCHAR arrowleft
ENCODING 8592
SWIDTH 1000 0
DWIDTH 16 0
BBX 9 5 3 0
BITMAP
2000
4000
FF80
4000
2000
ENDCHAR
STARTCHAR arrowup
ENCODING 8593
SWIDTH 500 0
DWIDTH 8 0
BBX 5 9 2 0
BITMAP
20
70
A8
20
20
20
20
20
20
ENDCHAR
STARTCHAR arrowright
ENCODING 8594
SWIDTH 1000 0
DWIDTH 16 0
BBX 9 5 3 0
BITMAP
0200
0100
FF80
0100
0200
ENDCHAR
STARTCHAR arrowdown
ENCODING 8595
SWIDTH 500 0
DWIDTH 8 0
BBX 5 9 2 0
BITMAP
20
20
20
20
20
20
A8
70
20
ENDCHAR
STARTCHAR arrowboth
ENCODING 8596
SWIDTH 1000 0
DWIDTH 16 0
BBX 9 5 3 0
BITMAP
2200
4100
FF80
4100
2200
ENDCHAR
STARTCHAR arrowupdn
ENCODING 8597
SWIDTH 500 0
DWIDTH 8 0
BBX 5 9 2 0
BITMAP
20
70
A8
20
20
20
A8
70
20
ENDCHAR
STARTCHAR uni2196
ENCODING 8598
SWIDTH 1000 0
DWIDTH 16 0
BBX 11 11 3 0
BITMAP
FC00
C000
A000
9000
8800
0400
0200
0100
0080
0060
0040
ENDCHAR
STARTCHAR uni2197
ENCODING 8599
SWIDTH 1000 0
DWIDTH 16 0
BBX 11 11 2 0
BITMAP
07E0
0060
00A0
0120
0220
0400
0800
1000
2000
C000
4000
ENDCHAR
STARTCHAR uni2198
ENCODING 8600
SWIDTH 1000 0
DWIDTH 16 0
BBX 11 11 2 1
BITMAP
4000
C000
2000
1000
0800
0420
0220
0120
00A0
0460
03E0
ENDCHAR
STARTCHAR uni2199
ENCODING 8601
SWIDTH 1000 0
DWIDTH 16 0
BBX 11 11 3 1
BITMAP
0040
0060
0080
0100
0200
8400
8800
9000
A000
C400
F800
ENDCHAR
STARTCHAR arrowupdnbse
ENCODING 8616
SWIDTH 500 0
DWIDTH 8 0
BBX 5 11 2 -2
BITMAP
20
70
A8
20
20
20
A8
70
20
00
F8
ENDCHAR
STARTCHAR uni21B8
ENCODING 8632
SWIDTH 1000 0
DWIDTH 16 0
BBX 14 13 1 0
BITMAP
FFFC
0000
3F00
3000
2800
2400
2200
1100
0080
0040
0020
0018
0010
ENDCHAR
STARTCHAR uni21B9
ENCODING 8633
SWIDTH 1000 0
DWIDTH 16 0
BBX 14 14 1 -1
BITMAP
8800
9000
A000
FFFC
A000
9000
8800
0044
0024
0014
FFFC
0014
0024
0044
ENDCHAR
STARTCHAR uni21C4
ENCODING 8644
SWIDTH 1000 0
DWIDTH 16 0
BBX 14 14 1 -1
BITMAP
0060
0030
0008
FFFC
0018
0030
0060
1800
3000
6000
FFFC
6000
3000
1800
ENDCHAR
STARTCHAR uni21C5
ENCODING 8645
SWIDTH 1000 0
DWIDTH 16 0
BBX 14 15 1 -1
BITMAP
1000
1020
3820
5C20
D620
9220
1020
1020
1020
1020
1124
11AC
10F8
1070
1020
ENDCHAR
STARTCHAR uni21C6
ENCODING 8646
SWIDTH 1000 0
DWIDTH 16 0
BBX 14 14 1 -1
BITMAP
1800
3000
4000
FFFC
6000
3000
1800
0060
0030
0018
FFFC
0018
0030
0060
ENDCHAR
STARTCHAR uni21CB
ENCODING 8651
SWIDTH 1000 0
DWIDTH 16 0
BBX 14 14 1 -1
BITMAP
0800
1000
3000
7FFC
FFFC
0000
0000
0000
0000
FFFC
0018
0030
0020
0040
ENDCHAR
STARTCHAR uni21CC
ENCODING 8652
SWIDTH 1000 0
DWIDTH 16 0
BBX 14 14 1 -1
BITMAP
0040
0020
0030
FFF8
FFFC
0000
0000
0000
0000
FFFC
6000
3000
1000
0800
ENDCHAR
STARTCHAR uni21D0
ENCODING 8656
SWIDTH 1000 0
DWIDTH 16 0
BBX 15 10 0 1
BITMAP
0600
0C00
1FFE
3000
E000
6000
3000
1FFE
0C00
0600
ENDCHAR
STARTCHAR uni21D2
ENCODING 8658
SWIDTH 1000 0
DWIDTH 16 0
BBX 15 10 1 1
BITMAP
00C0
0060
FFF0
0018
000C
000E
0018
FFF0
0060
00C0
ENDCHAR
STARTCHAR uni21D4
ENCODING 8660
SWIDTH 1000 0
DWIDTH 16 0
BBX 16 10 0 1
BITMAP
0420
0810
1FF8
300C
E007
6006
300C
1FF8
0810
0420
ENDCHAR
STARTCHAR uni21E6
ENCODING 8678
SWIDTH 1000 0
DWIDTH 16 0
BBX 14 11 1 1
BITMAP
0400
0C00
1400
27FC
4004
8004
8004
4004
37FC
0C00
0400
ENDCHAR
STARTCHAR uni21E7
ENCODING 8679
SWIDTH 1000 0
DWIDTH 16 0
BBX 10 15 3 -1
BITMAP
0800
0C00
1200
2100
4080
8080
E1C0
2100
2100
2100
2100
2100
2100
2100
3F00
ENDCHAR
STARTCHAR uni21E8
ENCODING 8680
SWIDTH 1000 0
DWIDTH 16 0
BBX 14 11 1 1
BITMAP
0080
00C0
00A0
FF90
8008
8004
8004
8008
FFB0
00C0
0080
ENDCHAR
STARTCHAR uni21E9
ENCODING 8681
SWIDTH 1000 0
DWIDTH 16 0
BBX 10 14 3 -1
BITMAP
3F00
2100
2100
2100
2100
2100
2100
2100
E1C0
4080
2100
2100
1200
0C00
ENDCHAR
STARTCHAR uni21F5
ENCODING 8693
SWIDTH 1000 0
DWIDTH 16 0
BBX 14 15 1 -1
BITMAP
0020
1020
1070
10E8
11AC
1124
1020
1020
1020
1020
9220
D620
7C20
3820
1020
ENDCHAR
STARTCHAR uni2200
ENCODING 8704
SWIDTH 1000 0
DWIDTH 16 0
BBX 12 12 2 0
BITMAP
8010
C030
4020
6060
3FC0
1080
1080
0900
0900
0600
0600
0400
ENDCHAR
STARTCHAR partialdiff
ENCODING 8706
SWIDTH 500 0
DWIDTH 8 0
BBX 7 12 1 0
BITMAP
38
04
02
02
1A
26
42
82
82
84
88
70
ENDCHAR
STARTCHAR uni2203
ENCODING 8707
SWIDTH 1000 0
DWIDTH 16 0
BBX 10 12 3 0
BITMAP
FFC0
0040
0040
0040
0040
FFC0
FFC0
0040
0040
0040
0040
FFC0
ENDCHAR
STARTCHAR uni2205
ENCODING 8709
SWIDTH 1000 0
DWIDTH 16 0
BBX 12 12 2 0
BITMAP
0F00
30E0
6060
40A0
8110
8210
8410
8810
5020
6060
79C0
0F00
ENDCHAR
STARTCHAR u2206
ENCODING 8710
SWIDTH 563 0
DWIDTH 9 0
BBX 9 11 0 0
BITMAP
0800
1400
1400
2200
2200
2200
4100
4100
4100
8080
FF80
ENDCHAR
STARTCHAR uni2207
ENCODING 8711
SWIDTH 1000 0
DWIDTH 16 0
BBX 12 11 2 0
BITMAP
FFF0
4020
6060
2040
30C0
1080
1980
0900
0900
0F00
0600
ENDCHAR
STARTCHAR uni2208
ENCODING 8712
SWIDTH 1000 0
DWIDTH 16 0
BBX 12 10 2 1
BITMAP
1FF0
6000
4000
8000
FFF0
FFF0
8000
4000
6000
1FF0
ENDCHAR
STARTCHAR uni2209
ENCODING 8713
SWIDTH 1000 0
DWIDTH 16 0
BBX 12 14 2 -1
BITMAP
0200
0200
1FF0
6200
4200
8200
FFF0
FFF0
8200
4200
6200
1FF0
0200
0200
ENDCHAR
STARTCHAR uni220A
ENCODING 8714
SWIDTH 1000 0
DWIDTH 16 0
BBX 8 9 4 0
BITMAP
1F
31
40
C0
FE
80
C0
40
3E
ENDCHAR
STARTCHAR uni220B
ENCODING 8715
SWIDTH 1000 0
DWIDTH 16 0
BBX 12 10 2 1
BITMAP
FF80
0060
0020
0010
FFF0
FFF0
0010
0020
0060
FF80
ENDCHAR
STARTCHAR product
ENCODING 8719
SWIDTH 813 0
DWIDTH 13 0
BBX 9 14 2 -3
BITMAP
FF80
8080
8080
8080
8080
8080
8080
8080
8080
8080
8080
8080
8080
8080
ENDCHAR
STARTCHAR summation
ENCODING 8721
SWIDTH 688 0
DWIDTH 11 0
BBX 9 14 1 -3
BITMAP
FF80
8000
4000
2000
1000
0800
0400
0400
0800
1000
2000
4000
8000
FF80
ENDCHAR
STARTCHAR minus
ENCODING 8722
SWIDTH 563 0
DWIDTH 9 0
BBX 7 1 1 5
BITMAP
FE
ENDCHAR
STARTCHAR uni2213
ENCODING 8723
SWIDTH 1000 0
DWIDTH 16 0
BBX 12 13 2 -1
BITMAP
FFF0
0000
0600
0600
0600
0600
0600
FFF0
0600
0600
0600
0600
0600
ENDCHAR
STARTCHAR fraction
ENCODING 8725
SWIDTH 188 0
DWIDTH 3 0
BBX 7 11 -2 0
BITMAP
02
04
04
08
08
10
20
20
40
40
80
ENDCHAR
STARTCHAR periodcentered
ENCODING 8729
SWIDTH 250 0
DWIDTH 4 0
BBX 1 2 1 4
BITMAP
80
80
ENDCHAR
STARTCHAR radical
ENCODING 8730
SWIDTH 563 0
DWIDTH 9 0
BBX 9 13 0 0
BITMAP
0080
0080
0100
0100
0100
0200
E200
2200
2400
1400
1400
0800
0800
ENDCHAR
STARTCHAR uni221D
ENCODING 8733
SWIDTH 1000 0
DWIDTH 16 0
BBX 13 6 1 3
BITMAP
7878
8480
8300
8300
8480
7878
ENDCHAR
STARTCHAR infinity
ENCODING 8734
SWIDTH 688 0
DWIDTH 11 0
BBX 9 6 1 2
BITMAP
6300
9480
8880
8880
9480
6300
ENDCHAR
STARTCHAR orthogonal
ENCODING 8735
SWIDTH 1000 0
DWIDTH 16 0
BBX 10 10 3 0
BITMAP
8000
8000
8000
8000
8000
8000
8000
8000
8000
FFC0
ENDCHAR
STARTCHAR uni2220
ENCODING 8736
SWIDTH 1000 0
DWIDTH 16 0
BBX 12 11 2 0
BITMAP
0020
0040
0080
0100
0200
0400
0800
1000
2000
7FF0
FFF0
ENDCHAR
STARTCHAR uni2223
ENCODING 8739
SWIDTH 1000 0
DWIDTH 16 0
BBX 2 12 7 0
BITMAP
C0
C0
C0
C0
C0
C0
C0
C0
C0
C0
C0
C0
ENDCHAR
STARTCHAR uni2225
ENCODING 8741
SWIDTH 1000 0
DWIDTH 16 0
BBX 10 12 3 0
BITMAP
0400
04C0
0880
0880
1100
1100
2200
2200
4400
C400
4800
0800
ENDCHAR
STARTCHAR uni2226
ENCODING 8742
SWIDTH 1000 0
DWIDTH 16 0
BBX 10 12 3 0
BITMAP
0400
04C0
6880
3880
1900
1900
2600
2200
4700
C580
4800
0800
ENDCHAR
STARTCHAR uni2227
ENCODING 8743
SWIDTH 1000 0
DWIDTH 16 0
BBX 12 12 2 0
BITMAP
0400
0600
0600
0900
1980
1080
30C0
2040
6060
4020
C030
8010
ENDCHAR
STARTCHAR uni2228
ENCODING 8744
SWIDTH 1000 0
DWIDTH 16 0
BBX 12 12 2 0
BITMAP
8010
C030
4020
6060
2040
30C0
1080
1980
0900
0600
0600
0400
ENDCHAR
STARTCHAR intersection
ENCODING 8745
SWIDTH 750 0
DWIDTH 12 0
BBX 8 8 2 0
BITMAP
3C
42
81
81
81
81
81
81
ENDCHAR
STARTCHAR uni222A
ENCODING 8746
SWIDTH 1000 0
DWIDTH 16 0
BBX 10 12 3 0
BITMAP
8040
8040
8040
8040
8040
8040
8040
8040
8040
4080
6180
1E00
ENDCHAR
STARTCHAR integral
ENCODING 8747
SWIDTH 250 0
DWIDTH 4 0
BBX 5 15 -1 -3
BITMAP
18
20
20
20
20
20
20
20
20
20
20
20
20
20
C0
ENDCHAR
STARTCHAR uni222C
ENCODING 8748
SWIDTH 1000 0
DWIDTH 16 0
BBX 12 15 2 -1
BITMAP
0410
1C70
3040
3040
30C0
30C0
30C0
30C0
30C0
30C0
30C0
30C0
20C0
2080
E380
ENDCHAR
STARTCHAR uni222D
ENCODING 8749
SWIDTH 1000 0
DWIDTH 16 0
BBX 14 15 1 -1
BITMAP
0C44
19DC
3110
2310
2310
2310
2310
2310
2310
2310
2310
2310
2310
2230
CEE0
ENDCHAR
STARTCHAR uni222E
ENCODING 8750
SWIDTH 1000 0
DWIDTH 16 0
BBX 6 15 5 -1
BITMAP
04
1C
10
30
30
30
78
B4
B4
78
30
30
30
20
E0
ENDCHAR
STARTCHAR uni2234
ENCODING 8756
SWIDTH 1000 0
DWIDTH 16 0
BBX 10 10 3 1
BITMAP
0C00
0C00
0000
0000
0000
0000
0000
0000
C0C0
C0C0
ENDCHAR
STARTCHAR uni2235
ENCODING 8757
SWIDTH 1000 0
DWIDTH 16 0
BBX 10 10 3 1
BITMAP
C0C0
C0C0
0000
0000
0000
0000
0000
0000
0C00
0C00
ENDCHAR
STARTCHAR uni2236
ENCODING 8758
SWIDTH 1000 0
DWIDTH 16 0
BBX 2 10 7 1
BITMAP
C0
C0
00
00
00
00
00
00
C0
C0
ENDCHAR
STARTCHAR uni2237
ENCODING 8759
SWIDTH 1000 0
DWIDTH 16 0
BBX 10 10 3 1
BITMAP
C0C0
C0C0
0000
0000
0000
0000
0000
0000
C0C0
C0C0
ENDCHAR
STARTCHAR uni223D
ENCODING 8765
SWIDTH 1000 0
DWIDTH 16 0
BBX 14 6 1 3
BITMAP
7078
8084
8104
8204
8404
7838
ENDCHAR
STARTCHAR uni2243
ENCODING 8771
SWIDTH 1000 0
DWIDTH 16 0
BBX 12 6 2 3
BITMAP
7C30
C3E0
0000
0000
0000
FFF0
ENDCHAR
STARTCHAR uni2245
ENCODING 8773
SWIDTH 1000 0
DWIDTH 16 0
BBX 12 8 2 2
BITMAP
3810
6E30
83E0
0000
0000
FFF0
0000
FFF0
ENDCHAR
STARTCHAR approxequal
ENCODING 8776
SWIDTH 563 0
DWIDTH 9 0
BBX 7 6 1 3
BITMAP
60
92
0C
60
92
0C
ENDCHAR
STARTCHAR uni224C
ENCODING 8780
SWIDTH 1000 0
DWIDTH 16 0
BBX 14 12 1 0
BITMAP
7078
C0CC
8104
8304
8604
FC3C
0000
0000
7FF8
0000
0000
7FF8
ENDCHAR
STARTCHAR notequal
ENCODING 8800
SWIDTH 563 0
DWIDTH 9 0
BBX 7 9 1 1
BITMAP
04
08
FE
10
10
20
FE
40
40
ENDCHAR
STARTCHAR equivalence
ENCODING 8801
SWIDTH 563 0
DWIDTH 9 0
BBX 8 7 1 2
BITMAP
FF
00
00
FF
00
00
FF
ENDCHAR
STARTCHAR uni2262
ENCODING 8802
SWIDTH 1000 0
DWIDTH 16 0
BBX 12 12 2 0
BITMAP
0180
0100
FFF0
FFF0
0200
FFF0
FFF0
0400
FFF0
FFF0
0800
1800
ENDCHAR
STARTCHAR lessequal
ENCODING 8804
SWIDTH 563 0
DWIDTH 9 0
BBX 7 9 1 0
BITMAP
02
1C
60
80
60
1C
02
00
FE
ENDCHAR
STARTCHAR greaterequal
ENCODING 8805
SWIDTH 563 0
DWIDTH 9 0
BBX 7 9 1 0
BITMAP
80
70
0C
02
0C
70
80
00
FE
ENDCHAR
STARTCHAR uni2266
ENCODING 8806
SWIDTH 1000 0
DWIDTH 16 0
BBX 12 15 2 -1
BITMAP
0010
0070
03C0
0E00
7000
F000
1C00
0380
00E0
0010
0000
FFF0
0000
0000
FFF0
ENDCHAR
STARTCHAR uni2267
ENCODING 8807
SWIDTH 1000 0
DWIDTH 16 0
BBX 12 15 2 -1
BITMAP
8000
E000
3C00
0700
00E0
00F0
0380
1C00
7000
8000
0000
FFF0
0000
0000
FFF0
ENDCHAR
STARTCHAR uni226A
ENCODING 8810
SWIDTH 1000 0
DWIDTH 16 0
BBX 14 12 1 0
BITMAP
0084
0318
0620
18C0
3100
C600
4600
3180
18C0
0620
0318
0084
ENDCHAR
STARTCHAR uni226B
ENCODING 8811
SWIDTH 1000 0
DWIDTH 16 0
BBX 14 12 1 0
BITMAP
8400
6300
1180
0C60
0230
018C
0188
0630
0C60
1180
6300
8400
ENDCHAR
STARTCHAR uni226E
ENCODING 8814
SWIDTH 1000 0
DWIDTH 16 0
BBX 12 14 2 -1
BITMAP
0100
0130
02E0
0380
0E00
3A00
E600
E400
3C00
0E00
0780
08E0
0830
0800
ENDCHAR
STARTCHAR uni226F
ENCODING 8815
SWIDTH 1000 0
DWIDTH 16 0
BBX 12 14 2 -1
BITMAP
0100
C100
7100
1E00
0700
03C0
0270
0470
05C0
0700
1C00
7400
C800
0800
ENDCHAR
STARTCHAR uni2272
ENCODING 8818
SWIDTH 1000 0
DWIDTH 16 0
BBX 12 14 2 -1
BITMAP
0010
0070
0380
0E00
7000
F000
1C00
0380
00E0
0010
0000
7C10
C620
81C0
ENDCHAR
STARTCHAR uni2273
ENCODING 8819
SWIDTH 1000 0
DWIDTH 16 0
BBX 12 14 2 -1
BITMAP
8000
6000
1C00
0700
00E0
00F0
0380
1C00
7000
8000
0000
7C10
C620
81C0
ENDCHAR
STARTCHAR uni2276
ENCODING 8822
SWIDTH 1000 0
DWIDTH 16 0
BBX 12 15 2 -1
BITMAP
0010
0070
0380
1C00
F000
7800
0E00
E1C0
3830
0700
00E0
00F0
0700
3C00
E000
ENDCHAR
STARTCHAR uni2277
ENCODING 8823
SWIDTH 1000 0
DWIDTH 16 0
BBX 12 15 2 -1
BITMAP
8000
E000
1C00
0780
00F0
01E0
0F00
3870
C1C0
0E00
7000
F000
0E00
03C0
0070
ENDCHAR
STARTCHAR uni2282
ENCODING 8834
SWIDTH 1000 0
DWIDTH 16 0
BBX 12 10 2 1
BITMAP
1FF0
6000
4000
8000
8000
8000
8000
4000
6000
1FF0
ENDCHAR
STARTCHAR uni2283
ENCODING 8835
SWIDTH 1000 0
DWIDTH 16 0
BBX 12 10 2 1
BITMAP
FF80
0060
0020
0010
0010
0010
0010
0020
0060
FF80
ENDCHAR
STARTCHAR uni2284
ENCODING 8836
SWIDTH 1000 0
DWIDTH 16 0
BBX 12 12 2 0
BITMAP
0060
1FF0
60C0
4080
8180
8100
8200
8200
4400
6400
1FF0
1800
ENDCHAR
STARTCHAR uni2285
ENCODING 8837
SWIDTH 1000 0
DWIDTH 16 0
BBX 12 12 2 0
BITMAP
0180
FF80
0260
0220
0410
0410
0810
1810
1020
3060
FF80
6000
ENDCHAR
STARTCHAR uni2286
ENCODING 8838
SWIDTH 1000 0
DWIDTH 16 0
BBX 12 12 2 0
BITMAP
3FF0
4000
8000
8000
8000
8000
4000
3FF0
0000
0000
0000
FFF0
ENDCHAR
STARTCHAR uni2287
ENCODING 8839
SWIDTH 1000 0
DWIDTH 16 0
BBX 12 12 2 0
BITMAP
FFC0
0020
0010
0010
0010
0010
0020
FFC0
0000
0000
0000
FFF0
ENDCHAR
STARTCHAR uni228A
ENCODING 8842
SWIDTH 1000 0
DWIDTH 16 0
BBX 12 13 2 -1
BITMAP
3FF0
4000
8000
8000
8000
8000
4000
3FF0
0000
0300
0200
FFF0
0C00
ENDCHAR
STARTCHAR uni228B
ENCODING 8843
SWIDTH 1000 0
DWIDTH 16 0
BBX 12 13 2 -1
BITMAP
FFC0
0020
0010
0010
0010
0010
0020
FFC0
0000
0300
0200
FFF0
0C00
ENDCHAR
STARTCHAR uni2295
ENCODING 8853
SWIDTH 1000 0
DWIDTH 16 0
BBX 12 12 2 0
BITMAP
0F00
30C0
6660
4620
8610
BFD0
8610
8610
4620
6660
39C0
0F00
ENDCHAR
STARTCHAR uni2296
ENCODING 8854
SWIDTH 1000 0
DWIDTH 16 0
BBX 12 12 2 0
BITMAP
0F00
30C0
6060
4020
8010
BFD0
8010
8010
4020
6060
39C0
0F00
ENDCHAR
STARTCHAR uni2297
ENCODING 8855
SWIDTH 1000 0
DWIDTH 16 0
BBX 12 12 2 0
BITMAP
0F00
30C0
6060
50A0
8910
8610
8610
8910
50A0
6060
39C0
0F00
ENDCHAR
STARTCHAR uni2298
ENCODING 8856
SWIDTH 1000 0
DWIDTH 16 0
BBX 12 12 2 0
BITMAP
0F00
30C0
6060
40A0
8110
8210
8410
8810
5020
6060
39C0
0F00
ENDCHAR
STARTCHAR uni2299
ENCODING 8857
SWIDTH 1000 0
DWIDTH 16 0
BBX 12 12 2 0
BITMAP
0F00
30C0
6060
4020
8010
8610
8610
8010
4020
6060
39C0
0F00
ENDCHAR
STARTCHAR uni22A0
ENCODING 8864
SWIDTH 1000 0
DWIDTH 16 0
BBX 12 12 2 0
BITMAP
FFF0
8010
9090
B0D0
8910
8610
8610
8910
B0D0
9090
8010
FFF0
ENDCHAR
STARTCHAR uni22A5
ENCODING 8869
SWIDTH 1000 0
DWIDTH 16 0
BBX 12 11 2 1
BITMAP
0600
0600
0600
0600
0600
0600
0600
0600
0600
0600
FFF0
ENDCHAR
STARTCHAR uni22BF
ENCODING 8895
SWIDTH 1000 0
DWIDTH 16 0
BBX 13 13 1 0
BITMAP
0008
0008
0018
0028
0048
0088
0108
0208
0408
0808
1008
2008
FFF8
ENDCHAR
STARTCHAR uni22DA
ENCODING 8922
SWIDTH 1000 0
DWIDTH 16 0
BBX 12 15 2 -1
BITMAP
0010
00F0
0F00
F000
3C00
03C0
0030
FFF0
0000
E000
3C00
03C0
01F0
1E00
E000
ENDCHAR
STARTCHAR uni22DB
ENCODING 8923
SWIDTH 1000 0
DWIDTH 16 0
BBX 12 15 2 -1
BITMAP
8000
F000
0F00
00F0
03C0
3C00
C000
FFF0
0000
0070
03C0
3C00
F800
0780
0070
ENDCHAR
STARTCHAR uni22EF
ENCODING 8943
SWIDTH 1000 0
DWIDTH 16 0
BBX 12 2 2 5
BITMAP
C630
C630
ENDCHAR
STARTCHAR house
ENCODING 8962
SWIDTH 625 0
DWIDTH 10 0
BBX 7 9 1 0
BITMAP
10
28
44
82
82
82
82
82
FE
ENDCHAR
STARTCHAR uni2305
ENCODING 8965
SWIDTH 1000 0
DWIDTH 16 0
BBX 10 9 3 1
BITMAP
FFC0
0800
0C00
1E00
1200
2100
2100
4080
8040
ENDCHAR
STARTCHAR uni2306
ENCODING 8966
SWIDTH 1000 0
DWIDTH 16 0
BBX 10 12 3 0
BITMAP
FFC0
0000
0000
FFC0
0C00
0C00
1200
3300
2100
4080
C0C0
8040
ENDCHAR
STARTCHAR uni2307
ENCODING 8967
SWIDTH 1000 0
DWIDTH 16 0
BBX 4 16 6 -2
BITMAP
80
C0
30
10
10
30
C0
80
80
C0
30
10
10
30
C0
80
ENDCHAR
STARTCHAR revlogicalnot
ENCODING 8976
SWIDTH 563 0
DWIDTH 9 0
BBX 8 5 1 1
BITMAP
FF
80
80
80
80
ENDCHAR
STARTCHAR uni2312
ENCODING 8978
SWIDTH 1000 0
DWIDTH 16 0
BBX 16 5 0 9
BITMAP
0180
1FF8
300C
4002
8001
ENDCHAR
STARTCHAR uni2318
ENCODING 8984
SWIDTH 1000 0
DWIDTH 16 0
BBX 14 14 1 -1
BITMAP
7038
8844
8844
8844
7FF8
0840
0840
0840
0840
7FF8
8844
8844
8844
7038
ENDCHAR
STARTCHAR integraltp
ENCODING 8992
SWIDTH 625 0
DWIDTH 10 0
BBX 3 18 4 -5
BITMAP
60
A0
80
80
80
80
80
80
80
80
80
80
80
80
80
80
80
80
ENDCHAR
STARTCHAR integralbt
ENCODING 8993
SWIDTH 625 0
DWIDTH 10 0
BBX 3 18 2 -5
BITMAP
20
20
20
20
20
20
20
20
20
20
20
20
20
20
20
20
A0
C0
ENDCHAR
STARTCHAR uni2329
ENCODING 9001
SWIDTH 1000 0
DWIDTH 16 0
BBX 6 15 9 -1
BITMAP
04
0C
08
18
10
20
60
C0
40
60
20
10
18
08
04
ENDCHAR
STARTCHAR uni232A
ENCODING 9002
SWIDTH 1000 0
DWIDTH 16 0
BBX 6 15 1 -1
BITMAP
80
C0
40
60
20
10
18
0C
08
18
10
20
60
40
80
ENDCHAR
STARTCHAR uni23B0
ENCODING 9136
SWIDTH 1000 0
DWIDTH 16 0
BBX 4 16 6 -2
BITMAP
30
20
60
60
60
60
60
20
20
20
20
20
20
20
60
C0
ENDCHAR
STARTCHAR uni23B1
ENCODING 9137
SWIDTH 1000 0
DWIDTH 16 0
BBX 4 16 6 -2
BITMAP
C0
20
20
20
20
20
20
20
20
60
60
60
60
60
20
10
ENDCHAR
STARTCHAR uni23BE
ENCODING 9150
SWIDTH 1000 0
DWIDTH 16 0
BBX 8 16 8 -2
BITMAP
FF
80
80
80
80
80
80
80
80
80
80
80
80
80
80
80
ENDCHAR
STARTCHAR uni23BF
ENCODING 9151
SWIDTH 1000 0
DWIDTH 16 0
BBX 8 16 8 -2
BITMAP
80
80
80
80
80
80
80
80
80
80
80
80
80
80
80
FF
ENDCHAR
STARTCHAR uni23C0
ENCODING 9152
SWIDTH 1000 0
DWIDTH 16 0
BBX 10 16 3 -2
BITMAP
0800
0800
0800
3F00
4880
8840
8840
8840
8840
8840
8840
4880
3F00
0800
0800
0800
ENDCHAR
STARTCHAR uni23C1
ENCODING 9153
SWIDTH 1000 0
DWIDTH 16 0
BBX 16 16 0 -2
BITMAP
FFFF
0100
0100
07E0
0910
1108
1108
1108
1108
1108
1108
0910
07E0
0100
0100
0100
ENDCHAR
STARTCHAR uni23C2
ENCODING 9154
SWIDTH 1000 0
DWIDTH 16 0
BBX 16 16 0 -2
BITMAP
0100
0100
0100
07E0
0910
1108
1108
1108
1108
1108
1108
0910
07E0
0100
0100
FFFF
ENDCHAR
STARTCHAR uni23C3
ENCODING 9155
SWIDTH 1000 0
DWIDTH 16 0
BBX 12 16 2 -2
BITMAP
0400
0400
0400
0600
0600
0D00
0D00
1480
2440
2440
4420
4420
FFF0
0400
0400
0400
ENDCHAR
STARTCHAR uni23C4
ENCODING 9156
SWIDTH 1000 0
DWIDTH 16 0
BBX 16 16 0 -2
BITMAP
FFFF
0100
0100
0180
0180
0340
0340
0520
0910
0910
1108
1108
3FFC
0100
0100
0100
ENDCHAR
STARTCHAR uni23C5
ENCODING 9157
SWIDTH 1000 0
DWIDTH 16 0
BBX 16 16 0 -2
BITMAP
0100
0100
0100
0180
0180
0340
0340
0520
0910
0910
1108
1108
3FFC
0100
0100
FFFF
ENDCHAR
STARTCHAR uni23C6
ENCODING 9158
SWIDTH 1000 0
DWIDTH 16 0
BBX 10 16 3 -2
BITMAP
0800
0800
0800
0800
0800
0800
7840
8840
8440
8B80
0800
0800
0800
0800
0800
0800
ENDCHAR
STARTCHAR uni23C7
ENCODING 9159
SWIDTH 1000 0
DWIDTH 16 0
BBX 16 16 0 -2
BITMAP
FFFF
0100
0100
0100
0100
0100
0F08
1108
1088
1170
0100
0100
0100
0100
0100
0100
ENDCHAR
STARTCHAR uni23C8
ENCODING 9160
SWIDTH 1000 0
DWIDTH 16 0
BBX 16 16 0 -2
BITMAP
0100
0100
0100
0100
0100
0100
0F08
1108
1088
1170
0100
0100
0100
0100
0100
FFFF
ENDCHAR
STARTCHAR uni23C9
ENCODING 9161
SWIDTH 1000 0
DWIDTH 16 0
BBX 16 16 0 -2
BITMAP
FFFF
0100
0100
0100
0100
0100
0100
0100
0100
0100
0100
0100
0100
0100
0100
0100
ENDCHAR
STARTCHAR uni23CA
ENCODING 9162
SWIDTH 1000 0
DWIDTH 16 0
BBX 16 16 0 -2
BITMAP
0100
0100
0100
0100
0100
0100
0100
0100
0100
0100
0100
0100
0100
0100
0100
FFFF
ENDCHAR
STARTCHAR uni23CB
ENCODING 9163
SWIDTH 1000 0
DWIDTH 16 0
BBX 8 16 0 -2
BITMAP
FF
01
01
01
01
01
01
01
01
01
01
01
01
01
01
01
ENDCHAR
STARTCHAR uni23CC
ENCODING 9164
SWIDTH 1000 0
DWIDTH 16 0
BBX 8 16 0 -2
BITMAP
01
01
01
01
01
01
01
01
01
01
01
01
01
01
01
FF
ENDCHAR
STARTCHAR uni23CE
ENCODING 9166
SWIDTH 1000 0
DWIDTH 16 0
BBX 15 14 0 -1
BITMAP
003E
0022
0022
0022
0622
0A22
1262
2182
4004
C004
2078
1380
0A00
0600
ENDCHAR
STARTCHAR uni23DA
ENCODING 9178
SWIDTH 1000 0
DWIDTH 16 0
BBX 10 13 3 0
BITMAP
0C00
0C00
0C00
0C00
0C00
0C00
0C00
0C00
FFC0
0000
3F00
0000
1E00
ENDCHAR
STARTCHAR uni23DB
ENCODING 9179
SWIDTH 1000 0
DWIDTH 16 0
BBX 14 6 1 3
BITMAP
3FF0
2010
FFFC
2010
2010
3FF0
ENDCHAR
STARTCHAR uni2423
ENCODING 9251
SWIDTH 1000 0
DWIDTH 16 0
BBX 12 4 2 -2
BITMAP
8010
8010
8010
FFF0
ENDCHAR
STARTCHAR uni2460
ENCODING 9312
SWIDTH 1000 0
DWIDTH 16 0
BBX 14 15 1 -1
BITMAP
0780
1860
2010
4008
8704
8104
8104
8104
8104
8104
8104
8104
4008
2010
1FE0
ENDCHAR
STARTCHAR uni2461
ENCODING 9313
SWIDTH 1000 0
DWIDTH 16 0
BBX 14 15 1 -1
BITMAP
0780
1860
2010
4208
8F84
80C4
80C4
8084
8184
8304
8604
8FC4
4008
2010
1FE0
ENDCHAR
STARTCHAR uni2462
ENCODING 9314
SWIDTH 1000 0
DWIDTH 16 0
BBX 14 15 1 -1
BITMAP
0780
1860
2010
4208
8F84
80C4
80C4
8304
80C4
8044
88C4
8784
4008
2010
1FE0
ENDCHAR
STARTCHAR uni2463
ENCODING 9315
SWIDTH 1000 0
DWIDTH 16 0
BBX 14 15 1 -1
BITMAP
0780
1860
2010
4008
8184
8384
8584
8D84
8984
9FC4
8184
8184
4008
2010
1FE0
ENDCHAR
STARTCHAR uni2464
ENCODING 9316
SWIDTH 1000 0
DWIDTH 16 0
BBX 14 15 1 -1
BITMAP
0780
1860
2010
4008
87C4
8404
8404
8784
8044
8044
88C4
8784
4008
2010
1FE0
ENDCHAR
STARTCHAR uni2465
ENCODING 9317
SWIDTH 1000 0
DWIDTH 16 0
BBX 14 15 1 -1
BITMAP
0780
1860
2010
4108
87C4
8C04
8804
8F84
88C4
8844
8CC4
8784
4008
2010
1FE0
ENDCHAR
STARTCHAR uni2466
ENCODING 9318
SWIDTH 1000 0
DWIDTH 16 0
BBX 14 15 1 -1
BITMAP
0780
1860
2010
4008
8FC4
8084
8104
8104
8304
8204
8204
8204
4008
2010
1FE0
ENDCHAR
STARTCHAR uni2467
ENCODING 9319
SWIDTH 1000 0
DWIDTH 16 0
BBX 14 15 1 -1
BITMAP
0780
1860
2010
4208
8584
8C44
84C4
8784
8C84
8844
8844
8784
4008
2010
1FE0
ENDCHAR
STARTCHAR uni2468
ENCODING 9320
SWIDTH 1000 0
DWIDTH 16 0
BBX 14 15 1 -1
BITMAP
0780
1860
2010
4208
8784
8C44
8844
8CC4
8744
8044
84C4
8F84
4008
2010
1FE0
ENDCHAR
STARTCHAR uni2469
ENCODING 9321
SWIDTH 1000 0
DWIDTH 16 0
BBX 14 15 1 -1
BITMAP
0780
1860
2010
4048
B9E4
8924
8934
8B34
8B34
8924
8924
88E4
4008
2010
1FE0
ENDCHAR
STARTCHAR uni246A
ENCODING 9322
SWIDTH 1000 0
DWIDTH 16 0
BBX 14 15 1 -1
BITMAP
0780
1860
2010
4008
9DC4
8C44
8C44
8C44
8C44
8C44
8C44
8C44
4008
2010
1FE0
ENDCHAR
STARTCHAR uni246B
ENCODING 9323
SWIDTH 1000 0
DWIDTH 16 0
BBX 14 15 1 -1
BITMAP
0780
1860
2010
4088
BBE4
8824
8824
8864
8844
8884
8984
89E4
4008
2010
1FE0
ENDCHAR
STARTCHAR uni246C
ENCODING 9324
SWIDTH 1000 0
DWIDTH 16 0
BBX 14 15 1 -1
BITMAP
0780
1860
2010
4088
B9E4
8824
8824
88C4
8864
8824
8924
8BE4
4008
2010
1FE0
ENDCHAR
STARTCHAR uni246D
ENCODING 9325
SWIDTH 1000 0
DWIDTH 16 0
BBX 14 15 1 -1
BITMAP
0780
1860
2010
4008
B864
88E4
88E4
8964
8B64
8BF4
8864
8864
4008
2010
1FE0
ENDCHAR
STARTCHAR uni246E
ENCODING 9326
SWIDTH 1000 0
DWIDTH 16 0
BBX 14 15 1 -1
BITMAP
0780
1860
2010
4008
B9E4
8904
8904
89E4
8824
8824
8924
8BE4
4008
2010
1FE0
ENDCHAR
STARTCHAR uni246F
ENCODING 9327
SWIDTH 1000 0
DWIDTH 16 0
BBX 14 15 1 -1
BITMAP
0780
1860
2010
4048
B9E4
8904
8904
89E4
8B24
8924
8924
88E4
4008
2010
1FE0
ENDCHAR
STARTCHAR uni2470
ENCODING 9328
SWIDTH 1000 0
DWIDTH 16 0
BBX 14 15 1 -1
BITMAP
0780
1860
2010
4008
B9E4
8824
8844
8844
88C4
8884
8884
8884
4008
2010
1FE0
ENDCHAR
STARTCHAR uni2471
ENCODING 9329
SWIDTH 1000 0
DWIDTH 16 0
BBX 14 15 1 -1
BITMAP
0780
1860
2010
4048
B9A4
8924
8924
88E4
8924
8934
8934
89E4
4008
2010
1FE0
ENDCHAR
STARTCHAR uni2472
ENCODING 9330
SWIDTH 1000 0
DWIDTH 16 0
BBX 14 15 1 -1
BITMAP
0780
1860
2010
4088
B9E4
8924
8924
8934
88F4
8824
8924
89C4
4008
2010
1FE0
ENDCHAR
STARTCHAR uni2473
ENCODING 9331
SWIDTH 1000 0
DWIDTH 16 0
BBX 14 15 1 -1
BITMAP
0780
1860
2010
4848
BCF4
8694
8794
8514
8D14
8994
9094
BEE4
4008
2010
1FE0
ENDCHAR
STARTCHAR uni2474
ENCODING 9332
SWIDTH 1000 0
DWIDTH 16 0
BBX 14 14 1 -1
BITMAP
4008
8104
8704
8104
8104
8104
8104
8104
8104
8104
8104
8104
4FC8
4008
ENDCHAR
STARTCHAR uni2475
ENCODING 9333
SWIDTH 1000 0
DWIDTH 16 0
BBX 14 14 1 -1
BITMAP
4008
8784
8CC4
8844
8044
8044
80C4
8084
8184
8304
8604
8C04
4FE8
4008
ENDCHAR
STARTCHAR uni2476
ENCODING 9334
SWIDTH 1000 0
DWIDTH 16 0
BBX 14 14 1 -1
BITMAP
4008
8784
8CC4
8844
8044
80C4
8384
81C4
8044
8064
8864
98C4
4788
4008
ENDCHAR
STARTCHAR uni2477
ENCODING 9335
SWIDTH 1000 0
DWIDTH 16 0
BBX 14 14 1 -1
BITMAP
4008
8084
8184
8384
8284
8484
8C84
8884
9FE4
9FE4
8084
8084
4088
4008
ENDCHAR
STARTCHAR uni2478
ENCODING 9336
SWIDTH 1000 0
DWIDTH 16 0
BBX 14 14 1 -1
BITMAP
4008
8FC4
8FC4
8C04
8C04
8804
8FC4
8044
8064
8064
8044
98C4
4788
4008
ENDCHAR
STARTCHAR uni2479
ENCODING 9337
SWIDTH 1000 0
DWIDTH 16 0
BBX 14 14 1 -1
BITMAP
4008
8384
86C4
8C04
8804
8804
8BC4
9C44
8864
8864
8844
84C4
4388
4008
ENDCHAR
STARTCHAR uni247A
ENCODING 9338
SWIDTH 1000 0
DWIDTH 16 0
BBX 14 14 1 -1
BITMAP
4008
9FC4
9FC4
80C4
8084
8184
8104
8304
8304
8204
8204
8204
4208
4008
ENDCHAR
STARTCHAR uni247B
ENCODING 9339
SWIDTH 1000 0
DWIDTH 16 0
BBX 14 14 1 -1
BITMAP
4008
8784
8CC4
8844
8844
8C44
8784
8D84
8844
9864
9864
8C44
4788
4008
ENDCHAR
STARTCHAR uni247C
ENCODING 9340
SWIDTH 1000 0
DWIDTH 16 0
BBX 14 14 1 -1
BITMAP
4008
8704
8C84
8844
9844
9844
88E4
8FC4
8044
8044
80C4
8984
4F08
4008
ENDCHAR
STARTCHAR uni247D
ENCODING 9341
SWIDTH 1000 0
DWIDTH 16 0
BBX 14 14 1 -1
BITMAP
4008
88C4
B9A4
8914
8914
8B14
8B14
8B14
8B14
8914
8914
8924
48E8
4008
ENDCHAR
STARTCHAR uni247E
ENCODING 9342
SWIDTH 1000 0
DWIDTH 16 0
BBX 14 14 1 -1
BITMAP
4008
8424
9CC4
8C44
8C44
8C44
8C44
8C44
8C44
8C44
8C44
8C44
4C48
4008
ENDCHAR
STARTCHAR uni247F
ENCODING 9343
SWIDTH 1000 0
DWIDTH 16 0
BBX 14 14 1 -1
BITMAP
4008
88C4
BB24
8834
8834
8834
8824
8824
8844
88C4
8884
8904
4BF8
4008
ENDCHAR
STARTCHAR uni2480
ENCODING 9344
SWIDTH 1000 0
DWIDTH 16 0
BBX 14 14 1 -1
BITMAP
4008
88C4
B924
8814
8814
8824
88C4
8864
8814
8814
8814
8B34
49E8
4008
ENDCHAR
STARTCHAR uni2481
ENCODING 9345
SWIDTH 1000 0
DWIDTH 16 0
BBX 14 14 1 -1
BITMAP
4008
8824
B864
8864
88A4
88A4
8924
8924
8BF4
8BF4
8824
8824
4828
4008
ENDCHAR
STARTCHAR uni2482
ENCODING 9346
SWIDTH 1000 0
DWIDTH 16 0
BBX 14 14 1 -1
BITMAP
4008
89E4
B9E4
8904
8904
8904
89E4
8834
8814
8814
8834
8A24
49C8
4008
ENDCHAR
STARTCHAR uni2483
ENCODING 9347
SWIDTH 1000 0
DWIDTH 16 0
BBX 14 14 1 -1
BITMAP
4008
88E4
B9B4
8904
8904
8B04
8BE4
8B34
8B14
8914
8914
8924
48E8
4008
ENDCHAR
STARTCHAR uni2484
ENCODING 9348
SWIDTH 1000 0
DWIDTH 16 0
BBX 14 14 1 -1
BITMAP
4008
8BF4
B834
8824
8864
8844
8844
8844
88C4
8884
8884
8884
4888
4008
ENDCHAR
STARTCHAR uni2485
ENCODING 9349
SWIDTH 1000 0
DWIDTH 16 0
BBX 14 14 1 -1
BITMAP
4008
88C4
B924
8914
8914
8924
88E4
8964
8934
8A14
8A14
8934
48E8
4008
ENDCHAR
STARTCHAR uni2486
ENCODING 9350
SWIDTH 1000 0
DWIDTH 16 0
BBX 14 14 1 -1
BITMAP
4008
88C4
B924
8934
8B14
8B14
8934
89D4
8814
8814
8824
8924
49C8
4008
ENDCHAR
STARTCHAR uni2487
ENCODING 9351
SWIDTH 1000 0
DWIDTH 16 0
BBX 14 14 1 -1
BITMAP
4008
9864
A4B4
8694
8694
8594
8594
8594
8994
8994
9094
B094
7E68
4008
ENDCHAR
STARTCHAR uni2488
ENCODING 9352
SWIDTH 1000 0
DWIDTH 16 0
BBX 10 11 3 0
BITMAP
F000
3000
3000
3000
3000
3000
3000
3000
3000
30C0
FCC0
ENDCHAR
STARTCHAR uni2489
ENCODING 9353
SWIDTH 1000 0
DWIDTH 16 0
BBX 12 12 2 0
BITMAP
3800
7C00
8600
0600
0600
0400
0C00
0800
1000
3000
6020
FE70
ENDCHAR
STARTCHAR uni248A
ENCODING 9354
SWIDTH 1000 0
DWIDTH 16 0
BBX 12 12 2 0
BITMAP
1800
FE00
4600
0200
0600
1C00
3C00
0600
0200
0200
C660
7C70
ENDCHAR
STARTCHAR uni248B
ENCODING 9355
SWIDTH 1000 0
DWIDTH 16 0
BBX 12 11 2 0
BITMAP
0C00
1C00
1400
3400
6400
4400
C400
FF00
0400
0430
0430
ENDCHAR
STARTCHAR uni248C
ENCODING 9356
SWIDTH 1000 0
DWIDTH 16 0
BBX 12 11 2 0
BITMAP
7E00
6000
4000
4000
7C00
4600
0200
0300
0200
C660
7C70
ENDCHAR
STARTCHAR uni248D
ENCODING 9357
SWIDTH 1000 0
DWIDTH 16 0
BBX 12 12 2 0
BITMAP
1C00
3E00
6000
4000
C000
DC00
E600
C200
C300
4200
6620
3C70
ENDCHAR
STARTCHAR uni248E
ENCODING 9358
SWIDTH 1000 0
DWIDTH 16 0
BBX 10 11 3 0
BITMAP
FE00
0400
0C00
0800
1800
1000
1000
1000
3000
30C0
30C0
ENDCHAR
STARTCHAR uni248F
ENCODING 9359
SWIDTH 1000 0
DWIDTH 16 0
BBX 12 12 2 0
BITMAP
1800
6E00
4200
4200
6200
3400
3C00
4600
C200
C300
4230
7C30
ENDCHAR
STARTCHAR uni2490
ENCODING 9360
SWIDTH 1000 0
DWIDTH 16 0
BBX 12 12 2 0
BITMAP
1800
7C00
C600
C200
C200
C200
7E00
1200
0200
0600
C430
7830
ENDCHAR
STARTCHAR uni2491
ENCODING 9361
SWIDTH 1000 0
DWIDTH 16 0
BBX 16 12 0 0
BITMAP
00C0
E1E0
2310
2210
2210
2218
2218
2210
2210
2210
2333
21E3
ENDCHAR
STARTCHAR uni2492
ENCODING 9362
SWIDTH 1000 0
DWIDTH 16 0
BBX 14 11 1 0
BITMAP
E380
2080
2080
2080
2080
2080
2080
2080
2080
208C
208C
ENDCHAR
STARTCHAR uni2493
ENCODING 9363
SWIDTH 1000 0
DWIDTH 16 0
BBX 15 12 1 0
BITMAP
0180
E7C0
2460
2060
2060
2040
20C0
2080
2180
2300
2606
27E6
ENDCHAR
STARTCHAR uni2494
ENCODING 9364
SWIDTH 1000 0
DWIDTH 16 0
BBX 15 12 1 0
BITMAP
0180
E7C0
2460
2020
2060
21C0
21C0
2060
2020
2020
2466
23CE
ENDCHAR
STARTCHAR uni2495
ENCODING 9365
SWIDTH 1000 0
DWIDTH 16 0
BBX 15 11 1 0
BITMAP
E0C0
20C0
2140
2140
2240
2640
2440
27E0
2040
2046
204E
ENDCHAR
STARTCHAR uni2496
ENCODING 9366
SWIDTH 1000 0
DWIDTH 16 0
BBX 15 11 1 0
BITMAP
E3E0
2200
2200
2200
27C0
2260
2020
2020
2020
2466
27CE
ENDCHAR
STARTCHAR uni2497
ENCODING 9367
SWIDTH 1000 0
DWIDTH 16 0
BBX 15 12 1 0
BITMAP
00C0
E3E0
2200
2600
2400
25C0
2660
2420
2420
2620
2224
21CE
ENDCHAR
STARTCHAR uni2498
ENCODING 9368
SWIDTH 1000 0
DWIDTH 16 0
BBX 14 11 1 0
BITMAP
E7F0
2020
2040
2040
20C0
2080
2080
2080
2080
218C
218C
ENDCHAR
STARTCHAR uni2499
ENCODING 9369
SWIDTH 1000 0
DWIDTH 16 0
BBX 15 12 1 0
BITMAP
0180
E360
2220
2620
2220
2140
23C0
2620
2430
2430
2626
23E6
ENDCHAR
STARTCHAR uni249A
ENCODING 9370
SWIDTH 1000 0
DWIDTH 16 0
BBX 15 12 1 0
BITMAP
0180
E3C0
2620
2420
2420
2620
23E0
2120
2020
2020
2266
27C6
ENDCHAR
STARTCHAR uni249B
ENCODING 9371
SWIDTH 1000 0
DWIDTH 16 0
BBX 16 12 0 0
BITMAP
3060
78F0
C498
0588
0588
0D08
0908
1988
3188
2198
6092
FEF7
ENDCHAR
STARTCHAR uni249C
ENCODING 9372
SWIDTH 1000 0
DWIDTH 16 0
BBX 14 14 1 -1
BITMAP
4008
8004
8304
8FC4
8844
8044
83C4
8C44
8844
88C4
8FC4
8204
4008
4008
ENDCHAR
STARTCHAR uni249D
ENCODING 9373
SWIDTH 1000 0
DWIDTH 16 0
BBX 14 14 1 -1
BITMAP
4808
8804
8804
8804
8BC4
8C64
8864
8824
8824
8864
8864
8CC4
4B88
4008
ENDCHAR
STARTCHAR uni249E
ENCODING 9374
SWIDTH 1000 0
DWIDTH 16 0
BBX 14 14 1 -1
BITMAP
4008
8004
8104
87C4
8C04
8804
8804
8804
8804
8C44
87C4
8104
4008
4008
ENDCHAR
STARTCHAR uni249F
ENCODING 9375
SWIDTH 1000 0
DWIDTH 16 0
BBX 14 14 1 -1
BITMAP
4048
8044
8044
8044
8744
8CC4
9844
9844
9044
9844
9844
8CC4
4748
4008
ENDCHAR
STARTCHAR uni24A0
ENCODING 9376
SWIDTH 1000 0
DWIDTH 16 0
BBX 14 14 1 -1
BITMAP
4008
8004
8104
87C4
8C44
8864
9FE4
8804
8804
8C04
87C4
8104
4008
4008
ENDCHAR
STARTCHAR uni24A1
ENCODING 9377
SWIDTH 1000 0
DWIDTH 16 0
BBX 14 14 1 -1
BITMAP
4388
8204
8604
8604
8F84
8604
8604
8604
8604
8604
8604
8604
4608
4008
ENDCHAR
STARTCHAR uni24A2
ENCODING 9378
SWIDTH 1000 0
DWIDTH 16 0
BBX 14 14 1 -1
BITMAP
4008
87E4
8CE4
88C4
88C4
8CC4
8784
8804
8C04
87C4
8864
8864
4FC8
4208
ENDCHAR
STARTCHAR uni24A3
ENCODING 9379
SWIDTH 1000 0
DWIDTH 16 0
BBX 14 14 1 -1
BITMAP
4808
8804
8804
8804
8BC4
8C44
8864
8864
8864
8864
8864
8864
4868
4008
ENDCHAR
STARTCHAR uni24A4
ENCODING 9380
SWIDTH 1000 0
DWIDTH 16 0
BBX 14 14 1 -1
BITMAP
4208
8304
8004
8004
8304
8304
8304
8304
8304
8304
8304
8304
4308
4008
ENDCHAR
STARTCHAR uni24A5
ENCODING 9381
SWIDTH 1000 0
DWIDTH 16 0
BBX 14 16 1 -2
BITMAP
0300
4308
8004
8004
8104
8104
8104
8104
8104
8104
8104
8104
8104
4108
4308
0F00
ENDCHAR
STARTCHAR uni24A6
ENCODING 9382
SWIDTH 1000 0
DWIDTH 16 0
BBX 14 14 1 -1
BITMAP
4808
8804
8804
8804
8844
8884
8984
8B04
8F04
8D84
8884
88C4
4868
4008
ENDCHAR
STARTCHAR uni24A7
ENCODING 9383
SWIDTH 1000 0
DWIDTH 16 0
BBX 14 14 1 -1
BITMAP
4308
8304
8304
8304
8304
8304
8304
8304
8304
8304
8304
8304
4188
4008
ENDCHAR
STARTCHAR uni24A8
ENCODING 9384
SWIDTH 1000 0
DWIDTH 16 0
BBX 14 14 1 -1
BITMAP
4008
8004
8444
BEE4
B334
B334
B334
B334
B334
B334
B334
8004
4008
4008
ENDCHAR
STARTCHAR uni24A9
ENCODING 9385
SWIDTH 1000 0
DWIDTH 16 0
BBX 14 14 1 -1
BITMAP
4008
8004
8184
8FC4
8C44
8844
8864
8864
8864
8864
8864
8004
4008
4008
ENDCHAR
STARTCHAR uni24AA
ENCODING 9386
SWIDTH 1000 0
DWIDTH 16 0
BBX 14 14 1 -1
BITMAP
4008
8004
8304
8FC4
8844
9864
9864
9864
9864
8844
8FC4
8204
4008
4008
ENDCHAR
STARTCHAR uni24AB
ENCODING 9387
SWIDTH 1000 0
DWIDTH 16 0
BBX 14 14 1 -1
BITMAP
4008
8B84
8EC4
8864
8824
8824
8824
8864
8C44
8FC4
8804
8804
4808
4008
ENDCHAR
STARTCHAR uni24AC
ENCODING 9388
SWIDTH 1000 0
DWIDTH 16 0
BBX 14 14 1 -1
BITMAP
4008
8744
8DC4
9844
9844
9044
9044
9844
98C4
8F44
8044
8044
4048
4008
ENDCHAR
STARTCHAR uni24AD
ENCODING 9389
SWIDTH 1000 0
DWIDTH 16 0
BBX 14 14 1 -1
BITMAP
4008
8004
80C4
85C4
8604
8604
8404
8404
8404
8404
8404
8004
4008
4008
ENDCHAR
STARTCHAR uni24AE
ENCODING 9390
SWIDTH 1000 0
DWIDTH 16 0
BBX 14 14 1 -1
BITMAP
4008
8004
8304
87C4
8C04
8C04
8704
81C4
8044
8844
8FC4
8304
4008
4008
ENDCHAR
STARTCHAR uni24AF
ENCODING 9391
SWIDTH 1000 0
DWIDTH 16 0
BBX 14 14 1 -1
BITMAP
4008
8204
8204
8FC4
8FC4
8204
8204
8204
8204
8204
8204
83C4
4008
4008
ENDCHAR
STARTCHAR uni24B0
ENCODING 9392
SWIDTH 1000 0
DWIDTH 16 0
BBX 14 14 1 -1
BITMAP
4008
8004
8004
8844
8844
8844
8844
8844
8844
88C4
8F44
8204
4008
4008
ENDCHAR
STARTCHAR uni24B1
ENCODING 9393
SWIDTH 1000 0
DWIDTH 16 0
BBX 14 14 1 -1
BITMAP
4008
8004
8004
9864
8844
8C44
8CC4
8484
8684
8384
8304
8004
4008
4008
ENDCHAR
STARTCHAR uni24B2
ENCODING 9394
SWIDTH 1000 0
DWIDTH 16 0
BBX 14 14 1 -1
BITMAP
4008
8004
8004
A314
A314
B334
97A4
94A4
94A4
94A4
9CE4
8004
4008
4008
ENDCHAR
STARTCHAR uni24B3
ENCODING 9395
SWIDTH 1000 0
DWIDTH 16 0
BBX 14 14 1 -1
BITMAP
4008
8004
9024
8CC4
8484
8784
8304
8304
8584
8CC4
8844
9024
4008
4008
ENDCHAR
STARTCHAR uni24B4
ENCODING 9396
SWIDTH 1000 0
DWIDTH 16 0
BBX 14 14 1 -1
BITMAP
4008
9864
9864
8844
8CC4
84C4
8484
8684
8304
8304
8304
8204
4E08
4008
ENDCHAR
STARTCHAR uni24B5
ENCODING 9397
SWIDTH 1000 0
DWIDTH 16 0
BBX 14 14 1 -1
BITMAP
4008
8004
8004
8FC4
8084
8184
8304
8204
8604
8C04
8FC4
8004
4008
4008
ENDCHAR
STARTCHAR uni24B6
ENCODING 9398
SWIDTH 1000 0
DWIDTH 16 0
BBX 14 15 1 -1
BITMAP
0780
1860
2010
4008
8304
8304
8484
8484
8484
8FC4
8844
9864
4008
2010
1FE0
ENDCHAR
STARTCHAR uni24B7
ENCODING 9399
SWIDTH 1000 0
DWIDTH 16 0
BBX 14 15 1 -1
BITMAP
0780
1860
2010
4008
8FC4
8C44
8C44
8F84
8C44
8C44
8C44
8F84
4008
2010
1FE0
ENDCHAR
STARTCHAR uni24B8
ENCODING 9400
SWIDTH 1000 0
DWIDTH 16 0
BBX 14 15 1 -1
BITMAP
0780
1860
2010
4108
87C4
8804
8804
9804
9804
8804
8C44
8784
4008
2010
1FE0
ENDCHAR
STARTCHAR uni24B9
ENCODING 9401
SWIDTH 1000 0
DWIDTH 16 0
BBX 14 15 1 -1
BITMAP
0780
1860
2010
4008
8F84
8C44
8C64
8C64
8C64
8C64
8CC4
8F84
4008
2010
1FE0
ENDCHAR
STARTCHAR uni24BA
ENCODING 9402
SWIDTH 1000 0
DWIDTH 16 0
BBX 14 15 1 -1
BITMAP
0780
1860
2010
4008
87C4
8404
8404
8784
8404
8404
8404
87C4
4008
2010
1FE0
ENDCHAR
STARTCHAR uni24BB
ENCODING 9403
SWIDTH 1000 0
DWIDTH 16 0
BBX 14 15 1 -1
BITMAP
0780
1860
2010
4008
87C4
8404
8404
8784
8404
8404
8404
8404
4008
2010
1FE0
ENDCHAR
STARTCHAR uni24BC
ENCODING 9404
SWIDTH 1000 0
DWIDTH 16 0
BBX 14 15 1 -1
BITMAP
0780
1860
2010
4108
87C4
8804
9804
9804
99C4
8844
8C44
87C4
4008
2010
1FE0
ENDCHAR
STARTCHAR uni24BD
ENCODING 9405
SWIDTH 1000 0
DWIDTH 16 0
BBX 14 15 1 -1
BITMAP
0780
1860
2010
4008
8844
8844
8844
8FC4
8844
8844
8844
8844
4008
2010
1FE0
ENDCHAR
STARTCHAR uni24BE
ENCODING 9406
SWIDTH 1000 0
DWIDTH 16 0
BBX 14 15 1 -1
BITMAP
0780
1860
2010
4008
8304
8304
8304
8304
8304
8304
8304
8304
4008
2010
1FE0
ENDCHAR
STARTCHAR uni24BF
ENCODING 9407
SWIDTH 1000 0
DWIDTH 16 0
BBX 14 15 1 -1
BITMAP
0780
1860
2010
4008
8084
8084
8084
8084
8084
8084
8884
8704
4008
2010
1FE0
ENDCHAR
STARTCHAR uni24C0
ENCODING 9408
SWIDTH 1000 0
DWIDTH 16 0
BBX 14 15 1 -1
BITMAP
0780
1860
2010
4008
88C4
8984
8B04
8F04
8D84
8884
88C4
8864
4008
2010
1FE0
ENDCHAR
STARTCHAR uni24C1
ENCODING 9409
SWIDTH 1000 0
DWIDTH 16 0
BBX 14 15 1 -1
BITMAP
0780
1860
2010
4008
8404
8404
8404
8404
8404
8404
8404
87C4
4008
2010
1FE0
ENDCHAR
STARTCHAR uni24C2
ENCODING 9410
SWIDTH 1000 0
DWIDTH 16 0
BBX 14 15 1 -1
BITMAP
0780
1860
2010
4008
9864
9864
94A4
94A4
9324
9324
9324
9024
4008
2010
1FE0
ENDCHAR
STARTCHAR uni24C3
ENCODING 9411
SWIDTH 1000 0
DWIDTH 16 0
BBX 14 15 1 -1
BITMAP
0780
1860
2010
4008
8C44
8C44
8A44
8A44
8944
89C4
88C4
8844
4008
2010
1FE0
ENDCHAR
STARTCHAR uni24C4
ENCODING 9412
SWIDTH 1000 0
DWIDTH 16 0
BBX 14 15 1 -1
BITMAP
0780
1860
2010
4208
8FC4
8844
9864
9064
9864
9864
8844
8784
4008
2010
1FE0
ENDCHAR
STARTCHAR uni24C5
ENCODING 9413
SWIDTH 1000 0
DWIDTH 16 0
BBX 14 15 1 -1
BITMAP
0780
1860
2010
4008
8FC4
8C44
8C44
8CC4
8F84
8C04
8C04
8C04
4008
2010
1FE0
ENDCHAR
STARTCHAR uni24C6
ENCODING 9414
SWIDTH 1000 0
DWIDTH 16 0
BBX 14 15 1 -1
BITMAP
0780
1860
2010
4208
8FC4
9844
9864
9064
9864
9844
8FC4
8304
41E8
2050
1FE0
ENDCHAR
STARTCHAR uni24C7
ENCODING 9415
SWIDTH 1000 0
DWIDTH 16 0
BBX 14 15 1 -1
BITMAP
0780
1860
2010
4008
8FC4
8C44
8C44
8CC4
8F04
8C84
8CC4
8C64
4008
2010
1FE0
ENDCHAR
STARTCHAR uni24C8
ENCODING 9416
SWIDTH 1000 0
DWIDTH 16 0
BBX 14 15 1 -1
BITMAP
0780
1860
2010
4108
87C4
8C04
8C04
8704
81C4
8044
8844
8784
4008
2010
1FE0
ENDCHAR
STARTCHAR uni24C9
ENCODING 9417
SWIDTH 1000 0
DWIDTH 16 0
BBX 14 15 1 -1
BITMAP
0780
1860
2010
4008
8FC4
8304
8304
8304
8304
8304
8304
8304
4008
2010
1FE0
ENDCHAR
STARTCHAR uni24CA
ENCODING 9418
SWIDTH 1000 0
DWIDTH 16 0
BBX 14 15 1 -1
BITMAP
0780
1860
2010
4008
8844
8844
8844
8844
8844
8844
8CC4
8784
4008
2010
1FE0
ENDCHAR
STARTCHAR uni24CB
ENCODING 9419
SWIDTH 1000 0
DWIDTH 16 0
BBX 14 15 1 -1
BITMAP
0780
1860
2010
5028
8844
8844
8CC4
8484
8484
8784
8304
8304
4008
2010
1FE0
ENDCHAR
STARTCHAR uni24CC
ENCODING 9420
SWIDTH 1000 0
DWIDTH 16 0
BBX 14 15 1 -1
BITMAP
0780
1860
2010
4008
A314
B334
9324
95A4
94A4
94A4
9CE4
8844
4008
2010
1FE0
ENDCHAR
STARTCHAR uni24CD
ENCODING 9421
SWIDTH 1000 0
DWIDTH 16 0
BBX 14 15 1 -1
BITMAP
0780
1860
2010
4008
8CC4
8484
8784
8304
8304
8584
8C84
8844
4008
2010
1FE0
ENDCHAR
STARTCHAR uni24CE
ENCODING 9422
SWIDTH 1000 0
DWIDTH 16 0
BBX 14 15 1 -1
BITMAP
0780
1860
2010
4008
8844
8484
8484
8304
8304
8304
8304
8304
4008
2010
1FE0
ENDCHAR
STARTCHAR uni24CF
ENCODING 9423
SWIDTH 1000 0
DWIDTH 16 0
BBX 14 15 1 -1
BITMAP
0780
1860
2010
4008
8FC4
8084
8184
8304
8204
8404
8C04
8FC4
4008
2010
1FE0
ENDCHAR
STARTCHAR uni24D0
ENCODING 9424
SWIDTH 1000 0
DWIDTH 16 0
BBX 14 15 1 -1
BITMAP
0780
1860
2010
4008
8004
8784
8484
8384
8484
8484
8784
8004
4008
2010
1FE0
ENDCHAR
STARTCHAR uni24D1
ENCODING 9425
SWIDTH 1000 0
DWIDTH 16 0
BBX 14 15 1 -1
BITMAP
0780
1860
2010
4408
8404
8404
8784
8444
8444
8444
84C4
8784
4008
2010
1FE0
ENDCHAR
STARTCHAR uni24D2
ENCODING 9426
SWIDTH 1000 0
DWIDTH 16 0
BBX 14 15 1 -1
BITMAP
0780
1860
2010
4008
8004
8384
8404
8404
8404
8404
8384
8004
4008
2010
1FE0
ENDCHAR
STARTCHAR uni24D3
ENCODING 9427
SWIDTH 1000 0
DWIDTH 16 0
BBX 14 15 1 -1
BITMAP
0780
1860
2010
4088
8084
8084
8784
8C84
8884
8884
8484
8384
4008
2010
1FE0
ENDCHAR
STARTCHAR uni24D4
ENCODING 9428
SWIDTH 1000 0
DWIDTH 16 0
BBX 14 15 1 -1
BITMAP
0780
1860
2010
4008
8004
8384
8484
87C4
8C04
8404
8384
8004
4008
2010
1FE0
ENDCHAR
STARTCHAR uni24D5
ENCODING 9429
SWIDTH 1000 0
DWIDTH 16 0
BBX 14 15 1 -1
BITMAP
0780
1860
2010
4188
8204
8204
8704
8204
8204
8204
8204
8204
4008
2010
1FE0
ENDCHAR
STARTCHAR uni24D6
ENCODING 9430
SWIDTH 1000 0
DWIDTH 16 0
BBX 14 15 1 -1
BITMAP
0780
1860
2010
4008
83C4
8484
8484
8784
8404
8784
8444
8CC4
4308
2010
1FE0
ENDCHAR
STARTCHAR uni24D7
ENCODING 9431
SWIDTH 1000 0
DWIDTH 16 0
BBX 14 15 1 -1
BITMAP
0780
1860
2010
4408
8404
8404
8784
84C4
84C4
84C4
84C4
84C4
4008
2010
1FE0
ENDCHAR
STARTCHAR uni24D8
ENCODING 9432
SWIDTH 1000 0
DWIDTH 16 0
BBX 14 15 1 -1
BITMAP
0780
1860
2010
4108
8304
8004
8304
8304
8304
8304
8304
8304
4008
2010
1FE0
ENDCHAR
STARTCHAR uni24D9
ENCODING 9433
SWIDTH 1000 0
DWIDTH 16 0
BBX 14 15 1 -1
BITMAP
0780
1860
2010
4308
8004
8104
8104
8104
8104
8104
8104
8104
4708
2210
1FE0
ENDCHAR
STARTCHAR uni24DA
ENCODING 9434
SWIDTH 1000 0
DWIDTH 16 0
BBX 14 15 1 -1
BITMAP
0780
1860
2010
4408
8404
8444
8484
8504
8704
8784
8484
8444
4008
2010
1FE0
ENDCHAR
STARTCHAR uni24DB
ENCODING 9435
SWIDTH 1000 0
DWIDTH 16 0
BBX 14 15 1 -1
BITMAP
0780
1860
2010
4208
8204
8204
8204
8204
8204
8204
8204
8104
4008
2010
1FE0
ENDCHAR
STARTCHAR uni24DC
ENCODING 9436
SWIDTH 1000 0
DWIDTH 16 0
BBX 14 15 1 -1
BITMAP
0780
1860
2010
4008
8004
9EE4
9324
9324
9324
9324
9324
8004
4008
2010
1FE0
ENDCHAR
STARTCHAR uni24DD
ENCODING 9437
SWIDTH 1000 0
DWIDTH 16 0
BBX 14 15 1 -1
BITMAP
0780
1860
2010
4008
8004
8784
8484
8484
8484
8484
8484
8004
4008
2010
1FE0
ENDCHAR
STARTCHAR uni24DE
ENCODING 9438
SWIDTH 1000 0
DWIDTH 16 0
BBX 14 15 1 -1
BITMAP
0780
1860
2010
4008
8004
8784
8484
8844
8844
8484
8784
8004
4008
2010
1FE0
ENDCHAR
STARTCHAR uni24DF
ENCODING 9439
SWIDTH 1000 0
DWIDTH 16 0
BBX 14 15 1 -1
BITMAP
0780
1860
2010
4008
8784
84C4
8444
8444
84C4
8784
8404
8404
4008
2010
1FE0
ENDCHAR
STARTCHAR uni24E0
ENCODING 9440
SWIDTH 1000 0
DWIDTH 16 0
BBX 14 15 1 -1
BITMAP
0780
1860
2010
4008
8784
8484
8884
8884
8C84
8784
8084
8084
4008
2010
1FE0
ENDCHAR
STARTCHAR uni24E1
ENCODING 9441
SWIDTH 1000 0
DWIDTH 16 0
BBX 14 15 1 -1
BITMAP
0780
1860
2010
4008
8004
8384
8204
8204
8204
8204
8204
8004
4008
2010
1FE0
ENDCHAR
STARTCHAR uni24E2
ENCODING 9442
SWIDTH 1000 0
DWIDTH 16 0
BBX 14 15 1 -1
BITMAP
0780
1860
2010
4008
8004
8384
8404
8604
8184
8484
8784
8004
4008
2010
1FE0
ENDCHAR
STARTCHAR uni24E3
ENCODING 9443
SWIDTH 1000 0
DWIDTH 16 0
BBX 14 15 1 -1
BITMAP
0780
1860
2010
4008
8204
8784
8204
8204
8204
8204
8384
8004
4008
2010
1FE0
ENDCHAR
STARTCHAR uni24E4
ENCODING 9444
SWIDTH 1000 0
DWIDTH 16 0
BBX 14 15 1 -1
BITMAP
0780
1860
2010
4008
8004
8484
8484
8484
8484
8484
8784
8004
4008
2010
1FE0
ENDCHAR
STARTCHAR uni24E5
ENCODING 9445
SWIDTH 1000 0
DWIDTH 16 0
BBX 14 15 1 -1
BITMAP
0780
1860
2010
4008
8004
8C44
8484
8484
8684
8304
8304
8004
4008
2010
1FE0
ENDCHAR
STARTCHAR uni24E6
ENCODING 9446
SWIDTH 1000 0
DWIDTH 16 0
BBX 14 15 1 -1
BITMAP
0780
1860
2010
4008
8004
9324
9324
8B44
8B44
8CC4
8CC4
8004
4008
2010
1FE0
ENDCHAR
STARTCHAR uni24E7
ENCODING 9447
SWIDTH 1000 0
DWIDTH 16 0
BBX 14 15 1 -1
BITMAP
0780
1860
2010
4008
8004
8484
8684
8304
8304
8584
8CC4
8004
4008
2010
1FE0
ENDCHAR
STARTCHAR uni24E8
ENCODING 9448
SWIDTH 1000 0
DWIDTH 16 0
BBX 14 15 1 -1
BITMAP
0780
1860
2010
4008
8C44
8484
8484
8284
8304
8104
8104
8604
4008
2010
1FE0
ENDCHAR
STARTCHAR uni24E9
ENCODING 9449
SWIDTH 1000 0
DWIDTH 16 0
BBX 14 15 1 -1
BITMAP
0780
1860
2010
4008
8004
8784
8184
8104
8204
8604
8784
8004
4008
2010
1FE0
ENDCHAR
STARTCHAR uni24EA
ENCODING 9450
SWIDTH 1000 0
DWIDTH 16 0
BBX 14 15 1 -1
BITMAP
0780
1860
2010
4208
8784
8CC4
8844
8844
8844
8844
8CC4
8784
4008
2010
1FE0
ENDCHAR
STARTCHAR uni24EB
ENCODING 9451
SWIDTH 1000 0
DWIDTH 16 0
BBX 14 15 1 -1
BITMAP
0300
1FE0
3FF0
7FF8
E23C
F3BC
F3BC
F3BC
F3BC
F3BC
F3BC
F3BC
7FF8
3FF0
0FC0
ENDCHAR
STARTCHAR uni24EC
ENCODING 9452
SWIDTH 1000 0
DWIDTH 16 0
BBX 14 15 1 -1
BITMAP
0300
1FE0
3FF0
7F78
C61C
F7DC
F7DC
F79C
F7BC
F77C
F6FC
F61C
7FF8
3FF0
0FC0
ENDCHAR
STARTCHAR uni24ED
ENCODING 9453
SWIDTH 1000 0
DWIDTH 16 0
BBX 14 15 1 -1
BITMAP
0300
1FE0
3FF0
7F78
C61C
F7DC
F7DC
F73C
F7DC
F7DC
F7DC
F61C
7FF8
3FF0
0FC0
ENDCHAR
STARTCHAR uni24EE
ENCODING 9454
SWIDTH 1000 0
DWIDTH 16 0
BBX 14 15 1 -1
BITMAP
0300
1FE0
3FF0
7FF8
C79C
F75C
F75C
F69C
F59C
F40C
F79C
F79C
7FF8
3FF0
0FC0
ENDCHAR
STARTCHAR uni24EF
ENCODING 9455
SWIDTH 1000 0
DWIDTH 16 0
BBX 14 15 1 -1
BITMAP
0300
1FE0
3FF0
7FF8
C61C
F6FC
F6FC
F61C
F7DC
F7DC
F7DC
F61C
7FF8
3FF0
0FC0
ENDCHAR
STARTCHAR uni24F0
ENCODING 9456
SWIDTH 1000 0
DWIDTH 16 0
BBX 14 15 1 -1
BITMAP
0300
1FE0
3FF0
7FB8
C61C
F6FC
F6FC
F71C
F6DC
F6DC
F6DC
F71C
7FF8
3FF0
0FC0
ENDCHAR
STARTCHAR uni24F1
ENCODING 9457
SWIDTH 1000 0
DWIDTH 16 0
BBX 14 15 1 -1
BITMAP
0300
1FE0
3FF0
7FF8
C60C
F7DC
F7BC
F7BC
F7BC
F73C
F77C
F77C
7FF8
3FF0
0FC0
ENDCHAR
STARTCHAR uni24F2
ENCODING 9458
SWIDTH 1000 0
DWIDTH 16 0
BBX 14 15 1 -1
BITMAP
0300
1FE0
3FF0
7FB8
C65C
F6DC
F6DC
F73C
F6DC
F6EC
F6CC
F61C
7FF8
3FF0
0FC0
ENDCHAR
STARTCHAR uni24F3
ENCODING 9459
SWIDTH 1000 0
DWIDTH 16 0
BBX 14 15 1 -1
BITMAP
0300
1FE0
3FF0
7FF8
C69C
F6DC
F6CC
F6CC
F72C
F7DC
F7DC
F63C
7FF8
3FF0
0FC0
ENDCHAR
STARTCHAR uni24F4
ENCODING 9460
SWIDTH 1000 0
DWIDTH 16 0
BBX 14 15 1 -1
BITMAP
0300
1FE0
3FF0
77F8
C30C
FD6C
FA6C
FAEC
F2EC
F66C
EF6C
C11C
7FF8
3FF0
0FC0
ENDCHAR
STARTCHAR uni24F5
ENCODING 9461
SWIDTH 1000 0
DWIDTH 16 0
BBX 14 15 1 -1
BITMAP
0780
1B60
2CD0
7038
A714
C10C
810C
810C
810C
810C
C10C
A114
5028
2FD0
1FE0
ENDCHAR
STARTCHAR uni24F6
ENCODING 9462
SWIDTH 1000 0
DWIDTH 16 0
BBX 14 15 1 -1
BITMAP
0780
1B60
2CD0
7238
AF94
C0CC
80CC
808C
818C
830C
C60C
AFD4
5028
2FD0
1FE0
ENDCHAR
STARTCHAR uni24F7
ENCODING 9463
SWIDTH 1000 0
DWIDTH 16 0
BBX 14 15 1 -1
BITMAP
0780
1B60
2CD0
7238
AF94
C0CC
80CC
830C
80CC
804C
C84C
A794
5028
2FD0
1FE0
ENDCHAR
STARTCHAR uni24F8
ENCODING 9464
SWIDTH 1000 0
DWIDTH 16 0
BBX 14 15 1 -1
BITMAP
0780
1B60
2CD0
7038
A394
C38C
858C
8D8C
898C
9FCC
C18C
A194
5028
2FD0
1FE0
ENDCHAR
STARTCHAR uni24F9
ENCODING 9465
SWIDTH 1000 0
DWIDTH 16 0
BBX 14 15 1 -1
BITMAP
0780
1B60
2CD0
7038
A7D4
C40C
840C
878C
804C
804C
C8CC
A794
5028
2FD0
1FE0
ENDCHAR
STARTCHAR uni24FA
ENCODING 9466
SWIDTH 1000 0
DWIDTH 16 0
BBX 14 15 1 -1
BITMAP
0780
1B60
2CD0
7138
A7D4
CC0C
880C
8F8C
88CC
884C
CCCC
A794
5028
2FD0
1FE0
ENDCHAR
STARTCHAR uni24FB
ENCODING 9467
SWIDTH 1000 0
DWIDTH 16 0
BBX 14 15 1 -1
BITMAP
0780
1B60
2CD0
7038
AFD4
C08C
810C
810C
830C
820C
C20C
A214
5028
2FD0
1FE0
ENDCHAR
STARTCHAR uni24FC
ENCODING 9468
SWIDTH 1000 0
DWIDTH 16 0
BBX 14 15 1 -1
BITMAP
0780
1B60
2CD0
7238
A594
CC4C
84CC
878C
84CC
884C
C84C
A794
5028
2FD0
1FE0
ENDCHAR
STARTCHAR uni24FD
ENCODING 9469
SWIDTH 1000 0
DWIDTH 16 0
BBX 14 15 1 -1
BITMAP
0780
1B60
2CD0
7238
A794
CC4C
8C4C
84CC
834C
804C
C4CC
AF94
5028
2FD0
1FE0
ENDCHAR
STARTCHAR uni24FE
ENCODING 9470
SWIDTH 1000 0
DWIDTH 16 0
BBX 14 15 1 -1
BITMAP
0780
1B60
2CD0
70B8
B9F4
C92C
8B2C
8B3C
8B2C
892C
C92C
A9D4
5028
2FD0
1FE0
ENDCHAR
STARTCHAR uni24FF
ENCODING 9471
SWIDTH 1000 0
DWIDTH 16 0
BBX 14 15 1 -1
BITMAP
0300
1FE0
3FF0
7FF8
F87C
F33C
F7BC
F7BC
F7BC
F7BC
F33C
F87C
7FF8
3FF0
0FC0
ENDCHAR
STARTCHAR SF100000
ENCODING 9472
SWIDTH 688 0
DWIDTH 11 0
BBX 11 1 0 4
BITMAP
FFE0
ENDCHAR
STARTCHAR uni2501
ENCODING 9473
SWIDTH 1000 0
DWIDTH 16 0
BBX 16 2 0 5
BITMAP
FFFF
FFFF
ENDCHAR
STARTCHAR SF110000
ENCODING 9474
SWIDTH 625 0
DWIDTH 10 0
BBX 1 20 5 -5
BITMAP
80
80
80
80
80
80
80
80
80
80
80
80
80
80
80
80
80
80
80
80
ENDCHAR
STARTCHAR uni2503
ENCODING 9475
SWIDTH 1000 0
DWIDTH 16 0
BBX 2 16 7 -2
BITMAP
C0
C0
C0
C0
C0
C0
C0
C0
C0
C0
C0
C0
C0
C0
C0
C0
ENDCHAR
STARTCHAR uni2504
ENCODING 9476
SWIDTH 1000 0
DWIDTH 16 0
BBX 14 1 1 6
BITMAP
E79C
ENDCHAR
STARTCHAR uni2505
ENCODING 9477
SWIDTH 1000 0
DWIDTH 16 0
BBX 14 2 1 5
BITMAP
E79C
E79C
ENDCHAR
STARTCHAR uni2506
ENCODING 9478
SWIDTH 1000 0
DWIDTH 16 0
BBX 1 14 8 -1
BITMAP
80
80
80
00
00
80
80
80
80
00
80
80
80
80
ENDCHAR
STARTCHAR uni2507
ENCODING 9479
SWIDTH 1000 0
DWIDTH 16 0
BBX 2 14 7 -1
BITMAP
C0
C0
C0
00
00
C0
C0
C0
C0
00
C0
C0
C0
C0
ENDCHAR
STARTCHAR uni2508
ENCODING 9480
SWIDTH 1000 0
DWIDTH 16 0
BBX 16 1 0 6
BITMAP
FFFF
ENDCHAR
STARTCHAR uni2509
ENCODING 9481
SWIDTH 1000 0
DWIDTH 16 0
BBX 16 2 0 5
BITMAP
FFFF
FFFF
ENDCHAR
STARTCHAR uni250A
ENCODING 9482
SWIDTH 1000 0
DWIDTH 16 0
BBX 1 15 8 -1
BITMAP
80
80
80
00
80
80
80
00
80
80
80
00
80
80
80
ENDCHAR
STARTCHAR uni250B
ENCODING 9483
SWIDTH 1000 0
DWIDTH 16 0
BBX 2 15 7 -1
BITMAP
C0
C0
C0
00
C0
C0
C0
00
C0
C0
C0
00
C0
C0
C0
ENDCHAR
STARTCHAR SF010000
ENCODING 9484
SWIDTH 688 0
DWIDTH 11 0
BBX 6 10 5 -5
BITMAP
FC
80
80
80
80
80
80
80
80
80
ENDCHAR
STARTCHAR uni250D
ENCODING 9485
SWIDTH 1000 0
DWIDTH 16 0
BBX 8 9 8 -2
BITMAP
FF
FF
80
80
80
80
80
80
80
ENDCHAR
STARTCHAR uni250E
ENCODING 9486
SWIDTH 1000 0
DWIDTH 16 0
BBX 9 8 7 -2
BITMAP
FF80
C000
C000
C000
C000
C000
C000
C000
ENDCHAR
STARTCHAR uni250F
ENCODING 9487
SWIDTH 1000 0
DWIDTH 16 0
BBX 9 9 7 -2
BITMAP
FF80
FF80
C000
C000
C000
C000
C000
C000
C000
ENDCHAR
STARTCHAR SF030000
ENCODING 9488
SWIDTH 688 0
DWIDTH 11 0
BBX 6 10 0 -5
BITMAP
FC
04
04
04
04
04
04
04
04
04
ENDCHAR
STARTCHAR uni2511
ENCODING 9489
SWIDTH 1000 0
DWIDTH 16 0
BBX 8 9 0 -2
BITMAP
FF
FF
01
01
01
01
01
01
01
ENDCHAR
STARTCHAR uni2512
ENCODING 9490
SWIDTH 1000 0
DWIDTH 16 0
BBX 9 8 0 -2
BITMAP
FF80
0180
0180
0180
0180
0180
0180
0180
ENDCHAR
STARTCHAR uni2513
ENCODING 9491
SWIDTH 1000 0
DWIDTH 16 0
BBX 9 9 0 -2
BITMAP
FF80
FF80
0180
0180
0180
0180
0180
0180
0180
ENDCHAR
STARTCHAR SF020000
ENCODING 9492
SWIDTH 688 0
DWIDTH 11 0
BBX 6 11 5 4
BITMAP
80
80
80
80
80
80
80
80
80
80
FC
ENDCHAR
STARTCHAR uni2515
ENCODING 9493
SWIDTH 1000 0
DWIDTH 16 0
BBX 8 9 8 5
BITMAP
80
80
80
80
80
80
80
FF
FF
ENDCHAR
STARTCHAR uni2516
ENCODING 9494
SWIDTH 1000 0
DWIDTH 16 0
BBX 9 8 7 6
BITMAP
C000
C000
C000
C000
C000
C000
C000
FF80
ENDCHAR
STARTCHAR uni2517
ENCODING 9495
SWIDTH 1000 0
DWIDTH 16 0
BBX 9 9 7 5
BITMAP
C000
C000
C000
C000
C000
C000
C000
FF80
FF80
ENDCHAR
STARTCHAR SF040000
ENCODING 9496
SWIDTH 688 0
DWIDTH 11 0
BBX 6 11 0 4
BITMAP
04
04
04
04
04
04
04
04
04
04
FC
ENDCHAR
STARTCHAR uni2519
ENCODING 9497
SWIDTH 1000 0
DWIDTH 16 0
BBX 8 9 0 5
BITMAP
01
01
01
01
01
01
01
FF
FF
ENDCHAR
STARTCHAR uni251A
ENCODING 9498
SWIDTH 1000 0
DWIDTH 16 0
BBX 9 8 0 6
BITMAP
0180
0180
0180
0180
0180
0180
0180
FF80
ENDCHAR
STARTCHAR uni251B
ENCODING 9499
SWIDTH 1000 0
DWIDTH 16 0
BBX 9 9 0 5
BITMAP
0180
0180
0180
0180
0180
0180
0180
FF80
FF80
ENDCHAR
STARTCHAR SF080000
ENCODING 9500
SWIDTH 688 0
DWIDTH 11 0
BBX 6 20 5 -5
BITMAP
80
80
80
80
80
80
80
80
80
80
FC
80
80
80
80
80
80
80
80
80
ENDCHAR
STARTCHAR uni251D
ENCODING 9501
SWIDTH 1000 0
DWIDTH 16 0
BBX 8 16 8 -2
BITMAP
80
80
80
80
80
80
80
FF
FF
80
80
80
80
80
80
80
ENDCHAR
STARTCHAR uni251E
ENCODING 9502
SWIDTH 1000 0
DWIDTH 16 0
BBX 9 16 7 -2
BITMAP
C000
C000
C000
C000
C000
C000
C000
FF80
8000
8000
8000
8000
8000
8000
8000
8000
ENDCHAR
STARTCHAR uni251F
ENCODING 9503
SWIDTH 1000 0
DWIDTH 16 0
BBX 9 16 7 -2
BITMAP
8000
8000
8000
8000
8000
8000
8000
BF80
C000
C000
C000
C000
C000
C000
C000
C000
ENDCHAR
STARTCHAR uni2520
ENCODING 9504
SWIDTH 1000 0
DWIDTH 16 0
BBX 9 16 7 -2
BITMAP
C000
C000
C000
C000
C000
C000
C000
FF80
C000
C000
C000
C000
C000
C000
C000
C000
ENDCHAR
STARTCHAR uni2521
ENCODING 9505
SWIDTH 1000 0
DWIDTH 16 0
BBX 9 16 7 -2
BITMAP
C000
C000
C000
C000
C000
C000
C000
FF80
FF80
8000
8000
8000
8000
8000
8000
8000
ENDCHAR
STARTCHAR uni2522
ENCODING 9506
SWIDTH 1000 0
DWIDTH 16 0
BBX 9 16 7 -2
BITMAP
8000
8000
8000
8000
8000
8000
8000
FF80
FF80
C000
C000
C000
C000
C000
C000
C000
ENDCHAR
STARTCHAR uni2523
ENCODING 9507
SWIDTH 1000 0
DWIDTH 16 0
BBX 9 16 7 -2
BITMAP
C000
C000
C000
C000
C000
C000
C000
FF80
FF80
C000
C000
C000
C000
C000
C000
C000
ENDCHAR
STARTCHAR SF090000
ENCODING 9508
SWIDTH 688 0
DWIDTH 11 0
BBX 6 20 0 -5
BITMAP
04
04
04
04
04
04
04
04
04
04
FC
04
04
04
04
04
04
04
04
04
ENDCHAR
STARTCHAR uni2525
ENCODING 9509
SWIDTH 1000 0
DWIDTH 16 0
BBX 8 16 0 -2
BITMAP
01
01
01
01
01
01
01
FF
FF
01
01
01
01
01
01
01
ENDCHAR
STARTCHAR uni2526
ENCODING 9510
SWIDTH 1000 0
DWIDTH 16 0
BBX 9 16 0 -2
BITMAP
0180
0180
0180
0180
0180
0180
0180
FF80
0100
0100
0100
0100
0100
0100
0100
0100
ENDCHAR
STARTCHAR uni2527
ENCODING 9511
SWIDTH 1000 0
DWIDTH 16 0
BBX 9 16 0 -2
BITMAP
0100
0100
0100
0100
0100
0100
0100
FF00
0180
0180
0180
0180
0180
0180
0180
0180
ENDCHAR
STARTCHAR uni2528
ENCODING 9512
SWIDTH 1000 0
DWIDTH 16 0
BBX 9 16 0 -2
BITMAP
0180
0180
0180
0180
0180
0180
0180
FF80
0180
0180
0180
0180
0180
0180
0180
0180
ENDCHAR
STARTCHAR uni2529
ENCODING 9513
SWIDTH 1000 0
DWIDTH 16 0
BBX 9 16 0 -2
BITMAP
0180
0180
0180
0180
0180
0180
0180
FF80
FF80
0100
0100
0100
0100
0100
0100
0100
ENDCHAR
STARTCHAR uni252A
ENCODING 9514
SWIDTH 1000 0
DWIDTH 16 0
BBX 9 16 0 -2
BITMAP
0100
0100
0100
0100
0100
0100
0100
FF80
FF80
0180
0180
0180
0180
0180
0180
0180
ENDCHAR
STARTCHAR uni252B
ENCODING 9515
SWIDTH 1000 0
DWIDTH 16 0
BBX 9 16 0 -2
BITMAP
0180
0180
0180
0180
0180
0180
0180
FF80
FF80
0180
0180
0180
0180
0180
0180
0180
ENDCHAR
STARTCHAR SF060000
ENCODING 9516
SWIDTH 688 0
DWIDTH 11 0
BBX 11 10 0 -5
BITMAP
FFE0
0400
0400
0400
0400
0400
0400
0400
0400
0400
ENDCHAR
STARTCHAR uni252D
ENCODING 9517
SWIDTH 1000 0
DWIDTH 16 0
BBX 16 9 0 -2
BITMAP
FFFF
FF00
0100
0100
0100
0100
0100
0100
0100
ENDCHAR
STARTCHAR uni252E
ENCODING 9518
SWIDTH 1000 0
DWIDTH 16 0
BBX 16 9 0 -2
BITMAP
FFFF
00FF
0100
0100
0100
0100
0100
0100
0100
ENDCHAR
STARTCHAR uni252F
ENCODING 9519
SWIDTH 1000 0
DWIDTH 16 0
BBX 16 9 0 -2
BITMAP
FFFF
FFFF
0100
0100
0100
0100
0100
0100
0100
ENDCHAR
STARTCHAR uni2530
ENCODING 9520
SWIDTH 1000 0
DWIDTH 16 0
BBX 16 8 0 -2
BITMAP
FFFF
0180
0180
0180
0180
0180
0180
0180
ENDCHAR
STARTCHAR uni2531
ENCODING 9521
SWIDTH 1000 0
DWIDTH 16 0
BBX 16 9 0 -2
BITMAP
FFFF
FF80
0180
0180
0180
0180
0180
0180
0180
ENDCHAR
STARTCHAR uni2532
ENCODING 9522
SWIDTH 1000 0
DWIDTH 16 0
BBX 16 9 0 -2
BITMAP
FFFF
01FF
0180
0180
0180
0180
0180
0180
0180
ENDCHAR
STARTCHAR uni2533
ENCODING 9523
SWIDTH 1000 0
DWIDTH 16 0
BBX 16 9 0 -2
BITMAP
FFFF
FFFF
0180
0180
0180
0180
0180
0180
0180
ENDCHAR
STARTCHAR SF070000
ENCODING 9524
SWIDTH 688 0
DWIDTH 11 0
BBX 11 11 0 4
BITMAP
0400
0400
0400
0400
0400
0400
0400
0400
0400
0400
FFE0
ENDCHAR
STARTCHAR uni2535
ENCODING 9525
SWIDTH 1000 0
DWIDTH 16 0
BBX 16 9 0 5
BITMAP
0100
0100
0100
0100
0100
0100
0100
FFFF
FF00
ENDCHAR
STARTCHAR uni2536
ENCODING 9526
SWIDTH 1000 0
DWIDTH 16 0
BBX 16 9 0 5
BITMAP
0100
0100
0100
0100
0100
0100
0100
FFFF
00FF
ENDCHAR
STARTCHAR uni2537
ENCODING 9527
SWIDTH 1000 0
DWIDTH 16 0
BBX 16 9 0 5
BITMAP
0100
0100
0100
0100
0100
0100
0100
FFFF
FFFF
ENDCHAR
STARTCHAR uni2538
ENCODING 9528
SWIDTH 1000 0
DWIDTH 16 0
BBX 16 8 0 6
BITMAP
0180
0180
0180
0180
0180
0180
0180
FFFF
ENDCHAR
STARTCHAR uni2539
ENCODING 9529
SWIDTH 1000 0
DWIDTH 16 0
BBX 16 9 0 5
BITMAP
0180
0180
0180
0180
0180
0180
0180
FFFF
FF80
ENDCHAR
STARTCHAR uni253A
ENCODING 9530
SWIDTH 1000 0
DWIDTH 16 0
BBX 16 9 0 5
BITMAP
0180
0180
0180
0180
0180
0180
0180
FFFF
01FF
ENDCHAR
STARTCHAR uni253B
ENCODING 9531
SWIDTH 1000 0
DWIDTH 16 0
BBX 16 9 0 5
BITMAP
0180
0180
0180
0180
0180
0180
0180
FFFF
FFFF
ENDCHAR
STARTCHAR SF050000
ENCODING 9532
SWIDTH 688 0
DWIDTH 11 0
BBX 11 20 0 -5
BITMAP
0400
0400
0400
0400
0400
0400
0400
0400
0400
0400
FFE0
0400
0400
0400
0400
0400
0400
0400
0400
0400
ENDCHAR
STARTCHAR uni253D
ENCODING 9533
SWIDTH 1000 0
DWIDTH 16 0
BBX 16 16 0 -2
BITMAP
0100
0100
0100
0100
0100
0100
0100
FFFF
FF00
0100
0100
0100
0100
0100
0100
0100
ENDCHAR
STARTCHAR uni253E
ENCODING 9534
SWIDTH 1000 0
DWIDTH 16 0
BBX 16 16 0 -2
BITMAP
0100
0100
0100
0100
0100
0100
0100
FFFF
00FF
0100
0100
0100
0100
0100
0100
0100
ENDCHAR
STARTCHAR uni253F
ENCODING 9535
SWIDTH 1000 0
DWIDTH 16 0
BBX 16 16 0 -2
BITMAP
0100
0100
0100
0100
0100
0100
0100
FFFF
FFFF
0100
0100
0100
0100
0100
0100
0100
ENDCHAR
STARTCHAR uni2540
ENCODING 9536
SWIDTH 1000 0
DWIDTH 16 0
BBX 16 16 0 -2
BITMAP
0180
0180
0180
0180
0180
0180
0180
FFFF
0100
0100
0100
0100
0100
0100
0100
0100
ENDCHAR
STARTCHAR uni2541
ENCODING 9537
SWIDTH 1000 0
DWIDTH 16 0
BBX 16 16 0 -2
BITMAP
0100
0100
0100
0100
0100
0100
0100
FF7F
0180
0180
0180
0180
0180
0180
0180
0180
ENDCHAR
STARTCHAR uni2542
ENCODING 9538
SWIDTH 1000 0
DWIDTH 16 0
BBX 16 16 0 -2
BITMAP
0180
0180
0180
0180
0180
0180
0180
FFFF
0180
0180
0180
0180
0180
0180
0180
0180
ENDCHAR
STARTCHAR uni2543
ENCODING 9539
SWIDTH 1000 0
DWIDTH 16 0
BBX 16 16 0 -2
BITMAP
0180
0180
0180
0180
0180
0180
0180
FFFF
FF80
0100
0100
0100
0100
0100
0100
0100
ENDCHAR
STARTCHAR uni2544
ENCODING 9540
SWIDTH 1000 0
DWIDTH 16 0
BBX 16 16 0 -2
BITMAP
0180
0180
0180
0180
0180
0180
0180
FFFF
01FF
0100
0100
0100
0100
0100
0100
0100
ENDCHAR
STARTCHAR uni2545
ENCODING 9541
SWIDTH 1000 0
DWIDTH 16 0
BBX 16 16 0 -2
BITMAP
0100
0100
0100
0100
0100
0100
0100
FFFF
FF80
0180
0180
0180
0180
0180
0180
0180
ENDCHAR
STARTCHAR uni2546
ENCODING 9542
SWIDTH 1000 0
DWIDTH 16 0
BBX 16 16 0 -2
BITMAP
0100
0100
0100
0100
0100
0100
0100
FFFF
01FF
0180
0180
0180
0180
0180
0180
0180
ENDCHAR
STARTCHAR uni2547
ENCODING 9543
SWIDTH 1000 0
DWIDTH 16 0
BBX 16 16 0 -2
BITMAP
0180
0180
0180
0180
0180
0180
0180
FFFF
FFFF
0100
0100
0100
0100
0100
0100
0100
ENDCHAR
STARTCHAR uni2548
ENCODING 9544
SWIDTH 1000 0
DWIDTH 16 0
BBX 16 16 0 -2
BITMAP
0100
0100
0100
0100
0100
0100
0100
FFFF
FFFF
0180
0180
0180
0180
0180
0180
0180
ENDCHAR
STARTCHAR uni2549
ENCODING 9545
SWIDTH 1000 0
DWIDTH 16 0
BBX 16 16 0 -2
BITMAP
0180
0180
0180
0180
0180
0180
0180
FFFF
FF80
0180
0180
0180
0180
0180
0180
0180
ENDCHAR
STARTCHAR uni254A
ENCODING 9546
SWIDTH 1000 0
DWIDTH 16 0
BBX 16 16 0 -2
BITMAP
0180
0180
0180
0180
0180
0180
0180
FFFF
01FF
0180
0180
0180
0180
0180
0180
0180
ENDCHAR
STARTCHAR uni254B
ENCODING 9547
SWIDTH 1000 0
DWIDTH 16 0
BBX 16 16 0 -2
BITMAP
0180
0180
0180
0180
0180
0180
0180
FFFF
FFFF
0180
0180
0180
0180
0180
0180
0180
ENDCHAR
STARTCHAR uni254C
ENCODING 9548
SWIDTH 1000 0
DWIDTH 16 0
BBX 12 1 2 6
BITMAP
F0F0
ENDCHAR
STARTCHAR uni254D
ENCODING 9549
SWIDTH 1000 0
DWIDTH 16 0
BBX 12 2 2 5
BITMAP
F0F0
F0F0
ENDCHAR
STARTCHAR uni254E
ENCODING 9550
SWIDTH 1000 0
DWIDTH 16 0
BBX 1 12 8 0
BITMAP
80
80
80
80
00
00
00
00
80
80
80
80
ENDCHAR
STARTCHAR uni254F
ENCODING 9551
SWIDTH 1000 0
DWIDTH 16 0
BBX 2 12 7 0
BITMAP
C0
C0
C0
C0
00
00
00
00
C0
C0
C0
C0
ENDCHAR
STARTCHAR SF430000
ENCODING 9552
SWIDTH 688 0
DWIDTH 11 0
BBX 11 4 0 3
BITMAP
FFE0
0000
0000
FFE0
ENDCHAR
STARTCHAR SF240000
ENCODING 9553
SWIDTH 688 0
DWIDTH 11 0
BBX 4 20 4 -5
BITMAP
90
90
90
90
90
90
90
90
90
90
90
90
90
90
90
90
90
90
90
90
ENDCHAR
STARTCHAR SF510000
ENCODING 9554
SWIDTH 688 0
DWIDTH 11 0
BBX 6 12 5 -5
BITMAP
FC
80
80
FC
80
80
80
80
80
80
80
80
ENDCHAR
STARTCHAR SF520000
ENCODING 9555
SWIDTH 688 0
DWIDTH 11 0
BBX 7 10 4 -5
BITMAP
FE
90
90
90
90
90
90
90
90
90
ENDCHAR
STARTCHAR SF390000
ENCODING 9556
SWIDTH 688 0
DWIDTH 11 0
BBX 7 12 4 -5
BITMAP
FE
80
80
9E
90
90
90
90
90
90
90
90
ENDCHAR
STARTCHAR SF220000
ENCODING 9557
SWIDTH 688 0
DWIDTH 11 0
BBX 6 12 0 -5
BITMAP
FC
04
04
FC
04
04
04
04
04
04
04
04
ENDCHAR
STARTCHAR SF210000
ENCODING 9558
SWIDTH 688 0
DWIDTH 11 0
BBX 8 10 0 -5
BITMAP
FF
09
09
09
09
09
09
09
09
09
ENDCHAR
STARTCHAR SF250000
ENCODING 9559
SWIDTH 688 0
DWIDTH 11 0
BBX 8 12 0 -5
BITMAP
FF
01
01
F9
09
09
09
09
09
09
09
09
ENDCHAR
STARTCHAR SF500000
ENCODING 9560
SWIDTH 688 0
DWIDTH 11 0
BBX 6 12 5 3
BITMAP
80
80
80
80
80
80
80
80
FC
80
80
FC
ENDCHAR
STARTCHAR SF490000
ENCODING 9561
SWIDTH 688 0
DWIDTH 11 0
BBX 7 11 4 4
BITMAP
90
90
90
90
90
90
90
90
90
90
FE
ENDCHAR
STARTCHAR SF380000
ENCODING 9562
SWIDTH 688 0
DWIDTH 11 0
BBX 7 12 4 3
BITMAP
90
90
90
90
90
90
90
90
9E
80
80
FE
ENDCHAR
STARTCHAR SF280000
ENCODING 9563
SWIDTH 688 0
DWIDTH 11 0
BBX 6 12 0 3
BITMAP
04
04
04
04
04
04
04
04
FC
04
04
FC
ENDCHAR
STARTCHAR SF270000
ENCODING 9564
SWIDTH 688 0
DWIDTH 11 0
BBX 8 11 0 4
BITMAP
09
09
09
09
09
09
09
09
09
09
FF
ENDCHAR
STARTCHAR SF260000
ENCODING 9565
SWIDTH 688 0
DWIDTH 11 0
BBX 8 12 0 3
BITMAP
09
09
09
09
09
09
09
09
F9
01
01
FF
ENDCHAR
STARTCHAR SF360000
ENCODING 9566
SWIDTH 688 0
DWIDTH 11 0
BBX 6 20 5 -5
BITMAP
80
80
80
80
80
80
80
80
FC
80
80
FC
80
80
80
80
80
80
80
80
ENDCHAR
STARTCHAR SF370000
ENCODING 9567
SWIDTH 688 0
DWIDTH 11 0
BBX 7 20 4 -5
BITMAP
90
90
90
90
90
90
90
90
90
90
9E
90
90
90
90
90
90
90
90
90
ENDCHAR
STARTCHAR SF420000
ENCODING 9568
SWIDTH 688 0
DWIDTH 11 0
BBX 7 20 4 -5
BITMAP
90
90
90
90
90
90
90
90
9E
80
80
9E
90
90
90
90
90
90
90
90
ENDCHAR
STARTCHAR SF190000
ENCODING 9569
SWIDTH 688 0
DWIDTH 11 0
BBX 6 20 0 -5
BITMAP
04
04
04
04
04
04
04
04
FC
04
04
FC
04
04
04
04
04
04
04
04
ENDCHAR
STARTCHAR SF200000
ENCODING 9570
SWIDTH 688 0
DWIDTH 11 0
BBX 8 20 0 -5
BITMAP
09
09
09
09
09
09
09
09
09
09
F9
09
09
09
09
09
09
09
09
09
ENDCHAR
STARTCHAR SF230000
ENCODING 9571
SWIDTH 688 0
DWIDTH 11 0
BBX 8 20 0 -5
BITMAP
09
09
09
09
09
09
09
09
F9
01
01
F9
09
09
09
09
09
09
09
09
ENDCHAR
STARTCHAR SF470000
ENCODING 9572
SWIDTH 688 0
DWIDTH 11 0
BBX 11 12 0 -5
BITMAP
FFE0
0000
0000
FFE0
0400
0400
0400
0400
0400
0400
0400
0400
ENDCHAR
STARTCHAR SF480000
ENCODING 9573
SWIDTH 688 0
DWIDTH 11 0
BBX 11 10 0 -5
BITMAP
FFE0
0900
0900
0900
0900
0900
0900
0900
0900
0900
ENDCHAR
STARTCHAR SF410000
ENCODING 9574
SWIDTH 688 0
DWIDTH 11 0
BBX 11 12 0 -5
BITMAP
FFE0
0000
0000
F9E0
0900
0900
0900
0900
0900
0900
0900
0900
ENDCHAR
STARTCHAR SF450000
ENCODING 9575
SWIDTH 688 0
DWIDTH 11 0
BBX 11 12 0 3
BITMAP
0400
0400
0400
0400
0400
0400
0400
0400
FFE0
0000
0000
FFE0
ENDCHAR
STARTCHAR SF460000
ENCODING 9576
SWIDTH 688 0
DWIDTH 11 0
BBX 11 11 0 4
BITMAP
0900
0900
0900
0900
0900
0900
0900
0900
0900
0900
FFE0
ENDCHAR
STARTCHAR SF400000
ENCODING 9577
SWIDTH 688 0
DWIDTH 11 0
BBX 11 12 0 3
BITMAP
0900
0900
0900
0900
0900
0900
0900
0900
F9E0
0000
0000
FFE0
ENDCHAR
STARTCHAR SF540000
ENCODING 9578
SWIDTH 688 0
DWIDTH 11 0
BBX 11 20 0 -5
BITMAP
0400
0400
0400
0400
0400
0400
0400
0400
FFE0
0400
0400
FFE0
0400
0400
0400
0400
0400
0400
0400
0400
ENDCHAR
STARTCHAR SF530000
ENCODING 9579
SWIDTH 688 0
DWIDTH 11 0
BBX 11 20 0 -5
BITMAP
0900
0900
0900
0900
0900
0900
0900
0900
0900
0900
FFE0
0900
0900
0900
0900
0900
0900
0900
0900
0900
ENDCHAR
STARTCHAR SF440000
ENCODING 9580
SWIDTH 688 0
DWIDTH 11 0
BBX 11 20 0 -5
BITMAP
0900
0900
0900
0900
0900
0900
0900
0900
F9E0
0000
0000
F9E0
0900
0900
0900
0900
0900
0900
0900
0900
ENDCHAR
STARTCHAR uni256D
ENCODING 9581
SWIDTH 1000 0
DWIDTH 16 0
BBX 8 8 8 -2
BITMAP
0F
10
20
40
80
80
80
80
ENDCHAR
STARTCHAR uni256E
ENCODING 9582
SWIDTH 1000 0
DWIDTH 16 0
BBX 8 8 0 -2
BITMAP
F0
08
04
02
01
01
01
01
ENDCHAR
STARTCHAR uni256F
ENCODING 9583
SWIDTH 1000 0
DWIDTH 16 0
BBX 8 8 0 6
BITMAP
01
01
01
01
02
04
08
F0
ENDCHAR
STARTCHAR uni2570
ENCODING 9584
SWIDTH 1000 0
DWIDTH 16 0
BBX 8 8 8 6
BITMAP
80
80
80
80
40
20
10
0F
ENDCHAR
STARTCHAR uni2571
ENCODING 9585
SWIDTH 1000 0
DWIDTH 16 0
BBX 16 16 0 -2
BITMAP
0001
0002
0004
0008
0010
0020
0040
0080
0100
0200
0400
0800
1000
2000
4000
8000
ENDCHAR
STARTCHAR uni2572
ENCODING 9586
SWIDTH 1000 0
DWIDTH 16 0
BBX 16 16 0 -2
BITMAP
8000
4000
2000
1000
0800
0400
0200
0100
0080
0040
0020
0010
0008
0004
0002
0001
ENDCHAR
STARTCHAR uni2573
ENCODING 9587
SWIDTH 1000 0
DWIDTH 16 0
BBX 16 16 0 -2
BITMAP
8001
4002
2004
1008
0810
0420
0240
0180
0180
0240
0420
0810
1008
2004
4002
8001
ENDCHAR
STARTCHAR uni2574
ENCODING 9588
SWIDTH 1000 0
DWIDTH 16 0
BBX 8 1 0 6
BITMAP
FF
ENDCHAR
STARTCHAR uni2575
ENCODING 9589
SWIDTH 1000 0
DWIDTH 16 0
BBX 1 8 8 6
BITMAP
80
80
80
80
80
80
80
80
ENDCHAR
STARTCHAR uni2576
ENCODING 9590
SWIDTH 1000 0
DWIDTH 16 0
BBX 8 1 8 6
BITMAP
FF
ENDCHAR
STARTCHAR uni2577
ENCODING 9591
SWIDTH 1000 0
DWIDTH 16 0
BBX 1 8 8 -2
BITMAP
80
80
80
80
80
80
80
80
ENDCHAR
STARTCHAR uni2578
ENCODING 9592
SWIDTH 1000 0
DWIDTH 16 0
BBX 8 2 0 5
BITMAP
FF
FF
ENDCHAR
STARTCHAR uni2579
ENCODING 9593
SWIDTH 1000 0
DWIDTH 16 0
BBX 2 8 7 6
BITMAP
C0
C0
C0
C0
C0
C0
C0
C0
ENDCHAR
STARTCHAR uni257A
ENCODING 9594
SWIDTH 1000 0
DWIDTH 16 0
BBX 8 2 8 5
BITMAP
FF
FF
ENDCHAR
STARTCHAR uni257B
ENCODING 9595
SWIDTH 1000 0
DWIDTH 16 0
BBX 2 8 7 -2
BITMAP
C0
C0
C0
C0
C0
C0
C0
C0
ENDCHAR
STARTCHAR uni257C
ENCODING 9596
SWIDTH 1000 0
DWIDTH 16 0
BBX 16 2 0 5
BITMAP
FFFF
00FF
ENDCHAR
STARTCHAR uni257D
ENCODING 9597
SWIDTH 1000 0
DWIDTH 16 0
BBX 2 16 7 -2
BITMAP
80
80
80
80
80
80
80
80
C0
C0
C0
C0
C0
C0
C0
C0
ENDCHAR
STARTCHAR uni257E
ENCODING 9598
SWIDTH 1000 0
DWIDTH 16 0
BBX 16 2 0 5
BITMAP
FFFF
FF00
ENDCHAR
STARTCHAR uni257F
ENCODING 9599
SWIDTH 1000 0
DWIDTH 16 0
BBX 2 16 7 -2
BITMAP
C0
C0
C0
C0
C0
C0
C0
C0
80
80
80
80
80
80
80
80
ENDCHAR
STARTCHAR upblock
ENCODING 9600
SWIDTH 688 0
DWIDTH 11 0
BBX 11 10 0 5
BITMAP
FFE0
FFE0
FFE0
FFE0
FFE0
FFE0
FFE0
FFE0
FFE0
FFE0
ENDCHAR
STARTCHAR uni2581
ENCODING 9601
SWIDTH 1000 0
DWIDTH 16 0
BBX 16 2 0 -2
BITMAP
FFFF
FFFF
ENDCHAR
STARTCHAR uni2582
ENCODING 9602
SWIDTH 1000 0
DWIDTH 16 0
BBX 16 4 0 -2
BITMAP
FFFF
FFFF
FFFF
FFFF
ENDCHAR
STARTCHAR uni2583
ENCODING 9603
SWIDTH 1000 0
DWIDTH 16 0
BBX 16 6 0 -2
BITMAP
FFFF
FFFF
FFFF
FFFF
FFFF
FFFF
ENDCHAR
STARTCHAR dnblock
ENCODING 9604
SWIDTH 688 0
DWIDTH 11 0
BBX 11 10 0 -5
BITMAP
FFE0
FFE0
FFE0
FFE0
FFE0
FFE0
FFE0
FFE0
FFE0
FFE0
ENDCHAR
STARTCHAR uni2585
ENCODING 9605
SWIDTH 1000 0
DWIDTH 16 0
BBX 16 10 0 -2
BITMAP
FFFF
FFFF
FFFF
FFFF
FFFF
FFFF
FFFF
FFFF
FFFF
FFFF
ENDCHAR
STARTCHAR uni2586
ENCODING 9606
SWIDTH 1000 0
DWIDTH 16 0
BBX 16 12 0 -2
BITMAP
FFFF
FFFF
FFFF
FFFF
FFFF
FFFF
FFFF
FFFF
FFFF
FFFF
FFFF
FFFF
ENDCHAR
STARTCHAR uni2587
ENCODING 9607
SWIDTH 1000 0
DWIDTH 16 0
BBX 16 14 0 -2
BITMAP
FFFF
FFFF
FFFF
FFFF
FFFF
FFFF
FFFF
FFFF
FFFF
FFFF
FFFF
FFFF
FFFF
FFFF
ENDCHAR
STARTCHAR block
ENCODING 9608
SWIDTH 688 0
DWIDTH 11 0
BBX 11 20 0 -5
BITMAP
FFE0
FFE0
FFE0
FFE0
FFE0
FFE0
FFE0
FFE0
FFE0
FFE0
FFE0
FFE0
FFE0
FFE0
FFE0
FFE0
FFE0
FFE0
FFE0
FFE0
ENDCHAR
STARTCHAR uni2589
ENCODING 9609
SWIDTH 1000 0
DWIDTH 16 0
BBX 14 16 0 -2
BITMAP
FFFC
FFFC
FFFC
FFFC
FFFC
FFFC
FFFC
FFFC
FFFC
FFFC
FFFC
FFFC
FFFC
FFFC
FFFC
FFFC
ENDCHAR
STARTCHAR uni258A
ENCODING 9610
SWIDTH 1000 0
DWIDTH 16 0
BBX 12 16 0 -2
BITMAP
FFF0
FFF0
FFF0
FFF0
FFF0
FFF0
FFF0
FFF0
FFF0
FFF0
FFF0
FFF0
FFF0
FFF0
FFF0
FFF0
ENDCHAR
STARTCHAR uni258B
ENCODING 9611
SWIDTH 1000 0
DWIDTH 16 0
BBX 10 16 0 -2
BITMAP
FFC0
FFC0
FFC0
FFC0
FFC0
FFC0
FFC0
FFC0
FFC0
FFC0
FFC0
FFC0
FFC0
FFC0
FFC0
FFC0
ENDCHAR
STARTCHAR lfblock
ENCODING 9612
SWIDTH 688 0
DWIDTH 11 0
BBX 6 20 0 -5
BITMAP
FC
FC
FC
FC
FC
FC
FC
FC
FC
FC
FC
FC
FC
FC
FC
FC
FC
FC
FC
FC
ENDCHAR
STARTCHAR uni258D
ENCODING 9613
SWIDTH 1000 0
DWIDTH 16 0
BBX 6 16 0 -2
BITMAP
FC
FC
FC
FC
FC
FC
FC
FC
FC
FC
FC
FC
FC
FC
FC
FC
ENDCHAR
STARTCHAR uni258E
ENCODING 9614
SWIDTH 1000 0
DWIDTH 16 0
BBX 4 16 0 -2
BITMAP
F0
F0
F0
F0
F0
F0
F0
F0
F0
F0
F0
F0
F0
F0
F0
F0
ENDCHAR
STARTCHAR uni258F
ENCODING 9615
SWIDTH 1000 0
DWIDTH 16 0
BBX 2 16 0 -2
BITMAP
C0
C0
C0
C0
C0
C0
C0
C0
C0
C0
C0
C0
C0
C0
C0
C0
ENDCHAR
STARTCHAR rtblock
ENCODING 9616
SWIDTH 688 0
DWIDTH 11 0
BBX 5 20 6 -5
BITMAP
F8
F8
F8
F8
F8
F8
F8
F8
F8
F8
F8
F8
F8
F8
F8
F8
F8
F8
F8
F8
ENDCHAR
STARTCHAR ltshade
ENCODING 9617
SWIDTH 688 0
DWIDTH 11 0
BBX 10 17 1 -4
BITMAP
9240
2480
0000
9240
2480
0000
9240
2480
0000
9240
2480
0000
9240
2480
0000
9240
2480
ENDCHAR
STARTCHAR shade
ENCODING 9618
SWIDTH 688 0
DWIDTH 11 0
BBX 11 17 0 -4
BITMAP
0000
96A0
0000
6940
96A0
0000
6940
96A0
0000
6940
96A0
0000
6940
96A0
0000
6940
96A0
ENDCHAR
STARTCHAR dkshade
ENCODING 9619
SWIDTH 750 0
DWIDTH 12 0
BBX 12 18 0 -5
BITMAP
FFF0
B5A0
FFF0
FFF0
B5A0
FFF0
6B50
B5A0
FFF0
6B50
B5A0
FFF0
6B50
B5A0
FFF0
6B50
B5A0
FFF0
ENDCHAR
STARTCHAR uni2594
ENCODING 9620
SWIDTH 1000 0
DWIDTH 16 0
BBX 16 2 0 12
BITMAP
FFFF
FFFF
ENDCHAR
STARTCHAR uni2595
ENCODING 9621
SWIDTH 1000 0
DWIDTH 16 0
BBX 2 16 14 -2
BITMAP
C0
C0
C0
C0
C0
C0
C0
C0
C0
C0
C0
C0
C0
C0
C0
C0
ENDCHAR
STARTCHAR uni2596
ENCODING 9622
SWIDTH 1000 0
DWIDTH 16 0
BBX 8 8 0 -2
BITMAP
FF
FF
FF
FF
FF
FF
FF
FF
ENDCHAR
STARTCHAR uni2597
ENCODING 9623
SWIDTH 1000 0
DWIDTH 16 0
BBX 8 8 8 -2
BITMAP
FF
FF
FF
FF
FF
FF
FF
FF
ENDCHAR
STARTCHAR uni2598
ENCODING 9624
SWIDTH 1000 0
DWIDTH 16 0
BBX 8 8 0 6
BITMAP
FF
FF
FF
FF
FF
FF
FF
FF
ENDCHAR
STARTCHAR uni2599
ENCODING 9625
SWIDTH 1000 0
DWIDTH 16 0
BBX 16 16 0 -2
BITMAP
FF00
FF00
FF00
FF00
FF00
FF00
FF00
FF00
FFFF
FFFF
FFFF
FFFF
FFFF
FFFF
FFFF
FFFF
ENDCHAR
STARTCHAR uni259A
ENCODING 9626
SWIDTH 1000 0
DWIDTH 16 0
BBX 16 16 0 -2
BITMAP
FF00
FF00
FF00
FF00
FF00
FF00
FF00
FF00
00FF
00FF
00FF
00FF
00FF
00FF
00FF
00FF
ENDCHAR
STARTCHAR uni259B
ENCODING 9627
SWIDTH 1000 0
DWIDTH 16 0
BBX 16 16 0 -2
BITMAP
FFFF
FFFF
FFFF
FFFF
FFFF
FFFF
FFFF
FFFF
FF00
FF00
FF00
FF00
FF00
FF00
FF00
FF00
ENDCHAR
STARTCHAR uni259C
ENCODING 9628
SWIDTH 1000 0
DWIDTH 16 0
BBX 16 16 0 -2
BITMAP
FFFF
FFFF
FFFF
FFFF
FFFF
FFFF
FFFF
FFFF
00FF
00FF
00FF
00FF
00FF
00FF
00FF
00FF
ENDCHAR
STARTCHAR uni259D
ENCODING 9629
SWIDTH 1000 0
DWIDTH 16 0
BBX 8 8 8 6
BITMAP
FF
FF
FF
FF
FF
FF
FF
FF
ENDCHAR
STARTCHAR uni259E
ENCODING 9630
SWIDTH 1000 0
DWIDTH 16 0
BBX 16 16 0 -2
BITMAP
00FF
00FF
00FF
00FF
00FF
00FF
00FF
00FF
FF00
FF00
FF00
FF00
FF00
FF00
FF00
FF00
ENDCHAR
STARTCHAR uni259F
ENCODING 9631
SWIDTH 1000 0
DWIDTH 16 0
BBX 16 16 0 -2
BITMAP
00FF
00FF
00FF
00FF
00FF
00FF
00FF
00FF
FFFF
FFFF
FFFF
FFFF
FFFF
FFFF
FFFF
FFFF
ENDCHAR
STARTCHAR filledbox
ENCODING 9632
SWIDTH 625 0
DWIDTH 10 0
BBX 8 8 1 1
BITMAP
FF
FF
FF
FF
FF
FF
FF
FF
ENDCHAR
STARTCHAR H22073
ENCODING 9633
SWIDTH 625 0
DWIDTH 10 0
BBX 10 10 0 0
BITMAP
FFC0
8040
8040
8040
8040
8040
8040
8040
8040
FFC0
ENDCHAR
STARTCHAR uni25A2
ENCODING 9634
SWIDTH 1000 0
DWIDTH 16 0
BBX 14 14 1 -1
BITMAP
FFFC
8004
8004
8004
8004
8004
8004
8004
8004
8004
8004
8004
8004
FFFC
ENDCHAR
STARTCHAR uni25A3
ENCODING 9635
SWIDTH 1000 0
DWIDTH 16 0
BBX 12 12 2 0
BITMAP
FFF0
8010
8010
9F90
9F90
9F90
9F90
9F90
9F90
8010
8010
FFF0
ENDCHAR
STARTCHAR uni25A4
ENCODING 9636
SWIDTH 1000 0
DWIDTH 16 0
BBX 12 12 2 0
BITMAP
FFF0
8010
FFF0
8010
8010
FFF0
8010
8010
FFF0
8010
8010
FFF0
ENDCHAR
STARTCHAR uni25A5
ENCODING 9637
SWIDTH 1000 0
DWIDTH 16 0
BBX 12 12 2 0
BITMAP
FFF0
A450
A450
A450
A450
A450
A450
A450
A450
A450
A450
FFF0
ENDCHAR
STARTCHAR uni25A6
ENCODING 9638
SWIDTH 1000 0
DWIDTH 16 0
BBX 12 12 2 0
BITMAP
FFF0
A450
FFF0
A450
A450
FFF0
A450
A450
FFF0
A450
A450
FFF0
ENDCHAR
STARTCHAR uni25A7
ENCODING 9639
SWIDTH 1000 0
DWIDTH 16 0
BBX 12 12 2 0
BITMAP
FFF0
C930
A490
9250
C930
A490
9250
C930
A490
9250
C930
FFF0
ENDCHAR
STARTCHAR uni25A8
ENCODING 9640
SWIDTH 1000 0
DWIDTH 16 0
BBX 12 12 2 0
BITMAP
FFF0
C930
9250
A490
C930
9250
A490
C930
9250
A490
C930
FFF0
ENDCHAR
STARTCHAR uni25A9
ENCODING 9641
SWIDTH 1000 0
DWIDTH 16 0
BBX 12 12 2 0
BITMAP
FFF0
C930
B6D0
B6D0
C930
B6D0
B6D0
C930
B6D0
B6D0
C930
FFF0
ENDCHAR
STARTCHAR H18543
ENCODING 9642
SWIDTH 375 0
DWIDTH 6 0
BBX 4 4 1 3
BITMAP
F0
F0
F0
F0
ENDCHAR
STARTCHAR H18551
ENCODING 9643
SWIDTH 375 0
DWIDTH 6 0
BBX 4 4 1 3
BITMAP
F0
90
90
F0
ENDCHAR
STARTCHAR filledrect
ENCODING 9644
SWIDTH 1000 0
DWIDTH 16 0
BBX 16 5 0 0
BITMAP
FFFF
FFFF
FFFF
FFFF
FFFF
ENDCHAR
STARTCHAR uni25B1
ENCODING 9649
SWIDTH 1000 0
DWIDTH 16 0
BBX 14 6 1 3
BITMAP
3FFC
2004
4008
4008
8010
FFF0
ENDCHAR
STARTCHAR triagup
ENCODING 9650
SWIDTH 1000 0
DWIDTH 16 0
BBX 10 9 3 0
BITMAP
0800
0C00
1C00
1E00
3E00
3F00
7F00
7F80
FF80
ENDCHAR
STARTCHAR uni25B3
ENCODING 9651
SWIDTH 1000 0
DWIDTH 16 0
BBX 16 13 0 0
BITMAP
0100
0180
0240
0240
0420
0420
0810
1008
1008
2004
2004
4002
FFFF
ENDCHAR
STARTCHAR uni25B6
ENCODING 9654
SWIDTH 1000 0
DWIDTH 16 0
BBX 13 15 2 -1
BITMAP
8000
C000
E000
F800
FE00
FF80
FFC0
FFF8
FFF0
FFC0
FF80
FE00
F800
E000
C000
ENDCHAR
STARTCHAR uni25B7
ENCODING 9655
SWIDTH 1000 0
DWIDTH 16 0
BBX 13 15 2 -1
BITMAP
8000
C000
B000
8C00
8200
8180
8060
8018
8010
8060
8180
8600
8800
B000
C000
ENDCHAR
STARTCHAR triagrt
ENCODING 9658
SWIDTH 1000 0
DWIDTH 16 0
BBX 10 9 3 0
BITMAP
C000
F000
FC00
FF00
FFC0
FF00
FC00
F000
C000
ENDCHAR
STARTCHAR triagdn
ENCODING 9660
SWIDTH 1000 0
DWIDTH 16 0
BBX 10 9 3 0
BITMAP
7F80
7F80
3F00
3F00
1E00
1E00
0C00
0C00
0000
ENDCHAR
STARTCHAR uni25BD
ENCODING 9661
SWIDTH 1000 0
DWIDTH 16 0
BBX 16 13 0 -1
BITMAP
FFFF
4002
2004
2004
1008
1008
0810
0420
0420
0240
0240
0180
0100
ENDCHAR
STARTCHAR uni25C0
ENCODING 9664
SWIDTH 1000 0
DWIDTH 16 0
BBX 13 15 1 -1
BITMAP
0008
0018
0038
00F8
03F8
0FF8
1FF8
FFF8
7FF8
1FF8
0FF8
03F8
00F8
0038
0018
ENDCHAR
STARTCHAR uni25C1
ENCODING 9665
SWIDTH 1000 0
DWIDTH 16 0
BBX 13 15 1 -1
BITMAP
0008
0018
0068
0188
0208
0C08
3008
C008
4008
3008
0C08
0308
0088
0068
0018
ENDCHAR
STARTCHAR triaglf
ENCODING 9668
SWIDTH 1000 0
DWIDTH 16 0
BBX 10 9 3 0
BITMAP
00C0
03C0
0FC0
3FC0
FFC0
3FC0
0FC0
03C0
00C0
ENDCHAR
STARTCHAR uni25C6
ENCODING 9670
SWIDTH 1000 0
DWIDTH 16 0
BBX 16 16 0 -2
BITMAP
0100
0180
03C0
07E0
0FF0
1FF8
3FFC
FFFF
7FFE
3FFC
1FF8
0FF0
07E0
03C0
0180
0100
ENDCHAR
STARTCHAR uni25C7
ENCODING 9671
SWIDTH 1000 0
DWIDTH 16 0
BBX 16 16 0 -2
BITMAP
0100
0180
0240
0420
0810
1008
2004
C003
4002
2004
1008
0810
0420
0240
0180
0100
ENDCHAR
STARTCHAR uni25C9
ENCODING 9673
SWIDTH 1000 0
DWIDTH 16 0
BBX 14 14 1 -1
BITMAP
1FE0
2010
4788
8FC8
9FE4
BFF4
BFF4
BFF4
9FE4
9FE4
4FC8
4308
3030
0FC0
ENDCHAR
STARTCHAR lozenge
ENCODING 9674
SWIDTH 500 0
DWIDTH 8 0
BBX 8 11 0 0
BITMAP
18
18
24
42
42
81
42
42
24
18
18
ENDCHAR
STARTCHAR circle
ENCODING 9675
SWIDTH 625 0
DWIDTH 10 0
BBX 7 7 1 1
BITMAP
38
44
82
82
82
44
38
ENDCHAR
STARTCHAR uni25CC
ENCODING 9676
SWIDTH 1000 0
DWIDTH 16 0
BBX 14 14 1 -1
BITMAP
0A80
2020
2008
C000
0004
8000
0004
8004
8000
0004
C000
2008
2020
0A80
ENDCHAR
STARTCHAR uni25CE
ENCODING 9678
SWIDTH 1000 0
DWIDTH 16 0
BBX 14 14 1 -1
BITMAP
1FE0
2010
4788
8848
9024
A014
A014
A014
A014
9024
4848
4788
3030
0FC0
ENDCHAR
STARTCHAR H18533
ENCODING 9679
SWIDTH 625 0
DWIDTH 10 0
BBX 7 7 1 1
BITMAP
38
7C
FE
FE
FE
7C
38
ENDCHAR
STARTCHAR uni25D0
ENCODING 9680
SWIDTH 1000 0
DWIDTH 16 0
BBX 14 14 1 -1
BITMAP
0FC0
3E30
3E08
7E08
FE04
FE04
FE04
FE04
FE04
FE04
7E08
3E08
1E30
0FC0
ENDCHAR
STARTCHAR uni25D1
ENCODING 9681
SWIDTH 1000 0
DWIDTH 16 0
BBX 14 14 1 -1
BITMAP
0FC0
31F0
41F0
41F8
81FC
81FC
81FC
81FC
81FC
81FC
41F8
41F0
31E0
0FC0
ENDCHAR
STARTCHAR uni25D2
ENCODING 9682
SWIDTH 1000 0
DWIDTH 16 0
BBX 14 14 1 -1
BITMAP
0FC0
3030
4008
4008
8004
8004
8004
FFFC
FFFC
FFFC
7FF8
3FF0
1FE0
0FC0
ENDCHAR
STARTCHAR uni25D3
ENCODING 9683
SWIDTH 1000 0
DWIDTH 16 0
BBX 14 14 1 -1
BITMAP
0FC0
3FF0
3FF0
7FF8
FFFC
FFFC
FFFC
8004
8004
8004
4008
4008
3030
0FC0
ENDCHAR
STARTCHAR invbullet
ENCODING 9688
SWIDTH 625 0
DWIDTH 10 0
BBX 9 9 0 0
BITMAP
FF80
E380
C180
8080
8080
8080
C180
E380
FF80
ENDCHAR
STARTCHAR invcircle
ENCODING 9689
SWIDTH 625 0
DWIDTH 10 0
BBX 9 9 0 0
BITMAP
FF80
E380
DD80
BE80
BE80
BE80
DD80
E380
FF80
ENDCHAR
STARTCHAR uni25E2
ENCODING 9698
SWIDTH 1000 0
DWIDTH 16 0
BBX 16 16 0 -2
BITMAP
0001
0003
0007
000F
001F
003F
007F
00FF
01FF
03FF
07FF
0FFF
1FFF
3FFF
7FFF
FFFF
ENDCHAR
STARTCHAR uni25E3
ENCODING 9699
SWIDTH 1000 0
DWIDTH 16 0
BBX 16 16 0 -2
BITMAP
8000
C000
E000
F000
F800
FC00
FE00
FF00
FF80
FFC0
FFE0
FFF0
FFF8
FFFC
FFFE
FFFF
ENDCHAR
STARTCHAR uni25E4
ENCODING 9700
SWIDTH 1000 0
DWIDTH 16 0
BBX 16 16 0 -2
BITMAP
FFFF
FFFC
FFF8
FFF0
FFE0
FFC0
FF80
FF00
FE00
FC00
F800
F000
E000
C000
8000
8000
ENDCHAR
STARTCHAR uni25E5
ENCODING 9701
SWIDTH 1000 0
DWIDTH 16 0
BBX 16 16 0 -2
BITMAP
FFFF
3FFF
1FFF
0FFF
07FF
03FF
01FF
00FF
007F
003F
001F
000F
0007
0003
0001
0001
ENDCHAR
STARTCHAR openbullet
ENCODING 9702
SWIDTH 375 0
DWIDTH 6 0
BBX 4 4 1 3
BITMAP
60
90
90
60
ENDCHAR
STARTCHAR uni25EF
ENCODING 9711
SWIDTH 1000 0
DWIDTH 16 0
BBX 14 15 1 -1
BITMAP
0780
1860
2010
4008
8004
8004
8004
8004
8004
8004
8004
8004
4008
2010
1FE0
ENDCHAR
STARTCHAR uni2600
ENCODING 9728
SWIDTH 1000 0
DWIDTH 16 0
BBX 14 15 1 -1
BITMAP
0300
0300
2010
6318
0FC0
1FE0
1FE0
FFFC
BFF4
1FE0
1FE0
0FC0
6218
2110
0300
ENDCHAR
STARTCHAR uni2601
ENCODING 9729
SWIDTH 1000 0
DWIDTH 16 0
BBX 15 11 1 0
BITMAP
1F00
20E0
2090
7048
8008
8008
800E
9004
8804
7C18
03E0
ENDCHAR
STARTCHAR uni2602
ENCODING 9730
SWIDTH 1000 0
DWIDTH 16 0
BBX 14 14 1 -1
BITMAP
0720
1FC0
7FF0
8FF8
07F8
0DF8
017C
027C
0284
0404
0804
4800
5000
6000
ENDCHAR
STARTCHAR uni2603
ENCODING 9731
SWIDTH 1000 0
DWIDTH 16 0
BBX 16 16 0 -2
BITMAP
0180
01E0
03E0
04F0
0E10
0974
2A57
E994
1FF8
23F4
21B4
2104
2004
2184
1818
07E0
ENDCHAR
STARTCHAR uni2605
ENCODING 9733
SWIDTH 1000 0
DWIDTH 16 0
BBX 14 14 1 -1
BITMAP
0200
0300
0300
0300
0780
FFFC
7FF8
1FE0
0FC0
0FC0
0FC0
1CE0
1020
2010
ENDCHAR
STARTCHAR uni2606
ENCODING 9734
SWIDTH 1000 0
DWIDTH 16 0
BBX 14 14 1 -1
BITMAP
0200
0300
0300
0300
0480
FCFC
4008
3030
0840
0840
1320
14A0
1860
2010
ENDCHAR
STARTCHAR uni2609
ENCODING 9737
SWIDTH 1000 0
DWIDTH 16 0
BBX 10 10 3 1
BITMAP
1E00
2100
4080
8040
8C40
8C40
8040
4080
2100
1E00
ENDCHAR
STARTCHAR uni260E
ENCODING 9742
SWIDTH 1000 0
DWIDTH 16 0
BBX 14 11 1 0
BITMAP
3FF0
FFFC
ECDC
EFDC
8CC4
1860
3030
7038
7878
7CF8
7FF8
ENDCHAR
STARTCHAR uni260F
ENCODING 9743
SWIDTH 1000 0
DWIDTH 16 0
BBX 16 11 0 0
BITMAP
3FFC
4992
9669
8BF1
FBDF
1428
2424
2424
2424
43C2
3FFC
ENDCHAR
STARTCHAR uni2616
ENCODING 9750
SWIDTH 1000 0
DWIDTH 16 0
BBX 12 14 2 -1
BITMAP
0600
1980
6040
4020
8020
8020
8020
8010
8010
8010
8010
8010
8010
FFF0
ENDCHAR
STARTCHAR uni2617
ENCODING 9751
SWIDTH 1000 0
DWIDTH 16 0
BBX 12 14 2 -1
BITMAP
0600
1F80
7FC0
7FE0
7FE0
7FE0
FFE0
FFE0
FFF0
FFF0
FFF0
FFF0
FFF0
FFF0
ENDCHAR
STARTCHAR uni261C
ENCODING 9756
SWIDTH 1000 0
DWIDTH 16 0
BBX 15 7 0 2
BITMAP
7FF8
F406
0FC2
137A
0CC2
0746
07F8
ENDCHAR
STARTCHAR uni261D
ENCODING 9757
SWIDTH 1000 0
DWIDTH 16 0
BBX 7 15 5 -1
BITMAP
40
A0
A0
B0
A8
EE
AE
B6
BA
BE
92
92
92
44
7C
ENDCHAR
STARTCHAR uni261E
ENCODING 9758
SWIDTH 1000 0
DWIDTH 16 0
BBX 15 7 1 2
BITMAP
3FFC
C05E
87E0
BD90
8660
C5C0
3FC0
ENDCHAR
STARTCHAR uni261F
ENCODING 9759
SWIDTH 1000 0
DWIDTH 16 0
BBX 7 15 5 -1
BITMAP
7C
44
42
92
92
92
BE
BA
B6
EE
AC
B8
A0
A0
E0
ENDCHAR
STARTCHAR uni262F
ENCODING 9775
SWIDTH 1000 0
DWIDTH 16 0
BBX 14 15 1 -1
BITMAP
0300
1FE0
3FD0
7FC8
FCE4
FFC4
FFC4
FF84
F804
F004
F004
E304
7008
3010
1FE0
ENDCHAR
STARTCHAR smileface
ENCODING 9786
SWIDTH 1000 0
DWIDTH 16 0
BBX 10 10 3 0
BITMAP
1E00
6180
4080
A140
8040
8040
A140
5E80
6180
1E00
ENDCHAR
STARTCHAR invsmileface
ENCODING 9787
SWIDTH 1063 0
DWIDTH 17 0
BBX 10 10 4 0
BITMAP
1E00
7F80
7F80
DEC0
FFC0
FFC0
DEC0
6180
7F80
1E00
ENDCHAR
STARTCHAR sun
ENCODING 9788
SWIDTH 938 0
DWIDTH 15 0
BBX 11 11 2 -2
BITMAP
0400
4440
2E80
1100
2080
E0E0
2080
1100
2E80
4440
0400
ENDCHAR
STARTCHAR female
ENCODING 9792
SWIDTH 750 0
DWIDTH 12 0
BBX 5 9 4 0
BITMAP
70
88
88
88
70
20
F8
20
20
ENDCHAR
STARTCHAR uni2641
ENCODING 9793
SWIDTH 1000 0
DWIDTH 16 0
BBX 10 14 3 -1
BITMAP
0C00
0C00
0C00
0C00
FFC0
0C00
0C00
1E00
3300
2100
2100
2100
3300
1E00
ENDCHAR
STARTCHAR male
ENCODING 9794
SWIDTH 750 0
DWIDTH 12 0
BBX 7 7 3 1
BITMAP
06
06
78
88
88
88
70
ENDCHAR
STARTCHAR spade
ENCODING 9824
SWIDTH 563 0
DWIDTH 9 0
BBX 7 10 0 0
BITMAP
10
10
38
7C
7C
FE
FE
FE
10
38
ENDCHAR
STARTCHAR uni2661
ENCODING 9825
SWIDTH 1000 0
DWIDTH 16 0
BBX 14 14 1 -1
BITMAP
3870
4488
8304
8104
8004
8004
4008
4008
2010
1020
0840
0480
0300
0100
ENDCHAR
STARTCHAR uni2662
ENCODING 9826
SWIDTH 1000 0
DWIDTH 16 0
BBX 12 15 2 -1
BITMAP
0400
0600
0600
0900
1080
2040
4020
C030
4020
2040
2040
1080
0900
0600
0600
ENDCHAR
STARTCHAR club
ENCODING 9827
SWIDTH 688 0
DWIDTH 11 0
BBX 10 10 0 0
BITMAP
1C00
1E00
1E00
7F80
FFC0
FFC0
FFC0
7B80
0C00
1E00
ENDCHAR
STARTCHAR uni2664
ENCODING 9828
SWIDTH 1000 0
DWIDTH 16 0
BBX 14 15 1 -1
BITMAP
0200
0300
0480
0840
1020
2010
4008
4008
8004
8004
8004
4788
3B70
0500
0780
ENDCHAR
STARTCHAR heart
ENCODING 9829
SWIDTH 625 0
DWIDTH 10 0
BBX 9 9 0 0
BITMAP
7700
F780
FF80
7F00
7F00
3E00
1C00
0800
0800
ENDCHAR
STARTCHAR diamond
ENCODING 9830
SWIDTH 500 0
DWIDTH 8 0
BBX 7 9 1 0
BITMAP
10
38
38
7C
FE
7C
38
38
10
ENDCHAR
STARTCHAR uni2667
ENCODING 9831
SWIDTH 1000 0
DWIDTH 16 0
BBX 14 14 1 -1
BITMAP
0780
0840
0840
1020
0840
3870
4008
8004
8004
8004
8784
7B78
0500
0780
ENDCHAR
STARTCHAR uni2668
ENCODING 9832
SWIDTH 1000 0
DWIDTH 16 0
BBX 14 13 1 0
BITMAP
0100
0A60
1240
1240
1240
0B40
2930
4928
8924
9144
4208
7038
1FE0
ENDCHAR
STARTCHAR uni2669
ENCODING 9833
SWIDTH 1000 0
DWIDTH 16 0
BBX 4 14 5 -1
BITMAP
10
10
10
10
10
10
10
10
10
10
10
F0
F0
E0
ENDCHAR
STARTCHAR musicalnote
ENCODING 9834
SWIDTH 500 0
DWIDTH 8 0
BBX 5 9 2 0
BITMAP
20
30
30
28
28
28
20
E0
C0
ENDCHAR
STARTCHAR musicalnotedbl
ENCODING 9835
SWIDTH 750 0
DWIDTH 12 0
BBX 8 9 2 0
BITMAP
03
3D
27
39
21
21
21
E7
C6
ENDCHAR
STARTCHAR uni266C
ENCODING 9836
SWIDTH 1000 0
DWIDTH 16 0
BBX 14 16 0 -2
BITMAP
0004
00FC
0FE4
0C0C
09FC
0FC4
0804
0804
0804
0804
083C
0878
3878
7800
F000
4000
ENDCHAR
STARTCHAR uni266D
ENCODING 9837
SWIDTH 1000 0
DWIDTH 16 0
BBX 6 14 6 -1
BITMAP
80
80
80
80
80
90
EC
8C
8C
88
90
E0
80
80
ENDCHAR
STARTCHAR uni266E
ENCODING 9838
SWIDTH 1000 0
DWIDTH 16 0
BBX 6 14 5 -1
BITMAP
80
80
80
BC
F4
84
84
84
8C
FC
84
04
04
04
ENDCHAR
STARTCHAR uni266F
ENCODING 9839
SWIDTH 1000 0
DWIDTH 16 0
BBX 8 14 4 -1
BITMAP
24
24
24
27
FF
E4
24
24
2F
FC
24
24
24
20
ENDCHAR
STARTCHAR uni2672
ENCODING 9842
SWIDTH 1000 0
DWIDTH 16 0
BBX 16 15 0 -2
BITMAP
0FF0
110C
1188
1248
0EB4
F80A
4812
8811
9009
5046
3F7A
2184
2184
1E78
0020
ENDCHAR
STARTCHAR uni2673
ENCODING 9843
SWIDTH 1000 0
DWIDTH 16 0
BBX 16 15 0 -2
BITMAP
03C0
0660
0660
0C38
1870
0988
739C
318C
6986
6186
C003
C043
7FFE
1F78
0020
ENDCHAR
STARTCHAR uni2674
ENCODING 9844
SWIDTH 1000 0
DWIDTH 16 0
BBX 16 15 0 -2
BITMAP
03C0
0660
0660
0C38
1870
0B88
72DC
308C
6986
63C6
C003
C043
7FFE
1F78
0020
ENDCHAR
STARTCHAR uni2675
ENCODING 9845
SWIDTH 1000 0
DWIDTH 16 0
BBX 16 15 0 -2
BITMAP
03C0
0660
0660
0C38
1870
0B88
72DC
318C
6AC6
6386
C003
C043
7FFE
1F78
0020
ENDCHAR
STARTCHAR uni2676
ENCODING 9846
SWIDTH 1000 0
DWIDTH 16 0
BBX 16 15 0 -2
BITMAP
03C0
0660
0660
0C38
1870
0988
719C
328C
6BC6
6086
C003
C043
7FFE
1F78
0020
ENDCHAR
STARTCHAR uni2677
ENCODING 9847
SWIDTH 1000 0
DWIDTH 16 0
BBX 16 15 0 -2
BITMAP
03C0
0660
0660
0C38
1870
0B88
731C
338C
6AC6
6386
C003
C043
7FFE
1F78
0020
ENDCHAR
STARTCHAR uni2678
ENCODING 9848
SWIDTH 1000 0
DWIDTH 16 0
BBX 16 15 0 -2
BITMAP
03C0
0660
0660
0C38
1870
09C8
721C
33CC
6AC6
6186
C003
C043
7FFE
1F78
0020
ENDCHAR
STARTCHAR uni2679
ENCODING 9849
SWIDTH 1000 0
DWIDTH 16 0
BBX 16 15 0 -2
BITMAP
03C0
0660
0660
0C38
1870
0BC8
709C
318C
6986
6106
C003
C043
7FFE
1F78
0020
ENDCHAR
STARTCHAR uni267A
ENCODING 9850
SWIDTH 1000 0
DWIDTH 16 0
BBX 16 16 0 -2
BITMAP
0000
03C0
0660
0660
0C38
0870
1808
701C
300C
6806
6006
C003
4042
7F7E
0F70
0020
ENDCHAR
STARTCHAR uni267B
ENCODING 9851
SWIDTH 1000 0
DWIDTH 16 0
BBX 16 15 0 -2
BITMAP
0FF0
0FF4
1E78
1E78
04B4
F00E
781E
F80F
700F
6044
3E7E
3EFC
1E78
0040
0020
ENDCHAR
STARTCHAR uni267C
ENCODING 9852
SWIDTH 1000 0
DWIDTH 16 0
BBX 16 15 0 -1
BITMAP
0180
0FF0
1918
308C
718E
798E
47F6
C7E3
C7E3
4FF2
708E
7106
308C
1FB8
0FF0
ENDCHAR
STARTCHAR uni267D
ENCODING 9853
SWIDTH 1000 0
DWIDTH 16 0
BBX 16 15 0 -1
BITMAP
03C0
0C30
17E8
27F4
4E72
46E2
B809
B83D
BC1D
B04D
5F7A
5FFA
2F74
1048
0FF0
ENDCHAR
STARTCHAR uni26A0
ENCODING 9888
SWIDTH 1000 0
DWIDTH 16 0
BBX 14 13 1 0
BITMAP
0780
0480
0840
0B40
1320
2310
2110
4108
4008
8304
8304
8004
FFFC
ENDCHAR
STARTCHAR uni26BD
ENCODING 9917
SWIDTH 1000 0
DWIDTH 16 0
BBX 15 15 1 -1
BITMAP
0300
1FE0
2110
4108
C10C
C30C
F7BC
8FC6
87C2
8782
8784
8844
7038
3830
1FE0
ENDCHAR
STARTCHAR uni26BE
ENCODING 9918
SWIDTH 1000 0
DWIDTH 16 0
BBX 14 14 1 -1
BITMAP
1FE0
2010
5028
8848
8004
8484
8484
8484
8484
8844
4848
5028
3030
0FC0
ENDCHAR
STARTCHAR uni2702
ENCODING 9986
SWIDTH 1000 0
DWIDTH 16 0
BBX 14 12 1 0
BITMAP
E000
9000
900C
7030
0CC0
0380
0680
19E0
7030
900C
9000
6000
ENDCHAR
STARTCHAR uni2713
ENCODING 10003
SWIDTH 688 0
DWIDTH 11 0
BBX 11 12 0 0
BITMAP
0060
00C0
0080
0100
0300
0200
8600
C400
4C00
6800
2800
3000
ENDCHAR
STARTCHAR uni271A
ENCODING 10010
SWIDTH 1000 0
DWIDTH 16 0
BBX 14 14 1 -1
BITMAP
0780
0780
0780
0780
0780
FFFC
FFFC
FFFC
FFFC
0780
0780
0780
0780
0780
ENDCHAR
STARTCHAR uni273D
ENCODING 10045
SWIDTH 1000 0
DWIDTH 16 0
BBX 10 12 3 0
BITMAP
0C00
0C00
0C00
C8C0
6980
1E00
1A00
6980
C8C0
0C00
0C00
0C00
ENDCHAR
STARTCHAR uni273F
ENCODING 10047
SWIDTH 1000 0
DWIDTH 16 0
BBX 16 15 0 -1
BITMAP
0220
07E0
03C0
23C4
73CE
3DBC
7DBE
FE7F
300C
07E0
1FF8
3E7C
3E7C
0E70
0420
ENDCHAR
STARTCHAR uni2740
ENCODING 10048
SWIDTH 1000 0
DWIDTH 16 0
BBX 16 15 0 -1
BITMAP
0260
05A0
0420
2244
5A5A
45A2
43C2
8241
7C3E
07E0
1998
2184
2244
1A58
0E60
ENDCHAR
STARTCHAR uni2756
ENCODING 10070
SWIDTH 1000 0
DWIDTH 16 0
BBX 16 16 0 -2
BITMAP
0100
0180
03C0
07E0
03C0
1188
381C
FC3F
7C3E
381C
1188
03C0
07E0
03C0
0180
0100
ENDCHAR
STARTCHAR uni2776
ENCODING 10102
SWIDTH 1000 0
DWIDTH 16 0
BBX 14 15 1 -1
BITMAP
0300
1FE0
3FF0
7FF8
F8FC
FEFC
FEFC
FEFC
FEFC
FEFC
FEFC
FEFC
7FF8
3FF0
0FC0
ENDCHAR
STARTCHAR uni2777
ENCODING 10103
SWIDTH 1000 0
DWIDTH 16 0
BBX 14 15 1 -1
BITMAP
0300
1FE0
3FF0
7FF8
F07C
FF3C
FF3C
FF7C
FE7C
FCFC
FBFC
F03C
7FF8
3FF0
0FC0
ENDCHAR
STARTCHAR uni2778
ENCODING 10104
SWIDTH 1000 0
DWIDTH 16 0
BBX 14 15 1 -1
BITMAP
0300
1FE0
3FF0
7FF8
F07C
FF3C
FF3C
FCFC
FF3C
FFBC
F73C
F87C
7FF8
3FF0
0FC0
ENDCHAR
STARTCHAR uni2779
ENCODING 10105
SWIDTH 1000 0
DWIDTH 16 0
BBX 14 15 1 -1
BITMAP
0300
1FE0
3FF0
7FF8
FE7C
FD7C
FA7C
F27C
F67C
E03C
FE7C
FE7C
7FF8
3FF0
0FC0
ENDCHAR
STARTCHAR uni277A
ENCODING 10106
SWIDTH 1000 0
DWIDTH 16 0
BBX 14 15 1 -1
BITMAP
0300
1FE0
3FF0
7FF8
F83C
FBFC
FBFC
F87C
FFBC
FFBC
F73C
F87C
7FF8
3FF0
0FC0
ENDCHAR
STARTCHAR uni277B
ENCODING 10107
SWIDTH 1000 0
DWIDTH 16 0
BBX 14 15 1 -1
BITMAP
0300
1FE0
3FF0
7EF8
F83C
F3FC
F7FC
F47C
F73C
F7BC
F33C
F87C
7FF8
3FF0
0FC0
ENDCHAR
STARTCHAR uni277C
ENCODING 10108
SWIDTH 1000 0
DWIDTH 16 0
BBX 14 15 1 -1
BITMAP
0300
1FE0
3FF0
7FF8
F03C
FF7C
FEFC
FEFC
FCFC
FDFC
FDFC
FDFC
7FF8
3FF0
0FC0
ENDCHAR
STARTCHAR uni277D
ENCODING 10109
SWIDTH 1000 0
DWIDTH 16 0
BBX 14 15 1 -1
BITMAP
0300
1FE0
3FF0
7FF8
FB7C
F3BC
FB3C
FCFC
F37C
F7BC
F7BC
F87C
7FF8
3FF0
0FC0
ENDCHAR
STARTCHAR uni277E
ENCODING 10110
SWIDTH 1000 0
DWIDTH 16 0
BBX 14 15 1 -1
BITMAP
0300
1FE0
3FF0
7FF8
FA7C
F3BC
F7BC
F33C
F8BC
FFBC
FF3C
F87C
7FF8
3FF0
0FC0
ENDCHAR
STARTCHAR uni277F
ENCODING 10111
SWIDTH 1000 0
DWIDTH 16 0
BBX 14 15 1 -1
BITMAP
0300
1FE0
3FF0
7FF8
C61C
F6DC
F6CC
F4CC
F4CC
F6DC
F6DC
F71C
7FF8
3FF0
0FC0
ENDCHAR
STARTCHAR uni2780
ENCODING 10112
SWIDTH 1000 0
DWIDTH 16 0
BBX 14 15 1 -1
BITMAP
0780
1860
2010
4008
8704
8104
8104
8104
8104
8104
8104
8104
4008
2010
1FE0
ENDCHAR
STARTCHAR uni2781
ENCODING 10113
SWIDTH 1000 0
DWIDTH 16 0
BBX 14 15 1 -1
BITMAP
0780
1860
2010
4208
8F84
80C4
80C4
8084
8184
8304
8604
8FC4
4008
2010
1FE0
ENDCHAR
STARTCHAR uni2782
ENCODING 10114
SWIDTH 1000 0
DWIDTH 16 0
BBX 14 15 1 -1
BITMAP
0780
1860
2010
4208
8F84
80C4
80C4
8304
80C4
8044
88C4
8784
4008
2010
1FE0
ENDCHAR
STARTCHAR uni2783
ENCODING 10115
SWIDTH 1000 0
DWIDTH 16 0
BBX 14 15 1 -1
BITMAP
0780
1860
2010
4008
8184
8384
8584
8D84
8984
9FC4
8184
8184
4008
2010
1FE0
ENDCHAR
STARTCHAR uni2784
ENCODING 10116
SWIDTH 1000 0
DWIDTH 16 0
BBX 14 15 1 -1
BITMAP
0780
1860
2010
4008
87C4
8404
8404
8784
8044
8044
88C4
8784
4008
2010
1FE0
ENDCHAR
STARTCHAR uni2785
ENCODING 10117
SWIDTH 1000 0
DWIDTH 16 0
BBX 14 15 1 -1
BITMAP
0780
1860
2010
4108
87C4
8C04
8804
8F84
88C4
8844
8CC4
8784
4008
2010
1FE0
ENDCHAR
STARTCHAR uni2786
ENCODING 10118
SWIDTH 1000 0
DWIDTH 16 0
BBX 14 15 1 -1
BITMAP
0780
1860
2010
4008
8FC4
8084
8104
8104
8304
8204
8204
8204
4008
2010
1FE0
ENDCHAR
STARTCHAR uni2787
ENCODING 10119
SWIDTH 1000 0
DWIDTH 16 0
BBX 14 15 1 -1
BITMAP
0780
1860
2010
4208
8584
8C44
84C4
8784
8C84
8844
8844
8784
4008
2010
1FE0
ENDCHAR
STARTCHAR uni2788
ENCODING 10120
SWIDTH 1000 0
DWIDTH 16 0
BBX 14 15 1 -1
BITMAP
0780
1860
2010
4208
8784
8C44
8844
8CC4
8744
8044
84C4
8F84
4008
2010
1FE0
ENDCHAR
STARTCHAR uni2789
ENCODING 10121
SWIDTH 1000 0
DWIDTH 16 0
BBX 14 15 1 -1
BITMAP
0780
1860
2010
4048
B9E4
8924
8934
8B34
8B34
8924
8924
88E4
4008
2010
1FE0
ENDCHAR
STARTCHAR uni278A
ENCODING 10122
SWIDTH 1000 0
DWIDTH 16 0
BBX 14 15 1 -1
BITMAP
0300
1FE0
3FF0
7FF8
F8FC
FEFC
FEFC
FEFC
FEFC
FEFC
FEFC
FEFC
7FF8
3FF0
0FC0
ENDCHAR
STARTCHAR uni278B
ENCODING 10123
SWIDTH 1000 0
DWIDTH 16 0
BBX 14 15 1 -1
BITMAP
0300
1FE0
3FF0
7FF8
F07C
FF3C
FF3C
FF7C
FE7C
FCFC
FBFC
F03C
7FF8
3FF0
0FC0
ENDCHAR
STARTCHAR uni278C
ENCODING 10124
SWIDTH 1000 0
DWIDTH 16 0
BBX 14 15 1 -1
BITMAP
0300
1FE0
3FF0
7FF8
F07C
FF3C
FF3C
FCFC
FF3C
FFBC
F73C
F87C
7FF8
3FF0
0FC0
ENDCHAR
STARTCHAR uni278D
ENCODING 10125
SWIDTH 1000 0
DWIDTH 16 0
BBX 14 15 1 -1
BITMAP
0300
1FE0
3FF0
7FF8
FE7C
FD7C
FA7C
F27C
F67C
E03C
FE7C
FE7C
7FF8
3FF0
0FC0
ENDCHAR
STARTCHAR uni278E
ENCODING 10126
SWIDTH 1000 0
DWIDTH 16 0
BBX 14 15 1 -1
BITMAP
0300
1FE0
3FF0
7FF8
F83C
FBFC
FBFC
F87C
FFBC
FFBC
F73C
F87C
7FF8
3FF0
0FC0
ENDCHAR
STARTCHAR uni278F
ENCODING 10127
SWIDTH 1000 0
DWIDTH 16 0
BBX 14 15 1 -1
BITMAP
0300
1FE0
3FF0
7EF8
F83C
F3FC
F7FC
F47C
F73C
F7BC
F33C
F87C
7FF8
3FF0
0FC0
ENDCHAR
STARTCHAR uni2790
ENCODING 10128
SWIDTH 1000 0
DWIDTH 16 0
BBX 14 15 1 -1
BITMAP
0300
1FE0
3FF0
7FF8
F03C
FF7C
FEFC
FEFC
FCFC
FDFC
FDFC
FDFC
7FF8
3FF0
0FC0
ENDCHAR
STARTCHAR uni2791
ENCODING 10129
SWIDTH 1000 0
DWIDTH 16 0
BBX 14 15 1 -1
BITMAP
0300
1FE0
3FF0
7FF8
FB7C
F3BC
FB3C
FCFC
F37C
F7BC
F7BC
F87C
7FF8
3FF0
0FC0
ENDCHAR
STARTCHAR uni2792
ENCODING 10130
SWIDTH 1000 0
DWIDTH 16 0
BBX 14 15 1 -1
BITMAP
0300
1FE0
3FF0
7FF8
FA7C
F3BC
F7BC
F33C
F8BC
FFBC
FF3C
F87C
7FF8
3FF0
0FC0
ENDCHAR
STARTCHAR uni2793
ENCODING 10131
SWIDTH 1000 0
DWIDTH 16 0
BBX 14 15 1 -1
BITMAP
0300
1FE0
3FF0
7FF8
C61C
F6DC
F6CC
F4CC
F4CC
F6DC
F6DC
F71C
7FF8
3FF0
0FC0
ENDCHAR
STARTCHAR uni27A1
ENCODING 10145
SWIDTH 1000 0
DWIDTH 16 0
BBX 14 11 1 1
BITMAP
0080
0080
00E0
FFF0
FFF8
FFFC
FFFC
FFF8
FFF0
00C0
0080
ENDCHAR
STARTCHAR uni2934
ENCODING 10548
SWIDTH 1000 0
DWIDTH 16 0
BBX 15 15 1 -1
BITMAP
0020
0030
0070
00F8
01A6
0122
0020
0020
0020
0060
0040
0080
0100
0E00
F800
ENDCHAR
STARTCHAR uni2935
ENCODING 10549
SWIDTH 1000 0
DWIDTH 16 0
BBX 15 14 1 -1
BITMAP
F800
0600
0180
00C0
0040
0060
0020
0020
0020
0122
00A4
0078
0030
0030
ENDCHAR
STARTCHAR uni29BF
ENCODING 10687
SWIDTH 1000 0
DWIDTH 16 0
BBX 14 14 1 -1
BITMAP
1FE0
2010
4008
8008
8304
8784
8FC4
8FC4
8784
8304
4008
4008
3030
0FC0
ENDCHAR
STARTCHAR uni29FA
ENCODING 10746
SWIDTH 1000 0
DWIDTH 16 0
BBX 12 12 2 0
BITMAP
1980
1980
1980
1980
1980
FFF0
1980
1980
1980
1980
1980
1980
ENDCHAR
STARTCHAR uni29FB
ENCODING 10747
SWIDTH 1000 0
DWIDTH 16 0
BBX 12 12 2 0
BITMAP
36C0
36C0
36C0
36C0
36C0
FFF0
36C0
36C0
36C0
36C0
36C0
36C0
ENDCHAR
STARTCHAR uni2B05
ENCODING 11013
SWIDTH 1000 0
DWIDTH 16 0
BBX 14 11 1 1
BITMAP
0400
0400
1C00
3FFC
7FFC
FFFC
FFFC
7FFC
3FFC
0C00
0400
ENDCHAR
STARTCHAR uni2B06
ENCODING 11014
SWIDTH 1000 0
DWIDTH 16 0
BBX 10 15 3 -1
BITMAP
0800
0C00
1E00
3F00
7F80
7F80
FFC0
3F00
3F00
3F00
3F00
3F00
3F00
3F00
3F00
ENDCHAR
STARTCHAR uni2B07
ENCODING 11015
SWIDTH 1000 0
DWIDTH 16 0
BBX 10 14 3 -1
BITMAP
3F00
3F00
3F00
3F00
3F00
3F00
3F00
3F00
FFC0
7F80
3F00
3F00
1E00
0C00
ENDCHAR
STARTCHAR uni2B1A
ENCODING 11034
SWIDTH 1000 0
DWIDTH 16 0
BBX 14 14 1 -1
BITMAP
B4B4
0000
8004
8004
0000
8004
0000
8004
8004
0000
8004
8004
0000
B4B4
ENDCHAR
STARTCHAR uni2B95
ENCODING 11157
SWIDTH 1000 0
DWIDTH 16 0
BBX 14 11 1 1
BITMAP
0080
0080
00E0
FFF0
FFF8
FFFC
FFFC
FFF8
FFF0
00C0
0080
ENDCHAR
STARTCHAR uni2E3A
ENCODING 11834
SWIDTH 1688 0
DWIDTH 27 0
BBX 25 1 1 4
BITMAP
00000000
ENDCHAR
STARTCHAR uni2E3B
ENCODING 11835
SWIDTH 2438 0
DWIDTH 39 0
BBX 38 1 1 4
BITMAP
0000000000
ENDCHAR
STARTCHAR uni3000
ENCODING 12288
SWIDTH 1000 0
DWIDTH 16 0
BBX 0 0 0 0
BITMAP
ENDCHAR
STARTCHAR uni3001
ENCODING 12289
SWIDTH 1000 0
DWIDTH 16 0
BBX 4 5 1 -1
BITMAP
80
C0
60
30
10
ENDCHAR
STARTCHAR uni3002
ENCODING 12290
SWIDTH 1000 0
DWIDTH 16 0
BBX 5 5 1 -1
BITMAP
60
90
88
90
70
ENDCHAR
STARTCHAR uni3003
ENCODING 12291
SWIDTH 1000 0
DWIDTH 16 0
BBX 8 8 4 2
BITMAP
31
23
63
42
46
C4
84
88
ENDCHAR
STARTCHAR uni3004
ENCODING 12292
SWIDTH 1000 0
DWIDTH 16 0
BBX 14 14 1 -1
BITMAP
1E20
2030
4028
8024
8124
81C4
8204
8604
8A04
8A04
8808
4408
2430
19C0
ENDCHAR
STARTCHAR uni3005
ENCODING 12293
SWIDTH 1000 0
DWIDTH 16 0
BBX 11 13 2 0
BITMAP
0800
0C00
0800
1800
1FE0
3060
2040
60C0
C880
9F80
0300
0180
0040
ENDCHAR
STARTCHAR uni3006
ENCODING 12294
SWIDTH 1000 0
DWIDTH 16 0
BBX 11 13 3 -1
BITMAP
0060
00C0
2180
7100
1E00
0600
0F00
19C0
9060
B000
E000
C000
8000
ENDCHAR
STARTCHAR uni3007
ENCODING 12295
SWIDTH 1000 0
DWIDTH 16 0
BBX 14 14 1 -1
BITMAP
0FC0
3030
6018
4008
C00C
8004
8004
8004
8004
C00C
4008
6018
3870
0FC0
ENDCHAR
STARTCHAR uni3008
ENCODING 12296
SWIDTH 1000 0
DWIDTH 16 0
BBX 6 15 9 -1
BITMAP
04
0C
08
18
10
20
60
C0
40
60
20
10
18
08
04
ENDCHAR
STARTCHAR uni3009
ENCODING 12297
SWIDTH 1000 0
DWIDTH 16 0
BBX 6 15 1 -1
BITMAP
80
C0
40
60
20
10
18
0C
08
18
10
20
60
40
80
ENDCHAR
STARTCHAR uni300A
ENCODING 12298
SWIDTH 1000 0
DWIDTH 16 0
BBX 7 15 8 -1
BITMAP
0A
0A
12
14
24
28
48
D0
50
48
28
24
14
12
0A
ENDCHAR
STARTCHAR uni300B
ENCODING 12299
SWIDTH 1000 0
DWIDTH 16 0
BBX 7 15 1 -1
BITMAP
A0
A0
90
50
48
28
24
16
14
24
28
48
50
90
A0
ENDCHAR
STARTCHAR uni300C
ENCODING 12300
SWIDTH 1000 0
DWIDTH 16 0
BBX 5 11 10 3
BITMAP
F8
F8
C0
C0
C0
C0
C0
C0
C0
C0
C0
ENDCHAR
STARTCHAR uni300D
ENCODING 12301
SWIDTH 1000 0
DWIDTH 16 0
BBX 5 10 1 -1
BITMAP
18
18
18
18
18
18
18
18
18
F8
ENDCHAR
STARTCHAR uni300E
ENCODING 12302
SWIDTH 1000 0
DWIDTH 16 0
BBX 5 11 10 3
BITMAP
F8
88
B8
A0
A0
A0
A0
A0
A0
A0
E0
ENDCHAR
STARTCHAR uni300F
ENCODING 12303
SWIDTH 1000 0
DWIDTH 16 0
BBX 5 10 1 -1
BITMAP
38
28
28
28
28
28
28
28
C8
F8
ENDCHAR
STARTCHAR uni3010
ENCODING 12304
SWIDTH 1000 0
DWIDTH 16 0
BBX 4 15 11 -1
BITMAP
F0
F0
E0
C0
C0
C0
80
80
80
80
C0
C0
C0
E0
F0
ENDCHAR
STARTCHAR uni3011
ENCODING 12305
SWIDTH 1000 0
DWIDTH 16 0
BBX 4 15 1 -1
BITMAP
F0
F0
70
30
30
30
10
10
10
10
30
30
30
70
F0
ENDCHAR
STARTCHAR uni3012
ENCODING 12306
SWIDTH 1000 0
DWIDTH 16 0
BBX 10 11 3 0
BITMAP
FFC0
0000
0000
FFC0
0C00
0C00
0C00
0C00
0C00
0C00
0C00
ENDCHAR
STARTCHAR uni3013
ENCODING 12307
SWIDTH 1000 0
DWIDTH 16 0
BBX 12 12 2 0
BITMAP
FFF0
FFF0
FFF0
FFF0
0000
0000
0000
0000
FFF0
FFF0
FFF0
FFF0
ENDCHAR
STARTCHAR uni3014
ENCODING 12308
SWIDTH 1000 0
DWIDTH 16 0
BBX 4 16 11 -2
BITMAP
10
30
C0
C0
C0
C0
C0
C0
C0
C0
C0
C0
C0
40
30
10
ENDCHAR
STARTCHAR uni3015
ENCODING 12309
SWIDTH 1000 0
DWIDTH 16 0
BBX 4 16 1 -2
BITMAP
80
C0
30
30
30
30
30
30
30
30
30
30
30
20
C0
80
ENDCHAR
STARTCHAR uni3016
ENCODING 12310
SWIDTH 1000 0
DWIDTH 16 0
BBX 5 15 10 -1
BITMAP
F8
90
A0
A0
C0
C0
80
80
80
80
C0
C0
A0
A0
F8
ENDCHAR
STARTCHAR uni3017
ENCODING 12311
SWIDTH 1000 0
DWIDTH 16 0
BBX 5 15 1 -1
BITMAP
F8
48
28
28
18
18
18
18
18
18
18
18
28
28
F8
ENDCHAR
STARTCHAR uni3018
ENCODING 12312
SWIDTH 1000 0
DWIDTH 16 0
BBX 6 16 10 -2
BITMAP
18
28
CC
90
A0
A0
A0
A0
A0
A0
A0
A0
90
4C
38
08
ENDCHAR
STARTCHAR uni3019
ENCODING 12313
SWIDTH 1000 0
DWIDTH 16 0
BBX 6 16 0 -2
BITMAP
60
50
CC
24
14
14
14
14
14
14
14
14
24
C8
70
40
ENDCHAR
STARTCHAR uni301A
ENCODING 12314
SWIDTH 1000 0
DWIDTH 16 0
BBX 5 15 11 -1
BITMAP
F8
A0
A0
A0
A0
A0
A0
A0
A0
A0
A0
A0
A0
A0
F8
ENDCHAR
STARTCHAR uni301B
ENCODING 12315
SWIDTH 1000 0
DWIDTH 16 0
BBX 5 15 0 -1
BITMAP
F8
28
28
28
28
28
28
28
28
28
28
28
28
28
F8
ENDCHAR
STARTCHAR uni301C
ENCODING 12316
SWIDTH 1000 0
DWIDTH 16 0
BBX 14 4 1 4
BITMAP
7C00
C604
8198
00F0
ENDCHAR
STARTCHAR uni301D
ENCODING 12317
SWIDTH 1000 0
DWIDTH 16 0
BBX 4 7 11 7
BITMAP
80
C0
60
90
C0
60
10
ENDCHAR
STARTCHAR uni301E
ENCODING 12318
SWIDTH 1000 0
DWIDTH 16 0
BBX 4 7 1 7
BITMAP
10
30
60
90
30
60
80
ENDCHAR
STARTCHAR uni301F
ENCODING 12319
SWIDTH 1000 0
DWIDTH 16 0
BBX 4 6 1 -1
BITMAP
80
60
30
80
60
30
ENDCHAR
STARTCHAR uni3020
ENCODING 12320
SWIDTH 1000 0
DWIDTH 16 0
BBX 14 12 1 0
BITMAP
7FF8
7FF8
0000
7FF8
4308
BB74
AB54
9324
4848
4848
37B0
0FC0
ENDCHAR
STARTCHAR uni3021
ENCODING 12321
SWIDTH 1000 0
DWIDTH 16 0
BBX 2 14 7 -1
BITMAP
C0
C0
C0
C0
C0
C0
C0
C0
C0
C0
C0
C0
C0
C0
ENDCHAR
STARTCHAR uni3022
ENCODING 12322
SWIDTH 1000 0
DWIDTH 16 0
BBX 6 14 5 -1
BITMAP
04
04
C4
C4
C4
C4
C4
C4
C4
C4
C4
C4
04
04
ENDCHAR
STARTCHAR uni3023
ENCODING 12323
SWIDTH 1000 0
DWIDTH 16 0
BBX 9 14 4 -1
BITMAP
0080
8080
8880
8880
8880
8880
8880
8880
8880
8880
8880
8080
0080
0080
ENDCHAR
STARTCHAR uni3024
ENCODING 12324
SWIDTH 1000 0
DWIDTH 16 0
BBX 12 12 2 0
BITMAP
0060
3060
1840
0CC0
0680
0380
0180
03C0
0640
1C60
7030
E010
ENDCHAR
STARTCHAR uni3025
ENCODING 12325
SWIDTH 1000 0
DWIDTH 16 0
BBX 8 13 4 0
BITMAP
20
64
46
42
C2
66
18
66
C3
81
81
C3
7E
ENDCHAR
STARTCHAR uni3026
ENCODING 12326
SWIDTH 1000 0
DWIDTH 16 0
BBX 14 5 1 7
BITMAP
0300
0300
0300
0000
FFFC
ENDCHAR
STARTCHAR uni3027
ENCODING 12327
SWIDTH 1000 0
DWIDTH 16 0
BBX 14 9 1 3
BITMAP
0300
0300
0300
FFFC
0000
0000
0000
0000
3FE0
ENDCHAR
STARTCHAR uni3028
ENCODING 12328
SWIDTH 1000 0
DWIDTH 16 0
BBX 14 13 1 0
BITMAP
0300
0300
0300
0000
FFFC
0000
0000
0000
3FE0
0000
0000
0000
FFFC
ENDCHAR
STARTCHAR uni3029
ENCODING 12329
SWIDTH 1000 0
DWIDTH 16 0
BBX 14 14 1 -1
BITMAP
0300
0300
0300
3FF0
0020
3020
1040
08C0
0780
0300
07C0
1C70
F01C
4000
ENDCHAR
STARTCHAR uni302A
ENCODING 12330
SWIDTH 0 0
DWIDTH 0 0
BBX 3 3 -16 -5
BITMAP
E0
A0
C0
ENDCHAR
STARTCHAR uni302B
ENCODING 12331
SWIDTH 0 0
DWIDTH 0 0
BBX 3 3 -16 14
BITMAP
E0
A0
E0
ENDCHAR
STARTCHAR uni302C
ENCODING 12332
SWIDTH 0 0
DWIDTH 0 0
BBX 3 3 -3 14
BITMAP
E0
A0
E0
ENDCHAR
STARTCHAR uni302D
ENCODING 12333
SWIDTH 0 0
DWIDTH 0 0
BBX 3 3 -3 -5
BITMAP
E0
A0
40
ENDCHAR
STARTCHAR uni302E
ENCODING 12334
SWIDTH 250 0
DWIDTH 4 0
BBX 2 2 1 5
BITMAP
C0
C0
ENDCHAR
STARTCHAR uni302F
ENCODING 12335
SWIDTH 250 0
DWIDTH 4 0
BBX 2 6 1 3
BITMAP
C0
C0
00
40
C0
C0
ENDCHAR
STARTCHAR uni3030
ENCODING 12336
SWIDTH 1000 0
DWIDTH 16 0
BBX 16 4 0 4
BITMAP
C3C3
4242
2424
3C3C
ENDCHAR
STARTCHAR uni3031
ENCODING 12337
SWIDTH 1000 0
DWIDTH 16 0
BBX 9 30 3 -9
BITMAP
0300
0300
0600
0400
0C00
0800
1800
1000
3000
2000
6000
4000
C000
8000
8000
C000
4000
6000
2000
3000
1800
0800
0C00
0400
0600
0200
0300
0100
0180
0100
ENDCHAR
STARTCHAR uni3032
ENCODING 12338
SWIDTH 1000 0
DWIDTH 16 0
BBX 11 30 3 -9
BITMAP
0300
0300
0600
0400
0C00
0800
18C0
1340
31E0
2000
6000
4000
C000
8000
8000
C000
4000
6000
2000
3000
1800
0800
0C00
0400
0600
0200
0300
0100
0180
0100
ENDCHAR
STARTCHAR uni3033
ENCODING 12339
SWIDTH 1000 0
DWIDTH 16 0
BBX 8 15 3 -2
BITMAP
03
03
06
04
0C
08
18
10
30
20
60
40
C0
80
C0
ENDCHAR
STARTCHAR uni3034
ENCODING 12340
SWIDTH 1000 0
DWIDTH 16 0
BBX 11 15 3 -2
BITMAP
0300
0300
0600
0400
0C00
0800
18C0
1340
31E0
2000
6000
4000
C000
8000
C000
ENDCHAR
STARTCHAR uni3035
ENCODING 12341
SWIDTH 1000 0
DWIDTH 16 0
BBX 9 15 3 -1
BITMAP
C000
4000
6000
2000
3000
1800
0800
0C00
0400
0600
0200
0300
0100
0180
0100
ENDCHAR
STARTCHAR uni3036
ENCODING 12342
SWIDTH 1000 0
DWIDTH 16 0
BBX 14 14 1 -1
BITMAP
1FE0
2010
4008
8004
BFF4
8004
BFF4
8304
8304
8304
8304
4308
2010
1FE0
ENDCHAR
STARTCHAR uni3037
ENCODING 12343
SWIDTH 1000 0
DWIDTH 16 0
BBX 15 14 0 -1
BITMAP
4242
6246
2664
3424
143C
1818
0818
0818
1C18
143C
2424
2266
4242
C3C2
ENDCHAR
STARTCHAR uni3038
ENCODING 12344
SWIDTH 1000 0
DWIDTH 16 0
BBX 14 14 1 -1
BITMAP
0300
0300
0300
0300
0300
FFFC
0300
0300
0300
0300
0300
0300
0300
0300
ENDCHAR
STARTCHAR uni3039
ENCODING 12345
SWIDTH 1000 0
DWIDTH 16 0
BBX 14 14 1 -1
BITMAP
0840
0840
0840
0840
FFFC
FFFC
0840
0840
0840
0840
0840
0840
0840
0840
ENDCHAR
STARTCHAR uni303A
ENCODING 12346
SWIDTH 1000 0
DWIDTH 16 0
BBX 14 14 1 -1
BITMAP
1030
1130
1130
1130
1130
FFFC
1130
1130
1130
3130
2130
2130
6130
C030
ENDCHAR
STARTCHAR uni303B
ENCODING 12347
SWIDTH 1000 0
DWIDTH 16 0
BBX 8 14 4 -1
BITMAP
40
60
30
18
0E
1E
E0
40
60
30
1C
0F
18
60
ENDCHAR
STARTCHAR uni303C
ENCODING 12348
SWIDTH 1000 0
DWIDTH 16 0
BBX 12 12 2 0
BITMAP
FFF0
8030
8050
8090
8110
8210
8410
8810
9010
A010
C010
FFF0
ENDCHAR
STARTCHAR uni303D
ENCODING 12349
SWIDTH 1000 0
DWIDTH 16 0
BBX 14 11 1 0
BITMAP
3300
4C80
8080
0040
0040
0020
0020
0010
0008
0008
0004
ENDCHAR
STARTCHAR uni303E
ENCODING 12350
SWIDTH 1000 0
DWIDTH 16 0
BBX 14 14 1 -1
BITMAP
B4B4
0000
8004
8444
1BC0
8004
0100
8FC4
8FC4
0200
8204
8004
0000
B4B4
ENDCHAR
STARTCHAR uni303F
ENCODING 12351
SWIDTH 1000 0
DWIDTH 16 0
BBX 8 12 4 0
BITMAP
FF
C3
A5
A5
99
99
99
99
A5
C3
C3
FF
ENDCHAR
STARTCHAR uni3041
ENCODING 12353
SWIDTH 1000 0
DWIDTH 16 0
BBX 11 12 3 -1
BITMAP
0800
0840
FF80
1100
1F00
33C0
7240
D660
9C40
9840
E980
0200
ENDCHAR
STARTCHAR uni3042
ENCODING 12354
SWIDTH 1000 0
DWIDTH 16 0
BBX 12 14 2 -1
BITMAP
0C00
0800
FFE0
0800
08C0
0FC0
38B0
6910
4B10
8A10
8C10
9830
ECE0
0180
ENDCHAR
STARTCHAR uni3043
ENCODING 12355
SWIDTH 1000 0
DWIDTH 16 0
BBX 11 9 3 0
BITMAP
8100
8080
80C0
8040
8040
8840
CC60
4800
7800
ENDCHAR
STARTCHAR uni3044
ENCODING 12356
SWIDTH 1000 0
DWIDTH 16 0
BBX 13 11 2 0
BITMAP
C040
8060
8020
8030
8010
C010
C410
4618
4410
6C00
3800
ENDCHAR
STARTCHAR uni3045
ENCODING 12357
SWIDTH 1000 0
DWIDTH 16 0
BBX 8 11 4 -1
BITMAP
7E
02
00
7E
C1
01
01
01
03
1C
30
ENDCHAR
STARTCHAR uni3046
ENCODING 12358
SWIDTH 1000 0
DWIDTH 16 0
BBX 10 14 3 -1
BITMAP
4000
3F80
0000
0000
1F00
F180
80C0
0040
00C0
00C0
0180
0300
3E00
3000
ENDCHAR
STARTCHAR uni3047
ENCODING 12359
SWIDTH 1000 0
DWIDTH 16 0
BBX 11 11 3 -1
BITMAP
3F00
0100
0000
7F00
4200
0400
0800
1400
2200
C220
41C0
ENDCHAR
STARTCHAR uni3048
ENCODING 12360
SWIDTH 1000 0
DWIDTH 16 0
BBX 13 14 2 -1
BITMAP
1000
1F80
0000
0000
07C0
7F80
0300
0600
0C00
1F00
3100
6100
C1F8
40E0
ENDCHAR
STARTCHAR uni3049
ENCODING 12361
SWIDTH 1000 0
DWIDTH 16 0
BBX 11 11 3 -1
BITMAP
1000
1080
FEC0
1020
1000
1F80
7040
D040
9040
D180
7700
ENDCHAR
STARTCHAR uni304A
ENCODING 12362
SWIDTH 1000 0
DWIDTH 16 0
BBX 13 14 2 -1
BITMAP
1800
1000
1140
FF30
1018
1000
1380
1E60
7030
D010
9030
9060
73C0
2000
ENDCHAR
STARTCHAR uni304B
ENCODING 12363
SWIDTH 1000 0
DWIDTH 16 0
BBX 14 14 1 -1
BITMAP
0400
0C00
0C30
0810
FF98
08C8
184C
1044
10C4
30C0
2080
6080
CF80
4000
ENDCHAR
STARTCHAR uni304C
ENCODING 12364
SWIDTH 1000 0
DWIDTH 16 0
BBX 15 15 1 -1
BITMAP
000C
0814
0C16
0818
0830
FF98
08C8
10CC
10C4
1084
3080
2080
6080
CF00
4200
ENDCHAR
STARTCHAR uni304D
ENCODING 12365
SWIDTH 1000 0
DWIDTH 16 0
BBX 11 14 3 -1
BITMAP
0400
0440
FFC0
0200
0200
C7E0
FD00
0100
8080
C7C0
8000
8000
7180
3F80
ENDCHAR
STARTCHAR uni304E
ENCODING 12366
SWIDTH 1000 0
DWIDTH 16 0
BBX 13 14 2 -1
BITMAP
0450
0628
FFE0
0200
0200
83E0
FF00
0180
0080
43C0
C000
C000
7180
1F80
ENDCHAR
STARTCHAR uni304F
ENCODING 12367
SWIDTH 1000 0
DWIDTH 16 0
BBX 9 14 3 -1
BITMAP
0100
0300
0600
0800
3000
6000
C000
C000
6000
1800
0C00
0600
0380
0100
ENDCHAR
STARTCHAR uni3050
ENCODING 12368
SWIDTH 1000 0
DWIDTH 16 0
BBX 11 14 3 -1
BITMAP
0200
0300
0400
1880
3340
6160
C180
C000
6000
3000
0C00
0600
0300
0100
ENDCHAR
STARTCHAR uni3051
ENCODING 12369
SWIDTH 1000 0
DWIDTH 16 0
BBX 13 13 2 -1
BITMAP
4040
C040
8040
8FF8
8040
8040
8040
A040
A040
C0C0
C080
4180
0200
ENDCHAR
STARTCHAR uni3052
ENCODING 12370
SWIDTH 1000 0
DWIDTH 16 0
BBX 14 14 2 -1
BITMAP
0028
C0DC
C050
8040
8FF8
8040
8040
8040
A040
C0C0
C080
C080
C100
0600
ENDCHAR
STARTCHAR uni3053
ENCODING 12371
SWIDTH 1000 0
DWIDTH 16 0
BBX 10 11 3 0
BITMAP
7F80
0000
0000
0000
0000
0000
8000
8000
8000
C040
7FC0
ENDCHAR
STARTCHAR uni3054
ENCODING 12372
SWIDTH 1000 0
DWIDTH 16 0
BBX 14 14 2 -1
BITMAP
0038
002C
7FD0
0000
0000
0000
0000
0000
4000
4000
C000
4000
7FE0
0F00
ENDCHAR
STARTCHAR uni3055
ENCODING 12373
SWIDTH 1000 0
DWIDTH 16 0
BBX 11 14 3 -1
BITMAP
0400
0600
0220
FFE0
0300
0100
0180
0080
C7C0
8000
8000
C000
7F80
1F00
ENDCHAR
STARTCHAR uni3056
ENCODING 12374
SWIDTH 1000 0
DWIDTH 16 0
BBX 13 15 2 -1
BITMAP
0010
0268
0228
0310
FFF0
0100
0080
0080
0040
63E0
4000
4000
4000
38C0
1FC0
ENDCHAR
STARTCHAR uni3057
ENCODING 12375
SWIDTH 1000 0
DWIDTH 16 0
BBX 10 13 4 -1
BITMAP
8000
8000
8000
8000
8000
8000
8000
8000
8040
80C0
8180
FF00
3C00
ENDCHAR
STARTCHAR uni3058
ENCODING 12376
SWIDTH 1000 0
DWIDTH 16 0
BBX 10 13 4 -1
BITMAP
8100
8580
8680
8200
8000
8000
8000
8000
8040
80C0
8180
E700
7C00
ENDCHAR
STARTCHAR uni3059
ENCODING 12377
SWIDTH 1000 0
DWIDTH 16 0
BBX 13 14 2 -1
BITMAP
0100
0100
3FF8
FFF8
0100
0F00
1900
1100
1100
1F00
0100
0200
0C00
1800
ENDCHAR
STARTCHAR uni305A
ENCODING 12378
SWIDTH 1000 0
DWIDTH 16 0
BBX 14 14 1 -1
BITMAP
01A8
0114
0110
FFF8
0100
0700
0980
1880
1880
0F80
0780
0300
0600
1C00
ENDCHAR
STARTCHAR uni305B
ENCODING 12379
SWIDTH 1000 0
DWIDTH 16 0
BBX 14 12 1 0
BITMAP
1860
1020
1020
13FC
FE20
1020
1060
11C0
1000
1000
1800
0FF0
ENDCHAR
STARTCHAR uni305C
ENCODING 12380
SWIDTH 1000 0
DWIDTH 16 0
BBX 15 14 0 -1
BITMAP
0002
083A
0826
0820
087C
FFE0
8820
0820
08A0
08E0
0800
0800
0FF8
0180
ENDCHAR
STARTCHAR uni305D
ENCODING 12381
SWIDTH 1000 0
DWIDTH 16 0
BBX 12 13 2 -1
BITMAP
3FC0
0180
0300
0400
0800
7FF0
C400
0800
0800
0800
0800
07C0
01C0
ENDCHAR
STARTCHAR uni305E
ENCODING 12382
SWIDTH 1000 0
DWIDTH 16 0
BBX 14 13 1 -1
BITMAP
1FE0
0088
0328
0614
0C00
7FF8
E200
0400
0800
0800
0C00
07C0
01C0
ENDCHAR
STARTCHAR uni305F
ENCODING 12383
SWIDTH 1000 0
DWIDTH 16 0
BBX 13 14 2 -1
BITMAP
0800
0800
1900
FF00
1000
11F0
3008
2000
2000
6200
6600
4200
C3F8
4000
ENDCHAR
STARTCHAR uni3060
ENCODING 12384
SWIDTH 1000 0
DWIDTH 16 0
BBX 14 14 1 -1
BITMAP
0408
082C
0814
FF10
2800
19F8
11F8
1000
3000
2200
2200
6200
43F8
C060
ENDCHAR
STARTCHAR uni3061
ENCODING 12385
SWIDTH 1000 0
DWIDTH 16 0
BBX 12 14 2 -1
BITMAP
1800
1800
91E0
FF80
1000
3000
2380
3C60
3020
6030
0020
0060
1FC0
1E00
ENDCHAR
STARTCHAR uni3062
ENCODING 12386
SWIDTH 1000 0
DWIDTH 16 0
BBX 14 15 1 -1
BITMAP
0008
0034
0814
0878
FFC0
1000
1000
1180
3FE0
3030
6010
0010
0030
11E0
0F80
ENDCHAR
STARTCHAR uni3063
ENCODING 12387
SWIDTH 1000 0
DWIDTH 16 0
BBX 11 8 3 0
BITMAP
1F80
F0C0
8060
0060
0040
00C0
0180
1F00
ENDCHAR
STARTCHAR uni3064
ENCODING 12388
SWIDTH 1000 0
DWIDTH 16 0
BBX 14 10 1 0
BITMAP
0FF0
7818
C008
000C
0008
0008
0018
0070
0FC0
0600
ENDCHAR
STARTCHAR uni3065
ENCODING 12389
SWIDTH 1000 0
DWIDTH 16 0
BBX 14 13 1 0
BITMAP
0038
0014
0010
07E0
3C30
E018
0008
0008
0008
0018
0030
03E0
0F00
ENDCHAR
STARTCHAR uni3066
ENCODING 12390
SWIDTH 1000 0
DWIDTH 16 0
BBX 13 13 1 -1
BITMAP
0038
FFF8
C180
0300
0200
0600
0400
0400
0600
0200
0380
00F0
0010
ENDCHAR
STARTCHAR uni3067
ENCODING 12391
SWIDTH 1000 0
DWIDTH 16 0
BBX 14 13 1 -1
BITMAP
0008
FFF8
E180
0308
0228
0414
0400
0400
0400
0600
0300
01F0
0020
ENDCHAR
STARTCHAR uni3068
ENCODING 12392
SWIDTH 1000 0
DWIDTH 16 0
BBX 10 12 3 0
BITMAP
4000
6040
21C0
3700
1C00
3000
6000
4000
C000
C000
4000
7FC0
ENDCHAR
STARTCHAR uni3069
ENCODING 12393
SWIDTH 1000 0
DWIDTH 16 0
BBX 13 14 3 -1
BITMAP
0030
C050
4038
6180
2700
3C00
3000
6000
C000
8000
8000
C000
7FC0
1F00
ENDCHAR
STARTCHAR uni306A
ENCODING 12394
SWIDTH 1000 0
DWIDTH 16 0
BBX 14 14 1 -1
BITMAP
0400
0400
0D20
7F30
080C
1844
1040
3040
2040
67C0
CC70
0858
0CC8
0380
ENDCHAR
STARTCHAR uni306B
ENCODING 12395
SWIDTH 1000 0
DWIDTH 16 0
BBX 12 13 2 -1
BITMAP
4000
47F0
C7F0
C000
8000
8000
8000
A000
A400
CC00
C610
C3F0
8000
ENDCHAR
STARTCHAR uni306C
ENCODING 12396
SWIDTH 1000 0
DWIDTH 16 0
BBX 14 13 1 0
BITMAP
0100
0100
4100
27E0
3910
3318
7208
5208
DE08
8CF8
8D18
D91C
71E4
ENDCHAR
STARTCHAR uni306D
ENCODING 12397
SWIDTH 1000 0
DWIDTH 16 0
BBX 15 14 1 -1
BITMAP
0800
0800
0800
F9F0
9E10
1C08
1808
3008
7008
51F8
D11C
9116
11E0
1800
ENDCHAR
STARTCHAR uni306E
ENCODING 12398
SWIDTH 1000 0
DWIDTH 16 0
BBX 14 12 1 -1
BITMAP
0FE0
3130
2318
4208
4208
C20C
C608
4408
6C18
3830
01E0
0100
ENDCHAR
STARTCHAR uni306F
ENCODING 12399
SWIDTH 1000 0
DWIDTH 16 0
BBX 13 13 2 -1
BITMAP
4040
C040
C058
8FF0
8040
8040
8040
A040
C7C0
C870
C858
CFC0
C100
ENDCHAR
STARTCHAR uni3070
ENCODING 12400
SWIDTH 1000 0
DWIDTH 16 0
BBX 15 14 1 -1
BITMAP
0014
606C
404A
4048
47F8
4040
4040
C060
E060
E3E0
6478
446C
47C4
4380
ENDCHAR
STARTCHAR uni3071
ENCODING 12401
SWIDTH 1000 0
DWIDTH 16 0
BBX 15 14 1 -1
BITMAP
001E
6072
404C
4048
47F8
4040
4040
C060
E060
E3E0
6478
446C
47C4
4380
ENDCHAR
STARTCHAR uni3072
ENCODING 12402
SWIDTH 1000 0
DWIDTH 16 0
BBX 13 13 2 -1
BITMAP
04C0
FC40
1040
2060
2060
4070
4058
4048
C040
40C0
4080
7F00
1E00
ENDCHAR
STARTCHAR uni3073
ENCODING 12403
SWIDTH 1000 0
DWIDTH 16 0
BBX 15 14 1 -1
BITMAP
0004
0234
FE6A
8820
1020
3030
2030
2028
602C
4020
4040
60C0
3180
1F00
ENDCHAR
STARTCHAR uni3074
ENCODING 12404
SWIDTH 1000 0
DWIDTH 16 0
BBX 15 14 1 -1
BITMAP
000C
0232
FE76
8828
1020
3030
2030
2028
602C
4020
4040
60C0
3180
1F00
ENDCHAR
STARTCHAR uni3075
ENCODING 12405
SWIDTH 1000 0
DWIDTH 16 0
BBX 14 12 1 0
BITMAP
0600
0180
00C0
0180
0400
0600
0310
1198
1888
608C
C0C4
8F80
ENDCHAR
STARTCHAR uni3076
ENCODING 12406
SWIDTH 1000 0
DWIDTH 16 0
BBX 15 13 0 -1
BITMAP
0700
01DE
004A
008C
0000
0600
0118
0088
18C4
3044
E046
47C4
0300
ENDCHAR
STARTCHAR uni3077
ENCODING 12407
SWIDTH 1000 0
DWIDTH 16 0
BBX 15 13 0 -1
BITMAP
0704
01CA
004A
008E
0000
0600
0118
0088
18C4
3044
E046
47C4
0300
ENDCHAR
STARTCHAR uni3078
ENCODING 12408
SWIDTH 1000 0
DWIDTH 16 0
BBX 14 9 1 1
BITMAP
0E00
0B00
1180
30C0
6040
C020
4030
0018
000C
ENDCHAR
STARTCHAR uni3079
ENCODING 12409
SWIDTH 1000 0
DWIDTH 16 0
BBX 14 12 1 0
BITMAP
0018
0048
042C
0E30
1100
3180
60C0
C060
8030
0018
000C
0004
ENDCHAR
STARTCHAR uni307A
ENCODING 12410
SWIDTH 1000 0
DWIDTH 16 0
BBX 14 11 1 0
BITMAP
0038
0448
0E28
1110
3180
60C0
C060
8030
0018
000C
0004
ENDCHAR
STARTCHAR uni307B
ENCODING 12411
SWIDTH 1000 0
DWIDTH 16 0
BBX 13 13 2 -1
BITMAP
4030
C7E0
C0C0
80C0
87F8
80C0
80C0
A040
C7C0
C870
C858
C788
C000
ENDCHAR
STARTCHAR uni307C
ENCODING 12412
SWIDTH 1000 0
DWIDTH 16 0
BBX 15 14 1 -1
BITMAP
0014
600E
47F8
4040
4040
4478
47F0
C040
E040
E3C0
E470
444C
46C8
4180
ENDCHAR
STARTCHAR uni307D
ENCODING 12413
SWIDTH 1000 0
DWIDTH 16 0
BBX 15 15 1 -1
BITMAP
000C
0012
6012
47FC
4040
4040
4478
47F0
C040
E040
E3C0
E470
444C
46C8
4180
ENDCHAR
STARTCHAR uni307E
ENCODING 12414
SWIDTH 1000 0
DWIDTH 16 0
BBX 11 14 3 -1
BITMAP
0400
0400
FFC0
0C00
0400
8460
FFC0
0400
0400
7E00
C780
84C0
CC20
3800
ENDCHAR
STARTCHAR uni307F
ENCODING 12415
SWIDTH 1000 0
DWIDTH 16 0
BBX 14 13 1 -1
BITMAP
1F80
2100
0100
0200
0218
1F90
64F0
4C18
883C
9820
7060
00C0
0180
ENDCHAR
STARTCHAR uni3080
ENCODING 12416
SWIDTH 1000 0
DWIDTH 16 0
BBX 14 14 1 -1
BITMAP
0800
0800
8F20
7C10
080C
3808
6800
4800
4800
4810
7010
1010
1FF0
0780
ENDCHAR
STARTCHAR uni3081
ENCODING 12417
SWIDTH 1000 0
DWIDTH 16 0
BBX 14 14 1 -1
BITMAP
0080
20C0
2080
37E0
18B0
3118
6908
4B08
CE0C
C608
CF18
7830
21E0
0080
ENDCHAR
STARTCHAR uni3082
ENCODING 12418
SWIDTH 1000 0
DWIDTH 16 0
BBX 13 14 1 -1
BITMAP
0400
0400
0400
7F80
0800
0800
0830
FF90
0818
0808
0808
0818
0FF0
03C0
ENDCHAR
STARTCHAR uni3083
ENCODING 12419
SWIDTH 1000 0
DWIDTH 16 0
BBX 11 11 2 -1
BITMAP
0400
6200
23C0
3C20
7020
D820
0BE0
0800
0400
0400
0600
ENDCHAR
STARTCHAR uni3084
ENCODING 12420
SWIDTH 1000 0
DWIDTH 16 0
BBX 14 14 1 -1
BITMAP
0200
2300
6180
33F8
1E08
380C
E80C
0D18
04F0
0400
0600
0200
0300
0300
ENDCHAR
STARTCHAR uni3085
ENCODING 12421
SWIDTH 1000 0
DWIDTH 16 0
BBX 11 11 3 -1
BITMAP
0600
C200
8F80
B240
A260
C220
D260
DE40
CF80
0400
1800
ENDCHAR
STARTCHAR uni3086
ENCODING 12422
SWIDTH 1000 0
DWIDTH 16 0
BBX 13 14 2 -1
BITMAP
0200
0300
C100
CFE0
9930
A110
A118
C110
D110
CB30
C7E0
0200
0400
0800
ENDCHAR
STARTCHAR uni3087
ENCODING 12423
SWIDTH 1000 0
DWIDTH 16 0
BBX 10 11 3 -1
BITMAP
0C00
0C00
0F80
0F40
0C00
0C00
0C00
7E00
8F80
CCC0
7800
ENDCHAR
STARTCHAR uni3088
ENCODING 12424
SWIDTH 1000 0
DWIDTH 16 0
BBX 12 14 2 -1
BITMAP
0600
0600
0600
0620
07E0
0600
0600
0600
0600
7F00
C7C0
8670
EE20
3800
ENDCHAR
STARTCHAR uni3089
ENCODING 12425
SWIDTH 1000 0
DWIDTH 16 0
BBX 11 14 3 -1
BITMAP
2000
3E80
0300
4000
4000
C000
DF80
B0C0
C060
8060
0040
00C0
3F80
3C00
ENDCHAR
STARTCHAR uni308A
ENCODING 12426
SWIDTH 1000 0
DWIDTH 16 0
BBX 10 14 3 -1
BITMAP
4000
4600
5980
7080
6080
C0C0
C0C0
C0C0
C0C0
0080
0180
0300
3E00
1000
ENDCHAR
STARTCHAR uni308B
ENCODING 12427
SWIDTH 1000 0
DWIDTH 16 0
BBX 12 13 2 -1
BITMAP
3FC0
4180
0300
0600
0C00
1FC0
3060
C030
8C30
1330
1120
19C0
0700
ENDCHAR
STARTCHAR uni308C
ENCODING 12428
SWIDTH 1000 0
DWIDTH 16 0
BBX 15 14 1 -1
BITMAP
0800
0800
0800
F9E0
9A30
1C30
1830
3020
7020
5020
D022
9026
103C
1800
ENDCHAR
STARTCHAR uni308D
ENCODING 12429
SWIDTH 1000 0
DWIDTH 16 0
BBX 12 13 2 -1
BITMAP
3FC0
3180
0300
0600
0C00
1FC0
3060
C030
8030
0020
0060
1FC0
1E00
ENDCHAR
STARTCHAR uni308E
ENCODING 12430
SWIDTH 1000 0
DWIDTH 16 0
BBX 12 11 2 -1
BITMAP
0800
1800
79C0
1660
1830
3010
3010
5030
9060
13C0
1000
ENDCHAR
STARTCHAR uni308F
ENCODING 12431
SWIDTH 1000 0
DWIDTH 16 0
BBX 14 14 1 -1
BITMAP
0800
0800
0800
F840
9BF8
1C08
180C
3004
700C
5008
D018
9170
10C0
1800
ENDCHAR
STARTCHAR uni3090
ENCODING 12432
SWIDTH 1000 0
DWIDTH 16 0
BBX 13 13 1 -1
BITMAP
3F00
0100
0300
07C0
0E30
3618
2408
4408
4C08
CBC8
DA38
7370
01C0
ENDCHAR
STARTCHAR uni3091
ENCODING 12433
SWIDTH 1000 0
DWIDTH 16 0
BBX 14 13 1 -1
BITMAP
1FE0
0100
07C0
1C20
3010
4F10
0930
0FC0
0800
18F0
2798
430C
8208
ENDCHAR
STARTCHAR uni3092
ENCODING 12434
SWIDTH 1000 0
DWIDTH 16 0
BBX 12 14 2 -1
BITMAP
0800
0800
FFC0
1000
1000
2C30
72E0
C300
8E00
1A00
1200
3000
1CE0
07C0
ENDCHAR
STARTCHAR uni3093
ENCODING 12435
SWIDTH 1000 0
DWIDTH 16 0
BBX 14 13 1 -1
BITMAP
0300
0600
0400
0C00
0800
1F00
1900
3104
2184
618C
4188
C0F0
4060
ENDCHAR
STARTCHAR uni3094
ENCODING 12436
SWIDTH 1000 0
DWIDTH 16 0
BBX 13 14 2 -1
BITMAP
2000
3F90
0068
0028
1F30
F9C0
8040
0040
0040
0040
00C0
0380
3E00
1000
ENDCHAR
STARTCHAR uni3095
ENCODING 12437
SWIDTH 1000 0
DWIDTH 16 0
BBX 12 11 3 -1
BITMAP
1000
1080
10C0
FE40
3320
2320
2330
6200
4200
D600
9C00
ENDCHAR
STARTCHAR uni3096
ENCODING 12438
SWIDTH 1000 0
DWIDTH 16 0
BBX 11 11 3 -1
BITMAP
8180
C180
8180
8FE0
8180
8180
A180
C100
C100
C300
4600
ENDCHAR
STARTCHAR uni3099
ENCODING 12441
SWIDTH 0 0
DWIDTH 0 0
BBX 4 3 -4 11
BITMAP
60
A0
70
ENDCHAR
STARTCHAR uni309A
ENCODING 12442
SWIDTH 0 0
DWIDTH 0 0
BBX 4 4 -4 10
BITMAP
60
90
90
60
ENDCHAR
STARTCHAR uni309B
ENCODING 12443
SWIDTH 1000 0
DWIDTH 16 0
BBX 5 3 0 10
BITMAP
B0
58
70
ENDCHAR
STARTCHAR uni309C
ENCODING 12444
SWIDTH 1000 0
DWIDTH 16 0
BBX 4 4 0 9
BITMAP
70
90
50
20
ENDCHAR
STARTCHAR uni309D
ENCODING 12445
SWIDTH 1000 0
DWIDTH 16 0
BBX 7 9 5 1
BITMAP
C0
60
30
18
0C
06
0E
38
60
ENDCHAR
STARTCHAR uni309E
ENCODING 12446
SWIDTH 1000 0
DWIDTH 16 0
BBX 8 11 5 1
BITMAP
06
1A
89
CC
60
30
18
0C
04
3C
60
ENDCHAR
STARTCHAR uni309F
ENCODING 12447
SWIDTH 1000 0
DWIDTH 16 0
BBX 13 14 1 -1
BITMAP
0180
0100
0100
03F8
0210
0600
0400
0FC0
1860
1020
3060
6040
C8C0
4F80
ENDCHAR
STARTCHAR uni30A0
ENCODING 12448
SWIDTH 1000 0
DWIDTH 16 0
BBX 6 3 5 5
BITMAP
FC
00
FC
ENDCHAR
STARTCHAR uni30A1
ENCODING 12449
SWIDTH 1000 0
DWIDTH 16 0
BBX 11 10 3 -1
BITMAP
FFE0
81C0
00C0
0980
0B00
0800
0800
1800
3000
6000
ENDCHAR
STARTCHAR uni30A2
ENCODING 12450
SWIDTH 1000 0
DWIDTH 16 0
BBX 13 13 2 -1
BITMAP
8010
FFF8
0030
0620
0440
0580
0400
0400
0400
0800
1800
7000
2000
ENDCHAR
STARTCHAR uni30A3
ENCODING 12451
SWIDTH 1000 0
DWIDTH 16 0
BBX 11 11 2 -1
BITMAP
0040
00E0
0180
0300
0E00
7200
C200
0200
0200
0200
0600
ENDCHAR
STARTCHAR uni30A4
ENCODING 12452
SWIDTH 1000 0
DWIDTH 16 0
BBX 13 14 1 -1
BITMAP
0010
0018
0030
00E0
0180
0700
1D00
F100
0100
0100
0100
0100
0180
0180
ENDCHAR
STARTCHAR uni30A5
ENCODING 12453
SWIDTH 1000 0
DWIDTH 16 0
BBX 10 11 3 -1
BITMAP
0C00
0C00
FFC0
8040
8040
80C0
0080
0180
0300
0E00
3800
ENDCHAR
STARTCHAR uni30A6
ENCODING 12454
SWIDTH 1000 0
DWIDTH 16 0
BBX 12 14 2 -1
BITMAP
0600
0600
0600
FFF0
C030
C030
C020
C020
0060
00C0
0180
0300
1E00
0800
ENDCHAR
STARTCHAR uni30A7
ENCODING 12455
SWIDTH 1000 0
DWIDTH 16 0
BBX 12 8 2 0
BITMAP
7FE0
0600
0600
0600
0600
0600
0600
FFF0
ENDCHAR
STARTCHAR uni30A8
ENCODING 12456
SWIDTH 1000 0
DWIDTH 16 0
BBX 14 10 1 1
BITMAP
7FF8
7FF8
0300
0300
0300
0300
0300
0300
0300
FFFC
ENDCHAR
STARTCHAR uni30A9
ENCODING 12457
SWIDTH 1000 0
DWIDTH 16 0
BBX 11 11 3 -1
BITMAP
0200
0200
0200
FFE0
0600
0E00
1A00
3200
C200
8300
0E00
ENDCHAR
STARTCHAR uni30AA
ENCODING 12458
SWIDTH 1000 0
DWIDTH 16 0
BBX 13 13 1 0
BITMAP
00C0
0080
0080
7FF8
7FF8
01C0
03C0
06C0
0CC0
18C0
E0C0
40C0
07C0
ENDCHAR
STARTCHAR uni30AB
ENCODING 12459
SWIDTH 1000 0
DWIDTH 16 0
BBX 12 13 2 0
BITMAP
0400
0400
0400
FFE0
FFF0
0C30
0830
0820
1820
1020
3020
6060
C3C0
ENDCHAR
STARTCHAR uni30AC
ENCODING 12460
SWIDTH 1000 0
DWIDTH 16 0
BBX 14 14 1 -1
BITMAP
0028
0614
0610
8610
7FF0
0410
0410
0410
0C10
0810
1810
3030
E1E0
4000
ENDCHAR
STARTCHAR uni30AD
ENCODING 12461
SWIDTH 1000 0
DWIDTH 16 0
BBX 12 14 2 -1
BITMAP
0800
0C00
0C20
0FE0
FC00
0400
0600
07F0
7F80
E200
0200
0300
0300
0100
ENDCHAR
STARTCHAR uni30AE
ENCODING 12462
SWIDTH 1000 0
DWIDTH 16 0
BBX 14 15 1 -1
BITMAP
0008
002C
0414
0410
07F0
FF00
4200
0200
0238
1FE0
FB00
0100
0100
0100
0180
ENDCHAR
STARTCHAR uni30AF
ENCODING 12463
SWIDTH 1000 0
DWIDTH 16 0
BBX 12 14 2 -1
BITMAP
0600
0400
0FE0
1FF0
3020
6020
C060
80C0
0080
0180
0300
0E00
7800
2000
ENDCHAR
STARTCHAR uni30B0
ENCODING 12464
SWIDTH 1000 0
DWIDTH 16 0
BBX 14 14 1 -1
BITMAP
042C
0614
0418
0FF0
1830
3030
6020
C060
00C0
0080
0300
0600
1C00
3000
ENDCHAR
STARTCHAR uni30B1
ENCODING 12465
SWIDTH 1000 0
DWIDTH 16 0
BBX 14 14 1 -1
BITMAP
0C00
0800
0800
1FFC
1FFC
2080
6080
C080
0180
0100
0300
0600
1C00
0800
ENDCHAR
STARTCHAR uni30B2
ENCODING 12466
SWIDTH 1000 0
DWIDTH 16 0
BBX 14 14 1 -1
BITMAP
0038
0814
1810
1000
3FF8
2080
6080
C180
0180
0100
0300
0600
0C00
1800
ENDCHAR
STARTCHAR uni30B3
ENCODING 12467
SWIDTH 1000 0
DWIDTH 16 0
BBX 11 11 3 0
BITMAP
FFE0
0060
0060
0060
0060
0060
0060
0060
0060
FFE0
0060
ENDCHAR
STARTCHAR uni30B4
ENCODING 12468
SWIDTH 1000 0
DWIDTH 16 0
BBX 13 15 2 -1
BITMAP
0010
0058
0028
8000
FFE0
0020
0020
0020
0020
0020
0020
0020
FFE0
FFE0
0020
ENDCHAR
STARTCHAR uni30B5
ENCODING 12469
SWIDTH 1000 0
DWIDTH 16 0
BBX 14 13 1 -1
BITMAP
1860
1860
1860
FFFC
1860
1860
1840
1840
0040
00C0
0180
0700
0200
ENDCHAR
STARTCHAR uni30B6
ENCODING 12470
SWIDTH 1000 0
DWIDTH 16 0
BBX 14 14 1 -1
BITMAP
0004
1054
104C
1040
FFF8
1040
1040
1040
1040
00C0
00C0
0180
0300
0600
ENDCHAR
STARTCHAR uni30B7
ENCODING 12471
SWIDTH 1000 0
DWIDTH 16 0
BBX 13 12 2 0
BITMAP
3000
1C00
0400
8010
C018
3030
1060
00C0
0180
0700
1C00
F000
ENDCHAR
STARTCHAR uni30B8
ENCODING 12472
SWIDTH 1000 0
DWIDTH 16 0
BBX 14 14 1 -1
BITMAP
0008
1828
0C24
0610
4000
E008
3818
1030
0060
00C0
0380
0E00
7800
2000
ENDCHAR
STARTCHAR uni30B9
ENCODING 12473
SWIDTH 1000 0
DWIDTH 16 0
BBX 12 11 2 0
BITMAP
7FE0
0040
00C0
0080
0180
0300
0780
0CC0
1860
7030
C010
ENDCHAR
STARTCHAR uni30BA
ENCODING 12474
SWIDTH 1000 0
DWIDTH 16 0
BBX 14 15 1 -1
BITMAP
0008
0024
0014
3FF0
0060
0060
0040
0080
0180
0380
06C0
0C60
3830
E018
4010
ENDCHAR
STARTCHAR uni30BB
ENCODING 12475
SWIDTH 1000 0
DWIDTH 16 0
BBX 13 12 1 0
BITMAP
0800
0800
0818
0BF8
FE10
C830
0860
08C0
0800
0800
0808
0FF0
ENDCHAR
STARTCHAR uni30BC
ENCODING 12476
SWIDTH 1000 0
DWIDTH 16 0
BBX 14 14 1 -1
BITMAP
002C
0814
0818
0810
09F8
3F10
E820
0860
08C0
0800
0800
0800
0FF0
03C0
ENDCHAR
STARTCHAR uni30BD
ENCODING 12477
SWIDTH 1000 0
DWIDTH 16 0
BBX 12 12 2 0
BITMAP
4030
C020
4020
6060
3060
2040
00C0
0180
0100
0600
0C00
3800
ENDCHAR
STARTCHAR uni30BE
ENCODING 12478
SWIDTH 1000 0
DWIDTH 16 0
BBX 13 15 2 -1
BITMAP
0010
0058
0028
8040
C060
6060
2040
3040
00C0
0180
0100
0300
0E00
3800
1000
ENDCHAR
STARTCHAR uni30BF
ENCODING 12479
SWIDTH 1000 0
DWIDTH 16 0
BBX 13 14 1 -1
BITMAP
0300
0600
07F8
0C18
1810
3030
E620
43E0
00C0
00E0
0330
0600
3C00
1000
ENDCHAR
STARTCHAR uni30C0
ENCODING 12480
SWIDTH 1000 0
DWIDTH 16 0
BBX 14 15 1 -1
BITMAP
0008
0434
0614
0418
0FF0
1830
3030
6C20
C660
01C0
01C0
0360
0600
1C00
7000
ENDCHAR
STARTCHAR uni30C1
ENCODING 12481
SWIDTH 1000 0
DWIDTH 16 0
BBX 14 13 1 -1
BITMAP
00F0
3F80
0100
0100
0100
FFFC
0100
0300
0200
0600
0400
1800
1000
ENDCHAR
STARTCHAR uni30C2
ENCODING 12482
SWIDTH 1000 0
DWIDTH 16 0
BBX 14 13 1 -1
BITMAP
0070
7FC8
0334
0314
0300
FFF8
0200
0200
0200
0600
0C00
1800
3000
ENDCHAR
STARTCHAR uni30C3
ENCODING 12483
SWIDTH 1000 0
DWIDTH 16 0
BBX 11 10 3 -1
BITMAP
0860
8840
CC40
48C0
4080
0180
0300
0600
1C00
3000
ENDCHAR
STARTCHAR uni30C4
ENCODING 12484
SWIDTH 1000 0
DWIDTH 16 0
BBX 12 13 2 -1
BITMAP
0C00
8410
C410
4630
4420
6060
0040
00C0
0180
0300
0E00
3800
1000
ENDCHAR
STARTCHAR uni30C5
ENCODING 12485
SWIDTH 1000 0
DWIDTH 16 0
BBX 14 15 1 -1
BITMAP
0008
0024
0414
C400
4618
4218
6310
2030
0020
0060
00C0
0180
0300
0E00
1800
ENDCHAR
STARTCHAR uni30C6
ENCODING 12486
SWIDTH 1000 0
DWIDTH 16 0
BBX 13 13 2 -1
BITMAP
7FE0
0000
0000
0000
FFF8
8208
0200
0200
0600
0400
0C00
3800
1000
ENDCHAR
STARTCHAR uni30C7
ENCODING 12487
SWIDTH 1000 0
DWIDTH 16 0
BBX 15 15 1 -1
BITMAP
000C
0014
3FFA
3FE8
0000
0000
FFF8
FFF8
0300
0300
0300
0200
0600
0C00
1000
ENDCHAR
STARTCHAR uni30C8
ENCODING 12488
SWIDTH 1000 0
DWIDTH 16 0
BBX 9 12 5 0
BITMAP
C000
C000
C000
C000
F000
FC00
C780
C100
C000
C000
C000
C000
ENDCHAR
STARTCHAR uni30C9
ENCODING 12489
SWIDTH 1000 0
DWIDTH 16 0
BBX 9 13 5 -1
BITMAP
8500
8480
8280
8000
C000
F800
8F00
8300
8000
8000
8000
8000
8000
ENDCHAR
STARTCHAR uni30CA
ENCODING 12490
SWIDTH 1000 0
DWIDTH 16 0
BBX 13 13 2 -1
BITMAP
0200
0200
0200
FFF8
FFF8
0200
0200
0600
0400
0C00
1800
7000
2000
ENDCHAR
STARTCHAR uni30CB
ENCODING 12491
SWIDTH 1000 0
DWIDTH 16 0
BBX 13 9 1 1
BITMAP
3FF0
0000
0000
0000
0000
0000
0000
8008
FFF8
ENDCHAR
STARTCHAR uni30CC
ENCODING 12492
SWIDTH 1000 0
DWIDTH 16 0
BBX 11 12 2 -1
BITMAP
7FE0
0060
0040
20C0
3880
0D80
0300
0380
0CC0
1860
F000
4000
ENDCHAR
STARTCHAR uni30CD
ENCODING 12493
SWIDTH 1000 0
DWIDTH 16 0
BBX 14 14 1 -1
BITMAP
0300
0300
0300
7FF0
0060
00C0
0180
0740
1F70
F31C
4308
0300
0300
0300
ENDCHAR
STARTCHAR uni30CE
ENCODING 12494
SWIDTH 1000 0
DWIDTH 16 0
BBX 11 12 2 0
BITMAP
0060
0040
0040
00C0
0080
0180
0100
0300
0600
1C00
3000
E000
ENDCHAR
STARTCHAR uni30CF
ENCODING 12495
SWIDTH 1000 0
DWIDTH 16 0
BBX 14 11 1 0
BITMAP
0CC0
0840
0860
0820
1830
1010
3010
2018
6008
400C
C008
ENDCHAR
STARTCHAR uni30D0
ENCODING 12496
SWIDTH 1000 0
DWIDTH 16 0
BBX 14 13 1 0
BITMAP
0028
0014
08D8
0840
0860
1820
1020
1030
3010
2018
6018
4008
C00C
ENDCHAR
STARTCHAR uni30D1
ENCODING 12497
SWIDTH 1000 0
DWIDTH 16 0
BBX 14 13 1 0
BITMAP
001C
0014
08D4
0848
0860
1820
1020
1030
3010
2018
6018
4008
C00C
ENDCHAR
STARTCHAR uni30D2
ENCODING 12498
SWIDTH 1000 0
DWIDTH 16 0
BBX 10 12 4 0
BITMAP
8000
8000
8180
8700
FC00
E000
8000
8000
8000
8000
C0C0
7FC0
ENDCHAR
STARTCHAR uni30D3
ENCODING 12499
SWIDTH 1000 0
DWIDTH 16 0
BBX 12 13 3 0
BITMAP
00A0
80B0
8040
8080
8380
9E00
F000
8000
8000
8000
8000
C000
7FC0
ENDCHAR
STARTCHAR uni30D4
ENCODING 12500
SWIDTH 1000 0
DWIDTH 16 0
BBX 12 13 3 0
BITMAP
0060
8090
8090
80E0
8380
9E00
F000
8000
8000
8000
8000
C000
7FC0
ENDCHAR
STARTCHAR uni30D5
ENCODING 12501
SWIDTH 1000 0
DWIDTH 16 0
BBX 12 11 2 0
BITMAP
FFF0
0020
0020
0060
0060
0040
00C0
0180
0300
0E00
3800
ENDCHAR
STARTCHAR uni30D6
ENCODING 12502
SWIDTH 1000 0
DWIDTH 16 0
BBX 13 15 2 -1
BITMAP
0010
0068
0028
FFF0
0020
0020
0060
0040
00C0
0080
0180
0300
0E00
3800
2000
ENDCHAR
STARTCHAR uni30D7
ENCODING 12503
SWIDTH 1000 0
DWIDTH 16 0
BBX 14 14 2 -1
BITMAP
0038
0024
FFF8
0020
0020
0060
0040
00C0
0080
0180
0300
0E00
3800
2000
ENDCHAR
STARTCHAR uni30D8
ENCODING 12504
SWIDTH 1000 0
DWIDTH 16 0
BBX 14 9 1 1
BITMAP
0E00
0B00
1180
30C0
6060
C030
4018
000C
000C
ENDCHAR
STARTCHAR uni30D9
ENCODING 12505
SWIDTH 1000 0
DWIDTH 16 0
BBX 14 12 1 0
BITMAP
0010
0048
042C
0F30
1980
3080
6040
C060
8030
0018
000C
0008
ENDCHAR
STARTCHAR uni30DA
ENCODING 12506
SWIDTH 1000 0
DWIDTH 16 0
BBX 14 12 1 0
BITMAP
0010
0028
0448
0F38
1980
3080
6040
C060
8030
0018
000C
0008
ENDCHAR
STARTCHAR uni30DB
ENCODING 12507
SWIDTH 1000 0
DWIDTH 16 0
BBX 14 13 1 0
BITMAP
0300
0100
0100
7FF8
8100
0100
1110
1130
3118
6108
C10C
0100
0F00
ENDCHAR
STARTCHAR uni30DC
ENCODING 12508
SWIDTH 1000 0
DWIDTH 16 0
BBX 14 14 1 -1
BITMAP
0028
0314
0310
FFF8
FFF8
0300
0300
1330
2310
6318
C30C
4300
0F00
0E00
ENDCHAR
STARTCHAR uni30DD
ENCODING 12509
SWIDTH 1000 0
DWIDTH 16 0
BBX 14 15 1 -1
BITMAP
0018
0024
0324
0318
FFF8
FFF8
0300
0300
1330
2310
6318
C30C
4300
0F00
0E00
ENDCHAR
STARTCHAR uni30DE
ENCODING 12510
SWIDTH 1000 0
DWIDTH 16 0
BBX 13 12 2 -1
BITMAP
FFF8
0010
0030
0060
20C0
3180
1B00
0E00
0600
0300
0180
0080
ENDCHAR
STARTCHAR uni30DF
ENCODING 12511
SWIDTH 1000 0
DWIDTH 16 0
BBX 11 12 2 0
BITMAP
3C00
07C0
0060
0000
3000
5F00
01C0
0000
0000
F800
1F80
01E0
ENDCHAR
STARTCHAR uni30E0
ENCODING 12512
SWIDTH 1000 0
DWIDTH 16 0
BBX 14 13 1 -1
BITMAP
0200
0600
0400
0400
0C00
0C20
0860
1830
1810
1078
FFE8
C00C
0008
ENDCHAR
STARTCHAR uni30E1
ENCODING 12513
SWIDTH 1000 0
DWIDTH 16 0
BBX 12 13 2 -1
BITMAP
0060
0040
2040
30C0
0C80
0780
0300
07C0
0C60
1830
3020
E000
8000
ENDCHAR
STARTCHAR uni30E2
ENCODING 12514
SWIDTH 1000 0
DWIDTH 16 0
BBX 13 11 2 0
BITMAP
7FE0
0C00
0C00
0C00
FFF8
8C08
0C00
0C00
0C00
0400
07F0
ENDCHAR
STARTCHAR uni30E3
ENCODING 12515
SWIDTH 1000 0
DWIDTH 16 0
BBX 12 11 2 -1
BITMAP
1000
1000
18F0
1FA0
F860
0CC0
0580
0400
0400
0600
0200
ENDCHAR
STARTCHAR uni30E4
ENCODING 12516
SWIDTH 1000 0
DWIDTH 16 0
BBX 14 14 1 -1
BITMAP
1000
1800
0808
09FC
3F18
EC10
0420
04C0
0600
0600
0200
0200
0300
0200
ENDCHAR
STARTCHAR uni30E5
ENCODING 12517
SWIDTH 1000 0
DWIDTH 16 0
BBX 12 8 2 0
BITMAP
3FC0
00C0
0080
0080
0080
0080
0080
FFF0
ENDCHAR
STARTCHAR uni30E6
ENCODING 12518
SWIDTH 1000 0
DWIDTH 16 0
BBX 14 10 1 1
BITMAP
3FF0
3FE0
0020
0020
0020
0060
0060
0040
0040
FFFC
ENDCHAR
STARTCHAR uni30E7
ENCODING 12519
SWIDTH 1000 0
DWIDTH 16 0
BBX 9 10 3 -1
BITMAP
7F80
0080
0080
0080
7F80
0080
0080
0080
FF80
0080
ENDCHAR
STARTCHAR uni30E8
ENCODING 12520
SWIDTH 1000 0
DWIDTH 16 0
BBX 11 11 2 0
BITMAP
7FE0
0020
0020
0020
7FE0
7FE0
0020
0020
0020
FFE0
FFE0
ENDCHAR
STARTCHAR uni30E9
ENCODING 12521
SWIDTH 1000 0
DWIDTH 16 0
BBX 12 13 2 -1
BITMAP
3FE0
0000
0000
0000
FFF0
0030
0020
0060
0040
0180
0300
1E00
1000
ENDCHAR
STARTCHAR uni30EA
ENCODING 12522
SWIDTH 1000 0
DWIDTH 16 0
BBX 8 13 4 -1
BITMAP
81
81
81
81
81
81
81
81
03
02
0E
38
10
ENDCHAR
STARTCHAR uni30EB
ENCODING 12523
SWIDTH 1000 0
DWIDTH 16 0
BBX 14 12 1 0
BITMAP
1980
1980
1980
1980
1980
1180
1184
1184
1188
31B0
61E0
C1C0
ENDCHAR
STARTCHAR uni30EC
ENCODING 12524
SWIDTH 1000 0
DWIDTH 16 0
BBX 11 12 4 0
BITMAP
8000
8000
8000
8000
8000
8040
8060
8180
8300
8E00
B800
E000
ENDCHAR
STARTCHAR uni30ED
ENCODING 12525
SWIDTH 1000 0
DWIDTH 16 0
BBX 12 11 2 0
BITMAP
FFF0
C030
C030
C030
C030
C030
C030
C030
C030
FFF0
C030
ENDCHAR
STARTCHAR uni30EE
ENCODING 12526
SWIDTH 1000 0
DWIDTH 16 0
BBX 10 10 3 -1
BITMAP
FFC0
FFC0
8040
80C0
8080
0080
0100
0300
0E00
3800
ENDCHAR
STARTCHAR uni30EF
ENCODING 12527
SWIDTH 1000 0
DWIDTH 16 0
BBX 12 12 2 -1
BITMAP
FFF0
C030
C030
C020
C020
0060
0040
00C0
0180
0700
1C00
0800
ENDCHAR
STARTCHAR uni30F0
ENCODING 12528
SWIDTH 1000 0
DWIDTH 16 0
BBX 14 13 1 -1
BITMAP
0040
0040
7FF8
0840
0840
0840
0840
0840
FFFC
0040
0040
0040
0040
ENDCHAR
STARTCHAR uni30F1
ENCODING 12529
SWIDTH 1000 0
DWIDTH 16 0
BBX 14 10 1 1
BITMAP
7FF8
0018
0010
0220
0240
0200
0200
0200
0200
FFFC
ENDCHAR
STARTCHAR uni30F2
ENCODING 12530
SWIDTH 1000 0
DWIDTH 16 0
BBX 11 12 3 -1
BITMAP
FFE0
0060
0060
0040
FFC0
00C0
0080
0100
0300
0C00
7800
2000
ENDCHAR
STARTCHAR uni30F3
ENCODING 12531
SWIDTH 1000 0
DWIDTH 16 0
BBX 13 12 2 0
BITMAP
4000
6000
3800
0C08
0818
0030
0060
00C0
0180
0700
1C00
F000
ENDCHAR
STARTCHAR uni30F4
ENCODING 12532
SWIDTH 1000 0
DWIDTH 16 0
BBX 13 15 2 -1
BITMAP
0010
0450
0428
0420
FFF0
8030
8020
8020
8060
0040
00C0
0180
0300
1E00
1800
ENDCHAR
STARTCHAR uni30F5
ENCODING 12533
SWIDTH 1000 0
DWIDTH 16 0
BBX 10 11 3 -1
BITMAP
0800
0800
8800
FFC0
08C0
10C0
10C0
3080
2080
4480
8700
ENDCHAR
STARTCHAR uni30F6
ENCODING 12534
SWIDTH 1000 0
DWIDTH 16 0
BBX 12 11 2 -1
BITMAP
1800
1800
1000
3FF0
6100
C100
4300
0200
0600
0C00
1800
ENDCHAR
STARTCHAR uni30F7
ENCODING 12535
SWIDTH 1000 0
DWIDTH 16 0
BBX 13 15 2 -1
BITMAP
0010
0048
0028
FFF0
8020
8020
8020
8060
8060
0040
00C0
0180
0300
0E00
1800
ENDCHAR
STARTCHAR uni30F8
ENCODING 12536
SWIDTH 1000 0
DWIDTH 16 0
BBX 14 14 1 -1
BITMAP
0014
0054
0048
7FF8
0840
0840
0840
0840
0840
FFFC
0040
0040
0040
0040
ENDCHAR
STARTCHAR uni30F9
ENCODING 12537
SWIDTH 1000 0
DWIDTH 16 0
BBX 14 14 1 0
BITMAP
0008
002C
0014
7FF8
7FF8
0010
0230
02E0
0240
0200
0200
0200
FFFC
FFFC
ENDCHAR
STARTCHAR uni30FA
ENCODING 12538
SWIDTH 1000 0
DWIDTH 16 0
BBX 13 15 2 -1
BITMAP
0010
0048
0028
FFF0
0020
0020
0060
FFE0
0040
00C0
0080
0100
0600
1C00
3000
ENDCHAR
STARTCHAR uni30FB
ENCODING 12539
SWIDTH 1000 0
DWIDTH 16 0
BBX 4 4 6 4
BITMAP
60
F0
F0
60
ENDCHAR
STARTCHAR uni30FC
ENCODING 12540
SWIDTH 1000 0
DWIDTH 16 0
BBX 12 2 2 5
BITMAP
FFF0
FFF0
ENDCHAR
STARTCHAR uni30FD
ENCODING 12541
SWIDTH 1000 0
DWIDTH 16 0
BBX 7 7 5 2
BITMAP
C0
60
30
18
08
0C
06
ENDCHAR
STARTCHAR uni30FE
ENCODING 12542
SWIDTH 1000 0
DWIDTH 16 0
BBX 9 10 4 2
BITMAP
0300
0D00
0480
C200
6000
3000
1800
0C00
0600
0300
ENDCHAR
STARTCHAR uni30FF
ENCODING 12543
SWIDTH 1000 0
DWIDTH 16 0
BBX 10 13 3 -1
BITMAP
FFC0
00C0
00C0
00C0
00C0
00C0
00C0
00C0
00C0
00C0
00C0
00C0
00C0
ENDCHAR
STARTCHAR uni3131
ENCODING 12593
SWIDTH 938 0
DWIDTH 15 0
BBX 9 8 3 2
BITMAP
FF80
0080
0080
0080
0080
0080
0080
0080
ENDCHAR
STARTCHAR uni3132
ENCODING 12594
SWIDTH 938 0
DWIDTH 15 0
BBX 11 8 2 2
BITMAP
FBE0
0820
0820
0820
0820
0820
0820
0820
ENDCHAR
STARTCHAR uni3133
ENCODING 12595
SWIDTH 938 0
DWIDTH 15 0
BBX 11 8 2 2
BITMAP
F880
1880
1880
1980
1980
19C0
1A60
1C20
ENDCHAR
STARTCHAR uni3134
ENCODING 12596
SWIDTH 938 0
DWIDTH 15 0
BBX 9 8 3 2
BITMAP
8000
8000
8000
8000
8000
8000
8000
FF80
ENDCHAR
STARTCHAR uni3135
ENCODING 12597
SWIDTH 938 0
DWIDTH 15 0
BBX 10 8 3 2
BITMAP
8F80
8200
8200
8200
8300
8700
8D80
F8C0
ENDCHAR
STARTCHAR uni3136
ENCODING 12598
SWIDTH 938 0
DWIDTH 15 0
BBX 10 8 2 2
BITMAP
C100
C7C0
C7C0
C380
C640
C440
CE40
FB80
ENDCHAR
STARTCHAR uni3137
ENCODING 12599
SWIDTH 938 0
DWIDTH 15 0
BBX 9 8 3 2
BITMAP
FF80
8000
8000
8000
8000
8000
8000
FF80
ENDCHAR
STARTCHAR uni3138
ENCODING 12600
SWIDTH 938 0
DWIDTH 15 0
BBX 9 8 3 2
BITMAP
F780
8400
8400
8400
8400
8400
B400
E780
ENDCHAR
STARTCHAR uni3139
ENCODING 12601
SWIDTH 938 0
DWIDTH 15 0
BBX 9 8 3 2
BITMAP
FF80
0080
0080
FF80
8000
8000
8000
FF80
ENDCHAR
STARTCHAR uni313A
ENCODING 12602
SWIDTH 938 0
DWIDTH 15 0
BBX 10 8 2 2
BITMAP
FBC0
0840
0840
F840
C040
C040
C440
FC40
ENDCHAR
STARTCHAR uni313B
ENCODING 12603
SWIDTH 938 0
DWIDTH 15 0
BBX 11 8 2 2
BITMAP
FBE0
0A60
0A60
FA60
C260
C260
C660
FBE0
ENDCHAR
STARTCHAR uni313C
ENCODING 12604
SWIDTH 938 0
DWIDTH 15 0
BBX 11 8 2 2
BITMAP
FA60
0A60
0A60
FBE0
C260
C260
C660
FBE0
ENDCHAR
STARTCHAR uni313D
ENCODING 12605
SWIDTH 938 0
DWIDTH 15 0
BBX 11 8 2 2
BITMAP
F880
0880
0880
F880
C180
C1C0
CB60
FE20
ENDCHAR
STARTCHAR uni313E
ENCODING 12606
SWIDTH 938 0
DWIDTH 15 0
BBX 11 8 2 2
BITMAP
FBE0
0A00
0A00
FBE0
C200
C200
CA00
FBE0
ENDCHAR
STARTCHAR uni313F
ENCODING 12607
SWIDTH 938 0
DWIDTH 15 0
BBX 11 8 2 2
BITMAP
FBE0
0B40
0B40
FB40
C340
C340
CB40
FBE0
ENDCHAR
STARTCHAR uni3140
ENCODING 12608
SWIDTH 938 0
DWIDTH 15 0
BBX 11 8 2 2
BITMAP
F980
1FE0
1800
FBC0
C240
C240
CA40
F980
ENDCHAR
STARTCHAR uni3141
ENCODING 12609
SWIDTH 938 0
DWIDTH 15 0
BBX 9 8 3 2
BITMAP
FF80
8080
8080
8080
8080
8080
8080
FF80
ENDCHAR
STARTCHAR uni3142
ENCODING 12610
SWIDTH 938 0
DWIDTH 15 0
BBX 9 8 3 2
BITMAP
8080
8080
8080
FF80
8080
8080
8080
FF80
ENDCHAR
STARTCHAR uni3143
ENCODING 12611
SWIDTH 938 0
DWIDTH 15 0
BBX 9 8 3 2
BITMAP
9480
9480
9480
F780
9480
9480
9480
F780
ENDCHAR
STARTCHAR uni3144
ENCODING 12612
SWIDTH 938 0
DWIDTH 15 0
BBX 11 8 3 2
BITMAP
9100
9100
9100
F100
9300
9280
96C0
FC60
ENDCHAR
STARTCHAR uni3145
ENCODING 12613
SWIDTH 938 0
DWIDTH 15 0
BBX 11 8 2 2
BITMAP
0400
0400
0400
0400
0E00
1B00
31A0
C040
ENDCHAR
STARTCHAR uni3146
ENCODING 12614
SWIDTH 938 0
DWIDTH 15 0
BBX 11 8 2 2
BITMAP
3180
3180
3180
3180
3180
5B40
CE60
8420
ENDCHAR
STARTCHAR uni3147
ENCODING 12615
SWIDTH 938 0
DWIDTH 15 0
BBX 9 8 3 2
BITMAP
3E00
6300
C180
8080
8080
C180
6300
3C00
ENDCHAR
STARTCHAR uni3148
ENCODING 12616
SWIDTH 938 0
DWIDTH 15 0
BBX 9 8 3 2
BITMAP
FF80
0800
0800
0800
1400
3600
6300
8080
ENDCHAR
STARTCHAR uni3149
ENCODING 12617
SWIDTH 938 0
DWIDTH 15 0
BBX 12 8 1 2
BITMAP
7DF0
1040
1040
18C0
18C0
28A0
E530
4210
ENDCHAR
STARTCHAR uni314A
ENCODING 12618
SWIDTH 938 0
DWIDTH 15 0
BBX 10 9 2 2
BITMAP
0400
0400
7FC0
0400
0400
0C00
0A00
3300
E0C0
ENDCHAR
STARTCHAR uni314B
ENCODING 12619
SWIDTH 938 0
DWIDTH 15 0
BBX 9 8 3 2
BITMAP
FF80
0080
0080
0180
FF80
0080
0080
0080
ENDCHAR
STARTCHAR uni314C
ENCODING 12620
SWIDTH 938 0
DWIDTH 15 0
BBX 9 8 3 2
BITMAP
FF80
8000
8000
FF80
8000
8000
8000
FF80
ENDCHAR
STARTCHAR uni314D
ENCODING 12621
SWIDTH 938 0
DWIDTH 15 0
BBX 9 8 3 2
BITMAP
FF80
2200
2200
2200
2200
2200
2200
FF80
ENDCHAR
STARTCHAR uni314E
ENCODING 12622
SWIDTH 938 0
DWIDTH 15 0
BBX 9 10 3 1
BITMAP
0800
0800
FF80
0000
1C00
7700
4100
4300
3E00
0800
ENDCHAR
STARTCHAR uni314F
ENCODING 12623
SWIDTH 938 0
DWIDTH 15 0
BBX 5 14 6 -1
BITMAP
C0
C0
C0
C0
C0
C0
F8
C0
C0
C0
C0
C0
C0
C0
ENDCHAR
STARTCHAR uni3150
ENCODING 12624
SWIDTH 938 0
DWIDTH 15 0
BBX 5 14 5 -1
BITMAP
88
88
88
88
88
88
F8
88
88
88
88
88
88
88
ENDCHAR
STARTCHAR uni3151
ENCODING 12625
SWIDTH 938 0
DWIDTH 15 0
BBX 4 14 6 -1
BITMAP
80
80
80
80
F0
80
80
80
F0
80
80
80
80
80
ENDCHAR
STARTCHAR uni3152
ENCODING 12626
SWIDTH 938 0
DWIDTH 15 0
BBX 5 14 5 -1
BITMAP
88
88
88
88
F8
88
88
88
F8
88
88
88
88
88
ENDCHAR
STARTCHAR uni3153
ENCODING 12627
SWIDTH 938 0
DWIDTH 15 0
BBX 4 14 5 -1
BITMAP
10
10
10
10
10
10
F0
10
10
10
10
10
10
10
ENDCHAR
STARTCHAR uni3154
ENCODING 12628
SWIDTH 938 0
DWIDTH 15 0
BBX 7 14 4 -1
BITMAP
36
36
36
36
36
36
F6
36
36
36
36
36
36
36
ENDCHAR
STARTCHAR uni3155
ENCODING 12629
SWIDTH 938 0
DWIDTH 15 0
BBX 5 14 5 -1
BITMAP
18
18
18
18
F8
18
18
18
F8
18
18
18
18
18
ENDCHAR
STARTCHAR uni3156
ENCODING 12630
SWIDTH 938 0
DWIDTH 15 0
BBX 6 14 4 -1
BITMAP
34
34
34
34
F4
34
34
34
F4
34
34
34
34
34
ENDCHAR
STARTCHAR uni3157
ENCODING 12631
SWIDTH 938 0
DWIDTH 15 0
BBX 13 7 1 3
BITMAP
0200
0200
0200
0200
0200
0200
FFF8
ENDCHAR
STARTCHAR uni3158
ENCODING 12632
SWIDTH 938 0
DWIDTH 15 0
BBX 13 14 1 -1
BITMAP
0060
0060
0060
0060
0860
0860
0878
0860
0860
3FE0
F860
0060
0060
0060
ENDCHAR
STARTCHAR uni3159
ENCODING 12633
SWIDTH 938 0
DWIDTH 15 0
BBX 12 14 1 -1
BITMAP
0090
0090
0090
0090
1090
1090
10F0
1090
1090
FE90
0090
0090
0090
0090
ENDCHAR
STARTCHAR uni315A
ENCODING 12634
SWIDTH 938 0
DWIDTH 15 0
BBX 11 14 2 -1
BITMAP
0060
0060
0060
0060
0060
1860
1860
1860
1860
FFE0
0060
0060
0060
0060
ENDCHAR
STARTCHAR uni315B
ENCODING 12635
SWIDTH 938 0
DWIDTH 15 0
BBX 13 7 1 3
BITMAP
18C0
18C0
18C0
18C0
18C0
18C0
FFF8
ENDCHAR
STARTCHAR uni315C
ENCODING 12636
SWIDTH 938 0
DWIDTH 15 0
BBX 13 7 1 1
BITMAP
FFF8
0200
0200
0200
0200
0200
0200
ENDCHAR
STARTCHAR uni315D
ENCODING 12637
SWIDTH 938 0
DWIDTH 15 0
BBX 12 14 1 -1
BITMAP
0010
0010
0010
0010
0010
0010
FFD0
0810
0810
09F0
0810
0810
0810
0010
ENDCHAR
STARTCHAR uni315E
ENCODING 12638
SWIDTH 938 0
DWIDTH 15 0
BBX 12 14 1 -1
BITMAP
00D0
00D0
00D0
00D0
00D0
00D0
FFD0
18D0
18D0
1BD0
18D0
18D0
18D0
00D0
ENDCHAR
STARTCHAR uni315F
ENCODING 12639
SWIDTH 938 0
DWIDTH 15 0
BBX 12 14 1 -1
BITMAP
0010
0010
0010
0010
0010
0010
FFD0
4410
0410
0410
0410
0410
0410
0010
ENDCHAR
STARTCHAR uni3160
ENCODING 12640
SWIDTH 938 0
DWIDTH 15 0
BBX 13 7 1 1
BITMAP
FFF8
1880
1880
1880
1880
1880
1880
ENDCHAR
STARTCHAR uni3161
ENCODING 12641
SWIDTH 938 0
DWIDTH 15 0
BBX 13 1 1 6
BITMAP
FFF8
ENDCHAR
STARTCHAR uni3162
ENCODING 12642
SWIDTH 938 0
DWIDTH 15 0
BBX 12 14 1 -1
BITMAP
0030
0030
0030
0030
0030
0030
0030
0030
0FF0
FC30
0030
0030
0030
0030
ENDCHAR
STARTCHAR uni3163
ENCODING 12643
SWIDTH 938 0
DWIDTH 15 0
BBX 1 14 7 -1
BITMAP
80
80
80
80
80
80
80
80
80
80
80
80
80
80
ENDCHAR
STARTCHAR uni3165
ENCODING 12645
SWIDTH 938 0
DWIDTH 15 0
BBX 10 8 3 2
BITMAP
8400
8400
8400
8400
8400
8400
9400
F7C0
ENDCHAR
STARTCHAR uni3166
ENCODING 12646
SWIDTH 938 0
DWIDTH 15 0
BBX 10 8 3 2
BITMAP
87C0
8400
8400
8400
8400
8400
9400
F7C0
ENDCHAR
STARTCHAR uni3167
ENCODING 12647
SWIDTH 938 0
DWIDTH 15 0
BBX 10 8 3 2
BITMAP
8300
8300
8300
8300
8300
8380
94C0
F840
ENDCHAR
STARTCHAR uni3168
ENCODING 12648
SWIDTH 938 0
DWIDTH 15 0
BBX 11 9 2 2
BITMAP
0100
C100
C180
C180
C180
C240
C240
CA40
F7E0
ENDCHAR
STARTCHAR uni3169
ENCODING 12649
SWIDTH 938 0
DWIDTH 15 0
BBX 12 8 2 2
BITMAP
EE40
2240
2240
E240
8240
82A0
93A0
F310
ENDCHAR
STARTCHAR uni316A
ENCODING 12650
SWIDTH 938 0
DWIDTH 15 0
BBX 11 8 2 2
BITMAP
FBE0
0A00
0A00
FA00
C200
C200
C600
FBE0
ENDCHAR
STARTCHAR uni316B
ENCODING 12651
SWIDTH 938 0
DWIDTH 15 0
BBX 13 8 1 2
BITMAP
FD20
1D20
1D20
FF20
8D20
8D70
8D50
FF88
ENDCHAR
STARTCHAR uni316C
ENCODING 12652
SWIDTH 938 0
DWIDTH 15 0
BBX 11 9 2 2
BITMAP
0080
F880
0980
0980
F980
C240
C240
CA40
FFE0
ENDCHAR
STARTCHAR uni316D
ENCODING 12653
SWIDTH 938 0
DWIDTH 15 0
BBX 11 8 2 2
BITMAP
FBE0
0800
0800
F9C0
C240
C260
C640
F9C0
ENDCHAR
STARTCHAR uni316E
ENCODING 12654
SWIDTH 938 0
DWIDTH 15 0
BBX 11 8 2 2
BITMAP
FA20
CA20
CA20
CBE0
CA20
CA20
CA20
FBE0
ENDCHAR
STARTCHAR uni316F
ENCODING 12655
SWIDTH 938 0
DWIDTH 15 0
BBX 12 8 2 2
BITMAP
F880
C880
C880
C880
C980
C940
CB70
FE20
ENDCHAR
STARTCHAR uni3170
ENCODING 12656
SWIDTH 938 0
DWIDTH 15 0
BBX 11 9 2 2
BITMAP
0080
F880
C980
C980
C980
CA40
CA40
CA40
FFE0
ENDCHAR
STARTCHAR uni3171
ENCODING 12657
SWIDTH 938 0
DWIDTH 15 0
BBX 7 11 4 1
BITMAP
FE
82
82
82
82
FE
00
38
6C
44
78
ENDCHAR
STARTCHAR uni3172
ENCODING 12658
SWIDTH 938 0
DWIDTH 15 0
BBX 10 8 3 2
BITMAP
97C0
90C0
90C0
F0C0
90C0
90C0
90C0
F0C0
ENDCHAR
STARTCHAR uni3173
ENCODING 12659
SWIDTH 938 0
DWIDTH 15 0
BBX 9 8 3 2
BITMAP
9780
9400
9400
F400
9400
9400
9400
F780
ENDCHAR
STARTCHAR uni3174
ENCODING 12660
SWIDTH 938 0
DWIDTH 15 0
BBX 11 8 2 2
BITMAP
B5E0
B420
B420
F620
B620
B620
BB20
F920
ENDCHAR
STARTCHAR uni3175
ENCODING 12661
SWIDTH 938 0
DWIDTH 15 0
BBX 12 8 1 2
BITMAP
D270
D240
D240
F240
D240
D740
D5C0
F8F0
ENDCHAR
STARTCHAR uni3176
ENCODING 12662
SWIDTH 938 0
DWIDTH 15 0
BBX 11 8 3 2
BITMAP
97C0
9100
9100
F100
9300
9280
96E0
FC40
ENDCHAR
STARTCHAR uni3177
ENCODING 12663
SWIDTH 938 0
DWIDTH 15 0
BBX 10 8 3 2
BITMAP
9780
9400
9400
F780
9400
9400
9400
F7C0
ENDCHAR
STARTCHAR uni3178
ENCODING 12664
SWIDTH 938 0
DWIDTH 15 0
BBX 7 11 4 1
BITMAP
82
82
FE
82
82
FE
00
38
6C
44
78
ENDCHAR
STARTCHAR uni3179
ENCODING 12665
SWIDTH 938 0
DWIDTH 15 0
BBX 9 11 3 1
BITMAP
9480
9480
F780
9480
9480
F780
0000
1C00
3600
2200
3C00
ENDCHAR
STARTCHAR uni317A
ENCODING 12666
SWIDTH 938 0
DWIDTH 15 0
BBX 10 8 2 2
BITMAP
17C0
1040
1040
3040
3040
3840
4C40
8440
ENDCHAR
STARTCHAR uni317B
ENCODING 12667
SWIDTH 938 0
DWIDTH 15 0
BBX 11 8 2 2
BITMAP
3200
3200
3200
3200
3200
3A00
4E00
87E0
ENDCHAR
STARTCHAR uni317C
ENCODING 12668
SWIDTH 938 0
DWIDTH 15 0
BBX 11 8 2 2
BITMAP
33E0
3200
3200
3200
3200
3A00
4A00
87E0
ENDCHAR
STARTCHAR uni317D
ENCODING 12669
SWIDTH 938 0
DWIDTH 15 0
BBX 11 8 2 2
BITMAP
3260
3260
3260
33E0
3260
7260
CA60
87E0
ENDCHAR
STARTCHAR uni317E
ENCODING 12670
SWIDTH 938 0
DWIDTH 15 0
BBX 11 8 2 2
BITMAP
33E0
3180
3180
3180
3180
39C0
4F40
8620
ENDCHAR
STARTCHAR uni317F
ENCODING 12671
SWIDTH 938 0
DWIDTH 15 0
BBX 7 9 4 2
BITMAP
10
10
30
28
28
4C
44
C6
FE
ENDCHAR
STARTCHAR uni3180
ENCODING 12672
SWIDTH 938 0
DWIDTH 15 0
BBX 11 8 2 2
BITMAP
71C0
5B60
CA20
8A20
8A20
CA20
5B60
31C0
ENDCHAR
STARTCHAR uni3181
ENCODING 12673
SWIDTH 938 0
DWIDTH 15 0
BBX 9 10 3 1
BITMAP
0800
0800
3C00
6300
4100
C180
C100
4100
7700
1C00
ENDCHAR
STARTCHAR uni3182
ENCODING 12674
SWIDTH 938 0
DWIDTH 15 0
BBX 11 8 2 2
BITMAP
2180
2180
7980
C980
8980
8980
5A40
7420
ENDCHAR
STARTCHAR uni3183
ENCODING 12675
SWIDTH 938 0
DWIDTH 15 0
BBX 11 9 2 2
BITMAP
0080
2080
2180
7980
C980
8A40
8A40
5A40
77E0
ENDCHAR
STARTCHAR uni3184
ENCODING 12676
SWIDTH 938 0
DWIDTH 15 0
BBX 9 11 3 1
BITMAP
FF00
2200
2200
2200
2200
FF80
0000
1C00
3600
2200
1C00
ENDCHAR
STARTCHAR uni3185
ENCODING 12677
SWIDTH 938 0
DWIDTH 15 0
BBX 11 8 2 2
BITMAP
2080
FBE0
0000
71C0
4A40
8A60
CA40
71C0
ENDCHAR
STARTCHAR uni3186
ENCODING 12678
SWIDTH 938 0
DWIDTH 15 0
BBX 7 8 4 2
BITMAP
FE
00
7C
C6
82
82
C6
7C
ENDCHAR
STARTCHAR uni3187
ENCODING 12679
SWIDTH 938 0
DWIDTH 15 0
BBX 13 14 1 -1
BITMAP
0060
0060
0060
0060
3278
3260
3260
3278
3278
FFE0
E060
0060
0060
0060
ENDCHAR
STARTCHAR uni3188
ENCODING 12680
SWIDTH 938 0
DWIDTH 15 0
BBX 12 14 1 -1
BITMAP
0090
0090
0090
0090
24F0
2490
2490
2490
24F0
FE90
0090
0090
0090
0090
ENDCHAR
STARTCHAR uni3189
ENCODING 12681
SWIDTH 938 0
DWIDTH 15 0
BBX 11 14 2 -1
BITMAP
0060
0060
0060
0060
2460
2460
2460
2460
2460
FFE0
0060
0060
0060
0060
ENDCHAR
STARTCHAR uni318A
ENCODING 12682
SWIDTH 938 0
DWIDTH 15 0
BBX 12 14 1 -1
BITMAP
0010
0010
0010
0010
0010
0050
FFD0
2610
26F0
2610
26F0
2610
2610
0010
ENDCHAR
STARTCHAR uni318B
ENCODING 12683
SWIDTH 938 0
DWIDTH 15 0
BBX 12 14 1 -1
BITMAP
00D0
00D0
00D0
00D0
00D0
FFD0
2CD0
2FD0
2CD0
2CD0
2FD0
2CD0
2CD0
00D0
ENDCHAR
STARTCHAR uni318C
ENCODING 12684
SWIDTH 938 0
DWIDTH 15 0
BBX 12 14 1 -1
BITMAP
0010
0010
0010
0010
0010
0010
FFD0
1310
1310
1310
1310
1310
1310
0010
ENDCHAR
STARTCHAR uni318D
ENCODING 12685
SWIDTH 938 0
DWIDTH 15 0
BBX 3 2 6 5
BITMAP
40
E0
ENDCHAR
STARTCHAR uni318E
ENCODING 12686
SWIDTH 938 0
DWIDTH 15 0
BBX 5 14 5 -1
BITMAP
08
08
08
08
08
08
C8
C8
08
08
08
08
08
08
ENDCHAR
STARTCHAR uni31A0
ENCODING 12704
SWIDTH 1000 0
DWIDTH 16 0
BBX 10 14 3 -1
BITMAP
6000
4000
4000
C040
FFC0
0040
0040
0040
00C0
0080
0F80
0880
0980
0700
ENDCHAR
STARTCHAR uni31A1
ENCODING 12705
SWIDTH 1000 0
DWIDTH 16 0
BBX 12 13 2 -1
BITMAP
FFF0
0410
0410
0410
0410
0410
0430
05E0
0440
3C00
4400
4C00
3800
ENDCHAR
STARTCHAR uni31A2
ENCODING 12706
SWIDTH 1000 0
DWIDTH 16 0
BBX 9 14 3 -1
BITMAP
0080
4080
4080
4080
4080
4080
4080
4F80
F880
4080
0780
0C80
0980
0700
ENDCHAR
STARTCHAR uni31A3
ENCODING 12707
SWIDTH 1000 0
DWIDTH 16 0
BBX 13 14 2 -1
BITMAP
0840
18C0
1080
2100
6300
4600
8400
4600
6300
2100
10F8
18C8
0848
0C38
ENDCHAR
STARTCHAR uni31A4
ENCODING 12708
SWIDTH 1000 0
DWIDTH 16 0
BBX 14 13 1 0
BITMAP
0800
0800
0800
080C
0BF8
FE18
8810
0830
0820
0800
0800
0C00
07F8
ENDCHAR
STARTCHAR uni31A5
ENCODING 12709
SWIDTH 1000 0
DWIDTH 16 0
BBX 14 14 1 -1
BITMAP
0800
0800
0800
080C
0BF8
FE18
8810
0830
0800
0810
082C
0C24
07F8
0010
ENDCHAR
STARTCHAR uni31A6
ENCODING 12710
SWIDTH 1000 0
DWIDTH 16 0
BBX 14 13 1 -1
BITMAP
FFFC
0100
0200
0600
0C00
1800
3000
2008
1010
0820
0CC0
0380
0200
ENDCHAR
STARTCHAR uni31A7
ENCODING 12711
SWIDTH 1000 0
DWIDTH 16 0
BBX 14 13 1 -1
BITMAP
FFFC
0100
0200
0600
0C00
1830
3048
2048
1078
0830
0CC8
0380
0200
ENDCHAR
STARTCHAR uni31A8
ENCODING 12712
SWIDTH 1000 0
DWIDTH 16 0
BBX 14 14 1 -1
BITMAP
0018
4010
6030
3060
1840
0CC0
0380
03FC
0680
0C40
1860
3030
E018
8008
ENDCHAR
STARTCHAR uni31A9
ENCODING 12713
SWIDTH 1000 0
DWIDTH 16 0
BBX 12 14 2 -1
BITMAP
8010
6020
3040
1880
0D00
0600
0600
0600
0600
0600
1E00
2700
2600
1C00
ENDCHAR
STARTCHAR uni31AA
ENCODING 12714
SWIDTH 1000 0
DWIDTH 16 0
BBX 14 6 1 4
BITMAP
0018
006C
0044
FFFC
FFF0
0080
ENDCHAR
STARTCHAR uni31AB
ENCODING 12715
SWIDTH 1000 0
DWIDTH 16 0
BBX 14 14 1 -1
BITMAP
0018
4010
6030
1820
0C40
06C0
0380
0380
0680
0C58
1864
30E4
E09C
8000
ENDCHAR
STARTCHAR uni31AC
ENCODING 12716
SWIDTH 1000 0
DWIDTH 16 0
BBX 12 13 2 -1
BITMAP
FFF0
8610
8610
8610
8610
8610
8610
8610
8610
8610
8610
8610
8000
ENDCHAR
STARTCHAR uni31AD
ENCODING 12717
SWIDTH 1000 0
DWIDTH 16 0
BBX 14 13 1 -1
BITMAP
FFFC
1320
1320
1320
1320
1320
1320
1320
3320
2320
633C
C300
0300
ENDCHAR
STARTCHAR uni31AE
ENCODING 12718
SWIDTH 1000 0
DWIDTH 16 0
BBX 13 13 1 -1
BITMAP
7FF8
0100
3100
2100
2100
7FF8
0218
0210
0410
FC10
9830
F820
0C20
ENDCHAR
STARTCHAR uni31AF
ENCODING 12719
SWIDTH 1000 0
DWIDTH 16 0
BBX 13 14 2 -1
BITMAP
0200
0600
0C00
0860
10C0
2080
FF00
4200
0400
0878
1088
2098
FFE0
0180
ENDCHAR
STARTCHAR uni31B0
ENCODING 12720
SWIDTH 1000 0
DWIDTH 16 0
BBX 12 14 2 -1
BITMAP
4060
2040
10C0
1980
0F00
FFF0
8610
8610
8610
8610
8610
8610
8610
8610
ENDCHAR
STARTCHAR uni31B1
ENCODING 12721
SWIDTH 1000 0
DWIDTH 16 0
BBX 14 13 1 -1
BITMAP
FFFC
0100
0200
7FF8
4608
4408
4808
5868
4C48
4788
4308
4008
4008
ENDCHAR
STARTCHAR uni31B2
ENCODING 12722
SWIDTH 1000 0
DWIDTH 16 0
BBX 14 11 1 0
BITMAP
FFFC
FFFC
0300
0300
0300
0300
0300
0300
0300
0300
7FF8
ENDCHAR
STARTCHAR uni31B3
ENCODING 12723
SWIDTH 1000 0
DWIDTH 16 0
BBX 7 14 4 -1
BITMAP
18
18
18
18
18
18
18
18
18
38
FC
9A
98
70
ENDCHAR
STARTCHAR uni31B4
ENCODING 12724
SWIDTH 625 0
DWIDTH 10 0
BBX 6 8 2 -1
BITMAP
40
C0
80
FC
04
0C
08
38
ENDCHAR
STARTCHAR uni31B5
ENCODING 12725
SWIDTH 625 0
DWIDTH 10 0
BBX 7 8 1 -1
BITMAP
60
40
40
7E
12
26
64
DC
ENDCHAR
STARTCHAR uni31B6
ENCODING 12726
SWIDTH 625 0
DWIDTH 10 0
BBX 8 7 1 -1
BITMAP
FF
20
20
7E
06
04
1C
ENDCHAR
STARTCHAR uni31B7
ENCODING 12727
SWIDTH 625 0
DWIDTH 10 0
BBX 8 7 1 -1
BITMAP
7F
7F
40
40
40
40
C0
ENDCHAR
STARTCHAR uni31B8
ENCODING 12728
SWIDTH 1000 0
DWIDTH 16 0
BBX 13 10 2 1
BITMAP
FFF0
0060
00C0
0180
0300
0600
1800
3000
FFF8
8000
ENDCHAR
STARTCHAR uni31B9
ENCODING 12729
SWIDTH 1000 0
DWIDTH 16 0
BBX 13 9 2 2
BITMAP
C000
C000
C000
C000
C000
C000
C000
C000
FFF8
ENDCHAR
STARTCHAR uni31BA
ENCODING 12730
SWIDTH 1000 0
DWIDTH 16 0
BBX 14 11 1 1
BITMAP
0300
0300
0300
0300
FFFC
FFFC
0300
0300
0300
0300
0300
ENDCHAR
STARTCHAR uni31BB
ENCODING 12731
SWIDTH 625 0
DWIDTH 10 0
BBX 7 7 1 -1
BITMAP
32
24
4C
C8
64
26
12
ENDCHAR
STARTCHAR uni31F0
ENCODING 12784
SWIDTH 1000 0
DWIDTH 16 0
BBX 10 11 3 -1
BITMAP
0800
1880
3FC0
2080
C080
8100
0300
0600
0C00
3800
6000
ENDCHAR
STARTCHAR uni31F1
ENCODING 12785
SWIDTH 1000 0
DWIDTH 16 0
BBX 11 11 3 -1
BITMAP
2000
1800
0800
8040
7060
20C0
0180
0300
0C00
7000
4000
ENDCHAR
STARTCHAR uni31F2
ENCODING 12786
SWIDTH 1000 0
DWIDTH 16 0
BBX 10 10 3 -1
BITMAP
7F80
0100
0100
0200
0600
0E00
1900
3080
C0C0
8040
ENDCHAR
STARTCHAR uni31F3
ENCODING 12787
SWIDTH 1000 0
DWIDTH 16 0
BBX 7 11 6 -1
BITMAP
80
80
80
80
E0
BC
86
80
80
80
80
ENDCHAR
STARTCHAR uni31F4
ENCODING 12788
SWIDTH 1000 0
DWIDTH 16 0
BBX 9 10 3 -1
BITMAP
7F80
0180
0100
6100
1A00
0E00
0F00
1980
7080
C000
ENDCHAR
STARTCHAR uni31F5
ENCODING 12789
SWIDTH 1000 0
DWIDTH 16 0
BBX 12 9 2 0
BITMAP
0900
0880
1880
1040
1040
3060
2020
6020
C030
ENDCHAR
STARTCHAR uni31F6
ENCODING 12790
SWIDTH 1000 0
DWIDTH 16 0
BBX 9 10 4 0
BITMAP
C000
C000
C100
CE00
F000
C000
C000
C000
C000
7F80
ENDCHAR
STARTCHAR uni31F7
ENCODING 12791
SWIDTH 1000 0
DWIDTH 16 0
BBX 10 9 3 0
BITMAP
FFC0
0080
0080
0080
0100
0300
0600
0C00
3800
ENDCHAR
STARTCHAR uni31F8
ENCODING 12792
SWIDTH 1000 0
DWIDTH 16 0
BBX 12 8 2 0
BITMAP
0C00
1E00
3300
6180
C0C0
4060
0030
0020
ENDCHAR
STARTCHAR uni31F9
ENCODING 12793
SWIDTH 1000 0
DWIDTH 16 0
BBX 12 10 2 0
BITMAP
0600
0600
7FE0
0600
2640
36C0
6660
C630
4620
1E00
ENDCHAR
STARTCHAR uni31FA
ENCODING 12794
SWIDTH 1000 0
DWIDTH 16 0
BBX 11 11 3 -1
BITMAP
0C00
0800
0800
1800
1000
1180
3080
20C0
23C0
FE60
0020
ENDCHAR
STARTCHAR uni31FB
ENCODING 12795
SWIDTH 1000 0
DWIDTH 16 0
BBX 10 10 3 -1
BITMAP
7F80
0000
0000
FFC0
0080
0180
0100
0200
0C00
3000
ENDCHAR
STARTCHAR uni31FC
ENCODING 12796
SWIDTH 1000 0
DWIDTH 16 0
BBX 8 11 4 -1
BITMAP
03
82
82
82
82
82
82
02
06
0C
30
ENDCHAR
STARTCHAR uni31FD
ENCODING 12797
SWIDTH 1000 0
DWIDTH 16 0
BBX 12 10 2 0
BITMAP
1300
1300
1300
1300
1300
1310
1310
2360
23C0
C380
ENDCHAR
STARTCHAR uni31FE
ENCODING 12798
SWIDTH 1000 0
DWIDTH 16 0
BBX 9 10 5 -1
BITMAP
8000
8000
8000
8000
8080
8100
8600
9C00
F000
8000
ENDCHAR
STARTCHAR uni31FF
ENCODING 12799
SWIDTH 1000 0
DWIDTH 16 0
BBX 10 9 3 0
BITMAP
FFC0
8040
8040
8040
8040
8040
8040
FFC0
FFC0
ENDCHAR
STARTCHAR uniF001
ENCODING 61441
SWIDTH 500 0
DWIDTH 8 0
BBX 7 12 0 0
BITMAP
32
40
40
F2
42
42
42
42
42
42
42
42
ENDCHAR
STARTCHAR uniF002
ENCODING 61442
SWIDTH 500 0
DWIDTH 8 0
BBX 7 12 0 0
BITMAP
32
42
42
F2
42
42
42
42
42
42
42
42
ENDCHAR
STARTCHAR uniF005
ENCODING 61445
SWIDTH 313 0
DWIDTH 5 0
BBX 3 3 1 -4
BITMAP
C0
20
C0
ENDCHAR
STARTCHAR uniFB00
ENCODING 64256
SWIDTH 625 0
DWIDTH 10 0
BBX 10 13 1 0
BITMAP
39C0
6B00
4200
4200
FF80
FF80
4200
4200
4200
4200
4200
4200
4200
ENDCHAR
STARTCHAR uniF001
ENCODING 64257
SWIDTH 500 0
DWIDTH 8 0
BBX 7 12 0 0
BITMAP
32
40
40
F2
42
42
42
42
42
42
42
42
ENDCHAR
STARTCHAR uniF002
ENCODING 64258
SWIDTH 500 0
DWIDTH 8 0
BBX 7 12 0 0
BITMAP
32
42
42
F2
42
42
42
42
42
42
42
42
ENDCHAR
STARTCHAR uniFB03
ENCODING 64259
SWIDTH 938 0
DWIDTH 15 0
BBX 12 13 1 0
BITMAP
39C0
6B10
4210
4200
FF90
FF90
4210
4210
4210
4210
4210
4210
4210
ENDCHAR
STARTCHAR uniFB04
ENCODING 64260
SWIDTH 938 0
DWIDTH 15 0
BBX 13 13 1 0
BITMAP
39D0
6B10
4210
4210
FF90
FF90
4210
4210
4210
4210
4210
4210
4218
ENDCHAR
STARTCHAR uniFE10
ENCODING 65040
SWIDTH 1000 0
DWIDTH 16 0
BBX 4 5 10 9
BITMAP
60
70
30
20
C0
ENDCHAR
STARTCHAR uniFE11
ENCODING 65041
SWIDTH 1000 0
DWIDTH 16 0
BBX 4 4 11 9
BITMAP
80
40
20
30
ENDCHAR
STARTCHAR uniFE12
ENCODING 65042
SWIDTH 1000 0
DWIDTH 16 0
BBX 5 5 10 8
BITMAP
70
48
88
48
30
ENDCHAR
STARTCHAR uniFE13
ENCODING 65043
SWIDTH 1000 0
DWIDTH 16 0
BBX 3 10 10 2
BITMAP
E0
60
00
00
00
00
00
00
E0
60
ENDCHAR
STARTCHAR uniFE14
ENCODING 65044
SWIDTH 1000 0
DWIDTH 16 0
BBX 3 12 10 0
BITMAP
E0
60
00
00
00
00
00
E0
60
20
60
C0
ENDCHAR
STARTCHAR uniFE15
ENCODING 65045
SWIDTH 1000 0
DWIDTH 16 0
BBX 2 12 11 1
BITMAP
80
80
80
80
80
80
80
80
00
00
C0
80
ENDCHAR
STARTCHAR uniFE16
ENCODING 65046
SWIDTH 1000 0
DWIDTH 16 0
BBX 7 12 8 1
BITMAP
7C
82
02
02
04
08
10
10
00
00
30
10
ENDCHAR
STARTCHAR uniFE17
ENCODING 65047
SWIDTH 1000 0
DWIDTH 16 0
BBX 14 5 1 -1
BITMAP
FFFC
9024
E01C
8004
8004
ENDCHAR
STARTCHAR uniFE18
ENCODING 65048
SWIDTH 1000 0
DWIDTH 16 0
BBX 14 6 1 8
BITMAP
8004
8004
8004
E01C
9FE4
FFFC
ENDCHAR
STARTCHAR uniFE19
ENCODING 65049
SWIDTH 1000 0
DWIDTH 16 0
BBX 2 12 7 0
BITMAP
C0
C0
00
00
00
C0
C0
00
00
00
C0
C0
ENDCHAR
STARTCHAR uniFE30
ENCODING 65072
SWIDTH 1000 0
DWIDTH 16 0
BBX 2 10 7 1
BITMAP
C0
C0
00
00
00
00
00
00
C0
C0
ENDCHAR
STARTCHAR uniFE31
ENCODING 65073
SWIDTH 1000 0
DWIDTH 16 0
BBX 1 14 8 -1
BITMAP
80
80
80
80
80
80
80
80
80
80
80
80
80
80
ENDCHAR
STARTCHAR uniFE32
ENCODING 65074
SWIDTH 1000 0
DWIDTH 16 0
BBX 1 4 8 4
BITMAP
80
80
80
80
ENDCHAR
STARTCHAR uniFE33
ENCODING 65075
SWIDTH 1000 0
DWIDTH 16 0
BBX 1 16 0 -2
BITMAP
80
80
80
80
80
80
80
80
80
80
80
80
80
80
80
80
ENDCHAR
STARTCHAR uniFE34
ENCODING 65076
SWIDTH 1000 0
DWIDTH 16 0
BBX 1 16 1 -2
BITMAP
80
80
80
80
80
80
80
80
80
80
80
80
80
80
80
80
ENDCHAR
STARTCHAR uniFE35
ENCODING 65077
SWIDTH 1000 0
DWIDTH 16 0
BBX 16 4 0 -1
BITMAP
07E0
1C38
6006
C003
ENDCHAR
STARTCHAR uniFE36
ENCODING 65078
SWIDTH 1000 0
DWIDTH 16 0
BBX 16 4 0 9
BITMAP
C003
6006
1C38
07E0
ENDCHAR
STARTCHAR uniFE37
ENCODING 65079
SWIDTH 1000 0
DWIDTH 16 0
BBX 16 4 0 -1
BITMAP
0100
0180
7E7E
8001
ENDCHAR
STARTCHAR uniFE38
ENCODING 65080
SWIDTH 1000 0
DWIDTH 16 0
BBX 16 5 0 9
BITMAP
8001
8001
7FFE
0180
0100
ENDCHAR
STARTCHAR uniFE39
ENCODING 65081
SWIDTH 1000 0
DWIDTH 16 0
BBX 16 4 0 -1
BITMAP
3FFC
2004
4002
C003
ENDCHAR
STARTCHAR uniFE3A
ENCODING 65082
SWIDTH 1000 0
DWIDTH 16 0
BBX 16 4 0 9
BITMAP
C003
4002
3FFC
1FF8
ENDCHAR
STARTCHAR uniFE3B
ENCODING 65083
SWIDTH 1000 0
DWIDTH 16 0
BBX 14 4 1 -1
BITMAP
FFFC
F03C
C00C
8004
ENDCHAR
STARTCHAR uniFE3C
ENCODING 65084
SWIDTH 1000 0
DWIDTH 16 0
BBX 14 5 1 9
BITMAP
8004
8004
C00C
F87C
FFFC
ENDCHAR
STARTCHAR uniFE3D
ENCODING 65085
SWIDTH 1000 0
DWIDTH 16 0
BBX 14 7 1 -1
BITMAP
0200
0780
1860
E31C
8CC4
3030
C00C
ENDCHAR
STARTCHAR uniFE3E
ENCODING 65086
SWIDTH 1000 0
DWIDTH 16 0
BBX 14 7 1 7
BITMAP
8004
C00C
3030
8CC4
6318
1860
0780
ENDCHAR
STARTCHAR uniFE3F
ENCODING 65087
SWIDTH 1000 0
DWIDTH 16 0
BBX 14 6 1 -1
BITMAP
0200
0780
0CC0
3030
C00C
8004
ENDCHAR
STARTCHAR uniFE40
ENCODING 65088
SWIDTH 1000 0
DWIDTH 16 0
BBX 14 6 1 7
BITMAP
8004
6018
3030
0CC0
0780
0200
ENDCHAR
STARTCHAR uniFE41
ENCODING 65089
SWIDTH 1000 0
DWIDTH 16 0
BBX 12 5 4 -1
BITMAP
FFF0
0030
0030
0030
0030
ENDCHAR
STARTCHAR uniFE42
ENCODING 65090
SWIDTH 1000 0
DWIDTH 16 0
BBX 12 5 0 8
BITMAP
C000
C000
C000
FFF0
FFF0
ENDCHAR
STARTCHAR uniFE43
ENCODING 65091
SWIDTH 1000 0
DWIDTH 16 0
BBX 10 5 5 -1
BITMAP
FFC0
FF40
00C0
00C0
00C0
ENDCHAR
STARTCHAR uniFE44
ENCODING 65092
SWIDTH 1000 0
DWIDTH 16 0
BBX 10 6 1 8
BITMAP
C000
C000
C000
FF80
8040
FFC0
ENDCHAR
STARTCHAR uniFE45
ENCODING 65093
SWIDTH 1000 0
DWIDTH 16 0
BBX 10 11 3 0
BITMAP
C000
7800
3E00
1F00
0F80
07C0
07C0
03C0
03C0
01C0
0080
ENDCHAR
STARTCHAR uniFE46
ENCODING 65094
SWIDTH 1000 0
DWIDTH 16 0
BBX 10 10 3 1
BITMAP
E000
5800
2600
1100
1080
0840
0440
0440
0240
01C0
ENDCHAR
STARTCHAR uniFE47
ENCODING 65095
SWIDTH 1000 0
DWIDTH 16 0
BBX 14 4 1 -1
BITMAP
FFFC
8004
8004
8004
ENDCHAR
STARTCHAR uniFE48
ENCODING 65096
SWIDTH 1000 0
DWIDTH 16 0
BBX 14 5 1 9
BITMAP
8004
8004
8004
FFFC
FFFC
ENDCHAR
STARTCHAR uniFE49
ENCODING 65097
SWIDTH 1000 0
DWIDTH 16 0
BBX 10 1 3 12
BITMAP
EDC0
ENDCHAR
STARTCHAR uniFE4A
ENCODING 65098
SWIDTH 1000 0
DWIDTH 16 0
BBX 10 1 3 12
BITMAP
F3C0
ENDCHAR
STARTCHAR uniFE4B
ENCODING 65099
SWIDTH 1000 0
DWIDTH 16 0
BBX 16 2 0 12
BITMAP
8421
7BDE
ENDCHAR
STARTCHAR uniFE4C
ENCODING 65100
SWIDTH 1000 0
DWIDTH 16 0
BBX 16 4 0 10
BITMAP
8421
7BDE
8C31
73CE
ENDCHAR
STARTCHAR uniFE4D
ENCODING 65101
SWIDTH 1000 0
DWIDTH 16 0
BBX 10 1 3 0
BITMAP
EDC0
ENDCHAR
STARTCHAR uniFE4E
ENCODING 65102
SWIDTH 1000 0
DWIDTH 16 0
BBX 10 1 3 0
BITMAP
F3C0
ENDCHAR
STARTCHAR uniFE4F
ENCODING 65103
SWIDTH 1000 0
DWIDTH 16 0
BBX 16 1 0 -1
BITMAP
FFFF
ENDCHAR
STARTCHAR uniFE50
ENCODING 65104
SWIDTH 1000 0
DWIDTH 16 0
BBX 2 5 7 -3
BITMAP
C0
C0
40
80
80
ENDCHAR
STARTCHAR uniFE51
ENCODING 65105
SWIDTH 1000 0
DWIDTH 16 0
BBX 4 3 6 -1
BITMAP
C0
60
30
ENDCHAR
STARTCHAR uniFE52
ENCODING 65106
SWIDTH 1000 0
DWIDTH 16 0
BBX 2 2 7 0
BITMAP
C0
C0
ENDCHAR
STARTCHAR uniFE54
ENCODING 65108
SWIDTH 1000 0
DWIDTH 16 0
BBX 2 10 7 -3
BITMAP
C0
00
00
00
00
C0
C0
40
80
80
ENDCHAR
STARTCHAR uniFE55
ENCODING 65109
SWIDTH 1000 0
DWIDTH 16 0
BBX 2 7 7 0
BITMAP
C0
80
00
00
00
C0
C0
ENDCHAR
STARTCHAR uniFE56
ENCODING 65110
SWIDTH 1000 0
DWIDTH 16 0
BBX 6 10 5 -1
BITMAP
7C
84
04
0C
18
30
20
00
30
30
ENDCHAR
STARTCHAR uniFE57
ENCODING 65111
SWIDTH 1000 0
DWIDTH 16 0
BBX 2 10 7 -1
BITMAP
C0
C0
C0
C0
C0
40
40
00
C0
C0
ENDCHAR
STARTCHAR uniFE58
ENCODING 65112
SWIDTH 1000 0
DWIDTH 16 0
BBX 10 1 3 2
BITMAP
FFC0
ENDCHAR
STARTCHAR uniFE59
ENCODING 65113
SWIDTH 1000 0
DWIDTH 16 0
BBX 3 11 6 -1
BITMAP
20
20
40
40
40
80
80
40
40
40
20
ENDCHAR
STARTCHAR uniFE5A
ENCODING 65114
SWIDTH 1000 0
DWIDTH 16 0
BBX 3 11 6 -1
BITMAP
C0
40
20
20
20
20
20
20
20
60
C0
ENDCHAR
STARTCHAR uniFE5B
ENCODING 65115
SWIDTH 1000 0
DWIDTH 16 0
BBX 4 10 6 -1
BITMAP
70
40
40
40
C0
40
40
40
40
30
ENDCHAR
STARTCHAR uniFE5C
ENCODING 65116
SWIDTH 1000 0
DWIDTH 16 0
BBX 4 10 6 -1
BITMAP
C0
40
40
40
30
20
40
40
40
C0
ENDCHAR
STARTCHAR uniFE5D
ENCODING 65117
SWIDTH 1000 0
DWIDTH 16 0
BBX 2 10 7 -1
BITMAP
C0
80
80
80
80
80
80
80
80
40
ENDCHAR
STARTCHAR uniFE5E
ENCODING 65118
SWIDTH 1000 0
DWIDTH 16 0
BBX 3 10 6 -1
BITMAP
C0
20
20
20
20
20
20
20
60
80
ENDCHAR
STARTCHAR uniFE5F
ENCODING 65119
SWIDTH 1000 0
DWIDTH 16 0
BBX 6 10 5 -1
BITMAP
28
28
28
FC
48
48
FC
50
50
50
ENDCHAR
STARTCHAR uniFE60
ENCODING 65120
SWIDTH 1000 0
DWIDTH 16 0
BBX 8 10 4 -1
BITMAP
38
44
44
68
30
51
8B
86
C7
79
ENDCHAR
STARTCHAR uniFE61
ENCODING 65121
SWIDTH 1000 0
DWIDTH 16 0
BBX 4 4 6 5
BITMAP
40
F0
60
F0
ENDCHAR
STARTCHAR uniFE62
ENCODING 65122
SWIDTH 1000 0
DWIDTH 16 0
BBX 6 7 5 0
BITMAP
20
20
20
FC
20
20
20
ENDCHAR
STARTCHAR uniFE63
ENCODING 65123
SWIDTH 1000 0
DWIDTH 16 0
BBX 6 1 5 3
BITMAP
FC
ENDCHAR
STARTCHAR uniFE64
ENCODING 65124
SWIDTH 1000 0
DWIDTH 16 0
BBX 6 6 5 1
BITMAP
04
1C
E0
C0
38
0C
ENDCHAR
STARTCHAR uniFE65
ENCODING 65125
SWIDTH 1000 0
DWIDTH 16 0
BBX 6 6 5 1
BITMAP
80
E0
18
0C
70
80
ENDCHAR
STARTCHAR uniFE66
ENCODING 65126
SWIDTH 1000 0
DWIDTH 16 0
BBX 6 4 5 2
BITMAP
FC
00
00
FC
ENDCHAR
STARTCHAR uniFE68
ENCODING 65128
SWIDTH 1000 0
DWIDTH 16 0
BBX 4 10 6 -1
BITMAP
80
80
40
40
40
20
20
20
10
10
ENDCHAR
STARTCHAR uniFE69
ENCODING 65129
SWIDTH 1000 0
DWIDTH 16 0
BBX 7 13 4 -2
BITMAP
08
08
3C
42
40
60
3C
06
02
C2
7E
08
08
ENDCHAR
STARTCHAR uniFE6A
ENCODING 65130
SWIDTH 1000 0
DWIDTH 16 0
BBX 10 10 3 -1
BITMAP
6100
9200
9200
9400
95C0
6A40
0A40
1240
1340
2080
ENDCHAR
STARTCHAR uniFE6B
ENCODING 65131
SWIDTH 1000 0
DWIDTH 16 0
BBX 10 11 3 -1
BITMAP
0600
3980
60C0
4640
9A40
9240
9240
9680
8900
4000
3E00
ENDCHAR
STARTCHAR uniFF01
ENCODING 65281
SWIDTH 1000 0
DWIDTH 16 0
BBX 2 12 7 0
BITMAP
C0
C0
C0
C0
C0
C0
C0
C0
00
00
C0
C0
ENDCHAR
STARTCHAR uniFF02
ENCODING 65282
SWIDTH 1000 0
DWIDTH 16 0
BBX 6 5 5 9
BITMAP
CC
CC
CC
48
48
ENDCHAR
STARTCHAR uniFF03
ENCODING 65283
SWIDTH 1000 0
DWIDTH 16 0
BBX 10 12 3 0
BITMAP
1100
1100
1100
FFC0
1100
1100
2200
FFC0
2200
2200
2200
2200
ENDCHAR
STARTCHAR uniFF04
ENCODING 65284
SWIDTH 1000 0
DWIDTH 16 0
BBX 8 16 4 -2
BITMAP
08
08
3C
67
C1
C0
E0
38
0E
03
01
81
C3
7E
08
08
ENDCHAR
STARTCHAR uniFF05
ENCODING 65285
SWIDTH 1000 0
DWIDTH 16 0
BBX 14 12 1 0
BITMAP
7860
4840
8C80
8C80
8D00
4978
7A4C
02C4
04C4
0444
0848
1838
ENDCHAR
STARTCHAR uniFF06
ENCODING 65286
SWIDTH 1000 0
DWIDTH 16 0
BBX 10 12 3 0
BITMAP
1C00
2600
2200
2600
2C00
1800
7840
CCC0
8680
C300
C3C0
7C40
ENDCHAR
STARTCHAR uniFF07
ENCODING 65287
SWIDTH 1000 0
DWIDTH 16 0
BBX 2 5 7 9
BITMAP
C0
C0
C0
C0
C0
ENDCHAR
STARTCHAR uniFF08
ENCODING 65288
SWIDTH 1000 0
DWIDTH 16 0
BBX 4 16 11 -2
BITMAP
10
30
20
40
40
C0
80
80
80
80
C0
40
40
20
30
10
ENDCHAR
STARTCHAR uniFF09
ENCODING 65289
SWIDTH 1000 0
DWIDTH 16 0
BBX 4 16 1 -2
BITMAP
80
C0
40
20
20
30
10
10
10
10
30
20
20
40
C0
80
ENDCHAR
STARTCHAR uniFF0A
ENCODING 65290
SWIDTH 1000 0
DWIDTH 16 0
BBX 12 12 2 0
BITMAP
0200
0200
8210
6660
1F80
0F00
0F00
36C0
C630
0200
0200
0200
ENDCHAR
STARTCHAR uniFF0B
ENCODING 65291
SWIDTH 1000 0
DWIDTH 16 0
BBX 12 12 2 0
BITMAP
0600
0600
0600
0600
0600
FFF0
FFF0
0600
0600
0600
0600
0600
ENDCHAR
STARTCHAR uniFF0C
ENCODING 65292
SWIDTH 1000 0
DWIDTH 16 0
BBX 3 6 2 -2
BITMAP
60
60
20
20
40
80
ENDCHAR
STARTCHAR uniFF0D
ENCODING 65293
SWIDTH 1000 0
DWIDTH 16 0
BBX 12 2 2 5
BITMAP
FFF0
FFF0
ENDCHAR
STARTCHAR uniFF0E
ENCODING 65294
SWIDTH 1000 0
DWIDTH 16 0
BBX 2 3 3 0
BITMAP
80
C0
C0
ENDCHAR
STARTCHAR uniFF0F
ENCODING 65295
SWIDTH 1000 0
DWIDTH 16 0
BBX 14 15 1 -1
BITMAP
0004
0004
0008
0010
0020
0040
0080
0100
0200
0400
0800
1000
2000
4000
8000
ENDCHAR
STARTCHAR uniFF10
ENCODING 65296
SWIDTH 1000 0
DWIDTH 16 0
BBX 8 12 4 0
BITMAP
3C
66
C3
81
81
81
81
81
81
C3
66
3C
ENDCHAR
STARTCHAR uniFF11
ENCODING 65297
SWIDTH 1000 0
DWIDTH 16 0
BBX 8 12 4 0
BITMAP
18
78
08
08
08
08
08
08
08
08
08
FF
ENDCHAR
STARTCHAR uniFF12
ENCODING 65298
SWIDTH 1000 0
DWIDTH 16 0
BBX 8 12 4 0
BITMAP
3C
E6
83
03
03
02
06
0C
18
30
60
FF
ENDCHAR
STARTCHAR uniFF13
ENCODING 65299
SWIDTH 1000 0
DWIDTH 16 0
BBX 9 12 3 0
BITMAP
1E00
6300
4180
0180
0100
0E00
0F00
0180
0080
4180
E180
3F00
ENDCHAR
STARTCHAR uniFF14
ENCODING 65300
SWIDTH 1000 0
DWIDTH 16 0
BBX 9 12 4 0
BITMAP
0600
0E00
1E00
1600
2600
6600
C600
8600
FF80
0600
0600
0600
ENDCHAR
STARTCHAR uniFF15
ENCODING 65301
SWIDTH 1000 0
DWIDTH 16 0
BBX 8 12 4 0
BITMAP
7F
7F
40
C0
D8
FE
03
01
01
83
C6
7C
ENDCHAR
STARTCHAR uniFF16
ENCODING 65302
SWIDTH 1000 0
DWIDTH 16 0
BBX 8 12 4 0
BITMAP
1E
73
40
C0
80
BE
C3
81
81
C1
63
3E
ENDCHAR
STARTCHAR uniFF17
ENCODING 65303
SWIDTH 1000 0
DWIDTH 16 0
BBX 8 12 4 0
BITMAP
FF
01
02
06
04
08
08
18
10
10
10
10
ENDCHAR
STARTCHAR uniFF18
ENCODING 65304
SWIDTH 1000 0
DWIDTH 16 0
BBX 8 12 4 0
BITMAP
3C
66
C3
C1
42
36
6E
C3
81
81
C3
7E
ENDCHAR
STARTCHAR uniFF19
ENCODING 65305
SWIDTH 1000 0
DWIDTH 16 0
BBX 8 12 4 0
BITMAP
3C
46
83
83
81
C3
7D
11
03
02
C6
7C
ENDCHAR
STARTCHAR uniFF1A
ENCODING 65306
SWIDTH 1000 0
DWIDTH 16 0
BBX 2 10 7 1
BITMAP
C0
C0
00
00
00
00
00
00
C0
C0
ENDCHAR
STARTCHAR uniFF1B
ENCODING 65307
SWIDTH 1000 0
DWIDTH 16 0
BBX 3 13 6 -2
BITMAP
60
60
00
00
00
00
00
60
60
20
20
40
80
ENDCHAR
STARTCHAR uniFF1C
ENCODING 65308
SWIDTH 1000 0
DWIDTH 16 0
BBX 12 12 2 0
BITMAP
0030
00E0
0380
0E00
1800
E000
6000
1800
0E00
0380
00E0
0030
ENDCHAR
STARTCHAR uniFF1D
ENCODING 65309
SWIDTH 1000 0
DWIDTH 16 0
BBX 12 4 2 4
BITMAP
FFF0
0000
0000
FFF0
ENDCHAR
STARTCHAR uniFF1E
ENCODING 65310
SWIDTH 1000 0
DWIDTH 16 0
BBX 12 12 2 0
BITMAP
C000
7000
1C00
0700
0180
0070
0060
0180
0700
1C00
7000
C000
ENDCHAR
STARTCHAR uniFF1F
ENCODING 65311
SWIDTH 1000 0
DWIDTH 16 0
BBX 8 12 4 0
BITMAP
3E
C3
03
03
06
0C
18
10
00
00
18
18
ENDCHAR
STARTCHAR uniFF20
ENCODING 65312
SWIDTH 1000 0
DWIDTH 16 0
BBX 14 14 1 -1
BITMAP
07E0
1810
2008
6008
47C4
4CC4
8884
8888
8888
4FF0
4000
6000
3040
0F80
ENDCHAR
STARTCHAR uniFF21
ENCODING 65313
SWIDTH 1000 0
DWIDTH 16 0
BBX 10 12 3 0
BITMAP
0C00
0C00
1E00
1200
3200
2300
2100
7F80
4180
C080
C0C0
8040
ENDCHAR
STARTCHAR uniFF22
ENCODING 65314
SWIDTH 1000 0
DWIDTH 16 0
BBX 9 12 4 0
BITMAP
FC00
8700
8100
8100
8300
FE00
8700
8180
8080
8180
8380
FE00
ENDCHAR
STARTCHAR uniFF23
ENCODING 65315
SWIDTH 1000 0
DWIDTH 16 0
BBX 10 12 3 0
BITMAP
0F00
39C0
6000
4000
C000
C000
C000
C000
4000
6000
30C0
1F80
ENDCHAR
STARTCHAR uniFF24
ENCODING 65316
SWIDTH 1000 0
DWIDTH 16 0
BBX 9 12 4 0
BITMAP
F800
9E00
8300
8180
8180
8080
8080
8180
8180
8300
8600
FC00
ENDCHAR
STARTCHAR uniFF25
ENCODING 65317
SWIDTH 1000 0
DWIDTH 16 0
BBX 8 12 4 0
BITMAP
FF
FF
C0
C0
C0
FE
C0
C0
C0
C0
C0
FF
ENDCHAR
STARTCHAR uniFF26
ENCODING 65318
SWIDTH 1000 0
DWIDTH 16 0
BBX 7 12 5 0
BITMAP
FE
FE
80
80
80
FC
FC
80
80
80
80
80
ENDCHAR
STARTCHAR uniFF27
ENCODING 65319
SWIDTH 1000 0
DWIDTH 16 0
BBX 10 12 3 0
BITMAP
1F00
39C0
6000
C000
C000
8000
83C0
C040
C040
4040
70C0
1F80
ENDCHAR
STARTCHAR uniFF28
ENCODING 65320
SWIDTH 1000 0
DWIDTH 16 0
BBX 10 12 3 0
BITMAP
C0C0
C0C0
C0C0
C0C0
C0C0
FFC0
C0C0
C0C0
C0C0
C0C0
C0C0
C0C0
ENDCHAR
STARTCHAR uniFF29
ENCODING 65321
SWIDTH 1000 0
DWIDTH 16 0
BBX 8 12 4 0
BITMAP
FF
FF
18
18
18
18
18
18
18
18
18
FF
ENDCHAR
STARTCHAR uniFF2A
ENCODING 65322
SWIDTH 1000 0
DWIDTH 16 0
BBX 7 12 4 0
BITMAP
02
02
02
02
02
02
02
02
02
06
C6
7C
ENDCHAR
STARTCHAR uniFF2B
ENCODING 65323
SWIDTH 1000 0
DWIDTH 16 0
BBX 10 12 4 0
BITMAP
8180
8300
8600
8C00
9800
B800
EC00
C600
8200
8300
8180
80C0
ENDCHAR
STARTCHAR uniFF2C
ENCODING 65324
SWIDTH 1000 0
DWIDTH 16 0
BBX 7 12 5 0
BITMAP
80
80
80
80
80
80
80
80
80
80
80
FE
ENDCHAR
STARTCHAR uniFF2D
ENCODING 65325
SWIDTH 1000 0
DWIDTH 16 0
BBX 12 12 2 0
BITMAP
C030
E070
E070
F0F0
D0B0
D9B0
C930
C930
CE30
C630
C630
C030
ENDCHAR
STARTCHAR uniFF2E
ENCODING 65326
SWIDTH 1000 0
DWIDTH 16 0
BBX 10 12 3 0
BITMAP
C0C0
E0C0
E0C0
F0C0
D8C0
C8C0
CCC0
C6C0
C2C0
C3C0
C1C0
C0C0
ENDCHAR
STARTCHAR uniFF2F
ENCODING 65327
SWIDTH 1000 0
DWIDTH 16 0
BBX 12 12 2 0
BITMAP
0F00
39C0
6060
4020
C030
C030
C030
C030
4020
6060
30C0
1F80
ENDCHAR
STARTCHAR uniFF30
ENCODING 65328
SWIDTH 1000 0
DWIDTH 16 0
BBX 9 12 4 0
BITMAP
FC00
C700
C180
C180
C180
C300
FE00
C000
C000
C000
C000
C000
ENDCHAR
STARTCHAR uniFF31
ENCODING 65329
SWIDTH 1000 0
DWIDTH 16 0
BBX 12 15 2 -3
BITMAP
0F00
39C0
6060
4020
C030
C030
C030
C030
4020
6060
30C0
1F80
0600
0390
00F0
ENDCHAR
STARTCHAR uniFF32
ENCODING 65330
SWIDTH 1000 0
DWIDTH 16 0
BBX 9 12 4 0
BITMAP
FC00
8700
8180
8180
8180
8300
FE00
8C00
8600
8200
8300
8180
ENDCHAR
STARTCHAR uniFF33
ENCODING 65331
SWIDTH 1000 0
DWIDTH 16 0
BBX 10 12 3 0
BITMAP
1F00
3180
6080
6000
7000
3C00
0700
0180
00C0
40C0
E180
3F00
ENDCHAR
STARTCHAR uniFF34
ENCODING 65332
SWIDTH 1000 0
DWIDTH 16 0
BBX 10 12 3 0
BITMAP
FFC0
0C00
0C00
0C00
0C00
0C00
0C00
0C00
0C00
0C00
0C00
0C00
ENDCHAR
STARTCHAR uniFF35
ENCODING 65333
SWIDTH 1000 0
DWIDTH 16 0
BBX 10 12 3 0
BITMAP
C0C0
C0C0
C0C0
C0C0
C0C0
C0C0
C0C0
C0C0
C0C0
4080
6180
3F00
ENDCHAR
STARTCHAR uniFF36
ENCODING 65334
SWIDTH 1000 0
DWIDTH 16 0
BBX 10 12 3 0
BITMAP
8040
C0C0
4080
6080
6180
2100
3300
3300
1200
1E00
0C00
0C00
ENDCHAR
STARTCHAR uniFF37
ENCODING 65335
SWIDTH 1000 0
DWIDTH 16 0
BBX 16 12 0 0
BITMAP
C183
4182
6182
63C6
2244
2244
2264
366C
1428
1428
1C38
1818
ENDCHAR
STARTCHAR uniFF38
ENCODING 65336
SWIDTH 1000 0
DWIDTH 16 0
BBX 10 12 3 0
BITMAP
C0C0
6180
2100
1200
1E00
0C00
0C00
1E00
3300
2100
6180
C0C0
ENDCHAR
STARTCHAR uniFF39
ENCODING 65337
SWIDTH 1000 0
DWIDTH 16 0
BBX 10 12 3 0
BITMAP
C0C0
4080
6180
3300
1200
1E00
0C00
0C00
0C00
0C00
0C00
0C00
ENDCHAR
STARTCHAR uniFF3A
ENCODING 65338
SWIDTH 1000 0
DWIDTH 16 0
BBX 10 12 3 0
BITMAP
7FC0
0080
0100
0300
0600
0400
0C00
1800
3000
2000
6000
FFC0
ENDCHAR
STARTCHAR uniFF3B
ENCODING 65339
SWIDTH 1000 0
DWIDTH 16 0
BBX 4 15 11 -1
BITMAP
F0
C0
C0
C0
C0
C0
C0
C0
C0
C0
C0
C0
C0
C0
F0
ENDCHAR
STARTCHAR uniFF3C
ENCODING 65340
SWIDTH 1000 0
DWIDTH 16 0
BBX 14 15 1 -1
BITMAP
8000
8000
4000
2000
1000
0800
0400
0200
0100
0080
0040
0020
0010
0008
0004
ENDCHAR
STARTCHAR uniFF3D
ENCODING 65341
SWIDTH 1000 0
DWIDTH 16 0
BBX 4 15 1 -1
BITMAP
F0
10
10
10
10
10
10
10
10
10
10
10
10
10
F0
ENDCHAR
STARTCHAR uniFF3E
ENCODING 65342
SWIDTH 1000 0
DWIDTH 16 0
BBX 5 2 6 13
BITMAP
60
98
ENDCHAR
STARTCHAR uniFF3F
ENCODING 65343
SWIDTH 1000 0
DWIDTH 16 0
BBX 16 1 0 -2
BITMAP
FFFF
ENDCHAR
STARTCHAR uniFF40
ENCODING 65344
SWIDTH 1000 0
DWIDTH 16 0
BBX 4 2 5 13
BITMAP
E0
30
ENDCHAR
STARTCHAR uniFF41
ENCODING 65345
SWIDTH 1000 0
DWIDTH 16 0
BBX 8 9 4 0
BITMAP
3C
E6
03
03
3F
C3
C3
C7
79
ENDCHAR
STARTCHAR uniFF42
ENCODING 65346
SWIDTH 1000 0
DWIDTH 16 0
BBX 9 13 4 0
BITMAP
C000
C000
C000
C000
9E00
E700
C100
C180
C180
C180
C100
C300
BE00
ENDCHAR
STARTCHAR uniFF43
ENCODING 65347
SWIDTH 1000 0
DWIDTH 16 0
BBX 8 9 4 0
BITMAP
1E
73
40
C0
C0
C0
C0
61
3E
ENDCHAR
STARTCHAR uniFF44
ENCODING 65348
SWIDTH 1000 0
DWIDTH 16 0
BBX 9 13 3 0
BITMAP
0180
0180
0180
0180
1E80
3380
6180
4180
C180
C180
4180
6180
3E80
ENDCHAR
STARTCHAR uniFF45
ENCODING 65349
SWIDTH 1000 0
DWIDTH 16 0
BBX 8 9 4 0
BITMAP
3C
63
C1
81
FF
80
C0
61
3F
ENDCHAR
STARTCHAR uniFF46
ENCODING 65350
SWIDTH 1000 0
DWIDTH 16 0
BBX 9 13 4 0
BITMAP
0780
1880
1800
1000
FF00
1000
1000
1000
1000
1000
1000
1000
1000
ENDCHAR
STARTCHAR uniFF47
ENCODING 65351
SWIDTH 1000 0
DWIDTH 16 0
BBX 9 13 4 -4
BITMAP
3F80
6600
C200
C200
4200
7C00
C000
C000
7F00
8180
8180
C300
7E00
ENDCHAR
STARTCHAR uniFF48
ENCODING 65352
SWIDTH 1000 0
DWIDTH 16 0
BBX 8 13 4 0
BITMAP
C0
C0
C0
C0
DE
F7
C3
C1
C1
C1
C1
C1
C1
ENDCHAR
STARTCHAR uniFF49
ENCODING 65353
SWIDTH 1000 0
DWIDTH 16 0
BBX 2 13 7 0
BITMAP
C0
C0
80
00
C0
C0
C0
C0
C0
C0
C0
C0
C0
ENDCHAR
STARTCHAR uniFF4A
ENCODING 65354
SWIDTH 1000 0
DWIDTH 16 0
BBX 6 17 4 -4
BITMAP
0C
0C
04
00
0C
0C
0C
0C
0C
0C
0C
0C
0C
0C
0C
98
F0
ENDCHAR
STARTCHAR uniFF4B
ENCODING 65355
SWIDTH 1000 0
DWIDTH 16 0
BBX 8 13 5 0
BITMAP
80
80
80
80
86
8C
98
B0
B0
C8
8C
86
83
ENDCHAR
STARTCHAR uniFF4C
ENCODING 65356
SWIDTH 1000 0
DWIDTH 16 0
BBX 5 13 7 0
BITMAP
C0
C0
C0
C0
C0
C0
C0
C0
C0
C0
C0
C0
78
ENDCHAR
STARTCHAR uniFF4D
ENCODING 65357
SWIDTH 1000 0
DWIDTH 16 0
BBX 14 9 1 0
BITMAP
9E78
F6D8
C30C
C30C
C30C
C30C
C30C
C30C
C30C
ENDCHAR
STARTCHAR uniFF4E
ENCODING 65358
SWIDTH 1000 0
DWIDTH 16 0
BBX 8 9 4 0
BITMAP
9E
B7
C3
C3
C3
C3
C3
C3
C3
ENDCHAR
STARTCHAR uniFF4F
ENCODING 65359
SWIDTH 1000 0
DWIDTH 16 0
BBX 10 9 3 0
BITMAP
1E00
3300
6180
4080
C0C0
C0C0
4080
6180
3F00
ENDCHAR
STARTCHAR uniFF50
ENCODING 65360
SWIDTH 1000 0
DWIDTH 16 0
BBX 9 13 4 -4
BITMAP
9E00
E700
8100
8180
8180
8180
8100
C300
BE00
8000
8000
8000
8000
ENDCHAR
STARTCHAR uniFF51
ENCODING 65361
SWIDTH 1000 0
DWIDTH 16 0
BBX 9 13 3 -4
BITMAP
1E80
3380
6180
4180
C180
C180
4180
6180
3E80
0080
0180
0180
0180
ENDCHAR
STARTCHAR uniFF52
ENCODING 65362
SWIDTH 1000 0
DWIDTH 16 0
BBX 7 9 5 0
BITMAP
8E
F2
E0
C0
C0
C0
C0
C0
C0
ENDCHAR
STARTCHAR uniFF53
ENCODING 65363
SWIDTH 1000 0
DWIDTH 16 0
BBX 8 9 4 0
BITMAP
3C
63
C0
60
3C
07
01
C3
7E
ENDCHAR
STARTCHAR uniFF54
ENCODING 65364
SWIDTH 1000 0
DWIDTH 16 0
BBX 8 11 4 0
BITMAP
10
30
FF
30
30
30
30
30
30
10
1F
ENDCHAR
STARTCHAR uniFF55
ENCODING 65365
SWIDTH 1000 0
DWIDTH 16 0
BBX 8 9 4 0
BITMAP
C3
C3
C3
C3
C3
C3
C3
C7
79
ENDCHAR
STARTCHAR uniFF56
ENCODING 65366
SWIDTH 1000 0
DWIDTH 16 0
BBX 8 9 4 0
BITMAP
81
C1
C3
42
66
24
34
18
18
ENDCHAR
STARTCHAR uniFF57
ENCODING 65367
SWIDTH 1000 0
DWIDTH 16 0
BBX 14 9 1 0
BITMAP
C30C
4308
4308
6498
2490
2490
3CD0
1870
1860
ENDCHAR
STARTCHAR uniFF58
ENCODING 65368
SWIDTH 1000 0
DWIDTH 16 0
BBX 8 9 4 0
BITMAP
C3
62
24
3C
18
3C
24
46
C3
ENDCHAR
STARTCHAR uniFF59
ENCODING 65369
SWIDTH 1000 0
DWIDTH 16 0
BBX 8 13 4 -4
BITMAP
81
C1
43
42
66
24
34
1C
18
18
10
F0
C0
ENDCHAR
STARTCHAR uniFF5A
ENCODING 65370
SWIDTH 1000 0
DWIDTH 16 0
BBX 8 9 4 0
BITMAP
7F
02
06
0C
18
30
20
40
FF
ENDCHAR
STARTCHAR uniFF5B
ENCODING 65371
SWIDTH 1000 0
DWIDTH 16 0
BBX 4 16 11 -2
BITMAP
10
20
20
20
20
20
20
C0
60
20
20
20
20
20
20
10
ENDCHAR
STARTCHAR uniFF5C
ENCODING 65372
SWIDTH 1000 0
DWIDTH 16 0
BBX 1 16 8 -2
BITMAP
80
80
80
80
80
80
80
80
80
80
80
80
80
80
80
80
ENDCHAR
STARTCHAR uniFF5D
ENCODING 65373
SWIDTH 1000 0
DWIDTH 16 0
BBX 4 16 1 -2
BITMAP
80
40
40
40
40
40
40
30
60
40
40
40
40
40
40
80
ENDCHAR
STARTCHAR uniFF5E
ENCODING 65374
SWIDTH 1000 0
DWIDTH 16 0
BBX 14 4 1 4
BITMAP
7C00
C604
8198
00F0
ENDCHAR
STARTCHAR uniFF5F
ENCODING 65375
SWIDTH 1000 0
DWIDTH 16 0
BBX 6 16 9 -2
BITMAP
14
24
48
50
50
90
90
A0
A0
90
90
50
48
28
24
34
ENDCHAR
STARTCHAR uniFF60
ENCODING 65376
SWIDTH 1000 0
DWIDTH 16 0
BBX 6 16 1 -2
BITMAP
A0
90
48
28
28
24
24
24
24
24
24
28
68
50
90
B0
ENDCHAR
STARTCHAR uniFF61
ENCODING 65377
SWIDTH 500 0
DWIDTH 8 0
BBX 4 5 1 -1
BITMAP
60
90
90
90
60
ENDCHAR
STARTCHAR uniFF62
ENCODING 65378
SWIDTH 500 0
DWIDTH 8 0
BBX 5 11 2 3
BITMAP
F8
F8
C0
C0
C0
C0
C0
C0
C0
C0
C0
ENDCHAR
STARTCHAR uniFF63
ENCODING 65379
SWIDTH 500 0
DWIDTH 8 0
BBX 5 10 1 -1
BITMAP
18
18
18
18
18
18
18
18
18
F8
ENDCHAR
STARTCHAR uniFF64
ENCODING 65380
SWIDTH 500 0
DWIDTH 8 0
BBX 5 5 0 -1
BITMAP
40
E0
30
18
10
ENDCHAR
STARTCHAR uniFF65
ENCODING 65381
SWIDTH 500 0
DWIDTH 8 0
BBX 2 2 3 5
BITMAP
C0
C0
ENDCHAR
STARTCHAR uniFF66
ENCODING 65382
SWIDTH 500 0
DWIDTH 8 0
BBX 6 12 1 -1
BITMAP
FC
04
04
04
FC
08
08
08
10
30
60
40
ENDCHAR
STARTCHAR uniFF67
ENCODING 65383
SWIDTH 500 0
DWIDTH 8 0
BBX 5 10 2 -1
BITMAP
F8
08
50
50
70
40
40
40
C0
80
ENDCHAR
STARTCHAR uniFF68
ENCODING 65384
SWIDTH 500 0
DWIDTH 8 0
BBX 5 11 1 -1
BITMAP
08
08
10
10
30
D0
90
10
10
10
10
ENDCHAR
STARTCHAR uniFF69
ENCODING 65385
SWIDTH 500 0
DWIDTH 8 0
BBX 5 11 2 -1
BITMAP
60
40
F0
88
90
90
10
10
20
60
40
ENDCHAR
STARTCHAR uniFF6A
ENCODING 65386
SWIDTH 500 0
DWIDTH 8 0
BBX 6 8 1 0
BITMAP
78
20
20
20
20
20
20
FC
ENDCHAR
STARTCHAR uniFF6B
ENCODING 65387
SWIDTH 500 0
DWIDTH 8 0
BBX 6 11 1 -1
BITMAP
10
10
94
FC
10
30
30
50
90
30
10
ENDCHAR
STARTCHAR uniFF6C
ENCODING 65388
SWIDTH 500 0
DWIDTH 8 0
BBX 6 11 1 -1
BITMAP
20
40
4C
74
E8
28
38
20
20
20
10
ENDCHAR
STARTCHAR uniFF6D
ENCODING 65389
SWIDTH 500 0
DWIDTH 8 0
BBX 6 8 1 0
BITMAP
78
08
08
08
08
08
10
FC
ENDCHAR
STARTCHAR uniFF6E
ENCODING 65390
SWIDTH 500 0
DWIDTH 8 0
BBX 4 9 2 -1
BITMAP
F0
10
10
F0
10
10
10
F0
10
ENDCHAR
STARTCHAR uniFF6F
ENCODING 65391
SWIDTH 500 0
DWIDTH 8 0
BBX 6 10 1 -1
BITMAP
20
A4
A4
68
88
08
10
10
20
40
ENDCHAR
STARTCHAR uniFF70
ENCODING 65392
SWIDTH 500 0
DWIDTH 8 0
BBX 6 2 1 5
BITMAP
FC
FC
ENDCHAR
STARTCHAR uniFF71
ENCODING 65393
SWIDTH 500 0
DWIDTH 8 0
BBX 7 12 1 -1
BITMAP
FE
04
04
28
28
20
20
20
20
60
C0
40
ENDCHAR
STARTCHAR uniFF72
ENCODING 65394
SWIDTH 500 0
DWIDTH 8 0
BBX 6 13 1 -1
BITMAP
04
08
08
10
30
D0
90
10
10
10
10
10
10
ENDCHAR
STARTCHAR uniFF73
ENCODING 65395
SWIDTH 500 0
DWIDTH 8 0
BBX 6 14 1 -1
BITMAP
30
20
20
FC
84
84
84
84
0C
08
08
10
60
20
ENDCHAR
STARTCHAR uniFF74
ENCODING 65396
SWIDTH 500 0
DWIDTH 8 0
BBX 6 10 1 1
BITMAP
FC
FC
20
20
20
20
20
20
20
FC
ENDCHAR
STARTCHAR uniFF75
ENCODING 65397
SWIDTH 500 0
DWIDTH 8 0
BBX 7 12 1 0
BITMAP
08
08
08
FE
18
18
28
28
48
C8
88
38
ENDCHAR
STARTCHAR uniFF76
ENCODING 65398
SWIDTH 500 0
DWIDTH 8 0
BBX 7 12 0 0
BITMAP
10
10
92
7E
12
12
12
22
22
22
62
CC
ENDCHAR
STARTCHAR uniFF77
ENCODING 65399
SWIDTH 500 0
DWIDTH 8 0
BBX 6 13 1 -1
BITMAP
20
20
38
E0
A0
20
1C
F0
90
10
10
10
10
ENDCHAR
STARTCHAR uniFF78
ENCODING 65400
SWIDTH 500 0
DWIDTH 8 0
BBX 6 14 1 -1
BITMAP
20
30
20
3C
64
44
C8
88
08
10
10
20
60
40
ENDCHAR
STARTCHAR uniFF79
ENCODING 65401
SWIDTH 500 0
DWIDTH 8 0
BBX 7 13 0 -1
BITMAP
30
20
22
3E
68
48
C8
08
08
08
10
30
20
ENDCHAR
STARTCHAR uniFF7A
ENCODING 65402
SWIDTH 500 0
DWIDTH 8 0
BBX 6 11 1 0
BITMAP
FC
FC
04
04
04
04
04
04
04
FC
04
ENDCHAR
STARTCHAR uniFF7B
ENCODING 65403
SWIDTH 500 0
DWIDTH 8 0
BBX 6 13 1 -1
BITMAP
48
48
48
FC
48
48
48
48
08
10
10
20
20
ENDCHAR
STARTCHAR uniFF7C
ENCODING 65404
SWIDTH 500 0
DWIDTH 8 0
BBX 6 12 1 0
BITMAP
40
30
20
84
C4
44
44
08
18
10
60
C0
ENDCHAR
STARTCHAR uniFF7D
ENCODING 65405
SWIDTH 500 0
DWIDTH 8 0
BBX 6 11 1 0
BITMAP
FC
08
08
08
18
10
18
28
6C
C4
84
ENDCHAR
STARTCHAR uniFF7E
ENCODING 65406
SWIDTH 500 0
DWIDTH 8 0
BBX 7 12 0 0
BITMAP
20
20
22
3E
F2
A4
24
2C
20
20
22
1E
ENDCHAR
STARTCHAR uniFF7F
ENCODING 65407
SWIDTH 500 0
DWIDTH 8 0
BBX 6 11 1 0
BITMAP
84
84
44
4C
48
08
08
10
10
20
60
ENDCHAR
STARTCHAR uniFF80
ENCODING 65408
SWIDTH 500 0
DWIDTH 8 0
BBX 6 14 1 -1
BITMAP
20
20
24
7C
44
48
A8
B8
18
18
38
20
C0
40
ENDCHAR
STARTCHAR uniFF81
ENCODING 65409
SWIDTH 500 0
DWIDTH 8 0
BBX 6 13 1 -1
BITMAP
0C
F0
10
10
10
FC
10
10
20
20
20
40
40
ENDCHAR
STARTCHAR uniFF82
ENCODING 65410
SWIDTH 500 0
DWIDTH 8 0
BBX 7 13 0 -1
BITMAP
10
D2
52
52
5A
42
04
04
0C
08
10
30
20
ENDCHAR
STARTCHAR uniFF83
ENCODING 65411
SWIDTH 500 0
DWIDTH 8 0
BBX 6 13 1 -1
BITMAP
78
78
00
00
FC
94
10
10
20
20
20
40
40
ENDCHAR
STARTCHAR uniFF84
ENCODING 65412
SWIDTH 500 0
DWIDTH 8 0
BBX 5 12 2 0
BITMAP
C0
80
80
80
C0
E0
98
88
80
80
80
C0
ENDCHAR
STARTCHAR uniFF85
ENCODING 65413
SWIDTH 500 0
DWIDTH 8 0
BBX 6 13 1 -1
BITMAP
10
10
10
FC
FC
10
10
30
20
20
60
C0
40
ENDCHAR
STARTCHAR uniFF86
ENCODING 65414
SWIDTH 500 0
DWIDTH 8 0
BBX 6 9 1 1
BITMAP
FC
00
00
00
00
00
00
84
FC
ENDCHAR
STARTCHAR uniFF87
ENCODING 65415
SWIDTH 500 0
DWIDTH 8 0
BBX 6 12 1 -1
BITMAP
FC
08
08
48
48
30
10
38
28
64
C0
80
ENDCHAR
STARTCHAR uniFF88
ENCODING 65416
SWIDTH 500 0
DWIDTH 8 0
BBX 7 14 1 -1
BITMAP
10
10
10
FC
08
08
10
30
7C
D4
92
10
10
10
ENDCHAR
STARTCHAR uniFF89
ENCODING 65417
SWIDTH 500 0
DWIDTH 8 0
BBX 6 12 1 0
BITMAP
0C
08
08
08
08
18
10
10
20
20
40
C0
ENDCHAR
STARTCHAR uniFF8A
ENCODING 65418
SWIDTH 500 0
DWIDTH 8 0
BBX 8 11 0 0
BITMAP
2C
24
24
24
26
22
42
42
42
42
83
ENDCHAR
STARTCHAR uniFF8B
ENCODING 65419
SWIDTH 500 0
DWIDTH 8 0
BBX 6 12 1 0
BITMAP
C0
40
44
48
70
60
40
40
40
40
44
7C
ENDCHAR
STARTCHAR uniFF8C
ENCODING 65420
SWIDTH 500 0
DWIDTH 8 0
BBX 6 12 1 -1
BITMAP
FC
FC
04
04
0C
08
08
18
10
30
60
40
ENDCHAR
STARTCHAR uniFF8D
ENCODING 65421
SWIDTH 500 0
DWIDTH 8 0
BBX 8 10 0 0
BITMAP
10
38
28
48
44
C4
42
02
03
02
ENDCHAR
STARTCHAR uniFF8E
ENCODING 65422
SWIDTH 500 0
DWIDTH 8 0
BBX 8 12 0 0
BITMAP
08
08
08
7E
08
08
2C
4A
4A
CB
08
38
ENDCHAR
STARTCHAR uniFF8F
ENCODING 65423
SWIDTH 500 0
DWIDTH 8 0
BBX 7 12 1 -1
BITMAP
FC
FE
04
0C
08
48
70
30
30
10
18
10
ENDCHAR
STARTCHAR uniFF90
ENCODING 65424
SWIDTH 500 0
DWIDTH 8 0
BBX 6 13 1 -1
BITMAP
60
38
0C
00
40
70
18
00
00
C0
70
08
08
ENDCHAR
STARTCHAR uniFF91
ENCODING 65425
SWIDTH 500 0
DWIDTH 8 0
BBX 8 13 0 -1
BITMAP
10
10
10
10
30
24
24
24
22
66
FE
43
02
ENDCHAR
STARTCHAR uniFF92
ENCODING 65426
SWIDTH 500 0
DWIDTH 8 0
BBX 6 13 1 -1
BITMAP
08
08
08
C8
78
30
10
38
2C
64
40
80
80
ENDCHAR
STARTCHAR uniFF93
ENCODING 65427
SWIDTH 500 0
DWIDTH 8 0
BBX 6 11 1 0
BITMAP
FC
20
20
20
FC
FC
20
20
20
20
3C
ENDCHAR
STARTCHAR uniFF94
ENCODING 65428
SWIDTH 500 0
DWIDTH 8 0
BBX 8 13 0 -1
BITMAP
20
20
27
3A
F2
14
14
14
10
10
10
18
10
ENDCHAR
STARTCHAR uniFF95
ENCODING 65429
SWIDTH 500 0
DWIDTH 8 0
BBX 6 10 1 1
BITMAP
88
F8
08
08
08
08
08
08
08
FC
ENDCHAR
STARTCHAR uniFF96
ENCODING 65430
SWIDTH 500 0
DWIDTH 8 0
BBX 6 11 1 0
BITMAP
FC
04
04
04
7C
7C
04
04
04
FC
04
ENDCHAR
STARTCHAR uniFF97
ENCODING 65431
SWIDTH 500 0
DWIDTH 8 0
BBX 6 13 1 -1
BITMAP
78
78
00
00
FC
04
0C
08
08
18
10
60
40
ENDCHAR
STARTCHAR uniFF98
ENCODING 65432
SWIDTH 500 0
DWIDTH 8 0
BBX 4 13 2 -1
BITMAP
90
90
90
90
90
90
90
90
10
30
20
60
40
ENDCHAR
STARTCHAR uniFF99
ENCODING 65433
SWIDTH 500 0
DWIDTH 8 0
BBX 8 12 0 0
BITMAP
28
28
28
28
28
28
29
29
4A
4A
4C
88
ENDCHAR
STARTCHAR uniFF9A
ENCODING 65434
SWIDTH 500 0
DWIDTH 8 0
BBX 6 12 1 0
BITMAP
C0
40
40
40
40
44
44
4C
48
50
60
C0
ENDCHAR
STARTCHAR uniFF9B
ENCODING 65435
SWIDTH 500 0
DWIDTH 8 0
BBX 6 11 1 0
BITMAP
FC
84
84
84
84
84
84
84
84
FC
84
ENDCHAR
STARTCHAR uniFF9C
ENCODING 65436
SWIDTH 500 0
DWIDTH 8 0
BBX 6 12 1 -1
BITMAP
FC
84
84
84
84
04
08
08
18
10
60
20
ENDCHAR
STARTCHAR uniFF9D
ENCODING 65437
SWIDTH 500 0
DWIDTH 8 0
BBX 6 12 1 0
BITMAP
80
C0
40
24
24
04
08
08
10
30
60
C0
ENDCHAR
STARTCHAR uniFF9E
ENCODING 65438
SWIDTH 500 0
DWIDTH 8 0
BBX 4 4 0 10
BITMAP
20
A0
50
40
ENDCHAR
STARTCHAR uniFF9F
ENCODING 65439
SWIDTH 500 0
DWIDTH 8 0
BBX 4 4 0 10
BITMAP
60
A0
90
60
ENDCHAR
STARTCHAR uniFFA1
ENCODING 65441
SWIDTH 938 0
DWIDTH 15 0
BBX 9 8 3 2
BITMAP
FF80
0080
0080
0080
0080
0080
0080
0080
ENDCHAR
STARTCHAR uniFFA2
ENCODING 65442
SWIDTH 938 0
DWIDTH 15 0
BBX 11 8 2 2
BITMAP
FBE0
0820
0820
0820
0820
0820
0820
0820
ENDCHAR
STARTCHAR uniFFA3
ENCODING 65443
SWIDTH 938 0
DWIDTH 15 0
BBX 11 8 2 2
BITMAP
F880
1880
1880
1980
1980
19C0
1A60
1C20
ENDCHAR
STARTCHAR uniFFA4
ENCODING 65444
SWIDTH 938 0
DWIDTH 15 0
BBX 9 8 3 2
BITMAP
8000
8000
8000
8000
8000
8000
8000
FF80
ENDCHAR
STARTCHAR uniFFA5
ENCODING 65445
SWIDTH 938 0
DWIDTH 15 0
BBX 10 8 3 2
BITMAP
8F80
8200
8200
8200
8300
8700
8D80
F8C0
ENDCHAR
STARTCHAR uniFFA6
ENCODING 65446
SWIDTH 938 0
DWIDTH 15 0
BBX 10 8 2 2
BITMAP
C100
C7C0
C7C0
C380
C640
C440
CE40
FB80
ENDCHAR
STARTCHAR uniFFA7
ENCODING 65447
SWIDTH 938 0
DWIDTH 15 0
BBX 9 8 3 2
BITMAP
FF80
8000
8000
8000
8000
8000
8000
FF80
ENDCHAR
STARTCHAR uniFFA8
ENCODING 65448
SWIDTH 938 0
DWIDTH 15 0
BBX 9 8 3 2
BITMAP
F780
8400
8400
8400
8400
8400
B400
E780
ENDCHAR
STARTCHAR uniFFA9
ENCODING 65449
SWIDTH 938 0
DWIDTH 15 0
BBX 9 8 3 2
BITMAP
FF80
0080
0080
FF80
8000
8000
8000
FF80
ENDCHAR
STARTCHAR uniFFAA
ENCODING 65450
SWIDTH 938 0
DWIDTH 15 0
BBX 10 8 2 2
BITMAP
FBC0
0840
0840
F840
C040
C040
C440
FC40
ENDCHAR
STARTCHAR uniFFAB
ENCODING 65451
SWIDTH 938 0
DWIDTH 15 0
BBX 11 8 2 2
BITMAP
FBE0
0A60
0A60
FA60
C260
C260
C660
FBE0
ENDCHAR
STARTCHAR uniFFAC
ENCODING 65452
SWIDTH 938 0
DWIDTH 15 0
BBX 11 8 2 2
BITMAP
FA60
0A60
0A60
FBE0
C260
C260
C660
FBE0
ENDCHAR
STARTCHAR uniFFAD
ENCODING 65453
SWIDTH 938 0
DWIDTH 15 0
BBX 11 8 2 2
BITMAP
F880
0880
0880
F880
C180
C1C0
CB60
FE20
ENDCHAR
STARTCHAR uniFFAE
ENCODING 65454
SWIDTH 938 0
DWIDTH 15 0
BBX 11 8 2 2
BITMAP
FBE0
0A00
0A00
FBE0
C200
C200
CA00
FBE0
ENDCHAR
STARTCHAR uniFFAF
ENCODING 65455
SWIDTH 938 0
DWIDTH 15 0
BBX 11 8 2 2
BITMAP
FBE0
0B40
0B40
FB40
C340
C340
CB40
FBE0
ENDCHAR
STARTCHAR uniFFB0
ENCODING 65456
SWIDTH 938 0
DWIDTH 15 0
BBX 11 8 2 2
BITMAP
F980
1FE0
1800
FBC0
C240
C240
CA40
F980
ENDCHAR
STARTCHAR uniFFB1
ENCODING 65457
SWIDTH 938 0
DWIDTH 15 0
BBX 9 8 3 2
BITMAP
FF80
8080
8080
8080
8080
8080
8080
FF80
ENDCHAR
STARTCHAR uniFFB2
ENCODING 65458
SWIDTH 938 0
DWIDTH 15 0
BBX 9 8 3 2
BITMAP
8080
8080
8080
FF80
8080
8080
8080
FF80
ENDCHAR
STARTCHAR uniFFB3
ENCODING 65459
SWIDTH 938 0
DWIDTH 15 0
BBX 9 8 3 2
BITMAP
9480
9480
9480
F780
9480
9480
9480
F780
ENDCHAR
STARTCHAR uniFFB4
ENCODING 65460
SWIDTH 938 0
DWIDTH 15 0
BBX 11 8 3 2
BITMAP
9100
9100
9100
F100
9300
9280
96C0
FC60
ENDCHAR
STARTCHAR uniFFB5
ENCODING 65461
SWIDTH 938 0
DWIDTH 15 0
BBX 11 8 2 2
BITMAP
0400
0400
0400
0400
0E00
1B00
31A0
C040
ENDCHAR
STARTCHAR uniFFB6
ENCODING 65462
SWIDTH 938 0
DWIDTH 15 0
BBX 11 8 2 2
BITMAP
3180
3180
3180
3180
3180
5B40
CE60
8420
ENDCHAR
STARTCHAR uniFFB7
ENCODING 65463
SWIDTH 938 0
DWIDTH 15 0
BBX 9 8 3 2
BITMAP
3E00
6300
C180
8080
8080
C180
6300
3C00
ENDCHAR
STARTCHAR uniFFB8
ENCODING 65464
SWIDTH 938 0
DWIDTH 15 0
BBX 9 8 3 2
BITMAP
FF80
0800
0800
0800
1400
3600
6300
8080
ENDCHAR
STARTCHAR uniFFB9
ENCODING 65465
SWIDTH 938 0
DWIDTH 15 0
BBX 12 8 1 2
BITMAP
7DF0
1040
1040
18C0
18C0
28A0
E530
4210
ENDCHAR
STARTCHAR uniFFBA
ENCODING 65466
SWIDTH 938 0
DWIDTH 15 0
BBX 10 9 2 2
BITMAP
0400
0400
7FC0
0400
0400
0C00
0A00
3300
E0C0
ENDCHAR
STARTCHAR uniFFBB
ENCODING 65467
SWIDTH 938 0
DWIDTH 15 0
BBX 9 8 3 2
BITMAP
FF80
0080
0080
0180
FF80
0080
0080
0080
ENDCHAR
STARTCHAR uniFFBC
ENCODING 65468
SWIDTH 938 0
DWIDTH 15 0
BBX 9 8 3 2
BITMAP
FF80
8000
8000
FF80
8000
8000
8000
FF80
ENDCHAR
STARTCHAR uniFFBD
ENCODING 65469
SWIDTH 938 0
DWIDTH 15 0
BBX 9 8 3 2
BITMAP
FF80
2200
2200
2200
2200
2200
2200
FF80
ENDCHAR
STARTCHAR uniFFBE
ENCODING 65470
SWIDTH 938 0
DWIDTH 15 0
BBX 9 10 3 1
BITMAP
0800
0800
FF80
0000
1C00
7700
4100
4300
3E00
0800
ENDCHAR
STARTCHAR uniFFC2
ENCODING 65474
SWIDTH 938 0
DWIDTH 15 0
BBX 5 14 6 -1
BITMAP
C0
C0
C0
C0
C0
C0
F8
C0
C0
C0
C0
C0
C0
C0
ENDCHAR
STARTCHAR uniFFC3
ENCODING 65475
SWIDTH 938 0
DWIDTH 15 0
BBX 5 14 5 -1
BITMAP
88
88
88
88
88
88
F8
88
88
88
88
88
88
88
ENDCHAR
STARTCHAR uniFFC4
ENCODING 65476
SWIDTH 938 0
DWIDTH 15 0
BBX 4 14 6 -1
BITMAP
80
80
80
80
F0
80
80
80
F0
80
80
80
80
80
ENDCHAR
STARTCHAR uniFFC5
ENCODING 65477
SWIDTH 938 0
DWIDTH 15 0
BBX 5 14 5 -1
BITMAP
88
88
88
88
F8
88
88
88
F8
88
88
88
88
88
ENDCHAR
STARTCHAR uniFFC6
ENCODING 65478
SWIDTH 938 0
DWIDTH 15 0
BBX 4 14 5 -1
BITMAP
10
10
10
10
10
10
F0
10
10
10
10
10
10
10
ENDCHAR
STARTCHAR uniFFC7
ENCODING 65479
SWIDTH 938 0
DWIDTH 15 0
BBX 7 14 4 -1
BITMAP
36
36
36
36
36
36
F6
36
36
36
36
36
36
36
ENDCHAR
STARTCHAR uniFFCA
ENCODING 65482
SWIDTH 938 0
DWIDTH 15 0
BBX 5 14 5 -1
BITMAP
18
18
18
18
F8
18
18
18
F8
18
18
18
18
18
ENDCHAR
STARTCHAR uniFFCB
ENCODING 65483
SWIDTH 938 0
DWIDTH 15 0
BBX 6 14 4 -1
BITMAP
34
34
34
34
F4
34
34
34
F4
34
34
34
34
34
ENDCHAR
STARTCHAR uniFFCC
ENCODING 65484
SWIDTH 938 0
DWIDTH 15 0
BBX 13 7 1 3
BITMAP
0200
0200
0200
0200
0200
0200
FFF8
ENDCHAR
STARTCHAR uniFFCD
ENCODING 65485
SWIDTH 938 0
DWIDTH 15 0
BBX 13 14 1 -1
BITMAP
0060
0060
0060
0060
0860
0860
0878
0860
0860
3FE0
F860
0060
0060
0060
ENDCHAR
STARTCHAR uniFFCE
ENCODING 65486
SWIDTH 938 0
DWIDTH 15 0
BBX 12 14 1 -1
BITMAP
0090
0090
0090
0090
1090
1090
10F0
1090
1090
FE90
0090
0090
0090
0090
ENDCHAR
STARTCHAR uniFFCF
ENCODING 65487
SWIDTH 938 0
DWIDTH 15 0
BBX 11 14 2 -1
BITMAP
0060
0060
0060
0060
0060
1860
1860
1860
1860
FFE0
0060
0060
0060
0060
ENDCHAR
STARTCHAR uniFFD2
ENCODING 65490
SWIDTH 938 0
DWIDTH 15 0
BBX 13 7 1 3
BITMAP
18C0
18C0
18C0
18C0
18C0
18C0
FFF8
ENDCHAR
STARTCHAR uniFFD3
ENCODING 65491
SWIDTH 938 0
DWIDTH 15 0
BBX 13 7 1 1
BITMAP
FFF8
0200
0200
0200
0200
0200
0200
ENDCHAR
STARTCHAR uniFFD4
ENCODING 65492
SWIDTH 938 0
DWIDTH 15 0
BBX 12 14 1 -1
BITMAP
0010
0010
0010
0010
0010
0010
FFD0
0810
0810
09F0
0810
0810
0810
0010
ENDCHAR
STARTCHAR uniFFD5
ENCODING 65493
SWIDTH 938 0
DWIDTH 15 0
BBX 12 14 1 -1
BITMAP
00D0
00D0
00D0
00D0
00D0
00D0
FFD0
18D0
18D0
1BD0
18D0
18D0
18D0
00D0
ENDCHAR
STARTCHAR uniFFD6
ENCODING 65494
SWIDTH 938 0
DWIDTH 15 0
BBX 12 14 1 -1
BITMAP
0010
0010
0010
0010
0010
0010
FFD0
4410
0410
0410
0410
0410
0410
0010
ENDCHAR
STARTCHAR uniFFD7
ENCODING 65495
SWIDTH 938 0
DWIDTH 15 0
BBX 13 7 1 1
BITMAP
FFF8
1880
1880
1880
1880
1880
1880
ENDCHAR
STARTCHAR uniFFDA
ENCODING 65498
SWIDTH 938 0
DWIDTH 15 0
BBX 13 1 1 6
BITMAP
FFF8
ENDCHAR
STARTCHAR uniFFDB
ENCODING 65499
SWIDTH 938 0
DWIDTH 15 0
BBX 12 14 1 -1
BITMAP
0030
0030
0030
0030
0030
0030
0030
0030
0FF0
FC30
0030
0030
0030
0030
ENDCHAR
STARTCHAR uniFFDC
ENCODING 65500
SWIDTH 938 0
DWIDTH 15 0
BBX 1 14 7 -1
BITMAP
80
80
80
80
80
80
80
80
80
80
80
80
80
80
ENDCHAR
STARTCHAR uniFFE0
ENCODING 65504
SWIDTH 1000 0
DWIDTH 16 0
BBX 8 13 4 -1
BITMAP
08
08
3F
69
C8
88
88
88
C9
7B
1C
08
08
ENDCHAR
STARTCHAR uniFFE1
ENCODING 65505
SWIDTH 1000 0
DWIDTH 16 0
BBX 8 12 4 0
BITMAP
1C
3F
61
40
40
60
FE
20
20
60
40
FF
ENDCHAR
STARTCHAR uniFFE2
ENCODING 65506
SWIDTH 1000 0
DWIDTH 16 0
BBX 12 5 2 3
BITMAP
FFF0
0010
0010
0010
0010
ENDCHAR
STARTCHAR uniFFE3
ENCODING 65507
SWIDTH 1000 0
DWIDTH 16 0
BBX 16 1 0 13
BITMAP
FFFF
ENDCHAR
STARTCHAR uniFFE4
ENCODING 65508
SWIDTH 1000 0
DWIDTH 16 0
BBX 1 14 8 -1
BITMAP
80
80
80
80
80
80
00
00
80
80
80
80
80
80
ENDCHAR
STARTCHAR uniFFE5
ENCODING 65509
SWIDTH 1000 0
DWIDTH 16 0
BBX 10 12 3 0
BITMAP
C0C0
4080
6180
2100
1200
1E00
7F80
0C00
7F80
0C00
0C00
0C00
ENDCHAR
STARTCHAR uniFFE6
ENCODING 65510
SWIDTH 1000 0
DWIDTH 16 0
BBX 14 12 1 0
BITMAP
4008
6308
6318
2310
2310
2490
FFFC
14A0
14A0
1460
1860
0860
ENDCHAR
STARTCHAR uniFFE8
ENCODING 65512
SWIDTH 500 0
DWIDTH 8 0
BBX 2 18 3 -5
BITMAP
C0
C0
C0
C0
C0
C0
C0
C0
C0
C0
C0
C0
C0
C0
C0
C0
C0
C0
ENDCHAR
STARTCHAR uniFFE9
ENCODING 65513
SWIDTH 500 0
DWIDTH 8 0
BBX 8 8 0 2
BITMAP
10
10
20
FF
40
20
10
10
ENDCHAR
STARTCHAR uniFFEA
ENCODING 65514
SWIDTH 500 0
DWIDTH 8 0
BBX 6 15 1 -1
BITMAP
20
30
30
78
FC
B4
30
30
30
30
30
30
30
30
30
ENDCHAR
STARTCHAR uniFFEB
ENCODING 65515
SWIDTH 500 0
DWIDTH 8 0
BBX 8 8 0 2
BITMAP
08
08
04
FF
02
04
08
08
ENDCHAR
STARTCHAR uniFFEC
ENCODING 65516
SWIDTH 500 0
DWIDTH 8 0
BBX 6 15 1 -1
BITMAP
30
30
30
30
30
30
30
30
30
30
B4
FC
78
30
20
ENDCHAR
STARTCHAR uniFFED
ENCODING 65517
SWIDTH 500 0
DWIDTH 8 0
BBX 6 6 1 3
BITMAP
FC
FC
FC
FC
FC
FC
ENDCHAR
STARTCHAR uniFFEE
ENCODING 65518
SWIDTH 500 0
DWIDTH 8 0
BBX 6 6 1 3
BITMAP
78
84
84
84
84
78
ENDCHAR
STARTCHAR uni1F100
ENCODING 127232
SWIDTH 1000 0
DWIDTH 16 0
BBX 12 12 2 0
BITMAP
1800
7C00
4600
C200
C200
8300
8300
8300
C200
C200
6630
3C30
ENDCHAR
STARTCHAR uni1F101
ENCODING 127233
SWIDTH 1000 0
DWIDTH 16 0
BBX 12 15 2 -3
BITMAP
1800
7C00
4600
C200
C200
8300
8300
8300
C200
C200
6630
3C30
0010
0030
0060
ENDCHAR
STARTCHAR uni1F102
ENCODING 127234
SWIDTH 1000 0
DWIDTH 16 0
BBX 11 14 3 -3
BITMAP
F000
3000
3000
3000
3000
3000
3000
3000
3000
30C0
FCE0
0020
0040
0080
ENDCHAR
STARTCHAR uni1F103
ENCODING 127235
SWIDTH 1000 0
DWIDTH 16 0
BBX 12 15 2 -3
BITMAP
3800
7C00
8600
0600
0600
0400
0C00
0800
1000
3000
6070
FE30
0010
0020
0040
ENDCHAR
STARTCHAR uni1F104
ENCODING 127236
SWIDTH 1000 0
DWIDTH 16 0
BBX 12 15 2 -3
BITMAP
1800
FE00
4600
0200
0600
1C00
3C00
0600
0200
0200
C670
7C30
0010
0020
0040
ENDCHAR
STARTCHAR uni1F105
ENCODING 127237
SWIDTH 1000 0
DWIDTH 16 0
BBX 12 14 2 -3
BITMAP
0C00
1C00
1400
3400
6400
4400
C400
FF00
0400
0430
0430
0010
0020
0060
ENDCHAR
STARTCHAR uni1F106
ENCODING 127238
SWIDTH 1000 0
DWIDTH 16 0
BBX 12 14 2 -3
BITMAP
7E00
6000
4000
4000
7C00
4600
0200
0300
0200
C670
7C30
0010
0020
0040
ENDCHAR
STARTCHAR uni1F107
ENCODING 127239
SWIDTH 1000 0
DWIDTH 16 0
BBX 12 15 2 -3
BITMAP
1C00
3E00
6000
4000
C000
DC00
E600
C200
C300
4200
6670
3C30
0010
0020
0040
ENDCHAR
STARTCHAR uni1F108
ENCODING 127240
SWIDTH 1000 0
DWIDTH 16 0
BBX 10 14 3 -3
BITMAP
FE00
0400
0C00
0800
1800
1000
1000
1000
3000
30C0
30C0
0040
00C0
0180
ENDCHAR
STARTCHAR uni1F109
ENCODING 127241
SWIDTH 1000 0
DWIDTH 16 0
BBX 12 15 2 -3
BITMAP
1800
6E00
4200
4200
6200
3400
3C00
4600
C200
C300
4230
7C30
0010
0030
0060
ENDCHAR
STARTCHAR uni1F10A
ENCODING 127242
SWIDTH 1000 0
DWIDTH 16 0
BBX 12 15 2 -3
BITMAP
1800
7C00
C600
C200
C200
C200
7E00
1200
0200
0600
C430
7830
0010
0030
0060
ENDCHAR
STARTCHAR uni1F10B
ENCODING 127243
SWIDTH 1000 0
DWIDTH 16 0
BBX 14 15 1 -1
BITMAP
0780
1860
2010
4208
8784
8CC4
8844
8844
8844
8844
8CC4
8784
4008
2010
1FE0
ENDCHAR
STARTCHAR uni1F10C
ENCODING 127244
SWIDTH 1000 0
DWIDTH 16 0
BBX 14 15 1 -1
BITMAP
0300
1FE0
3FF0
7FF8
F87C
F33C
F7BC
F7BC
F7BC
F7BC
F33C
F87C
7FF8
3FF0
0FC0
ENDCHAR
STARTCHAR uni1F110
ENCODING 127248
SWIDTH 1000 0
DWIDTH 16 0
BBX 14 14 1 -1
BITMAP
4008
8304
8304
8784
8484
8484
8CC4
8CC4
8FC4
8844
9864
9024
5028
4008
ENDCHAR
STARTCHAR uni1F111
ENCODING 127249
SWIDTH 1000 0
DWIDTH 16 0
BBX 14 14 1 -1
BITMAP
4008
8F84
88C4
8864
8864
8844
8F84
8864
8824
8824
8864
8FC4
4F08
4008
ENDCHAR
STARTCHAR uni1F112
ENCODING 127250
SWIDTH 1000 0
DWIDTH 16 0
BBX 14 14 1 -1
BITMAP
4008
87C4
8C64
8804
9804
9004
9004
9004
9804
9804
8C24
8FE4
4388
4008
ENDCHAR
STARTCHAR uni1F113
ENCODING 127251
SWIDTH 1000 0
DWIDTH 16 0
BBX 14 14 1 -1
BITMAP
4008
9F04
99C4
9864
9864
9824
9824
9824
9824
9864
9844
9F84
5E08
4008
ENDCHAR
STARTCHAR uni1F114
ENCODING 127252
SWIDTH 1000 0
DWIDTH 16 0
BBX 14 14 1 -1
BITMAP
4008
8FC4
8C04
8C04
8C04
8C04
8FC4
8C04
8C04
8C04
8C04
8FE4
4FE8
4008
ENDCHAR
STARTCHAR uni1F115
ENCODING 127253
SWIDTH 1000 0
DWIDTH 16 0
BBX 14 14 1 -1
BITMAP
4008
8FE4
8C04
8C04
8C04
8C04
8FC4
8C04
8C04
8C04
8C04
8C04
4C08
4008
ENDCHAR
STARTCHAR uni1F116
ENCODING 127254
SWIDTH 1000 0
DWIDTH 16 0
BBX 14 14 1 -1
BITMAP
4008
87C4
8C64
9804
9004
9004
9004
91E4
9024
9824
9824
8FE4
4388
4008
ENDCHAR
STARTCHAR uni1F117
ENCODING 127255
SWIDTH 1000 0
DWIDTH 16 0
BBX 14 14 1 -1
BITMAP
4008
9024
9024
9024
9024
9024
9FE4
9024
9024
9024
9024
9024
5028
4008
ENDCHAR
STARTCHAR uni1F118
ENCODING 127256
SWIDTH 1000 0
DWIDTH 16 0
BBX 14 14 1 -1
BITMAP
4008
8304
8304
8304
8304
8304
8304
8304
8304
8304
8304
8304
4308
4008
ENDCHAR
STARTCHAR uni1F119
ENCODING 127257
SWIDTH 1000 0
DWIDTH 16 0
BBX 14 14 1 -1
BITMAP
4008
80C4
80C4
80C4
80C4
80C4
80C4
80C4
80C4
80C4
9884
8F84
4708
4008
ENDCHAR
STARTCHAR uni1F11A
ENCODING 127258
SWIDTH 1000 0
DWIDTH 16 0
BBX 14 14 1 -1
BITMAP
4008
9864
98C4
9984
9904
9A04
9F04
9D84
9884
98C4
9844
9864
5828
4008
ENDCHAR
STARTCHAR uni1F11B
ENCODING 127259
SWIDTH 1000 0
DWIDTH 16 0
BBX 14 14 1 -1
BITMAP
4008
8C04
8C04
8C04
8C04
8C04
8C04
8C04
8C04
8C04
8C04
8FE4
4FE8
4008
ENDCHAR
STARTCHAR uni1F11C
ENCODING 127260
SWIDTH 1000 0
DWIDTH 16 0
BBX 14 14 1 -1
BITMAP
4008
9864
9864
9864
94A4
94A4
94A4
94A4
9324
9324
9324
9224
5028
4008
ENDCHAR
STARTCHAR uni1F11D
ENCODING 127261
SWIDTH 1000 0
DWIDTH 16 0
BBX 14 14 1 -1
BITMAP
4008
9824
9824
9424
9424
9224
9324
9124
91A4
90A4
90E4
9064
5068
4008
ENDCHAR
STARTCHAR uni1F11E
ENCODING 127262
SWIDTH 1000 0
DWIDTH 16 0
BBX 14 14 1 -1
BITMAP
4008
8784
8CC4
9864
9024
B034
B034
B034
B034
9024
9864
8FC4
4788
4008
ENDCHAR
STARTCHAR uni1F11F
ENCODING 127263
SWIDTH 1000 0
DWIDTH 16 0
BBX 14 14 1 -1
BITMAP
4008
8F84
88E4
8824
8824
8824
8864
8FC4
8804
8804
8804
8804
4808
4008
ENDCHAR
STARTCHAR uni1F120
ENCODING 127264
SWIDTH 1000 0
DWIDTH 16 0
BBX 14 16 1 -3
BITMAP
4008
8784
8CC4
9864
9024
B034
B034
B034
B034
9024
9864
8CC4
4788
4108
01E0
0070
ENDCHAR
STARTCHAR uni1F121
ENCODING 127265
SWIDTH 1000 0
DWIDTH 16 0
BBX 14 14 1 -1
BITMAP
4008
8F84
88C4
8864
8864
8864
89C4
8F84
8984
8884
88C4
8864
4868
4008
ENDCHAR
STARTCHAR uni1F122
ENCODING 127266
SWIDTH 1000 0
DWIDTH 16 0
BBX 14 14 1 -1
BITMAP
4008
8784
8C44
8804
8804
8E04
8784
81C4
8064
8064
8864
9FC4
4788
4008
ENDCHAR
STARTCHAR uni1F123
ENCODING 127267
SWIDTH 1000 0
DWIDTH 16 0
BBX 14 14 1 -1
BITMAP
4008
9FE4
8304
8304
8304
8304
8304
8304
8304
8304
8304
8304
4308
4008
ENDCHAR
STARTCHAR uni1F124
ENCODING 127268
SWIDTH 1000 0
DWIDTH 16 0
BBX 14 14 1 -1
BITMAP
4008
9024
9024
9024
9024
9024
9024
9024
9024
9864
9864
8FC4
4788
4008
ENDCHAR
STARTCHAR uni1F125
ENCODING 127269
SWIDTH 1000 0
DWIDTH 16 0
BBX 14 14 1 -1
BITMAP
4008
9024
9864
8864
8844
8C44
8CC4
8484
8484
8684
8304
8304
4308
4008
ENDCHAR
STARTCHAR uni1F126
ENCODING 127270
SWIDTH 1000 0
DWIDTH 16 0
BBX 14 14 1 -1
BITMAP
4008
B314
B334
9324
9324
9324
94A4
94A4
94A4
94A4
8CE4
8CC4
4848
4008
ENDCHAR
STARTCHAR uni1F127
ENCODING 127271
SWIDTH 1000 0
DWIDTH 16 0
BBX 14 14 1 -1
BITMAP
4008
9864
8844
8CC4
8484
8384
8304
8304
8784
8484
8CC4
8844
5868
4008
ENDCHAR
STARTCHAR uni1F128
ENCODING 127272
SWIDTH 1000 0
DWIDTH 16 0
BBX 14 14 1 -1
BITMAP
4008
9864
8844
8CC4
8484
8484
8304
8304
8304
8304
8304
8304
4308
4008
ENDCHAR
STARTCHAR uni1F129
ENCODING 127273
SWIDTH 1000 0
DWIDTH 16 0
BBX 14 14 1 -1
BITMAP
4008
8FE4
8044
80C4
8084
8184
8304
8204
8604
8404
8C04
9FE4
5FE8
4008
ENDCHAR
STARTCHAR uni1F12A
ENCODING 127274
SWIDTH 1000 0
DWIDTH 16 0
BBX 14 14 1 -1
BITMAP
2010
C78C
8C44
8804
8804
8E04
8784
81C4
8064
8064
8864
9FC4
C78C
6018
ENDCHAR
STARTCHAR uni1F12B
ENCODING 127275
SWIDTH 1000 0
DWIDTH 16 0
BBX 14 15 1 -1
BITMAP
0780
1860
2010
4108
87C4
8C04
8804
8804
8804
8804
8884
8784
4008
2010
1FE0
ENDCHAR
STARTCHAR uni1F12C
ENCODING 127276
SWIDTH 1000 0
DWIDTH 16 0
BBX 14 15 1 -1
BITMAP
0780
1860
2010
4008
87C4
8464
8444
84C4
8704
8D84
8884
88C4
4008
2010
1FE0
ENDCHAR
STARTCHAR uni1F12D
ENCODING 127277
SWIDTH 1000 0
DWIDTH 16 0
BBX 14 15 1 -1
BITMAP
0780
1860
2010
4808
BFF4
A194
A19C
E19C
E19C
A19C
A394
9DE4
4008
2010
1FE0
ENDCHAR
STARTCHAR uni1F12E
ENCODING 127278
SWIDTH 1000 0
DWIDTH 16 0
BBX 14 15 1 -1
BITMAP
0780
1860
2010
4008
A504
AD04
AD74
AD24
AD24
9D44
9244
92F4
4008
2010
1FE0
ENDCHAR
STARTCHAR uni1F12F
ENCODING 127279
SWIDTH 813 0
DWIDTH 13 0
BBX 11 12 1 0
BITMAP
0E00
3180
4040
8F20
9120
80A0
80A0
81A0
9120
4E20
2040
1F80
ENDCHAR
STARTCHAR uni1F130
ENCODING 127280
SWIDTH 1000 0
DWIDTH 16 0
BBX 14 14 1 -1
BITMAP
FFFC
8004
8004
8304
8304
8484
8484
8484
8FC4
8844
9864
8004
8004
FFFC
ENDCHAR
STARTCHAR uni1F131
ENCODING 127281
SWIDTH 1000 0
DWIDTH 16 0
BBX 14 14 1 -1
BITMAP
FFFC
8004
8004
8FC4
8C44
8C44
8F84
8C44
8C44
8C44
8F84
8004
8004
FFFC
ENDCHAR
STARTCHAR uni1F132
ENCODING 127282
SWIDTH 1000 0
DWIDTH 16 0
BBX 14 14 1 -1
BITMAP
FFFC
8004
8104
87C4
8C04
8804
8804
8804
8804
8C44
87C4
8004
8004
FFFC
ENDCHAR
STARTCHAR uni1F133
ENCODING 127283
SWIDTH 1000 0
DWIDTH 16 0
BBX 14 14 1 -1
BITMAP
FFFC
8004
8004
8F84
8844
8864
8864
8864
8864
88C4
8F84
8004
8004
FFFC
ENDCHAR
STARTCHAR uni1F134
ENCODING 127284
SWIDTH 1000 0
DWIDTH 16 0
BBX 14 14 1 -1
BITMAP
FFFC
8004
8004
87C4
8404
8404
8784
8404
8404
8404
87C4
8004
8004
FFFC
ENDCHAR
STARTCHAR uni1F135
ENCODING 127285
SWIDTH 1000 0
DWIDTH 16 0
BBX 14 14 1 -1
BITMAP
FFFC
8004
8004
87C4
8404
8404
8784
8404
8404
8404
8404
8004
8004
FFFC
ENDCHAR
STARTCHAR uni1F136
ENCODING 127286
SWIDTH 1000 0
DWIDTH 16 0
BBX 14 14 1 -1
BITMAP
FFFC
8004
8104
87C4
8804
9804
9804
99C4
8844
8C44
87C4
8004
8004
FFFC
ENDCHAR
STARTCHAR uni1F137
ENCODING 127287
SWIDTH 1000 0
DWIDTH 16 0
BBX 14 14 1 -1
BITMAP
FFFC
8004
8004
8844
8844
8844
8FC4
8844
8844
8844
8844
8004
8004
FFFC
ENDCHAR
STARTCHAR uni1F138
ENCODING 127288
SWIDTH 1000 0
DWIDTH 16 0
BBX 14 14 1 -1
BITMAP
FFFC
8004
8004
8304
8304
8304
8304
8304
8304
8304
8304
8004
8004
FFFC
ENDCHAR
STARTCHAR uni1F139
ENCODING 127289
SWIDTH 1000 0
DWIDTH 16 0
BBX 14 14 1 -1
BITMAP
FFFC
8004
8004
8084
8084
8084
8084
8084
8084
8884
8704
8004
8004
FFFC
ENDCHAR
STARTCHAR uni1F13A
ENCODING 127290
SWIDTH 1000 0
DWIDTH 16 0
BBX 14 14 1 -1
BITMAP
FFFC
8004
8004
88C4
8984
8B04
8F04
8D84
8884
88C4
8864
8004
8004
FFFC
ENDCHAR
STARTCHAR uni1F13B
ENCODING 127291
SWIDTH 1000 0
DWIDTH 16 0
BBX 14 14 1 -1
BITMAP
FFFC
8004
8004
8404
8404
8404
8404
8404
8404
8404
87C4
8004
8004
FFFC
ENDCHAR
STARTCHAR uni1F13C
ENCODING 127292
SWIDTH 1000 0
DWIDTH 16 0
BBX 14 14 1 -1
BITMAP
FFFC
8004
8004
9864
9864
94A4
94A4
9324
9324
9324
9024
8004
8004
FFFC
ENDCHAR
STARTCHAR uni1F13D
ENCODING 127293
SWIDTH 1000 0
DWIDTH 16 0
BBX 14 14 1 -1
BITMAP
FFFC
8004
8004
8C44
8C44
8A44
8A44
8944
89C4
88C4
8844
8004
8004
FFFC
ENDCHAR
STARTCHAR uni1F13E
ENCODING 127294
SWIDTH 1000 0
DWIDTH 16 0
BBX 14 14 1 -1
BITMAP
FFFC
8004
8204
8FC4
8844
9864
9064
9864
9864
8844
8784
8004
8004
FFFC
ENDCHAR
STARTCHAR uni1F13F
ENCODING 127295
SWIDTH 1000 0
DWIDTH 16 0
BBX 14 14 1 -1
BITMAP
FFFC
8004
8004
8FC4
8C44
8C44
8C44
8F84
8C04
8C04
8C04
8004
8004
FFFC
ENDCHAR
STARTCHAR uni1F140
ENCODING 127296
SWIDTH 1000 0
DWIDTH 16 0
BBX 14 14 1 -1
BITMAP
FFFC
8004
8204
8FC4
9844
9864
9064
9864
9844
8FC4
8304
81E4
8044
FFFC
ENDCHAR
STARTCHAR uni1F141
ENCODING 127297
SWIDTH 1000 0
DWIDTH 16 0
BBX 14 14 1 -1
BITMAP
FFFC
8004
8004
8FC4
8844
8844
88C4
8F04
8984
8884
8844
8004
8004
FFFC
ENDCHAR
STARTCHAR uni1F142
ENCODING 127298
SWIDTH 1000 0
DWIDTH 16 0
BBX 14 14 1 -1
BITMAP
FFFC
8004
8104
87C4
8C04
8C04
8704
81C4
8044
8844
8784
8004
8004
FFFC
ENDCHAR
STARTCHAR uni1F143
ENCODING 127299
SWIDTH 1000 0
DWIDTH 16 0
BBX 14 14 1 -1
BITMAP
FFFC
8004
8004
8FC4
8304
8304
8304
8304
8304
8304
8304
8004
8004
FFFC
ENDCHAR
STARTCHAR uni1F144
ENCODING 127300
SWIDTH 1000 0
DWIDTH 16 0
BBX 14 14 1 -1
BITMAP
FFFC
8004
8004
8844
8844
8844
8844
8844
8844
8CC4
8784
8004
8004
FFFC
ENDCHAR
STARTCHAR uni1F145
ENCODING 127301
SWIDTH 1000 0
DWIDTH 16 0
BBX 14 14 1 -1
BITMAP
FFFC
8004
9024
8844
8844
8CC4
8484
8484
8784
8304
8304
8004
8004
FFFC
ENDCHAR
STARTCHAR uni1F146
ENCODING 127302
SWIDTH 1000 0
DWIDTH 16 0
BBX 14 14 1 -1
BITMAP
FFFC
8004
8004
A314
B334
9324
95A4
94A4
94A4
9CA4
8844
8004
8004
FFFC
ENDCHAR
STARTCHAR uni1F147
ENCODING 127303
SWIDTH 1000 0
DWIDTH 16 0
BBX 14 14 1 -1
BITMAP
FFFC
8004
8004
8CC4
8484
8784
8304
8304
8584
8C84
8844
8004
8004
FFFC
ENDCHAR
STARTCHAR uni1F148
ENCODING 127304
SWIDTH 1000 0
DWIDTH 16 0
BBX 14 14 1 -1
BITMAP
FFFC
8004
8004
8844
8484
8484
8304
8304
8304
8304
8304
8004
8004
FFFC
ENDCHAR
STARTCHAR uni1F149
ENCODING 127305
SWIDTH 1000 0
DWIDTH 16 0
BBX 14 14 1 -1
BITMAP
FFFC
8004
8004
8FC4
8084
8184
8304
8204
8404
8C04
8FC4
8004
8004
FFFC
ENDCHAR
STARTCHAR uni1F14A
ENCODING 127306
SWIDTH 1000 0
DWIDTH 16 0
BBX 14 14 1 -1
BITMAP
FFFC
8004
8004
A38C
A29C
A294
BE94
A254
A274
A264
A264
8004
8004
FFFC
ENDCHAR
STARTCHAR uni1F14B
ENCODING 127307
SWIDTH 1000 0
DWIDTH 16 0
BBX 14 14 1 -1
BITMAP
FFFC
8004
8004
A28C
A69C
B694
B6D4
BA54
AA54
AA64
A224
8004
8004
FFFC
ENDCHAR
STARTCHAR uni1F14C
ENCODING 127308
SWIDTH 1000 0
DWIDTH 16 0
BBX 14 14 1 -1
BITMAP
FFFC
8004
8804
BDF4
A194
A19C
999C
8D9C
859C
E5B4
BDE4
8004
8004
FFFC
ENDCHAR
STARTCHAR uni1F14D
ENCODING 127309
SWIDTH 1000 0
DWIDTH 16 0
BBX 14 14 1 -1
BITMAP
FFFC
8004
8824
BCF4
A084
A084
98E4
8C34
8614
E514
BCF4
8004
8004
FFFC
ENDCHAR
STARTCHAR uni1F14E
ENCODING 127310
SWIDTH 1000 0
DWIDTH 16 0
BBX 14 14 1 -1
BITMAP
FFFC
8004
8004
F7CC
CCCC
CCAC
DCAC
F734
C434
C434
C414
8004
8004
FFFC
ENDCHAR
STARTCHAR uni1F14F
ENCODING 127311
SWIDTH 1000 0
DWIDTH 16 0
BBX 14 14 1 -1
BITMAP
FFFC
8004
8014
C97C
C944
D544
D544
D544
B644
B64C
A23C
8004
8004
FFFC
ENDCHAR
STARTCHAR uni1F150
ENCODING 127312
SWIDTH 1000 0
DWIDTH 16 0
BBX 14 15 1 -1
BITMAP
0300
1FE0
3FF0
7FF8
FCFC
FEFC
FB7C
FB7C
FB7C
F03C
F7BC
E79C
7FF8
3FF0
0FC0
ENDCHAR
STARTCHAR uni1F151
ENCODING 127313
SWIDTH 1000 0
DWIDTH 16 0
BBX 14 15 1 -1
BITMAP
0300
1FE0
3FF0
7FF8
F03C
F7BC
F7BC
F07C
F7BC
F7BC
F7BC
F07C
7FF8
3FF0
0FC0
ENDCHAR
STARTCHAR uni1F152
ENCODING 127314
SWIDTH 1000 0
DWIDTH 16 0
BBX 14 15 1 -1
BITMAP
0300
1FE0
3FF0
7EF8
F83C
F7FC
F7FC
E7FC
E7FC
F7FC
F3BC
F87C
7FF8
3FF0
0FC0
ENDCHAR
STARTCHAR uni1F153
ENCODING 127315
SWIDTH 1000 0
DWIDTH 16 0
BBX 14 15 1 -1
BITMAP
0300
1FE0
3FF0
7FF8
F07C
F7BC
F79C
F79C
F79C
F79C
F73C
F07C
7FF8
3FF0
0FC0
ENDCHAR
STARTCHAR uni1F154
ENCODING 127316
SWIDTH 1000 0
DWIDTH 16 0
BBX 14 15 1 -1
BITMAP
0300
1FE0
3FF0
7FF8
F83C
FBFC
FBFC
F87C
FBFC
FBFC
FBFC
F83C
7FF8
3FF0
0FC0
ENDCHAR
STARTCHAR uni1F155
ENCODING 127317
SWIDTH 1000 0
DWIDTH 16 0
BBX 14 15 1 -1
BITMAP
0300
1FE0
3FF0
7FF8
F83C
FBFC
FBFC
F87C
FBFC
FBFC
FBFC
FBFC
7FF8
3FF0
0FC0
ENDCHAR
STARTCHAR uni1F156
ENCODING 127318
SWIDTH 1000 0
DWIDTH 16 0
BBX 14 15 1 -1
BITMAP
0300
1FE0
3FF0
7EF8
F83C
F7FC
E7FC
E7FC
E63C
F7BC
F3BC
F83C
7FF8
3FF0
0FC0
ENDCHAR
STARTCHAR uni1F157
ENCODING 127319
SWIDTH 1000 0
DWIDTH 16 0
BBX 14 15 1 -1
BITMAP
0300
1FE0
3FF0
7FF8
F7BC
F7BC
F7BC
F03C
F7BC
F7BC
F7BC
F7BC
7FF8
3FF0
0FC0
ENDCHAR
STARTCHAR uni1F158
ENCODING 127320
SWIDTH 1000 0
DWIDTH 16 0
BBX 14 15 1 -1
BITMAP
0300
1FE0
3FF0
7FF8
FCFC
FCFC
FCFC
FCFC
FCFC
FCFC
FCFC
FCFC
7FF8
3FF0
0FC0
ENDCHAR
STARTCHAR uni1F159
ENCODING 127321
SWIDTH 1000 0
DWIDTH 16 0
BBX 14 15 1 -1
BITMAP
0300
1FE0
3FF0
7FF8
FF7C
FF7C
FF7C
FF7C
FF7C
FF7C
F77C
F8FC
7FF8
3FF0
0FC0
ENDCHAR
STARTCHAR uni1F15A
ENCODING 127322
SWIDTH 1000 0
DWIDTH 16 0
BBX 14 15 1 -1
BITMAP
0300
1FE0
3FF0
7FF8
F73C
F67C
F4FC
F4FC
F27C
F77C
F73C
F7BC
7FF8
3FF0
0FC0
ENDCHAR
STARTCHAR uni1F15B
ENCODING 127323
SWIDTH 1000 0
DWIDTH 16 0
BBX 14 15 1 -1
BITMAP
0300
1FE0
3FF0
7FF8
FBFC
FBFC
FBFC
FBFC
FBFC
FBFC
FBFC
F83C
7FF8
3FF0
0FC0
ENDCHAR
STARTCHAR uni1F15C
ENCODING 127324
SWIDTH 1000 0
DWIDTH 16 0
BBX 14 15 1 -1
BITMAP
0300
1FE0
3FF0
7FF8
E79C
EFDC
EB5C
EB5C
EDDC
EDDC
ECDC
EFDC
7FF8
3FF0
0FC0
ENDCHAR
STARTCHAR uni1F15D
ENCODING 127325
SWIDTH 1000 0
DWIDTH 16 0
BBX 14 15 1 -1
BITMAP
0300
1FE0
3FF0
7FF8
F3BC
FBBC
F5BC
F5BC
F6BC
F6BC
F73C
F7BC
7FF8
3FF0
0FC0
ENDCHAR
STARTCHAR uni1F15E
ENCODING 127326
SWIDTH 1000 0
DWIDTH 16 0
BBX 14 15 1 -1
BITMAP
0300
1FE0
3FF0
7FF8
F03C
F7BC
E79C
EFDC
E79C
E79C
F7BC
F87C
7FF8
3FF0
0FC0
ENDCHAR
STARTCHAR uni1F15F
ENCODING 127327
SWIDTH 1000 0
DWIDTH 16 0
BBX 14 15 1 -1
BITMAP
0300
1FE0
3FF0
7FF8
F03C
F7BC
F7BC
F73C
F07C
F7FC
F7FC
F7FC
7FF8
3FF0
0FC0
ENDCHAR
STARTCHAR uni1F160
ENCODING 127328
SWIDTH 1000 0
DWIDTH 16 0
BBX 14 15 1 -1
BITMAP
0300
1FE0
3FF0
7FF8
F03C
E7BC
E79C
EF9C
E79C
E7BC
F03C
FCFC
7E18
3FF0
0FC0
ENDCHAR
STARTCHAR uni1F161
ENCODING 127329
SWIDTH 1000 0
DWIDTH 16 0
BBX 14 15 1 -1
BITMAP
0300
1FE0
3FF0
7FF8
F03C
F3BC
F3BC
F33C
F0FC
F37C
F33C
F3BC
7FF8
3FF0
0FC0
ENDCHAR
STARTCHAR uni1F162
ENCODING 127330
SWIDTH 1000 0
DWIDTH 16 0
BBX 14 15 1 -1
BITMAP
0300
1FE0
3FF0
7EF8
F83C
F3FC
F3FC
F8FC
FE3C
FFBC
F7BC
F87C
7FF8
3FF0
0FC0
ENDCHAR
STARTCHAR uni1F163
ENCODING 127331
SWIDTH 1000 0
DWIDTH 16 0
BBX 14 15 1 -1
BITMAP
0300
1FE0
3FF0
7FF8
F03C
FCFC
FCFC
FCFC
FCFC
FCFC
FCFC
FCFC
7FF8
3FF0
0FC0
ENDCHAR
STARTCHAR uni1F164
ENCODING 127332
SWIDTH 1000 0
DWIDTH 16 0
BBX 14 15 1 -1
BITMAP
0300
1FE0
3FF0
7FF8
F7BC
F7BC
F7BC
F7BC
F7BC
F7BC
F33C
F87C
7FF8
3FF0
0FC0
ENDCHAR
STARTCHAR uni1F165
ENCODING 127333
SWIDTH 1000 0
DWIDTH 16 0
BBX 14 15 1 -1
BITMAP
0300
1FE0
3FF0
7FF8
F7BC
F7BC
F33C
FB7C
FB7C
F97C
FDFC
FCFC
7FF8
3FF0
0FC0
ENDCHAR
STARTCHAR uni1F166
ENCODING 127334
SWIDTH 1000 0
DWIDTH 16 0
BBX 14 15 1 -1
BITMAP
0300
1FE0
3FF0
7FF8
DCEC
CECC
EEDC
EA5C
EB5C
EB5C
EB5C
F7BC
7FF8
3FF0
0FC0
ENDCHAR
STARTCHAR uni1F167
ENCODING 127335
SWIDTH 1000 0
DWIDTH 16 0
BBX 14 15 1 -1
BITMAP
0300
1FE0
3FF0
7FF8
F33C
FB7C
F97C
FCFC
FCFC
FA7C
F37C
F7BC
7FF8
3FF0
0FC0
ENDCHAR
STARTCHAR uni1F168
ENCODING 127336
SWIDTH 1000 0
DWIDTH 16 0
BBX 14 15 1 -1
BITMAP
0300
1FE0
3FF0
7FF8
F7BC
FB7C
FB7C
FEFC
FCFC
FCFC
FCFC
FCFC
7FF8
3FF0
0FC0
ENDCHAR
STARTCHAR uni1F169
ENCODING 127337
SWIDTH 1000 0
DWIDTH 16 0
BBX 14 15 1 -1
BITMAP
0300
1FE0
3FF0
7FF8
F03C
FF7C
FE7C
FCFC
FDFC
FBFC
F3FC
F03C
7FF8
3FF0
0FC0
ENDCHAR
STARTCHAR uni1F16A
ENCODING 127338
SWIDTH 688 0
DWIDTH 11 0
BBX 11 6 0 6
BITMAP
CCE0
AD00
B500
B500
95A0
0040
ENDCHAR
STARTCHAR uni1F16B
ENCODING 127339
SWIDTH 750 0
DWIDTH 12 0
BBX 12 5 0 7
BITMAP
CDE0
AD20
B530
B520
95E0
ENDCHAR
STARTCHAR uni1F16C
ENCODING 127340
SWIDTH 750 0
DWIDTH 12 0
BBX 11 5 0 7
BITMAP
CDE0
AD20
B5A0
B540
9520
ENDCHAR
STARTCHAR uni1F170
ENCODING 127344
SWIDTH 1000 0
DWIDTH 16 0
BBX 14 14 1 -1
BITMAP
7FF8
FFFC
FFFC
FCFC
FEFC
FB7C
FB7C
FB7C
F03C
F7BC
E79C
FFFC
FFFC
7FF8
ENDCHAR
STARTCHAR uni1F171
ENCODING 127345
SWIDTH 1000 0
DWIDTH 16 0
BBX 14 14 1 -1
BITMAP
7FF8
FFFC
FFFC
F03C
F7BC
F7BC
F07C
F7BC
F7BC
F7BC
F07C
FFFC
FFFC
7FF8
ENDCHAR
STARTCHAR uni1F172
ENCODING 127346
SWIDTH 1000 0
DWIDTH 16 0
BBX 14 14 1 -1
BITMAP
7FF8
FFFC
FEFC
F83C
F3FC
F7FC
F7FC
F7FC
F7FC
F3BC
F83C
FFFC
FFFC
7FF8
ENDCHAR
STARTCHAR uni1F173
ENCODING 127347
SWIDTH 1000 0
DWIDTH 16 0
BBX 14 14 1 -1
BITMAP
7FF8
FFFC
FFFC
F07C
F7BC
F79C
F79C
F79C
F79C
F73C
F07C
FFFC
FFFC
7FF8
ENDCHAR
STARTCHAR uni1F174
ENCODING 127348
SWIDTH 1000 0
DWIDTH 16 0
BBX 14 14 1 -1
BITMAP
7FF8
FFFC
FFFC
F83C
FBFC
FBFC
F87C
FBFC
FBFC
FBFC
F83C
FFFC
FFFC
7FF8
ENDCHAR
STARTCHAR uni1F175
ENCODING 127349
SWIDTH 1000 0
DWIDTH 16 0
BBX 14 14 1 -1
BITMAP
7FF8
FFFC
FFFC
F83C
FBFC
FBFC
F87C
FBFC
FBFC
FBFC
FBFC
FFFC
FFFC
7FF8
ENDCHAR
STARTCHAR uni1F176
ENCODING 127350
SWIDTH 1000 0
DWIDTH 16 0
BBX 14 14 1 -1
BITMAP
7FF8
FFFC
FEFC
F83C
F7FC
E7FC
E7FC
E63C
F7BC
F3BC
F83C
FFFC
FFFC
7FF8
ENDCHAR
STARTCHAR uni1F177
ENCODING 127351
SWIDTH 1000 0
DWIDTH 16 0
BBX 14 14 1 -1
BITMAP
7FF8
FFFC
FFFC
F7BC
F7BC
F7BC
F03C
F7BC
F7BC
F7BC
F7BC
FFFC
FFFC
7FF8
ENDCHAR
STARTCHAR uni1F178
ENCODING 127352
SWIDTH 1000 0
DWIDTH 16 0
BBX 14 14 1 -1
BITMAP
7FF8
FFFC
FFFC
FCFC
FCFC
FCFC
FCFC
FCFC
FCFC
FCFC
FCFC
FFFC
FFFC
7FF8
ENDCHAR
STARTCHAR uni1F179
ENCODING 127353
SWIDTH 1000 0
DWIDTH 16 0
BBX 14 14 1 -1
BITMAP
7FF8
FFFC
FFFC
FF7C
FF7C
FF7C
FF7C
FF7C
FF7C
F77C
F8FC
FFFC
FFFC
7FF8
ENDCHAR
STARTCHAR uni1F17A
ENCODING 127354
SWIDTH 1000 0
DWIDTH 16 0
BBX 14 14 1 -1
BITMAP
7FF8
FFFC
FFFC
F73C
F67C
F4FC
F4FC
F27C
F77C
F73C
F7BC
FFFC
FFFC
7FF8
ENDCHAR
STARTCHAR uni1F17B
ENCODING 127355
SWIDTH 1000 0
DWIDTH 16 0
BBX 14 14 1 -1
BITMAP
7FF8
FFFC
FFFC
FBFC
FBFC
FBFC
FBFC
FBFC
FBFC
FBFC
F83C
FFFC
FFFC
7FF8
ENDCHAR
STARTCHAR uni1F17C
ENCODING 127356
SWIDTH 1000 0
DWIDTH 16 0
BBX 14 14 1 -1
BITMAP
7FF8
FFFC
FFFC
E79C
EFDC
EB5C
EB5C
EDDC
EDDC
ECDC
EFDC
FFFC
FFFC
7FF8
ENDCHAR
STARTCHAR uni1F17D
ENCODING 127357
SWIDTH 1000 0
DWIDTH 16 0
BBX 14 14 1 -1
BITMAP
7FF8
FFFC
FFFC
F3BC
FBBC
F5BC
F5BC
F6BC
F6BC
F73C
F7BC
FFFC
FFFC
7FF8
ENDCHAR
STARTCHAR uni1F17E
ENCODING 127358
SWIDTH 1000 0
DWIDTH 16 0
BBX 14 14 1 -1
BITMAP
7FF8
FFFC
FFFC
F03C
F7BC
E79C
EFDC
E79C
E79C
F7BC
F87C
FFFC
FFFC
7FF8
ENDCHAR
STARTCHAR uni1F17F
ENCODING 127359
SWIDTH 1000 0
DWIDTH 16 0
BBX 14 14 1 -1
BITMAP
7FF8
FFFC
FFFC
F03C
F3BC
F3BC
F3BC
F07C
F3FC
F3FC
F3FC
FFFC
FFFC
7FF8
ENDCHAR
STARTCHAR uni1F180
ENCODING 127360
SWIDTH 1000 0
DWIDTH 16 0
BBX 14 14 1 -1
BITMAP
7FF8
FFFC
FFFC
F03C
E7BC
E79C
EF9C
E79C
E7BC
F03C
FCFC
FE1C
FFFC
7FF8
ENDCHAR
STARTCHAR uni1F181
ENCODING 127361
SWIDTH 1000 0
DWIDTH 16 0
BBX 14 14 1 -1
BITMAP
7FF8
FFFC
FFFC
F03C
F7BC
F7BC
F73C
F0FC
F67C
F77C
F7BC
FFFC
FFFC
7FF8
ENDCHAR
STARTCHAR uni1F182
ENCODING 127362
SWIDTH 1000 0
DWIDTH 16 0
BBX 14 14 1 -1
BITMAP
7FF8
FFFC
FEFC
F83C
F3FC
F3FC
F8FC
FE3C
FFBC
F7BC
F87C
FFFC
FFFC
7FF8
ENDCHAR
STARTCHAR uni1F183
ENCODING 127363
SWIDTH 1000 0
DWIDTH 16 0
BBX 14 14 1 -1
BITMAP
7FF8
FFFC
FFFC
F03C
FCFC
FCFC
FCFC
FCFC
FCFC
FCFC
FCFC
FFFC
FFFC
7FF8
ENDCHAR
STARTCHAR uni1F184
ENCODING 127364
SWIDTH 1000 0
DWIDTH 16 0
BBX 14 14 1 -1
BITMAP
7FF8
FFFC
FFFC
F7BC
F7BC
F7BC
F7BC
F7BC
F7BC
F33C
F87C
FFFC
FFFC
7FF8
ENDCHAR
STARTCHAR uni1F185
ENCODING 127365
SWIDTH 1000 0
DWIDTH 16 0
BBX 14 14 1 -1
BITMAP
7FF8
FFFC
FFFC
F7BC
F7BC
F33C
FB7C
FB7C
F97C
FDFC
FCFC
FFFC
FFFC
7FF8
ENDCHAR
STARTCHAR uni1F186
ENCODING 127366
SWIDTH 1000 0
DWIDTH 16 0
BBX 14 14 1 -1
BITMAP
7FF8
FFFC
FFFC
DCEC
CECC
EEDC
EA5C
EB5C
EB5C
EB5C
F7BC
FFFC
FFFC
7FF8
ENDCHAR
STARTCHAR uni1F187
ENCODING 127367
SWIDTH 1000 0
DWIDTH 16 0
BBX 14 14 1 -1
BITMAP
7FF8
FFFC
FFFC
F33C
FB7C
F97C
FCFC
FCFC
FA7C
F37C
F7BC
FFFC
FFFC
7FF8
ENDCHAR
STARTCHAR uni1F188
ENCODING 127368
SWIDTH 1000 0
DWIDTH 16 0
BBX 14 14 1 -1
BITMAP
7FF8
FFFC
FFFC
F7BC
FB7C
FB7C
FEFC
FCFC
FCFC
FCFC
FCFC
FFFC
FFFC
7FF8
ENDCHAR
STARTCHAR uni1F189
ENCODING 127369
SWIDTH 1000 0
DWIDTH 16 0
BBX 14 14 1 -1
BITMAP
7FF8
FFFC
FFFC
F03C
FF7C
FE7C
FCFC
FDFC
FBFC
F3FC
F03C
FFFC
FFFC
7FF8
ENDCHAR
STARTCHAR uni1F18A
ENCODING 127370
SWIDTH 1000 0
DWIDTH 16 0
BBX 14 14 1 -1
BITMAP
FFFC
BFF4
DFEC
F03C
F3BC
F3BC
F3BC
F07C
F3FC
F3FC
F3DC
DFEC
BFF4
FFFC
ENDCHAR
STARTCHAR uni1F18B
ENCODING 127371
SWIDTH 1000 0
DWIDTH 16 0
BBX 14 14 1 -1
BITMAP
7FF8
FFFC
FFBC
EE0C
EEFC
EEFC
ECFC
ECFC
EEFC
EEEC
EF1C
FFFC
FFFC
7FF8
ENDCHAR
STARTCHAR uni1F18C
ENCODING 127372
SWIDTH 1000 0
DWIDTH 16 0
BBX 14 14 1 -1
BITMAP
7FF8
FFFC
FFFC
C39C
DDDC
DD5C
D96C
C36C
DF0C
DEEC
DEE4
FFFC
FFFC
7FF8
ENDCHAR
STARTCHAR uni1F18D
ENCODING 127373
SWIDTH 1000 0
DWIDTH 16 0
BBX 14 14 1 -1
BITMAP
7FF8
FFFC
EFFC
C39C
9FDC
9F5C
C76C
F36C
FB0C
BAEC
C6E4
FFFC
FFFC
7FF8
ENDCHAR
STARTCHAR uni1F18E
ENCODING 127374
SWIDTH 1000 0
DWIDTH 16 0
BBX 14 14 1 -1
BITMAP
7FF8
FFFC
FFFC
E70C
EF64
EB6C
DB1C
DB64
C374
9964
BD0C
FFFC
FFFC
7FF8
ENDCHAR
STARTCHAR uni1F18F
ENCODING 127375
SWIDTH 1000 0
DWIDTH 16 0
BBX 14 14 1 -1
BITMAP
7FF8
FFFC
FFEC
B684
B6BC
AEBC
AABC
ABBC
EBBC
EBB4
DDC4
FFFC
FFFC
7FF8
ENDCHAR
STARTCHAR uni1F190
ENCODING 127376
SWIDTH 1000 0
DWIDTH 16 0
BBX 14 12 1 0
BITMAP
F00C
DC0C
C60C
C60C
C20C
C20C
C20C
C20C
C20C
C60C
CC88
F878
ENDCHAR
STARTCHAR uni1F191
ENCODING 127377
SWIDTH 1000 0
DWIDTH 16 0
BBX 14 14 1 -1
BITMAP
FFFC
8004
8004
9EC4
B0C4
A0C4
A0C4
A0C4
A0C4
B2C4
9EFC
8004
8004
FFFC
ENDCHAR
STARTCHAR uni1F192
ENCODING 127378
SWIDTH 1000 0
DWIDTH 16 0
BBX 14 14 1 -1
BITMAP
FFFC
8004
8004
BED4
CAB4
CAB4
CAB4
CAB4
CAB4
CAD4
B6DC
8004
8004
FFFC
ENDCHAR
STARTCHAR uni1F193
ENCODING 127379
SWIDTH 1000 0
DWIDTH 16 0
BBX 14 14 1 -1
BITMAP
FFFC
8004
8004
EEDC
CA94
CA94
EADC
CC94
CA94
CA94
CADC
8004
8004
FFFC
ENDCHAR
STARTCHAR uni1F194
ENCODING 127380
SWIDTH 1000 0
DWIDTH 16 0
BBX 14 14 1 -1
BITMAP
FFFC
8004
8004
93E4
9324
9334
9334
9334
9334
9324
93C4
8004
8004
FFFC
ENDCHAR
STARTCHAR uni1F195
ENCODING 127381
SWIDTH 1000 0
DWIDTH 16 0
BBX 14 14 1 -1
BITMAP
FFFC
8004
8004
EBAC
EAAC
EAAC
EBBC
DA5C
DA5C
DA5C
CB54
8004
8004
FFFC
ENDCHAR
STARTCHAR uni1F196
ENCODING 127382
SWIDTH 1000 0
DWIDTH 16 0
BBX 14 14 1 -1
BITMAP
FFFC
8004
8004
A67C
D684
B684
B784
AABC
AA8C
A68C
A674
8004
8004
FFFC
ENDCHAR
STARTCHAR uni1F197
ENCODING 127383
SWIDTH 1000 0
DWIDTH 16 0
BBX 14 14 1 -1
BITMAP
FFFC
8004
800C
BC94
A4B4
E6A4
E6E4
E6E4
E694
A494
BC9C
8004
8004
FFFC
ENDCHAR
STARTCHAR uni1F198
ENCODING 127384
SWIDTH 1000 0
DWIDTH 16 0
BBX 14 14 1 -1
BITMAP
FFFC
8004
8004
F33C
C4A4
C4A4
A4B4
949C
948C
94CC
F33C
8004
8004
FFFC
ENDCHAR
STARTCHAR uni1F199
ENCODING 127385
SWIDTH 1000 0
DWIDTH 16 0
BBX 14 14 1 -1
BITMAP
FFFC
8004
8004
CDCC
CD2C
CD2C
CD6C
CDCC
C904
E90C
B91C
8004
8004
FFFC
ENDCHAR
STARTCHAR uni1F19A
ENCODING 127386
SWIDTH 1000 0
DWIDTH 16 0
BBX 14 14 1 -1
BITMAP
FFFC
8004
8004
E2F4
A684
A484
A464
9434
9C1C
9894
99F4
8004
8004
FFFC
ENDCHAR
STARTCHAR uni1F19B
ENCODING 127387
SWIDTH 1000 0
DWIDTH 16 0
BBX 14 14 1 -1
BITMAP
FFFC
8004
8004
BDE4
8594
8594
999C
8D9C
8594
C5B4
BDE4
8004
8004
FFFC
ENDCHAR
STARTCHAR uni1F19C
ENCODING 127388
SWIDTH 1000 0
DWIDTH 16 0
BBX 14 14 1 -1
BITMAP
FFFC
8004
9024
AED4
8DD4
B5D4
8824
9B64
A2D4
9A74
AAD4
9104
8004
FFFC
ENDCHAR
STARTCHAR uni1F19D
ENCODING 127389
SWIDTH 1000 0
DWIDTH 16 0
BBX 14 14 1 -1
BITMAP
FFFC
8004
8004
BD94
85A4
85E4
85E4
89A4
99A4
B194
BD9C
8004
8004
FFFC
ENDCHAR
STARTCHAR uni1F19E
ENCODING 127390
SWIDTH 1000 0
DWIDTH 16 0
BBX 14 14 1 -1
BITMAP
FFFC
8004
8004
8D94
95A4
95E4
A5E4
A5A4
FFA4
8594
859C
8004
8004
FFFC
ENDCHAR
STARTCHAR uni1F19F
ENCODING 127391
SWIDTH 1000 0
DWIDTH 16 0
BBX 14 14 1 -1
BITMAP
FFFC
8004
8004
BD94
A5A4
A5E4
9DE4
ADA4
A7B4
A594
BD9C
8004
8004
FFFC
ENDCHAR
STARTCHAR uni1F1A0
ENCODING 127392
SWIDTH 1000 0
DWIDTH 16 0
BBX 14 14 1 -1
BITMAP
FFFC
8004
8004
BC74
B034
A034
BC34
8634
8634
A4B4
BDB4
8004
8004
FFFC
ENDCHAR
STARTCHAR uni1F1A1
ENCODING 127393
SWIDTH 1000 0
DWIDTH 16 0
BBX 14 14 1 -1
BITMAP
FFFC
8004
8004
BEE4
8424
8C24
8824
8824
8824
9924
9B24
8004
8004
FFFC
ENDCHAR
STARTCHAR uni1F1A2
ENCODING 127394
SWIDTH 1000 0
DWIDTH 16 0
BBX 14 14 1 -1
BITMAP
FFFC
8004
A014
DE2C
920C
920C
920C
A214
A414
C494
FFFC
8004
8004
FFFC
ENDCHAR
STARTCHAR uni1F1A3
ENCODING 127395
SWIDTH 1000 0
DWIDTH 16 0
BBX 14 14 1 -1
BITMAP
FFFC
8004
8004
BB34
A2AC
C2AC
F2AC
CAB4
CAA4
CAA4
B324
8004
8004
FFFC
ENDCHAR
STARTCHAR uni1F1A4
ENCODING 127396
SWIDTH 1000 0
DWIDTH 16 0
BBX 14 14 1 -1
BITMAP
FFFC
8004
8804
F5BC
A56C
A56C
A56C
A574
A964
A964
BDA4
8004
8004
FFFC
ENDCHAR
STARTCHAR uni1F1A5
ENCODING 127397
SWIDTH 1000 0
DWIDTH 16 0
BBX 14 14 1 -1
BITMAP
FFFC
8004
8004
8084
8084
8784
8484
8884
8884
8C84
8784
8004
8004
FFFC
ENDCHAR
STARTCHAR uni1F1A6
ENCODING 127398
SWIDTH 1000 0
DWIDTH 16 0
BBX 14 14 1 -1
BITMAP
FFFC
8004
8004
A67C
A684
A684
BE84
A684
A684
A6CC
A674
8004
8004
FFFC
ENDCHAR
STARTCHAR uni1F1A7
ENCODING 127399
SWIDTH 1000 0
DWIDTH 16 0
BBX 14 14 1 -1
BITMAP
FFFC
8004
8004
CB3C
CAAC
CAAC
FAAC
CAB4
CAB4
CAAC
CB2C
8004
8004
FFFC
ENDCHAR
STARTCHAR uni1F1A8
ENCODING 127400
SWIDTH 1000 0
DWIDTH 16 0
BBX 14 14 1 -1
BITMAP
FFFC
8004
8284
A504
BD64
A784
8004
B3B4
AA44
BB34
ABD4
8424
8004
FFFC
ENDCHAR
STARTCHAR uni1F1A9
ENCODING 127401
SWIDTH 1000 0
DWIDTH 16 0
BBX 14 14 1 -1
BITMAP
FFFC
8004
8494
CB6C
CAD4
FB6C
8494
CDB4
C924
CC94
FDF4
8004
8004
FFFC
ENDCHAR
STARTCHAR uni1F1AA
ENCODING 127402
SWIDTH 1000 0
DWIDTH 16 0
BBX 14 14 1 -1
BITMAP
FFFC
8004
8004
F4CC
C4CC
C4AC
A7AC
94AC
94B4
94B4
F494
8004
8004
FFFC
ENDCHAR
STARTCHAR uni1F1AB
ENCODING 127403
SWIDTH 1000 0
DWIDTH 16 0
BBX 14 14 1 -1
BITMAP
FFFC
8004
8004
CCB4
CCAC
CCAC
CFAC
CCAC
CCAC
CCAC
F4B4
8004
8004
FFFC
ENDCHAR
STARTCHAR uni1F1AC
ENCODING 127404
SWIDTH 1000 0
DWIDTH 16 0
BBX 14 14 1 -1
BITMAP
FFFC
8004
8004
CB34
CCAC
D4AC
D4AC
B4AC
B4AC
B4AC
B334
8004
8004
FFFC
ENDCHAR
STARTCHAR uni30EDE
ENCODING 200414
SWIDTH 1000 0
DWIDTH 16 0
BBX 16 15 0 -1
BITMAP
0080
DFFE
5EDE
5BDA
1EF6
1BDE
DDEE
5EF6
5E9E
5FFE
5EEA
6D7E
46DC
6BF2
9FFF
ENDCHAR
STARTCHAR uni3106C
ENCODING 200812
SWIDTH 1000 0
DWIDTH 16 0
BBX 14 14 1 -1
BITMAP
1FE0
1120
0FC0
1460
FFFC
D5CC
FFFC
0FC0
FB7C
7FB8
6EF8
79E0
5FF8
7F7C
ENDCHAR
ENDFONT
