STARTFONT 2.1
FONT -unknown-Standard-BoldItalic-R-Normal--12-120-75-75-P-0-ISO10646-1
SIZE 12 75 75
FONTBOUNDINGBOX 12 12 0 0
STARTPROPERTIES 5
FAMILY_NAME "Standard"
WEIGHT_NAME "BoldItalic"
PIXEL_SIZE 12
FONT_ASCENT 10
FONT_DESCENT 2
ENDPROPERTIES
CHARS 2189
STARTCHAR uni0020
ENCODING 32
SWIDTH 250 0
DWIDTH 3 0
BBX 0 0 0 0
BITMAP
ENDCHAR
STARTCHAR exclam
ENCODING 33
SWIDTH 333 0
DWIDTH 5 0
BBX 4 9 0 0
BITMAP
30
30
20
60
60
60
00
C0
C0
ENDCHAR
STARTCHAR quotedbl
ENCODING 34
SWIDTH 500 0
DWIDTH 6 0
BBX 5 3 0 6
BITMAP
D8
D8
90
ENDCHAR
STARTCHAR numbersign
ENCODING 35
SWIDTH 583 0
DWIDTH 7 0
BBX 6 9 0 0
BITMAP
24
24
FC
48
48
48
FC
90
90
ENDCHAR
STARTCHAR dollar
ENCODING 36
SWIDTH 583 0
DWIDTH 8 0
BBX 7 11 0 -1
BITMAP
08
3C
6E
68
70
38
1C
2C
EC
78
20
ENDCHAR
STARTCHAR percent
ENCODING 37
SWIDTH 917 0
DWIDTH 10 0
BBX 9 9 0 0
BITMAP
7100
9200
9200
B400
EB80
1480
1480
2580
4700
ENDCHAR
STARTCHAR ampersand
ENCODING 38
SWIDTH 750 0
DWIDTH 8 0
BBX 7 9 0 0
BITMAP
1C
34
34
38
72
D2
DC
DC
76
ENDCHAR
STARTCHAR quotesingle
ENCODING 39
SWIDTH 250 0
DWIDTH 3 0
BBX 2 3 0 6
BITMAP
C0
C0
80
ENDCHAR
STARTCHAR parenleft
ENCODING 40
SWIDTH 333 0
DWIDTH 6 0
BBX 5 12 0 -3
BITMAP
18
30
60
60
C0
C0
C0
C0
C0
C0
40
60
ENDCHAR
STARTCHAR parenright
ENCODING 41
SWIDTH 333 0
DWIDTH 6 0
BBX 5 12 0 -3
BITMAP
30
10
18
18
18
18
18
18
30
30
60
C0
ENDCHAR
STARTCHAR asterisk
ENCODING 42
SWIDTH 417 0
DWIDTH 6 0
BBX 5 4 0 5
BITMAP
20
F8
70
50
ENDCHAR
STARTCHAR plus
ENCODING 43
SWIDTH 583 0
DWIDTH 6 0
BBX 5 5 0 2
BITMAP
20
20
F8
20
20
ENDCHAR
STARTCHAR comma
ENCODING 44
SWIDTH 250 0
DWIDTH 3 0
BBX 2 4 0 -2
BITMAP
C0
C0
40
80
ENDCHAR
STARTCHAR hyphen
ENCODING 45
SWIDTH 333 0
DWIDTH 4 0
BBX 3 1 0 3
BITMAP
E0
ENDCHAR
STARTCHAR period
ENCODING 46
SWIDTH 250 0
DWIDTH 3 0
BBX 2 2 0 0
BITMAP
C0
C0
ENDCHAR
STARTCHAR slash
ENCODING 47
SWIDTH 250 0
DWIDTH 5 0
BBX 4 9 0 0
BITMAP
10
10
20
20
40
40
40
80
80
ENDCHAR
STARTCHAR zero
ENCODING 48
SWIDTH 583 0
DWIDTH 7 0
BBX 6 9 0 0
BITMAP
38
6C
4C
CC
CC
CC
C8
D8
70
ENDCHAR
STARTCHAR one
ENCODING 49
SWIDTH 583 0
DWIDTH 7 0
BBX 6 9 0 0
BITMAP
1C
3C
58
18
18
18
18
30
FC
ENDCHAR
STARTCHAR two
ENCODING 50
SWIDTH 583 0
DWIDTH 7 0
BBX 6 9 0 0
BITMAP
38
6C
0C
0C
18
30
60
C0
F8
ENDCHAR
STARTCHAR three
ENCODING 51
SWIDTH 583 0
DWIDTH 8 0
BBX 7 9 0 0
BITMAP
3C
66
06
04
38
0C
0C
CC
78
ENDCHAR
STARTCHAR four
ENCODING 52
SWIDTH 583 0
DWIDTH 8 0
BBX 7 9 0 0
BITMAP
0E
1E
1C
2C
6C
4C
FE
18
18
ENDCHAR
STARTCHAR five
ENCODING 53
SWIDTH 583 0
DWIDTH 8 0
BBX 7 9 0 0
BITMAP
3E
20
20
78
6C
0C
0C
CC
78
ENDCHAR
STARTCHAR six
ENCODING 54
SWIDTH 583 0
DWIDTH 7 0
BBX 6 9 0 0
BITMAP
38
6C
60
F8
CC
CC
CC
C8
70
ENDCHAR
STARTCHAR seven
ENCODING 55
SWIDTH 583 0
DWIDTH 7 0
BBX 6 9 0 0
BITMAP
FC
0C
18
30
30
60
60
C0
C0
ENDCHAR
STARTCHAR eight
ENCODING 56
SWIDTH 583 0
DWIDTH 7 0
BBX 6 9 0 0
BITMAP
38
6C
6C
6C
30
D8
D8
D8
70
ENDCHAR
STARTCHAR nine
ENCODING 57
SWIDTH 583 0
DWIDTH 8 0
BBX 7 9 0 0
BITMAP
1C
26
66
66
66
3E
0C
CC
78
ENDCHAR
STARTCHAR colon
ENCODING 58
SWIDTH 333 0
DWIDTH 5 0
BBX 4 7 0 0
BITMAP
60
60
00
00
00
C0
C0
ENDCHAR
STARTCHAR semicolon
ENCODING 59
SWIDTH 333 0
DWIDTH 5 0
BBX 4 9 0 -2
BITMAP
60
60
00
00
00
C0
C0
40
80
ENDCHAR
STARTCHAR less
ENCODING 60
SWIDTH 583 0
DWIDTH 7 0
BBX 6 5 0 2
BITMAP
0C
70
80
70
0C
ENDCHAR
STARTCHAR equal
ENCODING 61
SWIDTH 583 0
DWIDTH 7 0
BBX 6 3 0 3
BITMAP
FC
00
FC
ENDCHAR
STARTCHAR greater
ENCODING 62
SWIDTH 583 0
DWIDTH 7 0
BBX 6 5 0 2
BITMAP
C0
38
04
38
C0
ENDCHAR
STARTCHAR question
ENCODING 63
SWIDTH 583 0
DWIDTH 7 0
BBX 6 9 0 0
BITMAP
78
CC
0C
1C
18
30
00
60
60
ENDCHAR
STARTCHAR at
ENCODING 64
SWIDTH 917 0
DWIDTH 11 0
BBX 10 11 0 -2
BITMAP
1F00
2080
4040
DD40
B240
A240
A680
9B80
C000
6100
3E00
ENDCHAR
STARTCHAR A
ENCODING 65
SWIDTH 750 0
DWIDTH 9 0
BBX 8 9 0 0
BITMAP
0E
0A
1A
1B
33
3F
63
63
C3
ENDCHAR
STARTCHAR B
ENCODING 66
SWIDTH 667 0
DWIDTH 9 0
BBX 8 9 0 0
BITMAP
3E
33
63
63
7E
63
63
C3
FE
ENDCHAR
STARTCHAR C
ENCODING 67
SWIDTH 750 0
DWIDTH 9 0
BBX 8 9 0 0
BITMAP
1E
63
60
C0
C0
C0
C0
66
7C
ENDCHAR
STARTCHAR D
ENCODING 68
SWIDTH 750 0
DWIDTH 10 0
BBX 9 9 0 0
BITMAP
3E00
3300
6180
6180
6180
6180
6300
C700
FC00
ENDCHAR
STARTCHAR E
ENCODING 69
SWIDTH 667 0
DWIDTH 9 0
BBX 8 9 0 0
BITMAP
3F
30
60
60
7E
60
60
C0
FE
ENDCHAR
STARTCHAR F
ENCODING 70
SWIDTH 583 0
DWIDTH 8 0
BBX 7 9 0 0
BITMAP
3E
30
60
60
7C
60
60
C0
C0
ENDCHAR
STARTCHAR G
ENCODING 71
SWIDTH 750 0
DWIDTH 9 0
BBX 8 9 0 0
BITMAP
1E
63
60
C0
C0
CE
C6
CC
78
ENDCHAR
STARTCHAR H
ENCODING 72
SWIDTH 750 0
DWIDTH 11 0
BBX 10 9 0 0
BITMAP
30C0
30C0
6180
6180
7F80
6180
6180
C300
C300
ENDCHAR
STARTCHAR I
ENCODING 73
SWIDTH 250 0
DWIDTH 5 0
BBX 4 9 0 0
BITMAP
30
30
60
60
60
60
60
C0
C0
ENDCHAR
STARTCHAR J
ENCODING 74
SWIDTH 500 0
DWIDTH 8 0
BBX 7 9 0 0
BITMAP
1E
06
0C
0C
0C
0C
0C
D8
70
ENDCHAR
STARTCHAR K
ENCODING 75
SWIDTH 750 0
DWIDTH 11 0
BBX 10 9 0 0
BITMAP
3180
3300
6600
6C00
7C00
6C00
6600
C600
C300
ENDCHAR
STARTCHAR L
ENCODING 76
SWIDTH 583 0
DWIDTH 7 0
BBX 6 9 0 0
BITMAP
30
30
60
60
60
60
60
C0
FC
ENDCHAR
STARTCHAR M
ENCODING 77
SWIDTH 917 0
DWIDTH 13 0
BBX 12 9 0 0
BITMAP
3870
38F0
68E0
69E0
6960
6A60
6A60
CCC0
CCC0
ENDCHAR
STARTCHAR N
ENCODING 78
SWIDTH 750 0
DWIDTH 11 0
BBX 10 9 0 0
BITMAP
38C0
38C0
6980
6980
6D80
6580
6580
C700
C700
ENDCHAR
STARTCHAR O
ENCODING 79
SWIDTH 750 0
DWIDTH 9 0
BBX 8 9 0 0
BITMAP
3E
66
63
C3
C3
C3
C6
66
3C
ENDCHAR
STARTCHAR P
ENCODING 80
SWIDTH 667 0
DWIDTH 9 0
BBX 8 9 0 0
BITMAP
3E
33
63
63
7E
60
60
C0
C0
ENDCHAR
STARTCHAR Q
ENCODING 81
SWIDTH 750 0
DWIDTH 9 0
BBX 8 11 0 -2
BITMAP
3E
66
63
C3
C3
C3
C6
66
7C
18
0E
ENDCHAR
STARTCHAR R
ENCODING 82
SWIDTH 750 0
DWIDTH 10 0
BBX 9 9 0 0
BITMAP
3F00
3180
6180
6180
7E00
6600
6600
C300
C300
ENDCHAR
STARTCHAR S
ENCODING 83
SWIDTH 667 0
DWIDTH 8 0
BBX 7 9 0 0
BITMAP
3C
66
60
70
38
0C
0C
CC
78
ENDCHAR
STARTCHAR T
ENCODING 84
SWIDTH 583 0
DWIDTH 9 0
BBX 8 9 0 0
BITMAP
FF
18
30
30
30
30
30
60
60
ENDCHAR
STARTCHAR U
ENCODING 85
SWIDTH 750 0
DWIDTH 10 0
BBX 9 9 0 0
BITMAP
6180
6180
C300
C300
C300
C300
C300
C600
7C00
ENDCHAR
STARTCHAR V
ENCODING 86
SWIDTH 750 0
DWIDTH 9 0
BBX 8 9 0 0
BITMAP
C3
C6
C6
CC
CC
58
58
50
70
ENDCHAR
STARTCHAR W
ENCODING 87
SWIDTH 1000 0
DWIDTH 12 0
BBX 11 9 0 0
BITMAP
CC60
CC40
CCC0
D4C0
D480
D580
E500
E700
E600
ENDCHAR
STARTCHAR X
ENCODING 88
SWIDTH 667 0
DWIDTH 10 0
BBX 9 9 0 0
BITMAP
3180
1300
1E00
1C00
0800
1C00
3C00
6400
C600
ENDCHAR
STARTCHAR Y
ENCODING 89
SWIDTH 667 0
DWIDTH 9 0
BBX 8 9 0 0
BITMAP
C3
66
6C
78
30
30
30
60
60
ENDCHAR
STARTCHAR Z
ENCODING 90
SWIDTH 583 0
DWIDTH 9 0
BBX 8 9 0 0
BITMAP
3F
06
0E
0C
18
30
60
60
FC
ENDCHAR
STARTCHAR bracketleft
ENCODING 91
SWIDTH 333 0
DWIDTH 8 0
BBX 7 12 0 -3
BITMAP
1E
18
30
30
30
30
30
60
60
60
60
F0
ENDCHAR
STARTCHAR backslash
ENCODING 92
SWIDTH 250 0
DWIDTH 3 0
BBX 2 9 0 0
BITMAP
80
80
80
80
80
40
40
40
40
ENDCHAR
STARTCHAR bracketright
ENCODING 93
SWIDTH 333 0
DWIDTH 7 0
BBX 6 12 0 -3
BITMAP
3C
0C
18
18
18
18
18
30
30
30
30
E0
ENDCHAR
STARTCHAR asciicircum
ENCODING 94
SWIDTH 583 0
DWIDTH 8 0
BBX 7 5 0 4
BITMAP
38
28
6C
44
C6
ENDCHAR
STARTCHAR underscore
ENCODING 95
SWIDTH 583 0
DWIDTH 9 0
BBX 8 1 0 -2
BITMAP
FF
ENDCHAR
STARTCHAR grave
ENCODING 96
SWIDTH 333 0
DWIDTH 4 0
BBX 3 2 0 7
BITMAP
C0
60
ENDCHAR
STARTCHAR a
ENCODING 97
SWIDTH 583 0
DWIDTH 7 0
BBX 6 7 0 0
BITMAP
3C
6C
0C
7C
C8
D8
EC
ENDCHAR
STARTCHAR b
ENCODING 98
SWIDTH 583 0
DWIDTH 8 0
BBX 7 9 0 0
BITMAP
30
30
6C
76
66
66
66
EC
DC
ENDCHAR
STARTCHAR c
ENCODING 99
SWIDTH 583 0
DWIDTH 7 0
BBX 6 7 0 0
BITMAP
38
6C
C0
C0
C0
D8
70
ENDCHAR
STARTCHAR d
ENCODING 100
SWIDTH 583 0
DWIDTH 8 0
BBX 7 9 0 0
BITMAP
06
06
7C
4C
CC
CC
C8
D8
78
ENDCHAR
STARTCHAR e
ENCODING 101
SWIDTH 583 0
DWIDTH 7 0
BBX 6 7 0 0
BITMAP
38
6C
CC
FC
C0
D8
70
ENDCHAR
STARTCHAR f
ENCODING 102
SWIDTH 333 0
DWIDTH 6 0
BBX 5 9 0 0
BITMAP
38
30
78
60
60
60
60
C0
C0
ENDCHAR
STARTCHAR g
ENCODING 103
SWIDTH 583 0
DWIDTH 8 0
BBX 7 10 0 -3
BITMAP
7C
4C
CC
CC
CC
D8
78
18
D8
70
ENDCHAR
STARTCHAR h
ENCODING 104
SWIDTH 583 0
DWIDTH 8 0
BBX 7 9 0 0
BITMAP
30
30
6E
76
66
66
66
CC
CC
ENDCHAR
STARTCHAR i
ENCODING 105
SWIDTH 250 0
DWIDTH 5 0
BBX 4 9 0 0
BITMAP
30
00
60
60
60
60
60
C0
C0
ENDCHAR
STARTCHAR j
ENCODING 106
SWIDTH 250 0
DWIDTH 7 0
BBX 6 12 0 -3
BITMAP
0C
00
18
18
18
18
18
30
30
30
30
E0
ENDCHAR
STARTCHAR k
ENCODING 107
SWIDTH 583 0
DWIDTH 8 0
BBX 7 9 0 0
BITMAP
30
30
66
6C
78
78
78
C8
CC
ENDCHAR
STARTCHAR l
ENCODING 108
SWIDTH 250 0
DWIDTH 5 0
BBX 4 9 0 0
BITMAP
30
30
60
60
60
60
60
C0
C0
ENDCHAR
STARTCHAR m
ENCODING 109
SWIDTH 917 0
DWIDTH 11 0
BBX 10 6 0 0
BITMAP
7DC0
66C0
64C0
4CC0
CCC0
CC80
ENDCHAR
STARTCHAR n
ENCODING 110
SWIDTH 583 0
DWIDTH 8 0
BBX 7 7 0 0
BITMAP
6E
76
66
66
66
CC
CC
ENDCHAR
STARTCHAR o
ENCODING 111
SWIDTH 583 0
DWIDTH 7 0
BBX 6 7 0 0
BITMAP
38
4C
CC
CC
CC
C8
70
ENDCHAR
STARTCHAR p
ENCODING 112
SWIDTH 583 0
DWIDTH 9 0
BBX 8 10 0 -3
BITMAP
3E
33
33
33
33
76
6E
60
60
C0
ENDCHAR
STARTCHAR q
ENCODING 113
SWIDTH 667 0
DWIDTH 9 0
BBX 8 10 0 -3
BITMAP
3E
66
C6
C6
C6
CC
7C
0C
0C
18
ENDCHAR
STARTCHAR r
ENCODING 114
SWIDTH 417 0
DWIDTH 7 0
BBX 6 7 0 0
BITMAP
7C
70
60
60
60
C0
C0
ENDCHAR
STARTCHAR s
ENCODING 115
SWIDTH 583 0
DWIDTH 8 0
BBX 7 7 0 0
BITMAP
3C
66
60
7C
0C
CC
78
ENDCHAR
STARTCHAR t
ENCODING 116
SWIDTH 333 0
DWIDTH 6 0
BBX 5 8 0 0
BITMAP
30
78
60
60
60
60
C0
60
ENDCHAR
STARTCHAR u
ENCODING 117
SWIDTH 583 0
DWIDTH 9 0
BBX 8 7 0 0
BITMAP
66
66
66
66
66
6C
7C
ENDCHAR
STARTCHAR v
ENCODING 118
SWIDTH 583 0
DWIDTH 7 0
BBX 6 6 0 0
BITMAP
8C
D8
D8
F0
E0
60
ENDCHAR
STARTCHAR w
ENCODING 119
SWIDTH 833 0
DWIDTH 11 0
BBX 10 7 0 0
BITMAP
CCC0
CD80
D580
D500
D700
6600
6600
ENDCHAR
STARTCHAR x
ENCODING 120
SWIDTH 500 0
DWIDTH 7 0
BBX 6 7 0 0
BITMAP
64
68
30
30
30
58
98
ENDCHAR
STARTCHAR y
ENCODING 121
SWIDTH 583 0
DWIDTH 9 0
BBX 8 10 0 -3
BITMAP
63
66
66
2C
2C
38
30
30
60
C0
ENDCHAR
STARTCHAR z
ENCODING 122
SWIDTH 500 0
DWIDTH 7 0
BBX 6 7 0 0
BITMAP
7C
18
18
30
60
60
F8
ENDCHAR
STARTCHAR braceleft
ENCODING 123
SWIDTH 417 0
DWIDTH 7 0
BBX 6 12 0 -3
BITMAP
1C
18
30
30
30
C0
60
60
60
60
60
70
ENDCHAR
STARTCHAR bar
ENCODING 124
SWIDTH 250 0
DWIDTH 2 0
BBX 1 12 0 -3
BITMAP
80
80
80
80
80
80
80
80
80
80
80
80
ENDCHAR
STARTCHAR braceright
ENCODING 125
SWIDTH 417 0
DWIDTH 7 0
BBX 6 12 0 -3
BITMAP
18
0C
18
18
18
0C
18
30
30
30
30
E0
ENDCHAR
STARTCHAR asciitilde
ENCODING 126
SWIDTH 583 0
DWIDTH 7 0
BBX 6 2 0 3
BITMAP
E0
1C
ENDCHAR
STARTCHAR uni00A0
ENCODING 160
SWIDTH 250 0
DWIDTH 3 0
BBX 0 0 0 0
BITMAP
ENDCHAR
STARTCHAR exclamdown
ENCODING 161
SWIDTH 333 0
DWIDTH 5 0
BBX 4 9 0 -2
BITMAP
60
60
00
60
40
C0
C0
C0
C0
ENDCHAR
STARTCHAR cent
ENCODING 162
SWIDTH 583 0
DWIDTH 9 0
BBX 8 6 0 0
BITMAP
04
3F
7D
78
7E
18
ENDCHAR
STARTCHAR sterling
ENCODING 163
SWIDTH 583 0
DWIDTH 8 0
BBX 7 9 0 0
BITMAP
1C
1A
30
30
78
30
30
66
FC
ENDCHAR
STARTCHAR currency
ENCODING 164
SWIDTH 583 0
DWIDTH 6 0
BBX 5 5 0 2
BITMAP
F8
88
88
88
F8
ENDCHAR
STARTCHAR yen
ENCODING 165
SWIDTH 583 0
DWIDTH 9 0
BBX 8 9 0 0
BITMAP
63
66
36
3C
38
7E
18
FC
30
ENDCHAR
STARTCHAR brokenbar
ENCODING 166
SWIDTH 250 0
DWIDTH 2 0
BBX 1 12 0 -3
BITMAP
80
80
80
80
80
00
00
80
80
80
80
80
ENDCHAR
STARTCHAR section
ENCODING 167
SWIDTH 583 0
DWIDTH 8 0
BBX 7 10 0 -1
BITMAP
1C
32
30
3C
6C
6C
78
18
98
70
ENDCHAR
STARTCHAR dieresis
ENCODING 168
SWIDTH 333 0
DWIDTH 6 0
BBX 5 1 0 7
BITMAP
D8
ENDCHAR
STARTCHAR copyright
ENCODING 169
SWIDTH 833 0
DWIDTH 10 0
BBX 9 9 0 0
BITMAP
3E00
6300
DD80
A280
A080
A280
DD80
6300
3E00
ENDCHAR
STARTCHAR ordfeminine
ENCODING 170
SWIDTH 333 0
DWIDTH 6 0
BBX 5 5 0 4
BITMAP
70
10
F0
90
F8
ENDCHAR
STARTCHAR guillemotleft
ENCODING 171
SWIDTH 583 0
DWIDTH 6 0
BBX 5 5 0 1
BITMAP
28
50
A0
A0
50
ENDCHAR
STARTCHAR logicalnot
ENCODING 172
SWIDTH 583 0
DWIDTH 6 0
BBX 5 4 0 1
BITMAP
F8
08
08
08
ENDCHAR
STARTCHAR hyphen
ENCODING 173
SWIDTH 333 0
DWIDTH 4 0
BBX 3 1 0 3
BITMAP
E0
ENDCHAR
STARTCHAR registered
ENCODING 174
SWIDTH 833 0
DWIDTH 10 0
BBX 9 9 0 0
BITMAP
3E00
6300
DD80
9480
9C80
9880
D580
6300
3E00
ENDCHAR
STARTCHAR macron
ENCODING 175
SWIDTH 583 0
DWIDTH 8 0
BBX 7 1 0 8
BITMAP
FE
ENDCHAR
STARTCHAR degree
ENCODING 176
SWIDTH 417 0
DWIDTH 5 0
BBX 4 4 0 5
BITMAP
60
90
90
60
ENDCHAR
STARTCHAR plusminus
ENCODING 177
SWIDTH 583 0
DWIDTH 6 0
BBX 5 7 0 0
BITMAP
20
20
F8
20
20
00
F8
ENDCHAR
STARTCHAR uni00B2
ENCODING 178
SWIDTH 333 0
DWIDTH 5 0
BBX 4 5 0 4
BITMAP
70
50
20
40
F0
ENDCHAR
STARTCHAR uni00B3
ENCODING 179
SWIDTH 333 0
DWIDTH 4 0
BBX 3 5 0 4
BITMAP
E0
A0
40
A0
E0
ENDCHAR
STARTCHAR acute
ENCODING 180
SWIDTH 333 0
DWIDTH 4 0
BBX 3 2 0 7
BITMAP
60
80
ENDCHAR
STARTCHAR u00B5
ENCODING 181
SWIDTH 583 0
DWIDTH 10 0
BBX 9 10 0 -3
BITMAP
3300
3300
3300
3300
3300
7600
7F00
6000
6000
C000
ENDCHAR
STARTCHAR paragraph
ENCODING 182
SWIDTH 583 0
DWIDTH 7 0
BBX 6 11 0 -2
BITMAP
7C
E8
E8
E8
68
28
28
28
28
28
28
ENDCHAR
STARTCHAR periodcentered
ENCODING 183
SWIDTH 250 0
DWIDTH 3 0
BBX 2 2 0 3
BITMAP
C0
C0
ENDCHAR
STARTCHAR cedilla
ENCODING 184
SWIDTH 333 0
DWIDTH 3 0
BBX 2 2 0 -2
BITMAP
40
C0
ENDCHAR
STARTCHAR uni00B9
ENCODING 185
SWIDTH 333 0
DWIDTH 4 0
BBX 3 5 0 4
BITMAP
60
A0
40
40
E0
ENDCHAR
STARTCHAR ordmasculine
ENCODING 186
SWIDTH 333 0
DWIDTH 4 0
BBX 3 5 0 4
BITMAP
60
A0
A0
A0
C0
ENDCHAR
STARTCHAR guillemotright
ENCODING 187
SWIDTH 583 0
DWIDTH 6 0
BBX 5 5 0 1
BITMAP
50
28
28
50
A0
ENDCHAR
STARTCHAR onequarter
ENCODING 188
SWIDTH 833 0
DWIDTH 10 0
BBX 9 9 0 0
BITMAP
6080
A100
4200
4400
E980
0A80
1300
2780
4100
ENDCHAR
STARTCHAR onehalf
ENCODING 189
SWIDTH 833 0
DWIDTH 10 0
BBX 9 9 0 0
BITMAP
6080
A100
4200
4400
EB80
0A80
1100
2200
4780
ENDCHAR
STARTCHAR threequarters
ENCODING 190
SWIDTH 833 0
DWIDTH 10 0
BBX 9 9 0 0
BITMAP
E080
A100
4200
A400
E980
0A80
1300
2780
4100
ENDCHAR
STARTCHAR questiondown
ENCODING 191
SWIDTH 583 0
DWIDTH 7 0
BBX 6 9 0 -2
BITMAP
18
18
00
30
70
E0
C0
CC
78
ENDCHAR
STARTCHAR Agrave
ENCODING 192
SWIDTH 750 0
DWIDTH 9 0
BBX 8 12 0 0
BITMAP
0C
06
00
0E
0A
1A
1B
33
3F
63
63
C3
ENDCHAR
STARTCHAR Aacute
ENCODING 193
SWIDTH 750 0
DWIDTH 10 0
BBX 9 12 0 0
BITMAP
0180
0200
0000
0E00
0A00
1A00
1B00
3300
3F00
6300
6300
C300
ENDCHAR
STARTCHAR Acircumflex
ENCODING 194
SWIDTH 750 0
DWIDTH 9 0
BBX 8 12 0 0
BITMAP
06
0D
00
0E
0A
1A
1B
33
3F
63
63
C3
ENDCHAR
STARTCHAR Atilde
ENCODING 195
SWIDTH 750 0
DWIDTH 10 0
BBX 9 12 0 0
BITMAP
0680
0B00
0000
0E00
0A00
1A00
1B00
3300
3F00
6300
6300
C300
ENDCHAR
STARTCHAR Adieresis
ENCODING 196
SWIDTH 750 0
DWIDTH 10 0
BBX 9 11 0 0
BITMAP
0D80
0000
0E00
0A00
1A00
1B00
3300
3F00
6300
6300
C300
ENDCHAR
STARTCHAR Aring
ENCODING 197
SWIDTH 750 0
DWIDTH 9 0
BBX 8 11 0 0
BITMAP
07
05
0F
0A
1A
1B
33
3F
63
63
C3
ENDCHAR
STARTCHAR AE
ENCODING 198
SWIDTH 1000 0
DWIDTH 13 0
BBX 12 9 0 0
BITMAP
07F0
0D80
0F00
1B00
13E0
3F00
6300
6600
C7E0
ENDCHAR
STARTCHAR Ccedilla
ENCODING 199
SWIDTH 750 0
DWIDTH 9 0
BBX 8 11 0 -2
BITMAP
1E
63
60
C0
C0
C0
C0
66
7C
10
30
ENDCHAR
STARTCHAR Egrave
ENCODING 200
SWIDTH 667 0
DWIDTH 9 0
BBX 8 12 0 0
BITMAP
18
0C
00
3F
30
60
60
7E
60
60
C0
FE
ENDCHAR
STARTCHAR Eacute
ENCODING 201
SWIDTH 667 0
DWIDTH 9 0
BBX 8 12 0 0
BITMAP
06
08
00
3F
30
60
60
7E
60
60
C0
FE
ENDCHAR
STARTCHAR Ecircumflex
ENCODING 202
SWIDTH 667 0
DWIDTH 9 0
BBX 8 12 0 0
BITMAP
0C
1A
00
3F
30
60
60
7E
60
60
C0
FE
ENDCHAR
STARTCHAR Edieresis
ENCODING 203
SWIDTH 667 0
DWIDTH 9 0
BBX 8 11 0 0
BITMAP
1B
00
3F
30
60
60
7E
60
60
C0
FE
ENDCHAR
STARTCHAR Igrave
ENCODING 204
SWIDTH 250 0
DWIDTH 5 0
BBX 4 12 0 0
BITMAP
60
30
00
30
30
60
60
60
60
60
C0
C0
ENDCHAR
STARTCHAR Iacute
ENCODING 205
SWIDTH 250 0
DWIDTH 6 0
BBX 5 12 0 0
BITMAP
18
20
00
30
30
60
60
60
60
60
C0
C0
ENDCHAR
STARTCHAR Icircumflex
ENCODING 206
SWIDTH 250 0
DWIDTH 6 0
BBX 5 12 0 0
BITMAP
30
68
00
30
30
60
60
60
60
60
C0
C0
ENDCHAR
STARTCHAR Idieresis
ENCODING 207
SWIDTH 250 0
DWIDTH 7 0
BBX 6 11 0 0
BITMAP
6C
00
30
30
60
60
60
60
60
C0
C0
ENDCHAR
STARTCHAR Eth
ENCODING 208
SWIDTH 750 0
DWIDTH 10 0
BBX 9 9 0 0
BITMAP
3E00
3300
6180
6180
F980
6180
6300
C700
FC00
ENDCHAR
STARTCHAR Ntilde
ENCODING 209
SWIDTH 750 0
DWIDTH 11 0
BBX 10 12 0 0
BITMAP
0680
0B00
0000
38C0
38C0
6980
6980
6D80
6580
6580
C700
C700
ENDCHAR
STARTCHAR Ograve
ENCODING 210
SWIDTH 750 0
DWIDTH 9 0
BBX 8 12 0 0
BITMAP
18
0C
00
3E
66
63
C3
C3
C3
C6
66
3C
ENDCHAR
STARTCHAR Oacute
ENCODING 211
SWIDTH 750 0
DWIDTH 9 0
BBX 8 12 0 0
BITMAP
03
04
00
3E
66
63
C3
C3
C3
C6
66
3C
ENDCHAR
STARTCHAR Ocircumflex
ENCODING 212
SWIDTH 750 0
DWIDTH 9 0
BBX 8 12 0 0
BITMAP
0C
1A
00
3E
66
63
C3
C3
C3
C6
66
3C
ENDCHAR
STARTCHAR Otilde
ENCODING 213
SWIDTH 750 0
DWIDTH 9 0
BBX 8 12 0 0
BITMAP
0D
16
00
3E
66
63
C3
C3
C3
C6
66
3C
ENDCHAR
STARTCHAR Odieresis
ENCODING 214
SWIDTH 750 0
DWIDTH 9 0
BBX 8 11 0 0
BITMAP
1B
00
3E
66
63
C3
C3
C3
C6
66
3C
ENDCHAR
STARTCHAR multiply
ENCODING 215
SWIDTH 583 0
DWIDTH 7 0
BBX 6 6 0 1
BITMAP
44
28
10
28
44
00
ENDCHAR
STARTCHAR Oslash
ENCODING 216
SWIDTH 750 0
DWIDTH 9 0
BBX 8 9 0 0
BITMAP
3F
66
67
CB
CB
D3
E6
66
FC
ENDCHAR
STARTCHAR Ugrave
ENCODING 217
SWIDTH 750 0
DWIDTH 10 0
BBX 9 12 0 0
BITMAP
1800
0C00
0000
6180
6180
C300
C300
C300
C300
C300
C600
7C00
ENDCHAR
STARTCHAR Uacute
ENCODING 218
SWIDTH 750 0
DWIDTH 10 0
BBX 9 12 0 0
BITMAP
0300
0400
0000
6180
6180
C300
C300
C300
C300
C300
C600
7C00
ENDCHAR
STARTCHAR Ucircumflex
ENCODING 219
SWIDTH 750 0
DWIDTH 10 0
BBX 9 12 0 0
BITMAP
0C00
1A00
0000
6180
6180
C300
C300
C300
C300
C300
C600
7C00
ENDCHAR
STARTCHAR Udieresis
ENCODING 220
SWIDTH 750 0
DWIDTH 10 0
BBX 9 11 0 0
BITMAP
1B00
0000
6180
6180
C300
C300
C300
C300
C300
C600
7C00
ENDCHAR
STARTCHAR Yacute
ENCODING 221
SWIDTH 667 0
DWIDTH 9 0
BBX 8 12 0 0
BITMAP
06
08
00
C3
66
6C
78
30
30
30
60
60
ENDCHAR
STARTCHAR Thorn
ENCODING 222
SWIDTH 667 0
DWIDTH 9 0
BBX 8 9 0 0
BITMAP
30
3E
63
63
63
63
7E
C0
C0
ENDCHAR
STARTCHAR germandbls
ENCODING 223
SWIDTH 583 0
DWIDTH 8 0
BBX 7 9 0 0
BITMAP
1C
36
66
6C
6C
6E
66
C6
DC
ENDCHAR
STARTCHAR agrave
ENCODING 224
SWIDTH 583 0
DWIDTH 7 0
BBX 6 10 0 0
BITMAP
30
18
00
3C
6C
0C
7C
C8
D8
EC
ENDCHAR
STARTCHAR aacute
ENCODING 225
SWIDTH 583 0
DWIDTH 7 0
BBX 6 10 0 0
BITMAP
0C
10
00
3C
6C
0C
7C
C8
D8
EC
ENDCHAR
STARTCHAR acircumflex
ENCODING 226
SWIDTH 583 0
DWIDTH 7 0
BBX 6 10 0 0
BITMAP
30
68
00
3C
6C
0C
7C
C8
D8
EC
ENDCHAR
STARTCHAR atilde
ENCODING 227
SWIDTH 583 0
DWIDTH 7 0
BBX 6 10 0 0
BITMAP
34
58
00
3C
6C
0C
7C
C8
D8
EC
ENDCHAR
STARTCHAR adieresis
ENCODING 228
SWIDTH 583 0
DWIDTH 7 0
BBX 6 9 0 0
BITMAP
6C
00
3C
6C
0C
7C
C8
D8
EC
ENDCHAR
STARTCHAR aring
ENCODING 229
SWIDTH 583 0
DWIDTH 7 0
BBX 6 11 0 0
BITMAP
38
28
38
00
3C
6C
0C
7C
C8
D8
EC
ENDCHAR
STARTCHAR ae
ENCODING 230
SWIDTH 917 0
DWIDTH 11 0
BBX 10 7 0 0
BITMAP
3F80
6CC0
0CC0
7FC0
C800
DD80
E700
ENDCHAR
STARTCHAR ccedilla
ENCODING 231
SWIDTH 583 0
DWIDTH 7 0
BBX 6 9 0 -2
BITMAP
38
6C
C0
C0
C0
D8
70
20
60
ENDCHAR
STARTCHAR egrave
ENCODING 232
SWIDTH 583 0
DWIDTH 7 0
BBX 6 10 0 0
BITMAP
30
18
00
38
6C
CC
FC
C0
D8
70
ENDCHAR
STARTCHAR eacute
ENCODING 233
SWIDTH 583 0
DWIDTH 7 0
BBX 6 10 0 0
BITMAP
0C
10
00
38
6C
CC
FC
C0
D8
70
ENDCHAR
STARTCHAR ecircumflex
ENCODING 234
SWIDTH 583 0
DWIDTH 7 0
BBX 6 10 0 0
BITMAP
30
68
00
38
6C
CC
FC
C0
D8
70
ENDCHAR
STARTCHAR edieresis
ENCODING 235
SWIDTH 583 0
DWIDTH 7 0
BBX 6 9 0 0
BITMAP
6C
00
38
6C
CC
FC
C0
D8
70
ENDCHAR
STARTCHAR igrave
ENCODING 236
SWIDTH 250 0
DWIDTH 5 0
BBX 4 10 0 0
BITMAP
60
30
00
60
60
60
60
60
C0
C0
ENDCHAR
STARTCHAR iacute
ENCODING 237
SWIDTH 250 0
DWIDTH 6 0
BBX 5 10 0 0
BITMAP
18
20
00
60
60
60
60
60
C0
C0
ENDCHAR
STARTCHAR icircumflex
ENCODING 238
SWIDTH 250 0
DWIDTH 6 0
BBX 5 10 0 0
BITMAP
30
68
00
60
60
60
60
60
C0
C0
ENDCHAR
STARTCHAR idieresis
ENCODING 239
SWIDTH 250 0
DWIDTH 6 0
BBX 5 9 0 0
BITMAP
D8
00
60
60
60
60
60
C0
C0
ENDCHAR
STARTCHAR eth
ENCODING 240
SWIDTH 583 0
DWIDTH 7 0
BBX 6 9 0 0
BITMAP
3C
38
0C
7C
CC
CC
CC
D8
70
ENDCHAR
STARTCHAR ntilde
ENCODING 241
SWIDTH 583 0
DWIDTH 8 0
BBX 7 10 0 0
BITMAP
1A
2C
00
6E
76
66
66
66
CC
CC
ENDCHAR
STARTCHAR ograve
ENCODING 242
SWIDTH 583 0
DWIDTH 7 0
BBX 6 10 0 0
BITMAP
30
18
00
38
4C
CC
CC
CC
C8
70
ENDCHAR
STARTCHAR oacute
ENCODING 243
SWIDTH 583 0
DWIDTH 7 0
BBX 6 10 0 0
BITMAP
0C
10
00
38
4C
CC
CC
CC
C8
70
ENDCHAR
STARTCHAR ocircumflex
ENCODING 244
SWIDTH 583 0
DWIDTH 7 0
BBX 6 10 0 0
BITMAP
18
34
00
38
4C
CC
CC
CC
C8
70
ENDCHAR
STARTCHAR otilde
ENCODING 245
SWIDTH 583 0
DWIDTH 8 0
BBX 7 10 0 0
BITMAP
1A
2C
00
38
4C
CC
CC
CC
C8
70
ENDCHAR
STARTCHAR odieresis
ENCODING 246
SWIDTH 583 0
DWIDTH 8 0
BBX 7 9 0 0
BITMAP
36
00
38
4C
CC
CC
CC
C8
70
ENDCHAR
STARTCHAR divide
ENCODING 247
SWIDTH 583 0
DWIDTH 6 0
BBX 5 5 0 2
BITMAP
20
00
F8
00
20
ENDCHAR
STARTCHAR oslash
ENCODING 248
SWIDTH 583 0
DWIDTH 7 0
BBX 6 7 0 0
BITMAP
3C
4C
DC
DC
EC
C8
F0
ENDCHAR
STARTCHAR ugrave
ENCODING 249
SWIDTH 583 0
DWIDTH 9 0
BBX 8 10 0 0
BITMAP
18
0C
00
66
66
66
66
66
6C
7C
ENDCHAR
STARTCHAR uacute
ENCODING 250
SWIDTH 583 0
DWIDTH 9 0
BBX 8 10 0 0
BITMAP
06
08
00
66
66
66
66
66
6C
7C
ENDCHAR
STARTCHAR ucircumflex
ENCODING 251
SWIDTH 583 0
DWIDTH 9 0
BBX 8 10 0 0
BITMAP
0C
1A
00
66
66
66
66
66
6C
7C
ENDCHAR
STARTCHAR udieresis
ENCODING 252
SWIDTH 583 0
DWIDTH 9 0
BBX 8 9 0 0
BITMAP
36
00
66
66
66
66
66
6C
7C
ENDCHAR
STARTCHAR yacute
ENCODING 253
SWIDTH 583 0
DWIDTH 9 0
BBX 8 13 0 -3
BITMAP
06
08
00
63
66
66
2C
2C
38
30
30
60
C0
ENDCHAR
STARTCHAR thorn
ENCODING 254
SWIDTH 583 0
DWIDTH 9 0
BBX 8 12 0 -3
BITMAP
18
18
36
3B
33
33
33
76
6E
60
60
C0
ENDCHAR
STARTCHAR ydieresis
ENCODING 255
SWIDTH 583 0
DWIDTH 9 0
BBX 8 12 0 -3
BITMAP
36
00
63
66
66
2C
2C
38
30
30
60
C0
ENDCHAR
STARTCHAR Amacron
ENCODING 256
SWIDTH 750 0
DWIDTH 9 0
BBX 8 11 0 0
BITMAP
0F
00
0E
0A
1A
1B
33
3F
63
63
C3
ENDCHAR
STARTCHAR amacron
ENCODING 257
SWIDTH 583 0
DWIDTH 7 0
BBX 6 9 0 0
BITMAP
3C
00
3C
6C
0C
7C
C8
D8
EC
ENDCHAR
STARTCHAR Abreve
ENCODING 258
SWIDTH 750 0
DWIDTH 9 0
BBX 8 12 0 0
BITMAP
09
06
00
0E
0A
1A
1B
33
3F
63
63
C3
ENDCHAR
STARTCHAR abreve
ENCODING 259
SWIDTH 583 0
DWIDTH 7 0
BBX 6 10 0 0
BITMAP
24
38
00
3C
6C
0C
7C
C8
D8
EC
ENDCHAR
STARTCHAR Aogonek
ENCODING 260
SWIDTH 750 0
DWIDTH 9 0
BBX 8 11 0 -2
BITMAP
0E
0A
1A
1B
33
3F
63
63
C3
02
03
ENDCHAR
STARTCHAR aogonek
ENCODING 261
SWIDTH 583 0
DWIDTH 7 0
BBX 6 9 0 -2
BITMAP
3C
6C
0C
7C
C8
D8
EC
08
0C
ENDCHAR
STARTCHAR Cacute
ENCODING 262
SWIDTH 750 0
DWIDTH 9 0
BBX 8 12 0 0
BITMAP
03
04
00
1E
63
60
C0
C0
C0
C0
66
7C
ENDCHAR
STARTCHAR cacute
ENCODING 263
SWIDTH 583 0
DWIDTH 7 0
BBX 6 10 0 0
BITMAP
0C
10
00
38
6C
C0
C0
C0
D8
70
ENDCHAR
STARTCHAR Ccircumflex
ENCODING 264
SWIDTH 750 0
DWIDTH 9 0
BBX 8 12 0 0
BITMAP
0C
1A
00
1E
63
60
C0
C0
C0
C0
66
7C
ENDCHAR
STARTCHAR ccircumflex
ENCODING 265
SWIDTH 583 0
DWIDTH 7 0
BBX 6 10 0 0
BITMAP
30
68
00
38
6C
C0
C0
C0
D8
70
ENDCHAR
STARTCHAR Cdotaccent
ENCODING 266
SWIDTH 750 0
DWIDTH 9 0
BBX 8 11 0 0
BITMAP
0C
00
1E
63
60
C0
C0
C0
C0
66
7C
ENDCHAR
STARTCHAR cdotaccent
ENCODING 267
SWIDTH 583 0
DWIDTH 7 0
BBX 6 9 0 0
BITMAP
18
00
38
6C
C0
C0
C0
D8
70
ENDCHAR
STARTCHAR Ccaron
ENCODING 268
SWIDTH 750 0
DWIDTH 9 0
BBX 8 12 0 0
BITMAP
16
0C
00
1E
63
60
C0
C0
C0
C0
66
7C
ENDCHAR
STARTCHAR ccaron
ENCODING 269
SWIDTH 583 0
DWIDTH 7 0
BBX 6 10 0 0
BITMAP
24
18
00
38
6C
C0
C0
C0
D8
70
ENDCHAR
STARTCHAR Dcaron
ENCODING 270
SWIDTH 750 0
DWIDTH 10 0
BBX 9 12 0 0
BITMAP
0B00
0600
0000
3E00
3300
6180
6180
6180
6180
6300
C700
FC00
ENDCHAR
STARTCHAR dcaron
ENCODING 271
SWIDTH 750 0
DWIDTH 11 0
BBX 10 9 0 0
BITMAP
06C0
0680
7C00
4C00
CC00
CC00
C800
D800
7800
ENDCHAR
STARTCHAR Dcroat
ENCODING 272
SWIDTH 750 0
DWIDTH 10 0
BBX 9 9 0 0
BITMAP
3E00
3300
6180
6180
F980
6180
6300
C700
FC00
ENDCHAR
STARTCHAR dcroat
ENCODING 273
SWIDTH 583 0
DWIDTH 9 0
BBX 8 9 0 0
BITMAP
06
1E
0C
7C
CC
CC
CC
D8
F8
ENDCHAR
STARTCHAR Emacron
ENCODING 274
SWIDTH 667 0
DWIDTH 9 0
BBX 8 11 0 0
BITMAP
1E
00
3F
30
60
60
7E
60
60
C0
FE
ENDCHAR
STARTCHAR emacron
ENCODING 275
SWIDTH 583 0
DWIDTH 7 0
BBX 6 9 0 0
BITMAP
3C
00
38
6C
CC
FC
C0
D8
70
ENDCHAR
STARTCHAR Ebreve
ENCODING 276
SWIDTH 667 0
DWIDTH 9 0
BBX 8 12 0 0
BITMAP
12
0C
00
3F
30
60
60
7E
60
60
C0
FE
ENDCHAR
STARTCHAR ebreve
ENCODING 277
SWIDTH 583 0
DWIDTH 7 0
BBX 6 10 0 0
BITMAP
24
38
00
38
6C
CC
FC
C0
D8
70
ENDCHAR
STARTCHAR Edotaccent
ENCODING 278
SWIDTH 667 0
DWIDTH 9 0
BBX 8 11 0 0
BITMAP
0C
00
3F
30
60
60
7E
60
60
C0
FE
ENDCHAR
STARTCHAR edotaccent
ENCODING 279
SWIDTH 583 0
DWIDTH 7 0
BBX 6 9 0 0
BITMAP
18
00
38
6C
CC
FC
C0
D8
70
ENDCHAR
STARTCHAR Eogonek
ENCODING 280
SWIDTH 667 0
DWIDTH 9 0
BBX 8 11 0 -2
BITMAP
3F
30
60
60
7E
60
60
C0
FE
08
0C
ENDCHAR
STARTCHAR eogonek
ENCODING 281
SWIDTH 583 0
DWIDTH 7 0
BBX 6 9 0 -2
BITMAP
38
6C
CC
FC
C0
D8
70
40
60
ENDCHAR
STARTCHAR Ecaron
ENCODING 282
SWIDTH 667 0
DWIDTH 9 0
BBX 8 12 0 0
BITMAP
16
0C
00
3F
30
60
60
7E
60
60
C0
FE
ENDCHAR
STARTCHAR ecaron
ENCODING 283
SWIDTH 583 0
DWIDTH 7 0
BBX 6 10 0 0
BITMAP
24
18
00
38
6C
CC
FC
C0
D8
70
ENDCHAR
STARTCHAR Gcircumflex
ENCODING 284
SWIDTH 750 0
DWIDTH 9 0
BBX 8 12 0 0
BITMAP
0C
1A
00
1E
63
60
C0
C0
CE
C6
CC
78
ENDCHAR
STARTCHAR gcircumflex
ENCODING 285
SWIDTH 583 0
DWIDTH 8 0
BBX 7 13 0 -3
BITMAP
18
34
00
7C
4C
CC
CC
CC
D8
78
18
D8
70
ENDCHAR
STARTCHAR Gbreve
ENCODING 286
SWIDTH 750 0
DWIDTH 9 0
BBX 8 12 0 0
BITMAP
12
0C
00
1E
63
60
C0
C0
CE
C6
CC
78
ENDCHAR
STARTCHAR gbreve
ENCODING 287
SWIDTH 583 0
DWIDTH 8 0
BBX 7 13 0 -3
BITMAP
24
38
00
7C
4C
CC
CC
CC
D8
78
18
D8
70
ENDCHAR
STARTCHAR Gdotaccent
ENCODING 288
SWIDTH 750 0
DWIDTH 9 0
BBX 8 11 0 0
BITMAP
0C
00
1E
63
60
C0
C0
CE
C6
CC
78
ENDCHAR
STARTCHAR gdotaccent
ENCODING 289
SWIDTH 583 0
DWIDTH 8 0
BBX 7 12 0 -3
BITMAP
18
00
7C
4C
CC
CC
CC
D8
78
18
D8
70
ENDCHAR
STARTCHAR Gcommaaccent
ENCODING 290
SWIDTH 750 0
DWIDTH 9 0
BBX 8 12 0 -3
BITMAP
1E
63
60
C0
C0
CE
C6
CC
78
00
18
10
ENDCHAR
STARTCHAR gcommaaccent
ENCODING 291
SWIDTH 583 0
DWIDTH 8 0
BBX 7 13 0 -3
BITMAP
08
18
00
7C
4C
CC
CC
CC
D8
78
18
D8
70
ENDCHAR
STARTCHAR Hcircumflex
ENCODING 292
SWIDTH 750 0
DWIDTH 11 0
BBX 10 12 0 0
BITMAP
0600
0D00
0000
30C0
30C0
6180
6180
7F80
6180
6180
C300
C300
ENDCHAR
STARTCHAR hcircumflex
ENCODING 293
SWIDTH 583 0
DWIDTH 8 0
BBX 7 12 0 0
BITMAP
0C
1A
00
30
30
6E
76
66
66
66
CC
CC
ENDCHAR
STARTCHAR Hbar
ENCODING 294
SWIDTH 750 0
DWIDTH 12 0
BBX 11 9 0 0
BITMAP
30C0
7FC0
6180
6180
7F80
6180
6180
C300
C300
ENDCHAR
STARTCHAR hbar
ENCODING 295
SWIDTH 583 0
DWIDTH 8 0
BBX 7 9 0 0
BITMAP
30
7C
60
7E
66
66
66
CC
CC
ENDCHAR
STARTCHAR Itilde
ENCODING 296
SWIDTH 250 0
DWIDTH 7 0
BBX 6 12 0 0
BITMAP
34
58
00
30
30
60
60
60
60
60
C0
C0
ENDCHAR
STARTCHAR itilde
ENCODING 297
SWIDTH 250 0
DWIDTH 6 0
BBX 5 10 0 0
BITMAP
68
B0
00
60
60
60
60
60
C0
C0
ENDCHAR
STARTCHAR Imacron
ENCODING 298
SWIDTH 250 0
DWIDTH 6 0
BBX 5 11 0 0
BITMAP
78
00
30
30
60
60
60
60
60
C0
C0
ENDCHAR
STARTCHAR imacron
ENCODING 299
SWIDTH 250 0
DWIDTH 6 0
BBX 5 9 0 0
BITMAP
78
00
60
60
60
60
60
C0
C0
ENDCHAR
STARTCHAR Ibreve
ENCODING 300
SWIDTH 250 0
DWIDTH 6 0
BBX 5 12 0 0
BITMAP
48
30
00
30
30
60
60
60
60
60
C0
C0
ENDCHAR
STARTCHAR ibreve
ENCODING 301
SWIDTH 250 0
DWIDTH 6 0
BBX 5 10 0 0
BITMAP
48
70
00
60
60
60
60
60
C0
C0
ENDCHAR
STARTCHAR Iogonek
ENCODING 302
SWIDTH 250 0
DWIDTH 5 0
BBX 4 11 0 -2
BITMAP
30
30
60
60
60
60
60
C0
C0
80
C0
ENDCHAR
STARTCHAR iogonek
ENCODING 303
SWIDTH 250 0
DWIDTH 5 0
BBX 4 11 0 -2
BITMAP
30
00
60
60
60
60
60
C0
C0
80
C0
ENDCHAR
STARTCHAR Idotaccent
ENCODING 304
SWIDTH 250 0
DWIDTH 5 0
BBX 4 11 0 0
BITMAP
30
00
30
30
60
60
60
60
60
C0
C0
ENDCHAR
STARTCHAR dotlessi
ENCODING 305
SWIDTH 250 0
DWIDTH 5 0
BBX 4 7 0 0
BITMAP
60
60
60
60
60
C0
C0
ENDCHAR
STARTCHAR IJ
ENCODING 306
SWIDTH 750 0
DWIDTH 11 0
BBX 10 9 0 0
BITMAP
33C0
30C0
6180
6180
6180
6180
6180
DB00
CE00
ENDCHAR
STARTCHAR ij
ENCODING 307
SWIDTH 583 0
DWIDTH 9 0
BBX 8 12 0 -3
BITMAP
33
00
66
66
66
66
66
CC
CC
0C
0C
38
ENDCHAR
STARTCHAR Jcircumflex
ENCODING 308
SWIDTH 500 0
DWIDTH 9 0
BBX 8 12 0 0
BITMAP
06
0D
00
1E
06
0C
0C
0C
0C
0C
D8
70
ENDCHAR
STARTCHAR jcircumflex
ENCODING 309
SWIDTH 250 0
DWIDTH 8 0
BBX 7 13 0 -3
BITMAP
0C
1A
00
18
18
18
18
18
30
30
30
30
E0
ENDCHAR
STARTCHAR Kcommaaccent
ENCODING 310
SWIDTH 750 0
DWIDTH 11 0
BBX 10 12 0 -3
BITMAP
3180
3300
6600
6C00
7C00
6C00
6600
C600
C300
0000
1800
1000
ENDCHAR
STARTCHAR kcommaaccent
ENCODING 311
SWIDTH 583 0
DWIDTH 8 0
BBX 7 12 0 -3
BITMAP
30
30
66
6C
78
78
78
C8
CC
00
30
20
ENDCHAR
STARTCHAR kgreenlandic
ENCODING 312
SWIDTH 583 0
DWIDTH 8 0
BBX 7 7 0 0
BITMAP
66
6C
78
78
78
DC
CC
ENDCHAR
STARTCHAR Lacute
ENCODING 313
SWIDTH 583 0
DWIDTH 7 0
BBX 6 12 0 0
BITMAP
0C
10
00
30
30
60
60
60
60
60
C0
FC
ENDCHAR
STARTCHAR lacute
ENCODING 314
SWIDTH 250 0
DWIDTH 6 0
BBX 5 12 0 0
BITMAP
18
20
00
30
30
60
60
60
60
60
C0
C0
ENDCHAR
STARTCHAR Lcommaaccent
ENCODING 315
SWIDTH 583 0
DWIDTH 7 0
BBX 6 12 0 -3
BITMAP
30
30
60
60
60
60
60
C0
FC
00
30
20
ENDCHAR
STARTCHAR lcommaaccent
ENCODING 316
SWIDTH 250 0
DWIDTH 5 0
BBX 4 12 0 -3
BITMAP
30
30
60
60
60
60
60
C0
C0
00
C0
80
ENDCHAR
STARTCHAR Lcaron
ENCODING 317
SWIDTH 583 0
DWIDTH 8 0
BBX 7 9 0 0
BITMAP
36
34
60
60
60
60
60
C0
FC
ENDCHAR
STARTCHAR lcaron
ENCODING 318
SWIDTH 417 0
DWIDTH 8 0
BBX 7 9 0 0
BITMAP
36
34
60
60
60
60
60
C0
C0
ENDCHAR
STARTCHAR Ldot
ENCODING 319
SWIDTH 583 0
DWIDTH 7 0
BBX 6 9 0 0
BITMAP
30
30
60
60
6C
60
60
C0
FC
ENDCHAR
STARTCHAR ldot
ENCODING 320
SWIDTH 500 0
DWIDTH 7 0
BBX 6 9 0 0
BITMAP
30
30
60
60
6C
60
60
C0
C0
ENDCHAR
STARTCHAR Lslash
ENCODING 321
SWIDTH 583 0
DWIDTH 7 0
BBX 6 9 0 0
BITMAP
30
30
60
68
70
E0
60
C0
FC
ENDCHAR
STARTCHAR lslash
ENCODING 322
SWIDTH 250 0
DWIDTH 5 0
BBX 4 9 0 0
BITMAP
30
30
60
70
60
E0
60
C0
C0
ENDCHAR
STARTCHAR Nacute
ENCODING 323
SWIDTH 750 0
DWIDTH 11 0
BBX 10 12 0 0
BITMAP
0300
0400
0000
38C0
38C0
6980
6980
6D80
6580
6580
C700
C700
ENDCHAR
STARTCHAR nacute
ENCODING 324
SWIDTH 583 0
DWIDTH 8 0
BBX 7 10 0 0
BITMAP
06
08
00
6E
76
66
66
66
CC
CC
ENDCHAR
STARTCHAR Ncommaaccent
ENCODING 325
SWIDTH 750 0
DWIDTH 11 0
BBX 10 12 0 -3
BITMAP
38C0
38C0
6980
6980
6D80
6580
6580
C700
C700
0000
1800
1000
ENDCHAR
STARTCHAR ncommaaccent
ENCODING 326
SWIDTH 583 0
DWIDTH 8 0
BBX 7 10 0 -3
BITMAP
6E
76
66
66
66
CC
CC
00
30
20
ENDCHAR
STARTCHAR Ncaron
ENCODING 327
SWIDTH 750 0
DWIDTH 11 0
BBX 10 12 0 0
BITMAP
0B00
0600
0000
38C0
38C0
6980
6980
6D80
6580
6580
C700
C700
ENDCHAR
STARTCHAR ncaron
ENCODING 328
SWIDTH 583 0
DWIDTH 8 0
BBX 7 10 0 0
BITMAP
12
0C
00
6E
76
66
66
66
CC
CC
ENDCHAR
STARTCHAR napostrophe
ENCODING 329
SWIDTH 667 0
DWIDTH 8 0
BBX 7 9 0 0
BITMAP
C0
C0
EE
F6
66
66
66
CC
CC
ENDCHAR
STARTCHAR Eng
ENCODING 330
SWIDTH 750 0
DWIDTH 10 0
BBX 9 8 0 0
BITMAP
2F00
7180
6100
6100
6300
4300
5300
DE00
ENDCHAR
STARTCHAR eng
ENCODING 331
SWIDTH 583 0
DWIDTH 8 0
BBX 7 10 0 -3
BITMAP
6E
76
66
66
66
CC
CC
0C
0C
38
ENDCHAR
STARTCHAR Omacron
ENCODING 332
SWIDTH 750 0
DWIDTH 9 0
BBX 8 11 0 0
BITMAP
1E
00
3E
66
63
C3
C3
C3
C6
66
3C
ENDCHAR
STARTCHAR omacron
ENCODING 333
SWIDTH 583 0
DWIDTH 7 0
BBX 6 9 0 0
BITMAP
3C
00
38
4C
CC
CC
CC
C8
70
ENDCHAR
STARTCHAR Obreve
ENCODING 334
SWIDTH 750 0
DWIDTH 9 0
BBX 8 12 0 0
BITMAP
12
0C
00
3E
66
63
C3
C3
C3
C6
66
3C
ENDCHAR
STARTCHAR obreve
ENCODING 335
SWIDTH 583 0
DWIDTH 7 0
BBX 6 10 0 0
BITMAP
24
38
00
38
4C
CC
CC
CC
C8
70
ENDCHAR
STARTCHAR Ohungarumlaut
ENCODING 336
SWIDTH 750 0
DWIDTH 10 0
BBX 9 12 0 0
BITMAP
0D80
1200
0000
3E00
6600
6300
C300
C300
C300
C600
6600
3C00
ENDCHAR
STARTCHAR ohungarumlaut
ENCODING 337
SWIDTH 583 0
DWIDTH 9 0
BBX 8 10 0 0
BITMAP
1B
24
00
38
4C
CC
CC
CC
C8
70
ENDCHAR
STARTCHAR OE
ENCODING 338
SWIDTH 917 0
DWIDTH 11 0
BBX 10 9 0 0
BITMAP
3FC0
6300
6600
C600
C780
C600
C600
CC00
7F80
ENDCHAR
STARTCHAR oe
ENCODING 339
SWIDTH 917 0
DWIDTH 12 0
BBX 11 6 0 0
BITMAP
3FE0
6620
C7E0
C600
CE60
7BC0
ENDCHAR
STARTCHAR Racute
ENCODING 340
SWIDTH 750 0
DWIDTH 10 0
BBX 9 12 0 0
BITMAP
0300
0400
0000
3F00
3180
6180
6180
7E00
6600
6600
C300
C300
ENDCHAR
STARTCHAR racute
ENCODING 341
SWIDTH 417 0
DWIDTH 7 0
BBX 6 10 0 0
BITMAP
0C
10
00
7C
70
60
60
60
C0
C0
ENDCHAR
STARTCHAR Rcommaaccent
ENCODING 342
SWIDTH 750 0
DWIDTH 10 0
BBX 9 12 0 -3
BITMAP
3F00
3180
6180
6180
7E00
6600
6600
C300
C300
0000
1800
1000
ENDCHAR
STARTCHAR rcommaaccent
ENCODING 343
SWIDTH 417 0
DWIDTH 7 0
BBX 6 10 0 -3
BITMAP
7C
70
60
60
60
C0
C0
00
C0
80
ENDCHAR
STARTCHAR Rcaron
ENCODING 344
SWIDTH 750 0
DWIDTH 10 0
BBX 9 12 0 0
BITMAP
1600
0C00
0000
3F00
3180
6180
6180
7E00
6600
6600
C300
C300
ENDCHAR
STARTCHAR rcaron
ENCODING 345
SWIDTH 417 0
DWIDTH 7 0
BBX 6 10 0 0
BITMAP
24
18
00
7C
70
60
60
60
C0
C0
ENDCHAR
STARTCHAR Sacute
ENCODING 346
SWIDTH 667 0
DWIDTH 8 0
BBX 7 12 0 0
BITMAP
06
08
00
3C
66
60
70
38
0C
0C
CC
78
ENDCHAR
STARTCHAR sacute
ENCODING 347
SWIDTH 583 0
DWIDTH 8 0
BBX 7 10 0 0
BITMAP
06
08
00
3C
66
60
7C
0C
CC
78
ENDCHAR
STARTCHAR Scircumflex
ENCODING 348
SWIDTH 667 0
DWIDTH 8 0
BBX 7 12 0 0
BITMAP
0C
1A
00
3C
66
60
70
38
0C
0C
CC
78
ENDCHAR
STARTCHAR scircumflex
ENCODING 349
SWIDTH 583 0
DWIDTH 8 0
BBX 7 10 0 0
BITMAP
18
34
00
3C
66
60
7C
0C
CC
78
ENDCHAR
STARTCHAR Scedilla
ENCODING 350
SWIDTH 667 0
DWIDTH 8 0
BBX 7 11 0 -2
BITMAP
3C
66
60
70
38
0C
0C
CC
78
10
30
ENDCHAR
STARTCHAR scedilla
ENCODING 351
SWIDTH 583 0
DWIDTH 8 0
BBX 7 9 0 -2
BITMAP
3C
66
60
7C
0C
CC
78
10
30
ENDCHAR
STARTCHAR Scaron
ENCODING 352
SWIDTH 667 0
DWIDTH 8 0
BBX 7 12 0 0
BITMAP
16
0C
00
3C
66
60
70
38
0C
0C
CC
78
ENDCHAR
STARTCHAR scaron
ENCODING 353
SWIDTH 583 0
DWIDTH 8 0
BBX 7 10 0 0
BITMAP
12
0C
00
3C
66
60
7C
0C
CC
78
ENDCHAR
STARTCHAR Tcommaaccent
ENCODING 354
SWIDTH 583 0
DWIDTH 9 0
BBX 8 10 0 -2
BITMAP
FF
18
30
30
30
30
30
60
70
30
ENDCHAR
STARTCHAR tcommaaccent
ENCODING 355
SWIDTH 333 0
DWIDTH 6 0
BBX 5 10 0 -2
BITMAP
30
78
60
60
60
60
C0
60
10
30
ENDCHAR
STARTCHAR Tcaron
ENCODING 356
SWIDTH 583 0
DWIDTH 9 0
BBX 8 12 0 0
BITMAP
16
0C
00
FF
18
30
30
30
30
30
60
60
ENDCHAR
STARTCHAR tcaron
ENCODING 357
SWIDTH 500 0
DWIDTH 8 0
BBX 7 9 0 0
BITMAP
06
34
78
60
60
60
60
C0
60
ENDCHAR
STARTCHAR Tbar
ENCODING 358
SWIDTH 583 0
DWIDTH 9 0
BBX 8 9 0 0
BITMAP
FF
18
30
30
78
30
30
60
60
ENDCHAR
STARTCHAR tbar
ENCODING 359
SWIDTH 333 0
DWIDTH 6 0
BBX 5 8 0 0
BITMAP
30
78
60
60
F0
60
C0
60
ENDCHAR
STARTCHAR Utilde
ENCODING 360
SWIDTH 750 0
DWIDTH 10 0
BBX 9 12 0 0
BITMAP
0D00
1600
0000
6180
6180
C300
C300
C300
C300
C300
C600
7C00
ENDCHAR
STARTCHAR utilde
ENCODING 361
SWIDTH 583 0
DWIDTH 9 0
BBX 8 10 0 0
BITMAP
1A
2C
00
66
66
66
66
66
6C
7C
ENDCHAR
STARTCHAR Umacron
ENCODING 362
SWIDTH 750 0
DWIDTH 10 0
BBX 9 11 0 0
BITMAP
1E00
0000
6180
6180
C300
C300
C300
C300
C300
C600
7C00
ENDCHAR
STARTCHAR umacron
ENCODING 363
SWIDTH 583 0
DWIDTH 9 0
BBX 8 9 0 0
BITMAP
1E
00
66
66
66
66
66
6C
7C
ENDCHAR
STARTCHAR Ubreve
ENCODING 364
SWIDTH 750 0
DWIDTH 10 0
BBX 9 12 0 0
BITMAP
1200
0C00
0000
6180
6180
C300
C300
C300
C300
C300
C600
7C00
ENDCHAR
STARTCHAR ubreve
ENCODING 365
SWIDTH 583 0
DWIDTH 9 0
BBX 8 10 0 0
BITMAP
12
1C
00
66
66
66
66
66
6C
7C
ENDCHAR
STARTCHAR Uring
ENCODING 366
SWIDTH 750 0
DWIDTH 10 0
BBX 9 13 0 0
BITMAP
0E00
0A00
0E00
0000
6180
6180
C300
C300
C300
C300
C300
C600
7C00
ENDCHAR
STARTCHAR uring
ENCODING 367
SWIDTH 583 0
DWIDTH 9 0
BBX 8 11 0 0
BITMAP
1C
14
1C
00
66
66
66
66
66
6C
7C
ENDCHAR
STARTCHAR Uhungarumlaut
ENCODING 368
SWIDTH 750 0
DWIDTH 10 0
BBX 9 12 0 0
BITMAP
0D80
1200
0000
6180
6180
C300
C300
C300
C300
C300
C600
7C00
ENDCHAR
STARTCHAR uhungarumlaut
ENCODING 369
SWIDTH 583 0
DWIDTH 10 0
BBX 9 10 0 0
BITMAP
0D80
1200
0000
6600
6600
6600
6600
6600
6C00
7C00
ENDCHAR
STARTCHAR Uogonek
ENCODING 370
SWIDTH 750 0
DWIDTH 10 0
BBX 9 11 0 -2
BITMAP
6180
6180
C300
C300
C300
C300
C300
C600
7C00
1000
1800
ENDCHAR
STARTCHAR uogonek
ENCODING 371
SWIDTH 583 0
DWIDTH 9 0
BBX 8 9 0 -2
BITMAP
66
66
66
66
66
6C
7C
08
0C
ENDCHAR
STARTCHAR Wcircumflex
ENCODING 372
SWIDTH 1000 0
DWIDTH 12 0
BBX 11 12 0 0
BITMAP
0C00
1A00
0000
CC60
CC40
CCC0
D4C0
D480
D580
E500
E700
E600
ENDCHAR
STARTCHAR wcircumflex
ENCODING 373
SWIDTH 833 0
DWIDTH 11 0
BBX 10 10 0 0
BITMAP
0C00
1A00
0000
CCC0
CD80
D580
D500
D700
6600
6600
ENDCHAR
STARTCHAR Ycircumflex
ENCODING 374
SWIDTH 667 0
DWIDTH 9 0
BBX 8 12 0 0
BITMAP
18
34
00
C3
66
6C
78
30
30
30
60
60
ENDCHAR
STARTCHAR ycircumflex
ENCODING 375
SWIDTH 583 0
DWIDTH 9 0
BBX 8 13 0 -3
BITMAP
18
34
00
63
66
66
2C
2C
38
30
30
60
C0
ENDCHAR
STARTCHAR Ydieresis
ENCODING 376
SWIDTH 667 0
DWIDTH 9 0
BBX 8 11 0 0
BITMAP
36
00
C3
66
6C
78
30
30
30
60
60
ENDCHAR
STARTCHAR Zacute
ENCODING 377
SWIDTH 583 0
DWIDTH 9 0
BBX 8 12 0 0
BITMAP
03
04
00
3F
06
0E
0C
18
30
60
60
FC
ENDCHAR
STARTCHAR zacute
ENCODING 378
SWIDTH 500 0
DWIDTH 7 0
BBX 6 10 0 0
BITMAP
0C
10
00
7C
18
18
30
60
60
F8
ENDCHAR
STARTCHAR Zdotaccent
ENCODING 379
SWIDTH 583 0
DWIDTH 9 0
BBX 8 11 0 0
BITMAP
0C
00
3F
06
0E
0C
18
30
60
60
FC
ENDCHAR
STARTCHAR zdotaccent
ENCODING 380
SWIDTH 500 0
DWIDTH 7 0
BBX 6 9 0 0
BITMAP
18
00
7C
18
18
30
60
60
F8
ENDCHAR
STARTCHAR Zcaron
ENCODING 381
SWIDTH 583 0
DWIDTH 9 0
BBX 8 12 0 0
BITMAP
0B
06
00
3F
06
0E
0C
18
30
60
60
FC
ENDCHAR
STARTCHAR zcaron
ENCODING 382
SWIDTH 500 0
DWIDTH 7 0
BBX 6 10 0 0
BITMAP
24
18
00
7C
18
18
30
60
60
F8
ENDCHAR
STARTCHAR longs
ENCODING 383
SWIDTH 250 0
DWIDTH 6 0
BBX 5 9 0 0
BITMAP
38
30
60
60
60
60
60
C0
C0
ENDCHAR
STARTCHAR florin
ENCODING 402
SWIDTH 583 0
DWIDTH 7 0
BBX 6 12 0 -3
BITMAP
1C
18
3C
30
30
30
30
60
60
60
60
C0
ENDCHAR
STARTCHAR uni01A0
ENCODING 416
SWIDTH 750 0
DWIDTH 9 0
BBX 8 11 0 0
BITMAP
03
03
3E
6E
C6
C3
83
C3
C6
EE
7C
ENDCHAR
STARTCHAR uni01A1
ENCODING 417
SWIDTH 667 0
DWIDTH 8 0
BBX 7 9 0 0
BITMAP
04
06
7C
F8
CC
8C
8C
DC
78
ENDCHAR
STARTCHAR uni01AF
ENCODING 431
SWIDTH 750 0
DWIDTH 10 0
BBX 9 11 0 0
BITMAP
0180
0180
C700
C600
C600
C600
C600
C600
C600
6C00
7C00
ENDCHAR
STARTCHAR uni01B0
ENCODING 432
SWIDTH 667 0
DWIDTH 8 0
BBX 7 9 0 0
BITMAP
06
02
CC
CC
CC
CC
CC
DC
FC
ENDCHAR
STARTCHAR uni01CD
ENCODING 461
SWIDTH 667 0
DWIDTH 9 0
BBX 8 12 0 0
BITMAP
24
3C
00
18
38
3C
2C
64
7E
7E
C6
C3
ENDCHAR
STARTCHAR uni01CE
ENCODING 462
SWIDTH 583 0
DWIDTH 6 0
BBX 5 10 0 0
BITMAP
D8
70
00
70
F8
18
78
98
98
E8
ENDCHAR
STARTCHAR uni01CF
ENCODING 463
SWIDTH 333 0
DWIDTH 5 0
BBX 4 12 0 0
BITMAP
90
F0
00
60
60
60
60
60
60
60
60
60
ENDCHAR
STARTCHAR uni01D0
ENCODING 464
SWIDTH 333 0
DWIDTH 6 0
BBX 5 10 0 0
BITMAP
C8
70
00
30
30
30
30
30
30
30
ENDCHAR
STARTCHAR uni01D1
ENCODING 465
SWIDTH 750 0
DWIDTH 9 0
BBX 8 12 0 0
BITMAP
64
38
00
3C
EE
C6
C3
83
C3
C6
EE
7C
ENDCHAR
STARTCHAR uni01D2
ENCODING 466
SWIDTH 667 0
DWIDTH 7 0
BBX 6 10 0 0
BITMAP
D8
70
00
70
F8
CC
8C
8C
DC
78
ENDCHAR
STARTCHAR uni01D3
ENCODING 467
SWIDTH 750 0
DWIDTH 8 0
BBX 7 12 0 0
BITMAP
6C
28
10
C6
C6
C6
C6
C6
C6
C6
6C
7C
ENDCHAR
STARTCHAR uni01D4
ENCODING 468
SWIDTH 667 0
DWIDTH 7 0
BBX 6 10 0 0
BITMAP
C8
70
00
CC
CC
CC
CC
CC
DC
FC
ENDCHAR
STARTCHAR uni01D5
ENCODING 469
SWIDTH 750 0
DWIDTH 8 0
BBX 7 13 0 0
BITMAP
78
00
6C
00
C6
C6
C6
C6
C6
C6
C6
6C
7C
ENDCHAR
STARTCHAR uni01D6
ENCODING 470
SWIDTH 667 0
DWIDTH 7 0
BBX 6 11 0 0
BITMAP
78
00
58
00
CC
CC
CC
CC
CC
DC
FC
ENDCHAR
STARTCHAR uni01D7
ENCODING 471
SWIDTH 750 0
DWIDTH 8 0
BBX 7 14 0 0
BITMAP
08
18
10
6C
00
C6
C6
C6
C6
C6
C6
C6
6C
7C
ENDCHAR
STARTCHAR uni01D8
ENCODING 472
SWIDTH 667 0
DWIDTH 7 0
BBX 6 12 0 0
BITMAP
10
30
00
58
00
CC
CC
CC
CC
CC
DC
FC
ENDCHAR
STARTCHAR uni01D9
ENCODING 473
SWIDTH 750 0
DWIDTH 8 0
BBX 7 13 0 0
BITMAP
6C
10
6C
00
C6
C6
C6
C6
C6
C6
C6
6C
7C
ENDCHAR
STARTCHAR uni01DA
ENCODING 474
SWIDTH 667 0
DWIDTH 7 0
BBX 6 12 0 0
BITMAP
48
30
00
58
00
CC
CC
CC
CC
CC
DC
FC
ENDCHAR
STARTCHAR uni01DB
ENCODING 475
SWIDTH 750 0
DWIDTH 8 0
BBX 7 14 0 0
BITMAP
20
30
10
6C
00
C6
C6
C6
C6
C6
C6
C6
6C
7C
ENDCHAR
STARTCHAR uni01DC
ENCODING 476
SWIDTH 667 0
DWIDTH 7 0
BBX 6 12 0 0
BITMAP
60
20
00
58
00
CC
CC
CC
CC
CC
DC
FC
ENDCHAR
STARTCHAR uni01F8
ENCODING 504
SWIDTH 750 0
DWIDTH 8 0
BBX 7 12 0 0
BITMAP
20
78
10
C6
E6
E6
F6
D6
DE
CE
CE
C6
ENDCHAR
STARTCHAR uni01F9
ENCODING 505
SWIDTH 667 0
DWIDTH 7 0
BBX 6 11 0 0
BITMAP
40
60
30
00
B8
FC
CC
CC
CC
CC
CC
ENDCHAR
STARTCHAR Aringacute
ENCODING 506
SWIDTH 750 0
DWIDTH 10 0
BBX 9 13 0 0
BITMAP
0180
0200
0700
0500
0F00
0A00
1A00
1B00
3300
3F00
6300
6300
C300
ENDCHAR
STARTCHAR aringacute
ENCODING 507
SWIDTH 583 0
DWIDTH 7 0
BBX 6 12 0 0
BITMAP
0C
38
28
38
00
3C
6C
0C
7C
C8
D8
EC
ENDCHAR
STARTCHAR AEacute
ENCODING 508
SWIDTH 1000 0
DWIDTH 13 0
BBX 12 12 0 0
BITMAP
0060
0080
0000
07F0
0D80
0F00
1B00
13E0
3F00
6300
6600
C7E0
ENDCHAR
STARTCHAR aeacute
ENCODING 509
SWIDTH 917 0
DWIDTH 11 0
BBX 10 10 0 0
BITMAP
0300
0400
0000
3F80
6CC0
0CC0
7FC0
C800
DD80
E700
ENDCHAR
STARTCHAR Oslashacute
ENCODING 510
SWIDTH 750 0
DWIDTH 9 0
BBX 8 12 0 0
BITMAP
06
08
00
3F
66
67
CB
CB
D3
E6
66
FC
ENDCHAR
STARTCHAR oslashacute
ENCODING 511
SWIDTH 583 0
DWIDTH 7 0
BBX 6 10 0 0
BITMAP
0C
10
00
3C
4C
DC
DC
EC
C8
F0
ENDCHAR
STARTCHAR Scommaaccent
ENCODING 536
SWIDTH 667 0
DWIDTH 8 0
BBX 7 12 0 -3
BITMAP
3C
66
60
70
38
0C
0C
CC
78
00
60
40
ENDCHAR
STARTCHAR scommaaccent
ENCODING 537
SWIDTH 583 0
DWIDTH 8 0
BBX 7 10 0 -3
BITMAP
3C
66
60
7C
0C
CC
78
00
30
20
ENDCHAR
STARTCHAR uni021A
ENCODING 538
SWIDTH 583 0
DWIDTH 9 0
BBX 8 12 0 -3
BITMAP
FF
18
30
30
30
30
30
60
60
00
60
40
ENDCHAR
STARTCHAR uni021B
ENCODING 539
SWIDTH 333 0
DWIDTH 6 0
BBX 5 11 0 -3
BITMAP
30
78
60
60
60
60
C0
60
00
60
40
ENDCHAR
STARTCHAR uni0251
ENCODING 593
SWIDTH 667 0
DWIDTH 8 0
BBX 7 7 0 0
BITMAP
7C
FC
CC
8C
8C
CC
7E
ENDCHAR
STARTCHAR uni0261
ENCODING 609
SWIDTH 667 0
DWIDTH 7 0
BBX 6 10 0 -3
BITMAP
7C
FC
CC
8C
CC
FC
7C
0C
F8
70
ENDCHAR
STARTCHAR uni02BB
ENCODING 699
SWIDTH 333 0
DWIDTH 3 0
BBX 2 4 0 5
BITMAP
C0
80
C0
C0
ENDCHAR
STARTCHAR circumflex
ENCODING 710
SWIDTH 333 0
DWIDTH 5 0
BBX 4 2 0 7
BITMAP
60
D0
ENDCHAR
STARTCHAR caron
ENCODING 711
SWIDTH 333 0
DWIDTH 5 0
BBX 4 2 0 7
BITMAP
90
60
ENDCHAR
STARTCHAR uni02C9
ENCODING 713
SWIDTH 333 0
DWIDTH 5 0
BBX 4 1 0 7
BITMAP
F0
ENDCHAR
STARTCHAR uni02CA
ENCODING 714
SWIDTH 583 0
DWIDTH 6 0
BBX 5 5 0 5
BITMAP
18
30
60
C0
40
ENDCHAR
STARTCHAR uni02CB
ENCODING 715
SWIDTH 583 0
DWIDTH 6 0
BBX 5 5 0 5
BITMAP
40
E0
30
18
08
ENDCHAR
STARTCHAR breve
ENCODING 728
SWIDTH 333 0
DWIDTH 5 0
BBX 4 2 0 7
BITMAP
90
E0
ENDCHAR
STARTCHAR dotaccent
ENCODING 729
SWIDTH 333 0
DWIDTH 3 0
BBX 2 1 0 8
BITMAP
C0
ENDCHAR
STARTCHAR ring
ENCODING 730
SWIDTH 333 0
DWIDTH 4 0
BBX 3 3 0 7
BITMAP
E0
A0
E0
ENDCHAR
STARTCHAR ogonek
ENCODING 731
SWIDTH 333 0
DWIDTH 3 0
BBX 2 2 0 -2
BITMAP
80
C0
ENDCHAR
STARTCHAR tilde
ENCODING 732
SWIDTH 333 0
DWIDTH 6 0
BBX 5 2 0 7
BITMAP
68
B0
ENDCHAR
STARTCHAR hungarumlaut
ENCODING 733
SWIDTH 333 0
DWIDTH 7 0
BBX 6 2 0 7
BITMAP
6C
90
ENDCHAR
STARTCHAR uni02EA
ENCODING 746
SWIDTH 583 0
DWIDTH 5 0
BBX 4 6 0 4
BITMAP
80
80
80
80
80
F0
ENDCHAR
STARTCHAR uni02EB
ENCODING 747
SWIDTH 583 0
DWIDTH 5 0
BBX 4 6 0 4
BITMAP
80
80
F0
80
80
80
ENDCHAR
STARTCHAR uni0300
ENCODING 768
SWIDTH 0 0
DWIDTH 6 0
BBX 5 5 0 4
BITMAP
40
E0
30
18
08
ENDCHAR
STARTCHAR uni0301
ENCODING 769
SWIDTH 0 0
DWIDTH 6 0
BBX 5 5 0 4
BITMAP
08
30
60
E0
40
ENDCHAR
STARTCHAR uni0304
ENCODING 772
SWIDTH 0 0
DWIDTH 5 0
BBX 4 1 0 8
BITMAP
F0
ENDCHAR
STARTCHAR uni0307
ENCODING 775
SWIDTH 0 0
DWIDTH 4 0
BBX 3 2 0 8
BITMAP
60
E0
ENDCHAR
STARTCHAR uni030C
ENCODING 780
SWIDTH 0 0
DWIDTH 8 0
BBX 7 5 0 4
BITMAP
C6
6C
2C
38
10
ENDCHAR
STARTCHAR semicolon
ENCODING 894
SWIDTH 333 0
DWIDTH 5 0
BBX 4 9 0 -2
BITMAP
60
60
00
00
00
C0
C0
40
80
ENDCHAR
STARTCHAR tonos
ENCODING 900
SWIDTH 333 0
DWIDTH 3 0
BBX 2 2 0 7
BITMAP
C0
80
ENDCHAR
STARTCHAR dieresistonos
ENCODING 901
SWIDTH 333 0
DWIDTH 6 0
BBX 5 3 0 7
BITMAP
10
20
A8
ENDCHAR
STARTCHAR Alphatonos
ENCODING 902
SWIDTH 750 0
DWIDTH 9 0
BBX 8 9 0 0
BITMAP
6E
4A
1A
1B
33
3F
63
63
C3
ENDCHAR
STARTCHAR anoteleia
ENCODING 903
SWIDTH 333 0
DWIDTH 3 0
BBX 2 2 0 3
BITMAP
C0
C0
ENDCHAR
STARTCHAR Epsilontonos
ENCODING 904
SWIDTH 833 0
DWIDTH 10 0
BBX 9 9 0 0
BITMAP
DF80
9800
3000
3000
3F00
3000
3000
6000
7F00
ENDCHAR
STARTCHAR Etatonos
ENCODING 905
SWIDTH 917 0
DWIDTH 12 0
BBX 11 9 0 0
BITMAP
D860
9860
30C0
30C0
3FC0
30C0
30C0
6180
6180
ENDCHAR
STARTCHAR Iotatonos
ENCODING 906
SWIDTH 500 0
DWIDTH 6 0
BBX 5 9 0 0
BITMAP
D8
98
30
30
30
30
30
60
60
ENDCHAR
STARTCHAR Omicrontonos
ENCODING 908
SWIDTH 833 0
DWIDTH 10 0
BBX 9 9 0 0
BITMAP
DF00
B300
3180
6180
6180
6180
6300
3300
1E00
ENDCHAR
STARTCHAR Upsilontonos
ENCODING 910
SWIDTH 917 0
DWIDTH 12 0
BBX 11 9 0 0
BITMAP
D860
8CC0
0D80
0F00
0600
0600
0600
0C00
0C00
ENDCHAR
STARTCHAR Omegatonos
ENCODING 911
SWIDTH 833 0
DWIDTH 10 0
BBX 9 9 0 0
BITMAP
DE00
B300
6180
6180
6180
6180
6300
3600
F700
ENDCHAR
STARTCHAR iotadieresistonos
ENCODING 912
SWIDTH 250 0
DWIDTH 6 0
BBX 5 11 0 0
BITMAP
10
20
A8
00
60
60
60
60
60
C0
C0
ENDCHAR
STARTCHAR Alpha
ENCODING 913
SWIDTH 750 0
DWIDTH 9 0
BBX 8 9 0 0
BITMAP
0E
0A
1A
1B
33
3F
63
63
C3
ENDCHAR
STARTCHAR Beta
ENCODING 914
SWIDTH 667 0
DWIDTH 9 0
BBX 8 9 0 0
BITMAP
3E
33
63
63
7E
63
63
C3
FE
ENDCHAR
STARTCHAR Gamma
ENCODING 915
SWIDTH 583 0
DWIDTH 9 0
BBX 8 9 0 0
BITMAP
3F
30
60
60
60
60
60
C0
C0
ENDCHAR
STARTCHAR Delta
ENCODING 916
SWIDTH 750 0
DWIDTH 9 0
BBX 8 9 0 0
BITMAP
06
0E
1E
16
32
23
63
63
FF
ENDCHAR
STARTCHAR Epsilon
ENCODING 917
SWIDTH 667 0
DWIDTH 9 0
BBX 8 9 0 0
BITMAP
3F
30
60
60
7E
60
60
C0
FE
ENDCHAR
STARTCHAR Zeta
ENCODING 918
SWIDTH 583 0
DWIDTH 9 0
BBX 8 9 0 0
BITMAP
3F
06
0E
0C
18
30
60
60
FC
ENDCHAR
STARTCHAR Eta
ENCODING 919
SWIDTH 750 0
DWIDTH 11 0
BBX 10 9 0 0
BITMAP
30C0
30C0
6180
6180
7F80
6180
6180
C300
C300
ENDCHAR
STARTCHAR Theta
ENCODING 920
SWIDTH 750 0
DWIDTH 9 0
BBX 8 9 0 0
BITMAP
3E
66
63
C3
DB
C3
C6
66
3C
ENDCHAR
STARTCHAR Iota
ENCODING 921
SWIDTH 250 0
DWIDTH 5 0
BBX 4 9 0 0
BITMAP
30
30
60
60
60
60
60
C0
C0
ENDCHAR
STARTCHAR Kappa
ENCODING 922
SWIDTH 750 0
DWIDTH 11 0
BBX 10 9 0 0
BITMAP
3180
3300
6600
6C00
7C00
6C00
6600
C600
C300
ENDCHAR
STARTCHAR Lambda
ENCODING 923
SWIDTH 667 0
DWIDTH 8 0
BBX 7 9 0 0
BITMAP
0E
1E
1E
36
36
26
66
66
C6
ENDCHAR
STARTCHAR Mu
ENCODING 924
SWIDTH 917 0
DWIDTH 13 0
BBX 12 9 0 0
BITMAP
3870
38F0
68E0
69E0
6960
6A60
6A60
CCC0
CCC0
ENDCHAR
STARTCHAR Nu
ENCODING 925
SWIDTH 750 0
DWIDTH 11 0
BBX 10 9 0 0
BITMAP
38C0
38C0
6980
6980
6D80
6580
6580
C700
C700
ENDCHAR
STARTCHAR Xi
ENCODING 926
SWIDTH 667 0
DWIDTH 9 0
BBX 8 9 0 0
BITMAP
3F
00
00
00
3E
00
00
00
FE
ENDCHAR
STARTCHAR Omicron
ENCODING 927
SWIDTH 750 0
DWIDTH 9 0
BBX 8 9 0 0
BITMAP
3E
66
63
C3
C3
C3
C6
66
3C
ENDCHAR
STARTCHAR Pi
ENCODING 928
SWIDTH 750 0
DWIDTH 11 0
BBX 10 9 0 0
BITMAP
3FC0
30C0
6180
6180
6180
6180
6180
C300
C300
ENDCHAR
STARTCHAR Rho
ENCODING 929
SWIDTH 667 0
DWIDTH 9 0
BBX 8 9 0 0
BITMAP
3E
33
63
63
7E
60
60
C0
C0
ENDCHAR
STARTCHAR Sigma
ENCODING 931
SWIDTH 583 0
DWIDTH 9 0
BBX 8 9 0 0
BITMAP
3F
30
18
18
18
30
60
60
FC
ENDCHAR
STARTCHAR Tau
ENCODING 932
SWIDTH 583 0
DWIDTH 9 0
BBX 8 9 0 0
BITMAP
FF
18
30
30
30
30
30
60
60
ENDCHAR
STARTCHAR Upsilon
ENCODING 933
SWIDTH 667 0
DWIDTH 9 0
BBX 8 9 0 0
BITMAP
C3
66
6C
78
30
30
30
60
60
ENDCHAR
STARTCHAR Phi
ENCODING 934
SWIDTH 833 0
DWIDTH 9 0
BBX 8 9 0 0
BITMAP
0C
3E
7B
DB
DB
DB
DE
7C
30
ENDCHAR
STARTCHAR Chi
ENCODING 935
SWIDTH 667 0
DWIDTH 10 0
BBX 9 9 0 0
BITMAP
3180
1300
1E00
1C00
0800
1C00
3C00
6400
C600
ENDCHAR
STARTCHAR Psi
ENCODING 936
SWIDTH 833 0
DWIDTH 10 0
BBX 9 9 0 0
BITMAP
6D80
6D80
DB00
DB00
DB00
7E00
1800
3000
3000
ENDCHAR
STARTCHAR Omega
ENCODING 937
SWIDTH 750 0
DWIDTH 10 0
BBX 9 9 0 0
BITMAP
1E00
3300
6180
6180
6180
6180
6300
3600
F700
ENDCHAR
STARTCHAR Iotadieresis
ENCODING 938
SWIDTH 250 0
DWIDTH 7 0
BBX 6 11 0 0
BITMAP
6C
00
30
30
60
60
60
60
60
C0
C0
ENDCHAR
STARTCHAR Upsilondieresis
ENCODING 939
SWIDTH 667 0
DWIDTH 9 0
BBX 8 11 0 0
BITMAP
36
00
C3
66
6C
78
30
30
30
60
60
ENDCHAR
STARTCHAR alphatonos
ENCODING 940
SWIDTH 667 0
DWIDTH 9 0
BBX 8 10 0 0
BITMAP
0C
08
00
3A
6E
CC
CC
CC
DC
6C
ENDCHAR
STARTCHAR epsilontonos
ENCODING 941
SWIDTH 500 0
DWIDTH 6 0
BBX 5 10 0 0
BITMAP
18
10
00
30
68
60
70
C0
D0
60
ENDCHAR
STARTCHAR etatonos
ENCODING 942
SWIDTH 583 0
DWIDTH 8 0
BBX 7 13 0 -3
BITMAP
0C
08
00
6E
76
66
66
66
CC
CC
0C
0C
18
ENDCHAR
STARTCHAR iotatonos
ENCODING 943
SWIDTH 250 0
DWIDTH 5 0
BBX 4 10 0 0
BITMAP
30
20
00
60
60
60
60
60
C0
C0
ENDCHAR
STARTCHAR upsilondieresistonos
ENCODING 944
SWIDTH 667 0
DWIDTH 8 0
BBX 7 11 0 0
BITMAP
08
10
54
00
C6
C6
C6
C6
C4
CC
78
ENDCHAR
STARTCHAR alpha
ENCODING 945
SWIDTH 667 0
DWIDTH 9 0
BBX 8 7 0 0
BITMAP
3A
6E
CC
CC
CC
DC
6C
ENDCHAR
STARTCHAR beta
ENCODING 946
SWIDTH 583 0
DWIDTH 9 0
BBX 8 12 0 -3
BITMAP
0E
1B
33
33
36
33
33
63
7E
60
60
C0
ENDCHAR
STARTCHAR gamma
ENCODING 947
SWIDTH 583 0
DWIDTH 8 0
BBX 7 10 0 -3
BITMAP
C6
CC
CC
58
58
70
60
60
40
40
ENDCHAR
STARTCHAR delta
ENCODING 948
SWIDTH 583 0
DWIDTH 8 0
BBX 7 9 0 0
BITMAP
3E
30
18
38
4C
CC
CC
CC
78
ENDCHAR
STARTCHAR epsilon
ENCODING 949
SWIDTH 500 0
DWIDTH 6 0
BBX 5 7 0 0
BITMAP
30
68
60
70
C0
D0
60
ENDCHAR
STARTCHAR zeta
ENCODING 950
SWIDTH 500 0
DWIDTH 7 0
BBX 6 11 0 -2
BITMAP
3C
08
10
20
60
C0
C0
E0
70
30
20
ENDCHAR
STARTCHAR eta
ENCODING 951
SWIDTH 583 0
DWIDTH 8 0
BBX 7 10 0 -3
BITMAP
6E
76
66
66
66
CC
CC
0C
0C
18
ENDCHAR
STARTCHAR theta
ENCODING 952
SWIDTH 583 0
DWIDTH 7 0
BBX 6 9 0 0
BITMAP
38
6C
6C
CC
FC
CC
D8
D8
70
ENDCHAR
STARTCHAR iota
ENCODING 953
SWIDTH 250 0
DWIDTH 5 0
BBX 4 7 0 0
BITMAP
60
60
60
60
60
C0
C0
ENDCHAR
STARTCHAR kappa
ENCODING 954
SWIDTH 583 0
DWIDTH 8 0
BBX 7 7 0 0
BITMAP
66
6C
68
78
78
D8
CC
ENDCHAR
STARTCHAR lambda
ENCODING 955
SWIDTH 583 0
DWIDTH 7 0
BBX 6 9 0 0
BITMAP
38
0C
0C
1C
1C
3C
2C
6C
CC
ENDCHAR
STARTCHAR mu
ENCODING 956
SWIDTH 583 0
DWIDTH 10 0
BBX 9 10 0 -3
BITMAP
3300
3300
3300
3300
3300
7600
7E00
6000
6000
C000
ENDCHAR
STARTCHAR nu
ENCODING 957
SWIDTH 583 0
DWIDTH 7 0
BBX 6 7 0 0
BITMAP
CC
CC
CC
D8
D8
F0
E0
ENDCHAR
STARTCHAR xi
ENCODING 958
SWIDTH 417 0
DWIDTH 6 0
BBX 5 11 0 -2
BITMAP
78
60
60
10
60
C0
C0
E0
70
30
20
ENDCHAR
STARTCHAR omicron
ENCODING 959
SWIDTH 583 0
DWIDTH 7 0
BBX 6 7 0 0
BITMAP
38
4C
CC
CC
CC
C8
70
ENDCHAR
STARTCHAR pi
ENCODING 960
SWIDTH 750 0
DWIDTH 10 0
BBX 9 7 0 0
BITMAP
FF80
6600
6600
6600
6600
CC00
C600
ENDCHAR
STARTCHAR rho
ENCODING 961
SWIDTH 583 0
DWIDTH 9 0
BBX 8 10 0 -3
BITMAP
1E
33
33
33
33
76
7C
60
60
C0
ENDCHAR
STARTCHAR sigma1
ENCODING 962
SWIDTH 500 0
DWIDTH 6 0
BBX 5 9 0 -2
BITMAP
38
60
C0
C0
C0
E0
70
30
20
ENDCHAR
STARTCHAR sigma
ENCODING 963
SWIDTH 583 0
DWIDTH 9 0
BBX 8 7 0 0
BITMAP
3F
6C
CC
CC
CC
C8
70
ENDCHAR
STARTCHAR tau
ENCODING 964
SWIDTH 417 0
DWIDTH 6 0
BBX 5 7 0 0
BITMAP
F8
60
60
60
60
C0
60
ENDCHAR
STARTCHAR upsilon
ENCODING 965
SWIDTH 667 0
DWIDTH 8 0
BBX 7 7 0 0
BITMAP
C6
C6
C6
C6
C4
CC
78
ENDCHAR
STARTCHAR phi
ENCODING 966
SWIDTH 750 0
DWIDTH 9 0
BBX 8 10 0 -3
BITMAP
36
6B
CB
D3
D3
D6
7C
10
20
20
ENDCHAR
STARTCHAR chi
ENCODING 967
SWIDTH 583 0
DWIDTH 9 0
BBX 8 10 0 -3
BITMAP
31
1A
1C
0C
0C
1C
2C
24
46
86
ENDCHAR
STARTCHAR psi
ENCODING 968
SWIDTH 750 0
DWIDTH 10 0
BBX 9 12 0 -3
BITMAP
0C00
0C00
FB00
DB00
DB00
DB00
DB00
F600
FC00
3000
3000
6000
ENDCHAR
STARTCHAR omega
ENCODING 969
SWIDTH 833 0
DWIDTH 10 0
BBX 9 7 0 0
BITMAP
3300
6180
C180
CD80
CD80
DD00
7700
ENDCHAR
STARTCHAR iotadieresis
ENCODING 970
SWIDTH 250 0
DWIDTH 6 0
BBX 5 9 0 0
BITMAP
D8
00
60
60
60
60
60
C0
C0
ENDCHAR
STARTCHAR upsilondieresis
ENCODING 971
SWIDTH 667 0
DWIDTH 8 0
BBX 7 9 0 0
BITMAP
6C
00
C6
C6
C6
C6
C4
CC
78
ENDCHAR
STARTCHAR omicrontonos
ENCODING 972
SWIDTH 583 0
DWIDTH 7 0
BBX 6 10 0 0
BITMAP
0C
08
00
38
4C
CC
CC
CC
C8
70
ENDCHAR
STARTCHAR upsilontonos
ENCODING 973
SWIDTH 667 0
DWIDTH 8 0
BBX 7 10 0 0
BITMAP
0C
08
00
C6
C6
C6
C6
C4
CC
78
ENDCHAR
STARTCHAR omegatonos
ENCODING 974
SWIDTH 833 0
DWIDTH 10 0
BBX 9 10 0 0
BITMAP
0600
0400
0000
3300
6180
C180
CD80
CD80
DD00
7700
ENDCHAR
STARTCHAR afii10023
ENCODING 1025
SWIDTH 667 0
DWIDTH 9 0
BBX 8 11 0 0
BITMAP
1B
00
3F
30
60
60
7E
60
60
C0
FE
ENDCHAR
STARTCHAR afii10051
ENCODING 1026
SWIDTH 917 0
DWIDTH 11 0
BBX 10 9 0 0
BITMAP
FF00
1800
3000
3F80
30C0
30C0
30C0
6580
6F80
ENDCHAR
STARTCHAR afii10052
ENCODING 1027
SWIDTH 583 0
DWIDTH 9 0
BBX 8 12 0 0
BITMAP
06
08
00
3F
30
60
60
60
60
60
C0
C0
ENDCHAR
STARTCHAR afii10053
ENCODING 1028
SWIDTH 750 0
DWIDTH 9 0
BBX 8 9 0 0
BITMAP
1E
63
60
C0
F8
C0
C0
66
7C
ENDCHAR
STARTCHAR afii10054
ENCODING 1029
SWIDTH 667 0
DWIDTH 8 0
BBX 7 9 0 0
BITMAP
3C
66
60
70
38
0C
0C
CC
78
ENDCHAR
STARTCHAR afii10055
ENCODING 1030
SWIDTH 250 0
DWIDTH 5 0
BBX 4 9 0 0
BITMAP
30
30
60
60
60
60
60
C0
C0
ENDCHAR
STARTCHAR afii10056
ENCODING 1031
SWIDTH 250 0
DWIDTH 7 0
BBX 6 11 0 0
BITMAP
6C
00
30
30
60
60
60
60
60
C0
C0
ENDCHAR
STARTCHAR afii10057
ENCODING 1032
SWIDTH 500 0
DWIDTH 8 0
BBX 7 9 0 0
BITMAP
1E
06
0C
0C
0C
0C
0C
D8
70
ENDCHAR
STARTCHAR afii10058
ENCODING 1033
SWIDTH 1083 0
DWIDTH 14 0
BBX 13 9 0 0
BITMAP
1F80
1980
1B00
1B00
33F0
3318
3318
6618
C7F0
ENDCHAR
STARTCHAR afii10059
ENCODING 1034
SWIDTH 1083 0
DWIDTH 14 0
BBX 13 9 0 0
BITMAP
3180
3180
6300
6300
7FF0
6318
6318
C618
C7F0
ENDCHAR
STARTCHAR afii10060
ENCODING 1035
SWIDTH 833 0
DWIDTH 10 0
BBX 9 9 0 0
BITMAP
FF00
1800
3000
3F00
3180
3180
3180
6180
6100
ENDCHAR
STARTCHAR afii10061
ENCODING 1036
SWIDTH 667 0
DWIDTH 10 0
BBX 9 12 0 0
BITMAP
0300
0400
0000
3180
3300
6600
6C00
7C00
6C00
6C00
CE00
C600
ENDCHAR
STARTCHAR afii10062
ENCODING 1038
SWIDTH 667 0
DWIDTH 9 0
BBX 8 12 0 0
BITMAP
32
1C
00
63
66
26
3C
38
38
30
30
E0
ENDCHAR
STARTCHAR afii10145
ENCODING 1039
SWIDTH 750 0
DWIDTH 11 0
BBX 10 11 0 -2
BITMAP
30C0
30C0
6180
6180
6180
6180
6180
C300
FF00
1800
1800
ENDCHAR
STARTCHAR afii10017
ENCODING 1040
SWIDTH 750 0
DWIDTH 9 0
BBX 8 9 0 0
BITMAP
0E
0A
1A
1B
33
3F
63
63
C3
ENDCHAR
STARTCHAR afii10018
ENCODING 1041
SWIDTH 667 0
DWIDTH 9 0
BBX 8 9 0 0
BITMAP
3F
30
60
60
7E
63
63
C3
FE
ENDCHAR
STARTCHAR afii10019
ENCODING 1042
SWIDTH 667 0
DWIDTH 9 0
BBX 8 9 0 0
BITMAP
3E
33
63
63
7E
63
63
C3
FE
ENDCHAR
STARTCHAR afii10020
ENCODING 1043
SWIDTH 583 0
DWIDTH 9 0
BBX 8 9 0 0
BITMAP
3F
30
60
60
60
60
60
C0
C0
ENDCHAR
STARTCHAR afii10021
ENCODING 1044
SWIDTH 750 0
DWIDTH 11 0
BBX 10 11 0 -2
BITMAP
0FC0
0CC0
0D80
0D80
1980
1980
3180
3300
7F80
C180
C180
ENDCHAR
STARTCHAR afii10022
ENCODING 1045
SWIDTH 667 0
DWIDTH 9 0
BBX 8 9 0 0
BITMAP
3F
30
60
60
7E
60
60
C0
FE
ENDCHAR
STARTCHAR afii10024
ENCODING 1046
SWIDTH 917 0
DWIDTH 13 0
BBX 12 9 0 0
BITMAP
3330
1360
16C0
1E80
1F80
36C0
36C0
6CC0
CC60
ENDCHAR
STARTCHAR afii10025
ENCODING 1047
SWIDTH 667 0
DWIDTH 9 0
BBX 8 9 0 0
BITMAP
1E
63
23
07
18
06
C6
C6
7C
ENDCHAR
STARTCHAR afii10026
ENCODING 1048
SWIDTH 750 0
DWIDTH 11 0
BBX 10 9 0 0
BITMAP
30C0
31C0
6380
6580
6D80
6980
7180
E300
C300
ENDCHAR
STARTCHAR afii10027
ENCODING 1049
SWIDTH 750 0
DWIDTH 11 0
BBX 10 12 0 0
BITMAP
0C80
0700
0000
30C0
31C0
6380
6580
6D80
6980
7180
E300
C300
ENDCHAR
STARTCHAR afii10028
ENCODING 1050
SWIDTH 667 0
DWIDTH 10 0
BBX 9 9 0 0
BITMAP
3180
3300
6600
6C00
7C00
6C00
6C00
CE00
C600
ENDCHAR
STARTCHAR afii10029
ENCODING 1051
SWIDTH 667 0
DWIDTH 10 0
BBX 9 9 0 0
BITMAP
1F80
1980
3300
3300
3300
3300
6300
6600
C600
ENDCHAR
STARTCHAR afii10030
ENCODING 1052
SWIDTH 917 0
DWIDTH 13 0
BBX 12 9 0 0
BITMAP
3870
38F0
68E0
69E0
6960
6A60
6A60
CCC0
CCC0
ENDCHAR
STARTCHAR afii10031
ENCODING 1053
SWIDTH 750 0
DWIDTH 11 0
BBX 10 9 0 0
BITMAP
30C0
30C0
6180
6180
7F80
6180
6180
C300
C300
ENDCHAR
STARTCHAR afii10032
ENCODING 1054
SWIDTH 750 0
DWIDTH 9 0
BBX 8 9 0 0
BITMAP
3E
66
63
C3
C3
C3
C6
66
3C
ENDCHAR
STARTCHAR afii10033
ENCODING 1055
SWIDTH 750 0
DWIDTH 11 0
BBX 10 9 0 0
BITMAP
3FC0
30C0
6180
6180
6180
6180
6180
C300
C300
ENDCHAR
STARTCHAR afii10034
ENCODING 1056
SWIDTH 667 0
DWIDTH 9 0
BBX 8 9 0 0
BITMAP
3E
33
63
63
7E
60
60
C0
C0
ENDCHAR
STARTCHAR afii10035
ENCODING 1057
SWIDTH 750 0
DWIDTH 9 0
BBX 8 9 0 0
BITMAP
1E
63
60
C0
C0
C0
C0
66
7C
ENDCHAR
STARTCHAR afii10036
ENCODING 1058
SWIDTH 583 0
DWIDTH 9 0
BBX 8 9 0 0
BITMAP
FF
18
30
30
30
30
30
60
60
ENDCHAR
STARTCHAR afii10037
ENCODING 1059
SWIDTH 667 0
DWIDTH 9 0
BBX 8 9 0 0
BITMAP
63
66
26
3C
38
38
30
30
E0
ENDCHAR
STARTCHAR afii10038
ENCODING 1060
SWIDTH 750 0
DWIDTH 9 0
BBX 8 9 0 0
BITMAP
0C
3E
7B
DB
DB
DB
DE
7C
30
ENDCHAR
STARTCHAR afii10039
ENCODING 1061
SWIDTH 667 0
DWIDTH 10 0
BBX 9 9 0 0
BITMAP
3180
1300
1E00
1C00
0800
1C00
3C00
6400
C600
ENDCHAR
STARTCHAR afii10040
ENCODING 1062
SWIDTH 750 0
DWIDTH 10 0
BBX 9 11 0 -2
BITMAP
3180
3180
6300
6300
6300
6300
6300
C600
FF00
0100
0300
ENDCHAR
STARTCHAR afii10041
ENCODING 1063
SWIDTH 750 0
DWIDTH 10 0
BBX 9 9 0 0
BITMAP
6180
6180
C300
C300
E300
7F00
0300
0600
0600
ENDCHAR
STARTCHAR afii10042
ENCODING 1064
SWIDTH 917 0
DWIDTH 13 0
BBX 12 9 0 0
BITMAP
3330
3330
6660
6660
6660
6660
6660
CCC0
FFC0
ENDCHAR
STARTCHAR afii10043
ENCODING 1065
SWIDTH 917 0
DWIDTH 13 0
BBX 12 11 0 -2
BITMAP
3330
3330
6660
6660
6660
6660
6660
CCC0
FFE0
0020
0060
ENDCHAR
STARTCHAR afii10044
ENCODING 1066
SWIDTH 833 0
DWIDTH 10 0
BBX 9 9 0 0
BITMAP
F800
1800
3000
3000
3F00
3180
3180
6180
7F00
ENDCHAR
STARTCHAR afii10045
ENCODING 1067
SWIDTH 1000 0
DWIDTH 14 0
BBX 13 9 0 0
BITMAP
3018
3018
6030
6030
7E30
6330
6330
C360
FE60
ENDCHAR
STARTCHAR afii10046
ENCODING 1068
SWIDTH 667 0
DWIDTH 9 0
BBX 8 9 0 0
BITMAP
30
30
60
60
7E
63
63
C3
FE
ENDCHAR
STARTCHAR afii10047
ENCODING 1069
SWIDTH 750 0
DWIDTH 9 0
BBX 8 9 0 0
BITMAP
1E
27
63
03
1F
03
C6
C6
78
ENDCHAR
STARTCHAR afii10048
ENCODING 1070
SWIDTH 1083 0
DWIDTH 14 0
BBX 13 9 0 0
BITMAP
31F0
3330
6318
6618
7E18
6618
6630
C330
C1E0
ENDCHAR
STARTCHAR afii10049
ENCODING 1071
SWIDTH 750 0
DWIDTH 11 0
BBX 10 9 0 0
BITMAP
1FC0
30C0
3180
3180
1F80
1980
3180
6300
C300
ENDCHAR
STARTCHAR afii10065
ENCODING 1072
SWIDTH 583 0
DWIDTH 7 0
BBX 6 7 0 0
BITMAP
3C
6C
0C
7C
C8
D8
EC
ENDCHAR
STARTCHAR afii10066
ENCODING 1073
SWIDTH 583 0
DWIDTH 8 0
BBX 7 9 0 0
BITMAP
0E
70
40
F8
CC
CC
CC
CC
78
ENDCHAR
STARTCHAR afii10067
ENCODING 1074
SWIDTH 583 0
DWIDTH 8 0
BBX 7 7 0 0
BITMAP
3C
66
66
7C
66
C6
FC
ENDCHAR
STARTCHAR afii10068
ENCODING 1075
SWIDTH 583 0
DWIDTH 7 0
BBX 6 7 0 0
BITMAP
38
4C
1C
78
E0
C8
70
ENDCHAR
STARTCHAR afii10069
ENCODING 1076
SWIDTH 583 0
DWIDTH 7 0
BBX 6 9 0 0
BITMAP
38
0C
0C
7C
CC
CC
CC
D8
70
ENDCHAR
STARTCHAR afii10070
ENCODING 1077
SWIDTH 583 0
DWIDTH 7 0
BBX 6 7 0 0
BITMAP
38
6C
CC
FC
C0
D8
70
ENDCHAR
STARTCHAR afii10072
ENCODING 1078
SWIDTH 750 0
DWIDTH 12 0
BBX 11 7 0 0
BITMAP
6620
3640
3680
3F80
3780
6D80
CCC0
ENDCHAR
STARTCHAR afii10073
ENCODING 1079
SWIDTH 500 0
DWIDTH 7 0
BBX 6 7 0 0
BITMAP
38
4C
0C
30
18
98
70
ENDCHAR
STARTCHAR afii10074
ENCODING 1080
SWIDTH 583 0
DWIDTH 9 0
BBX 8 7 0 0
BITMAP
66
66
66
66
66
6C
7C
ENDCHAR
STARTCHAR afii10075
ENCODING 1081
SWIDTH 583 0
DWIDTH 9 0
BBX 8 10 0 0
BITMAP
19
0E
00
66
66
66
66
66
6C
7C
ENDCHAR
STARTCHAR afii10076
ENCODING 1082
SWIDTH 583 0
DWIDTH 8 0
BBX 7 7 0 0
BITMAP
62
64
68
78
78
C8
CC
ENDCHAR
STARTCHAR afii10077
ENCODING 1083
SWIDTH 667 0
DWIDTH 10 0
BBX 9 7 0 0
BITMAP
1F00
1B00
1B00
3300
3300
6600
E600
ENDCHAR
STARTCHAR afii10078
ENCODING 1084
SWIDTH 750 0
DWIDTH 11 0
BBX 10 7 0 0
BITMAP
7180
7280
7380
7580
5580
D900
DB00
ENDCHAR
STARTCHAR afii10079
ENCODING 1085
SWIDTH 583 0
DWIDTH 9 0
BBX 8 7 0 0
BITMAP
66
66
66
7E
66
CC
CC
ENDCHAR
STARTCHAR afii10080
ENCODING 1086
SWIDTH 583 0
DWIDTH 7 0
BBX 6 7 0 0
BITMAP
38
4C
CC
CC
CC
C8
70
ENDCHAR
STARTCHAR afii10081
ENCODING 1087
SWIDTH 583 0
DWIDTH 9 0
BBX 8 7 0 0
BITMAP
7E
66
66
66
66
CC
CC
ENDCHAR
STARTCHAR afii10082
ENCODING 1088
SWIDTH 583 0
DWIDTH 9 0
BBX 8 10 0 -3
BITMAP
3E
33
33
33
33
76
6E
60
60
C0
ENDCHAR
STARTCHAR afii10083
ENCODING 1089
SWIDTH 583 0
DWIDTH 7 0
BBX 6 7 0 0
BITMAP
38
6C
C0
C0
C0
D8
70
ENDCHAR
STARTCHAR afii10084
ENCODING 1090
SWIDTH 917 0
DWIDTH 11 0
BBX 10 6 0 0
BITMAP
7DC0
66C0
64C0
4CC0
CCC0
CC80
ENDCHAR
STARTCHAR afii10085
ENCODING 1091
SWIDTH 583 0
DWIDTH 9 0
BBX 8 10 0 -3
BITMAP
63
66
66
2C
2C
38
30
30
60
C0
ENDCHAR
STARTCHAR afii10086
ENCODING 1092
SWIDTH 917 0
DWIDTH 11 0
BBX 10 12 0 -3
BITMAP
0600
0600
7D80
4EC0
CCC0
CCC0
CCC0
DD80
7B80
1800
1800
3000
ENDCHAR
STARTCHAR afii10087
ENCODING 1093
SWIDTH 500 0
DWIDTH 7 0
BBX 6 7 0 0
BITMAP
64
68
30
30
30
58
98
ENDCHAR
STARTCHAR afii10088
ENCODING 1094
SWIDTH 583 0
DWIDTH 9 0
BBX 8 9 0 -2
BITMAP
66
66
66
66
66
6C
7E
06
06
ENDCHAR
STARTCHAR afii10089
ENCODING 1095
SWIDTH 583 0
DWIDTH 8 0
BBX 7 7 0 0
BITMAP
CC
CC
CC
CC
FC
18
18
ENDCHAR
STARTCHAR afii10090
ENCODING 1096
SWIDTH 917 0
DWIDTH 13 0
BBX 12 7 0 0
BITMAP
6660
6660
6660
6660
6660
6EC0
77C0
ENDCHAR
STARTCHAR afii10091
ENCODING 1097
SWIDTH 917 0
DWIDTH 13 0
BBX 12 9 0 -2
BITMAP
6660
6660
6660
6660
6660
6EC0
77E0
0020
0060
ENDCHAR
STARTCHAR afii10092
ENCODING 1098
SWIDTH 667 0
DWIDTH 8 0
BBX 7 7 0 0
BITMAP
F0
30
30
3E
36
66
7C
ENDCHAR
STARTCHAR afii10093
ENCODING 1099
SWIDTH 833 0
DWIDTH 12 0
BBX 11 7 0 0
BITMAP
60C0
60C0
60C0
7CC0
6CC0
CD80
F980
ENDCHAR
STARTCHAR afii10094
ENCODING 1100
SWIDTH 583 0
DWIDTH 8 0
BBX 7 7 0 0
BITMAP
60
60
60
7C
66
C6
FC
ENDCHAR
STARTCHAR afii10095
ENCODING 1101
SWIDTH 500 0
DWIDTH 7 0
BBX 6 7 0 0
BITMAP
38
6C
0C
3C
0C
D8
70
ENDCHAR
STARTCHAR afii10096
ENCODING 1102
SWIDTH 833 0
DWIDTH 11 0
BBX 10 6 0 0
BITMAP
67C0
6CC0
78C0
48C0
CC80
CF00
ENDCHAR
STARTCHAR afii10097
ENCODING 1103
SWIDTH 583 0
DWIDTH 9 0
BBX 8 7 0 0
BITMAP
3E
66
66
3E
26
4C
CC
ENDCHAR
STARTCHAR afii10071
ENCODING 1105
SWIDTH 583 0
DWIDTH 7 0
BBX 6 9 0 0
BITMAP
6C
00
38
6C
CC
FC
C0
D8
70
ENDCHAR
STARTCHAR afii10099
ENCODING 1106
SWIDTH 583 0
DWIDTH 8 0
BBX 7 12 0 -3
BITMAP
30
7C
60
7C
66
66
66
CC
CC
0C
0C
38
ENDCHAR
STARTCHAR afii10100
ENCODING 1107
SWIDTH 500 0
DWIDTH 7 0
BBX 6 10 0 0
BITMAP
0C
10
00
7C
60
60
60
60
C0
C0
ENDCHAR
STARTCHAR afii10101
ENCODING 1108
SWIDTH 583 0
DWIDTH 7 0
BBX 6 7 0 0
BITMAP
38
6C
C0
F0
C0
D8
70
ENDCHAR
STARTCHAR afii10102
ENCODING 1109
SWIDTH 583 0
DWIDTH 8 0
BBX 7 7 0 0
BITMAP
3C
66
60
7C
0C
CC
78
ENDCHAR
STARTCHAR afii10103
ENCODING 1110
SWIDTH 250 0
DWIDTH 5 0
BBX 4 9 0 0
BITMAP
30
00
60
60
60
60
60
C0
C0
ENDCHAR
STARTCHAR afii10104
ENCODING 1111
SWIDTH 250 0
DWIDTH 6 0
BBX 5 9 0 0
BITMAP
D8
00
60
60
60
60
60
C0
C0
ENDCHAR
STARTCHAR afii10105
ENCODING 1112
SWIDTH 250 0
DWIDTH 7 0
BBX 6 12 0 -3
BITMAP
0C
00
18
18
18
18
18
30
30
30
30
E0
ENDCHAR
STARTCHAR afii10106
ENCODING 1113
SWIDTH 1000 0
DWIDTH 13 0
BBX 12 7 0 0
BITMAP
1F00
1B00
3B00
33E0
3330
6630
E7E0
ENDCHAR
STARTCHAR afii10107
ENCODING 1114
SWIDTH 917 0
DWIDTH 12 0
BBX 11 7 0 0
BITMAP
6600
6600
6600
7FC0
6660
CC60
CFC0
ENDCHAR
STARTCHAR afii10108
ENCODING 1115
SWIDTH 583 0
DWIDTH 8 0
BBX 7 9 0 0
BITMAP
30
7C
60
7E
66
66
66
CC
CC
ENDCHAR
STARTCHAR afii10109
ENCODING 1116
SWIDTH 583 0
DWIDTH 8 0
BBX 7 10 0 0
BITMAP
06
08
00
62
64
68
78
78
C8
CC
ENDCHAR
STARTCHAR afii10110
ENCODING 1118
SWIDTH 583 0
DWIDTH 9 0
BBX 8 13 0 -3
BITMAP
32
1C
00
63
66
66
2C
2C
38
30
30
60
C0
ENDCHAR
STARTCHAR afii10193
ENCODING 1119
SWIDTH 583 0
DWIDTH 9 0
BBX 8 9 0 -2
BITMAP
66
66
66
66
66
6C
7C
30
30
ENDCHAR
STARTCHAR afii10050
ENCODING 1168
SWIDTH 583 0
DWIDTH 9 0
BBX 8 11 0 0
BITMAP
03
03
3E
30
60
60
60
60
60
C0
C0
ENDCHAR
STARTCHAR afii10098
ENCODING 1169
SWIDTH 500 0
DWIDTH 8 0
BBX 7 9 0 0
BITMAP
06
06
7C
60
60
60
60
C0
C0
ENDCHAR
STARTCHAR uni1E3E
ENCODING 7742
SWIDTH 833 0
DWIDTH 9 0
BBX 8 12 0 0
BITMAP
04
0C
10
C3
E3
A7
E5
F5
DD
D9
D9
C1
ENDCHAR
STARTCHAR uni1E3F
ENCODING 7743
SWIDTH 1000 0
DWIDTH 11 0
BBX 10 11 0 0
BITMAP
0200
0600
0C00
0000
BB80
FFC0
CCC0
CCC0
CCC0
CCC0
CCC0
ENDCHAR
STARTCHAR Wgrave
ENCODING 7808
SWIDTH 1000 0
DWIDTH 12 0
BBX 11 12 0 0
BITMAP
1800
0C00
0000
CC60
CC40
CCC0
D4C0
D480
D580
E500
E700
E600
ENDCHAR
STARTCHAR wgrave
ENCODING 7809
SWIDTH 833 0
DWIDTH 11 0
BBX 10 10 0 0
BITMAP
1800
0C00
0000
CCC0
CD80
D580
D500
D700
6600
6600
ENDCHAR
STARTCHAR Wacute
ENCODING 7810
SWIDTH 1000 0
DWIDTH 12 0
BBX 11 12 0 0
BITMAP
0300
0400
0000
CC60
CC40
CCC0
D4C0
D480
D580
E500
E700
E600
ENDCHAR
STARTCHAR wacute
ENCODING 7811
SWIDTH 833 0
DWIDTH 11 0
BBX 10 10 0 0
BITMAP
0300
0400
0000
CCC0
CD80
D580
D500
D700
6600
6600
ENDCHAR
STARTCHAR Wdieresis
ENCODING 7812
SWIDTH 1000 0
DWIDTH 12 0
BBX 11 11 0 0
BITMAP
1B00
0000
CC60
CC40
CCC0
D4C0
D480
D580
E500
E700
E600
ENDCHAR
STARTCHAR wdieresis
ENCODING 7813
SWIDTH 833 0
DWIDTH 11 0
BBX 10 9 0 0
BITMAP
1B00
0000
CCC0
CD80
D580
D500
D700
6600
6600
ENDCHAR
STARTCHAR uni1EA0
ENCODING 7840
SWIDTH 667 0
DWIDTH 9 0
BBX 8 12 0 -3
BITMAP
18
38
3C
2C
64
7E
7E
C6
C3
00
18
18
ENDCHAR
STARTCHAR uni1EA1
ENCODING 7841
SWIDTH 583 0
DWIDTH 6 0
BBX 5 10 0 -3
BITMAP
70
F8
18
78
98
98
E8
00
20
60
ENDCHAR
STARTCHAR uni1EA2
ENCODING 7842
SWIDTH 667 0
DWIDTH 9 0
BBX 8 12 0 0
BITMAP
18
08
10
18
38
3C
2C
64
7E
7E
C6
C3
ENDCHAR
STARTCHAR uni1EA3
ENCODING 7843
SWIDTH 583 0
DWIDTH 6 0
BBX 5 11 0 0
BITMAP
20
30
30
00
70
F8
18
78
98
98
E8
ENDCHAR
STARTCHAR uni1EA4
ENCODING 7844
SWIDTH 667 0
DWIDTH 9 0
BBX 8 12 0 0
BITMAP
02
3C
24
18
38
3C
2C
64
7E
7E
C6
C3
ENDCHAR
STARTCHAR uni1EA5
ENCODING 7845
SWIDTH 583 0
DWIDTH 7 0
BBX 6 11 0 0
BITMAP
04
3C
78
00
70
F8
18
78
98
98
E8
ENDCHAR
STARTCHAR uni1EA6
ENCODING 7846
SWIDTH 667 0
DWIDTH 9 0
BBX 8 12 0 0
BITMAP
40
38
24
18
38
3C
2C
64
7E
7E
C6
C3
ENDCHAR
STARTCHAR uni1EA7
ENCODING 7847
SWIDTH 583 0
DWIDTH 7 0
BBX 6 11 0 0
BITMAP
80
58
3C
00
38
7C
0C
3C
4C
4C
74
ENDCHAR
STARTCHAR uni1EA8
ENCODING 7848
SWIDTH 667 0
DWIDTH 9 0
BBX 8 12 0 0
BITMAP
06
3A
24
18
38
3C
2C
64
7E
7E
C6
C3
ENDCHAR
STARTCHAR uni1EA9
ENCODING 7849
SWIDTH 583 0
DWIDTH 7 0
BBX 6 11 0 0
BITMAP
0C
34
78
00
70
F8
18
78
98
98
E8
ENDCHAR
STARTCHAR uni1EAA
ENCODING 7850
SWIDTH 667 0
DWIDTH 9 0
BBX 8 13 0 0
BITMAP
34
28
38
24
18
38
3C
2C
64
7E
7E
C6
C3
ENDCHAR
STARTCHAR uni1EAB
ENCODING 7851
SWIDTH 583 0
DWIDTH 6 0
BBX 5 11 0 0
BITMAP
78
20
78
00
70
F8
18
78
98
98
E8
ENDCHAR
STARTCHAR uni1EAC
ENCODING 7852
SWIDTH 667 0
DWIDTH 9 0
BBX 8 14 0 -3
BITMAP
3C
24
18
38
3C
2C
64
7E
7E
C6
C3
00
18
18
ENDCHAR
STARTCHAR uni1EAD
ENCODING 7853
SWIDTH 583 0
DWIDTH 6 0
BBX 5 13 0 -3
BITMAP
70
D8
00
70
F8
18
78
98
98
E8
00
20
60
ENDCHAR
STARTCHAR uni1EAE
ENCODING 7854
SWIDTH 667 0
DWIDTH 9 0
BBX 8 13 0 0
BITMAP
0C
38
3C
00
18
38
3C
2C
64
7E
7E
C6
C3
ENDCHAR
STARTCHAR uni1EAF
ENCODING 7855
SWIDTH 583 0
DWIDTH 6 0
BBX 5 12 0 0
BITMAP
10
30
E8
78
00
70
F8
18
78
98
98
E8
ENDCHAR
STARTCHAR uni1EB0
ENCODING 7856
SWIDTH 667 0
DWIDTH 9 0
BBX 8 13 0 0
BITMAP
30
3C
3C
00
18
38
3C
2C
64
7E
7E
C6
C3
ENDCHAR
STARTCHAR uni1EB1
ENCODING 7857
SWIDTH 583 0
DWIDTH 6 0
BBX 5 12 0 0
BITMAP
60
20
E8
78
00
70
F8
18
78
98
98
E8
ENDCHAR
STARTCHAR uni1EB2
ENCODING 7858
SWIDTH 667 0
DWIDTH 9 0
BBX 8 13 0 0
BITMAP
18
38
3C
00
18
38
3C
2C
64
7E
7E
C6
C3
ENDCHAR
STARTCHAR uni1EB3
ENCODING 7859
SWIDTH 583 0
DWIDTH 6 0
BBX 5 12 0 0
BITMAP
20
10
E8
78
00
70
F8
18
78
98
98
E8
ENDCHAR
STARTCHAR uni1EB4
ENCODING 7860
SWIDTH 667 0
DWIDTH 9 0
BBX 8 13 0 0
BITMAP
3C
00
3C
00
18
38
3C
2C
64
7E
7E
C6
C3
ENDCHAR
STARTCHAR uni1EB5
ENCODING 7861
SWIDTH 583 0
DWIDTH 6 0
BBX 5 11 0 0
BITMAP
78
00
78
00
70
F8
18
78
98
98
E8
ENDCHAR
STARTCHAR uni1EB6
ENCODING 7862
SWIDTH 667 0
DWIDTH 9 0
BBX 8 15 0 -3
BITMAP
24
3C
00
18
38
3C
2C
64
7E
7E
C6
C3
00
18
18
ENDCHAR
STARTCHAR uni1EB7
ENCODING 7863
SWIDTH 583 0
DWIDTH 6 0
BBX 5 13 0 -3
BITMAP
C8
78
00
70
F8
18
78
98
98
E8
00
20
60
ENDCHAR
STARTCHAR uni1EB8
ENCODING 7864
SWIDTH 583 0
DWIDTH 7 0
BBX 6 12 0 -3
BITMAP
FC
FC
C0
C0
F8
C0
C0
C0
FC
00
30
30
ENDCHAR
STARTCHAR uni1EB9
ENCODING 7865
SWIDTH 583 0
DWIDTH 6 0
BBX 5 10 0 -3
BITMAP
70
D8
88
F8
80
C8
78
00
30
30
ENDCHAR
STARTCHAR uni1EBA
ENCODING 7866
SWIDTH 583 0
DWIDTH 7 0
BBX 6 12 0 0
BITMAP
30
10
20
FC
FC
C0
C0
F8
C0
C0
C0
FC
ENDCHAR
STARTCHAR uni1EBB
ENCODING 7867
SWIDTH 583 0
DWIDTH 6 0
BBX 5 11 0 0
BITMAP
20
70
30
00
70
D8
88
F8
80
C8
78
ENDCHAR
STARTCHAR uni1EBC
ENCODING 7868
SWIDTH 583 0
DWIDTH 7 0
BBX 6 12 0 0
BITMAP
44
F8
10
FC
FC
C0
C0
F8
C0
C0
C0
FC
ENDCHAR
STARTCHAR uni1EBD
ENCODING 7869
SWIDTH 583 0
DWIDTH 6 0
BBX 5 10 0 0
BITMAP
68
B8
00
70
D8
88
F8
80
C8
78
ENDCHAR
STARTCHAR uni1EBE
ENCODING 7870
SWIDTH 583 0
DWIDTH 7 0
BBX 6 12 0 0
BITMAP
04
38
48
FC
FC
C0
C0
F8
C0
C0
C0
FC
ENDCHAR
STARTCHAR uni1EBF
ENCODING 7871
SWIDTH 583 0
DWIDTH 7 0
BBX 6 11 0 0
BITMAP
04
2C
58
00
70
D8
88
F8
80
C8
78
ENDCHAR
STARTCHAR uni1EC0
ENCODING 7872
SWIDTH 583 0
DWIDTH 7 0
BBX 6 12 0 0
BITMAP
80
F0
48
FC
FC
C0
C0
F8
C0
C0
C0
FC
ENDCHAR
STARTCHAR uni1EC1
ENCODING 7873
SWIDTH 583 0
DWIDTH 7 0
BBX 6 11 0 0
BITMAP
80
50
2C
00
38
6C
44
7C
40
64
3C
ENDCHAR
STARTCHAR uni1EC2
ENCODING 7874
SWIDTH 583 0
DWIDTH 7 0
BBX 6 12 0 0
BITMAP
0C
34
48
FC
FC
C0
C0
F8
C0
C0
C0
FC
ENDCHAR
STARTCHAR uni1EC3
ENCODING 7875
SWIDTH 583 0
DWIDTH 7 0
BBX 6 11 0 0
BITMAP
0C
2C
58
00
70
D8
88
F8
80
C8
78
ENDCHAR
STARTCHAR uni1EC4
ENCODING 7876
SWIDTH 583 0
DWIDTH 7 0
BBX 6 13 0 0
BITMAP
68
50
30
48
FC
FC
C0
C0
F8
C0
C0
C0
FC
ENDCHAR
STARTCHAR uni1EC5
ENCODING 7877
SWIDTH 583 0
DWIDTH 6 0
BBX 5 11 0 0
BITMAP
78
20
78
00
70
D8
88
F8
80
C8
78
ENDCHAR
STARTCHAR uni1EC6
ENCODING 7878
SWIDTH 583 0
DWIDTH 7 0
BBX 6 14 0 -3
BITMAP
78
48
FC
FC
C0
C0
F8
C0
C0
C0
FC
00
30
30
ENDCHAR
STARTCHAR uni1EC7
ENCODING 7879
SWIDTH 583 0
DWIDTH 6 0
BBX 5 13 0 -3
BITMAP
70
D8
00
70
D8
88
F8
80
C8
78
00
30
30
ENDCHAR
STARTCHAR uni1EC8
ENCODING 7880
SWIDTH 333 0
DWIDTH 3 0
BBX 2 12 0 0
BITMAP
C0
40
80
C0
C0
C0
C0
C0
C0
C0
C0
C0
ENDCHAR
STARTCHAR uni1EC9
ENCODING 7881
SWIDTH 333 0
DWIDTH 3 0
BBX 2 11 0 0
BITMAP
80
C0
C0
00
C0
C0
C0
C0
C0
C0
C0
ENDCHAR
STARTCHAR uni1ECA
ENCODING 7882
SWIDTH 333 0
DWIDTH 3 0
BBX 2 12 0 -3
BITMAP
C0
C0
C0
C0
C0
C0
C0
C0
C0
00
C0
C0
ENDCHAR
STARTCHAR uni1ECB
ENCODING 7883
SWIDTH 333 0
DWIDTH 3 0
BBX 2 13 0 -3
BITMAP
C0
C0
00
C0
C0
C0
C0
C0
C0
C0
00
C0
C0
ENDCHAR
STARTCHAR uni1ECC
ENCODING 7884
SWIDTH 750 0
DWIDTH 9 0
BBX 8 12 0 -3
BITMAP
3C
EE
C6
C3
83
C3
C6
EE
7C
00
18
18
ENDCHAR
STARTCHAR uni1ECD
ENCODING 7885
SWIDTH 667 0
DWIDTH 7 0
BBX 6 10 0 -3
BITMAP
70
F8
CC
8C
8C
DC
78
00
30
30
ENDCHAR
STARTCHAR uni1ECE
ENCODING 7886
SWIDTH 750 0
DWIDTH 9 0
BBX 8 12 0 0
BITMAP
38
08
10
3C
EE
C6
C3
83
C3
C6
EE
7C
ENDCHAR
STARTCHAR uni1ECF
ENCODING 7887
SWIDTH 667 0
DWIDTH 7 0
BBX 6 11 0 0
BITMAP
20
30
30
00
70
F8
CC
8C
8C
DC
78
ENDCHAR
STARTCHAR uni1ED0
ENCODING 7888
SWIDTH 750 0
DWIDTH 9 0
BBX 8 12 0 0
BITMAP
02
3C
28
3C
EE
C6
C3
83
C3
C6
EE
7C
ENDCHAR
STARTCHAR uni1ED1
ENCODING 7889
SWIDTH 667 0
DWIDTH 7 0
BBX 6 11 0 0
BITMAP
04
3C
78
00
70
F8
CC
8C
8C
DC
78
ENDCHAR
STARTCHAR uni1ED2
ENCODING 7890
SWIDTH 750 0
DWIDTH 9 0
BBX 8 12 0 0
BITMAP
C0
78
2C
3C
EE
C6
C3
83
C3
C6
EE
7C
ENDCHAR
STARTCHAR uni1ED3
ENCODING 7891
SWIDTH 667 0
DWIDTH 8 0
BBX 7 11 0 0
BITMAP
80
58
3C
00
38
7C
66
46
46
6E
3C
ENDCHAR
STARTCHAR uni1ED4
ENCODING 7892
SWIDTH 750 0
DWIDTH 9 0
BBX 8 12 0 0
BITMAP
06
3C
28
3C
EE
C6
C3
83
C3
C6
EE
7C
ENDCHAR
STARTCHAR uni1ED5
ENCODING 7893
SWIDTH 667 0
DWIDTH 7 0
BBX 6 11 0 0
BITMAP
0C
34
78
00
70
F8
CC
8C
8C
DC
78
ENDCHAR
STARTCHAR uni1ED6
ENCODING 7894
SWIDTH 750 0
DWIDTH 9 0
BBX 8 13 0 0
BITMAP
34
28
38
2C
3C
EE
C6
C3
83
C3
C6
EE
7C
ENDCHAR
STARTCHAR uni1ED7
ENCODING 7895
SWIDTH 667 0
DWIDTH 7 0
BBX 6 11 0 0
BITMAP
78
20
78
00
70
F8
CC
8C
8C
DC
78
ENDCHAR
STARTCHAR uni1ED8
ENCODING 7896
SWIDTH 750 0
DWIDTH 9 0
BBX 8 14 0 -3
BITMAP
38
64
3C
EE
C6
C3
83
C3
C6
EE
7C
00
18
18
ENDCHAR
STARTCHAR uni1ED9
ENCODING 7897
SWIDTH 667 0
DWIDTH 7 0
BBX 6 13 0 -3
BITMAP
70
D8
00
70
F8
CC
8C
8C
DC
78
00
30
30
ENDCHAR
STARTCHAR uni1EDA
ENCODING 7898
SWIDTH 750 0
DWIDTH 9 0
BBX 8 12 0 0
BITMAP
0C
1B
13
3E
6E
C6
C3
83
C3
C6
EE
7C
ENDCHAR
STARTCHAR uni1EDB
ENCODING 7899
SWIDTH 667 0
DWIDTH 8 0
BBX 7 11 0 0
BITMAP
08
18
34
06
7C
F8
CC
8C
8C
DC
78
ENDCHAR
STARTCHAR uni1EDC
ENCODING 7900
SWIDTH 750 0
DWIDTH 9 0
BBX 8 12 0 0
BITMAP
20
7B
13
3E
6E
C6
C3
83
C3
C6
EE
7C
ENDCHAR
STARTCHAR uni1EDD
ENCODING 7901
SWIDTH 667 0
DWIDTH 8 0
BBX 7 11 0 0
BITMAP
40
E0
34
06
7C
F8
CC
8C
8C
DC
78
ENDCHAR
STARTCHAR uni1EDE
ENCODING 7902
SWIDTH 750 0
DWIDTH 9 0
BBX 8 12 0 0
BITMAP
38
0B
13
3E
6E
C6
C3
83
C3
C6
EE
7C
ENDCHAR
STARTCHAR uni1EDF
ENCODING 7903
SWIDTH 667 0
DWIDTH 8 0
BBX 7 11 0 0
BITMAP
20
30
34
06
7C
F8
CC
8C
8C
DC
78
ENDCHAR
STARTCHAR uni1EE0
ENCODING 7904
SWIDTH 750 0
DWIDTH 9 0
BBX 8 12 0 0
BITMAP
20
7F
0B
3E
6E
C6
C3
83
C3
C6
EE
7C
ENDCHAR
STARTCHAR uni1EE1
ENCODING 7905
SWIDTH 667 0
DWIDTH 8 0
BBX 7 10 0 0
BITMAP
E8
BC
06
7C
F8
CC
8C
8C
DC
78
ENDCHAR
STARTCHAR uni1EE2
ENCODING 7906
SWIDTH 750 0
DWIDTH 9 0
BBX 8 14 0 -3
BITMAP
03
03
3E
6E
C6
C3
83
C3
C6
EE
7C
00
18
18
ENDCHAR
STARTCHAR uni1EE3
ENCODING 7907
SWIDTH 667 0
DWIDTH 8 0
BBX 7 12 0 -3
BITMAP
04
06
7C
F8
CC
8C
8C
DC
78
00
30
30
ENDCHAR
STARTCHAR uni1EE4
ENCODING 7908
SWIDTH 750 0
DWIDTH 8 0
BBX 7 12 0 -3
BITMAP
C6
C6
C6
C6
C6
C6
C6
6C
7C
00
10
38
ENDCHAR
STARTCHAR uni1EE5
ENCODING 7909
SWIDTH 667 0
DWIDTH 7 0
BBX 6 10 0 -3
BITMAP
CC
CC
CC
CC
CC
DC
FC
00
30
30
ENDCHAR
STARTCHAR uni1EE6
ENCODING 7910
SWIDTH 750 0
DWIDTH 8 0
BBX 7 12 0 0
BITMAP
30
18
10
C6
C6
C6
C6
C6
C6
C6
6C
7C
ENDCHAR
STARTCHAR uni1EE7
ENCODING 7911
SWIDTH 667 0
DWIDTH 7 0
BBX 6 11 0 0
BITMAP
20
30
30
00
CC
CC
CC
CC
CC
DC
FC
ENDCHAR
STARTCHAR uni1EE8
ENCODING 7912
SWIDTH 750 0
DWIDTH 10 0
BBX 9 12 0 0
BITMAP
0800
1D80
1180
C700
C600
C600
C600
C600
C600
C600
6C00
7C00
ENDCHAR
STARTCHAR uni1EE9
ENCODING 7913
SWIDTH 667 0
DWIDTH 8 0
BBX 7 11 0 0
BITMAP
08
18
36
02
CC
CC
CC
CC
CC
DC
FC
ENDCHAR
STARTCHAR uni1EEA
ENCODING 7914
SWIDTH 750 0
DWIDTH 10 0
BBX 9 12 0 0
BITMAP
2000
7180
1180
C700
C600
C600
C600
C600
C600
C600
6C00
7C00
ENDCHAR
STARTCHAR uni1EEB
ENCODING 7915
SWIDTH 667 0
DWIDTH 8 0
BBX 7 11 0 0
BITMAP
40
E0
36
02
CC
CC
CC
CC
CC
DC
FC
ENDCHAR
STARTCHAR uni1EEC
ENCODING 7916
SWIDTH 750 0
DWIDTH 10 0
BBX 9 12 0 0
BITMAP
3000
1980
1180
C700
C600
C600
C600
C600
C600
C600
6C00
7C00
ENDCHAR
STARTCHAR uni1EED
ENCODING 7917
SWIDTH 667 0
DWIDTH 8 0
BBX 7 11 0 0
BITMAP
20
30
36
02
CC
CC
CC
CC
CC
DC
FC
ENDCHAR
STARTCHAR uni1EEE
ENCODING 7918
SWIDTH 750 0
DWIDTH 10 0
BBX 9 12 0 0
BITMAP
2000
7D80
0980
C700
C600
C600
C600
C600
C600
C600
6C00
7C00
ENDCHAR
STARTCHAR uni1EEF
ENCODING 7919
SWIDTH 667 0
DWIDTH 8 0
BBX 7 10 0 0
BITMAP
68
BE
02
CC
CC
CC
CC
CC
DC
FC
ENDCHAR
STARTCHAR uni1EF0
ENCODING 7920
SWIDTH 750 0
DWIDTH 10 0
BBX 9 14 0 -3
BITMAP
0180
0180
C700
C600
C600
C600
C600
C600
C600
6C00
7C00
0000
1000
3800
ENDCHAR
STARTCHAR uni1EF1
ENCODING 7921
SWIDTH 667 0
DWIDTH 8 0
BBX 7 12 0 -3
BITMAP
06
02
CC
CC
CC
CC
CC
DC
FC
00
30
30
ENDCHAR
STARTCHAR Ygrave
ENCODING 7922
SWIDTH 667 0
DWIDTH 9 0
BBX 8 12 0 0
BITMAP
18
0C
00
C3
66
6C
78
30
30
30
60
60
ENDCHAR
STARTCHAR ygrave
ENCODING 7923
SWIDTH 583 0
DWIDTH 9 0
BBX 8 13 0 -3
BITMAP
30
18
00
63
66
66
2C
2C
38
30
30
60
C0
ENDCHAR
STARTCHAR uni1EF4
ENCODING 7924
SWIDTH 583 0
DWIDTH 8 0
BBX 7 12 0 -3
BITMAP
C6
44
6C
28
38
30
10
10
10
00
10
38
ENDCHAR
STARTCHAR uni1EF5
ENCODING 7925
SWIDTH 583 0
DWIDTH 8 0
BBX 7 10 0 -3
BITMAP
C6
44
6C
6C
28
38
18
10
76
66
ENDCHAR
STARTCHAR uni1EF6
ENCODING 7926
SWIDTH 583 0
DWIDTH 8 0
BBX 7 12 0 0
BITMAP
30
18
10
C6
44
6C
28
38
30
10
10
10
ENDCHAR
STARTCHAR uni1EF7
ENCODING 7927
SWIDTH 583 0
DWIDTH 8 0
BBX 7 14 0 -3
BITMAP
30
18
18
00
C6
44
6C
6C
28
38
18
10
70
60
ENDCHAR
STARTCHAR uni1EF8
ENCODING 7928
SWIDTH 583 0
DWIDTH 8 0
BBX 7 12 0 0
BITMAP
20
7C
08
C6
44
6C
28
38
30
10
10
10
ENDCHAR
STARTCHAR uni1EF9
ENCODING 7929
SWIDTH 583 0
DWIDTH 8 0
BBX 7 13 0 -3
BITMAP
74
5C
00
C6
44
6C
6C
28
38
18
10
70
60
ENDCHAR
STARTCHAR uni2002
ENCODING 8194
SWIDTH 500 0
DWIDTH 3 0
BBX 0 0 0 0
BITMAP
ENDCHAR
STARTCHAR uni2003
ENCODING 8195
SWIDTH 1000 0
DWIDTH 3 0
BBX 0 0 0 0
BITMAP
ENDCHAR
STARTCHAR uni2010
ENCODING 8208
SWIDTH 333 0
DWIDTH 4 0
BBX 3 1 0 3
BITMAP
E0
ENDCHAR
STARTCHAR uni2011
ENCODING 8209
SWIDTH 333 0
DWIDTH 4 0
BBX 3 1 0 3
BITMAP
E0
ENDCHAR
STARTCHAR figuredash
ENCODING 8210
SWIDTH 333 0
DWIDTH 4 0
BBX 3 1 0 3
BITMAP
E0
ENDCHAR
STARTCHAR endash
ENCODING 8211
SWIDTH 583 0
DWIDTH 7 0
BBX 6 1 0 3
BITMAP
FC
ENDCHAR
STARTCHAR emdash
ENCODING 8212
SWIDTH 1000 0
DWIDTH 12 0
BBX 11 1 0 3
BITMAP
FFE0
ENDCHAR
STARTCHAR afii00208
ENCODING 8213
SWIDTH 1000 0
DWIDTH 13 0
BBX 12 1 0 3
BITMAP
FFF0
ENDCHAR
STARTCHAR uni2016
ENCODING 8214
SWIDTH 1000 0
DWIDTH 3 0
BBX 2 12 0 -1
BITMAP
C0
C0
C0
C0
C0
C0
C0
C0
C0
C0
C0
C0
ENDCHAR
STARTCHAR underscoredbl
ENCODING 8215
SWIDTH 583 0
DWIDTH 9 0
BBX 8 3 0 -4
BITMAP
FF
00
FF
ENDCHAR
STARTCHAR quoteleft
ENCODING 8216
SWIDTH 250 0
DWIDTH 4 0
BBX 3 4 0 5
BITMAP
40
40
C0
C0
ENDCHAR
STARTCHAR quoteright
ENCODING 8217
SWIDTH 250 0
DWIDTH 3 0
BBX 2 4 0 5
BITMAP
C0
C0
80
80
ENDCHAR
STARTCHAR quotesinglbase
ENCODING 8218
SWIDTH 250 0
DWIDTH 3 0
BBX 2 4 0 -2
BITMAP
C0
C0
40
80
ENDCHAR
STARTCHAR quotereversed
ENCODING 8219
SWIDTH 250 0
DWIDTH 3 0
BBX 2 4 0 5
BITMAP
C0
C0
80
80
ENDCHAR
STARTCHAR quotedblleft
ENCODING 8220
SWIDTH 500 0
DWIDTH 7 0
BBX 6 4 0 5
BITMAP
48
48
F8
D8
ENDCHAR
STARTCHAR quotedblright
ENCODING 8221
SWIDTH 500 0
DWIDTH 6 0
BBX 5 4 0 5
BITMAP
D8
D8
90
90
ENDCHAR
STARTCHAR quotedblbase
ENCODING 8222
SWIDTH 500 0
DWIDTH 6 0
BBX 5 4 0 -2
BITMAP
D8
D8
48
90
ENDCHAR
STARTCHAR dagger
ENCODING 8224
SWIDTH 583 0
DWIDTH 7 0
BBX 6 10 0 -1
BITMAP
30
30
FC
30
30
20
20
60
60
60
ENDCHAR
STARTCHAR daggerdbl
ENCODING 8225
SWIDTH 583 0
DWIDTH 9 0
BBX 8 10 0 -1
BITMAP
0C
0C
3F
18
18
18
10
FC
30
30
ENDCHAR
STARTCHAR bullet
ENCODING 8226
SWIDTH 333 0
DWIDTH 4 0
BBX 3 3 0 3
BITMAP
E0
E0
E0
ENDCHAR
STARTCHAR uni2025
ENCODING 8229
SWIDTH 1000 0
DWIDTH 9 0
BBX 8 2 0 4
BITMAP
82
C3
ENDCHAR
STARTCHAR ellipsis
ENCODING 8230
SWIDTH 1000 0
DWIDTH 11 0
BBX 10 2 0 0
BITMAP
CCC0
CCC0
ENDCHAR
STARTCHAR uni2027
ENCODING 8231
SWIDTH 1000 0
DWIDTH 5 0
BBX 4 3 0 3
BITMAP
60
F0
60
ENDCHAR
STARTCHAR perthousand
ENCODING 8240
SWIDTH 833 0
DWIDTH 10 0
BBX 9 9 0 0
BITMAP
6400
A800
A800
D000
1000
2D80
5680
5680
9B00
ENDCHAR
STARTCHAR minute
ENCODING 8242
SWIDTH 250 0
DWIDTH 3 0
BBX 2 3 0 6
BITMAP
C0
80
80
ENDCHAR
STARTCHAR second
ENCODING 8243
SWIDTH 500 0
DWIDTH 6 0
BBX 5 3 0 6
BITMAP
D8
90
90
ENDCHAR
STARTCHAR uni2035
ENCODING 8245
SWIDTH 1000 0
DWIDTH 4 0
BBX 3 1 0 10
BITMAP
E0
ENDCHAR
STARTCHAR guilsinglleft
ENCODING 8249
SWIDTH 333 0
DWIDTH 4 0
BBX 3 5 0 1
BITMAP
20
40
80
80
40
ENDCHAR
STARTCHAR guilsinglright
ENCODING 8250
SWIDTH 333 0
DWIDTH 4 0
BBX 3 5 0 1
BITMAP
40
20
20
40
80
ENDCHAR
STARTCHAR uni203B
ENCODING 8251
SWIDTH 1000 0
DWIDTH 9 0
BBX 8 9 0 0
BITMAP
99
5A
24
18
99
24
42
99
99
ENDCHAR
STARTCHAR exclamdbl
ENCODING 8252
SWIDTH 667 0
DWIDTH 8 0
BBX 7 9 0 0
BITMAP
36
36
24
6C
6C
6C
00
D8
D8
ENDCHAR
STARTCHAR uni203E
ENCODING 8254
SWIDTH 333 0
DWIDTH 5 0
BBX 4 1 0 9
BITMAP
F0
ENDCHAR
STARTCHAR uni2042
ENCODING 8258
SWIDTH 1000 0
DWIDTH 11 0
BBX 10 9 0 0
BITMAP
1E00
1E00
1E00
1A00
0400
AD40
7380
F3C0
AD40
ENDCHAR
STARTCHAR fraction
ENCODING 8260
SWIDTH 167 0
DWIDTH 9 0
BBX 8 9 0 0
BITMAP
01
02
04
08
10
10
20
40
80
ENDCHAR
STARTCHAR uni2047
ENCODING 8263
SWIDTH 1000 0
DWIDTH 11 0
BBX 10 9 0 0
BITMAP
F7C0
9AC0
18C0
3080
6180
6100
0000
6300
6380
ENDCHAR
STARTCHAR uni2048
ENCODING 8264
SWIDTH 833 0
DWIDTH 9 0
BBX 8 9 0 0
BITMAP
F3
9B
1B
32
62
62
00
63
63
ENDCHAR
STARTCHAR uni2049
ENCODING 8265
SWIDTH 833 0
DWIDTH 9 0
BBX 8 9 0 0
BITMAP
DF
CB
C1
43
46
44
00
C6
C6
ENDCHAR
STARTCHAR uni2051
ENCODING 8273
SWIDTH 1000 0
DWIDTH 5 0
BBX 4 11 0 -1
BITMAP
60
D0
60
D0
60
20
40
D0
60
D0
60
ENDCHAR
STARTCHAR uni2074
ENCODING 8308
SWIDTH 417 0
DWIDTH 6 0
BBX 5 6 0 5
BITMAP
10
30
50
50
F8
10
ENDCHAR
STARTCHAR uni207F
ENCODING 8319
SWIDTH 417 0
DWIDTH 5 0
BBX 4 4 0 3
BITMAP
70
D0
90
90
ENDCHAR
STARTCHAR franc
ENCODING 8355
SWIDTH 583 0
DWIDTH 9 0
BBX 8 9 0 0
BITMAP
3F
30
60
60
7E
60
F0
C0
C0
ENDCHAR
STARTCHAR lira
ENCODING 8356
SWIDTH 583 0
DWIDTH 8 0
BBX 7 9 0 0
BITMAP
1C
1A
30
7C
30
7C
30
66
FC
ENDCHAR
STARTCHAR peseta
ENCODING 8359
SWIDTH 1083 0
DWIDTH 14 0
BBX 13 9 0 0
BITMAP
3800
3C00
7C00
6D00
7FF8
6368
6378
C698
C3F0
ENDCHAR
STARTCHAR uni20A9
ENCODING 8361
SWIDTH 583 0
DWIDTH 8 0
BBX 7 9 0 0
BITMAP
C2
D6
D6
5E
FE
6C
6C
6C
6C
ENDCHAR
STARTCHAR uni20AB
ENCODING 8363
SWIDTH 583 0
DWIDTH 7 0
BBX 6 9 0 0
BITMAP
18
7C
38
F8
98
98
F8
00
F8
ENDCHAR
STARTCHAR Euro
ENCODING 8364
SWIDTH 583 0
DWIDTH 8 0
BBX 7 9 0 0
BITMAP
1E
32
30
78
60
F8
60
64
38
ENDCHAR
STARTCHAR uni20DD
ENCODING 8413
SWIDTH 0 0
DWIDTH 13 0
BBX 12 11 0 -1
BITMAP
1F80
2040
4020
8010
8010
8010
8010
8010
4020
2040
1F80
ENDCHAR
STARTCHAR uni20DE
ENCODING 8414
SWIDTH 0 0
DWIDTH 11 0
BBX 10 11 0 -1
BITMAP
FFC0
8040
8040
8040
8040
8040
8040
8040
8040
8040
FFC0
ENDCHAR
STARTCHAR uni2100
ENCODING 8448
SWIDTH 1000 0
DWIDTH 11 0
BBX 10 9 0 0
BITMAP
7980
D100
9200
B400
5480
09C0
1100
1300
61C0
ENDCHAR
STARTCHAR uni2103
ENCODING 8451
SWIDTH 1000 0
DWIDTH 13 0
BBX 12 9 0 0
BITMAP
71E0
93F0
5600
2600
0600
0600
0600
0330
01E0
ENDCHAR
STARTCHAR afii61248
ENCODING 8453
SWIDTH 917 0
DWIDTH 10 0
BBX 9 9 0 0
BITMAP
7100
9200
8400
A400
EB80
1480
1480
2580
4700
ENDCHAR
STARTCHAR uni2109
ENCODING 8457
SWIDTH 1000 0
DWIDTH 12 0
BBX 11 9 0 0
BITMAP
E7E0
A7E0
A600
4600
07C0
0600
0600
0600
0600
ENDCHAR
STARTCHAR uni210A
ENCODING 8458
SWIDTH 1000 0
DWIDTH 8 0
BBX 7 10 0 -3
BITMAP
1A
36
66
66
66
7C
64
4C
DC
70
ENDCHAR
STARTCHAR uni210F
ENCODING 8463
SWIDTH 1000 0
DWIDTH 7 0
BBX 6 10 0 0
BITMAP
60
68
F0
48
7C
CC
CC
CC
C8
88
ENDCHAR
STARTCHAR afii61289
ENCODING 8467
SWIDTH 500 0
DWIDTH 8 0
BBX 7 9 0 0
BITMAP
1C
36
66
6C
70
E0
60
68
70
ENDCHAR
STARTCHAR afii61352
ENCODING 8470
SWIDTH 1167 0
DWIDTH 15 0
BBX 14 9 0 0
BITMAP
30C0
38C0
7980
7DBC
6DEC
6FEC
67F8
C700
C3F8
ENDCHAR
STARTCHAR uni2121
ENCODING 8481
SWIDTH 1000 0
DWIDTH 13 0
BBX 12 9 0 0
BITMAP
F000
2000
2740
2440
2440
2640
2440
2440
2770
ENDCHAR
STARTCHAR trademark
ENCODING 8482
SWIDTH 917 0
DWIDTH 9 0
BBX 8 4 0 5
BITMAP
FB
5B
5B
55
ENDCHAR
STARTCHAR u2126
ENCODING 8486
SWIDTH 750 0
DWIDTH 9 0
BBX 8 9 0 0
BITMAP
3C
66
C3
C3
C3
C3
42
66
E7
ENDCHAR
STARTCHAR uni2127
ENCODING 8487
SWIDTH 1000 0
DWIDTH 9 0
BBX 8 9 0 0
BITMAP
E7
E7
42
C3
C3
C3
C3
66
3C
ENDCHAR
STARTCHAR uni212B
ENCODING 8491
SWIDTH 1000 0
DWIDTH 9 0
BBX 8 12 0 0
BITMAP
18
24
24
18
3C
3C
24
24
7E
7E
42
C3
ENDCHAR
STARTCHAR estimated
ENCODING 8494
SWIDTH 583 0
DWIDTH 6 0
BBX 5 7 0 0
BITMAP
70
88
88
F8
80
88
70
ENDCHAR
STARTCHAR uni2135
ENCODING 8501
SWIDTH 1000 0
DWIDTH 9 0
BBX 8 9 0 0
BITMAP
C7
C3
64
34
DC
8C
C6
42
C2
ENDCHAR
STARTCHAR uni213B
ENCODING 8507
SWIDTH 1000 0
DWIDTH 12 0
BBX 11 9 0 0
BITMAP
ED60
8D40
8CC0
94C0
D4C0
96C0
9EC0
9340
9320
ENDCHAR
STARTCHAR oneeighth
ENCODING 8539
SWIDTH 833 0
DWIDTH 9 0
BBX 8 9 0 0
BITMAP
61
A2
44
48
F7
15
23
45
87
ENDCHAR
STARTCHAR threeeighths
ENCODING 8540
SWIDTH 833 0
DWIDTH 9 0
BBX 8 9 0 0
BITMAP
E1
A2
44
A8
F7
15
23
45
87
ENDCHAR
STARTCHAR fiveeighths
ENCODING 8541
SWIDTH 833 0
DWIDTH 10 0
BBX 9 9 0 0
BITMAP
3080
4100
7200
1400
EB80
0A80
1180
2280
4380
ENDCHAR
STARTCHAR seveneighths
ENCODING 8542
SWIDTH 833 0
DWIDTH 9 0
BBX 8 9 0 0
BITMAP
79
12
24
28
57
15
23
45
87
ENDCHAR
STARTCHAR uni2160
ENCODING 8544
SWIDTH 1000 0
DWIDTH 3 0
BBX 2 9 0 0
BITMAP
C0
C0
C0
C0
C0
C0
C0
C0
C0
ENDCHAR
STARTCHAR uni2161
ENCODING 8545
SWIDTH 1000 0
DWIDTH 7 0
BBX 6 9 0 0
BITMAP
CC
CC
CC
CC
CC
CC
CC
CC
CC
ENDCHAR
STARTCHAR uni2162
ENCODING 8546
SWIDTH 1000 0
DWIDTH 11 0
BBX 10 9 0 0
BITMAP
CCC0
CCC0
CCC0
CCC0
CCC0
CCC0
CCC0
CCC0
CCC0
ENDCHAR
STARTCHAR uni2163
ENCODING 8547
SWIDTH 1000 0
DWIDTH 12 0
BBX 11 9 0 0
BITMAP
D860
C840
CCC0
CCC0
C480
C680
C780
C780
C300
ENDCHAR
STARTCHAR uni2164
ENCODING 8548
SWIDTH 1000 0
DWIDTH 9 0
BBX 8 9 0 0
BITMAP
C3
42
66
66
24
34
3C
3C
18
ENDCHAR
STARTCHAR uni2165
ENCODING 8549
SWIDTH 1000 0
DWIDTH 12 0
BBX 11 9 0 0
BITMAP
C360
4260
6660
6660
2460
3460
3C60
3C60
1860
ENDCHAR
STARTCHAR uni2166
ENCODING 8550
SWIDTH 1000 0
DWIDTH 13 0
BBX 12 9 0 0
BITMAP
CDB0
CDB0
4DB0
6DB0
69B0
69B0
39B0
39B0
39B0
ENDCHAR
STARTCHAR uni2167
ENCODING 8551
SWIDTH 1000 0
DWIDTH 12 0
BBX 11 9 0 0
BITMAP
CAA0
DAA0
5AA0
52A0
52A0
52A0
72A0
32A0
32A0
ENDCHAR
STARTCHAR uni2168
ENCODING 8552
SWIDTH 1000 0
DWIDTH 12 0
BBX 11 9 0 0
BITMAP
CCC0
CCC0
C780
C780
C300
C780
C580
CCC0
DCE0
ENDCHAR
STARTCHAR uni2169
ENCODING 8553
SWIDTH 1000 0
DWIDTH 9 0
BBX 8 9 0 0
BITMAP
66
66
3C
3C
18
3C
2C
66
E7
ENDCHAR
STARTCHAR uni216A
ENCODING 8554
SWIDTH 1000 0
DWIDTH 12 0
BBX 11 9 0 0
BITMAP
6660
6660
3C60
3C60
1860
3C60
2C60
6660
E760
ENDCHAR
STARTCHAR uni216B
ENCODING 8555
SWIDTH 1000 0
DWIDTH 12 0
BBX 11 9 0 0
BITMAP
CDA0
69A0
69A0
39A0
31A0
39A0
79A0
4DA0
CDA0
ENDCHAR
STARTCHAR uni2170
ENCODING 8560
SWIDTH 1000 0
DWIDTH 3 0
BBX 2 10 0 0
BITMAP
C0
C0
00
C0
C0
C0
C0
C0
C0
C0
ENDCHAR
STARTCHAR uni2171
ENCODING 8561
SWIDTH 1000 0
DWIDTH 7 0
BBX 6 10 0 0
BITMAP
CC
CC
00
CC
CC
CC
CC
CC
CC
CC
ENDCHAR
STARTCHAR uni2172
ENCODING 8562
SWIDTH 1000 0
DWIDTH 11 0
BBX 10 10 0 0
BITMAP
4C80
CCC0
0000
CCC0
CCC0
CCC0
CCC0
CCC0
CCC0
CCC0
ENDCHAR
STARTCHAR uni2173
ENCODING 8563
SWIDTH 1000 0
DWIDTH 11 0
BBX 10 10 0 0
BITMAP
4000
E000
0000
48C0
4CC0
4C80
4580
4780
4700
4300
ENDCHAR
STARTCHAR uni2174
ENCODING 8564
SWIDTH 1000 0
DWIDTH 7 0
BBX 6 7 0 0
BITMAP
C4
CC
CC
48
78
38
30
ENDCHAR
STARTCHAR uni2175
ENCODING 8565
SWIDTH 1000 0
DWIDTH 11 0
BBX 10 10 0 0
BITMAP
0080
01C0
0000
C480
CC80
4C80
6880
6880
3880
3080
ENDCHAR
STARTCHAR uni2176
ENCODING 8566
SWIDTH 1000 0
DWIDTH 12 0
BBX 11 10 0 0
BITMAP
0120
03E0
0000
CD60
CD60
4960
6960
7960
3960
3160
ENDCHAR
STARTCHAR uni2177
ENCODING 8567
SWIDTH 1000 0
DWIDTH 13 0
BBX 12 10 0 0
BITMAP
02A0
06B0
0000
DAA0
DAA0
52A0
52A0
52A0
72A0
32A0
ENDCHAR
STARTCHAR uni2178
ENCODING 8568
SWIDTH 1000 0
DWIDTH 10 0
BBX 9 10 0 0
BITMAP
8000
C000
0000
D980
CB00
CF00
C600
CE00
CB00
D980
ENDCHAR
STARTCHAR uni2179
ENCODING 8569
SWIDTH 1000 0
DWIDTH 7 0
BBX 6 7 0 0
BITMAP
CC
68
78
30
78
58
CC
ENDCHAR
STARTCHAR uni217A
ENCODING 8570
SWIDTH 1000 0
DWIDTH 10 0
BBX 9 10 0 0
BITMAP
0080
0180
0000
CD80
6D80
7980
3180
7980
6980
CD80
ENDCHAR
STARTCHAR uni217B
ENCODING 8571
SWIDTH 1000 0
DWIDTH 13 0
BBX 12 10 0 0
BITMAP
0120
03F0
0000
CD20
6920
3920
3120
3920
6920
CD20
ENDCHAR
STARTCHAR arrowleft
ENCODING 8592
SWIDTH 1000 0
DWIDTH 8 0
BBX 7 3 0 0
BITMAP
40
FE
40
ENDCHAR
STARTCHAR arrowup
ENCODING 8593
SWIDTH 500 0
DWIDTH 4 0
BBX 3 7 0 0
BITMAP
40
E0
40
40
40
40
40
ENDCHAR
STARTCHAR arrowright
ENCODING 8594
SWIDTH 1000 0
DWIDTH 8 0
BBX 7 3 0 0
BITMAP
04
FE
04
ENDCHAR
STARTCHAR arrowdown
ENCODING 8595
SWIDTH 500 0
DWIDTH 4 0
BBX 3 7 0 0
BITMAP
40
40
40
40
40
E0
40
ENDCHAR
STARTCHAR arrowboth
ENCODING 8596
SWIDTH 1000 0
DWIDTH 8 0
BBX 7 3 0 0
BITMAP
44
FE
44
ENDCHAR
STARTCHAR arrowupdn
ENCODING 8597
SWIDTH 500 0
DWIDTH 4 0
BBX 3 7 0 0
BITMAP
40
E0
40
40
40
E0
40
ENDCHAR
STARTCHAR uni2196
ENCODING 8598
SWIDTH 1000 0
DWIDTH 9 0
BBX 8 9 0 0
BITMAP
80
F8
E0
F0
D8
0C
06
03
01
ENDCHAR
STARTCHAR uni2197
ENCODING 8599
SWIDTH 1000 0
DWIDTH 9 0
BBX 8 9 0 0
BITMAP
01
1F
07
0F
19
30
60
C0
80
ENDCHAR
STARTCHAR uni2198
ENCODING 8600
SWIDTH 1000 0
DWIDTH 9 0
BBX 8 8 0 1
BITMAP
80
C0
60
30
1B
0F
07
1F
ENDCHAR
STARTCHAR uni2199
ENCODING 8601
SWIDTH 1000 0
DWIDTH 9 0
BBX 8 8 0 1
BITMAP
01
03
06
0C
D8
F0
E0
F8
ENDCHAR
STARTCHAR arrowupdnbse
ENCODING 8616
SWIDTH 500 0
DWIDTH 4 0
BBX 3 9 0 -2
BITMAP
40
E0
40
40
40
E0
40
00
E0
ENDCHAR
STARTCHAR uni21B8
ENCODING 8632
SWIDTH 1000 0
DWIDTH 11 0
BBX 10 10 0 0
BITMAP
FFC0
0000
7C00
7000
7800
6C00
0600
0300
0180
0080
ENDCHAR
STARTCHAR uni21B9
ENCODING 8633
SWIDTH 1000 0
DWIDTH 13 0
BBX 12 11 0 -1
BITMAP
C800
D800
FFF0
F000
D800
0930
01B0
FFF0
FFF0
01B0
0130
ENDCHAR
STARTCHAR uni21C4
ENCODING 8644
SWIDTH 1000 0
DWIDTH 13 0
BBX 12 11 0 -1
BITMAP
0180
00C0
FFF0
0060
0080
1980
3000
7FF0
FFF0
3000
1800
ENDCHAR
STARTCHAR uni21C5
ENCODING 8645
SWIDTH 1000 0
DWIDTH 13 0
BBX 12 11 0 -1
BITMAP
1080
3880
FC80
5480
1080
1080
1080
12B0
11E0
11C0
1080
ENDCHAR
STARTCHAR uni21C6
ENCODING 8646
SWIDTH 1000 0
DWIDTH 13 0
BBX 12 11 0 -1
BITMAP
1800
3000
FFF0
6000
1000
1980
00C0
FFE0
FFF0
00C0
0180
ENDCHAR
STARTCHAR uni21CB
ENCODING 8651
SWIDTH 1000 0
DWIDTH 13 0
BBX 12 11 0 -1
BITMAP
1000
1800
3000
FFF0
0000
0000
0000
FFF0
00C0
0180
0080
ENDCHAR
STARTCHAR uni21CC
ENCODING 8652
SWIDTH 1000 0
DWIDTH 13 0
BBX 12 11 0 -1
BITMAP
0080
0180
00C0
FFF0
0000
0000
0000
FFF0
3000
1800
1000
ENDCHAR
STARTCHAR uni21D0
ENCODING 8656
SWIDTH 1000 0
DWIDTH 13 0
BBX 12 9 0 0
BITMAP
0800
1800
1FF0
2000
C000
3FF0
1FF0
0800
0800
ENDCHAR
STARTCHAR uni21D2
ENCODING 8658
SWIDTH 1000 0
DWIDTH 13 0
BBX 12 9 0 0
BITMAP
0100
0180
FF80
0040
0030
0040
FF80
0100
0100
ENDCHAR
STARTCHAR uni21D4
ENCODING 8660
SWIDTH 1000 0
DWIDTH 13 0
BBX 12 9 0 0
BITMAP
1080
1980
3FC0
6060
C030
6060
3FC0
1980
1080
ENDCHAR
STARTCHAR uni21E6
ENCODING 8678
SWIDTH 1000 0
DWIDTH 12 0
BBX 11 9 0 0
BITMAP
0400
0800
37E0
4020
8020
6020
1FC0
0800
0400
ENDCHAR
STARTCHAR uni21E7
ENCODING 8679
SWIDTH 1000 0
DWIDTH 9 0
BBX 8 11 0 -1
BITMAP
18
24
24
42
E7
24
24
24
24
24
3C
ENDCHAR
STARTCHAR uni21E8
ENCODING 8680
SWIDTH 1000 0
DWIDTH 12 0
BBX 11 9 0 0
BITMAP
0400
0200
FD80
8040
8020
80C0
7F00
0200
0400
ENDCHAR
STARTCHAR uni21E9
ENCODING 8681
SWIDTH 1000 0
DWIDTH 9 0
BBX 8 11 0 -1
BITMAP
3C
24
24
24
24
24
E7
42
24
18
10
ENDCHAR
STARTCHAR uni21F5
ENCODING 8693
SWIDTH 1000 0
DWIDTH 13 0
BBX 12 11 0 -1
BITMAP
1080
11C0
13F0
12A0
1080
1080
1080
D480
7880
3880
1080
ENDCHAR
STARTCHAR uni2200
ENCODING 8704
SWIDTH 1000 0
DWIDTH 11 0
BBX 10 9 0 0
BITMAP
C0C0
4080
6180
3F00
1200
1200
0C00
0C00
0800
ENDCHAR
STARTCHAR partialdiff
ENCODING 8706
SWIDTH 500 0
DWIDTH 6 0
BBX 5 9 0 0
BITMAP
70
08
08
78
C8
88
98
90
60
ENDCHAR
STARTCHAR uni2203
ENCODING 8707
SWIDTH 1000 0
DWIDTH 9 0
BBX 8 9 0 0
BITMAP
FF
03
03
03
FF
03
03
03
FF
ENDCHAR
STARTCHAR uni2205
ENCODING 8709
SWIDTH 1000 0
DWIDTH 9 0
BBX 8 9 0 0
BITMAP
3D
67
87
8D
99
B1
E3
E6
BC
ENDCHAR
STARTCHAR u2206
ENCODING 8710
SWIDTH 583 0
DWIDTH 8 0
BBX 7 9 0 0
BITMAP
38
28
28
6C
6C
44
C6
C6
FE
ENDCHAR
STARTCHAR uni2207
ENCODING 8711
SWIDTH 1000 0
DWIDTH 9 0
BBX 8 9 0 0
BITMAP
FF
FF
C3
42
66
66
2C
3C
18
ENDCHAR
STARTCHAR uni2208
ENCODING 8712
SWIDTH 1000 0
DWIDTH 10 0
BBX 9 7 0 1
BITMAP
3F80
6000
4000
FF80
4000
6000
3F80
ENDCHAR
STARTCHAR uni2209
ENCODING 8713
SWIDTH 1000 0
DWIDTH 10 0
BBX 9 9 0 0
BITMAP
0400
3F80
6400
4400
FF80
4400
6400
3F80
0400
ENDCHAR
STARTCHAR uni220A
ENCODING 8714
SWIDTH 1000 0
DWIDTH 7 0
BBX 6 7 0 0
BITMAP
3C
74
C0
F8
C0
C0
78
ENDCHAR
STARTCHAR uni220B
ENCODING 8715
SWIDTH 1000 0
DWIDTH 10 0
BBX 9 7 0 1
BITMAP
FE00
0300
0100
FF80
0100
0300
FE00
ENDCHAR
STARTCHAR product
ENCODING 8719
SWIDTH 833 0
DWIDTH 8 0
BBX 7 11 0 -2
BITMAP
FE
C6
C6
C6
C6
C6
C6
C6
C6
C6
C6
ENDCHAR
STARTCHAR summation
ENCODING 8721
SWIDTH 750 0
DWIDTH 9 0
BBX 8 11 0 -2
BITMAP
FF
60
30
38
18
0C
18
30
60
60
FF
ENDCHAR
STARTCHAR minus
ENCODING 8722
SWIDTH 583 0
DWIDTH 7 0
BBX 6 1 0 4
BITMAP
FC
ENDCHAR
STARTCHAR uni2213
ENCODING 8723
SWIDTH 1000 0
DWIDTH 9 0
BBX 8 10 0 -1
BITMAP
FF
00
18
18
18
FF
FF
18
18
18
ENDCHAR
STARTCHAR fraction
ENCODING 8725
SWIDTH 167 0
DWIDTH 9 0
BBX 8 9 0 0
BITMAP
01
02
04
08
10
10
20
40
80
ENDCHAR
STARTCHAR periodcentered
ENCODING 8729
SWIDTH 250 0
DWIDTH 3 0
BBX 2 2 0 3
BITMAP
C0
C0
ENDCHAR
STARTCHAR radical
ENCODING 8730
SWIDTH 583 0
DWIDTH 8 0
BBX 7 10 0 0
BITMAP
02
06
04
04
CC
48
28
38
30
10
ENDCHAR
STARTCHAR uni221D
ENCODING 8733
SWIDTH 1000 0
DWIDTH 11 0
BBX 10 5 0 2
BITMAP
79C0
CF00
C600
4F00
79C0
ENDCHAR
STARTCHAR infinity
ENCODING 8734
SWIDTH 667 0
DWIDTH 8 0
BBX 7 4 0 2
BITMAP
6C
92
92
6E
ENDCHAR
STARTCHAR orthogonal
ENCODING 8735
SWIDTH 1000 0
DWIDTH 9 0
BBX 8 8 0 0
BITMAP
80
80
80
80
80
80
80
FF
ENDCHAR
STARTCHAR uni2220
ENCODING 8736
SWIDTH 1000 0
DWIDTH 11 0
BBX 10 8 0 0
BITMAP
0180
0300
0600
0C00
1800
3000
7FC0
FFC0
ENDCHAR
STARTCHAR uni2223
ENCODING 8739
SWIDTH 1000 0
DWIDTH 3 0
BBX 2 9 0 0
BITMAP
C0
C0
C0
C0
C0
C0
C0
C0
C0
ENDCHAR
STARTCHAR uni2225
ENCODING 8741
SWIDTH 1000 0
DWIDTH 9 0
BBX 8 9 0 0
BITMAP
08
1B
12
36
24
6C
48
D8
10
ENDCHAR
STARTCHAR uni2226
ENCODING 8742
SWIDTH 1000 0
DWIDTH 9 0
BBX 8 9 0 0
BITMAP
08
3B
72
36
3C
6C
4E
DC
10
ENDCHAR
STARTCHAR uni2227
ENCODING 8743
SWIDTH 1000 0
DWIDTH 11 0
BBX 10 9 0 0
BITMAP
0800
0C00
1E00
1200
3300
2100
6180
4080
C0C0
ENDCHAR
STARTCHAR uni2228
ENCODING 8744
SWIDTH 1000 0
DWIDTH 11 0
BBX 10 9 0 0
BITMAP
C0C0
4080
6180
2100
3300
1200
0C00
0C00
0800
ENDCHAR
STARTCHAR intersection
ENCODING 8745
SWIDTH 667 0
DWIDTH 6 0
BBX 5 6 0 0
BITMAP
70
88
88
88
88
88
ENDCHAR
STARTCHAR uni222A
ENCODING 8746
SWIDTH 1000 0
DWIDTH 9 0
BBX 8 9 0 0
BITMAP
81
81
81
81
81
81
C3
66
3C
ENDCHAR
STARTCHAR integral
ENCODING 8747
SWIDTH 250 0
DWIDTH 7 0
BBX 6 12 0 -3
BITMAP
1C
30
30
30
30
30
30
30
30
30
30
E0
ENDCHAR
STARTCHAR uni222C
ENCODING 8748
SWIDTH 1000 0
DWIDTH 11 0
BBX 10 11 0 -1
BITMAP
19C0
3100
2100
2100
2100
2100
2100
2100
2100
6300
E600
ENDCHAR
STARTCHAR uni222D
ENCODING 8749
SWIDTH 1000 0
DWIDTH 13 0
BBX 12 11 0 -1
BITMAP
1B70
3640
2640
2640
2640
2640
2640
2640
2640
66C0
ED80
ENDCHAR
STARTCHAR uni222E
ENCODING 8750
SWIDTH 1000 0
DWIDTH 5 0
BBX 4 11 0 -1
BITMAP
30
60
60
60
F0
F0
F0
60
60
60
C0
ENDCHAR
STARTCHAR uni2234
ENCODING 8756
SWIDTH 1000 0
DWIDTH 9 0
BBX 8 7 0 1
BITMAP
18
18
00
00
00
C3
C3
ENDCHAR
STARTCHAR uni2235
ENCODING 8757
SWIDTH 1000 0
DWIDTH 9 0
BBX 8 7 0 1
BITMAP
C3
C3
00
00
00
18
18
ENDCHAR
STARTCHAR uni2236
ENCODING 8758
SWIDTH 1000 0
DWIDTH 3 0
BBX 2 7 0 1
BITMAP
C0
C0
00
00
00
C0
C0
ENDCHAR
STARTCHAR uni2237
ENCODING 8759
SWIDTH 1000 0
DWIDTH 9 0
BBX 8 7 0 1
BITMAP
C3
C3
00
00
00
C3
C3
ENDCHAR
STARTCHAR uni223D
ENCODING 8765
SWIDTH 1000 0
DWIDTH 13 0
BBX 12 5 0 2
BITMAP
71E0
C330
C630
4C20
78E0
ENDCHAR
STARTCHAR uni2243
ENCODING 8771
SWIDTH 1000 0
DWIDTH 9 0
BBX 8 5 0 2
BITMAP
F1
8E
00
00
FF
ENDCHAR
STARTCHAR uni2245
ENCODING 8773
SWIDTH 1000 0
DWIDTH 9 0
BBX 8 7 0 1
BITMAP
61
FB
8E
00
FF
FF
FF
ENDCHAR
STARTCHAR approxequal
ENCODING 8776
SWIDTH 583 0
DWIDTH 7 0
BBX 6 5 0 1
BITMAP
E0
1C
00
E0
1C
ENDCHAR
STARTCHAR uni224C
ENCODING 8780
SWIDTH 1000 0
DWIDTH 13 0
BBX 12 9 0 0
BITMAP
71E0
C330
C630
4C20
30C0
0000
3FC0
0000
3FC0
ENDCHAR
STARTCHAR notequal
ENCODING 8800
SWIDTH 583 0
DWIDTH 7 0
BBX 6 5 0 2
BITMAP
08
FC
10
FC
40
ENDCHAR
STARTCHAR equivalence
ENCODING 8801
SWIDTH 583 0
DWIDTH 6 0
BBX 5 5 0 1
BITMAP
F8
00
F8
00
F8
ENDCHAR
STARTCHAR uni2262
ENCODING 8802
SWIDTH 1000 0
DWIDTH 9 0
BBX 8 9 0 0
BITMAP
04
0C
FF
08
FF
10
FF
30
20
ENDCHAR
STARTCHAR lessequal
ENCODING 8804
SWIDTH 583 0
DWIDTH 7 0
BBX 6 7 0 0
BITMAP
0C
70
80
70
0C
00
FC
ENDCHAR
STARTCHAR greaterequal
ENCODING 8805
SWIDTH 583 0
DWIDTH 7 0
BBX 6 7 0 0
BITMAP
C0
38
04
38
C0
00
FC
ENDCHAR
STARTCHAR uni2266
ENCODING 8806
SWIDTH 1000 0
DWIDTH 11 0
BBX 10 11 0 -1
BITMAP
01C0
0700
3800
F000
0E00
03C0
0040
7F80
0000
7F80
7F80
ENDCHAR
STARTCHAR uni2267
ENCODING 8807
SWIDTH 1000 0
DWIDTH 11 0
BBX 10 11 0 -1
BITMAP
E000
3800
0700
03C0
1C00
F000
8000
7F80
0000
7F80
7F80
ENDCHAR
STARTCHAR uni226A
ENCODING 8810
SWIDTH 1000 0
DWIDTH 13 0
BBX 12 9 0 0
BITMAP
0330
0440
1980
2200
CC00
3300
1980
0640
0330
ENDCHAR
STARTCHAR uni226B
ENCODING 8811
SWIDTH 1000 0
DWIDTH 13 0
BBX 12 9 0 0
BITMAP
CC00
2200
1980
0440
0330
0CC0
1980
2600
CC00
ENDCHAR
STARTCHAR uni226E
ENCODING 8814
SWIDTH 1000 0
DWIDTH 11 0
BBX 10 11 0 -1
BITMAP
0200
02C0
0700
0C00
3400
E400
3C00
0C00
0B00
08C0
0800
ENDCHAR
STARTCHAR uni226F
ENCODING 8815
SWIDTH 1000 0
DWIDTH 11 0
BBX 10 11 0 -1
BITMAP
0400
C400
3400
0C00
0B00
09C0
0F00
0C00
3800
D000
0800
ENDCHAR
STARTCHAR uni2272
ENCODING 8818
SWIDTH 1000 0
DWIDTH 11 0
BBX 10 11 0 -1
BITMAP
0040
03C0
0E00
F800
7800
0E00
03C0
0040
38C0
CF80
4200
ENDCHAR
STARTCHAR uni2273
ENCODING 8819
SWIDTH 1000 0
DWIDTH 11 0
BBX 10 11 0 -1
BITMAP
8000
F000
1C00
07C0
0780
1C00
F000
8000
38C0
CF80
4200
ENDCHAR
STARTCHAR uni2276
ENCODING 8822
SWIDTH 1000 0
DWIDTH 11 0
BBX 10 11 0 -1
BITMAP
01C0
0700
3800
F800
8E00
F1C0
1C00
03C0
0F00
3800
C000
ENDCHAR
STARTCHAR uni2277
ENCODING 8823
SWIDTH 1000 0
DWIDTH 11 0
BBX 10 11 0 -1
BITMAP
E000
3800
0700
07C0
1C40
E3C0
0E00
F000
3C00
0700
00C0
ENDCHAR
STARTCHAR uni2282
ENCODING 8834
SWIDTH 1000 0
DWIDTH 10 0
BBX 9 7 0 1
BITMAP
3F80
6000
4000
C000
4000
6000
3F80
ENDCHAR
STARTCHAR uni2283
ENCODING 8835
SWIDTH 1000 0
DWIDTH 10 0
BBX 9 7 0 1
BITMAP
FE00
0300
0100
0180
0100
0300
FE00
ENDCHAR
STARTCHAR uni2284
ENCODING 8836
SWIDTH 1000 0
DWIDTH 10 0
BBX 9 9 0 0
BITMAP
0180
3F80
6200
4200
C400
4400
6800
3F80
1000
ENDCHAR
STARTCHAR uni2285
ENCODING 8837
SWIDTH 1000 0
DWIDTH 10 0
BBX 9 9 0 0
BITMAP
0400
FE00
0B00
1100
1180
2100
6300
FE00
C000
ENDCHAR
STARTCHAR uni2286
ENCODING 8838
SWIDTH 1000 0
DWIDTH 10 0
BBX 9 9 0 0
BITMAP
3F80
4000
C000
C000
4000
3F80
0000
0000
7F80
ENDCHAR
STARTCHAR uni2287
ENCODING 8839
SWIDTH 1000 0
DWIDTH 10 0
BBX 9 9 0 0
BITMAP
FE00
0100
0180
0180
0100
FE00
0000
0000
FF00
ENDCHAR
STARTCHAR uni228A
ENCODING 8842
SWIDTH 1000 0
DWIDTH 10 0
BBX 9 10 0 -1
BITMAP
3F80
4000
C000
C000
4000
3F80
0000
0400
7F80
0800
ENDCHAR
STARTCHAR uni228B
ENCODING 8843
SWIDTH 1000 0
DWIDTH 10 0
BBX 9 10 0 -1
BITMAP
FE00
0100
0180
0180
0100
FE00
0000
0800
FF00
1000
ENDCHAR
STARTCHAR uni2295
ENCODING 8853
SWIDTH 1000 0
DWIDTH 9 0
BBX 8 9 0 0
BITMAP
3C
66
99
99
BD
99
DB
66
3C
ENDCHAR
STARTCHAR uni2296
ENCODING 8854
SWIDTH 1000 0
DWIDTH 9 0
BBX 8 9 0 0
BITMAP
3C
66
81
81
BD
81
C3
66
3C
ENDCHAR
STARTCHAR uni2297
ENCODING 8855
SWIDTH 1000 0
DWIDTH 9 0
BBX 8 9 0 0
BITMAP
3C
66
A5
BD
99
BD
E7
66
3C
ENDCHAR
STARTCHAR uni2298
ENCODING 8856
SWIDTH 1000 0
DWIDTH 9 0
BBX 8 9 0 0
BITMAP
3C
66
85
8D
99
B1
E3
66
3C
ENDCHAR
STARTCHAR uni2299
ENCODING 8857
SWIDTH 1000 0
DWIDTH 9 0
BBX 8 9 0 0
BITMAP
3C
66
81
81
99
81
C3
66
3C
ENDCHAR
STARTCHAR uni22A0
ENCODING 8864
SWIDTH 1000 0
DWIDTH 11 0
BBX 10 9 0 0
BITMAP
FFC0
8040
B340
9E40
8C40
9E40
B340
8040
FFC0
ENDCHAR
STARTCHAR uni22A5
ENCODING 8869
SWIDTH 1000 0
DWIDTH 11 0
BBX 10 9 0 0
BITMAP
0C00
0C00
0C00
0C00
0C00
0C00
0C00
FFC0
FFC0
ENDCHAR
STARTCHAR uni22BF
ENCODING 8895
SWIDTH 1000 0
DWIDTH 10 0
BBX 9 10 0 0
BITMAP
0080
0080
0180
0380
0680
0C80
1880
3080
6080
FF80
ENDCHAR
STARTCHAR uni22DA
ENCODING 8922
SWIDTH 1000 0
DWIDTH 11 0
BBX 10 11 0 -1
BITMAP
01C0
1E00
F800
07C0
0080
7F80
C000
7800
07C0
3E00
E000
ENDCHAR
STARTCHAR uni22DB
ENCODING 8923
SWIDTH 1000 0
DWIDTH 11 0
BBX 10 11 0 -1
BITMAP
E000
1E00
07C0
F800
4000
7F80
00C0
0780
F800
1F00
01C0
ENDCHAR
STARTCHAR uni22EF
ENCODING 8943
SWIDTH 1000 0
DWIDTH 11 0
BBX 10 2 0 4
BITMAP
8880
CCC0
ENDCHAR
STARTCHAR house
ENCODING 8962
SWIDTH 583 0
DWIDTH 6 0
BBX 5 7 0 0
BITMAP
20
50
50
88
88
88
F8
ENDCHAR
STARTCHAR uni2305
ENCODING 8965
SWIDTH 1000 0
DWIDTH 9 0
BBX 8 8 0 0
BITMAP
FF
00
18
18
24
42
C3
81
ENDCHAR
STARTCHAR uni2306
ENCODING 8966
SWIDTH 1000 0
DWIDTH 9 0
BBX 8 9 0 0
BITMAP
FF
00
00
FF
18
24
66
42
81
ENDCHAR
STARTCHAR uni2307
ENCODING 8967
SWIDTH 1000 0
DWIDTH 5 0
BBX 4 12 0 -1
BITMAP
80
C0
30
10
30
C0
80
C0
30
10
30
C0
ENDCHAR
STARTCHAR revlogicalnot
ENCODING 8976
SWIDTH 583 0
DWIDTH 6 0
BBX 5 3 0 1
BITMAP
F8
80
80
ENDCHAR
STARTCHAR uni2312
ENCODING 8978
SWIDTH 1000 0
DWIDTH 13 0
BBX 12 3 0 7
BITMAP
1F80
70E0
C030
ENDCHAR
STARTCHAR uni2318
ENCODING 8984
SWIDTH 1000 0
DWIDTH 11 0
BBX 10 11 0 -1
BITMAP
E1C0
9240
9240
FFC0
1200
1200
1200
FFC0
9240
9240
6180
ENDCHAR
STARTCHAR integraltp
ENCODING 8992
SWIDTH 583 0
DWIDTH 4 0
BBX 3 14 0 -4
BITMAP
60
80
80
80
80
80
80
80
80
80
80
80
80
80
ENDCHAR
STARTCHAR integralbt
ENCODING 8993
SWIDTH 583 0
DWIDTH 4 0
BBX 3 14 0 -4
BITMAP
20
20
20
20
20
20
20
20
20
20
20
20
20
C0
ENDCHAR
STARTCHAR uni2329
ENCODING 9001
SWIDTH 1000 0
DWIDTH 5 0
BBX 4 11 0 -1
BITMAP
10
30
20
40
C0
80
C0
40
20
30
10
ENDCHAR
STARTCHAR uni232A
ENCODING 9002
SWIDTH 1000 0
DWIDTH 5 0
BBX 4 11 0 -1
BITMAP
80
C0
40
20
30
10
30
20
40
C0
80
ENDCHAR
STARTCHAR uni23B0
ENCODING 9136
SWIDTH 1000 0
DWIDTH 5 0
BBX 4 11 0 -1
BITMAP
30
60
60
60
60
60
60
20
20
20
E0
ENDCHAR
STARTCHAR uni23B1
ENCODING 9137
SWIDTH 1000 0
DWIDTH 5 0
BBX 4 12 0 -1
BITMAP
C0
60
20
20
20
60
60
60
60
60
60
30
ENDCHAR
STARTCHAR uni23BE
ENCODING 9150
SWIDTH 1000 0
DWIDTH 7 0
BBX 6 12 0 -1
BITMAP
FC
80
80
80
80
80
80
80
80
80
80
80
ENDCHAR
STARTCHAR uni23BF
ENCODING 9151
SWIDTH 1000 0
DWIDTH 7 0
BBX 6 12 0 -1
BITMAP
80
80
80
80
80
80
80
80
80
80
80
FC
ENDCHAR
STARTCHAR uni23C0
ENCODING 9152
SWIDTH 1000 0
DWIDTH 9 0
BBX 8 12 0 -1
BITMAP
10
10
18
76
91
91
91
91
52
34
18
10
ENDCHAR
STARTCHAR uni23C1
ENCODING 9153
SWIDTH 1000 0
DWIDTH 13 0
BBX 12 12 0 -1
BITMAP
FFF0
0400
0600
1D80
2440
2440
2440
2440
1480
0D00
0600
0400
ENDCHAR
STARTCHAR uni23C2
ENCODING 9154
SWIDTH 1000 0
DWIDTH 13 0
BBX 12 12 0 -1
BITMAP
0400
0400
0600
1D80
2440
2440
2440
2440
1480
0D00
0600
FFF0
ENDCHAR
STARTCHAR uni23C3
ENCODING 9155
SWIDTH 1000 0
DWIDTH 11 0
BBX 10 12 0 -1
BITMAP
0800
0800
0800
0C00
0C00
1A00
2900
2900
4880
4880
BF40
0800
ENDCHAR
STARTCHAR uni23C4
ENCODING 9156
SWIDTH 1000 0
DWIDTH 13 0
BBX 12 12 0 -1
BITMAP
FFF0
0400
0400
0600
0600
0D00
1480
1480
2440
2440
5FA0
0400
ENDCHAR
STARTCHAR uni23C5
ENCODING 9157
SWIDTH 1000 0
DWIDTH 13 0
BBX 12 12 0 -1
BITMAP
0400
0400
0400
0600
0600
0D00
1480
1480
2440
2440
5FA0
FFF0
ENDCHAR
STARTCHAR uni23C6
ENCODING 9158
SWIDTH 1000 0
DWIDTH 9 0
BBX 8 12 0 -1
BITMAP
10
10
10
10
10
71
89
96
10
10
10
10
ENDCHAR
STARTCHAR uni23C7
ENCODING 9159
SWIDTH 1000 0
DWIDTH 13 0
BBX 12 12 0 -1
BITMAP
FFF0
0400
0400
0400
0400
1C40
2240
2580
0400
0400
0400
0400
ENDCHAR
STARTCHAR uni23C8
ENCODING 9160
SWIDTH 1000 0
DWIDTH 13 0
BBX 12 12 0 -1
BITMAP
0400
0400
0400
0400
0400
1C40
2240
2580
0400
0400
0400
FFF0
ENDCHAR
STARTCHAR uni23C9
ENCODING 9161
SWIDTH 1000 0
DWIDTH 13 0
BBX 12 12 0 -1
BITMAP
FFF0
0400
0400
0400
0400
0400
0400
0400
0400
0400
0400
0400
ENDCHAR
STARTCHAR uni23CA
ENCODING 9162
SWIDTH 1000 0
DWIDTH 13 0
BBX 12 12 0 -1
BITMAP
0400
0400
0400
0400
0400
0400
0400
0400
0400
0400
0400
FFF0
ENDCHAR
STARTCHAR uni23CB
ENCODING 9163
SWIDTH 1000 0
DWIDTH 7 0
BBX 6 12 0 -1
BITMAP
FC
04
04
04
04
04
04
04
04
04
04
04
ENDCHAR
STARTCHAR uni23CC
ENCODING 9164
SWIDTH 1000 0
DWIDTH 7 0
BBX 6 12 0 -1
BITMAP
04
04
04
04
04
04
04
04
04
04
04
FC
ENDCHAR
STARTCHAR uni23CE
ENCODING 9166
SWIDTH 1000 0
DWIDTH 12 0
BBX 11 11 0 -1
BITMAP
00E0
0120
0120
0920
1920
2F20
4020
C040
2F80
1800
0800
ENDCHAR
STARTCHAR uni23DA
ENCODING 9178
SWIDTH 1000 0
DWIDTH 9 0
BBX 8 10 0 0
BITMAP
18
18
18
18
18
18
FF
00
7E
18
ENDCHAR
STARTCHAR uni23DB
ENCODING 9179
SWIDTH 1000 0
DWIDTH 13 0
BBX 12 5 0 2
BITMAP
3FC0
2040
FFF0
2040
3FC0
ENDCHAR
STARTCHAR uni2423
ENCODING 9251
SWIDTH 1000 0
DWIDTH 9 0
BBX 8 2 0 -1
BITMAP
81
FF
ENDCHAR
STARTCHAR uni2460
ENCODING 9312
SWIDTH 1000 0
DWIDTH 13 0
BBX 12 11 0 -1
BITMAP
1F80
2040
4620
8E10
8210
8210
8210
8210
4220
2040
1F80
ENDCHAR
STARTCHAR uni2461
ENCODING 9313
SWIDTH 1000 0
DWIDTH 13 0
BBX 12 11 0 -1
BITMAP
1F80
2040
4E20
8B10
8110
8310
8610
8F10
4F20
2040
1F80
ENDCHAR
STARTCHAR uni2462
ENCODING 9314
SWIDTH 1000 0
DWIDTH 13 0
BBX 12 11 0 -1
BITMAP
1F80
2040
4E20
8910
8310
8710
8110
9F10
4620
2040
1F80
ENDCHAR
STARTCHAR uni2463
ENCODING 9315
SWIDTH 1000 0
DWIDTH 13 0
BBX 12 11 0 -1
BITMAP
1F80
2040
4320
8710
8F10
9B10
9F10
8310
4320
2040
1F80
ENDCHAR
STARTCHAR uni2464
ENCODING 9316
SWIDTH 1000 0
DWIDTH 13 0
BBX 12 11 0 -1
BITMAP
1F80
2040
4F20
8F10
8A10
8F10
8110
8F10
4620
2040
1F80
ENDCHAR
STARTCHAR uni2465
ENCODING 9317
SWIDTH 1000 0
DWIDTH 13 0
BBX 12 11 0 -1
BITMAP
1F80
2040
4720
8D10
9810
9F10
9910
8F10
4620
2040
1F80
ENDCHAR
STARTCHAR uni2466
ENCODING 9318
SWIDTH 1000 0
DWIDTH 13 0
BBX 12 11 0 -1
BITMAP
1F80
2040
4F20
8F10
8210
8210
8610
8610
4420
2040
1F80
ENDCHAR
STARTCHAR uni2467
ENCODING 9319
SWIDTH 1000 0
DWIDTH 13 0
BBX 12 11 0 -1
BITMAP
1F80
2040
4620
8910
8D10
8710
8910
8910
4620
2040
1F80
ENDCHAR
STARTCHAR uni2468
ENCODING 9320
SWIDTH 1000 0
DWIDTH 13 0
BBX 12 11 0 -1
BITMAP
1F80
2040
4620
8910
8990
8F90
8110
8F10
4620
2040
1F80
ENDCHAR
STARTCHAR uni2469
ENCODING 9321
SWIDTH 1000 0
DWIDTH 13 0
BBX 12 11 0 -1
BITMAP
1F80
2040
59A0
BAD0
9AD0
9AD0
9AD0
9B90
5920
2040
1F80
ENDCHAR
STARTCHAR uni246A
ENCODING 9322
SWIDTH 1000 0
DWIDTH 13 0
BBX 12 11 0 -1
BITMAP
1F80
2040
49A0
9B90
8990
8990
8990
8990
49A0
2040
1F80
ENDCHAR
STARTCHAR uni246B
ENCODING 9323
SWIDTH 1000 0
DWIDTH 13 0
BBX 12 11 0 -1
BITMAP
1F80
2040
5BA0
BA90
9890
9990
9910
9B90
5BA0
2040
1F80
ENDCHAR
STARTCHAR uni246C
ENCODING 9324
SWIDTH 1000 0
DWIDTH 13 0
BBX 12 11 0 -1
BITMAP
1F80
2040
5BA0
BA90
9890
9990
9890
9B90
5B20
2040
1F80
ENDCHAR
STARTCHAR uni246D
ENCODING 9325
SWIDTH 1000 0
DWIDTH 13 0
BBX 12 11 0 -1
BITMAP
1F80
2040
59A0
B990
9A90
9A90
9FD0
9890
58A0
2040
1F80
ENDCHAR
STARTCHAR uni246E
ENCODING 9326
SWIDTH 1000 0
DWIDTH 13 0
BBX 12 11 0 -1
BITMAP
1F80
2040
5BA0
BB90
9B10
9B90
9890
9B90
5B20
2040
1F80
ENDCHAR
STARTCHAR uni246F
ENCODING 9327
SWIDTH 1000 0
DWIDTH 13 0
BBX 12 11 0 -1
BITMAP
1F80
2040
59A0
BA90
9A10
9B90
9AD0
9A90
59A0
2040
1F80
ENDCHAR
STARTCHAR uni2470
ENCODING 9328
SWIDTH 1000 0
DWIDTH 13 0
BBX 12 11 0 -1
BITMAP
1F80
2040
5BA0
BB90
9990
9910
9910
9910
5B20
2040
1F80
ENDCHAR
STARTCHAR uni2471
ENCODING 9329
SWIDTH 1000 0
DWIDTH 13 0
BBX 12 11 0 -1
BITMAP
1F80
2040
5BA0
BA90
9A90
9B90
9AD0
9AD0
59A0
2040
1F80
ENDCHAR
STARTCHAR uni2472
ENCODING 9330
SWIDTH 1000 0
DWIDTH 13 0
BBX 12 11 0 -1
BITMAP
1F80
2040
5BA0
BA90
9AD0
9BD0
98D0
9B90
5920
2040
1F80
ENDCHAR
STARTCHAR uni2473
ENCODING 9331
SWIDTH 1000 0
DWIDTH 13 0
BBX 12 11 0 -1
BITMAP
1F80
2040
59A0
AF50
8F50
8B50
9B50
BDD0
7DA0
2040
1F80
ENDCHAR
STARTCHAR uni2474
ENCODING 9332
SWIDTH 1000 0
DWIDTH 13 0
BBX 12 11 0 -1
BITMAP
6060
4220
4E20
8610
8610
8610
8610
8610
4620
4FA0
6060
ENDCHAR
STARTCHAR uni2475
ENCODING 9333
SWIDTH 1000 0
DWIDTH 13 0
BBX 12 11 0 -1
BITMAP
6060
4E20
5B20
8190
8110
8310
8610
8610
4FA0
5FA0
6060
ENDCHAR
STARTCHAR uni2476
ENCODING 9334
SWIDTH 1000 0
DWIDTH 13 0
BBX 12 11 0 -1
BITMAP
6060
4E20
5B20
8190
8310
8610
8190
8190
5BA0
4F20
6060
ENDCHAR
STARTCHAR uni2477
ENCODING 9335
SWIDTH 1000 0
DWIDTH 13 0
BBX 12 11 0 -1
BITMAP
6060
4320
4720
8710
8F10
9B10
9F90
9F90
4320
4320
6060
ENDCHAR
STARTCHAR uni2478
ENCODING 9336
SWIDTH 1000 0
DWIDTH 13 0
BBX 12 11 0 -1
BITMAP
6060
4F20
4F20
8810
8A10
8F10
8190
8190
5BA0
4F20
6060
ENDCHAR
STARTCHAR uni2479
ENCODING 9337
SWIDTH 1000 0
DWIDTH 13 0
BBX 12 11 0 -1
BITMAP
6060
4720
4FA0
9810
9810
9F90
9990
9990
49A0
4720
6060
ENDCHAR
STARTCHAR uni247A
ENCODING 9338
SWIDTH 1000 0
DWIDTH 13 0
BBX 12 11 0 -1
BITMAP
6060
5FA0
5FA0
8310
8210
8610
8610
8610
4420
4420
6060
ENDCHAR
STARTCHAR uni247B
ENCODING 9339
SWIDTH 1000 0
DWIDTH 13 0
BBX 12 11 0 -1
BITMAP
6060
4F20
4920
9990
8D10
8710
9B90
9990
59A0
4F20
6060
ENDCHAR
STARTCHAR uni247C
ENCODING 9340
SWIDTH 1000 0
DWIDTH 13 0
BBX 12 11 0 -1
BITMAP
6060
4E20
5B20
9990
9990
9F90
8590
8190
4B20
5E20
6060
ENDCHAR
STARTCHAR uni247D
ENCODING 9341
SWIDTH 1000 0
DWIDTH 13 0
BBX 12 11 0 -1
BITMAP
6060
49A0
7AA0
8AD0
8AD0
8A50
8AD0
8AD0
4AA0
4BA0
6060
ENDCHAR
STARTCHAR uni247E
ENCODING 9342
SWIDTH 1000 0
DWIDTH 13 0
BBX 12 11 0 -1
BITMAP
6060
48A0
5BA0
8990
8990
8990
8990
8990
49A0
49A0
6060
ENDCHAR
STARTCHAR uni247F
ENCODING 9343
SWIDTH 1000 0
DWIDTH 13 0
BBX 12 11 0 -1
BITMAP
6060
4BA0
7EA0
8890
8890
8890
8990
8910
4A20
4BE0
6060
ENDCHAR
STARTCHAR uni2480
ENCODING 9344
SWIDTH 1000 0
DWIDTH 13 0
BBX 12 11 0 -1
BITMAP
6060
4BA0
7AA0
8890
8890
8910
8890
88D0
4AE0
4FA0
6060
ENDCHAR
STARTCHAR uni2481
ENCODING 9345
SWIDTH 1000 0
DWIDTH 13 0
BBX 12 11 0 -1
BITMAP
6060
48A0
79A0
8990
8A90
8A90
8FD0
8FD0
48A0
48A0
6060
ENDCHAR
STARTCHAR uni2482
ENCODING 9346
SWIDTH 1000 0
DWIDTH 13 0
BBX 12 11 0 -1
BITMAP
6060
4BA0
7BA0
8A10
8B10
8B90
88D0
88D0
4AA0
4FA0
6060
ENDCHAR
STARTCHAR uni2483
ENCODING 9347
SWIDTH 1000 0
DWIDTH 13 0
BBX 12 11 0 -1
BITMAP
6060
49A0
7BE0
8A10
8A10
8B90
8AD0
8AD0
4AE0
49A0
6060
ENDCHAR
STARTCHAR uni2484
ENCODING 9348
SWIDTH 1000 0
DWIDTH 13 0
BBX 12 11 0 -1
BITMAP
6060
4BA0
7BA0
8990
8910
8910
8910
8910
4B20
4B20
6060
ENDCHAR
STARTCHAR uni2485
ENCODING 9349
SWIDTH 1000 0
DWIDTH 13 0
BBX 12 11 0 -1
BITMAP
6060
49A0
7AA0
8A90
8A90
8990
8A90
8AD0
4AE0
4BA0
6060
ENDCHAR
STARTCHAR uni2486
ENCODING 9350
SWIDTH 1000 0
DWIDTH 13 0
BBX 12 11 0 -1
BITMAP
6060
49A0
7AA0
8AD0
8AD0
8BD0
89D0
88D0
4AA0
4BA0
6060
ENDCHAR
STARTCHAR uni2487
ENCODING 9351
SWIDTH 1000 0
DWIDTH 13 0
BBX 12 11 0 -1
BITMAP
6060
59A0
6DE0
8750
8E50
8A50
8A50
9B50
53E0
7DA0
6060
ENDCHAR
STARTCHAR uni2488
ENCODING 9352
SWIDTH 1000 0
DWIDTH 9 0
BBX 8 9 0 0
BITMAP
60
E0
60
60
60
60
60
63
FB
ENDCHAR
STARTCHAR uni2489
ENCODING 9353
SWIDTH 1000 0
DWIDTH 11 0
BBX 10 9 0 0
BITMAP
7800
F800
0C00
0C00
1800
1800
3000
60C0
FDC0
ENDCHAR
STARTCHAR uni248A
ENCODING 9354
SWIDTH 1000 0
DWIDTH 11 0
BBX 10 9 0 0
BITMAP
3800
FC00
0C00
0C00
3800
0C00
0400
CCC0
79C0
ENDCHAR
STARTCHAR uni248B
ENCODING 9355
SWIDTH 1000 0
DWIDTH 11 0
BBX 10 9 0 0
BITMAP
1C00
1C00
3C00
6C00
4C00
FE00
FE00
0CC0
0CC0
ENDCHAR
STARTCHAR uni248C
ENCODING 9356
SWIDTH 1000 0
DWIDTH 11 0
BBX 10 9 0 0
BITMAP
7C00
7C00
6000
7000
7C00
0C00
0400
CCC0
79C0
ENDCHAR
STARTCHAR uni248D
ENCODING 9357
SWIDTH 1000 0
DWIDTH 11 0
BBX 10 9 0 0
BITMAP
3800
7C00
4000
C000
FC00
CC00
C400
6CC0
39C0
ENDCHAR
STARTCHAR uni248E
ENCODING 9358
SWIDTH 1000 0
DWIDTH 9 0
BBX 8 9 0 0
BITMAP
FC
F8
18
10
30
30
20
23
63
ENDCHAR
STARTCHAR uni248F
ENCODING 9359
SWIDTH 1000 0
DWIDTH 11 0
BBX 10 9 0 0
BITMAP
3800
6C00
4C00
6C00
3800
4C00
C400
CCC0
78C0
ENDCHAR
STARTCHAR uni2490
ENCODING 9360
SWIDTH 1000 0
DWIDTH 11 0
BBX 10 9 0 0
BITMAP
3800
7C00
CC00
C400
7C00
3400
0C00
4CC0
F8C0
ENDCHAR
STARTCHAR uni2491
ENCODING 9361
SWIDTH 1000 0
DWIDTH 13 0
BBX 12 9 0 0
BITMAP
2300
E780
2C80
2C80
2C80
2C80
2C80
25B0
2730
ENDCHAR
STARTCHAR uni2492
ENCODING 9362
SWIDTH 1000 0
DWIDTH 11 0
BBX 10 9 0 0
BITMAP
4600
CE00
4600
4600
4600
4600
4600
46C0
46C0
ENDCHAR
STARTCHAR uni2493
ENCODING 9363
SWIDTH 1000 0
DWIDTH 13 0
BBX 12 9 0 0
BITMAP
2700
EF00
2180
2180
2100
2300
2600
2430
2FB0
ENDCHAR
STARTCHAR uni2494
ENCODING 9364
SWIDTH 1000 0
DWIDTH 13 0
BBX 12 9 0 0
BITMAP
2700
EF80
2180
2180
2300
2180
2180
25B0
2F30
ENDCHAR
STARTCHAR uni2495
ENCODING 9365
SWIDTH 1000 0
DWIDTH 13 0
BBX 12 9 0 0
BITMAP
2300
E300
2300
2500
2500
2F80
2F80
2130
2130
ENDCHAR
STARTCHAR uni2496
ENCODING 9366
SWIDTH 1000 0
DWIDTH 13 0
BBX 12 9 0 0
BITMAP
2780
E780
2400
2600
2780
2180
2180
29B0
2F30
ENDCHAR
STARTCHAR uni2497
ENCODING 9367
SWIDTH 1000 0
DWIDTH 13 0
BBX 12 9 0 0
BITMAP
2300
E780
2400
2C00
2F80
2C80
2C80
25B0
2730
ENDCHAR
STARTCHAR uni2498
ENCODING 9368
SWIDTH 1000 0
DWIDTH 11 0
BBX 10 9 0 0
BITMAP
4F00
CF00
4300
4200
4200
4600
4600
46C0
46C0
ENDCHAR
STARTCHAR uni2499
ENCODING 9369
SWIDTH 1000 0
DWIDTH 13 0
BBX 12 9 0 0
BITMAP
2700
E580
2C80
2580
2700
2580
2C80
2CB0
2730
ENDCHAR
STARTCHAR uni249A
ENCODING 9370
SWIDTH 1000 0
DWIDTH 13 0
BBX 12 9 0 0
BITMAP
2700
E780
2C80
2C80
2780
2680
2080
25B0
2F30
ENDCHAR
STARTCHAR uni249B
ENCODING 9371
SWIDTH 1000 0
DWIDTH 13 0
BBX 12 9 0 0
BITMAP
7300
F780
1680
1680
1480
3680
6680
46B0
FBB0
ENDCHAR
STARTCHAR uni249C
ENCODING 9372
SWIDTH 1000 0
DWIDTH 13 0
BBX 12 11 0 -1
BITMAP
6060
4020
5F20
8B10
8190
8F90
9990
9B90
4FA0
4020
6060
ENDCHAR
STARTCHAR uni249D
ENCODING 9373
SWIDTH 1000 0
DWIDTH 13 0
BBX 12 11 0 -1
BITMAP
7860
5820
5820
9F10
9D90
9990
9990
9990
5DA0
5F20
6060
ENDCHAR
STARTCHAR uni249E
ENCODING 9374
SWIDTH 1000 0
DWIDTH 13 0
BBX 12 11 0 -1
BITMAP
6060
4020
47A0
8D10
9810
9810
9810
8D10
47A0
4020
6060
ENDCHAR
STARTCHAR uni249F
ENCODING 9375
SWIDTH 1000 0
DWIDTH 13 0
BBX 12 11 0 -1
BITMAP
61E0
41A0
41A0
8F90
9B90
9990
9990
9990
5BA0
4FA0
6060
ENDCHAR
STARTCHAR uni24A0
ENCODING 9376
SWIDTH 1000 0
DWIDTH 13 0
BBX 12 11 0 -1
BITMAP
6060
4020
4720
8D90
9990
9F90
9810
8D10
47A0
4020
6060
ENDCHAR
STARTCHAR uni24A1
ENCODING 9377
SWIDTH 1000 0
DWIDTH 13 0
BBX 12 11 0 -1
BITMAP
6760
4720
4C20
9E10
9E10
8C10
8C10
8C10
4C20
4C20
6060
ENDCHAR
STARTCHAR uni24A2
ENCODING 9378
SWIDTH 1000 0
DWIDTH 13 0
BBX 12 11 0 -1
BITMAP
6060
4FA0
4BA0
9910
8B10
8E10
8810
8F90
59A0
4F20
6460
ENDCHAR
STARTCHAR uni24A3
ENCODING 9379
SWIDTH 1000 0
DWIDTH 13 0
BBX 12 11 0 -1
BITMAP
7860
5820
5820
9B10
9D90
9990
9990
9990
59A0
59A0
6060
ENDCHAR
STARTCHAR uni24A4
ENCODING 9380
SWIDTH 1000 0
DWIDTH 13 0
BBX 12 11 0 -1
BITMAP
6660
4620
4020
8610
8610
8610
8610
8610
4620
4620
6060
ENDCHAR
STARTCHAR uni24A5
ENCODING 9381
SWIDTH 1000 0
DWIDTH 13 0
BBX 12 13 0 -2
BITMAP
0200
6660
4020
4620
8610
8610
8610
8610
8610
4620
4620
6E60
0C00
ENDCHAR
STARTCHAR uni24A6
ENCODING 9382
SWIDTH 1000 0
DWIDTH 13 0
BBX 12 11 0 -1
BITMAP
7860
5820
5820
9990
9B10
9E10
9E10
9F10
5920
59A0
6060
ENDCHAR
STARTCHAR uni24A7
ENCODING 9383
SWIDTH 1000 0
DWIDTH 13 0
BBX 12 11 0 -1
BITMAP
6660
4620
4620
8610
8610
8610
8610
8610
4620
4720
6060
ENDCHAR
STARTCHAR uni24A8
ENCODING 9384
SWIDTH 1000 0
DWIDTH 13 0
BBX 12 11 0 -1
BITMAP
6060
4020
7DA0
BED0
B6D0
B6D0
B6D0
B6D0
76E0
4020
6060
ENDCHAR
STARTCHAR uni24A9
ENCODING 9385
SWIDTH 1000 0
DWIDTH 13 0
BBX 12 11 0 -1
BITMAP
6060
4020
5F20
9D90
9990
9990
9990
9990
59A0
4020
6060
ENDCHAR
STARTCHAR uni24AA
ENCODING 9386
SWIDTH 1000 0
DWIDTH 13 0
BBX 12 11 0 -1
BITMAP
6060
4020
4F20
9F90
9990
9990
9990
9F90
4F20
4020
6060
ENDCHAR
STARTCHAR uni24AB
ENCODING 9387
SWIDTH 1000 0
DWIDTH 13 0
BBX 12 11 0 -1
BITMAP
6060
5B20
5FA0
9990
9890
9990
9D90
9F10
5820
5820
6060
ENDCHAR
STARTCHAR uni24AC
ENCODING 9388
SWIDTH 1000 0
DWIDTH 13 0
BBX 12 11 0 -1
BITMAP
6060
4FA0
5FA0
9990
9190
9990
9B90
8F90
41A0
41A0
6060
ENDCHAR
STARTCHAR uni24AD
ENCODING 9389
SWIDTH 1000 0
DWIDTH 13 0
BBX 12 11 0 -1
BITMAP
6060
4020
4F20
8F10
8C10
8C10
8C10
8C10
4C20
4020
6060
ENDCHAR
STARTCHAR uni24AE
ENCODING 9390
SWIDTH 1000 0
DWIDTH 13 0
BBX 12 11 0 -1
BITMAP
6060
4020
4F20
8D10
8C10
8710
8190
8990
5F20
4020
6060
ENDCHAR
STARTCHAR uni24AF
ENCODING 9391
SWIDTH 1000 0
DWIDTH 13 0
BBX 12 11 0 -1
BITMAP
6060
4420
4420
8F10
8410
8410
8410
8410
4720
4320
6060
ENDCHAR
STARTCHAR uni24B0
ENCODING 9392
SWIDTH 1000 0
DWIDTH 13 0
BBX 12 11 0 -1
BITMAP
6060
4020
59A0
9990
9990
9990
9990
9F90
4FA0
4020
6060
ENDCHAR
STARTCHAR uni24B1
ENCODING 9393
SWIDTH 1000 0
DWIDTH 13 0
BBX 12 11 0 -1
BITMAP
6060
4020
59A0
9990
8990
8910
8F10
8710
4620
4020
6060
ENDCHAR
STARTCHAR uni24B2
ENCODING 9394
SWIDTH 1000 0
DWIDTH 13 0
BBX 12 11 0 -1
BITMAP
6060
4020
76E0
B6D0
B6D0
9690
9F90
9990
59A0
4020
6060
ENDCHAR
STARTCHAR uni24B3
ENCODING 9395
SWIDTH 1000 0
DWIDTH 13 0
BBX 12 11 0 -1
BITMAP
6060
4020
59A0
8D10
8F10
8610
8F10
8B10
59A0
4020
6060
ENDCHAR
STARTCHAR uni24B4
ENCODING 9396
SWIDTH 1000 0
DWIDTH 13 0
BBX 12 11 0 -1
BITMAP
6060
59A0
59A0
8910
8D10
8F10
8610
8610
4620
5C20
6060
ENDCHAR
STARTCHAR uni24B5
ENCODING 9397
SWIDTH 1000 0
DWIDTH 13 0
BBX 12 11 0 -1
BITMAP
6060
4020
4FA0
8F10
8310
8610
8C10
8F90
5FA0
4020
6060
ENDCHAR
STARTCHAR uni24B6
ENCODING 9398
SWIDTH 1000 0
DWIDTH 13 0
BBX 12 11 0 -1
BITMAP
1F80
2040
4620
8610
8F10
8910
8F10
9990
59A0
2040
1F80
ENDCHAR
STARTCHAR uni24B7
ENCODING 9399
SWIDTH 1000 0
DWIDTH 13 0
BBX 12 11 0 -1
BITMAP
1F80
2040
4F20
8910
8910
8F10
8990
8F90
4E20
2040
1F80
ENDCHAR
STARTCHAR uni24B8
ENCODING 9400
SWIDTH 1000 0
DWIDTH 13 0
BBX 12 11 0 -1
BITMAP
1F80
2040
4720
8D10
9810
9810
9810
8F10
4620
2040
1F80
ENDCHAR
STARTCHAR uni24B9
ENCODING 9401
SWIDTH 1000 0
DWIDTH 13 0
BBX 12 11 0 -1
BITMAP
1F80
2040
4E20
8B90
8990
8890
8990
8F10
4C20
2040
1F80
ENDCHAR
STARTCHAR uni24BA
ENCODING 9402
SWIDTH 1000 0
DWIDTH 13 0
BBX 12 11 0 -1
BITMAP
1F80
2040
4F20
8C10
8C10
8F10
8C10
8F10
4F20
2040
1F80
ENDCHAR
STARTCHAR uni24BB
ENCODING 9403
SWIDTH 1000 0
DWIDTH 13 0
BBX 12 11 0 -1
BITMAP
1F80
2040
4F20
8F10
8C10
8F10
8C10
8C10
4C20
2040
1F80
ENDCHAR
STARTCHAR uni24BC
ENCODING 9404
SWIDTH 1000 0
DWIDTH 13 0
BBX 12 11 0 -1
BITMAP
1F80
2040
4720
8D10
9810
9B90
9990
8F90
4720
2040
1F80
ENDCHAR
STARTCHAR uni24BD
ENCODING 9405
SWIDTH 1000 0
DWIDTH 13 0
BBX 12 11 0 -1
BITMAP
1F80
2040
59A0
9990
9990
9F90
9990
9990
59A0
2040
1F80
ENDCHAR
STARTCHAR uni24BE
ENCODING 9406
SWIDTH 1000 0
DWIDTH 13 0
BBX 12 11 0 -1
BITMAP
1F80
2040
4620
8610
8610
8610
8610
8610
4620
2040
1F80
ENDCHAR
STARTCHAR uni24BF
ENCODING 9407
SWIDTH 1000 0
DWIDTH 13 0
BBX 12 11 0 -1
BITMAP
1F80
2040
4320
8310
8310
8310
8310
9F10
4620
2040
1F80
ENDCHAR
STARTCHAR uni24C0
ENCODING 9408
SWIDTH 1000 0
DWIDTH 13 0
BBX 12 11 0 -1
BITMAP
1F80
2040
49A0
8B10
8E10
8E10
8B10
8910
49A0
2040
1F80
ENDCHAR
STARTCHAR uni24C1
ENCODING 9409
SWIDTH 1000 0
DWIDTH 13 0
BBX 12 11 0 -1
BITMAP
1F80
2040
4C20
8C10
8C10
8C10
8C10
8F10
4F20
2040
1F80
ENDCHAR
STARTCHAR uni24C2
ENCODING 9410
SWIDTH 1000 0
DWIDTH 13 0
BBX 12 11 0 -1
BITMAP
1F80
2040
59A0
9990
9990
9690
9690
9490
50A0
2040
1F80
ENDCHAR
STARTCHAR uni24C3
ENCODING 9411
SWIDTH 1000 0
DWIDTH 13 0
BBX 12 11 0 -1
BITMAP
1F80
2040
59A0
9D90
9D90
9F90
9B90
9990
59A0
2040
1F80
ENDCHAR
STARTCHAR uni24C4
ENCODING 9412
SWIDTH 1000 0
DWIDTH 13 0
BBX 12 11 0 -1
BITMAP
1F80
2040
4F20
9990
9990
9990
9990
8F10
4620
2040
1F80
ENDCHAR
STARTCHAR uni24C5
ENCODING 9413
SWIDTH 1000 0
DWIDTH 13 0
BBX 12 11 0 -1
BITMAP
1F80
2040
4F20
8990
8990
8F10
8810
8810
4820
2040
1F80
ENDCHAR
STARTCHAR uni24C6
ENCODING 9414
SWIDTH 1000 0
DWIDTH 13 0
BBX 12 11 0 -1
BITMAP
1F80
2040
4F20
9990
9190
9190
9990
8F10
47A0
21C0
1F80
ENDCHAR
STARTCHAR uni24C7
ENCODING 9415
SWIDTH 1000 0
DWIDTH 13 0
BBX 12 11 0 -1
BITMAP
1F80
2040
4F20
8990
8990
8F10
8B10
8910
49A0
2040
1F80
ENDCHAR
STARTCHAR uni24C8
ENCODING 9416
SWIDTH 1000 0
DWIDTH 13 0
BBX 12 11 0 -1
BITMAP
1F80
2040
4720
8910
8C10
8710
8190
9F10
4620
2040
1F80
ENDCHAR
STARTCHAR uni24C9
ENCODING 9417
SWIDTH 1000 0
DWIDTH 13 0
BBX 12 11 0 -1
BITMAP
1F80
2040
5FA0
9F90
8610
8610
8610
8610
4620
2040
1F80
ENDCHAR
STARTCHAR uni24CA
ENCODING 9418
SWIDTH 1000 0
DWIDTH 13 0
BBX 12 11 0 -1
BITMAP
1F80
2040
59A0
9990
9990
9990
9990
8F10
4620
2040
1F80
ENDCHAR
STARTCHAR uni24CB
ENCODING 9419
SWIDTH 1000 0
DWIDTH 13 0
BBX 12 11 0 -1
BITMAP
1F80
2040
59A0
9990
8910
8F10
8F10
8610
4620
2040
1F80
ENDCHAR
STARTCHAR uni24CC
ENCODING 9420
SWIDTH 1000 0
DWIDTH 13 0
BBX 12 11 0 -1
BITMAP
1F80
2040
76E0
B6D0
9690
9690
9790
9990
59A0
2040
1F80
ENDCHAR
STARTCHAR uni24CD
ENCODING 9421
SWIDTH 1000 0
DWIDTH 13 0
BBX 12 11 0 -1
BITMAP
1F80
2040
59A0
8F10
8610
8610
8F10
8910
59A0
2040
1F80
ENDCHAR
STARTCHAR uni24CE
ENCODING 9422
SWIDTH 1000 0
DWIDTH 13 0
BBX 12 11 0 -1
BITMAP
1F80
2040
59A0
8910
8F10
8610
8610
8610
4620
2040
1F80
ENDCHAR
STARTCHAR uni24CF
ENCODING 9423
SWIDTH 1000 0
DWIDTH 13 0
BBX 12 11 0 -1
BITMAP
1F80
2040
4F20
8F10
8210
8610
8C10
8F10
4F20
2040
1F80
ENDCHAR
STARTCHAR uni24D0
ENCODING 9424
SWIDTH 1000 0
DWIDTH 13 0
BBX 12 11 0 -1
BITMAP
1F80
2040
4020
8610
8910
8F10
8910
8710
4020
2040
1F80
ENDCHAR
STARTCHAR uni24D1
ENCODING 9425
SWIDTH 1000 0
DWIDTH 13 0
BBX 12 11 0 -1
BITMAP
1F80
2040
4C20
8C10
8F10
8D90
8D90
8F10
4020
2040
1F80
ENDCHAR
STARTCHAR uni24D2
ENCODING 9426
SWIDTH 1000 0
DWIDTH 13 0
BBX 12 11 0 -1
BITMAP
1F80
2040
4020
8710
8C10
8810
8D10
8610
4020
2040
1F80
ENDCHAR
STARTCHAR uni24D3
ENCODING 9427
SWIDTH 1000 0
DWIDTH 13 0
BBX 12 11 0 -1
BITMAP
1F80
2040
4120
8110
8F10
8910
8910
8F10
4020
2040
1F80
ENDCHAR
STARTCHAR uni24D4
ENCODING 9428
SWIDTH 1000 0
DWIDTH 13 0
BBX 12 11 0 -1
BITMAP
1F80
2040
4020
8610
8910
8F10
8C10
8710
4020
2040
1F80
ENDCHAR
STARTCHAR uni24D5
ENCODING 9429
SWIDTH 1000 0
DWIDTH 13 0
BBX 12 11 0 -1
BITMAP
1F80
2040
4720
8410
8E10
8410
8410
8410
4020
2040
1F80
ENDCHAR
STARTCHAR uni24D6
ENCODING 9430
SWIDTH 1000 0
DWIDTH 13 0
BBX 12 11 0 -1
BITMAP
1F80
2040
4420
8B10
8B10
8E10
8F10
8910
4F20
2040
1F80
ENDCHAR
STARTCHAR uni24D7
ENCODING 9431
SWIDTH 1000 0
DWIDTH 13 0
BBX 12 11 0 -1
BITMAP
1F80
2040
4820
8810
8F10
8910
8910
8910
4020
2040
1F80
ENDCHAR
STARTCHAR uni24D8
ENCODING 9432
SWIDTH 1000 0
DWIDTH 13 0
BBX 12 11 0 -1
BITMAP
1F80
2040
4620
8010
8610
8610
8610
8610
4020
2040
1F80
ENDCHAR
STARTCHAR uni24D9
ENCODING 9433
SWIDTH 1000 0
DWIDTH 13 0
BBX 12 11 0 -1
BITMAP
1F80
2640
4220
8610
8610
8610
8610
8610
4620
2C40
1F80
ENDCHAR
STARTCHAR uni24DA
ENCODING 9434
SWIDTH 1000 0
DWIDTH 13 0
BBX 12 11 0 -1
BITMAP
1F80
2040
4C20
8C10
8F10
8E10
8E10
8D10
40A0
2040
1F80
ENDCHAR
STARTCHAR uni24DB
ENCODING 9435
SWIDTH 1000 0
DWIDTH 13 0
BBX 12 11 0 -1
BITMAP
1F80
2040
4420
8410
8410
8410
8410
8610
4020
2040
1F80
ENDCHAR
STARTCHAR uni24DC
ENCODING 9436
SWIDTH 1000 0
DWIDTH 13 0
BBX 12 11 0 -1
BITMAP
1F80
2040
4020
9D90
9690
9690
9690
9690
4020
2040
1F80
ENDCHAR
STARTCHAR uni24DD
ENCODING 9437
SWIDTH 1000 0
DWIDTH 13 0
BBX 12 11 0 -1
BITMAP
1F80
2040
4020
8B10
8D10
8910
8910
8910
4020
2040
1F80
ENDCHAR
STARTCHAR uni24DE
ENCODING 9438
SWIDTH 1000 0
DWIDTH 13 0
BBX 12 11 0 -1
BITMAP
1F80
2040
4020
8610
8910
8910
8910
8610
4020
2040
1F80
ENDCHAR
STARTCHAR uni24DF
ENCODING 9439
SWIDTH 1000 0
DWIDTH 13 0
BBX 12 11 0 -1
BITMAP
1F80
2040
4220
8F10
8910
8910
8F10
8810
4820
2040
1F80
ENDCHAR
STARTCHAR uni24E0
ENCODING 9440
SWIDTH 1000 0
DWIDTH 13 0
BBX 12 11 0 -1
BITMAP
1F80
2040
4420
8F10
8910
8910
8F10
8110
4120
2040
1F80
ENDCHAR
STARTCHAR uni24E1
ENCODING 9441
SWIDTH 1000 0
DWIDTH 13 0
BBX 12 11 0 -1
BITMAP
1F80
2040
4020
8710
8410
8410
8410
8410
4020
2040
1F80
ENDCHAR
STARTCHAR uni24E2
ENCODING 9442
SWIDTH 1000 0
DWIDTH 13 0
BBX 12 11 0 -1
BITMAP
1F80
2040
4020
8710
8C10
8610
8910
8610
4020
2040
1F80
ENDCHAR
STARTCHAR uni24E3
ENCODING 9443
SWIDTH 1000 0
DWIDTH 13 0
BBX 12 11 0 -1
BITMAP
1F80
2040
4420
8410
8E10
8410
8410
8710
4020
2040
1F80
ENDCHAR
STARTCHAR uni24E4
ENCODING 9444
SWIDTH 1000 0
DWIDTH 13 0
BBX 12 11 0 -1
BITMAP
1F80
2040
4020
8910
8910
8910
8B10
8D10
4020
2040
1F80
ENDCHAR
STARTCHAR uni24E5
ENCODING 9445
SWIDTH 1000 0
DWIDTH 13 0
BBX 12 11 0 -1
BITMAP
1F80
2040
4020
8910
8910
8610
8610
8610
4020
2040
1F80
ENDCHAR
STARTCHAR uni24E6
ENCODING 9446
SWIDTH 1000 0
DWIDTH 13 0
BBX 12 11 0 -1
BITMAP
1F80
2040
4020
9690
9690
9690
8F10
8910
4020
2040
1F80
ENDCHAR
STARTCHAR uni24E7
ENCODING 9447
SWIDTH 1000 0
DWIDTH 13 0
BBX 12 11 0 -1
BITMAP
1F80
2040
4020
8910
8610
8610
8610
8910
4020
2040
1F80
ENDCHAR
STARTCHAR uni24E8
ENCODING 9448
SWIDTH 1000 0
DWIDTH 13 0
BBX 12 11 0 -1
BITMAP
1F80
2040
4020
8910
8510
8610
8610
8610
4C20
2040
1F80
ENDCHAR
STARTCHAR uni24E9
ENCODING 9449
SWIDTH 1000 0
DWIDTH 13 0
BBX 12 11 0 -1
BITMAP
1F80
2040
4020
8F10
8210
8610
8410
8F10
4020
2040
1F80
ENDCHAR
STARTCHAR uni24EA
ENCODING 9450
SWIDTH 1000 0
DWIDTH 13 0
BBX 12 11 0 -1
BITMAP
1F80
2040
4620
8910
9990
9990
8910
8F10
4620
2040
1F80
ENDCHAR
STARTCHAR uni24EB
ENCODING 9451
SWIDTH 1000 0
DWIDTH 13 0
BBX 12 11 0 -1
BITMAP
1F80
3FC0
7660
6460
F670
F670
F670
7660
7660
3FC0
1F80
ENDCHAR
STARTCHAR uni24EC
ENCODING 9452
SWIDTH 1000 0
DWIDTH 13 0
BBX 12 11 0 -1
BITMAP
1F80
3FC0
6460
4560
E770
E670
E6F0
6460
6460
3FC0
1F80
ENDCHAR
STARTCHAR uni24ED
ENCODING 9453
SWIDTH 1000 0
DWIDTH 13 0
BBX 12 11 0 -1
BITMAP
1F80
3FC0
6460
4560
E770
E6F0
E730
6460
64E0
3FC0
1F80
ENDCHAR
STARTCHAR uni24EE
ENCODING 9454
SWIDTH 1000 0
DWIDTH 13 0
BBX 12 11 0 -1
BITMAP
1F80
3FC0
6660
4660
E570
E570
E430
6760
6760
3FC0
1F80
ENDCHAR
STARTCHAR uni24EF
ENCODING 9455
SWIDTH 1000 0
DWIDTH 13 0
BBX 12 11 0 -1
BITMAP
1F80
3FC0
6460
45E0
E5F0
E470
E730
6460
66E0
3FC0
1F80
ENDCHAR
STARTCHAR uni24F0
ENCODING 9456
SWIDTH 1000 0
DWIDTH 13 0
BBX 12 11 0 -1
BITMAP
1F80
3FC0
6660
45E0
E5F0
E470
E530
6560
6660
3FC0
1F80
ENDCHAR
STARTCHAR uni24F1
ENCODING 9457
SWIDTH 1000 0
DWIDTH 13 0
BBX 12 11 0 -1
BITMAP
1F80
3FC0
6420
4760
E770
E6F0
E6F0
66E0
66E0
3FC0
1F80
ENDCHAR
STARTCHAR uni24F2
ENCODING 9458
SWIDTH 1000 0
DWIDTH 13 0
BBX 12 11 0 -1
BITMAP
1F80
3FC0
6660
4560
E570
E670
E530
6520
6660
3FC0
1F80
ENDCHAR
STARTCHAR uni24F3
ENCODING 9459
SWIDTH 1000 0
DWIDTH 13 0
BBX 12 11 0 -1
BITMAP
1F80
3FC0
6460
4560
E530
E430
E730
6460
66E0
3FC0
1F80
ENDCHAR
STARTCHAR uni24F4
ENCODING 9460
SWIDTH 1000 0
DWIDTH 13 0
BBX 12 11 0 -1
BITMAP
1F80
3FC0
6660
72A0
F4B0
F4B0
E4B0
4A20
4260
3FC0
1F80
ENDCHAR
STARTCHAR uni24F5
ENCODING 9461
SWIDTH 1000 0
DWIDTH 13 0
BBX 12 11 0 -1
BITMAP
1F80
30C0
6660
CE20
C230
C230
C230
C220
6260
39C0
1F80
ENDCHAR
STARTCHAR uni24F6
ENCODING 9462
SWIDTH 1000 0
DWIDTH 13 0
BBX 12 11 0 -1
BITMAP
1F80
30C0
6E60
CB20
C130
C330
C630
CF20
6F60
39C0
1F80
ENDCHAR
STARTCHAR uni24F7
ENCODING 9463
SWIDTH 1000 0
DWIDTH 13 0
BBX 12 11 0 -1
BITMAP
1F80
30C0
6F60
C920
C330
C730
C130
CF20
6660
39C0
1F80
ENDCHAR
STARTCHAR uni24F8
ENCODING 9464
SWIDTH 1000 0
DWIDTH 13 0
BBX 12 11 0 -1
BITMAP
1F80
30C0
6760
C720
CF30
DB30
DF30
C320
6360
39C0
1F80
ENDCHAR
STARTCHAR uni24F9
ENCODING 9465
SWIDTH 1000 0
DWIDTH 13 0
BBX 12 11 0 -1
BITMAP
1F80
30C0
6F60
CF20
CA30
CF30
C130
CF20
6660
39C0
1F80
ENDCHAR
STARTCHAR uni24FA
ENCODING 9466
SWIDTH 1000 0
DWIDTH 13 0
BBX 12 11 0 -1
BITMAP
1F80
30C0
6760
CD20
D830
DF30
D930
CF20
6660
39C0
1F80
ENDCHAR
STARTCHAR uni24FB
ENCODING 9467
SWIDTH 1000 0
DWIDTH 13 0
BBX 12 11 0 -1
BITMAP
1F80
30C0
6F60
CF20
C230
C230
C630
C620
6460
39C0
1F80
ENDCHAR
STARTCHAR uni24FC
ENCODING 9468
SWIDTH 1000 0
DWIDTH 13 0
BBX 12 11 0 -1
BITMAP
1F80
30C0
6660
C920
CD30
C730
C930
C920
6660
39C0
1F80
ENDCHAR
STARTCHAR uni24FD
ENCODING 9469
SWIDTH 1000 0
DWIDTH 13 0
BBX 12 11 0 -1
BITMAP
1F80
30C0
6660
C920
C9B0
CFB0
C130
CF20
6660
39C0
1F80
ENDCHAR
STARTCHAR uni24FE
ENCODING 9470
SWIDTH 1000 0
DWIDTH 13 0
BBX 12 11 0 -1
BITMAP
1F80
30C0
7BE0
DAA0
CAF0
CAF0
CAB0
CBA0
6960
39C0
1F80
ENDCHAR
STARTCHAR uni24FF
ENCODING 9471
SWIDTH 1000 0
DWIDTH 13 0
BBX 12 11 0 -1
BITMAP
1F80
3FC0
79E0
76E0
E670
E670
F6F0
70E0
79E0
3FC0
1F80
ENDCHAR
STARTCHAR SF100000
ENCODING 9472
SWIDTH 750 0
DWIDTH 10 0
BBX 9 1 0 3
BITMAP
FF80
ENDCHAR
STARTCHAR uni2501
ENCODING 9473
SWIDTH 1000 0
DWIDTH 13 0
BBX 12 1 0 4
BITMAP
FFF0
ENDCHAR
STARTCHAR SF110000
ENCODING 9474
SWIDTH 667 0
DWIDTH 2 0
BBX 1 15 0 -4
BITMAP
80
80
80
80
80
80
80
80
80
80
80
80
80
80
80
ENDCHAR
STARTCHAR uni2503
ENCODING 9475
SWIDTH 1000 0
DWIDTH 3 0
BBX 2 12 0 -1
BITMAP
C0
C0
C0
C0
C0
C0
C0
C0
C0
C0
C0
C0
ENDCHAR
STARTCHAR uni2504
ENCODING 9476
SWIDTH 1000 0
DWIDTH 11 0
BBX 10 1 0 4
BITMAP
CCC0
ENDCHAR
STARTCHAR uni2505
ENCODING 9477
SWIDTH 1000 0
DWIDTH 11 0
BBX 10 1 0 4
BITMAP
CCC0
ENDCHAR
STARTCHAR uni2506
ENCODING 9478
SWIDTH 1000 0
DWIDTH 2 0
BBX 1 11 0 -1
BITMAP
80
80
80
00
80
80
80
00
80
80
80
ENDCHAR
STARTCHAR uni2507
ENCODING 9479
SWIDTH 1000 0
DWIDTH 3 0
BBX 2 11 0 -1
BITMAP
C0
C0
C0
00
C0
C0
C0
00
C0
C0
C0
ENDCHAR
STARTCHAR uni2508
ENCODING 9480
SWIDTH 1000 0
DWIDTH 13 0
BBX 12 1 0 4
BITMAP
FFF0
ENDCHAR
STARTCHAR uni2509
ENCODING 9481
SWIDTH 1000 0
DWIDTH 13 0
BBX 12 1 0 4
BITMAP
FFF0
ENDCHAR
STARTCHAR uni250A
ENCODING 9482
SWIDTH 1000 0
DWIDTH 2 0
BBX 1 11 0 -1
BITMAP
80
80
00
80
80
00
80
80
00
80
80
ENDCHAR
STARTCHAR uni250B
ENCODING 9483
SWIDTH 1000 0
DWIDTH 3 0
BBX 2 11 0 -1
BITMAP
C0
C0
00
C0
C0
00
C0
C0
00
C0
C0
ENDCHAR
STARTCHAR SF010000
ENCODING 9484
SWIDTH 750 0
DWIDTH 6 0
BBX 5 8 0 -4
BITMAP
F8
80
80
80
80
80
80
80
ENDCHAR
STARTCHAR uni250D
ENCODING 9485
SWIDTH 1000 0
DWIDTH 7 0
BBX 6 6 0 -1
BITMAP
FC
80
80
80
80
80
ENDCHAR
STARTCHAR uni250E
ENCODING 9486
SWIDTH 1000 0
DWIDTH 8 0
BBX 7 6 0 -1
BITMAP
FE
C0
C0
C0
C0
C0
ENDCHAR
STARTCHAR uni250F
ENCODING 9487
SWIDTH 1000 0
DWIDTH 8 0
BBX 7 6 0 -1
BITMAP
FE
C0
C0
C0
C0
C0
ENDCHAR
STARTCHAR SF030000
ENCODING 9488
SWIDTH 750 0
DWIDTH 6 0
BBX 5 8 0 -4
BITMAP
F8
08
08
08
08
08
08
08
ENDCHAR
STARTCHAR uni2511
ENCODING 9489
SWIDTH 1000 0
DWIDTH 7 0
BBX 6 6 0 -1
BITMAP
FC
04
04
04
04
04
ENDCHAR
STARTCHAR uni2512
ENCODING 9490
SWIDTH 1000 0
DWIDTH 8 0
BBX 7 6 0 -1
BITMAP
FE
06
06
06
06
06
ENDCHAR
STARTCHAR uni2513
ENCODING 9491
SWIDTH 1000 0
DWIDTH 8 0
BBX 7 6 0 -1
BITMAP
FE
06
06
06
06
06
ENDCHAR
STARTCHAR SF020000
ENCODING 9492
SWIDTH 750 0
DWIDTH 6 0
BBX 5 8 0 3
BITMAP
80
80
80
80
80
80
80
F8
ENDCHAR
STARTCHAR uni2515
ENCODING 9493
SWIDTH 1000 0
DWIDTH 7 0
BBX 6 7 0 4
BITMAP
80
80
80
80
80
80
FC
ENDCHAR
STARTCHAR uni2516
ENCODING 9494
SWIDTH 1000 0
DWIDTH 8 0
BBX 7 7 0 4
BITMAP
C0
C0
C0
C0
C0
C0
FE
ENDCHAR
STARTCHAR uni2517
ENCODING 9495
SWIDTH 1000 0
DWIDTH 8 0
BBX 7 7 0 4
BITMAP
C0
C0
C0
C0
C0
C0
FE
ENDCHAR
STARTCHAR SF040000
ENCODING 9496
SWIDTH 750 0
DWIDTH 6 0
BBX 5 8 0 3
BITMAP
08
08
08
08
08
08
08
F8
ENDCHAR
STARTCHAR uni2519
ENCODING 9497
SWIDTH 1000 0
DWIDTH 7 0
BBX 6 7 0 4
BITMAP
04
04
04
04
04
04
FC
ENDCHAR
STARTCHAR uni251A
ENCODING 9498
SWIDTH 1000 0
DWIDTH 8 0
BBX 7 7 0 4
BITMAP
06
06
06
06
06
06
FE
ENDCHAR
STARTCHAR uni251B
ENCODING 9499
SWIDTH 1000 0
DWIDTH 8 0
BBX 7 7 0 4
BITMAP
06
06
06
06
06
06
FE
ENDCHAR
STARTCHAR SF080000
ENCODING 9500
SWIDTH 750 0
DWIDTH 6 0
BBX 5 15 0 -4
BITMAP
80
80
80
80
80
80
80
F8
80
80
80
80
80
80
80
ENDCHAR
STARTCHAR uni251D
ENCODING 9501
SWIDTH 1000 0
DWIDTH 7 0
BBX 6 12 0 -1
BITMAP
80
80
80
80
80
80
FC
80
80
80
80
80
ENDCHAR
STARTCHAR uni251E
ENCODING 9502
SWIDTH 1000 0
DWIDTH 8 0
BBX 7 12 0 -1
BITMAP
C0
C0
C0
C0
C0
C0
FE
80
80
80
80
80
ENDCHAR
STARTCHAR uni251F
ENCODING 9503
SWIDTH 1000 0
DWIDTH 8 0
BBX 7 12 0 -1
BITMAP
80
80
80
80
80
80
FE
C0
C0
C0
C0
C0
ENDCHAR
STARTCHAR uni2520
ENCODING 9504
SWIDTH 1000 0
DWIDTH 8 0
BBX 7 12 0 -1
BITMAP
C0
C0
C0
C0
C0
C0
FE
C0
C0
C0
C0
C0
ENDCHAR
STARTCHAR uni2521
ENCODING 9505
SWIDTH 1000 0
DWIDTH 8 0
BBX 7 12 0 -1
BITMAP
C0
C0
C0
C0
C0
C0
FE
80
80
80
80
80
ENDCHAR
STARTCHAR uni2522
ENCODING 9506
SWIDTH 1000 0
DWIDTH 8 0
BBX 7 12 0 -1
BITMAP
80
80
80
80
80
80
FE
C0
C0
C0
C0
C0
ENDCHAR
STARTCHAR uni2523
ENCODING 9507
SWIDTH 1000 0
DWIDTH 8 0
BBX 7 12 0 -1
BITMAP
C0
C0
C0
C0
C0
C0
FE
C0
C0
C0
C0
C0
ENDCHAR
STARTCHAR SF090000
ENCODING 9508
SWIDTH 750 0
DWIDTH 6 0
BBX 5 15 0 -4
BITMAP
08
08
08
08
08
08
08
F8
08
08
08
08
08
08
08
ENDCHAR
STARTCHAR uni2525
ENCODING 9509
SWIDTH 1000 0
DWIDTH 7 0
BBX 6 12 0 -1
BITMAP
04
04
04
04
04
04
FC
04
04
04
04
04
ENDCHAR
STARTCHAR uni2526
ENCODING 9510
SWIDTH 1000 0
DWIDTH 8 0
BBX 7 12 0 -1
BITMAP
06
06
06
06
06
06
FE
04
04
04
04
04
ENDCHAR
STARTCHAR uni2527
ENCODING 9511
SWIDTH 1000 0
DWIDTH 8 0
BBX 7 12 0 -1
BITMAP
04
04
04
04
04
04
FE
06
06
06
06
06
ENDCHAR
STARTCHAR uni2528
ENCODING 9512
SWIDTH 1000 0
DWIDTH 8 0
BBX 7 12 0 -1
BITMAP
06
06
06
06
06
06
FE
06
06
06
06
06
ENDCHAR
STARTCHAR uni2529
ENCODING 9513
SWIDTH 1000 0
DWIDTH 8 0
BBX 7 12 0 -1
BITMAP
06
06
06
06
06
06
FE
04
04
04
04
04
ENDCHAR
STARTCHAR uni252A
ENCODING 9514
SWIDTH 1000 0
DWIDTH 8 0
BBX 7 12 0 -1
BITMAP
04
04
04
04
04
04
FE
06
06
06
06
06
ENDCHAR
STARTCHAR uni252B
ENCODING 9515
SWIDTH 1000 0
DWIDTH 8 0
BBX 7 12 0 -1
BITMAP
06
06
06
06
06
06
FE
06
06
06
06
06
ENDCHAR
STARTCHAR SF060000
ENCODING 9516
SWIDTH 750 0
DWIDTH 10 0
BBX 9 8 0 -4
BITMAP
FF80
0800
0800
0800
0800
0800
0800
0800
ENDCHAR
STARTCHAR uni252D
ENCODING 9517
SWIDTH 1000 0
DWIDTH 13 0
BBX 12 6 0 -1
BITMAP
FFF0
0400
0400
0400
0400
0400
ENDCHAR
STARTCHAR uni252E
ENCODING 9518
SWIDTH 1000 0
DWIDTH 13 0
BBX 12 6 0 -1
BITMAP
FFF0
0400
0400
0400
0400
0400
ENDCHAR
STARTCHAR uni252F
ENCODING 9519
SWIDTH 1000 0
DWIDTH 13 0
BBX 12 6 0 -1
BITMAP
FFF0
0400
0400
0400
0400
0400
ENDCHAR
STARTCHAR uni2530
ENCODING 9520
SWIDTH 1000 0
DWIDTH 13 0
BBX 12 6 0 -1
BITMAP
FFF0
0600
0600
0600
0600
0600
ENDCHAR
STARTCHAR uni2531
ENCODING 9521
SWIDTH 1000 0
DWIDTH 13 0
BBX 12 6 0 -1
BITMAP
FFF0
0600
0600
0600
0600
0600
ENDCHAR
STARTCHAR uni2532
ENCODING 9522
SWIDTH 1000 0
DWIDTH 13 0
BBX 12 6 0 -1
BITMAP
FFF0
0600
0600
0600
0600
0600
ENDCHAR
STARTCHAR uni2533
ENCODING 9523
SWIDTH 1000 0
DWIDTH 13 0
BBX 12 6 0 -1
BITMAP
FFF0
0600
0600
0600
0600
0600
ENDCHAR
STARTCHAR SF070000
ENCODING 9524
SWIDTH 750 0
DWIDTH 10 0
BBX 9 8 0 3
BITMAP
0800
0800
0800
0800
0800
0800
0800
FF80
ENDCHAR
STARTCHAR uni2535
ENCODING 9525
SWIDTH 1000 0
DWIDTH 13 0
BBX 12 7 0 4
BITMAP
0400
0400
0400
0400
0400
0400
FFF0
ENDCHAR
STARTCHAR uni2536
ENCODING 9526
SWIDTH 1000 0
DWIDTH 13 0
BBX 12 7 0 4
BITMAP
0400
0400
0400
0400
0400
0400
FFF0
ENDCHAR
STARTCHAR uni2537
ENCODING 9527
SWIDTH 1000 0
DWIDTH 13 0
BBX 12 7 0 4
BITMAP
0400
0400
0400
0400
0400
0400
FFF0
ENDCHAR
STARTCHAR uni2538
ENCODING 9528
SWIDTH 1000 0
DWIDTH 13 0
BBX 12 7 0 4
BITMAP
0600
0600
0600
0600
0600
0600
FFF0
ENDCHAR
STARTCHAR uni2539
ENCODING 9529
SWIDTH 1000 0
DWIDTH 13 0
BBX 12 7 0 4
BITMAP
0600
0600
0600
0600
0600
0600
FFF0
ENDCHAR
STARTCHAR uni253A
ENCODING 9530
SWIDTH 1000 0
DWIDTH 13 0
BBX 12 7 0 4
BITMAP
0600
0600
0600
0600
0600
0600
FFF0
ENDCHAR
STARTCHAR uni253B
ENCODING 9531
SWIDTH 1000 0
DWIDTH 13 0
BBX 12 7 0 4
BITMAP
0600
0600
0600
0600
0600
0600
FFF0
ENDCHAR
STARTCHAR SF050000
ENCODING 9532
SWIDTH 750 0
DWIDTH 10 0
BBX 9 15 0 -4
BITMAP
0800
0800
0800
0800
0800
0800
0800
FF80
0800
0800
0800
0800
0800
0800
0800
ENDCHAR
STARTCHAR uni253D
ENCODING 9533
SWIDTH 1000 0
DWIDTH 13 0
BBX 12 12 0 -1
BITMAP
0400
0400
0400
0400
0400
0400
FFF0
0400
0400
0400
0400
0400
ENDCHAR
STARTCHAR uni253E
ENCODING 9534
SWIDTH 1000 0
DWIDTH 13 0
BBX 12 12 0 -1
BITMAP
0400
0400
0400
0400
0400
0400
FFF0
0400
0400
0400
0400
0400
ENDCHAR
STARTCHAR uni253F
ENCODING 9535
SWIDTH 1000 0
DWIDTH 13 0
BBX 12 12 0 -1
BITMAP
0400
0400
0400
0400
0400
0400
FFF0
0400
0400
0400
0400
0400
ENDCHAR
STARTCHAR uni2540
ENCODING 9536
SWIDTH 1000 0
DWIDTH 13 0
BBX 12 12 0 -1
BITMAP
0600
0600
0600
0600
0600
0600
FFF0
0400
0400
0400
0400
0400
ENDCHAR
STARTCHAR uni2541
ENCODING 9537
SWIDTH 1000 0
DWIDTH 13 0
BBX 12 12 0 -1
BITMAP
0400
0400
0400
0400
0400
0400
FFF0
0600
0600
0600
0600
0600
ENDCHAR
STARTCHAR uni2542
ENCODING 9538
SWIDTH 1000 0
DWIDTH 13 0
BBX 12 12 0 -1
BITMAP
0600
0600
0600
0600
0600
0600
FFF0
0600
0600
0600
0600
0600
ENDCHAR
STARTCHAR uni2543
ENCODING 9539
SWIDTH 1000 0
DWIDTH 13 0
BBX 12 12 0 -1
BITMAP
0600
0600
0600
0600
0600
0600
FFF0
0400
0400
0400
0400
0400
ENDCHAR
STARTCHAR uni2544
ENCODING 9540
SWIDTH 1000 0
DWIDTH 13 0
BBX 12 12 0 -1
BITMAP
0600
0600
0600
0600
0600
0600
FFF0
0400
0400
0400
0400
0400
ENDCHAR
STARTCHAR uni2545
ENCODING 9541
SWIDTH 1000 0
DWIDTH 13 0
BBX 12 12 0 -1
BITMAP
0400
0400
0400
0400
0400
0400
FFF0
0600
0600
0600
0600
0600
ENDCHAR
STARTCHAR uni2546
ENCODING 9542
SWIDTH 1000 0
DWIDTH 13 0
BBX 12 12 0 -1
BITMAP
0400
0400
0400
0400
0400
0400
FFF0
0600
0600
0600
0600
0600
ENDCHAR
STARTCHAR uni2547
ENCODING 9543
SWIDTH 1000 0
DWIDTH 13 0
BBX 12 12 0 -1
BITMAP
0600
0600
0600
0600
0600
0600
FFF0
0400
0400
0400
0400
0400
ENDCHAR
STARTCHAR uni2548
ENCODING 9544
SWIDTH 1000 0
DWIDTH 13 0
BBX 12 12 0 -1
BITMAP
0400
0400
0400
0400
0400
0400
FFF0
0600
0600
0600
0600
0600
ENDCHAR
STARTCHAR uni2549
ENCODING 9545
SWIDTH 1000 0
DWIDTH 13 0
BBX 12 12 0 -1
BITMAP
0600
0600
0600
0600
0600
0600
FFF0
0600
0600
0600
0600
0600
ENDCHAR
STARTCHAR uni254A
ENCODING 9546
SWIDTH 1000 0
DWIDTH 13 0
BBX 12 12 0 -1
BITMAP
0600
0600
0600
0600
0600
0600
FFF0
0600
0600
0600
0600
0600
ENDCHAR
STARTCHAR uni254B
ENCODING 9547
SWIDTH 1000 0
DWIDTH 13 0
BBX 12 12 0 -1
BITMAP
0600
0600
0600
0600
0600
0600
FFF0
0600
0600
0600
0600
0600
ENDCHAR
STARTCHAR uni254C
ENCODING 9548
SWIDTH 1000 0
DWIDTH 11 0
BBX 10 1 0 4
BITMAP
F3C0
ENDCHAR
STARTCHAR uni254D
ENCODING 9549
SWIDTH 1000 0
DWIDTH 11 0
BBX 10 1 0 4
BITMAP
F3C0
ENDCHAR
STARTCHAR uni254E
ENCODING 9550
SWIDTH 1000 0
DWIDTH 2 0
BBX 1 9 0 0
BITMAP
80
80
80
00
00
00
80
80
80
ENDCHAR
STARTCHAR uni254F
ENCODING 9551
SWIDTH 1000 0
DWIDTH 3 0
BBX 2 9 0 0
BITMAP
C0
C0
C0
00
00
00
C0
C0
C0
ENDCHAR
STARTCHAR SF430000
ENCODING 9552
SWIDTH 750 0
DWIDTH 10 0
BBX 9 3 0 2
BITMAP
FF80
0000
FF80
ENDCHAR
STARTCHAR SF240000
ENCODING 9553
SWIDTH 750 0
DWIDTH 4 0
BBX 3 15 0 -4
BITMAP
A0
A0
A0
A0
A0
A0
A0
A0
A0
A0
A0
A0
A0
A0
A0
ENDCHAR
STARTCHAR SF510000
ENCODING 9554
SWIDTH 750 0
DWIDTH 6 0
BBX 5 9 0 -4
BITMAP
F8
80
F8
80
80
80
80
80
80
ENDCHAR
STARTCHAR SF520000
ENCODING 9555
SWIDTH 750 0
DWIDTH 7 0
BBX 6 8 0 -4
BITMAP
FC
A0
A0
A0
A0
A0
A0
A0
ENDCHAR
STARTCHAR SF390000
ENCODING 9556
SWIDTH 750 0
DWIDTH 7 0
BBX 6 9 0 -4
BITMAP
FC
80
BC
A0
A0
A0
A0
A0
A0
ENDCHAR
STARTCHAR SF220000
ENCODING 9557
SWIDTH 750 0
DWIDTH 6 0
BBX 5 9 0 -4
BITMAP
F8
08
F8
08
08
08
08
08
08
ENDCHAR
STARTCHAR SF210000
ENCODING 9558
SWIDTH 750 0
DWIDTH 7 0
BBX 6 8 0 -4
BITMAP
FC
14
14
14
14
14
14
14
ENDCHAR
STARTCHAR SF250000
ENCODING 9559
SWIDTH 750 0
DWIDTH 7 0
BBX 6 9 0 -4
BITMAP
FC
04
F4
14
14
14
14
14
14
ENDCHAR
STARTCHAR SF500000
ENCODING 9560
SWIDTH 750 0
DWIDTH 6 0
BBX 5 9 0 2
BITMAP
80
80
80
80
80
80
F8
80
F8
ENDCHAR
STARTCHAR SF490000
ENCODING 9561
SWIDTH 750 0
DWIDTH 7 0
BBX 6 8 0 3
BITMAP
A0
A0
A0
A0
A0
A0
A0
FC
ENDCHAR
STARTCHAR SF380000
ENCODING 9562
SWIDTH 750 0
DWIDTH 7 0
BBX 6 9 0 2
BITMAP
A0
A0
A0
A0
A0
A0
BC
80
FC
ENDCHAR
STARTCHAR SF280000
ENCODING 9563
SWIDTH 750 0
DWIDTH 6 0
BBX 5 9 0 2
BITMAP
08
08
08
08
08
08
F8
08
F8
ENDCHAR
STARTCHAR SF270000
ENCODING 9564
SWIDTH 750 0
DWIDTH 7 0
BBX 6 8 0 3
BITMAP
14
14
14
14
14
14
14
FC
ENDCHAR
STARTCHAR SF260000
ENCODING 9565
SWIDTH 750 0
DWIDTH 7 0
BBX 6 9 0 2
BITMAP
14
14
14
14
14
14
F4
04
FC
ENDCHAR
STARTCHAR SF360000
ENCODING 9566
SWIDTH 750 0
DWIDTH 6 0
BBX 5 15 0 -4
BITMAP
80
80
80
80
80
80
F8
80
F8
80
80
80
80
80
80
ENDCHAR
STARTCHAR SF370000
ENCODING 9567
SWIDTH 750 0
DWIDTH 7 0
BBX 6 15 0 -4
BITMAP
A0
A0
A0
A0
A0
A0
A0
BC
A0
A0
A0
A0
A0
A0
A0
ENDCHAR
STARTCHAR SF420000
ENCODING 9568
SWIDTH 750 0
DWIDTH 7 0
BBX 6 15 0 -4
BITMAP
A0
A0
A0
A0
A0
A0
BC
80
BC
A0
A0
A0
A0
A0
A0
ENDCHAR
STARTCHAR SF190000
ENCODING 9569
SWIDTH 750 0
DWIDTH 6 0
BBX 5 15 0 -4
BITMAP
08
08
08
08
08
08
F8
08
F8
08
08
08
08
08
08
ENDCHAR
STARTCHAR SF200000
ENCODING 9570
SWIDTH 750 0
DWIDTH 7 0
BBX 6 15 0 -4
BITMAP
14
14
14
14
14
14
14
F4
14
14
14
14
14
14
14
ENDCHAR
STARTCHAR SF230000
ENCODING 9571
SWIDTH 750 0
DWIDTH 7 0
BBX 6 15 0 -4
BITMAP
14
14
14
14
14
14
F4
04
F4
14
14
14
14
14
14
ENDCHAR
STARTCHAR SF470000
ENCODING 9572
SWIDTH 750 0
DWIDTH 10 0
BBX 9 9 0 -4
BITMAP
FF80
0000
FF80
0800
0800
0800
0800
0800
0800
ENDCHAR
STARTCHAR SF480000
ENCODING 9573
SWIDTH 750 0
DWIDTH 10 0
BBX 9 8 0 -4
BITMAP
FF80
1400
1400
1400
1400
1400
1400
1400
ENDCHAR
STARTCHAR SF410000
ENCODING 9574
SWIDTH 750 0
DWIDTH 10 0
BBX 9 9 0 -4
BITMAP
FF80
0000
F780
1400
1400
1400
1400
1400
1400
ENDCHAR
STARTCHAR SF450000
ENCODING 9575
SWIDTH 750 0
DWIDTH 10 0
BBX 9 9 0 2
BITMAP
0800
0800
0800
0800
0800
0800
FF80
0000
FF80
ENDCHAR
STARTCHAR SF460000
ENCODING 9576
SWIDTH 750 0
DWIDTH 10 0
BBX 9 8 0 3
BITMAP
1400
1400
1400
1400
1400
1400
1400
FF80
ENDCHAR
STARTCHAR SF400000
ENCODING 9577
SWIDTH 750 0
DWIDTH 10 0
BBX 9 9 0 2
BITMAP
1400
1400
1400
1400
1400
1400
F780
0000
FF80
ENDCHAR
STARTCHAR SF540000
ENCODING 9578
SWIDTH 750 0
DWIDTH 10 0
BBX 9 15 0 -4
BITMAP
0800
0800
0800
0800
0800
0800
FF80
0800
FF80
0800
0800
0800
0800
0800
0800
ENDCHAR
STARTCHAR SF530000
ENCODING 9579
SWIDTH 750 0
DWIDTH 10 0
BBX 9 15 0 -4
BITMAP
1400
1400
1400
1400
1400
1400
1400
FF80
1400
1400
1400
1400
1400
1400
1400
ENDCHAR
STARTCHAR SF440000
ENCODING 9580
SWIDTH 750 0
DWIDTH 10 0
BBX 9 15 0 -4
BITMAP
1400
1400
1400
1400
1400
1400
F780
0000
F780
1400
1400
1400
1400
1400
1400
ENDCHAR
STARTCHAR uni256D
ENCODING 9581
SWIDTH 1000 0
DWIDTH 7 0
BBX 6 6 0 -1
BITMAP
1C
20
40
80
80
80
ENDCHAR
STARTCHAR uni256E
ENCODING 9582
SWIDTH 1000 0
DWIDTH 7 0
BBX 6 6 0 -1
BITMAP
C0
30
08
04
04
04
ENDCHAR
STARTCHAR uni256F
ENCODING 9583
SWIDTH 1000 0
DWIDTH 7 0
BBX 6 7 0 4
BITMAP
04
04
04
04
08
30
C0
ENDCHAR
STARTCHAR uni2570
ENCODING 9584
SWIDTH 1000 0
DWIDTH 7 0
BBX 6 7 0 4
BITMAP
80
80
80
80
40
30
0C
ENDCHAR
STARTCHAR uni2571
ENCODING 9585
SWIDTH 1000 0
DWIDTH 13 0
BBX 12 12 0 -1
BITMAP
0010
0020
0040
0080
0100
0200
0400
0800
1000
2000
4000
8000
ENDCHAR
STARTCHAR uni2572
ENCODING 9586
SWIDTH 1000 0
DWIDTH 13 0
BBX 12 12 0 -1
BITMAP
8000
4000
2000
1000
0800
0400
0200
0100
0080
0040
0020
0010
ENDCHAR
STARTCHAR uni2573
ENCODING 9587
SWIDTH 1000 0
DWIDTH 13 0
BBX 12 12 0 -1
BITMAP
8010
4020
2040
1080
0900
0600
0600
0900
1080
2040
4020
8010
ENDCHAR
STARTCHAR uni2574
ENCODING 9588
SWIDTH 1000 0
DWIDTH 7 0
BBX 6 1 0 4
BITMAP
FC
ENDCHAR
STARTCHAR uni2575
ENCODING 9589
SWIDTH 1000 0
DWIDTH 2 0
BBX 1 7 0 4
BITMAP
80
80
80
80
80
80
80
ENDCHAR
STARTCHAR uni2576
ENCODING 9590
SWIDTH 1000 0
DWIDTH 7 0
BBX 6 1 0 4
BITMAP
FC
ENDCHAR
STARTCHAR uni2577
ENCODING 9591
SWIDTH 1000 0
DWIDTH 2 0
BBX 1 6 0 -1
BITMAP
80
80
80
80
80
80
ENDCHAR
STARTCHAR uni2578
ENCODING 9592
SWIDTH 1000 0
DWIDTH 7 0
BBX 6 1 0 4
BITMAP
FC
ENDCHAR
STARTCHAR uni2579
ENCODING 9593
SWIDTH 1000 0
DWIDTH 3 0
BBX 2 7 0 4
BITMAP
C0
C0
C0
C0
C0
C0
C0
ENDCHAR
STARTCHAR uni257A
ENCODING 9594
SWIDTH 1000 0
DWIDTH 7 0
BBX 6 1 0 4
BITMAP
FC
ENDCHAR
STARTCHAR uni257B
ENCODING 9595
SWIDTH 1000 0
DWIDTH 3 0
BBX 2 6 0 -1
BITMAP
C0
C0
C0
C0
C0
C0
ENDCHAR
STARTCHAR uni257C
ENCODING 9596
SWIDTH 1000 0
DWIDTH 13 0
BBX 12 1 0 4
BITMAP
FFF0
ENDCHAR
STARTCHAR uni257D
ENCODING 9597
SWIDTH 1000 0
DWIDTH 3 0
BBX 2 12 0 -1
BITMAP
80
80
80
80
80
80
C0
C0
C0
C0
C0
C0
ENDCHAR
STARTCHAR uni257E
ENCODING 9598
SWIDTH 1000 0
DWIDTH 13 0
BBX 12 1 0 4
BITMAP
FFF0
ENDCHAR
STARTCHAR uni257F
ENCODING 9599
SWIDTH 1000 0
DWIDTH 3 0
BBX 2 12 0 -1
BITMAP
C0
C0
C0
C0
C0
C0
C0
80
80
80
80
80
ENDCHAR
STARTCHAR upblock
ENCODING 9600
SWIDTH 750 0
DWIDTH 10 0
BBX 9 7 0 4
BITMAP
FF80
FF80
FF80
FF80
FF80
FF80
FF80
ENDCHAR
STARTCHAR uni2581
ENCODING 9601
SWIDTH 1000 0
DWIDTH 13 0
BBX 12 1 0 -1
BITMAP
FFF0
ENDCHAR
STARTCHAR uni2582
ENCODING 9602
SWIDTH 1000 0
DWIDTH 13 0
BBX 12 3 0 -1
BITMAP
FFF0
FFF0
FFF0
ENDCHAR
STARTCHAR uni2583
ENCODING 9603
SWIDTH 1000 0
DWIDTH 13 0
BBX 12 4 0 -1
BITMAP
FFF0
FFF0
FFF0
FFF0
ENDCHAR
STARTCHAR dnblock
ENCODING 9604
SWIDTH 750 0
DWIDTH 10 0
BBX 9 8 0 -4
BITMAP
FF80
FF80
FF80
FF80
FF80
FF80
FF80
FF80
ENDCHAR
STARTCHAR uni2585
ENCODING 9605
SWIDTH 1000 0
DWIDTH 13 0
BBX 12 7 0 -1
BITMAP
FFF0
FFF0
FFF0
FFF0
FFF0
FFF0
FFF0
ENDCHAR
STARTCHAR uni2586
ENCODING 9606
SWIDTH 1000 0
DWIDTH 13 0
BBX 12 9 0 -1
BITMAP
FFF0
FFF0
FFF0
FFF0
FFF0
FFF0
FFF0
FFF0
FFF0
ENDCHAR
STARTCHAR uni2587
ENCODING 9607
SWIDTH 1000 0
DWIDTH 13 0
BBX 12 10 0 -1
BITMAP
FFF0
FFF0
FFF0
FFF0
FFF0
FFF0
FFF0
FFF0
FFF0
FFF0
ENDCHAR
STARTCHAR block
ENCODING 9608
SWIDTH 750 0
DWIDTH 10 0
BBX 9 15 0 -4
BITMAP
FF80
FF80
FF80
FF80
FF80
FF80
FF80
FF80
FF80
FF80
FF80
FF80
FF80
FF80
FF80
ENDCHAR
STARTCHAR uni2589
ENCODING 9609
SWIDTH 1000 0
DWIDTH 12 0
BBX 11 12 0 -1
BITMAP
FFE0
FFE0
FFE0
FFE0
FFE0
FFE0
FFE0
FFE0
FFE0
FFE0
FFE0
FFE0
ENDCHAR
STARTCHAR uni258A
ENCODING 9610
SWIDTH 1000 0
DWIDTH 10 0
BBX 9 12 0 -1
BITMAP
FF80
FF80
FF80
FF80
FF80
FF80
FF80
FF80
FF80
FF80
FF80
FF80
ENDCHAR
STARTCHAR uni258B
ENCODING 9611
SWIDTH 1000 0
DWIDTH 9 0
BBX 8 12 0 -1
BITMAP
FF
FF
FF
FF
FF
FF
FF
FF
FF
FF
FF
FF
ENDCHAR
STARTCHAR lfblock
ENCODING 9612
SWIDTH 750 0
DWIDTH 5 0
BBX 4 15 0 -4
BITMAP
F0
F0
F0
F0
F0
F0
F0
F0
F0
F0
F0
F0
F0
F0
F0
ENDCHAR
STARTCHAR uni258D
ENCODING 9613
SWIDTH 1000 0
DWIDTH 6 0
BBX 5 12 0 -1
BITMAP
F8
F8
F8
F8
F8
F8
F8
F8
F8
F8
F8
F8
ENDCHAR
STARTCHAR uni258E
ENCODING 9614
SWIDTH 1000 0
DWIDTH 4 0
BBX 3 12 0 -1
BITMAP
E0
E0
E0
E0
E0
E0
E0
E0
E0
E0
E0
E0
ENDCHAR
STARTCHAR uni258F
ENCODING 9615
SWIDTH 1000 0
DWIDTH 3 0
BBX 2 12 0 -1
BITMAP
C0
C0
C0
C0
C0
C0
C0
C0
C0
C0
C0
C0
ENDCHAR
STARTCHAR rtblock
ENCODING 9616
SWIDTH 750 0
DWIDTH 6 0
BBX 5 15 0 -4
BITMAP
F8
F8
F8
F8
F8
F8
F8
F8
F8
F8
F8
F8
F8
F8
F8
ENDCHAR
STARTCHAR ltshade
ENCODING 9617
SWIDTH 750 0
DWIDTH 9 0
BBX 8 15 0 -4
BITMAP
A5
4A
00
A5
4A
A5
4A
00
A5
4A
A5
4A
00
A5
4A
ENDCHAR
STARTCHAR shade
ENCODING 9618
SWIDTH 750 0
DWIDTH 10 0
BBX 9 13 0 -3
BITMAP
1C80
F700
BE80
E300
0800
4000
0000
0800
E300
BE80
F700
BE80
E300
ENDCHAR
STARTCHAR dkshade
ENCODING 9619
SWIDTH 750 0
DWIDTH 10 0
BBX 9 14 0 -4
BITMAP
3980
EF00
BD80
EF00
FF80
FF80
FF80
FF80
EF00
BD80
EF00
BD80
FF80
FF80
ENDCHAR
STARTCHAR uni2594
ENCODING 9620
SWIDTH 1000 0
DWIDTH 13 0
BBX 12 2 0 9
BITMAP
FFF0
FFF0
ENDCHAR
STARTCHAR uni2595
ENCODING 9621
SWIDTH 1000 0
DWIDTH 3 0
BBX 2 12 0 -1
BITMAP
C0
C0
C0
C0
C0
C0
C0
C0
C0
C0
C0
C0
ENDCHAR
STARTCHAR uni2596
ENCODING 9622
SWIDTH 1000 0
DWIDTH 7 0
BBX 6 6 0 -1
BITMAP
FC
FC
FC
FC
FC
FC
ENDCHAR
STARTCHAR uni2597
ENCODING 9623
SWIDTH 1000 0
DWIDTH 7 0
BBX 6 6 0 -1
BITMAP
FC
FC
FC
FC
FC
FC
ENDCHAR
STARTCHAR uni2598
ENCODING 9624
SWIDTH 1000 0
DWIDTH 7 0
BBX 6 6 0 5
BITMAP
FC
FC
FC
FC
FC
FC
ENDCHAR
STARTCHAR uni2599
ENCODING 9625
SWIDTH 1000 0
DWIDTH 13 0
BBX 12 12 0 -1
BITMAP
FC00
FC00
FC00
FC00
FC00
FC00
FFF0
FFF0
FFF0
FFF0
FFF0
FFF0
ENDCHAR
STARTCHAR uni259A
ENCODING 9626
SWIDTH 1000 0
DWIDTH 13 0
BBX 12 12 0 -1
BITMAP
FC00
FC00
FC00
FC00
FC00
FC00
03F0
03F0
03F0
03F0
03F0
03F0
ENDCHAR
STARTCHAR uni259B
ENCODING 9627
SWIDTH 1000 0
DWIDTH 13 0
BBX 12 12 0 -1
BITMAP
FFF0
FFF0
FFF0
FFF0
FFF0
FFF0
FC00
FC00
FC00
FC00
FC00
FC00
ENDCHAR
STARTCHAR uni259C
ENCODING 9628
SWIDTH 1000 0
DWIDTH 13 0
BBX 12 12 0 -1
BITMAP
FFF0
FFF0
FFF0
FFF0
FFF0
FFF0
03F0
03F0
03F0
03F0
03F0
03F0
ENDCHAR
STARTCHAR uni259D
ENCODING 9629
SWIDTH 1000 0
DWIDTH 7 0
BBX 6 6 0 5
BITMAP
FC
FC
FC
FC
FC
FC
ENDCHAR
STARTCHAR uni259E
ENCODING 9630
SWIDTH 1000 0
DWIDTH 13 0
BBX 12 12 0 -1
BITMAP
03F0
03F0
03F0
03F0
03F0
03F0
FC00
FC00
FC00
FC00
FC00
FC00
ENDCHAR
STARTCHAR uni259F
ENCODING 9631
SWIDTH 1000 0
DWIDTH 13 0
BBX 12 12 0 -1
BITMAP
03F0
03F0
03F0
03F0
03F0
03F0
FFF0
FFF0
FFF0
FFF0
FFF0
FFF0
ENDCHAR
STARTCHAR filledbox
ENCODING 9632
SWIDTH 583 0
DWIDTH 7 0
BBX 6 6 0 1
BITMAP
FC
FC
FC
FC
FC
FC
ENDCHAR
STARTCHAR H22073
ENCODING 9633
SWIDTH 583 0
DWIDTH 8 0
BBX 7 7 0 0
BITMAP
FE
82
82
82
82
82
FE
ENDCHAR
STARTCHAR uni25A2
ENCODING 9634
SWIDTH 1000 0
DWIDTH 13 0
BBX 12 11 0 -1
BITMAP
FFF0
8010
8010
8010
8010
8010
8010
8010
8010
8010
7FE0
ENDCHAR
STARTCHAR uni25A3
ENCODING 9635
SWIDTH 1000 0
DWIDTH 11 0
BBX 10 9 0 0
BITMAP
FFC0
8040
9E40
9E40
9E40
9E40
9E40
8040
FFC0
ENDCHAR
STARTCHAR uni25A4
ENCODING 9636
SWIDTH 1000 0
DWIDTH 11 0
BBX 10 9 0 0
BITMAP
FFC0
8040
FFC0
8040
FFC0
8040
FFC0
8040
FFC0
ENDCHAR
STARTCHAR uni25A5
ENCODING 9637
SWIDTH 1000 0
DWIDTH 11 0
BBX 10 9 0 0
BITMAP
FFC0
A940
A940
A940
A940
A940
A940
A940
FFC0
ENDCHAR
STARTCHAR uni25A6
ENCODING 9638
SWIDTH 1000 0
DWIDTH 11 0
BBX 10 9 0 0
BITMAP
FFC0
A940
FFC0
A940
FFC0
A940
FFC0
A940
FFC0
ENDCHAR
STARTCHAR uni25A7
ENCODING 9639
SWIDTH 1000 0
DWIDTH 11 0
BBX 10 9 0 0
BITMAP
FFC0
AAC0
9540
CAC0
A540
D2C0
A940
D4C0
FFC0
ENDCHAR
STARTCHAR uni25A8
ENCODING 9640
SWIDTH 1000 0
DWIDTH 11 0
BBX 10 9 0 0
BITMAP
FFC0
D540
AA40
D4C0
A940
D2C0
A540
CAC0
FFC0
ENDCHAR
STARTCHAR uni25A9
ENCODING 9641
SWIDTH 1000 0
DWIDTH 11 0
BBX 10 9 0 0
BITMAP
FFC0
DEC0
AD40
DAC0
AD40
D2C0
AD40
DEC0
FFC0
ENDCHAR
STARTCHAR H18543
ENCODING 9642
SWIDTH 333 0
DWIDTH 4 0
BBX 3 3 0 2
BITMAP
E0
E0
E0
ENDCHAR
STARTCHAR H18551
ENCODING 9643
SWIDTH 333 0
DWIDTH 4 0
BBX 3 3 0 2
BITMAP
E0
A0
E0
ENDCHAR
STARTCHAR filledrect
ENCODING 9644
SWIDTH 1000 0
DWIDTH 13 0
BBX 12 4 0 0
BITMAP
FFF0
FFF0
FFF0
FFF0
ENDCHAR
STARTCHAR uni25B1
ENCODING 9649
SWIDTH 1000 0
DWIDTH 13 0
BBX 12 5 0 2
BITMAP
1FF0
2020
4020
4040
FF80
ENDCHAR
STARTCHAR triagup
ENCODING 9650
SWIDTH 1000 0
DWIDTH 8 0
BBX 7 7 0 0
BITMAP
00
18
18
3C
3C
7E
7E
ENDCHAR
STARTCHAR uni25B3
ENCODING 9651
SWIDTH 1000 0
DWIDTH 13 0
BBX 12 10 0 0
BITMAP
0400
0600
0900
0900
1080
1080
2040
2040
4020
FFF0
ENDCHAR
STARTCHAR uni25B6
ENCODING 9654
SWIDTH 1000 0
DWIDTH 11 0
BBX 10 11 0 -1
BITMAP
C000
E000
F800
FE00
FF80
FFC0
FF00
FE00
F800
E000
C000
ENDCHAR
STARTCHAR uni25B7
ENCODING 9655
SWIDTH 1000 0
DWIDTH 11 0
BBX 10 11 0 -1
BITMAP
C000
B000
8800
8600
8180
8040
8180
8600
8800
B000
C000
ENDCHAR
STARTCHAR triagrt
ENCODING 9658
SWIDTH 1000 0
DWIDTH 9 0
BBX 8 7 0 0
BITMAP
80
E0
F8
FE
FC
F0
C0
ENDCHAR
STARTCHAR triagdn
ENCODING 9660
SWIDTH 1000 0
DWIDTH 8 0
BBX 7 7 0 0
BITMAP
7E
7E
3C
3C
18
18
00
ENDCHAR
STARTCHAR uni25BD
ENCODING 9661
SWIDTH 1000 0
DWIDTH 13 0
BBX 12 10 0 -1
BITMAP
FFF0
4020
2040
2040
1080
1080
0900
0900
0600
0400
ENDCHAR
STARTCHAR uni25C0
ENCODING 9664
SWIDTH 1000 0
DWIDTH 11 0
BBX 10 11 0 -1
BITMAP
00C0
01C0
07C0
1FC0
7FC0
FFC0
3FC0
1FC0
07C0
01C0
00C0
ENDCHAR
STARTCHAR uni25C1
ENCODING 9665
SWIDTH 1000 0
DWIDTH 11 0
BBX 10 11 0 -1
BITMAP
00C0
0340
0440
1840
6040
8040
6040
1840
0440
0340
00C0
ENDCHAR
STARTCHAR triaglf
ENCODING 9668
SWIDTH 1000 0
DWIDTH 9 0
BBX 8 7 0 0
BITMAP
03
0F
3F
FF
3F
0F
03
ENDCHAR
STARTCHAR uni25C6
ENCODING 9670
SWIDTH 1000 0
DWIDTH 13 0
BBX 12 11 0 -1
BITMAP
0600
0F00
1F80
3FC0
7FE0
FFF0
7FE0
3FC0
1F80
0F00
0600
ENDCHAR
STARTCHAR uni25C7
ENCODING 9671
SWIDTH 1000 0
DWIDTH 13 0
BBX 12 11 0 -1
BITMAP
0600
0900
1080
2040
4020
8010
4020
2040
1080
0900
0600
ENDCHAR
STARTCHAR uni25C9
ENCODING 9673
SWIDTH 1000 0
DWIDTH 11 0
BBX 10 11 0 -1
BITMAP
3F00
4080
9E40
BF40
BF40
FFC0
BF40
BF40
9E40
6180
1E00
ENDCHAR
STARTCHAR lozenge
ENCODING 9674
SWIDTH 583 0
DWIDTH 7 0
BBX 6 9 0 0
BITMAP
30
30
68
4C
84
4C
48
30
30
ENDCHAR
STARTCHAR circle
ENCODING 9675
SWIDTH 583 0
DWIDTH 6 0
BBX 5 5 0 1
BITMAP
70
88
88
88
70
ENDCHAR
STARTCHAR uni25CC
ENCODING 9676
SWIDTH 1000 0
DWIDTH 13 0
BBX 12 11 0 -1
BITMAP
1500
2080
4020
4020
8000
0010
8000
4020
0020
2080
1500
ENDCHAR
STARTCHAR uni25CE
ENCODING 9678
SWIDTH 1000 0
DWIDTH 11 0
BBX 10 11 0 -1
BITMAP
3F00
4080
9E40
A140
C0C0
C0C0
C0C0
A140
9E40
6180
1E00
ENDCHAR
STARTCHAR H18533
ENCODING 9679
SWIDTH 583 0
DWIDTH 6 0
BBX 5 5 0 1
BITMAP
70
F8
F8
F8
70
ENDCHAR
STARTCHAR uni25D0
ENCODING 9680
SWIDTH 1000 0
DWIDTH 11 0
BBX 10 11 0 -1
BITMAP
1E00
7980
7840
F840
F840
F840
F840
F840
7840
3980
1E00
ENDCHAR
STARTCHAR uni25D1
ENCODING 9681
SWIDTH 1000 0
DWIDTH 11 0
BBX 10 11 0 -1
BITMAP
1E00
6780
8780
87C0
87C0
87C0
87C0
87C0
8780
6700
1E00
ENDCHAR
STARTCHAR uni25D2
ENCODING 9682
SWIDTH 1000 0
DWIDTH 11 0
BBX 10 11 0 -1
BITMAP
1E00
6180
8040
8040
8040
FFC0
FFC0
FFC0
7F80
3F00
1E00
ENDCHAR
STARTCHAR uni25D3
ENCODING 9683
SWIDTH 1000 0
DWIDTH 11 0
BBX 10 11 0 -1
BITMAP
1E00
7F80
7F80
FFC0
FFC0
8040
8040
8040
8040
6180
1E00
ENDCHAR
STARTCHAR invbullet
ENCODING 9688
SWIDTH 583 0
DWIDTH 8 0
BBX 7 7 0 0
BITMAP
FE
C6
82
82
82
C6
FE
ENDCHAR
STARTCHAR invcircle
ENCODING 9689
SWIDTH 583 0
DWIDTH 8 0
BBX 7 7 0 0
BITMAP
FE
C6
BA
BA
BA
C6
FE
ENDCHAR
STARTCHAR uni25E2
ENCODING 9698
SWIDTH 1000 0
DWIDTH 13 0
BBX 12 12 0 -1
BITMAP
0010
0010
0030
0070
00F0
01F0
03F0
07F0
0FF0
1FF0
3FF0
FFF0
ENDCHAR
STARTCHAR uni25E3
ENCODING 9699
SWIDTH 1000 0
DWIDTH 13 0
BBX 12 12 0 -1
BITMAP
8000
8000
C000
E000
F000
F800
FC00
FE00
FF00
FF80
FFC0
FFF0
ENDCHAR
STARTCHAR uni25E4
ENCODING 9700
SWIDTH 1000 0
DWIDTH 13 0
BBX 12 12 0 -1
BITMAP
FFF0
FFE0
FFC0
FF80
FF00
FE00
FC00
F800
F000
E000
C000
8000
ENDCHAR
STARTCHAR uni25E5
ENCODING 9701
SWIDTH 1000 0
DWIDTH 13 0
BBX 12 12 0 -1
BITMAP
FFF0
7FF0
3FF0
1FF0
0FF0
07F0
03F0
01F0
00F0
0070
0030
0010
ENDCHAR
STARTCHAR openbullet
ENCODING 9702
SWIDTH 333 0
DWIDTH 4 0
BBX 3 3 0 2
BITMAP
E0
A0
E0
ENDCHAR
STARTCHAR uni25EF
ENCODING 9711
SWIDTH 1000 0
DWIDTH 13 0
BBX 12 11 0 -1
BITMAP
1F80
2040
4020
8010
8010
8010
8010
8010
4020
2040
1F80
ENDCHAR
STARTCHAR uni2600
ENCODING 9728
SWIDTH 1000 0
DWIDTH 13 0
BBX 12 11 0 -1
BITMAP
0600
2040
2F40
1F80
1F80
DFB0
1F80
1F80
2F40
2040
0600
ENDCHAR
STARTCHAR uni2601
ENCODING 9729
SWIDTH 1000 0
DWIDTH 13 0
BBX 12 9 0 0
BITMAP
0C00
3280
2140
5020
8020
8020
9010
7860
0780
ENDCHAR
STARTCHAR uni2602
ENCODING 9730
SWIDTH 1000 0
DWIDTH 11 0
BBX 10 11 0 -1
BITMAP
0900
7F00
BF80
1FC0
17C0
0BC0
0A40
1040
9000
A000
4000
ENDCHAR
STARTCHAR uni2603
ENCODING 9731
SWIDTH 1000 0
DWIDTH 13 0
BBX 12 11 0 -1
BITMAP
0700
0F00
1080
1D80
DFB0
58A0
2FC0
44A0
4020
4420
3FC0
ENDCHAR
STARTCHAR uni2605
ENCODING 9733
SWIDTH 1000 0
DWIDTH 13 0
BBX 12 11 0 -1
BITMAP
0400
0400
0600
0600
FFF0
3FC0
0F00
0F00
1F80
1080
2040
ENDCHAR
STARTCHAR uni2606
ENCODING 9734
SWIDTH 1000 0
DWIDTH 13 0
BBX 12 11 0 -1
BITMAP
0400
0400
0600
0600
F9F0
2040
1980
1080
1680
1980
2040
ENDCHAR
STARTCHAR uni2609
ENCODING 9737
SWIDTH 1000 0
DWIDTH 9 0
BBX 8 7 0 1
BITMAP
3C
42
81
99
81
42
3C
ENDCHAR
STARTCHAR uni260E
ENCODING 9742
SWIDTH 1000 0
DWIDTH 13 0
BBX 12 8 0 0
BITMAP
3FC0
6960
EF70
1980
30C0
30C0
79E0
3FC0
ENDCHAR
STARTCHAR uni260F
ENCODING 9743
SWIDTH 1000 0
DWIDTH 13 0
BBX 12 9 0 0
BITMAP
1F80
6060
BFD0
B0D0
5FA0
2940
4920
4F20
7FE0
ENDCHAR
STARTCHAR uni2616
ENCODING 9750
SWIDTH 1000 0
DWIDTH 11 0
BBX 10 11 0 -1
BITMAP
0C00
3300
4080
4080
4080
4080
8080
8040
8040
8040
FFC0
ENDCHAR
STARTCHAR uni2617
ENCODING 9751
SWIDTH 1000 0
DWIDTH 11 0
BBX 10 11 0 -1
BITMAP
0C00
1E00
7F80
7F80
7F80
7F80
7F80
7F80
FF80
FFC0
FFC0
ENDCHAR
STARTCHAR uni261C
ENCODING 9756
SWIDTH 1000 0
DWIDTH 13 0
BBX 12 6 0 1
BITMAP
7FC0
DA30
27D0
1A10
0E70
0780
ENDCHAR
STARTCHAR uni261D
ENCODING 9757
SWIDTH 1000 0
DWIDTH 7 0
BBX 6 11 0 -1
BITMAP
40
A0
B8
B4
7C
BC
BC
94
54
44
7C
ENDCHAR
STARTCHAR uni261E
ENCODING 9758
SWIDTH 1000 0
DWIDTH 13 0
BBX 12 6 0 1
BITMAP
3FE0
C5B0
BE40
8580
E700
1E00
ENDCHAR
STARTCHAR uni261F
ENCODING 9759
SWIDTH 1000 0
DWIDTH 7 0
BBX 6 11 0 -1
BITMAP
7C
44
54
94
BC
BC
7C
B8
B0
60
40
ENDCHAR
STARTCHAR uni262F
ENCODING 9775
SWIDTH 1000 0
DWIDTH 13 0
BBX 12 11 0 -1
BITMAP
1F80
3F40
7FA0
7F90
FF10
F810
F010
6010
6620
3040
0F80
ENDCHAR
STARTCHAR smileface
ENCODING 9786
SWIDTH 1000 0
DWIDTH 8 0
BBX 7 7 0 0
BITMAP
38
44
AA
82
BA
44
38
ENDCHAR
STARTCHAR invsmileface
ENCODING 9787
SWIDTH 1083 0
DWIDTH 8 0
BBX 7 7 0 0
BITMAP
38
7C
D6
FE
D6
6C
38
ENDCHAR
STARTCHAR sun
ENCODING 9788
SWIDTH 917 0
DWIDTH 8 0
BBX 7 7 0 0
BITMAP
92
7C
44
C6
44
7C
92
ENDCHAR
STARTCHAR female
ENCODING 9792
SWIDTH 750 0
DWIDTH 6 0
BBX 5 8 0 -1
BITMAP
70
50
70
20
20
F8
20
20
ENDCHAR
STARTCHAR uni2641
ENCODING 9793
SWIDTH 1000 0
DWIDTH 9 0
BBX 8 11 0 -1
BITMAP
18
18
18
FF
18
18
24
62
66
3C
18
ENDCHAR
STARTCHAR male
ENCODING 9794
SWIDTH 750 0
DWIDTH 6 0
BBX 5 5 0 2
BITMAP
18
18
E0
A0
E0
ENDCHAR
STARTCHAR spade
ENCODING 9824
SWIDTH 500 0
DWIDTH 6 0
BBX 5 7 0 0
BITMAP
20
20
70
F8
F8
20
70
ENDCHAR
STARTCHAR uni2661
ENCODING 9825
SWIDTH 1000 0
DWIDTH 11 0
BBX 10 11 0 -1
BITMAP
7380
8C40
8840
8040
8040
8040
4080
2100
1200
0C00
0800
ENDCHAR
STARTCHAR uni2662
ENCODING 9826
SWIDTH 1000 0
DWIDTH 9 0
BBX 8 11 0 -1
BITMAP
10
18
24
42
81
81
82
42
24
18
10
ENDCHAR
STARTCHAR club
ENCODING 9827
SWIDTH 667 0
DWIDTH 7 0
BBX 6 7 0 0
BITMAP
30
30
FC
FC
DC
20
30
ENDCHAR
STARTCHAR uni2664
ENCODING 9828
SWIDTH 1000 0
DWIDTH 11 0
BBX 10 11 0 -1
BITMAP
0C00
1200
2100
4080
8040
8040
8040
8C40
5E80
2D00
1E00
ENDCHAR
STARTCHAR heart
ENCODING 9829
SWIDTH 583 0
DWIDTH 6 0
BBX 5 7 0 0
BITMAP
D8
F8
F8
70
70
20
20
ENDCHAR
STARTCHAR diamond
ENCODING 9830
SWIDTH 500 0
DWIDTH 6 0
BBX 5 7 0 0
BITMAP
20
70
70
F8
70
70
20
ENDCHAR
STARTCHAR uni2667
ENCODING 9831
SWIDTH 1000 0
DWIDTH 11 0
BBX 10 11 0 -1
BITMAP
0C00
1200
2100
2100
7380
8040
8040
8C40
DEC0
2D00
1E00
ENDCHAR
STARTCHAR uni2668
ENCODING 9832
SWIDTH 1000 0
DWIDTH 11 0
BBX 10 10 0 0
BITMAP
0400
2B00
2A00
2A00
3D00
5580
9540
AE40
C0C0
3F00
ENDCHAR
STARTCHAR uni2669
ENCODING 9833
SWIDTH 1000 0
DWIDTH 5 0
BBX 4 11 0 -1
BITMAP
10
10
10
10
10
10
10
10
30
70
E0
ENDCHAR
STARTCHAR musicalnote
ENCODING 9834
SWIDTH 500 0
DWIDTH 5 0
BBX 4 7 0 0
BITMAP
20
20
30
30
30
E0
C0
ENDCHAR
STARTCHAR musicalnotedbl
ENCODING 9835
SWIDTH 750 0
DWIDTH 7 0
BBX 6 7 0 0
BITMAP
1C
64
5C
64
44
CC
CC
ENDCHAR
STARTCHAR uni266C
ENCODING 9836
SWIDTH 1000 0
DWIDTH 11 0
BBX 10 11 0 -1
BITMAP
01C0
1F40
11C0
1F40
1040
1040
1040
10C0
11C0
7180
E000
ENDCHAR
STARTCHAR uni266D
ENCODING 9837
SWIDTH 1000 0
DWIDTH 6 0
BBX 5 11 0 -1
BITMAP
80
80
80
80
B0
D8
98
90
A0
C0
80
ENDCHAR
STARTCHAR uni266E
ENCODING 9838
SWIDTH 1000 0
DWIDTH 5 0
BBX 4 11 0 -1
BITMAP
80
80
B0
F0
90
90
B0
F0
10
10
10
ENDCHAR
STARTCHAR uni266F
ENCODING 9839
SWIDTH 1000 0
DWIDTH 7 0
BBX 6 11 0 -1
BITMAP
48
48
4C
FC
C8
48
4C
FC
48
48
40
ENDCHAR
STARTCHAR uni2672
ENCODING 9842
SWIDTH 1000 0
DWIDTH 13 0
BBX 12 11 0 -1
BITMAP
1F80
2440
2640
1B80
F0E0
9090
A050
59E0
6620
2640
1980
ENDCHAR
STARTCHAR uni2673
ENCODING 9843
SWIDTH 1000 0
DWIDTH 13 0
BBX 12 11 0 -1
BITMAP
0600
0900
19C0
3180
1640
6240
5220
C230
C130
7FE0
0100
ENDCHAR
STARTCHAR uni2674
ENCODING 9844
SWIDTH 1000 0
DWIDTH 13 0
BBX 12 11 0 -1
BITMAP
0600
0900
19C0
3180
1E40
6240
5620
C630
C130
7FE0
0100
ENDCHAR
STARTCHAR uni2675
ENCODING 9845
SWIDTH 1000 0
DWIDTH 13 0
BBX 12 11 0 -1
BITMAP
0600
0900
19C0
3180
1640
6640
5220
CE30
C130
7FE0
0100
ENDCHAR
STARTCHAR uni2676
ENCODING 9846
SWIDTH 1000 0
DWIDTH 13 0
BBX 12 11 0 -1
BITMAP
0600
0900
19C0
3180
1640
6640
5E20
C230
C130
7FE0
0100
ENDCHAR
STARTCHAR uni2677
ENCODING 9847
SWIDTH 1000 0
DWIDTH 13 0
BBX 12 11 0 -1
BITMAP
0600
0900
19C0
3180
1640
6640
5220
CE30
C130
7FE0
0100
ENDCHAR
STARTCHAR uni2678
ENCODING 9848
SWIDTH 1000 0
DWIDTH 13 0
BBX 12 11 0 -1
BITMAP
0600
0900
19C0
3180
1640
6E40
5A20
C630
C130
7FE0
0100
ENDCHAR
STARTCHAR uni2679
ENCODING 9849
SWIDTH 1000 0
DWIDTH 13 0
BBX 12 11 0 -1
BITMAP
0600
0900
19C0
3180
1640
6240
5420
C430
C130
7FE0
0100
ENDCHAR
STARTCHAR uni267A
ENCODING 9850
SWIDTH 1000 0
DWIDTH 13 0
BBX 12 11 0 -1
BITMAP
0600
0900
19C0
1180
3040
6040
5020
4020
C130
7FE0
0100
ENDCHAR
STARTCHAR uni267B
ENCODING 9851
SWIDTH 1000 0
DWIDTH 13 0
BBX 12 11 0 -1
BITMAP
1F80
1FC0
39C0
1B80
E060
70F0
E070
4100
7DE0
3FC0
0100
ENDCHAR
STARTCHAR uni267C
ENCODING 9852
SWIDTH 1000 0
DWIDTH 13 0
BBX 12 11 0 -1
BITMAP
1F80
34C0
6260
7660
CFB0
8F10
9F90
6260
6460
3FC0
1F80
ENDCHAR
STARTCHAR uni267D
ENCODING 9853
SWIDTH 1000 0
DWIDTH 13 0
BBX 12 11 0 -1
BITMAP
1F80
2B40
5FA0
9B90
F0D0
F0F0
A170
BDD0
5FA0
2140
1F80
ENDCHAR
STARTCHAR uni26A0
ENCODING 9888
SWIDTH 1000 0
DWIDTH 13 0
BBX 12 10 0 0
BITMAP
0600
0900
1F80
1680
2640
2240
4020
4620
8610
7FE0
ENDCHAR
STARTCHAR uni26BD
ENCODING 9917
SWIDTH 1000 0
DWIDTH 13 0
BBX 12 11 0 -1
BITMAP
1F80
2240
4220
4220
7FF0
8F10
8F10
8910
70A0
30C0
0F80
ENDCHAR
STARTCHAR uni26BE
ENCODING 9918
SWIDTH 1000 0
DWIDTH 11 0
BBX 10 11 0 -1
BITMAP
3F00
6180
9240
9240
9240
8040
9240
9240
A140
6180
1E00
ENDCHAR
STARTCHAR uni2702
ENCODING 9986
SWIDTH 1000 0
DWIDTH 11 0
BBX 10 9 0 0
BITMAP
C000
A040
6180
1600
0C00
3300
E0C0
A000
C000
ENDCHAR
STARTCHAR uni2713
ENCODING 10003
SWIDTH 750 0
DWIDTH 10 0
BBX 9 9 0 0
BITMAP
0180
0300
0600
0400
4C00
C800
5800
7000
3000
ENDCHAR
STARTCHAR uni271A
ENCODING 10010
SWIDTH 1000 0
DWIDTH 11 0
BBX 10 10 0 0
BITMAP
0C00
0C00
0C00
0C00
FFC0
FFC0
FFC0
0C00
0C00
0C00
ENDCHAR
STARTCHAR uni273D
ENCODING 10045
SWIDTH 1000 0
DWIDTH 9 0
BBX 8 9 0 0
BITMAP
18
18
D3
76
18
F7
DB
18
18
ENDCHAR
STARTCHAR uni273F
ENCODING 10047
SWIDTH 1000 0
DWIDTH 13 0
BBX 12 11 0 -1
BITMAP
0F00
0F00
6660
76E0
7DE0
F9F0
0F00
3FC0
79E0
1980
0900
ENDCHAR
STARTCHAR uni2740
ENCODING 10048
SWIDTH 1000 0
DWIDTH 13 0
BBX 12 11 0 -1
BITMAP
0F00
0900
6960
56A0
8D10
F9F0
1F80
2640
4620
39C0
0900
ENDCHAR
STARTCHAR uni2756
ENCODING 10070
SWIDTH 1000 0
DWIDTH 13 0
BBX 12 11 0 -1
BITMAP
0600
0F00
0F00
2640
70E0
F9F0
70E0
2640
0F00
0F00
0600
ENDCHAR
STARTCHAR uni2776
ENCODING 10102
SWIDTH 1000 0
DWIDTH 13 0
BBX 12 11 0 -1
BITMAP
1F80
3FC0
79E0
71E0
FDF0
FDF0
FDF0
7DE0
7DE0
3FC0
1F80
ENDCHAR
STARTCHAR uni2777
ENCODING 10103
SWIDTH 1000 0
DWIDTH 13 0
BBX 12 11 0 -1
BITMAP
1F80
3FC0
71E0
74E0
FEF0
FCF0
F9F0
72E0
70E0
3FC0
1F80
ENDCHAR
STARTCHAR uni2778
ENCODING 10104
SWIDTH 1000 0
DWIDTH 13 0
BBX 12 11 0 -1
BITMAP
1F80
3FC0
71E0
76E0
FCF0
F9F0
FEF0
70E0
79E0
3FC0
1F80
ENDCHAR
STARTCHAR uni2779
ENCODING 10105
SWIDTH 1000 0
DWIDTH 13 0
BBX 12 11 0 -1
BITMAP
1F80
3FC0
7CE0
78E0
F4F0
E4F0
E0F0
7CE0
7CE0
3FC0
1F80
ENDCHAR
STARTCHAR uni277A
ENCODING 10106
SWIDTH 1000 0
DWIDTH 13 0
BBX 12 11 0 -1
BITMAP
1F80
3FC0
70E0
73E0
F5F0
F0F0
FEF0
70E0
79E0
3FC0
1F80
ENDCHAR
STARTCHAR uni277B
ENCODING 10107
SWIDTH 1000 0
DWIDTH 13 0
BBX 12 11 0 -1
BITMAP
1F80
3FC0
78E0
72E0
E7F0
E0F0
E6F0
74E0
79E0
3FC0
1F80
ENDCHAR
STARTCHAR uni277C
ENCODING 10108
SWIDTH 1000 0
DWIDTH 13 0
BBX 12 11 0 -1
BITMAP
1F80
3FC0
70E0
7EE0
FDF0
FDF0
F9F0
79E0
7BE0
3FC0
1F80
ENDCHAR
STARTCHAR uni277D
ENCODING 10109
SWIDTH 1000 0
DWIDTH 13 0
BBX 12 11 0 -1
BITMAP
1F80
3FC0
79E0
76E0
F2F0
F9F0
F6F0
76E0
79E0
3FC0
1F80
ENDCHAR
STARTCHAR uni277E
ENCODING 10110
SWIDTH 1000 0
DWIDTH 13 0
BBX 12 11 0 -1
BITMAP
1F80
3FC0
79E0
76E0
F670
F070
FEF0
70E0
79E0
3FC0
1F80
ENDCHAR
STARTCHAR uni277F
ENCODING 10111
SWIDTH 1000 0
DWIDTH 13 0
BBX 12 11 0 -1
BITMAP
1F80
3FC0
6660
4520
E530
E530
E530
6460
66E0
3FC0
1F80
ENDCHAR
STARTCHAR uni2780
ENCODING 10112
SWIDTH 1000 0
DWIDTH 13 0
BBX 12 11 0 -1
BITMAP
1F80
2040
4620
8E10
8210
8210
8210
8210
4220
2040
1F80
ENDCHAR
STARTCHAR uni2781
ENCODING 10113
SWIDTH 1000 0
DWIDTH 13 0
BBX 12 11 0 -1
BITMAP
1F80
2040
4E20
8B10
8110
8310
8610
8F10
4F20
2040
1F80
ENDCHAR
STARTCHAR uni2782
ENCODING 10114
SWIDTH 1000 0
DWIDTH 13 0
BBX 12 11 0 -1
BITMAP
1F80
2040
4E20
8910
8310
8710
8110
9F10
4620
2040
1F80
ENDCHAR
STARTCHAR uni2783
ENCODING 10115
SWIDTH 1000 0
DWIDTH 13 0
BBX 12 11 0 -1
BITMAP
1F80
2040
4320
8710
8F10
9B10
9F10
8310
4320
2040
1F80
ENDCHAR
STARTCHAR uni2784
ENCODING 10116
SWIDTH 1000 0
DWIDTH 13 0
BBX 12 11 0 -1
BITMAP
1F80
2040
4F20
8F10
8A10
8F10
8110
8F10
4620
2040
1F80
ENDCHAR
STARTCHAR uni2785
ENCODING 10117
SWIDTH 1000 0
DWIDTH 13 0
BBX 12 11 0 -1
BITMAP
1F80
2040
4720
8D10
9810
9F10
9910
8F10
4620
2040
1F80
ENDCHAR
STARTCHAR uni2786
ENCODING 10118
SWIDTH 1000 0
DWIDTH 13 0
BBX 12 11 0 -1
BITMAP
1F80
2040
4F20
8F10
8210
8210
8610
8610
4420
2040
1F80
ENDCHAR
STARTCHAR uni2787
ENCODING 10119
SWIDTH 1000 0
DWIDTH 13 0
BBX 12 11 0 -1
BITMAP
1F80
2040
4620
8910
8D10
8710
8910
8910
4620
2040
1F80
ENDCHAR
STARTCHAR uni2788
ENCODING 10120
SWIDTH 1000 0
DWIDTH 13 0
BBX 12 11 0 -1
BITMAP
1F80
2040
4620
8910
8990
8F90
8110
8F10
4620
2040
1F80
ENDCHAR
STARTCHAR uni2789
ENCODING 10121
SWIDTH 1000 0
DWIDTH 13 0
BBX 12 11 0 -1
BITMAP
1F80
2040
59A0
BAD0
9AD0
9AD0
9AD0
9B90
5920
2040
1F80
ENDCHAR
STARTCHAR uni278A
ENCODING 10122
SWIDTH 1000 0
DWIDTH 13 0
BBX 12 11 0 -1
BITMAP
1F80
3FC0
79E0
71E0
FDF0
FDF0
FDF0
7DE0
7DE0
3FC0
1F80
ENDCHAR
STARTCHAR uni278B
ENCODING 10123
SWIDTH 1000 0
DWIDTH 13 0
BBX 12 11 0 -1
BITMAP
1F80
3FC0
71E0
74E0
FEF0
FCF0
F9F0
72E0
70E0
3FC0
1F80
ENDCHAR
STARTCHAR uni278C
ENCODING 10124
SWIDTH 1000 0
DWIDTH 13 0
BBX 12 11 0 -1
BITMAP
1F80
3FC0
71E0
76E0
FCF0
F9F0
FEF0
70E0
79E0
3FC0
1F80
ENDCHAR
STARTCHAR uni278D
ENCODING 10125
SWIDTH 1000 0
DWIDTH 13 0
BBX 12 11 0 -1
BITMAP
1F80
3FC0
7CE0
78E0
F4F0
E4F0
E0F0
7CE0
7CE0
3FC0
1F80
ENDCHAR
STARTCHAR uni278E
ENCODING 10126
SWIDTH 1000 0
DWIDTH 13 0
BBX 12 11 0 -1
BITMAP
1F80
3FC0
70E0
73E0
F5F0
F0F0
FEF0
70E0
79E0
3FC0
1F80
ENDCHAR
STARTCHAR uni278F
ENCODING 10127
SWIDTH 1000 0
DWIDTH 13 0
BBX 12 11 0 -1
BITMAP
1F80
3FC0
78E0
72E0
E7F0
E0F0
E6F0
74E0
79E0
3FC0
1F80
ENDCHAR
STARTCHAR uni2790
ENCODING 10128
SWIDTH 1000 0
DWIDTH 13 0
BBX 12 11 0 -1
BITMAP
1F80
3FC0
70E0
7EE0
FDF0
FDF0
F9F0
79E0
7BE0
3FC0
1F80
ENDCHAR
STARTCHAR uni2791
ENCODING 10129
SWIDTH 1000 0
DWIDTH 13 0
BBX 12 11 0 -1
BITMAP
1F80
3FC0
79E0
76E0
F2F0
F9F0
F6F0
76E0
79E0
3FC0
1F80
ENDCHAR
STARTCHAR uni2792
ENCODING 10130
SWIDTH 1000 0
DWIDTH 13 0
BBX 12 11 0 -1
BITMAP
1F80
3FC0
79E0
76E0
F670
F070
FEF0
70E0
79E0
3FC0
1F80
ENDCHAR
STARTCHAR uni2793
ENCODING 10131
SWIDTH 1000 0
DWIDTH 13 0
BBX 12 11 0 -1
BITMAP
1F80
3FC0
6660
4520
E530
E530
E530
6460
66E0
3FC0
1F80
ENDCHAR
STARTCHAR uni27A1
ENCODING 10145
SWIDTH 1000 0
DWIDTH 12 0
BBX 11 9 0 0
BITMAP
0400
0200
FF00
FFC0
FFE0
FF80
0300
0200
0400
ENDCHAR
STARTCHAR uni2934
ENCODING 10548
SWIDTH 1000 0
DWIDTH 13 0
BBX 12 11 0 -1
BITMAP
0080
00C0
01E0
02D0
00C0
0080
0080
0180
0300
1E00
F000
ENDCHAR
STARTCHAR uni2935
ENCODING 10549
SWIDTH 1000 0
DWIDTH 13 0
BBX 12 11 0 -1
BITMAP
F800
0E00
0300
0180
0080
0080
00C0
03F0
01E0
00C0
0080
ENDCHAR
STARTCHAR uni29BF
ENCODING 10687
SWIDTH 1000 0
DWIDTH 11 0
BBX 10 11 0 -1
BITMAP
3F00
4080
8040
8840
9E40
9E40
9E40
8040
8040
6180
1E00
ENDCHAR
STARTCHAR uni29FA
ENCODING 10746
SWIDTH 1000 0
DWIDTH 9 0
BBX 8 9 0 0
BITMAP
24
24
24
24
FF
24
24
24
24
ENDCHAR
STARTCHAR uni29FB
ENCODING 10747
SWIDTH 1000 0
DWIDTH 9 0
BBX 8 9 0 0
BITMAP
5A
5A
5A
5A
FF
5A
5A
5A
5A
ENDCHAR
STARTCHAR uni2B05
ENCODING 11013
SWIDTH 1000 0
DWIDTH 12 0
BBX 11 9 0 0
BITMAP
0400
0800
1FE0
7FE0
FFE0
3FE0
1800
0800
0400
ENDCHAR
STARTCHAR uni2B06
ENCODING 11014
SWIDTH 1000 0
DWIDTH 9 0
BBX 8 11 0 -1
BITMAP
18
18
3C
7E
FF
3C
3C
3C
3C
3C
3C
ENDCHAR
STARTCHAR uni2B07
ENCODING 11015
SWIDTH 1000 0
DWIDTH 9 0
BBX 8 11 0 -1
BITMAP
3C
3C
3C
3C
3C
3C
FF
7E
3C
18
10
ENDCHAR
STARTCHAR uni2B1A
ENCODING 11034
SWIDTH 1000 0
DWIDTH 11 0
BBX 10 11 0 -1
BITMAP
BF40
0000
8040
0000
8040
0000
8040
0000
8040
0000
BF40
ENDCHAR
STARTCHAR uni2B95
ENCODING 11157
SWIDTH 1000 0
DWIDTH 12 0
BBX 11 9 0 0
BITMAP
0400
0200
FF00
FFC0
FFE0
FF80
0300
0200
0400
ENDCHAR
STARTCHAR uni2E3A
ENCODING 11834
SWIDTH 1667 0
DWIDTH 20 0
BBX 19 1 0 3
BITMAP
FFFFE0
ENDCHAR
STARTCHAR uni2E3B
ENCODING 11835
SWIDTH 2500 0
DWIDTH 29 0
BBX 28 1 0 3
BITMAP
00000000
ENDCHAR
STARTCHAR uni3000
ENCODING 12288
SWIDTH 1000 0
DWIDTH 3 0
BBX 0 0 0 0
BITMAP
ENDCHAR
STARTCHAR uni3001
ENCODING 12289
SWIDTH 1000 0
DWIDTH 5 0
BBX 4 4 0 -1
BITMAP
40
E0
30
10
ENDCHAR
STARTCHAR uni3002
ENCODING 12290
SWIDTH 1000 0
DWIDTH 5 0
BBX 4 4 0 -1
BITMAP
70
90
90
70
ENDCHAR
STARTCHAR uni3003
ENCODING 12291
SWIDTH 1000 0
DWIDTH 9 0
BBX 8 6 0 1
BITMAP
33
26
66
44
4C
C8
ENDCHAR
STARTCHAR uni3004
ENCODING 12292
SWIDTH 1000 0
DWIDTH 13 0
BBX 12 11 0 -1
BITMAP
1C80
20C0
40A0
44A0
8390
8410
8C10
4C20
4820
2840
1380
ENDCHAR
STARTCHAR uni3005
ENCODING 12293
SWIDTH 1000 0
DWIDTH 10 0
BBX 9 10 0 0
BITMAP
1000
1800
1800
3F80
3180
6100
CB00
5E00
0700
0100
ENDCHAR
STARTCHAR uni3006
ENCODING 12294
SWIDTH 1000 0
DWIDTH 10 0
BBX 9 11 0 -1
BITMAP
0100
0380
2300
7600
1C00
1E00
9F80
B100
E000
C000
C000
ENDCHAR
STARTCHAR uni3007
ENCODING 12295
SWIDTH 1000 0
DWIDTH 13 0
BBX 12 11 0 -1
BITMAP
0F00
39C0
6060
4020
4020
C030
4020
6060
6060
3FC0
0F00
ENDCHAR
STARTCHAR uni3008
ENCODING 12296
SWIDTH 1000 0
DWIDTH 5 0
BBX 4 11 0 -1
BITMAP
10
30
20
40
C0
80
C0
40
20
30
10
ENDCHAR
STARTCHAR uni3009
ENCODING 12297
SWIDTH 1000 0
DWIDTH 5 0
BBX 4 11 0 -1
BITMAP
80
C0
40
20
30
10
30
20
40
C0
80
ENDCHAR
STARTCHAR uni300A
ENCODING 12298
SWIDTH 1000 0
DWIDTH 7 0
BBX 6 11 0 -1
BITMAP
3C
28
68
50
50
A0
50
50
28
28
3C
ENDCHAR
STARTCHAR uni300B
ENCODING 12299
SWIDTH 1000 0
DWIDTH 7 0
BBX 6 11 0 -1
BITMAP
F0
50
58
28
28
14
28
28
50
50
F0
ENDCHAR
STARTCHAR uni300C
ENCODING 12300
SWIDTH 1000 0
DWIDTH 5 0
BBX 4 7 0 3
BITMAP
F0
80
80
80
80
80
80
ENDCHAR
STARTCHAR uni300D
ENCODING 12301
SWIDTH 1000 0
DWIDTH 5 0
BBX 4 8 0 -1
BITMAP
10
10
10
10
10
10
10
F0
ENDCHAR
STARTCHAR uni300E
ENCODING 12302
SWIDTH 1000 0
DWIDTH 6 0
BBX 5 8 0 2
BITMAP
F8
B8
A0
A0
A0
A0
A0
E0
ENDCHAR
STARTCHAR uni300F
ENCODING 12303
SWIDTH 1000 0
DWIDTH 6 0
BBX 5 8 0 -1
BITMAP
38
28
28
28
28
28
E8
F8
ENDCHAR
STARTCHAR uni3010
ENCODING 12304
SWIDTH 1000 0
DWIDTH 5 0
BBX 4 11 0 -1
BITMAP
F0
C0
C0
C0
80
80
80
C0
C0
C0
F0
ENDCHAR
STARTCHAR uni3011
ENCODING 12305
SWIDTH 1000 0
DWIDTH 5 0
BBX 4 11 0 -1
BITMAP
F0
30
30
30
10
10
10
30
30
30
F0
ENDCHAR
STARTCHAR uni3012
ENCODING 12306
SWIDTH 1000 0
DWIDTH 9 0
BBX 8 9 0 0
BITMAP
FF
FF
00
FF
18
18
18
18
18
ENDCHAR
STARTCHAR uni3013
ENCODING 12307
SWIDTH 1000 0
DWIDTH 11 0
BBX 10 9 0 0
BITMAP
FFC0
FFC0
FFC0
0000
0000
0000
FFC0
FFC0
FFC0
ENDCHAR
STARTCHAR uni3014
ENCODING 12308
SWIDTH 1000 0
DWIDTH 5 0
BBX 4 11 0 -1
BITMAP
30
C0
C0
C0
C0
C0
C0
C0
C0
C0
30
ENDCHAR
STARTCHAR uni3015
ENCODING 12309
SWIDTH 1000 0
DWIDTH 5 0
BBX 4 11 0 -1
BITMAP
C0
30
30
30
30
30
30
30
30
30
C0
ENDCHAR
STARTCHAR uni3016
ENCODING 12310
SWIDTH 1000 0
DWIDTH 5 0
BBX 4 11 0 -1
BITMAP
F0
C0
80
80
80
80
80
80
80
C0
F0
ENDCHAR
STARTCHAR uni3017
ENCODING 12311
SWIDTH 1000 0
DWIDTH 5 0
BBX 4 11 0 -1
BITMAP
F0
30
10
10
10
10
10
10
30
30
F0
ENDCHAR
STARTCHAR uni3018
ENCODING 12312
SWIDTH 1000 0
DWIDTH 5 0
BBX 4 11 0 -1
BITMAP
70
B0
C0
C0
C0
C0
C0
C0
E0
90
60
ENDCHAR
STARTCHAR uni3019
ENCODING 12313
SWIDTH 1000 0
DWIDTH 5 0
BBX 4 11 0 -1
BITMAP
E0
D0
30
30
30
30
30
30
70
90
60
ENDCHAR
STARTCHAR uni301A
ENCODING 12314
SWIDTH 1000 0
DWIDTH 5 0
BBX 4 11 0 -1
BITMAP
F0
A0
A0
A0
A0
A0
A0
A0
A0
A0
F0
ENDCHAR
STARTCHAR uni301B
ENCODING 12315
SWIDTH 1000 0
DWIDTH 5 0
BBX 4 11 0 -1
BITMAP
F0
50
50
50
50
50
50
50
50
50
F0
ENDCHAR
STARTCHAR uni301C
ENCODING 12316
SWIDTH 1000 0
DWIDTH 13 0
BBX 12 3 0 3
BITMAP
7C20
E670
43C0
ENDCHAR
STARTCHAR uni301D
ENCODING 12317
SWIDTH 1000 0
DWIDTH 4 0
BBX 3 5 0 5
BITMAP
C0
60
A0
C0
20
ENDCHAR
STARTCHAR uni301E
ENCODING 12318
SWIDTH 1000 0
DWIDTH 4 0
BBX 3 5 0 5
BITMAP
60
C0
A0
60
80
ENDCHAR
STARTCHAR uni301F
ENCODING 12319
SWIDTH 1000 0
DWIDTH 4 0
BBX 3 5 0 -1
BITMAP
80
60
A0
C0
60
ENDCHAR
STARTCHAR uni3020
ENCODING 12320
SWIDTH 1000 0
DWIDTH 13 0
BBX 12 9 0 0
BITMAP
3FC0
0000
3FC0
56A0
AF50
B690
50A0
2940
1F80
ENDCHAR
STARTCHAR uni3021
ENCODING 12321
SWIDTH 1000 0
DWIDTH 3 0
BBX 2 11 0 -1
BITMAP
C0
C0
C0
C0
C0
C0
C0
C0
C0
C0
C0
ENDCHAR
STARTCHAR uni3022
ENCODING 12322
SWIDTH 1000 0
DWIDTH 5 0
BBX 4 11 0 -1
BITMAP
10
10
90
90
90
90
90
90
90
10
10
ENDCHAR
STARTCHAR uni3023
ENCODING 12323
SWIDTH 1000 0
DWIDTH 9 0
BBX 8 11 0 -1
BITMAP
01
C1
D9
D9
D9
D9
D9
D9
C1
C1
01
ENDCHAR
STARTCHAR uni3024
ENCODING 12324
SWIDTH 1000 0
DWIDTH 11 0
BBX 10 10 0 -1
BITMAP
2180
3180
1900
0F00
0700
0700
0D80
38C0
F080
4000
ENDCHAR
STARTCHAR uni3025
ENCODING 12325
SWIDTH 1000 0
DWIDTH 7 0
BBX 6 10 0 0
BITMAP
40
78
CC
CC
F8
78
CC
84
CC
78
ENDCHAR
STARTCHAR uni3026
ENCODING 12326
SWIDTH 1000 0
DWIDTH 11 0
BBX 10 4 0 5
BITMAP
0C00
0C00
0000
FFC0
ENDCHAR
STARTCHAR uni3027
ENCODING 12327
SWIDTH 1000 0
DWIDTH 11 0
BBX 10 8 0 2
BITMAP
0C00
0C00
0C00
FFC0
FFC0
0000
0000
3F00
ENDCHAR
STARTCHAR uni3028
ENCODING 12328
SWIDTH 1000 0
DWIDTH 11 0
BBX 10 10 0 0
BITMAP
0C00
0C00
0C00
FFC0
0000
0000
3F00
0000
0000
FFC0
ENDCHAR
STARTCHAR uni3029
ENCODING 12329
SWIDTH 1000 0
DWIDTH 11 0
BBX 10 11 0 -1
BITMAP
0C00
0C00
7F80
0180
6100
3300
1E00
0C00
3F00
F1C0
4080
ENDCHAR
STARTCHAR uni302A
ENCODING 12330
SWIDTH 0 0
DWIDTH 3 0
BBX 2 3 0 -4
BITMAP
C0
C0
C0
ENDCHAR
STARTCHAR uni302B
ENCODING 12331
SWIDTH 0 0
DWIDTH 3 0
BBX 2 3 0 10
BITMAP
C0
C0
40
ENDCHAR
STARTCHAR uni302C
ENCODING 12332
SWIDTH 0 0
DWIDTH 3 0
BBX 2 3 0 10
BITMAP
C0
C0
80
ENDCHAR
STARTCHAR uni302D
ENCODING 12333
SWIDTH 0 0
DWIDTH 3 0
BBX 2 3 0 -4
BITMAP
C0
C0
C0
ENDCHAR
STARTCHAR uni302E
ENCODING 12334
SWIDTH 250 0
DWIDTH 4 0
BBX 3 2 0 4
BITMAP
40
E0
ENDCHAR
STARTCHAR uni302F
ENCODING 12335
SWIDTH 250 0
DWIDTH 4 0
BBX 3 5 0 2
BITMAP
40
E0
00
E0
40
ENDCHAR
STARTCHAR uni3030
ENCODING 12336
SWIDTH 1000 0
DWIDTH 13 0
BBX 12 3 0 3
BITMAP
CF30
4920
79E0
ENDCHAR
STARTCHAR uni3031
ENCODING 12337
SWIDTH 1000 0
DWIDTH 8 0
BBX 7 23 0 -7
BITMAP
06
0C
0C
18
18
30
20
60
40
C0
C0
C0
C0
60
30
30
18
18
0C
0C
06
06
04
ENDCHAR
STARTCHAR uni3032
ENCODING 12338
SWIDTH 1000 0
DWIDTH 10 0
BBX 9 23 0 -7
BITMAP
0600
0C00
0C00
1800
1800
3500
2780
6200
4000
C000
C000
C000
C000
6000
3000
3000
1800
1800
0C00
0C00
0600
0600
0400
ENDCHAR
STARTCHAR uni3033
ENCODING 12339
SWIDTH 1000 0
DWIDTH 8 0
BBX 7 11 0 -1
BITMAP
06
0C
0C
18
18
30
20
60
40
C0
C0
ENDCHAR
STARTCHAR uni3034
ENCODING 12340
SWIDTH 1000 0
DWIDTH 10 0
BBX 9 11 0 -1
BITMAP
0600
0C00
0C00
1800
1800
3500
2780
6200
4000
C000
C000
ENDCHAR
STARTCHAR uni3035
ENCODING 12341
SWIDTH 1000 0
DWIDTH 8 0
BBX 7 12 0 -1
BITMAP
C0
C0
60
30
30
18
18
0C
0C
06
06
04
ENDCHAR
STARTCHAR uni3036
ENCODING 12342
SWIDTH 1000 0
DWIDTH 13 0
BBX 12 11 0 -1
BITMAP
1F80
2040
4020
5FA0
8010
9F90
8410
4420
4420
2040
1F80
ENDCHAR
STARTCHAR uni3037
ENCODING 12343
SWIDTH 1000 0
DWIDTH 13 0
BBX 12 11 0 -1
BITMAP
CD30
4B20
69E0
38C0
30C0
10C0
30C0
38E0
69A0
4F20
CB30
ENDCHAR
STARTCHAR uni3038
ENCODING 12344
SWIDTH 1000 0
DWIDTH 11 0
BBX 10 11 0 -1
BITMAP
0C00
0C00
0C00
0C00
FFC0
0C00
0C00
0C00
0C00
0C00
0C00
ENDCHAR
STARTCHAR uni3039
ENCODING 12345
SWIDTH 1000 0
DWIDTH 11 0
BBX 10 11 0 -1
BITMAP
3300
3300
3300
FFC0
FFC0
3300
3300
3300
3300
3300
3300
ENDCHAR
STARTCHAR uni303A
ENCODING 12346
SWIDTH 1000 0
DWIDTH 11 0
BBX 10 11 0 -1
BITMAP
2180
2D80
2D80
2D80
FFC0
6D80
6D80
6D80
4D80
CD80
8180
ENDCHAR
STARTCHAR uni303B
ENCODING 12347
SWIDTH 1000 0
DWIDTH 7 0
BBX 6 11 0 -1
BITMAP
C0
60
30
1C
B8
C0
40
70
1C
78
C0
ENDCHAR
STARTCHAR uni303C
ENCODING 12348
SWIDTH 1000 0
DWIDTH 11 0
BBX 10 9 0 0
BITMAP
FFC0
8140
8240
8440
8840
9040
A040
C040
FFC0
ENDCHAR
STARTCHAR uni303D
ENCODING 12349
SWIDTH 1000 0
DWIDTH 11 0
BBX 10 9 0 0
BITMAP
0800
7C00
8200
0200
0100
0100
0080
0040
0040
ENDCHAR
STARTCHAR uni303E
ENCODING 12350
SWIDTH 1000 0
DWIDTH 11 0
BBX 10 11 0 -1
BITMAP
BF40
0000
8040
3F00
8440
1E00
8840
1E00
8040
0000
BF40
ENDCHAR
STARTCHAR uni303F
ENCODING 12351
SWIDTH 1000 0
DWIDTH 7 0
BBX 6 9 0 0
BITMAP
FC
CC
CC
B4
A4
B4
CC
CC
FC
ENDCHAR
STARTCHAR uni3041
ENCODING 12353
SWIDTH 1000 0
DWIDTH 9 0
BBX 8 9 0 -1
BITMAP
10
FE
34
3E
75
F9
99
FF
04
ENDCHAR
STARTCHAR uni3042
ENCODING 12354
SWIDTH 1000 0
DWIDTH 11 0
BBX 10 11 0 -1
BITMAP
1800
9980
7F80
1300
1F80
32C0
5640
DC40
D8C0
FF80
0200
ENDCHAR
STARTCHAR uni3043
ENCODING 12355
SWIDTH 1000 0
DWIDTH 10 0
BBX 9 8 0 -1
BITMAP
C600
C200
C300
C100
D100
5980
7000
2000
ENDCHAR
STARTCHAR uni3044
ENCODING 12356
SWIDTH 1000 0
DWIDTH 11 0
BBX 10 9 0 0
BITMAP
C000
C180
C180
C0C0
C0C0
48C0
4C40
7880
3800
ENDCHAR
STARTCHAR uni3045
ENCODING 12357
SWIDTH 1000 0
DWIDTH 8 0
BBX 7 9 0 -1
BITMAP
70
3C
00
FC
84
06
0C
78
60
ENDCHAR
STARTCHAR uni3046
ENCODING 12358
SWIDTH 1000 0
DWIDTH 9 0
BBX 8 11 0 -1
BITMAP
60
7E
00
3C
FE
83
03
03
0E
7C
30
ENDCHAR
STARTCHAR uni3047
ENCODING 12359
SWIDTH 1000 0
DWIDTH 9 0
BBX 8 9 0 -1
BITMAP
30
3C
04
7E
08
18
3C
CF
47
ENDCHAR
STARTCHAR uni3048
ENCODING 12360
SWIDTH 1000 0
DWIDTH 11 0
BBX 10 11 0 -1
BITMAP
1000
1F00
0000
7F00
7E00
0C00
1800
1E00
7600
E3C0
4180
ENDCHAR
STARTCHAR uni3049
ENCODING 12361
SWIDTH 1000 0
DWIDTH 10 0
BBX 9 9 0 -1
BITMAP
3000
2A00
FB80
2080
3E00
6300
A300
EF00
6C00
ENDCHAR
STARTCHAR uni304A
ENCODING 12362
SWIDTH 1000 0
DWIDTH 12 0
BBX 11 11 0 -1
BITMAP
1000
1000
FD80
F8E0
1000
1F80
7080
D0C0
D180
F780
2400
ENDCHAR
STARTCHAR uni304B
ENCODING 12363
SWIDTH 1000 0
DWIDTH 12 0
BBX 11 11 0 -1
BITMAP
1800
1000
1180
FEC0
B2C0
2260
6240
6200
4600
DE00
4800
ENDCHAR
STARTCHAR uni304C
ENCODING 12364
SWIDTH 1000 0
DWIDTH 12 0
BBX 11 11 0 -1
BITMAP
11C0
10E0
1180
FEC0
B2C0
2240
6260
6200
4600
DC00
4800
ENDCHAR
STARTCHAR uni304D
ENCODING 12365
SWIDTH 1000 0
DWIDTH 9 0
BBX 8 11 0 -1
BITMAP
18
8F
FE
0D
FF
06
8B
CE
C0
FE
3E
ENDCHAR
STARTCHAR uni304E
ENCODING 12366
SWIDTH 1000 0
DWIDTH 12 0
BBX 11 11 0 -1
BITMAP
0D40
8FE0
7F00
0480
FF80
0200
6B00
4700
4000
7F00
3E00
ENDCHAR
STARTCHAR uni304F
ENCODING 12367
SWIDTH 1000 0
DWIDTH 8 0
BBX 7 11 0 -1
BITMAP
04
0E
18
30
60
C0
60
38
1C
0E
04
ENDCHAR
STARTCHAR uni3050
ENCODING 12368
SWIDTH 1000 0
DWIDTH 9 0
BBX 8 11 0 -1
BITMAP
04
0E
1B
35
E3
C0
60
30
18
0E
04
ENDCHAR
STARTCHAR uni3051
ENCODING 12369
SWIDTH 1000 0
DWIDTH 11 0
BBX 10 11 0 -1
BITMAP
8100
4100
C100
CFC0
C100
C100
E100
E100
C300
4E00
0400
ENDCHAR
STARTCHAR uni3052
ENCODING 12370
SWIDTH 1000 0
DWIDTH 12 0
BBX 11 11 0 -1
BITMAP
00C0
C3E0
C300
DFC0
9F80
8300
A300
C300
C300
C600
0C00
ENDCHAR
STARTCHAR uni3053
ENCODING 12371
SWIDTH 1000 0
DWIDTH 9 0
BBX 8 10 0 -1
BITMAP
7E
7E
00
00
00
C0
80
C1
FF
18
ENDCHAR
STARTCHAR uni3054
ENCODING 12372
SWIDTH 1000 0
DWIDTH 11 0
BBX 10 11 0 -1
BITMAP
0180
C7C0
FE00
0000
0000
0000
8000
8000
C000
FF00
3C00
ENDCHAR
STARTCHAR uni3055
ENCODING 12373
SWIDTH 1000 0
DWIDTH 9 0
BBX 8 11 0 -1
BITMAP
08
0C
FF
FC
06
02
CF
C0
C0
7E
3E
ENDCHAR
STARTCHAR uni3056
ENCODING 12374
SWIDTH 1000 0
DWIDTH 12 0
BBX 11 11 0 -1
BITMAP
0DE0
04C0
FF80
FE00
0300
0100
6780
4000
4000
7F00
1F00
ENDCHAR
STARTCHAR uni3057
ENCODING 12375
SWIDTH 1000 0
DWIDTH 9 0
BBX 8 11 0 -1
BITMAP
80
80
80
80
80
80
80
83
87
FE
78
ENDCHAR
STARTCHAR uni3058
ENCODING 12376
SWIDTH 1000 0
DWIDTH 10 0
BBX 9 10 0 -1
BITMAP
C200
CD00
C600
C000
C000
C000
C100
C380
7F00
3C00
ENDCHAR
STARTCHAR uni3059
ENCODING 12377
SWIDTH 1000 0
DWIDTH 11 0
BBX 10 11 0 -1
BITMAP
0600
0600
FFC0
0600
1E00
3200
3600
1E00
0600
3C00
1000
ENDCHAR
STARTCHAR uni305A
ENCODING 12378
SWIDTH 1000 0
DWIDTH 12 0
BBX 11 11 0 -1
BITMAP
0540
04E0
FFC0
0400
1C00
3600
3600
3E00
0400
1C00
3000
ENDCHAR
STARTCHAR uni305B
ENCODING 12379
SWIDTH 1000 0
DWIDTH 12 0
BBX 11 9 0 0
BITMAP
1080
1080
9FE0
7E80
1080
1380
1100
1800
1FC0
ENDCHAR
STARTCHAR uni305C
ENCODING 12380
SWIDTH 1000 0
DWIDTH 13 0
BBX 12 11 0 -1
BITMAP
0020
11D0
11A0
17E0
FF80
1180
1380
1300
1000
1FC0
0F80
ENDCHAR
STARTCHAR uni305D
ENCODING 12381
SWIDTH 1000 0
DWIDTH 11 0
BBX 10 10 0 -1
BITMAP
3F00
0600
0C00
1BC0
FFC0
9800
1800
1800
0F00
0700
ENDCHAR
STARTCHAR uni305E
ENCODING 12382
SWIDTH 1000 0
DWIDTH 11 0
BBX 10 10 0 -1
BITMAP
3F00
07C0
0C80
3780
FF80
9800
1000
1000
1F00
0700
ENDCHAR
STARTCHAR uni305F
ENCODING 12383
SWIDTH 1000 0
DWIDTH 11 0
BBX 10 11 0 -1
BITMAP
1800
1000
FC00
F000
37C0
3000
2000
6400
6C00
C7C0
4000
ENDCHAR
STARTCHAR uni3060
ENCODING 12384
SWIDTH 1000 0
DWIDTH 12 0
BBX 11 11 0 -1
BITMAP
3040
31E0
FC80
F800
2780
2480
6000
6C00
4C00
CFC0
4380
ENDCHAR
STARTCHAR uni3061
ENCODING 12385
SWIDTH 1000 0
DWIDTH 10 0
BBX 9 11 0 -1
BITMAP
1000
1080
FF80
3000
3000
3F80
7180
6080
0180
1F80
1C00
ENDCHAR
STARTCHAR uni3062
ENCODING 12386
SWIDTH 1000 0
DWIDTH 12 0
BBX 11 11 0 -1
BITMAP
21C0
30E0
FF00
F000
2000
7F00
7180
C180
0180
3F00
3E00
ENDCHAR
STARTCHAR uni3063
ENCODING 12387
SWIDTH 1000 0
DWIDTH 9 0
BBX 8 6 0 0
BITMAP
7F
E3
01
01
07
3E
ENDCHAR
STARTCHAR uni3064
ENCODING 12388
SWIDTH 1000 0
DWIDTH 11 0
BBX 10 8 0 0
BITMAP
1F80
F9C0
C0C0
00C0
00C0
0180
1F80
1E00
ENDCHAR
STARTCHAR uni3065
ENCODING 12389
SWIDTH 1000 0
DWIDTH 13 0
BBX 12 10 0 0
BITMAP
00E0
0070
0F80
FFC0
6060
0060
0060
00C0
17C0
0F00
ENDCHAR
STARTCHAR uni3066
ENCODING 12390
SWIDTH 1000 0
DWIDTH 11 0
BBX 10 10 0 -1
BITMAP
1FC0
FFC0
0C00
0800
1800
1800
1800
0E00
0780
0100
ENDCHAR
STARTCHAR uni3067
ENCODING 12391
SWIDTH 1000 0
DWIDTH 11 0
BBX 10 10 0 -1
BITMAP
1FC0
FFC0
0C80
0940
1880
1800
1800
0E00
0780
0100
ENDCHAR
STARTCHAR uni3068
ENCODING 12392
SWIDTH 1000 0
DWIDTH 9 0
BBX 8 11 0 -1
BITMAP
40
C0
63
2E
38
60
C0
C0
C1
7F
08
ENDCHAR
STARTCHAR uni3069
ENCODING 12393
SWIDTH 1000 0
DWIDTH 11 0
BBX 10 11 0 -1
BITMAP
0380
C140
4200
6E00
3800
6000
C000
8000
C000
FF00
3E00
ENDCHAR
STARTCHAR uni306A
ENCODING 12394
SWIDTH 1000 0
DWIDTH 11 0
BBX 10 11 0 -1
BITMAP
1800
1000
FD80
F0C0
2240
6200
4300
DF00
53C0
1E40
0E00
ENDCHAR
STARTCHAR uni306B
ENCODING 12395
SWIDTH 1000 0
DWIDTH 11 0
BBX 10 10 0 -1
BITMAP
6000
4FC0
C000
C000
C000
E000
E800
CC40
CFC0
8000
ENDCHAR
STARTCHAR uni306C
ENCODING 12396
SWIDTH 1000 0
DWIDTH 12 0
BBX 11 10 0 0
BITMAP
0400
4400
DF00
7580
6CC0
E8C0
B8C0
9FC0
B4E0
E7C0
ENDCHAR
STARTCHAR uni306D
ENCODING 12397
SWIDTH 1000 0
DWIDTH 13 0
BBX 12 11 0 -1
BITMAP
1800
1800
7BC0
7E40
1860
3060
3060
F3E0
5670
13D0
1800
ENDCHAR
STARTCHAR uni306E
ENCODING 12398
SWIDTH 1000 0
DWIDTH 11 0
BBX 10 10 0 -1
BITMAP
1E00
7F80
6CC0
CCC0
88C0
98C0
D8C0
F180
6700
0400
ENDCHAR
STARTCHAR uni306F
ENCODING 12399
SWIDTH 1000 0
DWIDTH 12 0
BBX 11 10 0 -1
BITMAP
4100
4140
CFC0
C100
C100
E100
EF80
D9E0
DF40
4600
ENDCHAR
STARTCHAR uni3070
ENCODING 12400
SWIDTH 1000 0
DWIDTH 12 0
BBX 11 11 0 -1
BITMAP
00C0
C3A0
C340
DFC0
8300
8300
E300
DF80
D3C0
DF40
CE00
ENDCHAR
STARTCHAR uni3071
ENCODING 12401
SWIDTH 1000 0
DWIDTH 12 0
BBX 11 11 0 -1
BITMAP
00E0
C3A0
C340
DFC0
8300
8300
E300
DF80
D3C0
DF40
CE00
ENDCHAR
STARTCHAR uni3072
ENCODING 12402
SWIDTH 1000 0
DWIDTH 12 0
BBX 11 10 0 -1
BITMAP
FB00
F100
2180
6180
41E0
4140
4100
4300
7E00
1C00
ENDCHAR
STARTCHAR uni3073
ENCODING 12403
SWIDTH 1000 0
DWIDTH 12 0
BBX 11 11 0 -1
BITMAP
00C0
3BA0
F300
2100
6180
41C0
C1C0
C300
C300
7E00
3C00
ENDCHAR
STARTCHAR uni3074
ENCODING 12404
SWIDTH 1000 0
DWIDTH 12 0
BBX 11 11 0 -1
BITMAP
00E0
3BA0
F340
2100
6180
41C0
C1C0
C300
C300
7E00
3C00
ENDCHAR
STARTCHAR uni3075
ENCODING 12405
SWIDTH 1000 0
DWIDTH 13 0
BBX 12 11 0 -1
BITMAP
0800
0E00
0300
0200
0400
0EC0
1260
3360
E330
4F20
0400
ENDCHAR
STARTCHAR uni3076
ENCODING 12406
SWIDTH 1000 0
DWIDTH 13 0
BBX 12 10 0 -1
BITMAP
0E20
03F0
0640
0800
0C40
16C0
3360
E320
5F30
0E00
ENDCHAR
STARTCHAR uni3077
ENCODING 12407
SWIDTH 1000 0
DWIDTH 13 0
BBX 12 10 0 -1
BITMAP
0E60
0350
0660
0800
0C40
16C0
3360
E320
5F30
0E00
ENDCHAR
STARTCHAR uni3078
ENCODING 12408
SWIDTH 1000 0
DWIDTH 13 0
BBX 12 8 0 0
BITMAP
0C00
1E00
3300
7180
E1C0
40E0
0070
0020
ENDCHAR
STARTCHAR uni3079
ENCODING 12409
SWIDTH 1000 0
DWIDTH 13 0
BBX 12 9 0 0
BITMAP
0040
0DA0
1EC0
3700
3300
E180
40C0
0070
0020
ENDCHAR
STARTCHAR uni307A
ENCODING 12410
SWIDTH 1000 0
DWIDTH 13 0
BBX 12 9 0 0
BITMAP
00C0
0CA0
1EE0
3700
3300
E180
40C0
0070
0020
ENDCHAR
STARTCHAR uni307B
ENCODING 12411
SWIDTH 1000 0
DWIDTH 12 0
BBX 11 10 0 -1
BITMAP
4FC0
C100
C100
CFC0
C100
E100
EF80
D9E0
CF40
4000
ENDCHAR
STARTCHAR uni307C
ENCODING 12412
SWIDTH 1000 0
DWIDTH 12 0
BBX 11 11 0 -1
BITMAP
00C0
CFE0
CF80
C300
8FC0
8700
E300
CF00
D3C0
DF40
CE00
ENDCHAR
STARTCHAR uni307D
ENCODING 12413
SWIDTH 1000 0
DWIDTH 12 0
BBX 11 11 0 -1
BITMAP
00E0
CFE0
CF80
C300
8FC0
8700
E300
CF00
D3C0
DF40
CE00
ENDCHAR
STARTCHAR uni307E
ENCODING 12414
SWIDTH 1000 0
DWIDTH 10 0
BBX 9 11 0 -1
BITMAP
0800
8900
FF00
0800
FF00
7C00
0800
FE00
8F80
F900
7000
ENDCHAR
STARTCHAR uni307F
ENCODING 12415
SWIDTH 1000 0
DWIDTH 12 0
BBX 11 10 0 -1
BITMAP
3E00
0400
0C00
1880
7F80
D1E0
B1C0
E300
EF00
0400
ENDCHAR
STARTCHAR uni3080
ENCODING 12416
SWIDTH 1000 0
DWIDTH 11 0
BBX 10 11 0 -1
BITMAP
3000
3500
FD80
30C0
7040
D000
9100
F080
6080
3F80
1E00
ENDCHAR
STARTCHAR uni3081
ENCODING 12417
SWIDTH 1000 0
DWIDTH 11 0
BBX 10 11 0 -1
BITMAP
0200
4200
6F00
7F80
64C0
FC40
9C40
98C0
FDC0
6780
0200
ENDCHAR
STARTCHAR uni3082
ENCODING 12418
SWIDTH 1000 0
DWIDTH 11 0
BBX 10 11 0 -1
BITMAP
1800
1000
FC00
7C00
1000
FD80
7CC0
30C0
30C0
1F80
0E00
ENDCHAR
STARTCHAR uni3083
ENCODING 12419
SWIDTH 1000 0
DWIDTH 10 0
BBX 9 9 0 -1
BITMAP
0800
6400
2F80
7880
D480
1F80
1800
0800
0C00
ENDCHAR
STARTCHAR uni3084
ENCODING 12420
SWIDTH 1000 0
DWIDTH 12 0
BBX 11 11 0 -1
BITMAP
0400
6600
33C0
1E60
F820
4A60
0FC0
0C00
0400
0600
0400
ENDCHAR
STARTCHAR uni3085
ENCODING 12421
SWIDTH 1000 0
DWIDTH 9 0
BBX 8 9 0 -1
BITMAP
08
C8
BF
ED
CD
FD
DF
1C
30
ENDCHAR
STARTCHAR uni3086
ENCODING 12422
SWIDTH 1000 0
DWIDTH 11 0
BBX 10 11 0 -1
BITMAP
0400
4600
4F80
DEC0
E6C0
C640
D6C0
DF80
4F00
0C00
1800
ENDCHAR
STARTCHAR uni3087
ENCODING 12423
SWIDTH 1000 0
DWIDTH 9 0
BBX 8 9 0 -1
BITMAP
18
18
1F
18
18
78
DE
DB
72
ENDCHAR
STARTCHAR uni3088
ENCODING 12424
SWIDTH 1000 0
DWIDTH 11 0
BBX 10 11 0 -1
BITMAP
0C00
0C00
0C80
0F80
0C00
0C00
3C00
7F00
CFC0
FC80
3800
ENDCHAR
STARTCHAR uni3089
ENCODING 12425
SWIDTH 1000 0
DWIDTH 9 0
BBX 8 11 0 -1
BITMAP
20
3E
06
C0
CC
FF
C1
81
03
7E
38
ENDCHAR
STARTCHAR uni308A
ENCODING 12426
SWIDTH 1000 0
DWIDTH 9 0
BBX 8 11 0 -1
BITMAP
40
5C
F6
E3
C3
C3
C3
02
0E
3C
30
ENDCHAR
STARTCHAR uni308B
ENCODING 12427
SWIDTH 1000 0
DWIDTH 11 0
BBX 10 10 0 -1
BITMAP
3F00
0600
0C00
1E00
3B80
E080
5CC0
3680
3F80
0E00
ENDCHAR
STARTCHAR uni308C
ENCODING 12428
SWIDTH 1000 0
DWIDTH 13 0
BBX 12 11 0 -1
BITMAP
1800
1800
7B80
7EC0
1CC0
30C0
30C0
F0C0
50F0
10F0
1800
ENDCHAR
STARTCHAR uni308D
ENCODING 12429
SWIDTH 1000 0
DWIDTH 10 0
BBX 9 10 0 -1
BITMAP
3F00
4600
0C00
1E00
3F80
E080
4080
0180
1F80
1C00
ENDCHAR
STARTCHAR uni308E
ENCODING 12430
SWIDTH 1000 0
DWIDTH 10 0
BBX 9 9 0 -1
BITMAP
2000
2000
FF00
3100
6180
E180
A300
AE00
2000
ENDCHAR
STARTCHAR uni308F
ENCODING 12431
SWIDTH 1000 0
DWIDTH 12 0
BBX 11 11 0 -1
BITMAP
1800
1800
7800
7FC0
1C60
3020
3020
F060
50C0
1380
1800
ENDCHAR
STARTCHAR uni3090
ENCODING 12432
SWIDTH 1000 0
DWIDTH 11 0
BBX 10 10 0 -1
BITMAP
7C00
0C00
0F00
3980
78C0
D8C0
96C0
B9C0
EF80
0700
ENDCHAR
STARTCHAR uni3091
ENCODING 12433
SWIDTH 1000 0
DWIDTH 11 0
BBX 10 11 0 -1
BITMAP
0100
3F00
1C00
3F00
F980
7580
1F00
3000
7F80
CCC0
8C40
ENDCHAR
STARTCHAR uni3092
ENCODING 12434
SWIDTH 1000 0
DWIDTH 11 0
BBX 10 11 0 -1
BITMAP
1800
9B00
FF00
3040
3DC0
6700
DC00
3400
3000
3F80
0F80
ENDCHAR
STARTCHAR uni3093
ENCODING 12435
SWIDTH 1000 0
DWIDTH 12 0
BBX 11 11 0 -1
BITMAP
0800
0C00
1800
1000
3000
3C00
6440
4460
C4C0
C780
4300
ENDCHAR
STARTCHAR uni3094
ENCODING 12436
SWIDTH 1000 0
DWIDTH 12 0
BBX 11 11 0 -1
BITMAP
2000
3F40
00E0
1E80
FF00
8180
0180
0300
0700
3E00
1000
ENDCHAR
STARTCHAR uni3095
ENCODING 12437
SWIDTH 1000 0
DWIDTH 10 0
BBX 9 9 0 -1
BITMAP
2000
3100
3B00
FD00
2580
6500
4400
FC00
9800
ENDCHAR
STARTCHAR uni3096
ENCODING 12438
SWIDTH 1000 0
DWIDTH 9 0
BBX 8 8 0 -1
BITMAP
C2
D3
DF
82
A2
C6
C4
4C
ENDCHAR
STARTCHAR uni3099
ENCODING 12441
SWIDTH 0 0
DWIDTH 4 0
BBX 3 3 0 8
BITMAP
40
A0
C0
ENDCHAR
STARTCHAR uni309A
ENCODING 12442
SWIDTH 0 0
DWIDTH 4 0
BBX 3 3 0 8
BITMAP
40
A0
E0
ENDCHAR
STARTCHAR uni309B
ENCODING 12443
SWIDTH 1000 0
DWIDTH 5 0
BBX 4 3 0 7
BITMAP
60
F0
40
ENDCHAR
STARTCHAR uni309C
ENCODING 12444
SWIDTH 1000 0
DWIDTH 4 0
BBX 3 3 0 7
BITMAP
60
A0
60
ENDCHAR
STARTCHAR uni309D
ENCODING 12445
SWIDTH 1000 0
DWIDTH 6 0
BBX 5 8 0 0
BITMAP
80
C0
60
30
18
38
F0
40
ENDCHAR
STARTCHAR uni309E
ENCODING 12446
SWIDTH 1000 0
DWIDTH 8 0
BBX 7 9 0 0
BITMAP
1C
4A
E8
70
38
18
1C
78
40
ENDCHAR
STARTCHAR uni309F
ENCODING 12447
SWIDTH 1000 0
DWIDTH 11 0
BBX 10 11 0 -1
BITMAP
0600
0400
0F00
0FC0
1800
1700
3B00
2100
6300
D700
5E00
ENDCHAR
STARTCHAR uni30A0
ENCODING 12448
SWIDTH 1000 0
DWIDTH 7 0
BBX 6 3 0 3
BITMAP
FC
00
FC
ENDCHAR
STARTCHAR uni30A1
ENCODING 12449
SWIDTH 1000 0
DWIDTH 10 0
BBX 9 8 0 -1
BITMAP
FF00
FF80
1B00
1E00
1000
3000
3000
E000
ENDCHAR
STARTCHAR uni30A2
ENCODING 12450
SWIDTH 1000 0
DWIDTH 11 0
BBX 10 10 0 -1
BITMAP
FFC0
FFC0
0D80
0F80
0D00
0800
1800
1800
7000
2000
ENDCHAR
STARTCHAR uni30A3
ENCODING 12451
SWIDTH 1000 0
DWIDTH 10 0
BBX 9 9 0 -1
BITMAP
0100
0380
0700
1C00
FC00
4C00
0C00
0C00
0C00
ENDCHAR
STARTCHAR uni30A4
ENCODING 12452
SWIDTH 1000 0
DWIDTH 11 0
BBX 10 11 0 -1
BITMAP
0080
01C0
0380
0E00
3C00
F400
C400
0400
0400
0400
0600
ENDCHAR
STARTCHAR uni30A5
ENCODING 12453
SWIDTH 1000 0
DWIDTH 9 0
BBX 8 9 0 -1
BITMAP
18
18
FF
C3
C3
02
06
1C
38
ENDCHAR
STARTCHAR uni30A6
ENCODING 12454
SWIDTH 1000 0
DWIDTH 11 0
BBX 10 11 0 -1
BITMAP
0C00
0C00
FFC0
FFC0
C0C0
C180
0180
0300
0700
3C00
1000
ENDCHAR
STARTCHAR uni30A7
ENCODING 12455
SWIDTH 1000 0
DWIDTH 9 0
BBX 8 7 0 0
BITMAP
81
FF
18
18
18
18
FF
ENDCHAR
STARTCHAR uni30A8
ENCODING 12456
SWIDTH 1000 0
DWIDTH 11 0
BBX 10 8 0 0
BITMAP
7F80
0C00
0C00
0C00
0C00
0C00
FFC0
FFC0
ENDCHAR
STARTCHAR uni30A9
ENCODING 12457
SWIDTH 1000 0
DWIDTH 9 0
BBX 8 8 0 -1
BITMAP
04
FF
FF
1C
34
E4
C4
1C
ENDCHAR
STARTCHAR uni30AA
ENCODING 12458
SWIDTH 1000 0
DWIDTH 11 0
BBX 10 11 0 -1
BITMAP
0600
0200
FFC0
FFC0
0600
0E00
3A00
7200
C200
0E00
0400
ENDCHAR
STARTCHAR uni30AB
ENCODING 12459
SWIDTH 1000 0
DWIDTH 10 0
BBX 9 11 0 -1
BITMAP
0800
0800
8880
FF80
1880
1880
1880
3080
6180
E780
4000
ENDCHAR
STARTCHAR uni30AC
ENCODING 12460
SWIDTH 1000 0
DWIDTH 12 0
BBX 11 11 0 -1
BITMAP
19C0
18E0
1800
FF80
1880
1880
1180
3180
6180
E700
4200
ENDCHAR
STARTCHAR uni30AD
ENCODING 12461
SWIDTH 1000 0
DWIDTH 11 0
BBX 10 11 0 -1
BITMAP
1800
1800
0F80
FE00
8C00
0DC0
FFC0
F400
0400
0600
0400
ENDCHAR
STARTCHAR uni30AE
ENCODING 12462
SWIDTH 1000 0
DWIDTH 12 0
BBX 11 11 0 -1
BITMAP
0940
18E0
1F80
FF00
C800
0CC0
3FC0
FC00
0400
0400
0600
ENDCHAR
STARTCHAR uni30AF
ENCODING 12463
SWIDTH 1000 0
DWIDTH 11 0
BBX 10 11 0 -1
BITMAP
0C00
1800
1FC0
3080
6180
C180
0300
0600
1C00
7800
2000
ENDCHAR
STARTCHAR uni30B0
ENCODING 12464
SWIDTH 1000 0
DWIDTH 13 0
BBX 12 11 0 -1
BITMAP
0AE0
0C70
0FC0
1FC0
30C0
E180
0180
0300
0600
1C00
3000
ENDCHAR
STARTCHAR uni30B1
ENCODING 12465
SWIDTH 1000 0
DWIDTH 12 0
BBX 11 11 0 -1
BITMAP
0800
1800
1FE0
3FE0
3300
E300
0300
0600
0600
1C00
0800
ENDCHAR
STARTCHAR uni30B2
ENCODING 12466
SWIDTH 1000 0
DWIDTH 13 0
BBX 12 11 0 -1
BITMAP
00E0
1870
1800
3FE0
3300
E300
4300
0600
0600
1C00
0800
ENDCHAR
STARTCHAR uni30B3
ENCODING 12467
SWIDTH 1000 0
DWIDTH 9 0
BBX 8 9 0 0
BITMAP
80
FF
01
01
01
01
01
FF
FF
ENDCHAR
STARTCHAR uni30B4
ENCODING 12468
SWIDTH 1000 0
DWIDTH 12 0
BBX 11 11 0 -1
BITMAP
0140
00E0
7F80
8180
0180
0180
0180
0180
FF80
FF80
0180
ENDCHAR
STARTCHAR uni30B5
ENCODING 12469
SWIDTH 1000 0
DWIDTH 11 0
BBX 10 11 0 -1
BITMAP
0300
3300
3300
FFC0
3300
3300
3300
0300
0600
1C00
0800
ENDCHAR
STARTCHAR uni30B6
ENCODING 12470
SWIDTH 1000 0
DWIDTH 13 0
BBX 12 11 0 -1
BITMAP
0020
11D0
11C0
FFE0
91A0
1180
1180
0100
0300
0E00
0400
ENDCHAR
STARTCHAR uni30B7
ENCODING 12471
SWIDTH 1000 0
DWIDTH 11 0
BBX 10 11 0 -1
BITMAP
2000
3000
1800
8840
F0C0
21C0
0380
0700
1C00
F800
4000
ENDCHAR
STARTCHAR uni30B8
ENCODING 12472
SWIDTH 1000 0
DWIDTH 12 0
BBX 11 11 0 -1
BITMAP
00C0
3160
1880
8840
E0C0
61C0
0380
0700
1C00
F800
4000
ENDCHAR
STARTCHAR uni30B9
ENCODING 12473
SWIDTH 1000 0
DWIDTH 11 0
BBX 10 10 0 -1
BITMAP
7F80
7F80
0300
0300
0600
0E00
1B00
7180
E0C0
4080
ENDCHAR
STARTCHAR uni30BA
ENCODING 12474
SWIDTH 1000 0
DWIDTH 12 0
BBX 11 11 0 -1
BITMAP
01C0
81E0
7F80
0300
0300
0600
0E00
1F00
3380
E1C0
4080
ENDCHAR
STARTCHAR uni30BB
ENCODING 12475
SWIDTH 1000 0
DWIDTH 11 0
BBX 10 9 0 0
BITMAP
3000
3080
3FC0
FD80
B100
3300
3000
3000
1F80
ENDCHAR
STARTCHAR uni30BC
ENCODING 12476
SWIDTH 1000 0
DWIDTH 13 0
BBX 12 11 0 -1
BITMAP
00A0
1870
1840
1FE0
FEC0
5880
1980
1900
1800
1FC0
0FC0
ENDCHAR
STARTCHAR uni30BD
ENCODING 12477
SWIDTH 1000 0
DWIDTH 11 0
BBX 10 10 0 -1
BITMAP
40C0
E180
6180
3180
0300
0300
0600
1C00
3800
1000
ENDCHAR
STARTCHAR uni30BE
ENCODING 12478
SWIDTH 1000 0
DWIDTH 12 0
BBX 11 11 0 -1
BITMAP
0140
40E0
C180
6180
7180
2300
0300
0600
0C00
3800
1000
ENDCHAR
STARTCHAR uni30BF
ENCODING 12479
SWIDTH 1000 0
DWIDTH 11 0
BBX 10 11 0 -1
BITMAP
0C00
1800
1FC0
3180
6980
DF00
0700
0780
1D00
7800
2000
ENDCHAR
STARTCHAR uni30C0
ENCODING 12480
SWIDTH 1000 0
DWIDTH 13 0
BBX 12 11 0 -1
BITMAP
06E0
0C70
0FE0
18C0
30C0
ED80
0780
03C0
0E80
1C00
3000
ENDCHAR
STARTCHAR uni30C1
ENCODING 12481
SWIDTH 1000 0
DWIDTH 11 0
BBX 10 11 0 -1
BITMAP
0100
7F80
7C00
0C00
FFC0
FFC0
0C00
0C00
1800
7000
2000
ENDCHAR
STARTCHAR uni30C2
ENCODING 12482
SWIDTH 1000 0
DWIDTH 12 0
BBX 11 10 0 -1
BITMAP
1F00
7CC0
0CE0
FFC0
FFC0
0C00
0800
1800
7000
2000
ENDCHAR
STARTCHAR uni30C3
ENCODING 12483
SWIDTH 1000 0
DWIDTH 9 0
BBX 8 8 0 -1
BITMAP
11
D9
DB
43
06
0C
78
30
ENDCHAR
STARTCHAR uni30C4
ENCODING 12484
SWIDTH 1000 0
DWIDTH 11 0
BBX 10 10 0 -1
BITMAP
58C0
C8C0
4CC0
6180
0180
0300
0600
0E00
3800
1000
ENDCHAR
STARTCHAR uni30C5
ENCODING 12485
SWIDTH 1000 0
DWIDTH 12 0
BBX 11 11 0 -1
BITMAP
0140
18E0
D880
CCC0
4980
6180
0300
0700
0E00
3C00
3000
ENDCHAR
STARTCHAR uni30C6
ENCODING 12486
SWIDTH 1000 0
DWIDTH 11 0
BBX 10 10 0 -1
BITMAP
7F80
0000
0000
FFC0
0C00
0C00
0C00
1800
3800
1000
ENDCHAR
STARTCHAR uni30C7
ENCODING 12487
SWIDTH 1000 0
DWIDTH 12 0
BBX 11 11 0 -1
BITMAP
00C0
7FA0
0000
0000
FFC0
FFC0
0C00
0C00
1800
7800
3000
ENDCHAR
STARTCHAR uni30C8
ENCODING 12488
SWIDTH 1000 0
DWIDTH 7 0
BBX 6 10 0 -1
BITMAP
C0
80
80
F0
BC
8C
80
80
80
C0
ENDCHAR
STARTCHAR uni30C9
ENCODING 12489
SWIDTH 1000 0
DWIDTH 9 0
BBX 8 11 0 -1
BITMAP
02
CB
C5
C0
F0
FE
CE
C0
C0
C0
C0
ENDCHAR
STARTCHAR uni30CA
ENCODING 12490
SWIDTH 1000 0
DWIDTH 11 0
BBX 10 10 0 -1
BITMAP
0C00
0C00
FFC0
FFC0
0C00
0C00
0C00
1800
7000
2000
ENDCHAR
STARTCHAR uni30CB
ENCODING 12491
SWIDTH 1000 0
DWIDTH 11 0
BBX 10 8 0 0
BITMAP
7F80
7F80
0000
0000
0000
0000
FFC0
8040
ENDCHAR
STARTCHAR uni30CC
ENCODING 12492
SWIDTH 1000 0
DWIDTH 10 0
BBX 9 10 0 -1
BITMAP
7F80
7F80
0180
3300
3B00
0E00
0F00
3980
F080
4000
ENDCHAR
STARTCHAR uni30CD
ENCODING 12493
SWIDTH 1000 0
DWIDTH 11 0
BBX 10 11 0 -1
BITMAP
0C00
0C00
7F80
0380
0700
0E00
3D80
ECC0
8C40
0C00
0C00
ENDCHAR
STARTCHAR uni30CE
ENCODING 12494
SWIDTH 1000 0
DWIDTH 10 0
BBX 9 9 0 0
BITMAP
0180
0180
0300
0300
0600
0E00
1C00
3800
E000
ENDCHAR
STARTCHAR uni30CF
ENCODING 12495
SWIDTH 1000 0
DWIDTH 11 0
BBX 10 9 0 0
BITMAP
2100
3300
3300
3180
2180
6080
60C0
C0C0
C040
ENDCHAR
STARTCHAR uni30D0
ENCODING 12496
SWIDTH 1000 0
DWIDTH 13 0
BBX 12 10 0 0
BITMAP
00E0
0050
1B80
1980
1880
10C0
30C0
3060
6060
E060
ENDCHAR
STARTCHAR uni30D1
ENCODING 12497
SWIDTH 1000 0
DWIDTH 13 0
BBX 12 10 0 0
BITMAP
0060
0050
1BE0
1980
1880
10C0
30C0
3060
6060
E060
ENDCHAR
STARTCHAR uni30D2
ENCODING 12498
SWIDTH 1000 0
DWIDTH 9 0
BBX 8 9 0 0
BITMAP
C0
C1
CF
FC
E0
C0
C0
C1
7F
ENDCHAR
STARTCHAR uni30D3
ENCODING 12499
SWIDTH 1000 0
DWIDTH 10 0
BBX 9 11 0 -1
BITMAP
0380
C380
C200
CF00
FC00
E000
C000
C000
C000
FF00
1800
ENDCHAR
STARTCHAR uni30D4
ENCODING 12500
SWIDTH 1000 0
DWIDTH 10 0
BBX 9 11 0 -1
BITMAP
0180
C280
C180
CF00
FC00
E000
C000
C000
C000
FF00
1800
ENDCHAR
STARTCHAR uni30D5
ENCODING 12501
SWIDTH 1000 0
DWIDTH 10 0
BBX 9 10 0 -1
BITMAP
FF00
FF80
0300
0300
0300
0600
0C00
3800
F000
4000
ENDCHAR
STARTCHAR uni30D6
ENCODING 12502
SWIDTH 1000 0
DWIDTH 12 0
BBX 11 11 0 -1
BITMAP
01C0
FFE0
FF80
0180
0180
0300
0300
0600
1C00
7800
2000
ENDCHAR
STARTCHAR uni30D7
ENCODING 12503
SWIDTH 1000 0
DWIDTH 12 0
BBX 11 11 0 -1
BITMAP
00E0
FFA0
FFC0
0180
0180
0300
0300
0600
1C00
7800
2000
ENDCHAR
STARTCHAR uni30D8
ENCODING 12504
SWIDTH 1000 0
DWIDTH 12 0
BBX 11 8 0 0
BITMAP
1800
3C00
6600
E300
C180
81C0
00E0
0040
ENDCHAR
STARTCHAR uni30D9
ENCODING 12505
SWIDTH 1000 0
DWIDTH 12 0
BBX 11 9 0 0
BITMAP
0040
0DA0
1EC0
3700
3380
E1C0
40E0
0060
0020
ENDCHAR
STARTCHAR uni30DA
ENCODING 12506
SWIDTH 1000 0
DWIDTH 12 0
BBX 11 9 0 0
BITMAP
00C0
0CA0
1EE0
3700
3380
E1C0
40E0
0060
0020
ENDCHAR
STARTCHAR uni30DB
ENCODING 12507
SWIDTH 1000 0
DWIDTH 11 0
BBX 10 11 0 -1
BITMAP
0C00
0C00
FFC0
FFC0
0C00
2D80
6CC0
CCC0
8C40
1C00
1800
ENDCHAR
STARTCHAR uni30DC
ENCODING 12508
SWIDTH 1000 0
DWIDTH 13 0
BBX 12 11 0 -1
BITMAP
00A0
0650
4620
7FE0
0600
16C0
36C0
6660
C620
1E00
0C00
ENDCHAR
STARTCHAR uni30DD
ENCODING 12509
SWIDTH 1000 0
DWIDTH 12 0
BBX 11 11 0 -1
BITMAP
0060
0660
4620
7FE0
0600
16C0
36C0
6660
C620
1E00
0C00
ENDCHAR
STARTCHAR uni30DE
ENCODING 12510
SWIDTH 1000 0
DWIDTH 11 0
BBX 10 10 0 -1
BITMAP
8040
FFC0
00C0
0180
7300
3E00
1C00
0E00
0700
0200
ENDCHAR
STARTCHAR uni30DF
ENCODING 12511
SWIDTH 1000 0
DWIDTH 9 0
BBX 8 10 0 -1
BITMAP
7C
1F
01
70
BE
02
C0
FC
1F
02
ENDCHAR
STARTCHAR uni30E0
ENCODING 12512
SWIDTH 1000 0
DWIDTH 11 0
BBX 10 10 0 -1
BITMAP
0C00
1800
1800
1000
3300
3180
2080
FFC0
F8C0
0080
ENDCHAR
STARTCHAR uni30E1
ENCODING 12513
SWIDTH 1000 0
DWIDTH 11 0
BBX 10 10 0 -1
BITMAP
0180
2180
7300
1F00
0E00
0F00
1980
30C0
E080
4000
ENDCHAR
STARTCHAR uni30E2
ENCODING 12514
SWIDTH 1000 0
DWIDTH 11 0
BBX 10 9 0 0
BITMAP
7F80
7F80
0800
0800
FFC0
0800
0800
0800
0FC0
ENDCHAR
STARTCHAR uni30E3
ENCODING 12515
SWIDTH 1000 0
DWIDTH 10 0
BBX 9 9 0 -1
BITMAP
2000
6000
3F80
FB00
B600
1400
1000
1800
1800
ENDCHAR
STARTCHAR uni30E4
ENCODING 12516
SWIDTH 1000 0
DWIDTH 11 0
BBX 10 11 0 -1
BITMAP
2000
3000
37C0
FEC0
D180
1B00
1900
0800
0C00
0C00
0C00
ENDCHAR
STARTCHAR uni30E5
ENCODING 12517
SWIDTH 1000 0
DWIDTH 9 0
BBX 8 6 0 0
BITMAP
7E
06
06
06
04
FF
ENDCHAR
STARTCHAR uni30E6
ENCODING 12518
SWIDTH 1000 0
DWIDTH 11 0
BBX 10 8 0 0
BITMAP
7F80
0100
0100
0300
0300
0300
FFC0
FFC0
ENDCHAR
STARTCHAR uni30E7
ENCODING 12519
SWIDTH 1000 0
DWIDTH 9 0
BBX 8 8 0 -1
BITMAP
7F
7E
02
7E
02
02
FE
03
ENDCHAR
STARTCHAR uni30E8
ENCODING 12520
SWIDTH 1000 0
DWIDTH 9 0
BBX 8 9 0 0
BITMAP
FF
FF
01
01
FF
01
01
FF
FF
ENDCHAR
STARTCHAR uni30E9
ENCODING 12521
SWIDTH 1000 0
DWIDTH 10 0
BBX 9 10 0 -1
BITMAP
7F00
0000
0000
FF80
0100
0300
0600
0C00
7800
2000
ENDCHAR
STARTCHAR uni30EA
ENCODING 12522
SWIDTH 1000 0
DWIDTH 9 0
BBX 8 10 0 -1
BITMAP
C3
C3
C3
C3
C3
C2
06
0E
3C
10
ENDCHAR
STARTCHAR uni30EB
ENCODING 12523
SWIDTH 1000 0
DWIDTH 13 0
BBX 12 10 0 -1
BITMAP
1B00
1300
1300
1300
1300
1330
3360
33C0
E380
4100
ENDCHAR
STARTCHAR uni30EC
ENCODING 12524
SWIDTH 1000 0
DWIDTH 10 0
BBX 9 10 0 -1
BITMAP
C000
C000
C000
C080
C180
C380
CE00
FC00
F000
4000
ENDCHAR
STARTCHAR uni30ED
ENCODING 12525
SWIDTH 1000 0
DWIDTH 11 0
BBX 10 9 0 0
BITMAP
8040
7FC0
40C0
40C0
40C0
40C0
40C0
7FC0
FFC0
ENDCHAR
STARTCHAR uni30EE
ENCODING 12526
SWIDTH 1000 0
DWIDTH 9 0
BBX 8 8 0 -1
BITMAP
FF
FF
C3
C3
06
06
1C
30
ENDCHAR
STARTCHAR uni30EF
ENCODING 12527
SWIDTH 1000 0
DWIDTH 11 0
BBX 10 10 0 -1
BITMAP
FF80
FFC0
C080
C180
C180
0180
0300
0E00
3C00
1000
ENDCHAR
STARTCHAR uni30F0
ENCODING 12528
SWIDTH 1000 0
DWIDTH 11 0
BBX 10 10 0 -1
BITMAP
0300
FFC0
FFC0
3300
3300
3300
FFC0
0300
0300
0300
ENDCHAR
STARTCHAR uni30F1
ENCODING 12529
SWIDTH 1000 0
DWIDTH 11 0
BBX 10 9 0 0
BITMAP
7F80
7FC0
0080
0F80
0D00
0C00
0C00
FFC0
FFC0
ENDCHAR
STARTCHAR uni30F2
ENCODING 12530
SWIDTH 1000 0
DWIDTH 10 0
BBX 9 10 0 -1
BITMAP
FF00
FF80
0100
FF00
FF00
0200
0600
1C00
7800
2000
ENDCHAR
STARTCHAR uni30F3
ENCODING 12531
SWIDTH 1000 0
DWIDTH 11 0
BBX 10 9 0 0
BITMAP
6000
7000
1840
10C0
01C0
0380
0700
BC00
7000
ENDCHAR
STARTCHAR uni30F4
ENCODING 12532
SWIDTH 1000 0
DWIDTH 12 0
BBX 11 11 0 -1
BITMAP
0D40
0CE0
FF80
FFC0
C080
C180
0180
0300
0600
3C00
1000
ENDCHAR
STARTCHAR uni30F5
ENCODING 12533
SWIDTH 1000 0
DWIDTH 9 0
BBX 8 9 0 -1
BITMAP
10
10
FF
FF
33
33
62
EE
8E
ENDCHAR
STARTCHAR uni30F6
ENCODING 12534
SWIDTH 1000 0
DWIDTH 10 0
BBX 9 9 0 -1
BITMAP
2800
1000
3F80
3F80
E600
4600
0C00
1C00
3800
ENDCHAR
STARTCHAR uni30F7
ENCODING 12535
SWIDTH 1000 0
DWIDTH 11 0
BBX 10 11 0 -1
BITMAP
0140
0180
FFC0
C080
C180
C180
0180
0300
0600
3C00
1800
ENDCHAR
STARTCHAR uni30F8
ENCODING 12536
SWIDTH 1000 0
DWIDTH 12 0
BBX 11 11 0 -1
BITMAP
00C0
03A0
FFC0
FFC0
3300
3300
3300
FFC0
0300
0300
0300
ENDCHAR
STARTCHAR uni30F9
ENCODING 12537
SWIDTH 1000 0
DWIDTH 11 0
BBX 10 10 0 0
BITMAP
0140
0080
FFC0
0080
0D80
0B00
0800
0800
8840
FFC0
ENDCHAR
STARTCHAR uni30FA
ENCODING 12538
SWIDTH 1000 0
DWIDTH 11 0
BBX 10 11 0 -1
BITMAP
0140
8180
FF80
0180
0180
7F00
0300
0300
0E00
7C00
3000
ENDCHAR
STARTCHAR uni30FB
ENCODING 12539
SWIDTH 1000 0
DWIDTH 5 0
BBX 4 3 0 3
BITMAP
60
F0
60
ENDCHAR
STARTCHAR uni30FC
ENCODING 12540
SWIDTH 1000 0
DWIDTH 11 0
BBX 10 2 0 4
BITMAP
8040
FFC0
ENDCHAR
STARTCHAR uni30FD
ENCODING 12541
SWIDTH 1000 0
DWIDTH 7 0
BBX 6 6 0 1
BITMAP
C0
60
30
18
0C
0C
ENDCHAR
STARTCHAR uni30FE
ENCODING 12542
SWIDTH 1000 0
DWIDTH 8 0
BBX 7 8 0 1
BITMAP
04
1E
C8
60
30
18
1C
08
ENDCHAR
STARTCHAR uni30FF
ENCODING 12543
SWIDTH 1000 0
DWIDTH 9 0
BBX 8 10 0 -1
BITMAP
FF
03
03
03
03
03
03
03
03
03
ENDCHAR
STARTCHAR uni3131
ENCODING 12593
SWIDTH 917 0
DWIDTH 8 0
BBX 7 6 0 2
BITMAP
FE
FE
06
06
06
06
ENDCHAR
STARTCHAR uni3132
ENCODING 12594
SWIDTH 917 0
DWIDTH 10 0
BBX 9 6 0 2
BITMAP
F780
F780
1180
1180
1180
1180
ENDCHAR
STARTCHAR uni3133
ENCODING 12595
SWIDTH 917 0
DWIDTH 10 0
BBX 9 7 0 1
BITMAP
F200
F200
1200
1200
1700
1D80
0880
ENDCHAR
STARTCHAR uni3134
ENCODING 12596
SWIDTH 917 0
DWIDTH 8 0
BBX 7 6 0 2
BITMAP
C0
C0
C0
C0
C0
FE
ENDCHAR
STARTCHAR uni3135
ENCODING 12597
SWIDTH 917 0
DWIDTH 10 0
BBX 9 7 0 1
BITMAP
CF80
CF80
C600
C600
C700
FD80
E900
ENDCHAR
STARTCHAR uni3136
ENCODING 12598
SWIDTH 917 0
DWIDTH 10 0
BBX 9 7 0 1
BITMAP
0200
CF80
CF80
C700
CD00
FD00
0600
ENDCHAR
STARTCHAR uni3137
ENCODING 12599
SWIDTH 917 0
DWIDTH 8 0
BBX 7 6 0 2
BITMAP
FE
FE
C0
C0
C0
FE
ENDCHAR
STARTCHAR uni3138
ENCODING 12600
SWIDTH 917 0
DWIDTH 9 0
BBX 8 6 0 2
BITMAP
EE
EE
88
88
88
EF
ENDCHAR
STARTCHAR uni3139
ENCODING 12601
SWIDTH 917 0
DWIDTH 8 0
BBX 7 6 0 2
BITMAP
FE
FE
06
FE
80
FE
ENDCHAR
STARTCHAR uni313A
ENCODING 12602
SWIDTH 917 0
DWIDTH 10 0
BBX 9 6 0 2
BITMAP
F780
F780
1180
F180
C180
F980
ENDCHAR
STARTCHAR uni313B
ENCODING 12603
SWIDTH 917 0
DWIDTH 10 0
BBX 9 6 0 2
BITMAP
F780
F780
1580
F580
C580
FF80
ENDCHAR
STARTCHAR uni313C
ENCODING 12604
SWIDTH 917 0
DWIDTH 10 0
BBX 9 6 0 2
BITMAP
F580
F580
1780
F580
C580
FF80
ENDCHAR
STARTCHAR uni313D
ENCODING 12605
SWIDTH 917 0
DWIDTH 10 0
BBX 9 6 0 2
BITMAP
F200
F200
1200
F300
C700
FD80
ENDCHAR
STARTCHAR uni313E
ENCODING 12606
SWIDTH 917 0
DWIDTH 10 0
BBX 9 6 0 2
BITMAP
F780
F780
1400
F700
C400
FF80
ENDCHAR
STARTCHAR uni313F
ENCODING 12607
SWIDTH 917 0
DWIDTH 10 0
BBX 9 6 0 2
BITMAP
F780
F780
1500
F500
C500
F780
ENDCHAR
STARTCHAR uni3140
ENCODING 12608
SWIDTH 917 0
DWIDTH 10 0
BBX 9 7 0 1
BITMAP
F300
FF80
3000
F780
C580
F780
0200
ENDCHAR
STARTCHAR uni3141
ENCODING 12609
SWIDTH 917 0
DWIDTH 8 0
BBX 7 6 0 2
BITMAP
FE
FE
C6
C6
C6
FE
ENDCHAR
STARTCHAR uni3142
ENCODING 12610
SWIDTH 917 0
DWIDTH 8 0
BBX 7 6 0 2
BITMAP
C6
C6
FE
C6
C6
FE
ENDCHAR
STARTCHAR uni3143
ENCODING 12611
SWIDTH 917 0
DWIDTH 9 0
BBX 8 6 0 2
BITMAP
AB
AB
EF
AB
AB
EF
ENDCHAR
STARTCHAR uni3144
ENCODING 12612
SWIDTH 917 0
DWIDTH 9 0
BBX 8 7 0 1
BITMAP
A6
A6
E6
A6
AE
FB
11
ENDCHAR
STARTCHAR uni3145
ENCODING 12613
SWIDTH 917 0
DWIDTH 10 0
BBX 9 7 0 1
BITMAP
0800
0800
0800
1C00
1600
F780
4100
ENDCHAR
STARTCHAR uni3146
ENCODING 12614
SWIDTH 917 0
DWIDTH 11 0
BBX 10 5 0 2
BITMAP
2300
3300
7700
5D80
CCC0
ENDCHAR
STARTCHAR uni3147
ENCODING 12615
SWIDTH 917 0
DWIDTH 8 0
BBX 7 7 0 1
BITMAP
38
7C
C6
C2
C6
7C
10
ENDCHAR
STARTCHAR uni3148
ENCODING 12616
SWIDTH 917 0
DWIDTH 8 0
BBX 7 7 0 1
BITMAP
FE
FE
10
38
2C
E6
82
ENDCHAR
STARTCHAR uni3149
ENCODING 12617
SWIDTH 917 0
DWIDTH 11 0
BBX 10 7 0 1
BITMAP
F780
F780
2300
7300
7780
DDC0
8880
ENDCHAR
STARTCHAR uni314A
ENCODING 12618
SWIDTH 917 0
DWIDTH 8 0
BBX 7 7 0 1
BITMAP
10
FE
FE
38
38
EE
82
ENDCHAR
STARTCHAR uni314B
ENCODING 12619
SWIDTH 917 0
DWIDTH 8 0
BBX 7 7 0 1
BITMAP
FE
FE
02
FE
C2
02
02
ENDCHAR
STARTCHAR uni314C
ENCODING 12620
SWIDTH 917 0
DWIDTH 8 0
BBX 7 6 0 2
BITMAP
FE
FE
C0
FE
C0
FE
ENDCHAR
STARTCHAR uni314D
ENCODING 12621
SWIDTH 917 0
DWIDTH 8 0
BBX 7 7 0 1
BITMAP
FE
FE
6C
6C
6C
FE
FE
ENDCHAR
STARTCHAR uni314E
ENCODING 12622
SWIDTH 917 0
DWIDTH 8 0
BBX 7 8 0 1
BITMAP
10
10
FE
00
7C
44
6C
3C
ENDCHAR
STARTCHAR uni314F
ENCODING 12623
SWIDTH 917 0
DWIDTH 5 0
BBX 4 11 0 -1
BITMAP
C0
C0
C0
C0
F0
F0
C0
C0
C0
C0
C0
ENDCHAR
STARTCHAR uni3150
ENCODING 12624
SWIDTH 917 0
DWIDTH 6 0
BBX 5 11 0 -1
BITMAP
D8
D8
D8
D8
F8
D8
D8
D8
D8
D8
D8
ENDCHAR
STARTCHAR uni3151
ENCODING 12625
SWIDTH 917 0
DWIDTH 5 0
BBX 4 11 0 -1
BITMAP
C0
C0
C0
F0
C0
C0
F0
C0
C0
C0
C0
ENDCHAR
STARTCHAR uni3152
ENCODING 12626
SWIDTH 917 0
DWIDTH 6 0
BBX 5 11 0 -1
BITMAP
D8
D8
D8
F8
D8
D8
F8
D8
D8
D8
D8
ENDCHAR
STARTCHAR uni3153
ENCODING 12627
SWIDTH 917 0
DWIDTH 5 0
BBX 4 11 0 -1
BITMAP
10
10
10
10
F0
10
10
10
10
10
10
ENDCHAR
STARTCHAR uni3154
ENCODING 12628
SWIDTH 917 0
DWIDTH 6 0
BBX 5 11 0 -1
BITMAP
68
68
68
68
E8
68
68
68
68
68
68
ENDCHAR
STARTCHAR uni3155
ENCODING 12629
SWIDTH 917 0
DWIDTH 5 0
BBX 4 11 0 -1
BITMAP
10
10
10
F0
10
10
F0
10
10
10
10
ENDCHAR
STARTCHAR uni3156
ENCODING 12630
SWIDTH 917 0
DWIDTH 6 0
BBX 5 11 0 -1
BITMAP
68
68
68
E8
68
68
E8
68
68
68
68
ENDCHAR
STARTCHAR uni3157
ENCODING 12631
SWIDTH 917 0
DWIDTH 12 0
BBX 11 6 0 2
BITMAP
0400
0400
0400
0400
0400
FFE0
ENDCHAR
STARTCHAR uni3158
ENCODING 12632
SWIDTH 917 0
DWIDTH 12 0
BBX 11 11 0 -1
BITMAP
0080
0080
0080
1880
18E0
18E0
1880
FE80
4080
0080
0080
ENDCHAR
STARTCHAR uni3159
ENCODING 12633
SWIDTH 917 0
DWIDTH 10 0
BBX 9 11 0 -1
BITMAP
0280
0280
0280
2280
2380
2380
2280
FA80
0280
0280
0280
ENDCHAR
STARTCHAR uni315A
ENCODING 12634
SWIDTH 917 0
DWIDTH 10 0
BBX 9 11 0 -1
BITMAP
0180
0180
0180
0180
1180
1180
1180
FF80
0180
0180
0180
ENDCHAR
STARTCHAR uni315B
ENCODING 12635
SWIDTH 917 0
DWIDTH 11 0
BBX 10 6 0 2
BITMAP
2200
2200
2200
2200
2200
FFC0
ENDCHAR
STARTCHAR uni315C
ENCODING 12636
SWIDTH 917 0
DWIDTH 11 0
BBX 10 5 0 1
BITMAP
FFC0
0800
0800
0800
0800
ENDCHAR
STARTCHAR uni315D
ENCODING 12637
SWIDTH 917 0
DWIDTH 10 0
BBX 9 11 0 -1
BITMAP
0080
0080
0080
0080
0280
FE80
3080
3780
3080
3080
0080
ENDCHAR
STARTCHAR uni315E
ENCODING 12638
SWIDTH 917 0
DWIDTH 10 0
BBX 9 11 0 -1
BITMAP
0280
0280
0280
0280
0280
FA80
2280
2E80
2280
2280
0280
ENDCHAR
STARTCHAR uni315F
ENCODING 12639
SWIDTH 917 0
DWIDTH 10 0
BBX 9 11 0 -1
BITMAP
0080
0080
0080
0080
0080
FE80
1080
1080
1080
1080
0080
ENDCHAR
STARTCHAR uni3160
ENCODING 12640
SWIDTH 917 0
DWIDTH 12 0
BBX 11 5 0 1
BITMAP
FFE0
1100
1100
1100
1100
ENDCHAR
STARTCHAR uni3161
ENCODING 12641
SWIDTH 917 0
DWIDTH 12 0
BBX 11 1 0 4
BITMAP
FFE0
ENDCHAR
STARTCHAR uni3162
ENCODING 12642
SWIDTH 917 0
DWIDTH 10 0
BBX 9 11 0 -1
BITMAP
0180
0180
0180
0180
0180
0180
FF80
FD80
0180
0180
0180
ENDCHAR
STARTCHAR uni3163
ENCODING 12643
SWIDTH 917 0
DWIDTH 2 0
BBX 1 11 0 -1
BITMAP
80
80
80
80
80
80
80
80
80
80
80
ENDCHAR
STARTCHAR uni3165
ENCODING 12645
SWIDTH 917 0
DWIDTH 9 0
BBX 8 6 0 2
BITMAP
8C
8C
8C
8C
8C
FF
ENDCHAR
STARTCHAR uni3166
ENCODING 12646
SWIDTH 917 0
DWIDTH 9 0
BBX 8 6 0 2
BITMAP
8F
8F
88
88
88
FF
ENDCHAR
STARTCHAR uni3167
ENCODING 12647
SWIDTH 917 0
DWIDTH 10 0
BBX 9 7 0 1
BITMAP
C200
C200
C200
C300
C700
FD80
0880
ENDCHAR
STARTCHAR uni3168
ENCODING 12648
SWIDTH 917 0
DWIDTH 10 0
BBX 9 6 0 2
BITMAP
C200
C200
C300
C500
C500
FF80
ENDCHAR
STARTCHAR uni3169
ENCODING 12649
SWIDTH 917 0
DWIDTH 11 0
BBX 10 7 0 1
BITMAP
FD00
FD00
2500
E580
C780
F6C0
0200
ENDCHAR
STARTCHAR uni316A
ENCODING 12650
SWIDTH 917 0
DWIDTH 10 0
BBX 9 6 0 2
BITMAP
F780
F780
1400
F400
C400
FF80
ENDCHAR
STARTCHAR uni316B
ENCODING 12651
SWIDTH 917 0
DWIDTH 11 0
BBX 10 7 0 1
BITMAP
D580
D580
5D80
D580
9580
FFC0
0200
ENDCHAR
STARTCHAR uni316C
ENCODING 12652
SWIDTH 917 0
DWIDTH 10 0
BBX 9 6 0 2
BITMAP
F200
F200
1300
F700
C500
FF80
ENDCHAR
STARTCHAR uni316D
ENCODING 12653
SWIDTH 917 0
DWIDTH 10 0
BBX 9 7 0 1
BITMAP
F780
F780
1200
F780
C580
F780
0300
ENDCHAR
STARTCHAR uni316E
ENCODING 12654
SWIDTH 917 0
DWIDTH 9 0
BBX 8 6 0 2
BITMAP
EB
EB
AF
AB
AB
EF
ENDCHAR
STARTCHAR uni316F
ENCODING 12655
SWIDTH 917 0
DWIDTH 9 0
BBX 8 7 0 1
BITMAP
E6
E6
A6
A6
AE
FB
11
ENDCHAR
STARTCHAR uni3170
ENCODING 12656
SWIDTH 917 0
DWIDTH 10 0
BBX 9 6 0 2
BITMAP
F200
F200
D300
D700
D500
FF80
ENDCHAR
STARTCHAR uni3171
ENCODING 12657
SWIDTH 917 0
DWIDTH 6 0
BBX 5 9 0 0
BITMAP
F8
88
88
F8
F8
70
58
70
20
ENDCHAR
STARTCHAR uni3172
ENCODING 12658
SWIDTH 917 0
DWIDTH 9 0
BBX 8 6 0 2
BITMAP
AF
AF
E3
A3
A3
E3
ENDCHAR
STARTCHAR uni3173
ENCODING 12659
SWIDTH 917 0
DWIDTH 9 0
BBX 8 6 0 2
BITMAP
AE
AE
E8
A8
A8
EF
ENDCHAR
STARTCHAR uni3174
ENCODING 12660
SWIDTH 917 0
DWIDTH 10 0
BBX 9 7 0 1
BITMAP
AF80
AF80
EC80
AC80
AC80
F680
1000
ENDCHAR
STARTCHAR uni3175
ENCODING 12661
SWIDTH 917 0
DWIDTH 10 0
BBX 9 7 0 1
BITMAP
A980
A980
E900
AD00
BD00
F780
1000
ENDCHAR
STARTCHAR uni3176
ENCODING 12662
SWIDTH 917 0
DWIDTH 10 0
BBX 9 7 0 1
BITMAP
AF00
AF00
E600
A600
AE00
FB80
0900
ENDCHAR
STARTCHAR uni3177
ENCODING 12663
SWIDTH 917 0
DWIDTH 9 0
BBX 8 6 0 2
BITMAP
AE
AE
E8
AE
A8
EF
ENDCHAR
STARTCHAR uni3178
ENCODING 12664
SWIDTH 917 0
DWIDTH 6 0
BBX 5 9 0 0
BITMAP
88
F8
88
F8
F8
70
58
70
20
ENDCHAR
STARTCHAR uni3179
ENCODING 12665
SWIDTH 917 0
DWIDTH 8 0
BBX 7 9 0 0
BITMAP
AA
EE
AA
EE
EE
38
2C
38
10
ENDCHAR
STARTCHAR uni317A
ENCODING 12666
SWIDTH 917 0
DWIDTH 9 0
BBX 8 6 0 2
BITMAP
37
37
31
31
71
DD
ENDCHAR
STARTCHAR uni317B
ENCODING 12667
SWIDTH 917 0
DWIDTH 10 0
BBX 9 7 0 1
BITMAP
3600
3600
3600
3600
7600
DF80
4800
ENDCHAR
STARTCHAR uni317C
ENCODING 12668
SWIDTH 917 0
DWIDTH 10 0
BBX 9 7 0 1
BITMAP
2780
2780
3600
3600
7600
DF80
4800
ENDCHAR
STARTCHAR uni317D
ENCODING 12669
SWIDTH 917 0
DWIDTH 10 0
BBX 9 7 0 1
BITMAP
2580
2580
2780
3580
7580
DF80
8800
ENDCHAR
STARTCHAR uni317E
ENCODING 12670
SWIDTH 917 0
DWIDTH 10 0
BBX 9 7 0 1
BITMAP
3780
3780
3200
3300
7700
DD80
8880
ENDCHAR
STARTCHAR uni317F
ENCODING 12671
SWIDTH 917 0
DWIDTH 8 0
BBX 7 8 0 1
BITMAP
10
10
10
38
28
6C
7C
FE
ENDCHAR
STARTCHAR uni3180
ENCODING 12672
SWIDTH 917 0
DWIDTH 10 0
BBX 9 6 0 2
BITMAP
2300
7780
DC80
DC80
DE80
7780
ENDCHAR
STARTCHAR uni3181
ENCODING 12673
SWIDTH 917 0
DWIDTH 8 0
BBX 7 7 0 1
BITMAP
10
38
6C
C6
C6
6C
38
ENDCHAR
STARTCHAR uni3182
ENCODING 12674
SWIDTH 917 0
DWIDTH 10 0
BBX 9 7 0 1
BITMAP
2200
2200
7200
DA00
DF00
7D80
2000
ENDCHAR
STARTCHAR uni3183
ENCODING 12675
SWIDTH 917 0
DWIDTH 10 0
BBX 9 7 0 1
BITMAP
2200
2200
7300
DF00
DD00
7780
2800
ENDCHAR
STARTCHAR uni3184
ENCODING 12676
SWIDTH 917 0
DWIDTH 8 0
BBX 7 9 0 0
BITMAP
FE
6C
6C
FE
FE
38
2C
38
10
ENDCHAR
STARTCHAR uni3185
ENCODING 12677
SWIDTH 917 0
DWIDTH 10 0
BBX 9 7 0 1
BITMAP
2300
F780
0000
7700
D580
F780
6300
ENDCHAR
STARTCHAR uni3186
ENCODING 12678
SWIDTH 917 0
DWIDTH 8 0
BBX 7 7 0 1
BITMAP
FE
00
38
64
44
6C
38
ENDCHAR
STARTCHAR uni3187
ENCODING 12679
SWIDTH 917 0
DWIDTH 12 0
BBX 11 11 0 -1
BITMAP
0080
0080
0080
2CE0
2C80
2CE0
2CE0
FE80
0080
0080
0080
ENDCHAR
STARTCHAR uni3188
ENCODING 12680
SWIDTH 917 0
DWIDTH 10 0
BBX 9 11 0 -1
BITMAP
0280
0280
0280
5380
5280
5280
5380
FA80
0280
0280
0280
ENDCHAR
STARTCHAR uni3189
ENCODING 12681
SWIDTH 917 0
DWIDTH 10 0
BBX 9 11 0 -1
BITMAP
0180
0180
0180
6D80
6D80
6D80
6D80
FF80
0180
0180
0180
ENDCHAR
STARTCHAR uni318A
ENCODING 12682
SWIDTH 917 0
DWIDTH 10 0
BBX 9 11 0 -1
BITMAP
0080
0080
0080
0080
FE80
5880
5F80
5880
5F80
5880
0080
ENDCHAR
STARTCHAR uni318B
ENCODING 12683
SWIDTH 917 0
DWIDTH 10 0
BBX 9 11 0 -1
BITMAP
0280
0280
0280
0680
FA80
DE80
DE80
DE80
DE80
D280
0280
ENDCHAR
STARTCHAR uni318C
ENCODING 12684
SWIDTH 917 0
DWIDTH 10 0
BBX 9 11 0 -1
BITMAP
0080
0080
0080
0080
0080
FE80
6C80
6C80
6C80
6C80
0080
ENDCHAR
STARTCHAR uni318D
ENCODING 12685
SWIDTH 917 0
DWIDTH 3 0
BBX 2 3 0 3
BITMAP
80
C0
80
ENDCHAR
STARTCHAR uni318E
ENCODING 12686
SWIDTH 917 0
DWIDTH 6 0
BBX 5 11 0 -1
BITMAP
18
18
18
18
58
D8
18
18
18
18
18
ENDCHAR
STARTCHAR uni31A0
ENCODING 12704
SWIDTH 1000 0
DWIDTH 9 0
BBX 8 11 0 -1
BITMAP
40
40
C0
FF
03
03
03
1F
12
1E
0C
ENDCHAR
STARTCHAR uni31A1
ENCODING 12705
SWIDTH 1000 0
DWIDTH 11 0
BBX 10 10 0 -1
BITMAP
FFC0
08C0
08C0
08C0
0880
0B80
3B00
7800
5800
7000
ENDCHAR
STARTCHAR uni31A2
ENCODING 12706
SWIDTH 1000 0
DWIDTH 8 0
BBX 7 11 0 -1
BITMAP
02
42
42
42
42
7E
F2
0E
1E
12
0E
ENDCHAR
STARTCHAR uni31A3
ENCODING 12707
SWIDTH 1000 0
DWIDTH 12 0
BBX 11 11 0 -1
BITMAP
1900
3300
3300
6600
4C00
CC00
6600
33C0
3360
19E0
10C0
ENDCHAR
STARTCHAR uni31A4
ENCODING 12708
SWIDTH 1000 0
DWIDTH 11 0
BBX 10 10 0 0
BITMAP
1000
1000
1040
1FC0
F880
1180
1100
1000
1000
1F80
ENDCHAR
STARTCHAR uni31A5
ENCODING 12709
SWIDTH 1000 0
DWIDTH 11 0
BBX 10 11 0 -1
BITMAP
1000
1000
1040
1FC0
F880
1180
1100
11C0
1140
1FC0
00C0
ENDCHAR
STARTCHAR uni31A6
ENCODING 12710
SWIDTH 1000 0
DWIDTH 11 0
BBX 10 10 0 -1
BITMAP
FFC0
0C00
1800
3000
2000
60C0
2180
3B00
1E00
0800
ENDCHAR
STARTCHAR uni31A7
ENCODING 12711
SWIDTH 1000 0
DWIDTH 11 0
BBX 10 10 0 -1
BITMAP
FFC0
0C00
1800
3000
2380
62C0
2380
3BC0
1E80
0800
ENDCHAR
STARTCHAR uni31A8
ENCODING 12712
SWIDTH 1000 0
DWIDTH 12 0
BBX 11 11 0 -1
BITMAP
0040
60C0
3080
1980
0F00
07E0
0F00
1980
30C0
E060
4040
ENDCHAR
STARTCHAR uni31A9
ENCODING 12713
SWIDTH 1000 0
DWIDTH 11 0
BBX 10 11 0 -1
BITMAP
4080
E1C0
3300
1E00
0C00
0C00
0C00
1C00
2E00
2E00
3800
ENDCHAR
STARTCHAR uni31AA
ENCODING 12714
SWIDTH 1000 0
DWIDTH 11 0
BBX 10 5 0 3
BITMAP
0080
03C0
0240
FFC0
0600
ENDCHAR
STARTCHAR uni31AB
ENCODING 12715
SWIDTH 1000 0
DWIDTH 13 0
BBX 12 11 0 -1
BITMAP
0040
60C0
3080
1980
0F00
0600
0F00
19E0
31B0
E2E0
4000
ENDCHAR
STARTCHAR uni31AC
ENCODING 12716
SWIDTH 1000 0
DWIDTH 11 0
BBX 10 9 0 0
BITMAP
FFC0
CCC0
CCC0
CCC0
CCC0
CCC0
CCC0
CCC0
CCC0
ENDCHAR
STARTCHAR uni31AD
ENCODING 12717
SWIDTH 1000 0
DWIDTH 12 0
BBX 11 10 0 -1
BITMAP
FFC0
2D00
2D00
2D00
2D00
6D00
6D00
CDE0
CCE0
0C00
ENDCHAR
STARTCHAR uni31AE
ENCODING 12718
SWIDTH 1000 0
DWIDTH 11 0
BBX 10 10 0 -1
BITMAP
FFC0
4400
6400
4C80
FFC0
0880
F880
B180
F180
1900
ENDCHAR
STARTCHAR uni31AF
ENCODING 12719
SWIDTH 1000 0
DWIDTH 10 0
BBX 9 11 0 -1
BITMAP
1000
1800
3200
6300
CE00
FC00
1980
3280
6580
FF80
0400
ENDCHAR
STARTCHAR uni31B0
ENCODING 12720
SWIDTH 1000 0
DWIDTH 11 0
BBX 10 11 0 -1
BITMAP
6180
6180
3300
1E00
FFC0
CCC0
CCC0
CCC0
CCC0
CCC0
C0C0
ENDCHAR
STARTCHAR uni31B1
ENCODING 12721
SWIDTH 1000 0
DWIDTH 11 0
BBX 10 10 0 -1
BITMAP
FFC0
0C00
FFC0
FFC0
D0C0
F1C0
DAC0
CCC0
C8C0
C0C0
ENDCHAR
STARTCHAR uni31B2
ENCODING 12722
SWIDTH 1000 0
DWIDTH 11 0
BBX 10 8 0 0
BITMAP
FFC0
0C00
0C00
0C00
0C00
0C00
0C00
FFC0
ENDCHAR
STARTCHAR uni31B3
ENCODING 12723
SWIDTH 1000 0
DWIDTH 7 0
BBX 6 11 0 -1
BITMAP
30
30
30
30
30
30
30
F0
BC
B0
E0
ENDCHAR
STARTCHAR uni31B4
ENCODING 12724
SWIDTH 583 0
DWIDTH 6 0
BBX 5 6 0 -1
BITMAP
40
40
F8
08
38
30
ENDCHAR
STARTCHAR uni31B5
ENCODING 12725
SWIDTH 583 0
DWIDTH 6 0
BBX 5 6 0 -1
BITMAP
40
C0
F8
68
F8
B0
ENDCHAR
STARTCHAR uni31B6
ENCODING 12726
SWIDTH 583 0
DWIDTH 6 0
BBX 5 6 0 -1
BITMAP
F8
F8
78
F8
18
30
ENDCHAR
STARTCHAR uni31B7
ENCODING 12727
SWIDTH 583 0
DWIDTH 6 0
BBX 5 5 0 -1
BITMAP
78
40
40
C0
80
ENDCHAR
STARTCHAR uni31B8
ENCODING 12728
SWIDTH 1000 0
DWIDTH 11 0
BBX 10 8 0 1
BITMAP
0080
7FC0
0300
0600
0C00
1800
7000
FFC0
ENDCHAR
STARTCHAR uni31B9
ENCODING 12729
SWIDTH 1000 0
DWIDTH 10 0
BBX 9 8 0 1
BITMAP
8000
8000
8000
8000
8000
8000
FF80
FF80
ENDCHAR
STARTCHAR uni31BA
ENCODING 12730
SWIDTH 1000 0
DWIDTH 12 0
BBX 11 9 0 0
BITMAP
0C00
0C00
0C00
FFE0
0C00
0C00
0C00
0C00
0C00
ENDCHAR
STARTCHAR uni31BB
ENCODING 12731
SWIDTH 583 0
DWIDTH 7 0
BBX 6 6 0 -1
BITMAP
40
78
D0
F0
78
2C
ENDCHAR
STARTCHAR uni31F0
ENCODING 12784
SWIDTH 1000 0
DWIDTH 9 0
BBX 8 9 0 -1
BITMAP
18
3E
3F
62
C6
0C
18
70
60
ENDCHAR
STARTCHAR uni31F1
ENCODING 12785
SWIDTH 1000 0
DWIDTH 9 0
BBX 8 9 0 -1
BITMAP
20
78
91
C1
63
06
1C
F0
40
ENDCHAR
STARTCHAR uni31F2
ENCODING 12786
SWIDTH 1000 0
DWIDTH 9 0
BBX 8 8 0 -1
BITMAP
7E
06
04
0C
1C
36
E3
82
ENDCHAR
STARTCHAR uni31F3
ENCODING 12787
SWIDTH 1000 0
DWIDTH 7 0
BBX 6 8 0 -1
BITMAP
C0
C0
E0
FC
C8
C0
C0
C0
ENDCHAR
STARTCHAR uni31F4
ENCODING 12788
SWIDTH 1000 0
DWIDTH 8 0
BBX 7 8 0 -1
BITMAP
7E
06
26
7C
1C
3E
E2
40
ENDCHAR
STARTCHAR uni31F5
ENCODING 12789
SWIDTH 1000 0
DWIDTH 9 0
BBX 8 7 0 0
BITMAP
34
26
26
62
43
C1
81
ENDCHAR
STARTCHAR uni31F6
ENCODING 12790
SWIDTH 1000 0
DWIDTH 8 0
BBX 7 8 0 0
BITMAP
80
80
8C
F8
C0
80
80
FE
ENDCHAR
STARTCHAR uni31F7
ENCODING 12791
SWIDTH 1000 0
DWIDTH 9 0
BBX 8 8 0 -1
BITMAP
FF
02
02
06
0C
1C
70
20
ENDCHAR
STARTCHAR uni31F8
ENCODING 12792
SWIDTH 1000 0
DWIDTH 10 0
BBX 9 6 0 0
BITMAP
3800
6C00
C600
8300
0380
0100
ENDCHAR
STARTCHAR uni31F9
ENCODING 12793
SWIDTH 1000 0
DWIDTH 10 0
BBX 9 8 0 0
BITMAP
0C00
0C00
7F80
0C00
2D00
6D80
CC80
1C00
ENDCHAR
STARTCHAR uni31FA
ENCODING 12794
SWIDTH 1000 0
DWIDTH 10 0
BBX 9 8 0 -1
BITMAP
1800
1000
3000
3600
2200
6300
FF80
0100
ENDCHAR
STARTCHAR uni31FB
ENCODING 12795
SWIDTH 1000 0
DWIDTH 9 0
BBX 8 8 0 -1
BITMAP
7E
00
FF
02
06
0C
38
30
ENDCHAR
STARTCHAR uni31FC
ENCODING 12796
SWIDTH 1000 0
DWIDTH 7 0
BBX 6 8 0 -1
BITMAP
8C
8C
8C
8C
8C
08
78
20
ENDCHAR
STARTCHAR uni31FD
ENCODING 12797
SWIDTH 1000 0
DWIDTH 10 0
BBX 9 8 0 -1
BITMAP
6C00
6800
6800
6900
6980
4F00
CE00
0800
ENDCHAR
STARTCHAR uni31FE
ENCODING 12798
SWIDTH 1000 0
DWIDTH 9 0
BBX 8 8 0 -1
BITMAP
C0
C0
C0
C3
C6
DC
F0
40
ENDCHAR
STARTCHAR uni31FF
ENCODING 12799
SWIDTH 1000 0
DWIDTH 9 0
BBX 8 7 0 0
BITMAP
FF
C3
C3
C3
C3
FF
FF
ENDCHAR
STARTCHAR uniF001
ENCODING 61441
SWIDTH 583 0
DWIDTH 9 0
BBX 8 9 0 0
BITMAP
3B
30
7E
66
66
66
66
CC
CC
ENDCHAR
STARTCHAR uniF002
ENCODING 61442
SWIDTH 583 0
DWIDTH 9 0
BBX 8 9 0 0
BITMAP
3B
33
7E
66
66
66
66
CC
CC
ENDCHAR
STARTCHAR uniF005
ENCODING 61445
SWIDTH 333 0
DWIDTH 3 0
BBX 2 2 0 -2
BITMAP
40
C0
ENDCHAR
STARTCHAR uniFB00
ENCODING 64256
SWIDTH 750 0
DWIDTH 10 0
BBX 9 10 0 0
BITMAP
1980
3B80
6600
FF00
FF00
6600
6600
6600
6600
6600
ENDCHAR
STARTCHAR uniF001
ENCODING 64257
SWIDTH 583 0
DWIDTH 9 0
BBX 8 9 0 0
BITMAP
3B
30
7E
66
66
66
66
CC
CC
ENDCHAR
STARTCHAR uniF002
ENCODING 64258
SWIDTH 583 0
DWIDTH 9 0
BBX 8 9 0 0
BITMAP
3B
33
7E
66
66
66
66
CC
CC
ENDCHAR
STARTCHAR uniFB03
ENCODING 64259
SWIDTH 1000 0
DWIDTH 13 0
BBX 12 10 0 0
BITMAP
19A0
3BF0
6600
FF20
FF20
6620
6620
6620
6620
6620
ENDCHAR
STARTCHAR uniFB04
ENCODING 64260
SWIDTH 1000 0
DWIDTH 13 0
BBX 12 10 0 0
BITMAP
19A0
3BA0
6620
FF20
FF20
6620
6620
6620
6620
6630
ENDCHAR
STARTCHAR uniFE10
ENCODING 65040
SWIDTH 1000 0
DWIDTH 3 0
BBX 2 4 0 6
BITMAP
C0
C0
40
C0
ENDCHAR
STARTCHAR uniFE11
ENCODING 65041
SWIDTH 1000 0
DWIDTH 4 0
BBX 3 4 0 6
BITMAP
C0
E0
60
20
ENDCHAR
STARTCHAR uniFE12
ENCODING 65042
SWIDTH 1000 0
DWIDTH 4 0
BBX 3 4 0 6
BITMAP
E0
A0
A0
E0
ENDCHAR
STARTCHAR uniFE13
ENCODING 65043
SWIDTH 1000 0
DWIDTH 3 0
BBX 2 8 0 1
BITMAP
C0
C0
00
00
00
80
C0
80
ENDCHAR
STARTCHAR uniFE14
ENCODING 65044
SWIDTH 1000 0
DWIDTH 4 0
BBX 3 10 0 -1
BITMAP
60
60
00
00
00
60
60
20
40
80
ENDCHAR
STARTCHAR uniFE15
ENCODING 65045
SWIDTH 1000 0
DWIDTH 3 0
BBX 2 9 0 1
BITMAP
C0
C0
C0
80
80
80
00
C0
C0
ENDCHAR
STARTCHAR uniFE16
ENCODING 65046
SWIDTH 1000 0
DWIDTH 7 0
BBX 6 9 0 1
BITMAP
78
DC
0C
18
30
20
00
20
70
ENDCHAR
STARTCHAR uniFE17
ENCODING 65047
SWIDTH 1000 0
DWIDTH 13 0
BBX 12 4 0 -1
BITMAP
FFF0
A050
C030
8010
ENDCHAR
STARTCHAR uniFE18
ENCODING 65048
SWIDTH 1000 0
DWIDTH 13 0
BBX 12 4 0 6
BITMAP
8010
C030
B9D0
FFF0
ENDCHAR
STARTCHAR uniFE19
ENCODING 65049
SWIDTH 1000 0
DWIDTH 3 0
BBX 2 10 0 0
BITMAP
80
C0
00
00
80
C0
00
00
80
C0
ENDCHAR
STARTCHAR uniFE30
ENCODING 65072
SWIDTH 1000 0
DWIDTH 3 0
BBX 2 8 0 1
BITMAP
80
C0
00
00
00
00
80
C0
ENDCHAR
STARTCHAR uniFE31
ENCODING 65073
SWIDTH 1000 0
DWIDTH 2 0
BBX 1 11 0 -1
BITMAP
80
80
80
80
80
80
80
80
80
80
80
ENDCHAR
STARTCHAR uniFE32
ENCODING 65074
SWIDTH 1000 0
DWIDTH 2 0
BBX 1 3 0 3
BITMAP
80
80
80
ENDCHAR
STARTCHAR uniFE33
ENCODING 65075
SWIDTH 1000 0
DWIDTH 2 0
BBX 1 12 0 -1
BITMAP
80
80
80
80
80
80
80
80
80
80
80
80
ENDCHAR
STARTCHAR uniFE34
ENCODING 65076
SWIDTH 1000 0
DWIDTH 3 0
BBX 2 12 0 -1
BITMAP
80
40
40
40
80
40
40
40
80
40
40
C0
ENDCHAR
STARTCHAR uniFE35
ENCODING 65077
SWIDTH 1000 0
DWIDTH 13 0
BBX 12 4 0 -1
BITMAP
0600
3FC0
6060
8010
ENDCHAR
STARTCHAR uniFE36
ENCODING 65078
SWIDTH 1000 0
DWIDTH 13 0
BBX 12 3 0 7
BITMAP
8010
6060
3FC0
ENDCHAR
STARTCHAR uniFE37
ENCODING 65079
SWIDTH 1000 0
DWIDTH 13 0
BBX 12 3 0 -1
BITMAP
0600
FFF0
8010
ENDCHAR
STARTCHAR uniFE38
ENCODING 65080
SWIDTH 1000 0
DWIDTH 13 0
BBX 12 3 0 7
BITMAP
8010
FFF0
0600
ENDCHAR
STARTCHAR uniFE39
ENCODING 65081
SWIDTH 1000 0
DWIDTH 13 0
BBX 12 3 0 -1
BITMAP
3FC0
4020
C030
ENDCHAR
STARTCHAR uniFE3A
ENCODING 65082
SWIDTH 1000 0
DWIDTH 13 0
BBX 12 3 0 7
BITMAP
C030
4020
3FC0
ENDCHAR
STARTCHAR uniFE3B
ENCODING 65083
SWIDTH 1000 0
DWIDTH 13 0
BBX 12 4 0 -1
BITMAP
FFF0
FFF0
E070
8010
ENDCHAR
STARTCHAR uniFE3C
ENCODING 65084
SWIDTH 1000 0
DWIDTH 13 0
BBX 12 4 0 6
BITMAP
8010
E070
FFF0
FFF0
ENDCHAR
STARTCHAR uniFE3D
ENCODING 65085
SWIDTH 1000 0
DWIDTH 13 0
BBX 12 5 0 -1
BITMAP
0F00
30C0
CF30
30C0
C030
ENDCHAR
STARTCHAR uniFE3E
ENCODING 65086
SWIDTH 1000 0
DWIDTH 13 0
BBX 12 5 0 5
BITMAP
C030
39C0
CF30
39C0
0F00
ENDCHAR
STARTCHAR uniFE3F
ENCODING 65087
SWIDTH 1000 0
DWIDTH 13 0
BBX 12 5 0 -1
BITMAP
0600
0F00
39C0
E070
4020
ENDCHAR
STARTCHAR uniFE40
ENCODING 65088
SWIDTH 1000 0
DWIDTH 13 0
BBX 12 5 0 5
BITMAP
4020
E070
39C0
0F00
0400
ENDCHAR
STARTCHAR uniFE41
ENCODING 65089
SWIDTH 1000 0
DWIDTH 10 0
BBX 9 4 0 -1
BITMAP
FF80
0180
0180
0180
ENDCHAR
STARTCHAR uniFE42
ENCODING 65090
SWIDTH 1000 0
DWIDTH 10 0
BBX 9 4 0 6
BITMAP
C000
C000
C000
FF80
ENDCHAR
STARTCHAR uniFE43
ENCODING 65091
SWIDTH 1000 0
DWIDTH 9 0
BBX 8 4 0 -1
BITMAP
FF
FD
05
07
ENDCHAR
STARTCHAR uniFE44
ENCODING 65092
SWIDTH 1000 0
DWIDTH 9 0
BBX 8 4 0 6
BITMAP
E0
A0
9F
FF
ENDCHAR
STARTCHAR uniFE45
ENCODING 65093
SWIDTH 1000 0
DWIDTH 9 0
BBX 8 8 0 0
BITMAP
E0
38
1C
1E
0F
07
07
02
ENDCHAR
STARTCHAR uniFE46
ENCODING 65094
SWIDTH 1000 0
DWIDTH 9 0
BBX 8 8 0 0
BITMAP
F0
48
24
12
09
09
05
02
ENDCHAR
STARTCHAR uniFE47
ENCODING 65095
SWIDTH 1000 0
DWIDTH 13 0
BBX 12 3 0 -1
BITMAP
FFF0
8010
8010
ENDCHAR
STARTCHAR uniFE48
ENCODING 65096
SWIDTH 1000 0
DWIDTH 13 0
BBX 12 3 0 7
BITMAP
8010
8010
FFF0
ENDCHAR
STARTCHAR uniFE49
ENCODING 65097
SWIDTH 1000 0
DWIDTH 9 0
BBX 8 1 0 9
BITMAP
DB
ENDCHAR
STARTCHAR uniFE4A
ENCODING 65098
SWIDTH 1000 0
DWIDTH 9 0
BBX 8 1 0 9
BITMAP
E7
ENDCHAR
STARTCHAR uniFE4B
ENCODING 65099
SWIDTH 1000 0
DWIDTH 13 0
BBX 12 1 0 9
BITMAP
FFF0
ENDCHAR
STARTCHAR uniFE4C
ENCODING 65100
SWIDTH 1000 0
DWIDTH 13 0
BBX 12 3 0 7
BITMAP
FFF0
9110
FFF0
ENDCHAR
STARTCHAR uniFE4D
ENCODING 65101
SWIDTH 1000 0
DWIDTH 9 0
BBX 8 1 0 0
BITMAP
DB
ENDCHAR
STARTCHAR uniFE4E
ENCODING 65102
SWIDTH 1000 0
DWIDTH 9 0
BBX 8 1 0 0
BITMAP
E7
ENDCHAR
STARTCHAR uniFE4F
ENCODING 65103
SWIDTH 1000 0
DWIDTH 13 0
BBX 12 2 0 -1
BITMAP
9110
FFF0
ENDCHAR
STARTCHAR uniFE50
ENCODING 65104
SWIDTH 1000 0
DWIDTH 3 0
BBX 2 4 0 -2
BITMAP
C0
C0
40
80
ENDCHAR
STARTCHAR uniFE51
ENCODING 65105
SWIDTH 1000 0
DWIDTH 5 0
BBX 4 3 0 -1
BITMAP
C0
60
30
ENDCHAR
STARTCHAR uniFE52
ENCODING 65106
SWIDTH 1000 0
DWIDTH 3 0
BBX 2 2 0 0
BITMAP
C0
C0
ENDCHAR
STARTCHAR uniFE54
ENCODING 65108
SWIDTH 1000 0
DWIDTH 3 0
BBX 2 8 0 -2
BITMAP
C0
C0
00
00
C0
C0
40
80
ENDCHAR
STARTCHAR uniFE55
ENCODING 65109
SWIDTH 1000 0
DWIDTH 3 0
BBX 2 6 0 0
BITMAP
C0
C0
00
00
C0
C0
ENDCHAR
STARTCHAR uniFE56
ENCODING 65110
SWIDTH 1000 0
DWIDTH 7 0
BBX 6 8 0 -1
BITMAP
78
CC
08
18
30
00
30
30
ENDCHAR
STARTCHAR uniFE57
ENCODING 65111
SWIDTH 1000 0
DWIDTH 3 0
BBX 2 8 0 -1
BITMAP
C0
C0
C0
C0
C0
00
C0
C0
ENDCHAR
STARTCHAR uniFE58
ENCODING 65112
SWIDTH 1000 0
DWIDTH 9 0
BBX 8 1 0 1
BITMAP
FF
ENDCHAR
STARTCHAR uniFE59
ENCODING 65113
SWIDTH 1000 0
DWIDTH 3 0
BBX 2 8 0 -1
BITMAP
40
80
80
80
80
80
80
40
ENDCHAR
STARTCHAR uniFE5A
ENCODING 65114
SWIDTH 1000 0
DWIDTH 3 0
BBX 2 8 0 -1
BITMAP
80
C0
40
40
40
40
80
80
ENDCHAR
STARTCHAR uniFE5B
ENCODING 65115
SWIDTH 1000 0
DWIDTH 3 0
BBX 2 8 0 -1
BITMAP
40
80
80
80
80
80
80
40
ENDCHAR
STARTCHAR uniFE5C
ENCODING 65116
SWIDTH 1000 0
DWIDTH 3 0
BBX 2 8 0 -1
BITMAP
80
80
80
C0
80
80
80
80
ENDCHAR
STARTCHAR uniFE5D
ENCODING 65117
SWIDTH 1000 0
DWIDTH 3 0
BBX 2 8 0 -1
BITMAP
40
80
80
80
80
80
80
40
ENDCHAR
STARTCHAR uniFE5E
ENCODING 65118
SWIDTH 1000 0
DWIDTH 3 0
BBX 2 8 0 -1
BITMAP
80
40
40
40
40
40
C0
80
ENDCHAR
STARTCHAR uniFE5F
ENCODING 65119
SWIDTH 1000 0
DWIDTH 5 0
BBX 4 8 0 -1
BITMAP
50
50
F0
60
F0
A0
A0
A0
ENDCHAR
STARTCHAR uniFE60
ENCODING 65120
SWIDTH 1000 0
DWIDTH 8 0
BBX 7 8 0 -1
BITMAP
70
50
50
64
F4
9C
DE
74
ENDCHAR
STARTCHAR uniFE61
ENCODING 65121
SWIDTH 1000 0
DWIDTH 5 0
BBX 4 4 0 3
BITMAP
40
F0
60
F0
ENDCHAR
STARTCHAR uniFE62
ENCODING 65122
SWIDTH 1000 0
DWIDTH 5 0
BBX 4 6 0 0
BITMAP
60
60
60
F0
60
60
ENDCHAR
STARTCHAR uniFE63
ENCODING 65123
SWIDTH 1000 0
DWIDTH 5 0
BBX 4 1 0 2
BITMAP
F0
ENDCHAR
STARTCHAR uniFE64
ENCODING 65124
SWIDTH 1000 0
DWIDTH 5 0
BBX 4 4 0 1
BITMAP
30
E0
C0
30
ENDCHAR
STARTCHAR uniFE65
ENCODING 65125
SWIDTH 1000 0
DWIDTH 5 0
BBX 4 4 0 1
BITMAP
80
70
30
C0
ENDCHAR
STARTCHAR uniFE66
ENCODING 65126
SWIDTH 1000 0
DWIDTH 5 0
BBX 4 4 0 1
BITMAP
F0
00
00
F0
ENDCHAR
STARTCHAR uniFE68
ENCODING 65128
SWIDTH 1000 0
DWIDTH 5 0
BBX 4 8 0 -1
BITMAP
80
40
40
40
20
20
20
10
ENDCHAR
STARTCHAR uniFE69
ENCODING 65129
SWIDTH 1000 0
DWIDTH 7 0
BBX 6 9 0 -1
BITMAP
10
78
4C
C0
78
0C
8C
F8
10
ENDCHAR
STARTCHAR uniFE6A
ENCODING 65130
SWIDTH 1000 0
DWIDTH 9 0
BBX 8 7 0 0
BITMAP
44
A4
A8
AF
55
15
27
ENDCHAR
STARTCHAR uniFE6B
ENCODING 65131
SWIDTH 1000 0
DWIDTH 9 0
BBX 8 8 0 -1
BITMAP
3E
41
9D
A5
AD
96
40
3C
ENDCHAR
STARTCHAR uniFF01
ENCODING 65281
SWIDTH 1000 0
DWIDTH 3 0
BBX 2 9 0 0
BITMAP
C0
C0
C0
C0
C0
C0
00
C0
C0
ENDCHAR
STARTCHAR uniFF02
ENCODING 65282
SWIDTH 1000 0
DWIDTH 7 0
BBX 6 5 0 6
BITMAP
CC
48
48
48
48
ENDCHAR
STARTCHAR uniFF03
ENCODING 65283
SWIDTH 1000 0
DWIDTH 9 0
BBX 8 9 0 0
BITMAP
36
24
FF
24
24
FF
24
24
4C
ENDCHAR
STARTCHAR uniFF04
ENCODING 65284
SWIDTH 1000 0
DWIDTH 7 0
BBX 6 13 0 -2
BITMAP
30
30
78
CC
C0
E0
78
0C
04
CC
78
30
30
ENDCHAR
STARTCHAR uniFF05
ENCODING 65285
SWIDTH 1000 0
DWIDTH 11 0
BBX 10 9 0 0
BITMAP
E100
9200
9600
9480
EF40
0A40
1240
1340
21C0
ENDCHAR
STARTCHAR uniFF06
ENCODING 65286
SWIDTH 1000 0
DWIDTH 9 0
BBX 8 9 0 0
BITMAP
38
6C
6C
78
73
DB
CE
CF
7B
ENDCHAR
STARTCHAR uniFF07
ENCODING 65287
SWIDTH 1000 0
DWIDTH 3 0
BBX 2 5 0 6
BITMAP
C0
C0
C0
C0
C0
ENDCHAR
STARTCHAR uniFF08
ENCODING 65288
SWIDTH 1000 0
DWIDTH 4 0
BBX 3 11 0 -1
BITMAP
20
40
C0
C0
80
80
80
C0
40
60
20
ENDCHAR
STARTCHAR uniFF09
ENCODING 65289
SWIDTH 1000 0
DWIDTH 4 0
BBX 3 11 0 -1
BITMAP
80
40
60
60
20
20
20
60
40
C0
80
ENDCHAR
STARTCHAR uniFF0A
ENCODING 65290
SWIDTH 1000 0
DWIDTH 9 0
BBX 8 9 0 0
BITMAP
08
08
DB
7E
18
7E
99
08
08
ENDCHAR
STARTCHAR uniFF0B
ENCODING 65291
SWIDTH 1000 0
DWIDTH 9 0
BBX 8 9 0 0
BITMAP
18
18
18
18
FF
18
18
18
18
ENDCHAR
STARTCHAR uniFF0C
ENCODING 65292
SWIDTH 1000 0
DWIDTH 4 0
BBX 3 5 0 -2
BITMAP
C0
E0
60
C0
80
ENDCHAR
STARTCHAR uniFF0D
ENCODING 65293
SWIDTH 1000 0
DWIDTH 9 0
BBX 8 1 0 4
BITMAP
FF
ENDCHAR
STARTCHAR uniFF0E
ENCODING 65294
SWIDTH 1000 0
DWIDTH 4 0
BBX 3 3 0 0
BITMAP
40
E0
40
ENDCHAR
STARTCHAR uniFF0F
ENCODING 65295
SWIDTH 1000 0
DWIDTH 13 0
BBX 12 11 0 -1
BITMAP
0030
0040
0080
0100
0200
0400
0800
1000
2000
4000
8000
ENDCHAR
STARTCHAR uniFF10
ENCODING 65296
SWIDTH 1000 0
DWIDTH 7 0
BBX 6 9 0 0
BITMAP
78
CC
84
84
84
84
84
CC
78
ENDCHAR
STARTCHAR uniFF11
ENCODING 65297
SWIDTH 1000 0
DWIDTH 7 0
BBX 6 9 0 0
BITMAP
30
F0
30
30
30
30
30
30
FC
ENDCHAR
STARTCHAR uniFF12
ENCODING 65298
SWIDTH 1000 0
DWIDTH 7 0
BBX 6 9 0 0
BITMAP
78
DC
8C
0C
08
18
30
E0
FC
ENDCHAR
STARTCHAR uniFF13
ENCODING 65299
SWIDTH 1000 0
DWIDTH 8 0
BBX 7 9 0 0
BITMAP
3C
66
06
06
1C
06
42
E6
7C
ENDCHAR
STARTCHAR uniFF14
ENCODING 65300
SWIDTH 1000 0
DWIDTH 8 0
BBX 7 9 0 0
BITMAP
1C
3C
2C
6C
CC
FE
FE
0C
0C
ENDCHAR
STARTCHAR uniFF15
ENCODING 65301
SWIDTH 1000 0
DWIDTH 7 0
BBX 6 9 0 0
BITMAP
FC
FC
C0
F8
DC
0C
0C
8C
F8
ENDCHAR
STARTCHAR uniFF16
ENCODING 65302
SWIDTH 1000 0
DWIDTH 7 0
BBX 6 9 0 0
BITMAP
3C
6C
C0
90
FC
C4
C4
CC
78
ENDCHAR
STARTCHAR uniFF17
ENCODING 65303
SWIDTH 1000 0
DWIDTH 7 0
BBX 6 9 0 0
BITMAP
FC
FC
08
18
10
30
30
30
20
ENDCHAR
STARTCHAR uniFF18
ENCODING 65304
SWIDTH 1000 0
DWIDTH 7 0
BBX 6 9 0 0
BITMAP
78
CC
C4
CC
78
CC
84
CC
78
ENDCHAR
STARTCHAR uniFF19
ENCODING 65305
SWIDTH 1000 0
DWIDTH 7 0
BBX 6 9 0 0
BITMAP
78
CC
8C
84
FC
74
0C
9C
F8
ENDCHAR
STARTCHAR uniFF1A
ENCODING 65306
SWIDTH 1000 0
DWIDTH 3 0
BBX 2 8 0 0
BITMAP
C0
C0
00
00
00
C0
C0
80
ENDCHAR
STARTCHAR uniFF1B
ENCODING 65307
SWIDTH 1000 0
DWIDTH 3 0
BBX 2 10 0 -2
BITMAP
C0
C0
00
00
00
C0
C0
40
C0
80
ENDCHAR
STARTCHAR uniFF1C
ENCODING 65308
SWIDTH 1000 0
DWIDTH 11 0
BBX 10 9 0 0
BITMAP
00C0
0300
0E00
3800
E000
3800
0E00
0380
00C0
ENDCHAR
STARTCHAR uniFF1D
ENCODING 65309
SWIDTH 1000 0
DWIDTH 9 0
BBX 8 4 0 3
BITMAP
FF
FF
00
FF
ENDCHAR
STARTCHAR uniFF1E
ENCODING 65310
SWIDTH 1000 0
DWIDTH 11 0
BBX 10 9 0 0
BITMAP
C000
3000
1C00
0700
01C0
0700
1C00
7000
C000
ENDCHAR
STARTCHAR uniFF1F
ENCODING 65311
SWIDTH 1000 0
DWIDTH 7 0
BBX 6 9 0 0
BITMAP
78
CC
0C
0C
30
30
00
30
30
ENDCHAR
STARTCHAR uniFF20
ENCODING 65312
SWIDTH 1000 0
DWIDTH 11 0
BBX 10 11 0 -1
BITMAP
1F00
6080
4140
8E40
9240
B240
B640
9F80
C000
6200
3E00
ENDCHAR
STARTCHAR uniFF21
ENCODING 65313
SWIDTH 1000 0
DWIDTH 9 0
BBX 8 9 0 0
BITMAP
18
3C
3C
24
66
7E
7E
C3
C3
ENDCHAR
STARTCHAR uniFF22
ENCODING 65314
SWIDTH 1000 0
DWIDTH 8 0
BBX 7 9 0 0
BITMAP
F8
8C
84
8C
FC
86
86
8E
FC
ENDCHAR
STARTCHAR uniFF23
ENCODING 65315
SWIDTH 1000 0
DWIDTH 9 0
BBX 8 9 0 0
BITMAP
1E
77
60
C0
C0
C0
60
73
3E
ENDCHAR
STARTCHAR uniFF24
ENCODING 65316
SWIDTH 1000 0
DWIDTH 9 0
BBX 8 9 0 0
BITMAP
FC
FE
C3
C3
C3
C3
C3
CE
FC
ENDCHAR
STARTCHAR uniFF25
ENCODING 65317
SWIDTH 1000 0
DWIDTH 7 0
BBX 6 9 0 0
BITMAP
FC
FC
C0
C0
F8
C0
C0
C0
FC
ENDCHAR
STARTCHAR uniFF26
ENCODING 65318
SWIDTH 1000 0
DWIDTH 7 0
BBX 6 9 0 0
BITMAP
FC
FC
C0
C0
F8
C0
C0
C0
C0
ENDCHAR
STARTCHAR uniFF27
ENCODING 65319
SWIDTH 1000 0
DWIDTH 9 0
BBX 8 9 0 0
BITMAP
3E
77
C0
C0
CF
CF
C3
73
3E
ENDCHAR
STARTCHAR uniFF28
ENCODING 65320
SWIDTH 1000 0
DWIDTH 9 0
BBX 8 9 0 0
BITMAP
C3
C3
C3
C3
FF
C3
C3
C3
C3
ENDCHAR
STARTCHAR uniFF29
ENCODING 65321
SWIDTH 1000 0
DWIDTH 7 0
BBX 6 9 0 0
BITMAP
FC
FC
30
30
30
30
30
30
FC
ENDCHAR
STARTCHAR uniFF2A
ENCODING 65322
SWIDTH 1000 0
DWIDTH 7 0
BBX 6 9 0 0
BITMAP
0C
0C
0C
0C
0C
0C
0C
D8
F8
ENDCHAR
STARTCHAR uniFF2B
ENCODING 65323
SWIDTH 1000 0
DWIDTH 9 0
BBX 8 9 0 0
BITMAP
86
8C
98
B0
F0
D8
8C
86
87
ENDCHAR
STARTCHAR uniFF2C
ENCODING 65324
SWIDTH 1000 0
DWIDTH 7 0
BBX 6 9 0 0
BITMAP
C0
C0
C0
C0
C0
C0
C0
C0
FC
ENDCHAR
STARTCHAR uniFF2D
ENCODING 65325
SWIDTH 1000 0
DWIDTH 9 0
BBX 8 9 0 0
BITMAP
C3
C3
E7
E7
A5
BD
99
99
81
ENDCHAR
STARTCHAR uniFF2E
ENCODING 65326
SWIDTH 1000 0
DWIDTH 9 0
BBX 8 9 0 0
BITMAP
C3
E3
F3
F3
DB
CB
CF
C7
C3
ENDCHAR
STARTCHAR uniFF2F
ENCODING 65327
SWIDTH 1000 0
DWIDTH 9 0
BBX 8 9 0 0
BITMAP
3C
7E
C3
C3
81
C3
C3
E7
3C
ENDCHAR
STARTCHAR uniFF30
ENCODING 65328
SWIDTH 1000 0
DWIDTH 8 0
BBX 7 9 0 0
BITMAP
F8
DC
C6
C6
FC
F8
C0
C0
C0
ENDCHAR
STARTCHAR uniFF31
ENCODING 65329
SWIDTH 1000 0
DWIDTH 10 0
BBX 9 11 0 -2
BITMAP
3C00
FE00
C300
8300
8100
8300
C300
E600
3C00
1C00
0F80
ENDCHAR
STARTCHAR uniFF32
ENCODING 65330
SWIDTH 1000 0
DWIDTH 8 0
BBX 7 9 0 0
BITMAP
F8
9C
86
86
FC
F8
8C
8C
86
ENDCHAR
STARTCHAR uniFF33
ENCODING 65331
SWIDTH 1000 0
DWIDTH 9 0
BBX 8 9 0 0
BITMAP
3E
76
60
70
3E
0E
03
E6
7E
ENDCHAR
STARTCHAR uniFF34
ENCODING 65332
SWIDTH 1000 0
DWIDTH 9 0
BBX 8 9 0 0
BITMAP
FF
FF
18
18
18
18
18
18
18
ENDCHAR
STARTCHAR uniFF35
ENCODING 65333
SWIDTH 1000 0
DWIDTH 9 0
BBX 8 9 0 0
BITMAP
C3
C3
C3
C3
C3
C3
C3
66
3C
ENDCHAR
STARTCHAR uniFF36
ENCODING 65334
SWIDTH 1000 0
DWIDTH 9 0
BBX 8 9 0 0
BITMAP
C3
C3
42
66
66
24
3C
3C
18
ENDCHAR
STARTCHAR uniFF37
ENCODING 65335
SWIDTH 1000 0
DWIDTH 13 0
BBX 12 9 0 0
BITMAP
C630
C630
4620
6F60
6F60
6960
29C0
39C0
38C0
ENDCHAR
STARTCHAR uniFF38
ENCODING 65336
SWIDTH 1000 0
DWIDTH 9 0
BBX 8 9 0 0
BITMAP
C3
66
34
3C
18
3C
2C
66
C3
ENDCHAR
STARTCHAR uniFF39
ENCODING 65337
SWIDTH 1000 0
DWIDTH 9 0
BBX 8 9 0 0
BITMAP
C3
66
66
3C
3C
18
18
18
18
ENDCHAR
STARTCHAR uniFF3A
ENCODING 65338
SWIDTH 1000 0
DWIDTH 9 0
BBX 8 9 0 0
BITMAP
7E
7E
04
0C
18
30
30
60
FF
ENDCHAR
STARTCHAR uniFF3B
ENCODING 65339
SWIDTH 1000 0
DWIDTH 4 0
BBX 3 11 0 -1
BITMAP
E0
80
80
80
80
80
80
80
80
80
E0
ENDCHAR
STARTCHAR uniFF3C
ENCODING 65340
SWIDTH 1000 0
DWIDTH 13 0
BBX 12 11 0 -1
BITMAP
C000
2000
1000
0800
0400
0200
0100
0080
0040
0020
0010
ENDCHAR
STARTCHAR uniFF3D
ENCODING 65341
SWIDTH 1000 0
DWIDTH 4 0
BBX 3 11 0 -1
BITMAP
E0
20
20
20
20
20
20
20
20
20
E0
ENDCHAR
STARTCHAR uniFF3E
ENCODING 65342
SWIDTH 1000 0
DWIDTH 5 0
BBX 4 1 0 10
BITMAP
F0
ENDCHAR
STARTCHAR uniFF3F
ENCODING 65343
SWIDTH 1000 0
DWIDTH 13 0
BBX 12 1 0 -1
BITMAP
FFF0
ENDCHAR
STARTCHAR uniFF40
ENCODING 65344
SWIDTH 1000 0
DWIDTH 4 0
BBX 3 1 0 10
BITMAP
E0
ENDCHAR
STARTCHAR uniFF41
ENCODING 65345
SWIDTH 1000 0
DWIDTH 7 0
BBX 6 7 0 0
BITMAP
78
FC
0C
7C
CC
CC
F4
ENDCHAR
STARTCHAR uniFF42
ENCODING 65346
SWIDTH 1000 0
DWIDTH 8 0
BBX 7 10 0 0
BITMAP
C0
C0
C0
B8
FC
C6
C6
C6
CC
B8
ENDCHAR
STARTCHAR uniFF43
ENCODING 65347
SWIDTH 1000 0
DWIDTH 7 0
BBX 6 7 0 0
BITMAP
38
7C
C0
C0
C0
E4
7C
ENDCHAR
STARTCHAR uniFF44
ENCODING 65348
SWIDTH 1000 0
DWIDTH 8 0
BBX 7 10 0 0
BITMAP
06
06
06
3A
7E
46
C6
C6
66
3A
ENDCHAR
STARTCHAR uniFF45
ENCODING 65349
SWIDTH 1000 0
DWIDTH 7 0
BBX 6 7 0 0
BITMAP
38
EC
C4
FC
80
C4
7C
ENDCHAR
STARTCHAR uniFF46
ENCODING 65350
SWIDTH 1000 0
DWIDTH 8 0
BBX 7 10 0 0
BITMAP
1C
3E
30
FC
FC
30
30
30
30
30
ENDCHAR
STARTCHAR uniFF47
ENCODING 65351
SWIDTH 1000 0
DWIDTH 8 0
BBX 7 10 0 -3
BITMAP
7E
CE
CC
C8
78
80
FC
86
8C
F8
ENDCHAR
STARTCHAR uniFF48
ENCODING 65352
SWIDTH 1000 0
DWIDTH 7 0
BBX 6 10 0 0
BITMAP
C0
C0
C0
F8
FC
CC
C4
C4
C4
C4
ENDCHAR
STARTCHAR uniFF49
ENCODING 65353
SWIDTH 1000 0
DWIDTH 3 0
BBX 2 10 0 0
BITMAP
C0
C0
00
C0
C0
C0
C0
C0
C0
C0
ENDCHAR
STARTCHAR uniFF4A
ENCODING 65354
SWIDTH 1000 0
DWIDTH 6 0
BBX 5 13 0 -3
BITMAP
18
18
00
18
18
18
18
18
18
18
18
F0
E0
ENDCHAR
STARTCHAR uniFF4B
ENCODING 65355
SWIDTH 1000 0
DWIDTH 8 0
BBX 7 10 0 0
BITMAP
C0
C0
C0
CE
D8
F0
F0
F8
CC
C6
ENDCHAR
STARTCHAR uniFF4C
ENCODING 65356
SWIDTH 1000 0
DWIDTH 5 0
BBX 4 10 0 0
BITMAP
C0
C0
C0
C0
C0
C0
C0
C0
D0
70
ENDCHAR
STARTCHAR uniFF4D
ENCODING 65357
SWIDTH 1000 0
DWIDTH 11 0
BBX 10 7 0 0
BITMAP
B9C0
FFC0
8C40
8C40
8C40
8C40
8C40
ENDCHAR
STARTCHAR uniFF4E
ENCODING 65358
SWIDTH 1000 0
DWIDTH 7 0
BBX 6 7 0 0
BITMAP
B8
FC
CC
CC
CC
CC
CC
ENDCHAR
STARTCHAR uniFF4F
ENCODING 65359
SWIDTH 1000 0
DWIDTH 9 0
BBX 8 7 0 0
BITMAP
3C
7E
42
C3
42
66
3C
ENDCHAR
STARTCHAR uniFF50
ENCODING 65360
SWIDTH 1000 0
DWIDTH 8 0
BBX 7 10 0 -3
BITMAP
B8
FC
C6
C6
C6
CC
B8
C0
C0
C0
ENDCHAR
STARTCHAR uniFF51
ENCODING 65361
SWIDTH 1000 0
DWIDTH 8 0
BBX 7 10 0 -3
BITMAP
3A
7E
46
C6
C6
66
3A
06
06
06
ENDCHAR
STARTCHAR uniFF52
ENCODING 65362
SWIDTH 1000 0
DWIDTH 6 0
BBX 5 7 0 0
BITMAP
B8
F8
C0
80
80
80
80
ENDCHAR
STARTCHAR uniFF53
ENCODING 65363
SWIDTH 1000 0
DWIDTH 7 0
BBX 6 7 0 0
BITMAP
78
CC
C0
78
0C
8C
F8
ENDCHAR
STARTCHAR uniFF54
ENCODING 65364
SWIDTH 1000 0
DWIDTH 7 0
BBX 6 9 0 0
BITMAP
20
20
FC
FC
60
60
60
34
3C
ENDCHAR
STARTCHAR uniFF55
ENCODING 65365
SWIDTH 1000 0
DWIDTH 7 0
BBX 6 7 0 0
BITMAP
CC
CC
CC
CC
CC
DC
F4
ENDCHAR
STARTCHAR uniFF56
ENCODING 65366
SWIDTH 1000 0
DWIDTH 9 0
BBX 8 7 0 0
BITMAP
C3
66
66
24
3C
3C
18
ENDCHAR
STARTCHAR uniFF57
ENCODING 65367
SWIDTH 1000 0
DWIDTH 11 0
BBX 10 7 0 0
BITMAP
8C40
CCC0
CCC0
5E80
5280
7380
7380
ENDCHAR
STARTCHAR uniFF58
ENCODING 65368
SWIDTH 1000 0
DWIDTH 7 0
BBX 6 7 0 0
BITMAP
CC
48
78
30
78
48
CC
ENDCHAR
STARTCHAR uniFF59
ENCODING 65369
SWIDTH 1000 0
DWIDTH 9 0
BBX 8 10 0 -3
BITMAP
C3
66
66
24
3C
1C
18
18
70
60
ENDCHAR
STARTCHAR uniFF5A
ENCODING 65370
SWIDTH 1000 0
DWIDTH 7 0
BBX 6 7 0 0
BITMAP
FC
FC
18
30
60
40
FC
ENDCHAR
STARTCHAR uniFF5B
ENCODING 65371
SWIDTH 1000 0
DWIDTH 5 0
BBX 4 11 0 -1
BITMAP
70
60
60
60
60
C0
60
60
60
60
70
ENDCHAR
STARTCHAR uniFF5C
ENCODING 65372
SWIDTH 1000 0
DWIDTH 2 0
BBX 1 12 0 -1
BITMAP
80
80
80
80
80
80
80
80
80
80
80
80
ENDCHAR
STARTCHAR uniFF5D
ENCODING 65373
SWIDTH 1000 0
DWIDTH 5 0
BBX 4 11 0 -1
BITMAP
E0
60
60
60
60
30
60
60
60
60
E0
ENDCHAR
STARTCHAR uniFF5E
ENCODING 65374
SWIDTH 1000 0
DWIDTH 13 0
BBX 12 3 0 3
BITMAP
7C20
E670
43C0
ENDCHAR
STARTCHAR uniFF5F
ENCODING 65375
SWIDTH 1000 0
DWIDTH 6 0
BBX 5 11 0 -1
BITMAP
78
D0
A0
A0
A0
A0
A0
A0
A0
D0
78
ENDCHAR
STARTCHAR uniFF60
ENCODING 65376
SWIDTH 1000 0
DWIDTH 6 0
BBX 5 11 0 -1
BITMAP
F0
58
28
28
28
28
28
28
28
58
F0
ENDCHAR
STARTCHAR uniFF61
ENCODING 65377
SWIDTH 500 0
DWIDTH 5 0
BBX 4 4 0 -1
BITMAP
70
90
90
60
ENDCHAR
STARTCHAR uniFF62
ENCODING 65378
SWIDTH 500 0
DWIDTH 5 0
BBX 4 7 0 3
BITMAP
F0
80
80
80
80
80
80
ENDCHAR
STARTCHAR uniFF63
ENCODING 65379
SWIDTH 500 0
DWIDTH 5 0
BBX 4 8 0 -1
BITMAP
10
10
10
10
10
10
10
F0
ENDCHAR
STARTCHAR uniFF64
ENCODING 65380
SWIDTH 500 0
DWIDTH 5 0
BBX 4 4 0 -1
BITMAP
40
E0
30
20
ENDCHAR
STARTCHAR uniFF65
ENCODING 65381
SWIDTH 500 0
DWIDTH 3 0
BBX 2 3 0 3
BITMAP
C0
C0
C0
ENDCHAR
STARTCHAR uniFF66
ENCODING 65382
SWIDTH 500 0
DWIDTH 5 0
BBX 4 10 0 -1
BITMAP
F0
F0
10
F0
F0
10
20
60
C0
40
ENDCHAR
STARTCHAR uniFF67
ENCODING 65383
SWIDTH 500 0
DWIDTH 5 0
BBX 4 8 0 -1
BITMAP
F0
10
50
60
40
40
C0
40
ENDCHAR
STARTCHAR uniFF68
ENCODING 65384
SWIDTH 500 0
DWIDTH 5 0
BBX 4 9 0 -1
BITMAP
20
30
20
60
E0
A0
20
20
20
ENDCHAR
STARTCHAR uniFF69
ENCODING 65385
SWIDTH 500 0
DWIDTH 5 0
BBX 4 9 0 -1
BITMAP
60
20
F0
90
90
10
20
60
40
ENDCHAR
STARTCHAR uniFF6A
ENCODING 65386
SWIDTH 500 0
DWIDTH 5 0
BBX 4 6 0 0
BITMAP
F0
40
40
40
D0
F0
ENDCHAR
STARTCHAR uniFF6B
ENCODING 65387
SWIDTH 500 0
DWIDTH 5 0
BBX 4 8 0 0
BITMAP
20
20
F0
20
60
60
A0
60
ENDCHAR
STARTCHAR uniFF6C
ENCODING 65388
SWIDTH 500 0
DWIDTH 5 0
BBX 4 8 0 -1
BITMAP
D0
70
D0
70
50
40
40
60
ENDCHAR
STARTCHAR uniFF6D
ENCODING 65389
SWIDTH 500 0
DWIDTH 5 0
BBX 4 6 0 0
BITMAP
F0
20
20
20
B0
F0
ENDCHAR
STARTCHAR uniFF6E
ENCODING 65390
SWIDTH 500 0
DWIDTH 5 0
BBX 4 8 0 -1
BITMAP
80
F0
10
F0
10
10
F0
10
ENDCHAR
STARTCHAR uniFF6F
ENCODING 65391
SWIDTH 500 0
DWIDTH 5 0
BBX 4 8 0 -1
BITMAP
50
D0
D0
90
20
20
C0
40
ENDCHAR
STARTCHAR uniFF70
ENCODING 65392
SWIDTH 500 0
DWIDTH 5 0
BBX 4 2 0 3
BITMAP
F0
F0
ENDCHAR
STARTCHAR uniFF71
ENCODING 65393
SWIDTH 500 0
DWIDTH 6 0
BBX 5 10 0 -1
BITMAP
F0
F8
10
50
70
40
40
40
C0
80
ENDCHAR
STARTCHAR uniFF72
ENCODING 65394
SWIDTH 500 0
DWIDTH 6 0
BBX 5 11 0 -1
BITMAP
08
08
18
10
30
F0
90
10
10
10
10
ENDCHAR
STARTCHAR uniFF73
ENCODING 65395
SWIDTH 500 0
DWIDTH 6 0
BBX 5 11 0 -1
BITMAP
60
60
F0
F8
90
90
10
30
20
60
40
ENDCHAR
STARTCHAR uniFF74
ENCODING 65396
SWIDTH 500 0
DWIDTH 7 0
BBX 6 8 0 0
BITMAP
78
30
30
30
30
30
FC
FC
ENDCHAR
STARTCHAR uniFF75
ENCODING 65397
SWIDTH 500 0
DWIDTH 7 0
BBX 6 10 0 -1
BITMAP
10
10
7C
10
30
30
50
D0
30
10
ENDCHAR
STARTCHAR uniFF76
ENCODING 65398
SWIDTH 500 0
DWIDTH 6 0
BBX 5 10 0 -1
BITMAP
20
20
F8
28
28
28
68
48
D8
40
ENDCHAR
STARTCHAR uniFF77
ENCODING 65399
SWIDTH 500 0
DWIDTH 6 0
BBX 5 10 0 -1
BITMAP
40
70
E0
E0
70
F8
A0
20
20
20
ENDCHAR
STARTCHAR uniFF78
ENCODING 65400
SWIDTH 500 0
DWIDTH 6 0
BBX 5 11 0 -1
BITMAP
20
30
38
68
48
C8
18
10
30
60
40
ENDCHAR
STARTCHAR uniFF79
ENCODING 65401
SWIDTH 500 0
DWIDTH 7 0
BBX 6 11 0 -1
BITMAP
40
20
60
7C
50
D0
50
10
30
60
20
ENDCHAR
STARTCHAR uniFF7A
ENCODING 65402
SWIDTH 500 0
DWIDTH 5 0
BBX 4 8 0 0
BITMAP
F0
10
10
10
10
10
F0
F0
ENDCHAR
STARTCHAR uniFF7B
ENCODING 65403
SWIDTH 500 0
DWIDTH 7 0
BBX 6 10 0 -1
BITMAP
78
48
FC
48
58
58
10
10
30
20
ENDCHAR
STARTCHAR uniFF7C
ENCODING 65404
SWIDTH 500 0
DWIDTH 7 0
BBX 6 11 0 -1
BITMAP
40
60
20
48
EC
48
08
18
30
60
40
ENDCHAR
STARTCHAR uniFF7D
ENCODING 65405
SWIDTH 500 0
DWIDTH 7 0
BBX 6 9 0 0
BITMAP
78
78
08
18
10
30
38
68
CC
ENDCHAR
STARTCHAR uniFF7E
ENCODING 65406
SWIDTH 500 0
DWIDTH 7 0
BBX 6 9 0 0
BITMAP
60
28
3C
E8
A8
30
20
24
38
ENDCHAR
STARTCHAR uniFF7F
ENCODING 65407
SWIDTH 500 0
DWIDTH 7 0
BBX 6 10 0 -1
BITMAP
4C
C8
48
68
48
18
10
30
60
20
ENDCHAR
STARTCHAR uniFF80
ENCODING 65408
SWIDTH 500 0
DWIDTH 6 0
BBX 5 11 0 -1
BITMAP
30
20
38
68
68
F8
10
18
38
60
40
ENDCHAR
STARTCHAR uniFF81
ENCODING 65409
SWIDTH 500 0
DWIDTH 7 0
BBX 6 10 0 -1
BITMAP
78
70
10
FC
FC
30
30
20
60
20
ENDCHAR
STARTCHAR uniFF82
ENCODING 65410
SWIDTH 500 0
DWIDTH 7 0
BBX 6 10 0 -1
BITMAP
28
AC
78
68
88
18
10
30
60
20
ENDCHAR
STARTCHAR uniFF83
ENCODING 65411
SWIDTH 500 0
DWIDTH 6 0
BBX 5 10 0 -1
BITMAP
F0
F0
00
F8
60
60
60
40
C0
80
ENDCHAR
STARTCHAR uniFF84
ENCODING 65412
SWIDTH 500 0
DWIDTH 4 0
BBX 3 10 0 -1
BITMAP
80
80
80
C0
E0
A0
80
80
80
80
ENDCHAR
STARTCHAR uniFF85
ENCODING 65413
SWIDTH 500 0
DWIDTH 7 0
BBX 6 10 0 -1
BITMAP
30
30
FC
FC
30
30
30
20
60
40
ENDCHAR
STARTCHAR uniFF86
ENCODING 65414
SWIDTH 500 0
DWIDTH 5 0
BBX 4 8 0 0
BITMAP
F0
F0
00
00
00
00
F0
90
ENDCHAR
STARTCHAR uniFF87
ENCODING 65415
SWIDTH 500 0
DWIDTH 6 0
BBX 5 10 0 -1
BITMAP
78
78
08
58
30
30
38
68
C8
40
ENDCHAR
STARTCHAR uniFF88
ENCODING 65416
SWIDTH 500 0
DWIDTH 7 0
BBX 6 11 0 -1
BITMAP
10
10
78
88
18
10
38
FC
54
10
10
ENDCHAR
STARTCHAR uniFF89
ENCODING 65417
SWIDTH 500 0
DWIDTH 6 0
BBX 5 9 0 0
BITMAP
08
08
18
18
10
30
30
60
C0
ENDCHAR
STARTCHAR uniFF8A
ENCODING 65418
SWIDTH 500 0
DWIDTH 7 0
BBX 6 8 0 0
BITMAP
78
68
48
48
48
4C
CC
C4
ENDCHAR
STARTCHAR uniFF8B
ENCODING 65419
SWIDTH 500 0
DWIDTH 5 0
BBX 4 9 0 0
BITMAP
80
90
B0
E0
C0
80
80
90
F0
ENDCHAR
STARTCHAR uniFF8C
ENCODING 65420
SWIDTH 500 0
DWIDTH 6 0
BBX 5 9 0 -1
BITMAP
F8
10
10
10
30
20
60
C0
40
ENDCHAR
STARTCHAR uniFF8D
ENCODING 65421
SWIDTH 500 0
DWIDTH 7 0
BBX 6 8 0 0
BITMAP
20
70
50
58
C8
88
0C
08
ENDCHAR
STARTCHAR uniFF8E
ENCODING 65422
SWIDTH 500 0
DWIDTH 7 0
BBX 6 10 0 -1
BITMAP
30
10
78
10
58
58
54
94
30
20
ENDCHAR
STARTCHAR uniFF8F
ENCODING 65423
SWIDTH 500 0
DWIDTH 7 0
BBX 6 9 0 -1
BITMAP
FC
0C
08
58
70
30
10
18
10
ENDCHAR
STARTCHAR uniFF90
ENCODING 65424
SWIDTH 500 0
DWIDTH 5 0
BBX 4 10 0 -1
BITMAP
60
B0
10
C0
70
10
80
E0
30
10
ENDCHAR
STARTCHAR uniFF91
ENCODING 65425
SWIDTH 500 0
DWIDTH 7 0
BBX 6 10 0 -1
BITMAP
20
20
20
20
78
48
48
FC
EC
08
ENDCHAR
STARTCHAR uniFF92
ENCODING 65426
SWIDTH 500 0
DWIDTH 6 0
BBX 5 10 0 -1
BITMAP
08
08
58
30
30
38
28
68
C0
40
ENDCHAR
STARTCHAR uniFF93
ENCODING 65427
SWIDTH 500 0
DWIDTH 7 0
BBX 6 9 0 0
BITMAP
78
78
20
20
FC
20
20
20
38
ENDCHAR
STARTCHAR uniFF94
ENCODING 65428
SWIDTH 500 0
DWIDTH 7 0
BBX 6 10 0 -1
BITMAP
40
6C
7C
E8
28
38
20
20
30
20
ENDCHAR
STARTCHAR uniFF95
ENCODING 65429
SWIDTH 500 0
DWIDTH 7 0
BBX 6 8 0 0
BITMAP
78
18
18
18
18
18
FC
FC
ENDCHAR
STARTCHAR uniFF96
ENCODING 65430
SWIDTH 500 0
DWIDTH 5 0
BBX 4 8 0 0
BITMAP
F0
10
10
F0
10
10
F0
F0
ENDCHAR
STARTCHAR uniFF97
ENCODING 65431
SWIDTH 500 0
DWIDTH 5 0
BBX 4 10 0 -1
BITMAP
F0
00
00
F0
10
10
30
60
E0
40
ENDCHAR
STARTCHAR uniFF98
ENCODING 65432
SWIDTH 500 0
DWIDTH 5 0
BBX 4 10 0 -1
BITMAP
90
90
90
90
90
90
30
20
60
40
ENDCHAR
STARTCHAR uniFF99
ENCODING 65433
SWIDTH 500 0
DWIDTH 7 0
BBX 6 10 0 -1
BITMAP
50
50
50
50
50
54
5C
58
D0
50
ENDCHAR
STARTCHAR uniFF9A
ENCODING 65434
SWIDTH 500 0
DWIDTH 6 0
BBX 5 10 0 -1
BITMAP
80
80
80
90
98
90
B0
E0
C0
80
ENDCHAR
STARTCHAR uniFF9B
ENCODING 65435
SWIDTH 500 0
DWIDTH 5 0
BBX 4 8 0 0
BITMAP
F0
90
90
90
90
90
F0
90
ENDCHAR
STARTCHAR uniFF9C
ENCODING 65436
SWIDTH 500 0
DWIDTH 6 0
BBX 5 10 0 -1
BITMAP
F0
F8
90
90
90
10
30
20
60
40
ENDCHAR
STARTCHAR uniFF9D
ENCODING 65437
SWIDTH 500 0
DWIDTH 6 0
BBX 5 9 0 0
BITMAP
80
80
50
58
10
30
20
E0
C0
ENDCHAR
STARTCHAR uniFF9E
ENCODING 65438
SWIDTH 500 0
DWIDTH 4 0
BBX 3 3 0 7
BITMAP
A0
60
40
ENDCHAR
STARTCHAR uniFF9F
ENCODING 65439
SWIDTH 500 0
DWIDTH 4 0
BBX 3 3 0 7
BITMAP
C0
A0
40
ENDCHAR
STARTCHAR uniFFA1
ENCODING 65441
SWIDTH 917 0
DWIDTH 8 0
BBX 7 6 0 2
BITMAP
FE
FE
06
06
06
06
ENDCHAR
STARTCHAR uniFFA2
ENCODING 65442
SWIDTH 917 0
DWIDTH 10 0
BBX 9 6 0 2
BITMAP
F780
F780
1180
1180
1180
1180
ENDCHAR
STARTCHAR uniFFA3
ENCODING 65443
SWIDTH 917 0
DWIDTH 10 0
BBX 9 7 0 1
BITMAP
F200
F200
1200
1200
1700
1D80
0880
ENDCHAR
STARTCHAR uniFFA4
ENCODING 65444
SWIDTH 917 0
DWIDTH 8 0
BBX 7 6 0 2
BITMAP
C0
C0
C0
C0
C0
FE
ENDCHAR
STARTCHAR uniFFA5
ENCODING 65445
SWIDTH 917 0
DWIDTH 10 0
BBX 9 7 0 1
BITMAP
CF80
CF80
C600
C600
C700
FD80
E900
ENDCHAR
STARTCHAR uniFFA6
ENCODING 65446
SWIDTH 917 0
DWIDTH 10 0
BBX 9 7 0 1
BITMAP
0200
CF80
CF80
C700
CD00
FD00
0600
ENDCHAR
STARTCHAR uniFFA7
ENCODING 65447
SWIDTH 917 0
DWIDTH 8 0
BBX 7 6 0 2
BITMAP
FE
FE
C0
C0
C0
FE
ENDCHAR
STARTCHAR uniFFA8
ENCODING 65448
SWIDTH 917 0
DWIDTH 9 0
BBX 8 6 0 2
BITMAP
EE
EE
88
88
88
EF
ENDCHAR
STARTCHAR uniFFA9
ENCODING 65449
SWIDTH 917 0
DWIDTH 8 0
BBX 7 6 0 2
BITMAP
FE
FE
06
FE
80
FE
ENDCHAR
STARTCHAR uniFFAA
ENCODING 65450
SWIDTH 917 0
DWIDTH 10 0
BBX 9 6 0 2
BITMAP
F780
F780
1180
F180
C180
F980
ENDCHAR
STARTCHAR uniFFAB
ENCODING 65451
SWIDTH 917 0
DWIDTH 10 0
BBX 9 6 0 2
BITMAP
F780
F780
1580
F580
C580
FF80
ENDCHAR
STARTCHAR uniFFAC
ENCODING 65452
SWIDTH 917 0
DWIDTH 10 0
BBX 9 6 0 2
BITMAP
F580
F580
1780
F580
C580
FF80
ENDCHAR
STARTCHAR uniFFAD
ENCODING 65453
SWIDTH 917 0
DWIDTH 10 0
BBX 9 6 0 2
BITMAP
F200
F200
1200
F300
C700
FD80
ENDCHAR
STARTCHAR uniFFAE
ENCODING 65454
SWIDTH 917 0
DWIDTH 10 0
BBX 9 6 0 2
BITMAP
F780
F780
1400
F700
C400
FF80
ENDCHAR
STARTCHAR uniFFAF
ENCODING 65455
SWIDTH 917 0
DWIDTH 10 0
BBX 9 6 0 2
BITMAP
F780
F780
1500
F500
C500
F780
ENDCHAR
STARTCHAR uniFFB0
ENCODING 65456
SWIDTH 917 0
DWIDTH 10 0
BBX 9 7 0 1
BITMAP
F300
FF80
3000
F780
C580
F780
0200
ENDCHAR
STARTCHAR uniFFB1
ENCODING 65457
SWIDTH 917 0
DWIDTH 8 0
BBX 7 6 0 2
BITMAP
FE
FE
C6
C6
C6
FE
ENDCHAR
STARTCHAR uniFFB2
ENCODING 65458
SWIDTH 917 0
DWIDTH 8 0
BBX 7 6 0 2
BITMAP
C6
C6
FE
C6
C6
FE
ENDCHAR
STARTCHAR uniFFB3
ENCODING 65459
SWIDTH 917 0
DWIDTH 9 0
BBX 8 6 0 2
BITMAP
AB
AB
EF
AB
AB
EF
ENDCHAR
STARTCHAR uniFFB4
ENCODING 65460
SWIDTH 917 0
DWIDTH 9 0
BBX 8 7 0 1
BITMAP
A6
A6
E6
A6
AE
FB
11
ENDCHAR
STARTCHAR uniFFB5
ENCODING 65461
SWIDTH 917 0
DWIDTH 10 0
BBX 9 7 0 1
BITMAP
0800
0800
0800
1C00
1600
F780
4100
ENDCHAR
STARTCHAR uniFFB6
ENCODING 65462
SWIDTH 917 0
DWIDTH 11 0
BBX 10 5 0 2
BITMAP
2300
3300
7700
5D80
CCC0
ENDCHAR
STARTCHAR uniFFB7
ENCODING 65463
SWIDTH 917 0
DWIDTH 8 0
BBX 7 7 0 1
BITMAP
38
7C
C6
C2
C6
7C
10
ENDCHAR
STARTCHAR uniFFB8
ENCODING 65464
SWIDTH 917 0
DWIDTH 8 0
BBX 7 7 0 1
BITMAP
FE
FE
10
38
2C
E6
82
ENDCHAR
STARTCHAR uniFFB9
ENCODING 65465
SWIDTH 917 0
DWIDTH 11 0
BBX 10 7 0 1
BITMAP
F780
F780
2300
7300
7780
DDC0
8880
ENDCHAR
STARTCHAR uniFFBA
ENCODING 65466
SWIDTH 917 0
DWIDTH 8 0
BBX 7 7 0 1
BITMAP
10
FE
FE
38
38
EE
82
ENDCHAR
STARTCHAR uniFFBB
ENCODING 65467
SWIDTH 917 0
DWIDTH 8 0
BBX 7 7 0 1
BITMAP
FE
FE
02
FE
C2
02
02
ENDCHAR
STARTCHAR uniFFBC
ENCODING 65468
SWIDTH 917 0
DWIDTH 8 0
BBX 7 6 0 2
BITMAP
FE
FE
C0
FE
C0
FE
ENDCHAR
STARTCHAR uniFFBD
ENCODING 65469
SWIDTH 917 0
DWIDTH 8 0
BBX 7 7 0 1
BITMAP
FE
FE
6C
6C
6C
FE
FE
ENDCHAR
STARTCHAR uniFFBE
ENCODING 65470
SWIDTH 917 0
DWIDTH 8 0
BBX 7 8 0 1
BITMAP
10
10
FE
00
7C
44
6C
3C
ENDCHAR
STARTCHAR uniFFC2
ENCODING 65474
SWIDTH 917 0
DWIDTH 5 0
BBX 4 11 0 -1
BITMAP
C0
C0
C0
C0
F0
F0
C0
C0
C0
C0
C0
ENDCHAR
STARTCHAR uniFFC3
ENCODING 65475
SWIDTH 917 0
DWIDTH 6 0
BBX 5 11 0 -1
BITMAP
D8
D8
D8
D8
F8
D8
D8
D8
D8
D8
D8
ENDCHAR
STARTCHAR uniFFC4
ENCODING 65476
SWIDTH 917 0
DWIDTH 5 0
BBX 4 11 0 -1
BITMAP
C0
C0
C0
F0
C0
C0
F0
C0
C0
C0
C0
ENDCHAR
STARTCHAR uniFFC5
ENCODING 65477
SWIDTH 917 0
DWIDTH 6 0
BBX 5 11 0 -1
BITMAP
D8
D8
D8
F8
D8
D8
F8
D8
D8
D8
D8
ENDCHAR
STARTCHAR uniFFC6
ENCODING 65478
SWIDTH 917 0
DWIDTH 5 0
BBX 4 11 0 -1
BITMAP
10
10
10
10
F0
10
10
10
10
10
10
ENDCHAR
STARTCHAR uniFFC7
ENCODING 65479
SWIDTH 917 0
DWIDTH 6 0
BBX 5 11 0 -1
BITMAP
68
68
68
68
E8
68
68
68
68
68
68
ENDCHAR
STARTCHAR uniFFCA
ENCODING 65482
SWIDTH 917 0
DWIDTH 5 0
BBX 4 11 0 -1
BITMAP
10
10
10
F0
10
10
F0
10
10
10
10
ENDCHAR
STARTCHAR uniFFCB
ENCODING 65483
SWIDTH 917 0
DWIDTH 6 0
BBX 5 11 0 -1
BITMAP
68
68
68
E8
68
68
E8
68
68
68
68
ENDCHAR
STARTCHAR uniFFCC
ENCODING 65484
SWIDTH 917 0
DWIDTH 12 0
BBX 11 6 0 2
BITMAP
0400
0400
0400
0400
0400
FFE0
ENDCHAR
STARTCHAR uniFFCD
ENCODING 65485
SWIDTH 917 0
DWIDTH 12 0
BBX 11 11 0 -1
BITMAP
0080
0080
0080
1880
18E0
18E0
1880
FE80
4080
0080
0080
ENDCHAR
STARTCHAR uniFFCE
ENCODING 65486
SWIDTH 917 0
DWIDTH 10 0
BBX 9 11 0 -1
BITMAP
0280
0280
0280
2280
2380
2380
2280
FA80
0280
0280
0280
ENDCHAR
STARTCHAR uniFFCF
ENCODING 65487
SWIDTH 917 0
DWIDTH 10 0
BBX 9 11 0 -1
BITMAP
0180
0180
0180
0180
1180
1180
1180
FF80
0180
0180
0180
ENDCHAR
STARTCHAR uniFFD2
ENCODING 65490
SWIDTH 917 0
DWIDTH 11 0
BBX 10 6 0 2
BITMAP
2200
2200
2200
2200
2200
FFC0
ENDCHAR
STARTCHAR uniFFD3
ENCODING 65491
SWIDTH 917 0
DWIDTH 11 0
BBX 10 5 0 1
BITMAP
FFC0
0800
0800
0800
0800
ENDCHAR
STARTCHAR uniFFD4
ENCODING 65492
SWIDTH 917 0
DWIDTH 10 0
BBX 9 11 0 -1
BITMAP
0080
0080
0080
0080
0280
FE80
3080
3780
3080
3080
0080
ENDCHAR
STARTCHAR uniFFD5
ENCODING 65493
SWIDTH 917 0
DWIDTH 10 0
BBX 9 11 0 -1
BITMAP
0280
0280
0280
0280
0280
FA80
2280
2E80
2280
2280
0280
ENDCHAR
STARTCHAR uniFFD6
ENCODING 65494
SWIDTH 917 0
DWIDTH 10 0
BBX 9 11 0 -1
BITMAP
0080
0080
0080
0080
0080
FE80
1080
1080
1080
1080
0080
ENDCHAR
STARTCHAR uniFFD7
ENCODING 65495
SWIDTH 917 0
DWIDTH 12 0
BBX 11 5 0 1
BITMAP
FFE0
1100
1100
1100
1100
ENDCHAR
STARTCHAR uniFFDA
ENCODING 65498
SWIDTH 917 0
DWIDTH 12 0
BBX 11 1 0 4
BITMAP
FFE0
ENDCHAR
STARTCHAR uniFFDB
ENCODING 65499
SWIDTH 917 0
DWIDTH 10 0
BBX 9 11 0 -1
BITMAP
0180
0180
0180
0180
0180
0180
FF80
FD80
0180
0180
0180
ENDCHAR
STARTCHAR uniFFDC
ENCODING 65500
SWIDTH 917 0
DWIDTH 2 0
BBX 1 11 0 -1
BITMAP
80
80
80
80
80
80
80
80
80
80
80
ENDCHAR
STARTCHAR uniFFE0
ENCODING 65504
SWIDTH 1000 0
DWIDTH 7 0
BBX 6 10 0 -1
BITMAP
10
38
FC
D0
90
90
D4
7C
10
10
ENDCHAR
STARTCHAR uniFFE1
ENCODING 65505
SWIDTH 1000 0
DWIDTH 8 0
BBX 7 9 0 0
BITMAP
1E
36
60
60
7C
30
30
60
FE
ENDCHAR
STARTCHAR uniFFE2
ENCODING 65506
SWIDTH 1000 0
DWIDTH 9 0
BBX 8 4 0 2
BITMAP
FF
01
01
01
ENDCHAR
STARTCHAR uniFFE3
ENCODING 65507
SWIDTH 1000 0
DWIDTH 13 0
BBX 12 1 0 10
BITMAP
FFF0
ENDCHAR
STARTCHAR uniFFE4
ENCODING 65508
SWIDTH 1000 0
DWIDTH 2 0
BBX 1 11 0 -1
BITMAP
80
80
80
80
80
00
80
80
80
80
80
ENDCHAR
STARTCHAR uniFFE5
ENCODING 65509
SWIDTH 1000 0
DWIDTH 9 0
BBX 8 9 0 0
BITMAP
C3
66
66
3C
18
7E
7E
18
18
ENDCHAR
STARTCHAR uniFFE6
ENCODING 65510
SWIDTH 1000 0
DWIDTH 11 0
BBX 10 9 0 0
BITMAP
C0C0
4C80
4C80
4C80
FFC0
7380
3300
3300
3300
ENDCHAR
STARTCHAR uniFFE8
ENCODING 65512
SWIDTH 500 0
DWIDTH 3 0
BBX 2 13 0 -3
BITMAP
C0
C0
C0
C0
C0
C0
C0
C0
C0
C0
C0
C0
C0
ENDCHAR
STARTCHAR uniFFE9
ENCODING 65513
SWIDTH 500 0
DWIDTH 7 0
BBX 6 5 0 2
BITMAP
20
60
FC
60
20
ENDCHAR
STARTCHAR uniFFEA
ENCODING 65514
SWIDTH 500 0
DWIDTH 5 0
BBX 4 11 0 -1
BITMAP
40
60
F0
F0
60
60
60
60
60
60
60
ENDCHAR
STARTCHAR uniFFEB
ENCODING 65515
SWIDTH 500 0
DWIDTH 7 0
BBX 6 5 0 2
BITMAP
10
18
FC
18
10
ENDCHAR
STARTCHAR uniFFEC
ENCODING 65516
SWIDTH 500 0
DWIDTH 5 0
BBX 4 11 0 -1
BITMAP
60
60
60
60
60
60
60
F0
F0
60
40
ENDCHAR
STARTCHAR uniFFED
ENCODING 65517
SWIDTH 500 0
DWIDTH 5 0
BBX 4 5 0 2
BITMAP
F0
F0
F0
F0
F0
ENDCHAR
STARTCHAR uniFFEE
ENCODING 65518
SWIDTH 500 0
DWIDTH 5 0
BBX 4 5 0 2
BITMAP
60
90
90
90
60
ENDCHAR
STARTCHAR uni1F100
ENCODING 127232
SWIDTH 1000 0
DWIDTH 11 0
BBX 10 9 0 0
BITMAP
3000
7800
CC00
CC00
CC00
CC00
CC00
CCC0
78C0
ENDCHAR
STARTCHAR uni1F101
ENCODING 127233
SWIDTH 1000 0
DWIDTH 11 0
BBX 10 12 0 -3
BITMAP
3000
7800
CC00
CC00
CC00
CC00
CC00
CCC0
78C0
0040
00C0
0080
ENDCHAR
STARTCHAR uni1F102
ENCODING 127234
SWIDTH 1000 0
DWIDTH 10 0
BBX 9 12 0 -3
BITMAP
6000
E000
6000
6000
6000
6000
6000
6300
FB80
0100
0300
0200
ENDCHAR
STARTCHAR uni1F103
ENCODING 127235
SWIDTH 1000 0
DWIDTH 11 0
BBX 10 12 0 -3
BITMAP
7800
F800
0C00
0C00
1800
1800
3000
61C0
FCC0
0040
0180
0100
ENDCHAR
STARTCHAR uni1F104
ENCODING 127236
SWIDTH 1000 0
DWIDTH 11 0
BBX 10 12 0 -3
BITMAP
3800
FC00
0C00
0C00
3800
0C00
0400
CDC0
78C0
0040
0180
0100
ENDCHAR
STARTCHAR uni1F105
ENCODING 127237
SWIDTH 1000 0
DWIDTH 11 0
BBX 10 12 0 -3
BITMAP
1C00
1C00
3C00
6C00
4C00
FE00
FE00
0CC0
0CC0
0040
0080
0100
ENDCHAR
STARTCHAR uni1F106
ENCODING 127238
SWIDTH 1000 0
DWIDTH 11 0
BBX 10 12 0 -3
BITMAP
7C00
7C00
6000
7000
7C00
0C00
0400
CDC0
78C0
0040
0180
0100
ENDCHAR
STARTCHAR uni1F107
ENCODING 127239
SWIDTH 1000 0
DWIDTH 11 0
BBX 10 12 0 -3
BITMAP
3800
7C00
4000
C000
FC00
CC00
C400
6DC0
38C0
0040
0180
0100
ENDCHAR
STARTCHAR uni1F108
ENCODING 127240
SWIDTH 1000 0
DWIDTH 9 0
BBX 8 12 0 -3
BITMAP
FC
F8
18
10
30
30
20
23
63
01
03
02
ENDCHAR
STARTCHAR uni1F109
ENCODING 127241
SWIDTH 1000 0
DWIDTH 11 0
BBX 10 12 0 -3
BITMAP
3800
6C00
4C00
6C00
3800
4C00
C400
CCC0
78C0
0040
0080
0100
ENDCHAR
STARTCHAR uni1F10A
ENCODING 127242
SWIDTH 1000 0
DWIDTH 11 0
BBX 10 12 0 -3
BITMAP
3800
7C00
CC00
C400
7C00
3400
0C00
4CC0
F8C0
0040
0080
0100
ENDCHAR
STARTCHAR uni1F10B
ENCODING 127243
SWIDTH 1000 0
DWIDTH 13 0
BBX 12 11 0 -1
BITMAP
1F80
2040
4620
8910
9990
9990
8910
8F10
4620
2040
1F80
ENDCHAR
STARTCHAR uni1F10C
ENCODING 127244
SWIDTH 1000 0
DWIDTH 13 0
BBX 12 11 0 -1
BITMAP
1F80
3FC0
79E0
76E0
E670
E670
F6F0
70E0
79E0
3FC0
1F80
ENDCHAR
STARTCHAR uni1F110
ENCODING 127248
SWIDTH 1000 0
DWIDTH 13 0
BBX 12 11 0 -1
BITMAP
6060
4620
4620
8F10
8F10
8910
8F10
9F90
59A0
59A0
6060
ENDCHAR
STARTCHAR uni1F111
ENCODING 127249
SWIDTH 1000 0
DWIDTH 13 0
BBX 12 11 0 -1
BITMAP
6060
5F20
59A0
9990
9B10
9F10
9990
9990
5FA0
5F20
6060
ENDCHAR
STARTCHAR uni1F112
ENCODING 127250
SWIDTH 1000 0
DWIDTH 13 0
BBX 12 11 0 -1
BITMAP
6060
47A0
4D20
9810
9810
9810
9810
9810
4FA0
4720
6060
ENDCHAR
STARTCHAR uni1F113
ENCODING 127251
SWIDTH 1000 0
DWIDTH 13 0
BBX 12 11 0 -1
BITMAP
6060
5E20
5B20
9990
9990
9990
9990
9990
5F20
5E20
6060
ENDCHAR
STARTCHAR uni1F114
ENCODING 127252
SWIDTH 1000 0
DWIDTH 13 0
BBX 12 11 0 -1
BITMAP
6060
4F20
4820
8810
8F10
8F10
8810
8810
4FA0
4FA0
6060
ENDCHAR
STARTCHAR uni1F115
ENCODING 127253
SWIDTH 1000 0
DWIDTH 13 0
BBX 12 11 0 -1
BITMAP
6060
4FA0
4C20
8C10
8C10
8F10
8C10
8C10
4C20
4C20
6060
ENDCHAR
STARTCHAR uni1F116
ENCODING 127254
SWIDTH 1000 0
DWIDTH 13 0
BBX 12 11 0 -1
BITMAP
6060
4FA0
4D20
9810
9810
9B90
9890
9890
4FA0
4720
6060
ENDCHAR
STARTCHAR uni1F117
ENCODING 127255
SWIDTH 1000 0
DWIDTH 13 0
BBX 12 11 0 -1
BITMAP
6060
59A0
59A0
9990
9F90
9F90
9990
9990
59A0
59A0
6060
ENDCHAR
STARTCHAR uni1F118
ENCODING 127256
SWIDTH 1000 0
DWIDTH 13 0
BBX 12 11 0 -1
BITMAP
6060
4620
4620
8610
8610
8610
8610
8610
4620
4620
6060
ENDCHAR
STARTCHAR uni1F119
ENCODING 127257
SWIDTH 1000 0
DWIDTH 13 0
BBX 12 11 0 -1
BITMAP
6060
4320
4320
8310
8310
8310
8310
8B10
5F20
4E20
6060
ENDCHAR
STARTCHAR uni1F11A
ENCODING 127258
SWIDTH 1000 0
DWIDTH 13 0
BBX 12 11 0 -1
BITMAP
6060
59A0
5B20
9E10
9E10
9E10
9B10
9B10
59A0
59A0
6060
ENDCHAR
STARTCHAR uni1F11B
ENCODING 127259
SWIDTH 1000 0
DWIDTH 13 0
BBX 12 11 0 -1
BITMAP
6060
4C20
4C20
8C10
8C10
8C10
8C10
8C10
4FA0
4FA0
6060
ENDCHAR
STARTCHAR uni1F11C
ENCODING 127260
SWIDTH 1000 0
DWIDTH 13 0
BBX 12 11 0 -1
BITMAP
6060
59A0
59A0
9990
9990
9690
9690
9690
56A0
50A0
6060
ENDCHAR
STARTCHAR uni1F11D
ENCODING 127261
SWIDTH 1000 0
DWIDTH 13 0
BBX 12 11 0 -1
BITMAP
6060
59A0
59A0
9590
9D90
9F90
9B90
9B90
59A0
59A0
6060
ENDCHAR
STARTCHAR uni1F11E
ENCODING 127262
SWIDTH 1000 0
DWIDTH 13 0
BBX 12 11 0 -1
BITMAP
6060
4F20
59A0
9990
9090
9090
9090
9990
5FA0
4F20
6060
ENDCHAR
STARTCHAR uni1F11F
ENCODING 127263
SWIDTH 1000 0
DWIDTH 13 0
BBX 12 11 0 -1
BITMAP
6060
5F20
59A0
9990
9990
9F90
9E10
9810
5820
5820
6060
ENDCHAR
STARTCHAR uni1F120
ENCODING 127264
SWIDTH 1000 0
DWIDTH 13 0
BBX 12 12 0 -2
BITMAP
6060
4F20
59A0
9990
9090
9090
9090
9990
5FA0
4F20
6660
0380
ENDCHAR
STARTCHAR uni1F121
ENCODING 127265
SWIDTH 1000 0
DWIDTH 13 0
BBX 12 11 0 -1
BITMAP
6060
5F20
59A0
9990
9990
9F10
9B10
9B10
5920
59A0
6060
ENDCHAR
STARTCHAR uni1F122
ENCODING 127266
SWIDTH 1000 0
DWIDTH 13 0
BBX 12 11 0 -1
BITMAP
6060
4FA0
4D20
8810
8E10
8710
8190
8990
5FA0
4F20
6060
ENDCHAR
STARTCHAR uni1F123
ENCODING 127267
SWIDTH 1000 0
DWIDTH 13 0
BBX 12 11 0 -1
BITMAP
6060
5FA0
4620
8610
8610
8610
8610
8610
4620
4620
6060
ENDCHAR
STARTCHAR uni1F124
ENCODING 127268
SWIDTH 1000 0
DWIDTH 13 0
BBX 12 11 0 -1
BITMAP
6060
59A0
59A0
9990
9990
9990
9990
9990
5FA0
4F20
6060
ENDCHAR
STARTCHAR uni1F125
ENCODING 127269
SWIDTH 1000 0
DWIDTH 13 0
BBX 12 11 0 -1
BITMAP
6060
59A0
59A0
8990
8910
8D10
8F10
8F10
4620
4620
6060
ENDCHAR
STARTCHAR uni1F126
ENCODING 127270
SWIDTH 1000 0
DWIDTH 13 0
BBX 12 11 0 -1
BITMAP
6060
56A0
56A0
9690
9690
9690
9690
9590
59A0
59A0
6060
ENDCHAR
STARTCHAR uni1F127
ENCODING 127271
SWIDTH 1000 0
DWIDTH 13 0
BBX 12 11 0 -1
BITMAP
6060
59A0
4920
8F10
8610
8610
8F10
8B10
59A0
59A0
6060
ENDCHAR
STARTCHAR uni1F128
ENCODING 127272
SWIDTH 1000 0
DWIDTH 13 0
BBX 12 11 0 -1
BITMAP
6060
59A0
4920
8D10
8F10
8610
8610
8610
4620
4620
6060
ENDCHAR
STARTCHAR uni1F129
ENCODING 127273
SWIDTH 1000 0
DWIDTH 13 0
BBX 12 11 0 -1
BITMAP
6060
4FA0
4120
8310
8210
8610
8C10
8C10
5FA0
5FA0
6060
ENDCHAR
STARTCHAR uni1F12A
ENCODING 127274
SWIDTH 1000 0
DWIDTH 13 0
BBX 12 11 0 -1
BITMAP
30C0
CFB0
CD30
C830
CE30
C730
C1B0
C9B0
DFB0
CF30
30C0
ENDCHAR
STARTCHAR uni1F12B
ENCODING 127275
SWIDTH 1000 0
DWIDTH 13 0
BBX 12 11 0 -1
BITMAP
1F80
2040
4720
8D10
8810
9810
9810
8F10
4620
2040
1F80
ENDCHAR
STARTCHAR uni1F12C
ENCODING 127276
SWIDTH 1000 0
DWIDTH 13 0
BBX 12 11 0 -1
BITMAP
1F80
2040
4720
8D90
8D90
8F10
8A10
8B10
5920
2040
1F80
ENDCHAR
STARTCHAR uni1F12D
ENCODING 127277
SWIDTH 1000 0
DWIDTH 13 0
BBX 12 11 0 -1
BITMAP
1F80
2040
5FA0
BBD0
A350
A350
A350
BFD0
5B20
2040
1F80
ENDCHAR
STARTCHAR uni1F12E
ENCODING 127278
SWIDTH 1000 0
DWIDTH 13 0
BBX 12 11 0 -1
BITMAP
1F80
2040
6A20
AA10
ABD0
AA90
B490
9510
55E0
2040
1F80
ENDCHAR
STARTCHAR uni1F12F
ENCODING 127279
SWIDTH 833 0
DWIDTH 10 0
BBX 9 9 0 0
BITMAP
3C00
4200
BD00
A500
8680
8480
BD00
4300
3C00
ENDCHAR
STARTCHAR uni1F130
ENCODING 127280
SWIDTH 1000 0
DWIDTH 11 0
BBX 10 11 0 -1
BITMAP
FFC0
8040
8C40
8C40
9E40
9240
9E40
B340
B340
8040
FFC0
ENDCHAR
STARTCHAR uni1F131
ENCODING 127281
SWIDTH 1000 0
DWIDTH 11 0
BBX 10 11 0 -1
BITMAP
FFC0
8040
9E40
9240
9240
9E40
9340
9F40
9C40
8040
FFC0
ENDCHAR
STARTCHAR uni1F132
ENCODING 127282
SWIDTH 1000 0
DWIDTH 11 0
BBX 10 11 0 -1
BITMAP
FFC0
8040
8F40
9A40
B040
B040
9040
9F40
8E40
8040
FFC0
ENDCHAR
STARTCHAR uni1F133
ENCODING 127283
SWIDTH 1000 0
DWIDTH 11 0
BBX 10 11 0 -1
BITMAP
FFC0
8040
9C40
9640
9340
9340
9340
9E40
9840
8040
FFC0
ENDCHAR
STARTCHAR uni1F134
ENCODING 127284
SWIDTH 1000 0
DWIDTH 11 0
BBX 10 11 0 -1
BITMAP
FFC0
8040
9E40
9840
9840
9E40
9840
9E40
9E40
8040
FFC0
ENDCHAR
STARTCHAR uni1F135
ENCODING 127285
SWIDTH 1000 0
DWIDTH 11 0
BBX 10 11 0 -1
BITMAP
FFC0
8040
9E40
9E40
9840
9E40
9840
9840
9840
8040
FFC0
ENDCHAR
STARTCHAR uni1F136
ENCODING 127286
SWIDTH 1000 0
DWIDTH 11 0
BBX 10 11 0 -1
BITMAP
FFC0
8040
8E40
9A40
B040
B740
B340
9F40
8E40
8040
FFC0
ENDCHAR
STARTCHAR uni1F137
ENCODING 127287
SWIDTH 1000 0
DWIDTH 11 0
BBX 10 11 0 -1
BITMAP
FFC0
8040
B340
B340
B340
BF40
B340
B340
B340
8040
FFC0
ENDCHAR
STARTCHAR uni1F138
ENCODING 127288
SWIDTH 1000 0
DWIDTH 11 0
BBX 10 11 0 -1
BITMAP
FFC0
8040
8C40
8C40
8C40
8C40
8C40
8C40
8C40
8040
FFC0
ENDCHAR
STARTCHAR uni1F139
ENCODING 127289
SWIDTH 1000 0
DWIDTH 11 0
BBX 10 11 0 -1
BITMAP
FFC0
8040
8640
8640
8640
8640
8640
BE40
8C40
8040
FFC0
ENDCHAR
STARTCHAR uni1F13A
ENCODING 127290
SWIDTH 1000 0
DWIDTH 11 0
BBX 10 11 0 -1
BITMAP
FFC0
8040
9340
9640
9C40
9C40
9640
9240
9340
8040
FFC0
ENDCHAR
STARTCHAR uni1F13B
ENCODING 127291
SWIDTH 1000 0
DWIDTH 11 0
BBX 10 11 0 -1
BITMAP
FFC0
8040
9840
9840
9840
9840
9840
9E40
9E40
8040
FFC0
ENDCHAR
STARTCHAR uni1F13C
ENCODING 127292
SWIDTH 1000 0
DWIDTH 11 0
BBX 10 11 0 -1
BITMAP
FFC0
8040
B340
B340
B340
AD40
AD40
A940
A140
8040
FFC0
ENDCHAR
STARTCHAR uni1F13D
ENCODING 127293
SWIDTH 1000 0
DWIDTH 11 0
BBX 10 11 0 -1
BITMAP
FFC0
8040
B340
BB40
BB40
BF40
B740
B340
B340
8040
FFC0
ENDCHAR
STARTCHAR uni1F13E
ENCODING 127294
SWIDTH 1000 0
DWIDTH 11 0
BBX 10 11 0 -1
BITMAP
FFC0
8040
9E40
B340
B340
B340
B340
9E40
8C40
8040
FFC0
ENDCHAR
STARTCHAR uni1F13F
ENCODING 127295
SWIDTH 1000 0
DWIDTH 11 0
BBX 10 11 0 -1
BITMAP
FFC0
8040
9E40
9340
9340
9E40
9040
9040
9040
8040
FFC0
ENDCHAR
STARTCHAR uni1F140
ENCODING 127296
SWIDTH 1000 0
DWIDTH 11 0
BBX 10 11 0 -1
BITMAP
FFC0
8040
9E40
B340
A340
A340
B340
9E40
8F40
8340
FFC0
ENDCHAR
STARTCHAR uni1F141
ENCODING 127297
SWIDTH 1000 0
DWIDTH 11 0
BBX 10 11 0 -1
BITMAP
FFC0
8040
9C40
9640
9340
9E40
9640
9240
9340
8040
FFC0
ENDCHAR
STARTCHAR uni1F142
ENCODING 127298
SWIDTH 1000 0
DWIDTH 11 0
BBX 10 11 0 -1
BITMAP
FFC0
8040
8E40
9240
9840
8E40
8340
BE40
8C40
8040
FFC0
ENDCHAR
STARTCHAR uni1F143
ENCODING 127299
SWIDTH 1000 0
DWIDTH 11 0
BBX 10 11 0 -1
BITMAP
FFC0
8040
BF40
BF40
8C40
8C40
8C40
8C40
8C40
8040
FFC0
ENDCHAR
STARTCHAR uni1F144
ENCODING 127300
SWIDTH 1000 0
DWIDTH 11 0
BBX 10 11 0 -1
BITMAP
FFC0
8040
B340
B340
B340
B340
B340
9E40
8C40
8040
FFC0
ENDCHAR
STARTCHAR uni1F145
ENCODING 127301
SWIDTH 1000 0
DWIDTH 11 0
BBX 10 11 0 -1
BITMAP
FFC0
8040
B340
B340
9240
9E40
9E40
8C40
8C40
8040
FFC0
ENDCHAR
STARTCHAR uni1F146
ENCODING 127302
SWIDTH 1000 0
DWIDTH 11 0
BBX 10 11 0 -1
BITMAP
FFC0
8040
ECC0
EDC0
EDC0
AD40
BF40
B340
B340
8040
FFC0
ENDCHAR
STARTCHAR uni1F147
ENCODING 127303
SWIDTH 1000 0
DWIDTH 11 0
BBX 10 11 0 -1
BITMAP
FFC0
8040
B340
9E40
8C40
8C40
9E40
9240
B340
8040
FFC0
ENDCHAR
STARTCHAR uni1F148
ENCODING 127304
SWIDTH 1000 0
DWIDTH 11 0
BBX 10 11 0 -1
BITMAP
FFC0
8040
B340
9240
9E40
8C40
8C40
8C40
8C40
8040
FFC0
ENDCHAR
STARTCHAR uni1F149
ENCODING 127305
SWIDTH 1000 0
DWIDTH 11 0
BBX 10 11 0 -1
BITMAP
FFC0
8040
9E40
9E40
8440
8C40
9840
9E40
9E40
8040
FFC0
ENDCHAR
STARTCHAR uni1F14A
ENCODING 127306
SWIDTH 1000 0
DWIDTH 11 0
BBX 10 11 0 -1
BITMAP
FFC0
8040
DEC0
DEC0
DAC0
FAC0
DAC0
DB40
D940
8040
FFC0
ENDCHAR
STARTCHAR uni1F14B
ENCODING 127307
SWIDTH 1000 0
DWIDTH 11 0
BBX 10 11 0 -1
BITMAP
FFC0
8040
CEC0
CAC0
FAC0
FAC0
FAC0
E940
C940
8040
FFC0
ENDCHAR
STARTCHAR uni1F14C
ENCODING 127308
SWIDTH 1000 0
DWIDTH 11 0
BBX 10 11 0 -1
BITMAP
FFC0
8040
FF40
D7C0
E6C0
B6C0
9EC0
FFC0
B640
8040
FFC0
ENDCHAR
STARTCHAR uni1F14D
ENCODING 127309
SWIDTH 1000 0
DWIDTH 11 0
BBX 10 11 0 -1
BITMAP
FFC0
8040
B3C0
EEC0
E640
B3C0
98C0
FFC0
B340
8040
FFC0
ENDCHAR
STARTCHAR uni1F14E
ENCODING 127310
SWIDTH 1000 0
DWIDTH 11 0
BBX 10 11 0 -1
BITMAP
FFC0
8040
ED40
EDC0
EDC0
EDC0
C9C0
C9C0
C8C0
8040
FFC0
ENDCHAR
STARTCHAR uni1F14F
ENCODING 127311
SWIDTH 1000 0
DWIDTH 11 0
BBX 10 11 0 -1
BITMAP
FFC0
8040
D5C0
D5C0
F740
F740
F740
EDC0
E8C0
8040
FFC0
ENDCHAR
STARTCHAR uni1F150
ENCODING 127312
SWIDTH 1000 0
DWIDTH 13 0
BBX 12 11 0 -1
BITMAP
1F80
3FC0
79E0
7DE0
F4F0
F6F0
F0F0
6660
6660
3FC0
1F80
ENDCHAR
STARTCHAR uni1F151
ENCODING 127313
SWIDTH 1000 0
DWIDTH 13 0
BBX 12 11 0 -1
BITMAP
1F80
3FC0
70E0
76E0
F6F0
F1F0
F670
7060
71E0
3FC0
1F80
ENDCHAR
STARTCHAR uni1F152
ENCODING 127314
SWIDTH 1000 0
DWIDTH 13 0
BBX 12 11 0 -1
BITMAP
1F80
3FC0
78E0
72E0
E7F0
E7F0
E7F0
70E0
79E0
3FC0
1F80
ENDCHAR
STARTCHAR uni1F153
ENCODING 127315
SWIDTH 1000 0
DWIDTH 13 0
BBX 12 11 0 -1
BITMAP
1F80
3FC0
71E0
74E0
F670
F670
F670
70E0
73E0
3FC0
1F80
ENDCHAR
STARTCHAR uni1F154
ENCODING 127316
SWIDTH 1000 0
DWIDTH 13 0
BBX 12 11 0 -1
BITMAP
1F80
3FC0
70E0
73E0
F3F0
F0F0
F3F0
70E0
70E0
3FC0
1F80
ENDCHAR
STARTCHAR uni1F155
ENCODING 127317
SWIDTH 1000 0
DWIDTH 13 0
BBX 12 11 0 -1
BITMAP
1F80
3FC0
70E0
73E0
F3F0
F0F0
F3F0
73E0
73E0
3FC0
1F80
ENDCHAR
STARTCHAR uni1F156
ENCODING 127318
SWIDTH 1000 0
DWIDTH 13 0
BBX 12 11 0 -1
BITMAP
1F80
3FC0
78E0
72E0
E7F0
E470
E670
7060
78E0
3FC0
1F80
ENDCHAR
STARTCHAR uni1F157
ENCODING 127319
SWIDTH 1000 0
DWIDTH 13 0
BBX 12 11 0 -1
BITMAP
1F80
3FC0
6660
6660
E670
E070
E670
6660
6660
3FC0
1F80
ENDCHAR
STARTCHAR uni1F158
ENCODING 127320
SWIDTH 1000 0
DWIDTH 13 0
BBX 12 11 0 -1
BITMAP
1F80
3FC0
79E0
79E0
F9F0
F9F0
F9F0
79E0
79E0
3FC0
1F80
ENDCHAR
STARTCHAR uni1F159
ENCODING 127321
SWIDTH 1000 0
DWIDTH 13 0
BBX 12 11 0 -1
BITMAP
1F80
3FC0
7CE0
7CE0
FCF0
FCF0
FCF0
60E0
79E0
3FC0
1F80
ENDCHAR
STARTCHAR uni1F15A
ENCODING 127322
SWIDTH 1000 0
DWIDTH 13 0
BBX 12 11 0 -1
BITMAP
1F80
3FC0
7660
74E0
F5F0
F1F0
F4F0
76E0
7660
3FC0
1F80
ENDCHAR
STARTCHAR uni1F15B
ENCODING 127323
SWIDTH 1000 0
DWIDTH 13 0
BBX 12 11 0 -1
BITMAP
1F80
3FC0
73E0
73E0
F3F0
F3F0
F3F0
70E0
70E0
3FC0
1F80
ENDCHAR
STARTCHAR uni1F15C
ENCODING 127324
SWIDTH 1000 0
DWIDTH 13 0
BBX 12 11 0 -1
BITMAP
1F80
3FC0
6660
6660
EF70
EB70
E970
6F60
6F60
3FC0
1F80
ENDCHAR
STARTCHAR uni1F15D
ENCODING 127325
SWIDTH 1000 0
DWIDTH 13 0
BBX 12 11 0 -1
BITMAP
1F80
3FC0
6660
6260
EA70
E570
E570
6660
6660
3FC0
1F80
ENDCHAR
STARTCHAR uni1F15E
ENCODING 127326
SWIDTH 1000 0
DWIDTH 13 0
BBX 12 11 0 -1
BITMAP
1F80
3FC0
70E0
6660
E670
E670
E670
70E0
79E0
3FC0
1F80
ENDCHAR
STARTCHAR uni1F15F
ENCODING 127327
SWIDTH 1000 0
DWIDTH 13 0
BBX 12 11 0 -1
BITMAP
1F80
3FC0
70E0
7660
F670
F0F0
F7F0
77E0
77E0
3FC0
1F80
ENDCHAR
STARTCHAR uni1F160
ENCODING 127328
SWIDTH 1000 0
DWIDTH 13 0
BBX 12 11 0 -1
BITMAP
1F80
3FC0
70E0
6660
EE70
EE70
E670
70E0
79E0
3E40
1F80
ENDCHAR
STARTCHAR uni1F161
ENCODING 127329
SWIDTH 1000 0
DWIDTH 13 0
BBX 12 11 0 -1
BITMAP
1F80
3FC0
70E0
7460
F670
F0F0
F5F0
76E0
7660
3FC0
1F80
ENDCHAR
STARTCHAR uni1F162
ENCODING 127330
SWIDTH 1000 0
DWIDTH 13 0
BBX 12 11 0 -1
BITMAP
1F80
3FC0
78E0
76E0
F3F0
F8F0
FE70
70E0
79E0
3FC0
1F80
ENDCHAR
STARTCHAR uni1F163
ENCODING 127331
SWIDTH 1000 0
DWIDTH 13 0
BBX 12 11 0 -1
BITMAP
1F80
3FC0
6060
79E0
F9F0
F9F0
F9F0
79E0
79E0
3FC0
1F80
ENDCHAR
STARTCHAR uni1F164
ENCODING 127332
SWIDTH 1000 0
DWIDTH 13 0
BBX 12 11 0 -1
BITMAP
1F80
3FC0
6660
6660
E670
E670
E670
70E0
79E0
3FC0
1F80
ENDCHAR
STARTCHAR uni1F165
ENCODING 127333
SWIDTH 1000 0
DWIDTH 13 0
BBX 12 11 0 -1
BITMAP
1F80
3FC0
6660
6660
F6F0
F2F0
F2F0
79E0
79E0
3FC0
1F80
ENDCHAR
STARTCHAR uni1F166
ENCODING 127334
SWIDTH 1000 0
DWIDTH 13 0
BBX 12 11 0 -1
BITMAP
1F80
3FC0
49A0
4920
CD30
ED70
EB70
6660
6660
3FC0
1F80
ENDCHAR
STARTCHAR uni1F167
ENCODING 127335
SWIDTH 1000 0
DWIDTH 13 0
BBX 12 11 0 -1
BITMAP
1F80
3FC0
6660
72E0
F9F0
F9F0
F4F0
76E0
6660
3FC0
1F80
ENDCHAR
STARTCHAR uni1F168
ENCODING 127336
SWIDTH 1000 0
DWIDTH 13 0
BBX 12 11 0 -1
BITMAP
1F80
3FC0
6660
76E0
F4F0
F9F0
F9F0
79E0
79E0
3FC0
1F80
ENDCHAR
STARTCHAR uni1F169
ENCODING 127337
SWIDTH 1000 0
DWIDTH 13 0
BBX 12 11 0 -1
BITMAP
1F80
3FC0
70E0
7EE0
FDF0
F9F0
F3F0
74E0
70E0
3FC0
1F80
ENDCHAR
STARTCHAR uni1F16A
ENCODING 127338
SWIDTH 750 0
DWIDTH 10 0
BBX 9 4 0 5
BITMAP
DB80
DA00
AA00
8B80
ENDCHAR
STARTCHAR uni1F16B
ENCODING 127339
SWIDTH 833 0
DWIDTH 10 0
BBX 9 4 0 5
BITMAP
DB80
DA80
AA80
8B80
ENDCHAR
STARTCHAR uni1F16C
ENCODING 127340
SWIDTH 833 0
DWIDTH 10 0
BBX 9 4 0 5
BITMAP
DB80
DA80
AB80
8A80
ENDCHAR
STARTCHAR uni1F170
ENCODING 127344
SWIDTH 1000 0
DWIDTH 11 0
BBX 10 11 0 -1
BITMAP
FFC0
FFC0
F3C0
FBC0
E9C0
EDC0
E1C0
CCC0
CCC0
FFC0
7F80
ENDCHAR
STARTCHAR uni1F171
ENCODING 127345
SWIDTH 1000 0
DWIDTH 11 0
BBX 10 11 0 -1
BITMAP
FFC0
FFC0
E1C0
EDC0
EDC0
E3C0
ECC0
E0C0
E3C0
FFC0
7F80
ENDCHAR
STARTCHAR uni1F172
ENCODING 127346
SWIDTH 1000 0
DWIDTH 11 0
BBX 10 11 0 -1
BITMAP
FFC0
FFC0
F1C0
E5C0
CFC0
CFC0
EFC0
E1C0
F1C0
FFC0
7F80
ENDCHAR
STARTCHAR uni1F173
ENCODING 127347
SWIDTH 1000 0
DWIDTH 11 0
BBX 10 11 0 -1
BITMAP
FFC0
FFC0
E3C0
E9C0
ECC0
ECC0
ECC0
E1C0
E7C0
FFC0
7F80
ENDCHAR
STARTCHAR uni1F174
ENCODING 127348
SWIDTH 1000 0
DWIDTH 11 0
BBX 10 11 0 -1
BITMAP
FFC0
FFC0
E1C0
E7C0
E7C0
E1C0
E7C0
E1C0
E1C0
FFC0
7F80
ENDCHAR
STARTCHAR uni1F175
ENCODING 127349
SWIDTH 1000 0
DWIDTH 11 0
BBX 10 11 0 -1
BITMAP
FFC0
FFC0
E1C0
E7C0
E7C0
E1C0
E7C0
E7C0
E7C0
FFC0
7F80
ENDCHAR
STARTCHAR uni1F176
ENCODING 127350
SWIDTH 1000 0
DWIDTH 11 0
BBX 10 11 0 -1
BITMAP
FFC0
FFC0
F1C0
E5C0
CFC0
C8C0
CCC0
E0C0
F1C0
FFC0
7F80
ENDCHAR
STARTCHAR uni1F177
ENCODING 127351
SWIDTH 1000 0
DWIDTH 11 0
BBX 10 11 0 -1
BITMAP
FFC0
FFC0
CCC0
CCC0
CCC0
C0C0
CCC0
CCC0
CCC0
FFC0
7F80
ENDCHAR
STARTCHAR uni1F178
ENCODING 127352
SWIDTH 1000 0
DWIDTH 11 0
BBX 10 11 0 -1
BITMAP
FFC0
FFC0
F3C0
F3C0
F3C0
F3C0
F3C0
F3C0
F3C0
FFC0
7F80
ENDCHAR
STARTCHAR uni1F179
ENCODING 127353
SWIDTH 1000 0
DWIDTH 11 0
BBX 10 11 0 -1
BITMAP
FFC0
FFC0
F9C0
F9C0
F9C0
F9C0
F9C0
C1C0
F3C0
FFC0
7F80
ENDCHAR
STARTCHAR uni1F17A
ENCODING 127354
SWIDTH 1000 0
DWIDTH 11 0
BBX 10 11 0 -1
BITMAP
FFC0
FFC0
ECC0
E9C0
EBC0
E3C0
E9C0
EDC0
ECC0
FFC0
7F80
ENDCHAR
STARTCHAR uni1F17B
ENCODING 127355
SWIDTH 1000 0
DWIDTH 11 0
BBX 10 11 0 -1
BITMAP
FFC0
FFC0
E7C0
E7C0
E7C0
E7C0
E7C0
E1C0
E1C0
FFC0
7F80
ENDCHAR
STARTCHAR uni1F17C
ENCODING 127356
SWIDTH 1000 0
DWIDTH 11 0
BBX 10 11 0 -1
BITMAP
FFC0
FFC0
CCC0
CCC0
DEC0
D6C0
D2C0
DEC0
DEC0
FFC0
7F80
ENDCHAR
STARTCHAR uni1F17D
ENCODING 127357
SWIDTH 1000 0
DWIDTH 11 0
BBX 10 11 0 -1
BITMAP
FFC0
FFC0
CCC0
C4C0
D4C0
CAC0
CAC0
CCC0
CCC0
FFC0
7F80
ENDCHAR
STARTCHAR uni1F17E
ENCODING 127358
SWIDTH 1000 0
DWIDTH 11 0
BBX 10 11 0 -1
BITMAP
FFC0
FFC0
E1C0
CCC0
CCC0
CCC0
CCC0
E1C0
F3C0
FFC0
7F80
ENDCHAR
STARTCHAR uni1F17F
ENCODING 127359
SWIDTH 1000 0
DWIDTH 11 0
BBX 10 11 0 -1
BITMAP
FFC0
FFC0
E1C0
ECC0
ECC0
E1C0
EFC0
EFC0
EFC0
FFC0
7F80
ENDCHAR
STARTCHAR uni1F180
ENCODING 127360
SWIDTH 1000 0
DWIDTH 11 0
BBX 10 11 0 -1
BITMAP
FFC0
FFC0
E1C0
CCC0
DCC0
DCC0
CCC0
E1C0
F3C0
FCC0
7F80
ENDCHAR
STARTCHAR uni1F181
ENCODING 127361
SWIDTH 1000 0
DWIDTH 11 0
BBX 10 11 0 -1
BITMAP
FFC0
FFC0
E3C0
E9C0
ECC0
E1C0
EBC0
EDC0
ECC0
FFC0
7F80
ENDCHAR
STARTCHAR uni1F182
ENCODING 127362
SWIDTH 1000 0
DWIDTH 11 0
BBX 10 11 0 -1
BITMAP
FFC0
FFC0
F1C0
EDC0
E7C0
F1C0
FCC0
E1C0
F3C0
FFC0
7F80
ENDCHAR
STARTCHAR uni1F183
ENCODING 127363
SWIDTH 1000 0
DWIDTH 11 0
BBX 10 11 0 -1
BITMAP
FFC0
FFC0
C0C0
F3C0
F3C0
F3C0
F3C0
F3C0
F3C0
FFC0
7F80
ENDCHAR
STARTCHAR uni1F184
ENCODING 127364
SWIDTH 1000 0
DWIDTH 11 0
BBX 10 11 0 -1
BITMAP
FFC0
FFC0
CCC0
CCC0
CCC0
CCC0
CCC0
E1C0
F3C0
FFC0
7F80
ENDCHAR
STARTCHAR uni1F185
ENCODING 127365
SWIDTH 1000 0
DWIDTH 11 0
BBX 10 11 0 -1
BITMAP
FFC0
FFC0
CCC0
CCC0
EDC0
E5C0
E5C0
F3C0
F3C0
FFC0
7F80
ENDCHAR
STARTCHAR uni1F186
ENCODING 127366
SWIDTH 1000 0
DWIDTH 11 0
BBX 10 11 0 -1
BITMAP
FFC0
FFC0
9340
9240
9A40
DAC0
D6C0
CCC0
CCC0
FFC0
7F80
ENDCHAR
STARTCHAR uni1F187
ENCODING 127367
SWIDTH 1000 0
DWIDTH 11 0
BBX 10 11 0 -1
BITMAP
FFC0
FFC0
CCC0
E5C0
F3C0
F3C0
E9C0
EDC0
CCC0
FFC0
7F80
ENDCHAR
STARTCHAR uni1F188
ENCODING 127368
SWIDTH 1000 0
DWIDTH 11 0
BBX 10 11 0 -1
BITMAP
FFC0
FFC0
CCC0
EDC0
E9C0
F3C0
F3C0
F3C0
F3C0
FFC0
7F80
ENDCHAR
STARTCHAR uni1F189
ENCODING 127369
SWIDTH 1000 0
DWIDTH 11 0
BBX 10 11 0 -1
BITMAP
FFC0
FFC0
E1C0
FDC0
FBC0
F3C0
E7C0
E9C0
E1C0
FFC0
7F80
ENDCHAR
STARTCHAR uni1F18A
ENCODING 127370
SWIDTH 1000 0
DWIDTH 11 0
BBX 10 11 0 -1
BITMAP
FFC0
BF40
A140
ECC0
ECC0
E1C0
EFC0
EEC0
AE40
BF40
FFC0
ENDCHAR
STARTCHAR uni1F18B
ENCODING 127371
SWIDTH 1000 0
DWIDTH 11 0
BBX 10 11 0 -1
BITMAP
FFC0
FFC0
DCC0
D9C0
DBC0
D3C0
DBC0
D840
DCC0
FFC0
7F80
ENDCHAR
STARTCHAR uni1F18C
ENCODING 127372
SWIDTH 1000 0
DWIDTH 11 0
BBX 10 11 0 -1
BITMAP
FFC0
FFC0
8CC0
A5C0
B540
8540
B840
BB40
BB40
FFC0
7F80
ENDCHAR
STARTCHAR uni1F18D
ENCODING 127373
SWIDTH 1000 0
DWIDTH 11 0
BBX 10 11 0 -1
BITMAP
FFC0
FFC0
8CC0
ADC0
BD40
8D40
E840
8B40
9B40
FFC0
7F80
ENDCHAR
STARTCHAR uni1F18E
ENCODING 127374
SWIDTH 1000 0
DWIDTH 11 0
BBX 10 11 0 -1
BITMAP
FFC0
FFC0
C840
E940
A940
A8C0
8540
A440
B4C0
FFC0
7F80
ENDCHAR
STARTCHAR uni1F18F
ENCODING 127375
SWIDTH 1000 0
DWIDTH 11 0
BBX 10 11 0 -1
BITMAP
FFC0
FFC0
AA40
AAC0
AAC0
DAC0
DCC0
9240
9740
FFC0
7F80
ENDCHAR
STARTCHAR uni1F190
ENCODING 127376
SWIDTH 1000 0
DWIDTH 11 0
BBX 10 9 0 0
BITMAP
E0C0
F8C0
D8C0
C8C0
C8C0
C8C0
D8C0
FAC0
F7C0
ENDCHAR
STARTCHAR uni1F191
ENCODING 127377
SWIDTH 1000 0
DWIDTH 11 0
BBX 10 11 0 -1
BITMAP
FFC0
8040
BA40
EA40
C240
C240
C240
FBC0
B3C0
8040
FFC0
ENDCHAR
STARTCHAR uni1F192
ENCODING 127378
SWIDTH 1000 0
DWIDTH 11 0
BBX 10 11 0 -1
BITMAP
FFC0
8040
FAC0
DDC0
9DC0
9DC0
9DC0
FDC0
DAC0
8040
FFC0
ENDCHAR
STARTCHAR uni1F193
ENCODING 127379
SWIDTH 1000 0
DWIDTH 11 0
BBX 10 11 0 -1
BITMAP
FFC0
8040
DAC0
DAC0
DAC0
DAC0
DAC0
DAC0
DBC0
8040
FFC0
ENDCHAR
STARTCHAR uni1F194
ENCODING 127380
SWIDTH 1000 0
DWIDTH 11 0
BBX 10 11 0 -1
BITMAP
FFC0
8040
AE40
AF40
ADC0
ADC0
ADC0
AF40
AE40
8040
FFC0
ENDCHAR
STARTCHAR uni1F195
ENCODING 127381
SWIDTH 1000 0
DWIDTH 11 0
BBX 10 11 0 -1
BITMAP
FFC0
8040
DF40
DB40
DB40
ABC0
AAC0
AAC0
AEC0
8040
FFC0
ENDCHAR
STARTCHAR uni1F196
ENCODING 127382
SWIDTH 1000 0
DWIDTH 11 0
BBX 10 11 0 -1
BITMAP
FFC0
8040
C9C0
EAC0
EE40
EFC0
DEC0
DBC0
C9C0
8040
FFC0
ENDCHAR
STARTCHAR uni1F197
ENCODING 127383
SWIDTH 1000 0
DWIDTH 11 0
BBX 10 11 0 -1
BITMAP
FFC0
8040
B6C0
DFC0
DF40
DF40
DFC0
F6C0
B6C0
8040
FFC0
ENDCHAR
STARTCHAR uni1F198
ENCODING 127384
SWIDTH 1000 0
DWIDTH 11 0
BBX 10 11 0 -1
BITMAP
FFC0
8040
EDC0
EDC0
CF40
EEC0
AEC0
EDC0
CDC0
8040
FFC0
ENDCHAR
STARTCHAR uni1F199
ENCODING 127385
SWIDTH 1000 0
DWIDTH 11 0
BBX 10 11 0 -1
BITMAP
FFC0
8040
D6C0
D7C0
D5C0
D7C0
D440
F4C0
E4C0
8040
FFC0
ENDCHAR
STARTCHAR uni1F19A
ENCODING 127386
SWIDTH 1000 0
DWIDTH 11 0
BBX 10 11 0 -1
BITMAP
FFC0
8040
CBC0
DEC0
DE40
F3C0
B0C0
B7C0
B340
8040
FFC0
ENDCHAR
STARTCHAR uni1F19B
ENCODING 127387
SWIDTH 1000 0
DWIDTH 11 0
BBX 10 11 0 -1
BITMAP
FFC0
8040
F740
D5C0
94C0
B4C0
94C0
F7C0
E640
8040
FFC0
ENDCHAR
STARTCHAR uni1F19C
ENCODING 127388
SWIDTH 1000 0
DWIDTH 11 0
BBX 10 11 0 -1
BITMAP
FFC0
8040
EDC0
ADC0
EDC0
A040
DFC0
B940
EEC0
8040
FFC0
ENDCHAR
STARTCHAR uni1F19D
ENCODING 127389
SWIDTH 1000 0
DWIDTH 11 0
BBX 10 11 0 -1
BITMAP
FFC0
8040
F6C0
D7C0
9740
9740
A740
FFC0
FEC0
8040
FFC0
ENDCHAR
STARTCHAR uni1F19E
ENCODING 127390
SWIDTH 1000 0
DWIDTH 11 0
BBX 10 11 0 -1
BITMAP
FFC0
8040
B6C0
B7C0
F740
D740
FF40
97C0
96C0
8040
FFC0
ENDCHAR
STARTCHAR uni1F19F
ENCODING 127391
SWIDTH 1000 0
DWIDTH 11 0
BBX 10 11 0 -1
BITMAP
FFC0
8040
F6C0
D7C0
D740
F740
DFC0
DEC0
B6C0
8040
FFC0
ENDCHAR
STARTCHAR uni1F1A0
ENCODING 127392
SWIDTH 1000 0
DWIDTH 11 0
BBX 10 11 0 -1
BITMAP
FFC0
8040
F1C0
F3C0
D1C0
F1C0
99C0
F7C0
A5C0
8040
FFC0
ENDCHAR
STARTCHAR uni1F1A1
ENCODING 127393
SWIDTH 1000 0
DWIDTH 11 0
BBX 10 11 0 -1
BITMAP
FFC0
8040
F9C0
FBC0
91C0
B1C0
A1C0
ADC0
A5C0
8040
FFC0
ENDCHAR
STARTCHAR uni1F1A2
ENCODING 127394
SWIDTH 1000 0
DWIDTH 11 0
BBX 10 11 0 -1
BITMAP
FFC0
8040
D8C0
A940
A840
C8C0
C8C0
D340
FBC0
8040
FFC0
ENDCHAR
STARTCHAR uni1F1A3
ENCODING 127395
SWIDTH 1000 0
DWIDTH 11 0
BBX 10 11 0 -1
BITMAP
FFC0
8040
BDC0
CDC0
CBC0
EBC0
DB40
ED40
A540
8040
FFC0
ENDCHAR
STARTCHAR uni1F1A4
ENCODING 127396
SWIDTH 1000 0
DWIDTH 11 0
BBX 10 11 0 -1
BITMAP
FFC0
8040
F6C0
F740
D740
D740
D7C0
E740
FF40
8040
FFC0
ENDCHAR
STARTCHAR uni1F1A5
ENCODING 127397
SWIDTH 1000 0
DWIDTH 11 0
BBX 10 11 0 -1
BITMAP
FFC0
8040
8240
8240
9E40
9240
9240
9640
8A40
8040
FFC0
ENDCHAR
STARTCHAR uni1F1A6
ENCODING 127398
SWIDTH 1000 0
DWIDTH 11 0
BBX 10 11 0 -1
BITMAP
FFC0
8040
D9C0
DBC0
DA40
FE40
DA40
DBC0
D9C0
8040
FFC0
ENDCHAR
STARTCHAR uni1F1A7
ENCODING 127399
SWIDTH 1000 0
DWIDTH 11 0
BBX 10 11 0 -1
BITMAP
FFC0
8040
ADC0
ADC0
AB40
EBC0
ABC0
ADC0
A940
8040
FFC0
ENDCHAR
STARTCHAR uni1F1A8
ENCODING 127400
SWIDTH 1000 0
DWIDTH 11 0
BBX 10 11 0 -1
BITMAP
FFC0
8040
DC40
B540
DC40
8040
FDC0
A8C0
DF40
8040
FFC0
ENDCHAR
STARTCHAR uni1F1A9
ENCODING 127401
SWIDTH 1000 0
DWIDTH 11 0
BBX 10 11 0 -1
BITMAP
FFC0
8040
DFC0
DAC0
FFC0
8040
DFC0
D2C0
FDC0
8040
FFC0
ENDCHAR
STARTCHAR uni1F1AA
ENCODING 127402
SWIDTH 1000 0
DWIDTH 11 0
BBX 10 11 0 -1
BITMAP
FFC0
8040
F540
B540
D5C0
FDC0
B5C0
B5C0
D4C0
8040
FFC0
ENDCHAR
STARTCHAR uni1F1AB
ENCODING 127403
SWIDTH 1000 0
DWIDTH 11 0
BBX 10 11 0 -1
BITMAP
FFC0
8040
ABC0
ABC0
AB40
AF40
AB40
EBC0
EB40
8040
FFC0
ENDCHAR
STARTCHAR uni1F1AC
ENCODING 127404
SWIDTH 1000 0
DWIDTH 11 0
BBX 10 11 0 -1
BITMAP
FFC0
8040
ADC0
EDC0
FDC0
FD40
EDC0
EDC0
ED40
8040
FFC0
ENDCHAR
STARTCHAR uni30EDE
ENCODING 200414
SWIDTH 1000 0
DWIDTH 13 0
BBX 12 11 0 -1
BITMAP
3FF0
DBC0
7EA0
3FE0
F560
7FA0
7FE0
7FA0
5760
57A0
BFF0
ENDCHAR
STARTCHAR uni3106C
ENCODING 200812
SWIDTH 1000 0
DWIDTH 13 0
BBX 12 11 0 -1
BITMAP
1F80
0D00
1F80
7BE0
ECB0
77E0
DFF0
7F60
7F60
7F60
5FE0
ENDCHAR
ENDFONT
