STARTFONT 2.1
FONT -unknown-Standard-Regular-R-Normal--10-100-75-75-P-0-ISO10646-1
SIZE 10 75 75
FONTBOUNDINGBOX 10 10 0 0
STARTPROPERTIES 5
FAMILY_NAME "Standard"
WEIGHT_NAME "Regular"
PIXEL_SIZE 10
FONT_ASCENT 8
FONT_DESCENT 2
ENDPROPERTIES
CHARS 2189
STARTCHAR uni0020
ENCODING 32
SWIDTH 200 0
DWIDTH 3 0
BBX 0 0 0 0
BITMAP
ENDCHAR
STARTCHAR exclam
ENCODING 33
SWIDTH 300 0
DWIDTH 2 0
BBX 1 7 0 0
BITMAP
80
80
80
80
80
00
80
ENDCHAR
STARTCHAR quotedbl
ENCODING 34
SWIDTH 400 0
DWIDTH 4 0
BBX 3 2 0 5
BITMAP
A0
A0
ENDCHAR
STARTCHAR numbersign
ENCODING 35
SWIDTH 600 0
DWIDTH 7 0
BBX 6 7 0 0
BITMAP
28
28
7C
50
F8
50
50
ENDCHAR
STARTCHAR dollar
ENCODING 36
SWIDTH 600 0
DWIDTH 6 0
BBX 5 9 0 -1
BITMAP
20
78
A0
A0
70
28
28
F0
20
ENDCHAR
STARTCHAR percent
ENCODING 37
SWIDTH 900 0
DWIDTH 8 0
BBX 7 7 0 0
BITMAP
44
A8
A8
54
2A
2A
44
ENDCHAR
STARTCHAR ampersand
ENCODING 38
SWIDTH 700 0
DWIDTH 7 0
BBX 6 7 0 0
BITMAP
30
48
50
64
A4
98
64
ENDCHAR
STARTCHAR quotesingle
ENCODING 39
SWIDTH 200 0
DWIDTH 2 0
BBX 1 2 0 5
BITMAP
80
80
ENDCHAR
STARTCHAR parenleft
ENCODING 40
SWIDTH 300 0
DWIDTH 3 0
BBX 2 9 0 -2
BITMAP
40
40
80
80
80
80
80
40
40
ENDCHAR
STARTCHAR parenright
ENCODING 41
SWIDTH 300 0
DWIDTH 3 0
BBX 2 9 0 -2
BITMAP
80
80
40
40
40
40
40
80
80
ENDCHAR
STARTCHAR asterisk
ENCODING 42
SWIDTH 400 0
DWIDTH 4 0
BBX 3 4 0 3
BITMAP
40
E0
40
A0
ENDCHAR
STARTCHAR plus
ENCODING 43
SWIDTH 600 0
DWIDTH 6 0
BBX 5 5 0 1
BITMAP
20
20
F8
20
20
ENDCHAR
STARTCHAR comma
ENCODING 44
SWIDTH 300 0
DWIDTH 3 0
BBX 2 2 0 -1
BITMAP
40
40
ENDCHAR
STARTCHAR hyphen
ENCODING 45
SWIDTH 300 0
DWIDTH 4 0
BBX 3 1 0 2
BITMAP
E0
ENDCHAR
STARTCHAR period
ENCODING 46
SWIDTH 300 0
DWIDTH 2 0
BBX 1 1 0 0
BITMAP
80
ENDCHAR
STARTCHAR slash
ENCODING 47
SWIDTH 300 0
DWIDTH 3 0
BBX 2 7 0 0
BITMAP
40
40
40
80
80
80
80
ENDCHAR
STARTCHAR zero
ENCODING 48
SWIDTH 600 0
DWIDTH 6 0
BBX 5 7 0 0
BITMAP
70
88
88
88
88
88
70
ENDCHAR
STARTCHAR one
ENCODING 49
SWIDTH 600 0
DWIDTH 6 0
BBX 5 7 0 0
BITMAP
60
A0
20
20
20
20
F8
ENDCHAR
STARTCHAR two
ENCODING 50
SWIDTH 600 0
DWIDTH 6 0
BBX 5 7 0 0
BITMAP
F0
08
08
30
40
80
F8
ENDCHAR
STARTCHAR three
ENCODING 51
SWIDTH 600 0
DWIDTH 6 0
BBX 5 7 0 0
BITMAP
F0
08
08
30
08
08
F0
ENDCHAR
STARTCHAR four
ENCODING 52
SWIDTH 600 0
DWIDTH 6 0
BBX 5 7 0 0
BITMAP
10
30
50
50
90
F8
10
ENDCHAR
STARTCHAR five
ENCODING 53
SWIDTH 600 0
DWIDTH 6 0
BBX 5 7 0 0
BITMAP
F8
80
F0
88
08
08
F0
ENDCHAR
STARTCHAR six
ENCODING 54
SWIDTH 600 0
DWIDTH 6 0
BBX 5 7 0 0
BITMAP
78
80
F0
88
88
88
70
ENDCHAR
STARTCHAR seven
ENCODING 55
SWIDTH 600 0
DWIDTH 6 0
BBX 5 7 0 0
BITMAP
F8
08
10
20
20
40
40
ENDCHAR
STARTCHAR eight
ENCODING 56
SWIDTH 600 0
DWIDTH 6 0
BBX 5 7 0 0
BITMAP
70
88
88
70
88
88
70
ENDCHAR
STARTCHAR nine
ENCODING 57
SWIDTH 600 0
DWIDTH 6 0
BBX 5 7 0 0
BITMAP
70
88
88
88
78
08
F0
ENDCHAR
STARTCHAR colon
ENCODING 58
SWIDTH 300 0
DWIDTH 2 0
BBX 1 5 0 0
BITMAP
80
00
00
00
80
ENDCHAR
STARTCHAR semicolon
ENCODING 59
SWIDTH 300 0
DWIDTH 3 0
BBX 2 6 0 -1
BITMAP
40
00
00
00
40
40
ENDCHAR
STARTCHAR less
ENCODING 60
SWIDTH 600 0
DWIDTH 5 0
BBX 4 5 0 1
BITMAP
10
60
80
60
10
ENDCHAR
STARTCHAR equal
ENCODING 61
SWIDTH 600 0
DWIDTH 6 0
BBX 5 3 0 2
BITMAP
F8
00
F8
ENDCHAR
STARTCHAR greater
ENCODING 62
SWIDTH 600 0
DWIDTH 5 0
BBX 4 5 0 1
BITMAP
80
60
10
60
80
ENDCHAR
STARTCHAR question
ENCODING 63
SWIDTH 600 0
DWIDTH 6 0
BBX 5 7 0 0
BITMAP
70
88
08
10
20
00
20
ENDCHAR
STARTCHAR at
ENCODING 64
SWIDTH 1000 0
DWIDTH 10 0
BBX 9 8 0 -1
BITMAP
3E00
4100
9A80
A480
A480
9B00
4000
3C00
ENDCHAR
STARTCHAR A
ENCODING 65
SWIDTH 700 0
DWIDTH 8 0
BBX 7 7 0 0
BITMAP
10
28
28
44
7C
44
82
ENDCHAR
STARTCHAR B
ENCODING 66
SWIDTH 700 0
DWIDTH 6 0
BBX 5 7 0 0
BITMAP
F0
88
88
F0
88
88
F0
ENDCHAR
STARTCHAR C
ENCODING 67
SWIDTH 700 0
DWIDTH 6 0
BBX 5 7 0 0
BITMAP
70
88
80
80
80
88
70
ENDCHAR
STARTCHAR D
ENCODING 68
SWIDTH 700 0
DWIDTH 6 0
BBX 5 7 0 0
BITMAP
F0
88
88
88
88
88
F0
ENDCHAR
STARTCHAR E
ENCODING 69
SWIDTH 700 0
DWIDTH 6 0
BBX 5 7 0 0
BITMAP
F8
80
80
F8
80
80
F8
ENDCHAR
STARTCHAR F
ENCODING 70
SWIDTH 600 0
DWIDTH 5 0
BBX 4 7 0 0
BITMAP
F0
80
80
F0
80
80
80
ENDCHAR
STARTCHAR G
ENCODING 71
SWIDTH 800 0
DWIDTH 7 0
BBX 6 7 0 0
BITMAP
78
84
80
9C
84
84
78
ENDCHAR
STARTCHAR H
ENCODING 72
SWIDTH 700 0
DWIDTH 6 0
BBX 5 7 0 0
BITMAP
88
88
88
F8
88
88
88
ENDCHAR
STARTCHAR I
ENCODING 73
SWIDTH 300 0
DWIDTH 2 0
BBX 1 7 0 0
BITMAP
80
80
80
80
80
80
80
ENDCHAR
STARTCHAR J
ENCODING 74
SWIDTH 500 0
DWIDTH 5 0
BBX 4 7 0 0
BITMAP
30
10
10
10
10
90
60
ENDCHAR
STARTCHAR K
ENCODING 75
SWIDTH 700 0
DWIDTH 7 0
BBX 6 7 0 0
BITMAP
88
90
A0
E0
90
88
84
ENDCHAR
STARTCHAR L
ENCODING 76
SWIDTH 600 0
DWIDTH 5 0
BBX 4 7 0 0
BITMAP
80
80
80
80
80
80
F0
ENDCHAR
STARTCHAR M
ENCODING 77
SWIDTH 900 0
DWIDTH 8 0
BBX 7 7 0 0
BITMAP
82
C6
C6
AA
AA
92
92
ENDCHAR
STARTCHAR N
ENCODING 78
SWIDTH 700 0
DWIDTH 6 0
BBX 5 7 0 0
BITMAP
88
C8
C8
A8
A8
98
88
ENDCHAR
STARTCHAR O
ENCODING 79
SWIDTH 800 0
DWIDTH 7 0
BBX 6 7 0 0
BITMAP
78
84
84
84
84
84
78
ENDCHAR
STARTCHAR P
ENCODING 80
SWIDTH 700 0
DWIDTH 6 0
BBX 5 7 0 0
BITMAP
F0
88
88
F0
80
80
80
ENDCHAR
STARTCHAR Q
ENCODING 81
SWIDTH 800 0
DWIDTH 7 0
BBX 6 9 0 -2
BITMAP
78
84
84
84
84
84
78
10
08
ENDCHAR
STARTCHAR R
ENCODING 82
SWIDTH 700 0
DWIDTH 6 0
BBX 5 7 0 0
BITMAP
F0
88
88
F0
A0
90
88
ENDCHAR
STARTCHAR S
ENCODING 83
SWIDTH 700 0
DWIDTH 6 0
BBX 5 7 0 0
BITMAP
70
88
80
70
08
88
70
ENDCHAR
STARTCHAR T
ENCODING 84
SWIDTH 700 0
DWIDTH 6 0
BBX 5 7 0 0
BITMAP
F8
20
20
20
20
20
20
ENDCHAR
STARTCHAR U
ENCODING 85
SWIDTH 700 0
DWIDTH 6 0
BBX 5 7 0 0
BITMAP
88
88
88
88
88
88
70
ENDCHAR
STARTCHAR V
ENCODING 86
SWIDTH 700 0
DWIDTH 8 0
BBX 7 7 0 0
BITMAP
82
44
44
44
28
28
10
ENDCHAR
STARTCHAR W
ENCODING 87
SWIDTH 900 0
DWIDTH 10 0
BBX 9 7 0 0
BITMAP
8880
8880
5500
5500
5500
2200
2200
ENDCHAR
STARTCHAR X
ENCODING 88
SWIDTH 700 0
DWIDTH 6 0
BBX 5 7 0 0
BITMAP
88
50
50
20
50
50
88
ENDCHAR
STARTCHAR Y
ENCODING 89
SWIDTH 700 0
DWIDTH 8 0
BBX 7 7 0 0
BITMAP
82
44
28
10
10
10
10
ENDCHAR
STARTCHAR Z
ENCODING 90
SWIDTH 600 0
DWIDTH 5 0
BBX 4 7 0 0
BITMAP
F0
10
20
40
40
80
F0
ENDCHAR
STARTCHAR bracketleft
ENCODING 91
SWIDTH 300 0
DWIDTH 3 0
BBX 2 9 0 -2
BITMAP
C0
80
80
80
80
80
80
80
C0
ENDCHAR
STARTCHAR backslash
ENCODING 92
SWIDTH 300 0
DWIDTH 3 0
BBX 2 7 0 0
BITMAP
80
80
80
40
40
40
40
ENDCHAR
STARTCHAR bracketright
ENCODING 93
SWIDTH 300 0
DWIDTH 3 0
BBX 2 9 0 -2
BITMAP
C0
40
40
40
40
40
40
40
C0
ENDCHAR
STARTCHAR asciicircum
ENCODING 94
SWIDTH 500 0
DWIDTH 4 0
BBX 3 4 0 3
BITMAP
40
40
A0
A0
ENDCHAR
STARTCHAR underscore
ENCODING 95
SWIDTH 600 0
DWIDTH 7 0
BBX 6 1 0 -2
BITMAP
FC
ENDCHAR
STARTCHAR grave
ENCODING 96
SWIDTH 300 0
DWIDTH 3 0
BBX 2 2 0 6
BITMAP
80
40
ENDCHAR
STARTCHAR a
ENCODING 97
SWIDTH 600 0
DWIDTH 6 0
BBX 5 5 0 0
BITMAP
E0
10
70
90
68
ENDCHAR
STARTCHAR b
ENCODING 98
SWIDTH 600 0
DWIDTH 5 0
BBX 4 7 0 0
BITMAP
80
80
E0
90
90
90
E0
ENDCHAR
STARTCHAR c
ENCODING 99
SWIDTH 600 0
DWIDTH 5 0
BBX 4 5 0 0
BITMAP
70
80
80
80
70
ENDCHAR
STARTCHAR d
ENCODING 100
SWIDTH 600 0
DWIDTH 5 0
BBX 4 7 0 0
BITMAP
10
10
70
90
90
90
70
ENDCHAR
STARTCHAR e
ENCODING 101
SWIDTH 600 0
DWIDTH 5 0
BBX 4 5 0 0
BITMAP
60
90
F0
80
70
ENDCHAR
STARTCHAR f
ENCODING 102
SWIDTH 300 0
DWIDTH 4 0
BBX 3 7 0 0
BITMAP
20
40
E0
40
40
40
40
ENDCHAR
STARTCHAR g
ENCODING 103
SWIDTH 600 0
DWIDTH 5 0
BBX 4 7 0 -2
BITMAP
70
90
90
90
70
10
E0
ENDCHAR
STARTCHAR h
ENCODING 104
SWIDTH 600 0
DWIDTH 5 0
BBX 4 7 0 0
BITMAP
80
80
E0
90
90
90
90
ENDCHAR
STARTCHAR i
ENCODING 105
SWIDTH 300 0
DWIDTH 2 0
BBX 1 7 0 0
BITMAP
80
00
80
80
80
80
80
ENDCHAR
STARTCHAR j
ENCODING 106
SWIDTH 300 0
DWIDTH 3 0
BBX 2 9 0 -2
BITMAP
40
00
40
40
40
40
40
40
80
ENDCHAR
STARTCHAR k
ENCODING 107
SWIDTH 400 0
DWIDTH 4 0
BBX 3 7 0 0
BITMAP
80
80
A0
C0
C0
A0
A0
ENDCHAR
STARTCHAR l
ENCODING 108
SWIDTH 300 0
DWIDTH 2 0
BBX 1 7 0 0
BITMAP
80
80
80
80
80
80
80
ENDCHAR
STARTCHAR m
ENCODING 109
SWIDTH 900 0
DWIDTH 8 0
BBX 7 5 0 0
BITMAP
EC
92
92
92
92
ENDCHAR
STARTCHAR n
ENCODING 110
SWIDTH 600 0
DWIDTH 5 0
BBX 4 5 0 0
BITMAP
E0
90
90
90
90
ENDCHAR
STARTCHAR o
ENCODING 111
SWIDTH 600 0
DWIDTH 5 0
BBX 4 5 0 0
BITMAP
60
90
90
90
60
ENDCHAR
STARTCHAR p
ENCODING 112
SWIDTH 600 0
DWIDTH 5 0
BBX 4 7 0 -2
BITMAP
E0
90
90
90
E0
80
80
ENDCHAR
STARTCHAR q
ENCODING 113
SWIDTH 600 0
DWIDTH 5 0
BBX 4 7 0 -2
BITMAP
70
90
90
90
70
10
10
ENDCHAR
STARTCHAR r
ENCODING 114
SWIDTH 300 0
DWIDTH 3 0
BBX 2 5 0 0
BITMAP
C0
80
80
80
80
ENDCHAR
STARTCHAR s
ENCODING 115
SWIDTH 400 0
DWIDTH 4 0
BBX 3 5 0 0
BITMAP
60
80
40
20
C0
ENDCHAR
STARTCHAR t
ENCODING 116
SWIDTH 300 0
DWIDTH 4 0
BBX 3 6 0 0
BITMAP
40
E0
40
40
40
20
ENDCHAR
STARTCHAR u
ENCODING 117
SWIDTH 600 0
DWIDTH 5 0
BBX 4 5 0 0
BITMAP
90
90
90
90
70
ENDCHAR
STARTCHAR v
ENCODING 118
SWIDTH 500 0
DWIDTH 6 0
BBX 5 5 0 0
BITMAP
88
88
50
50
20
ENDCHAR
STARTCHAR w
ENCODING 119
SWIDTH 700 0
DWIDTH 6 0
BBX 5 5 0 0
BITMAP
A8
A8
A8
50
50
ENDCHAR
STARTCHAR x
ENCODING 120
SWIDTH 500 0
DWIDTH 4 0
BBX 3 5 0 0
BITMAP
A0
A0
40
A0
A0
ENDCHAR
STARTCHAR y
ENCODING 121
SWIDTH 500 0
DWIDTH 6 0
BBX 5 7 0 -2
BITMAP
88
88
50
50
20
20
C0
ENDCHAR
STARTCHAR z
ENCODING 122
SWIDTH 500 0
DWIDTH 4 0
BBX 3 5 0 0
BITMAP
E0
20
40
80
E0
ENDCHAR
STARTCHAR braceleft
ENCODING 123
SWIDTH 300 0
DWIDTH 4 0
BBX 3 9 0 -2
BITMAP
20
40
40
40
80
40
40
40
20
ENDCHAR
STARTCHAR bar
ENCODING 124
SWIDTH 300 0
DWIDTH 2 0
BBX 1 9 0 -2
BITMAP
80
80
80
80
80
80
80
80
80
ENDCHAR
STARTCHAR braceright
ENCODING 125
SWIDTH 300 0
DWIDTH 4 0
BBX 3 9 0 -2
BITMAP
80
40
40
40
20
40
40
40
80
ENDCHAR
STARTCHAR asciitilde
ENCODING 126
SWIDTH 600 0
DWIDTH 6 0
BBX 5 2 0 3
BITMAP
68
90
ENDCHAR
STARTCHAR uni00A0
ENCODING 160
SWIDTH 200 0
DWIDTH 3 0
BBX 0 0 0 0
BITMAP
ENDCHAR
STARTCHAR exclamdown
ENCODING 161
SWIDTH 300 0
DWIDTH 2 0
BBX 1 7 0 -2
BITMAP
80
00
80
80
80
80
80
ENDCHAR
STARTCHAR cent
ENCODING 162
SWIDTH 600 0
DWIDTH 7 0
BBX 6 7 0 0
BITMAP
00
70
F0
E0
60
38
00
ENDCHAR
STARTCHAR sterling
ENCODING 163
SWIDTH 600 0
DWIDTH 6 0
BBX 5 7 0 0
BITMAP
38
40
40
F0
40
40
F8
ENDCHAR
STARTCHAR currency
ENCODING 164
SWIDTH 600 0
DWIDTH 5 0
BBX 4 4 0 1
BITMAP
F0
90
90
F0
ENDCHAR
STARTCHAR yen
ENCODING 165
SWIDTH 600 0
DWIDTH 6 0
BBX 5 7 0 0
BITMAP
88
50
50
F8
20
F8
20
ENDCHAR
STARTCHAR brokenbar
ENCODING 166
SWIDTH 300 0
DWIDTH 2 0
BBX 1 9 0 -2
BITMAP
80
80
80
80
00
80
80
80
80
ENDCHAR
STARTCHAR section
ENCODING 167
SWIDTH 600 0
DWIDTH 5 0
BBX 4 8 0 -1
BITMAP
70
80
60
90
90
60
10
E0
ENDCHAR
STARTCHAR dieresis
ENCODING 168
SWIDTH 300 0
DWIDTH 4 0
BBX 3 1 0 6
BITMAP
A0
ENDCHAR
STARTCHAR copyright
ENCODING 169
SWIDTH 700 0
DWIDTH 8 0
BBX 7 7 0 0
BITMAP
38
44
9A
A2
9A
44
38
ENDCHAR
STARTCHAR ordfeminine
ENCODING 170
SWIDTH 400 0
DWIDTH 5 0
BBX 4 4 0 3
BITMAP
C0
20
E0
D0
ENDCHAR
STARTCHAR guillemotleft
ENCODING 171
SWIDTH 600 0
DWIDTH 5 0
BBX 4 4 0 1
BITMAP
50
A0
A0
50
ENDCHAR
STARTCHAR logicalnot
ENCODING 172
SWIDTH 600 0
DWIDTH 6 0
BBX 5 3 0 1
BITMAP
F8
08
08
ENDCHAR
STARTCHAR hyphen
ENCODING 173
SWIDTH 300 0
DWIDTH 4 0
BBX 3 1 0 2
BITMAP
E0
ENDCHAR
STARTCHAR registered
ENCODING 174
SWIDTH 700 0
DWIDTH 8 0
BBX 7 7 0 0
BITMAP
38
44
BA
B2
AA
44
38
ENDCHAR
STARTCHAR macron
ENCODING 175
SWIDTH 600 0
DWIDTH 7 0
BBX 6 1 0 7
BITMAP
FC
ENDCHAR
STARTCHAR degree
ENCODING 176
SWIDTH 400 0
DWIDTH 4 0
BBX 3 3 0 4
BITMAP
40
A0
40
ENDCHAR
STARTCHAR plusminus
ENCODING 177
SWIDTH 500 0
DWIDTH 6 0
BBX 5 6 0 0
BITMAP
20
20
F8
20
20
F8
ENDCHAR
STARTCHAR uni00B2
ENCODING 178
SWIDTH 300 0
DWIDTH 4 0
BBX 3 4 0 3
BITMAP
C0
20
40
E0
ENDCHAR
STARTCHAR uni00B3
ENCODING 179
SWIDTH 300 0
DWIDTH 4 0
BBX 3 4 0 3
BITMAP
E0
40
20
C0
ENDCHAR
STARTCHAR acute
ENCODING 180
SWIDTH 300 0
DWIDTH 3 0
BBX 2 2 0 6
BITMAP
40
80
ENDCHAR
STARTCHAR u00B5
ENCODING 181
SWIDTH 600 0
DWIDTH 6 0
BBX 5 7 0 -2
BITMAP
90
90
90
90
E8
80
80
ENDCHAR
STARTCHAR paragraph
ENCODING 182
SWIDTH 500 0
DWIDTH 6 0
BBX 5 8 0 -1
BITMAP
F8
D0
D0
50
50
50
50
50
ENDCHAR
STARTCHAR periodcentered
ENCODING 183
SWIDTH 300 0
DWIDTH 2 0
BBX 1 1 0 3
BITMAP
80
ENDCHAR
STARTCHAR cedilla
ENCODING 184
SWIDTH 300 0
DWIDTH 3 0
BBX 2 3 0 -2
BITMAP
80
40
80
ENDCHAR
STARTCHAR uni00B9
ENCODING 185
SWIDTH 300 0
DWIDTH 4 0
BBX 3 4 0 3
BITMAP
C0
40
40
E0
ENDCHAR
STARTCHAR ordmasculine
ENCODING 186
SWIDTH 400 0
DWIDTH 5 0
BBX 4 4 0 3
BITMAP
60
90
90
60
ENDCHAR
STARTCHAR guillemotright
ENCODING 187
SWIDTH 600 0
DWIDTH 5 0
BBX 4 4 0 1
BITMAP
A0
50
50
A0
ENDCHAR
STARTCHAR onequarter
ENCODING 188
SWIDTH 800 0
DWIDTH 9 0
BBX 8 7 0 0
BITMAP
C2
42
44
E5
0B
15
13
ENDCHAR
STARTCHAR onehalf
ENCODING 189
SWIDTH 800 0
DWIDTH 9 0
BBX 8 7 0 0
BITMAP
C4
44
48
EE
11
22
27
ENDCHAR
STARTCHAR threequarters
ENCODING 190
SWIDTH 800 0
DWIDTH 9 0
BBX 8 7 0 0
BITMAP
E2
42
24
C5
0B
15
13
ENDCHAR
STARTCHAR questiondown
ENCODING 191
SWIDTH 600 0
DWIDTH 6 0
BBX 5 7 0 -2
BITMAP
20
00
20
40
80
88
70
ENDCHAR
STARTCHAR Agrave
ENCODING 192
SWIDTH 700 0
DWIDTH 8 0
BBX 7 10 0 0
BITMAP
10
08
00
10
28
28
44
7C
44
82
ENDCHAR
STARTCHAR Aacute
ENCODING 193
SWIDTH 700 0
DWIDTH 8 0
BBX 7 10 0 0
BITMAP
08
10
00
10
28
28
44
7C
44
82
ENDCHAR
STARTCHAR Acircumflex
ENCODING 194
SWIDTH 700 0
DWIDTH 8 0
BBX 7 10 0 0
BITMAP
10
28
00
10
28
28
44
7C
44
82
ENDCHAR
STARTCHAR Atilde
ENCODING 195
SWIDTH 700 0
DWIDTH 8 0
BBX 7 10 0 0
BITMAP
14
28
00
10
28
28
44
7C
44
82
ENDCHAR
STARTCHAR Adieresis
ENCODING 196
SWIDTH 700 0
DWIDTH 8 0
BBX 7 9 0 0
BITMAP
28
00
10
28
28
44
7C
44
82
ENDCHAR
STARTCHAR Aring
ENCODING 197
SWIDTH 700 0
DWIDTH 8 0
BBX 7 9 0 0
BITMAP
10
28
10
28
28
44
7C
44
82
ENDCHAR
STARTCHAR AE
ENCODING 198
SWIDTH 1000 0
DWIDTH 10 0
BBX 9 7 0 0
BITMAP
0F80
1400
2400
2780
7C00
4400
8780
ENDCHAR
STARTCHAR Ccedilla
ENCODING 199
SWIDTH 700 0
DWIDTH 6 0
BBX 5 9 0 -2
BITMAP
70
88
80
80
80
88
70
10
20
ENDCHAR
STARTCHAR Egrave
ENCODING 200
SWIDTH 700 0
DWIDTH 6 0
BBX 5 10 0 0
BITMAP
40
20
00
F8
80
80
F8
80
80
F8
ENDCHAR
STARTCHAR Eacute
ENCODING 201
SWIDTH 700 0
DWIDTH 6 0
BBX 5 10 0 0
BITMAP
10
20
00
F8
80
80
F8
80
80
F8
ENDCHAR
STARTCHAR Ecircumflex
ENCODING 202
SWIDTH 700 0
DWIDTH 6 0
BBX 5 10 0 0
BITMAP
20
50
00
F8
80
80
F8
80
80
F8
ENDCHAR
STARTCHAR Edieresis
ENCODING 203
SWIDTH 700 0
DWIDTH 6 0
BBX 5 9 0 0
BITMAP
50
00
F8
80
80
F8
80
80
F8
ENDCHAR
STARTCHAR Igrave
ENCODING 204
SWIDTH 300 0
DWIDTH 3 0
BBX 2 10 0 0
BITMAP
80
40
00
40
40
40
40
40
40
40
ENDCHAR
STARTCHAR Iacute
ENCODING 205
SWIDTH 300 0
DWIDTH 3 0
BBX 2 10 0 0
BITMAP
40
80
00
80
80
80
80
80
80
80
ENDCHAR
STARTCHAR Icircumflex
ENCODING 206
SWIDTH 300 0
DWIDTH 4 0
BBX 3 10 0 0
BITMAP
40
A0
00
40
40
40
40
40
40
40
ENDCHAR
STARTCHAR Idieresis
ENCODING 207
SWIDTH 300 0
DWIDTH 4 0
BBX 3 9 0 0
BITMAP
A0
00
40
40
40
40
40
40
40
ENDCHAR
STARTCHAR Eth
ENCODING 208
SWIDTH 700 0
DWIDTH 7 0
BBX 6 7 0 0
BITMAP
78
44
44
E4
44
44
78
ENDCHAR
STARTCHAR Ntilde
ENCODING 209
SWIDTH 700 0
DWIDTH 6 0
BBX 5 10 0 0
BITMAP
28
50
00
88
C8
C8
A8
A8
98
88
ENDCHAR
STARTCHAR Ograve
ENCODING 210
SWIDTH 800 0
DWIDTH 7 0
BBX 6 10 0 0
BITMAP
20
10
00
78
84
84
84
84
84
78
ENDCHAR
STARTCHAR Oacute
ENCODING 211
SWIDTH 800 0
DWIDTH 7 0
BBX 6 10 0 0
BITMAP
10
20
00
78
84
84
84
84
84
78
ENDCHAR
STARTCHAR Ocircumflex
ENCODING 212
SWIDTH 800 0
DWIDTH 7 0
BBX 6 10 0 0
BITMAP
10
28
00
78
84
84
84
84
84
78
ENDCHAR
STARTCHAR Otilde
ENCODING 213
SWIDTH 800 0
DWIDTH 7 0
BBX 6 10 0 0
BITMAP
28
50
00
78
84
84
84
84
84
78
ENDCHAR
STARTCHAR Odieresis
ENCODING 214
SWIDTH 800 0
DWIDTH 7 0
BBX 6 9 0 0
BITMAP
28
00
78
84
84
84
84
84
78
ENDCHAR
STARTCHAR multiply
ENCODING 215
SWIDTH 600 0
DWIDTH 6 0
BBX 5 5 0 1
BITMAP
00
50
20
50
00
ENDCHAR
STARTCHAR Oslash
ENCODING 216
SWIDTH 800 0
DWIDTH 7 0
BBX 6 7 0 0
BITMAP
74
88
94
A4
A4
44
B8
ENDCHAR
STARTCHAR Ugrave
ENCODING 217
SWIDTH 700 0
DWIDTH 6 0
BBX 5 10 0 0
BITMAP
20
10
00
88
88
88
88
88
88
70
ENDCHAR
STARTCHAR Uacute
ENCODING 218
SWIDTH 700 0
DWIDTH 6 0
BBX 5 10 0 0
BITMAP
10
20
00
88
88
88
88
88
88
70
ENDCHAR
STARTCHAR Ucircumflex
ENCODING 219
SWIDTH 700 0
DWIDTH 6 0
BBX 5 10 0 0
BITMAP
20
50
00
88
88
88
88
88
88
70
ENDCHAR
STARTCHAR Udieresis
ENCODING 220
SWIDTH 700 0
DWIDTH 6 0
BBX 5 9 0 0
BITMAP
50
00
88
88
88
88
88
88
70
ENDCHAR
STARTCHAR Yacute
ENCODING 221
SWIDTH 700 0
DWIDTH 8 0
BBX 7 10 0 0
BITMAP
08
10
00
82
44
28
10
10
10
10
ENDCHAR
STARTCHAR Thorn
ENCODING 222
SWIDTH 700 0
DWIDTH 6 0
BBX 5 7 0 0
BITMAP
80
F0
88
88
88
F0
80
ENDCHAR
STARTCHAR germandbls
ENCODING 223
SWIDTH 600 0
DWIDTH 5 0
BBX 4 7 0 0
BITMAP
60
90
A0
C0
A0
90
E0
ENDCHAR
STARTCHAR agrave
ENCODING 224
SWIDTH 600 0
DWIDTH 6 0
BBX 5 8 0 0
BITMAP
40
20
00
E0
10
70
90
68
ENDCHAR
STARTCHAR aacute
ENCODING 225
SWIDTH 600 0
DWIDTH 6 0
BBX 5 8 0 0
BITMAP
10
20
00
E0
10
70
90
68
ENDCHAR
STARTCHAR acircumflex
ENCODING 226
SWIDTH 600 0
DWIDTH 6 0
BBX 5 8 0 0
BITMAP
20
50
00
E0
10
70
90
68
ENDCHAR
STARTCHAR atilde
ENCODING 227
SWIDTH 600 0
DWIDTH 6 0
BBX 5 8 0 0
BITMAP
28
50
00
E0
10
70
90
68
ENDCHAR
STARTCHAR adieresis
ENCODING 228
SWIDTH 600 0
DWIDTH 6 0
BBX 5 7 0 0
BITMAP
50
00
E0
10
70
90
68
ENDCHAR
STARTCHAR aring
ENCODING 229
SWIDTH 600 0
DWIDTH 6 0
BBX 5 9 0 0
BITMAP
20
50
20
00
E0
10
70
90
68
ENDCHAR
STARTCHAR ae
ENCODING 230
SWIDTH 900 0
DWIDTH 9 0
BBX 8 5 0 0
BITMAP
F6
09
7F
88
77
ENDCHAR
STARTCHAR ccedilla
ENCODING 231
SWIDTH 600 0
DWIDTH 5 0
BBX 4 7 0 -2
BITMAP
70
80
80
80
70
20
40
ENDCHAR
STARTCHAR egrave
ENCODING 232
SWIDTH 600 0
DWIDTH 5 0
BBX 4 8 0 0
BITMAP
40
20
00
60
90
F0
80
70
ENDCHAR
STARTCHAR eacute
ENCODING 233
SWIDTH 600 0
DWIDTH 5 0
BBX 4 8 0 0
BITMAP
10
20
00
60
90
F0
80
70
ENDCHAR
STARTCHAR ecircumflex
ENCODING 234
SWIDTH 600 0
DWIDTH 5 0
BBX 4 8 0 0
BITMAP
20
50
00
60
90
F0
80
70
ENDCHAR
STARTCHAR edieresis
ENCODING 235
SWIDTH 600 0
DWIDTH 5 0
BBX 4 7 0 0
BITMAP
50
00
60
90
F0
80
70
ENDCHAR
STARTCHAR igrave
ENCODING 236
SWIDTH 300 0
DWIDTH 3 0
BBX 2 8 0 0
BITMAP
80
40
00
40
40
40
40
40
ENDCHAR
STARTCHAR iacute
ENCODING 237
SWIDTH 300 0
DWIDTH 3 0
BBX 2 8 0 0
BITMAP
40
80
00
80
80
80
80
80
ENDCHAR
STARTCHAR icircumflex
ENCODING 238
SWIDTH 300 0
DWIDTH 4 0
BBX 3 8 0 0
BITMAP
40
A0
00
40
40
40
40
40
ENDCHAR
STARTCHAR idieresis
ENCODING 239
SWIDTH 300 0
DWIDTH 4 0
BBX 3 7 0 0
BITMAP
A0
00
40
40
40
40
40
ENDCHAR
STARTCHAR eth
ENCODING 240
SWIDTH 600 0
DWIDTH 5 0
BBX 4 7 0 0
BITMAP
50
20
50
70
90
90
60
ENDCHAR
STARTCHAR ntilde
ENCODING 241
SWIDTH 600 0
DWIDTH 5 0
BBX 4 8 0 0
BITMAP
50
A0
00
E0
90
90
90
90
ENDCHAR
STARTCHAR ograve
ENCODING 242
SWIDTH 600 0
DWIDTH 5 0
BBX 4 8 0 0
BITMAP
40
20
00
60
90
90
90
60
ENDCHAR
STARTCHAR oacute
ENCODING 243
SWIDTH 600 0
DWIDTH 5 0
BBX 4 8 0 0
BITMAP
10
20
00
60
90
90
90
60
ENDCHAR
STARTCHAR ocircumflex
ENCODING 244
SWIDTH 600 0
DWIDTH 5 0
BBX 4 8 0 0
BITMAP
20
50
00
60
90
90
90
60
ENDCHAR
STARTCHAR otilde
ENCODING 245
SWIDTH 600 0
DWIDTH 5 0
BBX 4 8 0 0
BITMAP
50
A0
00
60
90
90
90
60
ENDCHAR
STARTCHAR odieresis
ENCODING 246
SWIDTH 600 0
DWIDTH 5 0
BBX 4 7 0 0
BITMAP
50
00
60
90
90
90
60
ENDCHAR
STARTCHAR divide
ENCODING 247
SWIDTH 500 0
DWIDTH 6 0
BBX 5 5 0 1
BITMAP
20
00
F8
00
20
ENDCHAR
STARTCHAR oslash
ENCODING 248
SWIDTH 600 0
DWIDTH 5 0
BBX 4 5 0 0
BITMAP
70
B0
D0
90
E0
ENDCHAR
STARTCHAR ugrave
ENCODING 249
SWIDTH 600 0
DWIDTH 5 0
BBX 4 8 0 0
BITMAP
40
20
00
90
90
90
90
70
ENDCHAR
STARTCHAR uacute
ENCODING 250
SWIDTH 600 0
DWIDTH 5 0
BBX 4 8 0 0
BITMAP
10
20
00
90
90
90
90
70
ENDCHAR
STARTCHAR ucircumflex
ENCODING 251
SWIDTH 600 0
DWIDTH 5 0
BBX 4 8 0 0
BITMAP
20
50
00
90
90
90
90
70
ENDCHAR
STARTCHAR udieresis
ENCODING 252
SWIDTH 600 0
DWIDTH 5 0
BBX 4 7 0 0
BITMAP
50
00
90
90
90
90
70
ENDCHAR
STARTCHAR yacute
ENCODING 253
SWIDTH 500 0
DWIDTH 6 0
BBX 5 10 0 -2
BITMAP
10
20
00
88
88
50
50
20
20
C0
ENDCHAR
STARTCHAR thorn
ENCODING 254
SWIDTH 600 0
DWIDTH 5 0
BBX 4 9 0 -2
BITMAP
80
80
E0
90
90
90
E0
80
80
ENDCHAR
STARTCHAR ydieresis
ENCODING 255
SWIDTH 500 0
DWIDTH 6 0
BBX 5 9 0 -2
BITMAP
50
00
88
88
50
50
20
20
C0
ENDCHAR
STARTCHAR Amacron
ENCODING 256
SWIDTH 700 0
DWIDTH 8 0
BBX 7 9 0 0
BITMAP
38
00
10
28
28
44
7C
44
82
ENDCHAR
STARTCHAR amacron
ENCODING 257
SWIDTH 600 0
DWIDTH 6 0
BBX 5 7 0 0
BITMAP
70
00
E0
10
70
90
68
ENDCHAR
STARTCHAR Abreve
ENCODING 258
SWIDTH 700 0
DWIDTH 8 0
BBX 7 10 0 0
BITMAP
28
10
00
10
28
28
44
7C
44
82
ENDCHAR
STARTCHAR abreve
ENCODING 259
SWIDTH 600 0
DWIDTH 6 0
BBX 5 8 0 0
BITMAP
50
20
00
E0
10
70
90
68
ENDCHAR
STARTCHAR Aogonek
ENCODING 260
SWIDTH 700 0
DWIDTH 8 0
BBX 7 9 0 -2
BITMAP
10
28
28
44
7C
44
82
04
02
ENDCHAR
STARTCHAR aogonek
ENCODING 261
SWIDTH 600 0
DWIDTH 6 0
BBX 5 7 0 -2
BITMAP
E0
10
70
90
68
10
08
ENDCHAR
STARTCHAR Cacute
ENCODING 262
SWIDTH 700 0
DWIDTH 6 0
BBX 5 10 0 0
BITMAP
10
20
00
70
88
80
80
80
88
70
ENDCHAR
STARTCHAR cacute
ENCODING 263
SWIDTH 600 0
DWIDTH 5 0
BBX 4 8 0 0
BITMAP
10
20
00
70
80
80
80
70
ENDCHAR
STARTCHAR Ccircumflex
ENCODING 264
SWIDTH 700 0
DWIDTH 6 0
BBX 5 10 0 0
BITMAP
20
50
00
70
88
80
80
80
88
70
ENDCHAR
STARTCHAR ccircumflex
ENCODING 265
SWIDTH 600 0
DWIDTH 5 0
BBX 4 8 0 0
BITMAP
20
50
00
70
80
80
80
70
ENDCHAR
STARTCHAR Cdotaccent
ENCODING 266
SWIDTH 700 0
DWIDTH 6 0
BBX 5 9 0 0
BITMAP
20
00
70
88
80
80
80
88
70
ENDCHAR
STARTCHAR cdotaccent
ENCODING 267
SWIDTH 600 0
DWIDTH 5 0
BBX 4 7 0 0
BITMAP
20
00
70
80
80
80
70
ENDCHAR
STARTCHAR Ccaron
ENCODING 268
SWIDTH 700 0
DWIDTH 6 0
BBX 5 10 0 0
BITMAP
50
20
00
70
88
80
80
80
88
70
ENDCHAR
STARTCHAR ccaron
ENCODING 269
SWIDTH 600 0
DWIDTH 5 0
BBX 4 8 0 0
BITMAP
50
20
00
70
80
80
80
70
ENDCHAR
STARTCHAR Dcaron
ENCODING 270
SWIDTH 700 0
DWIDTH 6 0
BBX 5 10 0 0
BITMAP
50
20
00
F0
88
88
88
88
88
F0
ENDCHAR
STARTCHAR dcaron
ENCODING 271
SWIDTH 600 0
DWIDTH 7 0
BBX 6 7 0 0
BITMAP
14
14
70
90
90
90
70
ENDCHAR
STARTCHAR Dcroat
ENCODING 272
SWIDTH 700 0
DWIDTH 7 0
BBX 6 7 0 0
BITMAP
78
44
44
E4
44
44
78
ENDCHAR
STARTCHAR dcroat
ENCODING 273
SWIDTH 600 0
DWIDTH 6 0
BBX 5 7 0 0
BITMAP
10
38
10
70
90
90
70
ENDCHAR
STARTCHAR Emacron
ENCODING 274
SWIDTH 700 0
DWIDTH 6 0
BBX 5 9 0 0
BITMAP
70
00
F8
80
80
F8
80
80
F8
ENDCHAR
STARTCHAR emacron
ENCODING 275
SWIDTH 600 0
DWIDTH 5 0
BBX 4 7 0 0
BITMAP
70
00
60
90
F0
80
70
ENDCHAR
STARTCHAR Ebreve
ENCODING 276
SWIDTH 700 0
DWIDTH 6 0
BBX 5 10 0 0
BITMAP
50
20
00
F8
80
80
F8
80
80
F8
ENDCHAR
STARTCHAR ebreve
ENCODING 277
SWIDTH 600 0
DWIDTH 5 0
BBX 4 8 0 0
BITMAP
50
20
00
60
90
F0
80
70
ENDCHAR
STARTCHAR Edotaccent
ENCODING 278
SWIDTH 700 0
DWIDTH 6 0
BBX 5 9 0 0
BITMAP
20
00
F8
80
80
F8
80
80
F8
ENDCHAR
STARTCHAR edotaccent
ENCODING 279
SWIDTH 600 0
DWIDTH 5 0
BBX 4 7 0 0
BITMAP
20
00
60
90
F0
80
70
ENDCHAR
STARTCHAR Eogonek
ENCODING 280
SWIDTH 700 0
DWIDTH 6 0
BBX 5 9 0 -2
BITMAP
F8
80
80
F8
80
80
F8
10
08
ENDCHAR
STARTCHAR eogonek
ENCODING 281
SWIDTH 600 0
DWIDTH 5 0
BBX 4 7 0 -2
BITMAP
60
90
F0
80
70
40
20
ENDCHAR
STARTCHAR Ecaron
ENCODING 282
SWIDTH 700 0
DWIDTH 6 0
BBX 5 10 0 0
BITMAP
50
20
00
F8
80
80
F8
80
80
F8
ENDCHAR
STARTCHAR ecaron
ENCODING 283
SWIDTH 600 0
DWIDTH 5 0
BBX 4 8 0 0
BITMAP
50
20
00
60
90
F0
80
70
ENDCHAR
STARTCHAR Gcircumflex
ENCODING 284
SWIDTH 800 0
DWIDTH 7 0
BBX 6 10 0 0
BITMAP
10
28
00
78
84
80
9C
84
84
78
ENDCHAR
STARTCHAR gcircumflex
ENCODING 285
SWIDTH 600 0
DWIDTH 5 0
BBX 4 10 0 -2
BITMAP
20
50
00
70
90
90
90
70
10
E0
ENDCHAR
STARTCHAR Gbreve
ENCODING 286
SWIDTH 800 0
DWIDTH 7 0
BBX 6 10 0 0
BITMAP
28
10
00
78
84
80
9C
84
84
78
ENDCHAR
STARTCHAR gbreve
ENCODING 287
SWIDTH 600 0
DWIDTH 5 0
BBX 4 10 0 -2
BITMAP
50
20
00
70
90
90
90
70
10
E0
ENDCHAR
STARTCHAR Gdotaccent
ENCODING 288
SWIDTH 800 0
DWIDTH 7 0
BBX 6 9 0 0
BITMAP
10
00
78
84
80
9C
84
84
78
ENDCHAR
STARTCHAR gdotaccent
ENCODING 289
SWIDTH 600 0
DWIDTH 5 0
BBX 4 9 0 -2
BITMAP
20
00
70
90
90
90
70
10
E0
ENDCHAR
STARTCHAR Gcommaaccent
ENCODING 290
SWIDTH 800 0
DWIDTH 7 0
BBX 6 10 0 -3
BITMAP
78
84
80
9C
84
84
78
00
10
20
ENDCHAR
STARTCHAR gcommaaccent
ENCODING 291
SWIDTH 600 0
DWIDTH 5 0
BBX 4 10 0 -2
BITMAP
20
20
00
70
90
90
90
70
10
E0
ENDCHAR
STARTCHAR Hcircumflex
ENCODING 292
SWIDTH 700 0
DWIDTH 6 0
BBX 5 10 0 0
BITMAP
20
50
00
88
88
88
F8
88
88
88
ENDCHAR
STARTCHAR hcircumflex
ENCODING 293
SWIDTH 600 0
DWIDTH 5 0
BBX 4 10 0 0
BITMAP
20
50
00
80
80
E0
90
90
90
90
ENDCHAR
STARTCHAR Hbar
ENCODING 294
SWIDTH 700 0
DWIDTH 8 0
BBX 7 7 0 0
BITMAP
44
FE
44
7C
44
44
44
ENDCHAR
STARTCHAR hbar
ENCODING 295
SWIDTH 600 0
DWIDTH 6 0
BBX 5 7 0 0
BITMAP
40
E0
40
70
48
48
48
ENDCHAR
STARTCHAR Itilde
ENCODING 296
SWIDTH 300 0
DWIDTH 5 0
BBX 4 10 0 0
BITMAP
50
A0
00
40
40
40
40
40
40
40
ENDCHAR
STARTCHAR itilde
ENCODING 297
SWIDTH 300 0
DWIDTH 5 0
BBX 4 8 0 0
BITMAP
50
A0
00
40
40
40
40
40
ENDCHAR
STARTCHAR Imacron
ENCODING 298
SWIDTH 300 0
DWIDTH 4 0
BBX 3 9 0 0
BITMAP
E0
00
40
40
40
40
40
40
40
ENDCHAR
STARTCHAR imacron
ENCODING 299
SWIDTH 300 0
DWIDTH 4 0
BBX 3 7 0 0
BITMAP
E0
00
40
40
40
40
40
ENDCHAR
STARTCHAR Ibreve
ENCODING 300
SWIDTH 300 0
DWIDTH 4 0
BBX 3 10 0 0
BITMAP
A0
40
00
40
40
40
40
40
40
40
ENDCHAR
STARTCHAR ibreve
ENCODING 301
SWIDTH 300 0
DWIDTH 4 0
BBX 3 8 0 0
BITMAP
A0
40
00
40
40
40
40
40
ENDCHAR
STARTCHAR Iogonek
ENCODING 302
SWIDTH 300 0
DWIDTH 3 0
BBX 2 9 0 -2
BITMAP
80
80
80
80
80
80
C0
80
40
ENDCHAR
STARTCHAR iogonek
ENCODING 303
SWIDTH 300 0
DWIDTH 3 0
BBX 2 9 0 -2
BITMAP
80
00
80
80
80
80
80
80
40
ENDCHAR
STARTCHAR Idotaccent
ENCODING 304
SWIDTH 300 0
DWIDTH 2 0
BBX 1 9 0 0
BITMAP
80
00
80
80
80
80
80
80
80
ENDCHAR
STARTCHAR dotlessi
ENCODING 305
SWIDTH 300 0
DWIDTH 2 0
BBX 1 5 0 0
BITMAP
80
80
80
80
80
ENDCHAR
STARTCHAR IJ
ENCODING 306
SWIDTH 700 0
DWIDTH 6 0
BBX 5 7 0 0
BITMAP
98
88
88
88
88
C8
B0
ENDCHAR
STARTCHAR ij
ENCODING 307
SWIDTH 400 0
DWIDTH 4 0
BBX 3 9 0 -2
BITMAP
A0
00
A0
A0
A0
A0
A0
20
40
ENDCHAR
STARTCHAR Jcircumflex
ENCODING 308
SWIDTH 500 0
DWIDTH 6 0
BBX 5 10 0 0
BITMAP
10
28
00
30
10
10
10
10
90
60
ENDCHAR
STARTCHAR jcircumflex
ENCODING 309
SWIDTH 300 0
DWIDTH 4 0
BBX 3 10 0 -2
BITMAP
40
A0
00
40
40
40
40
40
40
80
ENDCHAR
STARTCHAR Kcommaaccent
ENCODING 310
SWIDTH 700 0
DWIDTH 7 0
BBX 6 10 0 -3
BITMAP
88
90
A0
E0
90
88
84
00
10
20
ENDCHAR
STARTCHAR kcommaaccent
ENCODING 311
SWIDTH 400 0
DWIDTH 4 0
BBX 3 10 0 -3
BITMAP
80
80
A0
C0
C0
A0
A0
00
40
80
ENDCHAR
STARTCHAR kgreenlandic
ENCODING 312
SWIDTH 500 0
DWIDTH 5 0
BBX 4 5 0 0
BITMAP
A0
A0
C0
A0
A0
ENDCHAR
STARTCHAR Lacute
ENCODING 313
SWIDTH 600 0
DWIDTH 5 0
BBX 4 10 0 0
BITMAP
40
80
00
80
80
80
80
80
80
F0
ENDCHAR
STARTCHAR lacute
ENCODING 314
SWIDTH 300 0
DWIDTH 3 0
BBX 2 10 0 0
BITMAP
40
80
00
80
80
80
80
80
80
80
ENDCHAR
STARTCHAR Lcommaaccent
ENCODING 315
SWIDTH 600 0
DWIDTH 5 0
BBX 4 10 0 -3
BITMAP
80
80
80
80
80
80
F0
00
20
40
ENDCHAR
STARTCHAR lcommaaccent
ENCODING 316
SWIDTH 300 0
DWIDTH 3 0
BBX 2 10 0 -3
BITMAP
40
40
40
40
40
40
40
00
40
80
ENDCHAR
STARTCHAR Lcaron
ENCODING 317
SWIDTH 600 0
DWIDTH 5 0
BBX 4 7 0 0
BITMAP
A0
A0
80
80
80
80
F0
ENDCHAR
STARTCHAR lcaron
ENCODING 318
SWIDTH 300 0
DWIDTH 4 0
BBX 3 7 0 0
BITMAP
A0
A0
80
80
80
80
80
ENDCHAR
STARTCHAR Ldot
ENCODING 319
SWIDTH 600 0
DWIDTH 5 0
BBX 4 7 0 0
BITMAP
80
80
80
A0
80
80
F0
ENDCHAR
STARTCHAR ldot
ENCODING 320
SWIDTH 300 0
DWIDTH 4 0
BBX 3 7 0 0
BITMAP
80
80
80
A0
80
80
80
ENDCHAR
STARTCHAR Lslash
ENCODING 321
SWIDTH 600 0
DWIDTH 6 0
BBX 5 7 0 0
BITMAP
40
40
40
60
C0
40
78
ENDCHAR
STARTCHAR lslash
ENCODING 322
SWIDTH 300 0
DWIDTH 4 0
BBX 3 7 0 0
BITMAP
40
40
40
60
C0
40
40
ENDCHAR
STARTCHAR Nacute
ENCODING 323
SWIDTH 700 0
DWIDTH 6 0
BBX 5 10 0 0
BITMAP
10
20
00
88
C8
C8
A8
A8
98
88
ENDCHAR
STARTCHAR nacute
ENCODING 324
SWIDTH 600 0
DWIDTH 5 0
BBX 4 8 0 0
BITMAP
10
20
00
E0
90
90
90
90
ENDCHAR
STARTCHAR Ncommaaccent
ENCODING 325
SWIDTH 700 0
DWIDTH 6 0
BBX 5 10 0 -3
BITMAP
88
C8
C8
A8
A8
98
88
00
20
40
ENDCHAR
STARTCHAR ncommaaccent
ENCODING 326
SWIDTH 600 0
DWIDTH 5 0
BBX 4 8 0 -3
BITMAP
E0
90
90
90
90
00
20
40
ENDCHAR
STARTCHAR Ncaron
ENCODING 327
SWIDTH 700 0
DWIDTH 6 0
BBX 5 10 0 0
BITMAP
50
20
00
88
C8
C8
A8
A8
98
88
ENDCHAR
STARTCHAR ncaron
ENCODING 328
SWIDTH 600 0
DWIDTH 5 0
BBX 4 8 0 0
BITMAP
50
20
00
E0
90
90
90
90
ENDCHAR
STARTCHAR napostrophe
ENCODING 329
SWIDTH 600 0
DWIDTH 7 0
BBX 6 7 0 0
BITMAP
80
80
38
24
24
24
24
ENDCHAR
STARTCHAR Eng
ENCODING 330
SWIDTH 700 0
DWIDTH 6 0
BBX 5 7 0 0
BITMAP
B0
C8
88
88
88
88
B0
ENDCHAR
STARTCHAR eng
ENCODING 331
SWIDTH 600 0
DWIDTH 5 0
BBX 4 7 0 -2
BITMAP
E0
90
90
90
90
10
20
ENDCHAR
STARTCHAR Omacron
ENCODING 332
SWIDTH 800 0
DWIDTH 7 0
BBX 6 9 0 0
BITMAP
38
00
78
84
84
84
84
84
78
ENDCHAR
STARTCHAR omacron
ENCODING 333
SWIDTH 600 0
DWIDTH 5 0
BBX 4 7 0 0
BITMAP
70
00
60
90
90
90
60
ENDCHAR
STARTCHAR Obreve
ENCODING 334
SWIDTH 800 0
DWIDTH 7 0
BBX 6 10 0 0
BITMAP
28
10
00
78
84
84
84
84
84
78
ENDCHAR
STARTCHAR obreve
ENCODING 335
SWIDTH 600 0
DWIDTH 5 0
BBX 4 8 0 0
BITMAP
50
20
00
60
90
90
90
60
ENDCHAR
STARTCHAR Ohungarumlaut
ENCODING 336
SWIDTH 800 0
DWIDTH 7 0
BBX 6 10 0 0
BITMAP
14
28
00
78
84
84
84
84
84
78
ENDCHAR
STARTCHAR ohungarumlaut
ENCODING 337
SWIDTH 600 0
DWIDTH 6 0
BBX 5 8 0 0
BITMAP
28
50
00
60
90
90
90
60
ENDCHAR
STARTCHAR OE
ENCODING 338
SWIDTH 1000 0
DWIDTH 9 0
BBX 8 7 0 0
BITMAP
7F
88
88
8F
88
88
7F
ENDCHAR
STARTCHAR oe
ENCODING 339
SWIDTH 900 0
DWIDTH 9 0
BBX 8 5 0 0
BITMAP
76
89
8F
88
77
ENDCHAR
STARTCHAR Racute
ENCODING 340
SWIDTH 700 0
DWIDTH 6 0
BBX 5 10 0 0
BITMAP
10
20
00
F0
88
88
F0
A0
90
88
ENDCHAR
STARTCHAR racute
ENCODING 341
SWIDTH 300 0
DWIDTH 4 0
BBX 3 8 0 0
BITMAP
20
40
00
C0
80
80
80
80
ENDCHAR
STARTCHAR Rcommaaccent
ENCODING 342
SWIDTH 700 0
DWIDTH 6 0
BBX 5 10 0 -3
BITMAP
F0
88
88
F0
A0
90
88
00
20
40
ENDCHAR
STARTCHAR rcommaaccent
ENCODING 343
SWIDTH 300 0
DWIDTH 4 0
BBX 3 8 0 -3
BITMAP
60
40
40
40
40
00
40
80
ENDCHAR
STARTCHAR Rcaron
ENCODING 344
SWIDTH 700 0
DWIDTH 6 0
BBX 5 10 0 0
BITMAP
50
20
00
F0
88
88
F0
A0
90
88
ENDCHAR
STARTCHAR rcaron
ENCODING 345
SWIDTH 300 0
DWIDTH 4 0
BBX 3 8 0 0
BITMAP
A0
40
00
C0
80
80
80
80
ENDCHAR
STARTCHAR Sacute
ENCODING 346
SWIDTH 700 0
DWIDTH 6 0
BBX 5 10 0 0
BITMAP
10
20
00
70
88
80
70
08
88
70
ENDCHAR
STARTCHAR sacute
ENCODING 347
SWIDTH 400 0
DWIDTH 5 0
BBX 4 8 0 0
BITMAP
10
20
00
60
80
40
20
C0
ENDCHAR
STARTCHAR Scircumflex
ENCODING 348
SWIDTH 700 0
DWIDTH 6 0
BBX 5 10 0 0
BITMAP
20
50
00
70
88
80
70
08
88
70
ENDCHAR
STARTCHAR scircumflex
ENCODING 349
SWIDTH 400 0
DWIDTH 4 0
BBX 3 8 0 0
BITMAP
40
A0
00
60
80
40
20
C0
ENDCHAR
STARTCHAR Scedilla
ENCODING 350
SWIDTH 700 0
DWIDTH 6 0
BBX 5 9 0 -2
BITMAP
70
88
80
70
08
88
70
10
20
ENDCHAR
STARTCHAR scedilla
ENCODING 351
SWIDTH 400 0
DWIDTH 4 0
BBX 3 7 0 -2
BITMAP
60
80
40
20
C0
20
40
ENDCHAR
STARTCHAR Scaron
ENCODING 352
SWIDTH 700 0
DWIDTH 6 0
BBX 5 10 0 0
BITMAP
50
20
00
70
88
80
70
08
88
70
ENDCHAR
STARTCHAR scaron
ENCODING 353
SWIDTH 400 0
DWIDTH 4 0
BBX 3 8 0 0
BITMAP
A0
40
00
60
80
40
20
C0
ENDCHAR
STARTCHAR Tcommaaccent
ENCODING 354
SWIDTH 700 0
DWIDTH 6 0
BBX 5 9 0 -2
BITMAP
F8
20
20
20
20
20
60
20
40
ENDCHAR
STARTCHAR tcommaaccent
ENCODING 355
SWIDTH 300 0
DWIDTH 4 0
BBX 3 8 0 -2
BITMAP
40
E0
40
40
40
E0
40
80
ENDCHAR
STARTCHAR Tcaron
ENCODING 356
SWIDTH 700 0
DWIDTH 6 0
BBX 5 10 0 0
BITMAP
50
20
00
F8
20
20
20
20
20
20
ENDCHAR
STARTCHAR tcaron
ENCODING 357
SWIDTH 400 0
DWIDTH 5 0
BBX 4 7 0 0
BITMAP
10
50
E0
40
40
40
20
ENDCHAR
STARTCHAR Tbar
ENCODING 358
SWIDTH 500 0
DWIDTH 6 0
BBX 5 7 0 0
BITMAP
F8
20
20
70
20
20
20
ENDCHAR
STARTCHAR tbar
ENCODING 359
SWIDTH 300 0
DWIDTH 4 0
BBX 3 6 0 0
BITMAP
40
E0
40
E0
40
20
ENDCHAR
STARTCHAR Utilde
ENCODING 360
SWIDTH 700 0
DWIDTH 6 0
BBX 5 10 0 0
BITMAP
28
50
00
88
88
88
88
88
88
70
ENDCHAR
STARTCHAR utilde
ENCODING 361
SWIDTH 600 0
DWIDTH 5 0
BBX 4 8 0 0
BITMAP
50
A0
00
90
90
90
90
70
ENDCHAR
STARTCHAR Umacron
ENCODING 362
SWIDTH 700 0
DWIDTH 6 0
BBX 5 9 0 0
BITMAP
70
00
88
88
88
88
88
88
70
ENDCHAR
STARTCHAR umacron
ENCODING 363
SWIDTH 600 0
DWIDTH 5 0
BBX 4 7 0 0
BITMAP
70
00
90
90
90
90
70
ENDCHAR
STARTCHAR Ubreve
ENCODING 364
SWIDTH 700 0
DWIDTH 6 0
BBX 5 10 0 0
BITMAP
50
20
00
88
88
88
88
88
88
70
ENDCHAR
STARTCHAR ubreve
ENCODING 365
SWIDTH 600 0
DWIDTH 5 0
BBX 4 8 0 0
BITMAP
50
20
00
90
90
90
90
70
ENDCHAR
STARTCHAR Uring
ENCODING 366
SWIDTH 700 0
DWIDTH 6 0
BBX 5 11 0 0
BITMAP
20
50
20
00
88
88
88
88
88
88
70
ENDCHAR
STARTCHAR uring
ENCODING 367
SWIDTH 600 0
DWIDTH 5 0
BBX 4 9 0 0
BITMAP
20
50
20
00
90
90
90
90
70
ENDCHAR
STARTCHAR Uhungarumlaut
ENCODING 368
SWIDTH 700 0
DWIDTH 6 0
BBX 5 10 0 0
BITMAP
28
50
00
88
88
88
88
88
88
70
ENDCHAR
STARTCHAR uhungarumlaut
ENCODING 369
SWIDTH 600 0
DWIDTH 6 0
BBX 5 8 0 0
BITMAP
28
50
00
90
90
90
90
70
ENDCHAR
STARTCHAR Uogonek
ENCODING 370
SWIDTH 700 0
DWIDTH 6 0
BBX 5 9 0 -2
BITMAP
88
88
88
88
88
88
70
20
10
ENDCHAR
STARTCHAR uogonek
ENCODING 371
SWIDTH 600 0
DWIDTH 5 0
BBX 4 7 0 -2
BITMAP
90
90
90
90
70
20
10
ENDCHAR
STARTCHAR Wcircumflex
ENCODING 372
SWIDTH 900 0
DWIDTH 10 0
BBX 9 10 0 0
BITMAP
0800
1400
0000
8880
8880
5500
5500
5500
2200
2200
ENDCHAR
STARTCHAR wcircumflex
ENCODING 373
SWIDTH 700 0
DWIDTH 6 0
BBX 5 8 0 0
BITMAP
20
50
00
A8
A8
A8
50
50
ENDCHAR
STARTCHAR Ycircumflex
ENCODING 374
SWIDTH 700 0
DWIDTH 8 0
BBX 7 10 0 0
BITMAP
10
28
00
82
44
28
10
10
10
10
ENDCHAR
STARTCHAR ycircumflex
ENCODING 375
SWIDTH 500 0
DWIDTH 6 0
BBX 5 10 0 -2
BITMAP
20
50
00
88
88
50
50
20
20
C0
ENDCHAR
STARTCHAR Ydieresis
ENCODING 376
SWIDTH 700 0
DWIDTH 8 0
BBX 7 9 0 0
BITMAP
28
00
82
44
28
10
10
10
10
ENDCHAR
STARTCHAR Zacute
ENCODING 377
SWIDTH 600 0
DWIDTH 5 0
BBX 4 10 0 0
BITMAP
10
20
00
F0
10
20
40
40
80
F0
ENDCHAR
STARTCHAR zacute
ENCODING 378
SWIDTH 500 0
DWIDTH 4 0
BBX 3 8 0 0
BITMAP
20
40
00
E0
20
40
80
E0
ENDCHAR
STARTCHAR Zdotaccent
ENCODING 379
SWIDTH 600 0
DWIDTH 5 0
BBX 4 9 0 0
BITMAP
20
00
F0
10
20
40
40
80
F0
ENDCHAR
STARTCHAR zdotaccent
ENCODING 380
SWIDTH 500 0
DWIDTH 4 0
BBX 3 7 0 0
BITMAP
40
00
E0
20
40
80
E0
ENDCHAR
STARTCHAR Zcaron
ENCODING 381
SWIDTH 600 0
DWIDTH 5 0
BBX 4 10 0 0
BITMAP
50
20
00
F0
10
20
40
40
80
F0
ENDCHAR
STARTCHAR zcaron
ENCODING 382
SWIDTH 500 0
DWIDTH 4 0
BBX 3 8 0 0
BITMAP
A0
40
00
E0
20
40
80
E0
ENDCHAR
STARTCHAR longs
ENCODING 383
SWIDTH 300 0
DWIDTH 3 0
BBX 2 7 0 0
BITMAP
40
80
80
80
80
80
80
ENDCHAR
STARTCHAR florin
ENCODING 402
SWIDTH 600 0
DWIDTH 5 0
BBX 4 9 0 -2
BITMAP
30
40
E0
40
40
40
80
80
80
ENDCHAR
STARTCHAR uni01A0
ENCODING 416
SWIDTH 700 0
DWIDTH 7 0
BBX 6 9 0 0
BITMAP
04
24
58
84
84
84
84
88
78
ENDCHAR
STARTCHAR uni01A1
ENCODING 417
SWIDTH 600 0
DWIDTH 6 0
BBX 5 7 0 0
BITMAP
08
68
90
90
88
90
F0
ENDCHAR
STARTCHAR uni01AF
ENCODING 431
SWIDTH 700 0
DWIDTH 8 0
BBX 7 9 0 0
BITMAP
02
04
88
88
88
88
88
88
70
ENDCHAR
STARTCHAR uni01B0
ENCODING 432
SWIDTH 600 0
DWIDTH 6 0
BBX 5 7 0 0
BITMAP
08
08
90
90
90
90
F0
ENDCHAR
STARTCHAR uni01CD
ENCODING 461
SWIDTH 600 0
DWIDTH 7 0
BBX 6 9 0 0
BITMAP
78
00
30
30
48
48
78
84
84
ENDCHAR
STARTCHAR uni01CE
ENCODING 462
SWIDTH 600 0
DWIDTH 5 0
BBX 4 8 0 0
BITMAP
F0
60
60
90
30
D0
90
F0
ENDCHAR
STARTCHAR uni01CF
ENCODING 463
SWIDTH 300 0
DWIDTH 4 0
BBX 3 9 0 0
BITMAP
E0
00
40
40
40
40
40
40
40
ENDCHAR
STARTCHAR uni01D0
ENCODING 464
SWIDTH 300 0
DWIDTH 4 0
BBX 3 8 0 0
BITMAP
A0
40
00
40
40
40
40
40
ENDCHAR
STARTCHAR uni01D1
ENCODING 465
SWIDTH 700 0
DWIDTH 7 0
BBX 6 9 0 0
BITMAP
70
20
D8
84
84
84
84
88
78
ENDCHAR
STARTCHAR uni01D2
ENCODING 466
SWIDTH 600 0
DWIDTH 6 0
BBX 5 8 0 0
BITMAP
F0
60
60
90
90
88
90
F0
ENDCHAR
STARTCHAR uni01D3
ENCODING 467
SWIDTH 700 0
DWIDTH 6 0
BBX 5 9 0 0
BITMAP
70
00
88
88
88
88
88
88
70
ENDCHAR
STARTCHAR uni01D4
ENCODING 468
SWIDTH 600 0
DWIDTH 5 0
BBX 4 8 0 0
BITMAP
F0
60
00
90
90
90
90
F0
ENDCHAR
STARTCHAR uni01D5
ENCODING 469
SWIDTH 700 0
DWIDTH 6 0
BBX 5 10 0 0
BITMAP
70
50
00
88
88
88
88
88
88
70
ENDCHAR
STARTCHAR uni01D6
ENCODING 470
SWIDTH 600 0
DWIDTH 5 0
BBX 4 9 0 0
BITMAP
70
90
00
00
90
90
90
90
F0
ENDCHAR
STARTCHAR uni01D7
ENCODING 471
SWIDTH 700 0
DWIDTH 6 0
BBX 5 11 0 0
BITMAP
10
20
50
00
88
88
88
88
88
88
70
ENDCHAR
STARTCHAR uni01D8
ENCODING 472
SWIDTH 600 0
DWIDTH 5 0
BBX 4 9 0 0
BITMAP
20
90
00
00
90
90
90
90
F0
ENDCHAR
STARTCHAR uni01D9
ENCODING 473
SWIDTH 700 0
DWIDTH 6 0
BBX 5 11 0 0
BITMAP
50
20
50
00
88
88
88
88
88
88
70
ENDCHAR
STARTCHAR uni01DA
ENCODING 474
SWIDTH 600 0
DWIDTH 5 0
BBX 4 9 0 0
BITMAP
60
90
00
00
90
90
90
90
F0
ENDCHAR
STARTCHAR uni01DB
ENCODING 475
SWIDTH 700 0
DWIDTH 6 0
BBX 5 11 0 0
BITMAP
40
20
50
00
88
88
88
88
88
88
70
ENDCHAR
STARTCHAR uni01DC
ENCODING 476
SWIDTH 600 0
DWIDTH 5 0
BBX 4 9 0 0
BITMAP
60
90
00
00
90
90
90
90
F0
ENDCHAR
STARTCHAR uni01F8
ENCODING 504
SWIDTH 700 0
DWIDTH 6 0
BBX 5 10 0 0
BITMAP
40
20
00
88
C8
A8
A8
98
98
88
ENDCHAR
STARTCHAR uni01F9
ENCODING 505
SWIDTH 600 0
DWIDTH 5 0
BBX 4 9 0 0
BITMAP
40
40
20
20
D0
90
90
90
90
ENDCHAR
STARTCHAR Aringacute
ENCODING 506
SWIDTH 700 0
DWIDTH 8 0
BBX 7 10 0 0
BITMAP
08
10
10
28
10
28
28
44
7C
82
ENDCHAR
STARTCHAR aringacute
ENCODING 507
SWIDTH 600 0
DWIDTH 6 0
BBX 5 10 0 0
BITMAP
10
20
00
20
50
E0
10
70
90
68
ENDCHAR
STARTCHAR AEacute
ENCODING 508
SWIDTH 1000 0
DWIDTH 10 0
BBX 9 10 0 0
BITMAP
0200
0400
0000
0F80
1400
2400
2780
7C00
4400
8780
ENDCHAR
STARTCHAR aeacute
ENCODING 509
SWIDTH 900 0
DWIDTH 9 0
BBX 8 8 0 0
BITMAP
04
08
00
F6
09
7F
88
77
ENDCHAR
STARTCHAR Oslashacute
ENCODING 510
SWIDTH 800 0
DWIDTH 7 0
BBX 6 10 0 0
BITMAP
08
10
00
74
88
94
A4
A4
44
B8
ENDCHAR
STARTCHAR oslashacute
ENCODING 511
SWIDTH 600 0
DWIDTH 5 0
BBX 4 8 0 0
BITMAP
10
20
00
70
B0
D0
90
E0
ENDCHAR
STARTCHAR Scommaaccent
ENCODING 536
SWIDTH 700 0
DWIDTH 6 0
BBX 5 10 0 -3
BITMAP
70
88
80
70
08
88
70
00
20
40
ENDCHAR
STARTCHAR scommaaccent
ENCODING 537
SWIDTH 400 0
DWIDTH 4 0
BBX 3 8 0 -3
BITMAP
60
80
40
20
C0
00
20
40
ENDCHAR
STARTCHAR uni021A
ENCODING 538
SWIDTH 700 0
DWIDTH 6 0
BBX 5 10 0 -3
BITMAP
F8
20
20
20
20
20
20
00
20
40
ENDCHAR
STARTCHAR uni021B
ENCODING 539
SWIDTH 300 0
DWIDTH 4 0
BBX 3 9 0 -3
BITMAP
40
E0
40
40
40
20
00
20
40
ENDCHAR
STARTCHAR uni0251
ENCODING 593
SWIDTH 600 0
DWIDTH 6 0
BBX 5 6 0 0
BITMAP
60
90
90
90
90
E8
ENDCHAR
STARTCHAR uni0261
ENCODING 609
SWIDTH 600 0
DWIDTH 5 0
BBX 4 8 0 -2
BITMAP
60
90
90
90
90
F0
10
F0
ENDCHAR
STARTCHAR uni02BB
ENCODING 699
SWIDTH 300 0
DWIDTH 2 0
BBX 1 3 0 5
BITMAP
80
80
80
ENDCHAR
STARTCHAR circumflex
ENCODING 710
SWIDTH 300 0
DWIDTH 4 0
BBX 3 2 0 6
BITMAP
40
A0
ENDCHAR
STARTCHAR caron
ENCODING 711
SWIDTH 300 0
DWIDTH 4 0
BBX 3 2 0 6
BITMAP
A0
40
ENDCHAR
STARTCHAR uni02C9
ENCODING 713
SWIDTH 300 0
DWIDTH 4 0
BBX 3 1 0 6
BITMAP
E0
ENDCHAR
STARTCHAR uni02CA
ENCODING 714
SWIDTH 600 0
DWIDTH 5 0
BBX 4 4 0 5
BITMAP
10
20
40
80
ENDCHAR
STARTCHAR uni02CB
ENCODING 715
SWIDTH 600 0
DWIDTH 5 0
BBX 4 3 0 5
BITMAP
80
60
10
ENDCHAR
STARTCHAR breve
ENCODING 728
SWIDTH 300 0
DWIDTH 4 0
BBX 3 2 0 6
BITMAP
A0
40
ENDCHAR
STARTCHAR dotaccent
ENCODING 729
SWIDTH 300 0
DWIDTH 2 0
BBX 1 1 0 6
BITMAP
80
ENDCHAR
STARTCHAR ring
ENCODING 730
SWIDTH 300 0
DWIDTH 4 0
BBX 3 3 0 6
BITMAP
40
A0
40
ENDCHAR
STARTCHAR ogonek
ENCODING 731
SWIDTH 300 0
DWIDTH 3 0
BBX 2 3 0 -2
BITMAP
40
80
40
ENDCHAR
STARTCHAR tilde
ENCODING 732
SWIDTH 400 0
DWIDTH 5 0
BBX 4 2 0 6
BITMAP
50
A0
ENDCHAR
STARTCHAR hungarumlaut
ENCODING 733
SWIDTH 300 0
DWIDTH 5 0
BBX 4 2 0 6
BITMAP
50
A0
ENDCHAR
STARTCHAR uni02EA
ENCODING 746
SWIDTH 600 0
DWIDTH 4 0
BBX 3 5 0 3
BITMAP
80
80
80
80
E0
ENDCHAR
STARTCHAR uni02EB
ENCODING 747
SWIDTH 600 0
DWIDTH 4 0
BBX 3 5 0 3
BITMAP
80
E0
80
80
80
ENDCHAR
STARTCHAR uni0300
ENCODING 768
SWIDTH 0 0
DWIDTH 5 0
BBX 4 3 0 4
BITMAP
80
60
10
ENDCHAR
STARTCHAR uni0301
ENCODING 769
SWIDTH 0 0
DWIDTH 5 0
BBX 4 4 0 4
BITMAP
10
20
40
80
ENDCHAR
STARTCHAR uni0304
ENCODING 772
SWIDTH 0 0
DWIDTH 3 0
BBX 2 1 0 7
BITMAP
C0
ENDCHAR
STARTCHAR uni0307
ENCODING 775
SWIDTH 0 0
DWIDTH 3 0
BBX 2 1 0 7
BITMAP
C0
ENDCHAR
STARTCHAR uni030C
ENCODING 780
SWIDTH 0 0
DWIDTH 7 0
BBX 6 4 0 3
BITMAP
CC
50
30
20
ENDCHAR
STARTCHAR semicolon
ENCODING 894
SWIDTH 300 0
DWIDTH 3 0
BBX 2 6 0 -1
BITMAP
40
00
00
00
40
40
ENDCHAR
STARTCHAR tonos
ENCODING 900
SWIDTH 300 0
DWIDTH 2 0
BBX 1 2 0 5
BITMAP
80
80
ENDCHAR
STARTCHAR dieresistonos
ENCODING 901
SWIDTH 300 0
DWIDTH 4 0
BBX 3 2 0 6
BITMAP
40
E0
ENDCHAR
STARTCHAR Alphatonos
ENCODING 902
SWIDTH 700 0
DWIDTH 8 0
BBX 7 7 0 0
BITMAP
50
68
28
44
7C
44
82
ENDCHAR
STARTCHAR anoteleia
ENCODING 903
SWIDTH 300 0
DWIDTH 2 0
BBX 1 1 0 2
BITMAP
80
ENDCHAR
STARTCHAR Epsilontonos
ENCODING 904
SWIDTH 800 0
DWIDTH 8 0
BBX 7 7 0 0
BITMAP
BE
A0
20
3E
20
20
3E
ENDCHAR
STARTCHAR Etatonos
ENCODING 905
SWIDTH 800 0
DWIDTH 8 0
BBX 7 7 0 0
BITMAP
A2
A2
22
3E
22
22
22
ENDCHAR
STARTCHAR Iotatonos
ENCODING 906
SWIDTH 400 0
DWIDTH 4 0
BBX 3 7 0 0
BITMAP
A0
A0
20
20
20
20
20
ENDCHAR
STARTCHAR Omicrontonos
ENCODING 908
SWIDTH 800 0
DWIDTH 8 0
BBX 7 7 0 0
BITMAP
BC
C2
42
42
42
42
3C
ENDCHAR
STARTCHAR Upsilontonos
ENCODING 910
SWIDTH 900 0
DWIDTH 10 0
BBX 9 7 0 0
BITMAP
A080
9100
0A00
0400
0400
0400
0400
ENDCHAR
STARTCHAR Omegatonos
ENCODING 911
SWIDTH 800 0
DWIDTH 8 0
BBX 7 7 0 0
BITMAP
9C
A2
22
22
22
14
36
ENDCHAR
STARTCHAR iotadieresistonos
ENCODING 912
SWIDTH 200 0
DWIDTH 4 0
BBX 3 8 0 0
BITMAP
40
E0
00
40
40
40
40
40
ENDCHAR
STARTCHAR Alpha
ENCODING 913
SWIDTH 700 0
DWIDTH 8 0
BBX 7 7 0 0
BITMAP
10
28
28
44
7C
44
82
ENDCHAR
STARTCHAR Beta
ENCODING 914
SWIDTH 700 0
DWIDTH 6 0
BBX 5 7 0 0
BITMAP
F0
88
88
F0
88
88
F0
ENDCHAR
STARTCHAR Gamma
ENCODING 915
SWIDTH 600 0
DWIDTH 5 0
BBX 4 7 0 0
BITMAP
F0
80
80
80
80
80
80
ENDCHAR
STARTCHAR Delta
ENCODING 916
SWIDTH 700 0
DWIDTH 8 0
BBX 7 7 0 0
BITMAP
10
28
28
44
44
82
FE
ENDCHAR
STARTCHAR Epsilon
ENCODING 917
SWIDTH 700 0
DWIDTH 6 0
BBX 5 7 0 0
BITMAP
F8
80
80
F8
80
80
F8
ENDCHAR
STARTCHAR Zeta
ENCODING 918
SWIDTH 600 0
DWIDTH 5 0
BBX 4 7 0 0
BITMAP
F0
10
20
40
40
80
F0
ENDCHAR
STARTCHAR Eta
ENCODING 919
SWIDTH 700 0
DWIDTH 6 0
BBX 5 7 0 0
BITMAP
88
88
88
F8
88
88
88
ENDCHAR
STARTCHAR Theta
ENCODING 920
SWIDTH 800 0
DWIDTH 7 0
BBX 6 7 0 0
BITMAP
78
84
84
B4
84
84
78
ENDCHAR
STARTCHAR Iota
ENCODING 921
SWIDTH 300 0
DWIDTH 2 0
BBX 1 7 0 0
BITMAP
80
80
80
80
80
80
80
ENDCHAR
STARTCHAR Kappa
ENCODING 922
SWIDTH 700 0
DWIDTH 7 0
BBX 6 7 0 0
BITMAP
88
90
A0
E0
90
88
84
ENDCHAR
STARTCHAR Lambda
ENCODING 923
SWIDTH 700 0
DWIDTH 8 0
BBX 7 7 0 0
BITMAP
10
28
28
44
44
44
82
ENDCHAR
STARTCHAR Mu
ENCODING 924
SWIDTH 900 0
DWIDTH 8 0
BBX 7 7 0 0
BITMAP
82
C6
C6
AA
AA
92
92
ENDCHAR
STARTCHAR Nu
ENCODING 925
SWIDTH 700 0
DWIDTH 6 0
BBX 5 7 0 0
BITMAP
88
C8
C8
A8
A8
98
88
ENDCHAR
STARTCHAR Xi
ENCODING 926
SWIDTH 700 0
DWIDTH 6 0
BBX 5 7 0 0
BITMAP
F8
00
00
70
00
00
F8
ENDCHAR
STARTCHAR Omicron
ENCODING 927
SWIDTH 800 0
DWIDTH 7 0
BBX 6 7 0 0
BITMAP
78
84
84
84
84
84
78
ENDCHAR
STARTCHAR Pi
ENCODING 928
SWIDTH 700 0
DWIDTH 6 0
BBX 5 7 0 0
BITMAP
F8
88
88
88
88
88
88
ENDCHAR
STARTCHAR Rho
ENCODING 929
SWIDTH 700 0
DWIDTH 6 0
BBX 5 7 0 0
BITMAP
F0
88
88
F0
80
80
80
ENDCHAR
STARTCHAR Sigma
ENCODING 931
SWIDTH 600 0
DWIDTH 5 0
BBX 4 7 0 0
BITMAP
F0
80
40
20
40
80
F0
ENDCHAR
STARTCHAR Tau
ENCODING 932
SWIDTH 700 0
DWIDTH 6 0
BBX 5 7 0 0
BITMAP
F8
20
20
20
20
20
20
ENDCHAR
STARTCHAR Upsilon
ENCODING 933
SWIDTH 700 0
DWIDTH 8 0
BBX 7 7 0 0
BITMAP
82
44
28
10
10
10
10
ENDCHAR
STARTCHAR Phi
ENCODING 934
SWIDTH 700 0
DWIDTH 8 0
BBX 7 7 0 0
BITMAP
10
7C
92
92
92
7C
10
ENDCHAR
STARTCHAR Chi
ENCODING 935
SWIDTH 700 0
DWIDTH 6 0
BBX 5 7 0 0
BITMAP
88
50
50
20
50
50
88
ENDCHAR
STARTCHAR Psi
ENCODING 936
SWIDTH 700 0
DWIDTH 8 0
BBX 7 7 0 0
BITMAP
92
92
92
92
7C
10
10
ENDCHAR
STARTCHAR Omega
ENCODING 937
SWIDTH 700 0
DWIDTH 6 0
BBX 5 7 0 0
BITMAP
70
88
88
88
88
50
D8
ENDCHAR
STARTCHAR Iotadieresis
ENCODING 938
SWIDTH 300 0
DWIDTH 4 0
BBX 3 9 0 0
BITMAP
A0
00
40
40
40
40
40
40
40
ENDCHAR
STARTCHAR Upsilondieresis
ENCODING 939
SWIDTH 700 0
DWIDTH 8 0
BBX 7 9 0 0
BITMAP
28
00
82
44
28
10
10
10
10
ENDCHAR
STARTCHAR alphatonos
ENCODING 940
SWIDTH 500 0
DWIDTH 6 0
BBX 5 8 0 0
BITMAP
20
20
00
68
90
90
90
68
ENDCHAR
STARTCHAR epsilontonos
ENCODING 941
SWIDTH 500 0
DWIDTH 4 0
BBX 3 8 0 0
BITMAP
20
20
00
60
80
40
80
60
ENDCHAR
STARTCHAR etatonos
ENCODING 942
SWIDTH 600 0
DWIDTH 5 0
BBX 4 10 0 -2
BITMAP
20
20
00
E0
90
90
90
90
10
10
ENDCHAR
STARTCHAR iotatonos
ENCODING 943
SWIDTH 300 0
DWIDTH 2 0
BBX 1 8 0 0
BITMAP
80
80
00
80
80
80
80
80
ENDCHAR
STARTCHAR upsilondieresistonos
ENCODING 944
SWIDTH 600 0
DWIDTH 5 0
BBX 4 8 0 0
BITMAP
20
70
00
90
90
90
90
60
ENDCHAR
STARTCHAR alpha
ENCODING 945
SWIDTH 500 0
DWIDTH 6 0
BBX 5 5 0 0
BITMAP
68
90
90
90
68
ENDCHAR
STARTCHAR beta
ENCODING 946
SWIDTH 600 0
DWIDTH 5 0
BBX 4 9 0 -2
BITMAP
60
90
90
A0
90
90
E0
80
80
ENDCHAR
STARTCHAR gamma
ENCODING 947
SWIDTH 500 0
DWIDTH 6 0
BBX 5 7 0 -2
BITMAP
88
88
50
50
20
20
20
ENDCHAR
STARTCHAR delta
ENCODING 948
SWIDTH 600 0
DWIDTH 5 0
BBX 4 7 0 0
BITMAP
70
40
60
90
90
90
60
ENDCHAR
STARTCHAR epsilon
ENCODING 949
SWIDTH 500 0
DWIDTH 4 0
BBX 3 5 0 0
BITMAP
60
80
40
80
60
ENDCHAR
STARTCHAR zeta
ENCODING 950
SWIDTH 400 0
DWIDTH 5 0
BBX 4 9 0 -2
BITMAP
F0
10
20
40
80
80
60
10
10
ENDCHAR
STARTCHAR eta
ENCODING 951
SWIDTH 600 0
DWIDTH 5 0
BBX 4 7 0 -2
BITMAP
E0
90
90
90
90
10
10
ENDCHAR
STARTCHAR theta
ENCODING 952
SWIDTH 600 0
DWIDTH 5 0
BBX 4 7 0 0
BITMAP
60
90
90
F0
90
90
60
ENDCHAR
STARTCHAR iota
ENCODING 953
SWIDTH 300 0
DWIDTH 2 0
BBX 1 5 0 0
BITMAP
80
80
80
80
80
ENDCHAR
STARTCHAR kappa
ENCODING 954
SWIDTH 500 0
DWIDTH 5 0
BBX 4 5 0 0
BITMAP
90
A0
C0
A0
90
ENDCHAR
STARTCHAR lambda
ENCODING 955
SWIDTH 500 0
DWIDTH 6 0
BBX 5 7 0 0
BITMAP
C0
20
20
20
50
88
88
ENDCHAR
STARTCHAR mu
ENCODING 956
SWIDTH 600 0
DWIDTH 5 0
BBX 4 7 0 -2
BITMAP
90
90
90
90
F0
80
80
ENDCHAR
STARTCHAR nu
ENCODING 957
SWIDTH 500 0
DWIDTH 6 0
BBX 5 5 0 0
BITMAP
88
88
48
50
20
ENDCHAR
STARTCHAR xi
ENCODING 958
SWIDTH 400 0
DWIDTH 4 0
BBX 3 9 0 -2
BITMAP
E0
40
80
40
80
80
40
20
20
ENDCHAR
STARTCHAR omicron
ENCODING 959
SWIDTH 600 0
DWIDTH 5 0
BBX 4 5 0 0
BITMAP
60
90
90
90
60
ENDCHAR
STARTCHAR pi
ENCODING 960
SWIDTH 700 0
DWIDTH 6 0
BBX 5 5 0 0
BITMAP
F8
50
50
50
48
ENDCHAR
STARTCHAR rho
ENCODING 961
SWIDTH 600 0
DWIDTH 5 0
BBX 4 7 0 -2
BITMAP
60
90
90
90
E0
80
80
ENDCHAR
STARTCHAR sigma1
ENCODING 962
SWIDTH 500 0
DWIDTH 4 0
BBX 3 7 0 -2
BITMAP
60
80
80
80
40
20
20
ENDCHAR
STARTCHAR sigma
ENCODING 963
SWIDTH 600 0
DWIDTH 6 0
BBX 5 5 0 0
BITMAP
78
90
90
90
60
ENDCHAR
STARTCHAR tau
ENCODING 964
SWIDTH 300 0
DWIDTH 4 0
BBX 3 5 0 0
BITMAP
E0
40
40
40
20
ENDCHAR
STARTCHAR upsilon
ENCODING 965
SWIDTH 600 0
DWIDTH 5 0
BBX 4 5 0 0
BITMAP
90
90
90
90
60
ENDCHAR
STARTCHAR phi
ENCODING 966
SWIDTH 600 0
DWIDTH 6 0
BBX 5 7 0 -2
BITMAP
50
A8
A8
A8
70
20
20
ENDCHAR
STARTCHAR chi
ENCODING 967
SWIDTH 500 0
DWIDTH 8 0
BBX 7 7 0 -2
BITMAP
44
28
10
10
28
44
44
ENDCHAR
STARTCHAR psi
ENCODING 968
SWIDTH 700 0
DWIDTH 6 0
BBX 5 8 0 -2
BITMAP
20
A8
A8
A8
A8
70
20
20
ENDCHAR
STARTCHAR omega
ENCODING 969
SWIDTH 800 0
DWIDTH 8 0
BBX 7 5 0 0
BITMAP
44
82
92
92
6C
ENDCHAR
STARTCHAR iotadieresis
ENCODING 970
SWIDTH 300 0
DWIDTH 4 0
BBX 3 7 0 0
BITMAP
A0
00
40
40
40
40
40
ENDCHAR
STARTCHAR upsilondieresis
ENCODING 971
SWIDTH 600 0
DWIDTH 5 0
BBX 4 7 0 0
BITMAP
50
00
90
90
90
90
60
ENDCHAR
STARTCHAR omicrontonos
ENCODING 972
SWIDTH 600 0
DWIDTH 5 0
BBX 4 8 0 0
BITMAP
20
20
00
60
90
90
90
60
ENDCHAR
STARTCHAR upsilontonos
ENCODING 973
SWIDTH 600 0
DWIDTH 5 0
BBX 4 8 0 0
BITMAP
20
20
00
90
90
90
90
60
ENDCHAR
STARTCHAR omegatonos
ENCODING 974
SWIDTH 800 0
DWIDTH 8 0
BBX 7 8 0 0
BITMAP
10
10
00
44
82
92
92
6C
ENDCHAR
STARTCHAR afii10023
ENCODING 1025
SWIDTH 700 0
DWIDTH 6 0
BBX 5 9 0 0
BITMAP
50
00
F8
80
80
F8
80
80
F8
ENDCHAR
STARTCHAR afii10051
ENCODING 1026
SWIDTH 900 0
DWIDTH 8 0
BBX 7 7 0 0
BITMAP
F8
20
3C
22
22
22
2C
ENDCHAR
STARTCHAR afii10052
ENCODING 1027
SWIDTH 500 0
DWIDTH 5 0
BBX 4 10 0 0
BITMAP
20
40
00
F0
80
80
80
80
80
80
ENDCHAR
STARTCHAR afii10053
ENCODING 1028
SWIDTH 700 0
DWIDTH 6 0
BBX 5 7 0 0
BITMAP
70
88
80
E0
80
88
70
ENDCHAR
STARTCHAR afii10054
ENCODING 1029
SWIDTH 700 0
DWIDTH 6 0
BBX 5 7 0 0
BITMAP
70
88
80
70
08
88
70
ENDCHAR
STARTCHAR afii10055
ENCODING 1030
SWIDTH 300 0
DWIDTH 2 0
BBX 1 7 0 0
BITMAP
80
80
80
80
80
80
80
ENDCHAR
STARTCHAR afii10056
ENCODING 1031
SWIDTH 300 0
DWIDTH 4 0
BBX 3 9 0 0
BITMAP
A0
00
40
40
40
40
40
40
40
ENDCHAR
STARTCHAR afii10057
ENCODING 1032
SWIDTH 500 0
DWIDTH 5 0
BBX 4 7 0 0
BITMAP
30
10
10
10
10
90
60
ENDCHAR
STARTCHAR afii10058
ENCODING 1033
SWIDTH 1100 0
DWIDTH 11 0
BBX 10 7 0 0
BITMAP
3C00
2400
2400
2780
4440
4440
8780
ENDCHAR
STARTCHAR afii10059
ENCODING 1034
SWIDTH 1000 0
DWIDTH 9 0
BBX 8 7 0 0
BITMAP
88
88
88
FE
89
89
8E
ENDCHAR
STARTCHAR afii10060
ENCODING 1035
SWIDTH 800 0
DWIDTH 8 0
BBX 7 7 0 0
BITMAP
FC
20
3C
22
22
22
22
ENDCHAR
STARTCHAR afii10061
ENCODING 1036
SWIDTH 600 0
DWIDTH 6 0
BBX 5 10 0 0
BITMAP
10
20
00
88
90
A0
E0
90
90
88
ENDCHAR
STARTCHAR afii10062
ENCODING 1038
SWIDTH 600 0
DWIDTH 7 0
BBX 6 10 0 0
BITMAP
48
30
00
84
48
48
30
10
20
C0
ENDCHAR
STARTCHAR afii10145
ENCODING 1039
SWIDTH 700 0
DWIDTH 6 0
BBX 5 9 0 -2
BITMAP
88
88
88
88
88
88
F8
20
20
ENDCHAR
STARTCHAR afii10017
ENCODING 1040
SWIDTH 700 0
DWIDTH 8 0
BBX 7 7 0 0
BITMAP
10
28
28
44
7C
44
82
ENDCHAR
STARTCHAR afii10018
ENCODING 1041
SWIDTH 700 0
DWIDTH 6 0
BBX 5 7 0 0
BITMAP
F0
80
80
F0
88
88
F0
ENDCHAR
STARTCHAR afii10019
ENCODING 1042
SWIDTH 700 0
DWIDTH 6 0
BBX 5 7 0 0
BITMAP
F0
88
88
F0
88
88
F0
ENDCHAR
STARTCHAR afii10020
ENCODING 1043
SWIDTH 500 0
DWIDTH 5 0
BBX 4 7 0 0
BITMAP
F0
80
80
80
80
80
80
ENDCHAR
STARTCHAR afii10021
ENCODING 1044
SWIDTH 700 0
DWIDTH 8 0
BBX 7 9 0 -2
BITMAP
3C
24
24
24
44
44
FE
82
82
ENDCHAR
STARTCHAR afii10022
ENCODING 1045
SWIDTH 700 0
DWIDTH 6 0
BBX 5 7 0 0
BITMAP
F8
80
80
F8
80
80
F8
ENDCHAR
STARTCHAR afii10024
ENCODING 1046
SWIDTH 900 0
DWIDTH 10 0
BBX 9 7 0 0
BITMAP
8880
4900
2A00
3E00
2A00
4900
8880
ENDCHAR
STARTCHAR afii10025
ENCODING 1047
SWIDTH 600 0
DWIDTH 6 0
BBX 5 7 0 0
BITMAP
70
88
08
30
08
88
70
ENDCHAR
STARTCHAR afii10026
ENCODING 1048
SWIDTH 700 0
DWIDTH 6 0
BBX 5 7 0 0
BITMAP
88
98
98
A8
C8
C8
88
ENDCHAR
STARTCHAR afii10027
ENCODING 1049
SWIDTH 700 0
DWIDTH 6 0
BBX 5 10 0 0
BITMAP
48
30
00
88
98
98
A8
C8
C8
88
ENDCHAR
STARTCHAR afii10028
ENCODING 1050
SWIDTH 600 0
DWIDTH 6 0
BBX 5 7 0 0
BITMAP
88
90
A0
E0
90
90
88
ENDCHAR
STARTCHAR afii10029
ENCODING 1051
SWIDTH 700 0
DWIDTH 7 0
BBX 6 7 0 0
BITMAP
3C
24
24
44
44
44
84
ENDCHAR
STARTCHAR afii10030
ENCODING 1052
SWIDTH 900 0
DWIDTH 8 0
BBX 7 7 0 0
BITMAP
82
C6
C6
AA
AA
92
92
ENDCHAR
STARTCHAR afii10031
ENCODING 1053
SWIDTH 700 0
DWIDTH 6 0
BBX 5 7 0 0
BITMAP
88
88
88
F8
88
88
88
ENDCHAR
STARTCHAR afii10032
ENCODING 1054
SWIDTH 800 0
DWIDTH 7 0
BBX 6 7 0 0
BITMAP
78
84
84
84
84
84
78
ENDCHAR
STARTCHAR afii10033
ENCODING 1055
SWIDTH 700 0
DWIDTH 6 0
BBX 5 7 0 0
BITMAP
F8
88
88
88
88
88
88
ENDCHAR
STARTCHAR afii10034
ENCODING 1056
SWIDTH 700 0
DWIDTH 6 0
BBX 5 7 0 0
BITMAP
F0
88
88
F0
80
80
80
ENDCHAR
STARTCHAR afii10035
ENCODING 1057
SWIDTH 700 0
DWIDTH 6 0
BBX 5 7 0 0
BITMAP
70
88
80
80
80
88
70
ENDCHAR
STARTCHAR afii10036
ENCODING 1058
SWIDTH 700 0
DWIDTH 6 0
BBX 5 7 0 0
BITMAP
F8
20
20
20
20
20
20
ENDCHAR
STARTCHAR afii10037
ENCODING 1059
SWIDTH 600 0
DWIDTH 7 0
BBX 6 7 0 0
BITMAP
84
48
48
30
10
20
C0
ENDCHAR
STARTCHAR afii10038
ENCODING 1060
SWIDTH 700 0
DWIDTH 8 0
BBX 7 7 0 0
BITMAP
10
7C
92
92
92
7C
10
ENDCHAR
STARTCHAR afii10039
ENCODING 1061
SWIDTH 700 0
DWIDTH 6 0
BBX 5 7 0 0
BITMAP
88
50
50
20
50
50
88
ENDCHAR
STARTCHAR afii10040
ENCODING 1062
SWIDTH 700 0
DWIDTH 7 0
BBX 6 9 0 -2
BITMAP
88
88
88
88
88
88
FC
04
04
ENDCHAR
STARTCHAR afii10041
ENCODING 1063
SWIDTH 700 0
DWIDTH 6 0
BBX 5 7 0 0
BITMAP
88
88
88
88
78
08
08
ENDCHAR
STARTCHAR afii10042
ENCODING 1064
SWIDTH 900 0
DWIDTH 8 0
BBX 7 7 0 0
BITMAP
92
92
92
92
92
92
FE
ENDCHAR
STARTCHAR afii10043
ENCODING 1065
SWIDTH 900 0
DWIDTH 9 0
BBX 8 9 0 -2
BITMAP
92
92
92
92
92
92
FF
01
01
ENDCHAR
STARTCHAR afii10044
ENCODING 1066
SWIDTH 800 0
DWIDTH 8 0
BBX 7 7 0 0
BITMAP
E0
20
20
3C
22
22
3C
ENDCHAR
STARTCHAR afii10045
ENCODING 1067
SWIDTH 900 0
DWIDTH 8 0
BBX 7 7 0 0
BITMAP
82
82
82
F2
8A
8A
F2
ENDCHAR
STARTCHAR afii10046
ENCODING 1068
SWIDTH 700 0
DWIDTH 6 0
BBX 5 7 0 0
BITMAP
80
80
80
F0
88
88
F0
ENDCHAR
STARTCHAR afii10047
ENCODING 1069
SWIDTH 700 0
DWIDTH 6 0
BBX 5 7 0 0
BITMAP
70
88
08
38
08
88
70
ENDCHAR
STARTCHAR afii10048
ENCODING 1070
SWIDTH 1000 0
DWIDTH 9 0
BBX 8 7 0 0
BITMAP
9E
A1
A1
E1
A1
A1
9E
ENDCHAR
STARTCHAR afii10049
ENCODING 1071
SWIDTH 700 0
DWIDTH 6 0
BBX 5 7 0 0
BITMAP
78
88
88
78
28
48
88
ENDCHAR
STARTCHAR afii10065
ENCODING 1072
SWIDTH 600 0
DWIDTH 6 0
BBX 5 5 0 0
BITMAP
E0
10
70
90
68
ENDCHAR
STARTCHAR afii10066
ENCODING 1073
SWIDTH 600 0
DWIDTH 5 0
BBX 4 7 0 0
BITMAP
70
80
F0
90
90
90
F0
ENDCHAR
STARTCHAR afii10067
ENCODING 1074
SWIDTH 500 0
DWIDTH 4 0
BBX 3 5 0 0
BITMAP
C0
A0
C0
A0
C0
ENDCHAR
STARTCHAR afii10068
ENCODING 1075
SWIDTH 400 0
DWIDTH 4 0
BBX 3 5 0 0
BITMAP
E0
80
80
80
80
ENDCHAR
STARTCHAR afii10069
ENCODING 1076
SWIDTH 600 0
DWIDTH 7 0
BBX 6 7 0 -2
BITMAP
38
28
48
48
FC
84
84
ENDCHAR
STARTCHAR afii10070
ENCODING 1077
SWIDTH 600 0
DWIDTH 5 0
BBX 4 5 0 0
BITMAP
60
90
F0
80
70
ENDCHAR
STARTCHAR afii10072
ENCODING 1078
SWIDTH 600 0
DWIDTH 6 0
BBX 5 5 0 0
BITMAP
A8
A8
70
A8
A8
ENDCHAR
STARTCHAR afii10073
ENCODING 1079
SWIDTH 400 0
DWIDTH 5 0
BBX 4 5 0 0
BITMAP
E0
10
60
10
E0
ENDCHAR
STARTCHAR afii10074
ENCODING 1080
SWIDTH 600 0
DWIDTH 5 0
BBX 4 5 0 0
BITMAP
90
B0
D0
90
90
ENDCHAR
STARTCHAR afii10075
ENCODING 1081
SWIDTH 600 0
DWIDTH 5 0
BBX 4 8 0 0
BITMAP
90
60
00
90
B0
D0
90
90
ENDCHAR
STARTCHAR afii10076
ENCODING 1082
SWIDTH 500 0
DWIDTH 5 0
BBX 4 5 0 0
BITMAP
90
A0
C0
A0
90
ENDCHAR
STARTCHAR afii10077
ENCODING 1083
SWIDTH 600 0
DWIDTH 6 0
BBX 5 5 0 0
BITMAP
38
28
48
48
88
ENDCHAR
STARTCHAR afii10078
ENCODING 1084
SWIDTH 700 0
DWIDTH 6 0
BBX 5 5 0 0
BITMAP
88
D8
D8
A8
A8
ENDCHAR
STARTCHAR afii10079
ENCODING 1085
SWIDTH 600 0
DWIDTH 5 0
BBX 4 5 0 0
BITMAP
90
90
F0
90
90
ENDCHAR
STARTCHAR afii10080
ENCODING 1086
SWIDTH 600 0
DWIDTH 5 0
BBX 4 5 0 0
BITMAP
60
90
90
90
60
ENDCHAR
STARTCHAR afii10081
ENCODING 1087
SWIDTH 600 0
DWIDTH 5 0
BBX 4 5 0 0
BITMAP
F0
90
90
90
90
ENDCHAR
STARTCHAR afii10082
ENCODING 1088
SWIDTH 600 0
DWIDTH 5 0
BBX 4 7 0 -2
BITMAP
E0
90
90
90
E0
80
80
ENDCHAR
STARTCHAR afii10083
ENCODING 1089
SWIDTH 600 0
DWIDTH 5 0
BBX 4 5 0 0
BITMAP
70
80
80
80
70
ENDCHAR
STARTCHAR afii10084
ENCODING 1090
SWIDTH 500 0
DWIDTH 6 0
BBX 5 5 0 0
BITMAP
F8
20
20
20
20
ENDCHAR
STARTCHAR afii10085
ENCODING 1091
SWIDTH 500 0
DWIDTH 6 0
BBX 5 7 0 -2
BITMAP
88
88
50
50
20
20
C0
ENDCHAR
STARTCHAR afii10086
ENCODING 1092
SWIDTH 900 0
DWIDTH 8 0
BBX 7 9 0 -2
BITMAP
10
10
7C
92
92
92
7C
10
10
ENDCHAR
STARTCHAR afii10087
ENCODING 1093
SWIDTH 500 0
DWIDTH 4 0
BBX 3 5 0 0
BITMAP
A0
A0
40
A0
A0
ENDCHAR
STARTCHAR afii10088
ENCODING 1094
SWIDTH 600 0
DWIDTH 6 0
BBX 5 7 0 -2
BITMAP
90
90
90
90
F8
08
08
ENDCHAR
STARTCHAR afii10089
ENCODING 1095
SWIDTH 500 0
DWIDTH 5 0
BBX 4 5 0 0
BITMAP
90
90
70
10
10
ENDCHAR
STARTCHAR afii10090
ENCODING 1096
SWIDTH 700 0
DWIDTH 6 0
BBX 5 5 0 0
BITMAP
A8
A8
A8
A8
F8
ENDCHAR
STARTCHAR afii10091
ENCODING 1097
SWIDTH 700 0
DWIDTH 7 0
BBX 6 7 0 -2
BITMAP
A8
A8
A8
A8
FC
04
04
ENDCHAR
STARTCHAR afii10092
ENCODING 1098
SWIDTH 600 0
DWIDTH 5 0
BBX 4 5 0 0
BITMAP
C0
40
60
50
60
ENDCHAR
STARTCHAR afii10093
ENCODING 1099
SWIDTH 700 0
DWIDTH 6 0
BBX 5 5 0 0
BITMAP
88
88
E8
98
E8
ENDCHAR
STARTCHAR afii10094
ENCODING 1100
SWIDTH 600 0
DWIDTH 5 0
BBX 4 5 0 0
BITMAP
80
80
E0
90
E0
ENDCHAR
STARTCHAR afii10095
ENCODING 1101
SWIDTH 500 0
DWIDTH 5 0
BBX 4 5 0 0
BITMAP
E0
10
F0
10
E0
ENDCHAR
STARTCHAR afii10096
ENCODING 1102
SWIDTH 800 0
DWIDTH 7 0
BBX 6 5 0 0
BITMAP
98
A4
E4
A4
98
ENDCHAR
STARTCHAR afii10097
ENCODING 1103
SWIDTH 500 0
DWIDTH 5 0
BBX 4 5 0 0
BITMAP
70
90
70
50
90
ENDCHAR
STARTCHAR afii10071
ENCODING 1105
SWIDTH 600 0
DWIDTH 5 0
BBX 4 7 0 0
BITMAP
50
00
60
90
F0
80
70
ENDCHAR
STARTCHAR afii10099
ENCODING 1106
SWIDTH 600 0
DWIDTH 6 0
BBX 5 9 0 -2
BITMAP
40
E0
40
70
48
48
48
08
10
ENDCHAR
STARTCHAR afii10100
ENCODING 1107
SWIDTH 400 0
DWIDTH 4 0
BBX 3 8 0 0
BITMAP
20
40
00
E0
80
80
80
80
ENDCHAR
STARTCHAR afii10101
ENCODING 1108
SWIDTH 600 0
DWIDTH 5 0
BBX 4 5 0 0
BITMAP
70
80
E0
80
70
ENDCHAR
STARTCHAR afii10102
ENCODING 1109
SWIDTH 400 0
DWIDTH 4 0
BBX 3 5 0 0
BITMAP
60
80
40
20
C0
ENDCHAR
STARTCHAR afii10103
ENCODING 1110
SWIDTH 300 0
DWIDTH 2 0
BBX 1 7 0 0
BITMAP
80
00
80
80
80
80
80
ENDCHAR
STARTCHAR afii10104
ENCODING 1111
SWIDTH 300 0
DWIDTH 4 0
BBX 3 7 0 0
BITMAP
A0
00
40
40
40
40
40
ENDCHAR
STARTCHAR afii10105
ENCODING 1112
SWIDTH 300 0
DWIDTH 3 0
BBX 2 9 0 -2
BITMAP
40
00
40
40
40
40
40
40
80
ENDCHAR
STARTCHAR afii10106
ENCODING 1113
SWIDTH 800 0
DWIDTH 8 0
BBX 7 5 0 0
BITMAP
70
50
5C
52
9C
ENDCHAR
STARTCHAR afii10107
ENCODING 1114
SWIDTH 800 0
DWIDTH 7 0
BBX 6 5 0 0
BITMAP
A0
A0
F8
A4
B8
ENDCHAR
STARTCHAR afii10108
ENCODING 1115
SWIDTH 600 0
DWIDTH 6 0
BBX 5 7 0 0
BITMAP
40
E0
40
70
48
48
48
ENDCHAR
STARTCHAR afii10109
ENCODING 1116
SWIDTH 500 0
DWIDTH 5 0
BBX 4 8 0 0
BITMAP
10
20
00
90
A0
C0
A0
90
ENDCHAR
STARTCHAR afii10110
ENCODING 1118
SWIDTH 500 0
DWIDTH 6 0
BBX 5 10 0 -2
BITMAP
48
30
00
88
88
50
50
20
20
C0
ENDCHAR
STARTCHAR afii10193
ENCODING 1119
SWIDTH 600 0
DWIDTH 5 0
BBX 4 7 0 -2
BITMAP
90
90
90
90
F0
20
20
ENDCHAR
STARTCHAR afii10050
ENCODING 1168
SWIDTH 500 0
DWIDTH 5 0
BBX 4 9 0 0
BITMAP
10
10
F0
80
80
80
80
80
80
ENDCHAR
STARTCHAR afii10098
ENCODING 1169
SWIDTH 400 0
DWIDTH 4 0
BBX 3 7 0 0
BITMAP
20
20
E0
80
80
80
80
ENDCHAR
STARTCHAR uni1E3E
ENCODING 7742
SWIDTH 800 0
DWIDTH 7 0
BBX 6 10 0 0
BITMAP
18
30
00
84
CC
CC
B4
B4
B4
84
ENDCHAR
STARTCHAR uni1E3F
ENCODING 7743
SWIDTH 900 0
DWIDTH 8 0
BBX 7 9 0 0
BITMAP
08
08
10
24
DA
92
92
92
92
ENDCHAR
STARTCHAR Wgrave
ENCODING 7808
SWIDTH 900 0
DWIDTH 10 0
BBX 9 10 0 0
BITMAP
1000
0800
0000
8880
8880
5500
5500
5500
2200
2200
ENDCHAR
STARTCHAR wgrave
ENCODING 7809
SWIDTH 700 0
DWIDTH 6 0
BBX 5 8 0 0
BITMAP
40
20
00
A8
A8
A8
50
50
ENDCHAR
STARTCHAR Wacute
ENCODING 7810
SWIDTH 900 0
DWIDTH 10 0
BBX 9 10 0 0
BITMAP
0400
0800
0000
8880
8880
5500
5500
5500
2200
2200
ENDCHAR
STARTCHAR wacute
ENCODING 7811
SWIDTH 700 0
DWIDTH 6 0
BBX 5 8 0 0
BITMAP
10
20
00
A8
A8
A8
50
50
ENDCHAR
STARTCHAR Wdieresis
ENCODING 7812
SWIDTH 900 0
DWIDTH 10 0
BBX 9 9 0 0
BITMAP
1400
0000
8880
8880
5500
5500
5500
2200
2200
ENDCHAR
STARTCHAR wdieresis
ENCODING 7813
SWIDTH 700 0
DWIDTH 6 0
BBX 5 7 0 0
BITMAP
50
00
A8
A8
A8
50
50
ENDCHAR
STARTCHAR uni1EA0
ENCODING 7840
SWIDTH 600 0
DWIDTH 7 0
BBX 6 9 0 -2
BITMAP
30
30
48
48
78
84
84
00
30
ENDCHAR
STARTCHAR uni1EA1
ENCODING 7841
SWIDTH 600 0
DWIDTH 5 0
BBX 4 8 0 -2
BITMAP
60
90
30
D0
90
F0
00
40
ENDCHAR
STARTCHAR uni1EA2
ENCODING 7842
SWIDTH 600 0
DWIDTH 7 0
BBX 6 10 0 0
BITMAP
30
10
00
30
30
48
48
78
84
84
ENDCHAR
STARTCHAR uni1EA3
ENCODING 7843
SWIDTH 600 0
DWIDTH 5 0
BBX 4 9 0 0
BITMAP
40
20
40
60
90
30
D0
90
F0
ENDCHAR
STARTCHAR uni1EA4
ENCODING 7844
SWIDTH 600 0
DWIDTH 7 0
BBX 6 10 0 0
BITMAP
04
38
00
30
30
48
48
78
84
84
ENDCHAR
STARTCHAR uni1EA5
ENCODING 7845
SWIDTH 600 0
DWIDTH 6 0
BBX 5 9 0 0
BITMAP
08
70
90
60
90
30
D0
90
F0
ENDCHAR
STARTCHAR uni1EA6
ENCODING 7846
SWIDTH 600 0
DWIDTH 7 0
BBX 6 10 0 0
BITMAP
40
30
00
30
30
48
48
78
84
84
ENDCHAR
STARTCHAR uni1EA7
ENCODING 7847
SWIDTH 600 0
DWIDTH 6 0
BBX 5 9 0 0
BITMAP
80
70
48
30
48
18
68
48
78
ENDCHAR
STARTCHAR uni1EA8
ENCODING 7848
SWIDTH 600 0
DWIDTH 7 0
BBX 6 10 0 0
BITMAP
08
38
00
30
30
48
48
78
84
84
ENDCHAR
STARTCHAR uni1EA9
ENCODING 7849
SWIDTH 600 0
DWIDTH 5 0
BBX 4 9 0 0
BITMAP
10
70
90
60
90
30
D0
90
F0
ENDCHAR
STARTCHAR uni1EAA
ENCODING 7850
SWIDTH 600 0
DWIDTH 7 0
BBX 6 10 0 0
BITMAP
78
30
00
30
30
48
48
78
84
84
ENDCHAR
STARTCHAR uni1EAB
ENCODING 7851
SWIDTH 600 0
DWIDTH 5 0
BBX 4 9 0 0
BITMAP
F0
60
90
60
90
30
D0
90
F0
ENDCHAR
STARTCHAR uni1EAC
ENCODING 7852
SWIDTH 600 0
DWIDTH 7 0
BBX 6 11 0 -2
BITMAP
78
00
30
30
48
48
78
84
84
00
30
ENDCHAR
STARTCHAR uni1EAD
ENCODING 7853
SWIDTH 600 0
DWIDTH 5 0
BBX 4 10 0 -2
BITMAP
60
90
60
90
30
D0
90
F0
00
40
ENDCHAR
STARTCHAR uni1EAE
ENCODING 7854
SWIDTH 600 0
DWIDTH 7 0
BBX 6 11 0 0
BITMAP
10
58
30
00
30
30
48
48
78
84
84
ENDCHAR
STARTCHAR uni1EAF
ENCODING 7855
SWIDTH 600 0
DWIDTH 5 0
BBX 4 9 0 0
BITMAP
20
90
60
60
90
30
D0
90
F0
ENDCHAR
STARTCHAR uni1EB0
ENCODING 7856
SWIDTH 600 0
DWIDTH 7 0
BBX 6 11 0 0
BITMAP
20
68
30
00
30
30
48
48
78
84
84
ENDCHAR
STARTCHAR uni1EB1
ENCODING 7857
SWIDTH 600 0
DWIDTH 5 0
BBX 4 9 0 0
BITMAP
40
90
60
60
90
30
D0
90
F0
ENDCHAR
STARTCHAR uni1EB2
ENCODING 7858
SWIDTH 600 0
DWIDTH 7 0
BBX 6 11 0 0
BITMAP
20
58
30
00
30
30
48
48
78
84
84
ENDCHAR
STARTCHAR uni1EB3
ENCODING 7859
SWIDTH 600 0
DWIDTH 5 0
BBX 4 9 0 0
BITMAP
60
90
60
60
90
30
D0
90
F0
ENDCHAR
STARTCHAR uni1EB4
ENCODING 7860
SWIDTH 600 0
DWIDTH 7 0
BBX 6 11 0 0
BITMAP
28
50
38
00
30
30
48
48
78
84
84
ENDCHAR
STARTCHAR uni1EB5
ENCODING 7861
SWIDTH 600 0
DWIDTH 5 0
BBX 4 9 0 0
BITMAP
70
90
60
60
90
30
D0
90
F0
ENDCHAR
STARTCHAR uni1EB6
ENCODING 7862
SWIDTH 600 0
DWIDTH 7 0
BBX 6 11 0 -2
BITMAP
78
00
30
30
48
48
78
84
84
00
30
ENDCHAR
STARTCHAR uni1EB7
ENCODING 7863
SWIDTH 600 0
DWIDTH 5 0
BBX 4 10 0 -2
BITMAP
90
60
60
90
30
D0
90
F0
00
40
ENDCHAR
STARTCHAR uni1EB8
ENCODING 7864
SWIDTH 600 0
DWIDTH 5 0
BBX 4 9 0 -2
BITMAP
F0
80
80
F0
80
80
F0
00
20
ENDCHAR
STARTCHAR uni1EB9
ENCODING 7865
SWIDTH 600 0
DWIDTH 5 0
BBX 4 8 0 -2
BITMAP
60
90
90
F0
80
F0
00
60
ENDCHAR
STARTCHAR uni1EBA
ENCODING 7866
SWIDTH 600 0
DWIDTH 5 0
BBX 4 10 0 0
BITMAP
60
20
00
F0
80
80
F0
80
80
F0
ENDCHAR
STARTCHAR uni1EBB
ENCODING 7867
SWIDTH 600 0
DWIDTH 5 0
BBX 4 9 0 0
BITMAP
40
20
40
60
90
90
F0
80
F0
ENDCHAR
STARTCHAR uni1EBC
ENCODING 7868
SWIDTH 600 0
DWIDTH 5 0
BBX 4 9 0 0
BITMAP
F0
00
F0
80
80
F0
80
80
F0
ENDCHAR
STARTCHAR uni1EBD
ENCODING 7869
SWIDTH 600 0
DWIDTH 5 0
BBX 4 8 0 0
BITMAP
D0
A0
60
90
90
F0
80
F0
ENDCHAR
STARTCHAR uni1EBE
ENCODING 7870
SWIDTH 600 0
DWIDTH 6 0
BBX 5 10 0 0
BITMAP
08
70
00
F0
80
80
F0
80
80
F0
ENDCHAR
STARTCHAR uni1EBF
ENCODING 7871
SWIDTH 600 0
DWIDTH 6 0
BBX 5 9 0 0
BITMAP
08
70
90
60
90
90
F0
80
F0
ENDCHAR
STARTCHAR uni1EC0
ENCODING 7872
SWIDTH 600 0
DWIDTH 5 0
BBX 4 10 0 0
BITMAP
80
70
00
F0
80
80
F0
80
80
F0
ENDCHAR
STARTCHAR uni1EC1
ENCODING 7873
SWIDTH 600 0
DWIDTH 6 0
BBX 5 9 0 0
BITMAP
80
70
48
30
48
48
78
40
78
ENDCHAR
STARTCHAR uni1EC2
ENCODING 7874
SWIDTH 600 0
DWIDTH 6 0
BBX 5 10 0 0
BITMAP
18
70
00
F0
80
80
F0
80
80
F0
ENDCHAR
STARTCHAR uni1EC3
ENCODING 7875
SWIDTH 600 0
DWIDTH 5 0
BBX 4 9 0 0
BITMAP
10
70
90
60
90
90
F0
80
F0
ENDCHAR
STARTCHAR uni1EC4
ENCODING 7876
SWIDTH 600 0
DWIDTH 5 0
BBX 4 10 0 0
BITMAP
F0
70
00
F0
80
80
F0
80
80
F0
ENDCHAR
STARTCHAR uni1EC5
ENCODING 7877
SWIDTH 600 0
DWIDTH 5 0
BBX 4 9 0 0
BITMAP
E0
60
90
60
90
90
F0
80
F0
ENDCHAR
STARTCHAR uni1EC6
ENCODING 7878
SWIDTH 600 0
DWIDTH 5 0
BBX 4 11 0 -2
BITMAP
70
00
F0
80
80
F0
80
80
F0
00
20
ENDCHAR
STARTCHAR uni1EC7
ENCODING 7879
SWIDTH 600 0
DWIDTH 5 0
BBX 4 10 0 -2
BITMAP
60
90
60
90
90
F0
80
F0
00
60
ENDCHAR
STARTCHAR uni1EC8
ENCODING 7880
SWIDTH 300 0
DWIDTH 2 0
BBX 1 10 0 0
BITMAP
80
80
00
80
80
80
80
80
80
80
ENDCHAR
STARTCHAR uni1EC9
ENCODING 7881
SWIDTH 300 0
DWIDTH 2 0
BBX 1 9 0 0
BITMAP
80
80
80
00
80
80
80
80
80
ENDCHAR
STARTCHAR uni1ECA
ENCODING 7882
SWIDTH 300 0
DWIDTH 2 0
BBX 1 9 0 -2
BITMAP
80
80
80
80
80
80
80
00
80
ENDCHAR
STARTCHAR uni1ECB
ENCODING 7883
SWIDTH 300 0
DWIDTH 2 0
BBX 1 10 0 -2
BITMAP
80
00
00
80
80
80
80
80
00
80
ENDCHAR
STARTCHAR uni1ECC
ENCODING 7884
SWIDTH 700 0
DWIDTH 7 0
BBX 6 9 0 -2
BITMAP
F8
84
84
84
84
88
78
00
20
ENDCHAR
STARTCHAR uni1ECD
ENCODING 7885
SWIDTH 600 0
DWIDTH 6 0
BBX 5 8 0 -2
BITMAP
60
90
90
88
90
F0
00
60
ENDCHAR
STARTCHAR uni1ECE
ENCODING 7886
SWIDTH 700 0
DWIDTH 7 0
BBX 6 10 0 0
BITMAP
20
30
20
D8
84
84
84
84
88
78
ENDCHAR
STARTCHAR uni1ECF
ENCODING 7887
SWIDTH 600 0
DWIDTH 6 0
BBX 5 9 0 0
BITMAP
40
20
40
60
90
90
88
90
F0
ENDCHAR
STARTCHAR uni1ED0
ENCODING 7888
SWIDTH 700 0
DWIDTH 7 0
BBX 6 10 0 0
BITMAP
08
70
20
D8
84
84
84
84
88
78
ENDCHAR
STARTCHAR uni1ED1
ENCODING 7889
SWIDTH 600 0
DWIDTH 6 0
BBX 5 9 0 0
BITMAP
08
70
90
60
90
90
88
90
F0
ENDCHAR
STARTCHAR uni1ED2
ENCODING 7890
SWIDTH 700 0
DWIDTH 7 0
BBX 6 10 0 0
BITMAP
80
70
20
D8
84
84
84
84
88
78
ENDCHAR
STARTCHAR uni1ED3
ENCODING 7891
SWIDTH 600 0
DWIDTH 7 0
BBX 6 9 0 0
BITMAP
80
70
48
30
48
48
84
48
78
ENDCHAR
STARTCHAR uni1ED4
ENCODING 7892
SWIDTH 700 0
DWIDTH 7 0
BBX 6 10 0 0
BITMAP
08
70
20
D8
84
84
84
84
88
78
ENDCHAR
STARTCHAR uni1ED5
ENCODING 7893
SWIDTH 600 0
DWIDTH 6 0
BBX 5 9 0 0
BITMAP
10
70
90
60
90
90
88
90
F0
ENDCHAR
STARTCHAR uni1ED6
ENCODING 7894
SWIDTH 700 0
DWIDTH 7 0
BBX 6 10 0 0
BITMAP
70
70
20
D8
84
84
84
84
88
78
ENDCHAR
STARTCHAR uni1ED7
ENCODING 7895
SWIDTH 600 0
DWIDTH 6 0
BBX 5 9 0 0
BITMAP
70
E0
90
60
90
90
88
90
F0
ENDCHAR
STARTCHAR uni1ED8
ENCODING 7896
SWIDTH 700 0
DWIDTH 7 0
BBX 6 11 0 -2
BITMAP
70
20
D8
84
84
84
84
88
78
00
20
ENDCHAR
STARTCHAR uni1ED9
ENCODING 7897
SWIDTH 600 0
DWIDTH 6 0
BBX 5 10 0 -2
BITMAP
60
90
60
90
90
88
90
F0
00
60
ENDCHAR
STARTCHAR uni1EDA
ENCODING 7898
SWIDTH 700 0
DWIDTH 7 0
BBX 6 10 0 0
BITMAP
10
24
24
58
84
84
84
84
88
78
ENDCHAR
STARTCHAR uni1EDB
ENCODING 7899
SWIDTH 600 0
DWIDTH 6 0
BBX 5 9 0 0
BITMAP
10
20
48
68
90
90
88
90
F0
ENDCHAR
STARTCHAR uni1EDC
ENCODING 7900
SWIDTH 700 0
DWIDTH 7 0
BBX 6 10 0 0
BITMAP
40
24
24
58
84
84
84
84
88
78
ENDCHAR
STARTCHAR uni1EDD
ENCODING 7901
SWIDTH 600 0
DWIDTH 6 0
BBX 5 9 0 0
BITMAP
C0
40
28
68
90
90
88
90
F0
ENDCHAR
STARTCHAR uni1EDE
ENCODING 7902
SWIDTH 700 0
DWIDTH 7 0
BBX 6 10 0 0
BITMAP
20
34
24
58
84
84
84
84
88
78
ENDCHAR
STARTCHAR uni1EDF
ENCODING 7903
SWIDTH 600 0
DWIDTH 6 0
BBX 5 9 0 0
BITMAP
40
20
48
68
90
90
88
90
F0
ENDCHAR
STARTCHAR uni1EE0
ENCODING 7904
SWIDTH 700 0
DWIDTH 7 0
BBX 6 9 0 0
BITMAP
7C
24
58
84
84
84
84
88
78
ENDCHAR
STARTCHAR uni1EE1
ENCODING 7905
SWIDTH 600 0
DWIDTH 6 0
BBX 5 8 0 0
BITMAP
D0
A8
68
90
90
88
90
F0
ENDCHAR
STARTCHAR uni1EE2
ENCODING 7906
SWIDTH 700 0
DWIDTH 7 0
BBX 6 11 0 -2
BITMAP
04
24
58
84
84
84
84
88
78
00
20
ENDCHAR
STARTCHAR uni1EE3
ENCODING 7907
SWIDTH 600 0
DWIDTH 6 0
BBX 5 9 0 -2
BITMAP
08
68
90
90
88
90
F0
00
60
ENDCHAR
STARTCHAR uni1EE4
ENCODING 7908
SWIDTH 700 0
DWIDTH 6 0
BBX 5 9 0 -2
BITMAP
88
88
88
88
88
88
70
00
20
ENDCHAR
STARTCHAR uni1EE5
ENCODING 7909
SWIDTH 600 0
DWIDTH 5 0
BBX 4 7 0 -2
BITMAP
90
90
90
90
F0
00
60
ENDCHAR
STARTCHAR uni1EE6
ENCODING 7910
SWIDTH 700 0
DWIDTH 6 0
BBX 5 10 0 0
BITMAP
20
30
00
88
88
88
88
88
88
70
ENDCHAR
STARTCHAR uni1EE7
ENCODING 7911
SWIDTH 600 0
DWIDTH 5 0
BBX 4 9 0 0
BITMAP
40
20
40
00
90
90
90
90
F0
ENDCHAR
STARTCHAR uni1EE8
ENCODING 7912
SWIDTH 700 0
DWIDTH 8 0
BBX 7 10 0 0
BITMAP
10
22
04
88
88
88
88
88
88
70
ENDCHAR
STARTCHAR uni1EE9
ENCODING 7913
SWIDTH 600 0
DWIDTH 6 0
BBX 5 9 0 0
BITMAP
30
20
48
08
90
90
90
90
F0
ENDCHAR
STARTCHAR uni1EEA
ENCODING 7914
SWIDTH 700 0
DWIDTH 8 0
BBX 7 10 0 0
BITMAP
40
22
04
88
88
88
88
88
88
70
ENDCHAR
STARTCHAR uni1EEB
ENCODING 7915
SWIDTH 600 0
DWIDTH 6 0
BBX 5 9 0 0
BITMAP
C0
40
28
08
90
90
90
90
F0
ENDCHAR
STARTCHAR uni1EEC
ENCODING 7916
SWIDTH 700 0
DWIDTH 8 0
BBX 7 10 0 0
BITMAP
20
32
04
88
88
88
88
88
88
70
ENDCHAR
STARTCHAR uni1EED
ENCODING 7917
SWIDTH 600 0
DWIDTH 6 0
BBX 5 9 0 0
BITMAP
40
20
48
08
90
90
90
90
F0
ENDCHAR
STARTCHAR uni1EEE
ENCODING 7918
SWIDTH 700 0
DWIDTH 8 0
BBX 7 9 0 0
BITMAP
7A
04
88
88
88
88
88
88
70
ENDCHAR
STARTCHAR uni1EEF
ENCODING 7919
SWIDTH 600 0
DWIDTH 6 0
BBX 5 8 0 0
BITMAP
D0
A8
08
90
90
90
90
F0
ENDCHAR
STARTCHAR uni1EF0
ENCODING 7920
SWIDTH 700 0
DWIDTH 8 0
BBX 7 11 0 -2
BITMAP
02
04
88
88
88
88
88
88
70
00
20
ENDCHAR
STARTCHAR uni1EF1
ENCODING 7921
SWIDTH 600 0
DWIDTH 6 0
BBX 5 9 0 -2
BITMAP
08
08
90
90
90
90
F0
00
20
ENDCHAR
STARTCHAR Ygrave
ENCODING 7922
SWIDTH 700 0
DWIDTH 8 0
BBX 7 10 0 0
BITMAP
20
10
00
82
44
28
10
10
10
10
ENDCHAR
STARTCHAR ygrave
ENCODING 7923
SWIDTH 500 0
DWIDTH 6 0
BBX 5 10 0 -2
BITMAP
40
20
00
88
88
50
50
20
20
C0
ENDCHAR
STARTCHAR uni1EF4
ENCODING 7924
SWIDTH 500 0
DWIDTH 6 0
BBX 5 9 0 -2
BITMAP
88
50
50
20
20
20
20
00
20
ENDCHAR
STARTCHAR uni1EF5
ENCODING 7925
SWIDTH 500 0
DWIDTH 6 0
BBX 5 7 0 -2
BITMAP
88
50
50
30
20
20
E8
ENDCHAR
STARTCHAR uni1EF6
ENCODING 7926
SWIDTH 500 0
DWIDTH 6 0
BBX 5 10 0 0
BITMAP
20
30
00
88
50
50
20
20
20
20
ENDCHAR
STARTCHAR uni1EF7
ENCODING 7927
SWIDTH 500 0
DWIDTH 6 0
BBX 5 11 0 -2
BITMAP
20
10
20
00
88
50
50
30
20
20
E0
ENDCHAR
STARTCHAR uni1EF8
ENCODING 7928
SWIDTH 500 0
DWIDTH 6 0
BBX 5 9 0 0
BITMAP
78
00
88
50
50
20
20
20
20
ENDCHAR
STARTCHAR uni1EF9
ENCODING 7929
SWIDTH 500 0
DWIDTH 6 0
BBX 5 10 0 -2
BITMAP
68
50
00
88
50
50
30
20
20
E0
ENDCHAR
STARTCHAR uni2002
ENCODING 8194
SWIDTH 500 0
DWIDTH 3 0
BBX 0 0 0 0
BITMAP
ENDCHAR
STARTCHAR uni2003
ENCODING 8195
SWIDTH 1000 0
DWIDTH 3 0
BBX 0 0 0 0
BITMAP
ENDCHAR
STARTCHAR uni2010
ENCODING 8208
SWIDTH 300 0
DWIDTH 4 0
BBX 3 1 0 2
BITMAP
E0
ENDCHAR
STARTCHAR uni2011
ENCODING 8209
SWIDTH 300 0
DWIDTH 4 0
BBX 3 1 0 2
BITMAP
E0
ENDCHAR
STARTCHAR figuredash
ENCODING 8210
SWIDTH 300 0
DWIDTH 4 0
BBX 3 1 0 2
BITMAP
E0
ENDCHAR
STARTCHAR endash
ENCODING 8211
SWIDTH 600 0
DWIDTH 7 0
BBX 6 1 0 2
BITMAP
FC
ENDCHAR
STARTCHAR emdash
ENCODING 8212
SWIDTH 1000 0
DWIDTH 11 0
BBX 10 1 0 2
BITMAP
FFC0
ENDCHAR
STARTCHAR afii00208
ENCODING 8213
SWIDTH 1000 0
DWIDTH 11 0
BBX 10 1 0 2
BITMAP
FFC0
ENDCHAR
STARTCHAR uni2016
ENCODING 8214
SWIDTH 1000 0
DWIDTH 3 0
BBX 2 10 0 -1
BITMAP
C0
C0
C0
C0
C0
C0
C0
C0
C0
C0
ENDCHAR
STARTCHAR underscoredbl
ENCODING 8215
SWIDTH 600 0
DWIDTH 7 0
BBX 6 2 0 -2
BITMAP
FC
FC
ENDCHAR
STARTCHAR quoteleft
ENCODING 8216
SWIDTH 200 0
DWIDTH 2 0
BBX 1 2 0 5
BITMAP
80
80
ENDCHAR
STARTCHAR quoteright
ENCODING 8217
SWIDTH 200 0
DWIDTH 2 0
BBX 1 2 0 5
BITMAP
80
80
ENDCHAR
STARTCHAR quotesinglbase
ENCODING 8218
SWIDTH 200 0
DWIDTH 2 0
BBX 1 2 0 -1
BITMAP
80
80
ENDCHAR
STARTCHAR quotereversed
ENCODING 8219
SWIDTH 200 0
DWIDTH 2 0
BBX 1 2 0 5
BITMAP
80
80
ENDCHAR
STARTCHAR quotedblleft
ENCODING 8220
SWIDTH 300 0
DWIDTH 4 0
BBX 3 2 0 5
BITMAP
A0
A0
ENDCHAR
STARTCHAR quotedblright
ENCODING 8221
SWIDTH 300 0
DWIDTH 4 0
BBX 3 2 0 5
BITMAP
A0
A0
ENDCHAR
STARTCHAR quotedblbase
ENCODING 8222
SWIDTH 300 0
DWIDTH 4 0
BBX 3 2 0 -1
BITMAP
A0
A0
ENDCHAR
STARTCHAR dagger
ENCODING 8224
SWIDTH 600 0
DWIDTH 6 0
BBX 5 8 0 -1
BITMAP
20
20
F8
20
20
20
20
20
ENDCHAR
STARTCHAR daggerdbl
ENCODING 8225
SWIDTH 600 0
DWIDTH 6 0
BBX 5 8 0 -1
BITMAP
20
20
F8
20
20
F8
20
20
ENDCHAR
STARTCHAR bullet
ENCODING 8226
SWIDTH 400 0
DWIDTH 4 0
BBX 3 3 0 2
BITMAP
40
E0
40
ENDCHAR
STARTCHAR uni2025
ENCODING 8229
SWIDTH 1000 0
DWIDTH 7 0
BBX 6 1 0 3
BITMAP
84
ENDCHAR
STARTCHAR ellipsis
ENCODING 8230
SWIDTH 1000 0
DWIDTH 8 0
BBX 7 1 0 0
BITMAP
92
ENDCHAR
STARTCHAR uni2027
ENCODING 8231
SWIDTH 1000 0
DWIDTH 3 0
BBX 2 2 0 3
BITMAP
C0
C0
ENDCHAR
STARTCHAR perthousand
ENCODING 8240
SWIDTH 1000 0
DWIDTH 10 0
BBX 9 7 0 0
BITMAP
4800
A800
B000
6900
3680
5680
4900
ENDCHAR
STARTCHAR minute
ENCODING 8242
SWIDTH 200 0
DWIDTH 3 0
BBX 2 3 0 4
BITMAP
40
40
80
ENDCHAR
STARTCHAR second
ENCODING 8243
SWIDTH 400 0
DWIDTH 5 0
BBX 4 3 0 4
BITMAP
50
50
A0
ENDCHAR
STARTCHAR uni2035
ENCODING 8245
SWIDTH 1000 0
DWIDTH 4 0
BBX 3 1 0 8
BITMAP
E0
ENDCHAR
STARTCHAR guilsinglleft
ENCODING 8249
SWIDTH 300 0
DWIDTH 3 0
BBX 2 4 0 1
BITMAP
40
80
80
40
ENDCHAR
STARTCHAR guilsinglright
ENCODING 8250
SWIDTH 300 0
DWIDTH 3 0
BBX 2 4 0 1
BITMAP
80
40
40
80
ENDCHAR
STARTCHAR uni203B
ENCODING 8251
SWIDTH 1000 0
DWIDTH 9 0
BBX 8 7 0 0
BITMAP
DB
24
5A
DB
24
5A
99
ENDCHAR
STARTCHAR exclamdbl
ENCODING 8252
SWIDTH 500 0
DWIDTH 4 0
BBX 3 7 0 0
BITMAP
A0
A0
A0
A0
A0
00
A0
ENDCHAR
STARTCHAR uni203E
ENCODING 8254
SWIDTH 300 0
DWIDTH 5 0
BBX 4 1 0 7
BITMAP
F0
ENDCHAR
STARTCHAR uni2042
ENCODING 8258
SWIDTH 1000 0
DWIDTH 9 0
BBX 8 8 0 0
BITMAP
10
34
3C
10
42
DB
66
DB
ENDCHAR
STARTCHAR fraction
ENCODING 8260
SWIDTH 200 0
DWIDTH 5 0
BBX 4 7 0 0
BITMAP
10
10
20
20
40
80
80
ENDCHAR
STARTCHAR uni2047
ENCODING 8263
SWIDTH 900 0
DWIDTH 10 0
BBX 9 8 0 0
BITMAP
6200
9500
1080
1100
2200
2200
0000
2200
ENDCHAR
STARTCHAR uni2048
ENCODING 8264
SWIDTH 800 0
DWIDTH 8 0
BBX 7 8 0 0
BITMAP
60
94
14
14
24
24
00
26
ENDCHAR
STARTCHAR uni2049
ENCODING 8265
SWIDTH 800 0
DWIDTH 7 0
BBX 6 8 0 0
BITMAP
18
A4
84
84
88
88
00
98
ENDCHAR
STARTCHAR uni2051
ENCODING 8273
SWIDTH 1000 0
DWIDTH 5 0
BBX 4 8 0 0
BITMAP
40
F0
D0
40
40
D0
60
D0
ENDCHAR
STARTCHAR uni2074
ENCODING 8308
SWIDTH 400 0
DWIDTH 5 0
BBX 4 5 0 4
BITMAP
20
60
60
B0
20
ENDCHAR
STARTCHAR uni207F
ENCODING 8319
SWIDTH 400 0
DWIDTH 4 0
BBX 3 4 0 3
BITMAP
C0
A0
A0
A0
ENDCHAR
STARTCHAR franc
ENCODING 8355
SWIDTH 600 0
DWIDTH 6 0
BBX 5 7 0 0
BITMAP
78
40
40
78
40
F0
40
ENDCHAR
STARTCHAR lira
ENCODING 8356
SWIDTH 600 0
DWIDTH 6 0
BBX 5 7 0 0
BITMAP
38
40
F0
40
F0
40
F8
ENDCHAR
STARTCHAR peseta
ENCODING 8359
SWIDTH 1000 0
DWIDTH 11 0
BBX 10 7 0 0
BITMAP
E000
9000
9400
EEC0
8580
8440
8380
ENDCHAR
STARTCHAR uni20A9
ENCODING 8361
SWIDTH 600 0
DWIDTH 7 0
BBX 6 7 0 0
BITMAP
A8
A8
B8
FC
58
58
58
ENDCHAR
STARTCHAR uni20AB
ENCODING 8363
SWIDTH 600 0
DWIDTH 5 0
BBX 4 7 0 0
BITMAP
70
10
F0
90
90
70
F0
ENDCHAR
STARTCHAR Euro
ENCODING 8364
SWIDTH 600 0
DWIDTH 6 0
BBX 5 7 0 0
BITMAP
38
40
F0
40
F0
40
38
ENDCHAR
STARTCHAR uni20DD
ENCODING 8413
SWIDTH 0 0
DWIDTH 11 0
BBX 10 9 0 -1
BITMAP
3F00
4080
8040
8040
8040
8040
4080
6180
1E00
ENDCHAR
STARTCHAR uni20DE
ENCODING 8414
SWIDTH 0 0
DWIDTH 11 0
BBX 10 9 0 -1
BITMAP
FFC0
8040
8040
8040
8040
8040
8040
8040
FFC0
ENDCHAR
STARTCHAR uni2100
ENCODING 8448
SWIDTH 1000 0
DWIDTH 9 0
BBX 8 7 0 0
BITMAP
F2
A4
A8
4B
14
24
47
ENDCHAR
STARTCHAR uni2103
ENCODING 8451
SWIDTH 1000 0
DWIDTH 11 0
BBX 10 8 0 0
BITMAP
4100
A680
EC00
0800
0800
0800
0440
0780
ENDCHAR
STARTCHAR afii61248
ENCODING 8453
SWIDTH 900 0
DWIDTH 8 0
BBX 7 7 0 0
BITMAP
64
88
88
74
2A
2A
44
ENDCHAR
STARTCHAR uni2109
ENCODING 8457
SWIDTH 1000 0
DWIDTH 9 0
BBX 8 8 0 0
BITMAP
40
AF
E8
08
0F
08
08
08
ENDCHAR
STARTCHAR uni210A
ENCODING 8458
SWIDTH 1000 0
DWIDTH 7 0
BBX 6 9 0 -3
BITMAP
14
68
48
88
58
68
90
90
60
ENDCHAR
STARTCHAR uni210F
ENCODING 8463
SWIDTH 1000 0
DWIDTH 6 0
BBX 5 8 0 0
BITMAP
20
78
40
78
48
48
48
88
ENDCHAR
STARTCHAR afii61289
ENCODING 8467
SWIDTH 300 0
DWIDTH 5 0
BBX 4 7 0 0
BITMAP
20
50
50
60
C0
40
30
ENDCHAR
STARTCHAR afii61352
ENCODING 8470
SWIDTH 1100 0
DWIDTH 11 0
BBX 10 7 0 0
BITMAP
8400
C400
A480
A540
9480
8C00
85C0
ENDCHAR
STARTCHAR uni2121
ENCODING 8481
SWIDTH 1000 0
DWIDTH 11 0
BBX 10 7 0 0
BITMAP
F000
4F00
4900
4D00
4900
4900
4FC0
ENDCHAR
STARTCHAR trademark
ENCODING 8482
SWIDTH 1000 0
DWIDTH 10 0
BBX 9 4 0 3
BITMAP
E880
4D80
4D80
4A80
ENDCHAR
STARTCHAR u2126
ENCODING 8486
SWIDTH 800 0
DWIDTH 7 0
BBX 6 7 0 0
BITMAP
78
84
84
84
84
48
CC
ENDCHAR
STARTCHAR uni2127
ENCODING 8487
SWIDTH 1000 0
DWIDTH 7 0
BBX 6 7 0 0
BITMAP
CC
84
84
84
84
84
78
ENDCHAR
STARTCHAR uni212B
ENCODING 8491
SWIDTH 1000 0
DWIDTH 7 0
BBX 6 10 0 0
BITMAP
30
48
30
30
30
48
48
78
84
84
ENDCHAR
STARTCHAR estimated
ENCODING 8494
SWIDTH 600 0
DWIDTH 6 0
BBX 5 5 0 0
BITMAP
70
88
F8
80
70
ENDCHAR
STARTCHAR uni2135
ENCODING 8501
SWIDTH 1000 0
DWIDTH 7 0
BBX 6 8 0 0
BITMAP
90
8C
48
68
90
88
84
84
ENDCHAR
STARTCHAR uni213B
ENCODING 8507
SWIDTH 1000 0
DWIDTH 10 0
BBX 9 7 0 0
BITMAP
DA80
9B00
9900
D900
9B00
A680
A480
ENDCHAR
STARTCHAR oneeighth
ENCODING 8539
SWIDTH 800 0
DWIDTH 9 0
BBX 8 7 0 0
BITMAP
C4
44
48
EF
12
25
22
ENDCHAR
STARTCHAR threeeighths
ENCODING 8540
SWIDTH 800 0
DWIDTH 9 0
BBX 8 7 0 0
BITMAP
E4
44
28
CF
12
25
22
ENDCHAR
STARTCHAR fiveeighths
ENCODING 8541
SWIDTH 800 0
DWIDTH 9 0
BBX 8 7 0 0
BITMAP
E4
C4
28
CF
12
25
22
ENDCHAR
STARTCHAR seveneighths
ENCODING 8542
SWIDTH 800 0
DWIDTH 8 0
BBX 7 7 0 0
BITMAP
E8
28
50
5E
24
4A
44
ENDCHAR
STARTCHAR uni2160
ENCODING 8544
SWIDTH 1000 0
DWIDTH 2 0
BBX 1 7 0 0
BITMAP
80
80
80
80
80
80
80
ENDCHAR
STARTCHAR uni2161
ENCODING 8545
SWIDTH 1000 0
DWIDTH 5 0
BBX 4 7 0 0
BITMAP
90
90
90
90
90
90
90
ENDCHAR
STARTCHAR uni2162
ENCODING 8546
SWIDTH 1000 0
DWIDTH 7 0
BBX 6 7 0 0
BITMAP
A4
A4
A4
A4
A4
A4
A4
ENDCHAR
STARTCHAR uni2163
ENCODING 8547
SWIDTH 1000 0
DWIDTH 8 0
BBX 7 7 0 0
BITMAP
A2
A2
A4
94
94
94
88
ENDCHAR
STARTCHAR uni2164
ENCODING 8548
SWIDTH 1000 0
DWIDTH 7 0
BBX 6 7 0 0
BITMAP
84
48
48
48
30
30
30
ENDCHAR
STARTCHAR uni2165
ENCODING 8549
SWIDTH 1000 0
DWIDTH 8 0
BBX 7 7 0 0
BITMAP
8A
8A
4A
52
52
52
22
ENDCHAR
STARTCHAR uni2166
ENCODING 8550
SWIDTH 1000 0
DWIDTH 10 0
BBX 9 7 0 0
BITMAP
8A80
4A80
5280
5280
5280
3280
2280
ENDCHAR
STARTCHAR uni2167
ENCODING 8551
SWIDTH 1000 0
DWIDTH 10 0
BBX 9 7 0 0
BITMAP
9580
9580
A580
6580
6580
6580
6580
ENDCHAR
STARTCHAR uni2168
ENCODING 8552
SWIDTH 1000 0
DWIDTH 8 0
BBX 7 7 0 0
BITMAP
A2
94
94
88
94
94
A2
ENDCHAR
STARTCHAR uni2169
ENCODING 8553
SWIDTH 1000 0
DWIDTH 7 0
BBX 6 7 0 0
BITMAP
CC
48
30
30
30
48
CC
ENDCHAR
STARTCHAR uni216A
ENCODING 8554
SWIDTH 1000 0
DWIDTH 8 0
BBX 7 7 0 0
BITMAP
8A
52
32
22
52
52
8A
ENDCHAR
STARTCHAR uni216B
ENCODING 8555
SWIDTH 1000 0
DWIDTH 10 0
BBX 9 7 0 0
BITMAP
CA80
5280
2280
2280
5280
5280
8A80
ENDCHAR
STARTCHAR uni2170
ENCODING 8560
SWIDTH 1000 0
DWIDTH 3 0
BBX 2 8 0 0
BITMAP
C0
00
00
80
80
80
80
80
ENDCHAR
STARTCHAR uni2171
ENCODING 8561
SWIDTH 1000 0
DWIDTH 5 0
BBX 4 8 0 0
BITMAP
90
00
00
90
90
90
90
90
ENDCHAR
STARTCHAR uni2172
ENCODING 8562
SWIDTH 1000 0
DWIDTH 7 0
BBX 6 8 0 0
BITMAP
B4
00
00
A4
A4
A4
A4
A4
ENDCHAR
STARTCHAR uni2173
ENCODING 8563
SWIDTH 1000 0
DWIDTH 8 0
BBX 7 8 0 0
BITMAP
80
00
00
A2
94
94
94
88
ENDCHAR
STARTCHAR uni2174
ENCODING 8564
SWIDTH 1000 0
DWIDTH 5 0
BBX 4 5 0 0
BITMAP
90
90
50
60
60
ENDCHAR
STARTCHAR uni2175
ENCODING 8565
SWIDTH 1000 0
DWIDTH 8 0
BBX 7 8 0 0
BITMAP
02
00
00
8A
52
52
52
22
ENDCHAR
STARTCHAR uni2176
ENCODING 8566
SWIDTH 1000 0
DWIDTH 10 0
BBX 9 8 0 0
BITMAP
0280
0000
0000
8A80
5280
5280
5280
2280
ENDCHAR
STARTCHAR uni2177
ENCODING 8567
SWIDTH 1000 0
DWIDTH 11 0
BBX 10 8 0 0
BITMAP
0FC0
0000
0000
9680
A680
6680
6680
6680
ENDCHAR
STARTCHAR uni2178
ENCODING 8568
SWIDTH 1000 0
DWIDTH 8 0
BBX 7 8 0 0
BITMAP
80
00
22
94
98
88
94
A6
ENDCHAR
STARTCHAR uni2179
ENCODING 8569
SWIDTH 1000 0
DWIDTH 5 0
BBX 4 5 0 0
BITMAP
90
60
60
60
90
ENDCHAR
STARTCHAR uni217A
ENCODING 8570
SWIDTH 1000 0
DWIDTH 8 0
BBX 7 8 0 0
BITMAP
02
00
88
52
32
22
52
CA
ENDCHAR
STARTCHAR uni217B
ENCODING 8571
SWIDTH 1000 0
DWIDTH 10 0
BBX 9 8 0 0
BITMAP
0680
0000
8800
5280
3280
2280
5280
CA80
ENDCHAR
STARTCHAR arrowleft
ENCODING 8592
SWIDTH 1000 0
DWIDTH 7 0
BBX 6 3 0 0
BITMAP
40
FC
40
ENDCHAR
STARTCHAR arrowup
ENCODING 8593
SWIDTH 500 0
DWIDTH 4 0
BBX 3 6 0 0
BITMAP
40
E0
40
40
40
40
ENDCHAR
STARTCHAR arrowright
ENCODING 8594
SWIDTH 1000 0
DWIDTH 7 0
BBX 6 3 0 0
BITMAP
08
FC
08
ENDCHAR
STARTCHAR arrowdown
ENCODING 8595
SWIDTH 500 0
DWIDTH 4 0
BBX 3 6 0 0
BITMAP
40
40
40
40
E0
40
ENDCHAR
STARTCHAR arrowboth
ENCODING 8596
SWIDTH 1000 0
DWIDTH 7 0
BBX 6 3 0 0
BITMAP
48
FC
48
ENDCHAR
STARTCHAR arrowupdn
ENCODING 8597
SWIDTH 500 0
DWIDTH 4 0
BBX 3 6 0 0
BITMAP
40
E0
40
40
E0
40
ENDCHAR
STARTCHAR uni2196
ENCODING 8598
SWIDTH 1000 0
DWIDTH 8 0
BBX 7 7 0 0
BITMAP
E0
C0
A0
90
08
04
02
ENDCHAR
STARTCHAR uni2197
ENCODING 8599
SWIDTH 1000 0
DWIDTH 8 0
BBX 7 7 0 0
BITMAP
0E
06
0A
12
20
40
80
ENDCHAR
STARTCHAR uni2198
ENCODING 8600
SWIDTH 1000 0
DWIDTH 8 0
BBX 7 6 0 1
BITMAP
C0
20
10
0A
06
0E
ENDCHAR
STARTCHAR uni2199
ENCODING 8601
SWIDTH 1000 0
DWIDTH 8 0
BBX 7 6 0 1
BITMAP
06
08
10
A0
C0
E0
ENDCHAR
STARTCHAR arrowupdnbse
ENCODING 8616
SWIDTH 500 0
DWIDTH 4 0
BBX 3 8 0 -2
BITMAP
40
E0
40
40
E0
40
00
E0
ENDCHAR
STARTCHAR uni21B8
ENCODING 8632
SWIDTH 1000 0
DWIDTH 9 0
BBX 8 8 0 0
BITMAP
FF
70
60
50
48
04
02
01
ENDCHAR
STARTCHAR uni21B9
ENCODING 8633
SWIDTH 1000 0
DWIDTH 11 0
BBX 10 9 0 -1
BITMAP
9000
E000
BFC0
9000
0240
0140
FFC0
0140
0240
ENDCHAR
STARTCHAR uni21C4
ENCODING 8644
SWIDTH 1000 0
DWIDTH 11 0
BBX 10 9 0 -1
BITMAP
0300
0080
FFC0
0300
1000
2000
FFC0
2000
3000
ENDCHAR
STARTCHAR uni21C5
ENCODING 8645
SWIDTH 1000 0
DWIDTH 11 0
BBX 10 9 0 -1
BITMAP
3100
7100
A900
2100
2100
2100
25C0
2300
2100
ENDCHAR
STARTCHAR uni21C6
ENCODING 8646
SWIDTH 1000 0
DWIDTH 11 0
BBX 10 9 0 -1
BITMAP
3000
4000
FFC0
3000
0200
0100
FFC0
0100
0200
ENDCHAR
STARTCHAR uni21CB
ENCODING 8651
SWIDTH 1000 0
DWIDTH 11 0
BBX 10 8 0 0
BITMAP
1000
2000
FFC0
0000
0000
0040
FF80
0300
ENDCHAR
STARTCHAR uni21CC
ENCODING 8652
SWIDTH 1000 0
DWIDTH 11 0
BBX 10 8 0 0
BITMAP
0200
0100
FFC0
0000
0000
8000
7FC0
3000
ENDCHAR
STARTCHAR uni21D0
ENCODING 8656
SWIDTH 1000 0
DWIDTH 11 0
BBX 10 7 0 0
BITMAP
1000
3FC0
4000
C000
3FC0
1000
1000
ENDCHAR
STARTCHAR uni21D2
ENCODING 8658
SWIDTH 1000 0
DWIDTH 11 0
BBX 10 7 0 0
BITMAP
0200
FF00
0080
00C0
FF00
0200
0200
ENDCHAR
STARTCHAR uni21D4
ENCODING 8660
SWIDTH 1000 0
DWIDTH 11 0
BBX 10 7 0 0
BITMAP
1200
3F00
4080
C0C0
3F00
2100
1200
ENDCHAR
STARTCHAR uni21E6
ENCODING 8678
SWIDTH 1000 0
DWIDTH 11 0
BBX 10 7 0 0
BITMAP
1000
2F80
4040
C040
2FC0
1000
0800
ENDCHAR
STARTCHAR uni21E7
ENCODING 8679
SWIDTH 1000 0
DWIDTH 7 0
BBX 6 9 0 -1
BITMAP
30
48
84
48
48
48
48
48
78
ENDCHAR
STARTCHAR uni21E8
ENCODING 8680
SWIDTH 1000 0
DWIDTH 11 0
BBX 10 7 0 0
BITMAP
0200
7D00
8080
80C0
FD00
0200
0400
ENDCHAR
STARTCHAR uni21E9
ENCODING 8681
SWIDTH 1000 0
DWIDTH 7 0
BBX 6 9 0 -1
BITMAP
78
48
48
48
48
84
48
30
20
ENDCHAR
STARTCHAR uni21F5
ENCODING 8693
SWIDTH 1000 0
DWIDTH 11 0
BBX 10 9 0 -1
BITMAP
2100
2380
2540
2100
2100
2100
E900
3100
2100
ENDCHAR
STARTCHAR uni2200
ENCODING 8704
SWIDTH 1000 0
DWIDTH 9 0
BBX 8 8 0 0
BITMAP
81
81
42
3C
24
24
18
10
ENDCHAR
STARTCHAR partialdiff
ENCODING 8706
SWIDTH 500 0
DWIDTH 4 0
BBX 3 7 0 0
BITMAP
C0
20
60
A0
A0
A0
40
ENDCHAR
STARTCHAR uni2203
ENCODING 8707
SWIDTH 1000 0
DWIDTH 7 0
BBX 6 7 0 0
BITMAP
FC
04
04
FC
04
04
FC
ENDCHAR
STARTCHAR uni2205
ENCODING 8709
SWIDTH 1000 0
DWIDTH 9 0
BBX 8 8 0 0
BITMAP
18
66
46
89
91
A1
42
7C
ENDCHAR
STARTCHAR u2206
ENCODING 8710
SWIDTH 600 0
DWIDTH 7 0
BBX 6 7 0 0
BITMAP
30
30
48
48
48
84
FC
ENDCHAR
STARTCHAR uni2207
ENCODING 8711
SWIDTH 1000 0
DWIDTH 7 0
BBX 6 7 0 0
BITMAP
FC
84
84
48
48
30
30
ENDCHAR
STARTCHAR uni2208
ENCODING 8712
SWIDTH 1000 0
DWIDTH 9 0
BBX 8 6 0 1
BITMAP
3F
40
80
FF
80
7F
ENDCHAR
STARTCHAR uni2209
ENCODING 8713
SWIDTH 1000 0
DWIDTH 9 0
BBX 8 8 0 0
BITMAP
08
3F
48
88
FF
88
68
1F
ENDCHAR
STARTCHAR uni220A
ENCODING 8714
SWIDTH 1000 0
DWIDTH 5 0
BBX 4 6 0 0
BITMAP
30
C0
80
F0
80
F0
ENDCHAR
STARTCHAR uni220B
ENCODING 8715
SWIDTH 1000 0
DWIDTH 9 0
BBX 8 6 0 1
BITMAP
FC
02
01
FF
01
FE
ENDCHAR
STARTCHAR product
ENCODING 8719
SWIDTH 800 0
DWIDTH 7 0
BBX 6 9 0 -2
BITMAP
FC
84
84
84
84
84
84
84
84
ENDCHAR
STARTCHAR summation
ENCODING 8721
SWIDTH 700 0
DWIDTH 6 0
BBX 5 9 0 -2
BITMAP
F8
80
40
20
10
20
40
80
F8
ENDCHAR
STARTCHAR minus
ENCODING 8722
SWIDTH 600 0
DWIDTH 6 0
BBX 5 1 0 3
BITMAP
F8
ENDCHAR
STARTCHAR uni2213
ENCODING 8723
SWIDTH 1000 0
DWIDTH 9 0
BBX 8 8 0 0
BITMAP
FF
00
10
10
10
FF
10
10
ENDCHAR
STARTCHAR fraction
ENCODING 8725
SWIDTH 200 0
DWIDTH 5 0
BBX 4 7 0 0
BITMAP
10
10
20
20
40
80
80
ENDCHAR
STARTCHAR periodcentered
ENCODING 8729
SWIDTH 300 0
DWIDTH 2 0
BBX 1 1 0 3
BITMAP
80
ENDCHAR
STARTCHAR radical
ENCODING 8730
SWIDTH 500 0
DWIDTH 6 0
BBX 5 8 0 0
BITMAP
08
08
08
90
50
50
20
20
ENDCHAR
STARTCHAR uni221D
ENCODING 8733
SWIDTH 1000 0
DWIDTH 10 0
BBX 9 4 0 2
BITMAP
7380
8C00
8C00
7380
ENDCHAR
STARTCHAR infinity
ENCODING 8734
SWIDTH 700 0
DWIDTH 8 0
BBX 7 4 0 1
BITMAP
6C
92
92
6C
ENDCHAR
STARTCHAR orthogonal
ENCODING 8735
SWIDTH 1000 0
DWIDTH 8 0
BBX 7 7 0 0
BITMAP
80
80
80
80
80
80
FE
ENDCHAR
STARTCHAR uni2220
ENCODING 8736
SWIDTH 1000 0
DWIDTH 9 0
BBX 8 7 0 0
BITMAP
02
04
08
10
20
40
FF
ENDCHAR
STARTCHAR uni2223
ENCODING 8739
SWIDTH 1000 0
DWIDTH 2 0
BBX 1 7 0 0
BITMAP
80
80
80
80
80
80
80
ENDCHAR
STARTCHAR uni2225
ENCODING 8741
SWIDTH 1000 0
DWIDTH 7 0
BBX 6 8 0 0
BITMAP
10
14
24
28
48
50
90
20
ENDCHAR
STARTCHAR uni2226
ENCODING 8742
SWIDTH 1000 0
DWIDTH 7 0
BBX 6 8 0 0
BITMAP
10
14
64
28
58
58
98
20
ENDCHAR
STARTCHAR uni2227
ENCODING 8743
SWIDTH 1000 0
DWIDTH 9 0
BBX 8 8 0 0
BITMAP
10
18
18
24
24
42
42
81
ENDCHAR
STARTCHAR uni2228
ENCODING 8744
SWIDTH 1000 0
DWIDTH 9 0
BBX 8 8 0 0
BITMAP
81
81
42
42
24
24
18
10
ENDCHAR
STARTCHAR intersection
ENCODING 8745
SWIDTH 700 0
DWIDTH 6 0
BBX 5 5 0 0
BITMAP
70
88
88
88
88
ENDCHAR
STARTCHAR uni222A
ENCODING 8746
SWIDTH 1000 0
DWIDTH 7 0
BBX 6 7 0 0
BITMAP
84
84
84
84
84
84
78
ENDCHAR
STARTCHAR integral
ENCODING 8747
SWIDTH 300 0
DWIDTH 4 0
BBX 3 9 0 -2
BITMAP
20
40
40
40
40
40
40
40
80
ENDCHAR
STARTCHAR uni222C
ENCODING 8748
SWIDTH 1000 0
DWIDTH 9 0
BBX 8 9 0 -1
BITMAP
33
24
24
24
24
24
24
44
CC
ENDCHAR
STARTCHAR uni222D
ENCODING 8749
SWIDTH 1000 0
DWIDTH 11 0
BBX 10 9 0 -1
BITMAP
36C0
2500
2900
2900
2900
2900
2900
2900
DA00
ENDCHAR
STARTCHAR uni222E
ENCODING 8750
SWIDTH 1000 0
DWIDTH 5 0
BBX 4 9 0 -1
BITMAP
30
20
60
D0
D0
60
40
40
C0
ENDCHAR
STARTCHAR uni2234
ENCODING 8756
SWIDTH 1000 0
DWIDTH 7 0
BBX 6 6 0 1
BITMAP
30
20
00
00
00
84
ENDCHAR
STARTCHAR uni2235
ENCODING 8757
SWIDTH 1000 0
DWIDTH 7 0
BBX 6 6 0 1
BITMAP
84
84
00
00
00
30
ENDCHAR
STARTCHAR uni2236
ENCODING 8758
SWIDTH 1000 0
DWIDTH 3 0
BBX 2 6 0 1
BITMAP
C0
80
00
00
00
C0
ENDCHAR
STARTCHAR uni2237
ENCODING 8759
SWIDTH 1000 0
DWIDTH 7 0
BBX 6 6 0 1
BITMAP
84
84
00
00
00
84
ENDCHAR
STARTCHAR uni223D
ENCODING 8765
SWIDTH 1000 0
DWIDTH 11 0
BBX 10 4 0 2
BITMAP
6380
8440
8840
7380
ENDCHAR
STARTCHAR uni2243
ENCODING 8771
SWIDTH 1000 0
DWIDTH 9 0
BBX 8 4 0 2
BITMAP
71
8E
00
FF
ENDCHAR
STARTCHAR uni2245
ENCODING 8773
SWIDTH 1000 0
DWIDTH 9 0
BBX 8 5 0 1
BITMAP
71
8E
FF
00
FF
ENDCHAR
STARTCHAR approxequal
ENCODING 8776
SWIDTH 500 0
DWIDTH 5 0
BBX 4 4 0 1
BITMAP
50
A0
50
A0
ENDCHAR
STARTCHAR uni224C
ENCODING 8780
SWIDTH 1000 0
DWIDTH 11 0
BBX 10 7 0 0
BITMAP
6780
8440
D8C0
2100
7F80
0000
7F80
ENDCHAR
STARTCHAR notequal
ENCODING 8800
SWIDTH 500 0
DWIDTH 5 0
BBX 4 5 0 1
BITMAP
20
F0
40
F0
40
ENDCHAR
STARTCHAR equivalence
ENCODING 8801
SWIDTH 600 0
DWIDTH 6 0
BBX 5 5 0 1
BITMAP
F8
00
F8
00
F8
ENDCHAR
STARTCHAR uni2262
ENCODING 8802
SWIDTH 1000 0
DWIDTH 9 0
BBX 8 7 0 0
BITMAP
0C
FF
08
FF
10
FF
20
ENDCHAR
STARTCHAR lessequal
ENCODING 8804
SWIDTH 500 0
DWIDTH 5 0
BBX 4 6 0 0
BITMAP
10
60
80
60
10
F0
ENDCHAR
STARTCHAR greaterequal
ENCODING 8805
SWIDTH 500 0
DWIDTH 5 0
BBX 4 6 0 0
BITMAP
80
60
10
60
80
F0
ENDCHAR
STARTCHAR uni2266
ENCODING 8806
SWIDTH 1000 0
DWIDTH 9 0
BBX 8 8 0 0
BITMAP
07
38
C0
38
07
00
FF
FF
ENDCHAR
STARTCHAR uni2267
ENCODING 8807
SWIDTH 1000 0
DWIDTH 9 0
BBX 8 8 0 0
BITMAP
E0
1C
03
1C
E0
00
FF
FF
ENDCHAR
STARTCHAR uni226A
ENCODING 8810
SWIDTH 1000 0
DWIDTH 9 0
BBX 8 8 0 0
BITMAP
05
1B
24
48
90
6C
12
09
ENDCHAR
STARTCHAR uni226B
ENCODING 8811
SWIDTH 1000 0
DWIDTH 9 0
BBX 8 8 0 0
BITMAP
A0
D8
24
12
09
36
48
90
ENDCHAR
STARTCHAR uni226E
ENCODING 8814
SWIDTH 1000 0
DWIDTH 9 0
BBX 8 8 0 0
BITMAP
09
0E
18
68
D0
30
1C
13
ENDCHAR
STARTCHAR uni226F
ENCODING 8815
SWIDTH 1000 0
DWIDTH 9 0
BBX 8 8 0 0
BITMAP
88
68
18
0E
13
1C
30
D0
ENDCHAR
STARTCHAR uni2272
ENCODING 8818
SWIDTH 1000 0
DWIDTH 9 0
BBX 8 8 0 0
BITMAP
03
0C
70
E0
1C
03
00
FF
ENDCHAR
STARTCHAR uni2273
ENCODING 8819
SWIDTH 1000 0
DWIDTH 9 0
BBX 8 8 0 0
BITMAP
C0
30
0E
07
38
C0
00
FF
ENDCHAR
STARTCHAR uni2276
ENCODING 8822
SWIDTH 1000 0
DWIDTH 9 0
BBX 8 9 0 -1
BITMAP
07
38
E0
9C
73
0C
07
38
C0
ENDCHAR
STARTCHAR uni2277
ENCODING 8823
SWIDTH 1000 0
DWIDTH 9 0
BBX 8 9 0 -1
BITMAP
E0
1C
07
39
CE
30
E0
1C
03
ENDCHAR
STARTCHAR uni2282
ENCODING 8834
SWIDTH 1000 0
DWIDTH 9 0
BBX 8 6 0 1
BITMAP
3F
40
80
80
80
7F
ENDCHAR
STARTCHAR uni2283
ENCODING 8835
SWIDTH 1000 0
DWIDTH 9 0
BBX 8 6 0 1
BITMAP
FC
02
01
01
01
FE
ENDCHAR
STARTCHAR uni2284
ENCODING 8836
SWIDTH 1000 0
DWIDTH 9 0
BBX 8 8 0 0
BITMAP
02
3F
44
84
88
88
50
2F
ENDCHAR
STARTCHAR uni2285
ENCODING 8837
SWIDTH 1000 0
DWIDTH 9 0
BBX 8 8 0 0
BITMAP
04
FC
0A
11
11
21
26
D8
ENDCHAR
STARTCHAR uni2286
ENCODING 8838
SWIDTH 1000 0
DWIDTH 9 0
BBX 8 8 0 0
BITMAP
3F
40
80
80
40
3F
00
FF
ENDCHAR
STARTCHAR uni2287
ENCODING 8839
SWIDTH 1000 0
DWIDTH 9 0
BBX 8 8 0 0
BITMAP
FC
02
01
01
02
FC
00
FF
ENDCHAR
STARTCHAR uni228A
ENCODING 8842
SWIDTH 1000 0
DWIDTH 9 0
BBX 8 9 0 -1
BITMAP
3F
40
80
80
40
3F
08
FF
10
ENDCHAR
STARTCHAR uni228B
ENCODING 8843
SWIDTH 1000 0
DWIDTH 9 0
BBX 8 9 0 -1
BITMAP
FC
02
01
01
02
FC
08
FF
10
ENDCHAR
STARTCHAR uni2295
ENCODING 8853
SWIDTH 1000 0
DWIDTH 9 0
BBX 8 8 0 0
BITMAP
18
66
52
91
BD
91
52
3C
ENDCHAR
STARTCHAR uni2296
ENCODING 8854
SWIDTH 1000 0
DWIDTH 9 0
BBX 8 8 0 0
BITMAP
18
66
42
81
BD
81
42
3C
ENDCHAR
STARTCHAR uni2297
ENCODING 8855
SWIDTH 1000 0
DWIDTH 9 0
BBX 8 8 0 0
BITMAP
18
66
66
99
99
A5
42
3C
ENDCHAR
STARTCHAR uni2298
ENCODING 8856
SWIDTH 1000 0
DWIDTH 9 0
BBX 8 8 0 0
BITMAP
18
66
46
89
91
A1
42
3C
ENDCHAR
STARTCHAR uni2299
ENCODING 8857
SWIDTH 1000 0
DWIDTH 9 0
BBX 8 8 0 0
BITMAP
18
66
42
81
99
81
42
3C
ENDCHAR
STARTCHAR uni22A0
ENCODING 8864
SWIDTH 1000 0
DWIDTH 9 0
BBX 8 8 0 0
BITMAP
FF
81
A5
99
99
A5
A5
FF
ENDCHAR
STARTCHAR uni22A5
ENCODING 8869
SWIDTH 1000 0
DWIDTH 9 0
BBX 8 7 0 0
BITMAP
10
10
10
10
10
10
FF
ENDCHAR
STARTCHAR uni22BF
ENCODING 8895
SWIDTH 1000 0
DWIDTH 9 0
BBX 8 8 0 0
BITMAP
01
03
05
09
11
21
41
FF
ENDCHAR
STARTCHAR uni22DA
ENCODING 8922
SWIDTH 1000 0
DWIDTH 9 0
BBX 8 9 0 -1
BITMAP
1F
E0
1C
03
FF
70
0F
38
C0
ENDCHAR
STARTCHAR uni22DB
ENCODING 8923
SWIDTH 1000 0
DWIDTH 9 0
BBX 8 9 0 -1
BITMAP
F8
07
38
C0
FF
0E
F0
1C
03
ENDCHAR
STARTCHAR uni22EF
ENCODING 8943
SWIDTH 1000 0
DWIDTH 9 0
BBX 8 1 0 3
BITMAP
99
ENDCHAR
STARTCHAR house
ENCODING 8962
SWIDTH 600 0
DWIDTH 6 0
BBX 5 6 0 0
BITMAP
20
50
88
88
88
F8
ENDCHAR
STARTCHAR uni2305
ENCODING 8965
SWIDTH 1000 0
DWIDTH 7 0
BBX 6 7 0 0
BITMAP
FC
00
30
30
48
84
84
ENDCHAR
STARTCHAR uni2306
ENCODING 8966
SWIDTH 1000 0
DWIDTH 7 0
BBX 6 7 0 0
BITMAP
FC
DC
20
30
48
84
84
ENDCHAR
STARTCHAR uni2307
ENCODING 8967
SWIDTH 1000 0
DWIDTH 3 0
BBX 2 10 0 -1
BITMAP
80
C0
40
40
80
80
C0
40
40
80
ENDCHAR
STARTCHAR revlogicalnot
ENCODING 8976
SWIDTH 600 0
DWIDTH 6 0
BBX 5 3 0 1
BITMAP
F8
80
80
ENDCHAR
STARTCHAR uni2312
ENCODING 8978
SWIDTH 1000 0
DWIDTH 11 0
BBX 10 2 0 6
BITMAP
7F80
8040
ENDCHAR
STARTCHAR uni2318
ENCODING 8984
SWIDTH 1000 0
DWIDTH 9 0
BBX 8 9 0 -1
BITMAP
E7
A5
FF
24
24
7E
A5
A5
C3
ENDCHAR
STARTCHAR integraltp
ENCODING 8992
SWIDTH 600 0
DWIDTH 3 0
BBX 2 11 0 -3
BITMAP
40
80
80
80
80
80
80
80
80
80
80
ENDCHAR
STARTCHAR integralbt
ENCODING 8993
SWIDTH 600 0
DWIDTH 3 0
BBX 2 11 0 -3
BITMAP
40
40
40
40
40
40
40
40
40
40
80
ENDCHAR
STARTCHAR uni2329
ENCODING 9001
SWIDTH 1000 0
DWIDTH 4 0
BBX 3 9 0 -1
BITMAP
20
20
40
80
80
40
40
20
20
ENDCHAR
STARTCHAR uni232A
ENCODING 9002
SWIDTH 1000 0
DWIDTH 4 0
BBX 3 9 0 -1
BITMAP
80
80
40
20
20
40
40
80
80
ENDCHAR
STARTCHAR uni23B0
ENCODING 9136
SWIDTH 1000 0
DWIDTH 3 0
BBX 2 10 0 -1
BITMAP
40
40
80
80
40
40
40
40
40
80
ENDCHAR
STARTCHAR uni23B1
ENCODING 9137
SWIDTH 1000 0
DWIDTH 3 0
BBX 2 10 0 -1
BITMAP
80
40
40
40
40
40
40
80
80
40
ENDCHAR
STARTCHAR uni23BE
ENCODING 9150
SWIDTH 1000 0
DWIDTH 6 0
BBX 5 10 0 -1
BITMAP
F8
80
80
80
80
80
80
80
80
80
ENDCHAR
STARTCHAR uni23BF
ENCODING 9151
SWIDTH 1000 0
DWIDTH 6 0
BBX 5 10 0 -1
BITMAP
80
80
80
80
80
80
80
80
80
F8
ENDCHAR
STARTCHAR uni23C0
ENCODING 9152
SWIDTH 1000 0
DWIDTH 7 0
BBX 6 10 0 -1
BITMAP
20
20
78
A4
A4
A4
A4
68
30
20
ENDCHAR
STARTCHAR uni23C1
ENCODING 9153
SWIDTH 1000 0
DWIDTH 11 0
BBX 10 10 0 -1
BITMAP
FFC0
0800
1E00
2900
2900
4900
2900
1A00
0C00
0800
ENDCHAR
STARTCHAR uni23C2
ENCODING 9154
SWIDTH 1000 0
DWIDTH 11 0
BBX 10 10 0 -1
BITMAP
0800
0800
1E00
2900
2900
4900
2900
1A00
0C00
FFC0
ENDCHAR
STARTCHAR uni23C3
ENCODING 9155
SWIDTH 1000 0
DWIDTH 9 0
BBX 8 10 0 -1
BITMAP
10
10
10
18
34
34
52
91
7E
10
ENDCHAR
STARTCHAR uni23C4
ENCODING 9156
SWIDTH 1000 0
DWIDTH 11 0
BBX 10 10 0 -1
BITMAP
FFC0
0800
0800
0C00
1A00
1A00
2900
4880
3F00
0800
ENDCHAR
STARTCHAR uni23C5
ENCODING 9157
SWIDTH 1000 0
DWIDTH 11 0
BBX 10 10 0 -1
BITMAP
0800
0800
0800
0C00
1A00
1A00
2900
4880
3F00
FFC0
ENDCHAR
STARTCHAR uni23C6
ENCODING 9158
SWIDTH 1000 0
DWIDTH 7 0
BBX 6 10 0 -1
BITMAP
20
20
20
20
E4
94
28
20
20
20
ENDCHAR
STARTCHAR uni23C7
ENCODING 9159
SWIDTH 1000 0
DWIDTH 11 0
BBX 10 10 0 -1
BITMAP
FFC0
0800
0800
0800
3900
2500
0A00
0800
0800
0800
ENDCHAR
STARTCHAR uni23C8
ENCODING 9160
SWIDTH 1000 0
DWIDTH 11 0
BBX 10 10 0 -1
BITMAP
0800
0800
0800
0800
3900
2500
0A00
0800
0800
FFC0
ENDCHAR
STARTCHAR uni23C9
ENCODING 9161
SWIDTH 1000 0
DWIDTH 11 0
BBX 10 10 0 -1
BITMAP
FFC0
0800
0800
0800
0800
0800
0800
0800
0800
0800
ENDCHAR
STARTCHAR uni23CA
ENCODING 9162
SWIDTH 1000 0
DWIDTH 11 0
BBX 10 10 0 -1
BITMAP
0800
0800
0800
0800
0800
0800
0800
0800
0800
FFC0
ENDCHAR
STARTCHAR uni23CB
ENCODING 9163
SWIDTH 1000 0
DWIDTH 6 0
BBX 5 10 0 -1
BITMAP
F8
08
08
08
08
08
08
08
08
08
ENDCHAR
STARTCHAR uni23CC
ENCODING 9164
SWIDTH 1000 0
DWIDTH 6 0
BBX 5 10 0 -1
BITMAP
08
08
08
08
08
08
08
08
08
F8
ENDCHAR
STARTCHAR uni23CE
ENCODING 9166
SWIDTH 1000 0
DWIDTH 10 0
BBX 9 9 0 -1
BITMAP
0380
0280
1280
3280
4C80
8080
4F00
3000
1000
ENDCHAR
STARTCHAR uni23DA
ENCODING 9178
SWIDTH 1000 0
DWIDTH 7 0
BBX 6 8 0 0
BITMAP
10
10
10
10
10
EC
78
30
ENDCHAR
STARTCHAR uni23DB
ENCODING 9179
SWIDTH 1000 0
DWIDTH 11 0
BBX 10 4 0 2
BITMAP
3F00
2100
FFC0
3F00
ENDCHAR
STARTCHAR uni2423
ENCODING 9251
SWIDTH 1000 0
DWIDTH 9 0
BBX 8 2 0 -1
BITMAP
81
FF
ENDCHAR
STARTCHAR uni2460
ENCODING 9312
SWIDTH 1000 0
DWIDTH 11 0
BBX 10 9 0 -1
BITMAP
3F00
4080
8C40
8440
8440
8440
4480
6180
1E00
ENDCHAR
STARTCHAR uni2461
ENCODING 9313
SWIDTH 1000 0
DWIDTH 11 0
BBX 10 9 0 -1
BITMAP
3F00
4C80
9240
8240
8440
8840
5E80
6180
1E00
ENDCHAR
STARTCHAR uni2462
ENCODING 9314
SWIDTH 1000 0
DWIDTH 11 0
BBX 10 9 0 -1
BITMAP
3F00
4C80
9240
8440
8E40
8240
5C80
6180
1E00
ENDCHAR
STARTCHAR uni2463
ENCODING 9315
SWIDTH 1000 0
DWIDTH 11 0
BBX 10 9 0 -1
BITMAP
3F00
4080
8C40
8C40
9440
8E40
4480
6180
1E00
ENDCHAR
STARTCHAR uni2464
ENCODING 9316
SWIDTH 1000 0
DWIDTH 11 0
BBX 10 9 0 -1
BITMAP
3F00
4680
8840
9C40
8240
8240
5C80
6180
1E00
ENDCHAR
STARTCHAR uni2465
ENCODING 9317
SWIDTH 1000 0
DWIDTH 11 0
BBX 10 9 0 -1
BITMAP
3F00
4C80
9240
9C40
9240
9240
4C80
6180
1E00
ENDCHAR
STARTCHAR uni2466
ENCODING 9318
SWIDTH 1000 0
DWIDTH 11 0
BBX 10 9 0 -1
BITMAP
3F00
5C80
8240
8440
8440
8840
4880
6180
1E00
ENDCHAR
STARTCHAR uni2467
ENCODING 9319
SWIDTH 1000 0
DWIDTH 11 0
BBX 10 9 0 -1
BITMAP
3F00
4C80
9240
8A40
9440
9240
4C80
6180
1E00
ENDCHAR
STARTCHAR uni2468
ENCODING 9320
SWIDTH 1000 0
DWIDTH 11 0
BBX 10 9 0 -1
BITMAP
3F00
4C80
9240
9240
8E40
8240
5C80
6180
1E00
ENDCHAR
STARTCHAR uni2469
ENCODING 9321
SWIDTH 1000 0
DWIDTH 11 0
BBX 10 9 0 -1
BITMAP
3F00
4280
B540
9540
9540
9540
5680
6180
1E00
ENDCHAR
STARTCHAR uni246A
ENCODING 9322
SWIDTH 1000 0
DWIDTH 11 0
BBX 10 9 0 -1
BITMAP
3F00
4080
9640
9240
9240
9240
5280
6180
1E00
ENDCHAR
STARTCHAR uni246B
ENCODING 9323
SWIDTH 1000 0
DWIDTH 11 0
BBX 10 9 0 -1
BITMAP
3F00
4280
B540
9140
9240
9440
5780
6180
1E00
ENDCHAR
STARTCHAR uni246C
ENCODING 9324
SWIDTH 1000 0
DWIDTH 11 0
BBX 10 9 0 -1
BITMAP
3F00
4280
B540
9240
9240
9140
5680
6180
1E00
ENDCHAR
STARTCHAR uni246D
ENCODING 9325
SWIDTH 1000 0
DWIDTH 11 0
BBX 10 9 0 -1
BITMAP
3F00
4080
B240
9640
9640
9340
5280
6180
1E00
ENDCHAR
STARTCHAR uni246E
ENCODING 9326
SWIDTH 1000 0
DWIDTH 11 0
BBX 10 9 0 -1
BITMAP
3F00
4380
B440
9640
9140
9140
5680
6180
1E00
ENDCHAR
STARTCHAR uni246F
ENCODING 9327
SWIDTH 1000 0
DWIDTH 11 0
BBX 10 9 0 -1
BITMAP
3F00
4280
B540
9640
9540
9540
5680
6180
1E00
ENDCHAR
STARTCHAR uni2470
ENCODING 9328
SWIDTH 1000 0
DWIDTH 11 0
BBX 10 9 0 -1
BITMAP
3F00
4680
B140
9240
9240
9240
5280
6180
1E00
ENDCHAR
STARTCHAR uni2471
ENCODING 9329
SWIDTH 1000 0
DWIDTH 11 0
BBX 10 9 0 -1
BITMAP
3F00
4280
B540
9540
9740
9540
5680
6180
1E00
ENDCHAR
STARTCHAR uni2472
ENCODING 9330
SWIDTH 1000 0
DWIDTH 11 0
BBX 10 9 0 -1
BITMAP
3F00
4280
B540
9540
9740
9140
5680
6180
1E00
ENDCHAR
STARTCHAR uni2473
ENCODING 9331
SWIDTH 1000 0
DWIDTH 11 0
BBX 10 9 0 -1
BITMAP
3F00
5280
AD40
8D40
9540
9540
7B80
6180
1E00
ENDCHAR
STARTCHAR uni2474
ENCODING 9332
SWIDTH 1000 0
DWIDTH 11 0
BBX 10 9 0 -1
BITMAP
4080
8C40
8440
8440
8440
8440
8440
5E80
4080
ENDCHAR
STARTCHAR uni2475
ENCODING 9333
SWIDTH 1000 0
DWIDTH 11 0
BBX 10 9 0 -1
BITMAP
4080
9E40
8240
8240
8440
8440
8840
5E80
4080
ENDCHAR
STARTCHAR uni2476
ENCODING 9334
SWIDTH 1000 0
DWIDTH 11 0
BBX 10 9 0 -1
BITMAP
4080
9E40
8240
8240
8C40
8240
9240
5E80
4080
ENDCHAR
STARTCHAR uni2477
ENCODING 9335
SWIDTH 1000 0
DWIDTH 11 0
BBX 10 9 0 -1
BITMAP
4080
8440
8C40
8C40
9440
BE40
8440
4480
4080
ENDCHAR
STARTCHAR uni2478
ENCODING 9336
SWIDTH 1000 0
DWIDTH 11 0
BBX 10 9 0 -1
BITMAP
4080
9E40
9040
9C40
8240
8240
9240
5C80
4080
ENDCHAR
STARTCHAR uni2479
ENCODING 9337
SWIDTH 1000 0
DWIDTH 11 0
BBX 10 9 0 -1
BITMAP
4480
8A40
9040
9440
9A40
9240
9240
4E80
4080
ENDCHAR
STARTCHAR uni247A
ENCODING 9338
SWIDTH 1000 0
DWIDTH 11 0
BBX 10 9 0 -1
BITMAP
4080
9E40
8440
8440
8440
8840
8840
4880
4080
ENDCHAR
STARTCHAR uni247B
ENCODING 9339
SWIDTH 1000 0
DWIDTH 11 0
BBX 10 9 0 -1
BITMAP
4080
9E40
9240
9A40
9440
9240
9240
5E80
4080
ENDCHAR
STARTCHAR uni247C
ENCODING 9340
SWIDTH 1000 0
DWIDTH 11 0
BBX 10 9 0 -1
BITMAP
4080
9E40
9240
9240
9E40
8240
8240
5C80
4080
ENDCHAR
STARTCHAR uni247D
ENCODING 9341
SWIDTH 1000 0
DWIDTH 11 0
BBX 10 9 0 -1
BITMAP
4280
B540
9540
9540
9940
9540
9540
5680
4080
ENDCHAR
STARTCHAR uni247E
ENCODING 9342
SWIDTH 1000 0
DWIDTH 11 0
BBX 10 9 0 -1
BITMAP
4080
B640
9240
9240
9240
9240
9240
5280
4080
ENDCHAR
STARTCHAR uni247F
ENCODING 9343
SWIDTH 1000 0
DWIDTH 11 0
BBX 10 9 0 -1
BITMAP
4280
B540
9140
9140
9240
9240
9440
5780
4080
ENDCHAR
STARTCHAR uni2480
ENCODING 9344
SWIDTH 1000 0
DWIDTH 11 0
BBX 10 9 0 -1
BITMAP
4280
B540
9140
9140
9340
9140
9140
5F80
4080
ENDCHAR
STARTCHAR uni2481
ENCODING 9345
SWIDTH 1000 0
DWIDTH 11 0
BBX 10 9 0 -1
BITMAP
4080
B240
9240
9540
9540
9F40
9140
5180
4080
ENDCHAR
STARTCHAR uni2482
ENCODING 9346
SWIDTH 1000 0
DWIDTH 11 0
BBX 10 9 0 -1
BITMAP
4080
B740
9440
9640
9140
9140
9140
5E80
4080
ENDCHAR
STARTCHAR uni2483
ENCODING 9347
SWIDTH 1000 0
DWIDTH 11 0
BBX 10 9 0 -1
BITMAP
4280
B540
9440
9A40
9540
9940
9540
5680
4080
ENDCHAR
STARTCHAR uni2484
ENCODING 9348
SWIDTH 1000 0
DWIDTH 11 0
BBX 10 9 0 -1
BITMAP
4080
B740
9240
9240
9240
9240
9240
5480
4080
ENDCHAR
STARTCHAR uni2485
ENCODING 9349
SWIDTH 1000 0
DWIDTH 11 0
BBX 10 9 0 -1
BITMAP
4280
B540
9540
9540
9640
9940
9940
5780
4080
ENDCHAR
STARTCHAR uni2486
ENCODING 9350
SWIDTH 1000 0
DWIDTH 11 0
BBX 10 9 0 -1
BITMAP
4280
B540
9540
9540
9740
9140
9140
5680
4080
ENDCHAR
STARTCHAR uni2487
ENCODING 9351
SWIDTH 1000 0
DWIDTH 11 0
BBX 10 9 0 -1
BITMAP
5080
AF40
8D40
8D40
94C0
9540
A540
7B80
4080
ENDCHAR
STARTCHAR uni2488
ENCODING 9352
SWIDTH 1000 0
DWIDTH 7 0
BBX 6 7 0 0
BITMAP
C0
40
40
40
40
40
F4
ENDCHAR
STARTCHAR uni2489
ENCODING 9353
SWIDTH 1000 0
DWIDTH 8 0
BBX 7 7 0 0
BITMAP
F0
08
10
10
20
40
FA
ENDCHAR
STARTCHAR uni248A
ENCODING 9354
SWIDTH 1000 0
DWIDTH 8 0
BBX 7 7 0 0
BITMAP
70
08
10
30
08
08
F2
ENDCHAR
STARTCHAR uni248B
ENCODING 9355
SWIDTH 1000 0
DWIDTH 9 0
BBX 8 7 0 0
BITMAP
10
30
50
50
F8
10
13
ENDCHAR
STARTCHAR uni248C
ENCODING 9356
SWIDTH 1000 0
DWIDTH 8 0
BBX 7 7 0 0
BITMAP
78
40
60
58
08
08
F2
ENDCHAR
STARTCHAR uni248D
ENCODING 9357
SWIDTH 1000 0
DWIDTH 9 0
BBX 8 7 0 0
BITMAP
78
40
80
F8
88
48
73
ENDCHAR
STARTCHAR uni248E
ENCODING 9358
SWIDTH 1000 0
DWIDTH 7 0
BBX 6 7 0 0
BITMAP
F0
10
20
20
40
40
44
ENDCHAR
STARTCHAR uni248F
ENCODING 9359
SWIDTH 1000 0
DWIDTH 9 0
BBX 8 7 0 0
BITMAP
70
48
48
70
88
88
73
ENDCHAR
STARTCHAR uni2490
ENCODING 9360
SWIDTH 1000 0
DWIDTH 9 0
BBX 8 7 0 0
BITMAP
70
88
88
78
08
08
F3
ENDCHAR
STARTCHAR uni2491
ENCODING 9361
SWIDTH 1000 0
DWIDTH 11 0
BBX 10 7 0 0
BITMAP
CE00
4900
5100
5100
5100
4900
4E40
ENDCHAR
STARTCHAR uni2492
ENCODING 9362
SWIDTH 1000 0
DWIDTH 9 0
BBX 8 7 0 0
BITMAP
D8
48
48
48
48
48
49
ENDCHAR
STARTCHAR uni2493
ENCODING 9363
SWIDTH 1000 0
DWIDTH 11 0
BBX 10 7 0 0
BITMAP
CE00
2200
2200
2200
2400
2800
2FC0
ENDCHAR
STARTCHAR uni2494
ENCODING 9364
SWIDTH 1000 0
DWIDTH 11 0
BBX 10 7 0 0
BITMAP
CE00
2100
2200
2600
2100
2100
2EC0
ENDCHAR
STARTCHAR uni2495
ENCODING 9365
SWIDTH 1000 0
DWIDTH 11 0
BBX 10 7 0 0
BITMAP
C200
2600
2A00
2A00
2F00
2200
22C0
ENDCHAR
STARTCHAR uni2496
ENCODING 9366
SWIDTH 1000 0
DWIDTH 11 0
BBX 10 7 0 0
BITMAP
CE00
2800
2C00
2A00
2100
2100
2EC0
ENDCHAR
STARTCHAR uni2497
ENCODING 9367
SWIDTH 1000 0
DWIDTH 11 0
BBX 10 7 0 0
BITMAP
C700
2800
2800
2E00
2900
2900
26C0
ENDCHAR
STARTCHAR uni2498
ENCODING 9368
SWIDTH 1000 0
DWIDTH 9 0
BBX 8 7 0 0
BITMAP
DE
44
44
44
48
48
49
ENDCHAR
STARTCHAR uni2499
ENCODING 9369
SWIDTH 1000 0
DWIDTH 11 0
BBX 10 7 0 0
BITMAP
CE00
2900
2900
2600
2900
2900
2E40
ENDCHAR
STARTCHAR uni249A
ENCODING 9370
SWIDTH 1000 0
DWIDTH 11 0
BBX 10 7 0 0
BITMAP
CE00
2900
2900
2F00
2100
2100
2EC0
ENDCHAR
STARTCHAR uni249B
ENCODING 9371
SWIDTH 1000 0
DWIDTH 11 0
BBX 10 7 0 0
BITMAP
E700
1500
1900
2900
2900
4500
F6C0
ENDCHAR
STARTCHAR uni249C
ENCODING 9372
SWIDTH 1000 0
DWIDTH 11 0
BBX 10 9 0 -1
BITMAP
4080
8C40
9240
8640
9A40
9240
9E40
4080
4080
ENDCHAR
STARTCHAR uni249D
ENCODING 9373
SWIDTH 1000 0
DWIDTH 11 0
BBX 10 9 0 -1
BITMAP
5080
9040
9C40
9240
9140
9140
9240
5E80
4080
ENDCHAR
STARTCHAR uni249E
ENCODING 9374
SWIDTH 1000 0
DWIDTH 11 0
BBX 10 9 0 -1
BITMAP
4080
8440
9A40
9040
9040
9040
8E40
4080
4080
ENDCHAR
STARTCHAR uni249F
ENCODING 9375
SWIDTH 1000 0
DWIDTH 11 0
BBX 10 9 0 -1
BITMAP
4280
8240
8E40
9240
A240
A240
9240
5E80
4080
ENDCHAR
STARTCHAR uni24A0
ENCODING 9376
SWIDTH 1000 0
DWIDTH 11 0
BBX 10 9 0 -1
BITMAP
4080
8C40
9240
9240
9C40
9040
8E40
4080
4080
ENDCHAR
STARTCHAR uni24A1
ENCODING 9377
SWIDTH 1000 0
DWIDTH 11 0
BBX 10 9 0 -1
BITMAP
4C80
8840
9C40
8840
8840
8840
8840
4880
4080
ENDCHAR
STARTCHAR uni24A2
ENCODING 9378
SWIDTH 1000 0
DWIDTH 11 0
BBX 10 9 0 -1
BITMAP
4080
9E40
9240
9E40
9040
9E40
9240
5E80
4080
ENDCHAR
STARTCHAR uni24A3
ENCODING 9379
SWIDTH 1000 0
DWIDTH 11 0
BBX 10 9 0 -1
BITMAP
5080
9040
9440
9A40
9240
9240
9240
5280
4080
ENDCHAR
STARTCHAR uni24A4
ENCODING 9380
SWIDTH 1000 0
DWIDTH 11 0
BBX 10 9 0 -1
BITMAP
4C80
8040
8840
8840
8840
8840
8840
4880
4080
ENDCHAR
STARTCHAR uni24A5
ENCODING 9381
SWIDTH 1000 0
DWIDTH 11 0
BBX 10 10 0 -1
BITMAP
0400
4480
8040
8440
8440
8440
8440
8440
4480
5C80
ENDCHAR
STARTCHAR uni24A6
ENCODING 9382
SWIDTH 1000 0
DWIDTH 11 0
BBX 10 9 0 -1
BITMAP
5080
9040
9240
9440
9440
9C40
9240
5280
4080
ENDCHAR
STARTCHAR uni24A7
ENCODING 9383
SWIDTH 1000 0
DWIDTH 11 0
BBX 10 9 0 -1
BITMAP
4880
8840
8840
8840
8840
8840
8840
4480
4080
ENDCHAR
STARTCHAR uni24A8
ENCODING 9384
SWIDTH 1000 0
DWIDTH 11 0
BBX 10 9 0 -1
BITMAP
4080
9A40
AD40
A540
A540
A540
A540
4080
4080
ENDCHAR
STARTCHAR uni24A9
ENCODING 9385
SWIDTH 1000 0
DWIDTH 11 0
BBX 10 9 0 -1
BITMAP
4080
8440
9A40
9240
9240
9240
9240
4080
4080
ENDCHAR
STARTCHAR uni24AA
ENCODING 9386
SWIDTH 1000 0
DWIDTH 11 0
BBX 10 9 0 -1
BITMAP
4080
8C40
9240
9240
A240
9240
9E40
4080
4080
ENDCHAR
STARTCHAR uni24AB
ENCODING 9387
SWIDTH 1000 0
DWIDTH 11 0
BBX 10 9 0 -1
BITMAP
4080
9E40
9140
9140
9240
9E40
9040
5080
4080
ENDCHAR
STARTCHAR uni24AC
ENCODING 9388
SWIDTH 1000 0
DWIDTH 11 0
BBX 10 9 0 -1
BITMAP
4080
9E40
9240
A240
9240
9E40
8240
4280
4080
ENDCHAR
STARTCHAR uni24AD
ENCODING 9389
SWIDTH 1000 0
DWIDTH 11 0
BBX 10 9 0 -1
BITMAP
4080
8640
8840
8840
8840
8840
8840
4080
4080
ENDCHAR
STARTCHAR uni24AE
ENCODING 9390
SWIDTH 1000 0
DWIDTH 11 0
BBX 10 9 0 -1
BITMAP
4080
8C40
9240
9840
8640
8240
9E40
4080
4080
ENDCHAR
STARTCHAR uni24AF
ENCODING 9391
SWIDTH 1000 0
DWIDTH 11 0
BBX 10 9 0 -1
BITMAP
4880
8840
9E40
8840
8840
8840
8840
4680
4080
ENDCHAR
STARTCHAR uni24B0
ENCODING 9392
SWIDTH 1000 0
DWIDTH 11 0
BBX 10 9 0 -1
BITMAP
4080
8040
9240
9240
9240
9240
9E40
4080
4080
ENDCHAR
STARTCHAR uni24B1
ENCODING 9393
SWIDTH 1000 0
DWIDTH 11 0
BBX 10 9 0 -1
BITMAP
4080
8040
9240
9240
8C40
8C40
8C40
4080
4080
ENDCHAR
STARTCHAR uni24B2
ENCODING 9394
SWIDTH 1000 0
DWIDTH 11 0
BBX 10 9 0 -1
BITMAP
4080
8040
AD40
AD40
AD40
B240
9240
4080
4080
ENDCHAR
STARTCHAR uni24B3
ENCODING 9395
SWIDTH 1000 0
DWIDTH 11 0
BBX 10 9 0 -1
BITMAP
4080
8040
9240
8C40
8C40
8C40
9240
4080
4080
ENDCHAR
STARTCHAR uni24B4
ENCODING 9396
SWIDTH 1000 0
DWIDTH 11 0
BBX 10 9 0 -1
BITMAP
4080
9240
9240
8A40
8C40
8C40
8440
5880
4080
ENDCHAR
STARTCHAR uni24B5
ENCODING 9397
SWIDTH 1000 0
DWIDTH 11 0
BBX 10 9 0 -1
BITMAP
4080
9C40
8240
8440
8840
8840
9E40
4080
4080
ENDCHAR
STARTCHAR uni24B6
ENCODING 9398
SWIDTH 1000 0
DWIDTH 11 0
BBX 10 9 0 -1
BITMAP
3F00
4080
8C40
8C40
9E40
9240
5280
6180
1E00
ENDCHAR
STARTCHAR uni24B7
ENCODING 9399
SWIDTH 1000 0
DWIDTH 11 0
BBX 10 9 0 -1
BITMAP
3F00
4C80
9240
9240
9E40
9240
5C80
6180
1E00
ENDCHAR
STARTCHAR uni24B8
ENCODING 9400
SWIDTH 1000 0
DWIDTH 11 0
BBX 10 9 0 -1
BITMAP
3F00
4C80
9240
9040
9040
9040
4E80
6180
1E00
ENDCHAR
STARTCHAR uni24B9
ENCODING 9401
SWIDTH 1000 0
DWIDTH 11 0
BBX 10 9 0 -1
BITMAP
3F00
4C80
9240
9240
9240
9240
5C80
6180
1E00
ENDCHAR
STARTCHAR uni24BA
ENCODING 9402
SWIDTH 1000 0
DWIDTH 11 0
BBX 10 9 0 -1
BITMAP
3F00
4E80
9040
9040
9C40
9040
5E80
6180
1E00
ENDCHAR
STARTCHAR uni24BB
ENCODING 9403
SWIDTH 1000 0
DWIDTH 11 0
BBX 10 9 0 -1
BITMAP
3F00
4E80
9040
9040
9C40
9040
5080
6180
1E00
ENDCHAR
STARTCHAR uni24BC
ENCODING 9404
SWIDTH 1000 0
DWIDTH 11 0
BBX 10 9 0 -1
BITMAP
3F00
4C80
9240
9040
9640
9240
4E80
6180
1E00
ENDCHAR
STARTCHAR uni24BD
ENCODING 9405
SWIDTH 1000 0
DWIDTH 11 0
BBX 10 9 0 -1
BITMAP
3F00
4080
9240
9240
9E40
9240
5280
6180
1E00
ENDCHAR
STARTCHAR uni24BE
ENCODING 9406
SWIDTH 1000 0
DWIDTH 11 0
BBX 10 9 0 -1
BITMAP
3F00
4080
8840
8840
8840
8840
4880
6180
1E00
ENDCHAR
STARTCHAR uni24BF
ENCODING 9407
SWIDTH 1000 0
DWIDTH 11 0
BBX 10 9 0 -1
BITMAP
3F00
4080
8440
8440
8440
8440
5C80
6180
1E00
ENDCHAR
STARTCHAR uni24C0
ENCODING 9408
SWIDTH 1000 0
DWIDTH 11 0
BBX 10 9 0 -1
BITMAP
3F00
4280
9440
9840
9C40
9240
5280
6180
1E00
ENDCHAR
STARTCHAR uni24C1
ENCODING 9409
SWIDTH 1000 0
DWIDTH 11 0
BBX 10 9 0 -1
BITMAP
3F00
4080
8840
8840
8840
8840
4E80
6180
1E00
ENDCHAR
STARTCHAR uni24C2
ENCODING 9410
SWIDTH 1000 0
DWIDTH 11 0
BBX 10 9 0 -1
BITMAP
3F00
4080
9240
9640
9E40
9A40
5280
6180
1E00
ENDCHAR
STARTCHAR uni24C3
ENCODING 9411
SWIDTH 1000 0
DWIDTH 11 0
BBX 10 9 0 -1
BITMAP
3F00
4080
9240
9A40
9640
9640
5280
6180
1E00
ENDCHAR
STARTCHAR uni24C4
ENCODING 9412
SWIDTH 1000 0
DWIDTH 11 0
BBX 10 9 0 -1
BITMAP
3F00
4C80
9240
9240
9240
9240
4C80
6180
1E00
ENDCHAR
STARTCHAR uni24C5
ENCODING 9413
SWIDTH 1000 0
DWIDTH 11 0
BBX 10 9 0 -1
BITMAP
3F00
4C80
9240
9240
9C40
9040
5080
6180
1E00
ENDCHAR
STARTCHAR uni24C6
ENCODING 9414
SWIDTH 1000 0
DWIDTH 11 0
BBX 10 9 0 -1
BITMAP
3F00
4C80
9240
A240
A240
9240
4C80
6380
1E00
ENDCHAR
STARTCHAR uni24C7
ENCODING 9415
SWIDTH 1000 0
DWIDTH 11 0
BBX 10 9 0 -1
BITMAP
3F00
4C80
9240
9240
9C40
9240
5280
6180
1E00
ENDCHAR
STARTCHAR uni24C8
ENCODING 9416
SWIDTH 1000 0
DWIDTH 11 0
BBX 10 9 0 -1
BITMAP
3F00
4C80
9240
9840
8640
8240
5C80
6180
1E00
ENDCHAR
STARTCHAR uni24C9
ENCODING 9417
SWIDTH 1000 0
DWIDTH 11 0
BBX 10 9 0 -1
BITMAP
3F00
5680
8840
8840
8840
8840
4880
6180
1E00
ENDCHAR
STARTCHAR uni24CA
ENCODING 9418
SWIDTH 1000 0
DWIDTH 11 0
BBX 10 9 0 -1
BITMAP
3F00
4080
9240
9240
9240
9240
4C80
6180
1E00
ENDCHAR
STARTCHAR uni24CB
ENCODING 9419
SWIDTH 1000 0
DWIDTH 11 0
BBX 10 9 0 -1
BITMAP
3F00
4080
9240
9240
8C40
8C40
4C80
6180
1E00
ENDCHAR
STARTCHAR uni24CC
ENCODING 9420
SWIDTH 1000 0
DWIDTH 11 0
BBX 10 9 0 -1
BITMAP
3F00
4080
AD40
AD40
AD40
9240
5280
6180
1E00
ENDCHAR
STARTCHAR uni24CD
ENCODING 9421
SWIDTH 1000 0
DWIDTH 11 0
BBX 10 9 0 -1
BITMAP
3F00
4080
9240
8C40
8C40
8C40
5280
6180
1E00
ENDCHAR
STARTCHAR uni24CE
ENCODING 9422
SWIDTH 1000 0
DWIDTH 11 0
BBX 10 9 0 -1
BITMAP
3F00
4080
9240
8C40
8C40
8840
4880
6180
1E00
ENDCHAR
STARTCHAR uni24CF
ENCODING 9423
SWIDTH 1000 0
DWIDTH 11 0
BBX 10 9 0 -1
BITMAP
3F00
5C80
8240
8440
8840
8840
5E80
6180
1E00
ENDCHAR
STARTCHAR uni24D0
ENCODING 9424
SWIDTH 1000 0
DWIDTH 11 0
BBX 10 9 0 -1
BITMAP
3F00
4080
8C40
8240
8E40
8C40
4080
6180
1E00
ENDCHAR
STARTCHAR uni24D1
ENCODING 9425
SWIDTH 1000 0
DWIDTH 11 0
BBX 10 9 0 -1
BITMAP
3F00
4880
8840
8E40
8A40
8A40
5480
6180
1E00
ENDCHAR
STARTCHAR uni24D2
ENCODING 9426
SWIDTH 1000 0
DWIDTH 11 0
BBX 10 9 0 -1
BITMAP
3F00
4080
8C40
9040
9040
8C40
4080
6180
1E00
ENDCHAR
STARTCHAR uni24D3
ENCODING 9427
SWIDTH 1000 0
DWIDTH 11 0
BBX 10 9 0 -1
BITMAP
3F00
4280
8240
8C40
9240
9240
4E80
6180
1E00
ENDCHAR
STARTCHAR uni24D4
ENCODING 9428
SWIDTH 1000 0
DWIDTH 11 0
BBX 10 9 0 -1
BITMAP
3F00
4080
8C40
9240
9C40
8E40
4080
6180
1E00
ENDCHAR
STARTCHAR uni24D5
ENCODING 9429
SWIDTH 1000 0
DWIDTH 11 0
BBX 10 9 0 -1
BITMAP
3F00
4480
8840
8C40
8840
8840
4880
6180
1E00
ENDCHAR
STARTCHAR uni24D6
ENCODING 9430
SWIDTH 1000 0
DWIDTH 11 0
BBX 10 9 0 -1
BITMAP
3F00
4080
8E40
9440
9840
8E40
5E80
6180
1E00
ENDCHAR
STARTCHAR uni24D7
ENCODING 9431
SWIDTH 1000 0
DWIDTH 11 0
BBX 10 9 0 -1
BITMAP
3F00
5080
9040
8E40
9240
9240
5280
6180
1E00
ENDCHAR
STARTCHAR uni24D8
ENCODING 9432
SWIDTH 1000 0
DWIDTH 11 0
BBX 10 9 0 -1
BITMAP
3F00
4480
8040
8440
8440
8440
4480
6180
1E00
ENDCHAR
STARTCHAR uni24D9
ENCODING 9433
SWIDTH 1000 0
DWIDTH 11 0
BBX 10 9 0 -1
BITMAP
3F00
4480
8440
8440
8440
8440
4480
6980
1E00
ENDCHAR
STARTCHAR uni24DA
ENCODING 9434
SWIDTH 1000 0
DWIDTH 11 0
BBX 10 9 0 -1
BITMAP
3F00
4880
8840
8E40
8C40
8C40
4A80
6180
1E00
ENDCHAR
STARTCHAR uni24DB
ENCODING 9435
SWIDTH 1000 0
DWIDTH 11 0
BBX 10 9 0 -1
BITMAP
3F00
4880
8840
8840
8840
8840
4480
6180
1E00
ENDCHAR
STARTCHAR uni24DC
ENCODING 9436
SWIDTH 1000 0
DWIDTH 11 0
BBX 10 9 0 -1
BITMAP
3F00
4080
BA40
AD40
A540
A540
4080
6180
1E00
ENDCHAR
STARTCHAR uni24DD
ENCODING 9437
SWIDTH 1000 0
DWIDTH 11 0
BBX 10 9 0 -1
BITMAP
3F00
4080
9C40
9240
9240
9240
4080
6180
1E00
ENDCHAR
STARTCHAR uni24DE
ENCODING 9438
SWIDTH 1000 0
DWIDTH 11 0
BBX 10 9 0 -1
BITMAP
3F00
4080
8C40
9240
9240
8C40
4080
6180
1E00
ENDCHAR
STARTCHAR uni24DF
ENCODING 9439
SWIDTH 1000 0
DWIDTH 11 0
BBX 10 9 0 -1
BITMAP
3F00
4080
8E40
9240
9240
9C40
5080
6180
1E00
ENDCHAR
STARTCHAR uni24E0
ENCODING 9440
SWIDTH 1000 0
DWIDTH 11 0
BBX 10 9 0 -1
BITMAP
3F00
4080
8C40
9240
9240
8E40
4280
6180
1E00
ENDCHAR
STARTCHAR uni24E1
ENCODING 9441
SWIDTH 1000 0
DWIDTH 11 0
BBX 10 9 0 -1
BITMAP
3F00
4080
8C40
8840
8840
8840
4080
6180
1E00
ENDCHAR
STARTCHAR uni24E2
ENCODING 9442
SWIDTH 1000 0
DWIDTH 11 0
BBX 10 9 0 -1
BITMAP
3F00
4080
8C40
8840
8440
8C40
4080
6180
1E00
ENDCHAR
STARTCHAR uni24E3
ENCODING 9443
SWIDTH 1000 0
DWIDTH 11 0
BBX 10 9 0 -1
BITMAP
3F00
4080
8C40
8840
8840
8C40
4080
6180
1E00
ENDCHAR
STARTCHAR uni24E4
ENCODING 9444
SWIDTH 1000 0
DWIDTH 11 0
BBX 10 9 0 -1
BITMAP
3F00
4080
9240
9240
9240
8E40
4080
6180
1E00
ENDCHAR
STARTCHAR uni24E5
ENCODING 9445
SWIDTH 1000 0
DWIDTH 11 0
BBX 10 9 0 -1
BITMAP
3F00
4080
9240
8A40
8C40
8C40
4080
6180
1E00
ENDCHAR
STARTCHAR uni24E6
ENCODING 9446
SWIDTH 1000 0
DWIDTH 11 0
BBX 10 9 0 -1
BITMAP
3F00
4080
A540
9E40
9E40
9240
4080
6180
1E00
ENDCHAR
STARTCHAR uni24E7
ENCODING 9447
SWIDTH 1000 0
DWIDTH 11 0
BBX 10 9 0 -1
BITMAP
3F00
4080
9240
8C40
8C40
9E40
4080
6180
1E00
ENDCHAR
STARTCHAR uni24E8
ENCODING 9448
SWIDTH 1000 0
DWIDTH 11 0
BBX 10 9 0 -1
BITMAP
3F00
4080
9240
8C40
8C40
8440
4880
6180
1E00
ENDCHAR
STARTCHAR uni24E9
ENCODING 9449
SWIDTH 1000 0
DWIDTH 11 0
BBX 10 9 0 -1
BITMAP
3F00
4080
8C40
8440
8840
8C40
4080
6180
1E00
ENDCHAR
STARTCHAR uni24EA
ENCODING 9450
SWIDTH 1000 0
DWIDTH 11 0
BBX 10 9 0 -1
BITMAP
3F00
4C80
9240
9240
9240
9240
4C80
6180
1E00
ENDCHAR
STARTCHAR uni24EB
ENCODING 9451
SWIDTH 1000 0
DWIDTH 11 0
BBX 10 9 0 -1
BITMAP
3F00
7F80
6D80
EDC0
EDC0
6D80
6D80
3F00
1E00
ENDCHAR
STARTCHAR uni24EC
ENCODING 9452
SWIDTH 1000 0
DWIDTH 11 0
BBX 10 9 0 -1
BITMAP
3F00
7D80
6F80
EFC0
EDC0
6B80
6880
3F00
1E00
ENDCHAR
STARTCHAR uni24ED
ENCODING 9453
SWIDTH 1000 0
DWIDTH 11 0
BBX 10 9 0 -1
BITMAP
3F00
7D80
6E80
EDC0
EDC0
6E80
6980
3F00
1E00
ENDCHAR
STARTCHAR uni24EE
ENCODING 9454
SWIDTH 1000 0
DWIDTH 11 0
BBX 10 9 0 -1
BITMAP
3F00
7F80
6F80
EBC0
EFC0
6F80
6F80
3F00
1E00
ENDCHAR
STARTCHAR uni24EF
ENCODING 9455
SWIDTH 1000 0
DWIDTH 11 0
BBX 10 9 0 -1
BITMAP
3F00
7F80
6B80
EDC0
EEC0
6E80
6980
3F00
1E00
ENDCHAR
STARTCHAR uni24F0
ENCODING 9456
SWIDTH 1000 0
DWIDTH 11 0
BBX 10 9 0 -1
BITMAP
3F00
7D80
6B80
EFC0
EAC0
6E80
6980
3F00
1E00
ENDCHAR
STARTCHAR uni24F1
ENCODING 9457
SWIDTH 1000 0
DWIDTH 11 0
BBX 10 9 0 -1
BITMAP
3F00
7F80
6E80
EDC0
EDC0
6D80
6F80
3F00
1E00
ENDCHAR
STARTCHAR uni24F2
ENCODING 9458
SWIDTH 1000 0
DWIDTH 11 0
BBX 10 9 0 -1
BITMAP
3F00
7D80
6A80
EAC0
EFC0
6A80
6980
3F00
1E00
ENDCHAR
STARTCHAR uni24F3
ENCODING 9459
SWIDTH 1000 0
DWIDTH 11 0
BBX 10 9 0 -1
BITMAP
3F00
7D80
6A80
EEC0
EAC0
6E80
6980
3F00
1E00
ENDCHAR
STARTCHAR uni24F4
ENCODING 9460
SWIDTH 1000 0
DWIDTH 11 0
BBX 10 9 0 -1
BITMAP
3F00
6D80
5680
FBC0
EBC0
7A80
4480
3F00
1E00
ENDCHAR
STARTCHAR uni24F5
ENCODING 9461
SWIDTH 1000 0
DWIDTH 11 0
BBX 10 9 0 -1
BITMAP
3F00
6180
CC80
8440
8440
4480
4580
7E80
1F00
ENDCHAR
STARTCHAR uni24F6
ENCODING 9462
SWIDTH 1000 0
DWIDTH 11 0
BBX 10 9 0 -1
BITMAP
3F00
6D80
D280
8240
8440
4880
5F80
7E80
1F00
ENDCHAR
STARTCHAR uni24F7
ENCODING 9463
SWIDTH 1000 0
DWIDTH 11 0
BBX 10 9 0 -1
BITMAP
3F00
6D80
D280
8240
8E40
4280
5D80
7E80
1F00
ENDCHAR
STARTCHAR uni24F8
ENCODING 9464
SWIDTH 1000 0
DWIDTH 11 0
BBX 10 9 0 -1
BITMAP
3F00
6180
CC80
8C40
9440
4E80
4580
7E80
1F00
ENDCHAR
STARTCHAR uni24F9
ENCODING 9465
SWIDTH 1000 0
DWIDTH 11 0
BBX 10 9 0 -1
BITMAP
3F00
6780
C880
9C40
8240
4280
5D80
7E80
1F00
ENDCHAR
STARTCHAR uni24FA
ENCODING 9466
SWIDTH 1000 0
DWIDTH 11 0
BBX 10 9 0 -1
BITMAP
3F00
6D80
D280
9C40
9240
5280
4D80
7E80
1F00
ENDCHAR
STARTCHAR uni24FB
ENCODING 9467
SWIDTH 1000 0
DWIDTH 11 0
BBX 10 9 0 -1
BITMAP
3F00
7D80
C280
8440
8440
4880
4980
7E80
1F00
ENDCHAR
STARTCHAR uni24FC
ENCODING 9468
SWIDTH 1000 0
DWIDTH 11 0
BBX 10 9 0 -1
BITMAP
3F00
6D80
D280
8A40
9640
5280
4D80
7E80
1F00
ENDCHAR
STARTCHAR uni24FD
ENCODING 9469
SWIDTH 1000 0
DWIDTH 11 0
BBX 10 9 0 -1
BITMAP
3F00
6D80
D280
9240
8E40
4280
5D80
7E80
1F00
ENDCHAR
STARTCHAR uni24FE
ENCODING 9470
SWIDTH 1000 0
DWIDTH 11 0
BBX 10 9 0 -1
BITMAP
3F00
6380
D5C0
9540
9540
5580
5780
7E80
1F00
ENDCHAR
STARTCHAR uni24FF
ENCODING 9471
SWIDTH 1000 0
DWIDTH 11 0
BBX 10 9 0 -1
BITMAP
3F00
7780
6D80
EDC0
EDC0
6D80
7380
3F00
1E00
ENDCHAR
STARTCHAR SF100000
ENCODING 9472
SWIDTH 700 0
DWIDTH 8 0
BBX 7 1 0 2
BITMAP
FE
ENDCHAR
STARTCHAR uni2501
ENCODING 9473
SWIDTH 1000 0
DWIDTH 11 0
BBX 10 1 0 3
BITMAP
FFC0
ENDCHAR
STARTCHAR SF110000
ENCODING 9474
SWIDTH 600 0
DWIDTH 2 0
BBX 1 12 0 -3
BITMAP
80
80
80
80
80
80
80
80
80
80
80
80
ENDCHAR
STARTCHAR uni2503
ENCODING 9475
SWIDTH 1000 0
DWIDTH 3 0
BBX 2 10 0 -1
BITMAP
C0
C0
C0
C0
C0
C0
C0
C0
C0
C0
ENDCHAR
STARTCHAR uni2504
ENCODING 9476
SWIDTH 1000 0
DWIDTH 9 0
BBX 8 1 0 4
BITMAP
DB
ENDCHAR
STARTCHAR uni2505
ENCODING 9477
SWIDTH 1000 0
DWIDTH 9 0
BBX 8 1 0 3
BITMAP
DB
ENDCHAR
STARTCHAR uni2506
ENCODING 9478
SWIDTH 1000 0
DWIDTH 2 0
BBX 1 9 0 -1
BITMAP
80
80
00
80
80
00
80
80
80
ENDCHAR
STARTCHAR uni2507
ENCODING 9479
SWIDTH 1000 0
DWIDTH 3 0
BBX 2 9 0 -1
BITMAP
C0
C0
00
C0
C0
00
C0
C0
C0
ENDCHAR
STARTCHAR uni2508
ENCODING 9480
SWIDTH 1000 0
DWIDTH 11 0
BBX 10 1 0 4
BITMAP
DEC0
ENDCHAR
STARTCHAR uni2509
ENCODING 9481
SWIDTH 1000 0
DWIDTH 11 0
BBX 10 1 0 3
BITMAP
DEC0
ENDCHAR
STARTCHAR uni250A
ENCODING 9482
SWIDTH 1000 0
DWIDTH 2 0
BBX 1 9 0 -1
BITMAP
80
00
80
80
00
80
00
80
80
ENDCHAR
STARTCHAR uni250B
ENCODING 9483
SWIDTH 1000 0
DWIDTH 3 0
BBX 2 9 0 -1
BITMAP
C0
00
C0
C0
00
C0
00
C0
C0
ENDCHAR
STARTCHAR SF010000
ENCODING 9484
SWIDTH 700 0
DWIDTH 5 0
BBX 4 6 0 -3
BITMAP
F0
80
80
80
80
80
ENDCHAR
STARTCHAR uni250D
ENCODING 9485
SWIDTH 1000 0
DWIDTH 6 0
BBX 5 5 0 -1
BITMAP
F8
80
80
80
80
ENDCHAR
STARTCHAR uni250E
ENCODING 9486
SWIDTH 1000 0
DWIDTH 7 0
BBX 6 5 0 -1
BITMAP
FC
C0
C0
C0
C0
ENDCHAR
STARTCHAR uni250F
ENCODING 9487
SWIDTH 1000 0
DWIDTH 7 0
BBX 6 5 0 -1
BITMAP
FC
C0
C0
C0
C0
ENDCHAR
STARTCHAR SF030000
ENCODING 9488
SWIDTH 700 0
DWIDTH 5 0
BBX 4 6 0 -3
BITMAP
F0
10
10
10
10
10
ENDCHAR
STARTCHAR uni2511
ENCODING 9489
SWIDTH 1000 0
DWIDTH 6 0
BBX 5 5 0 -1
BITMAP
F8
08
08
08
08
ENDCHAR
STARTCHAR uni2512
ENCODING 9490
SWIDTH 1000 0
DWIDTH 7 0
BBX 6 5 0 -1
BITMAP
FC
0C
0C
0C
0C
ENDCHAR
STARTCHAR uni2513
ENCODING 9491
SWIDTH 1000 0
DWIDTH 7 0
BBX 6 5 0 -1
BITMAP
FC
0C
0C
0C
0C
ENDCHAR
STARTCHAR SF020000
ENCODING 9492
SWIDTH 700 0
DWIDTH 5 0
BBX 4 7 0 2
BITMAP
80
80
80
80
80
80
F0
ENDCHAR
STARTCHAR uni2515
ENCODING 9493
SWIDTH 1000 0
DWIDTH 6 0
BBX 5 6 0 3
BITMAP
80
80
80
80
80
F8
ENDCHAR
STARTCHAR uni2516
ENCODING 9494
SWIDTH 1000 0
DWIDTH 7 0
BBX 6 5 0 4
BITMAP
C0
C0
C0
C0
FC
ENDCHAR
STARTCHAR uni2517
ENCODING 9495
SWIDTH 1000 0
DWIDTH 7 0
BBX 6 6 0 3
BITMAP
C0
C0
C0
C0
C0
FC
ENDCHAR
STARTCHAR SF040000
ENCODING 9496
SWIDTH 700 0
DWIDTH 5 0
BBX 4 7 0 2
BITMAP
10
10
10
10
10
10
F0
ENDCHAR
STARTCHAR uni2519
ENCODING 9497
SWIDTH 1000 0
DWIDTH 6 0
BBX 5 6 0 3
BITMAP
08
08
08
08
08
F8
ENDCHAR
STARTCHAR uni251A
ENCODING 9498
SWIDTH 1000 0
DWIDTH 7 0
BBX 6 5 0 4
BITMAP
0C
0C
0C
0C
FC
ENDCHAR
STARTCHAR uni251B
ENCODING 9499
SWIDTH 1000 0
DWIDTH 7 0
BBX 6 6 0 3
BITMAP
0C
0C
0C
0C
0C
FC
ENDCHAR
STARTCHAR SF080000
ENCODING 9500
SWIDTH 700 0
DWIDTH 5 0
BBX 4 12 0 -3
BITMAP
80
80
80
80
80
80
F0
80
80
80
80
80
ENDCHAR
STARTCHAR uni251D
ENCODING 9501
SWIDTH 1000 0
DWIDTH 6 0
BBX 5 10 0 -1
BITMAP
80
80
80
80
80
F8
80
80
80
80
ENDCHAR
STARTCHAR uni251E
ENCODING 9502
SWIDTH 1000 0
DWIDTH 7 0
BBX 6 10 0 -1
BITMAP
C0
C0
C0
C0
C0
BC
80
80
80
80
ENDCHAR
STARTCHAR uni251F
ENCODING 9503
SWIDTH 1000 0
DWIDTH 7 0
BBX 6 10 0 -1
BITMAP
80
80
80
80
80
FC
C0
C0
C0
C0
ENDCHAR
STARTCHAR uni2520
ENCODING 9504
SWIDTH 1000 0
DWIDTH 7 0
BBX 6 10 0 -1
BITMAP
C0
C0
C0
C0
C0
FC
C0
C0
C0
C0
ENDCHAR
STARTCHAR uni2521
ENCODING 9505
SWIDTH 1000 0
DWIDTH 7 0
BBX 6 10 0 -1
BITMAP
C0
C0
C0
C0
C0
FC
80
80
80
80
ENDCHAR
STARTCHAR uni2522
ENCODING 9506
SWIDTH 1000 0
DWIDTH 7 0
BBX 6 10 0 -1
BITMAP
80
80
80
80
80
FC
C0
C0
C0
C0
ENDCHAR
STARTCHAR uni2523
ENCODING 9507
SWIDTH 1000 0
DWIDTH 7 0
BBX 6 10 0 -1
BITMAP
C0
C0
C0
C0
C0
FC
C0
C0
C0
C0
ENDCHAR
STARTCHAR SF090000
ENCODING 9508
SWIDTH 700 0
DWIDTH 5 0
BBX 4 12 0 -3
BITMAP
10
10
10
10
10
10
F0
10
10
10
10
10
ENDCHAR
STARTCHAR uni2525
ENCODING 9509
SWIDTH 1000 0
DWIDTH 6 0
BBX 5 10 0 -1
BITMAP
08
08
08
08
08
F8
08
08
08
08
ENDCHAR
STARTCHAR uni2526
ENCODING 9510
SWIDTH 1000 0
DWIDTH 7 0
BBX 6 10 0 -1
BITMAP
0C
0C
0C
0C
0C
F8
08
08
08
08
ENDCHAR
STARTCHAR uni2527
ENCODING 9511
SWIDTH 1000 0
DWIDTH 7 0
BBX 6 10 0 -1
BITMAP
08
08
08
08
08
FC
0C
0C
0C
0C
ENDCHAR
STARTCHAR uni2528
ENCODING 9512
SWIDTH 1000 0
DWIDTH 7 0
BBX 6 10 0 -1
BITMAP
0C
0C
0C
0C
0C
FC
0C
0C
0C
0C
ENDCHAR
STARTCHAR uni2529
ENCODING 9513
SWIDTH 1000 0
DWIDTH 7 0
BBX 6 10 0 -1
BITMAP
0C
0C
0C
0C
0C
FC
08
08
08
08
ENDCHAR
STARTCHAR uni252A
ENCODING 9514
SWIDTH 1000 0
DWIDTH 7 0
BBX 6 10 0 -1
BITMAP
08
08
08
08
08
FC
0C
0C
0C
0C
ENDCHAR
STARTCHAR uni252B
ENCODING 9515
SWIDTH 1000 0
DWIDTH 7 0
BBX 6 10 0 -1
BITMAP
0C
0C
0C
0C
0C
FC
0C
0C
0C
0C
ENDCHAR
STARTCHAR SF060000
ENCODING 9516
SWIDTH 700 0
DWIDTH 8 0
BBX 7 6 0 -3
BITMAP
FE
10
10
10
10
10
ENDCHAR
STARTCHAR uni252D
ENCODING 9517
SWIDTH 1000 0
DWIDTH 11 0
BBX 10 5 0 -1
BITMAP
FFC0
0800
0800
0800
0800
ENDCHAR
STARTCHAR uni252E
ENCODING 9518
SWIDTH 1000 0
DWIDTH 11 0
BBX 10 5 0 -1
BITMAP
FFC0
0800
0800
0800
0800
ENDCHAR
STARTCHAR uni252F
ENCODING 9519
SWIDTH 1000 0
DWIDTH 11 0
BBX 10 5 0 -1
BITMAP
FFC0
0800
0800
0800
0800
ENDCHAR
STARTCHAR uni2530
ENCODING 9520
SWIDTH 1000 0
DWIDTH 11 0
BBX 10 5 0 -1
BITMAP
FFC0
0C00
0C00
0C00
0C00
ENDCHAR
STARTCHAR uni2531
ENCODING 9521
SWIDTH 1000 0
DWIDTH 11 0
BBX 10 5 0 -1
BITMAP
FFC0
0C00
0C00
0C00
0C00
ENDCHAR
STARTCHAR uni2532
ENCODING 9522
SWIDTH 1000 0
DWIDTH 11 0
BBX 10 5 0 -1
BITMAP
FFC0
0C00
0C00
0C00
0C00
ENDCHAR
STARTCHAR uni2533
ENCODING 9523
SWIDTH 1000 0
DWIDTH 11 0
BBX 10 5 0 -1
BITMAP
FFC0
0C00
0C00
0C00
0C00
ENDCHAR
STARTCHAR SF070000
ENCODING 9524
SWIDTH 700 0
DWIDTH 8 0
BBX 7 7 0 2
BITMAP
10
10
10
10
10
10
FE
ENDCHAR
STARTCHAR uni2535
ENCODING 9525
SWIDTH 1000 0
DWIDTH 11 0
BBX 10 6 0 3
BITMAP
0800
0800
0800
0800
0800
FFC0
ENDCHAR
STARTCHAR uni2536
ENCODING 9526
SWIDTH 1000 0
DWIDTH 11 0
BBX 10 6 0 3
BITMAP
0800
0800
0800
0800
0800
F7C0
ENDCHAR
STARTCHAR uni2537
ENCODING 9527
SWIDTH 1000 0
DWIDTH 11 0
BBX 10 6 0 3
BITMAP
0800
0800
0800
0800
0800
FFC0
ENDCHAR
STARTCHAR uni2538
ENCODING 9528
SWIDTH 1000 0
DWIDTH 11 0
BBX 10 5 0 4
BITMAP
0C00
0C00
0C00
0C00
FFC0
ENDCHAR
STARTCHAR uni2539
ENCODING 9529
SWIDTH 1000 0
DWIDTH 11 0
BBX 10 6 0 3
BITMAP
0C00
0C00
0C00
0C00
0C00
FFC0
ENDCHAR
STARTCHAR uni253A
ENCODING 9530
SWIDTH 1000 0
DWIDTH 11 0
BBX 10 6 0 3
BITMAP
0C00
0C00
0C00
0C00
0C00
FFC0
ENDCHAR
STARTCHAR uni253B
ENCODING 9531
SWIDTH 1000 0
DWIDTH 11 0
BBX 10 6 0 3
BITMAP
0C00
0C00
0C00
0C00
0C00
FFC0
ENDCHAR
STARTCHAR SF050000
ENCODING 9532
SWIDTH 700 0
DWIDTH 8 0
BBX 7 12 0 -3
BITMAP
10
10
10
10
10
10
FE
10
10
10
10
10
ENDCHAR
STARTCHAR uni253D
ENCODING 9533
SWIDTH 1000 0
DWIDTH 11 0
BBX 10 10 0 -1
BITMAP
0800
0800
0800
0800
0800
FFC0
0800
0800
0800
0800
ENDCHAR
STARTCHAR uni253E
ENCODING 9534
SWIDTH 1000 0
DWIDTH 11 0
BBX 10 10 0 -1
BITMAP
0800
0800
0800
0800
0800
F7C0
0800
0800
0800
0800
ENDCHAR
STARTCHAR uni253F
ENCODING 9535
SWIDTH 1000 0
DWIDTH 11 0
BBX 10 10 0 -1
BITMAP
0800
0800
0800
0800
0800
FFC0
0800
0800
0800
0800
ENDCHAR
STARTCHAR uni2540
ENCODING 9536
SWIDTH 1000 0
DWIDTH 11 0
BBX 10 10 0 -1
BITMAP
0C00
0C00
0C00
0C00
0C00
FBC0
0800
0800
0800
0800
ENDCHAR
STARTCHAR uni2541
ENCODING 9537
SWIDTH 1000 0
DWIDTH 11 0
BBX 10 10 0 -1
BITMAP
0800
0800
0800
0800
0800
FFC0
0C00
0C00
0C00
0C00
ENDCHAR
STARTCHAR uni2542
ENCODING 9538
SWIDTH 1000 0
DWIDTH 11 0
BBX 10 10 0 -1
BITMAP
0C00
0C00
0C00
0C00
0C00
FFC0
0C00
0C00
0C00
0C00
ENDCHAR
STARTCHAR uni2543
ENCODING 9539
SWIDTH 1000 0
DWIDTH 11 0
BBX 10 10 0 -1
BITMAP
0C00
0C00
0C00
0C00
0C00
FFC0
0800
0800
0800
0800
ENDCHAR
STARTCHAR uni2544
ENCODING 9540
SWIDTH 1000 0
DWIDTH 11 0
BBX 10 10 0 -1
BITMAP
0C00
0C00
0C00
0C00
0C00
FFC0
0800
0800
0800
0800
ENDCHAR
STARTCHAR uni2545
ENCODING 9541
SWIDTH 1000 0
DWIDTH 11 0
BBX 10 10 0 -1
BITMAP
0800
0800
0800
0800
0800
FFC0
0C00
0C00
0C00
0C00
ENDCHAR
STARTCHAR uni2546
ENCODING 9542
SWIDTH 1000 0
DWIDTH 11 0
BBX 10 10 0 -1
BITMAP
0800
0800
0800
0800
0800
FFC0
0C00
0C00
0C00
0C00
ENDCHAR
STARTCHAR uni2547
ENCODING 9543
SWIDTH 1000 0
DWIDTH 11 0
BBX 10 10 0 -1
BITMAP
0C00
0C00
0C00
0C00
0C00
FFC0
0800
0800
0800
0800
ENDCHAR
STARTCHAR uni2548
ENCODING 9544
SWIDTH 1000 0
DWIDTH 11 0
BBX 10 10 0 -1
BITMAP
0800
0800
0800
0800
0800
FFC0
0C00
0C00
0C00
0C00
ENDCHAR
STARTCHAR uni2549
ENCODING 9545
SWIDTH 1000 0
DWIDTH 11 0
BBX 10 10 0 -1
BITMAP
0C00
0C00
0C00
0C00
0C00
FFC0
0C00
0C00
0C00
0C00
ENDCHAR
STARTCHAR uni254A
ENCODING 9546
SWIDTH 1000 0
DWIDTH 11 0
BBX 10 10 0 -1
BITMAP
0C00
0C00
0C00
0C00
0C00
FFC0
0C00
0C00
0C00
0C00
ENDCHAR
STARTCHAR uni254B
ENCODING 9547
SWIDTH 1000 0
DWIDTH 11 0
BBX 10 10 0 -1
BITMAP
0C00
0C00
0C00
0C00
0C00
FFC0
0C00
0C00
0C00
0C00
ENDCHAR
STARTCHAR uni254C
ENCODING 9548
SWIDTH 1000 0
DWIDTH 9 0
BBX 8 1 0 4
BITMAP
E7
ENDCHAR
STARTCHAR uni254D
ENCODING 9549
SWIDTH 1000 0
DWIDTH 9 0
BBX 8 1 0 3
BITMAP
E7
ENDCHAR
STARTCHAR uni254E
ENCODING 9550
SWIDTH 1000 0
DWIDTH 2 0
BBX 1 8 0 0
BITMAP
80
80
80
00
00
80
80
80
ENDCHAR
STARTCHAR uni254F
ENCODING 9551
SWIDTH 1000 0
DWIDTH 3 0
BBX 2 8 0 0
BITMAP
C0
C0
C0
00
00
C0
C0
C0
ENDCHAR
STARTCHAR SF430000
ENCODING 9552
SWIDTH 700 0
DWIDTH 8 0
BBX 7 3 0 1
BITMAP
FE
00
FE
ENDCHAR
STARTCHAR SF240000
ENCODING 9553
SWIDTH 700 0
DWIDTH 4 0
BBX 3 12 0 -3
BITMAP
A0
A0
A0
A0
A0
A0
A0
A0
A0
A0
A0
A0
ENDCHAR
STARTCHAR SF510000
ENCODING 9554
SWIDTH 700 0
DWIDTH 5 0
BBX 4 7 0 -3
BITMAP
F0
80
F0
80
80
80
80
ENDCHAR
STARTCHAR SF520000
ENCODING 9555
SWIDTH 700 0
DWIDTH 6 0
BBX 5 6 0 -3
BITMAP
F8
A0
A0
A0
A0
A0
ENDCHAR
STARTCHAR SF390000
ENCODING 9556
SWIDTH 700 0
DWIDTH 6 0
BBX 5 7 0 -3
BITMAP
F8
80
B8
A0
A0
A0
A0
ENDCHAR
STARTCHAR SF220000
ENCODING 9557
SWIDTH 700 0
DWIDTH 5 0
BBX 4 7 0 -3
BITMAP
F0
10
F0
10
10
10
10
ENDCHAR
STARTCHAR SF210000
ENCODING 9558
SWIDTH 700 0
DWIDTH 6 0
BBX 5 6 0 -3
BITMAP
F8
28
28
28
28
28
ENDCHAR
STARTCHAR SF250000
ENCODING 9559
SWIDTH 700 0
DWIDTH 6 0
BBX 5 7 0 -3
BITMAP
F8
08
E8
28
28
28
28
ENDCHAR
STARTCHAR SF500000
ENCODING 9560
SWIDTH 700 0
DWIDTH 5 0
BBX 4 8 0 1
BITMAP
80
80
80
80
80
F0
80
F0
ENDCHAR
STARTCHAR SF490000
ENCODING 9561
SWIDTH 700 0
DWIDTH 6 0
BBX 5 7 0 2
BITMAP
A0
A0
A0
A0
A0
A0
F8
ENDCHAR
STARTCHAR SF380000
ENCODING 9562
SWIDTH 700 0
DWIDTH 6 0
BBX 5 8 0 1
BITMAP
A0
A0
A0
A0
A0
B8
80
F8
ENDCHAR
STARTCHAR SF280000
ENCODING 9563
SWIDTH 700 0
DWIDTH 5 0
BBX 4 8 0 1
BITMAP
10
10
10
10
10
F0
10
F0
ENDCHAR
STARTCHAR SF270000
ENCODING 9564
SWIDTH 700 0
DWIDTH 6 0
BBX 5 7 0 2
BITMAP
28
28
28
28
28
28
F8
ENDCHAR
STARTCHAR SF260000
ENCODING 9565
SWIDTH 700 0
DWIDTH 6 0
BBX 5 8 0 1
BITMAP
28
28
28
28
28
E8
08
F8
ENDCHAR
STARTCHAR SF360000
ENCODING 9566
SWIDTH 700 0
DWIDTH 5 0
BBX 4 12 0 -3
BITMAP
80
80
80
80
80
F0
80
F0
80
80
80
80
ENDCHAR
STARTCHAR SF370000
ENCODING 9567
SWIDTH 700 0
DWIDTH 6 0
BBX 5 12 0 -3
BITMAP
A0
A0
A0
A0
A0
A0
B8
A0
A0
A0
A0
A0
ENDCHAR
STARTCHAR SF420000
ENCODING 9568
SWIDTH 700 0
DWIDTH 6 0
BBX 5 12 0 -3
BITMAP
A0
A0
A0
A0
A0
B8
80
B8
A0
A0
A0
A0
ENDCHAR
STARTCHAR SF190000
ENCODING 9569
SWIDTH 700 0
DWIDTH 5 0
BBX 4 12 0 -3
BITMAP
10
10
10
10
10
F0
10
F0
10
10
10
10
ENDCHAR
STARTCHAR SF200000
ENCODING 9570
SWIDTH 700 0
DWIDTH 6 0
BBX 5 12 0 -3
BITMAP
28
28
28
28
28
28
E8
28
28
28
28
28
ENDCHAR
STARTCHAR SF230000
ENCODING 9571
SWIDTH 700 0
DWIDTH 6 0
BBX 5 12 0 -3
BITMAP
28
28
28
28
28
E8
08
E8
28
28
28
28
ENDCHAR
STARTCHAR SF470000
ENCODING 9572
SWIDTH 700 0
DWIDTH 8 0
BBX 7 7 0 -3
BITMAP
FE
00
FE
10
10
10
10
ENDCHAR
STARTCHAR SF480000
ENCODING 9573
SWIDTH 700 0
DWIDTH 8 0
BBX 7 6 0 -3
BITMAP
FE
28
28
28
28
28
ENDCHAR
STARTCHAR SF410000
ENCODING 9574
SWIDTH 700 0
DWIDTH 8 0
BBX 7 7 0 -3
BITMAP
FE
00
EE
28
28
28
28
ENDCHAR
STARTCHAR SF450000
ENCODING 9575
SWIDTH 700 0
DWIDTH 8 0
BBX 7 8 0 1
BITMAP
10
10
10
10
10
FE
00
FE
ENDCHAR
STARTCHAR SF460000
ENCODING 9576
SWIDTH 700 0
DWIDTH 8 0
BBX 7 7 0 2
BITMAP
28
28
28
28
28
28
FE
ENDCHAR
STARTCHAR SF400000
ENCODING 9577
SWIDTH 700 0
DWIDTH 8 0
BBX 7 8 0 1
BITMAP
28
28
28
28
28
EE
00
FE
ENDCHAR
STARTCHAR SF540000
ENCODING 9578
SWIDTH 700 0
DWIDTH 8 0
BBX 7 12 0 -3
BITMAP
10
10
10
10
10
FE
10
FE
10
10
10
10
ENDCHAR
STARTCHAR SF530000
ENCODING 9579
SWIDTH 700 0
DWIDTH 8 0
BBX 7 12 0 -3
BITMAP
28
28
28
28
28
28
FE
28
28
28
28
28
ENDCHAR
STARTCHAR SF440000
ENCODING 9580
SWIDTH 700 0
DWIDTH 8 0
BBX 7 12 0 -3
BITMAP
28
28
28
28
28
EE
00
EE
28
28
28
28
ENDCHAR
STARTCHAR uni256D
ENCODING 9581
SWIDTH 1000 0
DWIDTH 6 0
BBX 5 5 0 -1
BITMAP
38
40
80
80
80
ENDCHAR
STARTCHAR uni256E
ENCODING 9582
SWIDTH 1000 0
DWIDTH 6 0
BBX 5 5 0 -1
BITMAP
E0
10
08
08
08
ENDCHAR
STARTCHAR uni256F
ENCODING 9583
SWIDTH 1000 0
DWIDTH 6 0
BBX 5 5 0 4
BITMAP
08
08
08
10
E0
ENDCHAR
STARTCHAR uni2570
ENCODING 9584
SWIDTH 1000 0
DWIDTH 6 0
BBX 5 5 0 4
BITMAP
80
80
80
40
38
ENDCHAR
STARTCHAR uni2571
ENCODING 9585
SWIDTH 1000 0
DWIDTH 11 0
BBX 10 10 0 -1
BITMAP
0040
0080
0100
0200
0400
0800
1000
2000
4000
8000
ENDCHAR
STARTCHAR uni2572
ENCODING 9586
SWIDTH 1000 0
DWIDTH 11 0
BBX 10 10 0 -1
BITMAP
8000
4000
2000
1000
0800
0400
0200
0100
0080
0040
ENDCHAR
STARTCHAR uni2573
ENCODING 9587
SWIDTH 1000 0
DWIDTH 11 0
BBX 10 10 0 -1
BITMAP
8040
4080
2100
1200
0C00
0C00
1200
2100
4080
8040
ENDCHAR
STARTCHAR uni2574
ENCODING 9588
SWIDTH 1000 0
DWIDTH 6 0
BBX 5 1 0 4
BITMAP
F8
ENDCHAR
STARTCHAR uni2575
ENCODING 9589
SWIDTH 1000 0
DWIDTH 2 0
BBX 1 5 0 4
BITMAP
80
80
80
80
80
ENDCHAR
STARTCHAR uni2576
ENCODING 9590
SWIDTH 1000 0
DWIDTH 6 0
BBX 5 1 0 4
BITMAP
F8
ENDCHAR
STARTCHAR uni2577
ENCODING 9591
SWIDTH 1000 0
DWIDTH 2 0
BBX 1 5 0 -1
BITMAP
80
80
80
80
80
ENDCHAR
STARTCHAR uni2578
ENCODING 9592
SWIDTH 1000 0
DWIDTH 6 0
BBX 5 1 0 3
BITMAP
F8
ENDCHAR
STARTCHAR uni2579
ENCODING 9593
SWIDTH 1000 0
DWIDTH 3 0
BBX 2 5 0 4
BITMAP
C0
C0
C0
C0
C0
ENDCHAR
STARTCHAR uni257A
ENCODING 9594
SWIDTH 1000 0
DWIDTH 6 0
BBX 5 1 0 3
BITMAP
F8
ENDCHAR
STARTCHAR uni257B
ENCODING 9595
SWIDTH 1000 0
DWIDTH 3 0
BBX 2 5 0 -1
BITMAP
C0
C0
C0
C0
C0
ENDCHAR
STARTCHAR uni257C
ENCODING 9596
SWIDTH 1000 0
DWIDTH 11 0
BBX 10 1 0 3
BITMAP
FFC0
ENDCHAR
STARTCHAR uni257D
ENCODING 9597
SWIDTH 1000 0
DWIDTH 3 0
BBX 2 10 0 -1
BITMAP
80
80
80
80
80
C0
C0
C0
C0
C0
ENDCHAR
STARTCHAR uni257E
ENCODING 9598
SWIDTH 1000 0
DWIDTH 11 0
BBX 10 1 0 3
BITMAP
FFC0
ENDCHAR
STARTCHAR uni257F
ENCODING 9599
SWIDTH 1000 0
DWIDTH 3 0
BBX 2 10 0 -1
BITMAP
C0
C0
C0
C0
C0
80
80
80
80
80
ENDCHAR
STARTCHAR upblock
ENCODING 9600
SWIDTH 700 0
DWIDTH 8 0
BBX 7 6 0 3
BITMAP
FE
FE
FE
FE
FE
FE
ENDCHAR
STARTCHAR uni2581
ENCODING 9601
SWIDTH 1000 0
DWIDTH 11 0
BBX 10 1 0 -1
BITMAP
FFC0
ENDCHAR
STARTCHAR uni2582
ENCODING 9602
SWIDTH 1000 0
DWIDTH 11 0
BBX 10 2 0 -1
BITMAP
FFC0
FFC0
ENDCHAR
STARTCHAR uni2583
ENCODING 9603
SWIDTH 1000 0
DWIDTH 11 0
BBX 10 4 0 -1
BITMAP
FFC0
FFC0
FFC0
FFC0
ENDCHAR
STARTCHAR dnblock
ENCODING 9604
SWIDTH 700 0
DWIDTH 8 0
BBX 7 6 0 -3
BITMAP
FE
FE
FE
FE
FE
FE
ENDCHAR
STARTCHAR uni2585
ENCODING 9605
SWIDTH 1000 0
DWIDTH 11 0
BBX 10 6 0 -1
BITMAP
FFC0
FFC0
FFC0
FFC0
FFC0
FFC0
ENDCHAR
STARTCHAR uni2586
ENCODING 9606
SWIDTH 1000 0
DWIDTH 11 0
BBX 10 7 0 -1
BITMAP
FFC0
FFC0
FFC0
FFC0
FFC0
FFC0
FFC0
ENDCHAR
STARTCHAR uni2587
ENCODING 9607
SWIDTH 1000 0
DWIDTH 11 0
BBX 10 9 0 -1
BITMAP
FFC0
FFC0
FFC0
FFC0
FFC0
FFC0
FFC0
FFC0
FFC0
ENDCHAR
STARTCHAR block
ENCODING 9608
SWIDTH 700 0
DWIDTH 8 0
BBX 7 12 0 -3
BITMAP
FE
FE
FE
FE
FE
FE
FE
FE
FE
FE
FE
FE
ENDCHAR
STARTCHAR uni2589
ENCODING 9609
SWIDTH 1000 0
DWIDTH 10 0
BBX 9 10 0 -1
BITMAP
FF80
FF80
FF80
FF80
FF80
FF80
FF80
FF80
FF80
FF80
ENDCHAR
STARTCHAR uni258A
ENCODING 9610
SWIDTH 1000 0
DWIDTH 9 0
BBX 8 10 0 -1
BITMAP
FF
FF
FF
FF
FF
FF
FF
FF
FF
FF
ENDCHAR
STARTCHAR uni258B
ENCODING 9611
SWIDTH 1000 0
DWIDTH 7 0
BBX 6 10 0 -1
BITMAP
FC
FC
FC
FC
FC
FC
FC
FC
FC
FC
ENDCHAR
STARTCHAR lfblock
ENCODING 9612
SWIDTH 700 0
DWIDTH 5 0
BBX 4 12 0 -3
BITMAP
F0
F0
F0
F0
F0
F0
F0
F0
F0
F0
F0
F0
ENDCHAR
STARTCHAR uni258D
ENCODING 9613
SWIDTH 1000 0
DWIDTH 5 0
BBX 4 10 0 -1
BITMAP
F0
F0
F0
F0
F0
F0
F0
F0
F0
F0
ENDCHAR
STARTCHAR uni258E
ENCODING 9614
SWIDTH 1000 0
DWIDTH 4 0
BBX 3 10 0 -1
BITMAP
E0
E0
E0
E0
E0
E0
E0
E0
E0
E0
ENDCHAR
STARTCHAR uni258F
ENCODING 9615
SWIDTH 1000 0
DWIDTH 2 0
BBX 1 10 0 -1
BITMAP
80
80
80
80
80
80
80
80
80
80
ENDCHAR
STARTCHAR rtblock
ENCODING 9616
SWIDTH 700 0
DWIDTH 4 0
BBX 3 12 0 -3
BITMAP
E0
E0
E0
E0
E0
E0
E0
E0
E0
E0
E0
E0
ENDCHAR
STARTCHAR ltshade
ENCODING 9617
SWIDTH 700 0
DWIDTH 8 0
BBX 7 12 0 -3
BITMAP
AA
54
AA
54
54
AA
54
FE
00
54
FE
54
ENDCHAR
STARTCHAR shade
ENCODING 9618
SWIDTH 700 0
DWIDTH 8 0
BBX 7 11 0 -3
BITMAP
7C
00
00
FE
FE
FE
FE
FE
FE
FE
FE
ENDCHAR
STARTCHAR dkshade
ENCODING 9619
SWIDTH 700 0
DWIDTH 8 0
BBX 7 11 0 -3
BITMAP
FE
FE
FE
FE
FE
FE
FE
FE
FE
FE
FE
ENDCHAR
STARTCHAR uni2594
ENCODING 9620
SWIDTH 1000 0
DWIDTH 11 0
BBX 10 1 0 8
BITMAP
FFC0
ENDCHAR
STARTCHAR uni2595
ENCODING 9621
SWIDTH 1000 0
DWIDTH 2 0
BBX 1 10 0 -1
BITMAP
80
80
80
80
80
80
80
80
80
80
ENDCHAR
STARTCHAR uni2596
ENCODING 9622
SWIDTH 1000 0
DWIDTH 6 0
BBX 5 5 0 -1
BITMAP
F8
F8
F8
F8
F8
ENDCHAR
STARTCHAR uni2597
ENCODING 9623
SWIDTH 1000 0
DWIDTH 6 0
BBX 5 5 0 -1
BITMAP
F8
F8
F8
F8
F8
ENDCHAR
STARTCHAR uni2598
ENCODING 9624
SWIDTH 1000 0
DWIDTH 6 0
BBX 5 5 0 4
BITMAP
F8
F8
F8
F8
F8
ENDCHAR
STARTCHAR uni2599
ENCODING 9625
SWIDTH 1000 0
DWIDTH 11 0
BBX 10 10 0 -1
BITMAP
F800
F800
F800
F800
F800
FFC0
FFC0
FFC0
FFC0
FFC0
ENDCHAR
STARTCHAR uni259A
ENCODING 9626
SWIDTH 1000 0
DWIDTH 11 0
BBX 10 10 0 -1
BITMAP
F800
F800
F800
F800
F800
07C0
07C0
07C0
07C0
07C0
ENDCHAR
STARTCHAR uni259B
ENCODING 9627
SWIDTH 1000 0
DWIDTH 11 0
BBX 10 10 0 -1
BITMAP
FFC0
FFC0
FFC0
FFC0
FFC0
F800
F800
F800
F800
F800
ENDCHAR
STARTCHAR uni259C
ENCODING 9628
SWIDTH 1000 0
DWIDTH 11 0
BBX 10 10 0 -1
BITMAP
FFC0
FFC0
FFC0
FFC0
FFC0
07C0
07C0
07C0
07C0
07C0
ENDCHAR
STARTCHAR uni259D
ENCODING 9629
SWIDTH 1000 0
DWIDTH 6 0
BBX 5 5 0 4
BITMAP
F8
F8
F8
F8
F8
ENDCHAR
STARTCHAR uni259E
ENCODING 9630
SWIDTH 1000 0
DWIDTH 11 0
BBX 10 10 0 -1
BITMAP
07C0
07C0
07C0
07C0
07C0
F800
F800
F800
F800
F800
ENDCHAR
STARTCHAR uni259F
ENCODING 9631
SWIDTH 1000 0
DWIDTH 11 0
BBX 10 10 0 -1
BITMAP
07C0
07C0
07C0
07C0
07C0
FFC0
FFC0
FFC0
FFC0
FFC0
ENDCHAR
STARTCHAR filledbox
ENCODING 9632
SWIDTH 600 0
DWIDTH 5 0
BBX 4 4 0 1
BITMAP
F0
F0
F0
F0
ENDCHAR
STARTCHAR H22073
ENCODING 9633
SWIDTH 600 0
DWIDTH 7 0
BBX 6 6 0 0
BITMAP
FC
84
84
84
84
FC
ENDCHAR
STARTCHAR uni25A2
ENCODING 9634
SWIDTH 1000 0
DWIDTH 11 0
BBX 10 9 0 -1
BITMAP
FFC0
8040
8040
8040
8040
8040
8040
8040
7F80
ENDCHAR
STARTCHAR uni25A3
ENCODING 9635
SWIDTH 1000 0
DWIDTH 9 0
BBX 8 8 0 0
BITMAP
FF
81
81
BD
BD
BD
81
FF
ENDCHAR
STARTCHAR uni25A4
ENCODING 9636
SWIDTH 1000 0
DWIDTH 9 0
BBX 8 8 0 0
BITMAP
FF
81
FF
81
FF
81
FF
FF
ENDCHAR
STARTCHAR uni25A5
ENCODING 9637
SWIDTH 1000 0
DWIDTH 9 0
BBX 8 8 0 0
BITMAP
FF
B5
B5
B5
B5
B5
B5
FF
ENDCHAR
STARTCHAR uni25A6
ENCODING 9638
SWIDTH 1000 0
DWIDTH 9 0
BBX 8 8 0 0
BITMAP
FF
B5
FF
B5
FF
B5
FF
FF
ENDCHAR
STARTCHAR uni25A7
ENCODING 9639
SWIDTH 1000 0
DWIDTH 9 0
BBX 8 8 0 0
BITMAP
FF
D7
AB
D5
AB
D5
AB
FF
ENDCHAR
STARTCHAR uni25A8
ENCODING 9640
SWIDTH 1000 0
DWIDTH 9 0
BBX 8 8 0 0
BITMAP
FF
AB
D5
AB
D5
AB
D5
FF
ENDCHAR
STARTCHAR uni25A9
ENCODING 9641
SWIDTH 1000 0
DWIDTH 9 0
BBX 8 8 0 0
BITMAP
FF
D7
AD
DB
BD
FF
FF
FF
ENDCHAR
STARTCHAR H18543
ENCODING 9642
SWIDTH 400 0
DWIDTH 3 0
BBX 2 2 0 2
BITMAP
C0
C0
ENDCHAR
STARTCHAR H18551
ENCODING 9643
SWIDTH 400 0
DWIDTH 3 0
BBX 2 2 0 2
BITMAP
C0
C0
ENDCHAR
STARTCHAR filledrect
ENCODING 9644
SWIDTH 1000 0
DWIDTH 11 0
BBX 10 3 0 0
BITMAP
FFC0
FFC0
FFC0
ENDCHAR
STARTCHAR uni25B1
ENCODING 9649
SWIDTH 1000 0
DWIDTH 11 0
BBX 10 4 0 2
BITMAP
3FC0
4080
4080
FF00
ENDCHAR
STARTCHAR triagup
ENCODING 9650
SWIDTH 1000 0
DWIDTH 7 0
BBX 6 6 0 0
BITMAP
00
30
30
78
78
FC
ENDCHAR
STARTCHAR uni25B3
ENCODING 9651
SWIDTH 1000 0
DWIDTH 11 0
BBX 10 8 0 0
BITMAP
0800
0C00
1200
1200
2100
4080
4080
FFC0
ENDCHAR
STARTCHAR uni25B6
ENCODING 9654
SWIDTH 1000 0
DWIDTH 9 0
BBX 8 9 0 -1
BITMAP
C0
F0
F8
FE
FF
FC
F0
E0
80
ENDCHAR
STARTCHAR uni25B7
ENCODING 9655
SWIDTH 1000 0
DWIDTH 9 0
BBX 8 9 0 -1
BITMAP
C0
B0
8C
82
81
86
98
E0
80
ENDCHAR
STARTCHAR triagrt
ENCODING 9658
SWIDTH 1000 0
DWIDTH 7 0
BBX 6 6 0 0
BITMAP
80
E0
F8
F8
E0
80
ENDCHAR
STARTCHAR triagdn
ENCODING 9660
SWIDTH 1000 0
DWIDTH 7 0
BBX 6 6 0 0
BITMAP
FC
78
78
30
30
00
ENDCHAR
STARTCHAR uni25BD
ENCODING 9661
SWIDTH 1000 0
DWIDTH 11 0
BBX 10 8 0 -1
BITMAP
FFC0
4080
2100
2100
1200
1200
0C00
0800
ENDCHAR
STARTCHAR uni25C0
ENCODING 9664
SWIDTH 1000 0
DWIDTH 9 0
BBX 8 9 0 -1
BITMAP
03
0F
1F
7F
FF
3F
0F
07
01
ENDCHAR
STARTCHAR uni25C1
ENCODING 9665
SWIDTH 1000 0
DWIDTH 9 0
BBX 8 9 0 -1
BITMAP
03
0D
31
41
81
61
19
07
01
ENDCHAR
STARTCHAR triaglf
ENCODING 9668
SWIDTH 1000 0
DWIDTH 7 0
BBX 6 6 0 0
BITMAP
04
1C
7C
7C
1C
04
ENDCHAR
STARTCHAR uni25C6
ENCODING 9670
SWIDTH 1000 0
DWIDTH 11 0
BBX 10 10 0 -1
BITMAP
0800
0C00
1E00
3F00
7F80
FFC0
7F80
3F00
1E00
0C00
ENDCHAR
STARTCHAR uni25C7
ENCODING 9671
SWIDTH 1000 0
DWIDTH 11 0
BBX 10 10 0 -1
BITMAP
0800
0C00
1200
2100
4080
8040
4080
2100
1200
0C00
ENDCHAR
STARTCHAR uni25C9
ENCODING 9673
SWIDTH 1000 0
DWIDTH 11 0
BBX 10 9 0 -1
BITMAP
3F00
4C80
5E80
BF40
BF40
BF40
5E80
2100
1E00
ENDCHAR
STARTCHAR lozenge
ENCODING 9674
SWIDTH 500 0
DWIDTH 4 0
BBX 3 7 0 0
BITMAP
40
40
A0
A0
A0
40
40
ENDCHAR
STARTCHAR circle
ENCODING 9675
SWIDTH 600 0
DWIDTH 5 0
BBX 4 4 0 1
BITMAP
60
90
90
60
ENDCHAR
STARTCHAR uni25CC
ENCODING 9676
SWIDTH 1000 0
DWIDTH 11 0
BBX 10 9 0 -1
BITMAP
1900
0080
4040
8000
8040
0040
4080
2100
1A00
ENDCHAR
STARTCHAR uni25CE
ENCODING 9678
SWIDTH 1000 0
DWIDTH 11 0
BBX 10 9 0 -1
BITMAP
3F00
5E80
6180
A140
A140
A140
5E80
2100
1E00
ENDCHAR
STARTCHAR H18533
ENCODING 9679
SWIDTH 600 0
DWIDTH 5 0
BBX 4 4 0 1
BITMAP
60
F0
F0
60
ENDCHAR
STARTCHAR uni25D0
ENCODING 9680
SWIDTH 1000 0
DWIDTH 9 0
BBX 8 9 0 -1
BITMAP
3E
71
F1
F1
F1
F1
F1
72
1C
ENDCHAR
STARTCHAR uni25D1
ENCODING 9681
SWIDTH 1000 0
DWIDTH 9 0
BBX 8 9 0 -1
BITMAP
7C
8E
8F
8F
8F
8F
8F
4E
38
ENDCHAR
STARTCHAR uni25D2
ENCODING 9682
SWIDTH 1000 0
DWIDTH 9 0
BBX 8 9 0 -1
BITMAP
7E
81
81
81
FF
FF
FF
7E
18
ENDCHAR
STARTCHAR uni25D3
ENCODING 9683
SWIDTH 1000 0
DWIDTH 9 0
BBX 8 9 0 -1
BITMAP
3C
7E
FF
FF
81
81
81
42
3C
ENDCHAR
STARTCHAR invbullet
ENCODING 9688
SWIDTH 600 0
DWIDTH 7 0
BBX 6 6 0 0
BITMAP
FC
CC
84
84
CC
FC
ENDCHAR
STARTCHAR invcircle
ENCODING 9689
SWIDTH 600 0
DWIDTH 7 0
BBX 6 6 0 0
BITMAP
FC
CC
B4
B4
CC
FC
ENDCHAR
STARTCHAR uni25E2
ENCODING 9698
SWIDTH 1000 0
DWIDTH 11 0
BBX 10 10 0 -1
BITMAP
0040
0040
00C0
01C0
03C0
07C0
0FC0
1FC0
3FC0
FFC0
ENDCHAR
STARTCHAR uni25E3
ENCODING 9699
SWIDTH 1000 0
DWIDTH 11 0
BBX 10 10 0 -1
BITMAP
8000
8000
C000
E000
F000
F800
FC00
FE00
FF00
FFC0
ENDCHAR
STARTCHAR uni25E4
ENCODING 9700
SWIDTH 1000 0
DWIDTH 11 0
BBX 10 10 0 -1
BITMAP
FFC0
FF80
FF00
FE00
FC00
F800
F000
E000
C000
8000
ENDCHAR
STARTCHAR uni25E5
ENCODING 9701
SWIDTH 1000 0
DWIDTH 11 0
BBX 10 10 0 -1
BITMAP
FFC0
7FC0
3FC0
1FC0
0FC0
07C0
03C0
01C0
00C0
0040
ENDCHAR
STARTCHAR openbullet
ENCODING 9702
SWIDTH 400 0
DWIDTH 3 0
BBX 2 2 0 2
BITMAP
C0
C0
ENDCHAR
STARTCHAR uni25EF
ENCODING 9711
SWIDTH 1000 0
DWIDTH 11 0
BBX 10 9 0 -1
BITMAP
3F00
4080
8040
8040
8040
8040
4080
6180
1E00
ENDCHAR
STARTCHAR uni2600
ENCODING 9728
SWIDTH 1000 0
DWIDTH 11 0
BBX 10 9 0 -1
BITMAP
0800
6D80
1E00
3F00
FFC0
3F00
3F00
4080
0800
ENDCHAR
STARTCHAR uni2601
ENCODING 9729
SWIDTH 1000 0
DWIDTH 11 0
BBX 10 7 0 0
BITMAP
3C00
4300
7080
8080
8040
5080
2F00
ENDCHAR
STARTCHAR uni2602
ENCODING 9730
SWIDTH 1000 0
DWIDTH 9 0
BBX 8 9 0 -1
BITMAP
3E
FE
3F
2F
17
11
21
A0
40
ENDCHAR
STARTCHAR uni2603
ENCODING 9731
SWIDTH 1000 0
DWIDTH 11 0
BBX 10 10 0 -1
BITMAP
0800
0E00
1200
3A00
EDC0
3F00
4380
4080
4880
3F00
ENDCHAR
STARTCHAR uni2605
ENCODING 9733
SWIDTH 1000 0
DWIDTH 11 0
BBX 10 9 0 -1
BITMAP
0800
0C00
0C00
FFC0
3F00
1E00
1E00
3300
2100
ENDCHAR
STARTCHAR uni2606
ENCODING 9734
SWIDTH 1000 0
DWIDTH 11 0
BBX 10 9 0 -1
BITMAP
0800
0C00
0C00
F3C0
2100
1200
2D00
3300
2100
ENDCHAR
STARTCHAR uni2609
ENCODING 9737
SWIDTH 1000 0
DWIDTH 7 0
BBX 6 6 0 1
BITMAP
78
84
84
B4
84
78
ENDCHAR
STARTCHAR uni260E
ENCODING 9742
SWIDTH 1000 0
DWIDTH 11 0
BBX 10 7 0 0
BITMAP
3F00
5280
FFC0
3300
2100
7380
7F80
ENDCHAR
STARTCHAR uni260F
ENCODING 9743
SWIDTH 1000 0
DWIDTH 11 0
BBX 10 7 0 0
BITMAP
7F80
AF40
EDC0
3300
5280
5280
7F80
ENDCHAR
STARTCHAR uni2616
ENCODING 9750
SWIDTH 1000 0
DWIDTH 9 0
BBX 8 8 0 0
BITMAP
3C
42
82
81
81
81
81
FF
ENDCHAR
STARTCHAR uni2617
ENCODING 9751
SWIDTH 1000 0
DWIDTH 9 0
BBX 8 8 0 0
BITMAP
18
7E
7E
7E
FE
FF
FF
FF
ENDCHAR
STARTCHAR uni261C
ENCODING 9756
SWIDTH 1000 0
DWIDTH 11 0
BBX 10 5 0 1
BITMAP
7F00
FCC0
3F40
24C0
1F00
ENDCHAR
STARTCHAR uni261D
ENCODING 9757
SWIDTH 1000 0
DWIDTH 6 0
BBX 5 10 0 -1
BITMAP
80
C0
E0
D0
F8
D8
A8
A8
90
F0
ENDCHAR
STARTCHAR uni261E
ENCODING 9758
SWIDTH 1000 0
DWIDTH 11 0
BBX 10 5 0 1
BITMAP
3F80
CFC0
BD00
CA00
3C00
ENDCHAR
STARTCHAR uni261F
ENCODING 9759
SWIDTH 1000 0
DWIDTH 6 0
BBX 5 10 0 -1
BITMAP
70
90
A8
A8
F8
B8
F8
E0
C0
80
ENDCHAR
STARTCHAR uni262F
ENCODING 9775
SWIDTH 1000 0
DWIDTH 11 0
BBX 10 9 0 -1
BITMAP
3F00
7E80
7E40
FE40
F040
E040
6880
2080
1F00
ENDCHAR
STARTCHAR smileface
ENCODING 9786
SWIDTH 1000 0
DWIDTH 7 0
BBX 6 6 0 0
BITMAP
78
84
CC
B4
84
78
ENDCHAR
STARTCHAR invsmileface
ENCODING 9787
SWIDTH 1100 0
DWIDTH 7 0
BBX 6 6 0 0
BITMAP
78
FC
B4
FC
CC
78
ENDCHAR
STARTCHAR sun
ENCODING 9788
SWIDTH 900 0
DWIDTH 6 0
BBX 5 5 0 0
BITMAP
20
70
D8
70
20
ENDCHAR
STARTCHAR female
ENCODING 9792
SWIDTH 800 0
DWIDTH 4 0
BBX 3 6 0 0
BITMAP
E0
A0
E0
40
E0
40
ENDCHAR
STARTCHAR uni2641
ENCODING 9793
SWIDTH 1000 0
DWIDTH 7 0
BBX 6 9 0 -1
BITMAP
20
20
FC
20
30
48
48
48
30
ENDCHAR
STARTCHAR male
ENCODING 9794
SWIDTH 800 0
DWIDTH 5 0
BBX 4 4 0 1
BITMAP
10
E0
A0
E0
ENDCHAR
STARTCHAR spade
ENCODING 9824
SWIDTH 500 0
DWIDTH 6 0
BBX 5 6 0 0
BITMAP
20
70
F8
F8
20
70
ENDCHAR
STARTCHAR uni2661
ENCODING 9825
SWIDTH 1000 0
DWIDTH 9 0
BBX 8 8 0 0
BITMAP
E7
99
81
81
81
42
24
18
ENDCHAR
STARTCHAR uni2662
ENCODING 9826
SWIDTH 1000 0
DWIDTH 9 0
BBX 8 10 0 -1
BITMAP
10
18
24
24
42
81
42
24
18
10
ENDCHAR
STARTCHAR club
ENCODING 9827
SWIDTH 700 0
DWIDTH 7 0
BBX 6 6 0 0
BITMAP
30
30
FC
FC
20
30
ENDCHAR
STARTCHAR uni2664
ENCODING 9828
SWIDTH 1000 0
DWIDTH 9 0
BBX 8 10 0 -1
BITMAP
10
18
24
42
81
81
81
99
7E
18
ENDCHAR
STARTCHAR heart
ENCODING 9829
SWIDTH 600 0
DWIDTH 6 0
BBX 5 6 0 0
BITMAP
D8
F8
F8
70
20
20
ENDCHAR
STARTCHAR diamond
ENCODING 9830
SWIDTH 500 0
DWIDTH 6 0
BBX 5 7 0 -1
BITMAP
20
20
70
F8
70
20
20
ENDCHAR
STARTCHAR uni2667
ENCODING 9831
SWIDTH 1000 0
DWIDTH 9 0
BBX 8 9 0 -1
BITMAP
3C
24
24
66
81
81
99
7E
38
ENDCHAR
STARTCHAR uni2668
ENCODING 9832
SWIDTH 1000 0
DWIDTH 9 0
BBX 8 8 0 0
BITMAP
3C
54
54
2C
AB
AD
91
7E
ENDCHAR
STARTCHAR uni2669
ENCODING 9833
SWIDTH 1000 0
DWIDTH 4 0
BBX 3 9 0 -1
BITMAP
20
20
20
20
20
20
20
E0
C0
ENDCHAR
STARTCHAR musicalnote
ENCODING 9834
SWIDTH 500 0
DWIDTH 4 0
BBX 3 5 0 0
BITMAP
40
60
60
60
C0
ENDCHAR
STARTCHAR musicalnotedbl
ENCODING 9835
SWIDTH 800 0
DWIDTH 6 0
BBX 5 6 0 0
BITMAP
38
48
78
48
48
D8
ENDCHAR
STARTCHAR uni266C
ENCODING 9836
SWIDTH 1000 0
DWIDTH 9 0
BBX 8 10 0 -1
BITMAP
01
0F
11
1F
21
21
21
23
62
C0
ENDCHAR
STARTCHAR uni266D
ENCODING 9837
SWIDTH 1000 0
DWIDTH 5 0
BBX 4 9 0 -1
BITMAP
80
80
80
B0
D0
90
A0
C0
80
ENDCHAR
STARTCHAR uni266E
ENCODING 9838
SWIDTH 1000 0
DWIDTH 5 0
BBX 4 8 0 0
BITMAP
80
90
F0
90
90
F0
90
10
ENDCHAR
STARTCHAR uni266F
ENCODING 9839
SWIDTH 1000 0
DWIDTH 7 0
BBX 6 9 0 -1
BITMAP
48
48
7C
C8
48
FC
48
48
40
ENDCHAR
STARTCHAR uni2672
ENCODING 9842
SWIDTH 1000 0
DWIDTH 11 0
BBX 10 9 0 -1
BITMAP
3F00
2D00
3780
E140
A140
A340
5C80
4C80
3300
ENDCHAR
STARTCHAR uni2673
ENCODING 9843
SWIDTH 1000 0
DWIDTH 11 0
BBX 10 9 0 -1
BITMAP
0C00
1300
3300
2D00
6480
4480
8040
FFC0
0200
ENDCHAR
STARTCHAR uni2674
ENCODING 9844
SWIDTH 1000 0
DWIDTH 11 0
BBX 10 9 0 -1
BITMAP
0C00
1300
3300
2D00
6480
4C80
8040
FFC0
0200
ENDCHAR
STARTCHAR uni2675
ENCODING 9845
SWIDTH 1000 0
DWIDTH 11 0
BBX 10 9 0 -1
BITMAP
0C00
1300
3300
2D00
6480
4C80
8040
FFC0
0200
ENDCHAR
STARTCHAR uni2676
ENCODING 9846
SWIDTH 1000 0
DWIDTH 11 0
BBX 10 9 0 -1
BITMAP
0C00
1300
3300
2D00
6C80
4480
8040
FFC0
0200
ENDCHAR
STARTCHAR uni2677
ENCODING 9847
SWIDTH 1000 0
DWIDTH 11 0
BBX 10 9 0 -1
BITMAP
0C00
1300
3300
2D00
6C80
4C80
8040
FFC0
0200
ENDCHAR
STARTCHAR uni2678
ENCODING 9848
SWIDTH 1000 0
DWIDTH 11 0
BBX 10 9 0 -1
BITMAP
0C00
1300
3300
2D00
6C80
4C80
8040
FFC0
0200
ENDCHAR
STARTCHAR uni2679
ENCODING 9849
SWIDTH 1000 0
DWIDTH 11 0
BBX 10 9 0 -1
BITMAP
0C00
1300
3300
2D00
6480
4880
8040
FFC0
0200
ENDCHAR
STARTCHAR uni267A
ENCODING 9850
SWIDTH 1000 0
DWIDTH 11 0
BBX 10 9 0 -1
BITMAP
0C00
1200
2300
2100
6080
4080
8040
7F80
0200
ENDCHAR
STARTCHAR uni267B
ENCODING 9851
SWIDTH 1000 0
DWIDTH 11 0
BBX 10 9 0 -1
BITMAP
1E00
3F00
1700
E180
E1C0
4280
7B80
3F00
0200
ENDCHAR
STARTCHAR uni267C
ENCODING 9852
SWIDTH 1000 0
DWIDTH 11 0
BBX 10 10 0 -1
BITMAP
0C00
3B00
6580
6D80
DE40
9E40
BFC0
4880
2500
1E00
ENDCHAR
STARTCHAR uni267D
ENCODING 9853
SWIDTH 1000 0
DWIDTH 11 0
BBX 10 10 0 -1
BITMAP
1E00
2100
5F80
B640
E340
F1C0
E240
7F80
5A80
3F00
ENDCHAR
STARTCHAR uni26A0
ENCODING 9888
SWIDTH 1000 0
DWIDTH 11 0
BBX 10 8 0 0
BITMAP
0C00
1200
2500
2500
4480
4080
8C40
7F80
ENDCHAR
STARTCHAR uni26BD
ENCODING 9917
SWIDTH 1000 0
DWIDTH 11 0
BBX 10 9 0 -1
BITMAP
3F00
4480
4480
FF40
9E40
8C40
5280
2100
1E00
ENDCHAR
STARTCHAR uni26BE
ENCODING 9918
SWIDTH 1000 0
DWIDTH 11 0
BBX 10 9 0 -1
BITMAP
3F00
6180
5280
9240
9440
8040
5280
2100
1E00
ENDCHAR
STARTCHAR uni2702
ENCODING 9986
SWIDTH 1000 0
DWIDTH 11 0
BBX 10 7 0 0
BITMAP
E040
7180
1600
0C00
7300
A0C0
6000
ENDCHAR
STARTCHAR uni2713
ENCODING 10003
SWIDTH 700 0
DWIDTH 8 0
BBX 7 8 0 0
BITMAP
02
04
08
08
10
90
60
60
ENDCHAR
STARTCHAR uni271A
ENCODING 10010
SWIDTH 1000 0
DWIDTH 9 0
BBX 8 8 0 0
BITMAP
18
18
18
FF
FF
18
18
18
ENDCHAR
STARTCHAR uni273D
ENCODING 10045
SWIDTH 1000 0
DWIDTH 7 0
BBX 6 7 0 0
BITMAP
20
A4
68
30
EC
20
20
ENDCHAR
STARTCHAR uni273F
ENCODING 10047
SWIDTH 1000 0
DWIDTH 11 0
BBX 10 9 0 -1
BITMAP
1E00
4C80
6D80
FBC0
6180
1E00
7F80
3300
1200
ENDCHAR
STARTCHAR uni2740
ENCODING 10048
SWIDTH 1000 0
DWIDTH 11 0
BBX 10 9 0 -1
BITMAP
1E00
5280
7780
9C40
6380
3D00
4C80
2D00
1200
ENDCHAR
STARTCHAR uni2756
ENCODING 10070
SWIDTH 1000 0
DWIDTH 11 0
BBX 10 10 0 -1
BITMAP
0800
0C00
1E00
2D00
6180
F3C0
2900
0C00
1E00
0800
ENDCHAR
STARTCHAR uni2776
ENCODING 10102
SWIDTH 1000 0
DWIDTH 11 0
BBX 10 9 0 -1
BITMAP
3F00
7F80
7B80
FBC0
FBC0
7B80
7B80
3F00
1E00
ENDCHAR
STARTCHAR uni2777
ENCODING 10103
SWIDTH 1000 0
DWIDTH 11 0
BBX 10 9 0 -1
BITMAP
3F00
7380
6D80
FDC0
FBC0
7780
6980
3F00
1E00
ENDCHAR
STARTCHAR uni2778
ENCODING 10104
SWIDTH 1000 0
DWIDTH 11 0
BBX 10 9 0 -1
BITMAP
3F00
7380
7D80
FBC0
F9C0
7D80
7380
3F00
1E00
ENDCHAR
STARTCHAR uni2779
ENCODING 10105
SWIDTH 1000 0
DWIDTH 11 0
BBX 10 9 0 -1
BITMAP
3F00
7F80
7780
FBC0
EBC0
7B80
7B80
3F00
1E00
ENDCHAR
STARTCHAR uni277A
ENCODING 10106
SWIDTH 1000 0
DWIDTH 11 0
BBX 10 9 0 -1
BITMAP
3F00
7F80
7F80
FBC0
FDC0
7D80
7380
3F00
1E00
ENDCHAR
STARTCHAR uni277B
ENCODING 10107
SWIDTH 1000 0
DWIDTH 11 0
BBX 10 9 0 -1
BITMAP
3F00
7B80
6F80
EFC0
EDC0
6D80
7380
3F00
1E00
ENDCHAR
STARTCHAR uni277C
ENCODING 10108
SWIDTH 1000 0
DWIDTH 11 0
BBX 10 9 0 -1
BITMAP
3F00
7F80
7F80
FBC0
FFC0
7780
7780
3F00
1E00
ENDCHAR
STARTCHAR uni277D
ENCODING 10109
SWIDTH 1000 0
DWIDTH 11 0
BBX 10 9 0 -1
BITMAP
3F00
7380
6D80
F7C0
EBC0
6D80
7380
3F00
1E00
ENDCHAR
STARTCHAR uni277E
ENCODING 10110
SWIDTH 1000 0
DWIDTH 11 0
BBX 10 9 0 -1
BITMAP
3F00
7380
6D80
EDC0
F5C0
7D80
7380
3F00
1E00
ENDCHAR
STARTCHAR uni277F
ENCODING 10111
SWIDTH 1000 0
DWIDTH 11 0
BBX 10 9 0 -1
BITMAP
3F00
7D80
6A80
EEC0
EEC0
6A80
6980
3F00
1E00
ENDCHAR
STARTCHAR uni2780
ENCODING 10112
SWIDTH 1000 0
DWIDTH 11 0
BBX 10 9 0 -1
BITMAP
3F00
4080
8C40
8440
8440
8440
4480
6180
1E00
ENDCHAR
STARTCHAR uni2781
ENCODING 10113
SWIDTH 1000 0
DWIDTH 11 0
BBX 10 9 0 -1
BITMAP
3F00
4C80
9240
8240
8440
8840
5E80
6180
1E00
ENDCHAR
STARTCHAR uni2782
ENCODING 10114
SWIDTH 1000 0
DWIDTH 11 0
BBX 10 9 0 -1
BITMAP
3F00
4C80
9240
8440
8E40
8240
5C80
6180
1E00
ENDCHAR
STARTCHAR uni2783
ENCODING 10115
SWIDTH 1000 0
DWIDTH 11 0
BBX 10 9 0 -1
BITMAP
3F00
4080
8C40
8C40
9440
8E40
4480
6180
1E00
ENDCHAR
STARTCHAR uni2784
ENCODING 10116
SWIDTH 1000 0
DWIDTH 11 0
BBX 10 9 0 -1
BITMAP
3F00
4680
8840
9C40
8240
8240
5C80
6180
1E00
ENDCHAR
STARTCHAR uni2785
ENCODING 10117
SWIDTH 1000 0
DWIDTH 11 0
BBX 10 9 0 -1
BITMAP
3F00
4C80
9240
9C40
9240
9240
4C80
6180
1E00
ENDCHAR
STARTCHAR uni2786
ENCODING 10118
SWIDTH 1000 0
DWIDTH 11 0
BBX 10 9 0 -1
BITMAP
3F00
5C80
8240
8440
8440
8840
4880
6180
1E00
ENDCHAR
STARTCHAR uni2787
ENCODING 10119
SWIDTH 1000 0
DWIDTH 11 0
BBX 10 9 0 -1
BITMAP
3F00
4C80
9240
8A40
9440
9240
4C80
6180
1E00
ENDCHAR
STARTCHAR uni2788
ENCODING 10120
SWIDTH 1000 0
DWIDTH 11 0
BBX 10 9 0 -1
BITMAP
3F00
4C80
9240
9240
8E40
8240
5C80
6180
1E00
ENDCHAR
STARTCHAR uni2789
ENCODING 10121
SWIDTH 1000 0
DWIDTH 11 0
BBX 10 9 0 -1
BITMAP
3F00
4280
B540
9540
9540
9540
5680
6180
1E00
ENDCHAR
STARTCHAR uni278A
ENCODING 10122
SWIDTH 1000 0
DWIDTH 11 0
BBX 10 9 0 -1
BITMAP
3F00
7F80
7B80
FBC0
FBC0
7B80
7B80
3F00
1E00
ENDCHAR
STARTCHAR uni278B
ENCODING 10123
SWIDTH 1000 0
DWIDTH 11 0
BBX 10 9 0 -1
BITMAP
3F00
7380
6D80
FDC0
FBC0
7780
6980
3F00
1E00
ENDCHAR
STARTCHAR uni278C
ENCODING 10124
SWIDTH 1000 0
DWIDTH 11 0
BBX 10 9 0 -1
BITMAP
3F00
7380
7D80
FBC0
F9C0
7D80
7380
3F00
1E00
ENDCHAR
STARTCHAR uni278D
ENCODING 10125
SWIDTH 1000 0
DWIDTH 11 0
BBX 10 9 0 -1
BITMAP
3F00
7F80
7780
FBC0
EBC0
7B80
7B80
3F00
1E00
ENDCHAR
STARTCHAR uni278E
ENCODING 10126
SWIDTH 1000 0
DWIDTH 11 0
BBX 10 9 0 -1
BITMAP
3F00
7F80
7F80
FBC0
FDC0
7D80
7380
3F00
1E00
ENDCHAR
STARTCHAR uni278F
ENCODING 10127
SWIDTH 1000 0
DWIDTH 11 0
BBX 10 9 0 -1
BITMAP
3F00
7B80
6F80
EFC0
EDC0
6D80
7380
3F00
1E00
ENDCHAR
STARTCHAR uni2790
ENCODING 10128
SWIDTH 1000 0
DWIDTH 11 0
BBX 10 9 0 -1
BITMAP
3F00
7F80
7F80
FBC0
FFC0
7780
7780
3F00
1E00
ENDCHAR
STARTCHAR uni2791
ENCODING 10129
SWIDTH 1000 0
DWIDTH 11 0
BBX 10 9 0 -1
BITMAP
3F00
7380
6D80
F7C0
EBC0
6D80
7380
3F00
1E00
ENDCHAR
STARTCHAR uni2792
ENCODING 10130
SWIDTH 1000 0
DWIDTH 11 0
BBX 10 9 0 -1
BITMAP
3F00
7380
6D80
EDC0
F5C0
7D80
7380
3F00
1E00
ENDCHAR
STARTCHAR uni2793
ENCODING 10131
SWIDTH 1000 0
DWIDTH 11 0
BBX 10 9 0 -1
BITMAP
3F00
7D80
6A80
EEC0
EEC0
6A80
6980
3F00
1E00
ENDCHAR
STARTCHAR uni27A1
ENCODING 10145
SWIDTH 1000 0
DWIDTH 11 0
BBX 10 7 0 0
BITMAP
0200
0300
FF80
FFC0
FF00
0200
0400
ENDCHAR
STARTCHAR uni2934
ENCODING 10548
SWIDTH 1000 0
DWIDTH 11 0
BBX 10 9 0 -1
BITMAP
0100
0380
0540
0100
0100
0200
0400
0800
F000
ENDCHAR
STARTCHAR uni2935
ENCODING 10549
SWIDTH 1000 0
DWIDTH 11 0
BBX 10 9 0 -1
BITMAP
F800
0400
0200
0200
0100
0100
0540
0380
0100
ENDCHAR
STARTCHAR uni29BF
ENCODING 10687
SWIDTH 1000 0
DWIDTH 11 0
BBX 10 9 0 -1
BITMAP
3F00
4080
4080
8C40
9E40
8C40
4080
2100
1E00
ENDCHAR
STARTCHAR uni29FA
ENCODING 10746
SWIDTH 1000 0
DWIDTH 9 0
BBX 8 8 0 0
BITMAP
24
24
24
24
FF
24
24
24
ENDCHAR
STARTCHAR uni29FB
ENCODING 10747
SWIDTH 1000 0
DWIDTH 9 0
BBX 8 8 0 0
BITMAP
34
34
34
34
FF
34
34
34
ENDCHAR
STARTCHAR uni2B05
ENCODING 11013
SWIDTH 1000 0
DWIDTH 11 0
BBX 10 7 0 0
BITMAP
1000
3000
7FC0
FFC0
3FC0
1000
0800
ENDCHAR
STARTCHAR uni2B06
ENCODING 11014
SWIDTH 1000 0
DWIDTH 7 0
BBX 6 9 0 -1
BITMAP
30
78
FC
78
78
78
78
78
78
ENDCHAR
STARTCHAR uni2B07
ENCODING 11015
SWIDTH 1000 0
DWIDTH 7 0
BBX 6 9 0 -1
BITMAP
78
78
78
78
78
FC
78
30
20
ENDCHAR
STARTCHAR uni2B1A
ENCODING 11034
SWIDTH 1000 0
DWIDTH 11 0
BBX 10 9 0 -1
BITMAP
AD40
8040
0000
8040
0000
8040
8040
0000
AD40
ENDCHAR
STARTCHAR uni2B95
ENCODING 11157
SWIDTH 1000 0
DWIDTH 11 0
BBX 10 7 0 0
BITMAP
0200
0300
FF80
FFC0
FF00
0200
0400
ENDCHAR
STARTCHAR uni2E3A
ENCODING 11834
SWIDTH 1700 0
DWIDTH 17 0
BBX 16 1 0 2
BITMAP
FFFF
ENDCHAR
STARTCHAR uni2E3B
ENCODING 11835
SWIDTH 2500 0
DWIDTH 25 0
BBX 24 1 0 2
BITMAP
FFFFFF
ENDCHAR
STARTCHAR uni3000
ENCODING 12288
SWIDTH 1000 0
DWIDTH 3 0
BBX 0 0 0 0
BITMAP
ENDCHAR
STARTCHAR uni3001
ENCODING 12289
SWIDTH 1000 0
DWIDTH 3 0
BBX 2 3 0 -1
BITMAP
80
40
40
ENDCHAR
STARTCHAR uni3002
ENCODING 12290
SWIDTH 1000 0
DWIDTH 4 0
BBX 3 3 0 -1
BITMAP
E0
A0
60
ENDCHAR
STARTCHAR uni3003
ENCODING 12291
SWIDTH 1000 0
DWIDTH 7 0
BBX 6 5 0 1
BITMAP
24
48
48
90
90
ENDCHAR
STARTCHAR uni3004
ENCODING 12292
SWIDTH 1000 0
DWIDTH 11 0
BBX 10 9 0 -1
BITMAP
3900
4180
8980
8640
8840
9840
5080
2900
1600
ENDCHAR
STARTCHAR uni3005
ENCODING 12293
SWIDTH 1000 0
DWIDTH 8 0
BBX 7 8 0 0
BITMAP
10
10
3E
22
44
B4
08
06
ENDCHAR
STARTCHAR uni3006
ENCODING 12294
SWIDTH 1000 0
DWIDTH 8 0
BBX 7 9 0 -1
BITMAP
02
04
48
30
18
A4
C0
80
80
ENDCHAR
STARTCHAR uni3007
ENCODING 12295
SWIDTH 1000 0
DWIDTH 11 0
BBX 10 9 0 -1
BITMAP
3F00
4080
4080
8040
8040
4080
4080
2100
1E00
ENDCHAR
STARTCHAR uni3008
ENCODING 12296
SWIDTH 1000 0
DWIDTH 4 0
BBX 3 9 0 -1
BITMAP
20
20
40
80
80
40
40
20
20
ENDCHAR
STARTCHAR uni3009
ENCODING 12297
SWIDTH 1000 0
DWIDTH 4 0
BBX 3 9 0 -1
BITMAP
80
80
40
20
20
40
40
80
80
ENDCHAR
STARTCHAR uni300A
ENCODING 12298
SWIDTH 1000 0
DWIDTH 6 0
BBX 5 9 0 -1
BITMAP
38
50
60
A0
A0
60
50
30
28
ENDCHAR
STARTCHAR uni300B
ENCODING 12299
SWIDTH 1000 0
DWIDTH 6 0
BBX 5 9 0 -1
BITMAP
E0
50
30
28
28
30
50
60
A0
ENDCHAR
STARTCHAR uni300C
ENCODING 12300
SWIDTH 1000 0
DWIDTH 5 0
BBX 4 6 0 2
BITMAP
F0
80
80
80
80
80
ENDCHAR
STARTCHAR uni300D
ENCODING 12301
SWIDTH 1000 0
DWIDTH 5 0
BBX 4 7 0 -1
BITMAP
10
10
10
10
10
10
F0
ENDCHAR
STARTCHAR uni300E
ENCODING 12302
SWIDTH 1000 0
DWIDTH 5 0
BBX 4 6 0 2
BITMAP
F0
C0
C0
C0
C0
C0
ENDCHAR
STARTCHAR uni300F
ENCODING 12303
SWIDTH 1000 0
DWIDTH 5 0
BBX 4 7 0 -1
BITMAP
30
30
30
30
30
F0
F0
ENDCHAR
STARTCHAR uni3010
ENCODING 12304
SWIDTH 1000 0
DWIDTH 4 0
BBX 3 9 0 -1
BITMAP
E0
80
80
80
80
80
80
C0
E0
ENDCHAR
STARTCHAR uni3011
ENCODING 12305
SWIDTH 1000 0
DWIDTH 4 0
BBX 3 9 0 -1
BITMAP
E0
20
20
20
20
20
20
60
E0
ENDCHAR
STARTCHAR uni3012
ENCODING 12306
SWIDTH 1000 0
DWIDTH 7 0
BBX 6 7 0 0
BITMAP
FC
00
FC
20
20
20
20
ENDCHAR
STARTCHAR uni3013
ENCODING 12307
SWIDTH 1000 0
DWIDTH 9 0
BBX 8 8 0 0
BITMAP
FF
FF
FF
00
00
FF
FF
FF
ENDCHAR
STARTCHAR uni3014
ENCODING 12308
SWIDTH 1000 0
DWIDTH 4 0
BBX 3 10 0 -1
BITMAP
20
40
80
80
80
80
80
80
80
60
ENDCHAR
STARTCHAR uni3015
ENCODING 12309
SWIDTH 1000 0
DWIDTH 4 0
BBX 3 10 0 -1
BITMAP
80
40
20
20
20
20
20
20
20
C0
ENDCHAR
STARTCHAR uni3016
ENCODING 12310
SWIDTH 1000 0
DWIDTH 5 0
BBX 4 9 0 -1
BITMAP
F0
C0
80
80
80
80
80
C0
F0
ENDCHAR
STARTCHAR uni3017
ENCODING 12311
SWIDTH 1000 0
DWIDTH 5 0
BBX 4 9 0 -1
BITMAP
F0
30
30
10
10
30
30
30
F0
ENDCHAR
STARTCHAR uni3018
ENCODING 12312
SWIDTH 1000 0
DWIDTH 4 0
BBX 3 10 0 -1
BITMAP
40
A0
C0
80
80
80
80
80
E0
40
ENDCHAR
STARTCHAR uni3019
ENCODING 12313
SWIDTH 1000 0
DWIDTH 4 0
BBX 3 10 0 -1
BITMAP
40
A0
60
20
20
20
20
20
E0
40
ENDCHAR
STARTCHAR uni301A
ENCODING 12314
SWIDTH 1000 0
DWIDTH 4 0
BBX 3 9 0 -1
BITMAP
E0
C0
C0
C0
C0
C0
C0
C0
E0
ENDCHAR
STARTCHAR uni301B
ENCODING 12315
SWIDTH 1000 0
DWIDTH 4 0
BBX 3 9 0 -1
BITMAP
E0
60
60
60
60
60
60
60
E0
ENDCHAR
STARTCHAR uni301C
ENCODING 12316
SWIDTH 1000 0
DWIDTH 11 0
BBX 10 3 0 2
BITMAP
78C0
8480
0300
ENDCHAR
STARTCHAR uni301D
ENCODING 12317
SWIDTH 1000 0
DWIDTH 3 0
BBX 2 4 0 4
BITMAP
C0
C0
C0
40
ENDCHAR
STARTCHAR uni301E
ENCODING 12318
SWIDTH 1000 0
DWIDTH 3 0
BBX 2 4 0 4
BITMAP
C0
C0
C0
80
ENDCHAR
STARTCHAR uni301F
ENCODING 12319
SWIDTH 1000 0
DWIDTH 3 0
BBX 2 4 0 -1
BITMAP
80
40
80
40
ENDCHAR
STARTCHAR uni3020
ENCODING 12320
SWIDTH 1000 0
DWIDTH 11 0
BBX 10 7 0 0
BITMAP
7F80
7F80
6D80
BF40
4C80
5E80
3F00
ENDCHAR
STARTCHAR uni3021
ENCODING 12321
SWIDTH 1000 0
DWIDTH 2 0
BBX 1 9 0 -1
BITMAP
80
80
80
80
80
80
80
80
80
ENDCHAR
STARTCHAR uni3022
ENCODING 12322
SWIDTH 1000 0
DWIDTH 5 0
BBX 4 9 0 -1
BITMAP
10
90
90
90
90
90
90
10
10
ENDCHAR
STARTCHAR uni3023
ENCODING 12323
SWIDTH 1000 0
DWIDTH 7 0
BBX 6 9 0 -1
BITMAP
84
94
94
94
94
94
94
84
04
ENDCHAR
STARTCHAR uni3024
ENCODING 12324
SWIDTH 1000 0
DWIDTH 9 0
BBX 8 8 0 0
BITMAP
02
62
32
0C
0C
0E
32
C1
ENDCHAR
STARTCHAR uni3025
ENCODING 12325
SWIDTH 1000 0
DWIDTH 6 0
BBX 5 8 0 0
BITMAP
20
48
48
F0
58
88
88
78
ENDCHAR
STARTCHAR uni3026
ENCODING 12326
SWIDTH 1000 0
DWIDTH 9 0
BBX 8 4 0 4
BITMAP
08
08
00
FF
ENDCHAR
STARTCHAR uni3027
ENCODING 12327
SWIDTH 1000 0
DWIDTH 9 0
BBX 8 6 0 2
BITMAP
10
10
FF
00
00
7E
ENDCHAR
STARTCHAR uni3028
ENCODING 12328
SWIDTH 1000 0
DWIDTH 9 0
BBX 8 8 0 0
BITMAP
10
10
FF
00
7E
00
00
FF
ENDCHAR
STARTCHAR uni3029
ENCODING 12329
SWIDTH 1000 0
DWIDTH 9 0
BBX 8 8 0 0
BITMAP
08
7E
02
44
24
18
1C
E3
ENDCHAR
STARTCHAR uni302A
ENCODING 12330
SWIDTH 0 0
DWIDTH 3 0
BBX 2 2 0 -3
BITMAP
C0
C0
ENDCHAR
STARTCHAR uni302B
ENCODING 12331
SWIDTH 0 0
DWIDTH 3 0
BBX 2 2 0 9
BITMAP
80
C0
ENDCHAR
STARTCHAR uni302C
ENCODING 12332
SWIDTH 0 0
DWIDTH 3 0
BBX 2 2 0 9
BITMAP
40
C0
ENDCHAR
STARTCHAR uni302D
ENCODING 12333
SWIDTH 0 0
DWIDTH 3 0
BBX 2 2 0 -3
BITMAP
C0
C0
ENDCHAR
STARTCHAR uni302E
ENCODING 12334
SWIDTH 200 0
DWIDTH 2 0
BBX 1 2 0 3
BITMAP
80
80
ENDCHAR
STARTCHAR uni302F
ENCODING 12335
SWIDTH 200 0
DWIDTH 2 0
BBX 1 4 0 2
BITMAP
80
80
00
80
ENDCHAR
STARTCHAR uni3030
ENCODING 12336
SWIDTH 1000 0
DWIDTH 11 0
BBX 10 3 0 2
BITMAP
8C40
5280
2100
ENDCHAR
STARTCHAR uni3031
ENCODING 12337
SWIDTH 1000 0
DWIDTH 6 0
BBX 5 18 0 -5
BITMAP
08
10
10
20
20
40
40
80
80
80
80
40
20
20
10
10
08
08
ENDCHAR
STARTCHAR uni3032
ENCODING 12338
SWIDTH 1000 0
DWIDTH 8 0
BBX 7 18 0 -5
BITMAP
08
10
10
24
2E
48
40
80
80
80
80
40
20
20
10
10
08
08
ENDCHAR
STARTCHAR uni3033
ENCODING 12339
SWIDTH 1000 0
DWIDTH 6 0
BBX 5 9 0 -1
BITMAP
08
10
10
20
20
40
40
80
80
ENDCHAR
STARTCHAR uni3034
ENCODING 12340
SWIDTH 1000 0
DWIDTH 8 0
BBX 7 9 0 -1
BITMAP
08
10
10
24
2E
48
40
80
80
ENDCHAR
STARTCHAR uni3035
ENCODING 12341
SWIDTH 1000 0
DWIDTH 6 0
BBX 5 9 0 0
BITMAP
80
80
40
20
20
10
10
08
08
ENDCHAR
STARTCHAR uni3036
ENCODING 12342
SWIDTH 1000 0
DWIDTH 11 0
BBX 10 9 0 -1
BITMAP
3F00
4080
BF40
B740
8840
8840
4880
2100
1E00
ENDCHAR
STARTCHAR uni3037
ENCODING 12343
SWIDTH 1000 0
DWIDTH 11 0
BBX 10 9 0 -1
BITMAP
5C80
5280
5280
2100
2100
3280
5280
4A80
8C40
ENDCHAR
STARTCHAR uni3038
ENCODING 12344
SWIDTH 1000 0
DWIDTH 9 0
BBX 8 9 0 -1
BITMAP
10
10
10
FF
10
10
10
10
10
ENDCHAR
STARTCHAR uni3039
ENCODING 12345
SWIDTH 1000 0
DWIDTH 9 0
BBX 8 9 0 -1
BITMAP
24
24
FF
24
24
24
24
24
24
ENDCHAR
STARTCHAR uni303A
ENCODING 12346
SWIDTH 1000 0
DWIDTH 9 0
BBX 8 9 0 -1
BITMAP
4A
4A
4A
FF
4A
4A
4A
8A
82
ENDCHAR
STARTCHAR uni303B
ENCODING 12347
SWIDTH 1000 0
DWIDTH 6 0
BBX 5 9 0 -1
BITMAP
40
20
10
F8
40
20
10
38
40
ENDCHAR
STARTCHAR uni303C
ENCODING 12348
SWIDTH 1000 0
DWIDTH 9 0
BBX 8 8 0 0
BITMAP
FF
83
85
89
91
A1
C1
FF
ENDCHAR
STARTCHAR uni303D
ENCODING 12349
SWIDTH 1000 0
DWIDTH 9 0
BBX 8 7 0 0
BITMAP
58
A4
04
02
02
01
01
ENDCHAR
STARTCHAR uni303E
ENCODING 12350
SWIDTH 1000 0
DWIDTH 11 0
BBX 10 9 0 -1
BITMAP
AD40
8040
1A00
8440
1E00
9E40
8840
0000
AD40
ENDCHAR
STARTCHAR uni303F
ENCODING 12351
SWIDTH 1000 0
DWIDTH 7 0
BBX 6 8 0 0
BITMAP
FC
CC
B4
B4
A4
B4
CC
FC
ENDCHAR
STARTCHAR uni3041
ENCODING 12353
SWIDTH 1000 0
DWIDTH 8 0
BBX 7 7 0 0
BITMAP
20
FC
28
7C
B2
A2
FC
ENDCHAR
STARTCHAR uni3042
ENCODING 12354
SWIDTH 1000 0
DWIDTH 9 0
BBX 8 9 0 -1
BITMAP
10
FE
24
1E
65
A9
91
F6
08
ENDCHAR
STARTCHAR uni3043
ENCODING 12355
SWIDTH 1000 0
DWIDTH 8 0
BBX 7 6 0 0
BITMAP
88
84
84
84
A2
60
ENDCHAR
STARTCHAR uni3044
ENCODING 12356
SWIDTH 1000 0
DWIDTH 9 0
BBX 8 7 0 0
BITMAP
82
82
81
81
91
51
70
ENDCHAR
STARTCHAR uni3045
ENCODING 12357
SWIDTH 1000 0
DWIDTH 7 0
BBX 6 7 0 -1
BITMAP
78
10
EC
04
04
18
20
ENDCHAR
STARTCHAR uni3046
ENCODING 12358
SWIDTH 1000 0
DWIDTH 7 0
BBX 6 8 0 0
BITMAP
78
00
30
CC
04
04
0C
70
ENDCHAR
STARTCHAR uni3047
ENCODING 12359
SWIDTH 1000 0
DWIDTH 7 0
BBX 6 7 0 -1
BITMAP
78
08
F0
20
50
90
8C
ENDCHAR
STARTCHAR uni3048
ENCODING 12360
SWIDTH 1000 0
DWIDTH 9 0
BBX 8 8 0 0
BITMAP
3C
00
0C
74
08
18
28
C7
ENDCHAR
STARTCHAR uni3049
ENCODING 12361
SWIDTH 1000 0
DWIDTH 8 0
BBX 7 7 0 -1
BITMAP
48
F6
40
7C
C4
CC
50
ENDCHAR
STARTCHAR uni304A
ENCODING 12362
SWIDTH 1000 0
DWIDTH 10 0
BBX 9 8 0 0
BITMAP
2000
2A00
F180
2000
3E00
6100
A100
EE00
ENDCHAR
STARTCHAR uni304B
ENCODING 12363
SWIDTH 1000 0
DWIDTH 10 0
BBX 9 8 0 0
BITMAP
2000
2200
F900
2500
4480
4400
4400
B800
ENDCHAR
STARTCHAR uni304C
ENCODING 12364
SWIDTH 1000 0
DWIDTH 10 0
BBX 9 8 0 0
BITMAP
2380
2200
FA00
2500
4580
4400
4800
B800
ENDCHAR
STARTCHAR uni304D
ENCODING 12365
SWIDTH 1000 0
DWIDTH 8 0
BBX 7 8 0 0
BITMAP
10
FC
10
FE
08
9C
80
F8
ENDCHAR
STARTCHAR uni304E
ENCODING 12366
SWIDTH 1000 0
DWIDTH 10 0
BBX 9 9 0 -1
BITMAP
1380
FE00
0800
FE00
0400
4C00
8000
4000
3C00
ENDCHAR
STARTCHAR uni304F
ENCODING 12367
SWIDTH 1000 0
DWIDTH 6 0
BBX 5 9 0 -1
BITMAP
08
10
20
C0
80
40
30
18
08
ENDCHAR
STARTCHAR uni3050
ENCODING 12368
SWIDTH 1000 0
DWIDTH 7 0
BBX 6 9 0 -1
BITMAP
08
10
6C
8C
80
40
20
18
08
ENDCHAR
STARTCHAR uni3051
ENCODING 12369
SWIDTH 1000 0
DWIDTH 9 0
BBX 8 9 0 -1
BITMAP
42
82
9F
82
82
C2
C4
84
08
ENDCHAR
STARTCHAR uni3052
ENCODING 12370
SWIDTH 1000 0
DWIDTH 10 0
BBX 9 9 0 -1
BITMAP
8580
8500
9F00
8200
8400
C400
C400
8400
0800
ENDCHAR
STARTCHAR uni3053
ENCODING 12371
SWIDTH 1000 0
DWIDTH 7 0
BBX 6 7 0 0
BITMAP
FC
00
00
00
80
80
FC
ENDCHAR
STARTCHAR uni3054
ENCODING 12372
SWIDTH 1000 0
DWIDTH 9 0
BBX 8 8 0 0
BITMAP
07
FC
00
00
00
80
80
FC
ENDCHAR
STARTCHAR uni3055
ENCODING 12373
SWIDTH 1000 0
DWIDTH 8 0
BBX 7 8 0 0
BITMAP
10
16
F8
08
14
8C
80
FC
ENDCHAR
STARTCHAR uni3056
ENCODING 12374
SWIDTH 1000 0
DWIDTH 10 0
BBX 9 10 0 -1
BITMAP
0100
0A80
0B00
FC00
0400
0200
4E00
4000
6200
1C00
ENDCHAR
STARTCHAR uni3057
ENCODING 12375
SWIDTH 1000 0
DWIDTH 8 0
BBX 7 9 0 -1
BITMAP
80
80
80
80
80
80
82
4C
30
ENDCHAR
STARTCHAR uni3058
ENCODING 12376
SWIDTH 1000 0
DWIDTH 8 0
BBX 7 9 0 -1
BITMAP
80
94
88
80
80
80
82
CC
30
ENDCHAR
STARTCHAR uni3059
ENCODING 12377
SWIDTH 1000 0
DWIDTH 9 0
BBX 8 9 0 -1
BITMAP
08
FF
08
18
24
2C
18
10
20
ENDCHAR
STARTCHAR uni305A
ENCODING 12378
SWIDTH 1000 0
DWIDTH 9 0
BBX 8 9 0 -1
BITMAP
0B
FF
08
38
28
28
18
10
20
ENDCHAR
STARTCHAR uni305B
ENCODING 12379
SWIDTH 1000 0
DWIDTH 10 0
BBX 9 8 0 0
BITMAP
0200
1200
1780
EA00
2200
2600
1000
1F00
ENDCHAR
STARTCHAR uni305C
ENCODING 12380
SWIDTH 1000 0
DWIDTH 11 0
BBX 10 8 0 0
BITMAP
0380
22C0
2380
FE00
2200
2600
2000
1F00
ENDCHAR
STARTCHAR uni305D
ENCODING 12381
SWIDTH 1000 0
DWIDTH 9 0
BBX 8 9 0 -1
BITMAP
3E
04
18
27
D8
10
20
18
04
ENDCHAR
STARTCHAR uni305E
ENCODING 12382
SWIDTH 1000 0
DWIDTH 9 0
BBX 8 9 0 -1
BITMAP
7C
09
13
2E
D0
20
20
18
04
ENDCHAR
STARTCHAR uni305F
ENCODING 12383
SWIDTH 1000 0
DWIDTH 9 0
BBX 8 8 0 0
BITMAP
20
28
F0
2F
40
40
48
8F
ENDCHAR
STARTCHAR uni3060
ENCODING 12384
SWIDTH 1000 0
DWIDTH 10 0
BBX 9 9 0 -1
BITMAP
2100
2A80
F000
2F00
4000
4000
5000
8F00
8000
ENDCHAR
STARTCHAR uni3061
ENCODING 12385
SWIDTH 1000 0
DWIDTH 9 0
BBX 8 8 0 0
BITMAP
20
FE
20
20
7E
41
02
3E
ENDCHAR
STARTCHAR uni3062
ENCODING 12386
SWIDTH 1000 0
DWIDTH 10 0
BBX 9 9 0 -1
BITMAP
2380
2E00
F000
4000
7E00
4200
0200
0600
3800
ENDCHAR
STARTCHAR uni3063
ENCODING 12387
SWIDTH 1000 0
DWIDTH 8 0
BBX 7 5 0 0
BITMAP
7C
84
02
04
38
ENDCHAR
STARTCHAR uni3064
ENCODING 12388
SWIDTH 1000 0
DWIDTH 9 0
BBX 8 7 0 0
BITMAP
0C
73
81
01
01
06
38
ENDCHAR
STARTCHAR uni3065
ENCODING 12389
SWIDTH 1000 0
DWIDTH 10 0
BBX 9 8 0 0
BITMAP
0300
0180
7E00
8100
0100
0100
0200
3C00
ENDCHAR
STARTCHAR uni3066
ENCODING 12390
SWIDTH 1000 0
DWIDTH 9 0
BBX 8 7 0 0
BITMAP
FF
08
10
10
10
10
0E
ENDCHAR
STARTCHAR uni3067
ENCODING 12391
SWIDTH 1000 0
DWIDTH 9 0
BBX 8 7 0 0
BITMAP
FF
09
13
10
10
10
0E
ENDCHAR
STARTCHAR uni3068
ENCODING 12392
SWIDTH 1000 0
DWIDTH 7 0
BBX 6 8 0 0
BITMAP
80
44
48
30
40
80
80
7C
ENDCHAR
STARTCHAR uni3069
ENCODING 12393
SWIDTH 1000 0
DWIDTH 9 0
BBX 8 8 0 0
BITMAP
86
83
5C
60
40
80
80
FC
ENDCHAR
STARTCHAR uni306A
ENCODING 12394
SWIDTH 1000 0
DWIDTH 9 0
BBX 8 9 0 -1
BITMAP
30
3A
E3
24
44
9C
A6
25
18
ENDCHAR
STARTCHAR uni306B
ENCODING 12395
SWIDTH 1000 0
DWIDTH 9 0
BBX 8 8 0 0
BITMAP
40
4F
80
80
80
D0
D0
8F
ENDCHAR
STARTCHAR uni306C
ENCODING 12396
SWIDTH 1000 0
DWIDTH 10 0
BBX 9 8 0 0
BITMAP
0800
8C00
7A00
5100
D100
B500
AB00
CE80
ENDCHAR
STARTCHAR uni306D
ENCODING 12397
SWIDTH 1000 0
DWIDTH 10 0
BBX 9 8 0 0
BITMAP
2000
2400
FA00
2100
4100
A700
A900
2E80
ENDCHAR
STARTCHAR uni306E
ENCODING 12398
SWIDTH 1000 0
DWIDTH 9 0
BBX 8 7 0 0
BITMAP
3E
49
91
91
91
A3
4E
ENDCHAR
STARTCHAR uni306F
ENCODING 12399
SWIDTH 1000 0
DWIDTH 10 0
BBX 9 8 0 0
BITMAP
4200
8200
9F00
8200
8200
CE00
D300
9C80
ENDCHAR
STARTCHAR uni3070
ENCODING 12400
SWIDTH 1000 0
DWIDTH 10 0
BBX 9 8 0 0
BITMAP
8580
8500
9F00
8400
8400
CC00
B300
9D00
ENDCHAR
STARTCHAR uni3071
ENCODING 12401
SWIDTH 1000 0
DWIDTH 10 0
BBX 9 8 0 0
BITMAP
8780
8500
9F00
8400
8400
CC00
B300
9D00
ENDCHAR
STARTCHAR uni3072
ENCODING 12402
SWIDTH 1000 0
DWIDTH 9 0
BBX 8 8 0 -1
BITMAP
F2
22
42
43
83
84
4C
30
ENDCHAR
STARTCHAR uni3073
ENCODING 12403
SWIDTH 1000 0
DWIDTH 10 0
BBX 9 9 0 -1
BITMAP
0280
F500
2200
4200
8300
8500
8400
4C00
3000
ENDCHAR
STARTCHAR uni3074
ENCODING 12404
SWIDTH 1000 0
DWIDTH 10 0
BBX 9 9 0 -1
BITMAP
0380
F580
2200
4200
8300
8500
8400
4C00
3000
ENDCHAR
STARTCHAR uni3075
ENCODING 12405
SWIDTH 1000 0
DWIDTH 11 0
BBX 10 8 0 0
BITMAP
0800
0600
0400
0800
0900
2480
6280
DC40
ENDCHAR
STARTCHAR uni3076
ENCODING 12406
SWIDTH 1000 0
DWIDTH 11 0
BBX 10 8 0 0
BITMAP
1000
0D80
04C0
1000
0900
2480
4480
9C80
ENDCHAR
STARTCHAR uni3077
ENCODING 12407
SWIDTH 1000 0
DWIDTH 11 0
BBX 10 8 0 0
BITMAP
1000
0DC0
05C0
1000
0900
2480
4480
9C80
ENDCHAR
STARTCHAR uni3078
ENCODING 12408
SWIDTH 1000 0
DWIDTH 10 0
BBX 9 6 0 0
BITMAP
3000
4800
8400
8200
0180
0100
ENDCHAR
STARTCHAR uni3079
ENCODING 12409
SWIDTH 1000 0
DWIDTH 10 0
BBX 9 7 0 0
BITMAP
0280
1980
2400
4200
C100
0080
0080
ENDCHAR
STARTCHAR uni307A
ENCODING 12410
SWIDTH 1000 0
DWIDTH 10 0
BBX 9 7 0 0
BITMAP
0380
1A80
2500
4200
C100
0080
0080
ENDCHAR
STARTCHAR uni307B
ENCODING 12411
SWIDTH 1000 0
DWIDTH 9 0
BBX 8 8 0 0
BITMAP
40
9F
84
9F
84
CC
D3
9D
ENDCHAR
STARTCHAR uni307C
ENCODING 12412
SWIDTH 1000 0
DWIDTH 10 0
BBX 9 9 0 -1
BITMAP
8180
9F00
8400
9F00
8400
CC00
9600
9500
8800
ENDCHAR
STARTCHAR uni307D
ENCODING 12413
SWIDTH 1000 0
DWIDTH 10 0
BBX 9 10 0 -1
BITMAP
0100
8180
9F00
8400
9F00
8400
CC00
9600
9500
8800
ENDCHAR
STARTCHAR uni307E
ENCODING 12414
SWIDTH 1000 0
DWIDTH 8 0
BBX 7 8 0 0
BITMAP
10
FC
10
FC
10
70
9C
F2
ENDCHAR
STARTCHAR uni307F
ENCODING 12415
SWIDTH 1000 0
DWIDTH 9 0
BBX 8 9 0 -1
BITMAP
18
68
10
31
5E
A3
A2
C4
08
ENDCHAR
STARTCHAR uni3080
ENCODING 12416
SWIDTH 1000 0
DWIDTH 9 0
BBX 8 8 0 0
BITMAP
20
FA
21
60
A0
A2
42
3E
ENDCHAR
STARTCHAR uni3081
ENCODING 12417
SWIDTH 1000 0
DWIDTH 9 0
BBX 8 8 0 0
BITMAP
04
44
7A
49
A9
91
B1
4E
ENDCHAR
STARTCHAR uni3082
ENCODING 12418
SWIDTH 1000 0
DWIDTH 9 0
BBX 8 8 0 0
BITMAP
20
A0
78
20
FA
21
21
3E
ENDCHAR
STARTCHAR uni3083
ENCODING 12419
SWIDTH 1000 0
DWIDTH 8 0
BBX 7 7 0 -1
BITMAP
58
5E
62
AE
10
10
10
ENDCHAR
STARTCHAR uni3084
ENCODING 12420
SWIDTH 1000 0
DWIDTH 9 0
BBX 8 9 0 -1
BITMAP
10
4E
59
E1
AB
14
10
10
18
ENDCHAR
STARTCHAR uni3085
ENCODING 12421
SWIDTH 1000 0
DWIDTH 8 0
BBX 7 7 0 -1
BITMAP
90
BC
D2
B2
B4
18
20
ENDCHAR
STARTCHAR uni3086
ENCODING 12422
SWIDTH 1000 0
DWIDTH 9 0
BBX 8 9 0 -1
BITMAP
08
8C
BB
C9
C9
A9
9E
10
30
ENDCHAR
STARTCHAR uni3087
ENCODING 12423
SWIDTH 1000 0
DWIDTH 7 0
BBX 6 7 0 -1
BITMAP
20
1C
20
20
F8
94
60
ENDCHAR
STARTCHAR uni3088
ENCODING 12424
SWIDTH 1000 0
DWIDTH 9 0
BBX 8 8 0 0
BITMAP
10
10
0E
10
10
78
8E
F3
ENDCHAR
STARTCHAR uni3089
ENCODING 12425
SWIDTH 1000 0
DWIDTH 8 0
BBX 7 8 0 0
BITMAP
60
18
80
98
E4
82
04
7C
ENDCHAR
STARTCHAR uni308A
ENCODING 12426
SWIDTH 1000 0
DWIDTH 7 0
BBX 6 9 0 -1
BITMAP
90
A8
C4
84
84
84
08
30
40
ENDCHAR
STARTCHAR uni308B
ENCODING 12427
SWIDTH 1000 0
DWIDTH 9 0
BBX 8 8 0 0
BITMAP
1C
66
08
3C
62
81
39
3E
ENDCHAR
STARTCHAR uni308C
ENCODING 12428
SWIDTH 1000 0
DWIDTH 10 0
BBX 9 8 0 0
BITMAP
2000
2400
FA00
2200
4200
A200
A280
2300
ENDCHAR
STARTCHAR uni308D
ENCODING 12429
SWIDTH 1000 0
DWIDTH 9 0
BBX 8 8 0 -1
BITMAP
7E
08
1C
62
81
02
0E
30
ENDCHAR
STARTCHAR uni308E
ENCODING 12430
SWIDTH 1000 0
DWIDTH 9 0
BBX 8 6 0 0
BITMAP
20
6E
31
61
E2
2E
ENDCHAR
STARTCHAR uni308F
ENCODING 12431
SWIDTH 1000 0
DWIDTH 9 0
BBX 8 8 0 0
BITMAP
20
20
FE
21
41
A1
A3
2C
ENDCHAR
STARTCHAR uni3090
ENCODING 12432
SWIDTH 1000 0
DWIDTH 9 0
BBX 8 8 0 0
BITMAP
78
08
0C
32
51
A1
BD
DE
ENDCHAR
STARTCHAR uni3091
ENCODING 12433
SWIDTH 1000 0
DWIDTH 9 0
BBX 8 8 0 0
BITMAP
7C
08
36
D2
2A
3C
66
99
ENDCHAR
STARTCHAR uni3092
ENCODING 12434
SWIDTH 1000 0
DWIDTH 9 0
BBX 8 8 0 0
BITMAP
10
FC
20
7B
CC
B8
28
3F
ENDCHAR
STARTCHAR uni3093
ENCODING 12435
SWIDTH 1000 0
DWIDTH 9 0
BBX 8 8 0 0
BITMAP
10
10
20
20
78
49
89
8F
ENDCHAR
STARTCHAR uni3094
ENCODING 12436
SWIDTH 1000 0
DWIDTH 10 0
BBX 9 8 0 0
BITMAP
3C00
0300
1980
E400
0200
0200
0400
3800
ENDCHAR
STARTCHAR uni3095
ENCODING 12437
SWIDTH 1000 0
DWIDTH 8 0
BBX 7 7 0 -1
BITMAP
20
B4
4A
4A
48
90
B0
ENDCHAR
STARTCHAR uni3096
ENCODING 12438
SWIDTH 1000 0
DWIDTH 8 0
BBX 7 7 0 -1
BITMAP
88
AE
98
88
88
88
90
ENDCHAR
STARTCHAR uni3099
ENCODING 12441
SWIDTH 0 0
DWIDTH 4 0
BBX 3 2 0 7
BITMAP
C0
60
ENDCHAR
STARTCHAR uni309A
ENCODING 12442
SWIDTH 0 0
DWIDTH 3 0
BBX 2 2 0 7
BITMAP
C0
C0
ENDCHAR
STARTCHAR uni309B
ENCODING 12443
SWIDTH 1000 0
DWIDTH 4 0
BBX 3 2 0 6
BITMAP
E0
40
ENDCHAR
STARTCHAR uni309C
ENCODING 12444
SWIDTH 1000 0
DWIDTH 4 0
BBX 3 2 0 6
BITMAP
E0
E0
ENDCHAR
STARTCHAR uni309D
ENCODING 12445
SWIDTH 1000 0
DWIDTH 6 0
BBX 5 5 0 1
BITMAP
C0
20
10
18
60
ENDCHAR
STARTCHAR uni309E
ENCODING 12446
SWIDTH 1000 0
DWIDTH 6 0
BBX 5 7 0 0
BITMAP
28
90
40
20
10
70
80
ENDCHAR
STARTCHAR uni309F
ENCODING 12447
SWIDTH 1000 0
DWIDTH 9 0
BBX 8 9 0 -1
BITMAP
08
08
17
10
3C
24
44
A4
18
ENDCHAR
STARTCHAR uni30A0
ENCODING 12448
SWIDTH 1000 0
DWIDTH 5 0
BBX 4 2 0 3
BITMAP
F0
F0
ENDCHAR
STARTCHAR uni30A1
ENCODING 12449
SWIDTH 1000 0
DWIDTH 8 0
BBX 7 6 0 -1
BITMAP
FE
24
28
20
60
C0
ENDCHAR
STARTCHAR uni30A2
ENCODING 12450
SWIDTH 1000 0
DWIDTH 9 0
BBX 8 7 0 0
BITMAP
FF
02
16
10
10
10
60
ENDCHAR
STARTCHAR uni30A3
ENCODING 12451
SWIDTH 1000 0
DWIDTH 8 0
BBX 7 7 0 -1
BITMAP
02
0C
18
E8
08
08
08
ENDCHAR
STARTCHAR uni30A4
ENCODING 12452
SWIDTH 1000 0
DWIDTH 9 0
BBX 8 8 0 0
BITMAP
03
02
0C
38
C8
08
08
08
ENDCHAR
STARTCHAR uni30A5
ENCODING 12453
SWIDTH 1000 0
DWIDTH 7 0
BBX 6 7 0 -1
BITMAP
20
FC
84
84
08
10
60
ENDCHAR
STARTCHAR uni30A6
ENCODING 12454
SWIDTH 1000 0
DWIDTH 9 0
BBX 8 8 0 0
BITMAP
10
10
EF
81
82
02
04
38
ENDCHAR
STARTCHAR uni30A7
ENCODING 12455
SWIDTH 1000 0
DWIDTH 7 0
BBX 6 5 0 0
BITMAP
FC
20
20
20
FC
ENDCHAR
STARTCHAR uni30A8
ENCODING 12456
SWIDTH 1000 0
DWIDTH 9 0
BBX 8 7 0 0
BITMAP
FF
10
10
10
10
10
FF
ENDCHAR
STARTCHAR uni30A9
ENCODING 12457
SWIDTH 1000 0
DWIDTH 8 0
BBX 7 7 0 -1
BITMAP
08
FE
18
28
48
88
30
ENDCHAR
STARTCHAR uni30AA
ENCODING 12458
SWIDTH 1000 0
DWIDTH 9 0
BBX 8 8 0 0
BITMAP
04
04
FF
0C
14
24
C4
1C
ENDCHAR
STARTCHAR uni30AB
ENCODING 12459
SWIDTH 1000 0
DWIDTH 9 0
BBX 8 8 0 0
BITMAP
10
10
FF
11
12
22
22
CE
ENDCHAR
STARTCHAR uni30AC
ENCODING 12460
SWIDTH 1000 0
DWIDTH 9 0
BBX 8 8 0 0
BITMAP
13
12
FE
12
22
22
42
CE
ENDCHAR
STARTCHAR uni30AD
ENCODING 12461
SWIDTH 1000 0
DWIDTH 9 0
BBX 8 8 0 0
BITMAP
10
12
FC
10
0F
F8
08
08
ENDCHAR
STARTCHAR uni30AE
ENCODING 12462
SWIDTH 1000 0
DWIDTH 9 0
BBX 8 10 0 -1
BITMAP
01
13
12
FC
10
17
F8
08
08
08
ENDCHAR
STARTCHAR uni30AF
ENCODING 12463
SWIDTH 1000 0
DWIDTH 9 0
BBX 8 8 0 0
BITMAP
10
1F
22
42
82
04
08
70
ENDCHAR
STARTCHAR uni30B0
ENCODING 12464
SWIDTH 1000 0
DWIDTH 10 0
BBX 9 9 0 -1
BITMAP
1380
2100
3E00
4200
8400
0400
0800
3000
4000
ENDCHAR
STARTCHAR uni30B1
ENCODING 12465
SWIDTH 1000 0
DWIDTH 9 0
BBX 8 8 0 0
BITMAP
20
20
7F
44
88
08
10
30
ENDCHAR
STARTCHAR uni30B2
ENCODING 12466
SWIDTH 1000 0
DWIDTH 10 0
BBX 9 9 0 -1
BITMAP
2300
2180
7F00
4800
8800
0800
1000
3000
2000
ENDCHAR
STARTCHAR uni30B3
ENCODING 12467
SWIDTH 1000 0
DWIDTH 7 0
BBX 6 7 0 0
BITMAP
FC
04
04
04
04
04
FC
ENDCHAR
STARTCHAR uni30B4
ENCODING 12468
SWIDTH 1000 0
DWIDTH 9 0
BBX 8 9 0 0
BITMAP
01
03
7E
02
02
02
02
02
FE
ENDCHAR
STARTCHAR uni30B5
ENCODING 12469
SWIDTH 1000 0
DWIDTH 9 0
BBX 8 8 0 0
BITMAP
24
24
FF
24
24
24
04
18
ENDCHAR
STARTCHAR uni30B6
ENCODING 12470
SWIDTH 1000 0
DWIDTH 11 0
BBX 10 9 0 -1
BITMAP
2380
22C0
FF80
2200
2200
2200
0200
0400
1800
ENDCHAR
STARTCHAR uni30B7
ENCODING 12471
SWIDTH 1000 0
DWIDTH 9 0
BBX 8 8 0 0
BITMAP
20
30
00
C1
22
04
18
60
ENDCHAR
STARTCHAR uni30B8
ENCODING 12472
SWIDTH 1000 0
DWIDTH 9 0
BBX 8 8 0 0
BITMAP
41
33
00
C1
22
04
18
E0
ENDCHAR
STARTCHAR uni30B9
ENCODING 12473
SWIDTH 1000 0
DWIDTH 9 0
BBX 8 7 0 0
BITMAP
7E
04
04
08
14
22
C1
ENDCHAR
STARTCHAR uni30BA
ENCODING 12474
SWIDTH 1000 0
DWIDTH 10 0
BBX 9 8 0 0
BITMAP
0380
7E00
0400
0400
0800
1C00
2600
C300
ENDCHAR
STARTCHAR uni30BB
ENCODING 12475
SWIDTH 1000 0
DWIDTH 9 0
BBX 8 8 0 0
BITMAP
20
20
2F
F2
24
24
20
3E
ENDCHAR
STARTCHAR uni30BC
ENCODING 12476
SWIDTH 1000 0
DWIDTH 11 0
BBX 10 8 0 0
BITMAP
11C0
1080
1780
F900
1200
1200
1000
1F00
ENDCHAR
STARTCHAR uni30BD
ENCODING 12477
SWIDTH 1000 0
DWIDTH 9 0
BBX 8 7 0 0
BITMAP
83
42
22
04
04
08
30
ENDCHAR
STARTCHAR uni30BE
ENCODING 12478
SWIDTH 1000 0
DWIDTH 9 0
BBX 8 10 0 -1
BITMAP
01
03
82
42
62
04
04
08
70
20
ENDCHAR
STARTCHAR uni30BF
ENCODING 12479
SWIDTH 1000 0
DWIDTH 9 0
BBX 8 8 0 0
BITMAP
10
1F
22
52
9C
04
0A
70
ENDCHAR
STARTCHAR uni30C0
ENCODING 12480
SWIDTH 1000 0
DWIDTH 10 0
BBX 9 9 0 -1
BITMAP
1380
3E00
2200
4200
B400
0C00
1A00
3000
4000
ENDCHAR
STARTCHAR uni30C1
ENCODING 12481
SWIDTH 1000 0
DWIDTH 9 0
BBX 8 8 0 0
BITMAP
02
7C
08
FF
08
10
10
60
ENDCHAR
STARTCHAR uni30C2
ENCODING 12482
SWIDTH 1000 0
DWIDTH 9 0
BBX 8 9 0 -1
BITMAP
02
FD
13
FF
10
10
10
20
40
ENDCHAR
STARTCHAR uni30C3
ENCODING 12483
SWIDTH 1000 0
DWIDTH 7 0
BBX 6 7 0 -1
BITMAP
20
A4
94
08
08
30
40
ENDCHAR
STARTCHAR uni30C4
ENCODING 12484
SWIDTH 1000 0
DWIDTH 9 0
BBX 8 8 0 0
BITMAP
10
91
91
4A
02
04
08
30
ENDCHAR
STARTCHAR uni30C5
ENCODING 12485
SWIDTH 1000 0
DWIDTH 10 0
BBX 9 10 0 -1
BITMAP
0100
0280
9000
9100
5200
0200
0400
0800
7000
2000
ENDCHAR
STARTCHAR uni30C6
ENCODING 12486
SWIDTH 1000 0
DWIDTH 9 0
BBX 8 7 0 0
BITMAP
7E
00
FF
08
08
10
60
ENDCHAR
STARTCHAR uni30C7
ENCODING 12487
SWIDTH 1000 0
DWIDTH 10 0
BBX 9 10 0 -1
BITMAP
0100
0280
7F00
0000
FF00
0800
1000
1000
2000
4000
ENDCHAR
STARTCHAR uni30C8
ENCODING 12488
SWIDTH 1000 0
DWIDTH 6 0
BBX 5 8 0 0
BITMAP
80
80
80
E0
98
80
80
80
ENDCHAR
STARTCHAR uni30C9
ENCODING 12489
SWIDTH 1000 0
DWIDTH 7 0
BBX 6 8 0 0
BITMAP
88
94
90
C0
B8
88
80
80
ENDCHAR
STARTCHAR uni30CA
ENCODING 12490
SWIDTH 1000 0
DWIDTH 9 0
BBX 8 8 0 0
BITMAP
08
08
FF
08
08
10
10
60
ENDCHAR
STARTCHAR uni30CB
ENCODING 12491
SWIDTH 1000 0
DWIDTH 9 0
BBX 8 6 0 1
BITMAP
FE
00
00
00
00
FF
ENDCHAR
STARTCHAR uni30CC
ENCODING 12492
SWIDTH 1000 0
DWIDTH 8 0
BBX 7 7 0 0
BITMAP
7E
02
64
14
0C
16
E2
ENDCHAR
STARTCHAR uni30CD
ENCODING 12493
SWIDTH 1000 0
DWIDTH 9 0
BBX 8 8 0 0
BITMAP
08
FE
02
04
18
6F
89
08
ENDCHAR
STARTCHAR uni30CE
ENCODING 12494
SWIDTH 1000 0
DWIDTH 8 0
BBX 7 7 0 0
BITMAP
02
04
04
08
08
30
C0
ENDCHAR
STARTCHAR uni30CF
ENCODING 12495
SWIDTH 1000 0
DWIDTH 9 0
BBX 8 7 0 0
BITMAP
24
24
22
42
41
81
81
ENDCHAR
STARTCHAR uni30D0
ENCODING 12496
SWIDTH 1000 0
DWIDTH 10 0
BBX 9 8 0 0
BITMAP
0300
2580
2400
2200
4200
4200
8100
8100
ENDCHAR
STARTCHAR uni30D1
ENCODING 12497
SWIDTH 1000 0
DWIDTH 10 0
BBX 9 8 0 0
BITMAP
0380
2780
2400
2200
4200
4200
8100
8100
ENDCHAR
STARTCHAR uni30D2
ENCODING 12498
SWIDTH 1000 0
DWIDTH 8 0
BBX 7 8 0 0
BITMAP
80
80
8C
F0
80
80
80
7E
ENDCHAR
STARTCHAR uni30D3
ENCODING 12499
SWIDTH 1000 0
DWIDTH 8 0
BBX 7 8 0 0
BITMAP
86
84
8C
F0
80
80
80
FC
ENDCHAR
STARTCHAR uni30D4
ENCODING 12500
SWIDTH 1000 0
DWIDTH 8 0
BBX 7 8 0 0
BITMAP
86
86
8C
F0
80
80
80
FC
ENDCHAR
STARTCHAR uni30D5
ENCODING 12501
SWIDTH 1000 0
DWIDTH 9 0
BBX 8 7 0 0
BITMAP
FF
02
02
02
04
08
70
ENDCHAR
STARTCHAR uni30D6
ENCODING 12502
SWIDTH 1000 0
DWIDTH 10 0
BBX 9 9 0 0
BITMAP
0100
0280
FE00
0200
0200
0200
0400
0800
7000
ENDCHAR
STARTCHAR uni30D7
ENCODING 12503
SWIDTH 1000 0
DWIDTH 10 0
BBX 9 8 0 0
BITMAP
0380
FF80
0200
0200
0200
0400
0800
7000
ENDCHAR
STARTCHAR uni30D8
ENCODING 12504
SWIDTH 1000 0
DWIDTH 9 0
BBX 8 6 0 0
BITMAP
30
48
84
82
01
01
ENDCHAR
STARTCHAR uni30D9
ENCODING 12505
SWIDTH 1000 0
DWIDTH 9 0
BBX 8 7 0 0
BITMAP
05
33
48
C4
82
01
01
ENDCHAR
STARTCHAR uni30DA
ENCODING 12506
SWIDTH 1000 0
DWIDTH 9 0
BBX 8 7 0 0
BITMAP
07
37
48
C4
82
01
01
ENDCHAR
STARTCHAR uni30DB
ENCODING 12507
SWIDTH 1000 0
DWIDTH 9 0
BBX 8 8 0 0
BITMAP
08
08
FF
08
4A
49
89
38
ENDCHAR
STARTCHAR uni30DC
ENCODING 12508
SWIDTH 1000 0
DWIDTH 10 0
BBX 9 8 0 0
BITMAP
1300
1280
FF00
1000
5200
5200
9100
3000
ENDCHAR
STARTCHAR uni30DD
ENCODING 12509
SWIDTH 1000 0
DWIDTH 9 0
BBX 8 8 0 0
BITMAP
13
11
FF
10
52
52
91
30
ENDCHAR
STARTCHAR uni30DE
ENCODING 12510
SWIDTH 1000 0
DWIDTH 9 0
BBX 8 7 0 0
BITMAP
FF
01
02
64
18
08
04
ENDCHAR
STARTCHAR uni30DF
ENCODING 12511
SWIDTH 1000 0
DWIDTH 7 0
BBX 6 8 0 0
BITMAP
40
3C
00
E0
18
00
E0
1C
ENDCHAR
STARTCHAR uni30E0
ENCODING 12512
SWIDTH 1000 0
DWIDTH 9 0
BBX 8 8 0 0
BITMAP
10
10
10
20
26
22
4F
F1
ENDCHAR
STARTCHAR uni30E1
ENCODING 12513
SWIDTH 1000 0
DWIDTH 9 0
BBX 8 8 0 0
BITMAP
02
02
64
14
08
16
23
C0
ENDCHAR
STARTCHAR uni30E2
ENCODING 12514
SWIDTH 1000 0
DWIDTH 9 0
BBX 8 7 0 0
BITMAP
7E
10
10
FF
10
10
1F
ENDCHAR
STARTCHAR uni30E3
ENCODING 12515
SWIDTH 1000 0
DWIDTH 8 0
BBX 7 7 0 -1
BITMAP
40
5E
E4
28
20
20
10
ENDCHAR
STARTCHAR uni30E4
ENCODING 12516
SWIDTH 1000 0
DWIDTH 9 0
BBX 8 8 0 0
BITMAP
60
23
7D
A2
14
10
10
18
ENDCHAR
STARTCHAR uni30E5
ENCODING 12517
SWIDTH 1000 0
DWIDTH 9 0
BBX 8 5 0 0
BITMAP
7C
04
04
04
FF
ENDCHAR
STARTCHAR uni30E6
ENCODING 12518
SWIDTH 1000 0
DWIDTH 9 0
BBX 8 6 0 1
BITMAP
7E
02
02
04
04
FF
ENDCHAR
STARTCHAR uni30E7
ENCODING 12519
SWIDTH 1000 0
DWIDTH 7 0
BBX 6 6 0 -1
BITMAP
FC
04
FC
04
FC
04
ENDCHAR
STARTCHAR uni30E8
ENCODING 12520
SWIDTH 1000 0
DWIDTH 7 0
BBX 6 7 0 0
BITMAP
FC
04
04
FC
04
04
FC
ENDCHAR
STARTCHAR uni30E9
ENCODING 12521
SWIDTH 1000 0
DWIDTH 9 0
BBX 8 7 0 0
BITMAP
7E
00
FF
02
02
04
38
ENDCHAR
STARTCHAR uni30EA
ENCODING 12522
SWIDTH 1000 0
DWIDTH 7 0
BBX 6 8 0 0
BITMAP
84
84
84
84
84
04
08
30
ENDCHAR
STARTCHAR uni30EB
ENCODING 12523
SWIDTH 1000 0
DWIDTH 10 0
BBX 9 8 0 0
BITMAP
0800
2800
2800
2800
4800
4980
4A00
8C00
ENDCHAR
STARTCHAR uni30EC
ENCODING 12524
SWIDTH 1000 0
DWIDTH 8 0
BBX 7 7 0 0
BITMAP
80
80
80
82
84
98
E0
ENDCHAR
STARTCHAR uni30ED
ENCODING 12525
SWIDTH 1000 0
DWIDTH 9 0
BBX 8 7 0 0
BITMAP
FF
81
81
81
81
81
FF
ENDCHAR
STARTCHAR uni30EE
ENCODING 12526
SWIDTH 1000 0
DWIDTH 7 0
BBX 6 6 0 -1
BITMAP
FC
84
04
08
10
60
ENDCHAR
STARTCHAR uni30EF
ENCODING 12527
SWIDTH 1000 0
DWIDTH 9 0
BBX 8 7 0 0
BITMAP
FF
81
82
02
06
0C
38
ENDCHAR
STARTCHAR uni30F0
ENCODING 12528
SWIDTH 1000 0
DWIDTH 9 0
BBX 8 8 0 0
BITMAP
04
04
FF
24
24
FF
04
04
ENDCHAR
STARTCHAR uni30F1
ENCODING 12529
SWIDTH 1000 0
DWIDTH 9 0
BBX 8 7 0 0
BITMAP
FF
02
16
10
10
10
FF
ENDCHAR
STARTCHAR uni30F2
ENCODING 12530
SWIDTH 1000 0
DWIDTH 8 0
BBX 7 7 0 0
BITMAP
FE
02
FC
04
08
18
60
ENDCHAR
STARTCHAR uni30F3
ENCODING 12531
SWIDTH 1000 0
DWIDTH 9 0
BBX 8 7 0 0
BITMAP
40
31
01
02
04
18
E0
ENDCHAR
STARTCHAR uni30F4
ENCODING 12532
SWIDTH 1000 0
DWIDTH 9 0
BBX 8 8 0 0
BITMAP
13
10
FF
82
82
02
04
38
ENDCHAR
STARTCHAR uni30F5
ENCODING 12533
SWIDTH 1000 0
DWIDTH 7 0
BBX 6 7 0 -1
BITMAP
20
FC
24
24
44
C4
98
ENDCHAR
STARTCHAR uni30F6
ENCODING 12534
SWIDTH 1000 0
DWIDTH 9 0
BBX 8 7 0 -1
BITMAP
20
3F
48
88
08
10
20
ENDCHAR
STARTCHAR uni30F7
ENCODING 12535
SWIDTH 1000 0
DWIDTH 9 0
BBX 8 10 0 -1
BITMAP
01
03
FF
82
82
82
04
04
18
20
ENDCHAR
STARTCHAR uni30F8
ENCODING 12536
SWIDTH 1000 0
DWIDTH 10 0
BBX 9 8 0 0
BITMAP
0780
0500
FF00
2400
2400
FF00
0400
0400
ENDCHAR
STARTCHAR uni30F9
ENCODING 12537
SWIDTH 1000 0
DWIDTH 9 0
BBX 8 8 0 0
BITMAP
03
FF
02
12
14
10
10
FF
ENDCHAR
STARTCHAR uni30FA
ENCODING 12538
SWIDTH 1000 0
DWIDTH 9 0
BBX 8 10 0 -1
BITMAP
01
03
FE
02
02
7E
04
08
10
60
ENDCHAR
STARTCHAR uni30FB
ENCODING 12539
SWIDTH 1000 0
DWIDTH 3 0
BBX 2 2 0 3
BITMAP
C0
C0
ENDCHAR
STARTCHAR uni30FC
ENCODING 12540
SWIDTH 1000 0
DWIDTH 9 0
BBX 8 1 0 3
BITMAP
FF
ENDCHAR
STARTCHAR uni30FD
ENCODING 12541
SWIDTH 1000 0
DWIDTH 5 0
BBX 4 5 0 1
BITMAP
80
40
20
10
10
ENDCHAR
STARTCHAR uni30FE
ENCODING 12542
SWIDTH 1000 0
DWIDTH 6 0
BBX 5 6 0 1
BITMAP
28
90
C0
60
30
10
ENDCHAR
STARTCHAR uni30FF
ENCODING 12543
SWIDTH 1000 0
DWIDTH 7 0
BBX 6 9 0 -1
BITMAP
FC
04
04
04
04
04
04
04
04
ENDCHAR
STARTCHAR uni3131
ENCODING 12593
SWIDTH 900 0
DWIDTH 6 0
BBX 5 5 0 1
BITMAP
F8
08
08
08
08
ENDCHAR
STARTCHAR uni3132
ENCODING 12594
SWIDTH 900 0
DWIDTH 8 0
BBX 7 5 0 1
BITMAP
FE
12
12
12
12
ENDCHAR
STARTCHAR uni3133
ENCODING 12595
SWIDTH 900 0
DWIDTH 8 0
BBX 7 5 0 1
BITMAP
E4
24
24
2A
32
ENDCHAR
STARTCHAR uni3134
ENCODING 12596
SWIDTH 900 0
DWIDTH 7 0
BBX 6 5 0 1
BITMAP
80
80
80
80
FC
ENDCHAR
STARTCHAR uni3135
ENCODING 12597
SWIDTH 900 0
DWIDTH 7 0
BBX 6 5 0 1
BITMAP
BC
90
88
98
E4
ENDCHAR
STARTCHAR uni3136
ENCODING 12598
SWIDTH 900 0
DWIDTH 7 0
BBX 6 5 0 1
BITMAP
88
B4
98
A4
D8
ENDCHAR
STARTCHAR uni3137
ENCODING 12599
SWIDTH 900 0
DWIDTH 6 0
BBX 5 5 0 1
BITMAP
F8
80
80
80
F8
ENDCHAR
STARTCHAR uni3138
ENCODING 12600
SWIDTH 900 0
DWIDTH 7 0
BBX 6 5 0 1
BITMAP
DC
90
90
90
FC
ENDCHAR
STARTCHAR uni3139
ENCODING 12601
SWIDTH 900 0
DWIDTH 7 0
BBX 6 5 0 1
BITMAP
FC
04
F8
80
FC
ENDCHAR
STARTCHAR uni313A
ENCODING 12602
SWIDTH 900 0
DWIDTH 8 0
BBX 7 5 0 1
BITMAP
EE
12
E2
82
F2
ENDCHAR
STARTCHAR uni313B
ENCODING 12603
SWIDTH 900 0
DWIDTH 8 0
BBX 7 5 0 1
BITMAP
EE
2A
EA
8A
FE
ENDCHAR
STARTCHAR uni313C
ENCODING 12604
SWIDTH 900 0
DWIDTH 8 0
BBX 7 5 0 1
BITMAP
EA
2E
EA
8A
FE
ENDCHAR
STARTCHAR uni313D
ENCODING 12605
SWIDTH 900 0
DWIDTH 8 0
BBX 7 5 0 1
BITMAP
E4
24
E4
8A
FA
ENDCHAR
STARTCHAR uni313E
ENCODING 12606
SWIDTH 900 0
DWIDTH 8 0
BBX 7 5 0 1
BITMAP
EE
28
EE
88
FE
ENDCHAR
STARTCHAR uni313F
ENCODING 12607
SWIDTH 900 0
DWIDTH 8 0
BBX 7 5 0 1
BITMAP
EE
2A
EA
8A
FE
ENDCHAR
STARTCHAR uni3140
ENCODING 12608
SWIDTH 900 0
DWIDTH 8 0
BBX 7 5 0 1
BITMAP
EE
24
6A
8A
7C
ENDCHAR
STARTCHAR uni3141
ENCODING 12609
SWIDTH 900 0
DWIDTH 6 0
BBX 5 5 0 1
BITMAP
F8
88
88
88
F8
ENDCHAR
STARTCHAR uni3142
ENCODING 12610
SWIDTH 900 0
DWIDTH 6 0
BBX 5 5 0 1
BITMAP
88
F8
88
88
F8
ENDCHAR
STARTCHAR uni3143
ENCODING 12611
SWIDTH 900 0
DWIDTH 7 0
BBX 6 5 0 1
BITMAP
B4
FC
B4
B4
FC
ENDCHAR
STARTCHAR uni3144
ENCODING 12612
SWIDTH 900 0
DWIDTH 8 0
BBX 7 5 0 1
BITMAP
A8
E8
A8
B4
E6
ENDCHAR
STARTCHAR uni3145
ENCODING 12613
SWIDTH 900 0
DWIDTH 8 0
BBX 7 5 0 1
BITMAP
10
10
10
2C
C2
ENDCHAR
STARTCHAR uni3146
ENCODING 12614
SWIDTH 900 0
DWIDTH 8 0
BBX 7 5 0 1
BITMAP
44
44
64
6A
90
ENDCHAR
STARTCHAR uni3147
ENCODING 12615
SWIDTH 900 0
DWIDTH 6 0
BBX 5 5 0 1
BITMAP
78
88
88
88
70
ENDCHAR
STARTCHAR uni3148
ENCODING 12616
SWIDTH 900 0
DWIDTH 7 0
BBX 6 5 0 1
BITMAP
F8
20
20
58
84
ENDCHAR
STARTCHAR uni3149
ENCODING 12617
SWIDTH 900 0
DWIDTH 8 0
BBX 7 5 0 1
BITMAP
EE
44
64
6A
92
ENDCHAR
STARTCHAR uni314A
ENCODING 12618
SWIDTH 900 0
DWIDTH 7 0
BBX 6 6 0 1
BITMAP
20
F8
20
20
50
8C
ENDCHAR
STARTCHAR uni314B
ENCODING 12619
SWIDTH 900 0
DWIDTH 6 0
BBX 5 5 0 1
BITMAP
F8
08
F8
08
08
ENDCHAR
STARTCHAR uni314C
ENCODING 12620
SWIDTH 900 0
DWIDTH 7 0
BBX 6 5 0 1
BITMAP
F8
80
F8
80
FC
ENDCHAR
STARTCHAR uni314D
ENCODING 12621
SWIDTH 900 0
DWIDTH 7 0
BBX 6 5 0 1
BITMAP
FC
50
50
50
FC
ENDCHAR
STARTCHAR uni314E
ENCODING 12622
SWIDTH 900 0
DWIDTH 7 0
BBX 6 6 0 1
BITMAP
20
FC
00
78
88
70
ENDCHAR
STARTCHAR uni314F
ENCODING 12623
SWIDTH 900 0
DWIDTH 4 0
BBX 3 9 0 -1
BITMAP
80
80
80
E0
80
80
80
80
80
ENDCHAR
STARTCHAR uni3150
ENCODING 12624
SWIDTH 900 0
DWIDTH 4 0
BBX 3 9 0 -1
BITMAP
A0
A0
A0
E0
A0
A0
A0
A0
20
ENDCHAR
STARTCHAR uni3151
ENCODING 12625
SWIDTH 900 0
DWIDTH 4 0
BBX 3 9 0 -1
BITMAP
80
80
E0
80
80
E0
80
80
80
ENDCHAR
STARTCHAR uni3152
ENCODING 12626
SWIDTH 900 0
DWIDTH 4 0
BBX 3 9 0 -1
BITMAP
A0
A0
E0
A0
A0
E0
A0
A0
20
ENDCHAR
STARTCHAR uni3153
ENCODING 12627
SWIDTH 900 0
DWIDTH 4 0
BBX 3 9 0 -1
BITMAP
20
20
20
E0
20
20
20
20
20
ENDCHAR
STARTCHAR uni3154
ENCODING 12628
SWIDTH 900 0
DWIDTH 6 0
BBX 5 9 0 -1
BITMAP
28
28
28
E8
28
28
28
28
08
ENDCHAR
STARTCHAR uni3155
ENCODING 12629
SWIDTH 900 0
DWIDTH 4 0
BBX 3 9 0 -1
BITMAP
20
20
E0
20
20
E0
20
20
20
ENDCHAR
STARTCHAR uni3156
ENCODING 12630
SWIDTH 900 0
DWIDTH 6 0
BBX 5 9 0 -1
BITMAP
28
28
E8
28
28
E8
28
28
08
ENDCHAR
STARTCHAR uni3157
ENCODING 12631
SWIDTH 900 0
DWIDTH 9 0
BBX 8 4 0 2
BITMAP
10
10
10
FF
ENDCHAR
STARTCHAR uni3158
ENCODING 12632
SWIDTH 900 0
DWIDTH 9 0
BBX 8 9 0 -1
BITMAP
04
04
04
27
24
2C
D4
04
04
ENDCHAR
STARTCHAR uni3159
ENCODING 12633
SWIDTH 900 0
DWIDTH 8 0
BBX 7 9 0 -1
BITMAP
0A
0A
0A
46
4A
FA
0A
0A
02
ENDCHAR
STARTCHAR uni315A
ENCODING 12634
SWIDTH 900 0
DWIDTH 8 0
BBX 7 9 0 -1
BITMAP
02
02
02
22
22
3E
C2
02
02
ENDCHAR
STARTCHAR uni315B
ENCODING 12635
SWIDTH 900 0
DWIDTH 9 0
BBX 8 4 0 2
BITMAP
24
24
24
FF
ENDCHAR
STARTCHAR uni315C
ENCODING 12636
SWIDTH 900 0
DWIDTH 9 0
BBX 8 4 0 1
BITMAP
FF
10
10
10
ENDCHAR
STARTCHAR uni315D
ENCODING 12637
SWIDTH 900 0
DWIDTH 8 0
BBX 7 9 0 -1
BITMAP
02
02
02
06
FA
2E
22
22
02
ENDCHAR
STARTCHAR uni315E
ENCODING 12638
SWIDTH 900 0
DWIDTH 8 0
BBX 7 9 0 -1
BITMAP
06
06
06
06
F6
3E
26
26
06
ENDCHAR
STARTCHAR uni315F
ENCODING 12639
SWIDTH 900 0
DWIDTH 8 0
BBX 7 9 0 -1
BITMAP
02
02
02
02
FE
22
22
22
02
ENDCHAR
STARTCHAR uni3160
ENCODING 12640
SWIDTH 900 0
DWIDTH 9 0
BBX 8 4 0 1
BITMAP
FF
24
24
24
ENDCHAR
STARTCHAR uni3161
ENCODING 12641
SWIDTH 900 0
DWIDTH 9 0
BBX 8 1 0 4
BITMAP
FF
ENDCHAR
STARTCHAR uni3162
ENCODING 12642
SWIDTH 900 0
DWIDTH 8 0
BBX 7 9 0 -1
BITMAP
02
02
02
02
02
FE
02
02
02
ENDCHAR
STARTCHAR uni3163
ENCODING 12643
SWIDTH 900 0
DWIDTH 2 0
BBX 1 9 0 -1
BITMAP
80
80
80
80
80
80
80
80
80
ENDCHAR
STARTCHAR uni3165
ENCODING 12645
SWIDTH 900 0
DWIDTH 7 0
BBX 6 5 0 1
BITMAP
90
90
90
90
FC
ENDCHAR
STARTCHAR uni3166
ENCODING 12646
SWIDTH 900 0
DWIDTH 7 0
BBX 6 5 0 1
BITMAP
9C
90
90
90
FC
ENDCHAR
STARTCHAR uni3167
ENCODING 12647
SWIDTH 900 0
DWIDTH 7 0
BBX 6 5 0 1
BITMAP
88
88
88
98
E4
ENDCHAR
STARTCHAR uni3168
ENCODING 12648
SWIDTH 900 0
DWIDTH 7 0
BBX 6 6 0 1
BITMAP
08
88
88
98
94
FC
ENDCHAR
STARTCHAR uni3169
ENCODING 12649
SWIDTH 900 0
DWIDTH 9 0
BBX 8 5 0 1
BITMAP
DA
4A
CA
8E
E9
ENDCHAR
STARTCHAR uni316A
ENCODING 12650
SWIDTH 900 0
DWIDTH 8 0
BBX 7 5 0 1
BITMAP
EE
28
E8
88
FE
ENDCHAR
STARTCHAR uni316B
ENCODING 12651
SWIDTH 900 0
DWIDTH 9 0
BBX 8 5 0 1
BITMAP
EA
7A
EA
AE
F9
ENDCHAR
STARTCHAR uni316C
ENCODING 12652
SWIDTH 900 0
DWIDTH 8 0
BBX 7 6 0 1
BITMAP
04
E4
24
EC
8A
FE
ENDCHAR
STARTCHAR uni316D
ENCODING 12653
SWIDTH 900 0
DWIDTH 8 0
BBX 7 5 0 1
BITMAP
EE
24
EA
8A
FC
ENDCHAR
STARTCHAR uni316E
ENCODING 12654
SWIDTH 900 0
DWIDTH 7 0
BBX 6 5 0 1
BITMAP
F4
BC
B4
B4
FC
ENDCHAR
STARTCHAR uni316F
ENCODING 12655
SWIDTH 900 0
DWIDTH 8 0
BBX 7 5 0 1
BITMAP
E8
A8
A8
B4
E6
ENDCHAR
STARTCHAR uni3170
ENCODING 12656
SWIDTH 900 0
DWIDTH 8 0
BBX 7 6 0 1
BITMAP
04
E4
94
9C
9A
EE
ENDCHAR
STARTCHAR uni3171
ENCODING 12657
SWIDTH 900 0
DWIDTH 6 0
BBX 5 7 0 0
BITMAP
F8
88
F8
00
70
50
20
ENDCHAR
STARTCHAR uni3172
ENCODING 12658
SWIDTH 900 0
DWIDTH 7 0
BBX 6 5 0 1
BITMAP
BC
E4
A4
A4
E4
ENDCHAR
STARTCHAR uni3173
ENCODING 12659
SWIDTH 900 0
DWIDTH 7 0
BBX 6 5 0 1
BITMAP
BC
F0
B0
B0
FC
ENDCHAR
STARTCHAR uni3174
ENCODING 12660
SWIDTH 900 0
DWIDTH 8 0
BBX 7 5 0 1
BITMAP
B6
D2
B2
BA
EA
ENDCHAR
STARTCHAR uni3175
ENCODING 12661
SWIDTH 900 0
DWIDTH 8 0
BBX 7 5 0 1
BITMAP
B6
D4
B4
BC
E6
ENDCHAR
STARTCHAR uni3176
ENCODING 12662
SWIDTH 900 0
DWIDTH 8 0
BBX 7 5 0 1
BITMAP
BC
E8
A8
B4
E6
ENDCHAR
STARTCHAR uni3177
ENCODING 12663
SWIDTH 900 0
DWIDTH 7 0
BBX 6 5 0 1
BITMAP
BC
F0
BC
B0
FC
ENDCHAR
STARTCHAR uni3178
ENCODING 12664
SWIDTH 900 0
DWIDTH 6 0
BBX 5 7 0 0
BITMAP
88
F8
F8
00
70
50
20
ENDCHAR
STARTCHAR uni3179
ENCODING 12665
SWIDTH 900 0
DWIDTH 6 0
BBX 5 7 0 0
BITMAP
B8
F8
F8
00
70
50
20
ENDCHAR
STARTCHAR uni317A
ENCODING 12666
SWIDTH 900 0
DWIDTH 8 0
BBX 7 5 0 1
BITMAP
2E
22
22
62
92
ENDCHAR
STARTCHAR uni317B
ENCODING 12667
SWIDTH 900 0
DWIDTH 8 0
BBX 7 5 0 1
BITMAP
28
28
28
68
9E
ENDCHAR
STARTCHAR uni317C
ENCODING 12668
SWIDTH 900 0
DWIDTH 8 0
BBX 7 5 0 1
BITMAP
2E
28
28
68
9E
ENDCHAR
STARTCHAR uni317D
ENCODING 12669
SWIDTH 900 0
DWIDTH 8 0
BBX 7 5 0 1
BITMAP
4A
4E
6A
6A
9E
ENDCHAR
STARTCHAR uni317E
ENCODING 12670
SWIDTH 900 0
DWIDTH 8 0
BBX 7 5 0 1
BITMAP
2E
24
24
6C
92
ENDCHAR
STARTCHAR uni317F
ENCODING 12671
SWIDTH 900 0
DWIDTH 6 0
BBX 5 6 0 1
BITMAP
20
20
30
50
48
F8
ENDCHAR
STARTCHAR uni3180
ENCODING 12672
SWIDTH 900 0
DWIDTH 8 0
BBX 7 5 0 1
BITMAP
6E
9A
9A
9A
64
ENDCHAR
STARTCHAR uni3181
ENCODING 12673
SWIDTH 900 0
DWIDTH 6 0
BBX 5 6 0 1
BITMAP
20
30
C8
88
88
70
ENDCHAR
STARTCHAR uni3182
ENCODING 12674
SWIDTH 900 0
DWIDTH 8 0
BBX 7 5 0 1
BITMAP
44
64
94
9C
72
ENDCHAR
STARTCHAR uni3183
ENCODING 12675
SWIDTH 900 0
DWIDTH 8 0
BBX 7 6 0 1
BITMAP
04
44
64
9C
9A
6E
ENDCHAR
STARTCHAR uni3184
ENCODING 12676
SWIDTH 900 0
DWIDTH 6 0
BBX 5 7 0 0
BITMAP
F8
50
F8
00
30
50
20
ENDCHAR
STARTCHAR uni3185
ENCODING 12677
SWIDTH 900 0
DWIDTH 8 0
BBX 7 5 0 1
BITMAP
FE
04
6A
AA
6C
ENDCHAR
STARTCHAR uni3186
ENCODING 12678
SWIDTH 900 0
DWIDTH 6 0
BBX 5 5 0 1
BITMAP
F8
70
88
88
70
ENDCHAR
STARTCHAR uni3187
ENCODING 12679
SWIDTH 900 0
DWIDTH 9 0
BBX 8 9 0 -1
BITMAP
04
04
03
54
57
5C
A4
04
04
ENDCHAR
STARTCHAR uni3188
ENCODING 12680
SWIDTH 900 0
DWIDTH 8 0
BBX 7 9 0 -1
BITMAP
0A
0A
06
6A
6A
FE
0A
0A
02
ENDCHAR
STARTCHAR uni3189
ENCODING 12681
SWIDTH 900 0
DWIDTH 8 0
BBX 7 9 0 -1
BITMAP
02
02
02
52
52
FE
02
02
02
ENDCHAR
STARTCHAR uni318A
ENCODING 12682
SWIDTH 900 0
DWIDTH 8 0
BBX 7 9 0 -1
BITMAP
02
02
02
BE
52
5E
5E
52
02
ENDCHAR
STARTCHAR uni318B
ENCODING 12683
SWIDTH 900 0
DWIDTH 8 0
BBX 7 9 0 -1
BITMAP
06
06
06
F6
7E
66
7E
66
02
ENDCHAR
STARTCHAR uni318C
ENCODING 12684
SWIDTH 900 0
DWIDTH 8 0
BBX 7 9 0 -1
BITMAP
02
02
02
06
FA
4A
4A
4A
02
ENDCHAR
STARTCHAR uni318D
ENCODING 12685
SWIDTH 900 0
DWIDTH 2 0
BBX 1 1 0 3
BITMAP
80
ENDCHAR
STARTCHAR uni318E
ENCODING 12686
SWIDTH 900 0
DWIDTH 4 0
BBX 3 9 0 -1
BITMAP
20
20
20
20
A0
20
20
20
20
ENDCHAR
STARTCHAR uni31A0
ENCODING 12704
SWIDTH 1000 0
DWIDTH 7 0
BBX 6 9 0 -1
BITMAP
C0
80
FC
04
04
04
1C
28
10
ENDCHAR
STARTCHAR uni31A1
ENCODING 12705
SWIDTH 1000 0
DWIDTH 9 0
BBX 8 8 0 -1
BITMAP
FF
11
11
11
16
30
50
60
ENDCHAR
STARTCHAR uni31A2
ENCODING 12706
SWIDTH 1000 0
DWIDTH 6 0
BBX 5 9 0 -1
BITMAP
88
88
88
88
B8
C8
18
28
18
ENDCHAR
STARTCHAR uni31A3
ENCODING 12707
SWIDTH 1000 0
DWIDTH 10 0
BBX 9 9 0 -1
BITMAP
3200
2400
4800
9800
8800
4800
2700
1280
1100
ENDCHAR
STARTCHAR uni31A4
ENCODING 12708
SWIDTH 1000 0
DWIDTH 9 0
BBX 8 8 0 0
BITMAP
20
20
3F
E1
22
20
20
3F
ENDCHAR
STARTCHAR uni31A5
ENCODING 12709
SWIDTH 1000 0
DWIDTH 9 0
BBX 8 9 0 -1
BITMAP
20
20
2F
F1
22
20
23
3F
02
ENDCHAR
STARTCHAR uni31A6
ENCODING 12710
SWIDTH 1000 0
DWIDTH 9 0
BBX 8 7 0 0
BITMAP
FF
10
20
40
41
22
1C
ENDCHAR
STARTCHAR uni31A7
ENCODING 12711
SWIDTH 1000 0
DWIDTH 9 0
BBX 8 7 0 0
BITMAP
FF
10
20
47
45
23
1C
ENDCHAR
STARTCHAR uni31A8
ENCODING 12712
SWIDTH 1000 0
DWIDTH 9 0
BBX 8 8 0 0
BITMAP
03
C2
24
18
0F
14
62
C1
ENDCHAR
STARTCHAR uni31A9
ENCODING 12713
SWIDTH 1000 0
DWIDTH 9 0
BBX 8 9 0 -1
BITMAP
C1
62
34
18
08
08
3C
50
30
ENDCHAR
STARTCHAR uni31AA
ENCODING 12714
SWIDTH 1000 0
DWIDTH 9 0
BBX 8 4 0 2
BITMAP
03
05
FF
04
ENDCHAR
STARTCHAR uni31AB
ENCODING 12715
SWIDTH 1000 0
DWIDTH 10 0
BBX 9 8 0 0
BITMAP
0100
C200
2400
1800
0800
1500
6680
CB00
ENDCHAR
STARTCHAR uni31AC
ENCODING 12716
SWIDTH 1000 0
DWIDTH 9 0
BBX 8 7 0 0
BITMAP
FF
89
89
89
89
89
89
ENDCHAR
STARTCHAR uni31AD
ENCODING 12717
SWIDTH 1000 0
DWIDTH 10 0
BBX 9 8 0 -1
BITMAP
FF00
4A00
4A00
4A00
4A00
4A00
8B80
0800
ENDCHAR
STARTCHAR uni31AE
ENCODING 12718
SWIDTH 1000 0
DWIDTH 10 0
BBX 9 8 0 0
BITMAP
7F80
0400
2400
4400
7B80
0900
7100
F100
ENDCHAR
STARTCHAR uni31AF
ENCODING 12719
SWIDTH 1000 0
DWIDTH 9 0
BBX 8 9 0 -1
BITMAP
08
10
22
C4
78
13
25
FF
04
ENDCHAR
STARTCHAR uni31B0
ENCODING 12720
SWIDTH 1000 0
DWIDTH 9 0
BBX 8 9 0 -1
BITMAP
42
24
18
FF
89
89
89
89
80
ENDCHAR
STARTCHAR uni31B1
ENCODING 12721
SWIDTH 1000 0
DWIDTH 9 0
BBX 8 9 0 -1
BITMAP
FF
08
FF
91
A1
A5
99
91
81
ENDCHAR
STARTCHAR uni31B2
ENCODING 12722
SWIDTH 1000 0
DWIDTH 9 0
BBX 8 7 0 0
BITMAP
FF
08
08
08
08
08
FF
ENDCHAR
STARTCHAR uni31B3
ENCODING 12723
SWIDTH 1000 0
DWIDTH 6 0
BBX 5 9 0 -1
BITMAP
10
10
10
10
10
10
78
A0
60
ENDCHAR
STARTCHAR uni31B4
ENCODING 12724
SWIDTH 600 0
DWIDTH 5 0
BBX 4 4 0 0
BITMAP
80
F0
10
70
ENDCHAR
STARTCHAR uni31B5
ENCODING 12725
SWIDTH 600 0
DWIDTH 5 0
BBX 4 5 0 -1
BITMAP
80
F0
50
90
A0
ENDCHAR
STARTCHAR uni31B6
ENCODING 12726
SWIDTH 600 0
DWIDTH 5 0
BBX 4 5 0 -1
BITMAP
F0
40
F0
50
20
ENDCHAR
STARTCHAR uni31B7
ENCODING 12727
SWIDTH 600 0
DWIDTH 5 0
BBX 4 4 0 -1
BITMAP
F0
80
80
80
ENDCHAR
STARTCHAR uni31B8
ENCODING 12728
SWIDTH 1000 0
DWIDTH 9 0
BBX 8 6 0 1
BITMAP
FF
02
0C
10
20
FF
ENDCHAR
STARTCHAR uni31B9
ENCODING 12729
SWIDTH 1000 0
DWIDTH 9 0
BBX 8 6 0 1
BITMAP
80
80
80
80
80
FF
ENDCHAR
STARTCHAR uni31BA
ENCODING 12730
SWIDTH 1000 0
DWIDTH 11 0
BBX 10 7 0 1
BITMAP
0400
0400
0400
FFC0
0400
0400
0400
ENDCHAR
STARTCHAR uni31BB
ENCODING 12731
SWIDTH 600 0
DWIDTH 5 0
BBX 4 5 0 -1
BITMAP
50
A0
A0
50
50
ENDCHAR
STARTCHAR uni31F0
ENCODING 12784
SWIDTH 1000 0
DWIDTH 7 0
BBX 6 8 0 -1
BITMAP
20
20
5C
84
08
10
20
C0
ENDCHAR
STARTCHAR uni31F1
ENCODING 12785
SWIDTH 1000 0
DWIDTH 8 0
BBX 7 6 0 0
BITMAP
60
20
C6
04
18
E0
ENDCHAR
STARTCHAR uni31F2
ENCODING 12786
SWIDTH 1000 0
DWIDTH 7 0
BBX 6 6 0 0
BITMAP
F8
08
08
10
28
C4
ENDCHAR
STARTCHAR uni31F3
ENCODING 12787
SWIDTH 1000 0
DWIDTH 5 0
BBX 4 7 0 -1
BITMAP
80
80
C0
B0
80
80
80
ENDCHAR
STARTCHAR uni31F4
ENCODING 12788
SWIDTH 1000 0
DWIDTH 7 0
BBX 6 7 0 -1
BITMAP
FC
08
48
30
38
44
80
ENDCHAR
STARTCHAR uni31F5
ENCODING 12789
SWIDTH 1000 0
DWIDTH 8 0
BBX 7 6 0 0
BITMAP
48
48
48
44
84
82
ENDCHAR
STARTCHAR uni31F6
ENCODING 12790
SWIDTH 1000 0
DWIDTH 6 0
BBX 5 6 0 0
BITMAP
80
98
E0
80
80
F8
ENDCHAR
STARTCHAR uni31F7
ENCODING 12791
SWIDTH 1000 0
DWIDTH 7 0
BBX 6 6 0 0
BITMAP
FC
04
04
08
10
60
ENDCHAR
STARTCHAR uni31F8
ENCODING 12792
SWIDTH 1000 0
DWIDTH 9 0
BBX 8 5 0 0
BITMAP
10
28
C4
42
01
ENDCHAR
STARTCHAR uni31F9
ENCODING 12793
SWIDTH 1000 0
DWIDTH 8 0
BBX 7 7 0 0
BITMAP
10
10
7E
34
52
92
30
ENDCHAR
STARTCHAR uni31FA
ENCODING 12794
SWIDTH 1000 0
DWIDTH 8 0
BBX 7 7 0 -1
BITMAP
20
20
20
48
44
FC
02
ENDCHAR
STARTCHAR uni31FB
ENCODING 12795
SWIDTH 1000 0
DWIDTH 7 0
BBX 6 7 0 -1
BITMAP
78
00
FC
04
08
30
40
ENDCHAR
STARTCHAR uni31FC
ENCODING 12796
SWIDTH 1000 0
DWIDTH 5 0
BBX 4 7 0 -1
BITMAP
90
90
90
90
10
20
40
ENDCHAR
STARTCHAR uni31FD
ENCODING 12797
SWIDTH 1000 0
DWIDTH 9 0
BBX 8 6 0 0
BITMAP
28
28
28
29
4A
CC
ENDCHAR
STARTCHAR uni31FE
ENCODING 12798
SWIDTH 1000 0
DWIDTH 7 0
BBX 6 6 0 0
BITMAP
80
80
80
84
98
E0
ENDCHAR
STARTCHAR uni31FF
ENCODING 12799
SWIDTH 1000 0
DWIDTH 7 0
BBX 6 5 0 0
BITMAP
FC
84
84
84
FC
ENDCHAR
STARTCHAR uniF001
ENCODING 61441
SWIDTH 500 0
DWIDTH 6 0
BBX 5 7 0 0
BITMAP
28
40
E8
48
48
48
48
ENDCHAR
STARTCHAR uniF002
ENCODING 61442
SWIDTH 500 0
DWIDTH 6 0
BBX 5 7 0 0
BITMAP
28
48
E8
48
48
48
48
ENDCHAR
STARTCHAR uniF005
ENCODING 61445
SWIDTH 300 0
DWIDTH 3 0
BBX 2 3 0 -3
BITMAP
80
40
80
ENDCHAR
STARTCHAR uniFB00
ENCODING 64256
SWIDTH 600 0
DWIDTH 8 0
BBX 7 8 0 0
BITMAP
76
48
FC
48
48
48
48
48
ENDCHAR
STARTCHAR uniF001
ENCODING 64257
SWIDTH 500 0
DWIDTH 6 0
BBX 5 7 0 0
BITMAP
28
40
E8
48
48
48
48
ENDCHAR
STARTCHAR uniF002
ENCODING 64258
SWIDTH 500 0
DWIDTH 6 0
BBX 5 7 0 0
BITMAP
28
48
E8
48
48
48
48
ENDCHAR
STARTCHAR uniFB03
ENCODING 64259
SWIDTH 900 0
DWIDTH 9 0
BBX 8 8 0 0
BITMAP
77
48
FC
49
49
49
49
49
ENDCHAR
STARTCHAR uniFB04
ENCODING 64260
SWIDTH 900 0
DWIDTH 10 0
BBX 9 8 0 0
BITMAP
7700
4900
FD00
4900
4900
4900
4900
4980
ENDCHAR
STARTCHAR uniFE10
ENCODING 65040
SWIDTH 1000 0
DWIDTH 3 0
BBX 2 4 0 5
BITMAP
80
C0
80
80
ENDCHAR
STARTCHAR uniFE11
ENCODING 65041
SWIDTH 1000 0
DWIDTH 3 0
BBX 2 3 0 5
BITMAP
80
40
40
ENDCHAR
STARTCHAR uniFE12
ENCODING 65042
SWIDTH 1000 0
DWIDTH 4 0
BBX 3 3 0 5
BITMAP
C0
A0
C0
ENDCHAR
STARTCHAR uniFE13
ENCODING 65043
SWIDTH 1000 0
DWIDTH 3 0
BBX 2 7 0 1
BITMAP
40
C0
00
00
00
C0
40
ENDCHAR
STARTCHAR uniFE14
ENCODING 65044
SWIDTH 1000 0
DWIDTH 3 0
BBX 2 8 0 0
BITMAP
40
C0
00
00
00
40
40
C0
ENDCHAR
STARTCHAR uniFE15
ENCODING 65045
SWIDTH 1000 0
DWIDTH 2 0
BBX 1 7 0 1
BITMAP
80
80
80
80
80
00
80
ENDCHAR
STARTCHAR uniFE16
ENCODING 65046
SWIDTH 1000 0
DWIDTH 6 0
BBX 5 7 0 1
BITMAP
F0
08
10
20
20
00
60
ENDCHAR
STARTCHAR uniFE17
ENCODING 65047
SWIDTH 1000 0
DWIDTH 11 0
BBX 10 4 0 -1
BITMAP
FFC0
A140
C0C0
8040
ENDCHAR
STARTCHAR uniFE18
ENCODING 65048
SWIDTH 1000 0
DWIDTH 11 0
BBX 10 3 0 5
BITMAP
8040
E1C0
FFC0
ENDCHAR
STARTCHAR uniFE19
ENCODING 65049
SWIDTH 1000 0
DWIDTH 3 0
BBX 2 8 0 0
BITMAP
C0
80
00
00
C0
00
00
C0
ENDCHAR
STARTCHAR uniFE30
ENCODING 65072
SWIDTH 1000 0
DWIDTH 3 0
BBX 2 6 0 1
BITMAP
C0
00
00
00
00
C0
ENDCHAR
STARTCHAR uniFE31
ENCODING 65073
SWIDTH 1000 0
DWIDTH 2 0
BBX 1 8 0 0
BITMAP
80
80
80
80
80
80
80
80
ENDCHAR
STARTCHAR uniFE32
ENCODING 65074
SWIDTH 1000 0
DWIDTH 2 0
BBX 1 2 0 3
BITMAP
80
80
ENDCHAR
STARTCHAR uniFE33
ENCODING 65075
SWIDTH 1000 0
DWIDTH 2 0
BBX 1 10 0 -1
BITMAP
80
80
80
80
80
80
80
80
80
80
ENDCHAR
STARTCHAR uniFE34
ENCODING 65076
SWIDTH 1000 0
DWIDTH 2 0
BBX 1 10 0 -1
BITMAP
80
80
80
80
80
80
80
80
80
80
ENDCHAR
STARTCHAR uniFE35
ENCODING 65077
SWIDTH 1000 0
DWIDTH 11 0
BBX 10 3 0 -1
BITMAP
1E00
6180
8040
ENDCHAR
STARTCHAR uniFE36
ENCODING 65078
SWIDTH 1000 0
DWIDTH 11 0
BBX 10 2 0 6
BITMAP
C0C0
3F00
ENDCHAR
STARTCHAR uniFE37
ENCODING 65079
SWIDTH 1000 0
DWIDTH 11 0
BBX 10 3 0 -1
BITMAP
0800
FFC0
8040
ENDCHAR
STARTCHAR uniFE38
ENCODING 65080
SWIDTH 1000 0
DWIDTH 11 0
BBX 10 2 0 6
BITMAP
F3C0
0C00
ENDCHAR
STARTCHAR uniFE39
ENCODING 65081
SWIDTH 1000 0
DWIDTH 11 0
BBX 10 3 0 -1
BITMAP
3F00
4080
8040
ENDCHAR
STARTCHAR uniFE3A
ENCODING 65082
SWIDTH 1000 0
DWIDTH 11 0
BBX 10 2 0 6
BITMAP
8040
7F80
ENDCHAR
STARTCHAR uniFE3B
ENCODING 65083
SWIDTH 1000 0
DWIDTH 11 0
BBX 10 3 0 -1
BITMAP
FFC0
C0C0
8040
ENDCHAR
STARTCHAR uniFE3C
ENCODING 65084
SWIDTH 1000 0
DWIDTH 11 0
BBX 10 3 0 5
BITMAP
8040
FFC0
FFC0
ENDCHAR
STARTCHAR uniFE3D
ENCODING 65085
SWIDTH 1000 0
DWIDTH 11 0
BBX 10 5 0 -1
BITMAP
0800
1600
EDC0
3300
C0C0
ENDCHAR
STARTCHAR uniFE3E
ENCODING 65086
SWIDTH 1000 0
DWIDTH 11 0
BBX 10 4 0 4
BITMAP
E1C0
DEC0
3300
0C00
ENDCHAR
STARTCHAR uniFE3F
ENCODING 65087
SWIDTH 1000 0
DWIDTH 11 0
BBX 10 4 0 -1
BITMAP
0C00
1200
6180
8040
ENDCHAR
STARTCHAR uniFE40
ENCODING 65088
SWIDTH 1000 0
DWIDTH 11 0
BBX 10 3 0 5
BITMAP
C0C0
3300
0C00
ENDCHAR
STARTCHAR uniFE41
ENCODING 65089
SWIDTH 1000 0
DWIDTH 8 0
BBX 7 3 0 -1
BITMAP
FE
02
02
ENDCHAR
STARTCHAR uniFE42
ENCODING 65090
SWIDTH 1000 0
DWIDTH 8 0
BBX 7 3 0 5
BITMAP
80
80
FE
ENDCHAR
STARTCHAR uniFE43
ENCODING 65091
SWIDTH 1000 0
DWIDTH 8 0
BBX 7 4 0 -1
BITMAP
FE
FA
06
06
ENDCHAR
STARTCHAR uniFE44
ENCODING 65092
SWIDTH 1000 0
DWIDTH 8 0
BBX 7 3 0 5
BITMAP
C0
BE
FE
ENDCHAR
STARTCHAR uniFE45
ENCODING 65093
SWIDTH 1000 0
DWIDTH 7 0
BBX 6 7 0 0
BITMAP
C0
70
38
1C
1C
0C
0C
ENDCHAR
STARTCHAR uniFE46
ENCODING 65094
SWIDTH 1000 0
DWIDTH 7 0
BBX 6 7 0 0
BITMAP
C0
70
48
24
14
14
0C
ENDCHAR
STARTCHAR uniFE47
ENCODING 65095
SWIDTH 1000 0
DWIDTH 11 0
BBX 10 3 0 -1
BITMAP
FFC0
8040
8040
ENDCHAR
STARTCHAR uniFE48
ENCODING 65096
SWIDTH 1000 0
DWIDTH 11 0
BBX 10 2 0 6
BITMAP
8040
FFC0
ENDCHAR
STARTCHAR uniFE49
ENCODING 65097
SWIDTH 1000 0
DWIDTH 7 0
BBX 6 1 0 7
BITMAP
FC
ENDCHAR
STARTCHAR uniFE4A
ENCODING 65098
SWIDTH 1000 0
DWIDTH 7 0
BBX 6 1 0 7
BITMAP
EC
ENDCHAR
STARTCHAR uniFE4B
ENCODING 65099
SWIDTH 1000 0
DWIDTH 11 0
BBX 10 1 0 7
BITMAP
FFC0
ENDCHAR
STARTCHAR uniFE4C
ENCODING 65100
SWIDTH 1000 0
DWIDTH 11 0
BBX 10 2 0 6
BITMAP
FFC0
4C80
ENDCHAR
STARTCHAR uniFE4D
ENCODING 65101
SWIDTH 1000 0
DWIDTH 7 0
BBX 6 1 0 0
BITMAP
FC
ENDCHAR
STARTCHAR uniFE4E
ENCODING 65102
SWIDTH 1000 0
DWIDTH 7 0
BBX 6 1 0 0
BITMAP
CC
ENDCHAR
STARTCHAR uniFE4F
ENCODING 65103
SWIDTH 1000 0
DWIDTH 11 0
BBX 10 1 0 -1
BITMAP
FFC0
ENDCHAR
STARTCHAR uniFE50
ENCODING 65104
SWIDTH 1000 0
DWIDTH 3 0
BBX 2 3 0 -2
BITMAP
C0
40
80
ENDCHAR
STARTCHAR uniFE51
ENCODING 65105
SWIDTH 1000 0
DWIDTH 3 0
BBX 2 2 0 -1
BITMAP
80
40
ENDCHAR
STARTCHAR uniFE52
ENCODING 65106
SWIDTH 1000 0
DWIDTH 3 0
BBX 2 1 0 0
BITMAP
C0
ENDCHAR
STARTCHAR uniFE54
ENCODING 65108
SWIDTH 1000 0
DWIDTH 3 0
BBX 2 7 0 -2
BITMAP
C0
80
00
00
C0
40
80
ENDCHAR
STARTCHAR uniFE55
ENCODING 65109
SWIDTH 1000 0
DWIDTH 3 0
BBX 2 5 0 0
BITMAP
80
C0
00
00
C0
ENDCHAR
STARTCHAR uniFE56
ENCODING 65110
SWIDTH 1000 0
DWIDTH 5 0
BBX 4 7 0 -1
BITMAP
60
90
10
20
40
60
40
ENDCHAR
STARTCHAR uniFE57
ENCODING 65111
SWIDTH 1000 0
DWIDTH 3 0
BBX 2 7 0 -1
BITMAP
40
80
40
40
40
C0
40
ENDCHAR
STARTCHAR uniFE58
ENCODING 65112
SWIDTH 1000 0
DWIDTH 7 0
BBX 6 1 0 1
BITMAP
FC
ENDCHAR
STARTCHAR uniFE59
ENCODING 65113
SWIDTH 1000 0
DWIDTH 3 0
BBX 2 7 0 -1
BITMAP
40
80
80
80
80
80
40
ENDCHAR
STARTCHAR uniFE5A
ENCODING 65114
SWIDTH 1000 0
DWIDTH 3 0
BBX 2 7 0 -1
BITMAP
80
40
40
40
40
40
80
ENDCHAR
STARTCHAR uniFE5B
ENCODING 65115
SWIDTH 1000 0
DWIDTH 3 0
BBX 2 7 0 -1
BITMAP
40
80
80
80
80
80
40
ENDCHAR
STARTCHAR uniFE5C
ENCODING 65116
SWIDTH 1000 0
DWIDTH 3 0
BBX 2 7 0 -1
BITMAP
80
80
80
40
80
80
80
ENDCHAR
STARTCHAR uniFE5D
ENCODING 65117
SWIDTH 1000 0
DWIDTH 3 0
BBX 2 6 0 0
BITMAP
40
80
80
80
80
C0
ENDCHAR
STARTCHAR uniFE5E
ENCODING 65118
SWIDTH 1000 0
DWIDTH 3 0
BBX 2 6 0 0
BITMAP
80
40
40
40
40
C0
ENDCHAR
STARTCHAR uniFE5F
ENCODING 65119
SWIDTH 1000 0
DWIDTH 5 0
BBX 4 6 0 0
BITMAP
50
60
F0
60
F0
60
ENDCHAR
STARTCHAR uniFE60
ENCODING 65120
SWIDTH 1000 0
DWIDTH 7 0
BBX 6 7 0 -1
BITMAP
30
50
50
64
98
88
74
ENDCHAR
STARTCHAR uniFE61
ENCODING 65121
SWIDTH 1000 0
DWIDTH 3 0
BBX 2 3 0 3
BITMAP
80
C0
C0
ENDCHAR
STARTCHAR uniFE62
ENCODING 65122
SWIDTH 1000 0
DWIDTH 5 0
BBX 4 4 0 0
BITMAP
40
F0
40
40
ENDCHAR
STARTCHAR uniFE63
ENCODING 65123
SWIDTH 1000 0
DWIDTH 5 0
BBX 4 1 0 2
BITMAP
F0
ENDCHAR
STARTCHAR uniFE64
ENCODING 65124
SWIDTH 1000 0
DWIDTH 5 0
BBX 4 3 0 1
BITMAP
30
C0
70
ENDCHAR
STARTCHAR uniFE65
ENCODING 65125
SWIDTH 1000 0
DWIDTH 5 0
BBX 4 3 0 1
BITMAP
C0
30
C0
ENDCHAR
STARTCHAR uniFE66
ENCODING 65126
SWIDTH 1000 0
DWIDTH 5 0
BBX 4 3 0 1
BITMAP
F0
00
F0
ENDCHAR
STARTCHAR uniFE68
ENCODING 65128
SWIDTH 1000 0
DWIDTH 4 0
BBX 3 7 0 -1
BITMAP
80
40
40
40
20
20
20
ENDCHAR
STARTCHAR uniFE69
ENCODING 65129
SWIDTH 1000 0
DWIDTH 5 0
BBX 4 8 0 -1
BITMAP
20
60
90
80
70
10
D0
20
ENDCHAR
STARTCHAR uniFE6A
ENCODING 65130
SWIDTH 1000 0
DWIDTH 7 0
BBX 6 6 0 0
BITMAP
48
C8
B0
EC
34
4C
ENDCHAR
STARTCHAR uniFE6B
ENCODING 65131
SWIDTH 1000 0
DWIDTH 7 0
BBX 6 7 0 -1
BITMAP
78
84
B4
D4
BC
80
70
ENDCHAR
STARTCHAR uniFF01
ENCODING 65281
SWIDTH 1000 0
DWIDTH 3 0
BBX 2 7 0 0
BITMAP
C0
80
80
80
80
00
C0
ENDCHAR
STARTCHAR uniFF02
ENCODING 65282
SWIDTH 1000 0
DWIDTH 5 0
BBX 4 4 0 5
BITMAP
90
90
90
90
ENDCHAR
STARTCHAR uniFF03
ENCODING 65283
SWIDTH 1000 0
DWIDTH 7 0
BBX 6 8 0 0
BITMAP
28
28
FC
48
48
FC
50
50
ENDCHAR
STARTCHAR uniFF04
ENCODING 65284
SWIDTH 1000 0
DWIDTH 7 0
BBX 6 10 0 -1
BITMAP
10
30
4C
40
60
18
04
84
78
10
ENDCHAR
STARTCHAR uniFF05
ENCODING 65285
SWIDTH 1000 0
DWIDTH 9 0
BBX 8 8 0 0
BITMAP
44
A4
A8
AA
F5
15
25
27
ENDCHAR
STARTCHAR uniFF06
ENCODING 65286
SWIDTH 1000 0
DWIDTH 7 0
BBX 6 7 0 0
BITMAP
70
50
60
64
94
88
F4
ENDCHAR
STARTCHAR uniFF07
ENCODING 65287
SWIDTH 1000 0
DWIDTH 3 0
BBX 2 4 0 5
BITMAP
C0
80
80
80
ENDCHAR
STARTCHAR uniFF08
ENCODING 65288
SWIDTH 1000 0
DWIDTH 4 0
BBX 3 10 0 -1
BITMAP
60
40
80
80
80
80
80
80
40
60
ENDCHAR
STARTCHAR uniFF09
ENCODING 65289
SWIDTH 1000 0
DWIDTH 4 0
BBX 3 10 0 -1
BITMAP
C0
40
20
20
20
20
20
20
40
C0
ENDCHAR
STARTCHAR uniFF0A
ENCODING 65290
SWIDTH 1000 0
DWIDTH 7 0
BBX 6 8 0 0
BITMAP
20
20
A4
68
30
EC
20
20
ENDCHAR
STARTCHAR uniFF0B
ENCODING 65291
SWIDTH 1000 0
DWIDTH 9 0
BBX 8 7 0 0
BITMAP
10
10
10
FF
10
10
10
ENDCHAR
STARTCHAR uniFF0C
ENCODING 65292
SWIDTH 1000 0
DWIDTH 3 0
BBX 2 3 0 -1
BITMAP
40
40
C0
ENDCHAR
STARTCHAR uniFF0D
ENCODING 65293
SWIDTH 1000 0
DWIDTH 9 0
BBX 8 1 0 3
BITMAP
FF
ENDCHAR
STARTCHAR uniFF0E
ENCODING 65294
SWIDTH 1000 0
DWIDTH 2 0
BBX 1 2 0 0
BITMAP
80
80
ENDCHAR
STARTCHAR uniFF0F
ENCODING 65295
SWIDTH 1000 0
DWIDTH 11 0
BBX 10 9 0 -1
BITMAP
00C0
0100
0200
0400
0800
1000
2000
4000
8000
ENDCHAR
STARTCHAR uniFF10
ENCODING 65296
SWIDTH 1000 0
DWIDTH 7 0
BBX 6 7 0 0
BITMAP
78
84
84
84
84
48
78
ENDCHAR
STARTCHAR uniFF11
ENCODING 65297
SWIDTH 1000 0
DWIDTH 7 0
BBX 6 7 0 0
BITMAP
70
10
10
10
10
10
FC
ENDCHAR
STARTCHAR uniFF12
ENCODING 65298
SWIDTH 1000 0
DWIDTH 7 0
BBX 6 7 0 0
BITMAP
F8
08
08
08
10
20
FC
ENDCHAR
STARTCHAR uniFF13
ENCODING 65299
SWIDTH 1000 0
DWIDTH 7 0
BBX 6 7 0 0
BITMAP
F8
08
08
38
08
8C
78
ENDCHAR
STARTCHAR uniFF14
ENCODING 65300
SWIDTH 1000 0
DWIDTH 7 0
BBX 6 7 0 0
BITMAP
18
28
28
48
FC
08
08
ENDCHAR
STARTCHAR uniFF15
ENCODING 65301
SWIDTH 1000 0
DWIDTH 7 0
BBX 6 7 0 0
BITMAP
78
40
70
08
04
88
78
ENDCHAR
STARTCHAR uniFF16
ENCODING 65302
SWIDTH 1000 0
DWIDTH 7 0
BBX 6 7 0 0
BITMAP
7C
40
B0
C8
84
44
78
ENDCHAR
STARTCHAR uniFF17
ENCODING 65303
SWIDTH 1000 0
DWIDTH 7 0
BBX 6 7 0 0
BITMAP
FC
08
10
10
20
20
20
ENDCHAR
STARTCHAR uniFF18
ENCODING 65304
SWIDTH 1000 0
DWIDTH 7 0
BBX 6 7 0 0
BITMAP
78
48
48
78
84
84
78
ENDCHAR
STARTCHAR uniFF19
ENCODING 65305
SWIDTH 1000 0
DWIDTH 7 0
BBX 6 7 0 0
BITMAP
78
88
84
7C
08
08
F0
ENDCHAR
STARTCHAR uniFF1A
ENCODING 65306
SWIDTH 1000 0
DWIDTH 3 0
BBX 2 6 0 1
BITMAP
C0
80
00
00
00
C0
ENDCHAR
STARTCHAR uniFF1B
ENCODING 65307
SWIDTH 1000 0
DWIDTH 3 0
BBX 2 8 0 -1
BITMAP
C0
80
00
00
40
C0
40
80
ENDCHAR
STARTCHAR uniFF1C
ENCODING 65308
SWIDTH 1000 0
DWIDTH 9 0
BBX 8 8 0 0
BITMAP
01
06
18
60
C0
30
0C
03
ENDCHAR
STARTCHAR uniFF1D
ENCODING 65309
SWIDTH 1000 0
DWIDTH 9 0
BBX 8 3 0 2
BITMAP
FF
00
FF
ENDCHAR
STARTCHAR uniFF1E
ENCODING 65310
SWIDTH 1000 0
DWIDTH 9 0
BBX 8 8 0 0
BITMAP
80
60
18
06
03
0C
30
C0
ENDCHAR
STARTCHAR uniFF1F
ENCODING 65311
SWIDTH 1000 0
DWIDTH 5 0
BBX 4 8 0 0
BITMAP
60
90
10
10
20
40
00
60
ENDCHAR
STARTCHAR uniFF20
ENCODING 65312
SWIDTH 1000 0
DWIDTH 9 0
BBX 8 9 0 -1
BITMAP
3E
41
9D
A5
A5
AF
90
40
3C
ENDCHAR
STARTCHAR uniFF21
ENCODING 65313
SWIDTH 1000 0
DWIDTH 7 0
BBX 6 7 0 0
BITMAP
30
30
48
48
78
84
84
ENDCHAR
STARTCHAR uniFF22
ENCODING 65314
SWIDTH 1000 0
DWIDTH 7 0
BBX 6 7 0 0
BITMAP
F8
84
88
FC
84
84
F8
ENDCHAR
STARTCHAR uniFF23
ENCODING 65315
SWIDTH 1000 0
DWIDTH 7 0
BBX 6 7 0 0
BITMAP
7C
80
80
80
80
44
3C
ENDCHAR
STARTCHAR uniFF24
ENCODING 65316
SWIDTH 1000 0
DWIDTH 7 0
BBX 6 7 0 0
BITMAP
F8
84
84
84
84
8C
F8
ENDCHAR
STARTCHAR uniFF25
ENCODING 65317
SWIDTH 1000 0
DWIDTH 6 0
BBX 5 7 0 0
BITMAP
F8
80
80
F0
80
80
F8
ENDCHAR
STARTCHAR uniFF26
ENCODING 65318
SWIDTH 1000 0
DWIDTH 6 0
BBX 5 7 0 0
BITMAP
F8
80
80
F0
80
80
80
ENDCHAR
STARTCHAR uniFF27
ENCODING 65319
SWIDTH 1000 0
DWIDTH 7 0
BBX 6 7 0 0
BITMAP
7C
80
80
9C
84
84
7C
ENDCHAR
STARTCHAR uniFF28
ENCODING 65320
SWIDTH 1000 0
DWIDTH 7 0
BBX 6 7 0 0
BITMAP
84
84
84
FC
84
84
84
ENDCHAR
STARTCHAR uniFF29
ENCODING 65321
SWIDTH 1000 0
DWIDTH 7 0
BBX 6 7 0 0
BITMAP
FC
20
20
20
20
20
FC
ENDCHAR
STARTCHAR uniFF2A
ENCODING 65322
SWIDTH 1000 0
DWIDTH 6 0
BBX 5 7 0 0
BITMAP
08
08
08
08
08
C8
70
ENDCHAR
STARTCHAR uniFF2B
ENCODING 65323
SWIDTH 1000 0
DWIDTH 8 0
BBX 7 7 0 0
BITMAP
8C
90
A0
F0
C8
8C
86
ENDCHAR
STARTCHAR uniFF2C
ENCODING 65324
SWIDTH 1000 0
DWIDTH 6 0
BBX 5 7 0 0
BITMAP
80
80
80
80
80
80
F8
ENDCHAR
STARTCHAR uniFF2D
ENCODING 65325
SWIDTH 1000 0
DWIDTH 7 0
BBX 6 7 0 0
BITMAP
84
8C
CC
CC
B4
B4
84
ENDCHAR
STARTCHAR uniFF2E
ENCODING 65326
SWIDTH 1000 0
DWIDTH 7 0
BBX 6 7 0 0
BITMAP
C4
C4
A4
94
94
8C
84
ENDCHAR
STARTCHAR uniFF2F
ENCODING 65327
SWIDTH 1000 0
DWIDTH 9 0
BBX 8 7 0 0
BITMAP
7E
42
82
81
42
42
3C
ENDCHAR
STARTCHAR uniFF30
ENCODING 65328
SWIDTH 1000 0
DWIDTH 6 0
BBX 5 7 0 0
BITMAP
F8
88
88
F0
80
80
80
ENDCHAR
STARTCHAR uniFF31
ENCODING 65329
SWIDTH 1000 0
DWIDTH 9 0
BBX 8 9 0 -2
BITMAP
7E
42
82
81
42
42
3C
08
07
ENDCHAR
STARTCHAR uniFF32
ENCODING 65330
SWIDTH 1000 0
DWIDTH 6 0
BBX 5 7 0 0
BITMAP
F8
88
88
F0
B0
90
88
ENDCHAR
STARTCHAR uniFF33
ENCODING 65331
SWIDTH 1000 0
DWIDTH 7 0
BBX 6 7 0 0
BITMAP
7C
40
60
18
04
84
78
ENDCHAR
STARTCHAR uniFF34
ENCODING 65332
SWIDTH 1000 0
DWIDTH 7 0
BBX 6 7 0 0
BITMAP
FC
20
20
20
20
20
20
ENDCHAR
STARTCHAR uniFF35
ENCODING 65333
SWIDTH 1000 0
DWIDTH 7 0
BBX 6 7 0 0
BITMAP
84
84
84
84
84
84
78
ENDCHAR
STARTCHAR uniFF36
ENCODING 65334
SWIDTH 1000 0
DWIDTH 7 0
BBX 6 7 0 0
BITMAP
84
84
48
48
48
30
30
ENDCHAR
STARTCHAR uniFF37
ENCODING 65335
SWIDTH 1000 0
DWIDTH 11 0
BBX 10 7 0 0
BITMAP
8C40
4C80
4C80
5280
5280
3300
2100
ENDCHAR
STARTCHAR uniFF38
ENCODING 65336
SWIDTH 1000 0
DWIDTH 7 0
BBX 6 7 0 0
BITMAP
CC
48
30
30
30
48
84
ENDCHAR
STARTCHAR uniFF39
ENCODING 65337
SWIDTH 1000 0
DWIDTH 7 0
BBX 6 7 0 0
BITMAP
84
48
30
30
20
20
20
ENDCHAR
STARTCHAR uniFF3A
ENCODING 65338
SWIDTH 1000 0
DWIDTH 7 0
BBX 6 7 0 0
BITMAP
FC
08
10
20
20
40
FC
ENDCHAR
STARTCHAR uniFF3B
ENCODING 65339
SWIDTH 1000 0
DWIDTH 4 0
BBX 3 9 0 -1
BITMAP
E0
80
80
80
80
80
80
80
E0
ENDCHAR
STARTCHAR uniFF3C
ENCODING 65340
SWIDTH 1000 0
DWIDTH 11 0
BBX 10 9 0 -1
BITMAP
C000
2000
1000
0800
0400
0200
0100
0080
0040
ENDCHAR
STARTCHAR uniFF3D
ENCODING 65341
SWIDTH 1000 0
DWIDTH 4 0
BBX 3 9 0 -1
BITMAP
E0
20
20
20
20
20
20
20
E0
ENDCHAR
STARTCHAR uniFF3E
ENCODING 65342
SWIDTH 1000 0
DWIDTH 4 0
BBX 3 1 0 8
BITMAP
E0
ENDCHAR
STARTCHAR uniFF3F
ENCODING 65343
SWIDTH 1000 0
DWIDTH 11 0
BBX 10 1 0 -1
BITMAP
FFC0
ENDCHAR
STARTCHAR uniFF40
ENCODING 65344
SWIDTH 1000 0
DWIDTH 4 0
BBX 3 1 0 8
BITMAP
E0
ENDCHAR
STARTCHAR uniFF41
ENCODING 65345
SWIDTH 1000 0
DWIDTH 5 0
BBX 4 6 0 0
BITMAP
60
90
30
D0
90
F0
ENDCHAR
STARTCHAR uniFF42
ENCODING 65346
SWIDTH 1000 0
DWIDTH 6 0
BBX 5 8 0 0
BITMAP
80
80
E0
90
88
88
88
F0
ENDCHAR
STARTCHAR uniFF43
ENCODING 65347
SWIDTH 1000 0
DWIDTH 6 0
BBX 5 6 0 0
BITMAP
20
D8
80
80
80
78
ENDCHAR
STARTCHAR uniFF44
ENCODING 65348
SWIDTH 1000 0
DWIDTH 6 0
BBX 5 8 0 0
BITMAP
08
08
38
48
88
88
88
78
ENDCHAR
STARTCHAR uniFF45
ENCODING 65349
SWIDTH 1000 0
DWIDTH 7 0
BBX 6 6 0 0
BITMAP
30
48
84
FC
40
7C
ENDCHAR
STARTCHAR uniFF46
ENCODING 65350
SWIDTH 1000 0
DWIDTH 6 0
BBX 5 8 0 0
BITMAP
38
40
F8
40
40
40
40
40
ENDCHAR
STARTCHAR uniFF47
ENCODING 65351
SWIDTH 1000 0
DWIDTH 7 0
BBX 6 9 0 -3
BITMAP
34
48
48
78
40
78
84
CC
30
ENDCHAR
STARTCHAR uniFF48
ENCODING 65352
SWIDTH 1000 0
DWIDTH 5 0
BBX 4 8 0 0
BITMAP
80
80
A0
D0
90
90
90
90
ENDCHAR
STARTCHAR uniFF49
ENCODING 65353
SWIDTH 1000 0
DWIDTH 3 0
BBX 2 8 0 0
BITMAP
C0
00
00
40
40
40
40
40
ENDCHAR
STARTCHAR uniFF4A
ENCODING 65354
SWIDTH 1000 0
DWIDTH 5 0
BBX 4 10 0 -2
BITMAP
10
00
00
10
10
10
10
10
10
F0
ENDCHAR
STARTCHAR uniFF4B
ENCODING 65355
SWIDTH 1000 0
DWIDTH 6 0
BBX 5 8 0 0
BITMAP
80
80
88
90
A0
E0
90
88
ENDCHAR
STARTCHAR uniFF4C
ENCODING 65356
SWIDTH 1000 0
DWIDTH 5 0
BBX 4 8 0 0
BITMAP
80
80
80
80
80
80
80
70
ENDCHAR
STARTCHAR uniFF4D
ENCODING 65357
SWIDTH 1000 0
DWIDTH 9 0
BBX 8 6 0 0
BITMAP
22
DD
89
89
89
89
ENDCHAR
STARTCHAR uniFF4E
ENCODING 65358
SWIDTH 1000 0
DWIDTH 6 0
BBX 5 6 0 0
BITMAP
20
D0
88
88
88
88
ENDCHAR
STARTCHAR uniFF4F
ENCODING 65359
SWIDTH 1000 0
DWIDTH 7 0
BBX 6 6 0 0
BITMAP
30
48
84
84
84
78
ENDCHAR
STARTCHAR uniFF50
ENCODING 65360
SWIDTH 1000 0
DWIDTH 6 0
BBX 5 8 0 -2
BITMAP
60
90
88
88
88
F0
80
80
ENDCHAR
STARTCHAR uniFF51
ENCODING 65361
SWIDTH 1000 0
DWIDTH 6 0
BBX 5 8 0 -2
BITMAP
30
48
88
88
88
78
08
08
ENDCHAR
STARTCHAR uniFF52
ENCODING 65362
SWIDTH 1000 0
DWIDTH 6 0
BBX 5 6 0 0
BITMAP
18
E0
80
80
80
80
ENDCHAR
STARTCHAR uniFF53
ENCODING 65363
SWIDTH 1000 0
DWIDTH 7 0
BBX 6 6 0 0
BITMAP
30
48
40
38
04
F8
ENDCHAR
STARTCHAR uniFF54
ENCODING 65364
SWIDTH 1000 0
DWIDTH 7 0
BBX 6 7 0 0
BITMAP
20
FC
20
20
20
20
3C
ENDCHAR
STARTCHAR uniFF55
ENCODING 65365
SWIDTH 1000 0
DWIDTH 5 0
BBX 4 5 0 0
BITMAP
90
90
90
90
F0
ENDCHAR
STARTCHAR uniFF56
ENCODING 65366
SWIDTH 1000 0
DWIDTH 7 0
BBX 6 5 0 0
BITMAP
CC
48
48
30
30
ENDCHAR
STARTCHAR uniFF57
ENCODING 65367
SWIDTH 1000 0
DWIDTH 9 0
BBX 8 5 0 0
BITMAP
99
99
66
66
66
ENDCHAR
STARTCHAR uniFF58
ENCODING 65368
SWIDTH 1000 0
DWIDTH 7 0
BBX 6 5 0 0
BITMAP
48
30
30
50
CC
ENDCHAR
STARTCHAR uniFF59
ENCODING 65369
SWIDTH 1000 0
DWIDTH 7 0
BBX 6 7 0 -2
BITMAP
CC
48
48
30
30
20
E0
ENDCHAR
STARTCHAR uniFF5A
ENCODING 65370
SWIDTH 1000 0
DWIDTH 6 0
BBX 5 5 0 0
BITMAP
F0
20
40
80
F8
ENDCHAR
STARTCHAR uniFF5B
ENCODING 65371
SWIDTH 1000 0
DWIDTH 4 0
BBX 3 10 0 -1
BITMAP
20
40
40
40
40
80
40
40
40
60
ENDCHAR
STARTCHAR uniFF5C
ENCODING 65372
SWIDTH 1000 0
DWIDTH 2 0
BBX 1 10 0 -1
BITMAP
80
80
80
80
80
80
80
80
80
80
ENDCHAR
STARTCHAR uniFF5D
ENCODING 65373
SWIDTH 1000 0
DWIDTH 4 0
BBX 3 10 0 -1
BITMAP
80
40
40
40
40
20
40
40
40
C0
ENDCHAR
STARTCHAR uniFF5E
ENCODING 65374
SWIDTH 1000 0
DWIDTH 11 0
BBX 10 3 0 2
BITMAP
78C0
8480
0300
ENDCHAR
STARTCHAR uniFF5F
ENCODING 65375
SWIDTH 1000 0
DWIDTH 5 0
BBX 4 10 0 -1
BITMAP
50
A0
A0
C0
C0
C0
C0
C0
A0
50
ENDCHAR
STARTCHAR uniFF60
ENCODING 65376
SWIDTH 1000 0
DWIDTH 5 0
BBX 4 10 0 -1
BITMAP
A0
60
50
30
30
30
30
30
50
A0
ENDCHAR
STARTCHAR uniFF61
ENCODING 65377
SWIDTH 500 0
DWIDTH 4 0
BBX 3 3 0 -1
BITMAP
E0
A0
40
ENDCHAR
STARTCHAR uniFF62
ENCODING 65378
SWIDTH 500 0
DWIDTH 5 0
BBX 4 6 0 2
BITMAP
F0
80
80
80
80
80
ENDCHAR
STARTCHAR uniFF63
ENCODING 65379
SWIDTH 500 0
DWIDTH 5 0
BBX 4 7 0 -1
BITMAP
10
10
10
10
10
10
F0
ENDCHAR
STARTCHAR uniFF64
ENCODING 65380
SWIDTH 500 0
DWIDTH 4 0
BBX 3 3 0 -1
BITMAP
C0
20
20
ENDCHAR
STARTCHAR uniFF65
ENCODING 65381
SWIDTH 500 0
DWIDTH 2 0
BBX 1 2 0 3
BITMAP
80
80
ENDCHAR
STARTCHAR uniFF66
ENCODING 65382
SWIDTH 500 0
DWIDTH 4 0
BBX 3 7 0 0
BITMAP
E0
20
E0
20
20
40
C0
ENDCHAR
STARTCHAR uniFF67
ENCODING 65383
SWIDTH 500 0
DWIDTH 4 0
BBX 3 6 0 0
BITMAP
E0
20
60
40
40
80
ENDCHAR
STARTCHAR uniFF68
ENCODING 65384
SWIDTH 500 0
DWIDTH 4 0
BBX 3 7 0 -1
BITMAP
20
40
40
C0
40
40
40
ENDCHAR
STARTCHAR uniFF69
ENCODING 65385
SWIDTH 500 0
DWIDTH 4 0
BBX 3 7 0 -1
BITMAP
40
E0
A0
A0
20
40
40
ENDCHAR
STARTCHAR uniFF6A
ENCODING 65386
SWIDTH 500 0
DWIDTH 4 0
BBX 3 5 0 0
BITMAP
E0
40
40
40
E0
ENDCHAR
STARTCHAR uniFF6B
ENCODING 65387
SWIDTH 500 0
DWIDTH 4 0
BBX 3 6 0 0
BITMAP
40
E0
40
40
C0
C0
ENDCHAR
STARTCHAR uniFF6C
ENCODING 65388
SWIDTH 500 0
DWIDTH 4 0
BBX 3 7 0 -1
BITMAP
80
E0
A0
60
40
40
40
ENDCHAR
STARTCHAR uniFF6D
ENCODING 65389
SWIDTH 500 0
DWIDTH 4 0
BBX 3 5 0 0
BITMAP
E0
20
20
20
E0
ENDCHAR
STARTCHAR uniFF6E
ENCODING 65390
SWIDTH 500 0
DWIDTH 4 0
BBX 3 5 0 0
BITMAP
E0
20
E0
20
E0
ENDCHAR
STARTCHAR uniFF6F
ENCODING 65391
SWIDTH 500 0
DWIDTH 4 0
BBX 3 7 0 -1
BITMAP
40
E0
E0
20
20
40
80
ENDCHAR
STARTCHAR uniFF70
ENCODING 65392
SWIDTH 500 0
DWIDTH 5 0
BBX 4 1 0 3
BITMAP
F0
ENDCHAR
STARTCHAR uniFF71
ENCODING 65393
SWIDTH 500 0
DWIDTH 5 0
BBX 4 7 0 0
BITMAP
F0
10
60
40
40
40
80
ENDCHAR
STARTCHAR uniFF72
ENCODING 65394
SWIDTH 500 0
DWIDTH 5 0
BBX 4 8 0 0
BITMAP
10
10
20
60
A0
20
20
20
ENDCHAR
STARTCHAR uniFF73
ENCODING 65395
SWIDTH 500 0
DWIDTH 4 0
BBX 3 8 0 0
BITMAP
40
40
E0
A0
A0
20
20
C0
ENDCHAR
STARTCHAR uniFF74
ENCODING 65396
SWIDTH 500 0
DWIDTH 6 0
BBX 5 7 0 0
BITMAP
70
20
20
20
20
20
F8
ENDCHAR
STARTCHAR uniFF75
ENCODING 65397
SWIDTH 500 0
DWIDTH 5 0
BBX 4 8 0 0
BITMAP
20
20
F0
20
60
A0
A0
60
ENDCHAR
STARTCHAR uniFF76
ENCODING 65398
SWIDTH 500 0
DWIDTH 5 0
BBX 4 8 0 0
BITMAP
20
20
F0
30
50
50
50
B0
ENDCHAR
STARTCHAR uniFF77
ENCODING 65399
SWIDTH 500 0
DWIDTH 5 0
BBX 4 8 0 0
BITMAP
40
60
C0
40
70
C0
40
40
ENDCHAR
STARTCHAR uniFF78
ENCODING 65400
SWIDTH 500 0
DWIDTH 4 0
BBX 3 8 0 0
BITMAP
40
40
A0
A0
A0
20
40
80
ENDCHAR
STARTCHAR uniFF79
ENCODING 65401
SWIDTH 500 0
DWIDTH 6 0
BBX 5 8 0 0
BITMAP
40
40
78
50
A0
20
20
40
ENDCHAR
STARTCHAR uniFF7A
ENCODING 65402
SWIDTH 500 0
DWIDTH 4 0
BBX 3 7 0 0
BITMAP
E0
20
20
20
20
20
E0
ENDCHAR
STARTCHAR uniFF7B
ENCODING 65403
SWIDTH 500 0
DWIDTH 6 0
BBX 5 8 0 0
BITMAP
50
50
F8
50
50
10
20
20
ENDCHAR
STARTCHAR uniFF7C
ENCODING 65404
SWIDTH 500 0
DWIDTH 6 0
BBX 5 8 0 0
BITMAP
40
20
00
C8
50
10
20
40
ENDCHAR
STARTCHAR uniFF7D
ENCODING 65405
SWIDTH 500 0
DWIDTH 6 0
BBX 5 7 0 0
BITMAP
70
10
10
20
30
50
88
ENDCHAR
STARTCHAR uniFF7E
ENCODING 65406
SWIDTH 500 0
DWIDTH 5 0
BBX 4 8 0 0
BITMAP
40
40
70
D0
50
40
40
30
ENDCHAR
STARTCHAR uniFF7F
ENCODING 65407
SWIDTH 500 0
DWIDTH 4 0
BBX 3 7 0 0
BITMAP
A0
A0
A0
20
20
40
80
ENDCHAR
STARTCHAR uniFF80
ENCODING 65408
SWIDTH 500 0
DWIDTH 5 0
BBX 4 9 0 -1
BITMAP
20
30
50
50
B0
10
30
40
40
ENDCHAR
STARTCHAR uniFF81
ENCODING 65409
SWIDTH 500 0
DWIDTH 6 0
BBX 5 8 0 0
BITMAP
10
60
20
F8
20
20
20
40
ENDCHAR
STARTCHAR uniFF82
ENCODING 65410
SWIDTH 500 0
DWIDTH 6 0
BBX 5 7 0 0
BITMAP
A8
A8
50
10
10
20
40
ENDCHAR
STARTCHAR uniFF83
ENCODING 65411
SWIDTH 500 0
DWIDTH 6 0
BBX 5 7 0 0
BITMAP
70
00
F8
20
20
20
40
ENDCHAR
STARTCHAR uniFF84
ENCODING 65412
SWIDTH 500 0
DWIDTH 4 0
BBX 3 8 0 0
BITMAP
80
80
80
C0
A0
A0
80
80
ENDCHAR
STARTCHAR uniFF85
ENCODING 65413
SWIDTH 500 0
DWIDTH 6 0
BBX 5 8 0 0
BITMAP
20
20
F8
20
20
20
20
40
ENDCHAR
STARTCHAR uniFF86
ENCODING 65414
SWIDTH 500 0
DWIDTH 6 0
BBX 5 6 0 1
BITMAP
F8
00
00
00
00
F8
ENDCHAR
STARTCHAR uniFF87
ENCODING 65415
SWIDTH 500 0
DWIDTH 4 0
BBX 3 7 0 0
BITMAP
E0
20
A0
40
40
60
A0
ENDCHAR
STARTCHAR uniFF88
ENCODING 65416
SWIDTH 500 0
DWIDTH 6 0
BBX 5 8 0 0
BITMAP
20
F0
10
10
20
70
A8
20
ENDCHAR
STARTCHAR uniFF89
ENCODING 65417
SWIDTH 500 0
DWIDTH 4 0
BBX 3 7 0 0
BITMAP
20
20
20
40
40
80
80
ENDCHAR
STARTCHAR uniFF8A
ENCODING 65418
SWIDTH 500 0
DWIDTH 6 0
BBX 5 7 0 0
BITMAP
50
50
50
50
48
88
88
ENDCHAR
STARTCHAR uniFF8B
ENCODING 65419
SWIDTH 500 0
DWIDTH 4 0
BBX 3 7 0 0
BITMAP
80
A0
C0
80
80
80
E0
ENDCHAR
STARTCHAR uniFF8C
ENCODING 65420
SWIDTH 500 0
DWIDTH 4 0
BBX 3 7 0 0
BITMAP
E0
20
20
20
20
40
C0
ENDCHAR
STARTCHAR uniFF8D
ENCODING 65421
SWIDTH 500 0
DWIDTH 6 0
BBX 5 6 0 0
BITMAP
60
60
90
90
08
08
ENDCHAR
STARTCHAR uniFF8E
ENCODING 65422
SWIDTH 500 0
DWIDTH 6 0
BBX 5 8 0 0
BITMAP
20
20
70
20
70
68
A8
20
ENDCHAR
STARTCHAR uniFF8F
ENCODING 65423
SWIDTH 500 0
DWIDTH 6 0
BBX 5 7 0 0
BITMAP
F8
08
10
50
20
20
10
ENDCHAR
STARTCHAR uniFF90
ENCODING 65424
SWIDTH 500 0
DWIDTH 4 0
BBX 3 7 0 0
BITMAP
E0
00
80
60
00
80
60
ENDCHAR
STARTCHAR uniFF91
ENCODING 65425
SWIDTH 500 0
DWIDTH 6 0
BBX 5 7 0 0
BITMAP
20
40
40
50
50
50
E8
ENDCHAR
STARTCHAR uniFF92
ENCODING 65426
SWIDTH 500 0
DWIDTH 5 0
BBX 4 8 0 0
BITMAP
10
10
50
50
20
30
50
C0
ENDCHAR
STARTCHAR uniFF93
ENCODING 65427
SWIDTH 500 0
DWIDTH 6 0
BBX 5 7 0 0
BITMAP
70
20
20
F8
20
20
30
ENDCHAR
STARTCHAR uniFF94
ENCODING 65428
SWIDTH 500 0
DWIDTH 6 0
BBX 5 8 0 0
BITMAP
40
48
78
D0
30
20
20
20
ENDCHAR
STARTCHAR uniFF95
ENCODING 65429
SWIDTH 500 0
DWIDTH 6 0
BBX 5 7 0 0
BITMAP
70
10
10
10
10
10
E8
ENDCHAR
STARTCHAR uniFF96
ENCODING 65430
SWIDTH 500 0
DWIDTH 4 0
BBX 3 7 0 0
BITMAP
E0
20
20
E0
20
20
E0
ENDCHAR
STARTCHAR uniFF97
ENCODING 65431
SWIDTH 500 0
DWIDTH 4 0
BBX 3 7 0 0
BITMAP
E0
00
E0
20
20
20
C0
ENDCHAR
STARTCHAR uniFF98
ENCODING 65432
SWIDTH 500 0
DWIDTH 4 0
BBX 3 7 0 0
BITMAP
A0
A0
A0
A0
20
20
40
ENDCHAR
STARTCHAR uniFF99
ENCODING 65433
SWIDTH 500 0
DWIDTH 6 0
BBX 5 7 0 0
BITMAP
60
60
60
60
68
70
B0
ENDCHAR
STARTCHAR uniFF9A
ENCODING 65434
SWIDTH 500 0
DWIDTH 5 0
BBX 4 7 0 0
BITMAP
80
80
80
90
A0
C0
80
ENDCHAR
STARTCHAR uniFF9B
ENCODING 65435
SWIDTH 500 0
DWIDTH 4 0
BBX 3 7 0 0
BITMAP
E0
A0
A0
A0
A0
A0
E0
ENDCHAR
STARTCHAR uniFF9C
ENCODING 65436
SWIDTH 500 0
DWIDTH 4 0
BBX 3 7 0 0
BITMAP
E0
A0
A0
20
20
20
C0
ENDCHAR
STARTCHAR uniFF9D
ENCODING 65437
SWIDTH 500 0
DWIDTH 5 0
BBX 4 7 0 0
BITMAP
80
90
10
20
20
40
80
ENDCHAR
STARTCHAR uniFF9E
ENCODING 65438
SWIDTH 500 0
DWIDTH 4 0
BBX 3 3 0 6
BITMAP
40
A0
40
ENDCHAR
STARTCHAR uniFF9F
ENCODING 65439
SWIDTH 500 0
DWIDTH 3 0
BBX 2 3 0 6
BITMAP
40
C0
C0
ENDCHAR
STARTCHAR uniFFA1
ENCODING 65441
SWIDTH 900 0
DWIDTH 6 0
BBX 5 5 0 1
BITMAP
F8
08
08
08
08
ENDCHAR
STARTCHAR uniFFA2
ENCODING 65442
SWIDTH 900 0
DWIDTH 8 0
BBX 7 5 0 1
BITMAP
FE
12
12
12
12
ENDCHAR
STARTCHAR uniFFA3
ENCODING 65443
SWIDTH 900 0
DWIDTH 8 0
BBX 7 5 0 1
BITMAP
E4
24
24
2A
32
ENDCHAR
STARTCHAR uniFFA4
ENCODING 65444
SWIDTH 900 0
DWIDTH 7 0
BBX 6 5 0 1
BITMAP
80
80
80
80
FC
ENDCHAR
STARTCHAR uniFFA5
ENCODING 65445
SWIDTH 900 0
DWIDTH 7 0
BBX 6 5 0 1
BITMAP
BC
90
88
98
E4
ENDCHAR
STARTCHAR uniFFA6
ENCODING 65446
SWIDTH 900 0
DWIDTH 7 0
BBX 6 5 0 1
BITMAP
88
B4
98
A4
D8
ENDCHAR
STARTCHAR uniFFA7
ENCODING 65447
SWIDTH 900 0
DWIDTH 6 0
BBX 5 5 0 1
BITMAP
F8
80
80
80
F8
ENDCHAR
STARTCHAR uniFFA8
ENCODING 65448
SWIDTH 900 0
DWIDTH 7 0
BBX 6 5 0 1
BITMAP
DC
90
90
90
FC
ENDCHAR
STARTCHAR uniFFA9
ENCODING 65449
SWIDTH 900 0
DWIDTH 7 0
BBX 6 5 0 1
BITMAP
FC
04
F8
80
FC
ENDCHAR
STARTCHAR uniFFAA
ENCODING 65450
SWIDTH 900 0
DWIDTH 8 0
BBX 7 5 0 1
BITMAP
EE
12
E2
82
F2
ENDCHAR
STARTCHAR uniFFAB
ENCODING 65451
SWIDTH 900 0
DWIDTH 8 0
BBX 7 5 0 1
BITMAP
EE
2A
EA
8A
FE
ENDCHAR
STARTCHAR uniFFAC
ENCODING 65452
SWIDTH 900 0
DWIDTH 8 0
BBX 7 5 0 1
BITMAP
EA
2E
EA
8A
FE
ENDCHAR
STARTCHAR uniFFAD
ENCODING 65453
SWIDTH 900 0
DWIDTH 8 0
BBX 7 5 0 1
BITMAP
E4
24
E4
8A
FA
ENDCHAR
STARTCHAR uniFFAE
ENCODING 65454
SWIDTH 900 0
DWIDTH 8 0
BBX 7 5 0 1
BITMAP
EE
28
EE
88
FE
ENDCHAR
STARTCHAR uniFFAF
ENCODING 65455
SWIDTH 900 0
DWIDTH 8 0
BBX 7 5 0 1
BITMAP
EE
2A
EA
8A
FE
ENDCHAR
STARTCHAR uniFFB0
ENCODING 65456
SWIDTH 900 0
DWIDTH 8 0
BBX 7 5 0 1
BITMAP
EE
24
6A
8A
7C
ENDCHAR
STARTCHAR uniFFB1
ENCODING 65457
SWIDTH 900 0
DWIDTH 6 0
BBX 5 5 0 1
BITMAP
F8
88
88
88
F8
ENDCHAR
STARTCHAR uniFFB2
ENCODING 65458
SWIDTH 900 0
DWIDTH 6 0
BBX 5 5 0 1
BITMAP
88
F8
88
88
F8
ENDCHAR
STARTCHAR uniFFB3
ENCODING 65459
SWIDTH 900 0
DWIDTH 7 0
BBX 6 5 0 1
BITMAP
B4
FC
B4
B4
FC
ENDCHAR
STARTCHAR uniFFB4
ENCODING 65460
SWIDTH 900 0
DWIDTH 8 0
BBX 7 5 0 1
BITMAP
A8
E8
A8
B4
E6
ENDCHAR
STARTCHAR uniFFB5
ENCODING 65461
SWIDTH 900 0
DWIDTH 8 0
BBX 7 5 0 1
BITMAP
10
10
10
2C
C2
ENDCHAR
STARTCHAR uniFFB6
ENCODING 65462
SWIDTH 900 0
DWIDTH 8 0
BBX 7 5 0 1
BITMAP
44
44
64
6A
90
ENDCHAR
STARTCHAR uniFFB7
ENCODING 65463
SWIDTH 900 0
DWIDTH 6 0
BBX 5 5 0 1
BITMAP
78
88
88
88
70
ENDCHAR
STARTCHAR uniFFB8
ENCODING 65464
SWIDTH 900 0
DWIDTH 7 0
BBX 6 5 0 1
BITMAP
F8
20
20
58
84
ENDCHAR
STARTCHAR uniFFB9
ENCODING 65465
SWIDTH 900 0
DWIDTH 8 0
BBX 7 5 0 1
BITMAP
EE
44
64
6A
92
ENDCHAR
STARTCHAR uniFFBA
ENCODING 65466
SWIDTH 900 0
DWIDTH 7 0
BBX 6 6 0 1
BITMAP
20
F8
20
20
50
8C
ENDCHAR
STARTCHAR uniFFBB
ENCODING 65467
SWIDTH 900 0
DWIDTH 6 0
BBX 5 5 0 1
BITMAP
F8
08
F8
08
08
ENDCHAR
STARTCHAR uniFFBC
ENCODING 65468
SWIDTH 900 0
DWIDTH 7 0
BBX 6 5 0 1
BITMAP
F8
80
F8
80
FC
ENDCHAR
STARTCHAR uniFFBD
ENCODING 65469
SWIDTH 900 0
DWIDTH 7 0
BBX 6 5 0 1
BITMAP
FC
50
50
50
FC
ENDCHAR
STARTCHAR uniFFBE
ENCODING 65470
SWIDTH 900 0
DWIDTH 7 0
BBX 6 6 0 1
BITMAP
20
FC
00
78
88
70
ENDCHAR
STARTCHAR uniFFC2
ENCODING 65474
SWIDTH 900 0
DWIDTH 4 0
BBX 3 9 0 -1
BITMAP
80
80
80
E0
80
80
80
80
80
ENDCHAR
STARTCHAR uniFFC3
ENCODING 65475
SWIDTH 900 0
DWIDTH 4 0
BBX 3 9 0 -1
BITMAP
A0
A0
A0
E0
A0
A0
A0
A0
20
ENDCHAR
STARTCHAR uniFFC4
ENCODING 65476
SWIDTH 900 0
DWIDTH 4 0
BBX 3 9 0 -1
BITMAP
80
80
E0
80
80
E0
80
80
80
ENDCHAR
STARTCHAR uniFFC5
ENCODING 65477
SWIDTH 900 0
DWIDTH 4 0
BBX 3 9 0 -1
BITMAP
A0
A0
E0
A0
A0
E0
A0
A0
20
ENDCHAR
STARTCHAR uniFFC6
ENCODING 65478
SWIDTH 900 0
DWIDTH 4 0
BBX 3 9 0 -1
BITMAP
20
20
20
E0
20
20
20
20
20
ENDCHAR
STARTCHAR uniFFC7
ENCODING 65479
SWIDTH 900 0
DWIDTH 6 0
BBX 5 9 0 -1
BITMAP
28
28
28
E8
28
28
28
28
08
ENDCHAR
STARTCHAR uniFFCA
ENCODING 65482
SWIDTH 900 0
DWIDTH 4 0
BBX 3 9 0 -1
BITMAP
20
20
E0
20
20
E0
20
20
20
ENDCHAR
STARTCHAR uniFFCB
ENCODING 65483
SWIDTH 900 0
DWIDTH 6 0
BBX 5 9 0 -1
BITMAP
28
28
E8
28
28
E8
28
28
08
ENDCHAR
STARTCHAR uniFFCC
ENCODING 65484
SWIDTH 900 0
DWIDTH 9 0
BBX 8 4 0 2
BITMAP
10
10
10
FF
ENDCHAR
STARTCHAR uniFFCD
ENCODING 65485
SWIDTH 900 0
DWIDTH 9 0
BBX 8 9 0 -1
BITMAP
04
04
04
27
24
2C
D4
04
04
ENDCHAR
STARTCHAR uniFFCE
ENCODING 65486
SWIDTH 900 0
DWIDTH 8 0
BBX 7 9 0 -1
BITMAP
0A
0A
0A
46
4A
FA
0A
0A
02
ENDCHAR
STARTCHAR uniFFCF
ENCODING 65487
SWIDTH 900 0
DWIDTH 8 0
BBX 7 9 0 -1
BITMAP
02
02
02
22
22
3E
C2
02
02
ENDCHAR
STARTCHAR uniFFD2
ENCODING 65490
SWIDTH 900 0
DWIDTH 9 0
BBX 8 4 0 2
BITMAP
24
24
24
FF
ENDCHAR
STARTCHAR uniFFD3
ENCODING 65491
SWIDTH 900 0
DWIDTH 9 0
BBX 8 4 0 1
BITMAP
FF
10
10
10
ENDCHAR
STARTCHAR uniFFD4
ENCODING 65492
SWIDTH 900 0
DWIDTH 8 0
BBX 7 9 0 -1
BITMAP
02
02
02
06
FA
2E
22
22
02
ENDCHAR
STARTCHAR uniFFD5
ENCODING 65493
SWIDTH 900 0
DWIDTH 8 0
BBX 7 9 0 -1
BITMAP
06
06
06
06
F6
3E
26
26
06
ENDCHAR
STARTCHAR uniFFD6
ENCODING 65494
SWIDTH 900 0
DWIDTH 8 0
BBX 7 9 0 -1
BITMAP
02
02
02
02
FE
22
22
22
02
ENDCHAR
STARTCHAR uniFFD7
ENCODING 65495
SWIDTH 900 0
DWIDTH 9 0
BBX 8 4 0 1
BITMAP
FF
24
24
24
ENDCHAR
STARTCHAR uniFFDA
ENCODING 65498
SWIDTH 900 0
DWIDTH 9 0
BBX 8 1 0 4
BITMAP
FF
ENDCHAR
STARTCHAR uniFFDB
ENCODING 65499
SWIDTH 900 0
DWIDTH 8 0
BBX 7 9 0 -1
BITMAP
02
02
02
02
02
FE
02
02
02
ENDCHAR
STARTCHAR uniFFDC
ENCODING 65500
SWIDTH 900 0
DWIDTH 2 0
BBX 1 9 0 -1
BITMAP
80
80
80
80
80
80
80
80
80
ENDCHAR
STARTCHAR uniFFE0
ENCODING 65504
SWIDTH 1000 0
DWIDTH 7 0
BBX 6 8 0 0
BITMAP
10
10
7C
90
90
50
7C
10
ENDCHAR
STARTCHAR uniFFE1
ENCODING 65505
SWIDTH 1000 0
DWIDTH 7 0
BBX 6 7 0 0
BITMAP
7C
40
40
F8
20
40
FC
ENDCHAR
STARTCHAR uniFFE2
ENCODING 65506
SWIDTH 1000 0
DWIDTH 9 0
BBX 8 3 0 2
BITMAP
FF
01
01
ENDCHAR
STARTCHAR uniFFE3
ENCODING 65507
SWIDTH 1000 0
DWIDTH 11 0
BBX 10 1 0 8
BITMAP
FFC0
ENDCHAR
STARTCHAR uniFFE4
ENCODING 65508
SWIDTH 1000 0
DWIDTH 2 0
BBX 1 9 0 -1
BITMAP
80
80
80
80
00
80
80
80
80
ENDCHAR
STARTCHAR uniFFE5
ENCODING 65509
SWIDTH 1000 0
DWIDTH 7 0
BBX 6 7 0 0
BITMAP
84
48
30
78
20
78
20
ENDCHAR
STARTCHAR uniFFE6
ENCODING 65510
SWIDTH 1000 0
DWIDTH 9 0
BBX 8 7 0 0
BITMAP
89
59
5A
FF
66
26
24
ENDCHAR
STARTCHAR uniFFE8
ENCODING 65512
SWIDTH 500 0
DWIDTH 2 0
BBX 1 11 0 -3
BITMAP
80
80
80
80
80
80
80
80
80
80
80
ENDCHAR
STARTCHAR uniFFE9
ENCODING 65513
SWIDTH 500 0
DWIDTH 6 0
BBX 5 5 0 1
BITMAP
20
40
F8
40
20
ENDCHAR
STARTCHAR uniFFEA
ENCODING 65514
SWIDTH 500 0
DWIDTH 4 0
BBX 3 9 0 -1
BITMAP
40
E0
E0
40
40
40
40
40
40
ENDCHAR
STARTCHAR uniFFEB
ENCODING 65515
SWIDTH 500 0
DWIDTH 6 0
BBX 5 5 0 1
BITMAP
20
10
F8
10
20
ENDCHAR
STARTCHAR uniFFEC
ENCODING 65516
SWIDTH 500 0
DWIDTH 4 0
BBX 3 9 0 -1
BITMAP
40
40
40
40
40
40
E0
40
40
ENDCHAR
STARTCHAR uniFFED
ENCODING 65517
SWIDTH 500 0
DWIDTH 4 0
BBX 3 4 0 2
BITMAP
E0
E0
E0
E0
ENDCHAR
STARTCHAR uniFFEE
ENCODING 65518
SWIDTH 500 0
DWIDTH 4 0
BBX 3 4 0 2
BITMAP
40
A0
A0
E0
ENDCHAR
STARTCHAR uni1F100
ENCODING 127232
SWIDTH 1000 0
DWIDTH 9 0
BBX 8 7 0 0
BITMAP
70
88
88
88
88
88
73
ENDCHAR
STARTCHAR uni1F101
ENCODING 127233
SWIDTH 1000 0
DWIDTH 9 0
BBX 8 9 0 -2
BITMAP
70
88
88
88
88
88
73
01
02
ENDCHAR
STARTCHAR uni1F102
ENCODING 127234
SWIDTH 1000 0
DWIDTH 8 0
BBX 7 9 0 -2
BITMAP
C0
40
40
40
40
40
F6
02
04
ENDCHAR
STARTCHAR uni1F103
ENCODING 127235
SWIDTH 1000 0
DWIDTH 9 0
BBX 8 9 0 -2
BITMAP
F0
08
10
10
20
40
FB
01
02
ENDCHAR
STARTCHAR uni1F104
ENCODING 127236
SWIDTH 1000 0
DWIDTH 9 0
BBX 8 9 0 -2
BITMAP
70
08
10
30
08
08
F3
01
02
ENDCHAR
STARTCHAR uni1F105
ENCODING 127237
SWIDTH 1000 0
DWIDTH 9 0
BBX 8 9 0 -2
BITMAP
10
30
50
50
F8
10
13
01
02
ENDCHAR
STARTCHAR uni1F106
ENCODING 127238
SWIDTH 1000 0
DWIDTH 9 0
BBX 8 9 0 -2
BITMAP
78
40
60
58
08
08
F3
01
02
ENDCHAR
STARTCHAR uni1F107
ENCODING 127239
SWIDTH 1000 0
DWIDTH 9 0
BBX 8 9 0 -2
BITMAP
78
40
80
F8
88
48
73
01
02
ENDCHAR
STARTCHAR uni1F108
ENCODING 127240
SWIDTH 1000 0
DWIDTH 7 0
BBX 6 9 0 -2
BITMAP
F0
10
20
20
40
40
44
04
08
ENDCHAR
STARTCHAR uni1F109
ENCODING 127241
SWIDTH 1000 0
DWIDTH 9 0
BBX 8 9 0 -2
BITMAP
70
48
48
70
88
88
73
01
02
ENDCHAR
STARTCHAR uni1F10A
ENCODING 127242
SWIDTH 1000 0
DWIDTH 9 0
BBX 8 9 0 -2
BITMAP
70
88
88
78
08
08
F3
01
02
ENDCHAR
STARTCHAR uni1F10B
ENCODING 127243
SWIDTH 1000 0
DWIDTH 11 0
BBX 10 9 0 -1
BITMAP
3F00
4C80
9240
9240
9240
9240
4C80
6180
1E00
ENDCHAR
STARTCHAR uni1F10C
ENCODING 127244
SWIDTH 1000 0
DWIDTH 11 0
BBX 10 9 0 -1
BITMAP
3F00
7780
6D80
EDC0
EDC0
6D80
7380
3F00
1E00
ENDCHAR
STARTCHAR uni1F110
ENCODING 127248
SWIDTH 1000 0
DWIDTH 11 0
BBX 10 9 0 -1
BITMAP
4080
8C40
8C40
9240
9240
9E40
9240
6180
4080
ENDCHAR
STARTCHAR uni1F111
ENCODING 127249
SWIDTH 1000 0
DWIDTH 11 0
BBX 10 9 0 -1
BITMAP
4C80
9240
9240
9E40
9240
9140
9340
5C80
4080
ENDCHAR
STARTCHAR uni1F112
ENCODING 127250
SWIDTH 1000 0
DWIDTH 11 0
BBX 10 9 0 -1
BITMAP
4480
9A40
9040
A040
A040
9040
9140
4E80
4080
ENDCHAR
STARTCHAR uni1F113
ENCODING 127251
SWIDTH 1000 0
DWIDTH 11 0
BBX 10 9 0 -1
BITMAP
4880
9640
9240
9140
9140
9140
9240
5C80
4080
ENDCHAR
STARTCHAR uni1F114
ENCODING 127252
SWIDTH 1000 0
DWIDTH 11 0
BBX 10 9 0 -1
BITMAP
4E80
9040
9040
9E40
9040
9040
9040
5E80
4080
ENDCHAR
STARTCHAR uni1F115
ENCODING 127253
SWIDTH 1000 0
DWIDTH 11 0
BBX 10 9 0 -1
BITMAP
4E80
9040
9040
9040
9E40
9040
9040
5080
4080
ENDCHAR
STARTCHAR uni1F116
ENCODING 127254
SWIDTH 1000 0
DWIDTH 11 0
BBX 10 9 0 -1
BITMAP
4480
9A40
A040
A040
A640
A140
9140
4E80
4080
ENDCHAR
STARTCHAR uni1F117
ENCODING 127255
SWIDTH 1000 0
DWIDTH 11 0
BBX 10 9 0 -1
BITMAP
4080
A140
A140
BF40
A140
A140
A140
6180
4080
ENDCHAR
STARTCHAR uni1F118
ENCODING 127256
SWIDTH 1000 0
DWIDTH 11 0
BBX 10 9 0 -1
BITMAP
4080
8840
8840
8840
8840
8840
8840
4880
4080
ENDCHAR
STARTCHAR uni1F119
ENCODING 127257
SWIDTH 1000 0
DWIDTH 11 0
BBX 10 9 0 -1
BITMAP
4080
8240
8240
8240
8240
8240
9240
5C80
4080
ENDCHAR
STARTCHAR uni1F11A
ENCODING 127258
SWIDTH 1000 0
DWIDTH 11 0
BBX 10 9 0 -1
BITMAP
4080
9240
9440
9840
9440
9440
9240
5180
4080
ENDCHAR
STARTCHAR uni1F11B
ENCODING 127259
SWIDTH 1000 0
DWIDTH 11 0
BBX 10 9 0 -1
BITMAP
4080
9040
9040
9040
9040
9040
9040
5E80
4080
ENDCHAR
STARTCHAR uni1F11C
ENCODING 127260
SWIDTH 1000 0
DWIDTH 11 0
BBX 10 9 0 -1
BITMAP
4080
B340
B340
AD40
AD40
AD40
A940
6180
4080
ENDCHAR
STARTCHAR uni1F11D
ENCODING 127261
SWIDTH 1000 0
DWIDTH 11 0
BBX 10 9 0 -1
BITMAP
4080
9140
A940
A940
A540
A540
A240
6280
4080
ENDCHAR
STARTCHAR uni1F11E
ENCODING 127262
SWIDTH 1000 0
DWIDTH 11 0
BBX 10 9 0 -1
BITMAP
4C80
9240
A140
A140
A140
A140
9240
4C80
4080
ENDCHAR
STARTCHAR uni1F11F
ENCODING 127263
SWIDTH 1000 0
DWIDTH 11 0
BBX 10 9 0 -1
BITMAP
4C80
9240
9140
9240
9E40
9040
9040
5080
4080
ENDCHAR
STARTCHAR uni1F120
ENCODING 127264
SWIDTH 1000 0
DWIDTH 11 0
BBX 10 10 0 -2
BITMAP
4C80
9240
A140
A140
A140
A140
9240
4C80
4480
0300
ENDCHAR
STARTCHAR uni1F121
ENCODING 127265
SWIDTH 1000 0
DWIDTH 11 0
BBX 10 9 0 -1
BITMAP
4C80
9240
9240
9240
9C40
9440
9240
5380
4080
ENDCHAR
STARTCHAR uni1F122
ENCODING 127266
SWIDTH 1000 0
DWIDTH 11 0
BBX 10 9 0 -1
BITMAP
4C80
9240
9040
9840
8640
8240
9240
4E80
4080
ENDCHAR
STARTCHAR uni1F123
ENCODING 127267
SWIDTH 1000 0
DWIDTH 11 0
BBX 10 9 0 -1
BITMAP
7780
8840
8840
8840
8840
8840
8840
4880
4080
ENDCHAR
STARTCHAR uni1F124
ENCODING 127268
SWIDTH 1000 0
DWIDTH 11 0
BBX 10 9 0 -1
BITMAP
4080
A140
A140
A140
A140
A240
9240
4C80
4080
ENDCHAR
STARTCHAR uni1F125
ENCODING 127269
SWIDTH 1000 0
DWIDTH 11 0
BBX 10 9 0 -1
BITMAP
6180
9240
9240
9240
9240
8C40
8C40
4C80
4080
ENDCHAR
STARTCHAR uni1F126
ENCODING 127270
SWIDTH 1000 0
DWIDTH 11 0
BBX 10 9 0 -1
BITMAP
4080
AD40
AD40
AD40
AD40
9540
9240
5280
4080
ENDCHAR
STARTCHAR uni1F127
ENCODING 127271
SWIDTH 1000 0
DWIDTH 11 0
BBX 10 9 0 -1
BITMAP
4080
9240
8C40
8C40
8C40
8C40
9240
7380
4080
ENDCHAR
STARTCHAR uni1F128
ENCODING 127272
SWIDTH 1000 0
DWIDTH 11 0
BBX 10 9 0 -1
BITMAP
4080
9240
9240
8C40
8C40
8440
8440
4480
4080
ENDCHAR
STARTCHAR uni1F129
ENCODING 127273
SWIDTH 1000 0
DWIDTH 11 0
BBX 10 9 0 -1
BITMAP
5C80
8240
8240
8440
8840
8840
9040
5E80
4080
ENDCHAR
STARTCHAR uni1F12A
ENCODING 127274
SWIDTH 1000 0
DWIDTH 11 0
BBX 10 9 0 -1
BITMAP
6D80
9240
9040
9840
8640
8240
9240
CCC0
2100
ENDCHAR
STARTCHAR uni1F12B
ENCODING 127275
SWIDTH 1000 0
DWIDTH 11 0
BBX 10 9 0 -1
BITMAP
3F00
4480
8A40
9040
9040
9040
4C80
6180
1E00
ENDCHAR
STARTCHAR uni1F12C
ENCODING 127276
SWIDTH 1000 0
DWIDTH 11 0
BBX 10 9 0 -1
BITMAP
3F00
4480
8A40
8A40
9C40
9440
5280
6180
1E00
ENDCHAR
STARTCHAR uni1F12D
ENCODING 127277
SWIDTH 1000 0
DWIDTH 11 0
BBX 10 9 0 -1
BITMAP
3F00
5280
AD40
C4C0
C4C0
A540
7F80
6180
1E00
ENDCHAR
STARTCHAR uni1F12E
ENCODING 127278
SWIDTH 1000 0
DWIDTH 11 0
BBX 10 9 0 -1
BITMAP
3F00
4080
B440
B740
B540
AA40
6B80
6180
1E00
ENDCHAR
STARTCHAR uni1F12F
ENCODING 127279
SWIDTH 800 0
DWIDTH 8 0
BBX 7 7 0 0
BITMAP
7C
B4
8A
8A
CA
B4
78
ENDCHAR
STARTCHAR uni1F130
ENCODING 127280
SWIDTH 1000 0
DWIDTH 11 0
BBX 10 9 0 -1
BITMAP
FFC0
8040
8C40
8C40
9E40
9240
9240
8040
FFC0
ENDCHAR
STARTCHAR uni1F131
ENCODING 127281
SWIDTH 1000 0
DWIDTH 11 0
BBX 10 9 0 -1
BITMAP
FFC0
8C40
9240
9240
9E40
9240
9C40
8040
FFC0
ENDCHAR
STARTCHAR uni1F132
ENCODING 127282
SWIDTH 1000 0
DWIDTH 11 0
BBX 10 9 0 -1
BITMAP
FFC0
8440
9A40
9040
9040
9040
8E40
8040
FFC0
ENDCHAR
STARTCHAR uni1F133
ENCODING 127283
SWIDTH 1000 0
DWIDTH 11 0
BBX 10 9 0 -1
BITMAP
FFC0
8840
9640
9240
9240
9240
9C40
8040
FFC0
ENDCHAR
STARTCHAR uni1F134
ENCODING 127284
SWIDTH 1000 0
DWIDTH 11 0
BBX 10 9 0 -1
BITMAP
FFC0
8E40
9040
9040
9C40
9040
9E40
8040
FFC0
ENDCHAR
STARTCHAR uni1F135
ENCODING 127285
SWIDTH 1000 0
DWIDTH 11 0
BBX 10 9 0 -1
BITMAP
FFC0
8E40
9040
9040
9C40
9040
9040
8040
FFC0
ENDCHAR
STARTCHAR uni1F136
ENCODING 127286
SWIDTH 1000 0
DWIDTH 11 0
BBX 10 9 0 -1
BITMAP
FFC0
8C40
9240
9040
9640
9240
8E40
8040
FFC0
ENDCHAR
STARTCHAR uni1F137
ENCODING 127287
SWIDTH 1000 0
DWIDTH 11 0
BBX 10 9 0 -1
BITMAP
FFC0
8040
9240
9240
9E40
9240
9240
8040
FFC0
ENDCHAR
STARTCHAR uni1F138
ENCODING 127288
SWIDTH 1000 0
DWIDTH 11 0
BBX 10 9 0 -1
BITMAP
FFC0
8040
8840
8840
8840
8840
8840
8040
FFC0
ENDCHAR
STARTCHAR uni1F139
ENCODING 127289
SWIDTH 1000 0
DWIDTH 11 0
BBX 10 9 0 -1
BITMAP
FFC0
8040
8440
8440
8440
8440
9C40
8040
FFC0
ENDCHAR
STARTCHAR uni1F13A
ENCODING 127290
SWIDTH 1000 0
DWIDTH 11 0
BBX 10 9 0 -1
BITMAP
FFC0
8240
9440
9840
9C40
9240
9240
8040
FFC0
ENDCHAR
STARTCHAR uni1F13B
ENCODING 127291
SWIDTH 1000 0
DWIDTH 11 0
BBX 10 9 0 -1
BITMAP
FFC0
8040
8840
8840
8840
8840
8E40
8040
FFC0
ENDCHAR
STARTCHAR uni1F13C
ENCODING 127292
SWIDTH 1000 0
DWIDTH 11 0
BBX 10 9 0 -1
BITMAP
FFC0
8040
9240
9640
9E40
9A40
9240
8040
FFC0
ENDCHAR
STARTCHAR uni1F13D
ENCODING 127293
SWIDTH 1000 0
DWIDTH 11 0
BBX 10 9 0 -1
BITMAP
FFC0
8040
9240
9A40
9640
9640
9240
8040
FFC0
ENDCHAR
STARTCHAR uni1F13E
ENCODING 127294
SWIDTH 1000 0
DWIDTH 11 0
BBX 10 9 0 -1
BITMAP
FFC0
8C40
9240
9240
9240
9240
8C40
8040
FFC0
ENDCHAR
STARTCHAR uni1F13F
ENCODING 127295
SWIDTH 1000 0
DWIDTH 11 0
BBX 10 9 0 -1
BITMAP
FFC0
8C40
9240
9240
9C40
9040
9040
8040
FFC0
ENDCHAR
STARTCHAR uni1F140
ENCODING 127296
SWIDTH 1000 0
DWIDTH 11 0
BBX 10 9 0 -1
BITMAP
FFC0
8C40
9240
A240
A240
9240
8C40
8240
FFC0
ENDCHAR
STARTCHAR uni1F141
ENCODING 127297
SWIDTH 1000 0
DWIDTH 11 0
BBX 10 9 0 -1
BITMAP
FFC0
8C40
9240
9240
9C40
9440
9240
8040
FFC0
ENDCHAR
STARTCHAR uni1F142
ENCODING 127298
SWIDTH 1000 0
DWIDTH 11 0
BBX 10 9 0 -1
BITMAP
FFC0
8C40
9240
9840
8640
8240
9C40
8040
FFC0
ENDCHAR
STARTCHAR uni1F143
ENCODING 127299
SWIDTH 1000 0
DWIDTH 11 0
BBX 10 9 0 -1
BITMAP
FFC0
9640
8840
8840
8840
8840
8840
8040
FFC0
ENDCHAR
STARTCHAR uni1F144
ENCODING 127300
SWIDTH 1000 0
DWIDTH 11 0
BBX 10 9 0 -1
BITMAP
FFC0
8040
9240
9240
9240
9240
8C40
8040
FFC0
ENDCHAR
STARTCHAR uni1F145
ENCODING 127301
SWIDTH 1000 0
DWIDTH 11 0
BBX 10 9 0 -1
BITMAP
FFC0
8040
9240
9240
8C40
8C40
8C40
8040
FFC0
ENDCHAR
STARTCHAR uni1F146
ENCODING 127302
SWIDTH 1000 0
DWIDTH 11 0
BBX 10 9 0 -1
BITMAP
FFC0
8040
AD40
AD40
AD40
9240
9240
8040
FFC0
ENDCHAR
STARTCHAR uni1F147
ENCODING 127303
SWIDTH 1000 0
DWIDTH 11 0
BBX 10 9 0 -1
BITMAP
FFC0
8040
9240
8C40
8C40
8C40
9240
8040
FFC0
ENDCHAR
STARTCHAR uni1F148
ENCODING 127304
SWIDTH 1000 0
DWIDTH 11 0
BBX 10 9 0 -1
BITMAP
FFC0
8040
9240
8C40
8C40
8840
8840
8040
FFC0
ENDCHAR
STARTCHAR uni1F149
ENCODING 127305
SWIDTH 1000 0
DWIDTH 11 0
BBX 10 9 0 -1
BITMAP
FFC0
9C40
8240
8440
8840
8840
9E40
8040
FFC0
ENDCHAR
STARTCHAR uni1F14A
ENCODING 127306
SWIDTH 1000 0
DWIDTH 11 0
BBX 10 9 0 -1
BITMAP
FFC0
8040
CCC0
CB40
FB40
CB40
CA40
8040
FFC0
ENDCHAR
STARTCHAR uni1F14B
ENCODING 127307
SWIDTH 1000 0
DWIDTH 11 0
BBX 10 9 0 -1
BITMAP
FFC0
8040
ACC0
AB40
DB40
DB40
C940
8040
FFC0
ENDCHAR
STARTCHAR uni1F14C
ENCODING 127308
SWIDTH 1000 0
DWIDTH 11 0
BBX 10 9 0 -1
BITMAP
FFC0
9240
AD40
A4C0
94C0
8D40
F640
8040
FFC0
ENDCHAR
STARTCHAR uni1F14D
ENCODING 127309
SWIDTH 1000 0
DWIDTH 11 0
BBX 10 9 0 -1
BITMAP
FFC0
9240
AD40
A240
9940
8940
B740
8040
FFC0
ENDCHAR
STARTCHAR uni1F14E
ENCODING 127310
SWIDTH 1000 0
DWIDTH 11 0
BBX 10 9 0 -1
BITMAP
FFC0
A040
DEC0
DEC0
ED40
C940
C940
8040
FFC0
ENDCHAR
STARTCHAR uni1F14F
ENCODING 127311
SWIDTH 1000 0
DWIDTH 11 0
BBX 10 9 0 -1
BITMAP
FFC0
8140
D6C0
D640
F640
AA40
A9C0
8040
FFC0
ENDCHAR
STARTCHAR uni1F150
ENCODING 127312
SWIDTH 1000 0
DWIDTH 11 0
BBX 10 9 0 -1
BITMAP
3F00
7F80
7B80
FBC0
EDC0
6D80
6D80
3F00
1E00
ENDCHAR
STARTCHAR uni1F151
ENCODING 127313
SWIDTH 1000 0
DWIDTH 11 0
BBX 10 9 0 -1
BITMAP
3F00
7F80
6D80
EFC0
EDC0
6D80
6380
3F00
1E00
ENDCHAR
STARTCHAR uni1F152
ENCODING 127314
SWIDTH 1000 0
DWIDTH 11 0
BBX 10 9 0 -1
BITMAP
3F00
7B80
6F80
EFC0
EFC0
6F80
7380
3F00
1E00
ENDCHAR
STARTCHAR uni1F153
ENCODING 127315
SWIDTH 1000 0
DWIDTH 11 0
BBX 10 9 0 -1
BITMAP
3F00
7F80
6D80
EDC0
EDC0
6D80
6380
3F00
1E00
ENDCHAR
STARTCHAR uni1F154
ENCODING 127316
SWIDTH 1000 0
DWIDTH 11 0
BBX 10 9 0 -1
BITMAP
3F00
7F80
6F80
EFC0
EFC0
6F80
6180
3F00
1E00
ENDCHAR
STARTCHAR uni1F155
ENCODING 127317
SWIDTH 1000 0
DWIDTH 11 0
BBX 10 9 0 -1
BITMAP
3F00
7F80
6F80
EFC0
E3C0
6F80
6F80
3F00
1E00
ENDCHAR
STARTCHAR uni1F156
ENCODING 127318
SWIDTH 1000 0
DWIDTH 11 0
BBX 10 9 0 -1
BITMAP
3F00
7B80
6D80
EFC0
E9C0
6D80
7180
3F00
1E00
ENDCHAR
STARTCHAR uni1F157
ENCODING 127319
SWIDTH 1000 0
DWIDTH 11 0
BBX 10 9 0 -1
BITMAP
3F00
7F80
6D80
EDC0
EDC0
6D80
6D80
3F00
1E00
ENDCHAR
STARTCHAR uni1F158
ENCODING 127320
SWIDTH 1000 0
DWIDTH 11 0
BBX 10 9 0 -1
BITMAP
3F00
7F80
7F80
FFC0
FFC0
7F80
7F80
3F00
1E00
ENDCHAR
STARTCHAR uni1F159
ENCODING 127321
SWIDTH 1000 0
DWIDTH 11 0
BBX 10 9 0 -1
BITMAP
3F00
7F80
7B80
FBC0
FBC0
7B80
7380
3F00
1E00
ENDCHAR
STARTCHAR uni1F15A
ENCODING 127322
SWIDTH 1000 0
DWIDTH 11 0
BBX 10 9 0 -1
BITMAP
3F00
7F80
6B80
EFC0
EBC0
6D80
6D80
3F00
1E00
ENDCHAR
STARTCHAR uni1F15B
ENCODING 127323
SWIDTH 1000 0
DWIDTH 11 0
BBX 10 9 0 -1
BITMAP
3F00
7F80
7F80
FFC0
FFC0
7F80
7180
3F00
1E00
ENDCHAR
STARTCHAR uni1F15C
ENCODING 127324
SWIDTH 1000 0
DWIDTH 11 0
BBX 10 9 0 -1
BITMAP
3F00
7F80
6D80
FFC0
F7C0
7F80
7F80
3F00
1E00
ENDCHAR
STARTCHAR uni1F15D
ENCODING 127325
SWIDTH 1000 0
DWIDTH 11 0
BBX 10 9 0 -1
BITMAP
3F00
7F80
6D80
F5C0
EDC0
6B80
6D80
3F00
1E00
ENDCHAR
STARTCHAR uni1F15E
ENCODING 127326
SWIDTH 1000 0
DWIDTH 11 0
BBX 10 9 0 -1
BITMAP
3F00
7380
6D80
FFC0
FFC0
6D80
7380
3F00
1E00
ENDCHAR
STARTCHAR uni1F15F
ENCODING 127327
SWIDTH 1000 0
DWIDTH 11 0
BBX 10 9 0 -1
BITMAP
3F00
7F80
6D80
EDC0
E3C0
6F80
6F80
3F00
1E00
ENDCHAR
STARTCHAR uni1F160
ENCODING 127328
SWIDTH 1000 0
DWIDTH 11 0
BBX 10 9 0 -1
BITMAP
3F00
7380
6D80
FFC0
FDC0
6D80
7F80
3D00
1E00
ENDCHAR
STARTCHAR uni1F161
ENCODING 127329
SWIDTH 1000 0
DWIDTH 11 0
BBX 10 9 0 -1
BITMAP
3F00
7F80
6D80
EDC0
E3C0
6F80
6D80
3F00
1E00
ENDCHAR
STARTCHAR uni1F162
ENCODING 127330
SWIDTH 1000 0
DWIDTH 11 0
BBX 10 9 0 -1
BITMAP
3F00
7380
6F80
E7C0
F9C0
7D80
7380
3F00
1E00
ENDCHAR
STARTCHAR uni1F163
ENCODING 127331
SWIDTH 1000 0
DWIDTH 11 0
BBX 10 9 0 -1
BITMAP
3F00
7F80
7F80
FFC0
FFC0
7F80
7F80
3F00
1E00
ENDCHAR
STARTCHAR uni1F164
ENCODING 127332
SWIDTH 1000 0
DWIDTH 11 0
BBX 10 9 0 -1
BITMAP
3F00
7F80
6D80
EDC0
EDC0
6D80
7380
3F00
1E00
ENDCHAR
STARTCHAR uni1F165
ENCODING 127333
SWIDTH 1000 0
DWIDTH 11 0
BBX 10 9 0 -1
BITMAP
3F00
7F80
6D80
EDC0
FBC0
7B80
7380
3F00
1E00
ENDCHAR
STARTCHAR uni1F166
ENCODING 127334
SWIDTH 1000 0
DWIDTH 11 0
BBX 10 9 0 -1
BITMAP
3F00
7F80
5280
DAC0
DAC0
7F80
6D80
3F00
1E00
ENDCHAR
STARTCHAR uni1F167
ENCODING 127335
SWIDTH 1000 0
DWIDTH 11 0
BBX 10 9 0 -1
BITMAP
3F00
7F80
7F80
F7C0
F3C0
7B80
6D80
3F00
1E00
ENDCHAR
STARTCHAR uni1F168
ENCODING 127336
SWIDTH 1000 0
DWIDTH 11 0
BBX 10 9 0 -1
BITMAP
3F00
7F80
6D80
FBC0
F3C0
7F80
7F80
3F00
1E00
ENDCHAR
STARTCHAR uni1F169
ENCODING 127337
SWIDTH 1000 0
DWIDTH 11 0
BBX 10 9 0 -1
BITMAP
3F00
7F80
7D80
FBC0
F7C0
7F80
6180
3F00
1E00
ENDCHAR
STARTCHAR uni1F16A
ENCODING 127338
SWIDTH 700 0
DWIDTH 8 0
BBX 7 4 0 4
BITMAP
96
F8
F8
96
ENDCHAR
STARTCHAR uni1F16B
ENCODING 127339
SWIDTH 700 0
DWIDTH 8 0
BBX 7 4 0 4
BITMAP
9C
FA
FA
9E
ENDCHAR
STARTCHAR uni1F16C
ENCODING 127340
SWIDTH 700 0
DWIDTH 8 0
BBX 7 4 0 4
BITMAP
9C
FA
FC
9A
ENDCHAR
STARTCHAR uni1F170
ENCODING 127344
SWIDTH 1000 0
DWIDTH 11 0
BBX 10 9 0 -1
BITMAP
7F80
7F80
FBC0
FBC0
EDC0
EDC0
EDC0
7F80
7F80
ENDCHAR
STARTCHAR uni1F171
ENCODING 127345
SWIDTH 1000 0
DWIDTH 11 0
BBX 10 9 0 -1
BITMAP
7F80
7F80
EDC0
EFC0
EDC0
EDC0
E3C0
7F80
7F80
ENDCHAR
STARTCHAR uni1F172
ENCODING 127346
SWIDTH 1000 0
DWIDTH 11 0
BBX 10 9 0 -1
BITMAP
7F80
7B80
EDC0
EFC0
EFC0
EFC0
F1C0
7F80
7F80
ENDCHAR
STARTCHAR uni1F173
ENCODING 127347
SWIDTH 1000 0
DWIDTH 11 0
BBX 10 9 0 -1
BITMAP
7F80
7F80
EDC0
EDC0
EDC0
EDC0
E3C0
7F80
7F80
ENDCHAR
STARTCHAR uni1F174
ENCODING 127348
SWIDTH 1000 0
DWIDTH 11 0
BBX 10 9 0 -1
BITMAP
7F80
7F80
EFC0
EFC0
EFC0
EFC0
E1C0
7F80
7F80
ENDCHAR
STARTCHAR uni1F175
ENCODING 127349
SWIDTH 1000 0
DWIDTH 11 0
BBX 10 9 0 -1
BITMAP
7F80
7F80
EFC0
EFC0
E3C0
EFC0
EFC0
7F80
7F80
ENDCHAR
STARTCHAR uni1F176
ENCODING 127350
SWIDTH 1000 0
DWIDTH 11 0
BBX 10 9 0 -1
BITMAP
7F80
7B80
EDC0
EFC0
E9C0
EDC0
F1C0
7F80
7F80
ENDCHAR
STARTCHAR uni1F177
ENCODING 127351
SWIDTH 1000 0
DWIDTH 11 0
BBX 10 9 0 -1
BITMAP
7F80
7F80
EDC0
EDC0
EDC0
EDC0
EDC0
7F80
7F80
ENDCHAR
STARTCHAR uni1F178
ENCODING 127352
SWIDTH 1000 0
DWIDTH 11 0
BBX 10 9 0 -1
BITMAP
7F80
7F80
FFC0
FFC0
FFC0
FFC0
FFC0
7F80
7F80
ENDCHAR
STARTCHAR uni1F179
ENCODING 127353
SWIDTH 1000 0
DWIDTH 11 0
BBX 10 9 0 -1
BITMAP
7F80
7F80
FBC0
FBC0
FBC0
FBC0
F3C0
7F80
7F80
ENDCHAR
STARTCHAR uni1F17A
ENCODING 127354
SWIDTH 1000 0
DWIDTH 11 0
BBX 10 9 0 -1
BITMAP
7F80
7F80
EBC0
EFC0
EBC0
EDC0
EDC0
7F80
7F80
ENDCHAR
STARTCHAR uni1F17B
ENCODING 127355
SWIDTH 1000 0
DWIDTH 11 0
BBX 10 9 0 -1
BITMAP
7F80
7F80
FFC0
FFC0
FFC0
FFC0
F1C0
7F80
7F80
ENDCHAR
STARTCHAR uni1F17C
ENCODING 127356
SWIDTH 1000 0
DWIDTH 11 0
BBX 10 9 0 -1
BITMAP
7F80
7F80
EDC0
FFC0
F7C0
FFC0
FFC0
7F80
7F80
ENDCHAR
STARTCHAR uni1F17D
ENCODING 127357
SWIDTH 1000 0
DWIDTH 11 0
BBX 10 9 0 -1
BITMAP
7F80
7F80
EDC0
F5C0
EDC0
EBC0
EDC0
7F80
7F80
ENDCHAR
STARTCHAR uni1F17E
ENCODING 127358
SWIDTH 1000 0
DWIDTH 11 0
BBX 10 9 0 -1
BITMAP
7F80
7380
EDC0
FFC0
FFC0
EDC0
F3C0
7F80
7F80
ENDCHAR
STARTCHAR uni1F17F
ENCODING 127359
SWIDTH 1000 0
DWIDTH 11 0
BBX 10 9 0 -1
BITMAP
7F80
7F80
EDC0
EDC0
E3C0
EFC0
EFC0
7F80
7F80
ENDCHAR
STARTCHAR uni1F180
ENCODING 127360
SWIDTH 1000 0
DWIDTH 11 0
BBX 10 9 0 -1
BITMAP
7F80
7380
EDC0
FFC0
FDC0
EDC0
FFC0
7D80
7F80
ENDCHAR
STARTCHAR uni1F181
ENCODING 127361
SWIDTH 1000 0
DWIDTH 11 0
BBX 10 9 0 -1
BITMAP
7F80
7F80
EDC0
EDC0
E3C0
EBC0
EDC0
7F80
7F80
ENDCHAR
STARTCHAR uni1F182
ENCODING 127362
SWIDTH 1000 0
DWIDTH 11 0
BBX 10 9 0 -1
BITMAP
7F80
7380
EFC0
E7C0
F9C0
FDC0
F3C0
7F80
7F80
ENDCHAR
STARTCHAR uni1F183
ENCODING 127363
SWIDTH 1000 0
DWIDTH 11 0
BBX 10 9 0 -1
BITMAP
7F80
7F80
FFC0
FFC0
FFC0
FFC0
FFC0
7F80
7F80
ENDCHAR
STARTCHAR uni1F184
ENCODING 127364
SWIDTH 1000 0
DWIDTH 11 0
BBX 10 9 0 -1
BITMAP
7F80
7F80
EDC0
EDC0
EDC0
EDC0
F3C0
7F80
7F80
ENDCHAR
STARTCHAR uni1F185
ENCODING 127365
SWIDTH 1000 0
DWIDTH 11 0
BBX 10 9 0 -1
BITMAP
7F80
7F80
EDC0
EDC0
FBC0
FBC0
F3C0
7F80
7F80
ENDCHAR
STARTCHAR uni1F186
ENCODING 127366
SWIDTH 1000 0
DWIDTH 11 0
BBX 10 9 0 -1
BITMAP
7F80
7F80
D2C0
DAC0
DAC0
FFC0
EDC0
7F80
7F80
ENDCHAR
STARTCHAR uni1F187
ENCODING 127367
SWIDTH 1000 0
DWIDTH 11 0
BBX 10 9 0 -1
BITMAP
7F80
7F80
FFC0
F7C0
F3C0
FBC0
EDC0
7F80
7F80
ENDCHAR
STARTCHAR uni1F188
ENCODING 127368
SWIDTH 1000 0
DWIDTH 11 0
BBX 10 9 0 -1
BITMAP
7F80
7F80
EDC0
FBC0
F3C0
FFC0
FFC0
7F80
7F80
ENDCHAR
STARTCHAR uni1F189
ENCODING 127369
SWIDTH 1000 0
DWIDTH 11 0
BBX 10 9 0 -1
BITMAP
7F80
7F80
FDC0
FBC0
F7C0
FFC0
E1C0
7F80
7F80
ENDCHAR
STARTCHAR uni1F18A
ENCODING 127370
SWIDTH 1000 0
DWIDTH 11 0
BBX 10 9 0 -1
BITMAP
FFC0
FFC0
EDC0
EDC0
E3C0
EFC0
EEC0
BF40
FFC0
ENDCHAR
STARTCHAR uni1F18B
ENCODING 127371
SWIDTH 1000 0
DWIDTH 11 0
BBX 10 9 0 -1
BITMAP
7F80
7D80
FAC0
FFC0
FFC0
FBC0
FCC0
7F80
7F80
ENDCHAR
STARTCHAR uni1F18C
ENCODING 127372
SWIDTH 1000 0
DWIDTH 11 0
BBX 10 9 0 -1
BITMAP
7F80
7F80
D5C0
D6C0
CEC0
DBC0
DB40
7F80
7F80
ENDCHAR
STARTCHAR uni1F18D
ENCODING 127373
SWIDTH 1000 0
DWIDTH 11 0
BBX 10 9 0 -1
BITMAP
7F80
5F80
FDC0
DEC0
EEC0
FBC0
CB40
7F80
7F80
ENDCHAR
STARTCHAR uni1F18E
ENCODING 127374
SWIDTH 1000 0
DWIDTH 11 0
BBX 10 9 0 -1
BITMAP
7F80
7F80
DBC0
DBC0
DB40
F740
B4C0
7F80
7F80
ENDCHAR
STARTCHAR uni1F18F
ENCODING 127375
SWIDTH 1000 0
DWIDTH 11 0
BBX 10 9 0 -1
BITMAP
7F80
7E80
ADC0
BDC0
BDC0
DDC0
D640
7F80
7F80
ENDCHAR
STARTCHAR uni1F190
ENCODING 127376
SWIDTH 1000 0
DWIDTH 9 0
BBX 8 7 0 0
BITMAP
E1
91
91
91
91
91
EF
ENDCHAR
STARTCHAR uni1F191
ENCODING 127377
SWIDTH 1000 0
DWIDTH 11 0
BBX 10 9 0 -1
BITMAP
FFC0
9040
AA40
A240
A240
A240
9BC0
8040
FFC0
ENDCHAR
STARTCHAR uni1F192
ENCODING 127378
SWIDTH 1000 0
DWIDTH 11 0
BBX 10 9 0 -1
BITMAP
FFC0
AA40
DF40
DF40
DF40
DF40
BAC0
8040
FFC0
ENDCHAR
STARTCHAR uni1F193
ENCODING 127379
SWIDTH 1000 0
DWIDTH 11 0
BBX 10 9 0 -1
BITMAP
FFC0
A2C0
DD40
DD40
FFC0
DD40
DBC0
8040
FFC0
ENDCHAR
STARTCHAR uni1F194
ENCODING 127380
SWIDTH 1000 0
DWIDTH 11 0
BBX 10 9 0 -1
BITMAP
FFC0
8440
AB40
A940
A940
A940
A640
8040
FFC0
ENDCHAR
STARTCHAR uni1F195
ENCODING 127381
SWIDTH 1000 0
DWIDTH 11 0
BBX 10 9 0 -1
BITMAP
FFC0
8440
DBC0
FBC0
FBC0
DAC0
DEC0
8040
FFC0
ENDCHAR
STARTCHAR uni1F196
ENCODING 127382
SWIDTH 1000 0
DWIDTH 11 0
BBX 10 9 0 -1
BITMAP
FFC0
8140
AAC0
EC40
DDC0
DCC0
CB40
8040
FFC0
ENDCHAR
STARTCHAR uni1F197
ENCODING 127383
SWIDTH 1000 0
DWIDTH 11 0
BBX 10 9 0 -1
BITMAP
FFC0
90C0
AD40
CD40
CB40
CD40
B4C0
8040
FFC0
ENDCHAR
STARTCHAR uni1F198
ENCODING 127384
SWIDTH 1000 0
DWIDTH 11 0
BBX 10 9 0 -1
BITMAP
FFC0
A540
EEC0
CD40
ACC0
9CC0
EFC0
8040
FFC0
ENDCHAR
STARTCHAR uni1F199
ENCODING 127385
SWIDTH 1000 0
DWIDTH 11 0
BBX 10 9 0 -1
BITMAP
FFC0
8040
D6C0
D5C0
D6C0
D440
B4C0
8040
FFC0
ENDCHAR
STARTCHAR uni1F19A
ENCODING 127386
SWIDTH 1000 0
DWIDTH 11 0
BBX 10 9 0 -1
BITMAP
FFC0
C340
AD40
AA40
B140
B0C0
9740
8040
FFC0
ENDCHAR
STARTCHAR uni1F19B
ENCODING 127387
SWIDTH 1000 0
DWIDTH 11 0
BBX 10 9 0 -1
BITMAP
FFC0
A240
D540
94C0
B4C0
8D40
F640
8040
FFC0
ENDCHAR
STARTCHAR uni1F19C
ENCODING 127388
SWIDTH 1000 0
DWIDTH 11 0
BBX 10 9 0 -1
BITMAP
FFC0
AF40
96C0
BF40
B440
AB40
BF40
8040
FFC0
ENDCHAR
STARTCHAR uni1F19D
ENCODING 127389
SWIDTH 1000 0
DWIDTH 11 0
BBX 10 9 0 -1
BITMAP
FFC0
9040
B540
8E40
9540
A540
BD40
8040
FFC0
ENDCHAR
STARTCHAR uni1F19E
ENCODING 127390
SWIDTH 1000 0
DWIDTH 11 0
BBX 10 9 0 -1
BITMAP
FFC0
8040
9540
B640
B540
9D40
9540
8040
FFC0
ENDCHAR
STARTCHAR uni1F19F
ENCODING 127391
SWIDTH 1000 0
DWIDTH 11 0
BBX 10 9 0 -1
BITMAP
FFC0
9040
AD40
AE40
B740
CD40
B5C0
8040
FFC0
ENDCHAR
STARTCHAR uni1F1A0
ENCODING 127392
SWIDTH 1000 0
DWIDTH 11 0
BBX 10 9 0 -1
BITMAP
FFC0
9840
A340
B140
8940
8940
B540
8040
FFC0
ENDCHAR
STARTCHAR uni1F1A1
ENCODING 127393
SWIDTH 1000 0
DWIDTH 11 0
BBX 10 9 0 -1
BITMAP
FFC0
B040
8B40
9140
9140
9140
9540
8040
FFC0
ENDCHAR
STARTCHAR uni1F1A2
ENCODING 127394
SWIDTH 1000 0
DWIDTH 11 0
BBX 10 9 0 -1
BITMAP
FFC0
A940
F9C0
A8C0
A8C0
C940
FBC0
8040
FFC0
ENDCHAR
STARTCHAR uni1F1A3
ENCODING 127395
SWIDTH 1000 0
DWIDTH 11 0
BBX 10 9 0 -1
BITMAP
FFC0
A140
DEC0
EEC0
DD40
DE40
AE40
8040
FFC0
ENDCHAR
STARTCHAR uni1F1A4
ENCODING 127396
SWIDTH 1000 0
DWIDTH 11 0
BBX 10 9 0 -1
BITMAP
FFC0
9440
EBC0
ABC0
B740
B740
BD40
8040
FFC0
ENDCHAR
STARTCHAR uni1F1A5
ENCODING 127397
SWIDTH 1000 0
DWIDTH 11 0
BBX 10 9 0 -1
BITMAP
FFC0
8040
8240
8C40
9240
9240
8C40
8040
FFC0
ENDCHAR
STARTCHAR uni1F1A6
ENCODING 127398
SWIDTH 1000 0
DWIDTH 11 0
BBX 10 9 0 -1
BITMAP
FFC0
8140
CAC0
CC40
FC40
CC40
CBC0
8040
FFC0
ENDCHAR
STARTCHAR uni1F1A7
ENCODING 127399
SWIDTH 1000 0
DWIDTH 11 0
BBX 10 9 0 -1
BITMAP
FFC0
8140
DEC0
DEC0
FB40
DEC0
DEC0
8040
FFC0
ENDCHAR
STARTCHAR uni1F1A8
ENCODING 127400
SWIDTH 1000 0
DWIDTH 11 0
BBX 10 9 0 -1
BITMAP
FFC0
B440
B640
B440
8140
BE40
BF40
8040
FFC0
ENDCHAR
STARTCHAR uni1F1A9
ENCODING 127401
SWIDTH 1000 0
DWIDTH 11 0
BBX 10 9 0 -1
BITMAP
FFC0
CBC0
D540
BFC0
8D40
D540
BF40
8040
FFC0
ENDCHAR
STARTCHAR uni1F1AA
ENCODING 127402
SWIDTH 1000 0
DWIDTH 11 0
BBX 10 9 0 -1
BITMAP
FFC0
A040
CEC0
CEC0
AD40
9540
ED40
8040
FFC0
ENDCHAR
STARTCHAR uni1F1AB
ENCODING 127403
SWIDTH 1000 0
DWIDTH 11 0
BBX 10 9 0 -1
BITMAP
FFC0
8140
DEC0
DEC0
DEC0
DEC0
AD40
8040
FFC0
ENDCHAR
STARTCHAR uni1F1AC
ENCODING 127404
SWIDTH 1000 0
DWIDTH 11 0
BBX 10 9 0 -1
BITMAP
FFC0
8940
DEC0
D6C0
EEC0
AEC0
AD40
8040
FFC0
ENDCHAR
STARTCHAR uni30EDE
ENCODING 200414
SWIDTH 1000 0
DWIDTH 11 0
BBX 10 9 0 -1
BITMAP
FFC0
7B40
2D80
B280
7D80
5B80
7E80
6980
BFC0
ENDCHAR
STARTCHAR uni3106C
ENCODING 200812
SWIDTH 1000 0
DWIDTH 11 0
BBX 10 9 0 -1
BITMAP
3F00
1E00
6980
FFC0
1E00
FFC0
2A80
7780
7F80
ENDCHAR
ENDFONT
