STARTFONT 2.1
FONT -unknown-Standard-Regular-R-Normal--24-240-75-75-P-0-ISO10646-1
SIZE 24 75 75
FONTBOUNDINGBOX 24 24 0 0
STARTPROPERTIES 5
FAMILY_NAME "Standard"
WEIGHT_NAME "Regular"
PIXEL_SIZE 24
FONT_ASCENT 19
FONT_DESCENT 5
ENDPROPERTIES
CHARS 2189
STARTCHAR uni0020
ENCODING 32
SWIDTH 208 0
DWIDTH 5 0
BBX 0 0 0 0
BITMAP
ENDCHAR
STARTCHAR exclam
ENCODING 33
SWIDTH 333 0
DWIDTH 8 0
BBX 2 17 3 0
BITMAP
C0
C0
C0
C0
C0
C0
C0
C0
C0
C0
C0
C0
00
00
C0
C0
C0
ENDCHAR
STARTCHAR quotedbl
ENCODING 34
SWIDTH 375 0
DWIDTH 9 0
BBX 6 5 1 12
BITMAP
CC
CC
CC
CC
CC
ENDCHAR
STARTCHAR numbersign
ENCODING 35
SWIDTH 542 0
DWIDTH 13 0
BBX 13 17 0 0
BITMAP
0C30
0820
0820
0820
0820
FFF8
1040
1040
1040
1040
30C0
FFF8
2080
2080
6080
6180
4100
ENDCHAR
STARTCHAR dollar
ENCODING 36
SWIDTH 542 0
DWIDTH 13 0
BBX 11 20 1 -2
BITMAP
0400
0400
3F00
7FC0
E4E0
C460
C400
E400
7C00
3F00
07C0
04E0
0460
4460
C460
64E0
7FC0
1F00
0400
0400
ENDCHAR
STARTCHAR percent
ENCODING 37
SWIDTH 875 0
DWIDTH 21 0
BBX 19 17 1 0
BITMAP
380300
6C0600
C60600
C60C00
C61800
C61000
C63000
C66380
6C46C0
38CC60
018C60
010C60
030C60
060C60
0C0C60
0C06C0
180380
ENDCHAR
STARTCHAR ampersand
ENCODING 38
SWIDTH 667 0
DWIDTH 16 0
BBX 15 17 1 0
BITMAP
0780
0FC0
1C60
1860
1860
18C0
0F80
1F00
3E0C
660C
C318
C398
C1F0
C0F0
E0F0
7FFE
3F1E
ENDCHAR
STARTCHAR quotesingle
ENCODING 39
SWIDTH 208 0
DWIDTH 5 0
BBX 2 5 1 12
BITMAP
C0
C0
C0
C0
C0
ENDCHAR
STARTCHAR parenleft
ENCODING 40
SWIDTH 333 0
DWIDTH 8 0
BBX 6 22 1 -5
BITMAP
0C
18
30
30
60
60
60
C0
C0
C0
C0
C0
C0
C0
C0
60
60
60
30
30
18
0C
ENDCHAR
STARTCHAR parenright
ENCODING 41
SWIDTH 333 0
DWIDTH 8 0
BBX 6 22 0 -5
BITMAP
C0
60
30
30
18
18
18
0C
0C
0C
0C
0C
0C
0C
0C
18
18
18
30
30
60
C0
ENDCHAR
STARTCHAR asterisk
ENCODING 42
SWIDTH 375 0
DWIDTH 9 0
BBX 9 9 0 8
BITMAP
0C00
0C00
0C80
FF80
3F00
1C00
1E00
3300
1200
ENDCHAR
STARTCHAR plus
ENCODING 43
SWIDTH 583 0
DWIDTH 14 0
BBX 12 12 1 2
BITMAP
0600
0600
0600
0600
0600
FFF0
FFF0
0600
0600
0600
0600
0600
ENDCHAR
STARTCHAR comma
ENCODING 44
SWIDTH 292 0
DWIDTH 7 0
BBX 2 6 2 -3
BITMAP
C0
C0
C0
40
40
80
ENDCHAR
STARTCHAR hyphen
ENCODING 45
SWIDTH 333 0
DWIDTH 8 0
BBX 6 2 1 5
BITMAP
FC
FC
ENDCHAR
STARTCHAR period
ENCODING 46
SWIDTH 292 0
DWIDTH 7 0
BBX 2 3 2 0
BITMAP
C0
C0
C0
ENDCHAR
STARTCHAR slash
ENCODING 47
SWIDTH 292 0
DWIDTH 7 0
BBX 7 17 0 0
BITMAP
06
06
0C
0C
0C
18
18
18
30
30
30
60
60
60
60
C0
C0
ENDCHAR
STARTCHAR zero
ENCODING 48
SWIDTH 542 0
DWIDTH 13 0
BBX 11 17 1 0
BITMAP
1F00
3F80
71C0
60C0
C060
C060
C060
C060
C060
C060
C060
C060
C060
60C0
71C0
3F80
1F00
ENDCHAR
STARTCHAR one
ENCODING 49
SWIDTH 542 0
DWIDTH 13 0
BBX 10 17 2 0
BITMAP
1C00
3C00
6C00
CC00
8C00
0C00
0C00
0C00
0C00
0C00
0C00
0C00
0C00
0C00
0C00
FFC0
FFC0
ENDCHAR
STARTCHAR two
ENCODING 50
SWIDTH 542 0
DWIDTH 13 0
BBX 10 17 1 0
BITMAP
1F00
7F80
61C0
C0C0
00C0
00C0
00C0
0180
0300
0600
0C00
1800
3000
6000
E000
FFC0
FFC0
ENDCHAR
STARTCHAR three
ENCODING 51
SWIDTH 542 0
DWIDTH 13 0
BBX 11 17 1 0
BITMAP
1F80
7FC0
60E0
C060
0060
0060
00C0
0F80
0F80
00C0
0060
0060
C060
C060
60C0
7FC0
1F00
ENDCHAR
STARTCHAR four
ENCODING 52
SWIDTH 542 0
DWIDTH 13 0
BBX 11 17 1 0
BITMAP
0380
0380
0780
0580
0D80
1980
1980
3180
2180
6180
C180
FFE0
FFE0
0180
0180
0180
0180
ENDCHAR
STARTCHAR five
ENCODING 53
SWIDTH 542 0
DWIDTH 13 0
BBX 11 17 1 0
BITMAP
7FC0
FFC0
C000
C000
C000
C000
DF00
FFC0
E1C0
00E0
0060
0060
0060
C0E0
E1C0
7F80
1F00
ENDCHAR
STARTCHAR six
ENCODING 54
SWIDTH 542 0
DWIDTH 13 0
BBX 11 17 1 0
BITMAP
0F80
3FC0
70E0
6040
6000
C000
CF00
DFC0
F0C0
E060
C060
C060
C060
6060
70C0
3FC0
1F00
ENDCHAR
STARTCHAR seven
ENCODING 55
SWIDTH 542 0
DWIDTH 13 0
BBX 11 17 1 0
BITMAP
FFE0
FFE0
0060
00C0
0180
0180
0300
0300
0600
0600
0C00
0C00
0C00
1800
1800
1800
1800
ENDCHAR
STARTCHAR eight
ENCODING 56
SWIDTH 542 0
DWIDTH 13 0
BBX 11 17 1 0
BITMAP
1F00
7FC0
E0E0
C060
C060
C060
60C0
3F80
3F80
60C0
C060
C060
C060
C060
60C0
7FC0
1F00
ENDCHAR
STARTCHAR nine
ENCODING 57
SWIDTH 542 0
DWIDTH 13 0
BBX 11 17 1 0
BITMAP
1F00
7F80
61C0
C0C0
C060
C060
C060
C0E0
61E0
7F60
1E60
0060
00C0
C0C0
E1C0
7F80
3E00
ENDCHAR
STARTCHAR colon
ENCODING 58
SWIDTH 292 0
DWIDTH 7 0
BBX 2 13 2 0
BITMAP
C0
C0
C0
00
00
00
00
00
00
00
C0
C0
C0
ENDCHAR
STARTCHAR semicolon
ENCODING 59
SWIDTH 292 0
DWIDTH 7 0
BBX 2 16 2 -3
BITMAP
C0
C0
C0
00
00
00
00
00
00
00
C0
C0
C0
40
40
80
ENDCHAR
STARTCHAR less
ENCODING 60
SWIDTH 583 0
DWIDTH 14 0
BBX 12 13 1 1
BITMAP
0010
0070
03E0
0F80
3C00
F000
C000
F000
3C00
0F80
03E0
0070
0010
ENDCHAR
STARTCHAR equal
ENCODING 61
SWIDTH 583 0
DWIDTH 14 0
BBX 12 8 1 4
BITMAP
FFF0
FFF0
0000
0000
0000
0000
FFF0
FFF0
ENDCHAR
STARTCHAR greater
ENCODING 62
SWIDTH 583 0
DWIDTH 14 0
BBX 12 13 1 1
BITMAP
8000
E000
7C00
1F00
03C0
00F0
0030
00F0
03C0
1F00
7C00
E000
8000
ENDCHAR
STARTCHAR question
ENCODING 63
SWIDTH 542 0
DWIDTH 13 0
BBX 11 17 1 0
BITMAP
1F00
7FC0
60E0
C060
C060
0060
00E0
01C0
0380
0600
0C00
0C00
0000
0000
0C00
0C00
0C00
ENDCHAR
STARTCHAR at
ENCODING 64
SWIDTH 1000 0
DWIDTH 24 0
BBX 20 20 2 -3
BITMAP
00FE00
07FF80
0F03C0
1C00E0
38F360
73FF70
670E30
660E30
CE0630
CC0E30
CC0C30
CC0C70
CC1C60
CE3CE0
67EFC0
63C780
700000
3C0700
1FFE00
03F800
ENDCHAR
STARTCHAR A
ENCODING 65
SWIDTH 625 0
DWIDTH 15 0
BBX 15 17 0 0
BITMAP
0380
0380
0280
06C0
06C0
0C60
0C60
0820
1830
1830
3FF8
3FF8
3018
600C
600C
600C
C006
ENDCHAR
STARTCHAR B
ENCODING 66
SWIDTH 667 0
DWIDTH 16 0
BBX 13 17 2 0
BITMAP
FFC0
FFE0
C070
C030
C030
C030
C060
FFC0
FFE0
C070
C018
C018
C018
C018
C030
FFF0
FFC0
ENDCHAR
STARTCHAR C
ENCODING 67
SWIDTH 708 0
DWIDTH 17 0
BBX 15 17 1 0
BITMAP
07E0
1FF8
383C
700C
600C
C000
C000
C000
C000
C000
C000
E000
6004
700E
383C
1FF8
07E0
ENDCHAR
STARTCHAR D
ENCODING 68
SWIDTH 708 0
DWIDTH 17 0
BBX 14 17 2 0
BITMAP
FF80
FFE0
C0F0
C038
C018
C00C
C00C
C00C
C00C
C00C
C00C
C01C
C018
C038
C0F0
FFE0
FF80
ENDCHAR
STARTCHAR E
ENCODING 69
SWIDTH 667 0
DWIDTH 16 0
BBX 13 17 2 0
BITMAP
FFF8
FFF8
C000
C000
C000
C000
C000
FFF0
FFF0
C000
C000
C000
C000
C000
C000
FFF8
FFF8
ENDCHAR
STARTCHAR F
ENCODING 70
SWIDTH 625 0
DWIDTH 15 0
BBX 12 17 2 0
BITMAP
FFF0
FFF0
C000
C000
C000
C000
C000
FFE0
FFE0
C000
C000
C000
C000
C000
C000
C000
C000
ENDCHAR
STARTCHAR G
ENCODING 71
SWIDTH 792 0
DWIDTH 19 0
BBX 16 17 1 0
BITMAP
07F0
1FFC
381E
7007
6006
C000
C000
C000
C000
C07F
C07F
E003
6003
7003
3C0F
1FFC
07F0
ENDCHAR
STARTCHAR H
ENCODING 72
SWIDTH 708 0
DWIDTH 17 0
BBX 13 17 2 0
BITMAP
C018
C018
C018
C018
C018
C018
C018
FFF8
FFF8
C018
C018
C018
C018
C018
C018
C018
C018
ENDCHAR
STARTCHAR I
ENCODING 73
SWIDTH 250 0
DWIDTH 6 0
BBX 2 17 2 0
BITMAP
C0
C0
C0
C0
C0
C0
C0
C0
C0
C0
C0
C0
C0
C0
C0
C0
C0
ENDCHAR
STARTCHAR J
ENCODING 74
SWIDTH 500 0
DWIDTH 12 0
BBX 10 17 0 0
BITMAP
0FC0
0FC0
00C0
00C0
00C0
00C0
00C0
00C0
00C0
00C0
00C0
00C0
C0C0
E0C0
7180
7F80
1E00
ENDCHAR
STARTCHAR K
ENCODING 75
SWIDTH 667 0
DWIDTH 16 0
BBX 14 17 2 0
BITMAP
C038
C070
C0E0
C1C0
C380
C700
CE00
DC00
FE00
E700
C300
C180
C0C0
C0E0
C070
C038
C01C
ENDCHAR
STARTCHAR L
ENCODING 76
SWIDTH 542 0
DWIDTH 13 0
BBX 10 17 2 0
BITMAP
C000
C000
C000
C000
C000
C000
C000
C000
C000
C000
C000
C000
C000
C000
C000
FFC0
FFC0
ENDCHAR
STARTCHAR M
ENCODING 77
SWIDTH 792 0
DWIDTH 19 0
BBX 15 17 2 0
BITMAP
E00E
E00E
E00E
F01E
F01E
D016
D836
D836
CC66
CC66
CC66
C6C6
C6C6
C6C6
C286
C386
C386
ENDCHAR
STARTCHAR N
ENCODING 78
SWIDTH 708 0
DWIDTH 17 0
BBX 13 17 2 0
BITMAP
C018
E018
F018
F018
D818
DC18
CC18
C618
C718
C318
C198
C198
C0D8
C078
C078
C038
C018
ENDCHAR
STARTCHAR O
ENCODING 79
SWIDTH 792 0
DWIDTH 19 0
BBX 17 17 1 0
BITMAP
07F000
1FFC00
3C1E00
700700
600300
E00380
C00180
C00180
C00180
C00180
C00180
E00380
600300
700700
3C1E00
1FFC00
07F000
ENDCHAR
STARTCHAR P
ENCODING 80
SWIDTH 667 0
DWIDTH 16 0
BBX 12 17 2 0
BITMAP
FF80
FFE0
C060
C030
C030
C030
C030
C060
FFE0
FF80
C000
C000
C000
C000
C000
C000
C000
ENDCHAR
STARTCHAR Q
ENCODING 81
SWIDTH 792 0
DWIDTH 19 0
BBX 17 22 1 -5
BITMAP
07F000
1FFC00
3C1E00
700700
600300
E00380
C00180
C00180
C00180
C00180
C00180
E00380
600300
700700
3C1E00
1FFC00
07F000
00C000
00E000
007000
007E00
001E00
ENDCHAR
STARTCHAR R
ENCODING 82
SWIDTH 708 0
DWIDTH 17 0
BBX 14 17 2 0
BITMAP
FFC0
FFF0
C030
C018
C018
C018
C018
C030
FFF0
FFC0
C1C0
C0C0
C060
C070
C030
C038
C01C
ENDCHAR
STARTCHAR S
ENCODING 83
SWIDTH 667 0
DWIDTH 16 0
BBX 14 17 1 0
BITMAP
0FE0
3FF8
7038
600C
6000
6000
3800
3F80
0FF0
00F8
001C
000C
400C
E00C
7038
3FF8
1FE0
ENDCHAR
STARTCHAR T
ENCODING 84
SWIDTH 583 0
DWIDTH 14 0
BBX 12 17 1 0
BITMAP
FFF0
FFF0
0600
0600
0600
0600
0600
0600
0600
0600
0600
0600
0600
0600
0600
0600
0600
ENDCHAR
STARTCHAR U
ENCODING 85
SWIDTH 708 0
DWIDTH 17 0
BBX 13 17 2 0
BITMAP
C018
C018
C018
C018
C018
C018
C018
C018
C018
C018
C018
C018
C018
6030
7070
3FE0
0F80
ENDCHAR
STARTCHAR V
ENCODING 86
SWIDTH 625 0
DWIDTH 15 0
BBX 15 17 0 0
BITMAP
C006
600C
600C
600C
3018
3018
1830
1830
1830
0C60
0C60
0C60
06C0
06C0
0280
0380
0380
ENDCHAR
STARTCHAR W
ENCODING 87
SWIDTH 958 0
DWIDTH 23 0
BBX 23 17 0 0
BITMAP
C01006
E0380E
60380C
60280C
606C0C
306C18
306C18
304418
18C630
18C630
188230
0D8360
0D8360
0D8360
050140
0701C0
0701C0
ENDCHAR
STARTCHAR X
ENCODING 88
SWIDTH 625 0
DWIDTH 15 0
BBX 15 17 0 0
BITMAP
E00E
701C
3018
1830
1C70
0EE0
06C0
0380
0380
07C0
06E0
0C60
1830
3838
3018
600C
E00E
ENDCHAR
STARTCHAR Y
ENCODING 89
SWIDTH 667 0
DWIDTH 16 0
BBX 16 17 0 0
BITMAP
E007
700E
300C
381C
1C38
0C30
0660
07E0
03C0
0180
0180
0180
0180
0180
0180
0180
0180
ENDCHAR
STARTCHAR Z
ENCODING 90
SWIDTH 625 0
DWIDTH 15 0
BBX 13 17 1 0
BITMAP
7FF0
7FF0
0060
00E0
00C0
0180
0380
0300
0600
0C00
1C00
1800
3000
7000
E000
FFF8
FFF8
ENDCHAR
STARTCHAR bracketleft
ENCODING 91
SWIDTH 292 0
DWIDTH 7 0
BBX 5 22 2 -5
BITMAP
F8
F8
C0
C0
C0
C0
C0
C0
C0
C0
C0
C0
C0
C0
C0
C0
C0
C0
C0
C0
F8
F8
ENDCHAR
STARTCHAR backslash
ENCODING 92
SWIDTH 292 0
DWIDTH 7 0
BBX 7 17 0 0
BITMAP
C0
C0
60
60
60
60
30
30
30
18
18
18
0C
0C
0C
0E
06
ENDCHAR
STARTCHAR bracketright
ENCODING 93
SWIDTH 292 0
DWIDTH 7 0
BBX 5 22 0 -5
BITMAP
F8
F8
18
18
18
18
18
18
18
18
18
18
18
18
18
18
18
18
18
18
F8
F8
ENDCHAR
STARTCHAR asciicircum
ENCODING 94
SWIDTH 500 0
DWIDTH 12 0
BBX 11 9 0 8
BITMAP
0E00
0A00
1B00
1100
3180
3180
60C0
60C0
C060
ENDCHAR
STARTCHAR underscore
ENCODING 95
SWIDTH 542 0
DWIDTH 13 0
BBX 13 2 0 -5
BITMAP
FFF8
FFF8
ENDCHAR
STARTCHAR grave
ENCODING 96
SWIDTH 333 0
DWIDTH 8 0
BBX 5 4 1 14
BITMAP
E0
60
30
18
ENDCHAR
STARTCHAR a
ENCODING 97
SWIDTH 542 0
DWIDTH 13 0
BBX 12 13 1 0
BITMAP
3F00
7F80
E1C0
C0C0
00C0
3FC0
7FC0
E0C0
C0C0
C1C0
E3C0
7EF0
3C70
ENDCHAR
STARTCHAR b
ENCODING 98
SWIDTH 583 0
DWIDTH 14 0
BBX 11 17 2 0
BITMAP
C000
C000
C000
C000
CF80
DFC0
F0C0
E060
C060
C060
C060
C060
C060
E0E0
F0C0
DFC0
CF00
ENDCHAR
STARTCHAR c
ENCODING 99
SWIDTH 500 0
DWIDTH 12 0
BBX 10 13 1 0
BITMAP
1F00
3F80
61C0
C0C0
C000
C000
C000
C000
C000
E0C0
61C0
3F80
1F00
ENDCHAR
STARTCHAR d
ENCODING 100
SWIDTH 583 0
DWIDTH 14 0
BBX 11 17 1 0
BITMAP
0060
0060
0060
0060
1E60
7F60
61E0
E0E0
C060
C060
C060
C060
C060
C0E0
61E0
7F60
3E60
ENDCHAR
STARTCHAR e
ENCODING 101
SWIDTH 542 0
DWIDTH 13 0
BBX 11 13 1 0
BITMAP
1F00
3F80
60C0
C060
C060
FFE0
FFE0
C000
C000
E060
70E0
3FC0
1F00
ENDCHAR
STARTCHAR f
ENCODING 102
SWIDTH 292 0
DWIDTH 7 0
BBX 6 17 0 0
BITMAP
1C
3C
30
30
FC
FC
30
30
30
30
30
30
30
30
30
30
30
ENDCHAR
STARTCHAR g
ENCODING 103
SWIDTH 583 0
DWIDTH 14 0
BBX 11 18 1 -5
BITMAP
1E60
7F60
61E0
E0E0
C060
C060
C060
C060
C060
C0E0
61E0
7F60
3E60
0060
0060
E0C0
7FC0
3F00
ENDCHAR
STARTCHAR h
ENCODING 104
SWIDTH 583 0
DWIDTH 14 0
BBX 10 17 2 0
BITMAP
C000
C000
C000
C000
CF00
DF80
F1C0
E0C0
C0C0
C0C0
C0C0
C0C0
C0C0
C0C0
C0C0
C0C0
C0C0
ENDCHAR
STARTCHAR i
ENCODING 105
SWIDTH 208 0
DWIDTH 5 0
BBX 2 17 1 0
BITMAP
C0
C0
00
00
C0
C0
C0
C0
C0
C0
C0
C0
C0
C0
C0
C0
C0
ENDCHAR
STARTCHAR j
ENCODING 106
SWIDTH 250 0
DWIDTH 6 0
BBX 4 22 0 -5
BITMAP
30
30
00
00
30
30
30
30
30
30
30
30
30
30
30
30
30
30
30
30
F0
E0
ENDCHAR
STARTCHAR k
ENCODING 107
SWIDTH 500 0
DWIDTH 12 0
BBX 10 17 2 0
BITMAP
C000
C000
C000
C000
C1C0
C380
C700
C600
CC00
D800
FC00
EC00
C600
C700
C300
C180
C1C0
ENDCHAR
STARTCHAR l
ENCODING 108
SWIDTH 250 0
DWIDTH 6 0
BBX 2 17 2 0
BITMAP
C0
C0
C0
C0
C0
C0
C0
C0
C0
C0
C0
C0
C0
C0
C0
C0
C0
ENDCHAR
STARTCHAR m
ENCODING 109
SWIDTH 833 0
DWIDTH 20 0
BBX 16 13 2 0
BITMAP
CE1E
DF7E
E3C7
C183
C183
C183
C183
C183
C183
C183
C183
C183
C183
ENDCHAR
STARTCHAR n
ENCODING 110
SWIDTH 583 0
DWIDTH 14 0
BBX 10 13 2 0
BITMAP
CF00
DF80
E1C0
E0C0
C0C0
C0C0
C0C0
C0C0
C0C0
C0C0
C0C0
C0C0
C0C0
ENDCHAR
STARTCHAR o
ENCODING 111
SWIDTH 542 0
DWIDTH 13 0
BBX 11 13 1 0
BITMAP
1F00
7FC0
60C0
E0E0
C060
C060
C060
C060
C060
E0E0
60C0
3F80
1F00
ENDCHAR
STARTCHAR p
ENCODING 112
SWIDTH 583 0
DWIDTH 14 0
BBX 11 18 2 -5
BITMAP
CF80
DFC0
F0C0
E060
C060
C060
C060
C060
C060
E0E0
F0C0
DFC0
CF00
C000
C000
C000
C000
C000
ENDCHAR
STARTCHAR q
ENCODING 113
SWIDTH 583 0
DWIDTH 14 0
BBX 11 18 1 -5
BITMAP
1E60
7F60
61E0
E0E0
C060
C060
C060
C060
C060
C0E0
61E0
7F60
3E60
0060
0060
0060
0060
0060
ENDCHAR
STARTCHAR r
ENCODING 114
SWIDTH 333 0
DWIDTH 8 0
BBX 6 13 2 0
BITMAP
DC
FC
E0
E0
C0
C0
C0
C0
C0
C0
C0
C0
C0
ENDCHAR
STARTCHAR s
ENCODING 115
SWIDTH 500 0
DWIDTH 12 0
BBX 10 13 1 0
BITMAP
3F00
7F80
C1C0
C0C0
E000
7C00
3F00
03C0
00C0
C0C0
E1C0
7F80
3F00
ENDCHAR
STARTCHAR t
ENCODING 116
SWIDTH 292 0
DWIDTH 7 0
BBX 6 16 1 0
BITMAP
20
60
60
F8
F8
60
60
60
60
60
60
60
60
60
7C
3C
ENDCHAR
STARTCHAR u
ENCODING 117
SWIDTH 583 0
DWIDTH 14 0
BBX 10 13 2 0
BITMAP
C0C0
C0C0
C0C0
C0C0
C0C0
C0C0
C0C0
C0C0
C0C0
C1C0
E1C0
7EC0
3CC0
ENDCHAR
STARTCHAR v
ENCODING 118
SWIDTH 458 0
DWIDTH 11 0
BBX 11 13 0 0
BITMAP
C060
C060
60C0
60C0
60C0
3180
3180
3180
1B00
1B00
1B00
0E00
0E00
ENDCHAR
STARTCHAR w
ENCODING 119
SWIDTH 708 0
DWIDTH 17 0
BBX 17 13 0 0
BITMAP
C1C180
C1C180
C14180
636300
636300
636300
222200
363600
363600
363600
141400
1C1C00
1C1C00
ENDCHAR
STARTCHAR x
ENCODING 120
SWIDTH 458 0
DWIDTH 11 0
BBX 11 13 0 0
BITMAP
C060
60C0
3180
3180
1B00
0E00
0E00
1F00
1B00
3180
71C0
60C0
C060
ENDCHAR
STARTCHAR y
ENCODING 121
SWIDTH 500 0
DWIDTH 12 0
BBX 12 18 0 -5
BITMAP
C030
E070
6060
6060
30C0
30C0
38C0
1980
1980
0F00
0F00
0F00
0600
0600
0C00
1C00
7800
7000
ENDCHAR
STARTCHAR z
ENCODING 122
SWIDTH 500 0
DWIDTH 12 0
BBX 10 13 1 0
BITMAP
FFC0
FFC0
01C0
0380
0300
0600
0C00
1800
3000
7000
E000
FFC0
FFC0
ENDCHAR
STARTCHAR braceleft
ENCODING 123
SWIDTH 333 0
DWIDTH 8 0
BBX 8 22 0 -5
BITMAP
0F
1F
1C
18
18
18
18
18
18
38
F0
F0
38
18
18
18
18
18
18
1C
1F
0F
ENDCHAR
STARTCHAR bar
ENCODING 124
SWIDTH 250 0
DWIDTH 6 0
BBX 2 22 2 -5
BITMAP
C0
C0
C0
C0
C0
C0
C0
C0
C0
C0
C0
C0
C0
C0
C0
C0
C0
C0
C0
C0
C0
C0
ENDCHAR
STARTCHAR braceright
ENCODING 125
SWIDTH 333 0
DWIDTH 8 0
BBX 8 22 0 -5
BITMAP
F0
F8
38
18
18
18
18
18
18
1C
0F
0F
1C
18
18
18
18
18
18
38
F8
F0
ENDCHAR
STARTCHAR asciitilde
ENCODING 126
SWIDTH 583 0
DWIDTH 14 0
BBX 12 4 1 6
BITMAP
7800
FE10
87F0
01E0
ENDCHAR
STARTCHAR uni00A0
ENCODING 160
SWIDTH 208 0
DWIDTH 5 0
BBX 0 0 0 0
BITMAP
ENDCHAR
STARTCHAR exclamdown
ENCODING 161
SWIDTH 333 0
DWIDTH 8 0
BBX 2 17 4 -4
BITMAP
C0
C0
C0
00
00
C0
C0
C0
C0
C0
C0
C0
C0
C0
C0
C0
C0
ENDCHAR
STARTCHAR cent
ENCODING 162
SWIDTH 542 0
DWIDTH 13 0
BBX 13 17 0 0
BITMAP
0300
0300
1FE0
3F60
7F30
F920
F900
F900
F900
F900
7900
7938
3D78
1EF0
07E0
0180
0180
ENDCHAR
STARTCHAR sterling
ENCODING 163
SWIDTH 542 0
DWIDTH 13 0
BBX 11 17 1 0
BITMAP
0F00
1F80
39C0
3000
3000
3000
3000
FF00
FF00
3000
3000
3000
3000
6060
60E0
FFC0
FF80
ENDCHAR
STARTCHAR currency
ENCODING 164
SWIDTH 542 0
DWIDTH 13 0
BBX 10 10 2 3
BITMAP
DEC0
FFC0
6180
C0C0
C0C0
C0C0
C0C0
6180
FFC0
DEC0
ENDCHAR
STARTCHAR yen
ENCODING 165
SWIDTH 542 0
DWIDTH 13 0
BBX 14 17 0 0
BITMAP
E01C
6018
7038
3030
1860
1860
0CC0
0DC0
0780
3FF0
3FF0
0300
3FF0
3FF0
0300
0300
0300
ENDCHAR
STARTCHAR brokenbar
ENCODING 166
SWIDTH 250 0
DWIDTH 6 0
BBX 2 22 2 -5
BITMAP
C0
C0
C0
C0
C0
C0
C0
C0
C0
00
00
00
00
C0
C0
C0
C0
C0
C0
C0
C0
C0
ENDCHAR
STARTCHAR section
ENCODING 167
SWIDTH 542 0
DWIDTH 13 0
BBX 9 19 2 -2
BITMAP
3E00
7F00
E380
C000
C000
7000
3E00
6300
C180
C180
E180
7700
3E00
0700
0180
0180
E180
7F00
3E00
ENDCHAR
STARTCHAR dieresis
ENCODING 168
SWIDTH 333 0
DWIDTH 8 0
BBX 7 2 1 15
BITMAP
C6
C6
ENDCHAR
STARTCHAR copyright
ENCODING 169
SWIDTH 750 0
DWIDTH 18 0
BBX 17 17 0 0
BITMAP
03E000
0C1800
300600
200200
43E100
461100
8C1880
8C0080
8C0080
8C0080
8C1880
461100
43E100
200200
300600
0C1800
03E000
ENDCHAR
STARTCHAR ordfeminine
ENCODING 170
SWIDTH 375 0
DWIDTH 9 0
BBX 8 9 1 8
BITMAP
7C
C6
C6
06
7E
C6
C6
CE
73
ENDCHAR
STARTCHAR guillemotleft
ENCODING 171
SWIDTH 542 0
DWIDTH 13 0
BBX 11 9 1 2
BITMAP
0C60
18C0
3180
6300
C600
6300
3180
18C0
1CE0
ENDCHAR
STARTCHAR logicalnot
ENCODING 172
SWIDTH 583 0
DWIDTH 14 0
BBX 12 7 1 2
BITMAP
FFF0
FFF0
0030
0030
0030
0030
0030
ENDCHAR
STARTCHAR hyphen
ENCODING 173
SWIDTH 333 0
DWIDTH 8 0
BBX 6 2 1 5
BITMAP
FC
FC
ENDCHAR
STARTCHAR registered
ENCODING 174
SWIDTH 750 0
DWIDTH 18 0
BBX 17 17 0 0
BITMAP
03E000
0C1800
300600
200200
47F100
461900
861880
861880
87F080
866080
863080
461100
461900
200200
300600
0C1800
03E000
ENDCHAR
STARTCHAR macron
ENCODING 175
SWIDTH 542 0
DWIDTH 13 0
BBX 13 1 0 17
BITMAP
FFF8
ENDCHAR
STARTCHAR degree
ENCODING 176
SWIDTH 417 0
DWIDTH 10 0
BBX 7 7 1 10
BITMAP
38
44
82
82
82
44
38
ENDCHAR
STARTCHAR plusminus
ENCODING 177
SWIDTH 542 0
DWIDTH 13 0
BBX 12 15 1 0
BITMAP
0600
0600
0600
0600
0600
FFF0
FFF0
0600
0600
0600
0600
0600
0000
FFF0
FFF0
ENDCHAR
STARTCHAR uni00B2
ENCODING 178
SWIDTH 333 0
DWIDTH 8 0
BBX 7 10 1 7
BITMAP
3C
E6
C6
06
0C
1C
30
60
C0
FE
ENDCHAR
STARTCHAR uni00B3
ENCODING 179
SWIDTH 333 0
DWIDTH 8 0
BBX 7 10 1 7
BITMAP
7C
C6
C6
06
38
0E
06
C6
C6
7C
ENDCHAR
STARTCHAR acute
ENCODING 180
SWIDTH 333 0
DWIDTH 8 0
BBX 5 4 1 14
BITMAP
38
30
60
C0
ENDCHAR
STARTCHAR u00B5
ENCODING 181
SWIDTH 583 0
DWIDTH 14 0
BBX 12 18 2 -5
BITMAP
C0C0
C0C0
C0C0
C0C0
C0C0
C0C0
C0C0
C0C0
C0C0
C1C0
E1C0
FEF0
FC70
C000
C000
C000
C000
C000
ENDCHAR
STARTCHAR paragraph
ENCODING 182
SWIDTH 542 0
DWIDTH 13 0
BBX 11 20 1 -3
BITMAP
3FE0
7880
F880
F880
F880
F880
F880
7880
3880
0880
0880
0880
0880
0880
0880
0880
0880
0880
0880
0880
ENDCHAR
STARTCHAR periodcentered
ENCODING 183
SWIDTH 292 0
DWIDTH 7 0
BBX 2 3 2 6
BITMAP
C0
C0
C0
ENDCHAR
STARTCHAR cedilla
ENCODING 184
SWIDTH 333 0
DWIDTH 8 0
BBX 4 5 1 -5
BITMAP
40
E0
30
30
E0
ENDCHAR
STARTCHAR uni00B9
ENCODING 185
SWIDTH 333 0
DWIDTH 8 0
BBX 7 10 1 7
BITMAP
70
F0
B0
30
30
30
30
30
30
FE
ENDCHAR
STARTCHAR ordmasculine
ENCODING 186
SWIDTH 375 0
DWIDTH 9 0
BBX 7 9 1 8
BITMAP
38
64
C6
C6
C6
C6
C6
6C
38
ENDCHAR
STARTCHAR guillemotright
ENCODING 187
SWIDTH 542 0
DWIDTH 13 0
BBX 11 9 1 2
BITMAP
C600
6300
3180
18C0
0C60
18C0
3180
6300
E600
ENDCHAR
STARTCHAR onequarter
ENCODING 188
SWIDTH 833 0
DWIDTH 20 0
BBX 18 17 1 0
BITMAP
700600
F00400
B00C00
301800
301000
303000
306000
306100
30C300
FF8700
018500
030900
021900
061100
0C3FC0
080100
180100
ENDCHAR
STARTCHAR onehalf
ENCODING 189
SWIDTH 833 0
DWIDTH 20 0
BBX 19 17 1 0
BITMAP
700600
F00400
B00C00
301800
301000
303000
306000
3063C0
30CE60
FF8C60
018060
0300C0
0201C0
060300
0C0600
080C00
180FE0
ENDCHAR
STARTCHAR threequarters
ENCODING 190
SWIDTH 833 0
DWIDTH 20 0
BBX 17 17 2 0
BITMAP
7C0C00
C60800
C61800
063000
382000
0E6000
06C000
C6C200
C78600
7F0E00
030A00
061200
043200
0C2200
187F80
100200
300200
ENDCHAR
STARTCHAR questiondown
ENCODING 191
SWIDTH 625 0
DWIDTH 15 0
BBX 11 17 3 -4
BITMAP
0600
0600
0600
0000
0000
0600
0600
0C00
3800
7000
E000
C000
C060
C060
E1C0
7FC0
1F00
ENDCHAR
STARTCHAR Agrave
ENCODING 192
SWIDTH 625 0
DWIDTH 15 0
BBX 15 21 0 0
BITMAP
0700
0180
00C0
0000
0380
0380
0280
06C0
06C0
0C60
0C60
0820
1830
1830
3FF8
3FF8
3018
600C
600C
600C
C006
ENDCHAR
STARTCHAR Aacute
ENCODING 193
SWIDTH 625 0
DWIDTH 15 0
BBX 15 21 0 0
BITMAP
00E0
0180
0300
0000
0380
0380
0280
06C0
06C0
0C60
0C60
0820
1830
1830
3FF8
3FF8
3018
600C
600C
600C
C006
ENDCHAR
STARTCHAR Acircumflex
ENCODING 194
SWIDTH 625 0
DWIDTH 15 0
BBX 15 21 0 0
BITMAP
03C0
0660
0C30
0000
0380
0380
0280
06C0
06C0
0C60
0C60
0820
1830
1830
3FF8
3FF8
3018
600C
600C
600C
C006
ENDCHAR
STARTCHAR Atilde
ENCODING 195
SWIDTH 625 0
DWIDTH 15 0
BBX 15 21 0 0
BITMAP
0710
0FF0
08E0
0000
0380
0380
0280
06C0
06C0
0C60
0C60
0820
1830
1830
3FF8
3FF8
3018
600C
600C
600C
C006
ENDCHAR
STARTCHAR Adieresis
ENCODING 196
SWIDTH 625 0
DWIDTH 15 0
BBX 15 20 0 0
BITMAP
0C60
0C60
0000
0380
0380
0280
06C0
06C0
0C60
0C60
0820
1830
1830
3FF8
3FF8
3018
600C
600C
600C
C006
ENDCHAR
STARTCHAR Aring
ENCODING 197
SWIDTH 625 0
DWIDTH 15 0
BBX 15 22 0 0
BITMAP
03C0
0660
0420
0420
0660
03C0
0380
0280
06C0
06C0
0C60
0C60
0820
1830
1830
3FF8
3FF8
3018
600C
600C
600C
C006
ENDCHAR
STARTCHAR AE
ENCODING 198
SWIDTH 1000 0
DWIDTH 24 0
BBX 23 17 0 0
BITMAP
00FFFE
01FFFE
019800
039800
031800
071800
061800
0E1FFC
0C1FFC
0C1800
1FF800
1FF800
301800
301800
601800
601FFE
E01FFE
ENDCHAR
STARTCHAR Ccedilla
ENCODING 199
SWIDTH 708 0
DWIDTH 17 0
BBX 15 22 1 -5
BITMAP
07E0
1FF8
383C
700C
600C
C000
C000
C000
C000
C000
C000
E000
6004
700E
383C
1FF8
07E0
0100
0380
00C0
00C0
0380
ENDCHAR
STARTCHAR Egrave
ENCODING 200
SWIDTH 667 0
DWIDTH 16 0
BBX 13 21 2 0
BITMAP
1C00
0600
0300
0000
FFF8
FFF8
C000
C000
C000
C000
C000
FFF0
FFF0
C000
C000
C000
C000
C000
C000
FFF8
FFF8
ENDCHAR
STARTCHAR Eacute
ENCODING 201
SWIDTH 667 0
DWIDTH 16 0
BBX 13 21 2 0
BITMAP
01C0
0300
0600
0000
FFF8
FFF8
C000
C000
C000
C000
C000
FFF0
FFF0
C000
C000
C000
C000
C000
C000
FFF8
FFF8
ENDCHAR
STARTCHAR Ecircumflex
ENCODING 202
SWIDTH 667 0
DWIDTH 16 0
BBX 13 21 2 0
BITMAP
0780
0CC0
1860
0000
FFF8
FFF8
C000
C000
C000
C000
C000
FFF0
FFF0
C000
C000
C000
C000
C000
C000
FFF8
FFF8
ENDCHAR
STARTCHAR Edieresis
ENCODING 203
SWIDTH 667 0
DWIDTH 16 0
BBX 13 20 2 0
BITMAP
18C0
18C0
0000
FFF8
FFF8
C000
C000
C000
C000
C000
FFF0
FFF0
C000
C000
C000
C000
C000
C000
FFF8
FFF8
ENDCHAR
STARTCHAR Igrave
ENCODING 204
SWIDTH 250 0
DWIDTH 6 0
BBX 5 21 0 0
BITMAP
E0
30
18
00
30
30
30
30
30
30
30
30
30
30
30
30
30
30
30
30
30
ENDCHAR
STARTCHAR Iacute
ENCODING 205
SWIDTH 250 0
DWIDTH 6 0
BBX 5 21 2 0
BITMAP
38
60
C0
00
C0
C0
C0
C0
C0
C0
C0
C0
C0
C0
C0
C0
C0
C0
C0
C0
C0
ENDCHAR
STARTCHAR Icircumflex
ENCODING 206
SWIDTH 250 0
DWIDTH 6 0
BBX 8 21 -1 0
BITMAP
3C
66
C3
00
18
18
18
18
18
18
18
18
18
18
18
18
18
18
18
18
18
ENDCHAR
STARTCHAR Idieresis
ENCODING 207
SWIDTH 250 0
DWIDTH 6 0
BBX 7 20 0 0
BITMAP
C6
C6
00
30
30
30
30
30
30
30
30
30
30
30
30
30
30
30
30
30
ENDCHAR
STARTCHAR Eth
ENCODING 208
SWIDTH 708 0
DWIDTH 17 0
BBX 16 17 0 0
BITMAP
3FE0
3FF8
303C
300E
3006
3003
3003
FF83
FF83
3003
3003
3007
3006
300E
303C
3FF8
3FE0
ENDCHAR
STARTCHAR Ntilde
ENCODING 209
SWIDTH 708 0
DWIDTH 17 0
BBX 13 21 2 0
BITMAP
0E20
1FE0
11C0
0000
C018
E018
F018
F018
D818
DC18
CC18
C618
C718
C318
C198
C198
C0D8
C078
C078
C038
C018
ENDCHAR
STARTCHAR Ograve
ENCODING 210
SWIDTH 792 0
DWIDTH 19 0
BBX 17 21 1 0
BITMAP
038000
00C000
006000
000000
07F000
1FFC00
3C1E00
700700
600300
E00380
C00180
C00180
C00180
C00180
C00180
E00380
600300
700700
3C1E00
1FFC00
07F000
ENDCHAR
STARTCHAR Oacute
ENCODING 211
SWIDTH 792 0
DWIDTH 19 0
BBX 17 21 1 0
BITMAP
007000
00C000
018000
000000
07F000
1FFC00
3C1E00
700700
600300
E00380
C00180
C00180
C00180
C00180
C00180
E00380
600300
700700
3C1E00
1FFC00
07F000
ENDCHAR
STARTCHAR Ocircumflex
ENCODING 212
SWIDTH 792 0
DWIDTH 19 0
BBX 17 21 1 0
BITMAP
01E000
033000
061800
000000
07F000
1FFC00
3C1E00
700700
600300
E00380
C00180
C00180
C00180
C00180
C00180
E00380
600300
700700
3C1E00
1FFC00
07F000
ENDCHAR
STARTCHAR Otilde
ENCODING 213
SWIDTH 792 0
DWIDTH 19 0
BBX 17 21 1 0
BITMAP
038800
07F800
047000
000000
07F000
1FFC00
3C1E00
700700
600300
E00380
C00180
C00180
C00180
C00180
C00180
E00380
600300
700700
3C1E00
1FFC00
07F000
ENDCHAR
STARTCHAR Odieresis
ENCODING 214
SWIDTH 792 0
DWIDTH 19 0
BBX 17 20 1 0
BITMAP
063000
063000
000000
07F000
1FFC00
3C1E00
700700
600300
E00380
C00180
C00180
C00180
C00180
C00180
E00380
600300
700700
3C1E00
1FFC00
07F000
ENDCHAR
STARTCHAR multiply
ENCODING 215
SWIDTH 583 0
DWIDTH 14 0
BBX 11 11 2 3
BITMAP
4040
E0E0
71C0
3B80
1F00
0E00
1F00
3B80
71C0
E0E0
4040
ENDCHAR
STARTCHAR Oslash
ENCODING 216
SWIDTH 792 0
DWIDTH 19 0
BBX 17 17 1 0
BITMAP
07F380
1FFF00
3C1E00
700F00
601B00
E03B80
C07180
C0E180
C1C180
C38180
C70180
EE0380
6C0300
780700
3C1E00
7FFC00
E7F000
ENDCHAR
STARTCHAR Ugrave
ENCODING 217
SWIDTH 708 0
DWIDTH 17 0
BBX 13 21 2 0
BITMAP
0E00
0300
0180
0000
C018
C018
C018
C018
C018
C018
C018
C018
C018
C018
C018
C018
C018
6030
7070
3FE0
0F80
ENDCHAR
STARTCHAR Uacute
ENCODING 218
SWIDTH 708 0
DWIDTH 17 0
BBX 13 21 2 0
BITMAP
01C0
0300
0600
0000
C018
C018
C018
C018
C018
C018
C018
C018
C018
C018
C018
C018
C018
6030
7070
3FE0
0F80
ENDCHAR
STARTCHAR Ucircumflex
ENCODING 219
SWIDTH 708 0
DWIDTH 17 0
BBX 13 21 2 0
BITMAP
0780
0CC0
1860
0000
C018
C018
C018
C018
C018
C018
C018
C018
C018
C018
C018
C018
C018
6030
7070
3FE0
0F80
ENDCHAR
STARTCHAR Udieresis
ENCODING 220
SWIDTH 708 0
DWIDTH 17 0
BBX 13 20 2 0
BITMAP
18C0
18C0
0000
C018
C018
C018
C018
C018
C018
C018
C018
C018
C018
C018
C018
C018
6030
7070
3FE0
0F80
ENDCHAR
STARTCHAR Yacute
ENCODING 221
SWIDTH 667 0
DWIDTH 16 0
BBX 16 21 0 0
BITMAP
0070
00C0
0180
0000
E007
700E
300C
381C
1C38
0C30
0660
07E0
03C0
0180
0180
0180
0180
0180
0180
0180
0180
ENDCHAR
STARTCHAR Thorn
ENCODING 222
SWIDTH 667 0
DWIDTH 16 0
BBX 12 17 2 0
BITMAP
C000
C000
C000
FF80
FFE0
C060
C030
C030
C030
C030
C060
FFE0
FF80
C000
C000
C000
C000
ENDCHAR
STARTCHAR germandbls
ENCODING 223
SWIDTH 625 0
DWIDTH 15 0
BBX 12 17 2 0
BITMAP
1F00
7F80
61C0
C0C0
C0C0
C180
C380
C300
C300
C380
C1E0
C060
C030
C030
C830
CFE0
CFC0
ENDCHAR
STARTCHAR agrave
ENCODING 224
SWIDTH 542 0
DWIDTH 13 0
BBX 12 18 1 0
BITMAP
1C00
0C00
0600
0300
0000
3F00
7F80
E1C0
C0C0
00C0
3FC0
7FC0
E0C0
C0C0
C1C0
E3C0
7EF0
3C70
ENDCHAR
STARTCHAR aacute
ENCODING 225
SWIDTH 542 0
DWIDTH 13 0
BBX 12 18 1 0
BITMAP
0380
0300
0600
0C00
0000
3F00
7F80
E1C0
C0C0
00C0
3FC0
7FC0
E0C0
C0C0
C1C0
E3C0
7EF0
3C70
ENDCHAR
STARTCHAR acircumflex
ENCODING 226
SWIDTH 542 0
DWIDTH 13 0
BBX 12 18 1 0
BITMAP
1E00
1A00
3300
6180
0000
3F00
7F80
E1C0
C0C0
00C0
3FC0
7FC0
E0C0
C0C0
C1C0
E3C0
7EF0
3C70
ENDCHAR
STARTCHAR atilde
ENCODING 227
SWIDTH 542 0
DWIDTH 13 0
BBX 12 18 1 0
BITMAP
1840
3E40
27C0
2180
0000
3F00
7F80
E1C0
C0C0
00C0
3FC0
7FC0
E0C0
C0C0
C1C0
E3C0
7EF0
3C70
ENDCHAR
STARTCHAR adieresis
ENCODING 228
SWIDTH 542 0
DWIDTH 13 0
BBX 12 17 1 0
BITMAP
3180
3180
0000
0000
3F00
7F80
E1C0
C0C0
00C0
3FC0
7FC0
E0C0
C0C0
C1C0
E3C0
7EF0
3C70
ENDCHAR
STARTCHAR aring
ENCODING 229
SWIDTH 542 0
DWIDTH 13 0
BBX 12 20 1 0
BITMAP
0F00
1980
1080
1080
1980
0F00
0000
3F00
7F80
E1C0
C0C0
00C0
3FC0
7FC0
E0C0
C0C0
C1C0
E3C0
7EF0
3C70
ENDCHAR
STARTCHAR ae
ENCODING 230
SWIDTH 875 0
DWIDTH 21 0
BBX 19 13 1 0
BITMAP
3F1F00
7FBF80
E1E0C0
C0C060
00C060
3FFFE0
7FFFE0
E0C000
C0C000
C1E060
E370E0
7E3FC0
3C1F00
ENDCHAR
STARTCHAR ccedilla
ENCODING 231
SWIDTH 500 0
DWIDTH 12 0
BBX 10 18 1 -5
BITMAP
1F00
3F80
61C0
C0C0
C000
C000
C000
C000
C000
E0C0
61C0
3F80
1F00
0400
0E00
0300
0300
0E00
ENDCHAR
STARTCHAR egrave
ENCODING 232
SWIDTH 542 0
DWIDTH 13 0
BBX 11 18 1 0
BITMAP
1C00
0C00
0600
0300
0000
1F00
3F80
60C0
C060
C060
FFE0
FFE0
C000
C000
E060
70E0
3FC0
1F00
ENDCHAR
STARTCHAR eacute
ENCODING 233
SWIDTH 542 0
DWIDTH 13 0
BBX 11 18 1 0
BITMAP
0380
0300
0600
0C00
0000
1F00
3F80
60C0
C060
C060
FFE0
FFE0
C000
C000
E060
70E0
3FC0
1F00
ENDCHAR
STARTCHAR ecircumflex
ENCODING 234
SWIDTH 542 0
DWIDTH 13 0
BBX 11 18 1 0
BITMAP
0F00
0D00
1980
30C0
0000
1F00
3F80
60C0
C060
C060
FFE0
FFE0
C000
C000
E060
70E0
3FC0
1F00
ENDCHAR
STARTCHAR edieresis
ENCODING 235
SWIDTH 542 0
DWIDTH 13 0
BBX 11 17 1 0
BITMAP
3180
3180
0000
0000
1F00
3F80
60C0
C060
C060
FFE0
FFE0
C000
C000
E060
70E0
3FC0
1F00
ENDCHAR
STARTCHAR igrave
ENCODING 236
SWIDTH 250 0
DWIDTH 6 0
BBX 5 18 0 0
BITMAP
E0
60
30
18
00
30
30
30
30
30
30
30
30
30
30
30
30
30
ENDCHAR
STARTCHAR iacute
ENCODING 237
SWIDTH 250 0
DWIDTH 6 0
BBX 5 18 1 0
BITMAP
38
30
60
C0
00
60
60
60
60
60
60
60
60
60
60
60
60
60
ENDCHAR
STARTCHAR icircumflex
ENCODING 238
SWIDTH 250 0
DWIDTH 6 0
BBX 8 18 -1 0
BITMAP
3C
34
66
C3
00
18
18
18
18
18
18
18
18
18
18
18
18
18
ENDCHAR
STARTCHAR idieresis
ENCODING 239
SWIDTH 250 0
DWIDTH 6 0
BBX 7 17 0 0
BITMAP
C6
C6
00
00
30
30
30
30
30
30
30
30
30
30
30
30
30
ENDCHAR
STARTCHAR eth
ENCODING 240
SWIDTH 542 0
DWIDTH 13 0
BBX 11 17 1 0
BITMAP
1880
0F00
1E00
2300
0180
00C0
1FC0
7FC0
60E0
C060
C060
C060
C060
C060
60C0
7FC0
1F00
ENDCHAR
STARTCHAR ntilde
ENCODING 241
SWIDTH 583 0
DWIDTH 14 0
BBX 10 18 2 0
BITMAP
3080
7C80
4F80
4300
0000
CF00
DF80
E1C0
E0C0
C0C0
C0C0
C0C0
C0C0
C0C0
C0C0
C0C0
C0C0
C0C0
ENDCHAR
STARTCHAR ograve
ENCODING 242
SWIDTH 542 0
DWIDTH 13 0
BBX 11 18 1 0
BITMAP
1C00
0C00
0600
0300
0000
1F00
7FC0
60C0
E0E0
C060
C060
C060
C060
C060
E0E0
60C0
3F80
1F00
ENDCHAR
STARTCHAR oacute
ENCODING 243
SWIDTH 542 0
DWIDTH 13 0
BBX 11 18 1 0
BITMAP
0380
0300
0600
0C00
0000
1F00
7FC0
60C0
E0E0
C060
C060
C060
C060
C060
E0E0
60C0
3F80
1F00
ENDCHAR
STARTCHAR ocircumflex
ENCODING 244
SWIDTH 542 0
DWIDTH 13 0
BBX 11 18 1 0
BITMAP
0F00
0D00
1980
30C0
0000
1F00
7FC0
60C0
E0E0
C060
C060
C060
C060
C060
E0E0
60C0
3F80
1F00
ENDCHAR
STARTCHAR otilde
ENCODING 245
SWIDTH 542 0
DWIDTH 13 0
BBX 11 18 1 0
BITMAP
1840
3E40
27C0
2180
0000
1F00
7FC0
60C0
E0E0
C060
C060
C060
C060
C060
E0E0
60C0
3F80
1F00
ENDCHAR
STARTCHAR odieresis
ENCODING 246
SWIDTH 542 0
DWIDTH 13 0
BBX 11 17 1 0
BITMAP
3180
3180
0000
0000
1F00
7FC0
60C0
E0E0
C060
C060
C060
C060
C060
E0E0
60C0
3F80
1F00
ENDCHAR
STARTCHAR divide
ENCODING 247
SWIDTH 542 0
DWIDTH 13 0
BBX 11 12 1 2
BITMAP
0600
0600
0000
0000
0000
FFE0
FFE0
0000
0000
0000
0600
0600
ENDCHAR
STARTCHAR oslash
ENCODING 248
SWIDTH 625 0
DWIDTH 15 0
BBX 13 13 1 0
BITMAP
0F98
3FF0
3060
70F0
61B0
6330
6630
6C30
6C30
7870
3060
7FC0
CF80
ENDCHAR
STARTCHAR ugrave
ENCODING 249
SWIDTH 583 0
DWIDTH 14 0
BBX 10 18 2 0
BITMAP
1C00
0C00
0600
0300
0000
C0C0
C0C0
C0C0
C0C0
C0C0
C0C0
C0C0
C0C0
C0C0
C1C0
E1C0
7EC0
3CC0
ENDCHAR
STARTCHAR uacute
ENCODING 250
SWIDTH 583 0
DWIDTH 14 0
BBX 10 18 2 0
BITMAP
0700
0600
0C00
1800
0000
C0C0
C0C0
C0C0
C0C0
C0C0
C0C0
C0C0
C0C0
C0C0
C1C0
E1C0
7EC0
3CC0
ENDCHAR
STARTCHAR ucircumflex
ENCODING 251
SWIDTH 583 0
DWIDTH 14 0
BBX 10 18 2 0
BITMAP
1E00
1A00
3300
6180
0000
C0C0
C0C0
C0C0
C0C0
C0C0
C0C0
C0C0
C0C0
C0C0
C1C0
E1C0
7EC0
3CC0
ENDCHAR
STARTCHAR udieresis
ENCODING 252
SWIDTH 583 0
DWIDTH 14 0
BBX 10 17 2 0
BITMAP
3180
3180
0000
0000
C0C0
C0C0
C0C0
C0C0
C0C0
C0C0
C0C0
C0C0
C0C0
C1C0
E1C0
7EC0
3CC0
ENDCHAR
STARTCHAR yacute
ENCODING 253
SWIDTH 500 0
DWIDTH 12 0
BBX 12 23 0 -5
BITMAP
0380
0300
0600
0C00
0000
C030
E070
6060
6060
30C0
30C0
38C0
1980
1980
0F00
0F00
0F00
0600
0600
0C00
1C00
7800
7000
ENDCHAR
STARTCHAR thorn
ENCODING 254
SWIDTH 542 0
DWIDTH 13 0
BBX 10 22 2 -5
BITMAP
C000
C000
C000
C000
CF00
DF80
E180
E0C0
C0C0
C0C0
C0C0
C0C0
C0C0
E0C0
E180
DF80
CF00
C000
C000
C000
C000
C000
ENDCHAR
STARTCHAR ydieresis
ENCODING 255
SWIDTH 500 0
DWIDTH 12 0
BBX 12 22 0 -5
BITMAP
18C0
18C0
0000
0000
C030
E070
6060
6060
30C0
30C0
38C0
1980
1980
0F00
0F00
0F00
0600
0600
0C00
1C00
7800
7000
ENDCHAR
STARTCHAR Amacron
ENCODING 256
SWIDTH 625 0
DWIDTH 15 0
BBX 15 21 0 0
BITMAP
0FE0
0FE0
0000
0000
0380
0380
0280
06C0
06C0
0C60
0C60
0820
1830
1830
3FF8
3FF8
3018
600C
600C
600C
C006
ENDCHAR
STARTCHAR amacron
ENCODING 257
SWIDTH 542 0
DWIDTH 13 0
BBX 12 17 1 0
BITMAP
3F80
3F80
0000
0000
3F00
7F80
E1C0
C0C0
00C0
3FC0
7FC0
E0C0
C0C0
C1C0
E3C0
7EF0
3C70
ENDCHAR
STARTCHAR Abreve
ENCODING 258
SWIDTH 625 0
DWIDTH 15 0
BBX 15 21 0 0
BITMAP
0C30
07E0
03C0
0000
0380
0380
0280
06C0
06C0
0C60
0C60
0820
1830
1830
3FF8
3FF8
3018
600C
600C
600C
C006
ENDCHAR
STARTCHAR abreve
ENCODING 259
SWIDTH 542 0
DWIDTH 13 0
BBX 12 18 1 0
BITMAP
30C0
30C0
1F80
0F00
0000
3F00
7F80
E1C0
C0C0
00C0
3FC0
7FC0
E0C0
C0C0
C1C0
E3C0
7EF0
3C70
ENDCHAR
STARTCHAR Aogonek
ENCODING 260
SWIDTH 625 0
DWIDTH 15 0
BBX 15 22 0 -5
BITMAP
0380
0380
0280
06C0
06C0
0C60
0C60
0820
1830
1830
3FF8
3FF8
3018
600C
600C
600C
C006
000C
0018
0018
0018
000E
ENDCHAR
STARTCHAR aogonek
ENCODING 261
SWIDTH 542 0
DWIDTH 13 0
BBX 12 18 1 -5
BITMAP
3F00
7F80
E1C0
C0C0
00C0
3FC0
7FC0
E0C0
C0C0
C1C0
E3C0
7EF0
3C70
0060
00C0
00C0
00C0
0070
ENDCHAR
STARTCHAR Cacute
ENCODING 262
SWIDTH 708 0
DWIDTH 17 0
BBX 15 21 1 0
BITMAP
0070
00C0
0180
0000
07E0
1FF8
383C
700C
600C
C000
C000
C000
C000
C000
C000
E000
6004
700E
383C
1FF8
07E0
ENDCHAR
STARTCHAR cacute
ENCODING 263
SWIDTH 500 0
DWIDTH 12 0
BBX 10 18 1 0
BITMAP
0380
0300
0600
0C00
0000
1F00
3F80
61C0
C0C0
C000
C000
C000
C000
C000
E0C0
61C0
3F80
1F00
ENDCHAR
STARTCHAR Ccircumflex
ENCODING 264
SWIDTH 708 0
DWIDTH 17 0
BBX 15 21 1 0
BITMAP
03C0
0660
0C30
0000
07E0
1FF8
383C
700C
600C
C000
C000
C000
C000
C000
C000
E000
6004
700E
383C
1FF8
07E0
ENDCHAR
STARTCHAR ccircumflex
ENCODING 265
SWIDTH 500 0
DWIDTH 12 0
BBX 10 18 1 0
BITMAP
1E00
1A00
3300
6180
0000
1F00
3F80
61C0
C0C0
C000
C000
C000
C000
C000
E0C0
61C0
3F80
1F00
ENDCHAR
STARTCHAR Cdotaccent
ENCODING 266
SWIDTH 708 0
DWIDTH 17 0
BBX 15 20 1 0
BITMAP
0180
0180
0000
07E0
1FF8
383C
700C
600C
C000
C000
C000
C000
C000
C000
E000
6004
700E
383C
1FF8
07E0
ENDCHAR
STARTCHAR cdotaccent
ENCODING 267
SWIDTH 500 0
DWIDTH 12 0
BBX 10 17 1 0
BITMAP
0C00
0C00
0000
0000
1F00
3F80
61C0
C0C0
C000
C000
C000
C000
C000
E0C0
61C0
3F80
1F00
ENDCHAR
STARTCHAR Ccaron
ENCODING 268
SWIDTH 708 0
DWIDTH 17 0
BBX 15 21 1 0
BITMAP
0C30
0660
03C0
0000
07E0
1FF8
383C
700C
600C
C000
C000
C000
C000
C000
C000
E000
6004
700E
383C
1FF8
07E0
ENDCHAR
STARTCHAR ccaron
ENCODING 269
SWIDTH 500 0
DWIDTH 12 0
BBX 10 18 1 0
BITMAP
6180
3300
1A00
1E00
0000
1F00
3F80
61C0
C0C0
C000
C000
C000
C000
C000
E0C0
61C0
3F80
1F00
ENDCHAR
STARTCHAR Dcaron
ENCODING 270
SWIDTH 708 0
DWIDTH 17 0
BBX 14 21 2 0
BITMAP
30C0
1980
0F00
0000
FF80
FFE0
C0F0
C038
C018
C00C
C00C
C00C
C00C
C00C
C00C
C01C
C018
C038
C0F0
FFE0
FF80
ENDCHAR
STARTCHAR dcaron
ENCODING 271
SWIDTH 625 0
DWIDTH 15 0
BBX 14 17 1 0
BITMAP
006C
006C
0064
0068
1E60
7F60
61E0
E0E0
C060
C060
C060
C060
C060
C0E0
61E0
7F60
3E60
ENDCHAR
STARTCHAR Dcroat
ENCODING 272
SWIDTH 708 0
DWIDTH 17 0
BBX 16 17 0 0
BITMAP
3FE0
3FF8
303C
300E
3006
3003
3003
FF83
FF83
3003
3003
3007
3006
300E
303C
3FF8
3FE0
ENDCHAR
STARTCHAR dcroat
ENCODING 273
SWIDTH 542 0
DWIDTH 13 0
BBX 12 17 1 0
BITMAP
00C0
07F0
07F0
00C0
3CC0
7EC0
61C0
C1C0
C0C0
C0C0
C0C0
C0C0
C0C0
C1C0
61C0
7EC0
3CC0
ENDCHAR
STARTCHAR Emacron
ENCODING 274
SWIDTH 667 0
DWIDTH 16 0
BBX 13 21 2 0
BITMAP
1FC0
1FC0
0000
0000
FFF8
FFF8
C000
C000
C000
C000
C000
FFF0
FFF0
C000
C000
C000
C000
C000
C000
FFF8
FFF8
ENDCHAR
STARTCHAR emacron
ENCODING 275
SWIDTH 542 0
DWIDTH 13 0
BBX 11 17 1 0
BITMAP
3F80
3F80
0000
0000
1F00
3F80
60C0
C060
C060
FFE0
FFE0
C000
C000
E060
70E0
3FC0
1F00
ENDCHAR
STARTCHAR Ebreve
ENCODING 276
SWIDTH 667 0
DWIDTH 16 0
BBX 13 21 2 0
BITMAP
30C0
1F80
0F00
0000
FFF8
FFF8
C000
C000
C000
C000
C000
FFF0
FFF0
C000
C000
C000
C000
C000
C000
FFF8
FFF8
ENDCHAR
STARTCHAR ebreve
ENCODING 277
SWIDTH 542 0
DWIDTH 13 0
BBX 11 18 1 0
BITMAP
30C0
30C0
1F80
0F00
0000
1F00
3F80
60C0
C060
C060
FFE0
FFE0
C000
C000
E060
70E0
3FC0
1F00
ENDCHAR
STARTCHAR Edotaccent
ENCODING 278
SWIDTH 667 0
DWIDTH 16 0
BBX 13 20 2 0
BITMAP
0300
0300
0000
FFF8
FFF8
C000
C000
C000
C000
C000
FFF0
FFF0
C000
C000
C000
C000
C000
C000
FFF8
FFF8
ENDCHAR
STARTCHAR edotaccent
ENCODING 279
SWIDTH 542 0
DWIDTH 13 0
BBX 11 17 1 0
BITMAP
0600
0600
0000
0000
1F00
3F80
60C0
C060
C060
FFE0
FFE0
C000
C000
E060
70E0
3FC0
1F00
ENDCHAR
STARTCHAR Eogonek
ENCODING 280
SWIDTH 667 0
DWIDTH 16 0
BBX 13 22 2 -5
BITMAP
FFF8
FFF8
C000
C000
C000
C000
C000
FFF0
FFF0
C000
C000
C000
C000
C000
C000
FFF8
FFF8
0030
0060
0060
0060
0038
ENDCHAR
STARTCHAR eogonek
ENCODING 281
SWIDTH 542 0
DWIDTH 13 0
BBX 11 18 1 -5
BITMAP
1F00
3F80
60C0
C060
C060
FFE0
FFE0
C000
C000
E060
70E0
3FC0
1F00
0600
0C00
0C00
0C00
0700
ENDCHAR
STARTCHAR Ecaron
ENCODING 282
SWIDTH 667 0
DWIDTH 16 0
BBX 13 21 2 0
BITMAP
30C0
1980
0F00
0000
FFF8
FFF8
C000
C000
C000
C000
C000
FFF0
FFF0
C000
C000
C000
C000
C000
C000
FFF8
FFF8
ENDCHAR
STARTCHAR ecaron
ENCODING 283
SWIDTH 542 0
DWIDTH 13 0
BBX 11 18 1 0
BITMAP
30C0
1980
0D00
0F00
0000
1F00
3F80
60C0
C060
C060
FFE0
FFE0
C000
C000
E060
70E0
3FC0
1F00
ENDCHAR
STARTCHAR Gcircumflex
ENCODING 284
SWIDTH 792 0
DWIDTH 19 0
BBX 16 21 1 0
BITMAP
01E0
0330
0618
0000
07F0
1FFC
381E
7007
6006
C000
C000
C000
C000
C07F
C07F
E003
6003
7003
3C0F
1FFC
07F0
ENDCHAR
STARTCHAR gcircumflex
ENCODING 285
SWIDTH 583 0
DWIDTH 14 0
BBX 11 23 1 -5
BITMAP
0F00
0D00
1980
30C0
0000
1E60
7F60
61E0
E0E0
C060
C060
C060
C060
C060
C0E0
61E0
7F60
3E60
0060
0060
E0C0
7FC0
3F00
ENDCHAR
STARTCHAR Gbreve
ENCODING 286
SWIDTH 792 0
DWIDTH 19 0
BBX 16 21 1 0
BITMAP
0618
03F0
01E0
0000
07F0
1FFC
381E
7007
6006
C000
C000
C000
C000
C07F
C07F
E003
6003
7003
3C0F
1FFC
07F0
ENDCHAR
STARTCHAR gbreve
ENCODING 287
SWIDTH 583 0
DWIDTH 14 0
BBX 11 23 1 -5
BITMAP
30C0
30C0
1F80
0F00
0000
1E60
7F60
61E0
E0E0
C060
C060
C060
C060
C060
C0E0
61E0
7F60
3E60
0060
0060
E0C0
7FC0
3F00
ENDCHAR
STARTCHAR Gdotaccent
ENCODING 288
SWIDTH 792 0
DWIDTH 19 0
BBX 16 20 1 0
BITMAP
00C0
00C0
0000
07F0
1FFC
381E
7007
6006
C000
C000
C000
C000
C07F
C07F
E003
6003
7003
3C0F
1FFC
07F0
ENDCHAR
STARTCHAR gdotaccent
ENCODING 289
SWIDTH 583 0
DWIDTH 14 0
BBX 11 22 1 -5
BITMAP
0600
0600
0000
0000
1E60
7F60
61E0
E0E0
C060
C060
C060
C060
C060
C0E0
61E0
7F60
3E60
0060
0060
E0C0
7FC0
3F00
ENDCHAR
STARTCHAR Gcommaaccent
ENCODING 290
SWIDTH 792 0
DWIDTH 19 0
BBX 16 22 1 -5
BITMAP
07F0
1FFC
381E
7007
6006
C000
C000
C000
C000
C07F
C07F
E003
6003
7003
3C0F
1FFC
07F0
0000
00C0
00C0
0040
0080
ENDCHAR
STARTCHAR gcommaaccent
ENCODING 291
SWIDTH 542 0
DWIDTH 13 0
BBX 11 23 1 -5
BITMAP
0200
0400
0600
0600
0000
1E60
7F60
61E0
E0E0
C060
C060
C060
C060
C060
C0E0
61E0
7F60
3E60
0060
0060
E0C0
7FC0
3F00
ENDCHAR
STARTCHAR Hcircumflex
ENCODING 292
SWIDTH 708 0
DWIDTH 17 0
BBX 13 21 2 0
BITMAP
0780
0CC0
1860
0000
C018
C018
C018
C018
C018
C018
C018
FFF8
FFF8
C018
C018
C018
C018
C018
C018
C018
C018
ENDCHAR
STARTCHAR hcircumflex
ENCODING 293
SWIDTH 583 0
DWIDTH 14 0
BBX 10 22 2 0
BITMAP
1E00
3300
6180
0000
0000
C000
C000
C000
C000
CF00
DF80
F1C0
E0C0
C0C0
C0C0
C0C0
C0C0
C0C0
C0C0
C0C0
C0C0
C0C0
ENDCHAR
STARTCHAR Hbar
ENCODING 294
SWIDTH 708 0
DWIDTH 17 0
BBX 17 17 0 0
BITMAP
300600
300600
300600
FFFF80
FFFF80
300600
300600
3FFE00
3FFE00
300600
300600
300600
300600
300600
300600
300600
300600
ENDCHAR
STARTCHAR hbar
ENCODING 295
SWIDTH 583 0
DWIDTH 14 0
BBX 12 17 0 0
BITMAP
3000
FF00
FF00
3000
33C0
37E0
3C70
3830
3030
3030
3030
3030
3030
3030
3030
3030
3030
ENDCHAR
STARTCHAR Itilde
ENCODING 296
SWIDTH 250 0
DWIDTH 6 0
BBX 8 21 -1 0
BITMAP
71
FF
8E
00
18
18
18
18
18
18
18
18
18
18
18
18
18
18
18
18
18
ENDCHAR
STARTCHAR itilde
ENCODING 297
SWIDTH 250 0
DWIDTH 6 0
BBX 8 18 -1 0
BITMAP
61
F9
9F
86
00
18
18
18
18
18
18
18
18
18
18
18
18
18
ENDCHAR
STARTCHAR Imacron
ENCODING 298
SWIDTH 250 0
DWIDTH 6 0
BBX 7 21 0 0
BITMAP
FE
FE
00
00
30
30
30
30
30
30
30
30
30
30
30
30
30
30
30
30
30
ENDCHAR
STARTCHAR imacron
ENCODING 299
SWIDTH 250 0
DWIDTH 6 0
BBX 7 17 0 0
BITMAP
FE
FE
00
00
30
30
30
30
30
30
30
30
30
30
30
30
30
ENDCHAR
STARTCHAR Ibreve
ENCODING 300
SWIDTH 250 0
DWIDTH 6 0
BBX 8 21 -1 0
BITMAP
C3
7E
3C
00
18
18
18
18
18
18
18
18
18
18
18
18
18
18
18
18
18
ENDCHAR
STARTCHAR ibreve
ENCODING 301
SWIDTH 250 0
DWIDTH 6 0
BBX 8 18 -1 0
BITMAP
C3
C3
7E
3C
00
18
18
18
18
18
18
18
18
18
18
18
18
18
ENDCHAR
STARTCHAR Iogonek
ENCODING 302
SWIDTH 250 0
DWIDTH 6 0
BBX 4 22 1 -5
BITMAP
60
60
60
60
60
60
60
60
60
60
60
60
60
60
60
60
60
60
C0
C0
C0
70
ENDCHAR
STARTCHAR iogonek
ENCODING 303
SWIDTH 208 0
DWIDTH 5 0
BBX 4 22 0 -5
BITMAP
60
60
00
00
60
60
60
60
60
60
60
60
60
60
60
60
60
60
C0
C0
C0
70
ENDCHAR
STARTCHAR Idotaccent
ENCODING 304
SWIDTH 250 0
DWIDTH 6 0
BBX 2 20 2 0
BITMAP
C0
C0
00
C0
C0
C0
C0
C0
C0
C0
C0
C0
C0
C0
C0
C0
C0
C0
C0
C0
ENDCHAR
STARTCHAR dotlessi
ENCODING 305
SWIDTH 250 0
DWIDTH 6 0
BBX 2 13 2 0
BITMAP
C0
C0
C0
C0
C0
C0
C0
C0
C0
C0
C0
C0
C0
ENDCHAR
STARTCHAR IJ
ENCODING 306
SWIDTH 750 0
DWIDTH 18 0
BBX 14 17 2 0
BITMAP
C0FC
C0FC
C00C
C00C
C00C
C00C
C00C
C00C
C00C
C00C
C00C
C00C
CC0C
CE0C
C718
C7F8
C1E0
ENDCHAR
STARTCHAR ij
ENCODING 307
SWIDTH 458 0
DWIDTH 11 0
BBX 8 22 1 -5
BITMAP
C3
C3
00
00
C3
C3
C3
C3
C3
C3
C3
C3
C3
C3
C3
C3
C3
03
03
03
0F
0E
ENDCHAR
STARTCHAR Jcircumflex
ENCODING 308
SWIDTH 500 0
DWIDTH 12 0
BBX 11 21 0 0
BITMAP
0780
0CC0
1860
0000
0FC0
0FC0
00C0
00C0
00C0
00C0
00C0
00C0
00C0
00C0
00C0
00C0
C0C0
E0C0
7180
7F80
1E00
ENDCHAR
STARTCHAR jcircumflex
ENCODING 309
SWIDTH 250 0
DWIDTH 6 0
BBX 8 23 -1 -5
BITMAP
3C
34
66
C3
00
18
18
18
18
18
18
18
18
18
18
18
18
18
18
18
18
78
70
ENDCHAR
STARTCHAR Kcommaaccent
ENCODING 310
SWIDTH 667 0
DWIDTH 16 0
BBX 14 22 2 -5
BITMAP
C038
C070
C0E0
C1C0
C380
C700
CE00
DC00
FE00
E700
C300
C180
C0C0
C0E0
C070
C038
C01C
0000
0300
0300
0100
0200
ENDCHAR
STARTCHAR kcommaaccent
ENCODING 311
SWIDTH 500 0
DWIDTH 12 0
BBX 10 22 2 -5
BITMAP
C000
C000
C000
C000
C1C0
C380
C700
C600
CC00
D800
FC00
EC00
C600
C700
C300
C180
C1C0
0000
0C00
0C00
0400
0800
ENDCHAR
STARTCHAR kgreenlandic
ENCODING 312
SWIDTH 500 0
DWIDTH 12 0
BBX 10 13 2 0
BITMAP
C1C0
C380
C700
C600
CC00
D800
FC00
EC00
C600
C700
C300
C180
C1C0
ENDCHAR
STARTCHAR Lacute
ENCODING 313
SWIDTH 542 0
DWIDTH 13 0
BBX 10 21 2 0
BITMAP
1C00
3000
6000
0000
C000
C000
C000
C000
C000
C000
C000
C000
C000
C000
C000
C000
C000
C000
C000
FFC0
FFC0
ENDCHAR
STARTCHAR lacute
ENCODING 314
SWIDTH 250 0
DWIDTH 6 0
BBX 5 22 2 0
BITMAP
38
60
C0
00
00
C0
C0
C0
C0
C0
C0
C0
C0
C0
C0
C0
C0
C0
C0
C0
C0
C0
ENDCHAR
STARTCHAR Lcommaaccent
ENCODING 315
SWIDTH 542 0
DWIDTH 13 0
BBX 10 22 2 -5
BITMAP
C000
C000
C000
C000
C000
C000
C000
C000
C000
C000
C000
C000
C000
C000
C000
FFC0
FFC0
0000
0C00
0C00
0400
0800
ENDCHAR
STARTCHAR lcommaaccent
ENCODING 316
SWIDTH 250 0
DWIDTH 6 0
BBX 2 22 2 -5
BITMAP
C0
C0
C0
C0
C0
C0
C0
C0
C0
C0
C0
C0
C0
C0
C0
C0
C0
00
C0
C0
40
80
ENDCHAR
STARTCHAR Lcaron
ENCODING 317
SWIDTH 542 0
DWIDTH 13 0
BBX 10 17 2 0
BITMAP
C300
C300
C100
C200
C000
C000
C000
C000
C000
C000
C000
C000
C000
C000
C000
FFC0
FFC0
ENDCHAR
STARTCHAR lcaron
ENCODING 318
SWIDTH 292 0
DWIDTH 7 0
BBX 6 17 2 0
BITMAP
CC
CC
C4
C8
C0
C0
C0
C0
C0
C0
C0
C0
C0
C0
C0
C0
C0
ENDCHAR
STARTCHAR Ldot
ENCODING 319
SWIDTH 542 0
DWIDTH 13 0
BBX 10 17 2 0
BITMAP
C000
C000
C000
C000
C000
C000
C000
C600
C600
C000
C000
C000
C000
C000
C000
FFC0
FFC0
ENDCHAR
STARTCHAR ldot
ENCODING 320
SWIDTH 333 0
DWIDTH 8 0
BBX 6 17 2 0
BITMAP
C0
C0
C0
C0
C0
C0
C0
CC
CC
C0
C0
C0
C0
C0
C0
C0
C0
ENDCHAR
STARTCHAR Lslash
ENCODING 321
SWIDTH 542 0
DWIDTH 13 0
BBX 12 17 0 0
BITMAP
3000
3000
3000
3000
3000
3200
3E00
3C00
7000
F000
B000
3000
3000
3000
3000
3FF0
3FF0
ENDCHAR
STARTCHAR lslash
ENCODING 322
SWIDTH 250 0
DWIDTH 6 0
BBX 4 17 1 0
BITMAP
60
60
60
60
60
60
60
60
70
F0
E0
60
60
60
60
60
60
ENDCHAR
STARTCHAR Nacute
ENCODING 323
SWIDTH 708 0
DWIDTH 17 0
BBX 13 21 2 0
BITMAP
01C0
0300
0600
0000
C018
E018
F018
F018
D818
DC18
CC18
C618
C718
C318
C198
C198
C0D8
C078
C078
C038
C018
ENDCHAR
STARTCHAR nacute
ENCODING 324
SWIDTH 583 0
DWIDTH 14 0
BBX 10 18 2 0
BITMAP
0380
0300
0600
0C00
0000
CF00
DF80
E1C0
E0C0
C0C0
C0C0
C0C0
C0C0
C0C0
C0C0
C0C0
C0C0
C0C0
ENDCHAR
STARTCHAR Ncommaaccent
ENCODING 325
SWIDTH 708 0
DWIDTH 17 0
BBX 13 22 2 -5
BITMAP
C018
E018
F018
F018
D818
DC18
CC18
C618
C718
C318
C198
C198
C0D8
C078
C078
C038
C018
0000
0300
0300
0100
0200
ENDCHAR
STARTCHAR ncommaaccent
ENCODING 326
SWIDTH 583 0
DWIDTH 14 0
BBX 10 18 2 -5
BITMAP
CF00
DF80
E1C0
E0C0
C0C0
C0C0
C0C0
C0C0
C0C0
C0C0
C0C0
C0C0
C0C0
0000
0C00
0C00
0400
0800
ENDCHAR
STARTCHAR Ncaron
ENCODING 327
SWIDTH 708 0
DWIDTH 17 0
BBX 13 21 2 0
BITMAP
1860
0CC0
0780
0000
C018
E018
F018
F018
D818
DC18
CC18
C618
C718
C318
C198
C198
C0D8
C078
C078
C038
C018
ENDCHAR
STARTCHAR ncaron
ENCODING 328
SWIDTH 583 0
DWIDTH 14 0
BBX 10 18 2 0
BITMAP
6180
3300
1A00
1E00
0000
CF00
DF80
E1C0
E0C0
C0C0
C0C0
C0C0
C0C0
C0C0
C0C0
C0C0
C0C0
C0C0
ENDCHAR
STARTCHAR napostrophe
ENCODING 329
SWIDTH 625 0
DWIDTH 15 0
BBX 13 17 0 0
BITMAP
C000
C000
C000
4000
59E0
9BF0
1C38
1C18
1818
1818
1818
1818
1818
1818
1818
1818
1818
ENDCHAR
STARTCHAR Eng
ENCODING 330
SWIDTH 708 0
DWIDTH 17 0
BBX 13 17 2 0
BITMAP
C7C0
DFF0
D870
E038
E018
C018
C018
C018
C018
C018
C018
C018
C018
C018
C238
C7F0
C3E0
ENDCHAR
STARTCHAR eng
ENCODING 331
SWIDTH 542 0
DWIDTH 13 0
BBX 10 18 2 -5
BITMAP
CF00
DF80
E1C0
E0C0
C0C0
C0C0
C0C0
C0C0
C0C0
C0C0
C0C0
C0C0
C0C0
00C0
00C0
00C0
03C0
0380
ENDCHAR
STARTCHAR Omacron
ENCODING 332
SWIDTH 792 0
DWIDTH 19 0
BBX 17 21 1 0
BITMAP
07F000
07F000
000000
000000
07F000
1FFC00
3C1E00
700700
600300
E00380
C00180
C00180
C00180
C00180
C00180
E00380
600300
700700
3C1E00
1FFC00
07F000
ENDCHAR
STARTCHAR omacron
ENCODING 333
SWIDTH 542 0
DWIDTH 13 0
BBX 11 17 1 0
BITMAP
3F80
3F80
0000
0000
1F00
7FC0
60C0
E0E0
C060
C060
C060
C060
C060
E0E0
60C0
3F80
1F00
ENDCHAR
STARTCHAR Obreve
ENCODING 334
SWIDTH 792 0
DWIDTH 19 0
BBX 17 21 1 0
BITMAP
061800
03F000
01E000
000000
07F000
1FFC00
3C1E00
700700
600300
E00380
C00180
C00180
C00180
C00180
C00180
E00380
600300
700700
3C1E00
1FFC00
07F000
ENDCHAR
STARTCHAR obreve
ENCODING 335
SWIDTH 542 0
DWIDTH 13 0
BBX 11 18 1 0
BITMAP
30C0
30C0
1F80
0F00
0000
1F00
7FC0
60C0
E0E0
C060
C060
C060
C060
C060
E0E0
60C0
3F80
1F00
ENDCHAR
STARTCHAR Ohungarumlaut
ENCODING 336
SWIDTH 792 0
DWIDTH 19 0
BBX 17 21 1 0
BITMAP
01DC00
033000
066000
000000
07F000
1FFC00
3C1E00
700700
600300
E00380
C00180
C00180
C00180
C00180
C00180
E00380
600300
700700
3C1E00
1FFC00
07F000
ENDCHAR
STARTCHAR ohungarumlaut
ENCODING 337
SWIDTH 542 0
DWIDTH 13 0
BBX 11 18 1 0
BITMAP
0EE0
0CC0
1980
3300
0000
1F00
7FC0
60C0
E0E0
C060
C060
C060
C060
C060
E0E0
60C0
3F80
1F00
ENDCHAR
STARTCHAR OE
ENCODING 338
SWIDTH 1000 0
DWIDTH 24 0
BBX 22 17 1 0
BITMAP
07FFFC
1FFFFC
383000
703000
603000
C03000
C03000
C03FF8
C03FF8
C03000
C03000
E03000
603000
703000
3C3000
1FFFFC
07FFFC
ENDCHAR
STARTCHAR oe
ENCODING 339
SWIDTH 958 0
DWIDTH 23 0
BBX 21 13 1 0
BITMAP
1F0FC0
3FDFE0
70F870
E0E018
C06018
C07FF8
C07FF8
C06000
C06000
E0F018
70F838
3FDFF0
1F0FC0
ENDCHAR
STARTCHAR Racute
ENCODING 340
SWIDTH 708 0
DWIDTH 17 0
BBX 14 21 2 0
BITMAP
01C0
0300
0600
0000
FFC0
FFF0
C030
C018
C018
C018
C018
C030
FFF0
FFC0
C1C0
C0C0
C060
C070
C030
C038
C01C
ENDCHAR
STARTCHAR racute
ENCODING 341
SWIDTH 333 0
DWIDTH 8 0
BBX 7 18 2 0
BITMAP
0E
0C
18
30
00
DC
FC
E0
E0
C0
C0
C0
C0
C0
C0
C0
C0
C0
ENDCHAR
STARTCHAR Rcommaaccent
ENCODING 342
SWIDTH 708 0
DWIDTH 17 0
BBX 14 22 2 -5
BITMAP
FFC0
FFF0
C030
C018
C018
C018
C018
C030
FFF0
FFC0
C1C0
C0C0
C060
C070
C030
C038
C01C
0000
0300
0300
0100
0200
ENDCHAR
STARTCHAR rcommaaccent
ENCODING 343
SWIDTH 333 0
DWIDTH 8 0
BBX 6 18 2 -5
BITMAP
DC
FC
E0
E0
C0
C0
C0
C0
C0
C0
C0
C0
C0
00
C0
C0
40
80
ENDCHAR
STARTCHAR Rcaron
ENCODING 344
SWIDTH 708 0
DWIDTH 17 0
BBX 14 21 2 0
BITMAP
30C0
1980
0F00
0000
FFC0
FFF0
C030
C018
C018
C018
C018
C030
FFF0
FFC0
C1C0
C0C0
C060
C070
C030
C038
C01C
ENDCHAR
STARTCHAR rcaron
ENCODING 345
SWIDTH 333 0
DWIDTH 8 0
BBX 8 18 1 0
BITMAP
C3
66
34
3C
00
6E
7E
70
70
60
60
60
60
60
60
60
60
60
ENDCHAR
STARTCHAR Sacute
ENCODING 346
SWIDTH 667 0
DWIDTH 16 0
BBX 14 22 1 0
BITMAP
00E0
00C0
0180
0300
0000
0FE0
3FF8
7038
600C
6000
6000
3800
3F80
0FF0
00F8
001C
000C
400C
E00C
7038
3FF8
1FE0
ENDCHAR
STARTCHAR sacute
ENCODING 347
SWIDTH 500 0
DWIDTH 12 0
BBX 10 18 1 0
BITMAP
0380
0300
0600
0C00
0000
3F00
7F80
C1C0
C0C0
E000
7C00
3F00
03C0
00C0
C0C0
E1C0
7F80
3F00
ENDCHAR
STARTCHAR Scircumflex
ENCODING 348
SWIDTH 667 0
DWIDTH 16 0
BBX 14 22 1 0
BITMAP
0780
0680
0CC0
1860
0000
0FE0
3FF8
7038
600C
6000
6000
3800
3F80
0FF0
00F8
001C
000C
400C
E00C
7038
3FF8
1FE0
ENDCHAR
STARTCHAR scircumflex
ENCODING 349
SWIDTH 500 0
DWIDTH 12 0
BBX 10 18 1 0
BITMAP
1E00
1A00
3300
6180
0000
3F00
7F80
C1C0
C0C0
E000
7C00
3F00
03C0
00C0
C0C0
E1C0
7F80
3F00
ENDCHAR
STARTCHAR Scedilla
ENCODING 350
SWIDTH 667 0
DWIDTH 16 0
BBX 14 22 1 -5
BITMAP
0FE0
3FF8
7038
600C
6000
6000
3800
3F80
0FF0
00F8
001C
000C
400C
E00C
7038
3FF8
1FE0
0100
0380
00C0
00C0
0380
ENDCHAR
STARTCHAR scedilla
ENCODING 351
SWIDTH 500 0
DWIDTH 12 0
BBX 10 18 1 -5
BITMAP
3F00
7F80
C1C0
C0C0
E000
7C00
3F00
03C0
00C0
C0C0
E1C0
7F80
3F00
0800
1C00
0600
0600
1C00
ENDCHAR
STARTCHAR Scaron
ENCODING 352
SWIDTH 667 0
DWIDTH 16 0
BBX 14 21 1 0
BITMAP
1860
0CC0
0780
0000
0FE0
3FF8
7038
600C
6000
6000
3800
3F80
0FF0
00F8
001C
000C
400C
E00C
7038
3FF8
1FE0
ENDCHAR
STARTCHAR scaron
ENCODING 353
SWIDTH 500 0
DWIDTH 12 0
BBX 10 18 1 0
BITMAP
6180
3300
1A00
1E00
0000
3F00
7F80
C1C0
C0C0
E000
7C00
3F00
03C0
00C0
C0C0
E1C0
7F80
3F00
ENDCHAR
STARTCHAR Tcommaaccent
ENCODING 354
SWIDTH 583 0
DWIDTH 14 0
BBX 12 22 2 -5
BITMAP
FFF0
FFF0
0600
0600
0600
0600
0600
0600
0600
0600
0600
0600
0600
0600
0600
0600
0600
0800
1C00
0600
0600
1C00
ENDCHAR
STARTCHAR tcommaaccent
ENCODING 355
SWIDTH 292 0
DWIDTH 7 0
BBX 6 21 2 -5
BITMAP
20
60
60
F8
F8
60
60
60
60
60
60
60
60
60
7C
3C
40
F0
30
30
E0
ENDCHAR
STARTCHAR Tcaron
ENCODING 356
SWIDTH 583 0
DWIDTH 14 0
BBX 12 21 1 0
BITMAP
30C0
1980
0F00
0000
FFF0
FFF0
0600
0600
0600
0600
0600
0600
0600
0600
0600
0600
0600
0600
0600
0600
0600
ENDCHAR
STARTCHAR tcaron
ENCODING 357
SWIDTH 375 0
DWIDTH 9 0
BBX 9 18 1 0
BITMAP
0180
0180
2080
6100
6000
F800
F800
6000
6000
6000
6000
6000
6000
6000
6000
6000
7C00
3C00
ENDCHAR
STARTCHAR Tbar
ENCODING 358
SWIDTH 625 0
DWIDTH 15 0
BBX 12 17 1 0
BITMAP
FFF0
FFF0
0600
0600
0600
0600
0600
3FC0
3FC0
0600
0600
0600
0600
0600
0600
0600
0600
ENDCHAR
STARTCHAR tbar
ENCODING 359
SWIDTH 292 0
DWIDTH 7 0
BBX 6 16 1 0
BITMAP
20
60
60
FC
FC
60
60
60
FC
FC
60
60
60
60
7C
3C
ENDCHAR
STARTCHAR Utilde
ENCODING 360
SWIDTH 708 0
DWIDTH 17 0
BBX 13 21 2 0
BITMAP
0E20
1FE0
11C0
0000
C018
C018
C018
C018
C018
C018
C018
C018
C018
C018
C018
C018
C018
6030
7070
3FE0
0F80
ENDCHAR
STARTCHAR utilde
ENCODING 361
SWIDTH 583 0
DWIDTH 14 0
BBX 10 18 2 0
BITMAP
3080
7C80
4F80
4300
0000
C0C0
C0C0
C0C0
C0C0
C0C0
C0C0
C0C0
C0C0
C0C0
C1C0
E1C0
7EC0
3CC0
ENDCHAR
STARTCHAR Umacron
ENCODING 362
SWIDTH 708 0
DWIDTH 17 0
BBX 13 21 2 0
BITMAP
1FC0
1FC0
0000
0000
C018
C018
C018
C018
C018
C018
C018
C018
C018
C018
C018
C018
C018
6030
7070
3FE0
0F80
ENDCHAR
STARTCHAR umacron
ENCODING 363
SWIDTH 583 0
DWIDTH 14 0
BBX 10 17 2 0
BITMAP
3F80
3F80
0000
0000
C0C0
C0C0
C0C0
C0C0
C0C0
C0C0
C0C0
C0C0
C0C0
C1C0
E1C0
7EC0
3CC0
ENDCHAR
STARTCHAR Ubreve
ENCODING 364
SWIDTH 708 0
DWIDTH 17 0
BBX 13 21 2 0
BITMAP
1860
0FC0
0780
0000
C018
C018
C018
C018
C018
C018
C018
C018
C018
C018
C018
C018
C018
6030
7070
3FE0
0F80
ENDCHAR
STARTCHAR ubreve
ENCODING 365
SWIDTH 583 0
DWIDTH 14 0
BBX 10 18 2 0
BITMAP
6180
6180
3F00
1E00
0000
C0C0
C0C0
C0C0
C0C0
C0C0
C0C0
C0C0
C0C0
C0C0
C1C0
E1C0
7EC0
3CC0
ENDCHAR
STARTCHAR Uring
ENCODING 366
SWIDTH 708 0
DWIDTH 17 0
BBX 13 24 2 0
BITMAP
0780
0CC0
0840
0840
0CC0
0780
0000
C018
C018
C018
C018
C018
C018
C018
C018
C018
C018
C018
C018
C018
6030
7070
3FE0
0F80
ENDCHAR
STARTCHAR uring
ENCODING 367
SWIDTH 583 0
DWIDTH 14 0
BBX 10 20 2 0
BITMAP
1E00
3300
2100
2100
3300
1E00
0000
C0C0
C0C0
C0C0
C0C0
C0C0
C0C0
C0C0
C0C0
C0C0
C1C0
E1C0
7EC0
3CC0
ENDCHAR
STARTCHAR Uhungarumlaut
ENCODING 368
SWIDTH 708 0
DWIDTH 17 0
BBX 13 21 2 0
BITMAP
0770
0CC0
1980
0000
C018
C018
C018
C018
C018
C018
C018
C018
C018
C018
C018
C018
C018
6030
7070
3FE0
0F80
ENDCHAR
STARTCHAR uhungarumlaut
ENCODING 369
SWIDTH 583 0
DWIDTH 14 0
BBX 11 18 2 0
BITMAP
0EE0
0CC0
1980
3300
0000
C0C0
C0C0
C0C0
C0C0
C0C0
C0C0
C0C0
C0C0
C0C0
C1C0
E1C0
7EC0
3CC0
ENDCHAR
STARTCHAR Uogonek
ENCODING 370
SWIDTH 708 0
DWIDTH 17 0
BBX 13 22 2 -5
BITMAP
C018
C018
C018
C018
C018
C018
C018
C018
C018
C018
C018
C018
C018
6030
7070
3FE0
0F80
0300
0600
0600
0600
0380
ENDCHAR
STARTCHAR uogonek
ENCODING 371
SWIDTH 583 0
DWIDTH 14 0
BBX 10 18 2 -5
BITMAP
C0C0
C0C0
C0C0
C0C0
C0C0
C0C0
C0C0
C0C0
C0C0
C1C0
E1C0
7EC0
3CC0
0180
0300
0300
0300
01C0
ENDCHAR
STARTCHAR Wcircumflex
ENCODING 372
SWIDTH 958 0
DWIDTH 23 0
BBX 23 21 0 0
BITMAP
003C00
006600
00C300
000000
C01006
E0380E
60380C
60280C
606C0C
306C18
306C18
304418
18C630
18C630
188230
0D8360
0D8360
0D8360
050140
0701C0
0701C0
ENDCHAR
STARTCHAR wcircumflex
ENCODING 373
SWIDTH 708 0
DWIDTH 17 0
BBX 17 18 0 0
BITMAP
01E000
01A000
033000
061800
000000
C1C180
C1C180
C14180
636300
636300
636300
222200
363600
363600
363600
141400
1C1C00
1C1C00
ENDCHAR
STARTCHAR Ycircumflex
ENCODING 374
SWIDTH 667 0
DWIDTH 16 0
BBX 16 21 0 0
BITMAP
03C0
0660
0C30
0000
E007
700E
300C
381C
1C38
0C30
0660
07E0
03C0
0180
0180
0180
0180
0180
0180
0180
0180
ENDCHAR
STARTCHAR ycircumflex
ENCODING 375
SWIDTH 500 0
DWIDTH 12 0
BBX 12 23 0 -5
BITMAP
0F00
0D00
1980
30C0
0000
C030
E070
6060
6060
30C0
30C0
38C0
1980
1980
0F00
0F00
0F00
0600
0600
0C00
1C00
7800
7000
ENDCHAR
STARTCHAR Ydieresis
ENCODING 376
SWIDTH 667 0
DWIDTH 16 0
BBX 16 20 0 0
BITMAP
0630
0630
0000
E007
700E
300C
381C
1C38
0C30
0660
07E0
03C0
0180
0180
0180
0180
0180
0180
0180
0180
ENDCHAR
STARTCHAR Zacute
ENCODING 377
SWIDTH 625 0
DWIDTH 15 0
BBX 13 21 1 0
BITMAP
01C0
0300
0600
0000
7FF0
7FF0
0060
00E0
00C0
0180
0380
0300
0600
0C00
1C00
1800
3000
7000
E000
FFF8
FFF8
ENDCHAR
STARTCHAR zacute
ENCODING 378
SWIDTH 500 0
DWIDTH 12 0
BBX 10 18 1 0
BITMAP
0380
0300
0600
0C00
0000
FFC0
FFC0
01C0
0380
0300
0600
0C00
1800
3000
7000
E000
FFC0
FFC0
ENDCHAR
STARTCHAR Zdotaccent
ENCODING 379
SWIDTH 625 0
DWIDTH 15 0
BBX 13 20 1 0
BITMAP
0300
0300
0000
7FF0
7FF0
0060
00E0
00C0
0180
0380
0300
0600
0C00
1C00
1800
3000
7000
E000
FFF8
FFF8
ENDCHAR
STARTCHAR zdotaccent
ENCODING 380
SWIDTH 500 0
DWIDTH 12 0
BBX 10 17 1 0
BITMAP
0C00
0C00
0000
0000
FFC0
FFC0
01C0
0380
0300
0600
0C00
1800
3000
7000
E000
FFC0
FFC0
ENDCHAR
STARTCHAR Zcaron
ENCODING 381
SWIDTH 625 0
DWIDTH 15 0
BBX 13 21 1 0
BITMAP
1860
0CC0
0780
0000
7FF0
7FF0
0060
00E0
00C0
0180
0380
0300
0600
0C00
1C00
1800
3000
7000
E000
FFF8
FFF8
ENDCHAR
STARTCHAR zcaron
ENCODING 382
SWIDTH 500 0
DWIDTH 12 0
BBX 10 18 1 0
BITMAP
6180
3300
1A00
1E00
0000
FFC0
FFC0
01C0
0380
0300
0600
0C00
1800
3000
7000
E000
FFC0
FFC0
ENDCHAR
STARTCHAR longs
ENCODING 383
SWIDTH 208 0
DWIDTH 5 0
BBX 4 17 2 0
BITMAP
70
F0
C0
C0
C0
C0
C0
C0
C0
C0
C0
C0
C0
C0
C0
C0
C0
ENDCHAR
STARTCHAR florin
ENCODING 402
SWIDTH 542 0
DWIDTH 13 0
BBX 9 22 2 -5
BITMAP
0780
0F80
0C00
0800
1800
7F00
7F00
1800
1800
3800
3000
3000
3000
3000
7000
6000
6000
6000
6000
E000
C000
C000
ENDCHAR
STARTCHAR uni01A0
ENCODING 416
SWIDTH 750 0
DWIDTH 18 0
BBX 16 22 1 0
BITMAP
0002
0006
0003
0002
07C6
0FFC
1C38
381C
700E
6006
6006
6006
E006
E006
6006
6006
6006
700E
300C
381C
1FF8
07E0
ENDCHAR
STARTCHAR uni01A1
ENCODING 417
SWIDTH 625 0
DWIDTH 15 0
BBX 13 18 1 0
BITMAP
0008
0018
0018
0018
0030
1FE0
3DE0
7060
6070
E030
E030
E030
E030
E030
6070
7060
3FC0
1F80
ENDCHAR
STARTCHAR uni01AF
ENCODING 431
SWIDTH 750 0
DWIDTH 18 0
BBX 16 22 2 0
BITMAP
0003
0003
0003
0003
E01E
E018
E018
E018
E018
E018
E018
E018
E018
E018
E018
E018
E018
6018
6030
7070
3FE0
1FC0
ENDCHAR
STARTCHAR uni01B0
ENCODING 432
SWIDTH 625 0
DWIDTH 15 0
BBX 13 18 2 0
BITMAP
0008
0018
0018
0018
0030
C0E0
C0C0
C0C0
C0C0
C0C0
C0C0
C0C0
C0C0
C0C0
C0C0
E1C0
7FC0
7E40
ENDCHAR
STARTCHAR uni01CD
ENCODING 461
SWIDTH 625 0
DWIDTH 15 0
BBX 15 23 0 0
BITMAP
0820
1C60
06C0
0380
0000
0380
0380
0780
06C0
06C0
0CC0
0C60
0C60
1860
1870
1830
3FF0
3FF8
3018
6018
601C
600C
C00E
ENDCHAR
STARTCHAR uni01CE
ENCODING 462
SWIDTH 583 0
DWIDTH 14 0
BBX 11 20 1 0
BITMAP
2040
18C0
1D80
0F00
0600
0000
0000
3F80
7BC0
20C0
00C0
00E0
0FE0
3CE0
70E0
60E0
E0E0
60E0
7760
3E60
ENDCHAR
STARTCHAR uni01CF
ENCODING 463
SWIDTH 292 0
DWIDTH 7 0
BBX 8 23 0 0
BITMAP
82
C7
6C
38
00
38
38
38
38
38
38
38
38
38
38
38
38
38
38
38
38
38
38
ENDCHAR
STARTCHAR uni01D0
ENCODING 464
SWIDTH 292 0
DWIDTH 7 0
BBX 8 20 -1 0
BITMAP
C1
63
76
3C
18
00
00
18
18
18
18
18
18
18
18
18
18
18
18
18
ENDCHAR
STARTCHAR uni01D1
ENCODING 465
SWIDTH 750 0
DWIDTH 18 0
BBX 15 23 1 0
BITMAP
0820
0C30
06E0
03C0
0000
07C0
0FF0
3C38
301C
700E
6006
6006
E006
E006
E006
E006
6006
6006
700E
300C
381C
1FF8
07E0
ENDCHAR
STARTCHAR uni01D2
ENCODING 466
SWIDTH 625 0
DWIDTH 15 0
BBX 12 20 1 0
BITMAP
3040
18C0
1D80
0F00
0600
0000
0000
1F80
3DE0
7060
6070
E030
E030
E030
E030
E030
6070
7060
3FC0
1F80
ENDCHAR
STARTCHAR uni01D3
ENCODING 467
SWIDTH 708 0
DWIDTH 17 0
BBX 13 23 2 0
BITMAP
1040
18E0
0D80
0700
0000
E018
E018
E018
E018
E018
E018
E018
E018
E018
E018
E018
E018
E018
6018
6030
7070
3FE0
1FC0
ENDCHAR
STARTCHAR uni01D4
ENCODING 468
SWIDTH 625 0
DWIDTH 15 0
BBX 10 20 2 0
BITMAP
6080
3180
3B00
1E00
0C00
0000
0000
C0C0
C0C0
C0C0
C0C0
C0C0
C0C0
C0C0
C0C0
C0C0
C0C0
E1C0
7FC0
7E40
ENDCHAR
STARTCHAR uni01D5
ENCODING 469
SWIDTH 708 0
DWIDTH 17 0
BBX 13 24 2 0
BITMAP
1FC0
0000
1040
18E0
1840
0000
E018
E018
E018
E018
E018
E018
E018
E018
E018
E018
E018
E018
E018
6018
6030
7070
3FE0
1FC0
ENDCHAR
STARTCHAR uni01D6
ENCODING 470
SWIDTH 625 0
DWIDTH 15 0
BBX 10 21 2 0
BITMAP
3F80
0000
0000
3180
7180
0000
0000
0000
C0C0
C0C0
C0C0
C0C0
C0C0
C0C0
C0C0
C0C0
C0C0
C0C0
E1C0
7FC0
7E40
ENDCHAR
STARTCHAR uni01D7
ENCODING 471
SWIDTH 708 0
DWIDTH 17 0
BBX 13 26 2 0
BITMAP
0080
01C0
0300
0200
1040
18E0
1840
0000
E018
E018
E018
E018
E018
E018
E018
E018
E018
E018
E018
E018
E018
6018
6030
7070
3FE0
1FC0
ENDCHAR
STARTCHAR uni01D8
ENCODING 472
SWIDTH 625 0
DWIDTH 15 0
BBX 10 23 2 0
BITMAP
0200
0300
0600
0C00
0000
3180
7180
0000
0000
0000
C0C0
C0C0
C0C0
C0C0
C0C0
C0C0
C0C0
C0C0
C0C0
C0C0
E1C0
7FC0
7E40
ENDCHAR
STARTCHAR uni01D9
ENCODING 473
SWIDTH 708 0
DWIDTH 17 0
BBX 13 26 2 0
BITMAP
1040
0CC0
0780
0300
1040
18E0
1840
0000
E018
E018
E018
E018
E018
E018
E018
E018
E018
E018
E018
E018
E018
6018
6030
7070
3FE0
1FC0
ENDCHAR
STARTCHAR uni01DA
ENCODING 474
SWIDTH 625 0
DWIDTH 15 0
BBX 10 23 2 0
BITMAP
2100
3180
1E00
0C00
0000
3180
7180
0000
0000
0000
C0C0
C0C0
C0C0
C0C0
C0C0
C0C0
C0C0
C0C0
C0C0
C0C0
E1C0
7FC0
7E40
ENDCHAR
STARTCHAR uni01DB
ENCODING 475
SWIDTH 708 0
DWIDTH 17 0
BBX 13 26 2 0
BITMAP
0800
0C00
0600
0300
1040
18E0
1840
0000
E018
E018
E018
E018
E018
E018
E018
E018
E018
E018
E018
E018
E018
6018
6030
7070
3FE0
1FC0
ENDCHAR
STARTCHAR uni01DC
ENCODING 476
SWIDTH 625 0
DWIDTH 15 0
BBX 10 23 2 0
BITMAP
0800
1800
0C00
0400
0000
3180
7180
0000
0000
0000
C0C0
C0C0
C0C0
C0C0
C0C0
C0C0
C0C0
C0C0
C0C0
C0C0
E1C0
7FC0
7E40
ENDCHAR
STARTCHAR uni01F8
ENCODING 504
SWIDTH 708 0
DWIDTH 17 0
BBX 13 23 2 0
BITMAP
0800
1E00
0700
0300
0000
E018
E018
F018
F018
D818
CC18
CC18
C618
E618
E318
E398
E198
E1D8
E0D8
E078
E078
E038
E038
ENDCHAR
STARTCHAR uni01F9
ENCODING 505
SWIDTH 625 0
DWIDTH 15 0
BBX 11 21 2 0
BITMAP
1000
3800
1C00
0E00
0600
0200
0000
0000
CF80
DFC0
F0C0
C0E0
C0E0
C0E0
C0E0
C0E0
C0E0
C0E0
C0E0
C0E0
C0E0
ENDCHAR
STARTCHAR Aringacute
ENCODING 506
SWIDTH 625 0
DWIDTH 15 0
BBX 15 22 0 0
BITMAP
00C0
0300
0000
0380
0440
0440
0440
0380
0380
06C0
06C0
0C60
0C60
0C70
1830
1830
3FF8
3FF8
701C
600C
600C
E006
ENDCHAR
STARTCHAR aringacute
ENCODING 507
SWIDTH 542 0
DWIDTH 13 0
BBX 12 22 1 0
BITMAP
0380
0300
0600
0C00
0F00
1980
1080
1080
1980
3F00
7F80
E1C0
C0C0
00C0
3FC0
7FC0
E0C0
C0C0
C1C0
E3C0
7EF0
3C70
ENDCHAR
STARTCHAR AEacute
ENCODING 508
SWIDTH 1000 0
DWIDTH 24 0
BBX 23 21 0 0
BITMAP
0001C0
000300
000600
000000
00FFFE
01FFFE
019800
039800
031800
071800
061800
0E1FFC
0C1FFC
0C1800
1FF800
1FF800
301800
301800
601800
601FFE
E01FFE
ENDCHAR
STARTCHAR aeacute
ENCODING 509
SWIDTH 875 0
DWIDTH 21 0
BBX 19 18 1 0
BITMAP
003800
003000
006000
00C000
000000
3F1F00
7FBF80
E1E0C0
C0C060
00C060
3FFFE0
7FFFE0
E0C000
C0C000
C1E060
E370E0
7E3FC0
3C1F00
ENDCHAR
STARTCHAR Oslashacute
ENCODING 510
SWIDTH 792 0
DWIDTH 19 0
BBX 17 21 1 0
BITMAP
007000
00C000
018000
000000
07F380
1FFF00
3C1E00
700F00
601B00
E03B80
C07180
C0E180
C1C180
C38180
C70180
EE0380
6C0300
780700
3C1E00
7FFC00
E7F000
ENDCHAR
STARTCHAR oslashacute
ENCODING 511
SWIDTH 625 0
DWIDTH 15 0
BBX 13 18 1 0
BITMAP
01C0
0180
0300
0600
0000
0F98
3FF0
3060
70F0
61B0
6330
6630
6C30
6C30
7870
3060
7FC0
CF80
ENDCHAR
STARTCHAR Scommaaccent
ENCODING 536
SWIDTH 667 0
DWIDTH 16 0
BBX 14 22 1 -5
BITMAP
0FE0
3FF8
7038
600C
6000
6000
3800
3F80
0FF0
00F8
001C
000C
400C
E00C
7038
3FF8
1FE0
0000
0180
0180
0080
0100
ENDCHAR
STARTCHAR scommaaccent
ENCODING 537
SWIDTH 500 0
DWIDTH 12 0
BBX 10 18 1 -5
BITMAP
3F00
7F80
C1C0
C0C0
E000
7C00
3F00
03C0
00C0
C0C0
E1C0
7F80
3F00
0000
0C00
0C00
0400
0800
ENDCHAR
STARTCHAR uni021A
ENCODING 538
SWIDTH 583 0
DWIDTH 14 0
BBX 12 22 1 -5
BITMAP
FFF0
FFF0
0600
0600
0600
0600
0600
0600
0600
0600
0600
0600
0600
0600
0600
0600
0600
0000
0300
0300
0100
0200
ENDCHAR
STARTCHAR uni021B
ENCODING 539
SWIDTH 292 0
DWIDTH 7 0
BBX 6 21 1 -5
BITMAP
20
60
60
F8
F8
60
60
60
60
60
60
60
60
60
7C
3C
00
30
30
10
20
ENDCHAR
STARTCHAR uni0251
ENCODING 593
SWIDTH 625 0
DWIDTH 15 0
BBX 13 13 1 0
BITMAP
1FB0
3DF0
7070
6070
E070
E070
E070
E070
E070
6070
7070
3FF8
1F38
ENDCHAR
STARTCHAR uni0261
ENCODING 609
SWIDTH 625 0
DWIDTH 15 0
BBX 12 19 1 -6
BITMAP
1FB0
3DF0
7070
6070
E070
E070
E070
E070
E070
6070
70F0
3FB0
0E70
0070
0070
0060
20E0
7FC0
1F00
ENDCHAR
STARTCHAR uni02BB
ENCODING 699
SWIDTH 292 0
DWIDTH 7 0
BBX 3 7 2 12
BITMAP
20
60
C0
80
80
E0
E0
ENDCHAR
STARTCHAR circumflex
ENCODING 710
SWIDTH 333 0
DWIDTH 8 0
BBX 8 4 0 14
BITMAP
3C
34
66
C3
ENDCHAR
STARTCHAR caron
ENCODING 711
SWIDTH 333 0
DWIDTH 8 0
BBX 8 4 0 14
BITMAP
C3
66
34
3C
ENDCHAR
STARTCHAR uni02C9
ENCODING 713
SWIDTH 333 0
DWIDTH 8 0
BBX 7 2 0 15
BITMAP
FE
FE
ENDCHAR
STARTCHAR uni02CA
ENCODING 714
SWIDTH 583 0
DWIDTH 14 0
BBX 9 8 3 12
BITMAP
0180
0700
0E00
1C00
3800
7000
E000
4000
ENDCHAR
STARTCHAR uni02CB
ENCODING 715
SWIDTH 583 0
DWIDTH 14 0
BBX 9 9 3 11
BITMAP
8000
C000
E000
3000
1C00
0E00
0700
0180
0100
ENDCHAR
STARTCHAR breve
ENCODING 728
SWIDTH 333 0
DWIDTH 8 0
BBX 8 4 0 14
BITMAP
C3
C3
7E
3C
ENDCHAR
STARTCHAR dotaccent
ENCODING 729
SWIDTH 333 0
DWIDTH 8 0
BBX 2 2 2 15
BITMAP
C0
C0
ENDCHAR
STARTCHAR ring
ENCODING 730
SWIDTH 333 0
DWIDTH 8 0
BBX 6 6 1 14
BITMAP
78
CC
84
84
CC
78
ENDCHAR
STARTCHAR ogonek
ENCODING 731
SWIDTH 333 0
DWIDTH 8 0
BBX 4 5 1 -5
BITMAP
60
C0
C0
C0
70
ENDCHAR
STARTCHAR tilde
ENCODING 732
SWIDTH 333 0
DWIDTH 8 0
BBX 8 4 0 14
BITMAP
61
F9
9F
86
ENDCHAR
STARTCHAR hungarumlaut
ENCODING 733
SWIDTH 333 0
DWIDTH 8 0
BBX 9 4 1 14
BITMAP
3B80
3300
6600
CC00
ENDCHAR
STARTCHAR uni02EA
ENCODING 746
SWIDTH 583 0
DWIDTH 14 0
BBX 8 12 4 8
BITMAP
C0
C0
C0
C0
C0
C0
C0
C0
C0
C0
FF
FF
ENDCHAR
STARTCHAR uni02EB
ENCODING 747
SWIDTH 583 0
DWIDTH 14 0
BBX 8 12 4 8
BITMAP
C0
C0
C0
C0
C0
FF
C0
C0
C0
C0
C0
C0
ENDCHAR
STARTCHAR uni0300
ENCODING 768
SWIDTH 0 0
DWIDTH 0 0
BBX 9 8 3 9
BITMAP
C000
E000
7000
3800
0C00
0600
0380
0100
ENDCHAR
STARTCHAR uni0301
ENCODING 769
SWIDTH 0 0
DWIDTH 0 0
BBX 9 9 3 9
BITMAP
0100
0380
0600
0C00
1800
7000
E000
C000
4000
ENDCHAR
STARTCHAR uni0304
ENCODING 772
SWIDTH 0 0
DWIDTH 0 0
BBX 8 2 -4 16
BITMAP
FF
FF
ENDCHAR
STARTCHAR uni0307
ENCODING 775
SWIDTH 0 0
DWIDTH 0 0
BBX 4 4 5 16
BITMAP
70
F0
F0
70
ENDCHAR
STARTCHAR uni030C
ENCODING 780
SWIDTH 0 0
DWIDTH 0 0
BBX 12 9 1 8
BITMAP
E030
6060
30C0
18C0
1980
0D80
0F00
0600
0200
ENDCHAR
STARTCHAR semicolon
ENCODING 894
SWIDTH 292 0
DWIDTH 7 0
BBX 2 16 2 -3
BITMAP
C0
C0
C0
00
00
00
00
00
00
00
C0
C0
C0
40
40
80
ENDCHAR
STARTCHAR tonos
ENCODING 900
SWIDTH 333 0
DWIDTH 8 0
BBX 3 4 2 14
BITMAP
60
C0
C0
80
ENDCHAR
STARTCHAR dieresistonos
ENCODING 901
SWIDTH 333 0
DWIDTH 8 0
BBX 8 5 0 14
BITMAP
0C
0C
18
DB
D3
ENDCHAR
STARTCHAR Alphatonos
ENCODING 902
SWIDTH 625 0
DWIDTH 15 0
BBX 15 17 0 0
BITMAP
3380
6380
6280
46C0
06C0
0C60
0C60
0820
1830
1830
3FF8
3FF8
3018
600C
600C
600C
C006
ENDCHAR
STARTCHAR anoteleia
ENCODING 903
SWIDTH 250 0
DWIDTH 6 0
BBX 2 3 2 5
BITMAP
C0
C0
C0
ENDCHAR
STARTCHAR Epsilontonos
ENCODING 904
SWIDTH 792 0
DWIDTH 19 0
BBX 18 17 0 0
BITMAP
67FFC0
C7FFC0
C60000
860000
060000
060000
060000
07FF80
07FF80
060000
060000
060000
060000
060000
060000
07FFC0
07FFC0
ENDCHAR
STARTCHAR Etatonos
ENCODING 905
SWIDTH 833 0
DWIDTH 20 0
BBX 18 17 0 0
BITMAP
6600C0
C600C0
C600C0
8600C0
0600C0
0600C0
0600C0
07FFC0
07FFC0
0600C0
0600C0
0600C0
0600C0
0600C0
0600C0
0600C0
0600C0
ENDCHAR
STARTCHAR Iotatonos
ENCODING 906
SWIDTH 375 0
DWIDTH 9 0
BBX 7 17 0 0
BITMAP
66
C6
C6
86
06
06
06
06
06
06
06
06
06
06
06
06
06
ENDCHAR
STARTCHAR Omicrontonos
ENCODING 908
SWIDTH 792 0
DWIDTH 19 0
BBX 19 17 -1 0
BITMAP
61FC00
C7FF00
CF0780
9C01C0
1800C0
3800E0
300060
300060
300060
300060
300060
3800E0
1800C0
1C01C0
0F0780
07FF00
01FC00
ENDCHAR
STARTCHAR Upsilontonos
ENCODING 910
SWIDTH 833 0
DWIDTH 20 0
BBX 20 17 1 0
BITMAP
6E0070
C700E0
C300C0
8381C0
01C380
00C300
006600
007E00
003C00
001800
001800
001800
001800
001800
001800
001800
001800
ENDCHAR
STARTCHAR Omegatonos
ENCODING 911
SWIDTH 750 0
DWIDTH 18 0
BBX 18 17 -1 0
BITMAP
61F800
C7FE00
CE0700
9C0380
3801C0
3000C0
3000C0
3000C0
3000C0
3000C0
180180
180180
0C0300
070E00
039C00
3F9FC0
3F9FC0
ENDCHAR
STARTCHAR iotadieresistonos
ENCODING 912
SWIDTH 250 0
DWIDTH 6 0
BBX 8 19 -1 0
BITMAP
0C
0C
18
DB
D3
00
18
18
18
18
18
18
18
18
18
18
18
18
1C
ENDCHAR
STARTCHAR Alpha
ENCODING 913
SWIDTH 625 0
DWIDTH 15 0
BBX 15 17 0 0
BITMAP
0380
0380
0280
06C0
06C0
0C60
0C60
0820
1830
1830
3FF8
3FF8
3018
600C
600C
600C
C006
ENDCHAR
STARTCHAR Beta
ENCODING 914
SWIDTH 667 0
DWIDTH 16 0
BBX 13 17 2 0
BITMAP
FFC0
FFE0
C070
C030
C030
C030
C060
FFC0
FFE0
C070
C018
C018
C018
C018
C030
FFF0
FFC0
ENDCHAR
STARTCHAR Gamma
ENCODING 915
SWIDTH 542 0
DWIDTH 13 0
BBX 10 17 2 0
BITMAP
FFC0
FFC0
C000
C000
C000
C000
C000
C000
C000
C000
C000
C000
C000
C000
C000
C000
C000
ENDCHAR
STARTCHAR Delta
ENCODING 916
SWIDTH 667 0
DWIDTH 16 0
BBX 16 17 0 0
BITMAP
01C0
03C0
03C0
0660
0660
0E70
0C30
1C38
1818
1818
300C
300C
6006
6006
E007
FFFF
FFFF
ENDCHAR
STARTCHAR Epsilon
ENCODING 917
SWIDTH 667 0
DWIDTH 16 0
BBX 13 17 2 0
BITMAP
FFF8
FFF8
C000
C000
C000
C000
C000
FFF0
FFF0
C000
C000
C000
C000
C000
C000
FFF8
FFF8
ENDCHAR
STARTCHAR Zeta
ENCODING 918
SWIDTH 625 0
DWIDTH 15 0
BBX 13 17 1 0
BITMAP
7FF0
7FF0
0060
00E0
00C0
0180
0380
0300
0600
0C00
1C00
1800
3000
7000
E000
FFF8
FFF8
ENDCHAR
STARTCHAR Eta
ENCODING 919
SWIDTH 708 0
DWIDTH 17 0
BBX 13 17 2 0
BITMAP
C018
C018
C018
C018
C018
C018
C018
FFF8
FFF8
C018
C018
C018
C018
C018
C018
C018
C018
ENDCHAR
STARTCHAR Theta
ENCODING 920
SWIDTH 792 0
DWIDTH 19 0
BBX 17 17 1 0
BITMAP
07F000
1FFC00
3C1E00
700700
600300
E00380
C00180
C7F180
C7F180
C00180
C00180
E00380
600300
700700
3C1E00
1FFC00
07F000
ENDCHAR
STARTCHAR Iota
ENCODING 921
SWIDTH 250 0
DWIDTH 6 0
BBX 2 17 2 0
BITMAP
C0
C0
C0
C0
C0
C0
C0
C0
C0
C0
C0
C0
C0
C0
C0
C0
C0
ENDCHAR
STARTCHAR Kappa
ENCODING 922
SWIDTH 667 0
DWIDTH 16 0
BBX 14 17 2 0
BITMAP
C038
C070
C0E0
C1C0
C380
C700
CE00
DC00
FE00
E700
C300
C180
C0C0
C0E0
C070
C038
C01C
ENDCHAR
STARTCHAR Lambda
ENCODING 923
SWIDTH 667 0
DWIDTH 16 0
BBX 16 17 0 0
BITMAP
0180
03C0
03C0
0240
0660
0660
0C30
0C30
0C30
1818
1818
300C
300C
700E
6006
6006
C003
ENDCHAR
STARTCHAR Mu
ENCODING 924
SWIDTH 792 0
DWIDTH 19 0
BBX 15 17 2 0
BITMAP
E00E
E00E
E00E
F01E
F01E
D016
D836
D836
CC66
CC66
CC66
C6C6
C6C6
C6C6
C286
C386
C386
ENDCHAR
STARTCHAR Nu
ENCODING 925
SWIDTH 708 0
DWIDTH 17 0
BBX 13 17 2 0
BITMAP
C018
E018
F018
F018
D818
DC18
CC18
C618
C718
C318
C198
C198
C0D8
C078
C078
C038
C018
ENDCHAR
STARTCHAR Xi
ENCODING 926
SWIDTH 667 0
DWIDTH 16 0
BBX 14 17 1 0
BITMAP
FFFC
FFFC
0000
0000
0000
0000
0000
3FF0
3FF0
0000
0000
0000
0000
0000
0000
FFFC
FFFC
ENDCHAR
STARTCHAR Omicron
ENCODING 927
SWIDTH 792 0
DWIDTH 19 0
BBX 17 17 1 0
BITMAP
07F000
1FFC00
3C1E00
700700
600300
E00380
C00180
C00180
C00180
C00180
C00180
E00380
600300
700700
3C1E00
1FFC00
07F000
ENDCHAR
STARTCHAR Pi
ENCODING 928
SWIDTH 708 0
DWIDTH 17 0
BBX 13 17 2 0
BITMAP
FFF8
FFF8
C018
C018
C018
C018
C018
C018
C018
C018
C018
C018
C018
C018
C018
C018
C018
ENDCHAR
STARTCHAR Rho
ENCODING 929
SWIDTH 667 0
DWIDTH 16 0
BBX 12 17 2 0
BITMAP
FF80
FFE0
C060
C030
C030
C030
C030
C060
FFE0
FF80
C000
C000
C000
C000
C000
C000
C000
ENDCHAR
STARTCHAR Sigma
ENCODING 931
SWIDTH 625 0
DWIDTH 15 0
BBX 13 17 1 0
BITMAP
FFF0
FFF0
6000
3000
1800
0E00
0700
0380
0180
0300
0600
1C00
3800
7000
E000
FFF8
FFF8
ENDCHAR
STARTCHAR Tau
ENCODING 932
SWIDTH 583 0
DWIDTH 14 0
BBX 12 17 1 0
BITMAP
FFF0
FFF0
0600
0600
0600
0600
0600
0600
0600
0600
0600
0600
0600
0600
0600
0600
0600
ENDCHAR
STARTCHAR Upsilon
ENCODING 933
SWIDTH 667 0
DWIDTH 16 0
BBX 16 17 0 0
BITMAP
E007
700E
300C
381C
1C38
0C30
0660
07E0
03C0
0180
0180
0180
0180
0180
0180
0180
0180
ENDCHAR
STARTCHAR Phi
ENCODING 934
SWIDTH 750 0
DWIDTH 18 0
BBX 16 17 1 0
BITMAP
0180
0180
1FF8
3FFC
718E
E187
C183
C183
C183
C183
E187
718E
3FFC
1FF8
0180
0180
0180
ENDCHAR
STARTCHAR Chi
ENCODING 935
SWIDTH 625 0
DWIDTH 15 0
BBX 15 17 0 0
BITMAP
E00E
701C
3018
1830
1C70
0EE0
06C0
0380
0380
07C0
06E0
0C60
1830
3838
3018
600C
E00E
ENDCHAR
STARTCHAR Psi
ENCODING 936
SWIDTH 792 0
DWIDTH 19 0
BBX 16 17 2 0
BITMAP
C183
C183
C183
C183
C183
C183
C183
C183
6186
718E
3FFC
1FF8
0180
0180
0180
0180
0180
ENDCHAR
STARTCHAR Omega
ENCODING 937
SWIDTH 750 0
DWIDTH 18 0
BBX 16 17 1 0
BITMAP
07E0
1FF8
381C
700E
E007
C003
C003
C003
C003
C003
6006
6006
300C
1C38
0E70
FE7F
FE7F
ENDCHAR
STARTCHAR Iotadieresis
ENCODING 938
SWIDTH 250 0
DWIDTH 6 0
BBX 7 20 0 0
BITMAP
C6
C6
00
30
30
30
30
30
30
30
30
30
30
30
30
30
30
30
30
30
ENDCHAR
STARTCHAR Upsilondieresis
ENCODING 939
SWIDTH 667 0
DWIDTH 16 0
BBX 16 20 0 0
BITMAP
0630
0630
0000
E007
6006
300C
381C
1C38
0C30
0660
07E0
03C0
0180
0180
0180
0180
0180
0180
0180
0180
ENDCHAR
STARTCHAR alphatonos
ENCODING 940
SWIDTH 583 0
DWIDTH 14 0
BBX 13 18 1 0
BITMAP
0300
0600
0600
0400
0000
1E30
7FB0
61F0
E0E0
C0E0
C060
C060
C060
C0E0
C0E0
61F0
7F30
3E30
ENDCHAR
STARTCHAR epsilontonos
ENCODING 941
SWIDTH 458 0
DWIDTH 11 0
BBX 10 18 1 0
BITMAP
0600
0C00
0C00
0800
0000
3F00
7F80
C180
C000
E000
7E00
3E00
E000
C000
C000
E1C0
7F80
3E00
ENDCHAR
STARTCHAR etatonos
ENCODING 942
SWIDTH 583 0
DWIDTH 14 0
BBX 10 23 2 -5
BITMAP
0300
0600
0600
0400
0000
CF00
DF80
E1C0
E0C0
C0C0
C0C0
C0C0
C0C0
C0C0
C0C0
C0C0
C0C0
C0C0
00C0
00C0
00C0
00C0
00C0
ENDCHAR
STARTCHAR iotatonos
ENCODING 943
SWIDTH 250 0
DWIDTH 6 0
BBX 3 18 2 0
BITMAP
60
C0
C0
80
00
C0
C0
C0
C0
C0
C0
C0
C0
C0
C0
C0
C0
E0
ENDCHAR
STARTCHAR upsilondieresistonos
ENCODING 944
SWIDTH 583 0
DWIDTH 14 0
BBX 11 19 2 0
BITMAP
0300
0300
0600
36C0
34C0
0000
C0C0
C0C0
C060
C060
C060
C060
C060
C060
C060
C0E0
E1C0
7F80
3F00
ENDCHAR
STARTCHAR alpha
ENCODING 945
SWIDTH 583 0
DWIDTH 14 0
BBX 13 13 1 0
BITMAP
1E30
7FB0
61F0
E0E0
C0E0
C060
C060
C060
C0E0
C0E0
61F0
7F30
3E30
ENDCHAR
STARTCHAR beta
ENCODING 946
SWIDTH 583 0
DWIDTH 14 0
BBX 11 22 2 -5
BITMAP
3F00
7F80
E1C0
C0C0
C0C0
C0C0
C180
C700
C780
C0C0
C060
C060
C060
C060
E0E0
FFC0
DF00
C000
C000
C000
C000
C000
ENDCHAR
STARTCHAR gamma
ENCODING 947
SWIDTH 458 0
DWIDTH 11 0
BBX 11 18 0 -5
BITMAP
C060
E060
60C0
60C0
70C0
3180
3180
3980
1B00
1B00
0A00
0E00
0E00
0C00
0C00
0C00
0C00
1C00
ENDCHAR
STARTCHAR delta
ENCODING 948
SWIDTH 542 0
DWIDTH 13 0
BBX 11 17 1 0
BITMAP
3FC0
3FC0
1800
0C00
0600
0F00
1F80
71C0
60C0
C060
C060
C060
C060
E060
70C0
7FC0
1F00
ENDCHAR
STARTCHAR epsilon
ENCODING 949
SWIDTH 458 0
DWIDTH 11 0
BBX 10 13 1 0
BITMAP
3F00
7F80
C180
C000
E000
7E00
3E00
E000
C000
C000
E1C0
7F80
3E00
ENDCHAR
STARTCHAR zeta
ENCODING 950
SWIDTH 458 0
DWIDTH 11 0
BBX 10 21 1 -4
BITMAP
7FC0
7FC0
0180
0300
0600
0C00
1800
3000
3000
6000
6000
C000
C000
C000
E000
7E00
1F80
01C0
00C0
00C0
0080
ENDCHAR
STARTCHAR eta
ENCODING 951
SWIDTH 583 0
DWIDTH 14 0
BBX 10 18 2 -5
BITMAP
CF00
DF80
E1C0
E0C0
C0C0
C0C0
C0C0
C0C0
C0C0
C0C0
C0C0
C0C0
C0C0
00C0
00C0
00C0
00C0
00C0
ENDCHAR
STARTCHAR theta
ENCODING 952
SWIDTH 542 0
DWIDTH 13 0
BBX 11 17 1 0
BITMAP
1F00
3F80
71C0
60C0
C060
C060
C060
FFE0
FFE0
C060
C060
C060
C060
60C0
71C0
3F80
1F00
ENDCHAR
STARTCHAR iota
ENCODING 953
SWIDTH 250 0
DWIDTH 6 0
BBX 3 13 2 0
BITMAP
C0
C0
C0
C0
C0
C0
C0
C0
C0
C0
C0
C0
E0
ENDCHAR
STARTCHAR kappa
ENCODING 954
SWIDTH 500 0
DWIDTH 12 0
BBX 10 13 2 0
BITMAP
C1C0
C380
C700
C600
CC00
D800
FC00
EC00
C600
C700
C300
C180
C1C0
ENDCHAR
STARTCHAR lambda
ENCODING 955
SWIDTH 500 0
DWIDTH 12 0
BBX 12 17 0 0
BITMAP
7800
7800
0C00
0E00
0600
0600
0700
0700
0D80
0D80
19C0
18C0
30C0
3060
6060
6070
C030
ENDCHAR
STARTCHAR mu
ENCODING 956
SWIDTH 583 0
DWIDTH 14 0
BBX 10 18 2 -5
BITMAP
C0C0
C0C0
C0C0
C0C0
C0C0
C0C0
C0C0
C0C0
C0C0
C1C0
E1C0
FEC0
DCC0
C000
C000
C000
C000
C000
ENDCHAR
STARTCHAR nu
ENCODING 957
SWIDTH 458 0
DWIDTH 11 0
BBX 10 13 0 0
BITMAP
C0C0
C0C0
60C0
60C0
60C0
60C0
3180
3180
3100
1B00
1E00
1E00
0C00
ENDCHAR
STARTCHAR xi
ENCODING 958
SWIDTH 458 0
DWIDTH 11 0
BBX 10 21 1 -4
BITMAP
7F80
7F80
0C00
3000
3000
3000
1C00
0F80
0F80
3C00
6000
C000
C000
C000
E000
7C00
1F80
01C0
00C0
00C0
0080
ENDCHAR
STARTCHAR omicron
ENCODING 959
SWIDTH 542 0
DWIDTH 13 0
BBX 11 13 1 0
BITMAP
1F00
7FC0
60C0
E0E0
C060
C060
C060
C060
C060
E0E0
60C0
3F80
1F00
ENDCHAR
STARTCHAR pi
ENCODING 960
SWIDTH 708 0
DWIDTH 17 0
BBX 15 13 1 0
BITMAP
FFFE
FFFE
1830
1830
1830
1830
1830
1830
1830
3830
3030
303C
301C
ENDCHAR
STARTCHAR rho
ENCODING 961
SWIDTH 583 0
DWIDTH 14 0
BBX 11 18 2 -5
BITMAP
1F00
3F80
61C0
E0C0
C060
C060
C060
C060
C060
C0E0
E0C0
FF80
DF00
C000
C000
C000
C000
C000
ENDCHAR
STARTCHAR sigma1
ENCODING 962
SWIDTH 500 0
DWIDTH 12 0
BBX 11 17 1 -4
BITMAP
0F80
3FE0
3080
6000
6000
C000
C000
C000
C000
E000
7000
3F00
0FC0
00E0
0060
0060
0040
ENDCHAR
STARTCHAR sigma
ENCODING 963
SWIDTH 625 0
DWIDTH 15 0
BBX 14 13 1 0
BITMAP
0FFC
3FFC
7860
6060
C030
C030
C030
C030
C030
E070
70E0
3FC0
1F80
ENDCHAR
STARTCHAR tau
ENCODING 964
SWIDTH 375 0
DWIDTH 9 0
BBX 9 13 0 0
BITMAP
FF80
FF80
1800
1800
1800
1800
1800
1800
1800
1800
1800
1E00
0E00
ENDCHAR
STARTCHAR upsilon
ENCODING 965
SWIDTH 583 0
DWIDTH 14 0
BBX 11 13 2 0
BITMAP
C0C0
C0C0
C060
C060
C060
C060
C060
C060
C060
C0E0
E1C0
7F80
3F00
ENDCHAR
STARTCHAR phi
ENCODING 966
SWIDTH 667 0
DWIDTH 16 0
BBX 14 18 1 -5
BITMAP
18F0
39F8
7398
630C
C30C
C30C
C30C
C30C
C30C
E318
7338
3FF0
1FC0
0300
0300
0300
0300
0300
ENDCHAR
STARTCHAR chi
ENCODING 967
SWIDTH 542 0
DWIDTH 13 0
BBX 13 18 0 -5
BITMAP
E018
F030
3860
1860
1CC0
0DC0
0780
0700
0700
0780
0D80
0DC0
18C0
3860
3060
6030
6030
C018
ENDCHAR
STARTCHAR psi
ENCODING 968
SWIDTH 750 0
DWIDTH 18 0
BBX 14 21 2 -5
BITMAP
0300
0300
0300
C30C
C30C
C30C
C30C
C30C
C30C
C30C
C30C
C30C
C30C
6318
7FF8
1FE0
0300
0300
0300
0300
0300
ENDCHAR
STARTCHAR omega
ENCODING 969
SWIDTH 750 0
DWIDTH 18 0
BBX 16 13 1 0
BITMAP
1818
381C
700E
6006
C183
C183
C183
C183
C183
C183
63C6
7E7E
3C3C
ENDCHAR
STARTCHAR iotadieresis
ENCODING 970
SWIDTH 250 0
DWIDTH 6 0
BBX 7 17 0 0
BITMAP
C6
C6
00
00
30
30
30
30
30
30
30
30
30
30
30
30
38
ENDCHAR
STARTCHAR upsilondieresis
ENCODING 971
SWIDTH 583 0
DWIDTH 14 0
BBX 11 17 2 0
BITMAP
3180
3180
0000
0000
C0C0
C0C0
C060
C060
C060
C060
C060
C060
C060
C0E0
E1C0
7F80
3F00
ENDCHAR
STARTCHAR omicrontonos
ENCODING 972
SWIDTH 542 0
DWIDTH 13 0
BBX 11 18 1 0
BITMAP
0300
0600
0600
0400
0000
1F00
7FC0
60C0
E0E0
C060
C060
C060
C060
C060
E0E0
60C0
3F80
1F00
ENDCHAR
STARTCHAR upsilontonos
ENCODING 973
SWIDTH 583 0
DWIDTH 14 0
BBX 11 18 2 0
BITMAP
0600
0C00
0C00
0800
0000
C0C0
C0C0
C060
C060
C060
C060
C060
C060
C060
C0E0
E1C0
7F80
3F00
ENDCHAR
STARTCHAR omegatonos
ENCODING 974
SWIDTH 750 0
DWIDTH 18 0
BBX 16 18 1 0
BITMAP
00C0
0180
0180
0100
0000
1818
381C
700E
6006
C183
C183
C183
C183
C183
C183
63C6
7E7E
3C3C
ENDCHAR
STARTCHAR afii10023
ENCODING 1025
SWIDTH 667 0
DWIDTH 16 0
BBX 13 20 2 0
BITMAP
18C0
18C0
0000
FFF8
FFF8
C000
C000
C000
C000
C000
FFF0
FFF0
C000
C000
C000
C000
C000
C000
FFF8
FFF8
ENDCHAR
STARTCHAR afii10051
ENCODING 1026
SWIDTH 875 0
DWIDTH 21 0
BBX 19 17 0 0
BITMAP
FFFC00
FFFC00
030000
030000
030000
037F80
03FFC0
0300E0
030060
030060
030060
030060
030060
030060
0308E0
031FC0
030F80
ENDCHAR
STARTCHAR afii10052
ENCODING 1027
SWIDTH 542 0
DWIDTH 13 0
BBX 10 21 2 0
BITMAP
0700
0C00
1800
0000
FFC0
FFC0
C000
C000
C000
C000
C000
C000
C000
C000
C000
C000
C000
C000
C000
C000
C000
ENDCHAR
STARTCHAR afii10053
ENCODING 1028
SWIDTH 708 0
DWIDTH 17 0
BBX 15 17 1 0
BITMAP
07E0
1FF8
383C
700C
600C
C000
C000
FFC0
FFC0
C000
C000
E000
6004
700E
383C
1FF8
07E0
ENDCHAR
STARTCHAR afii10054
ENCODING 1029
SWIDTH 667 0
DWIDTH 16 0
BBX 14 17 1 0
BITMAP
0FE0
3FF8
7038
600C
6000
6000
3800
3F80
0FF0
00F8
001C
000C
400C
E00C
7038
3FF8
1FE0
ENDCHAR
STARTCHAR afii10055
ENCODING 1030
SWIDTH 250 0
DWIDTH 6 0
BBX 2 17 2 0
BITMAP
C0
C0
C0
C0
C0
C0
C0
C0
C0
C0
C0
C0
C0
C0
C0
C0
C0
ENDCHAR
STARTCHAR afii10056
ENCODING 1031
SWIDTH 250 0
DWIDTH 6 0
BBX 7 20 0 0
BITMAP
C6
C6
00
30
30
30
30
30
30
30
30
30
30
30
30
30
30
30
30
30
ENDCHAR
STARTCHAR afii10057
ENCODING 1032
SWIDTH 500 0
DWIDTH 12 0
BBX 10 17 0 0
BITMAP
0FC0
0FC0
00C0
00C0
00C0
00C0
00C0
00C0
00C0
00C0
00C0
00C0
C0C0
E0C0
7180
7F80
1E00
ENDCHAR
STARTCHAR afii10058
ENCODING 1033
SWIDTH 1042 0
DWIDTH 25 0
BBX 24 17 0 0
BITMAP
07FC00
0FFC00
0C0C00
0C0C00
0C0C00
0C0C00
0C0C00
0C0FF8
1C0FFE
180C06
180C03
180C03
180C03
380C03
300C06
F00FFE
E00FF8
ENDCHAR
STARTCHAR afii10059
ENCODING 1034
SWIDTH 1000 0
DWIDTH 24 0
BBX 21 17 2 0
BITMAP
C06000
C06000
C06000
C06000
C06000
C06000
C06000
FFFFC0
FFFFF0
C06030
C06018
C06018
C06018
C06018
C06030
C07FF0
C07FC0
ENDCHAR
STARTCHAR afii10060
ENCODING 1035
SWIDTH 917 0
DWIDTH 22 0
BBX 18 17 0 0
BITMAP
FFFC00
FFFC00
030000
030000
030000
037F00
03FF80
0381C0
0300C0
0300C0
0300C0
0300C0
0300C0
0300C0
0300C0
0300C0
0300C0
ENDCHAR
STARTCHAR afii10061
ENCODING 1036
SWIDTH 583 0
DWIDTH 14 0
BBX 12 21 2 0
BITMAP
0380
0600
0C00
0000
C070
C060
C0C0
C1C0
C380
C700
CE00
FC00
F600
C600
C300
C380
C180
C0C0
C0E0
C060
C070
ENDCHAR
STARTCHAR afii10062
ENCODING 1038
SWIDTH 625 0
DWIDTH 15 0
BBX 14 22 1 0
BITMAP
1830
1830
0C60
07C0
0000
E00C
6018
7018
3030
3830
1860
0C60
0CC0
06C0
0780
0380
0300
0300
0600
0E00
FC00
7800
ENDCHAR
STARTCHAR afii10145
ENCODING 1039
SWIDTH 708 0
DWIDTH 17 0
BBX 13 22 2 -5
BITMAP
C018
C018
C018
C018
C018
C018
C018
C018
C018
C018
C018
C018
C018
C018
C018
FFF8
FFF8
0300
0300
0300
0300
0300
ENDCHAR
STARTCHAR afii10017
ENCODING 1040
SWIDTH 625 0
DWIDTH 15 0
BBX 15 17 0 0
BITMAP
0380
0380
0280
06C0
06C0
0C60
0C60
0820
1830
1830
3FF8
3FF8
3018
600C
600C
600C
C006
ENDCHAR
STARTCHAR afii10018
ENCODING 1041
SWIDTH 667 0
DWIDTH 16 0
BBX 13 17 2 0
BITMAP
FFE0
FFE0
C000
C000
C000
C000
C000
FFC0
FFF0
C070
C018
C018
C018
C018
C030
FFF0
FFC0
ENDCHAR
STARTCHAR afii10019
ENCODING 1042
SWIDTH 667 0
DWIDTH 16 0
BBX 13 17 2 0
BITMAP
FFC0
FFE0
C070
C030
C030
C030
C060
FFC0
FFE0
C070
C018
C018
C018
C018
C030
FFF0
FFC0
ENDCHAR
STARTCHAR afii10020
ENCODING 1043
SWIDTH 542 0
DWIDTH 13 0
BBX 10 17 2 0
BITMAP
FFC0
FFC0
C000
C000
C000
C000
C000
C000
C000
C000
C000
C000
C000
C000
C000
C000
C000
ENDCHAR
STARTCHAR afii10021
ENCODING 1044
SWIDTH 667 0
DWIDTH 16 0
BBX 16 22 0 -5
BITMAP
07FC
07FC
060C
060C
060C
0C0C
0C0C
0C0C
0C0C
0C0C
0C0C
180C
180C
180C
300C
FFFF
FFFF
C003
C003
C003
C003
C003
ENDCHAR
STARTCHAR afii10022
ENCODING 1045
SWIDTH 667 0
DWIDTH 16 0
BBX 13 17 2 0
BITMAP
FFF8
FFF8
C000
C000
C000
C000
C000
FFF0
FFF0
C000
C000
C000
C000
C000
C000
FFF8
FFF8
ENDCHAR
STARTCHAR afii10024
ENCODING 1046
SWIDTH 917 0
DWIDTH 22 0
BBX 22 17 0 0
BITMAP
E0301C
703038
303030
183060
0C30C0
0E31C0
073380
03FF00
07FF80
063180
0C30C0
1C30E0
183060
383070
703038
603018
E0301C
ENDCHAR
STARTCHAR afii10025
ENCODING 1047
SWIDTH 625 0
DWIDTH 15 0
BBX 13 17 1 0
BITMAP
0FC0
3FF0
7838
E018
6018
0018
0070
07E0
07E0
0070
0018
0018
4018
E018
7070
3FE0
0FC0
ENDCHAR
STARTCHAR afii10026
ENCODING 1048
SWIDTH 708 0
DWIDTH 17 0
BBX 13 17 2 0
BITMAP
C038
C038
C078
C0F8
C0D8
C198
C198
C318
C718
C618
CC18
CC18
D818
D818
F018
F018
E018
ENDCHAR
STARTCHAR afii10027
ENCODING 1049
SWIDTH 708 0
DWIDTH 17 0
BBX 13 22 2 0
BITMAP
3060
3060
18C0
0F80
0000
C038
C038
C078
C0F8
C0D8
C198
C198
C318
C718
C618
CC18
CC18
D818
D818
F018
F018
E018
ENDCHAR
STARTCHAR afii10028
ENCODING 1050
SWIDTH 583 0
DWIDTH 14 0
BBX 12 17 2 0
BITMAP
C070
C060
C0C0
C1C0
C380
C700
CE00
FC00
F600
C600
C300
C380
C180
C0C0
C0E0
C060
C070
ENDCHAR
STARTCHAR afii10029
ENCODING 1051
SWIDTH 667 0
DWIDTH 16 0
BBX 14 17 0 0
BITMAP
07FC
0FFC
0C0C
0C0C
0C0C
0C0C
0C0C
0C0C
1C0C
180C
180C
180C
180C
380C
300C
F00C
E00C
ENDCHAR
STARTCHAR afii10030
ENCODING 1052
SWIDTH 792 0
DWIDTH 19 0
BBX 15 17 2 0
BITMAP
E00E
E00E
E00E
F01E
F01E
D016
D836
D836
CC66
CC66
CC66
C6C6
C6C6
C6C6
C286
C386
C386
ENDCHAR
STARTCHAR afii10031
ENCODING 1053
SWIDTH 708 0
DWIDTH 17 0
BBX 13 17 2 0
BITMAP
C018
C018
C018
C018
C018
C018
C018
FFF8
FFF8
C018
C018
C018
C018
C018
C018
C018
C018
ENDCHAR
STARTCHAR afii10032
ENCODING 1054
SWIDTH 792 0
DWIDTH 19 0
BBX 17 17 1 0
BITMAP
07F000
1FFC00
3C1E00
700700
600300
E00380
C00180
C00180
C00180
C00180
C00180
E00380
600300
700700
3C1E00
1FFC00
07F000
ENDCHAR
STARTCHAR afii10033
ENCODING 1055
SWIDTH 708 0
DWIDTH 17 0
BBX 13 17 2 0
BITMAP
FFF8
FFF8
C018
C018
C018
C018
C018
C018
C018
C018
C018
C018
C018
C018
C018
C018
C018
ENDCHAR
STARTCHAR afii10034
ENCODING 1056
SWIDTH 667 0
DWIDTH 16 0
BBX 12 17 2 0
BITMAP
FF80
FFE0
C060
C030
C030
C030
C030
C060
FFE0
FF80
C000
C000
C000
C000
C000
C000
C000
ENDCHAR
STARTCHAR afii10035
ENCODING 1057
SWIDTH 708 0
DWIDTH 17 0
BBX 15 17 1 0
BITMAP
07E0
1FF8
383C
700C
600C
C000
C000
C000
C000
C000
C000
E000
6004
700E
383C
1FF8
07E0
ENDCHAR
STARTCHAR afii10036
ENCODING 1058
SWIDTH 583 0
DWIDTH 14 0
BBX 12 17 1 0
BITMAP
FFF0
FFF0
0600
0600
0600
0600
0600
0600
0600
0600
0600
0600
0600
0600
0600
0600
0600
ENDCHAR
STARTCHAR afii10037
ENCODING 1059
SWIDTH 625 0
DWIDTH 15 0
BBX 14 17 1 0
BITMAP
E00C
6018
7018
3030
3830
1860
0C60
0CC0
06C0
0780
0380
0300
0300
0600
0E00
FC00
7800
ENDCHAR
STARTCHAR afii10038
ENCODING 1060
SWIDTH 750 0
DWIDTH 18 0
BBX 16 17 1 0
BITMAP
0180
0180
0FF0
3FFC
718E
E187
C183
C183
C183
C183
6186
718E
3FFC
0FF0
0180
0180
0180
ENDCHAR
STARTCHAR afii10039
ENCODING 1061
SWIDTH 625 0
DWIDTH 15 0
BBX 15 17 0 0
BITMAP
E00E
701C
3018
1830
1C70
0EE0
06C0
0380
0380
07C0
06E0
0C60
1830
3838
3018
600C
E00E
ENDCHAR
STARTCHAR afii10040
ENCODING 1062
SWIDTH 750 0
DWIDTH 18 0
BBX 15 22 2 -5
BITMAP
C018
C018
C018
C018
C018
C018
C018
C018
C018
C018
C018
C018
C018
C018
C018
FFFE
FFFE
0006
0006
0006
0006
0006
ENDCHAR
STARTCHAR afii10041
ENCODING 1063
SWIDTH 667 0
DWIDTH 16 0
BBX 12 17 2 0
BITMAP
C030
C030
C030
C030
C030
C030
C030
C030
C030
E030
7FF0
3FB0
0030
0030
0030
0030
0030
ENDCHAR
STARTCHAR afii10042
ENCODING 1064
SWIDTH 917 0
DWIDTH 22 0
BBX 18 17 2 0
BITMAP
C0C0C0
C0C0C0
C0C0C0
C0C0C0
C0C0C0
C0C0C0
C0C0C0
C0C0C0
C0C0C0
C0C0C0
C0C0C0
C0C0C0
C0C0C0
C0C0C0
C0C0C0
FFFFC0
FFFFC0
ENDCHAR
STARTCHAR afii10043
ENCODING 1065
SWIDTH 958 0
DWIDTH 23 0
BBX 20 22 2 -5
BITMAP
C0C0C0
C0C0C0
C0C0C0
C0C0C0
C0C0C0
C0C0C0
C0C0C0
C0C0C0
C0C0C0
C0C0C0
C0C0C0
C0C0C0
C0C0C0
C0C0C0
C0C0C0
FFFFF0
FFFFF0
000030
000030
000030
000030
000030
ENDCHAR
STARTCHAR afii10044
ENCODING 1066
SWIDTH 792 0
DWIDTH 19 0
BBX 18 17 0 0
BITMAP
FF0000
FF0000
030000
030000
030000
030000
030000
03FE00
03FF80
030180
0300C0
0300C0
0300C0
0300C0
030180
03FF80
03FE00
ENDCHAR
STARTCHAR afii10045
ENCODING 1067
SWIDTH 875 0
DWIDTH 21 0
BBX 17 17 2 0
BITMAP
C00180
C00180
C00180
C00180
C00180
C00180
C00180
FF8180
FFE180
C06180
C03180
C03180
C03180
C03180
C06180
FFE180
FF8180
ENDCHAR
STARTCHAR afii10046
ENCODING 1068
SWIDTH 667 0
DWIDTH 16 0
BBX 13 17 2 0
BITMAP
C000
C000
C000
C000
C000
C000
C000
FFC0
FFF0
C070
C018
C018
C018
C018
C030
FFF0
FFC0
ENDCHAR
STARTCHAR afii10047
ENCODING 1069
SWIDTH 708 0
DWIDTH 17 0
BBX 15 17 1 0
BITMAP
0FC0
3FF0
7838
E01C
600C
0006
0006
07FE
07FE
0006
0006
000E
400C
E01C
7838
3FF0
0FC0
ENDCHAR
STARTCHAR afii10048
ENCODING 1070
SWIDTH 1000 0
DWIDTH 24 0
BBX 21 17 2 0
BITMAP
C03F00
C07FC0
C0E0E0
C1C070
C18030
C30018
C30018
FF0018
FF0018
C30018
C30018
C30018
C18030
C1C070
C0E0E0
C07FC0
C01F00
ENDCHAR
STARTCHAR afii10049
ENCODING 1071
SWIDTH 708 0
DWIDTH 17 0
BBX 14 17 1 0
BITMAP
0FFC
3FFC
300C
600C
600C
600C
600C
300C
3FFC
0FFC
0E0C
0C0C
180C
380C
300C
700C
E00C
ENDCHAR
STARTCHAR afii10065
ENCODING 1072
SWIDTH 542 0
DWIDTH 13 0
BBX 12 13 1 0
BITMAP
3F00
7F80
E1C0
C0C0
00C0
3FC0
7FC0
E0C0
C0C0
C1C0
E3C0
7EF0
3C70
ENDCHAR
STARTCHAR afii10066
ENCODING 1073
SWIDTH 583 0
DWIDTH 14 0
BBX 12 18 1 0
BITMAP
0020
07E0
1FC0
3800
6000
6000
4F80
5FE0
F060
E060
E070
E030
6030
6070
6060
6060
39C0
1F80
ENDCHAR
STARTCHAR afii10067
ENCODING 1074
SWIDTH 542 0
DWIDTH 13 0
BBX 10 13 2 0
BITMAP
FF00
FFC0
C0C0
C0C0
C0C0
FF00
FF80
C1C0
C0C0
C0C0
C1C0
FF80
FF00
ENDCHAR
STARTCHAR afii10068
ENCODING 1075
SWIDTH 375 0
DWIDTH 9 0
BBX 7 13 2 0
BITMAP
FE
FE
C0
C0
C0
C0
C0
C0
C0
C0
C0
C0
C0
ENDCHAR
STARTCHAR afii10069
ENCODING 1076
SWIDTH 583 0
DWIDTH 14 0
BBX 13 18 0 -5
BITMAP
0FF0
0FF0
0C30
0C30
1C30
1830
1830
1830
3830
3030
3030
FFF8
FFF8
C018
C018
C018
C018
C018
ENDCHAR
STARTCHAR afii10070
ENCODING 1077
SWIDTH 542 0
DWIDTH 13 0
BBX 11 13 1 0
BITMAP
1F00
3F80
60C0
C060
C060
FFE0
FFE0
C000
C000
E060
70E0
3FC0
1F00
ENDCHAR
STARTCHAR afii10072
ENCODING 1078
SWIDTH 667 0
DWIDTH 16 0
BBX 16 13 0 0
BITMAP
C183
6186
318C
399C
1DB8
0FF0
1FF8
1998
399C
318C
6186
6186
C183
ENDCHAR
STARTCHAR afii10073
ENCODING 1079
SWIDTH 458 0
DWIDTH 11 0
BBX 9 13 1 0
BITMAP
3E00
7F00
E180
C180
0380
1F00
1F00
0380
0180
C180
E380
7F00
3E00
ENDCHAR
STARTCHAR afii10074
ENCODING 1080
SWIDTH 542 0
DWIDTH 13 0
BBX 9 13 2 0
BITMAP
C380
C380
C380
C780
C580
CD80
C980
D980
D180
F180
E180
E180
C180
ENDCHAR
STARTCHAR afii10075
ENCODING 1081
SWIDTH 542 0
DWIDTH 13 0
BBX 9 18 2 0
BITMAP
C180
C180
6300
3E00
0000
C380
C380
C380
C780
C580
CD80
C980
D980
D180
F180
E180
E180
C180
ENDCHAR
STARTCHAR afii10076
ENCODING 1082
SWIDTH 458 0
DWIDTH 11 0
BBX 9 13 2 0
BITMAP
C180
C300
C600
CE00
DC00
F800
F800
CC00
CE00
C600
C300
C300
C180
ENDCHAR
STARTCHAR afii10077
ENCODING 1083
SWIDTH 583 0
DWIDTH 14 0
BBX 12 13 0 0
BITMAP
0FF0
0FF0
1830
1830
1830
1830
1830
1830
3830
3030
3030
F030
E030
ENDCHAR
STARTCHAR afii10078
ENCODING 1084
SWIDTH 708 0
DWIDTH 17 0
BBX 13 13 2 0
BITMAP
E038
F078
F078
D058
D8D8
D8D8
C898
CD98
CD98
CD98
C518
C718
C718
ENDCHAR
STARTCHAR afii10079
ENCODING 1085
SWIDTH 542 0
DWIDTH 13 0
BBX 9 13 2 0
BITMAP
C180
C180
C180
C180
C180
FF80
FF80
C180
C180
C180
C180
C180
C180
ENDCHAR
STARTCHAR afii10080
ENCODING 1086
SWIDTH 542 0
DWIDTH 13 0
BBX 11 13 1 0
BITMAP
1F00
7FC0
60C0
E0E0
C060
C060
C060
C060
C060
E0E0
60C0
3F80
1F00
ENDCHAR
STARTCHAR afii10081
ENCODING 1087
SWIDTH 542 0
DWIDTH 13 0
BBX 9 13 2 0
BITMAP
FF80
FF80
C180
C180
C180
C180
C180
C180
C180
C180
C180
C180
C180
ENDCHAR
STARTCHAR afii10082
ENCODING 1088
SWIDTH 583 0
DWIDTH 14 0
BBX 11 18 2 -5
BITMAP
CF80
DFC0
F0C0
E060
C060
C060
C060
C060
C060
E0E0
F0C0
DFC0
CF00
C000
C000
C000
C000
C000
ENDCHAR
STARTCHAR afii10083
ENCODING 1089
SWIDTH 500 0
DWIDTH 12 0
BBX 10 13 1 0
BITMAP
1F00
3F80
61C0
C0C0
C000
C000
C000
C000
C000
E0C0
61C0
3F80
1F00
ENDCHAR
STARTCHAR afii10084
ENCODING 1090
SWIDTH 458 0
DWIDTH 11 0
BBX 10 13 0 0
BITMAP
FFC0
FFC0
0C00
0C00
0C00
0C00
0C00
0C00
0C00
0C00
0C00
0C00
0C00
ENDCHAR
STARTCHAR afii10085
ENCODING 1091
SWIDTH 500 0
DWIDTH 12 0
BBX 12 18 0 -5
BITMAP
C030
E070
6060
6060
30C0
30C0
38C0
1980
1980
0F00
0F00
0F00
0600
0600
0C00
1C00
7800
7000
ENDCHAR
STARTCHAR afii10086
ENCODING 1092
SWIDTH 833 0
DWIDTH 20 0
BBX 18 22 1 -5
BITMAP
00C000
00C000
00C000
00C000
3CCF00
7EDF80
61E180
C0E0C0
C0C0C0
C0C0C0
C0C0C0
C0C0C0
C0C0C0
C1C0C0
61E180
7EDF80
3CCF00
00C000
00C000
00C000
00C000
00C000
ENDCHAR
STARTCHAR afii10087
ENCODING 1093
SWIDTH 458 0
DWIDTH 11 0
BBX 11 13 0 0
BITMAP
C060
60C0
3180
3180
1B00
0E00
0E00
1F00
1B00
3180
71C0
60C0
C060
ENDCHAR
STARTCHAR afii10088
ENCODING 1094
SWIDTH 583 0
DWIDTH 14 0
BBX 12 18 2 -5
BITMAP
C0C0
C0C0
C0C0
C0C0
C0C0
C0C0
C0C0
C0C0
C0C0
C0C0
C0C0
FFF0
FFF0
0030
0030
0030
0030
0030
ENDCHAR
STARTCHAR afii10089
ENCODING 1095
SWIDTH 542 0
DWIDTH 13 0
BBX 10 13 1 0
BITMAP
C0C0
C0C0
C0C0
C0C0
C0C0
C0C0
E0C0
7FC0
3EC0
00C0
00C0
00C0
00C0
ENDCHAR
STARTCHAR afii10090
ENCODING 1096
SWIDTH 792 0
DWIDTH 19 0
BBX 16 13 2 0
BITMAP
C183
C183
C183
C183
C183
C183
C183
C183
C183
C183
C183
FFFF
FFFF
ENDCHAR
STARTCHAR afii10091
ENCODING 1097
SWIDTH 833 0
DWIDTH 20 0
BBX 18 18 2 -5
BITMAP
C18300
C18300
C18300
C18300
C18300
C18300
C18300
C18300
C18300
C18300
C18300
FFFFC0
FFFFC0
0000C0
0000C0
0000C0
0000C0
0000C0
ENDCHAR
STARTCHAR afii10092
ENCODING 1098
SWIDTH 625 0
DWIDTH 15 0
BBX 14 13 0 0
BITMAP
FC00
FC00
0C00
0C00
0C00
0FF0
0FF8
0C1C
0C0C
0C0C
0C1C
0FF8
0FF0
ENDCHAR
STARTCHAR afii10093
ENCODING 1099
SWIDTH 708 0
DWIDTH 17 0
BBX 13 13 2 0
BITMAP
C018
C018
C018
C018
C018
FE18
FF18
C398
C198
C198
C398
FF18
FE18
ENDCHAR
STARTCHAR afii10094
ENCODING 1100
SWIDTH 542 0
DWIDTH 13 0
BBX 10 13 2 0
BITMAP
C000
C000
C000
C000
C000
FF00
FF80
C1C0
C0C0
C0C0
C1C0
FF80
FF00
ENDCHAR
STARTCHAR afii10095
ENCODING 1101
SWIDTH 500 0
DWIDTH 12 0
BBX 10 13 1 0
BITMAP
3E00
7F80
E180
C0C0
00C0
1FC0
1FC0
00C0
00C0
C1C0
E180
7F80
3E00
ENDCHAR
STARTCHAR afii10096
ENCODING 1102
SWIDTH 750 0
DWIDTH 18 0
BBX 15 13 2 0
BITMAP
C0F0
C3FC
C30C
C606
C606
FE06
FE06
C606
C606
C706
C30C
C3FC
C0F0
ENDCHAR
STARTCHAR afii10097
ENCODING 1103
SWIDTH 542 0
DWIDTH 13 0
BBX 11 13 0 0
BITMAP
1FE0
3FE0
7060
6060
6060
7060
3FE0
1FE0
1C60
1860
3060
6060
E060
ENDCHAR
STARTCHAR afii10071
ENCODING 1105
SWIDTH 542 0
DWIDTH 13 0
BBX 11 17 1 0
BITMAP
3180
3180
0000
0000
1F00
3F80
60C0
C060
C060
FFE0
FFE0
C000
C000
E060
70E0
3FC0
1F00
ENDCHAR
STARTCHAR afii10099
ENCODING 1106
SWIDTH 583 0
DWIDTH 14 0
BBX 12 22 0 -5
BITMAP
3000
FF00
FF00
3000
33C0
37E0
3C70
3830
3030
3030
3030
3030
3030
3030
3030
3030
3030
0030
0030
0030
00F0
00E0
ENDCHAR
STARTCHAR afii10100
ENCODING 1107
SWIDTH 375 0
DWIDTH 9 0
BBX 7 18 2 0
BITMAP
0E
0C
18
30
00
FE
FE
C0
C0
C0
C0
C0
C0
C0
C0
C0
C0
C0
ENDCHAR
STARTCHAR afii10101
ENCODING 1108
SWIDTH 500 0
DWIDTH 12 0
BBX 10 13 1 0
BITMAP
1F00
3F80
61C0
C0C0
C000
FE00
FE00
C000
C000
E0C0
61C0
3F80
1F00
ENDCHAR
STARTCHAR afii10102
ENCODING 1109
SWIDTH 500 0
DWIDTH 12 0
BBX 10 13 1 0
BITMAP
3F00
7F80
C1C0
C0C0
E000
7C00
3F00
03C0
00C0
C0C0
E1C0
7F80
3F00
ENDCHAR
STARTCHAR afii10103
ENCODING 1110
SWIDTH 208 0
DWIDTH 5 0
BBX 2 17 1 0
BITMAP
C0
C0
00
00
C0
C0
C0
C0
C0
C0
C0
C0
C0
C0
C0
C0
C0
ENDCHAR
STARTCHAR afii10104
ENCODING 1111
SWIDTH 250 0
DWIDTH 6 0
BBX 7 17 0 0
BITMAP
C6
C6
00
00
30
30
30
30
30
30
30
30
30
30
30
30
30
ENDCHAR
STARTCHAR afii10105
ENCODING 1112
SWIDTH 250 0
DWIDTH 6 0
BBX 4 22 0 -5
BITMAP
30
30
00
00
30
30
30
30
30
30
30
30
30
30
30
30
30
30
30
30
F0
E0
ENDCHAR
STARTCHAR afii10106
ENCODING 1113
SWIDTH 917 0
DWIDTH 22 0
BBX 21 13 0 0
BITMAP
07F800
07F800
0E1800
0C1800
0C1800
0C1FE0
0C1FF0
181838
181818
181818
301838
F01FF0
E01FE0
ENDCHAR
STARTCHAR afii10107
ENCODING 1114
SWIDTH 833 0
DWIDTH 20 0
BBX 17 13 2 0
BITMAP
C18000
C18000
C18000
C18000
C18000
FFFE00
FFFF00
C18380
C18180
C18180
C18380
C1FF00
C1FE00
ENDCHAR
STARTCHAR afii10108
ENCODING 1115
SWIDTH 583 0
DWIDTH 14 0
BBX 12 17 0 0
BITMAP
3000
FF00
FF00
3000
33C0
37E0
3C70
3830
3030
3030
3030
3030
3030
3030
3030
3030
3030
ENDCHAR
STARTCHAR afii10109
ENCODING 1116
SWIDTH 458 0
DWIDTH 11 0
BBX 9 18 2 0
BITMAP
0700
0600
0C00
1800
0000
C180
C300
C600
CE00
DC00
F800
F800
CC00
CE00
C600
C300
C300
C180
ENDCHAR
STARTCHAR afii10110
ENCODING 1118
SWIDTH 500 0
DWIDTH 12 0
BBX 12 23 0 -5
BITMAP
3060
3060
18C0
0F80
0000
C030
E070
6060
6060
30C0
30C0
38C0
1980
1980
0F00
0F00
0F00
0600
0600
0C00
1C00
7800
7000
ENDCHAR
STARTCHAR afii10193
ENCODING 1119
SWIDTH 542 0
DWIDTH 13 0
BBX 9 18 2 -5
BITMAP
C180
C180
C180
C180
C180
C180
C180
C180
C180
C180
C180
FF80
FF80
0C00
0C00
0C00
0C00
0C00
ENDCHAR
STARTCHAR afii10050
ENCODING 1168
SWIDTH 500 0
DWIDTH 12 0
BBX 9 22 2 0
BITMAP
0180
0180
0180
0180
0180
FF80
FF80
C000
C000
C000
C000
C000
C000
C000
C000
C000
C000
C000
C000
C000
C000
C000
ENDCHAR
STARTCHAR afii10098
ENCODING 1169
SWIDTH 417 0
DWIDTH 10 0
BBX 7 17 2 0
BITMAP
06
06
06
06
FE
FE
C0
C0
C0
C0
C0
C0
C0
C0
C0
C0
C0
ENDCHAR
STARTCHAR uni1E3E
ENCODING 7742
SWIDTH 792 0
DWIDTH 19 0
BBX 15 23 2 0
BITMAP
0060
00E0
01C0
0300
0000
E00E
E00E
F00E
F01E
D81E
D816
D836
CC36
CC26
C466
C666
C6C6
C2C6
C386
C386
C186
C006
C006
ENDCHAR
STARTCHAR uni1E3F
ENCODING 7743
SWIDTH 917 0
DWIDTH 22 0
BBX 18 21 2 0
BITMAP
001000
003800
003000
006000
00C000
004000
000000
000000
CF8F80
DFDFC0
E0E0C0
C0C0C0
C0C0C0
C0C0C0
C0C0C0
C0C0C0
C0C0C0
C0C0C0
C0C0C0
C0C0C0
C0C0C0
ENDCHAR
STARTCHAR Wgrave
ENCODING 7808
SWIDTH 958 0
DWIDTH 23 0
BBX 23 21 0 0
BITMAP
00E000
003000
001800
000000
C01006
E0380E
60380C
60280C
606C0C
306C18
306C18
304418
18C630
18C630
188230
0D8360
0D8360
0D8360
050140
0701C0
0701C0
ENDCHAR
STARTCHAR wgrave
ENCODING 7809
SWIDTH 708 0
DWIDTH 17 0
BBX 17 18 0 0
BITMAP
070000
030000
018000
00C000
000000
C1C180
C1C180
C14180
636300
636300
636300
222200
363600
363600
363600
141400
1C1C00
1C1C00
ENDCHAR
STARTCHAR Wacute
ENCODING 7810
SWIDTH 958 0
DWIDTH 23 0
BBX 23 21 0 0
BITMAP
000E00
001800
003000
000000
C01006
E0380E
60380C
60280C
606C0C
306C18
306C18
304418
18C630
18C630
188230
0D8360
0D8360
0D8360
050140
0701C0
0701C0
ENDCHAR
STARTCHAR wacute
ENCODING 7811
SWIDTH 708 0
DWIDTH 17 0
BBX 17 18 0 0
BITMAP
007000
006000
00C000
018000
000000
C1C180
C1C180
C14180
636300
636300
636300
222200
363600
363600
363600
141400
1C1C00
1C1C00
ENDCHAR
STARTCHAR Wdieresis
ENCODING 7812
SWIDTH 958 0
DWIDTH 23 0
BBX 23 20 0 0
BITMAP
00C600
00C600
000000
C01006
E0380E
60380C
60280C
606C0C
306C18
306C18
304418
18C630
18C630
188230
0D8360
0D8360
0D8360
050140
0701C0
0701C0
ENDCHAR
STARTCHAR wdieresis
ENCODING 7813
SWIDTH 708 0
DWIDTH 17 0
BBX 17 17 0 0
BITMAP
063000
063000
000000
000000
C1C180
C1C180
C14180
636300
636300
636300
222200
363600
363600
363600
141400
1C1C00
1C1C00
ENDCHAR
STARTCHAR uni1EA0
ENCODING 7840
SWIDTH 625 0
DWIDTH 15 0
BBX 15 24 0 -6
BITMAP
0380
0380
0780
06C0
06C0
0CC0
0C60
0C60
1860
1870
1830
3FF0
3FF8
3018
6018
601C
600C
C00C
0002
0000
0000
0380
0380
0100
ENDCHAR
STARTCHAR uni1EA1
ENCODING 7841
SWIDTH 583 0
DWIDTH 14 0
BBX 11 19 1 -6
BITMAP
3F80
7BC0
20C0
00C0
00E0
0FE0
3CE0
70E0
60E0
E0E0
60E0
7760
3E60
0000
0000
0000
0E00
0E00
0400
ENDCHAR
STARTCHAR uni1EA2
ENCODING 7842
SWIDTH 625 0
DWIDTH 15 0
BBX 15 23 0 0
BITMAP
0780
0080
0080
0300
0000
0380
0380
0780
06C0
06C0
0CC0
0C60
0C60
1860
1870
1830
3FF0
3FF8
3018
6018
601C
600C
C00E
ENDCHAR
STARTCHAR uni1EA3
ENCODING 7843
SWIDTH 583 0
DWIDTH 14 0
BBX 11 20 1 0
BITMAP
0F00
0300
0100
0700
0400
0000
0000
3F80
7BC0
20C0
00C0
00E0
0FE0
3CE0
70E0
60E0
E0E0
60E0
7760
3E60
ENDCHAR
STARTCHAR uni1EA4
ENCODING 7844
SWIDTH 625 0
DWIDTH 15 0
BBX 15 24 0 0
BITMAP
0008
0018
03B0
07E0
0C60
0000
0380
0380
0780
06C0
06C0
0CC0
0C60
0C60
1860
1870
1830
3FF0
3FF8
3018
6018
601C
600C
C00E
ENDCHAR
STARTCHAR uni1EA5
ENCODING 7845
SWIDTH 583 0
DWIDTH 14 0
BBX 12 21 1 0
BITMAP
0010
0030
0660
0F40
19C0
1080
0000
0000
3F80
7BC0
20C0
00C0
00E0
0FE0
3CE0
70E0
60E0
E0E0
60E0
7760
3E60
ENDCHAR
STARTCHAR uni1EA6
ENCODING 7846
SWIDTH 625 0
DWIDTH 15 0
BBX 15 24 0 0
BITMAP
2000
3000
1B80
0FC0
0C60
0000
0380
0380
0780
06C0
06C0
0CC0
0C60
0C60
1860
1870
1830
3FF0
3FF8
3018
6018
601C
600C
C00E
ENDCHAR
STARTCHAR uni1EA7
ENCODING 7847
SWIDTH 583 0
DWIDTH 14 0
BBX 11 21 1 0
BITMAP
8000
C000
6600
3F00
19C0
1080
0000
0000
3F80
7BC0
20C0
00C0
00E0
0FE0
3CE0
70E0
60E0
E0E0
60E0
7760
3E60
ENDCHAR
STARTCHAR uni1EA8
ENCODING 7848
SWIDTH 625 0
DWIDTH 15 0
BBX 15 24 0 0
BITMAP
0070
0018
0398
07E0
0C60
0000
0380
0380
0780
06C0
06C0
0CC0
0C60
0C60
1860
1870
1830
3FF0
3FF8
3018
6018
601C
600C
C00E
ENDCHAR
STARTCHAR uni1EA9
ENCODING 7849
SWIDTH 583 0
DWIDTH 14 0
BBX 12 21 1 0
BITMAP
00E0
0030
0630
0F60
19C0
1080
0000
0000
3F80
7BC0
20C0
00C0
00E0
0FE0
3CE0
70E0
60E0
E0E0
60E0
7760
3E60
ENDCHAR
STARTCHAR uni1EAA
ENCODING 7850
SWIDTH 625 0
DWIDTH 15 0
BBX 15 25 0 0
BITMAP
0E20
19E0
0000
0380
07C0
0C60
0000
0380
0380
0780
06C0
06C0
0CC0
0C60
0C60
1860
1870
1830
3FF0
3FF8
3018
6018
601C
600C
C00E
ENDCHAR
STARTCHAR uni1EAB
ENCODING 7851
SWIDTH 583 0
DWIDTH 14 0
BBX 11 22 1 0
BITMAP
0880
1EC0
3380
0600
0F00
19C0
1080
0000
0000
3F80
7BC0
20C0
00C0
00E0
0FE0
3CE0
70E0
60E0
E0E0
60E0
7760
3E60
ENDCHAR
STARTCHAR uni1EAC
ENCODING 7852
SWIDTH 625 0
DWIDTH 15 0
BBX 15 28 0 -6
BITMAP
0780
0CC0
1860
0000
0380
0380
0780
06C0
06C0
0CC0
0C60
0C60
1860
1870
1830
3FF0
3FF8
3018
6018
601C
600C
C00C
0002
0000
0000
0380
0380
0100
ENDCHAR
STARTCHAR uni1EAD
ENCODING 7853
SWIDTH 583 0
DWIDTH 14 0
BBX 11 26 1 -6
BITMAP
0700
0F00
1980
30C0
2040
0000
0000
3F80
7BC0
20C0
00C0
00E0
0FE0
3CE0
70E0
60E0
E0E0
60E0
7760
3E60
0000
0000
0000
0E00
0E00
0400
ENDCHAR
STARTCHAR uni1EAE
ENCODING 7854
SWIDTH 625 0
DWIDTH 15 0
BBX 15 25 0 0
BITMAP
00C0
0180
1B20
0820
0C60
07C0
0000
0380
0380
0780
06C0
06C0
0CC0
0C60
0C60
1860
1870
1830
3FF0
3FF8
3018
6018
601C
600C
C00E
ENDCHAR
STARTCHAR uni1EAF
ENCODING 7855
SWIDTH 583 0
DWIDTH 14 0
BBX 11 22 1 0
BITMAP
0180
0300
1640
3440
30C0
1F80
0700
0000
0000
3F80
7BC0
20C0
00C0
00E0
0FE0
3CE0
70E0
60E0
E0E0
60E0
7760
3E60
ENDCHAR
STARTCHAR uni1EB0
ENCODING 7856
SWIDTH 625 0
DWIDTH 15 0
BBX 15 25 0 0
BITMAP
0C00
0600
1B20
0820
0C60
07C0
0000
0380
0380
0780
06C0
06C0
0CC0
0C60
0C60
1860
1870
1830
3FF0
3FF8
3018
6018
601C
600C
C00E
ENDCHAR
STARTCHAR uni1EB1
ENCODING 7857
SWIDTH 583 0
DWIDTH 14 0
BBX 11 22 1 0
BITMAP
0C00
0C00
1640
3240
30C0
1F80
0700
0000
0000
3F80
7BC0
20C0
00C0
00E0
0FE0
3CE0
70E0
60E0
E0E0
60E0
7760
3E60
ENDCHAR
STARTCHAR uni1EB2
ENCODING 7858
SWIDTH 625 0
DWIDTH 15 0
BBX 15 26 0 0
BITMAP
0200
0380
0080
19A0
0A20
0C60
07C0
0000
0380
0380
0780
06C0
06C0
0CC0
0C60
0C60
1860
1870
1830
3FF0
3FF8
3018
6018
601C
600C
C00E
ENDCHAR
STARTCHAR uni1EB3
ENCODING 7859
SWIDTH 583 0
DWIDTH 14 0
BBX 11 23 1 0
BITMAP
0400
0F00
0100
1340
3440
30C0
1F80
0700
0000
0000
3F80
7BC0
20C0
00C0
00E0
0FE0
3CE0
70E0
60E0
E0E0
60E0
7760
3E60
ENDCHAR
STARTCHAR uni1EB4
ENCODING 7860
SWIDTH 625 0
DWIDTH 15 0
BBX 15 25 0 0
BITMAP
0F20
19E0
0000
1820
0C60
07C0
0000
0380
0380
0780
06C0
06C0
0CC0
0C60
0C60
1860
1870
1830
3FF0
3FF8
3018
6018
601C
600C
C00E
ENDCHAR
STARTCHAR uni1EB5
ENCODING 7861
SWIDTH 583 0
DWIDTH 14 0
BBX 11 22 1 0
BITMAP
0880
1EC0
3380
0000
30C0
1F80
0700
0000
0000
3F80
7BC0
20C0
00C0
00E0
0FE0
3CE0
70E0
60E0
E0E0
60E0
7760
3E60
ENDCHAR
STARTCHAR uni1EB6
ENCODING 7862
SWIDTH 625 0
DWIDTH 15 0
BBX 15 29 0 -6
BITMAP
1820
0860
0CE0
07C0
0000
0380
0380
0780
06C0
06C0
0CC0
0C60
0C60
1860
1870
1830
3FF0
3FF8
3018
6018
601C
600C
C00C
0002
0000
0000
0380
0380
0100
ENDCHAR
STARTCHAR uni1EB7
ENCODING 7863
SWIDTH 583 0
DWIDTH 14 0
BBX 11 26 1 -6
BITMAP
1040
3040
30C0
1F80
0700
0000
0000
3F80
7BC0
20C0
00C0
00E0
0FE0
3CE0
70E0
60E0
E0E0
60E0
7760
3E60
0000
0000
0000
0E00
0E00
0400
ENDCHAR
STARTCHAR uni1EB8
ENCODING 7864
SWIDTH 583 0
DWIDTH 14 0
BBX 11 24 2 -6
BITMAP
FFE0
FFE0
E000
E000
E000
E000
E000
E000
FF80
FF80
E000
E000
E000
E000
E000
E000
FFE0
FFE0
0000
0000
0000
0600
0600
0400
ENDCHAR
STARTCHAR uni1EB9
ENCODING 7865
SWIDTH 542 0
DWIDTH 13 0
BBX 11 19 1 -6
BITMAP
1F80
39C0
7060
6060
E060
FFE0
FFE0
C000
E000
6000
7000
3CE0
1FC0
0000
0000
0000
0600
0700
0200
ENDCHAR
STARTCHAR uni1EBA
ENCODING 7866
SWIDTH 583 0
DWIDTH 14 0
BBX 11 23 2 0
BITMAP
0E00
0300
0300
0600
0000
FFE0
FFE0
E000
E000
E000
E000
E000
E000
FF80
FF80
E000
E000
E000
E000
E000
E000
FFE0
FFE0
ENDCHAR
STARTCHAR uni1EBB
ENCODING 7867
SWIDTH 542 0
DWIDTH 13 0
BBX 11 20 1 0
BITMAP
0E00
0300
0100
0700
0400
0000
0000
1F80
39C0
7060
6060
E060
FFE0
FFE0
C000
E000
6000
7000
3CE0
1FC0
ENDCHAR
STARTCHAR uni1EBC
ENCODING 7868
SWIDTH 583 0
DWIDTH 14 0
BBX 11 23 2 0
BITMAP
1020
3C40
67C0
6380
0000
FFE0
FFE0
E000
E000
E000
E000
E000
E000
FF80
FF80
E000
E000
E000
E000
E000
E000
FFE0
FFE0
ENDCHAR
STARTCHAR uni1EBD
ENCODING 7869
SWIDTH 542 0
DWIDTH 13 0
BBX 11 19 1 0
BITMAP
3C60
3640
63C0
0100
0000
0000
1F80
39C0
7060
6060
E060
FFE0
FFE0
C000
E000
6000
7000
3CE0
1FC0
ENDCHAR
STARTCHAR uni1EBE
ENCODING 7870
SWIDTH 583 0
DWIDTH 14 0
BBX 12 24 2 0
BITMAP
0020
0070
0EC0
1F40
3180
0000
FFE0
FFE0
E000
E000
E000
E000
E000
E000
FF80
FF80
E000
E000
E000
E000
E000
E000
FFE0
FFE0
ENDCHAR
STARTCHAR uni1EBF
ENCODING 7871
SWIDTH 542 0
DWIDTH 13 0
BBX 12 21 1 0
BITMAP
0010
0030
0660
0F40
39C0
1080
0000
0000
1F80
39C0
7060
6060
E060
FFE0
FFE0
C000
E000
6000
7000
3CE0
1FC0
ENDCHAR
STARTCHAR uni1EC0
ENCODING 7872
SWIDTH 583 0
DWIDTH 14 0
BBX 11 24 2 0
BITMAP
4000
C000
6E00
3F00
3180
0000
FFE0
FFE0
E000
E000
E000
E000
E000
E000
FF80
FF80
E000
E000
E000
E000
E000
E000
FFE0
FFE0
ENDCHAR
STARTCHAR uni1EC1
ENCODING 7873
SWIDTH 542 0
DWIDTH 13 0
BBX 12 21 0 0
BITMAP
C000
6000
3300
1780
1CE0
0840
0000
0000
0FC0
1CE0
3830
3030
7030
7FF0
7FF0
6000
7000
3000
3800
1E70
0FE0
ENDCHAR
STARTCHAR uni1EC2
ENCODING 7874
SWIDTH 583 0
DWIDTH 14 0
BBX 11 24 2 0
BITMAP
00E0
0020
0E60
1F40
3180
0000
FFE0
FFE0
E000
E000
E000
E000
E000
E000
FF80
FF80
E000
E000
E000
E000
E000
E000
FFE0
FFE0
ENDCHAR
STARTCHAR uni1EC3
ENCODING 7875
SWIDTH 542 0
DWIDTH 13 0
BBX 12 21 1 0
BITMAP
00E0
0030
0630
0F60
39C0
1080
0000
0000
1F80
39C0
7060
6060
E060
FFE0
FFE0
C000
E000
6000
7000
3CE0
1FC0
ENDCHAR
STARTCHAR uni1EC4
ENCODING 7876
SWIDTH 583 0
DWIDTH 14 0
BBX 11 25 2 0
BITMAP
3CC0
2780
0000
0E00
1F00
3180
0000
FFE0
FFE0
E000
E000
E000
E000
E000
E000
FF80
FF80
E000
E000
E000
E000
E000
E000
FFE0
FFE0
ENDCHAR
STARTCHAR uni1EC5
ENCODING 7877
SWIDTH 542 0
DWIDTH 13 0
BBX 11 22 1 0
BITMAP
0880
1EC0
3380
0600
0F00
39C0
1080
0000
0000
1F80
39C0
7060
6060
E060
FFE0
FFE0
C000
E000
6000
7000
3CE0
1FC0
ENDCHAR
STARTCHAR uni1EC6
ENCODING 7878
SWIDTH 583 0
DWIDTH 14 0
BBX 11 28 2 -6
BITMAP
0F00
1980
30C0
0000
FFE0
FFE0
E000
E000
E000
E000
E000
E000
FF80
FF80
E000
E000
E000
E000
E000
E000
FFE0
FFE0
0000
0000
0000
0600
0600
0400
ENDCHAR
STARTCHAR uni1EC7
ENCODING 7879
SWIDTH 542 0
DWIDTH 13 0
BBX 11 26 1 -6
BITMAP
0600
0F00
1980
30C0
2040
0000
0000
1F80
39C0
7060
6060
E060
FFE0
FFE0
C000
E000
6000
7000
3CE0
1FC0
0000
0000
0000
0600
0700
0200
ENDCHAR
STARTCHAR uni1EC8
ENCODING 7880
SWIDTH 292 0
DWIDTH 7 0
BBX 4 23 2 0
BITMAP
E0
30
30
E0
00
E0
E0
E0
E0
E0
E0
E0
E0
E0
E0
E0
E0
E0
E0
E0
E0
E0
E0
ENDCHAR
STARTCHAR uni1EC9
ENCODING 7881
SWIDTH 292 0
DWIDTH 7 0
BBX 3 20 2 0
BITMAP
E0
60
20
E0
80
00
00
C0
C0
C0
C0
C0
C0
C0
C0
C0
C0
C0
C0
C0
ENDCHAR
STARTCHAR uni1ECA
ENCODING 7882
SWIDTH 292 0
DWIDTH 7 0
BBX 3 24 2 -6
BITMAP
E0
E0
E0
E0
E0
E0
E0
E0
E0
E0
E0
E0
E0
E0
E0
E0
E0
E0
00
00
00
E0
E0
40
ENDCHAR
STARTCHAR uni1ECB
ENCODING 7883
SWIDTH 292 0
DWIDTH 7 0
BBX 3 25 2 -6
BITMAP
40
E0
E0
00
00
00
C0
C0
C0
C0
C0
C0
C0
C0
C0
C0
C0
C0
C0
00
00
00
E0
E0
40
ENDCHAR
STARTCHAR uni1ECC
ENCODING 7884
SWIDTH 750 0
DWIDTH 18 0
BBX 15 24 1 -6
BITMAP
07C0
0FF0
3C38
301C
700E
6006
6006
E006
E006
E006
E006
6006
6006
700E
300C
381C
1FF8
07E0
0000
0000
0000
0180
0380
0100
ENDCHAR
STARTCHAR uni1ECD
ENCODING 7885
SWIDTH 625 0
DWIDTH 15 0
BBX 12 19 1 -6
BITMAP
1F80
3DE0
7060
6070
E030
E030
E030
E030
E030
6070
7060
3FC0
1F80
0000
0000
0000
0700
0700
0200
ENDCHAR
STARTCHAR uni1ECE
ENCODING 7886
SWIDTH 750 0
DWIDTH 18 0
BBX 15 23 1 0
BITMAP
0380
00C0
00C0
0180
0000
07C0
0FF0
3C38
301C
700E
6006
6006
E006
E006
E006
E006
6006
6006
700E
300C
381C
1FF8
07E0
ENDCHAR
STARTCHAR uni1ECF
ENCODING 7887
SWIDTH 625 0
DWIDTH 15 0
BBX 12 20 1 0
BITMAP
0F00
0300
0100
0700
0400
0000
0000
1F80
3DE0
7060
6070
E030
E030
E030
E030
E030
6070
7060
3FC0
1F80
ENDCHAR
STARTCHAR uni1ED0
ENCODING 7888
SWIDTH 750 0
DWIDTH 18 0
BBX 15 24 1 0
BITMAP
0008
000C
01B0
03D0
0C60
0000
07C0
0FF0
3C38
301C
700E
6006
6006
E006
E006
E006
E006
6006
6006
700E
300C
381C
1FF8
07E0
ENDCHAR
STARTCHAR uni1ED1
ENCODING 7889
SWIDTH 625 0
DWIDTH 15 0
BBX 13 21 1 0
BITMAP
0018
0030
0660
0F40
19C0
1040
0000
0000
1F80
3DE0
7060
6070
E030
E030
E030
E030
E030
6070
7060
3FC0
1F80
ENDCHAR
STARTCHAR uni1ED2
ENCODING 7890
SWIDTH 750 0
DWIDTH 18 0
BBX 15 24 1 0
BITMAP
1000
3000
0980
0BC0
0C60
0000
07C0
0FF0
3C38
301C
700E
6006
6006
E006
E006
E006
E006
6006
6006
700E
300C
381C
1FF8
07E0
ENDCHAR
STARTCHAR uni1ED3
ENCODING 7891
SWIDTH 625 0
DWIDTH 15 0
BBX 12 21 1 0
BITMAP
8000
C000
6600
3F00
19C0
1040
0000
0000
1F80
3DE0
7060
6070
E030
E030
E030
E030
E030
6070
7060
3FC0
1F80
ENDCHAR
STARTCHAR uni1ED4
ENCODING 7892
SWIDTH 750 0
DWIDTH 18 0
BBX 15 24 1 0
BITMAP
0038
0008
0188
03D0
0C60
0000
07C0
0FF0
3C38
301C
700E
6006
6006
E006
E006
E006
E006
6006
6006
700E
300C
381C
1FF8
07E0
ENDCHAR
STARTCHAR uni1ED5
ENCODING 7893
SWIDTH 625 0
DWIDTH 15 0
BBX 12 21 1 0
BITMAP
00E0
0030
0630
0F60
19C0
1040
0000
0000
1F80
3DE0
7060
6070
E030
E030
E030
E030
E030
6070
7060
3FC0
1F80
ENDCHAR
STARTCHAR uni1ED6
ENCODING 7894
SWIDTH 750 0
DWIDTH 18 0
BBX 15 25 1 0
BITMAP
0730
0DE0
0000
0180
03C0
0C60
0000
07C0
0FF0
3C38
301C
700E
6006
6006
E006
E006
E006
E006
6006
6006
700E
300C
381C
1FF8
07E0
ENDCHAR
STARTCHAR uni1ED7
ENCODING 7895
SWIDTH 625 0
DWIDTH 15 0
BBX 12 22 1 0
BITMAP
0880
1EC0
1380
0600
0F00
19C0
1040
0000
0000
1F80
3DE0
7060
6070
E030
E030
E030
E030
E030
6070
7060
3FC0
1F80
ENDCHAR
STARTCHAR uni1ED8
ENCODING 7896
SWIDTH 750 0
DWIDTH 18 0
BBX 15 28 1 -6
BITMAP
03C0
0660
0C30
0000
07C0
0FF0
3C38
301C
700E
6006
6006
E006
E006
E006
E006
6006
6006
700E
300C
381C
1FF8
07E0
0000
0000
0000
0180
0380
0100
ENDCHAR
STARTCHAR uni1ED9
ENCODING 7897
SWIDTH 625 0
DWIDTH 15 0
BBX 12 26 1 -6
BITMAP
0700
0F00
1980
30C0
1040
0000
0000
1F80
3DE0
7060
6070
E030
E030
E030
E030
E030
6070
7060
3FC0
1F80
0000
0000
0000
0700
0700
0200
ENDCHAR
STARTCHAR uni1EDA
ENCODING 7898
SWIDTH 750 0
DWIDTH 18 0
BBX 16 23 1 0
BITMAP
0060
00F2
01C6
0183
0002
07C6
0FFC
1C38
381C
700E
6006
6006
6006
E006
E006
6006
6006
6006
700E
300C
381C
1FF8
07E0
ENDCHAR
STARTCHAR uni1EDB
ENCODING 7899
SWIDTH 625 0
DWIDTH 15 0
BBX 13 21 1 0
BITMAP
0080
01C0
0180
0308
0618
0418
0018
0030
1FE0
3DE0
7060
6070
E030
E030
E030
E030
E030
6070
7060
3FC0
1F80
ENDCHAR
STARTCHAR uni1EDC
ENCODING 7900
SWIDTH 750 0
DWIDTH 18 0
BBX 16 23 1 0
BITMAP
0400
0F02
0386
0183
0002
07C6
0FFC
1C38
381C
700E
6006
6006
6006
E006
E006
6006
6006
6006
700E
300C
381C
1FF8
07E0
ENDCHAR
STARTCHAR uni1EDD
ENCODING 7901
SWIDTH 625 0
DWIDTH 15 0
BBX 13 21 1 0
BITMAP
1000
3800
1C00
0608
0318
0218
0018
0030
1FE0
3DE0
7060
6070
E030
E030
E030
E030
E030
6070
7060
3FC0
1F80
ENDCHAR
STARTCHAR uni1EDE
ENCODING 7902
SWIDTH 750 0
DWIDTH 18 0
BBX 16 23 1 0
BITMAP
03C0
00C2
00C6
0183
0002
07C6
0FFC
1C38
381C
700E
6006
6006
6006
E006
E006
6006
6006
6006
700E
300C
381C
1FF8
07E0
ENDCHAR
STARTCHAR uni1EDF
ENCODING 7903
SWIDTH 625 0
DWIDTH 15 0
BBX 13 20 1 0
BITMAP
0700
0300
0108
0718
0418
0018
0030
1FE0
3DE0
7060
6070
E030
E030
E030
E030
E030
6070
7060
3FC0
1F80
ENDCHAR
STARTCHAR uni1EE0
ENCODING 7904
SWIDTH 750 0
DWIDTH 18 0
BBX 16 23 1 0
BITMAP
0408
0F12
19F6
18E3
0002
07C6
0FFC
1C38
381C
700E
6006
6006
6006
E006
E006
6006
6006
6006
700E
300C
381C
1FF8
07E0
ENDCHAR
STARTCHAR uni1EE1
ENCODING 7905
SWIDTH 625 0
DWIDTH 15 0
BBX 13 19 1 0
BITMAP
3C60
2648
63D8
0118
0018
0030
1FE0
3DE0
7060
6070
E030
E030
E030
E030
E030
6070
7060
3FC0
1F80
ENDCHAR
STARTCHAR uni1EE2
ENCODING 7906
SWIDTH 750 0
DWIDTH 18 0
BBX 16 28 1 -6
BITMAP
0002
0006
0003
0002
07C6
0FFC
1C38
381C
700E
6006
6006
6006
E006
E006
6006
6006
6006
700E
300C
381C
1FF8
07E0
0000
0000
0000
0180
0380
0100
ENDCHAR
STARTCHAR uni1EE3
ENCODING 7907
SWIDTH 625 0
DWIDTH 15 0
BBX 13 24 1 -6
BITMAP
0008
0018
0018
0018
0030
1FE0
3DE0
7060
6070
E030
E030
E030
E030
E030
6070
7060
3FC0
1F80
0000
0000
0000
0700
0700
0200
ENDCHAR
STARTCHAR uni1EE4
ENCODING 7908
SWIDTH 708 0
DWIDTH 17 0
BBX 13 24 2 -6
BITMAP
E018
E018
E018
E018
E018
E018
E018
E018
E018
E018
E018
E018
E018
6018
6030
7070
3FE0
1FC0
0000
0000
0000
0700
0700
0200
ENDCHAR
STARTCHAR uni1EE5
ENCODING 7909
SWIDTH 625 0
DWIDTH 15 0
BBX 10 19 2 -6
BITMAP
C0C0
C0C0
C0C0
C0C0
C0C0
C0C0
C0C0
C0C0
C0C0
C0C0
E1C0
7FC0
7E40
0000
0000
0000
0E00
0E00
0400
ENDCHAR
STARTCHAR uni1EE6
ENCODING 7910
SWIDTH 708 0
DWIDTH 17 0
BBX 13 23 2 0
BITMAP
0700
0180
0180
0300
0000
E018
E018
E018
E018
E018
E018
E018
E018
E018
E018
E018
E018
E018
6018
6030
7070
3FE0
1FC0
ENDCHAR
STARTCHAR uni1EE7
ENCODING 7911
SWIDTH 625 0
DWIDTH 15 0
BBX 10 20 2 0
BITMAP
1E00
0600
0200
0E00
0800
0000
0000
C0C0
C0C0
C0C0
C0C0
C0C0
C0C0
C0C0
C0C0
C0C0
C0C0
E1C0
7FC0
7E40
ENDCHAR
STARTCHAR uni1EE8
ENCODING 7912
SWIDTH 750 0
DWIDTH 18 0
BBX 16 23 2 0
BITMAP
00C0
01C3
0383
0603
0003
E01E
E018
E018
E018
E018
E018
E018
E018
E018
E018
E018
E018
E018
6018
6030
7070
3FE0
1FC0
ENDCHAR
STARTCHAR uni1EE9
ENCODING 7913
SWIDTH 625 0
DWIDTH 15 0
BBX 13 21 2 0
BITMAP
0100
0380
0700
0608
0C18
0818
0018
0030
C0E0
C0C0
C0C0
C0C0
C0C0
C0C0
C0C0
C0C0
C0C0
C0C0
E1C0
7FC0
7E40
ENDCHAR
STARTCHAR uni1EEA
ENCODING 7914
SWIDTH 750 0
DWIDTH 18 0
BBX 16 23 2 0
BITMAP
0800
1C03
0603
0303
0003
E01E
E018
E018
E018
E018
E018
E018
E018
E018
E018
E018
E018
E018
6018
6030
7070
3FE0
1FC0
ENDCHAR
STARTCHAR uni1EEB
ENCODING 7915
SWIDTH 625 0
DWIDTH 15 0
BBX 13 21 2 0
BITMAP
2000
7000
3800
1C08
0E18
0418
0018
0030
C0E0
C0C0
C0C0
C0C0
C0C0
C0C0
C0C0
C0C0
C0C0
C0C0
E1C0
7FC0
7E40
ENDCHAR
STARTCHAR uni1EEC
ENCODING 7916
SWIDTH 750 0
DWIDTH 18 0
BBX 16 23 2 0
BITMAP
0700
0183
0183
0303
0003
E01E
E018
E018
E018
E018
E018
E018
E018
E018
E018
E018
E018
E018
6018
6030
7070
3FE0
1FC0
ENDCHAR
STARTCHAR uni1EED
ENCODING 7917
SWIDTH 625 0
DWIDTH 15 0
BBX 13 20 2 0
BITMAP
1E00
0600
0208
0E18
0818
0018
0030
C0E0
C0C0
C0C0
C0C0
C0C0
C0C0
C0C0
C0C0
C0C0
C0C0
E1C0
7FC0
7E40
ENDCHAR
STARTCHAR uni1EEE
ENCODING 7918
SWIDTH 750 0
DWIDTH 18 0
BBX 16 23 2 0
BITMAP
0800
1E23
33E3
21C3
0003
E01E
E018
E018
E018
E018
E018
E018
E018
E018
E018
E018
E018
E018
6018
6030
7070
3FE0
1FC0
ENDCHAR
STARTCHAR uni1EEF
ENCODING 7919
SWIDTH 625 0
DWIDTH 15 0
BBX 13 19 2 0
BITMAP
78C0
6CC8
4798
8118
0018
0030
C0E0
C0C0
C0C0
C0C0
C0C0
C0C0
C0C0
C0C0
C0C0
C0C0
E1C0
7FC0
7E40
ENDCHAR
STARTCHAR uni1EF0
ENCODING 7920
SWIDTH 750 0
DWIDTH 18 0
BBX 16 28 2 -6
BITMAP
0003
0003
0003
0003
E01E
E018
E018
E018
E018
E018
E018
E018
E018
E018
E018
E018
E018
6018
6030
7070
3FE0
1FC0
0000
0000
0000
0700
0700
0200
ENDCHAR
STARTCHAR uni1EF1
ENCODING 7921
SWIDTH 625 0
DWIDTH 15 0
BBX 13 24 2 -6
BITMAP
0008
0018
0018
0018
0030
C0E0
C0C0
C0C0
C0C0
C0C0
C0C0
C0C0
C0C0
C0C0
C0C0
E1C0
7FC0
7E40
0000
0000
0000
0E00
0E00
0400
ENDCHAR
STARTCHAR Ygrave
ENCODING 7922
SWIDTH 667 0
DWIDTH 16 0
BBX 16 21 0 0
BITMAP
0700
0180
00C0
0000
E007
700E
300C
381C
1C38
0C30
0660
07E0
03C0
0180
0180
0180
0180
0180
0180
0180
0180
ENDCHAR
STARTCHAR ygrave
ENCODING 7923
SWIDTH 500 0
DWIDTH 12 0
BBX 12 23 0 -5
BITMAP
3800
1800
0C00
0600
0000
C030
E070
6060
6060
30C0
30C0
38C0
1980
1980
0F00
0F00
0F00
0600
0600
0C00
1C00
7800
7000
ENDCHAR
STARTCHAR uni1EF4
ENCODING 7924
SWIDTH 542 0
DWIDTH 13 0
BBX 13 24 0 -6
BITMAP
C038
6030
6030
7060
3060
38C0
18C0
1D80
0D80
0F00
0700
0600
0600
0600
0600
0600
0600
0600
0000
0000
0000
0700
0700
0200
ENDCHAR
STARTCHAR uni1EF5
ENCODING 7925
SWIDTH 500 0
DWIDTH 12 0
BBX 12 19 0 -6
BITMAP
E030
6030
7060
3060
3060
18C0
18C0
18C0
0D80
0D80
0580
0700
0700
0700
0600
0600
0C70
7870
6000
ENDCHAR
STARTCHAR uni1EF6
ENCODING 7926
SWIDTH 542 0
DWIDTH 13 0
BBX 13 23 0 0
BITMAP
0700
0180
0100
0700
0000
C038
6030
6030
7060
3060
38C0
18C0
1D80
0D80
0F00
0700
0600
0600
0600
0600
0600
0600
0600
ENDCHAR
STARTCHAR uni1EF7
ENCODING 7927
SWIDTH 500 0
DWIDTH 12 0
BBX 12 26 0 -6
BITMAP
0700
0180
0180
0300
0400
0000
0000
E030
6030
7060
3060
3060
18C0
18C0
18C0
0D80
0D80
0580
0700
0700
0700
0600
0600
0C00
7800
6000
ENDCHAR
STARTCHAR uni1EF8
ENCODING 7928
SWIDTH 542 0
DWIDTH 13 0
BBX 13 23 0 0
BITMAP
0800
3E60
37E0
21C0
0000
C038
6030
6030
7060
3060
38C0
18C0
1D80
0D80
0F00
0700
0600
0600
0600
0600
0600
0600
0600
ENDCHAR
STARTCHAR uni1EF9
ENCODING 7929
SWIDTH 500 0
DWIDTH 12 0
BBX 12 25 0 -6
BITMAP
1C20
3660
23C0
0080
0000
0000
E030
6030
7060
3060
3060
18C0
18C0
18C0
0D80
0D80
0580
0700
0700
0700
0600
0600
0C00
7800
6000
ENDCHAR
STARTCHAR uni2002
ENCODING 8194
SWIDTH 500 0
DWIDTH 12 0
BBX 0 0 0 0
BITMAP
ENDCHAR
STARTCHAR uni2003
ENCODING 8195
SWIDTH 1000 0
DWIDTH 24 0
BBX 0 0 0 0
BITMAP
ENDCHAR
STARTCHAR uni2010
ENCODING 8208
SWIDTH 333 0
DWIDTH 8 0
BBX 6 2 1 5
BITMAP
FC
FC
ENDCHAR
STARTCHAR uni2011
ENCODING 8209
SWIDTH 333 0
DWIDTH 8 0
BBX 6 2 1 5
BITMAP
FC
FC
ENDCHAR
STARTCHAR figuredash
ENCODING 8210
SWIDTH 333 0
DWIDTH 8 0
BBX 6 2 1 5
BITMAP
FC
FC
ENDCHAR
STARTCHAR endash
ENCODING 8211
SWIDTH 542 0
DWIDTH 13 0
BBX 13 2 0 5
BITMAP
FFF8
FFF8
ENDCHAR
STARTCHAR emdash
ENCODING 8212
SWIDTH 1000 0
DWIDTH 24 0
BBX 24 2 0 5
BITMAP
FFFFFF
FFFFFF
ENDCHAR
STARTCHAR afii00208
ENCODING 8213
SWIDTH 1000 0
DWIDTH 24 0
BBX 24 2 0 5
BITMAP
FFFFFF
FFFFFF
ENDCHAR
STARTCHAR uni2016
ENCODING 8214
SWIDTH 1000 0
DWIDTH 24 0
BBX 4 24 10 -3
BITMAP
90
90
90
90
90
90
90
90
90
90
90
90
90
90
90
90
90
90
90
90
90
90
90
90
ENDCHAR
STARTCHAR underscoredbl
ENCODING 8215
SWIDTH 542 0
DWIDTH 13 0
BBX 13 4 0 -5
BITMAP
FFF8
FFF8
FFF8
FFF8
ENDCHAR
STARTCHAR quoteleft
ENCODING 8216
SWIDTH 208 0
DWIDTH 5 0
BBX 2 6 1 11
BITMAP
40
80
80
C0
C0
C0
ENDCHAR
STARTCHAR quoteright
ENCODING 8217
SWIDTH 208 0
DWIDTH 5 0
BBX 2 6 2 11
BITMAP
C0
C0
C0
40
40
80
ENDCHAR
STARTCHAR quotesinglbase
ENCODING 8218
SWIDTH 208 0
DWIDTH 5 0
BBX 2 6 2 -3
BITMAP
C0
C0
C0
40
40
80
ENDCHAR
STARTCHAR quotereversed
ENCODING 8219
SWIDTH 208 0
DWIDTH 5 0
BBX 2 6 1 11
BITMAP
C0
C0
C0
80
80
40
ENDCHAR
STARTCHAR quotedblleft
ENCODING 8220
SWIDTH 333 0
DWIDTH 8 0
BBX 6 6 1 11
BITMAP
44
88
88
CC
CC
CC
ENDCHAR
STARTCHAR quotedblright
ENCODING 8221
SWIDTH 333 0
DWIDTH 8 0
BBX 6 6 1 11
BITMAP
CC
CC
CC
44
44
88
ENDCHAR
STARTCHAR quotedblbase
ENCODING 8222
SWIDTH 333 0
DWIDTH 8 0
BBX 6 6 1 -3
BITMAP
CC
CC
CC
44
44
88
ENDCHAR
STARTCHAR dagger
ENCODING 8224
SWIDTH 542 0
DWIDTH 13 0
BBX 10 19 2 -2
BITMAP
0C00
0C00
0C00
0C00
FFC0
FFC0
0C00
0C00
0C00
0C00
0C00
0C00
0C00
0C00
0C00
0C00
0C00
0C00
0C00
ENDCHAR
STARTCHAR daggerdbl
ENCODING 8225
SWIDTH 542 0
DWIDTH 13 0
BBX 10 19 2 -2
BITMAP
0C00
0C00
0C00
0C00
FFC0
FFC0
0C00
0C00
0C00
0C00
0C00
0C00
0C00
FFC0
FFC0
0C00
0C00
0C00
0C00
ENDCHAR
STARTCHAR bullet
ENCODING 8226
SWIDTH 333 0
DWIDTH 8 0
BBX 7 7 1 4
BITMAP
38
7C
FE
FE
FE
7C
38
ENDCHAR
STARTCHAR uni2025
ENCODING 8229
SWIDTH 1000 0
DWIDTH 24 0
BBX 16 3 4 8
BITMAP
6006
F00F
6006
ENDCHAR
STARTCHAR ellipsis
ENCODING 8230
SWIDTH 1000 0
DWIDTH 24 0
BBX 18 3 2 0
BITMAP
C0C0C0
C0C0C0
C0C0C0
ENDCHAR
STARTCHAR uni2027
ENCODING 8231
SWIDTH 1000 0
DWIDTH 24 0
BBX 6 5 9 7
BITMAP
30
78
FC
78
78
ENDCHAR
STARTCHAR perthousand
ENCODING 8240
SWIDTH 1083 0
DWIDTH 26 0
BBX 24 17 1 0
BITMAP
3C0600
6C0C00
C60800
C61800
C63000
C66000
C64000
6CC000
399E1E
033636
026363
066363
0C6363
186363
106363
303636
601C1C
ENDCHAR
STARTCHAR minute
ENCODING 8242
SWIDTH 208 0
DWIDTH 5 0
BBX 3 6 1 11
BITMAP
60
60
40
C0
C0
80
ENDCHAR
STARTCHAR second
ENCODING 8243
SWIDTH 375 0
DWIDTH 9 0
BBX 7 6 1 11
BITMAP
66
66
44
CC
CC
88
ENDCHAR
STARTCHAR uni2035
ENCODING 8245
SWIDTH 1000 0
DWIDTH 24 0
BBX 5 4 8 19
BITMAP
E0
70
38
18
ENDCHAR
STARTCHAR guilsinglleft
ENCODING 8249
SWIDTH 333 0
DWIDTH 8 0
BBX 6 9 1 2
BITMAP
0C
18
30
60
C0
60
30
18
1C
ENDCHAR
STARTCHAR guilsinglright
ENCODING 8250
SWIDTH 333 0
DWIDTH 8 0
BBX 6 9 1 2
BITMAP
C0
60
30
18
0C
18
30
60
C0
ENDCHAR
STARTCHAR uni203B
ENCODING 8251
SWIDTH 1000 0
DWIDTH 24 0
BBX 18 18 3 0
BITMAP
C0C0C0
41E080
21E100
10C200
080400
040800
021000
612180
F0C3C0
F0C3C0
612180
021000
040800
080400
10C200
21E100
C1E0C0
408080
ENDCHAR
STARTCHAR exclamdbl
ENCODING 8252
SWIDTH 500 0
DWIDTH 12 0
BBX 7 17 3 0
BITMAP
C6
C6
C6
C6
C6
C6
C6
C6
C6
C6
C6
C6
00
00
C6
C6
C6
ENDCHAR
STARTCHAR uni203E
ENCODING 8254
SWIDTH 333 0
DWIDTH 8 0
BBX 10 1 -1 18
BITMAP
FFC0
ENDCHAR
STARTCHAR uni2042
ENCODING 8258
SWIDTH 1000 0
DWIDTH 24 0
BBX 20 20 2 -1
BITMAP
006000
006000
026400
03DC00
006000
00F000
034C00
026400
006000
006000
080100
080100
489120
EB0D70
1C0380
1E0780
EB9D70
489120
080100
080100
ENDCHAR
STARTCHAR fraction
ENCODING 8260
SWIDTH 167 0
DWIDTH 4 0
BBX 12 17 -5 0
BITMAP
0030
0020
0060
00C0
0080
0180
0300
0300
0600
0C00
0C00
1800
1000
3000
6000
4000
C000
ENDCHAR
STARTCHAR uni2047
ENCODING 8263
SWIDTH 917 0
DWIDTH 22 0
BBX 20 18 1 0
BITMAP
3E0FC0
FF3FE0
439060
018070
018070
018060
0300E0
0700C0
0E0180
0C0380
1C0300
180300
180300
000000
000000
1C0300
1C0700
1C0700
ENDCHAR
STARTCHAR uni2048
ENCODING 8264
SWIDTH 750 0
DWIDTH 18 0
BBX 15 18 1 0
BITMAP
3E0C
FF0C
438C
018C
018C
018C
030C
070C
0E0C
0C0C
1C04
1804
1804
0000
0000
1C0E
1C0E
1C0E
ENDCHAR
STARTCHAR uni2049
ENCODING 8265
SWIDTH 750 0
DWIDTH 18 0
BBX 15 18 2 0
BITMAP
60F8
63FC
630E
6006
6006
600E
600C
6018
6038
6030
6060
6060
6060
0000
0000
6060
E070
E070
ENDCHAR
STARTCHAR uni2051
ENCODING 8273
SWIDTH 1000 0
DWIDTH 24 0
BBX 8 20 8 -1
BITMAP
18
99
D3
76
18
76
D3
18
18
00
00
18
99
D3
34
18
76
91
18
18
ENDCHAR
STARTCHAR uni2074
ENCODING 8308
SWIDTH 417 0
DWIDTH 10 0
BBX 8 10 1 11
BITMAP
0C
0C
14
34
24
44
FF
FF
04
04
ENDCHAR
STARTCHAR uni207F
ENCODING 8319
SWIDTH 375 0
DWIDTH 9 0
BBX 7 7 1 8
BITMAP
DC
E6
C6
C6
C6
C6
C6
ENDCHAR
STARTCHAR franc
ENCODING 8355
SWIDTH 542 0
DWIDTH 13 0
BBX 12 17 0 0
BITMAP
3FF0
3FF0
3000
3000
3000
3000
3000
3FF0
3FF0
3000
3000
FF80
FF80
3000
3000
3000
3000
ENDCHAR
STARTCHAR lira
ENCODING 8356
SWIDTH 542 0
DWIDTH 13 0
BBX 11 17 1 0
BITMAP
0F00
1F80
39C0
3000
3000
3000
FF00
FF00
3000
FF00
FF00
3000
3000
2060
60E0
FFC0
FF80
ENDCHAR
STARTCHAR peseta
ENCODING 8359
SWIDTH 1083 0
DWIDTH 26 0
BBX 23 17 2 0
BITMAP
FC0000
FF0000
C30000
C18000
C19000
C1B000
C1B000
C1FCFC
C37DFE
FF3186
FC31C0
C030F8
C0303E
C03006
C03186
C03DFE
C01C7C
ENDCHAR
STARTCHAR uni20A9
ENCODING 8361
SWIDTH 542 0
DWIDTH 13 0
BBX 14 17 0 0
BITMAP
C018
E318
6318
6718
6510
6510
6510
65B0
FFFC
25B0
2CB0
2CB0
38A0
38A0
38E0
38E0
18E0
ENDCHAR
STARTCHAR uni20AB
ENCODING 8363
SWIDTH 542 0
DWIDTH 13 0
BBX 11 18 2 0
BITMAP
0180
0180
1FE0
0180
0180
1D80
7F80
E180
C180
C180
C180
C180
C180
7F80
3D80
0000
0000
FFC0
ENDCHAR
STARTCHAR Euro
ENCODING 8364
SWIDTH 542 0
DWIDTH 13 0
BBX 12 17 0 0
BITMAP
07C0
0FE0
1C70
1830
3000
3000
FF80
FF80
3000
FF80
FF80
3000
3000
1830
1C70
0FE0
07C0
ENDCHAR
STARTCHAR uni20DD
ENCODING 8413
SWIDTH 0 0
DWIDTH 0 0
BBX 22 22 -23 -2
BITMAP
01FE00
060180
080040
100020
200010
400008
400008
800004
800004
800004
800004
800004
800004
800004
800004
400008
400008
200010
100020
080040
060180
01FE00
ENDCHAR
STARTCHAR uni20DE
ENCODING 8414
SWIDTH 0 0
DWIDTH 0 0
BBX 22 22 -23 -2
BITMAP
FFFFFC
800004
800004
800004
800004
800004
800004
800004
800004
800004
800004
800004
800004
800004
800004
800004
800004
800004
800004
800004
800004
FFFFFC
ENDCHAR
STARTCHAR uni2100
ENCODING 8448
SWIDTH 1000 0
DWIDTH 24 0
BBX 19 18 3 0
BITMAP
1D0180
770300
430600
C20400
820800
861800
861000
CE2000
F46000
00C1C0
0083E0
010600
030C00
020C00
040800
0C0800
180C40
3007C0
ENDCHAR
STARTCHAR uni2103
ENCODING 8451
SWIDTH 1000 0
DWIDTH 24 0
BBX 22 18 1 0
BITMAP
7C03E0
C60FF8
C61E1C
C23808
C63000
7C7000
107000
006000
006000
006000
006000
007000
007000
003000
003808
001C1C
000FF8
0007F0
ENDCHAR
STARTCHAR afii61248
ENCODING 8453
SWIDTH 875 0
DWIDTH 21 0
BBX 19 17 1 0
BITMAP
3C0300
640600
C60600
C00C00
C01800
C01000
C03000
C66380
6C46C0
38CC60
018C60
010C60
030C60
060C60
0C0C60
0C06C0
180380
ENDCHAR
STARTCHAR uni2109
ENCODING 8457
SWIDTH 1000 0
DWIDTH 24 0
BBX 20 18 2 0
BITMAP
7C3FF0
C43FF0
863000
863000
C43000
7C3000
103000
003000
003FE0
003FE0
003000
003000
003000
003000
003000
003000
003000
003000
ENDCHAR
STARTCHAR uni210A
ENCODING 8458
SWIDTH 1000 0
DWIDTH 24 0
BBX 13 19 5 -6
BITMAP
07D8
0E78
1838
3838
3030
7030
6030
6030
6070
70E0
3FE0
1E60
3860
6060
C0C0
C0C0
E180
7F80
3E00
ENDCHAR
STARTCHAR uni210F
ENCODING 8463
SWIDTH 1000 0
DWIDTH 24 0
BBX 12 19 6 0
BITMAP
0C00
1800
18C0
3F80
5800
1800
31C0
37E0
3C70
3870
3070
6060
6060
6060
6060
60E0
C0C0
C0C0
C0C0
ENDCHAR
STARTCHAR afii61289
ENCODING 8467
SWIDTH 333 0
DWIDTH 8 0
BBX 7 17 0 0
BITMAP
1C
32
32
32
32
32
32
34
34
38
30
F0
30
32
32
32
1C
ENDCHAR
STARTCHAR afii61352
ENCODING 8470
SWIDTH 1083 0
DWIDTH 26 0
BBX 23 17 2 0
BITMAP
E01800
E01800
F01800
F81800
D81878
CC18CC
CC1986
C61986
C71986
C31986
C19986
C198CC
C0D878
C0D800
C07800
C039FE
C039FE
ENDCHAR
STARTCHAR uni2121
ENCODING 8481
SWIDTH 1000 0
DWIDTH 24 0
BBX 22 18 1 0
BITMAP
FE0000
FE0000
100000
100000
107EC0
107EC0
1040C0
1040C0
1040C0
1040C0
107CC0
107CC0
1040C0
1040C0
1040C0
1040C0
107EFC
107EFC
ENDCHAR
STARTCHAR trademark
ENCODING 8482
SWIDTH 1000 0
DWIDTH 24 0
BBX 20 9 2 8
BITMAP
FF7070
FF7070
1878F0
1868B0
186DB0
186DB0
186530
186730
186230
ENDCHAR
STARTCHAR u2126
ENCODING 8486
SWIDTH 750 0
DWIDTH 18 0
BBX 16 17 1 0
BITMAP
07E0
1FF8
381C
700E
E007
C003
C003
C003
C003
C003
6006
6006
300C
1C38
0E70
FE7F
FE7F
ENDCHAR
STARTCHAR uni2127
ENCODING 8487
SWIDTH 1000 0
DWIDTH 24 0
BBX 16 18 4 0
BITMAP
FC3F
FC3F
0C30
1818
300C
700E
6006
6006
6006
E007
6006
6006
6006
700E
300C
381C
1FF8
07E0
ENDCHAR
STARTCHAR uni212B
ENCODING 8491
SWIDTH 1000 0
DWIDTH 24 0
BBX 14 23 5 0
BITMAP
0780
0CC0
0840
0840
0840
0780
0780
0780
0780
0CC0
0CC0
0CC0
1860
1860
1860
3070
3FF0
3FF0
7038
6018
6018
E01C
C00C
ENDCHAR
STARTCHAR estimated
ENCODING 8494
SWIDTH 583 0
DWIDTH 14 0
BBX 12 13 1 0
BITMAP
0F00
30C0
6060
6060
E070
E070
FFF0
E000
E000
6020
6020
30C0
1F80
ENDCHAR
STARTCHAR uni2135
ENCODING 8501
SWIDTH 1000 0
DWIDTH 24 0
BBX 16 19 4 0
BITMAP
2020
4020
403F
6007
7009
3818
1C10
0E10
3F30
63B0
61F0
C0F0
C070
6038
601C
300C
3006
3006
E006
ENDCHAR
STARTCHAR uni213B
ENCODING 8507
SWIDTH 1000 0
DWIDTH 24 0
BBX 23 18 1 0
BITMAP
FE3184
FE718C
C0708C
C058C8
C058C8
C05858
C04850
C0C870
FCC830
FC8C30
C08C70
C0FC50
C18458
C184C8
C10688
C1068C
C10784
C30386
ENDCHAR
STARTCHAR oneeighth
ENCODING 8539
SWIDTH 833 0
DWIDTH 20 0
BBX 18 17 1 0
BITMAP
700600
F00400
B00C00
301800
301000
303000
306000
306F80
30D8C0
FF98C0
0198C0
030700
0218C0
0618C0
0C18C0
0818C0
180F80
ENDCHAR
STARTCHAR threeeighths
ENCODING 8540
SWIDTH 833 0
DWIDTH 20 0
BBX 18 17 1 0
BITMAP
7C0600
C60400
C60C00
061800
381000
0E3000
066000
C66F80
C6D8C0
7D98C0
0198C0
030700
0218C0
0618C0
0C18C0
0818C0
180F80
ENDCHAR
STARTCHAR fiveeighths
ENCODING 8541
SWIDTH 833 0
DWIDTH 20 0
BBX 18 17 1 0
BITMAP
FE0600
C00400
C00C00
C01800
FC1000
C63000
066000
066F80
C6D8C0
7D98C0
0198C0
030700
0218C0
0618C0
0C18C0
0818C0
180F80
ENDCHAR
STARTCHAR seveneighths
ENCODING 8542
SWIDTH 833 0
DWIDTH 20 0
BBX 17 17 2 0
BITMAP
FE1800
061000
043000
0C6000
184000
18C000
118000
319F00
333180
363180
063180
0C0E00
083180
183180
303180
203180
601F00
ENDCHAR
STARTCHAR uni2160
ENCODING 8544
SWIDTH 1000 0
DWIDTH 24 0
BBX 2 18 11 0
BITMAP
C0
C0
C0
C0
C0
C0
C0
C0
C0
C0
C0
C0
C0
C0
C0
C0
C0
C0
ENDCHAR
STARTCHAR uni2161
ENCODING 8545
SWIDTH 1000 0
DWIDTH 24 0
BBX 10 18 7 0
BITMAP
E1C0
E1C0
E1C0
E1C0
E1C0
E1C0
E1C0
E1C0
E1C0
E1C0
E1C0
E1C0
E1C0
E1C0
E1C0
E1C0
E1C0
E1C0
ENDCHAR
STARTCHAR uni2162
ENCODING 8546
SWIDTH 1000 0
DWIDTH 24 0
BBX 16 18 4 0
BITMAP
C183
C183
C183
C183
C183
C183
C183
C183
C183
C183
C183
C183
C183
C183
C183
C183
C183
C183
ENDCHAR
STARTCHAR uni2163
ENCODING 8547
SWIDTH 1000 0
DWIDTH 24 0
BBX 18 18 4 0
BITMAP
C600C0
C600C0
C700C0
C30180
C30180
C38180
C18380
C18300
C18300
C1C700
C0C600
C0C600
C0E600
C06C00
C06C00
C06C00
C03800
C03800
ENDCHAR
STARTCHAR uni2164
ENCODING 8548
SWIDTH 1000 0
DWIDTH 24 0
BBX 14 18 5 0
BITMAP
E00C
E01C
6018
6018
7038
3030
3030
3830
1860
1860
1C60
0CC0
0CC0
0CC0
0780
0780
0780
0380
ENDCHAR
STARTCHAR uni2165
ENCODING 8549
SWIDTH 1000 0
DWIDTH 24 0
BBX 18 18 2 0
BITMAP
C018C0
C018C0
E038C0
6030C0
6030C0
6030C0
7060C0
3060C0
3060C0
38C0C0
18C0C0
18C0C0
1CC0C0
0D80C0
0D80C0
0D80C0
0700C0
0700C0
ENDCHAR
STARTCHAR uni2166
ENCODING 8550
SWIDTH 1000 0
DWIDTH 24 0
BBX 22 18 0 0
BITMAP
E0338C
E0338C
60338C
60738C
70638C
30638C
30638C
30C38C
30C38C
18C38C
18C38C
19838C
19838C
0D838C
0D838C
0F038C
0F038C
07038C
ENDCHAR
STARTCHAR uni2167
ENCODING 8551
SWIDTH 1000 0
DWIDTH 24 0
BBX 22 18 0 0
BITMAP
C198CC
C198CC
E198CC
6198CC
6198CC
6118CC
6318CC
6318CC
3318CC
3318CC
3218CC
3218CC
3618CC
1618CC
1E18CC
1C18CC
1C18CC
1C18CC
ENDCHAR
STARTCHAR uni2168
ENCODING 8552
SWIDTH 1000 0
DWIDTH 24 0
BBX 18 18 4 0
BITMAP
C701C0
C30180
C18380
C1C300
C0C600
C0E600
C06C00
C07C00
C03800
C03800
C07C00
C06C00
C0C600
C0C600
C18300
C38380
C30180
C701C0
ENDCHAR
STARTCHAR uni2169
ENCODING 8553
SWIDTH 1000 0
DWIDTH 24 0
BBX 13 18 5 0
BITMAP
6018
7038
3030
1860
1C60
0CC0
0EC0
0780
0780
0780
0780
0DC0
0CC0
1860
3860
3030
7038
E018
ENDCHAR
STARTCHAR uni216A
ENCODING 8554
SWIDTH 1000 0
DWIDTH 24 0
BBX 18 18 2 0
BITMAP
E038C0
6030C0
7060C0
3060C0
18C0C0
1CC0C0
0D80C0
0F80C0
0700C0
0700C0
0F80C0
0D80C0
19C0C0
18C0C0
3060C0
7070C0
6030C0
E038C0
ENDCHAR
STARTCHAR uni216B
ENCODING 8555
SWIDTH 1000 0
DWIDTH 24 0
BBX 22 18 0 0
BITMAP
E0330C
60630C
30630C
30C30C
18C30C
19830C
0D830C
0F030C
07030C
07030C
0F030C
0D830C
19830C
18C30C
30C30C
70630C
60630C
E0330C
ENDCHAR
STARTCHAR uni2170
ENCODING 8560
SWIDTH 1000 0
DWIDTH 24 0
BBX 4 19 10 0
BITMAP
20
F0
60
00
00
00
60
60
60
60
60
60
60
60
60
60
60
60
60
ENDCHAR
STARTCHAR uni2171
ENCODING 8561
SWIDTH 1000 0
DWIDTH 24 0
BBX 10 19 7 0
BITMAP
4080
E1C0
E1C0
0000
0000
0000
6180
6180
6180
6180
6180
6180
6180
6180
6180
6180
6180
6180
6180
ENDCHAR
STARTCHAR uni2172
ENCODING 8562
SWIDTH 1000 0
DWIDTH 24 0
BBX 16 19 4 0
BITMAP
4082
E3C7
E187
0000
0000
0000
E187
E187
E187
E187
E187
E187
E187
E187
E187
E187
E187
E187
E187
ENDCHAR
STARTCHAR uni2173
ENCODING 8563
SWIDTH 1000 0
DWIDTH 24 0
BBX 17 19 4 0
BITMAP
400000
E00000
E00000
000000
000000
000000
670180
630180
638300
618300
618300
61C600
60C600
60C600
60CC00
606C00
606C00
603800
603800
ENDCHAR
STARTCHAR uni2174
ENCODING 8564
SWIDTH 1000 0
DWIDTH 24 0
BBX 12 13 6 0
BITMAP
E030
6060
6060
7060
30C0
30C0
38C0
1980
1980
1980
0F00
0F00
0700
ENDCHAR
STARTCHAR uni2175
ENCODING 8565
SWIDTH 1000 0
DWIDTH 24 0
BBX 17 19 3 0
BITMAP
000100
000380
000380
000000
000000
000000
C07300
E06300
606300
60C300
70C300
30C300
318300
398300
198300
1B0300
0B0300
0F0300
0E0300
ENDCHAR
STARTCHAR uni2176
ENCODING 8566
SWIDTH 1000 0
DWIDTH 24 0
BBX 22 19 0 0
BITMAP
000208
00071C
00071C
000000
000000
000000
E0730C
60630C
60630C
70C30C
30C30C
30C30C
19830C
19830C
19830C
0D030C
0F030C
0F030C
07030C
ENDCHAR
STARTCHAR uni2177
ENCODING 8567
SWIDTH 1000 0
DWIDTH 24 0
BBX 23 19 0 0
BITMAP
000884
0019CE
0018CE
000000
000000
000000
C198C6
6198C6
6318C6
6318C6
6318C6
2318C6
3218C6
3618C6
3618C6
1618C6
1418C6
1C18C6
1C18C6
ENDCHAR
STARTCHAR uni2178
ENCODING 8568
SWIDTH 1000 0
DWIDTH 24 0
BBX 17 19 4 0
BITMAP
400000
F00000
600000
000000
000000
000000
638380
618700
60C600
60EC00
606C00
607800
603800
607800
60EC00
60CE00
618600
618300
630380
ENDCHAR
STARTCHAR uni2179
ENCODING 8569
SWIDTH 1000 0
DWIDTH 24 0
BBX 12 13 6 0
BITMAP
6060
30C0
38C0
1980
0F80
0F00
0E00
0F00
1B80
1980
30C0
70E0
E070
ENDCHAR
STARTCHAR uni217A
ENCODING 8570
SWIDTH 1000 0
DWIDTH 24 0
BBX 17 19 3 0
BITMAP
000200
000780
000300
000000
000000
000000
E0E300
70C300
318300
198300
1F0300
0F0300
0E0300
1F0300
1B0300
318300
31C300
60C300
E06300
ENDCHAR
STARTCHAR uni217B
ENCODING 8571
SWIDTH 1000 0
DWIDTH 24 0
BBX 21 19 1 0
BITMAP
000410
000E38
000E38
000000
000000
000000
E0C618
618618
718618
330618
1B0618
1E0618
0E0618
1E0618
330618
330618
618618
61C618
C0E618
ENDCHAR
STARTCHAR arrowleft
ENCODING 8592
SWIDTH 1000 0
DWIDTH 24 0
BBX 14 5 5 1
BITMAP
3000
6000
FFFC
6000
3000
ENDCHAR
STARTCHAR arrowup
ENCODING 8593
SWIDTH 500 0
DWIDTH 12 0
BBX 5 14 4 -1
BITMAP
20
70
F8
A8
20
20
20
20
20
20
20
20
20
20
ENDCHAR
STARTCHAR arrowright
ENCODING 8594
SWIDTH 1000 0
DWIDTH 24 0
BBX 14 5 5 1
BITMAP
0030
0018
FFFC
0018
0030
ENDCHAR
STARTCHAR arrowdown
ENCODING 8595
SWIDTH 500 0
DWIDTH 12 0
BBX 5 14 4 -1
BITMAP
20
20
20
20
20
20
20
20
20
20
A8
F8
70
20
ENDCHAR
STARTCHAR arrowboth
ENCODING 8596
SWIDTH 1000 0
DWIDTH 24 0
BBX 14 5 5 1
BITMAP
3030
6018
FFFC
6018
3030
ENDCHAR
STARTCHAR arrowupdn
ENCODING 8597
SWIDTH 500 0
DWIDTH 12 0
BBX 5 14 4 -1
BITMAP
20
70
F8
A8
20
20
20
20
20
20
A8
F8
70
20
ENDCHAR
STARTCHAR uni2196
ENCODING 8598
SWIDTH 1000 0
DWIDTH 24 0
BBX 16 16 4 1
BITMAP
F100
FF80
7000
7800
5C00
4E00
4700
4380
41C0
00E0
0070
0038
001C
000E
0007
0003
ENDCHAR
STARTCHAR uni2197
ENCODING 8599
SWIDTH 1000 0
DWIDTH 24 0
BBX 16 16 4 1
BITMAP
008F
01FF
000E
001E
003A
0072
00E2
01C2
0382
0700
0E00
1C00
3800
7000
E000
C000
ENDCHAR
STARTCHAR uni2198
ENCODING 8600
SWIDTH 1000 0
DWIDTH 24 0
BBX 16 17 4 1
BITMAP
8000
C000
E000
7000
3800
1C00
0E00
0700
0382
01C2
00E2
0072
003A
001E
000F
01FF
0003
ENDCHAR
STARTCHAR uni2199
ENCODING 8601
SWIDTH 1000 0
DWIDTH 24 0
BBX 16 17 4 1
BITMAP
0001
0003
0007
000E
001C
0038
0070
00E0
41C0
4380
4700
4E00
5C00
7800
7000
FF80
C000
ENDCHAR
STARTCHAR arrowupdnbse
ENCODING 8616
SWIDTH 500 0
DWIDTH 12 0
BBX 5 16 4 -3
BITMAP
20
70
F8
A8
20
20
20
20
20
20
A8
F8
70
20
00
F8
ENDCHAR
STARTCHAR uni21B8
ENCODING 8632
SWIDTH 1000 0
DWIDTH 24 0
BBX 20 19 2 1
BITMAP
FFFFF0
FFFFF0
000000
300000
1FE000
1C0000
1E0000
170000
138000
11C000
10E000
107000
003800
001C00
000E00
000700
000380
0001C0
0000C0
ENDCHAR
STARTCHAR uni21B9
ENCODING 8633
SWIDTH 1000 0
DWIDTH 24 0
BBX 22 22 1 -2
BITMAP
818000
830000
860000
8C0000
B80000
FFFFFC
B80000
9C0000
860000
830000
818000
000704
000384
0001C4
0000E4
FFFFF4
FFFFFC
000064
0000C4
000184
000704
000200
ENDCHAR
STARTCHAR uni21C4
ENCODING 8644
SWIDTH 1000 0
DWIDTH 24 0
BBX 22 22 1 -2
BITMAP
000100
000180
0000C0
000060
000038
FFFFFC
000038
000070
0000C0
000180
000180
060000
0E0000
1C0000
380000
7FFFFC
FFFFFC
300000
180000
0C0000
060000
020000
ENDCHAR
STARTCHAR uni21C5
ENCODING 8645
SWIDTH 1000 0
DWIDTH 24 0
BBX 22 22 1 -2
BITMAP
040180
0E0180
0F0180
1F8180
37C180
66E180
C66180
060180
060180
060180
060180
060180
060180
060180
061184
06198C
061D98
0607B0
0603E0
0603C0
060180
060080
ENDCHAR
STARTCHAR uni21C6
ENCODING 8646
SWIDTH 1000 0
DWIDTH 24 0
BBX 22 22 1 -2
BITMAP
020000
060000
0C0000
180000
700000
FFFFFC
700000
380000
0C0000
060000
060000
000180
0001C0
0000E0
000070
FFFFF8
FFFFFC
000030
000060
0000C0
000180
000100
ENDCHAR
STARTCHAR uni21CB
ENCODING 8651
SWIDTH 1000 0
DWIDTH 24 0
BBX 22 20 1 -1
BITMAP
030000
060000
0E0000
1C0000
380000
7FFFFC
800000
000000
000000
000000
000000
000000
000000
000004
FFFFF8
000070
0000E0
0001C0
000380
000100
ENDCHAR
STARTCHAR uni21CC
ENCODING 8652
SWIDTH 1000 0
DWIDTH 24 0
BBX 22 20 1 -1
BITMAP
000300
000180
0001C0
0000E0
000070
FFFFF8
000004
000000
000000
000000
000000
000000
000000
800000
7FFFFC
380000
1C0000
0E0000
070000
020000
ENDCHAR
STARTCHAR uni21D0
ENCODING 8656
SWIDTH 1000 0
DWIDTH 24 0
BBX 22 16 1 1
BITMAP
010000
038000
030000
060000
0FFFFC
180000
300000
E00000
E00000
300000
1FFFFC
0FFFFC
060000
030000
038000
010000
ENDCHAR
STARTCHAR uni21D2
ENCODING 8658
SWIDTH 1000 0
DWIDTH 24 0
BBX 22 16 1 1
BITMAP
000200
000700
000300
000180
FFFFC0
000060
000030
00001C
00001C
000030
FFFFE0
FFFFC0
000180
000300
000700
000200
ENDCHAR
STARTCHAR uni21D4
ENCODING 8660
SWIDTH 1000 0
DWIDTH 24 0
BBX 22 16 1 1
BITMAP
010200
030300
060180
0C00C0
0FFFC0
180060
700038
E0001C
E0001C
300030
1FFFE0
0FFFC0
0C00C0
060180
030300
010200
ENDCHAR
STARTCHAR uni21E6
ENCODING 8678
SWIDTH 1000 0
DWIDTH 24 0
BBX 22 16 1 1
BITMAP
008000
018000
028000
048000
08FFFC
100004
600004
C00004
400004
200004
100004
08FFFC
048000
038000
018000
008000
ENDCHAR
STARTCHAR uni21E7
ENCODING 8679
SWIDTH 1000 0
DWIDTH 24 0
BBX 16 22 4 -2
BITMAP
0180
03C0
0240
0420
0810
1008
2004
4002
F81F
0810
0810
0810
0810
0810
0810
0810
0810
0810
0810
0810
0810
0FF0
ENDCHAR
STARTCHAR uni21E8
ENCODING 8680
SWIDTH 1000 0
DWIDTH 24 0
BBX 22 16 1 1
BITMAP
000400
000600
000500
000480
FFFC40
800020
800018
80000C
800008
800010
800020
FFFC40
000480
000700
000600
000400
ENDCHAR
STARTCHAR uni21E9
ENCODING 8681
SWIDTH 1000 0
DWIDTH 24 0
BBX 16 22 4 -2
BITMAP
0FF0
0810
0810
0810
0810
0810
0810
0810
0810
0810
0810
0810
0810
F81F
6006
2004
1008
0810
0420
0240
0180
0100
ENDCHAR
STARTCHAR uni21F5
ENCODING 8693
SWIDTH 1000 0
DWIDTH 24 0
BBX 22 22 1 -2
BITMAP
060080
0601C0
0603C0
0607E0
060FB0
061D98
06198C
060180
060180
060180
060180
060180
060180
060180
862180
C66180
66E180
378180
1F0180
0F0180
060180
040180
ENDCHAR
STARTCHAR uni2200
ENCODING 8704
SWIDTH 1000 0
DWIDTH 24 0
BBX 18 18 3 0
BITMAP
C000C0
C000C0
600180
600180
300300
300300
1FFE00
1FFE00
0C0C00
0C0C00
061800
061800
033000
033000
01E000
01E000
00C000
008000
ENDCHAR
STARTCHAR partialdiff
ENCODING 8706
SWIDTH 500 0
DWIDTH 12 0
BBX 10 17 1 0
BITMAP
0F00
1F80
1180
00C0
00C0
1EC0
3FC0
71C0
61C0
E0C0
C1C0
C180
C180
C300
E700
7E00
3C00
ENDCHAR
STARTCHAR uni2203
ENCODING 8707
SWIDTH 1000 0
DWIDTH 24 0
BBX 14 18 5 0
BITMAP
FFFC
FFFC
0004
0004
0004
0004
0004
0004
FFFC
FFFC
0004
0004
0004
0004
0004
0004
FFFC
FFFC
ENDCHAR
STARTCHAR uni2205
ENCODING 8709
SWIDTH 1000 0
DWIDTH 24 0
BBX 18 18 3 0
BITMAP
03F000
0FFD00
1C0F80
300700
600F80
601D80
C038C0
C070C0
C0E0C0
C1C0C0
C380C0
470080
6E0180
7C0180
380300
7C0E00
2FFC00
01E000
ENDCHAR
STARTCHAR u2206
ENCODING 8710
SWIDTH 625 0
DWIDTH 15 0
BBX 15 17 0 0
BITMAP
0380
0380
06C0
06C0
0EE0
0C60
0C60
1830
1830
3838
3018
3018
600C
600C
E00E
FFFE
FFFE
ENDCHAR
STARTCHAR uni2207
ENCODING 8711
SWIDTH 1000 0
DWIDTH 24 0
BBX 16 17 4 0
BITMAP
FFFF
FFFF
E007
6006
6006
300C
300C
381C
1818
1838
0C30
0C30
0660
0660
07E0
03C0
03C0
ENDCHAR
STARTCHAR uni2208
ENCODING 8712
SWIDTH 1000 0
DWIDTH 24 0
BBX 18 16 3 1
BITMAP
03FFC0
0FFFC0
380000
700000
600000
C00000
C00000
FFFFC0
FFFFC0
C00000
C00000
600000
700000
380000
0FFFC0
03FFC0
ENDCHAR
STARTCHAR uni2209
ENCODING 8713
SWIDTH 1000 0
DWIDTH 24 0
BBX 18 20 3 -1
BITMAP
00C000
00C000
03FFC0
0FFFC0
38C000
70C000
60C000
C0C000
C0C000
FFFFC0
FFFFC0
C0C000
C0C000
60C000
70C000
38C000
0FFFC0
03FFC0
00C000
00C000
ENDCHAR
STARTCHAR uni220A
ENCODING 8714
SWIDTH 1000 0
DWIDTH 24 0
BBX 12 13 6 0
BITMAP
0FF0
1C20
3000
6000
6000
C000
FFC0
C000
C000
E000
6000
38C0
1FC0
ENDCHAR
STARTCHAR uni220B
ENCODING 8715
SWIDTH 1000 0
DWIDTH 24 0
BBX 18 16 3 1
BITMAP
FFF000
FFFC00
000700
000380
000180
0000C0
0000C0
FFFFC0
FFFFC0
0000C0
0000C0
000180
000380
000700
FFFC00
FFF000
ENDCHAR
STARTCHAR product
ENCODING 8719
SWIDTH 833 0
DWIDTH 20 0
BBX 14 22 3 -5
BITMAP
FFFC
FFFC
C00C
C00C
C00C
C00C
C00C
C00C
C00C
C00C
C00C
C00C
C00C
C00C
C00C
C00C
C00C
C00C
C00C
C00C
C00C
C00C
ENDCHAR
STARTCHAR summation
ENCODING 8721
SWIDTH 708 0
DWIDTH 17 0
BBX 14 22 2 -5
BITMAP
FFF8
FFF8
6000
3000
1800
1C00
0E00
0700
0300
0180
00C0
00C0
0180
0300
0700
0E00
1C00
1800
3000
6000
FFFC
FFFC
ENDCHAR
STARTCHAR minus
ENCODING 8722
SWIDTH 583 0
DWIDTH 14 0
BBX 12 2 1 7
BITMAP
FFF0
FFF0
ENDCHAR
STARTCHAR uni2213
ENCODING 8723
SWIDTH 1000 0
DWIDTH 24 0
BBX 18 19 3 -1
BITMAP
FFFFC0
FFFFC0
000000
000000
00C000
00C000
00C000
00C000
00C000
00C000
FFFFC0
FFFFC0
00C000
00C000
00C000
00C000
00C000
00C000
00C000
ENDCHAR
STARTCHAR fraction
ENCODING 8725
SWIDTH 167 0
DWIDTH 4 0
BBX 12 17 -5 0
BITMAP
0030
0020
0060
00C0
0080
0180
0300
0300
0600
0C00
0C00
1800
1000
3000
6000
4000
C000
ENDCHAR
STARTCHAR periodcentered
ENCODING 8729
SWIDTH 292 0
DWIDTH 7 0
BBX 2 3 2 6
BITMAP
C0
C0
C0
ENDCHAR
STARTCHAR radical
ENCODING 8730
SWIDTH 542 0
DWIDTH 13 0
BBX 12 19 1 0
BITMAP
0010
0030
0030
0020
0060
0060
0040
0040
E0C0
3080
1080
1180
1980
0900
0900
0F00
0600
0600
0600
ENDCHAR
STARTCHAR uni221D
ENCODING 8733
SWIDTH 1000 0
DWIDTH 24 0
BBX 19 10 1 4
BITMAP
1E01E0
7F87E0
E1CE00
C07800
803000
C03000
C07800
E1CE00
7F87E0
1E01E0
ENDCHAR
STARTCHAR infinity
ENCODING 8734
SWIDTH 708 0
DWIDTH 17 0
BBX 15 9 1 3
BITMAP
3838
7C7C
E6CE
C386
C106
C386
E6CE
7CFC
3838
ENDCHAR
STARTCHAR orthogonal
ENCODING 8735
SWIDTH 1000 0
DWIDTH 24 0
BBX 14 14 5 0
BITMAP
8000
8000
8000
8000
8000
8000
8000
8000
8000
8000
8000
8000
8000
FFFC
ENDCHAR
STARTCHAR uni2220
ENCODING 8736
SWIDTH 1000 0
DWIDTH 24 0
BBX 19 16 2 1
BITMAP
000080
0001C0
000380
000700
000E00
001C00
003000
006000
00C000
018000
030000
060000
0C0000
180000
300000
FFFFE0
ENDCHAR
STARTCHAR uni2223
ENCODING 8739
SWIDTH 1000 0
DWIDTH 24 0
BBX 2 18 11 0
BITMAP
C0
C0
C0
C0
C0
C0
C0
C0
C0
C0
C0
C0
C0
C0
C0
C0
C0
C0
ENDCHAR
STARTCHAR uni2225
ENCODING 8741
SWIDTH 1000 0
DWIDTH 24 0
BBX 14 18 5 0
BITMAP
0180
0180
030C
030C
0618
0618
0C30
0C30
1860
1860
30C0
30C0
6180
6180
C300
4300
0600
0600
ENDCHAR
STARTCHAR uni2226
ENCODING 8742
SWIDTH 1000 0
DWIDTH 24 0
BBX 14 18 5 0
BITMAP
0180
0180
030C
330C
3618
1E18
0C30
0E30
1B60
1BE0
31C0
30C0
61E0
61B0
C310
4300
0600
0600
ENDCHAR
STARTCHAR uni2227
ENCODING 8743
SWIDTH 1000 0
DWIDTH 24 0
BBX 18 18 3 0
BITMAP
00C000
00C000
01E000
01E000
033000
033000
061800
061800
0C0C00
0C0C00
180600
180600
300300
300300
600180
600180
C000C0
C000C0
ENDCHAR
STARTCHAR uni2228
ENCODING 8744
SWIDTH 1000 0
DWIDTH 24 0
BBX 18 18 3 0
BITMAP
C000C0
C000C0
600180
600180
300300
300300
180600
180600
0C0C00
0C0C00
061800
061800
033000
033000
01E000
01E000
00C000
00C000
ENDCHAR
STARTCHAR intersection
ENCODING 8745
SWIDTH 708 0
DWIDTH 17 0
BBX 11 12 3 0
BITMAP
1F00
2080
4040
8020
8020
8020
8020
8020
8020
8020
8020
8020
ENDCHAR
STARTCHAR uni222A
ENCODING 8746
SWIDTH 1000 0
DWIDTH 24 0
BBX 16 18 4 0
BITMAP
C003
C003
C003
C003
C003
C003
C003
C003
C003
C003
C003
C003
4002
6006
300C
381C
1FF8
07E0
ENDCHAR
STARTCHAR integral
ENCODING 8747
SWIDTH 250 0
DWIDTH 6 0
BBX 8 23 -1 -5
BITMAP
07
0F
1C
18
18
18
18
18
18
18
18
18
18
18
18
18
18
18
18
18
38
F0
E0
ENDCHAR
STARTCHAR uni222C
ENCODING 8748
SWIDTH 1000 0
DWIDTH 24 0
BBX 18 22 3 -2
BITMAP
0783C0
0E83C0
0C0600
0C0600
180600
180600
180600
180600
180600
180600
180600
180600
180600
180600
180600
180600
180600
180600
180C00
180C00
F07C00
E07800
ENDCHAR
STARTCHAR uni222D
ENCODING 8749
SWIDTH 1000 0
DWIDTH 24 0
BBX 22 22 1 -2
BITMAP
078E3C
0E9D7C
0C3860
0C3060
183060
183060
183060
183060
183060
183060
183060
183060
183060
183060
183060
183060
183060
183060
1830C0
1860C0
F1E7C0
E1C780
ENDCHAR
STARTCHAR uni222E
ENCODING 8750
SWIDTH 1000 0
DWIDTH 24 0
BBX 8 22 8 -2
BITMAP
07
0F
1C
18
18
18
18
3C
5A
99
99
99
99
5A
3C
18
18
18
18
30
F0
E0
ENDCHAR
STARTCHAR uni2234
ENCODING 8756
SWIDTH 1000 0
DWIDTH 24 0
BBX 16 14 4 2
BITMAP
03C0
03C0
0180
0000
0000
0000
0000
0000
0000
0000
0000
E007
E007
E007
ENDCHAR
STARTCHAR uni2235
ENCODING 8757
SWIDTH 1000 0
DWIDTH 24 0
BBX 16 14 4 2
BITMAP
E007
E007
E007
0000
0000
0000
0000
0000
0000
0000
0000
0180
03C0
03C0
ENDCHAR
STARTCHAR uni2236
ENCODING 8758
SWIDTH 1000 0
DWIDTH 24 0
BBX 4 14 10 2
BITMAP
F0
F0
60
00
00
00
00
00
00
00
00
60
F0
F0
ENDCHAR
STARTCHAR uni2237
ENCODING 8759
SWIDTH 1000 0
DWIDTH 24 0
BBX 16 14 4 2
BITMAP
E007
E007
E007
0000
0000
0000
0000
0000
0000
0000
0000
E007
E007
E007
ENDCHAR
STARTCHAR uni223D
ENCODING 8765
SWIDTH 1000 0
DWIDTH 24 0
BBX 22 10 1 4
BITMAP
1E01E0
7E07F8
E00E1C
C0180C
80300C
C0300C
C0600C
E1C01C
7F81F8
1E01E0
ENDCHAR
STARTCHAR uni2243
ENCODING 8771
SWIDTH 1000 0
DWIDTH 24 0
BBX 18 9 3 5
BITMAP
1F00C0
7BC180
60F780
C03E00
000000
000000
000000
000000
FFFFC0
ENDCHAR
STARTCHAR uni2245
ENCODING 8773
SWIDTH 1000 0
DWIDTH 24 0
BBX 18 12 3 3
BITMAP
040080
3F80C0
71C180
C07F00
403E00
000000
000000
FFFFC0
000000
000000
FFFFC0
FFFFC0
ENDCHAR
STARTCHAR approxequal
ENCODING 8776
SWIDTH 542 0
DWIDTH 13 0
BBX 11 9 1 4
BITMAP
7800
FE20
8FE0
03C0
0000
7800
FE20
8FE0
03C0
ENDCHAR
STARTCHAR uni224C
ENCODING 8780
SWIDTH 1000 0
DWIDTH 24 0
BBX 22 17 1 1
BITMAP
1E01E0
7E07F8
E00E1C
C0180C
80300C
C0700C
C0600C
61C018
7F81F8
1C01E0
000000
000000
3FFFF0
3FFFF0
000000
000000
3FFFF0
ENDCHAR
STARTCHAR notequal
ENCODING 8800
SWIDTH 542 0
DWIDTH 13 0
BBX 11 14 1 1
BITMAP
0080
0180
0100
FFE0
FFE0
0600
0400
0C00
0800
FFE0
FFE0
3000
2000
6000
ENDCHAR
STARTCHAR equivalence
ENCODING 8801
SWIDTH 583 0
DWIDTH 14 0
BBX 12 10 1 3
BITMAP
FFF0
FFF0
0000
0000
FFF0
FFF0
0000
0000
FFF0
FFF0
ENDCHAR
STARTCHAR uni2262
ENCODING 8802
SWIDTH 1000 0
DWIDTH 24 0
BBX 18 16 3 1
BITMAP
001800
003000
003000
FFFFC0
006000
006000
004000
FFFFC0
FFFFC0
008000
018000
018000
FFFFC0
030000
030000
060000
ENDCHAR
STARTCHAR lessequal
ENCODING 8804
SWIDTH 542 0
DWIDTH 13 0
BBX 11 14 1 0
BITMAP
0020
01E0
0780
3E00
F000
C000
F000
3C00
0780
01E0
0020
0000
FFE0
FFE0
ENDCHAR
STARTCHAR greaterequal
ENCODING 8805
SWIDTH 542 0
DWIDTH 13 0
BBX 11 14 1 0
BITMAP
8000
F000
3C00
0F80
01E0
0060
01E0
0780
3C00
F000
8000
0000
FFE0
FFE0
ENDCHAR
STARTCHAR uni2266
ENCODING 8806
SWIDTH 1000 0
DWIDTH 24 0
BBX 19 21 2 -1
BITMAP
000060
0003E0
001F00
007800
03E000
0F0000
FC0000
3E0000
07C000
00F000
003E00
000780
0001E0
000020
000000
000000
7FFFE0
000000
000000
000000
7FFFE0
ENDCHAR
STARTCHAR uni2267
ENCODING 8807
SWIDTH 1000 0
DWIDTH 24 0
BBX 19 21 3 -1
BITMAP
C00000
F80000
1F0000
03C000
00F800
001E00
0007E0
000F80
007C00
01E000
0F8000
3C0000
F00000
800000
000000
000000
FFFFC0
000000
000000
000000
FFFFC0
ENDCHAR
STARTCHAR uni226A
ENCODING 8810
SWIDTH 1000 0
DWIDTH 24 0
BBX 22 18 1 0
BITMAP
000C0C
001C38
003060
00E1C0
018300
070E00
0C1C00
383000
E0E000
70E000
383000
0C1C00
070600
018380
00E1C0
003060
001C38
000C0C
ENDCHAR
STARTCHAR uni226B
ENCODING 8811
SWIDTH 1000 0
DWIDTH 24 0
BBX 22 18 1 0
BITMAP
C0C000
70E000
183000
0E1C00
030600
01C380
00E0C0
003070
001C1C
001C38
003070
00E0C0
018380
070600
0E1C00
183000
70E000
C0C000
ENDCHAR
STARTCHAR uni226E
ENCODING 8814
SWIDTH 1000 0
DWIDTH 24 0
BBX 19 20 2 -1
BITMAP
001800
001860
0011E0
001780
003E00
007800
01E000
07A000
1E6000
F86000
786000
1E4000
07C000
01E000
00F800
009E00
008780
0181E0
018060
010000
ENDCHAR
STARTCHAR uni226F
ENCODING 8815
SWIDTH 1000 0
DWIDTH 24 0
BBX 19 20 3 -1
BITMAP
003000
C03000
F03000
3C2000
0F2000
03E000
00F000
007C00
004F00
00C3C0
00C3E0
00CF00
00BC00
00F000
03C000
0F8000
3D0000
F10000
C30000
030000
ENDCHAR
STARTCHAR uni2272
ENCODING 8818
SWIDTH 1000 0
DWIDTH 24 0
BBX 18 20 3 -1
BITMAP
0000C0
0007C0
001E00
007800
03E000
0F0000
7C0000
F80000
1F0000
03C000
00F000
001E00
000780
0001C0
000000
000000
3F0040
7BC0C0
C0F780
C03F00
ENDCHAR
STARTCHAR uni2273
ENCODING 8819
SWIDTH 1000 0
DWIDTH 24 0
BBX 18 20 3 -1
BITMAP
C00000
F80000
1E0000
07C000
00F000
003E00
000780
0007C0
001E00
00F800
03C000
1F0000
780000
E00000
000000
000000
3F0040
7BC0C0
C0F780
C03F00
ENDCHAR
STARTCHAR uni2276
ENCODING 8822
SWIDTH 1000 0
DWIDTH 24 0
BBX 20 22 2 -2
BITMAP
0000E0
0003E0
001F00
00F800
07C000
3E0000
FC0000
0F8000
01F000
607C00
7C0F80
1F01E0
03E020
007C00
000F80
0001F0
000F80
007C00
01E000
0F8000
7C0000
600000
ENDCHAR
STARTCHAR uni2277
ENCODING 8823
SWIDTH 1000 0
DWIDTH 24 0
BBX 20 22 2 -2
BITMAP
600000
7C0000
0F8000
01F000
003E00
0007C0
0003F0
001F00
00F800
03C060
1F03E0
781F00
407C00
03E000
1F0000
F80000
1F0000
03E000
00F800
001F00
0003E0
000060
ENDCHAR
STARTCHAR uni2282
ENCODING 8834
SWIDTH 1000 0
DWIDTH 24 0
BBX 18 16 3 1
BITMAP
03FFC0
0FFFC0
380000
700000
600000
C00000
C00000
C00000
C00000
C00000
C00000
600000
700000
380000
0FFFC0
03FFC0
ENDCHAR
STARTCHAR uni2283
ENCODING 8835
SWIDTH 1000 0
DWIDTH 24 0
BBX 18 16 3 1
BITMAP
FFF000
FFFC00
000700
000380
000180
0000C0
0000C0
0000C0
0000C0
0000C0
0000C0
000180
000380
000700
FFFC00
FFF000
ENDCHAR
STARTCHAR uni2284
ENCODING 8836
SWIDTH 1000 0
DWIDTH 24 0
BBX 18 20 3 -1
BITMAP
000100
000300
03FFC0
0FFFC0
380600
700C00
600800
C01800
C01000
C03000
C02000
C06000
C0C000
60C000
718000
398000
0FFFC0
03FFC0
060000
020000
ENDCHAR
STARTCHAR uni2285
ENCODING 8837
SWIDTH 1000 0
DWIDTH 24 0
BBX 18 20 3 -1
BITMAP
001000
001800
FFF000
FFFC00
006700
006380
00C180
00C0C0
0180C0
0100C0
0300C0
0200C0
0600C0
0C0180
0C0380
180700
FFFC00
FFF000
300000
200000
ENDCHAR
STARTCHAR uni2286
ENCODING 8838
SWIDTH 1000 0
DWIDTH 24 0
BBX 18 18 3 0
BITMAP
1FFFC0
380000
600000
C00000
C00000
C00000
C00000
C00000
C00000
600000
380000
1FFFC0
000000
000000
000000
000000
000000
FFFFC0
ENDCHAR
STARTCHAR uni2287
ENCODING 8839
SWIDTH 1000 0
DWIDTH 24 0
BBX 18 18 3 0
BITMAP
FFFE00
000700
000180
0000C0
0000C0
0000C0
0000C0
0000C0
0000C0
000180
000700
FFFE00
000000
000000
000000
000000
000000
FFFFC0
ENDCHAR
STARTCHAR uni228A
ENCODING 8842
SWIDTH 1000 0
DWIDTH 24 0
BBX 18 20 3 -2
BITMAP
1FFFC0
380000
600000
C00000
C00000
C00000
C00000
C00000
C00000
600000
380000
1FFFC0
000000
000000
006000
006000
FFFFC0
FFFFC0
018000
008000
ENDCHAR
STARTCHAR uni228B
ENCODING 8843
SWIDTH 1000 0
DWIDTH 24 0
BBX 18 20 3 -2
BITMAP
FFFE00
000700
000180
0000C0
0000C0
0000C0
0000C0
0000C0
0000C0
000180
000700
FFFE00
000000
000000
006000
006000
FFFFC0
FFFFC0
018000
008000
ENDCHAR
STARTCHAR uni2295
ENCODING 8853
SWIDTH 1000 0
DWIDTH 24 0
BBX 18 18 3 0
BITMAP
03F000
0FFC00
1C0E00
30C300
60C180
60C180
C0C0C0
C0C0C0
DFFEC0
DFFEC0
C0C0C0
40C080
60C180
60C180
300300
1C0E00
0FFC00
01E000
ENDCHAR
STARTCHAR uni2296
ENCODING 8854
SWIDTH 1000 0
DWIDTH 24 0
BBX 18 18 3 0
BITMAP
03F000
0FFC00
1C0E00
300300
600180
600180
C000C0
C000C0
DFFEC0
DFFEC0
C000C0
400080
600180
600180
300300
1C0E00
0FFC00
01E000
ENDCHAR
STARTCHAR uni2297
ENCODING 8855
SWIDTH 1000 0
DWIDTH 24 0
BBX 18 18 3 0
BITMAP
03F000
0FFC00
1C0E00
300300
640980
661980
C738C0
C3F0C0
C1E0C0
C1E0C0
C3F0C0
473880
661980
600180
300300
1C0E00
0FFC00
01E000
ENDCHAR
STARTCHAR uni2298
ENCODING 8856
SWIDTH 1000 0
DWIDTH 24 0
BBX 18 18 3 0
BITMAP
03F000
0FFC00
1C0E00
300300
600980
601980
C038C0
C070C0
C0E0C0
C1C0C0
C380C0
470080
660180
600180
300300
1C0E00
0FFC00
01E000
ENDCHAR
STARTCHAR uni2299
ENCODING 8857
SWIDTH 1000 0
DWIDTH 24 0
BBX 18 18 3 0
BITMAP
03F000
0FFC00
1C0E00
300300
600180
600180
C000C0
C080C0
C0C0C0
C0C0C0
C000C0
400080
600180
600180
300300
1C0E00
0FFC00
01E000
ENDCHAR
STARTCHAR uni22A0
ENCODING 8864
SWIDTH 1000 0
DWIDTH 24 0
BBX 20 19 2 0
BITMAP
FFFFF0
FFFFF0
C00030
C00030
C40230
CE0730
C70E30
C39C30
C1F830
C0F030
C0F030
C1F830
C39C30
C70E30
CE0730
C00030
C00030
C00030
FFFFF0
ENDCHAR
STARTCHAR uni22A5
ENCODING 8869
SWIDTH 1000 0
DWIDTH 24 0
BBX 18 17 3 1
BITMAP
00C000
00C000
00C000
00C000
00C000
00C000
00C000
00C000
00C000
00C000
00C000
00C000
00C000
00C000
00C000
FFFFC0
FFFFC0
ENDCHAR
STARTCHAR uni22BF
ENCODING 8895
SWIDTH 1000 0
DWIDTH 24 0
BBX 19 19 2 0
BITMAP
000020
000060
0000E0
0001E0
0003E0
000760
000E60
001C60
003860
007060
00E060
01C060
038060
070060
0E0060
1C0060
380060
7FFFE0
FFFFE0
ENDCHAR
STARTCHAR uni22DA
ENCODING 8922
SWIDTH 1000 0
DWIDTH 24 0
BBX 19 22 2 -2
BITMAP
0000E0
000FC0
00FC00
0FC000
FE0000
1F8000
01F800
001F80
0003E0
000020
7FFFE0
7FFFE0
400000
FC0000
0F8000
01F800
001F80
000FE0
00FC00
0FC000
FE0000
600000
ENDCHAR
STARTCHAR uni22DB
ENCODING 8923
SWIDTH 1000 0
DWIDTH 24 0
BBX 19 22 3 -2
BITMAP
E00000
7E0000
07E000
007E00
000FE0
003F00
03F000
3F0000
F80000
800000
FFFFC0
FFFFC0
000040
0007E0
003E00
03F000
3F0000
FE0000
07E000
007E00
000FE0
0000C0
ENDCHAR
STARTCHAR uni22EF
ENCODING 8943
SWIDTH 1000 0
DWIDTH 24 0
BBX 20 3 2 8
BITMAP
606060
F0F0F0
606060
ENDCHAR
STARTCHAR house
ENCODING 8962
SWIDTH 625 0
DWIDTH 15 0
BBX 11 13 2 0
BITMAP
0400
0A00
1100
2080
4040
8020
8020
8020
8020
8020
8020
8020
FFE0
ENDCHAR
STARTCHAR uni2305
ENCODING 8965
SWIDTH 1000 0
DWIDTH 24 0
BBX 16 15 4 1
BITMAP
FFFF
FFFF
0000
0100
0180
03C0
0240
0660
0C30
0810
1818
300C
2004
6006
C003
ENDCHAR
STARTCHAR uni2306
ENCODING 8966
SWIDTH 1000 0
DWIDTH 24 0
BBX 16 17 4 0
BITMAP
FFFF
0000
0000
0000
FFFF
FFFF
0180
03C0
0660
0420
0C30
1818
1008
300C
6006
E007
4002
ENDCHAR
STARTCHAR uni2307
ENCODING 8967
SWIDTH 1000 0
DWIDTH 24 0
BBX 6 24 9 -3
BITMAP
80
C0
70
18
04
04
04
0C
38
60
C0
80
80
C0
70
18
04
04
04
0C
38
60
C0
80
ENDCHAR
STARTCHAR revlogicalnot
ENCODING 8976
SWIDTH 583 0
DWIDTH 14 0
BBX 12 7 1 2
BITMAP
FFF0
FFF0
C000
C000
C000
C000
C000
ENDCHAR
STARTCHAR uni2312
ENCODING 8978
SWIDTH 1000 0
DWIDTH 24 0
BBX 22 6 1 14
BITMAP
03FF00
0FCFC0
3C00F0
600018
C0000C
800004
ENDCHAR
STARTCHAR uni2318
ENCODING 8984
SWIDTH 1000 0
DWIDTH 24 0
BBX 22 22 1 -2
BITMAP
180060
660198
420108
810204
810204
410208
610218
1FFFE0
010200
010200
010200
010200
010200
010200
3FFFF0
610218
410208
810204
810204
420108
660198
180060
ENDCHAR
STARTCHAR integraltp
ENCODING 8992
SWIDTH 625 0
DWIDTH 15 0
BBX 5 27 6 -7
BITMAP
38
58
C0
C0
C0
C0
C0
C0
C0
C0
C0
C0
C0
C0
C0
C0
C0
C0
C0
C0
C0
C0
C0
C0
C0
C0
C0
ENDCHAR
STARTCHAR integralbt
ENCODING 8993
SWIDTH 625 0
DWIDTH 15 0
BBX 5 27 3 -7
BITMAP
18
18
18
18
18
18
18
18
18
18
18
18
18
18
18
18
18
18
18
18
18
18
18
18
18
D0
E0
ENDCHAR
STARTCHAR uni2329
ENCODING 9001
SWIDTH 1000 0
DWIDTH 24 0
BBX 9 22 14 -2
BITMAP
0180
0300
0600
0600
0C00
0800
1800
3000
3000
6000
C000
4000
6000
3000
3000
1800
0C00
0C00
0600
0300
0300
0180
ENDCHAR
STARTCHAR uni232A
ENCODING 9002
SWIDTH 1000 0
DWIDTH 24 0
BBX 9 22 1 -2
BITMAP
C000
6000
3000
3000
1800
0800
0C00
0600
0600
0300
0180
0100
0300
0600
0600
0C00
1800
1800
3000
6000
6000
C000
ENDCHAR
STARTCHAR uni23B0
ENCODING 9136
SWIDTH 1000 0
DWIDTH 24 0
BBX 6 24 9 -3
BITMAP
0C
1C
30
30
30
30
30
30
30
30
30
30
30
30
30
30
30
30
30
30
30
30
30
E0
ENDCHAR
STARTCHAR uni23B1
ENCODING 9137
SWIDTH 1000 0
DWIDTH 24 0
BBX 6 23 9 -2
BITMAP
E0
30
30
30
30
30
30
30
30
30
30
30
30
30
30
30
30
30
30
30
30
30
1C
ENDCHAR
STARTCHAR uni23BE
ENCODING 9150
SWIDTH 1000 0
DWIDTH 24 0
BBX 12 24 12 -3
BITMAP
FFF0
8000
8000
8000
8000
8000
8000
8000
8000
8000
8000
8000
8000
8000
8000
8000
8000
8000
8000
8000
8000
8000
8000
8000
ENDCHAR
STARTCHAR uni23BF
ENCODING 9151
SWIDTH 1000 0
DWIDTH 24 0
BBX 12 24 12 -3
BITMAP
8000
8000
8000
8000
8000
8000
8000
8000
8000
8000
8000
8000
8000
8000
8000
8000
8000
8000
8000
8000
8000
8000
8000
FFF0
ENDCHAR
STARTCHAR uni23C0
ENCODING 9152
SWIDTH 1000 0
DWIDTH 24 0
BBX 16 24 4 -3
BITMAP
0100
0100
0100
0100
03C0
0D30
1108
2104
4102
4102
8101
8101
8101
8101
4102
4102
2104
1108
0F70
0180
0100
0100
0100
0100
ENDCHAR
STARTCHAR uni23C1
ENCODING 9153
SWIDTH 1000 0
DWIDTH 24 0
BBX 24 24 0 -3
BITMAP
FFFFFF
001000
001000
001000
003C00
00D300
011080
021040
041020
041020
081010
081010
081010
081010
041020
041020
021040
011080
00F700
001800
001000
001000
001000
001000
ENDCHAR
STARTCHAR uni23C2
ENCODING 9154
SWIDTH 1000 0
DWIDTH 24 0
BBX 24 24 0 -3
BITMAP
001000
001000
001000
001000
003C00
00D300
011080
021040
041020
041020
081010
081010
081010
081010
041020
041020
021040
011080
00F700
001800
001000
001000
001000
FFFFFF
ENDCHAR
STARTCHAR uni23C3
ENCODING 9155
SWIDTH 1000 0
DWIDTH 24 0
BBX 18 24 3 -3
BITMAP
008000
008000
008000
008000
008000
00C000
01E000
01A000
029000
029000
048800
048800
088400
108200
108200
208100
208100
408080
C080C0
FFFFC0
008000
008000
008000
008000
ENDCHAR
STARTCHAR uni23C4
ENCODING 9156
SWIDTH 1000 0
DWIDTH 24 0
BBX 24 24 0 -3
BITMAP
FFFFFF
001000
001000
001000
001000
001800
003C00
003400
005200
005200
009100
009100
011080
021040
021040
041020
041020
081010
181018
1FFFF8
001000
001000
001000
001000
ENDCHAR
STARTCHAR uni23C5
ENCODING 9157
SWIDTH 1000 0
DWIDTH 24 0
BBX 24 24 0 -3
BITMAP
001000
001000
001000
001000
001000
001800
003C00
003400
005200
005200
009100
009100
011080
021040
021040
041020
041020
081010
181018
1FFFF8
001000
001000
001000
FFFFFF
ENDCHAR
STARTCHAR uni23C6
ENCODING 9158
SWIDTH 1000 0
DWIDTH 24 0
BBX 16 24 4 -3
BITMAP
0100
0100
0100
0100
0100
0100
0100
0100
0100
3D01
4301
4101
8082
8166
0118
0100
0100
0100
0100
0100
0100
0100
0100
0100
ENDCHAR
STARTCHAR uni23C7
ENCODING 9159
SWIDTH 1000 0
DWIDTH 24 0
BBX 24 24 0 -3
BITMAP
FFFFFF
001000
001000
001000
001000
001000
001000
001000
001000
03D010
043010
041010
080820
081660
001180
001000
001000
001000
001000
001000
001000
001000
001000
001000
ENDCHAR
STARTCHAR uni23C8
ENCODING 9160
SWIDTH 1000 0
DWIDTH 24 0
BBX 24 24 0 -3
BITMAP
001000
001000
001000
001000
001000
001000
001000
001000
001000
03D010
043010
041010
080820
081660
001180
001000
001000
001000
001000
001000
001000
001000
001000
FFFFFF
ENDCHAR
STARTCHAR uni23C9
ENCODING 9161
SWIDTH 1000 0
DWIDTH 24 0
BBX 24 24 0 -3
BITMAP
FFFFFF
001000
001000
001000
001000
001000
001000
001000
001000
001000
001000
001000
001000
001000
001000
001000
001000
001000
001000
001000
001000
001000
001000
001000
ENDCHAR
STARTCHAR uni23CA
ENCODING 9162
SWIDTH 1000 0
DWIDTH 24 0
BBX 24 24 0 -3
BITMAP
001000
001000
001000
001000
001000
001000
001000
001000
001000
001000
001000
001000
001000
001000
001000
001000
001000
001000
001000
001000
001000
001000
001000
FFFFFF
ENDCHAR
STARTCHAR uni23CB
ENCODING 9163
SWIDTH 1000 0
DWIDTH 24 0
BBX 12 24 0 -3
BITMAP
FFF0
0010
0010
0010
0010
0010
0010
0010
0010
0010
0010
0010
0010
0010
0010
0010
0010
0010
0010
0010
0010
0010
0010
0010
ENDCHAR
STARTCHAR uni23CC
ENCODING 9164
SWIDTH 1000 0
DWIDTH 24 0
BBX 12 24 0 -3
BITMAP
0010
0010
0010
0010
0010
0010
0010
0010
0010
0010
0010
0010
0010
0010
0010
0010
0010
0010
0010
0010
0010
0010
0010
FFF0
ENDCHAR
STARTCHAR uni23CE
ENCODING 9166
SWIDTH 1000 0
DWIDTH 24 0
BBX 21 22 1 -2
BITMAP
0003F8
000208
000208
000208
000208
000208
008208
018208
028208
048208
088608
30F808
600008
C00010
C00030
600060
300780
08F800
048000
028000
018000
008000
ENDCHAR
STARTCHAR uni23DA
ENCODING 9178
SWIDTH 1000 0
DWIDTH 24 0
BBX 16 19 4 0
BITMAP
0180
0180
0180
0180
0180
0180
0180
0180
0180
0180
0180
0180
FFFF
0000
0000
1FF8
0000
0000
07E0
ENDCHAR
STARTCHAR uni23DB
ENCODING 9179
SWIDTH 1000 0
DWIDTH 24 0
BBX 22 8 1 5
BITMAP
0FFFC0
080040
080040
FFFFFC
FFFFFC
080040
080040
0FFFC0
ENDCHAR
STARTCHAR uni2423
ENCODING 9251
SWIDTH 1000 0
DWIDTH 24 0
BBX 18 5 3 -2
BITMAP
800040
800040
800040
800040
FFFFC0
ENDCHAR
STARTCHAR uni2460
ENCODING 9312
SWIDTH 1000 0
DWIDTH 24 0
BBX 22 22 1 -2
BITMAP
01FE00
060180
080040
100020
200010
40F008
40F008
801004
801004
801004
801004
801004
801004
801004
801004
401008
401008
200010
100020
080040
060180
01FE00
ENDCHAR
STARTCHAR uni2461
ENCODING 9313
SWIDTH 1000 0
DWIDTH 24 0
BBX 22 22 1 -2
BITMAP
01FE00
060180
080040
100020
207810
41FC08
418608
800604
800604
800604
800C04
801C04
803804
807004
80E004
41FF08
41FF08
200010
100020
080040
060180
01FE00
ENDCHAR
STARTCHAR uni2462
ENCODING 9314
SWIDTH 1000 0
DWIDTH 24 0
BBX 22 22 1 -2
BITMAP
01FE00
060180
080040
100020
207810
41FC08
410608
800604
800604
800C04
807804
800E04
800604
800704
810604
43CE08
40FC08
200010
100020
080040
060180
01FE00
ENDCHAR
STARTCHAR uni2463
ENCODING 9315
SWIDTH 1000 0
DWIDTH 24 0
BBX 22 22 1 -2
BITMAP
01FE00
060180
080040
100020
200010
401C08
403C08
806C04
80CC04
80CC04
818C04
830C04
83FE04
83FE04
800C04
400C08
400C08
200010
100020
080040
060180
01FE00
ENDCHAR
STARTCHAR uni2464
ENCODING 9316
SWIDTH 1000 0
DWIDTH 24 0
BBX 22 22 1 -2
BITMAP
01FE00
060180
080040
100020
200010
40FE08
40C008
80C004
808004
80FC04
80CE04
800604
800304
800304
810604
43CE08
40FC08
200010
100020
080040
060180
01FE00
ENDCHAR
STARTCHAR uni2465
ENCODING 9317
SWIDTH 1000 0
DWIDTH 24 0
BBX 22 22 1 -2
BITMAP
01FE00
060180
080040
100020
203810
40FE08
41C408
818004
830004
833804
83FC04
838604
830604
830604
818604
41CE08
40FC08
200010
100020
080040
060180
01FE00
ENDCHAR
STARTCHAR uni2466
ENCODING 9318
SWIDTH 1000 0
DWIDTH 24 0
BBX 22 22 1 -2
BITMAP
01FE00
060180
080040
100020
200010
41FE08
400608
800C04
800804
801804
801004
803004
803004
803004
803004
406008
406008
200010
100020
080040
060180
01FE00
ENDCHAR
STARTCHAR uni2467
ENCODING 9319
SWIDTH 1000 0
DWIDTH 24 0
BBX 22 22 1 -2
BITMAP
01FE00
060180
080040
100020
207810
40FC08
418608
818604
818604
80C404
807804
819C04
810604
830304
830304
41C608
40FC08
200010
100020
080040
060180
01FE00
ENDCHAR
STARTCHAR uni2468
ENCODING 9320
SWIDTH 1000 0
DWIDTH 24 0
BBX 22 22 1 -2
BITMAP
01FE00
060180
080040
100020
207810
40FC08
418608
818604
818304
818304
81CF04
80FB04
800304
800604
800604
41DC08
40F808
200010
100020
080040
060180
01FE00
ENDCHAR
STARTCHAR uni2469
ENCODING 9321
SWIDTH 1000 0
DWIDTH 24 0
BBX 22 22 1 -2
BITMAP
01FE00
060180
080040
100020
200610
4F0F88
4F1988
8310C4
8330C4
8330C4
8330C4
8330C4
8330C4
8330C4
831984
431D88
430F08
200010
100020
080040
060180
01FE00
ENDCHAR
STARTCHAR uni246A
ENCODING 9322
SWIDTH 1000 0
DWIDTH 24 0
BBX 22 22 1 -2
BITMAP
01FE00
060180
080040
100020
200010
478F08
478F08
818304
818304
818304
818304
818304
818304
818304
818304
418308
418308
200010
100020
080040
060180
01FE00
ENDCHAR
STARTCHAR uni246B
ENCODING 9323
SWIDTH 1000 0
DWIDTH 24 0
BBX 22 22 1 -2
BITMAP
01FE00
060180
080040
100020
200E10
4F1F08
4F3188
830184
830184
830184
830304
830304
830604
830C04
831C04
431F88
433F88
200010
100020
080040
060180
01FE00
ENDCHAR
STARTCHAR uni246C
ENCODING 9324
SWIDTH 1000 0
DWIDTH 24 0
BBX 22 22 1 -2
BITMAP
01FE00
060180
080040
100020
200E10
4F3F88
4F1188
830184
830184
830304
830E04
830384
830184
830084
831184
433B88
431F08
200010
100020
080040
060180
01FE00
ENDCHAR
STARTCHAR uni246D
ENCODING 9325
SWIDTH 1000 0
DWIDTH 24 0
BBX 22 22 1 -2
BITMAP
01FE00
060180
080040
100020
200010
4F0308
4F0708
830504
830D04
831904
831904
833104
833FC4
833FC4
830104
430108
430108
200010
100020
080040
060180
01FE00
ENDCHAR
STARTCHAR uni246E
ENCODING 9326
SWIDTH 1000 0
DWIDTH 24 0
BBX 22 22 1 -2
BITMAP
01FE00
060180
080040
100020
200010
4F1F88
4F1808
831804
831804
831F04
831B84
830184
8300C4
8300C4
832184
433B88
431F08
200010
100020
080040
060180
01FE00
ENDCHAR
STARTCHAR uni246F
ENCODING 9327
SWIDTH 1000 0
DWIDTH 24 0
BBX 22 22 1 -2
BITMAP
01FE00
060180
080040
100020
200710
4F0F88
4F1888
831804
833004
833304
833F84
833884
8330C4
8330C4
8318C4
431988
430F08
200010
100020
080040
060180
01FE00
ENDCHAR
STARTCHAR uni2470
ENCODING 9328
SWIDTH 1000 0
DWIDTH 24 0
BBX 22 22 1 -2
BITMAP
01FE00
060180
080040
100020
200010
4F3FC8
4F0188
830104
830304
830304
830604
830604
830604
830604
830604
430408
430408
200010
100020
080040
060180
01FE00
ENDCHAR
STARTCHAR uni2471
ENCODING 9329
SWIDTH 1000 0
DWIDTH 24 0
BBX 22 22 1 -2
BITMAP
01FE00
060180
080040
100020
200710
4F0F88
4F1888
8318C4
831884
830D84
830704
831984
8310C4
8330C4
8310C4
4319C8
430F88
200010
100020
080040
060180
01FE00
ENDCHAR
STARTCHAR uni2472
ENCODING 9330
SWIDTH 1000 0
DWIDTH 24 0
BBX 22 22 1 -2
BITMAP
01FE00
060180
080040
100020
200610
4F1F88
4F1988
831084
8330C4
8310C4
8319C4
830EC4
8300C4
830084
830184
431B88
431F08
200010
100020
080040
060180
01FE00
ENDCHAR
STARTCHAR uni2473
ENCODING 9331
SWIDTH 1000 0
DWIDTH 24 0
BBX 22 22 1 -2
BITMAP
01FE00
060180
080040
100020
238310
4FC7C8
48CCC8
806C64
806864
80D864
80D864
819864
819864
830864
860C44
4FEEC8
4FE788
200010
100020
080040
060180
01FE00
ENDCHAR
STARTCHAR uni2474
ENCODING 9332
SWIDTH 1000 0
DWIDTH 24 0
BBX 22 22 1 -2
BITMAP
300030
200010
600018
407808
40F808
C0380C
C0380C
803804
803804
803804
803804
803804
803804
803804
803804
C0380C
C0380C
403808
41FF08
61FF18
200010
100020
ENDCHAR
STARTCHAR uni2475
ENCODING 9333
SWIDTH 1000 0
DWIDTH 24 0
BBX 22 22 1 -2
BITMAP
300030
200010
607818
41FC08
438E08
C1070C
C0030C
800304
800304
800704
800604
800E04
801C04
801804
803004
C0600C
C0E00C
41C008
43FF88
63FF98
200010
100020
ENDCHAR
STARTCHAR uni2476
ENCODING 9334
SWIDTH 1000 0
DWIDTH 24 0
BBX 22 22 1 -2
BITMAP
300030
200010
607818
41FE08
438E08
C1070C
C0030C
800304
800604
800E04
807804
807C04
800704
800304
800304
C0030C
C2030C
470708
43FE08
60FC18
200010
100020
ENDCHAR
STARTCHAR uni2477
ENCODING 9335
SWIDTH 1000 0
DWIDTH 24 0
BBX 22 22 1 -2
BITMAP
300030
200010
600018
401C08
401C08
C03C0C
C06C0C
806C04
80CC04
81CC04
818C04
830C04
830C04
87FF84
87FF84
C00C0C
C00C0C
400C08
400C08
600C18
200010
100020
ENDCHAR
STARTCHAR uni2478
ENCODING 9336
SWIDTH 1000 0
DWIDTH 24 0
BBX 22 22 1 -2
BITMAP
300030
200010
600018
41FF08
418008
C1800C
C1800C
818004
818004
81FC04
81FE04
810704
800304
800304
800304
C0030C
C2030C
470608
43FE08
60F818
200010
100020
ENDCHAR
STARTCHAR uni2479
ENCODING 9337
SWIDTH 1000 0
DWIDTH 24 0
BBX 22 22 1 -2
BITMAP
300030
200010
603C18
40FF08
40C308
C1800C
C1800C
830004
830004
833804
837E04
838704
830304
830304
830304
C3030C
C1830C
418708
40FE08
607C18
200010
100020
ENDCHAR
STARTCHAR uni247A
ENCODING 9338
SWIDTH 1000 0
DWIDTH 24 0
BBX 22 22 1 -2
BITMAP
300030
200010
600018
43FF08
400308
C0060C
C00C0C
800C04
801804
801804
801804
803004
803004
803004
807004
C0600C
C0600C
406008
406008
606018
200010
100020
ENDCHAR
STARTCHAR uni247B
ENCODING 9339
SWIDTH 1000 0
DWIDTH 24 0
BBX 22 22 1 -2
BITMAP
300030
200010
607818
40FE08
418608
C3030C
C3030C
830304
818204
81C604
807C04
80FC04
838E04
830304
830304
C3038C
C3030C
438308
41FE08
60FC18
200010
100020
ENDCHAR
STARTCHAR uni247C
ENCODING 9340
SWIDTH 1000 0
DWIDTH 24 0
BBX 22 22 1 -2
BITMAP
300030
200010
607018
41FC08
438E08
C3060C
C3030C
830304
830304
830304
830704
81FF04
80F304
800304
800304
C0070C
C0060C
430E08
43FC08
60F018
200010
100020
ENDCHAR
STARTCHAR uni247D
ENCODING 9341
SWIDTH 1000 0
DWIDTH 24 0
BBX 22 22 1 -2
BITMAP
300030
200010
600718
470F88
4F18C8
C318CC
C3104C
833044
833064
833064
833064
833064
833064
833064
833044
C3104C
C318CC
4318C8
430F88
630718
200010
100020
ENDCHAR
STARTCHAR uni247E
ENCODING 9342
SWIDTH 1000 0
DWIDTH 24 0
BBX 22 22 1 -2
BITMAP
300030
200010
600018
438708
478F08
C1830C
C1830C
818304
818304
818304
818304
818304
818304
818304
818304
C1830C
C1830C
418308
418308
618318
200010
100020
ENDCHAR
STARTCHAR uni247F
ENCODING 9343
SWIDTH 1000 0
DWIDTH 24 0
BBX 22 22 1 -2
BITMAP
300030
200010
600618
471F88
4F3088
C310CC
C300CC
8300C4
8300C4
8300C4
830184
830184
830304
830304
830604
C30C0C
C30C0C
431808
433FC8
633FD8
200010
100020
ENDCHAR
STARTCHAR uni2480
ENCODING 9344
SWIDTH 1000 0
DWIDTH 24 0
BBX 22 22 1 -2
BITMAP
300030
200010
600718
471F88
4F30C8
C300CC
C300CC
8300C4
8300C4
830184
830F04
830F84
8300C4
830044
830064
C3006C
C3004C
4330C8
433F88
630F18
200010
100020
ENDCHAR
STARTCHAR uni2481
ENCODING 9345
SWIDTH 1000 0
DWIDTH 24 0
BBX 22 22 1 -2
BITMAP
300030
200010
600018
470188
4F0388
C3038C
C3078C
830584
830D84
830984
831984
831184
833184
837FE4
837FE4
C3018C
C3018C
430188
430188
630198
200010
100020
ENDCHAR
STARTCHAR uni2482
ENCODING 9346
SWIDTH 1000 0
DWIDTH 24 0
BBX 22 22 1 -2
BITMAP
300030
200010
600018
471FC8
4F1008
C3100C
C3100C
831004
831004
831F04
831B84
8300C4
8300C4
8300C4
8300C4
C300CC
C300CC
4361C8
433F88
631F18
200010
100020
ENDCHAR
STARTCHAR uni2483
ENCODING 9347
SWIDTH 1000 0
DWIDTH 24 0
BBX 22 22 1 -2
BITMAP
300030
200010
600318
470FC8
4F1888
C3180C
C3100C
833004
833004
833304
833F84
8338C4
8330C4
8330C4
8330C4
C330CC
C310CC
4318C8
430F88
630718
200010
100020
ENDCHAR
STARTCHAR uni2484
ENCODING 9348
SWIDTH 1000 0
DWIDTH 24 0
BBX 22 22 1 -2
BITMAP
300030
200010
600018
473FC8
4F00C8
C3018C
C3018C
830104
830304
830304
830204
830604
830604
830604
830604
C3060C
C3040C
430408
430C08
630C18
200010
100020
ENDCHAR
STARTCHAR uni2485
ENCODING 9349
SWIDTH 1000 0
DWIDTH 24 0
BBX 22 22 1 -2
BITMAP
300030
200010
600718
470F88
4F1888
C310CC
C310CC
8310C4
831884
830D84
830704
830B04
831984
8330C4
833044
C3304C
C3304C
4330C8
431FC8
630F18
200010
100020
ENDCHAR
STARTCHAR uni2486
ENCODING 9350
SWIDTH 1000 0
DWIDTH 24 0
BBX 22 22 1 -2
BITMAP
300030
200010
600618
470F88
4F1988
C330CC
C330CC
8330C4
833044
833044
8310C4
831F44
830E44
830044
8300C4
C300CC
C300CC
431188
433F88
630E18
200010
100020
ENDCHAR
STARTCHAR uni2487
ENCODING 9351
SWIDTH 1000 0
DWIDTH 24 0
BBX 22 22 1 -2
BITMAP
300030
200010
630318
4F87C8
58CCC8
C84C6C
C04C6C
804864
804864
80C864
80C864
809864
818864
818864
830864
C30C6C
C60C6C
4C0C48
4FE7C8
6FE398
200010
100020
ENDCHAR
STARTCHAR uni2488
ENCODING 9352
SWIDTH 1000 0
DWIDTH 24 0
BBX 16 17 4 0
BITMAP
1C00
7C00
7C00
0C00
0C00
0C00
0C00
0C00
0C00
0C00
0C00
0C00
0C00
0C00
0C07
FFC7
FFC7
ENDCHAR
STARTCHAR uni2489
ENCODING 9353
SWIDTH 1000 0
DWIDTH 24 0
BBX 17 17 3 0
BITMAP
3F0000
738000
C0C000
00C000
00C000
00C000
00C000
01C000
018000
030000
070000
0E0000
1C0000
380000
700380
FFE380
FFE380
ENDCHAR
STARTCHAR uni248A
ENCODING 9354
SWIDTH 1000 0
DWIDTH 24 0
BBX 17 17 3 0
BITMAP
3F8000
71C000
60C000
00E000
00E000
00C000
01C000
0F0000
0F8000
01C000
00E000
006000
006000
406000
C0E380
7FC380
3F8380
ENDCHAR
STARTCHAR uni248B
ENCODING 9355
SWIDTH 1000 0
DWIDTH 24 0
BBX 18 17 3 0
BITMAP
01C000
03C000
06C000
06C000
0CC000
18C000
18C000
30C000
70C000
60C000
FFF000
FFF000
00C000
00C000
00C180
00C3C0
00C180
ENDCHAR
STARTCHAR uni248C
ENCODING 9356
SWIDTH 1000 0
DWIDTH 24 0
BBX 17 17 3 0
BITMAP
3FC000
3FC000
300000
300000
300000
300000
6F0000
7FC000
20E000
006000
006000
006000
006000
006000
C0E380
7FC380
3F8380
ENDCHAR
STARTCHAR uni248D
ENCODING 9357
SWIDTH 1000 0
DWIDTH 24 0
BBX 17 17 3 0
BITMAP
1FC000
3CE000
304000
600000
600000
600000
E00000
CFC000
D8C000
E06000
C06000
606000
606000
606000
30E180
39C380
1F8380
ENDCHAR
STARTCHAR uni248E
ENCODING 9358
SWIDTH 1000 0
DWIDTH 24 0
BBX 15 17 4 0
BITMAP
FFE0
FFE0
00C0
0180
0180
0300
0300
0600
0600
0600
0600
0C00
0C00
0C00
0C0E
0C0E
0C0E
ENDCHAR
STARTCHAR uni248F
ENCODING 9359
SWIDTH 1000 0
DWIDTH 24 0
BBX 18 17 3 0
BITMAP
1F8000
31C000
60C000
606000
606000
70C000
38C000
1F8000
1F8000
31C000
60E000
C06000
C06000
C06000
606180
79C3C0
1F8180
ENDCHAR
STARTCHAR uni2490
ENCODING 9360
SWIDTH 1000 0
DWIDTH 24 0
BBX 18 17 3 0
BITMAP
3F0000
718000
60C000
E0E000
C06000
C06000
E06000
60E000
73E000
3F6000
006000
006000
00E000
00C000
41C180
7F83C0
3F0180
ENDCHAR
STARTCHAR uni2491
ENCODING 9361
SWIDTH 1000 0
DWIDTH 24 0
BBX 24 17 0 0
BITMAP
381F00
F83B80
F870C0
1860C0
1860C0
186060
18C060
18C060
18C060
18C060
18E060
186060
1860C0
1860C0
1831C6
183F8F
181F06
ENDCHAR
STARTCHAR uni2492
ENCODING 9362
SWIDTH 1000 0
DWIDTH 24 0
BBX 22 17 1 0
BITMAP
381C00
F87C00
F87C00
180C00
180C00
180C00
180C00
180C00
180C00
180C00
180C00
180C00
180C00
180C00
180C18
180C3C
180C18
ENDCHAR
STARTCHAR uni2493
ENCODING 9363
SWIDTH 1000 0
DWIDTH 24 0
BBX 23 17 1 0
BITMAP
387E00
F8E700
F98300
180180
180180
180180
180300
180300
180700
180600
180C00
181C00
183800
183000
18600C
18FF9E
18FF8C
ENDCHAR
STARTCHAR uni2494
ENCODING 9364
SWIDTH 1000 0
DWIDTH 24 0
BBX 23 17 1 0
BITMAP
387E00
F8E700
F84380
180180
180180
180380
180300
181E00
181E00
180300
180180
180180
180180
180180
18C18C
18FF1E
187E1C
ENDCHAR
STARTCHAR uni2495
ENCODING 9365
SWIDTH 1000 0
DWIDTH 24 0
BBX 23 17 1 0
BITMAP
380700
F80700
F80F00
181B00
181B00
183300
183300
186300
186300
18C300
18FFC0
18FFC0
180300
180300
18030C
18031E
18031C
ENDCHAR
STARTCHAR uni2496
ENCODING 9366
SWIDTH 1000 0
DWIDTH 24 0
BBX 23 17 1 0
BITMAP
387F80
F87F80
F86000
186000
186000
186000
187E00
187F00
184380
180180
180180
180180
180180
180180
18838C
19FF1E
187E1C
ENDCHAR
STARTCHAR uni2497
ENCODING 9367
SWIDTH 1000 0
DWIDTH 24 0
BBX 22 17 1 0
BITMAP
381F00
F83B80
F86080
186000
184000
18C000
18C000
18DF00
18F380
18E180
18C080
18C0C0
18C0C0
186180
18618C
183B1C
181F1C
ENDCHAR
STARTCHAR uni2498
ENCODING 9368
SWIDTH 1000 0
DWIDTH 24 0
BBX 21 17 1 0
BITMAP
387FC0
F87FC0
F80180
180180
180300
180300
180600
180600
180600
180C00
180C00
180C00
180C00
180C00
180C18
180C38
180C38
ENDCHAR
STARTCHAR uni2499
ENCODING 9369
SWIDTH 1000 0
DWIDTH 24 0
BBX 23 17 1 0
BITMAP
383F00
F87380
F86180
186080
186080
186180
183180
181F00
183E00
186380
18C180
18C0C0
18C0C0
18C0C0
18C0CC
18738E
183F0E
ENDCHAR
STARTCHAR uni249A
ENCODING 9370
SWIDTH 1000 0
DWIDTH 24 0
BBX 23 17 1 0
BITMAP
383E00
F87300
F86180
18C180
18C180
18C0C0
18C0C0
1861C0
1877C0
183EC0
1800C0
180080
180180
180180
18430C
18FF1E
187E0C
ENDCHAR
STARTCHAR uni249B
ENCODING 9371
SWIDTH 1000 0
DWIDTH 24 0
BBX 23 17 0 0
BITMAP
3F0780
730EC0
C18C60
019860
019860
019860
019830
031830
031830
061830
061870
0C1860
1C1860
381860
300C6E
7FCFCE
7FC78E
ENDCHAR
STARTCHAR uni249C
ENCODING 9372
SWIDTH 1000 0
DWIDTH 24 0
BBX 22 22 1 -2
BITMAP
300030
200010
600018
400008
407808
C3FE0C
C1860C
800704
800304
800F04
80FF04
81C304
830304
830304
830704
C38F0C
C1FB0C
40E008
400008
600018
200010
100020
ENDCHAR
STARTCHAR uni249D
ENCODING 9373
SWIDTH 1000 0
DWIDTH 24 0
BBX 22 22 1 -2
BITMAP
300030
230010
630018
430008
430008
C3000C
C3180C
837E04
83C704
838384
830184
830184
830184
830184
830184
C3038C
C3038C
438708
43FE08
633C18
200010
100020
ENDCHAR
STARTCHAR uni249E
ENCODING 9374
SWIDTH 1000 0
DWIDTH 24 0
BBX 22 22 1 -2
BITMAP
300030
200010
600018
400008
403C08
C0FF0C
C1C20C
818004
838004
830004
830004
830004
830004
838004
818004
C1C30C
C0FF0C
403C08
400008
600018
200010
100020
ENDCHAR
STARTCHAR uni249F
ENCODING 9375
SWIDTH 1000 0
DWIDTH 24 0
BBX 22 22 1 -2
BITMAP
300030
200310
600318
400308
400308
C0030C
C0730C
81FB04
83CF04
830304
870304
860304
860304
860304
860304
C6030C
C7030C
438F08
41FF08
60F318
200010
100020
ENDCHAR
STARTCHAR uni24A0
ENCODING 9376
SWIDTH 1000 0
DWIDTH 24 0
BBX 22 22 1 -2
BITMAP
300030
200010
600018
400008
403808
C0FE0C
C1C70C
838304
830304
830104
83FF84
830004
830004
830004
838004
C1C20C
C0FF0C
403C08
400008
600018
200010
100020
ENDCHAR
STARTCHAR uni24A1
ENCODING 9377
SWIDTH 1000 0
DWIDTH 24 0
BBX 22 22 1 -2
BITMAP
301E30
207C10
606018
406008
406008
C0600C
C0600C
81FC04
806004
806004
806004
806004
806004
806004
806004
C0600C
C0600C
406008
406008
606018
200010
100020
ENDCHAR
STARTCHAR uni24A2
ENCODING 9378
SWIDTH 1000 0
DWIDTH 24 0
BBX 22 22 1 -2
BITMAP
300030
200010
607018
40FF88
418C08
C3860C
C3060C
830604
818604
81CC04
80F804
818004
830004
81F004
81FF04
C1878C
C3038C
430308
438708
61FE18
207810
100020
ENDCHAR
STARTCHAR uni24A3
ENCODING 9379
SWIDTH 1000 0
DWIDTH 24 0
BBX 22 22 1 -2
BITMAP
300030
230010
630018
430008
430008
C3000C
C31C0C
837E04
83E704
838304
830304
830304
830304
830304
830304
C3030C
C3030C
430308
430308
630318
200010
100020
ENDCHAR
STARTCHAR uni24A4
ENCODING 9380
SWIDTH 1000 0
DWIDTH 24 0
BBX 22 22 1 -2
BITMAP
300030
203010
607818
403008
400008
C0000C
C0000C
803004
803004
803004
803004
803004
803004
803004
803004
C0300C
C0300C
403008
403008
603018
200010
100020
ENDCHAR
STARTCHAR uni24A5
ENCODING 9381
SWIDTH 1000 0
DWIDTH 24 0
BBX 22 25 1 -4
BITMAP
003800
303830
203810
600018
400008
400008
C0380C
C0380C
803804
803804
803804
803804
803804
803804
803804
803804
C0380C
C0380C
403808
403808
603818
203010
113020
01F000
00C000
ENDCHAR
STARTCHAR uni24A6
ENCODING 9382
SWIDTH 1000 0
DWIDTH 24 0
BBX 22 22 1 -2
BITMAP
300030
230010
630018
430008
430008
C3000C
C3000C
830704
830E04
830C04
831804
833004
837004
83F804
83DC04
C38C0C
C3060C
430708
430308
630398
200010
100020
ENDCHAR
STARTCHAR uni24A7
ENCODING 9383
SWIDTH 1000 0
DWIDTH 24 0
BBX 22 22 1 -2
BITMAP
300030
203010
603018
403008
403008
C0300C
C0300C
803004
803004
803004
803004
803004
803004
803004
803004
C0300C
C0300C
403008
403808
601818
200010
100020
ENDCHAR
STARTCHAR uni24A8
ENCODING 9384
SWIDTH 1000 0
DWIDTH 24 0
BBX 22 22 1 -2
BITMAP
300030
200010
600018
400008
4CE308
CFEF8C
CE39CC
8C30C4
8C30C4
8C30C4
8C30C4
8C30C4
8C30C4
8C30C4
8C30C4
CC30CC
CC30CC
400008
400008
600018
200010
100020
ENDCHAR
STARTCHAR uni24A9
ENCODING 9385
SWIDTH 1000 0
DWIDTH 24 0
BBX 22 22 1 -2
BITMAP
300030
200010
600018
400008
431C08
C37E0C
C3C70C
838304
830304
830304
830304
830304
830304
830304
830304
C3030C
C3030C
400008
400008
600018
200010
100020
ENDCHAR
STARTCHAR uni24AA
ENCODING 9386
SWIDTH 1000 0
DWIDTH 24 0
BBX 22 22 1 -2
BITMAP
300030
200010
600018
400008
407808
C1FE0C
C3870C
830304
870384
860184
860184
860184
860384
870384
830304
C3870C
C1FE0C
407808
400008
600018
200010
100020
ENDCHAR
STARTCHAR uni24AB
ENCODING 9387
SWIDTH 1000 0
DWIDTH 24 0
BBX 22 22 1 -2
BITMAP
300030
200010
601C18
437E08
43C708
C3838C
C3018C
830184
830184
830184
830184
830184
830384
838704
83FE04
C33C0C
C3000C
430008
430008
630018
200010
100020
ENDCHAR
STARTCHAR uni24AC
ENCODING 9388
SWIDTH 1000 0
DWIDTH 24 0
BBX 22 22 1 -2
BITMAP
300030
200010
607018
41FF08
438F08
C3030C
C7030C
860304
860304
860304
860304
860304
870304
838F04
83FF04
C0F30C
C0030C
400308
400308
600318
200010
100020
ENDCHAR
STARTCHAR uni24AD
ENCODING 9389
SWIDTH 1000 0
DWIDTH 24 0
BBX 22 22 1 -2
BITMAP
300030
200010
600018
400008
40CE08
C0DE0C
C0F00C
80E004
80C004
80C004
80C004
80C004
80C004
80C004
80C004
C0C00C
C0C00C
400008
400008
600018
200010
100020
ENDCHAR
STARTCHAR uni24AE
ENCODING 9390
SWIDTH 1000 0
DWIDTH 24 0
BBX 22 22 1 -2
BITMAP
300030
200010
600018
400008
407808
C0FE0C
C1860C
818004
818004
81E004
80F804
803E04
800704
800304
810304
C3860C
C1FE0C
407808
400008
600018
200010
100020
ENDCHAR
STARTCHAR uni24AF
ENCODING 9391
SWIDTH 1000 0
DWIDTH 24 0
BBX 22 22 1 -2
BITMAP
300030
200010
606018
406008
406008
C07E0C
C1FE0C
806004
806004
806004
806004
806004
806004
806004
806004
C0600C
C0700C
403E08
401E08
600018
200010
100020
ENDCHAR
STARTCHAR uni24B0
ENCODING 9392
SWIDTH 1000 0
DWIDTH 24 0
BBX 22 22 1 -2
BITMAP
300030
200010
600018
400008
430308
C3030C
C3030C
830304
830304
830304
830304
830304
830304
830304
830704
C38F0C
C1FB0C
40E008
400008
600018
200010
100020
ENDCHAR
STARTCHAR uni24B1
ENCODING 9393
SWIDTH 1000 0
DWIDTH 24 0
BBX 22 22 1 -2
BITMAP
300030
200010
600018
400008
460188
C7038C
C3030C
830304
818704
818604
818604
80CC04
80CC04
80CC04
807804
C0780C
C0780C
400008
400008
600018
200010
100020
ENDCHAR
STARTCHAR uni24B2
ENCODING 9394
SWIDTH 1000 0
DWIDTH 24 0
BBX 22 22 1 -2
BITMAP
300030
200010
600018
400008
583068
D8306C
DC786C
8C78C4
8C78C4
8C48C4
8C4CC4
86CC84
86CD84
86CD84
868584
C3878C
C3870C
400008
400008
600018
200010
100020
ENDCHAR
STARTCHAR uni24B3
ENCODING 9395
SWIDTH 1000 0
DWIDTH 24 0
BBX 22 22 1 -2
BITMAP
300030
200010
600018
400008
430308
C3870C
C1860C
80CE04
80EC04
807804
803804
807804
80F804
80CC04
818E04
C1860C
C3030C
440088
400008
600018
200010
100020
ENDCHAR
STARTCHAR uni24B4
ENCODING 9396
SWIDTH 1000 0
DWIDTH 24 0
BBX 22 22 1 -2
BITMAP
300030
200010
600018
470388
430308
C3030C
C1870C
818604
81C604
80C604
80CC04
806C04
806804
807804
803804
C0300C
C0300C
407008
43E008
63C018
200010
100020
ENDCHAR
STARTCHAR uni24B5
ENCODING 9397
SWIDTH 1000 0
DWIDTH 24 0
BBX 22 22 1 -2
BITMAP
300030
200010
600018
400008
41FF08
C1FF0C
C0060C
800E04
801C04
801804
803004
807004
806004
80C004
81C004
C1800C
C3FF0C
400008
400008
600018
200010
100020
ENDCHAR
STARTCHAR uni24B6
ENCODING 9398
SWIDTH 1000 0
DWIDTH 24 0
BBX 22 22 1 -2
BITMAP
01FE00
060180
080040
100020
200010
407008
407808
805804
80CC04
80CC04
80CC04
818604
81FE04
818604
830304
430308
470388
200010
100020
080040
060180
01FE00
ENDCHAR
STARTCHAR uni24B7
ENCODING 9399
SWIDTH 1000 0
DWIDTH 24 0
BBX 22 22 1 -2
BITMAP
01FE00
060180
080040
100020
200010
41FE08
418608
818204
818204
818E04
81FC04
818704
818304
818304
818304
41FE08
41FC08
200010
100020
080040
060180
01FE00
ENDCHAR
STARTCHAR uni24B8
ENCODING 9400
SWIDTH 1000 0
DWIDTH 24 0
BBX 22 22 1 -2
BITMAP
01FE00
060180
080040
100020
203810
40FE08
41C208
830004
830004
830004
830004
830004
830004
830004
838204
41EF08
40FC08
200010
100020
080040
060180
01FE00
ENDCHAR
STARTCHAR uni24B9
ENCODING 9401
SWIDTH 1000 0
DWIDTH 24 0
BBX 22 22 1 -2
BITMAP
01FE00
060180
080040
100020
200010
41FC08
418F08
818304
818384
818184
818184
818184
818184
818304
818704
41FE08
41F808
200010
100020
080040
060180
01FE00
ENDCHAR
STARTCHAR uni24BA
ENCODING 9402
SWIDTH 1000 0
DWIDTH 24 0
BBX 22 22 1 -2
BITMAP
01FE00
060180
080040
100020
200010
41FE08
418008
818004
818004
818004
81FC04
818004
818004
818004
818004
41FE08
41FE08
200010
100020
080040
060180
01FE00
ENDCHAR
STARTCHAR uni24BB
ENCODING 9403
SWIDTH 1000 0
DWIDTH 24 0
BBX 22 22 1 -2
BITMAP
01FE00
060180
080040
100020
200010
41FE08
418008
818004
818004
818004
81FC04
81FC04
818004
818004
818004
418008
418008
200010
100020
080040
060180
01FE00
ENDCHAR
STARTCHAR uni24BC
ENCODING 9404
SWIDTH 1000 0
DWIDTH 24 0
BBX 22 22 1 -2
BITMAP
01FE00
060180
080040
100020
203C10
40FF08
41C208
830004
830004
830004
871F04
831F04
830304
830304
838304
41E708
407E08
200010
100020
080040
060180
01FE00
ENDCHAR
STARTCHAR uni24BD
ENCODING 9405
SWIDTH 1000 0
DWIDTH 24 0
BBX 22 22 1 -2
BITMAP
01FE00
060180
080040
100020
200010
430308
430308
830304
830304
830304
83FF04
830304
830304
830304
830304
430308
430308
200010
100020
080040
060180
01FE00
ENDCHAR
STARTCHAR uni24BE
ENCODING 9406
SWIDTH 1000 0
DWIDTH 24 0
BBX 22 22 1 -2
BITMAP
01FE00
060180
080040
100020
200010
403008
403008
803004
803004
803004
803004
803004
803004
803004
803004
403008
403008
200010
100020
080040
060180
01FE00
ENDCHAR
STARTCHAR uni24BF
ENCODING 9407
SWIDTH 1000 0
DWIDTH 24 0
BBX 22 22 1 -2
BITMAP
01FE00
060180
080040
100020
200010
400C08
400C08
800C04
800C04
800C04
800C04
800C04
800C04
800C04
810C04
41FC08
40F808
200010
100020
080040
060180
01FE00
ENDCHAR
STARTCHAR uni24C0
ENCODING 9408
SWIDTH 1000 0
DWIDTH 24 0
BBX 22 22 1 -2
BITMAP
01FE00
060180
080040
100020
200110
418608
418C08
819804
81B804
81F004
81F804
81D804
818C04
818C04
818604
418308
418388
200010
100020
080040
060180
01FE00
ENDCHAR
STARTCHAR uni24C1
ENCODING 9409
SWIDTH 1000 0
DWIDTH 24 0
BBX 22 22 1 -2
BITMAP
01FE00
060180
080040
100020
200010
40C008
40C008
80C004
80C004
80C004
80C004
80C004
80C004
80C004
80C004
40FE08
40FE08
200010
100020
080040
060180
01FE00
ENDCHAR
STARTCHAR uni24C2
ENCODING 9410
SWIDTH 1000 0
DWIDTH 24 0
BBX 22 22 1 -2
BITMAP
01FE00
060180
080040
100020
200010
470388
470388
878784
868584
86CD84
86CD84
864984
867984
863184
863184
463188
460188
200010
100020
080040
060180
01FE00
ENDCHAR
STARTCHAR uni24C3
ENCODING 9411
SWIDTH 1000 0
DWIDTH 24 0
BBX 22 22 1 -2
BITMAP
01FE00
060180
080040
100020
200010
438308
438308
83C304
836304
836304
833304
833304
831B04
830F04
830F04
430708
430308
200010
100020
080040
060180
01FE00
ENDCHAR
STARTCHAR uni24C4
ENCODING 9412
SWIDTH 1000 0
DWIDTH 24 0
BBX 22 22 1 -2
BITMAP
01FE00
060180
080040
100020
207810
41FE08
438708
830304
870384
860184
860184
860184
860184
830304
838304
41CE08
40FC08
200010
100020
080040
060180
01FE00
ENDCHAR
STARTCHAR uni24C5
ENCODING 9413
SWIDTH 1000 0
DWIDTH 24 0
BBX 22 22 1 -2
BITMAP
01FE00
060180
080040
100020
200010
41FE08
418708
818304
818304
818304
818604
81FC04
818004
818004
818004
418008
418008
200010
100020
080040
060180
01FE00
ENDCHAR
STARTCHAR uni24C6
ENCODING 9414
SWIDTH 1000 0
DWIDTH 24 0
BBX 22 22 1 -2
BITMAP
01FE00
060180
080040
100020
207810
41FE08
438708
830304
860384
860184
860184
860184
870304
830304
81CE04
40FC08
403008
201C90
100FA0
080040
060180
01FE00
ENDCHAR
STARTCHAR uni24C7
ENCODING 9415
SWIDTH 1000 0
DWIDTH 24 0
BBX 22 22 1 -2
BITMAP
01FE00
060180
080040
100020
200010
41FE08
418708
818304
818304
818304
818E04
81FC04
818C04
818C04
818604
418708
418308
200010
100020
080040
060180
01FE00
ENDCHAR
STARTCHAR uni24C8
ENCODING 9416
SWIDTH 1000 0
DWIDTH 24 0
BBX 22 22 1 -2
BITMAP
01FE00
060180
080040
100020
207810
40FE08
418608
818004
818004
80E004
807804
801E04
800604
800304
810604
43CE08
40FC08
200010
100020
080040
060180
01FE00
ENDCHAR
STARTCHAR uni24C9
ENCODING 9417
SWIDTH 1000 0
DWIDTH 24 0
BBX 22 22 1 -2
BITMAP
01FE00
060180
080040
100020
200010
43FF08
403008
803004
803004
803004
803004
803004
803004
803004
803004
403008
403008
200010
100020
080040
060180
01FE00
ENDCHAR
STARTCHAR uni24CA
ENCODING 9418
SWIDTH 1000 0
DWIDTH 24 0
BBX 22 22 1 -2
BITMAP
01FE00
060180
080040
100020
200010
430308
430308
830304
830304
830304
830304
830304
830304
830304
838604
41EE08
40FC08
200010
100020
080040
060180
01FE00
ENDCHAR
STARTCHAR uni24CB
ENCODING 9419
SWIDTH 1000 0
DWIDTH 24 0
BBX 22 22 1 -2
BITMAP
01FE00
060180
080040
100020
200010
430308
430308
818604
818604
818604
80CC04
80CC04
80CC04
806804
807804
407808
403008
200010
100020
080040
060180
01FE00
ENDCHAR
STARTCHAR uni24CC
ENCODING 9420
SWIDTH 1000 0
DWIDTH 24 0
BBX 22 22 1 -2
BITMAP
01FE00
060180
080040
100020
300030
4C30C8
4C30C8
8C78C4
8C78C4
844884
864984
86CD84
86CD84
868584
828504
438708
438708
200010
100020
080040
060180
01FE00
ENDCHAR
STARTCHAR uni24CD
ENCODING 9421
SWIDTH 1000 0
DWIDTH 24 0
BBX 22 22 1 -2
BITMAP
01FE00
060180
080040
100020
220110
418608
41C608
80CC04
806804
807804
803004
807804
807804
80CC04
818E04
418608
430308
200010
100020
080040
060180
01FE00
ENDCHAR
STARTCHAR uni24CE
ENCODING 9422
SWIDTH 1000 0
DWIDTH 24 0
BBX 22 22 1 -2
BITMAP
01FE00
060180
080040
100020
200110
438608
418608
81CC04
80CC04
804804
807804
803004
803004
803004
803004
403008
403008
200010
100020
080040
060180
01FE00
ENDCHAR
STARTCHAR uni24CF
ENCODING 9423
SWIDTH 1000 0
DWIDTH 24 0
BBX 22 22 1 -2
BITMAP
01FE00
060180
080040
100020
200010
41FF08
400608
800C04
801C04
801804
803004
806004
806004
80C004
818004
43FF08
43FF08
200010
100020
080040
060180
01FE00
ENDCHAR
STARTCHAR uni24D0
ENCODING 9424
SWIDTH 1000 0
DWIDTH 24 0
BBX 22 22 1 -2
BITMAP
01FE00
060180
080040
100020
200010
400008
401008
80FC04
808C04
800404
807C04
80C404
818404
818C04
80FC04
406008
400008
200010
100020
080040
060180
01FE00
ENDCHAR
STARTCHAR uni24D1
ENCODING 9425
SWIDTH 1000 0
DWIDTH 24 0
BBX 22 22 1 -2
BITMAP
01FE00
060180
080040
100020
20C010
40C008
40C008
80C004
80BC04
80C604
80C204
80C304
80C304
80C204
80C604
40FC08
401808
200010
100020
080040
060180
01FE00
ENDCHAR
STARTCHAR uni24D2
ENCODING 9426
SWIDTH 1000 0
DWIDTH 24 0
BBX 22 22 1 -2
BITMAP
01FE00
060180
080040
100020
200010
400008
401008
807C04
80C404
818004
818004
818004
818004
80C404
807C04
401008
400008
200010
100020
080040
060180
01FE00
ENDCHAR
STARTCHAR uni24D3
ENCODING 9427
SWIDTH 1000 0
DWIDTH 24 0
BBX 22 22 1 -2
BITMAP
01FE00
060180
080040
100020
200610
400608
400608
800604
80FE04
818E04
818604
818604
818604
818604
818E04
40FE08
402008
200010
100020
080040
060180
01FE00
ENDCHAR
STARTCHAR uni24D4
ENCODING 9428
SWIDTH 1000 0
DWIDTH 24 0
BBX 22 22 1 -2
BITMAP
01FE00
060180
080040
100020
200010
400008
401008
807C04
80C404
818604
81FE04
818004
818004
80C004
807E04
401008
400008
200010
100020
080040
060180
01FE00
ENDCHAR
STARTCHAR uni24D5
ENCODING 9429
SWIDTH 1000 0
DWIDTH 24 0
BBX 22 22 1 -2
BITMAP
01FE00
060180
080040
100020
203C10
402008
402008
802004
80F804
802004
802004
802004
802004
802004
802004
402008
400008
200010
100020
080040
060180
01FE00
ENDCHAR
STARTCHAR uni24D6
ENCODING 9430
SWIDTH 1000 0
DWIDTH 24 0
BBX 22 22 1 -2
BITMAP
01FE00
060180
080040
100020
200010
407E08
40CE08
808404
808404
808C04
807804
808004
808004
80FE04
808604
418208
41CE08
207810
100020
080040
060180
01FE00
ENDCHAR
STARTCHAR uni24D7
ENCODING 9431
SWIDTH 1000 0
DWIDTH 24 0
BBX 22 22 1 -2
BITMAP
01FE00
060180
080040
100020
208010
408008
408008
808004
80BC04
80C604
808604
808604
808604
808604
808604
408608
400008
200010
100020
080040
060180
01FE00
ENDCHAR
STARTCHAR uni24D8
ENCODING 9432
SWIDTH 1000 0
DWIDTH 24 0
BBX 22 22 1 -2
BITMAP
01FE00
060180
080040
100020
203010
403008
400008
800004
803004
803004
803004
803004
803004
803004
803004
403008
400008
200010
100020
080040
060180
01FE00
ENDCHAR
STARTCHAR uni24D9
ENCODING 9433
SWIDTH 1000 0
DWIDTH 24 0
BBX 22 22 1 -2
BITMAP
01FE00
060180
080040
103020
203010
400008
400008
803004
803004
803004
803004
803004
803004
803004
803004
403008
403008
203010
10E020
080040
060180
01FE00
ENDCHAR
STARTCHAR uni24DA
ENCODING 9434
SWIDTH 1000 0
DWIDTH 24 0
BBX 22 22 1 -2
BITMAP
01FE00
060180
080040
100020
20C010
40C008
40C008
80C004
80C604
80CC04
80D804
80F004
80F804
80CC04
80CC04
40C608
400008
200010
100020
080040
060180
01FE00
ENDCHAR
STARTCHAR uni24DB
ENCODING 9435
SWIDTH 1000 0
DWIDTH 24 0
BBX 22 22 1 -2
BITMAP
01FE00
060180
080040
100020
203010
403008
403008
803004
803004
803004
803004
803004
803004
803004
803004
403808
401008
200010
100020
080040
060180
01FE00
ENDCHAR
STARTCHAR uni24DC
ENCODING 9436
SWIDTH 1000 0
DWIDTH 24 0
BBX 22 22 1 -2
BITMAP
01FE00
060180
080040
100020
200010
400008
404208
85EF84
863984
863184
863084
863084
863084
863084
863084
400008
400008
200010
100020
080040
060180
01FE00
ENDCHAR
STARTCHAR uni24DD
ENCODING 9437
SWIDTH 1000 0
DWIDTH 24 0
BBX 22 22 1 -2
BITMAP
01FE00
060180
080040
100020
200010
400008
400808
81FC04
81C604
818604
818604
818604
818604
818604
818604
400008
400008
200010
100020
080040
060180
01FE00
ENDCHAR
STARTCHAR uni24DE
ENCODING 9438
SWIDTH 1000 0
DWIDTH 24 0
BBX 22 22 1 -2
BITMAP
01FE00
060180
080040
100020
200010
400008
402008
80FC04
808404
818604
818604
818604
818604
818404
80FC04
403008
400008
200010
100020
080040
060180
01FE00
ENDCHAR
STARTCHAR uni24DF
ENCODING 9439
SWIDTH 1000 0
DWIDTH 24 0
BBX 22 22 1 -2
BITMAP
01FE00
060180
080040
100020
200010
40BC08
40FE08
808604
808204
808204
808204
808604
80CE04
80BC04
808004
408008
408008
200010
100020
080040
060180
01FE00
ENDCHAR
STARTCHAR uni24E0
ENCODING 9440
SWIDTH 1000 0
DWIDTH 24 0
BBX 22 22 1 -2
BITMAP
01FE00
060180
080040
100020
200010
407608
40FE08
818604
818604
818604
818604
818604
81CE04
80FE04
800604
400608
400608
200010
100020
080040
060180
01FE00
ENDCHAR
STARTCHAR uni24E1
ENCODING 9441
SWIDTH 1000 0
DWIDTH 24 0
BBX 22 22 1 -2
BITMAP
01FE00
060180
080040
100020
200010
400008
400408
805C04
807004
806004
806004
806004
806004
806004
806004
400008
400008
200010
100020
080040
060180
01FE00
ENDCHAR
STARTCHAR uni24E2
ENCODING 9442
SWIDTH 1000 0
DWIDTH 24 0
BBX 22 22 1 -2
BITMAP
01FE00
060180
080040
100020
200010
400008
401008
807C04
80C404
80C004
807004
801C04
800C04
808404
80FC04
403008
400008
200010
100020
080040
060180
01FE00
ENDCHAR
STARTCHAR uni24E3
ENCODING 9443
SWIDTH 1000 0
DWIDTH 24 0
BBX 22 22 1 -2
BITMAP
01FE00
060180
080040
100020
200010
402008
406008
80F804
806004
806004
806004
806004
806004
806004
803804
401C08
400008
200010
100020
080040
060180
01FE00
ENDCHAR
STARTCHAR uni24E4
ENCODING 9444
SWIDTH 1000 0
DWIDTH 24 0
BBX 22 22 1 -2
BITMAP
01FE00
060180
080040
100020
200010
400008
400008
818604
818604
818604
818604
818604
818604
808E04
80FE04
406008
400008
200010
100020
080040
060180
01FE00
ENDCHAR
STARTCHAR uni24E5
ENCODING 9445
SWIDTH 1000 0
DWIDTH 24 0
BBX 22 22 1 -2
BITMAP
01FE00
060180
080040
100020
200010
400008
400008
818604
808404
80C404
80CC04
804804
804804
807804
803004
400008
400008
200010
100020
080040
060180
01FE00
ENDCHAR
STARTCHAR uni24E6
ENCODING 9446
SWIDTH 1000 0
DWIDTH 24 0
BBX 22 22 1 -2
BITMAP
01FE00
060180
080040
100020
200010
400008
400008
863184
863184
823904
837904
834B04
834B04
814E04
81C604
400008
400008
200010
100020
080040
060180
01FE00
ENDCHAR
STARTCHAR uni24E7
ENCODING 9447
SWIDTH 1000 0
DWIDTH 24 0
BBX 22 22 1 -2
BITMAP
01FE00
060180
080040
100020
200010
400008
410208
80CC04
80CC04
807804
803004
803004
807804
80CC04
808404
410208
400008
200010
100020
080040
060180
01FE00
ENDCHAR
STARTCHAR uni24E8
ENCODING 9448
SWIDTH 1000 0
DWIDTH 24 0
BBX 22 22 1 -2
BITMAP
01FE00
060180
080040
100020
200010
418208
408608
80C604
80C404
804C04
806C04
802804
803804
801004
801004
403008
40E008
208010
100020
080040
060180
01FE00
ENDCHAR
STARTCHAR uni24E9
ENCODING 9449
SWIDTH 1000 0
DWIDTH 24 0
BBX 22 22 1 -2
BITMAP
01FE00
060180
080040
100020
200010
400008
400008
80FC04
800C04
801804
803004
803004
806004
80C004
80FC04
400008
400008
200010
100020
080040
060180
01FE00
ENDCHAR
STARTCHAR uni24EA
ENCODING 9450
SWIDTH 1000 0
DWIDTH 24 0
BBX 22 22 1 -2
BITMAP
01FE00
060180
080040
100020
207810
40FC08
418608
818604
830304
830304
830304
830304
830304
818604
818604
40CC08
407808
200010
100020
080040
060180
01FE00
ENDCHAR
STARTCHAR uni24EB
ENCODING 9451
SWIDTH 1000 0
DWIDTH 24 0
BBX 22 22 1 -2
BITMAP
01FE00
07FF80
0FFFC0
1FFFE0
3FFFF0
7870F8
7870F8
FE7CFC
FE7CFC
FE7CFC
FE7CFC
FE7CFC
FE7CFC
FE7CFC
FE7CFC
7E7CF8
7E7CF8
3FFFF0
1FFFE0
0FFFC0
07FF80
01FE00
ENDCHAR
STARTCHAR uni24EC
ENCODING 9452
SWIDTH 1000 0
DWIDTH 24 0
BBX 22 22 1 -2
BITMAP
01FE00
07FF80
0FFFC0
1FFFE0
3FF1F0
70E0F8
70EE78
FCFE7C
FCFE7C
FCFE7C
FCFEFC
FCFCFC
FCF9FC
FCF3FC
FCE3FC
7CE478
7CC078
3FFFF0
1FFFE0
0FFFC0
07FF80
01FE00
ENDCHAR
STARTCHAR uni24ED
ENCODING 9453
SWIDTH 1000 0
DWIDTH 24 0
BBX 22 22 1 -2
BITMAP
01FE00
07FF80
0FFFC0
1FFFE0
3FF1F0
70E078
70EE78
FCFE7C
FCFE7C
FCFCFC
FCF1FC
FCFC7C
FCFE7C
FCFF3C
FCFF7C
7CC478
7CE0F8
3FFFF0
1FFFE0
0FFFC0
07FF80
01FE00
ENDCHAR
STARTCHAR uni24EE
ENCODING 9454
SWIDTH 1000 0
DWIDTH 24 0
BBX 22 22 1 -2
BITMAP
01FE00
07FF80
0FFFC0
1FFFE0
3FFFF0
70FCF8
70FAF8
FCFAFC
FCF2FC
FCE6FC
FCE6FC
FCCEFC
FCC03C
FCC03C
FCFEFC
7CFEF8
7CFEF8
3FFFF0
1FFFE0
0FFFC0
07FF80
01FE00
ENDCHAR
STARTCHAR uni24EF
ENCODING 9455
SWIDTH 1000 0
DWIDTH 24 0
BBX 22 22 1 -2
BITMAP
01FE00
07FF80
0FFFC0
1FFFE0
3FFFF0
70E078
70E7F8
FCE7FC
FCE7FC
FCE8FC
FCE47C
FCFE7C
FCFF3C
FCFF3C
FCFE7C
7CC478
7CE0F8
3FFFF0
1FFFE0
0FFFC0
07FF80
01FE00
ENDCHAR
STARTCHAR uni24F0
ENCODING 9456
SWIDTH 1000 0
DWIDTH 24 0
BBX 22 22 1 -2
BITMAP
01FE00
07FF80
0FFFC0
1FFFE0
3FF8F0
70F078
70E778
FCE7FC
FCCFFC
FCCCFC
FCC87C
FCC77C
FCCF3C
FCCF3C
FCE73C
7CE678
7CF0F8
3FFFF0
1FFFE0
0FFFC0
07FF80
01FE00
ENDCHAR
STARTCHAR uni24F1
ENCODING 9457
SWIDTH 1000 0
DWIDTH 24 0
BBX 22 22 1 -2
BITMAP
01FE00
07FF80
0FFFC0
1FFFE0
3FFFF0
70E038
70FF78
FCFE7C
FCFCFC
FCFCFC
FCFDFC
FCF9FC
FCF9FC
FCF9FC
FCF9FC
7CF9F8
7CF9F8
3FFFF0
1FFFE0
0FFFC0
07FF80
01FE00
ENDCHAR
STARTCHAR uni24F2
ENCODING 9458
SWIDTH 1000 0
DWIDTH 24 0
BBX 22 22 1 -2
BITMAP
01FE00
07FF80
0FFFC0
1FFFE0
3FF8F0
70F078
70E738
FCE73C
FCE73C
FCF37C
FCF8FC
FCE67C
FCEF3C
FCEF3C
FCEF3C
7CE738
7CF078
3FFFF0
1FFFE0
0FFFC0
07FF80
01FE00
ENDCHAR
STARTCHAR uni24F3
ENCODING 9459
SWIDTH 1000 0
DWIDTH 24 0
BBX 22 22 1 -2
BITMAP
01FE00
07FF80
0FFFC0
1FFFE0
3FF9F0
70E078
70E678
FCEF3C
FCCF3C
FCEF3C
FCE63C
FCF13C
FCFF3C
FCFF3C
FCFE7C
7CE478
7CE0F8
3FFFF0
1FFFE0
0FFFC0
07FF80
01FE00
ENDCHAR
STARTCHAR uni24F4
ENCODING 9460
SWIDTH 1000 0
DWIDTH 24 0
BBX 22 22 1 -2
BITMAP
01FE00
07FF80
0FFFC0
1FFFE0
3C7CF0
703838
773338
FF939C
FF979C
FF279C
FF279C
FE679C
FE679C
FCF79C
F9F3BC
721138
701878
3FFFF0
1FFFE0
0FFFC0
07FF80
01FE00
ENDCHAR
STARTCHAR uni24F5
ENCODING 9461
SWIDTH 1000 0
DWIDTH 24 0
BBX 22 22 1 -2
BITMAP
03FF00
047880
098640
1601A0
280050
50F028
50F028
A03014
A03014
A03014
C0300C
C03014
A03014
A03014
A03014
503028
503028
280050
1601A0
09FE40
060180
01FE00
ENDCHAR
STARTCHAR uni24F6
ENCODING 9462
SWIDTH 1000 0
DWIDTH 24 0
BBX 22 22 1 -2
BITMAP
03FF00
047880
098640
1601A0
287850
51FC28
518628
A00614
A00614
A00614
C00C0C
C01C14
A03814
A07014
A0E014
51FF28
51FF28
280050
1601A0
09FE40
060180
01FE00
ENDCHAR
STARTCHAR uni24F7
ENCODING 9463
SWIDTH 1000 0
DWIDTH 24 0
BBX 22 22 1 -2
BITMAP
03FF00
047880
098640
1601A0
287850
51FC28
508628
A00614
A00614
A00C14
C0780C
C00E14
A00614
A00314
A10714
53CE28
50FC28
280050
1601A0
09FE40
060180
01FE00
ENDCHAR
STARTCHAR uni24F8
ENCODING 9464
SWIDTH 1000 0
DWIDTH 24 0
BBX 22 22 1 -2
BITMAP
03FF00
047880
098640
1601A0
280050
503828
502828
A06814
A0C814
A19814
C1980C
C31814
A7FE14
A7FE14
A01814
501828
501828
280050
1601A0
09FE40
060180
01FE00
ENDCHAR
STARTCHAR uni24F9
ENCODING 9465
SWIDTH 1000 0
DWIDTH 24 0
BBX 22 22 1 -2
BITMAP
03FF00
047880
098640
1601A0
280050
50FE28
50C028
A0C014
A08014
A0FC14
C0CE0C
C00614
A00314
A00314
A10614
53CE28
50FC28
280050
1601A0
09FE40
060180
01FE00
ENDCHAR
STARTCHAR uni24FA
ENCODING 9466
SWIDTH 1000 0
DWIDTH 24 0
BBX 22 22 1 -2
BITMAP
03FF00
047880
098640
1601A0
283850
50FE28
51C428
A18014
A30014
A33814
C3FC0C
C38614
A30614
A30614
A18614
51CE28
50FC28
280050
1601A0
09FE40
060180
01FE00
ENDCHAR
STARTCHAR uni24FB
ENCODING 9467
SWIDTH 1000 0
DWIDTH 24 0
BBX 22 22 1 -2
BITMAP
03FF00
047880
098640
1601A0
280050
51FE28
500628
A00C14
A00814
A01814
C0100C
C03014
A03014
A03014
A06014
506028
506028
280050
1601A0
09FE40
060180
01FE00
ENDCHAR
STARTCHAR uni24FC
ENCODING 9468
SWIDTH 1000 0
DWIDTH 24 0
BBX 22 22 1 -2
BITMAP
03FF00
047880
098640
1601A0
287850
50FC28
518628
A18614
A18614
A0C414
C0780C
C09E14
A10614
A30314
A30314
51C628
50FC28
280050
1601A0
09FE40
060180
01FE00
ENDCHAR
STARTCHAR uni24FD
ENCODING 9469
SWIDTH 1000 0
DWIDTH 24 0
BBX 22 22 1 -2
BITMAP
03FF00
047880
098640
1601A0
287850
50FC28
518628
A18314
A18314
A18314
C1CF0C
C0FB14
A00314
A00314
A00614
51DC28
50F828
280050
1601A0
09FE40
060180
01FE00
ENDCHAR
STARTCHAR uni24FE
ENCODING 9470
SWIDTH 1000 0
DWIDTH 24 0
BBX 22 22 1 -2
BITMAP
03FF00
047880
098640
1601A0
280650
579F28
5799A8
A1B094
A1B0D4
A1B0D4
C1B0CC
C1B0D4
A1B0D4
A1B094
A19994
519BA8
518F28
280050
1601A0
09FE40
060180
01FE00
ENDCHAR
STARTCHAR uni24FF
ENCODING 9471
SWIDTH 1000 0
DWIDTH 24 0
BBX 22 22 1 -2
BITMAP
01FE00
07FF80
0FFFC0
1FFFE0
3F87F0
7F03F8
7E79F8
FE79FC
FCFCFC
FCFCFC
FCFCFC
FCFCFC
FCFCFC
FE79FC
FE79FC
7F33F8
7F87F8
3FFFF0
1FFFE0
0FFFC0
07FF80
01FE00
ENDCHAR
STARTCHAR SF100000
ENCODING 9472
SWIDTH 708 0
DWIDTH 17 0
BBX 17 2 0 6
BITMAP
FFFF80
FFFF80
ENDCHAR
STARTCHAR uni2501
ENCODING 9473
SWIDTH 1000 0
DWIDTH 24 0
BBX 24 3 0 8
BITMAP
FFFFFF
FFFFFF
FFFFFF
ENDCHAR
STARTCHAR SF110000
ENCODING 9474
SWIDTH 625 0
DWIDTH 15 0
BBX 2 29 6 -7
BITMAP
C0
C0
C0
C0
C0
C0
C0
C0
C0
C0
C0
C0
C0
C0
C0
C0
C0
C0
C0
C0
C0
C0
C0
C0
C0
C0
C0
C0
C0
ENDCHAR
STARTCHAR uni2503
ENCODING 9475
SWIDTH 1000 0
DWIDTH 24 0
BBX 2 24 11 -3
BITMAP
C0
C0
C0
C0
C0
C0
C0
C0
C0
C0
C0
C0
C0
C0
C0
C0
C0
C0
C0
C0
C0
C0
C0
C0
ENDCHAR
STARTCHAR uni2504
ENCODING 9476
SWIDTH 1000 0
DWIDTH 24 0
BBX 22 1 1 9
BITMAP
FCFCFC
ENDCHAR
STARTCHAR uni2505
ENCODING 9477
SWIDTH 1000 0
DWIDTH 24 0
BBX 22 3 1 8
BITMAP
FCFCFC
FCFCFC
FCFCFC
ENDCHAR
STARTCHAR uni2506
ENCODING 9478
SWIDTH 1000 0
DWIDTH 24 0
BBX 1 22 12 -2
BITMAP
80
80
80
80
80
80
00
00
80
80
80
80
80
80
00
00
80
80
80
80
80
80
ENDCHAR
STARTCHAR uni2507
ENCODING 9479
SWIDTH 1000 0
DWIDTH 24 0
BBX 2 22 11 -2
BITMAP
C0
C0
C0
C0
C0
C0
00
00
C0
C0
C0
C0
C0
C0
00
00
C0
C0
C0
C0
C0
C0
ENDCHAR
STARTCHAR uni2508
ENCODING 9480
SWIDTH 1000 0
DWIDTH 24 0
BBX 22 1 1 9
BITMAP
F3CF3C
ENDCHAR
STARTCHAR uni2509
ENCODING 9481
SWIDTH 1000 0
DWIDTH 24 0
BBX 22 3 1 8
BITMAP
F3CF3C
F3CF3C
F3CF3C
ENDCHAR
STARTCHAR uni250A
ENCODING 9482
SWIDTH 1000 0
DWIDTH 24 0
BBX 1 22 12 -2
BITMAP
80
80
80
80
00
00
80
80
80
80
00
00
80
80
80
80
00
00
80
80
80
80
ENDCHAR
STARTCHAR uni250B
ENCODING 9483
SWIDTH 1000 0
DWIDTH 24 0
BBX 2 22 11 -2
BITMAP
C0
C0
C0
C0
00
00
C0
C0
C0
C0
00
00
C0
C0
C0
C0
00
00
C0
C0
C0
C0
ENDCHAR
STARTCHAR SF010000
ENCODING 9484
SWIDTH 708 0
DWIDTH 17 0
BBX 9 15 8 -7
BITMAP
FF80
FF80
C000
C000
C000
C000
C000
C000
C000
C000
C000
C000
C000
C000
C000
ENDCHAR
STARTCHAR uni250D
ENCODING 9485
SWIDTH 1000 0
DWIDTH 24 0
BBX 12 14 12 -3
BITMAP
FFF0
FFF0
FFF0
8000
8000
8000
8000
8000
8000
8000
8000
8000
8000
8000
ENDCHAR
STARTCHAR uni250E
ENCODING 9486
SWIDTH 1000 0
DWIDTH 24 0
BBX 13 13 11 -3
BITMAP
FFF8
C000
C000
C000
C000
C000
C000
C000
C000
C000
C000
C000
C000
ENDCHAR
STARTCHAR uni250F
ENCODING 9487
SWIDTH 1000 0
DWIDTH 24 0
BBX 13 14 11 -3
BITMAP
FFF8
FFF8
FFF8
C000
C000
C000
C000
C000
C000
C000
C000
C000
C000
C000
ENDCHAR
STARTCHAR SF030000
ENCODING 9488
SWIDTH 708 0
DWIDTH 17 0
BBX 10 15 0 -7
BITMAP
FFC0
FFC0
00C0
00C0
00C0
00C0
00C0
00C0
00C0
00C0
00C0
00C0
00C0
00C0
00C0
ENDCHAR
STARTCHAR uni2511
ENCODING 9489
SWIDTH 1000 0
DWIDTH 24 0
BBX 12 14 0 -3
BITMAP
FFF0
FFF0
FFF0
0010
0010
0010
0010
0010
0010
0010
0010
0010
0010
0010
ENDCHAR
STARTCHAR uni2512
ENCODING 9490
SWIDTH 1000 0
DWIDTH 24 0
BBX 13 13 0 -3
BITMAP
FFF8
0018
0018
0018
0018
0018
0018
0018
0018
0018
0018
0018
0018
ENDCHAR
STARTCHAR uni2513
ENCODING 9491
SWIDTH 1000 0
DWIDTH 24 0
BBX 13 14 0 -3
BITMAP
FFF8
FFF8
FFF8
0018
0018
0018
0018
0018
0018
0018
0018
0018
0018
0018
ENDCHAR
STARTCHAR SF020000
ENCODING 9492
SWIDTH 708 0
DWIDTH 17 0
BBX 9 16 8 6
BITMAP
C000
C000
C000
C000
C000
C000
C000
C000
C000
C000
C000
C000
C000
C000
FF80
FF80
ENDCHAR
STARTCHAR uni2515
ENCODING 9493
SWIDTH 1000 0
DWIDTH 24 0
BBX 12 13 12 8
BITMAP
8000
8000
8000
8000
8000
8000
8000
8000
8000
8000
FFF0
FFF0
FFF0
ENDCHAR
STARTCHAR uni2516
ENCODING 9494
SWIDTH 1000 0
DWIDTH 24 0
BBX 13 12 11 9
BITMAP
C000
C000
C000
C000
C000
C000
C000
C000
C000
C000
C000
FFF8
ENDCHAR
STARTCHAR uni2517
ENCODING 9495
SWIDTH 1000 0
DWIDTH 24 0
BBX 13 13 11 8
BITMAP
C000
C000
C000
C000
C000
C000
C000
C000
C000
C000
FFF8
FFF8
FFF8
ENDCHAR
STARTCHAR SF040000
ENCODING 9496
SWIDTH 708 0
DWIDTH 17 0
BBX 10 16 0 6
BITMAP
00C0
00C0
00C0
00C0
00C0
00C0
00C0
00C0
00C0
00C0
00C0
00C0
00C0
00C0
FFC0
FFC0
ENDCHAR
STARTCHAR uni2519
ENCODING 9497
SWIDTH 1000 0
DWIDTH 24 0
BBX 12 13 0 8
BITMAP
0010
0010
0010
0010
0010
0010
0010
0010
0010
0010
FFF0
FFF0
FFF0
ENDCHAR
STARTCHAR uni251A
ENCODING 9498
SWIDTH 1000 0
DWIDTH 24 0
BBX 13 12 0 9
BITMAP
0018
0018
0018
0018
0018
0018
0018
0018
0018
0018
0018
FFF8
ENDCHAR
STARTCHAR uni251B
ENCODING 9499
SWIDTH 1000 0
DWIDTH 24 0
BBX 13 13 0 8
BITMAP
0018
0018
0018
0018
0018
0018
0018
0018
0018
0018
FFF8
FFF8
FFF8
ENDCHAR
STARTCHAR SF080000
ENCODING 9500
SWIDTH 708 0
DWIDTH 17 0
BBX 9 29 8 -7
BITMAP
C000
C000
C000
C000
C000
C000
C000
C000
C000
C000
C000
C000
C000
C000
FF80
FF80
C000
C000
C000
C000
C000
C000
C000
C000
C000
C000
C000
C000
C000
ENDCHAR
STARTCHAR uni251D
ENCODING 9501
SWIDTH 1000 0
DWIDTH 24 0
BBX 12 24 12 -3
BITMAP
8000
8000
8000
8000
8000
8000
8000
8000
8000
8000
FFF0
FFF0
FFF0
8000
8000
8000
8000
8000
8000
8000
8000
8000
8000
8000
ENDCHAR
STARTCHAR uni251E
ENCODING 9502
SWIDTH 1000 0
DWIDTH 24 0
BBX 13 24 11 -3
BITMAP
C000
C000
C000
C000
C000
C000
C000
C000
C000
C000
C000
FFF8
8000
8000
8000
8000
8000
8000
8000
8000
8000
8000
8000
8000
ENDCHAR
STARTCHAR uni251F
ENCODING 9503
SWIDTH 1000 0
DWIDTH 24 0
BBX 13 24 11 -3
BITMAP
8000
8000
8000
8000
8000
8000
8000
8000
8000
8000
8000
FFF8
C000
C000
C000
C000
C000
C000
C000
C000
C000
C000
C000
C000
ENDCHAR
STARTCHAR uni2520
ENCODING 9504
SWIDTH 1000 0
DWIDTH 24 0
BBX 13 24 11 -3
BITMAP
C000
C000
C000
C000
C000
C000
C000
C000
C000
C000
C000
FFF8
C000
C000
C000
C000
C000
C000
C000
C000
C000
C000
C000
C000
ENDCHAR
STARTCHAR uni2521
ENCODING 9505
SWIDTH 1000 0
DWIDTH 24 0
BBX 13 24 11 -3
BITMAP
C000
C000
C000
C000
C000
C000
C000
C000
C000
C000
FFF8
FFF8
FFF8
8000
8000
8000
8000
8000
8000
8000
8000
8000
8000
8000
ENDCHAR
STARTCHAR uni2522
ENCODING 9506
SWIDTH 1000 0
DWIDTH 24 0
BBX 13 24 11 -3
BITMAP
8000
8000
8000
8000
8000
8000
8000
8000
8000
8000
FFF8
FFF8
FFF8
C000
C000
C000
C000
C000
C000
C000
C000
C000
C000
C000
ENDCHAR
STARTCHAR uni2523
ENCODING 9507
SWIDTH 1000 0
DWIDTH 24 0
BBX 13 24 11 -3
BITMAP
C000
C000
C000
C000
C000
C000
C000
C000
C000
C000
FFF8
FFF8
FFF8
C000
C000
C000
C000
C000
C000
C000
C000
C000
C000
C000
ENDCHAR
STARTCHAR SF090000
ENCODING 9508
SWIDTH 708 0
DWIDTH 17 0
BBX 10 29 0 -7
BITMAP
00C0
00C0
00C0
00C0
00C0
00C0
00C0
00C0
00C0
00C0
00C0
00C0
00C0
00C0
FFC0
FFC0
00C0
00C0
00C0
00C0
00C0
00C0
00C0
00C0
00C0
00C0
00C0
00C0
00C0
ENDCHAR
STARTCHAR uni2525
ENCODING 9509
SWIDTH 1000 0
DWIDTH 24 0
BBX 12 24 0 -3
BITMAP
0010
0010
0010
0010
0010
0010
0010
0010
0010
0010
FFF0
FFF0
FFF0
0010
0010
0010
0010
0010
0010
0010
0010
0010
0010
0010
ENDCHAR
STARTCHAR uni2526
ENCODING 9510
SWIDTH 1000 0
DWIDTH 24 0
BBX 13 24 0 -3
BITMAP
0018
0018
0018
0018
0018
0018
0018
0018
0018
0018
0018
FFF8
0010
0010
0010
0010
0010
0010
0010
0010
0010
0010
0010
0010
ENDCHAR
STARTCHAR uni2527
ENCODING 9511
SWIDTH 1000 0
DWIDTH 24 0
BBX 13 24 0 -3
BITMAP
0010
0010
0010
0010
0010
0010
0010
0010
0010
0010
0010
FFF8
0018
0018
0018
0018
0018
0018
0018
0018
0018
0018
0018
0018
ENDCHAR
STARTCHAR uni2528
ENCODING 9512
SWIDTH 1000 0
DWIDTH 24 0
BBX 13 24 0 -3
BITMAP
0018
0018
0018
0018
0018
0018
0018
0018
0018
0018
0018
FFF8
0018
0018
0018
0018
0018
0018
0018
0018
0018
0018
0018
0018
ENDCHAR
STARTCHAR uni2529
ENCODING 9513
SWIDTH 1000 0
DWIDTH 24 0
BBX 13 24 0 -3
BITMAP
0018
0018
0018
0018
0018
0018
0018
0018
0018
0018
FFF8
FFF8
FFF8
0010
0010
0010
0010
0010
0010
0010
0010
0010
0010
0010
ENDCHAR
STARTCHAR uni252A
ENCODING 9514
SWIDTH 1000 0
DWIDTH 24 0
BBX 13 24 0 -3
BITMAP
0010
0010
0010
0010
0010
0010
0010
0010
0010
0010
FFF8
FFF8
FFF8
0018
0018
0018
0018
0018
0018
0018
0018
0018
0018
0018
ENDCHAR
STARTCHAR uni252B
ENCODING 9515
SWIDTH 1000 0
DWIDTH 24 0
BBX 13 24 0 -3
BITMAP
0018
0018
0018
0018
0018
0018
0018
0018
0018
0018
FFF8
FFF8
FFF8
0018
0018
0018
0018
0018
0018
0018
0018
0018
0018
0018
ENDCHAR
STARTCHAR SF060000
ENCODING 9516
SWIDTH 708 0
DWIDTH 17 0
BBX 17 15 0 -7
BITMAP
FFFF80
FFFF80
00C000
00C000
00C000
00C000
00C000
00C000
00C000
00C000
00C000
00C000
00C000
00C000
00C000
ENDCHAR
STARTCHAR uni252D
ENCODING 9517
SWIDTH 1000 0
DWIDTH 24 0
BBX 24 14 0 -3
BITMAP
FFF000
FFFFFF
FFF000
001000
001000
001000
001000
001000
001000
001000
001000
001000
001000
001000
ENDCHAR
STARTCHAR uni252E
ENCODING 9518
SWIDTH 1000 0
DWIDTH 24 0
BBX 24 14 0 -3
BITMAP
000FFF
FFFFFF
000FFF
001000
001000
001000
001000
001000
001000
001000
001000
001000
001000
001000
ENDCHAR
STARTCHAR uni252F
ENCODING 9519
SWIDTH 1000 0
DWIDTH 24 0
BBX 24 14 0 -3
BITMAP
FFFFFF
FFFFFF
FFFFFF
001000
001000
001000
001000
001000
001000
001000
001000
001000
001000
001000
ENDCHAR
STARTCHAR uni2530
ENCODING 9520
SWIDTH 1000 0
DWIDTH 24 0
BBX 24 13 0 -3
BITMAP
FFFFFF
001800
001800
001800
001800
001800
001800
001800
001800
001800
001800
001800
001800
ENDCHAR
STARTCHAR uni2531
ENCODING 9521
SWIDTH 1000 0
DWIDTH 24 0
BBX 24 14 0 -3
BITMAP
FFF800
FFFFFF
FFF800
001800
001800
001800
001800
001800
001800
001800
001800
001800
001800
001800
ENDCHAR
STARTCHAR uni2532
ENCODING 9522
SWIDTH 1000 0
DWIDTH 24 0
BBX 24 14 0 -3
BITMAP
001FFF
FFFFFF
001FFF
001800
001800
001800
001800
001800
001800
001800
001800
001800
001800
001800
ENDCHAR
STARTCHAR uni2533
ENCODING 9523
SWIDTH 1000 0
DWIDTH 24 0
BBX 24 14 0 -3
BITMAP
FFFFFF
FFFFFF
FFFFFF
001800
001800
001800
001800
001800
001800
001800
001800
001800
001800
001800
ENDCHAR
STARTCHAR SF070000
ENCODING 9524
SWIDTH 708 0
DWIDTH 17 0
BBX 17 16 0 6
BITMAP
00C000
00C000
00C000
00C000
00C000
00C000
00C000
00C000
00C000
00C000
00C000
00C000
00C000
00C000
FFFF80
FFFF80
ENDCHAR
STARTCHAR uni2535
ENCODING 9525
SWIDTH 1000 0
DWIDTH 24 0
BBX 24 13 0 8
BITMAP
001000
001000
001000
001000
001000
001000
001000
001000
001000
001000
FFF000
FFFFFF
FFF000
ENDCHAR
STARTCHAR uni2536
ENCODING 9526
SWIDTH 1000 0
DWIDTH 24 0
BBX 24 13 0 8
BITMAP
001000
001000
001000
001000
001000
001000
001000
001000
001000
001000
000FFF
FFFFFF
000FFF
ENDCHAR
STARTCHAR uni2537
ENCODING 9527
SWIDTH 1000 0
DWIDTH 24 0
BBX 24 13 0 8
BITMAP
001000
001000
001000
001000
001000
001000
001000
001000
001000
001000
FFFFFF
FFFFFF
FFFFFF
ENDCHAR
STARTCHAR uni2538
ENCODING 9528
SWIDTH 1000 0
DWIDTH 24 0
BBX 24 12 0 9
BITMAP
001800
001800
001800
001800
001800
001800
001800
001800
001800
001800
001800
FFFFFF
ENDCHAR
STARTCHAR uni2539
ENCODING 9529
SWIDTH 1000 0
DWIDTH 24 0
BBX 24 13 0 8
BITMAP
001800
001800
001800
001800
001800
001800
001800
001800
001800
001800
FFF800
FFFFFF
FFF800
ENDCHAR
STARTCHAR uni253A
ENCODING 9530
SWIDTH 1000 0
DWIDTH 24 0
BBX 24 13 0 8
BITMAP
001800
001800
001800
001800
001800
001800
001800
001800
001800
001800
001FFF
FFFFFF
001FFF
ENDCHAR
STARTCHAR uni253B
ENCODING 9531
SWIDTH 1000 0
DWIDTH 24 0
BBX 24 13 0 8
BITMAP
001800
001800
001800
001800
001800
001800
001800
001800
001800
001800
FFFFFF
FFFFFF
FFFFFF
ENDCHAR
STARTCHAR SF050000
ENCODING 9532
SWIDTH 708 0
DWIDTH 17 0
BBX 17 29 0 -7
BITMAP
00C000
00C000
00C000
00C000
00C000
00C000
00C000
00C000
00C000
00C000
00C000
00C000
00C000
00C000
FFFF80
FFFF80
00C000
00C000
00C000
00C000
00C000
00C000
00C000
00C000
00C000
00C000
00C000
00C000
00C000
ENDCHAR
STARTCHAR uni253D
ENCODING 9533
SWIDTH 1000 0
DWIDTH 24 0
BBX 24 24 0 -3
BITMAP
001000
001000
001000
001000
001000
001000
001000
001000
001000
001000
FFF000
FFFFFF
FFF000
001000
001000
001000
001000
001000
001000
001000
001000
001000
001000
001000
ENDCHAR
STARTCHAR uni253E
ENCODING 9534
SWIDTH 1000 0
DWIDTH 24 0
BBX 24 24 0 -3
BITMAP
001000
001000
001000
001000
001000
001000
001000
001000
001000
001000
000FFF
FFFFFF
000FFF
001000
001000
001000
001000
001000
001000
001000
001000
001000
001000
001000
ENDCHAR
STARTCHAR uni253F
ENCODING 9535
SWIDTH 1000 0
DWIDTH 24 0
BBX 24 24 0 -3
BITMAP
001000
001000
001000
001000
001000
001000
001000
001000
001000
001000
FFFFFF
FFFFFF
FFFFFF
001000
001000
001000
001000
001000
001000
001000
001000
001000
001000
001000
ENDCHAR
STARTCHAR uni2540
ENCODING 9536
SWIDTH 1000 0
DWIDTH 24 0
BBX 24 24 0 -3
BITMAP
001800
001800
001800
001800
001800
001800
001800
001800
001800
001800
001800
FFFFFF
001000
001000
001000
001000
001000
001000
001000
001000
001000
001000
001000
001000
ENDCHAR
STARTCHAR uni2541
ENCODING 9537
SWIDTH 1000 0
DWIDTH 24 0
BBX 24 24 0 -3
BITMAP
001000
001000
001000
001000
001000
001000
001000
001000
001000
001000
001000
FFFFFF
001800
001800
001800
001800
001800
001800
001800
001800
001800
001800
001800
001800
ENDCHAR
STARTCHAR uni2542
ENCODING 9538
SWIDTH 1000 0
DWIDTH 24 0
BBX 24 24 0 -3
BITMAP
001800
001800
001800
001800
001800
001800
001800
001800
001800
001800
001800
FFFFFF
001800
001800
001800
001800
001800
001800
001800
001800
001800
001800
001800
001800
ENDCHAR
STARTCHAR uni2543
ENCODING 9539
SWIDTH 1000 0
DWIDTH 24 0
BBX 24 24 0 -3
BITMAP
001800
001800
001800
001800
001800
001800
001800
001800
001800
001800
FFF800
FFFFFF
FFF800
001000
001000
001000
001000
001000
001000
001000
001000
001000
001000
001000
ENDCHAR
STARTCHAR uni2544
ENCODING 9540
SWIDTH 1000 0
DWIDTH 24 0
BBX 24 24 0 -3
BITMAP
001800
001800
001800
001800
001800
001800
001800
001800
001800
001800
001FFF
FFFFFF
001FFF
001000
001000
001000
001000
001000
001000
001000
001000
001000
001000
001000
ENDCHAR
STARTCHAR uni2545
ENCODING 9541
SWIDTH 1000 0
DWIDTH 24 0
BBX 24 24 0 -3
BITMAP
001000
001000
001000
001000
001000
001000
001000
001000
001000
001000
FFF800
FFFFFF
FFF800
001800
001800
001800
001800
001800
001800
001800
001800
001800
001800
001800
ENDCHAR
STARTCHAR uni2546
ENCODING 9542
SWIDTH 1000 0
DWIDTH 24 0
BBX 24 24 0 -3
BITMAP
001000
001000
001000
001000
001000
001000
001000
001000
001000
001000
001FFF
FFFFFF
001FFF
001800
001800
001800
001800
001800
001800
001800
001800
001800
001800
001800
ENDCHAR
STARTCHAR uni2547
ENCODING 9543
SWIDTH 1000 0
DWIDTH 24 0
BBX 24 24 0 -3
BITMAP
001800
001800
001800
001800
001800
001800
001800
001800
001800
001800
FFFFFF
FFFFFF
FFFFFF
001000
001000
001000
001000
001000
001000
001000
001000
001000
001000
001000
ENDCHAR
STARTCHAR uni2548
ENCODING 9544
SWIDTH 1000 0
DWIDTH 24 0
BBX 24 24 0 -3
BITMAP
001000
001000
001000
001000
001000
001000
001000
001000
001000
001000
FFFFFF
FFFFFF
FFFFFF
001800
001800
001800
001800
001800
001800
001800
001800
001800
001800
001800
ENDCHAR
STARTCHAR uni2549
ENCODING 9545
SWIDTH 1000 0
DWIDTH 24 0
BBX 24 24 0 -3
BITMAP
001800
001800
001800
001800
001800
001800
001800
001800
001800
001800
FFF800
FFFFFF
FFF800
001800
001800
001800
001800
001800
001800
001800
001800
001800
001800
001800
ENDCHAR
STARTCHAR uni254A
ENCODING 9546
SWIDTH 1000 0
DWIDTH 24 0
BBX 24 24 0 -3
BITMAP
001800
001800
001800
001800
001800
001800
001800
001800
001800
001800
001FFF
FFFFFF
001FFF
001800
001800
001800
001800
001800
001800
001800
001800
001800
001800
001800
ENDCHAR
STARTCHAR uni254B
ENCODING 9547
SWIDTH 1000 0
DWIDTH 24 0
BBX 24 24 0 -3
BITMAP
001800
001800
001800
001800
001800
001800
001800
001800
001800
001800
FFFFFF
FFFFFF
FFFFFF
001800
001800
001800
001800
001800
001800
001800
001800
001800
001800
001800
ENDCHAR
STARTCHAR uni254C
ENCODING 9548
SWIDTH 1000 0
DWIDTH 24 0
BBX 18 1 3 9
BITMAP
FC0FC0
ENDCHAR
STARTCHAR uni254D
ENCODING 9549
SWIDTH 1000 0
DWIDTH 24 0
BBX 18 3 3 8
BITMAP
FC0FC0
FC0FC0
FC0FC0
ENDCHAR
STARTCHAR uni254E
ENCODING 9550
SWIDTH 1000 0
DWIDTH 24 0
BBX 1 18 12 0
BITMAP
80
80
80
80
80
80
00
00
00
00
00
00
80
80
80
80
80
80
ENDCHAR
STARTCHAR uni254F
ENCODING 9551
SWIDTH 1000 0
DWIDTH 24 0
BBX 2 18 11 0
BITMAP
C0
C0
C0
C0
C0
C0
00
00
00
00
00
00
C0
C0
C0
C0
C0
C0
ENDCHAR
STARTCHAR SF430000
ENCODING 9552
SWIDTH 708 0
DWIDTH 17 0
BBX 17 6 0 4
BITMAP
FFFF80
FFFF80
000000
000000
FFFF80
FFFF80
ENDCHAR
STARTCHAR SF240000
ENCODING 9553
SWIDTH 708 0
DWIDTH 17 0
BBX 6 29 6 -7
BITMAP
CC
CC
CC
CC
CC
CC
CC
CC
CC
CC
CC
CC
CC
CC
CC
CC
CC
CC
CC
CC
CC
CC
CC
CC
CC
CC
CC
CC
CC
ENDCHAR
STARTCHAR SF510000
ENCODING 9554
SWIDTH 708 0
DWIDTH 17 0
BBX 9 17 8 -7
BITMAP
FF80
FF80
C000
C000
FF80
FF80
C000
C000
C000
C000
C000
C000
C000
C000
C000
C000
C000
ENDCHAR
STARTCHAR SF520000
ENCODING 9555
SWIDTH 708 0
DWIDTH 17 0
BBX 11 15 6 -7
BITMAP
FFE0
FFE0
CC00
CC00
CC00
CC00
CC00
CC00
CC00
CC00
CC00
CC00
CC00
CC00
CC00
ENDCHAR
STARTCHAR SF390000
ENCODING 9556
SWIDTH 708 0
DWIDTH 17 0
BBX 11 17 6 -7
BITMAP
FFE0
FFE0
C000
C000
CFE0
CFE0
CC00
CC00
CC00
CC00
CC00
CC00
CC00
CC00
CC00
CC00
CC00
ENDCHAR
STARTCHAR SF220000
ENCODING 9557
SWIDTH 708 0
DWIDTH 17 0
BBX 10 17 0 -7
BITMAP
FFC0
FFC0
00C0
00C0
FFC0
FFC0
00C0
00C0
00C0
00C0
00C0
00C0
00C0
00C0
00C0
00C0
00C0
ENDCHAR
STARTCHAR SF210000
ENCODING 9558
SWIDTH 708 0
DWIDTH 17 0
BBX 12 15 0 -7
BITMAP
FFF0
FFF0
0330
0330
0330
0330
0330
0330
0330
0330
0330
0330
0330
0330
0330
ENDCHAR
STARTCHAR SF250000
ENCODING 9559
SWIDTH 708 0
DWIDTH 17 0
BBX 12 17 0 -7
BITMAP
FFF0
FFF0
0030
0030
FF30
FF30
0330
0330
0330
0330
0330
0330
0330
0330
0330
0330
0330
ENDCHAR
STARTCHAR SF500000
ENCODING 9560
SWIDTH 708 0
DWIDTH 17 0
BBX 9 18 8 4
BITMAP
C000
C000
C000
C000
C000
C000
C000
C000
C000
C000
C000
C000
FF80
FF80
C000
C000
FF80
FF80
ENDCHAR
STARTCHAR SF490000
ENCODING 9561
SWIDTH 708 0
DWIDTH 17 0
BBX 11 16 6 6
BITMAP
CC00
CC00
CC00
CC00
CC00
CC00
CC00
CC00
CC00
CC00
CC00
CC00
CC00
CC00
FFE0
FFE0
ENDCHAR
STARTCHAR SF380000
ENCODING 9562
SWIDTH 708 0
DWIDTH 17 0
BBX 11 18 6 4
BITMAP
CC00
CC00
CC00
CC00
CC00
CC00
CC00
CC00
CC00
CC00
CC00
CC00
CFE0
CFE0
C000
C000
FFE0
FFE0
ENDCHAR
STARTCHAR SF280000
ENCODING 9563
SWIDTH 708 0
DWIDTH 17 0
BBX 10 18 0 4
BITMAP
00C0
00C0
00C0
00C0
00C0
00C0
00C0
00C0
00C0
00C0
00C0
00C0
FFC0
FFC0
00C0
00C0
FFC0
FFC0
ENDCHAR
STARTCHAR SF270000
ENCODING 9564
SWIDTH 708 0
DWIDTH 17 0
BBX 12 16 0 6
BITMAP
0330
0330
0330
0330
0330
0330
0330
0330
0330
0330
0330
0330
0330
0330
FFF0
FFF0
ENDCHAR
STARTCHAR SF260000
ENCODING 9565
SWIDTH 708 0
DWIDTH 17 0
BBX 12 18 0 4
BITMAP
0330
0330
0330
0330
0330
0330
0330
0330
0330
0330
0330
0330
FF30
FF30
0030
0030
FFF0
FFF0
ENDCHAR
STARTCHAR SF360000
ENCODING 9566
SWIDTH 708 0
DWIDTH 17 0
BBX 9 29 8 -7
BITMAP
C000
C000
C000
C000
C000
C000
C000
C000
C000
C000
C000
C000
FF80
FF80
C000
C000
FF80
FF80
C000
C000
C000
C000
C000
C000
C000
C000
C000
C000
C000
ENDCHAR
STARTCHAR SF370000
ENCODING 9567
SWIDTH 708 0
DWIDTH 17 0
BBX 11 29 6 -7
BITMAP
CC00
CC00
CC00
CC00
CC00
CC00
CC00
CC00
CC00
CC00
CC00
CC00
CC00
CC00
CFE0
CFE0
CC00
CC00
CC00
CC00
CC00
CC00
CC00
CC00
CC00
CC00
CC00
CC00
CC00
ENDCHAR
STARTCHAR SF420000
ENCODING 9568
SWIDTH 708 0
DWIDTH 17 0
BBX 11 29 6 -7
BITMAP
CC00
CC00
CC00
CC00
CC00
CC00
CC00
CC00
CC00
CC00
CC00
CC00
CFE0
CFE0
C000
C000
CFE0
CFE0
CC00
CC00
CC00
CC00
CC00
CC00
CC00
CC00
CC00
CC00
CC00
ENDCHAR
STARTCHAR SF190000
ENCODING 9569
SWIDTH 708 0
DWIDTH 17 0
BBX 10 29 0 -7
BITMAP
00C0
00C0
00C0
00C0
00C0
00C0
00C0
00C0
00C0
00C0
00C0
00C0
FFC0
FFC0
00C0
00C0
FFC0
FFC0
00C0
00C0
00C0
00C0
00C0
00C0
00C0
00C0
00C0
00C0
00C0
ENDCHAR
STARTCHAR SF200000
ENCODING 9570
SWIDTH 708 0
DWIDTH 17 0
BBX 12 29 0 -7
BITMAP
0330
0330
0330
0330
0330
0330
0330
0330
0330
0330
0330
0330
0330
0330
FF30
FF30
0330
0330
0330
0330
0330
0330
0330
0330
0330
0330
0330
0330
0330
ENDCHAR
STARTCHAR SF230000
ENCODING 9571
SWIDTH 708 0
DWIDTH 17 0
BBX 12 29 0 -7
BITMAP
0330
0330
0330
0330
0330
0330
0330
0330
0330
0330
0330
0330
FF30
FF30
0030
0030
FF30
FF30
0330
0330
0330
0330
0330
0330
0330
0330
0330
0330
0330
ENDCHAR
STARTCHAR SF470000
ENCODING 9572
SWIDTH 708 0
DWIDTH 17 0
BBX 17 17 0 -7
BITMAP
FFFF80
FFFF80
000000
000000
FFFF80
FFFF80
00C000
00C000
00C000
00C000
00C000
00C000
00C000
00C000
00C000
00C000
00C000
ENDCHAR
STARTCHAR SF480000
ENCODING 9573
SWIDTH 708 0
DWIDTH 17 0
BBX 17 15 0 -7
BITMAP
FFFF80
FFFF80
033000
033000
033000
033000
033000
033000
033000
033000
033000
033000
033000
033000
033000
ENDCHAR
STARTCHAR SF410000
ENCODING 9574
SWIDTH 708 0
DWIDTH 17 0
BBX 17 17 0 -7
BITMAP
FFFF80
FFFF80
000000
000000
FF3F80
FF3F80
033000
033000
033000
033000
033000
033000
033000
033000
033000
033000
033000
ENDCHAR
STARTCHAR SF450000
ENCODING 9575
SWIDTH 708 0
DWIDTH 17 0
BBX 17 18 0 4
BITMAP
00C000
00C000
00C000
00C000
00C000
00C000
00C000
00C000
00C000
00C000
00C000
00C000
FFFF80
FFFF80
000000
000000
FFFF80
FFFF80
ENDCHAR
STARTCHAR SF460000
ENCODING 9576
SWIDTH 708 0
DWIDTH 17 0
BBX 17 16 0 6
BITMAP
033000
033000
033000
033000
033000
033000
033000
033000
033000
033000
033000
033000
033000
033000
FFFF80
FFFF80
ENDCHAR
STARTCHAR SF400000
ENCODING 9577
SWIDTH 708 0
DWIDTH 17 0
BBX 17 18 0 4
BITMAP
033000
033000
033000
033000
033000
033000
033000
033000
033000
033000
033000
033000
FF3F80
FF3F80
000000
000000
FFFF80
FFFF80
ENDCHAR
STARTCHAR SF540000
ENCODING 9578
SWIDTH 708 0
DWIDTH 17 0
BBX 17 29 0 -7
BITMAP
00C000
00C000
00C000
00C000
00C000
00C000
00C000
00C000
00C000
00C000
00C000
00C000
FFFF80
FFFF80
00C000
00C000
FFFF80
FFFF80
00C000
00C000
00C000
00C000
00C000
00C000
00C000
00C000
00C000
00C000
00C000
ENDCHAR
STARTCHAR SF530000
ENCODING 9579
SWIDTH 708 0
DWIDTH 17 0
BBX 17 29 0 -7
BITMAP
033000
033000
033000
033000
033000
033000
033000
033000
033000
033000
033000
033000
033000
033000
FFFF80
FFFF80
033000
033000
033000
033000
033000
033000
033000
033000
033000
033000
033000
033000
033000
ENDCHAR
STARTCHAR SF440000
ENCODING 9580
SWIDTH 708 0
DWIDTH 17 0
BBX 17 29 0 -7
BITMAP
033000
033000
033000
033000
033000
033000
033000
033000
033000
033000
033000
033000
FF3F80
FF3F80
000000
000000
FF3F80
FF3F80
033000
033000
033000
033000
033000
033000
033000
033000
033000
033000
033000
ENDCHAR
STARTCHAR uni256D
ENCODING 9581
SWIDTH 1000 0
DWIDTH 24 0
BBX 12 13 12 -3
BITMAP
0030
01C0
0600
0800
1000
2000
4000
4000
8000
8000
8000
8000
8000
ENDCHAR
STARTCHAR uni256E
ENCODING 9582
SWIDTH 1000 0
DWIDTH 24 0
BBX 12 13 0 -3
BITMAP
C000
3800
0600
0100
0080
0040
0020
0020
0010
0010
0010
0010
0010
ENDCHAR
STARTCHAR uni256F
ENCODING 9583
SWIDTH 1000 0
DWIDTH 24 0
BBX 12 12 0 9
BITMAP
0010
0010
0010
0010
0010
0020
0060
0040
0080
0300
0E00
F800
ENDCHAR
STARTCHAR uni2570
ENCODING 9584
SWIDTH 1000 0
DWIDTH 24 0
BBX 12 12 12 9
BITMAP
8000
8000
8000
8000
8000
4000
6000
2000
1000
0C00
0700
01F0
ENDCHAR
STARTCHAR uni2571
ENCODING 9585
SWIDTH 1000 0
DWIDTH 24 0
BBX 24 24 0 -3
BITMAP
000001
000002
000004
000008
000010
000020
000040
000080
000100
000200
000400
000800
001000
002000
004000
008000
010000
020000
040000
080000
100000
200000
400000
800000
ENDCHAR
STARTCHAR uni2572
ENCODING 9586
SWIDTH 1000 0
DWIDTH 24 0
BBX 24 24 0 -3
BITMAP
800000
400000
200000
100000
080000
040000
020000
010000
008000
004000
002000
001000
000800
000400
000200
000100
000080
000040
000020
000010
000008
000004
000002
000001
ENDCHAR
STARTCHAR uni2573
ENCODING 9587
SWIDTH 1000 0
DWIDTH 24 0
BBX 24 24 0 -3
BITMAP
800001
400002
200004
100008
080010
040020
020040
010080
008100
004200
002400
001800
001800
002400
004200
008100
010080
020040
040020
080010
100008
200004
400002
800001
ENDCHAR
STARTCHAR uni2574
ENCODING 9588
SWIDTH 1000 0
DWIDTH 24 0
BBX 12 1 0 9
BITMAP
FFF0
ENDCHAR
STARTCHAR uni2575
ENCODING 9589
SWIDTH 1000 0
DWIDTH 24 0
BBX 1 12 12 9
BITMAP
80
80
80
80
80
80
80
80
80
80
80
80
ENDCHAR
STARTCHAR uni2576
ENCODING 9590
SWIDTH 1000 0
DWIDTH 24 0
BBX 12 1 12 9
BITMAP
FFF0
ENDCHAR
STARTCHAR uni2577
ENCODING 9591
SWIDTH 1000 0
DWIDTH 24 0
BBX 1 13 12 -3
BITMAP
80
80
80
80
80
80
80
80
80
80
80
80
80
ENDCHAR
STARTCHAR uni2578
ENCODING 9592
SWIDTH 1000 0
DWIDTH 24 0
BBX 12 3 0 8
BITMAP
FFF0
FFF0
FFF0
ENDCHAR
STARTCHAR uni2579
ENCODING 9593
SWIDTH 1000 0
DWIDTH 24 0
BBX 2 12 11 9
BITMAP
C0
C0
C0
C0
C0
C0
C0
C0
C0
C0
C0
C0
ENDCHAR
STARTCHAR uni257A
ENCODING 9594
SWIDTH 1000 0
DWIDTH 24 0
BBX 12 3 12 8
BITMAP
FFF0
FFF0
FFF0
ENDCHAR
STARTCHAR uni257B
ENCODING 9595
SWIDTH 1000 0
DWIDTH 24 0
BBX 2 13 11 -3
BITMAP
C0
C0
C0
C0
C0
C0
C0
C0
C0
C0
C0
C0
C0
ENDCHAR
STARTCHAR uni257C
ENCODING 9596
SWIDTH 1000 0
DWIDTH 24 0
BBX 24 3 0 8
BITMAP
000FFF
FFFFFF
000FFF
ENDCHAR
STARTCHAR uni257D
ENCODING 9597
SWIDTH 1000 0
DWIDTH 24 0
BBX 2 24 11 -3
BITMAP
80
80
80
80
80
80
80
80
80
80
80
C0
C0
C0
C0
C0
C0
C0
C0
C0
C0
C0
C0
C0
ENDCHAR
STARTCHAR uni257E
ENCODING 9598
SWIDTH 1000 0
DWIDTH 24 0
BBX 24 3 0 8
BITMAP
FFF000
FFFFFF
FFF000
ENDCHAR
STARTCHAR uni257F
ENCODING 9599
SWIDTH 1000 0
DWIDTH 24 0
BBX 2 24 11 -3
BITMAP
C0
C0
C0
C0
C0
C0
C0
C0
C0
C0
C0
C0
80
80
80
80
80
80
80
80
80
80
80
80
ENDCHAR
STARTCHAR upblock
ENCODING 9600
SWIDTH 708 0
DWIDTH 17 0
BBX 17 15 0 7
BITMAP
FFFF80
FFFF80
FFFF80
FFFF80
FFFF80
FFFF80
FFFF80
FFFF80
FFFF80
FFFF80
FFFF80
FFFF80
FFFF80
FFFF80
FFFF80
ENDCHAR
STARTCHAR uni2581
ENCODING 9601
SWIDTH 1000 0
DWIDTH 24 0
BBX 24 3 0 -3
BITMAP
FFFFFF
FFFFFF
FFFFFF
ENDCHAR
STARTCHAR uni2582
ENCODING 9602
SWIDTH 1000 0
DWIDTH 24 0
BBX 24 6 0 -3
BITMAP
FFFFFF
FFFFFF
FFFFFF
FFFFFF
FFFFFF
FFFFFF
ENDCHAR
STARTCHAR uni2583
ENCODING 9603
SWIDTH 1000 0
DWIDTH 24 0
BBX 24 9 0 -3
BITMAP
FFFFFF
FFFFFF
FFFFFF
FFFFFF
FFFFFF
FFFFFF
FFFFFF
FFFFFF
FFFFFF
ENDCHAR
STARTCHAR dnblock
ENCODING 9604
SWIDTH 708 0
DWIDTH 17 0
BBX 17 14 0 -7
BITMAP
FFFF80
FFFF80
FFFF80
FFFF80
FFFF80
FFFF80
FFFF80
FFFF80
FFFF80
FFFF80
FFFF80
FFFF80
FFFF80
FFFF80
ENDCHAR
STARTCHAR uni2585
ENCODING 9605
SWIDTH 1000 0
DWIDTH 24 0
BBX 24 15 0 -3
BITMAP
FFFFFF
FFFFFF
FFFFFF
FFFFFF
FFFFFF
FFFFFF
FFFFFF
FFFFFF
FFFFFF
FFFFFF
FFFFFF
FFFFFF
FFFFFF
FFFFFF
FFFFFF
ENDCHAR
STARTCHAR uni2586
ENCODING 9606
SWIDTH 1000 0
DWIDTH 24 0
BBX 24 18 0 -3
BITMAP
FFFFFF
FFFFFF
FFFFFF
FFFFFF
FFFFFF
FFFFFF
FFFFFF
FFFFFF
FFFFFF
FFFFFF
FFFFFF
FFFFFF
FFFFFF
FFFFFF
FFFFFF
FFFFFF
FFFFFF
FFFFFF
ENDCHAR
STARTCHAR uni2587
ENCODING 9607
SWIDTH 1000 0
DWIDTH 24 0
BBX 24 21 0 -3
BITMAP
FFFFFF
FFFFFF
FFFFFF
FFFFFF
FFFFFF
FFFFFF
FFFFFF
FFFFFF
FFFFFF
FFFFFF
FFFFFF
FFFFFF
FFFFFF
FFFFFF
FFFFFF
FFFFFF
FFFFFF
FFFFFF
FFFFFF
FFFFFF
FFFFFF
ENDCHAR
STARTCHAR block
ENCODING 9608
SWIDTH 708 0
DWIDTH 17 0
BBX 17 29 0 -7
BITMAP
FFFF80
FFFF80
FFFF80
FFFF80
FFFF80
FFFF80
FFFF80
FFFF80
FFFF80
FFFF80
FFFF80
FFFF80
FFFF80
FFFF80
FFFF80
FFFF80
FFFF80
FFFF80
FFFF80
FFFF80
FFFF80
FFFF80
FFFF80
FFFF80
FFFF80
FFFF80
FFFF80
FFFF80
FFFF80
ENDCHAR
STARTCHAR uni2589
ENCODING 9609
SWIDTH 1000 0
DWIDTH 24 0
BBX 21 24 0 -3
BITMAP
FFFFF8
FFFFF8
FFFFF8
FFFFF8
FFFFF8
FFFFF8
FFFFF8
FFFFF8
FFFFF8
FFFFF8
FFFFF8
FFFFF8
FFFFF8
FFFFF8
FFFFF8
FFFFF8
FFFFF8
FFFFF8
FFFFF8
FFFFF8
FFFFF8
FFFFF8
FFFFF8
FFFFF8
ENDCHAR
STARTCHAR uni258A
ENCODING 9610
SWIDTH 1000 0
DWIDTH 24 0
BBX 18 24 0 -3
BITMAP
FFFFC0
FFFFC0
FFFFC0
FFFFC0
FFFFC0
FFFFC0
FFFFC0
FFFFC0
FFFFC0
FFFFC0
FFFFC0
FFFFC0
FFFFC0
FFFFC0
FFFFC0
FFFFC0
FFFFC0
FFFFC0
FFFFC0
FFFFC0
FFFFC0
FFFFC0
FFFFC0
FFFFC0
ENDCHAR
STARTCHAR uni258B
ENCODING 9611
SWIDTH 1000 0
DWIDTH 24 0
BBX 15 24 0 -3
BITMAP
FFFE
FFFE
FFFE
FFFE
FFFE
FFFE
FFFE
FFFE
FFFE
FFFE
FFFE
FFFE
FFFE
FFFE
FFFE
FFFE
FFFE
FFFE
FFFE
FFFE
FFFE
FFFE
FFFE
FFFE
ENDCHAR
STARTCHAR lfblock
ENCODING 9612
SWIDTH 708 0
DWIDTH 17 0
BBX 9 29 0 -7
BITMAP
FF80
FF80
FF80
FF80
FF80
FF80
FF80
FF80
FF80
FF80
FF80
FF80
FF80
FF80
FF80
FF80
FF80
FF80
FF80
FF80
FF80
FF80
FF80
FF80
FF80
FF80
FF80
FF80
FF80
ENDCHAR
STARTCHAR uni258D
ENCODING 9613
SWIDTH 1000 0
DWIDTH 24 0
BBX 9 24 0 -3
BITMAP
FF80
FF80
FF80
FF80
FF80
FF80
FF80
FF80
FF80
FF80
FF80
FF80
FF80
FF80
FF80
FF80
FF80
FF80
FF80
FF80
FF80
FF80
FF80
FF80
ENDCHAR
STARTCHAR uni258E
ENCODING 9614
SWIDTH 1000 0
DWIDTH 24 0
BBX 6 24 0 -3
BITMAP
FC
FC
FC
FC
FC
FC
FC
FC
FC
FC
FC
FC
FC
FC
FC
FC
FC
FC
FC
FC
FC
FC
FC
FC
ENDCHAR
STARTCHAR uni258F
ENCODING 9615
SWIDTH 1000 0
DWIDTH 24 0
BBX 3 24 0 -3
BITMAP
E0
E0
E0
E0
E0
E0
E0
E0
E0
E0
E0
E0
E0
E0
E0
E0
E0
E0
E0
E0
E0
E0
E0
E0
ENDCHAR
STARTCHAR rtblock
ENCODING 9616
SWIDTH 708 0
DWIDTH 17 0
BBX 8 29 9 -7
BITMAP
FF
FF
FF
FF
FF
FF
FF
FF
FF
FF
FF
FF
FF
FF
FF
FF
FF
FF
FF
FF
FF
FF
FF
FF
FF
FF
FF
FF
FF
ENDCHAR
STARTCHAR ltshade
ENCODING 9617
SWIDTH 708 0
DWIDTH 17 0
BBX 16 26 1 -6
BITMAP
8421
0000
1084
0000
0000
8421
0000
1084
0000
8421
0000
1084
0000
0000
8421
0000
1084
0000
8421
0000
1084
0000
0000
8421
0000
1084
ENDCHAR
STARTCHAR shade
ENCODING 9618
SWIDTH 708 0
DWIDTH 17 0
BBX 17 26 0 -6
BITMAP
4AD680
000000
B5A900
B5A900
000000
4AD680
000000
B5A900
000000
4AD680
000000
B5A900
B5A900
000000
4AD680
000000
B5A900
000000
4AD680
000000
B5A900
B5A900
000000
4AD680
000000
B5A900
ENDCHAR
STARTCHAR dkshade
ENCODING 9619
SWIDTH 750 0
DWIDTH 18 0
BBX 18 27 0 -7
BITMAP
6A5AC0
FFFFC0
B5AD00
FFFFC0
FFFFC0
6A5AC0
FFFFC0
B5AD00
FFFFC0
6A5AC0
FFFFC0
B5AD00
B5AD00
FFFFC0
6A5AC0
FFFFC0
B5AD00
FFFFC0
6A5AC0
FFFFC0
B5AD00
B5AD00
FFFFC0
6A5AC0
FFFFC0
B5AD00
FFFFC0
ENDCHAR
STARTCHAR uni2594
ENCODING 9620
SWIDTH 1000 0
DWIDTH 24 0
BBX 24 3 0 18
BITMAP
FFFFFF
FFFFFF
FFFFFF
ENDCHAR
STARTCHAR uni2595
ENCODING 9621
SWIDTH 1000 0
DWIDTH 24 0
BBX 3 24 21 -3
BITMAP
E0
E0
E0
E0
E0
E0
E0
E0
E0
E0
E0
E0
E0
E0
E0
E0
E0
E0
E0
E0
E0
E0
E0
E0
ENDCHAR
STARTCHAR uni2596
ENCODING 9622
SWIDTH 1000 0
DWIDTH 24 0
BBX 12 12 0 -3
BITMAP
FFF0
FFF0
FFF0
FFF0
FFF0
FFF0
FFF0
FFF0
FFF0
FFF0
FFF0
FFF0
ENDCHAR
STARTCHAR uni2597
ENCODING 9623
SWIDTH 1000 0
DWIDTH 24 0
BBX 12 12 12 -3
BITMAP
FFF0
FFF0
FFF0
FFF0
FFF0
FFF0
FFF0
FFF0
FFF0
FFF0
FFF0
FFF0
ENDCHAR
STARTCHAR uni2598
ENCODING 9624
SWIDTH 1000 0
DWIDTH 24 0
BBX 12 12 0 9
BITMAP
FFF0
FFF0
FFF0
FFF0
FFF0
FFF0
FFF0
FFF0
FFF0
FFF0
FFF0
FFF0
ENDCHAR
STARTCHAR uni2599
ENCODING 9625
SWIDTH 1000 0
DWIDTH 24 0
BBX 24 24 0 -3
BITMAP
FFF000
FFF000
FFF000
FFF000
FFF000
FFF000
FFF000
FFF000
FFF000
FFF000
FFF000
FFF000
FFFFFF
FFFFFF
FFFFFF
FFFFFF
FFFFFF
FFFFFF
FFFFFF
FFFFFF
FFFFFF
FFFFFF
FFFFFF
FFFFFF
ENDCHAR
STARTCHAR uni259A
ENCODING 9626
SWIDTH 1000 0
DWIDTH 24 0
BBX 24 24 0 -3
BITMAP
FFF000
FFF000
FFF000
FFF000
FFF000
FFF000
FFF000
FFF000
FFF000
FFF000
FFF000
FFF000
000FFF
000FFF
000FFF
000FFF
000FFF
000FFF
000FFF
000FFF
000FFF
000FFF
000FFF
000FFF
ENDCHAR
STARTCHAR uni259B
ENCODING 9627
SWIDTH 1000 0
DWIDTH 24 0
BBX 24 24 0 -3
BITMAP
FFFFFF
FFFFFF
FFFFFF
FFFFFF
FFFFFF
FFFFFF
FFFFFF
FFFFFF
FFFFFF
FFFFFF
FFFFFF
FFFFFF
FFF000
FFF000
FFF000
FFF000
FFF000
FFF000
FFF000
FFF000
FFF000
FFF000
FFF000
FFF000
ENDCHAR
STARTCHAR uni259C
ENCODING 9628
SWIDTH 1000 0
DWIDTH 24 0
BBX 24 24 0 -3
BITMAP
FFFFFF
FFFFFF
FFFFFF
FFFFFF
FFFFFF
FFFFFF
FFFFFF
FFFFFF
FFFFFF
FFFFFF
FFFFFF
FFFFFF
000FFF
000FFF
000FFF
000FFF
000FFF
000FFF
000FFF
000FFF
000FFF
000FFF
000FFF
000FFF
ENDCHAR
STARTCHAR uni259D
ENCODING 9629
SWIDTH 1000 0
DWIDTH 24 0
BBX 12 12 12 9
BITMAP
FFF0
FFF0
FFF0
FFF0
FFF0
FFF0
FFF0
FFF0
FFF0
FFF0
FFF0
FFF0
ENDCHAR
STARTCHAR uni259E
ENCODING 9630
SWIDTH 1000 0
DWIDTH 24 0
BBX 24 24 0 -3
BITMAP
000FFF
000FFF
000FFF
000FFF
000FFF
000FFF
000FFF
000FFF
000FFF
000FFF
000FFF
000FFF
FFF000
FFF000
FFF000
FFF000
FFF000
FFF000
FFF000
FFF000
FFF000
FFF000
FFF000
FFF000
ENDCHAR
STARTCHAR uni259F
ENCODING 9631
SWIDTH 1000 0
DWIDTH 24 0
BBX 24 24 0 -3
BITMAP
000FFF
000FFF
000FFF
000FFF
000FFF
000FFF
000FFF
000FFF
000FFF
000FFF
000FFF
000FFF
FFFFFF
FFFFFF
FFFFFF
FFFFFF
FFFFFF
FFFFFF
FFFFFF
FFFFFF
FFFFFF
FFFFFF
FFFFFF
FFFFFF
ENDCHAR
STARTCHAR filledbox
ENCODING 9632
SWIDTH 625 0
DWIDTH 15 0
BBX 12 12 1 1
BITMAP
FFF0
FFF0
FFF0
FFF0
FFF0
FFF0
FFF0
FFF0
FFF0
FFF0
FFF0
FFF0
ENDCHAR
STARTCHAR H22073
ENCODING 9633
SWIDTH 625 0
DWIDTH 15 0
BBX 14 14 0 0
BITMAP
FFFC
8004
8004
8004
8004
8004
8004
8004
8004
8004
8004
8004
8004
FFFC
ENDCHAR
STARTCHAR uni25A2
ENCODING 9634
SWIDTH 1000 0
DWIDTH 24 0
BBX 22 22 1 -2
BITMAP
7FFFF8
800004
800004
800004
800004
800004
800004
800004
800004
800004
800004
800004
800004
800004
800004
800004
800004
800004
800004
800004
800004
7FFFF8
ENDCHAR
STARTCHAR uni25A3
ENCODING 9635
SWIDTH 1000 0
DWIDTH 24 0
BBX 20 19 2 0
BITMAP
FFFFF0
800010
800010
800010
800010
800010
83FC10
83FC10
83FC10
83FC10
83FC10
83FC10
83FC10
83FC10
800010
800010
800010
800010
FFFFF0
ENDCHAR
STARTCHAR uni25A4
ENCODING 9636
SWIDTH 1000 0
DWIDTH 24 0
BBX 20 19 2 0
BITMAP
FFFFF0
800010
800010
800010
800010
FFFFF0
800010
800010
800010
FFFFF0
800010
800010
800010
800010
FFFFF0
800010
800010
800010
FFFFF0
ENDCHAR
STARTCHAR uni25A5
ENCODING 9637
SWIDTH 1000 0
DWIDTH 24 0
BBX 20 19 2 0
BITMAP
FFFFF0
844210
844210
844210
844210
844210
844210
844210
844210
844210
844210
844210
844210
844210
844210
844210
844210
844210
FFFFF0
ENDCHAR
STARTCHAR uni25A6
ENCODING 9638
SWIDTH 1000 0
DWIDTH 24 0
BBX 20 19 2 0
BITMAP
FFFFF0
844210
844210
844210
844210
FFFFF0
844210
844210
844210
FFFFF0
844210
844210
844210
844210
FFFFF0
844210
844210
844210
FFFFF0
ENDCHAR
STARTCHAR uni25A7
ENCODING 9639
SWIDTH 1000 0
DWIDTH 24 0
BBX 20 19 2 0
BITMAP
FFFFF0
C22110
A11090
908850
884430
C42210
E21110
B10890
988450
8C4230
C62110
A31090
918850
88C430
C46210
E23110
B11890
988C50
FFFFF0
ENDCHAR
STARTCHAR uni25A8
ENCODING 9640
SWIDTH 1000 0
DWIDTH 24 0
BBX 20 19 2 0
BITMAP
FFFFF0
884430
908850
A11090
C22110
844230
888470
9108D0
A21190
C42310
884630
908C50
A11890
C23110
846230
88C470
9188D0
A31190
FFFFF0
ENDCHAR
STARTCHAR uni25A9
ENCODING 9641
SWIDTH 1000 0
DWIDTH 24 0
BBX 20 19 2 0
BITMAP
FFFFF0
CA6530
B198D0
B198D0
CA6530
C46230
EA9570
B108D0
BA95D0
CC6330
CE6730
B39CD0
B198D0
CAF530
C46230
EAF570
B198D0
BB9DD0
FFFFF0
ENDCHAR
STARTCHAR H18543
ENCODING 9642
SWIDTH 375 0
DWIDTH 9 0
BBX 6 6 1 4
BITMAP
FC
FC
FC
FC
FC
FC
ENDCHAR
STARTCHAR H18551
ENCODING 9643
SWIDTH 375 0
DWIDTH 9 0
BBX 6 6 1 4
BITMAP
FC
84
84
84
84
FC
ENDCHAR
STARTCHAR filledrect
ENCODING 9644
SWIDTH 1000 0
DWIDTH 24 0
BBX 24 7 0 0
BITMAP
FFFFFF
FFFFFF
FFFFFF
FFFFFF
FFFFFF
FFFFFF
FFFFFF
ENDCHAR
STARTCHAR uni25B1
ENCODING 9649
SWIDTH 1000 0
DWIDTH 24 0
BBX 22 9 1 5
BITMAP
0FFFFC
080008
180008
100010
300010
200020
600020
400040
FFFFC0
ENDCHAR
STARTCHAR triagup
ENCODING 9650
SWIDTH 1000 0
DWIDTH 24 0
BBX 14 14 5 0
BITMAP
0000
0300
0300
0780
0780
0FC0
0FC0
1FE0
1FE0
3FF0
3FF0
7FF8
7FF8
FFFC
ENDCHAR
STARTCHAR uni25B3
ENCODING 9651
SWIDTH 1000 0
DWIDTH 24 0
BBX 22 20 1 0
BITMAP
002000
003000
003000
004800
004800
008400
010200
010200
020100
020100
040080
080040
080040
100020
100020
200010
200010
400008
800004
FFFFFC
ENDCHAR
STARTCHAR uni25B6
ENCODING 9654
SWIDTH 1000 0
DWIDTH 24 0
BBX 19 22 3 -2
BITMAP
800000
E00000
F80000
FE0000
FF0000
FFC000
FFF000
FFF800
FFFE00
FFFF80
FFFFE0
FFFFE0
FFFF80
FFFE00
FFF800
FFF000
FFC000
FF0000
FC0000
F80000
E00000
800000
ENDCHAR
STARTCHAR uni25B7
ENCODING 9655
SWIDTH 1000 0
DWIDTH 24 0
BBX 19 22 3 -2
BITMAP
800000
E00000
980000
860000
810000
80C000
803000
800800
800600
800180
800060
800060
800180
800600
800800
803000
80C000
830000
840000
980000
E00000
800000
ENDCHAR
STARTCHAR triagrt
ENCODING 9658
SWIDTH 1000 0
DWIDTH 24 0
BBX 14 14 5 0
BITMAP
8000
E000
F800
FE00
FF80
FFE0
FFF8
FFF8
FFE0
FF80
FE00
F800
E000
8000
ENDCHAR
STARTCHAR triagdn
ENCODING 9660
SWIDTH 1000 0
DWIDTH 24 0
BBX 14 14 5 0
BITMAP
FFFC
FFF8
7FF8
7FF0
3FF0
3FE0
1FE0
1FC0
0FC0
0F80
0780
0700
0300
0200
ENDCHAR
STARTCHAR uni25BD
ENCODING 9661
SWIDTH 1000 0
DWIDTH 24 0
BBX 22 20 1 -2
BITMAP
FFFFFC
400008
400008
200010
200010
100020
100020
080040
040080
040080
020100
020100
010200
018600
008400
004800
004800
003000
003000
002000
ENDCHAR
STARTCHAR uni25C0
ENCODING 9664
SWIDTH 1000 0
DWIDTH 24 0
BBX 19 22 2 -2
BITMAP
000020
0000E0
0003E0
000FE0
001FE0
007FE0
01FFE0
03FFE0
0FFFE0
3FFFE0
FFFFE0
FFFFE0
3FFFE0
0FFFE0
03FFE0
01FFE0
007FE0
001FE0
0007E0
0003E0
0000E0
000020
ENDCHAR
STARTCHAR uni25C1
ENCODING 9665
SWIDTH 1000 0
DWIDTH 24 0
BBX 19 22 2 -2
BITMAP
000020
0000E0
000320
000C20
001020
006020
018020
020020
0C0020
300020
C00020
C00020
300020
0C0020
020020
018020
006020
001820
000420
000320
0000E0
000020
ENDCHAR
STARTCHAR triaglf
ENCODING 9668
SWIDTH 1000 0
DWIDTH 24 0
BBX 14 14 5 0
BITMAP
0004
001C
007C
01FC
07FC
1FFC
7FFC
FFFC
3FFC
0FFC
03FC
00FC
003C
000C
ENDCHAR
STARTCHAR uni25C6
ENCODING 9670
SWIDTH 1000 0
DWIDTH 24 0
BBX 24 24 0 -3
BITMAP
001000
001800
003C00
007E00
00FF00
01FF80
03FFC0
07FFE0
0FFFF0
1FFFF8
3FFFFC
FFFFFF
7FFFFE
3FFFFC
1FFFF8
0FFFF0
07FFE0
03FFC0
01FF80
00FF00
007E00
003C00
001800
001000
ENDCHAR
STARTCHAR uni25C7
ENCODING 9671
SWIDTH 1000 0
DWIDTH 24 0
BBX 24 24 0 -3
BITMAP
001000
001800
002400
004200
008100
010080
020040
040020
080010
100008
200004
C00003
400002
200004
100008
080010
040020
020040
010080
008100
004200
002400
001800
001000
ENDCHAR
STARTCHAR uni25C9
ENCODING 9673
SWIDTH 1000 0
DWIDTH 24 0
BBX 22 22 1 -2
BITMAP
00FC00
030300
0C00C0
100020
20FC10
23FF10
47FF88
47FF88
8FFFC4
8FFFC4
8FFFC4
8FFFC4
8FFFC4
8FFFC4
47FF88
43FF08
21FE10
30FC30
180060
0C00C0
038700
007800
ENDCHAR
STARTCHAR lozenge
ENCODING 9674
SWIDTH 500 0
DWIDTH 12 0
BBX 12 17 0 0
BITMAP
0600
0600
0F00
1980
1080
30C0
6060
4020
C030
4020
6060
30C0
1080
1980
0D00
0600
0600
ENDCHAR
STARTCHAR circle
ENCODING 9675
SWIDTH 625 0
DWIDTH 15 0
BBX 11 11 2 1
BITMAP
1F00
2080
4040
8020
8020
8020
8020
8020
4040
2080
1F00
ENDCHAR
STARTCHAR uni25CC
ENCODING 9676
SWIDTH 1000 0
DWIDTH 24 0
BBX 22 22 1 -2
BITMAP
006400
032480
0800C0
180000
000030
600010
600000
00000C
800000
C00000
00000C
000004
C00000
800008
00000C
600000
600010
000030
180000
0200C0
036400
006400
ENDCHAR
STARTCHAR uni25CE
ENCODING 9678
SWIDTH 1000 0
DWIDTH 24 0
BBX 22 22 1 -2
BITMAP
00FC00
030300
0C00C0
100020
20FC10
230310
440088
440088
880044
880044
880044
880044
880044
880044
440088
420108
210210
30FC30
180060
0C00C0
038700
007800
ENDCHAR
STARTCHAR H18533
ENCODING 9679
SWIDTH 625 0
DWIDTH 15 0
BBX 10 10 2 2
BITMAP
1E00
7F80
7F80
FFC0
FFC0
FFC0
FFC0
7F80
7F80
1E00
ENDCHAR
STARTCHAR uni25D0
ENCODING 9680
SWIDTH 1000 0
DWIDTH 24 0
BBX 22 21 1 -1
BITMAP
007C00
03E300
07E080
1FE060
1FE020
3FE010
7FE008
7FE008
7FE008
7FE004
FFE004
FFE004
7FE004
7FE008
7FE008
7FE008
3FE010
1FE020
0FE040
07E080
01FF00
ENDCHAR
STARTCHAR uni25D1
ENCODING 9681
SWIDTH 1000 0
DWIDTH 24 0
BBX 22 21 1 -1
BITMAP
00F800
031F00
041F80
181FE0
101FE0
201FF0
401FF8
401FF8
401FF8
801FF8
801FFC
801FFC
801FF8
401FF8
401FF8
401FF8
201FF0
101FE0
081FC0
041F80
03FE00
ENDCHAR
STARTCHAR uni25D2
ENCODING 9682
SWIDTH 1000 0
DWIDTH 24 0
BBX 22 21 1 -1
BITMAP
00FC00
030300
040080
180060
100020
200010
400008
400008
400008
800004
800004
FFFFFC
7FFFF8
7FFFF8
7FFFF8
7FFFF8
3FFFF0
1FFFE0
0FFFC0
07FF80
01FE00
ENDCHAR
STARTCHAR uni25D3
ENCODING 9683
SWIDTH 1000 0
DWIDTH 24 0
BBX 22 21 1 -1
BITMAP
007800
03FF00
07FF80
1FFFE0
1FFFE0
3FFFF0
7FFFF8
7FFFF8
7FFFF8
7FFFF8
FFFFFC
800004
800004
400008
400008
400008
200010
100020
080040
040080
03FF00
ENDCHAR
STARTCHAR invbullet
ENCODING 9688
SWIDTH 625 0
DWIDTH 15 0
BBX 14 14 0 0
BITMAP
FFFC
FFFC
F87C
E01C
E01C
C00C
C00C
C00C
C00C
E01C
E01C
F87C
FFFC
FFFC
ENDCHAR
STARTCHAR invcircle
ENCODING 9689
SWIDTH 625 0
DWIDTH 15 0
BBX 14 14 0 0
BITMAP
FFFC
FFFC
F87C
E79C
EFDC
DFEC
DFEC
DFEC
DFEC
EFDC
E79C
F87C
FFFC
FFFC
ENDCHAR
STARTCHAR uni25E2
ENCODING 9698
SWIDTH 1000 0
DWIDTH 24 0
BBX 24 24 0 -3
BITMAP
000001
000003
000007
00000F
00001F
00003F
00007F
0000FF
0001FF
0003FF
0007FF
000FFF
001FFF
003FFF
007FFF
00FFFF
01FFFF
03FFFF
07FFFF
0FFFFF
1FFFFF
3FFFFF
7FFFFF
FFFFFF
ENDCHAR
STARTCHAR uni25E3
ENCODING 9699
SWIDTH 1000 0
DWIDTH 24 0
BBX 24 24 0 -3
BITMAP
800000
C00000
E00000
F00000
F80000
FC0000
FE0000
FF0000
FF8000
FFC000
FFE000
FFF000
FFF800
FFFC00
FFFE00
FFFF00
FFFF80
FFFFC0
FFFFE0
FFFFF0
FFFFF8
FFFFFC
FFFFFE
FFFFFF
ENDCHAR
STARTCHAR uni25E4
ENCODING 9700
SWIDTH 1000 0
DWIDTH 24 0
BBX 24 24 0 -3
BITMAP
FFFFFF
FFFFFC
FFFFF8
FFFFF0
FFFFE0
FFFFC0
FFFF80
FFFF00
FFFE00
FFFC00
FFF800
FFF000
FFE000
FFC000
FF8000
FF0000
FE0000
FC0000
F80000
F00000
E00000
C00000
800000
800000
ENDCHAR
STARTCHAR uni25E5
ENCODING 9701
SWIDTH 1000 0
DWIDTH 24 0
BBX 24 24 0 -3
BITMAP
FFFFFF
3FFFFF
1FFFFF
0FFFFF
07FFFF
03FFFF
01FFFF
00FFFF
007FFF
003FFF
001FFF
000FFF
0007FF
0003FF
0001FF
0000FF
00007F
00003F
00001F
00000F
000007
000003
000001
000001
ENDCHAR
STARTCHAR openbullet
ENCODING 9702
SWIDTH 375 0
DWIDTH 9 0
BBX 6 6 1 4
BITMAP
78
CC
84
84
CC
78
ENDCHAR
STARTCHAR uni25EF
ENCODING 9711
SWIDTH 1000 0
DWIDTH 24 0
BBX 22 22 1 -2
BITMAP
01FE00
060180
080040
100020
200010
400008
400008
800004
800004
800004
800004
800004
800004
800004
800004
400008
400008
200010
100020
080040
060180
01FE00
ENDCHAR
STARTCHAR uni2600
ENCODING 9728
SWIDTH 1000 0
DWIDTH 24 0
BBX 22 22 1 -2
BITMAP
003000
003000
103020
380070
1CFCE0
09FE40
03FF00
07FF80
07FF80
0FFFC0
EFFFDC
EFFFDC
0FFFC0
07FF80
07FF80
03FF00
09FE40
1C78E0
380070
103000
003000
003000
ENDCHAR
STARTCHAR uni2601
ENCODING 9729
SWIDTH 1000 0
DWIDTH 24 0
BBX 22 16 1 1
BITMAP
03F000
040800
080700
1004C0
100220
1E0210
600010
400010
800010
800010
80002C
840004
820008
410010
3B8020
047FC0
ENDCHAR
STARTCHAR uni2602
ENCODING 9730
SWIDTH 1000 0
DWIDTH 24 0
BBX 20 21 2 -1
BITMAP
000000
03F900
0FFE00
3FFF00
7FFF80
83FFC0
03FFE0
03FFE0
03BFF0
022FF0
0027F0
0047F0
008430
008810
010010
010010
020010
420000
440000
480000
780000
ENDCHAR
STARTCHAR uni2603
ENCODING 9731
SWIDTH 1000 0
DWIDTH 24 0
BBX 24 23 0 -2
BITMAP
000000
001F00
00BF80
007F80
00FFC0
010380
024040
02C340
023A48
12804B
F27E44
1700E8
0FFFF0
09FFD0
0809C8
1001C8
101908
100008
100008
101808
081010
040030
03FFC0
ENDCHAR
STARTCHAR uni2605
ENCODING 9733
SWIDTH 1000 0
DWIDTH 24 0
BBX 22 22 1 -2
BITMAP
002000
002000
003000
003000
003000
007800
007800
007800
FFFFFC
7FFFF8
1FFFE0
0FFFC0
07FF80
01FE00
03FF00
03FF00
03FF00
07CF80
070380
060180
0C00C0
080040
ENDCHAR
STARTCHAR uni2606
ENCODING 9734
SWIDTH 1000 0
DWIDTH 24 0
BBX 22 22 1 -2
BITMAP
002000
002000
003000
003000
005000
004800
004800
004800
FF87FC
600018
100020
0C00C0
060180
010200
020100
022100
023100
04CC80
050280
060180
0C00C0
080040
ENDCHAR
STARTCHAR uni2609
ENCODING 9737
SWIDTH 1000 0
DWIDTH 24 0
BBX 14 14 5 2
BITMAP
1FE0
3870
6018
C00C
C00C
8204
8304
8304
8004
C00C
4008
6018
3870
0FC0
ENDCHAR
STARTCHAR uni260E
ENCODING 9742
SWIDTH 1000 0
DWIDTH 24 0
BBX 22 16 1 1
BITMAP
03FF00
1FFFE0
7FFFF8
718638
F9867C
F9867C
F9FE7C
838704
070380
0E01C0
1E01E0
1E01E0
3E01F0
3F03F0
3F87F0
3FFFF0
ENDCHAR
STARTCHAR uni260F
ENCODING 9743
SWIDTH 1000 0
DWIDTH 24 0
BBX 22 17 1 0
BITMAP
0FFFC0
300030
400008
8E79C4
8A8544
867984
8E01C4
F4FCBC
050280
090240
120220
220210
210210
410210
40CC08
403008
3FFFF0
ENDCHAR
STARTCHAR uni2616
ENCODING 9750
SWIDTH 1000 0
DWIDTH 24 0
BBX 19 21 2 -1
BITMAP
004000
00F000
030C00
0C0600
180180
200080
200040
200040
200040
200040
200040
400040
400040
400040
400040
400020
400020
400020
400020
800020
FFFFE0
ENDCHAR
STARTCHAR uni2617
ENCODING 9751
SWIDTH 1000 0
DWIDTH 24 0
BBX 19 21 2 -1
BITMAP
004000
00F000
03FC00
0FFE00
1FFF80
3FFF80
3FFFC0
3FFFC0
3FFFC0
3FFFC0
3FFFC0
7FFFC0
7FFFC0
7FFFC0
7FFFC0
7FFFE0
7FFFE0
7FFFE0
7FFFE0
7FFFE0
FFFFE0
ENDCHAR
STARTCHAR uni261C
ENCODING 9756
SWIDTH 1000 0
DWIDTH 24 0
BBX 22 11 1 3
BITMAP
7FFF00
8080E0
81001C
FE3804
09DE04
083FC4
07CC04
041C04
03E404
01087C
00FF80
ENDCHAR
STARTCHAR uni261D
ENCODING 9757
SWIDTH 1000 0
DWIDTH 24 0
BBX 12 22 7 -2
BITMAP
7000
5000
5000
9000
9C00
9300
9280
AAE0
AAA0
CAA0
8AA0
8D20
9F50
8F90
8420
8420
4420
4420
4040
2040
2040
3FC0
ENDCHAR
STARTCHAR uni261E
ENCODING 9758
SWIDTH 1000 0
DWIDTH 24 0
BBX 22 11 1 3
BITMAP
03FFF0
1C0C0C
E00204
8061F8
81FE40
8FF040
80CF80
80E080
809F00
F84200
07FC00
ENDCHAR
STARTCHAR uni261F
ENCODING 9759
SWIDTH 1000 0
DWIDTH 24 0
BBX 12 22 7 -2
BITMAP
3FC0
2040
2040
4440
4420
4420
8420
8C20
8F90
9D50
8CA0
8AA0
CAA0
AAA0
9A40
9380
9E00
9000
9000
5000
5000
7000
ENDCHAR
STARTCHAR uni262F
ENCODING 9775
SWIDTH 1000 0
DWIDTH 24 0
BBX 22 22 1 -2
BITMAP
01FF00
07FC80
0FFE60
1FFF10
3FFF10
7FCF08
7FCF08
FFFF04
FFFE04
FFFE04
FFF804
FF8004
FE0004
FC0004
FC0004
7C3008
7C3008
3C0010
1C0020
0E0040
070180
01FE00
ENDCHAR
STARTCHAR smileface
ENCODING 9786
SWIDTH 1042 0
DWIDTH 25 0
BBX 14 14 5 0
BITMAP
0FC0
1860
2010
4008
C00C
9864
9864
8004
8004
C84C
4788
2010
1860
0FC0
ENDCHAR
STARTCHAR invsmileface
ENCODING 9787
SWIDTH 1042 0
DWIDTH 25 0
BBX 14 14 5 0
BITMAP
0FC0
1FE0
3FF0
7FF8
FFFC
E79C
E79C
FFFC
FFFC
F7BC
7878
3FF0
1FE0
0FC0
ENDCHAR
STARTCHAR sun
ENCODING 9788
SWIDTH 917 0
DWIDTH 22 0
BBX 15 15 3 -2
BITMAP
0100
0100
2108
17D0
0C60
1830
1010
F01E
1010
1830
0C60
13D0
2108
0100
0100
ENDCHAR
STARTCHAR female
ENCODING 9792
SWIDTH 750 0
DWIDTH 18 0
BBX 7 13 6 1
BITMAP
38
44
82
82
82
44
38
10
10
FE
10
10
10
ENDCHAR
STARTCHAR uni2641
ENCODING 9793
SWIDTH 1000 0
DWIDTH 24 0
BBX 16 21 4 -1
BITMAP
0180
0180
0180
0180
0180
0180
0180
FFFF
FFFF
0180
0180
03C0
0FF0
0C30
1818
1818
1008
1818
1818
0E70
07E0
ENDCHAR
STARTCHAR male
ENCODING 9794
SWIDTH 750 0
DWIDTH 18 0
BBX 10 11 4 3
BITMAP
03C0
00C0
0140
0240
3C00
4400
8200
8200
8200
4400
3800
ENDCHAR
STARTCHAR spade
ENCODING 9824
SWIDTH 542 0
DWIDTH 13 0
BBX 11 14 1 0
BITMAP
0400
0400
0E00
0E00
1F00
3F80
7FC0
FFE0
FFE0
FFE0
75C0
0400
0E00
3F80
ENDCHAR
STARTCHAR uni2661
ENCODING 9825
SWIDTH 1000 0
DWIDTH 24 0
BBX 20 20 2 -1
BITMAP
1F07C0
619860
40D020
806010
802010
800010
800010
800010
C00010
400020
200040
1000C0
080180
040300
020600
030C00
019800
009000
006000
002000
ENDCHAR
STARTCHAR uni2662
ENCODING 9826
SWIDTH 1000 0
DWIDTH 24 0
BBX 18 22 3 -2
BITMAP
00C000
00C000
012000
033000
021000
040800
080400
180600
100200
200100
C000C0
400080
200100
100200
080400
0C0C00
040800
021000
012000
012000
00C000
008000
ENDCHAR
STARTCHAR club
ENCODING 9827
SWIDTH 667 0
DWIDTH 16 0
BBX 14 14 1 0
BITMAP
0780
0FC0
0FC0
0FC0
0FC0
77F8
FFFC
FFFC
FFFC
FDFC
7A78
0300
0780
1FE0
ENDCHAR
STARTCHAR uni2664
ENCODING 9828
SWIDTH 1000 0
DWIDTH 24 0
BBX 20 22 2 -1
BITMAP
004000
006000
00F000
019800
010800
020400
040200
080100
100080
200040
400020
800030
800010
800010
800010
800010
80F010
41F820
376EC0
089100
009000
03FC00
ENDCHAR
STARTCHAR heart
ENCODING 9829
SWIDTH 583 0
DWIDTH 14 0
BBX 12 13 1 0
BITMAP
79E0
FDF0
FFF0
FFF0
FFF0
7FE0
3FC0
1F80
1F80
0F00
0600
0600
0000
ENDCHAR
STARTCHAR diamond
ENCODING 9830
SWIDTH 500 0
DWIDTH 12 0
BBX 11 15 1 0
BITMAP
0400
0400
0E00
1F00
1F00
3F80
7FC0
FFE0
7FC0
3F80
1F00
1F00
0E00
0400
0400
ENDCHAR
STARTCHAR uni2667
ENCODING 9831
SWIDTH 1000 0
DWIDTH 24 0
BBX 22 20 1 -1
BITMAP
00FC00
010200
030100
020100
020100
020100
020100
010200
1F87E0
200010
400008
400008
800004
800004
407808
40FC08
31B630
0E49C0
004800
01FE00
ENDCHAR
STARTCHAR uni2668
ENCODING 9832
SWIDTH 1000 0
DWIDTH 24 0
BBX 20 19 2 0
BITMAP
002000
064200
04C400
08C400
08CC00
0CCC00
0CC600
066600
066200
123380
623360
C23330
822210
C42630
C04030
E00070
7801E0
1FFFC0
07FE00
ENDCHAR
STARTCHAR uni2669
ENCODING 9833
SWIDTH 1000 0
DWIDTH 24 0
BBX 6 22 7 -2
BITMAP
04
04
04
04
04
04
04
04
04
04
04
04
04
04
04
04
04
3C
FC
FC
F8
70
ENDCHAR
STARTCHAR musicalnote
ENCODING 9834
SWIDTH 500 0
DWIDTH 12 0
BBX 7 13 3 0
BITMAP
10
10
18
1C
14
12
12
12
12
14
70
F0
E0
ENDCHAR
STARTCHAR musicalnotedbl
ENCODING 9835
SWIDTH 750 0
DWIDTH 18 0
BBX 11 15 3 -1
BITMAP
0060
07E0
1E20
10E0
17E0
1E20
1020
1020
1020
1020
10E0
11E0
71C0
F000
E000
ENDCHAR
STARTCHAR uni266C
ENCODING 9836
SWIDTH 1000 0
DWIDTH 24 0
BBX 19 23 1 -2
BITMAP
000020
0001E0
003FE0
07FF20
07F020
0601E0
041FE0
07FFA0
07F020
070020
040020
040020
040020
040020
040020
0401E0
0403E0
0407E0
3C07C0
7C0780
FC0000
F80000
F00000
ENDCHAR
STARTCHAR uni266D
ENCODING 9837
SWIDTH 1000 0
DWIDTH 24 0
BBX 10 21 8 -1
BITMAP
8000
8000
8000
8000
8000
8000
8000
8000
8000
8F80
B1C0
A1C0
C1C0
8180
8180
8300
8600
8800
B000
C000
8000
ENDCHAR
STARTCHAR uni266E
ENCODING 9838
SWIDTH 1000 0
DWIDTH 24 0
BBX 8 21 8 -1
BITMAP
80
80
80
80
81
9F
FF
F1
81
81
81
81
81
8F
FF
F1
81
01
01
01
01
ENDCHAR
STARTCHAR uni266F
ENCODING 9839
SWIDTH 1000 0
DWIDTH 24 0
BBX 12 21 6 -1
BITMAP
0080
1080
1080
1080
1080
1090
1FF0
FFE0
F080
1080
1080
1080
1090
1FF0
FFE0
F080
1080
1080
1080
1080
1080
ENDCHAR
STARTCHAR uni2672
ENCODING 9842
SWIDTH 1000 0
DWIDTH 24 0
BBX 23 23 0 -3
BITMAP
01FF80
023040
022840
041830
082410
082420
064620
0181C8
FC0034
220044
420082
830042
828022
440022
48021C
2FE3FC
182404
182808
082810
082410
07E3E0
000200
000100
ENDCHAR
STARTCHAR uni2673
ENCODING 9843
SWIDTH 1000 0
DWIDTH 24 0
BBX 22 23 1 -3
BITMAP
007800
00FC00
01CE00
018600
038740
0703C0
0703C0
0E0780
043020
08F0E0
F83070
383070
7C3038
743038
E0301C
C0000C
C0020C
C0040C
FFE7FC
7FFFF8
3FEFF0
000400
000200
ENDCHAR
STARTCHAR uni2674
ENCODING 9844
SWIDTH 1000 0
DWIDTH 24 0
BBX 22 23 1 -3
BITMAP
007800
00FC00
01CE00
018600
038740
0703C0
0703C0
0E0780
047820
08F8E0
F85870
381870
7C3838
747038
E0FC1C
C0000C
C0020C
C0040C
FFE7FC
7FFFF8
3FEFF0
000400
000200
ENDCHAR
STARTCHAR uni2675
ENCODING 9845
SWIDTH 1000 0
DWIDTH 24 0
BBX 22 23 1 -3
BITMAP
007800
00FC00
01CE00
018600
038740
0703C0
0703C0
0E0780
047820
08F8E0
F81870
383870
7C1838
748C38
E0F81C
C0700C
C0020C
C0040C
FFE7FC
7FFFF8
3FEFF0
000400
000200
ENDCHAR
STARTCHAR uni2676
ENCODING 9846
SWIDTH 1000 0
DWIDTH 24 0
BBX 22 23 1 -3
BITMAP
007800
00FC00
01CE00
018600
038740
0703C0
0703C0
0E0780
043820
0878E0
F85870
38D870
7C9838
75FC38
E0181C
C0000C
C0020C
C0040C
FFE7FC
7FFFF8
3FEFF0
000400
000200
ENDCHAR
STARTCHAR uni2677
ENCODING 9847
SWIDTH 1000 0
DWIDTH 24 0
BBX 22 23 1 -3
BITMAP
007800
00FC00
01CE00
018600
038740
0703C0
0703C0
0E0780
047820
0878E0
F84070
38F870
7C1838
749C38
E0F81C
C0700C
C0020C
C0040C
FFE7FC
7FFFF8
3FEFF0
000400
000200
ENDCHAR
STARTCHAR uni2678
ENCODING 9848
SWIDTH 1000 0
DWIDTH 24 0
BBX 22 23 1 -3
BITMAP
007800
00FC00
01CE00
018600
038740
0703C0
0703C0
0E0780
047C20
08F8E0
F8C070
38F870
7CCC38
74CC38
E0781C
C0300C
C0020C
C0040C
FFE7FC
7FFFF8
3FEFF0
000400
000200
ENDCHAR
STARTCHAR uni2679
ENCODING 9849
SWIDTH 1000 0
DWIDTH 24 0
BBX 22 23 1 -3
BITMAP
007800
00FC00
01CE00
018600
038740
0703C0
0703C0
0E0780
04FC20
08F8E0
F81870
383070
7C3038
743038
E0701C
C0000C
C0020C
C0040C
FFE7FC
7FFFF8
3FEFF0
000400
000200
ENDCHAR
STARTCHAR uni267A
ENCODING 9850
SWIDTH 1000 0
DWIDTH 24 0
BBX 22 23 1 -3
BITMAP
007800
00FC00
01CE00
018600
038700
0703C0
070380
0E0780
0C0020
0000E0
780060
380070
740038
700038
E0001C
C0000C
C0020C
C0040C
FFE7FC
7FEFF8
1FE7E0
000400
000200
ENDCHAR
STARTCHAR uni267B
ENCODING 9851
SWIDTH 1000 0
DWIDTH 24 0
BBX 24 23 0 -3
BITMAP
00FF00
03FFC0
03EFC0
07F7F0
07E7E0
0FC3E0
03C7C0
008008
FC003C
3E00FC
7E007E
7F007E
7C803E
7C003E
38011C
3FE3FC
17E7F8
1FE7F8
0FEFF0
0FE7F0
07E3E0
000200
000100
ENDCHAR
STARTCHAR uni267C
ENCODING 9852
SWIDTH 1000 0
DWIDTH 24 0
BBX 22 22 1 -2
BITMAP
03FF00
07FF80
1E20E0
3C20F0
3810B0
783078
787878
FE70FC
83FF9C
E1FE0C
C1FE0C
82FF04
C3FF04
C7FB8C
E7FBFC
683018
702038
303030
183060
0FFBC0
07FF80
01FE00
ENDCHAR
STARTCHAR uni267D
ENCODING 9853
SWIDTH 1000 0
DWIDTH 24 0
BBX 22 22 1 -2
BITMAP
03FF00
040080
19FE60
23DF10
23FF50
47CF88
87C784
819F04
BC8064
9E03E4
BE01F4
BF01FC
BC00F4
B80474
9BC7E4
97CFE8
4FDFC8
27CF90
17C7A0
080440
060180
01FE00
ENDCHAR
STARTCHAR uni26A0
ENCODING 9888
SWIDTH 1000 0
DWIDTH 24 0
BBX 22 20 1 0
BITMAP
003000
00FC00
008400
018600
010200
033300
063180
043080
0C30C0
083040
183060
103020
303030
600018
403008
C0300C
80300C
C0000C
C0000C
7FFFF8
ENDCHAR
STARTCHAR uni26BD
ENCODING 9917
SWIDTH 1000 0
DWIDTH 24 0
BBX 22 22 1 -2
BITMAP
01FF00
06FC80
083060
101010
201010
601018
601018
E0781C
F8FC7C
C7FF8C
81FE04
81FE04
80FE04
80FC04
80FC04
410208
410108
3E01F0
1E01E0
0E01C0
070380
01FE00
ENDCHAR
STARTCHAR uni26BE
ENCODING 9918
SWIDTH 1000 0
DWIDTH 24 0
BBX 22 22 1 -2
BITMAP
00FC00
030300
0C00C0
1601A0
200010
210210
410208
400008
808404
808404
800004
808404
808404
808404
400008
410208
210210
3601B0
1C00E0
0C00C0
038700
007800
ENDCHAR
STARTCHAR uni2702
ENCODING 9986
SWIDTH 1000 0
DWIDTH 24 0
BBX 22 18 1 0
BITMAP
780000
C40000
840000
82001C
620070
1E01C0
070780
019E00
007800
00E400
019E00
070780
1E01E0
620038
82000C
840000
440000
380000
ENDCHAR
STARTCHAR uni2713
ENCODING 10003
SWIDTH 667 0
DWIDTH 16 0
BBX 17 19 0 -1
BITMAP
000380
000700
000600
000C00
001800
003800
003000
006000
006000
00C000
C08000
618000
610000
330000
330000
1A0000
1E0000
0E0000
080000
ENDCHAR
STARTCHAR uni271A
ENCODING 10010
SWIDTH 1000 0
DWIDTH 24 0
BBX 20 20 2 -1
BITMAP
01F800
01F800
01F800
01F800
01F800
01F800
01F800
FFFFF0
FFFFF0
FFFFF0
FFFFF0
FFFFF0
01F800
01F800
01F800
01F800
01F800
01F800
01F800
01F800
ENDCHAR
STARTCHAR uni273D
ENCODING 10045
SWIDTH 1000 0
DWIDTH 24 0
BBX 16 18 4 0
BITMAP
0180
0180
0180
0180
6186
F18F
391C
0F70
0180
0340
0D30
791E
F18F
4182
0180
0180
0180
0100
ENDCHAR
STARTCHAR uni273F
ENCODING 10047
SWIDTH 1000 0
DWIDTH 24 0
BBX 24 22 0 -2
BITMAP
00E700
00FF00
00FF00
007E00
307E0C
3C7E3C
3F3CFC
3FBDFC
3FDBFC
7FD3FE
FFE7FF
3F00FC
006600
01E780
07E7E0
0FE7F0
1FE7F8
1FE7F8
0FE7F0
03C3C0
01C380
008100
ENDCHAR
STARTCHAR uni2740
ENCODING 10048
SWIDTH 1000 0
DWIDTH 24 0
BBX 24 22 0 -2
BITMAP
00EF00
009100
008100
008100
38421C
244224
2324C4
20A504
205A04
405202
806601
7F81FE
006600
019980
061860
082410
102408
102408
0E2470
024240
014280
008100
ENDCHAR
STARTCHAR uni2756
ENCODING 10070
SWIDTH 1000 0
DWIDTH 24 0
BBX 24 23 0 -2
BITMAP
001000
001800
003C00
007E00
00FF00
00FF00
007E00
003C00
0C1830
1E0078
3F00FC
FF81FF
7F81FE
3F00FC
1E0078
0C1830
003C00
007E00
00FF00
00FF00
007E00
003C00
001800
ENDCHAR
STARTCHAR uni2776
ENCODING 10102
SWIDTH 1000 0
DWIDTH 24 0
BBX 22 22 1 -2
BITMAP
01FE00
07FF80
0FFFC0
1FFFE0
3FFFF0
7F0FF8
7F0FF8
FFEFFC
FFEFFC
FFEFFC
FFEFFC
FFEFFC
FFEFFC
FFEFFC
FFEFFC
7FEFF8
7FEFF8
3FFFF0
1FFFE0
0FFFC0
07FF80
01FE00
ENDCHAR
STARTCHAR uni2777
ENCODING 10103
SWIDTH 1000 0
DWIDTH 24 0
BBX 22 22 1 -2
BITMAP
01FE00
07FF80
0FFFC0
1FFFE0
3F87F0
7E03F8
7E79F8
FFF9FC
FFF9FC
FFF9FC
FFF3FC
FFE3FC
FFC7FC
FF8FFC
FF3FFC
7E00F8
7E00F8
3FFFF0
1FFFE0
0FFFC0
07FF80
01FE00
ENDCHAR
STARTCHAR uni2778
ENCODING 10104
SWIDTH 1000 0
DWIDTH 24 0
BBX 22 22 1 -2
BITMAP
01FE00
07FF80
0FFFC0
1FFFE0
3F87F0
7E03F8
7EF9F8
FFF9FC
FFF9FC
FFF3FC
FF87FC
FFF1FC
FFF9FC
FFFCFC
FEF9FC
7C31F8
7F03F8
3FFFF0
1FFFE0
0FFFC0
07FF80
01FE00
ENDCHAR
STARTCHAR uni2779
ENCODING 10105
SWIDTH 1000 0
DWIDTH 24 0
BBX 22 22 1 -2
BITMAP
01FE00
07FF80
0FFFC0
1FFFE0
3FFFF0
7FE3F8
7FD3F8
FF93FC
FF33FC
FF33FC
FE73FC
FCF3FC
FC01FC
FC01FC
FFF3FC
7FF3F8
7FF3F8
3FFFF0
1FFFE0
0FFFC0
07FF80
01FE00
ENDCHAR
STARTCHAR uni277A
ENCODING 10106
SWIDTH 1000 0
DWIDTH 24 0
BBX 22 22 1 -2
BITMAP
01FE00
07FF80
0FFFC0
1FFFE0
3FFFF0
7F01F8
7F3FF8
FF3FFC
FF7FFC
FF43FC
FF31FC
FFF9FC
FFFCFC
FFFCFC
FEF9FC
7C31F8
7F03F8
3FFFF0
1FFFE0
0FFFC0
07FF80
01FE00
ENDCHAR
STARTCHAR uni277B
ENCODING 10107
SWIDTH 1000 0
DWIDTH 24 0
BBX 22 22 1 -2
BITMAP
01FE00
07FF80
0FFFC0
1FFFE0
3FC7F0
7F01F8
7E3FF8
FE7FFC
FCFFFC
FCC7FC
FC83FC
FC79FC
FCF9FC
FCF9FC
FE79FC
7E31F8
7F03F8
3FFFF0
1FFFE0
0FFFC0
07FF80
01FE00
ENDCHAR
STARTCHAR uni277C
ENCODING 10108
SWIDTH 1000 0
DWIDTH 24 0
BBX 22 22 1 -2
BITMAP
01FE00
07FF80
0FFFC0
1FFFE0
3FFFF0
7E01F8
7FF9F8
FFF3FC
FFF7FC
FFE7FC
FFEFFC
FFCFFC
FFCFFC
FFCFFC
FFCFFC
7F9FF8
7F9FF8
3FFFF0
1FFFE0
0FFFC0
07FF80
01FE00
ENDCHAR
STARTCHAR uni277D
ENCODING 10109
SWIDTH 1000 0
DWIDTH 24 0
BBX 22 22 1 -2
BITMAP
01FE00
07FF80
0FFFC0
1FFFE0
3F87F0
7F03F8
7E79F8
FE79FC
FE79FC
FF3BFC
FF87FC
FE63FC
FEF9FC
FCFCFC
FCFCFC
7E39F8
7F03F8
3FFFF0
1FFFE0
0FFFC0
07FF80
01FE00
ENDCHAR
STARTCHAR uni277E
ENCODING 10110
SWIDTH 1000 0
DWIDTH 24 0
BBX 22 22 1 -2
BITMAP
01FE00
07FF80
0FFFC0
1FFFE0
3F87F0
7F03F8
7E79F8
FE79FC
FE7CFC
FE7CFC
FE30FC
FF04FC
FFFCFC
FFF9FC
FFF9FC
7E23F8
7F07F8
3FFFF0
1FFFE0
0FFFC0
07FF80
01FE00
ENDCHAR
STARTCHAR uni277F
ENCODING 10111
SWIDTH 1000 0
DWIDTH 24 0
BBX 22 22 1 -2
BITMAP
01FE00
07FF80
0FFFC0
1FFFE0
3FF9F0
70F078
70E678
FCEF3C
FCCF3C
FCCF3C
FCCF3C
FCCF3C
FCCF3C
FCCF3C
FCE67C
7CE278
7CF0F8
3FFFF0
1FFFE0
0FFFC0
07FF80
01FE00
ENDCHAR
STARTCHAR uni2780
ENCODING 10112
SWIDTH 1000 0
DWIDTH 24 0
BBX 22 22 1 -2
BITMAP
01FE00
060180
080040
100020
200010
40F008
40F008
801004
801004
801004
801004
801004
801004
801004
801004
401008
401008
200010
100020
080040
060180
01FE00
ENDCHAR
STARTCHAR uni2781
ENCODING 10113
SWIDTH 1000 0
DWIDTH 24 0
BBX 22 22 1 -2
BITMAP
01FE00
060180
080040
100020
207810
41FC08
418608
800604
800604
800604
800C04
801C04
803804
807004
80E004
41FF08
41FF08
200010
100020
080040
060180
01FE00
ENDCHAR
STARTCHAR uni2782
ENCODING 10114
SWIDTH 1000 0
DWIDTH 24 0
BBX 22 22 1 -2
BITMAP
01FE00
060180
080040
100020
207810
41FC08
410608
800604
800604
800C04
807804
800E04
800604
800704
810604
43CE08
40FC08
200010
100020
080040
060180
01FE00
ENDCHAR
STARTCHAR uni2783
ENCODING 10115
SWIDTH 1000 0
DWIDTH 24 0
BBX 22 22 1 -2
BITMAP
01FE00
060180
080040
100020
200010
401C08
403C08
806C04
80CC04
80CC04
818C04
830C04
83FE04
83FE04
800C04
400C08
400C08
200010
100020
080040
060180
01FE00
ENDCHAR
STARTCHAR uni2784
ENCODING 10116
SWIDTH 1000 0
DWIDTH 24 0
BBX 22 22 1 -2
BITMAP
01FE00
060180
080040
100020
200010
40FE08
40C008
80C004
808004
80FC04
80CE04
800604
800304
800304
810604
43CE08
40FC08
200010
100020
080040
060180
01FE00
ENDCHAR
STARTCHAR uni2785
ENCODING 10117
SWIDTH 1000 0
DWIDTH 24 0
BBX 22 22 1 -2
BITMAP
01FE00
060180
080040
100020
203810
40FE08
41C408
818004
830004
833804
83FC04
838604
830604
830604
818604
41CE08
40FC08
200010
100020
080040
060180
01FE00
ENDCHAR
STARTCHAR uni2786
ENCODING 10118
SWIDTH 1000 0
DWIDTH 24 0
BBX 22 22 1 -2
BITMAP
01FE00
060180
080040
100020
200010
41FE08
400608
800C04
800804
801804
801004
803004
803004
803004
803004
406008
406008
200010
100020
080040
060180
01FE00
ENDCHAR
STARTCHAR uni2787
ENCODING 10119
SWIDTH 1000 0
DWIDTH 24 0
BBX 22 22 1 -2
BITMAP
01FE00
060180
080040
100020
207810
40FC08
418608
818604
818604
80C404
807804
819C04
810604
830304
830304
41C608
40FC08
200010
100020
080040
060180
01FE00
ENDCHAR
STARTCHAR uni2788
ENCODING 10120
SWIDTH 1000 0
DWIDTH 24 0
BBX 22 22 1 -2
BITMAP
01FE00
060180
080040
100020
207810
40FC08
418608
818604
818304
818304
81CF04
80FB04
800304
800604
800604
41DC08
40F808
200010
100020
080040
060180
01FE00
ENDCHAR
STARTCHAR uni2789
ENCODING 10121
SWIDTH 1000 0
DWIDTH 24 0
BBX 22 22 1 -2
BITMAP
01FE00
060180
080040
100020
200610
4F0F88
4F1988
8310C4
8330C4
8330C4
8330C4
8330C4
8330C4
8330C4
831984
431D88
430F08
200010
100020
080040
060180
01FE00
ENDCHAR
STARTCHAR uni278A
ENCODING 10122
SWIDTH 1000 0
DWIDTH 24 0
BBX 22 22 1 -2
BITMAP
01FE00
07FF80
0FFFC0
1FFFE0
3FFFF0
7F0FF8
7F0FF8
FFEFFC
FFEFFC
FFEFFC
FFEFFC
FFEFFC
FFEFFC
FFEFFC
FFEFFC
7FEFF8
7FEFF8
3FFFF0
1FFFE0
0FFFC0
07FF80
01FE00
ENDCHAR
STARTCHAR uni278B
ENCODING 10123
SWIDTH 1000 0
DWIDTH 24 0
BBX 22 22 1 -2
BITMAP
01FE00
07FF80
0FFFC0
1FFFE0
3F87F0
7E03F8
7E79F8
FFF9FC
FFF9FC
FFF9FC
FFF3FC
FFE3FC
FFC7FC
FF8FFC
FF3FFC
7E00F8
7E00F8
3FFFF0
1FFFE0
0FFFC0
07FF80
01FE00
ENDCHAR
STARTCHAR uni278C
ENCODING 10124
SWIDTH 1000 0
DWIDTH 24 0
BBX 22 22 1 -2
BITMAP
01FE00
07FF80
0FFFC0
1FFFE0
3F87F0
7E03F8
7EF9F8
FFF9FC
FFF9FC
FFF3FC
FF87FC
FFF1FC
FFF9FC
FFFCFC
FEF9FC
7C31F8
7F03F8
3FFFF0
1FFFE0
0FFFC0
07FF80
01FE00
ENDCHAR
STARTCHAR uni278D
ENCODING 10125
SWIDTH 1000 0
DWIDTH 24 0
BBX 22 22 1 -2
BITMAP
01FE00
07FF80
0FFFC0
1FFFE0
3FFFF0
7FE3F8
7FD3F8
FF93FC
FF33FC
FF33FC
FE73FC
FCF3FC
FC01FC
FC01FC
FFF3FC
7FF3F8
7FF3F8
3FFFF0
1FFFE0
0FFFC0
07FF80
01FE00
ENDCHAR
STARTCHAR uni278E
ENCODING 10126
SWIDTH 1000 0
DWIDTH 24 0
BBX 22 22 1 -2
BITMAP
01FE00
07FF80
0FFFC0
1FFFE0
3FFFF0
7F01F8
7F3FF8
FF3FFC
FF7FFC
FF43FC
FF31FC
FFF9FC
FFFCFC
FFFCFC
FEF9FC
7C31F8
7F03F8
3FFFF0
1FFFE0
0FFFC0
07FF80
01FE00
ENDCHAR
STARTCHAR uni278F
ENCODING 10127
SWIDTH 1000 0
DWIDTH 24 0
BBX 22 22 1 -2
BITMAP
01FE00
07FF80
0FFFC0
1FFFE0
3FC7F0
7F01F8
7E3FF8
FE7FFC
FCFFFC
FCC7FC
FC83FC
FC79FC
FCF9FC
FCF9FC
FE79FC
7E31F8
7F03F8
3FFFF0
1FFFE0
0FFFC0
07FF80
01FE00
ENDCHAR
STARTCHAR uni2790
ENCODING 10128
SWIDTH 1000 0
DWIDTH 24 0
BBX 22 22 1 -2
BITMAP
01FE00
07FF80
0FFFC0
1FFFE0
3FFFF0
7E01F8
7FF9F8
FFF3FC
FFF7FC
FFE7FC
FFEFFC
FFCFFC
FFCFFC
FFCFFC
FFCFFC
7F9FF8
7F9FF8
3FFFF0
1FFFE0
0FFFC0
07FF80
01FE00
ENDCHAR
STARTCHAR uni2791
ENCODING 10129
SWIDTH 1000 0
DWIDTH 24 0
BBX 22 22 1 -2
BITMAP
01FE00
07FF80
0FFFC0
1FFFE0
3F87F0
7F03F8
7E79F8
FE79FC
FE79FC
FF3BFC
FF87FC
FE63FC
FEF9FC
FCFCFC
FCFCFC
7E39F8
7F03F8
3FFFF0
1FFFE0
0FFFC0
07FF80
01FE00
ENDCHAR
STARTCHAR uni2792
ENCODING 10130
SWIDTH 1000 0
DWIDTH 24 0
BBX 22 22 1 -2
BITMAP
01FE00
07FF80
0FFFC0
1FFFE0
3F87F0
7F03F8
7E79F8
FE79FC
FE7CFC
FE7CFC
FE30FC
FF04FC
FFFCFC
FFF9FC
FFF9FC
7E23F8
7F07F8
3FFFF0
1FFFE0
0FFFC0
07FF80
01FE00
ENDCHAR
STARTCHAR uni2793
ENCODING 10131
SWIDTH 1000 0
DWIDTH 24 0
BBX 22 22 1 -2
BITMAP
01FE00
07FF80
0FFFC0
1FFFE0
3FF9F0
70F078
70E678
FCEF3C
FCCF3C
FCCF3C
FCCF3C
FCCF3C
FCCF3C
FCCF3C
FCE67C
7CE278
7CF0F8
3FFFF0
1FFFE0
0FFFC0
07FF80
01FE00
ENDCHAR
STARTCHAR uni27A1
ENCODING 10145
SWIDTH 1000 0
DWIDTH 24 0
BBX 22 16 1 1
BITMAP
000400
000600
000700
000780
FFFFC0
FFFFE0
FFFFF8
FFFFFC
FFFFF8
FFFFF0
FFFFE0
FFFFC0
000780
000700
000600
000400
ENDCHAR
STARTCHAR uni2934
ENCODING 10548
SWIDTH 1000 0
DWIDTH 24 0
BBX 23 22 1 -2
BITMAP
000080
0000C0
0001E0
0003F0
0006D8
001CCE
0008C4
0000C0
0000C0
000080
000080
000180
000180
000300
000300
000600
000C00
001800
007000
03E000
FF0000
F00000
ENDCHAR
STARTCHAR uni2935
ENCODING 10549
SWIDTH 1000 0
DWIDTH 24 0
BBX 23 22 1 -2
BITMAP
FC0000
FF8000
01E000
007800
001C00
000E00
000600
000300
000100
000180
000180
000080
000080
0000C0
0008C4
0018CE
000EDC
0006F8
0003F0
0001E0
0000C0
000080
ENDCHAR
STARTCHAR uni29BF
ENCODING 10687
SWIDTH 1000 0
DWIDTH 24 0
BBX 22 22 1 -2
BITMAP
00FC00
030300
0C00C0
100020
200010
200010
400008
407808
80FC04
81FE04
81FE04
81FE04
81FE04
80FC04
407808
400008
200010
300030
180060
0C00C0
038700
007800
ENDCHAR
STARTCHAR uni29FA
ENCODING 10746
SWIDTH 1000 0
DWIDTH 24 0
BBX 18 18 3 0
BITMAP
061800
061800
061800
061800
061800
061800
061800
061800
FFFFC0
FFFFC0
061800
061800
061800
061800
061800
061800
061800
061800
ENDCHAR
STARTCHAR uni29FB
ENCODING 10747
SWIDTH 1000 0
DWIDTH 24 0
BBX 18 18 3 0
BITMAP
08C400
08C400
08C400
08C400
08C400
08C400
08C400
08C400
FFFFC0
FFFFC0
08C400
08C400
08C400
08C400
08C400
08C400
08C400
08C400
ENDCHAR
STARTCHAR uni2B05
ENCODING 11013
SWIDTH 1000 0
DWIDTH 24 0
BBX 22 16 1 1
BITMAP
008000
018000
038000
078000
0FFFFC
1FFFFC
7FFFFC
FFFFFC
7FFFFC
3FFFFC
1FFFFC
0FFFFC
078000
038000
018000
008000
ENDCHAR
STARTCHAR uni2B06
ENCODING 11014
SWIDTH 1000 0
DWIDTH 24 0
BBX 16 22 4 -2
BITMAP
0180
03C0
03C0
07E0
0FF0
1FF8
3FFC
7FFE
FFFF
0FF0
0FF0
0FF0
0FF0
0FF0
0FF0
0FF0
0FF0
0FF0
0FF0
0FF0
0FF0
0FF0
ENDCHAR
STARTCHAR uni2B07
ENCODING 11015
SWIDTH 1000 0
DWIDTH 24 0
BBX 16 22 4 -2
BITMAP
0FF0
0FF0
0FF0
0FF0
0FF0
0FF0
0FF0
0FF0
0FF0
0FF0
0FF0
0FF0
0FF0
FFFF
7FFE
3FFC
1FF8
0FF0
07E0
03C0
0180
0100
ENDCHAR
STARTCHAR uni2B1A
ENCODING 11034
SWIDTH 1000 0
DWIDTH 24 0
BBX 22 22 1 -2
BITMAP
CCCCCC
800004
000000
000000
800004
800004
000000
000000
800004
800004
000000
000000
800004
800004
000000
000000
800004
800004
000000
000000
800004
CCCCCC
ENDCHAR
STARTCHAR uni2B95
ENCODING 11157
SWIDTH 1000 0
DWIDTH 24 0
BBX 22 16 1 1
BITMAP
000400
000600
000700
000780
FFFFC0
FFFFE0
FFFFF8
FFFFFC
FFFFF8
FFFFF0
FFFFE0
FFFFC0
000780
000700
000600
000400
ENDCHAR
STARTCHAR uni2E3A
ENCODING 11834
SWIDTH 1667 0
DWIDTH 40 0
BBX 38 1 1 6
BITMAP
0000000000
ENDCHAR
STARTCHAR uni2E3B
ENCODING 11835
SWIDTH 2458 0
DWIDTH 59 0
BBX 57 1 1 6
BITMAP
0000000000000000
ENDCHAR
STARTCHAR uni3000
ENCODING 12288
SWIDTH 1000 0
DWIDTH 24 0
BBX 0 0 0 0
BITMAP
ENDCHAR
STARTCHAR uni3001
ENCODING 12289
SWIDTH 1000 0
DWIDTH 24 0
BBX 7 6 1 -1
BITMAP
E0
70
38
1C
0E
06
ENDCHAR
STARTCHAR uni3002
ENCODING 12290
SWIDTH 1000 0
DWIDTH 24 0
BBX 7 7 1 -1
BITMAP
38
6E
C2
82
82
C6
7C
ENDCHAR
STARTCHAR uni3003
ENCODING 12291
SWIDTH 1000 0
DWIDTH 24 0
BBX 14 12 5 3
BITMAP
0810
0E1C
0C38
1830
1830
3860
3060
3060
60C0
60C0
4080
C180
ENDCHAR
STARTCHAR uni3004
ENCODING 12292
SWIDTH 1000 0
DWIDTH 24 0
BBX 22 22 1 -2
BITMAP
01E000
070080
0C00C0
1800E0
3000B0
600098
400088
C0308C
803104
803E04
803004
803004
81F004
C1300C
433008
410008
618018
308030
18C060
0D80C0
070700
001C00
ENDCHAR
STARTCHAR uni3005
ENCODING 12293
SWIDTH 1000 0
DWIDTH 24 0
BBX 18 19 2 0
BITMAP
00C000
00C000
018000
018000
030000
03FFC0
07FFC0
060180
0C0180
0C0300
180300
300600
738E00
E3CC00
00F800
003C00
001E00
000700
000300
ENDCHAR
STARTCHAR uni3006
ENCODING 12294
SWIDTH 1000 0
DWIDTH 24 0
BBX 17 21 4 -2
BITMAP
000100
000380
000700
000600
100C00
3C1800
1E3800
07F000
01E000
00E000
01F800
039C00
030E00
C60700
CC0200
DC0000
F80000
F00000
E00000
E00000
400000
ENDCHAR
STARTCHAR uni3007
ENCODING 12295
SWIDTH 1000 0
DWIDTH 24 0
BBX 22 22 1 -2
BITMAP
00FC00
03FF00
0F03C0
1C00E0
380070
300030
600018
600018
C0000C
C0000C
C0000C
C0000C
C0000C
C0000C
600018
600018
300030
380070
1C00E0
0F03C0
03FF00
007800
ENDCHAR
STARTCHAR uni3008
ENCODING 12296
SWIDTH 1000 0
DWIDTH 24 0
BBX 9 22 14 -2
BITMAP
0180
0300
0600
0600
0C00
0800
1800
3000
3000
6000
C000
4000
6000
3000
3000
1800
0C00
0C00
0600
0300
0300
0180
ENDCHAR
STARTCHAR uni3009
ENCODING 12297
SWIDTH 1000 0
DWIDTH 24 0
BBX 9 22 1 -2
BITMAP
C000
6000
3000
3000
1800
0800
0C00
0600
0600
0300
0180
0100
0300
0600
0600
0C00
1800
1800
3000
6000
6000
C000
ENDCHAR
STARTCHAR uni300A
ENCODING 12298
SWIDTH 1000 0
DWIDTH 24 0
BBX 10 22 13 -2
BITMAP
04C0
0C80
0980
1900
1100
3300
2200
6600
4400
CC00
9800
8800
CC00
4400
6600
2200
3300
1100
1980
0880
0CC0
0440
ENDCHAR
STARTCHAR uni300B
ENCODING 12299
SWIDTH 1000 0
DWIDTH 24 0
BBX 10 22 1 -2
BITMAP
C800
4C00
4400
6600
2200
3300
1100
1980
0880
0CC0
0440
0440
0CC0
0880
1980
1100
3300
2200
6600
4400
CC00
8800
ENDCHAR
STARTCHAR uni300C
ENCODING 12300
SWIDTH 1000 0
DWIDTH 24 0
BBX 7 15 16 5
BITMAP
FE
80
80
80
80
80
80
80
80
80
80
80
80
80
80
ENDCHAR
STARTCHAR uni300D
ENCODING 12301
SWIDTH 1000 0
DWIDTH 24 0
BBX 7 15 1 -2
BITMAP
02
02
02
02
02
02
02
02
02
02
02
02
02
FE
FE
ENDCHAR
STARTCHAR uni300E
ENCODING 12302
SWIDTH 1000 0
DWIDTH 24 0
BBX 9 16 14 4
BITMAP
FF80
8080
8080
8F00
8800
8800
8800
8800
8800
8800
8800
8800
8800
8800
8800
F000
ENDCHAR
STARTCHAR uni300F
ENCODING 12303
SWIDTH 1000 0
DWIDTH 24 0
BBX 9 16 1 -2
BITMAP
0780
0880
0880
0880
0880
0880
0880
0880
0880
0880
0880
0880
F880
8080
8080
FF80
ENDCHAR
STARTCHAR uni3010
ENCODING 12304
SWIDTH 1000 0
DWIDTH 24 0
BBX 7 22 16 -2
BITMAP
FE
FC
F8
F0
F0
E0
E0
E0
E0
C0
C0
C0
E0
E0
E0
E0
E0
F0
F0
F8
FC
FE
ENDCHAR
STARTCHAR uni3011
ENCODING 12305
SWIDTH 1000 0
DWIDTH 24 0
BBX 7 22 1 -2
BITMAP
FE
7E
3E
1E
1E
0E
0E
0E
0E
06
06
06
0E
0E
0E
0E
0E
1E
1E
3E
7E
FE
ENDCHAR
STARTCHAR uni3012
ENCODING 12306
SWIDTH 1000 0
DWIDTH 24 0
BBX 16 17 4 0
BITMAP
FFFF
FFFF
0000
0000
0000
FFFF
FFFF
0180
0180
0180
0180
0180
0180
0180
0180
0180
0180
ENDCHAR
STARTCHAR uni3013
ENCODING 12307
SWIDTH 1000 0
DWIDTH 24 0
BBX 20 19 2 0
BITMAP
FFFFF0
FFFFF0
FFFFF0
FFFFF0
FFFFF0
FFFFF0
FFFFF0
000000
000000
000000
000000
000000
FFFFF0
FFFFF0
FFFFF0
FFFFF0
FFFFF0
FFFFF0
FFFFF0
ENDCHAR
STARTCHAR uni3014
ENCODING 12308
SWIDTH 1000 0
DWIDTH 24 0
BBX 6 23 17 -2
BITMAP
04
0C
38
60
C0
C0
C0
C0
C0
C0
C0
C0
C0
C0
C0
C0
C0
C0
C0
C0
70
38
0C
ENDCHAR
STARTCHAR uni3015
ENCODING 12309
SWIDTH 1000 0
DWIDTH 24 0
BBX 6 23 1 -2
BITMAP
80
C0
70
18
0C
0C
0C
0C
0C
0C
0C
0C
0C
0C
0C
0C
0C
0C
0C
0C
38
70
C0
ENDCHAR
STARTCHAR uni3016
ENCODING 12310
SWIDTH 1000 0
DWIDTH 24 0
BBX 8 22 15 -2
BITMAP
FF
84
88
90
90
A0
A0
C0
C0
C0
C0
C0
C0
C0
C0
A0
A0
90
90
88
84
FF
ENDCHAR
STARTCHAR uni3017
ENCODING 12311
SWIDTH 1000 0
DWIDTH 24 0
BBX 8 22 1 -2
BITMAP
FF
21
11
09
09
05
05
03
03
03
03
03
03
03
05
05
05
09
09
11
21
FF
ENDCHAR
STARTCHAR uni3018
ENCODING 12312
SWIDTH 1000 0
DWIDTH 24 0
BBX 8 24 16 -3
BITMAP
04
1C
22
C3
8C
90
90
90
90
90
90
90
90
90
90
90
90
90
90
8C
C3
32
0C
04
ENDCHAR
STARTCHAR uni3019
ENCODING 12313
SWIDTH 1000 0
DWIDTH 24 0
BBX 8 24 0 -3
BITMAP
20
38
44
C3
31
09
09
09
09
09
09
09
09
09
09
09
09
09
09
31
C3
4C
30
20
ENDCHAR
STARTCHAR uni301A
ENCODING 12314
SWIDTH 1000 0
DWIDTH 24 0
BBX 6 22 17 -2
BITMAP
FC
90
90
90
90
90
90
90
90
90
90
90
90
90
90
90
90
90
90
90
90
FC
ENDCHAR
STARTCHAR uni301B
ENCODING 12315
SWIDTH 1000 0
DWIDTH 24 0
BBX 6 22 1 -2
BITMAP
FC
24
24
24
24
24
24
24
24
24
24
24
24
24
24
24
24
24
24
24
24
FC
ENDCHAR
STARTCHAR uni301C
ENCODING 12316
SWIDTH 1000 0
DWIDTH 24 0
BBX 22 6 1 6
BITMAP
1FC000
3FE008
70701C
E03838
401FF0
0007C0
ENDCHAR
STARTCHAR uni301D
ENCODING 12317
SWIDTH 1000 0
DWIDTH 24 0
BBX 7 9 16 11
BITMAP
40
F0
38
0E
42
E0
78
1C
06
ENDCHAR
STARTCHAR uni301E
ENCODING 12318
SWIDTH 1000 0
DWIDTH 24 0
BBX 7 9 1 11
BITMAP
04
1E
38
E0
84
0E
3C
70
C0
ENDCHAR
STARTCHAR uni301F
ENCODING 12319
SWIDTH 1000 0
DWIDTH 24 0
BBX 7 9 1 -2
BITMAP
E0
70
1C
0E
44
E0
38
0E
04
ENDCHAR
STARTCHAR uni3020
ENCODING 12320
SWIDTH 1000 0
DWIDTH 24 0
BBX 22 17 1 0
BITMAP
1FFFE0
1FFFE0
000000
1FFFE0
1FFFE0
003000
6E31D8
9F33E4
893244
893244
463188
200010
220110
118620
087840
070380
00FC00
ENDCHAR
STARTCHAR uni3021
ENCODING 12321
SWIDTH 1000 0
DWIDTH 24 0
BBX 2 20 11 -1
BITMAP
C0
C0
C0
C0
C0
C0
C0
C0
C0
C0
C0
C0
C0
C0
C0
C0
C0
C0
C0
C0
ENDCHAR
STARTCHAR uni3022
ENCODING 12322
SWIDTH 1000 0
DWIDTH 24 0
BBX 8 20 8 -1
BITMAP
03
03
C3
C3
C3
C3
C3
C3
C3
C3
C3
C3
C3
C3
C3
C3
C3
03
03
03
ENDCHAR
STARTCHAR uni3023
ENCODING 12323
SWIDTH 1000 0
DWIDTH 24 0
BBX 15 20 5 -1
BITMAP
0006
C006
C006
C306
C306
C306
C306
C306
C306
C306
C306
C306
C306
C306
C306
C306
C006
C006
0006
0006
ENDCHAR
STARTCHAR uni3024
ENCODING 12324
SWIDTH 1000 0
DWIDTH 24 0
BBX 18 18 3 0
BITMAP
000380
100300
3C0300
0E0600
070600
038600
01CC00
00FC00
007800
003800
007C00
00EE00
01C600
038300
070380
1E01C0
F800C0
E00080
ENDCHAR
STARTCHAR uni3025
ENCODING 12325
SWIDTH 1000 0
DWIDTH 24 0
BBX 12 20 6 -1
BITMAP
1000
3880
31C0
70E0
6060
6060
C060
F8C0
1F80
0F00
39C0
6060
C020
C030
C030
C030
6060
70E0
3FC0
0F00
ENDCHAR
STARTCHAR uni3026
ENCODING 12326
SWIDTH 1000 0
DWIDTH 24 0
BBX 20 7 2 11
BITMAP
006000
006000
006000
006000
000000
FFFFF0
FFFFF0
ENDCHAR
STARTCHAR uni3027
ENCODING 12327
SWIDTH 1000 0
DWIDTH 24 0
BBX 20 15 2 4
BITMAP
006000
006000
006000
006000
006000
000000
FFFFF0
FFFFF0
000000
000000
000000
000000
000000
1FFF80
1FFF80
ENDCHAR
STARTCHAR uni3028
ENCODING 12328
SWIDTH 1000 0
DWIDTH 24 0
BBX 20 19 2 0
BITMAP
006000
006000
006000
006000
000000
FFFFF0
FFFFF0
000000
000000
000000
000000
1FFF80
1FFF80
000000
000000
000000
000000
FFFFF0
FFFFF0
ENDCHAR
STARTCHAR uni3029
ENCODING 12329
SWIDTH 1000 0
DWIDTH 24 0
BBX 20 21 2 -1
BITMAP
006000
006000
006000
006000
3FFF80
3FFF80
000180
000180
380300
180300
0C0600
060C00
039C00
01F800
00F000
00F800
03DC00
0F0F00
3E03C0
F800F0
400020
ENDCHAR
STARTCHAR uni302A
ENCODING 12330
SWIDTH 0 0
DWIDTH 0 0
BBX 4 4 -24 -7
BITMAP
70
90
90
F0
ENDCHAR
STARTCHAR uni302B
ENCODING 12331
SWIDTH 0 0
DWIDTH 0 0
BBX 4 5 -24 21
BITMAP
20
F0
90
90
60
ENDCHAR
STARTCHAR uni302C
ENCODING 12332
SWIDTH 0 0
DWIDTH 0 0
BBX 4 5 -4 21
BITMAP
40
F0
90
90
60
ENDCHAR
STARTCHAR uni302D
ENCODING 12333
SWIDTH 0 0
DWIDTH 0 0
BBX 4 4 -4 -7
BITMAP
E0
90
90
F0
ENDCHAR
STARTCHAR uni302E
ENCODING 12334
SWIDTH 250 0
DWIDTH 6 0
BBX 4 4 1 7
BITMAP
60
F0
F0
60
ENDCHAR
STARTCHAR uni302F
ENCODING 12335
SWIDTH 250 0
DWIDTH 6 0
BBX 4 8 1 5
BITMAP
F0
F0
60
00
00
70
F0
60
ENDCHAR
STARTCHAR uni3030
ENCODING 12336
SWIDTH 1000 0
DWIDTH 24 0
BBX 24 6 0 6
BITMAP
C03C03
606606
30C30C
30C30C
198198
0F00F0
ENDCHAR
STARTCHAR uni3031
ENCODING 12337
SWIDTH 1000 0
DWIDTH 24 0
BBX 14 45 4 -13
BITMAP
0020
0038
0070
0060
00E0
00C0
01C0
0180
0380
0300
0700
0600
0C00
0C00
1800
1800
3000
3000
6000
6000
6000
4000
6000
6000
6000
3000
3800
1800
1C00
0C00
0600
0600
0300
0380
0180
01C0
00C0
00E0
0060
0070
0030
0038
0018
001C
000C
ENDCHAR
STARTCHAR uni3032
ENCODING 12338
SWIDTH 1000 0
DWIDTH 24 0
BBX 17 45 4 -13
BITMAP
002000
003800
007000
006000
00E000
00C000
01C000
018000
038000
030200
071600
063300
0C1980
0C1800
180800
180000
300000
300000
600000
600000
600000
400000
600000
600000
600000
300000
380000
180000
1C0000
0C0000
060000
060000
030000
038000
018000
01C000
00C000
00E000
006000
007000
003000
003800
001800
001C00
000C00
ENDCHAR
STARTCHAR uni3033
ENCODING 12339
SWIDTH 1000 0
DWIDTH 24 0
BBX 13 23 4 -3
BITMAP
0020
0038
0070
0060
00E0
00C0
01C0
0180
0380
0300
0700
0600
0C00
0C00
1800
1800
3000
3000
6000
6000
6000
4000
6000
ENDCHAR
STARTCHAR uni3034
ENCODING 12340
SWIDTH 1000 0
DWIDTH 24 0
BBX 17 23 4 -3
BITMAP
002000
003800
007000
006000
00E000
00C000
01C000
018000
038000
030200
071600
063300
0C1980
0C1800
180800
180000
300000
300000
600000
600000
600000
400000
600000
ENDCHAR
STARTCHAR uni3035
ENCODING 12341
SWIDTH 1000 0
DWIDTH 24 0
BBX 13 22 5 -1
BITMAP
C000
C000
6000
7000
3000
3800
1800
0C00
0C00
0600
0700
0300
0380
0180
01C0
00C0
00E0
0060
0070
0030
0038
0018
ENDCHAR
STARTCHAR uni3036
ENCODING 12342
SWIDTH 1000 0
DWIDTH 24 0
BBX 22 22 1 -2
BITMAP
01FE00
060180
080040
100020
200010
400008
4FFFC8
800004
800004
8FFFC4
8FFFC4
803004
803004
803004
803004
403008
403008
203010
103020
080040
070380
00FC00
ENDCHAR
STARTCHAR uni3037
ENCODING 12343
SWIDTH 1000 0
DWIDTH 24 0
BBX 22 22 1 -2
BITMAP
00800C
C0CC18
608C18
618618
318630
310330
1B0330
1B01E0
0A01E0
0E00C0
0600C0
0E00C0
0E00E0
0A01E0
1B01A0
1B0330
318330
318618
608618
E0CC0C
C0DC0C
404808
ENDCHAR
STARTCHAR uni3038
ENCODING 12344
SWIDTH 1000 0
DWIDTH 24 0
BBX 20 21 2 -2
BITMAP
006000
006000
006000
006000
006000
006000
FFFFF0
FFFFF0
006000
006000
006000
006000
006000
006000
006000
006000
006000
006000
006000
006000
006000
ENDCHAR
STARTCHAR uni3039
ENCODING 12345
SWIDTH 1000 0
DWIDTH 24 0
BBX 20 22 2 -2
BITMAP
030400
030400
030400
030400
030400
030400
030400
FFFFF0
FFFFF0
030400
030400
030400
030400
030400
030400
030400
030400
030400
030400
030400
030400
030400
ENDCHAR
STARTCHAR uni303A
ENCODING 12346
SWIDTH 1000 0
DWIDTH 24 0
BBX 20 22 2 -2
BITMAP
0C0180
0C6180
0C6180
0C6180
0C6180
0C6180
0C6180
FFFFF0
FFFFF0
0C6180
0C6180
086180
186180
186180
186180
186180
186180
306180
306180
606180
E00180
400180
ENDCHAR
STARTCHAR uni303B
ENCODING 12347
SWIDTH 1000 0
DWIDTH 24 0
BBX 12 22 6 -2
BITMAP
2000
6000
3000
1800
1C00
0E00
0780
01E0
07E0
5E00
F000
6000
7000
3800
1C00
0E00
03C0
01F0
07E0
1E00
3800
2000
ENDCHAR
STARTCHAR uni303C
ENCODING 12348
SWIDTH 1000 0
DWIDTH 24 0
BBX 18 18 3 0
BITMAP
FFFFC0
8000C0
800140
800240
800440
800840
801040
802040
804040
808040
810040
820040
840040
880040
900040
A00040
C00040
FFFFC0
ENDCHAR
STARTCHAR uni303D
ENCODING 12349
SWIDTH 1000 0
DWIDTH 24 0
BBX 20 16 2 1
BITMAP
086000
349000
430800
C00800
000800
000400
000400
000200
000200
000100
000180
000080
000040
000060
000020
000010
ENDCHAR
STARTCHAR uni303E
ENCODING 12350
SWIDTH 1000 0
DWIDTH 24 0
BBX 22 22 1 -2
BITMAP
CCCCCC
800004
000000
000000
800004
800104
01E300
021E00
800004
800804
001000
03FF00
801004
83FF04
002000
004000
804004
800004
000000
000000
800004
CCCCCC
ENDCHAR
STARTCHAR uni303F
ENCODING 12351
SWIDTH 1000 0
DWIDTH 24 0
BBX 12 19 6 0
BITMAP
FFF0
8010
A050
A050
A050
9090
8910
8910
8610
8610
8610
8610
8910
9090
9090
A050
A050
8010
FFF0
ENDCHAR
STARTCHAR uni3041
ENCODING 12353
SWIDTH 1000 0
DWIDTH 24 0
BBX 16 17 4 -1
BITMAP
0300
0200
42FC
7FF8
0600
0618
07F8
0F3E
1E23
3663
6641
46C1
C383
C303
FF0E
7B3C
0070
ENDCHAR
STARTCHAR uni3042
ENCODING 12354
SWIDTH 1000 0
DWIDTH 24 0
BBX 19 20 3 -1
BITMAP
030000
030000
830F00
7FFF00
7F0000
020800
020C00
03FE00
07CF80
1E19C0
3A18C0
623060
626060
C26060
C3C060
8380C0
C701C0
FF0380
799F00
003C00
ENDCHAR
STARTCHAR uni3043
ENCODING 12355
SWIDTH 1000 0
DWIDTH 24 0
BBX 16 15 4 -1
BITMAP
C000
4018
400C
400C
4006
4006
4003
6003
6103
6183
6183
3302
3F00
1E00
0C00
ENDCHAR
STARTCHAR uni3044
ENCODING 12356
SWIDTH 1000 0
DWIDTH 24 0
BBX 19 17 3 0
BITMAP
C00000
C00600
C00300
C00300
C00180
C00180
C000C0
C000C0
C000C0
4000E0
608060
60C060
60C060
718040
338000
1F0000
0E0000
ENDCHAR
STARTCHAR uni3045
ENCODING 12357
SWIDTH 1000 0
DWIDTH 24 0
BBX 13 16 6 -1
BITMAP
3F80
1FE0
0000
0000
0780
FFE0
F070
8030
0018
0018
0030
0030
0060
01E0
0F80
1E00
ENDCHAR
STARTCHAR uni3046
ENCODING 12358
SWIDTH 1000 0
DWIDTH 24 0
BBX 15 20 4 -1
BITMAP
1800
1FF8
03F8
0000
0000
0000
0FF8
FFFC
F00E
8006
0006
0006
0006
0006
000E
001C
0038
01F0
1FC0
0E00
ENDCHAR
STARTCHAR uni3047
ENCODING 12359
SWIDTH 1000 0
DWIDTH 24 0
BBX 16 16 4 -1
BITMAP
0F80
07F0
0000
0000
0010
3FF8
3C60
00C0
0180
0300
07C0
0EC0
1860
3860
707F
E03F
ENDCHAR
STARTCHAR uni3048
ENCODING 12360
SWIDTH 1000 0
DWIDTH 24 0
BBX 19 20 3 -1
BITMAP
0E0000
0FFC00
007C00
000000
000000
000000
4FFC00
7FFC00
403800
006000
00C000
018000
03C000
07E000
0E7000
1C3000
383000
703800
E01FE0
400FE0
ENDCHAR
STARTCHAR uni3049
ENCODING 12361
SWIDTH 1000 0
DWIDTH 24 0
BBX 17 16 4 -1
BITMAP
0C0000
040000
042C00
FFC700
FF0380
040080
0C0000
0CF800
0FFC00
1C0600
740300
640300
C40200
C40600
7CFC00
3CF800
ENDCHAR
STARTCHAR uni304A
ENCODING 12362
SWIDTH 1000 0
DWIDTH 24 0
BBX 20 20 3 -1
BITMAP
060000
060000
060200
063700
FFF3C0
FF80E0
060030
060020
060000
06FE00
07FF00
1E0180
3600C0
E600C0
C600C0
8601C0
C60380
E60F00
7C7E00
1C3000
ENDCHAR
STARTCHAR uni304B
ENCODING 12363
SWIDTH 1000 0
DWIDTH 24 0
BBX 21 20 2 -1
BITMAP
038000
030000
030000
030180
0300C0
1FF8C0
FFFC60
860C60
060C30
040C30
0C0C18
0C0C18
0C0C00
180C00
180C00
300C00
301800
623800
E3F000
41E000
ENDCHAR
STARTCHAR uni304C
ENCODING 12364
SWIDTH 1000 0
DWIDTH 24 0
BBX 21 21 2 -1
BITMAP
000030
030198
0300C8
030068
030080
020180
0FF0C0
FFF8C0
860C60
040C60
0C0C30
0C0C30
0C0C18
180C10
180C00
300800
301800
701800
643800
E3F000
41E000
ENDCHAR
STARTCHAR uni304D
ENCODING 12365
SWIDTH 1000 0
DWIDTH 24 0
BBX 17 20 4 -1
BITMAP
01C000
00C000
00DE00
FFFE00
1F6000
006000
006080
803F80
FFFE00
001000
001800
000C00
606C00
607E00
400400
400000
600000
700000
3FFC00
1FFC00
ENDCHAR
STARTCHAR uni304E
ENCODING 12366
SWIDTH 1000 0
DWIDTH 24 0
BBX 20 21 3 -1
BITMAP
000040
01C360
00C130
00CFA0
FFFE80
3FE000
006000
006080
003F80
FFFF00
1F1000
001800
000C00
404C00
607E00
400400
400000
600000
600000
3FFC00
1FFC00
ENDCHAR
STARTCHAR uni304F
ENCODING 12367
SWIDTH 1000 0
DWIDTH 24 0
BBX 12 21 5 -2
BITMAP
0020
0070
00C0
0380
0700
0E00
1C00
3000
6000
C000
E000
7000
3800
1C00
0E00
0780
01C0
00E0
0070
0030
0020
ENDCHAR
STARTCHAR uni3050
ENCODING 12368
SWIDTH 1000 0
DWIDTH 24 0
BBX 16 21 4 -2
BITMAP
0030
0078
00E0
01C0
0384
0616
1C33
381B
7008
6000
6000
3000
1C00
0E00
0700
0380
01C0
00F0
0078
0038
0010
ENDCHAR
STARTCHAR uni3051
ENCODING 12369
SWIDTH 1000 0
DWIDTH 24 0
BBX 19 20 3 -1
BITMAP
400600
600600
600600
400600
C00600
C38FE0
C3FFE0
C00600
C00600
C00600
C00600
D00600
D00600
D00600
F00600
E00E00
E00C00
601800
607800
00F000
ENDCHAR
STARTCHAR uni3052
ENCODING 12370
SWIDTH 1000 0
DWIDTH 24 0
BBX 21 22 3 -2
BITMAP
000020
0001B0
600690
C006D8
C00640
C00600
C00660
C3FFE0
C3FE00
C00600
800600
800600
800600
900600
B00600
E00C00
E00C00
E00C00
E01800
403000
60E000
004000
ENDCHAR
STARTCHAR uni3053
ENCODING 12371
SWIDTH 1000 0
DWIDTH 24 0
BBX 16 18 4 -1
BITMAP
3FFC
3FFC
0000
0000
0000
0000
0000
0000
0000
2000
C000
C000
C000
C000
E000
7C1F
3FFF
03E0
ENDCHAR
STARTCHAR uni3054
ENCODING 12372
SWIDTH 1000 0
DWIDTH 24 0
BBX 19 21 4 -1
BITMAP
0000C0
000640
000360
4005A0
7FFD00
1FF000
000000
000000
000000
000000
000000
000000
000000
C00000
C00000
C00000
C00000
C00000
F00700
7FFF00
0FF800
ENDCHAR
STARTCHAR uni3055
ENCODING 12373
SWIDTH 1000 0
DWIDTH 24 0
BBX 17 20 4 -1
BITMAP
00C000
00C000
006000
006380
FFFF80
FFF800
003000
001800
001800
000C00
000C00
607E00
607E00
600000
C00000
C00000
600000
700000
3FFC00
0FFC00
ENDCHAR
STARTCHAR uni3056
ENCODING 12374
SWIDTH 1000 0
DWIDTH 24 0
BBX 19 22 4 -1
BITMAP
000040
0006C0
00C260
00C320
00C180
006300
FFFF00
FFF800
003000
003000
001800
001800
000C00
407E00
60FE00
C00000
C00000
C00000
C00000
700000
3FFC00
1FFC00
ENDCHAR
STARTCHAR uni3057
ENCODING 12375
SWIDTH 1000 0
DWIDTH 24 0
BBX 16 20 6 -1
BITMAP
C000
C000
C000
C000
C000
C000
C000
C000
C000
C000
C000
C000
C000
C002
C007
C00E
C01C
E078
7FF0
3FC0
ENDCHAR
STARTCHAR uni3058
ENCODING 12376
SWIDTH 1000 0
DWIDTH 24 0
BBX 16 20 5 -1
BITMAP
E000
6018
604C
60CC
6066
6024
6030
4000
4000
C000
C000
C000
C000
C002
C003
C007
E00E
603C
7FF8
3FE0
ENDCHAR
STARTCHAR uni3059
ENCODING 12377
SWIDTH 1000 0
DWIDTH 24 0
BBX 20 20 2 -1
BITMAP
001800
001800
001800
FFFFF0
FFFFF0
001800
001800
01F800
03F800
031800
060C00
060C00
071C00
03FC00
01F800
001800
003000
00F000
07C000
038000
ENDCHAR
STARTCHAR uni305A
ENCODING 12378
SWIDTH 1000 0
DWIDTH 24 0
BBX 20 22 2 -2
BITMAP
000060
003320
0031B0
003090
1FFFF0
FFFFF0
003000
003000
01F000
03F000
063800
041800
041800
061800
073800
03F800
003000
007000
00E000
03C000
0F0000
040000
ENDCHAR
STARTCHAR uni305B
ENCODING 12379
SWIDTH 1000 0
DWIDTH 24 0
BBX 21 19 1 0
BITMAP
000180
060180
060180
060180
060180
0601B8
07FFF8
FFFD80
F60180
060100
060100
060100
061F00
060E00
060000
060000
030000
03C3E0
01FFC0
ENDCHAR
STARTCHAR uni305C
ENCODING 12380
SWIDTH 1000 0
DWIDTH 24 0
BBX 22 20 1 -1
BITMAP
000008
000368
060324
060334
060320
060300
063FF8
FFFFF8
FE0300
060300
060300
060300
061F00
061E00
060000
060000
060000
070040
03FFC0
00FF80
ENDCHAR
STARTCHAR uni305D
ENCODING 12381
SWIDTH 1000 0
DWIDTH 24 0
BBX 19 19 2 -1
BITMAP
0FFF00
0FFE00
001C00
003800
007000
00C000
018000
073FE0
FFFFE0
7C6000
00C000
018000
010000
030000
010000
018000
01C000
00FF00
003F00
ENDCHAR
STARTCHAR uni305E
ENCODING 12382
SWIDTH 1000 0
DWIDTH 24 0
BBX 20 19 2 -1
BITMAP
0FFE00
0FFE00
001860
003320
00E1B0
01C080
030000
067FC0
FFFFC0
FCC000
018000
030000
030000
030000
030000
030000
01C000
00FE00
003E00
ENDCHAR
STARTCHAR uni305F
ENCODING 12383
SWIDTH 1000 0
DWIDTH 24 0
BBX 20 20 2 -1
BITMAP
038000
030000
030000
033000
FFF000
FF8000
060000
061FE0
061FE0
060000
0C0000
0C0000
0C0000
182000
186000
186000
306000
303830
701FF0
200000
ENDCHAR
STARTCHAR uni3060
ENCODING 12384
SWIDTH 1000 0
DWIDTH 24 0
BBX 21 20 2 -1
BITMAP
030020
030130
060190
0610D8
FFF040
FFC000
060000
0C0000
0C3FE0
0C2020
0C0000
180000
180000
186000
304000
304000
304000
606000
607FE0
E01FE0
ENDCHAR
STARTCHAR uni3061
ENCODING 12385
SWIDTH 1000 0
DWIDTH 24 0
BBX 17 20 3 -1
BITMAP
060000
060000
060100
C4FF00
FFFE00
0C0000
0C0000
0C0000
080000
18FE00
1FFF00
1E0380
380180
300180
100180
000180
000380
080F00
07FE00
07F000
ENDCHAR
STARTCHAR uni3062
ENCODING 12386
SWIDTH 1000 0
DWIDTH 24 0
BBX 21 21 2 -1
BITMAP
000030
060190
0600D8
060050
060F40
FFFF00
7F0000
0C0000
0C0000
0C0000
087C00
1BFF00
1F0380
1C0180
3000C0
1000C0
000180
000180
000700
07FE00
07F800
ENDCHAR
STARTCHAR uni3063
ENCODING 12387
SWIDTH 1000 0
DWIDTH 24 0
BBX 16 13 4 -1
BITMAP
03FC
1FFE
FC07
E003
0003
0003
0003
0003
0006
001E
01F8
07E0
0400
ENDCHAR
STARTCHAR uni3064
ENCODING 12388
SWIDTH 1000 0
DWIDTH 24 0
BBX 20 16 2 0
BITMAP
001C00
03FF80
1FC1C0
FC00E0
E00060
800030
000030
000030
000070
000060
0000E0
0001C0
000780
00FE00
03F800
018000
ENDCHAR
STARTCHAR uni3065
ENCODING 12389
SWIDTH 1000 0
DWIDTH 24 0
BBX 22 20 1 0
BITMAP
000010
000098
0000C8
00006C
000020
007F80
07FFC0
BF0060
780030
600030
000030
000030
000030
000030
000070
0000E0
0001C0
000F80
03FE00
01F000
ENDCHAR
STARTCHAR uni3066
ENCODING 12390
SWIDTH 1000 0
DWIDTH 24 0
BBX 19 18 2 -1
BITMAP
01FFE0
FFFF00
F83800
007000
006000
00C000
00C000
018000
018000
018000
018000
018000
00C000
00E000
007000
003E00
001F80
000380
ENDCHAR
STARTCHAR uni3067
ENCODING 12391
SWIDTH 1000 0
DWIDTH 24 0
BBX 20 18 2 -1
BITMAP
00FFE0
FFFFE0
FC3800
007000
006060
00C320
00C190
0180C0
018000
018000
018000
018000
01C000
00C000
00F000
007C00
001F80
000380
ENDCHAR
STARTCHAR uni3068
ENCODING 12392
SWIDTH 1000 0
DWIDTH 24 0
BBX 15 20 5 -1
BITMAP
2000
E000
6000
3004
301E
3878
19E0
1F80
0E00
1C00
3000
6000
C000
C000
C000
C000
E000
780E
3FFE
07F0
ENDCHAR
STARTCHAR uni3069
ENCODING 12393
SWIDTH 1000 0
DWIDTH 24 0
BBX 19 21 4 -1
BITMAP
000040
0002C0
600660
600320
300180
300C00
183C00
18F000
0FC000
0F0000
1C0000
380000
700000
600000
C00000
C00000
C00000
E00000
700300
3FFF00
0FFE00
ENDCHAR
STARTCHAR uni306A
ENCODING 12394
SWIDTH 1000 0
DWIDTH 24 0
BBX 20 20 2 -1
BITMAP
018000
010000
030000
037200
FFF380
FE01E0
060070
060410
0C0400
0C0400
180400
380600
300600
60FE00
E1FF00
2307C0
0306F0
030660
03FC20
01F800
ENDCHAR
STARTCHAR uni306B
ENCODING 12395
SWIDTH 1000 0
DWIDTH 24 0
BBX 19 19 3 -1
BITMAP
600000
600000
60FFC0
60FFC0
400000
C00000
C00000
C00000
C00000
C00000
C00000
D10000
D18000
F18000
E18000
E1C020
E0FFE0
603FC0
600000
ENDCHAR
STARTCHAR uni306C
ENCODING 12396
SWIDTH 1000 0
DWIDTH 24 0
BBX 21 19 2 0
BITMAP
003000
003000
203000
603000
31FF00
37A380
3E60C0
186060
386060
786060
6CC060
CCC060
C78060
C78F60
C33BE0
C730F0
CE20F8
FC3198
301F08
ENDCHAR
STARTCHAR uni306D
ENCODING 12397
SWIDTH 1000 0
DWIDTH 24 0
BBX 22 20 1 -1
BITMAP
030000
030000
030000
030300
7F9FC0
7F38E0
02E060
03C030
070030
060030
0E0030
1E0030
1E0030
361FF0
661870
E63078
46306C
061DC4
060F80
060000
ENDCHAR
STARTCHAR uni306E
ENCODING 12398
SWIDTH 1000 0
DWIDTH 24 0
BBX 20 18 2 -1
BITMAP
01FE00
07FF00
1C6180
3860C0
306060
606060
606030
C0C030
C0C030
C0C030
C18030
C18060
630060
7700C0
3E01C0
1C0F80
003E00
001000
ENDCHAR
STARTCHAR uni306F
ENCODING 12399
SWIDTH 1000 0
DWIDTH 24 0
BBX 20 20 3 -1
BITMAP
400000
600600
600600
400600
400620
C1FFE0
C1FF00
C00600
C00600
C00600
C00600
C00600
D00600
F0FE00
E18780
E307E0
E30670
C38E20
C1FC00
407800
ENDCHAR
STARTCHAR uni3070
ENCODING 12400
SWIDTH 1000 0
DWIDTH 24 0
BBX 21 21 2 -1
BITMAP
000010
1000D0
600648
600668
600640
600600
61FFE0
41FFE0
400600
C00600
C00600
C00600
C00200
D80200
D07E00
D1CF80
F103E0
E30370
618630
61FE00
60FC00
ENDCHAR
STARTCHAR uni3071
ENCODING 12401
SWIDTH 1000 0
DWIDTH 24 0
BBX 21 21 2 -1
BITMAP
000078
100048
600688
600648
600630
600600
61FFE0
41FFE0
400600
C00600
C00600
C00600
C00200
D80200
D07E00
D1CF80
F103E0
E30370
618630
61FE00
60FC00
ENDCHAR
STARTCHAR uni3072
ENCODING 12402
SWIDTH 1000 0
DWIDTH 24 0
BBX 20 19 3 -1
BITMAP
008200
3F8600
FF0600
860600
0C0300
180300
100380
300380
2002C0
6002E0
600270
600620
600600
600600
600C00
600C00
303800
3FF000
0FE000
ENDCHAR
STARTCHAR uni3073
ENCODING 12403
SWIDTH 1000 0
DWIDTH 24 0
BBX 21 22 2 -2
BITMAP
000010
000090
0000D8
078648
FFC360
E70300
060300
0C0380
180380
1803C0
3003C0
300360
200370
600330
600320
600200
600600
300E00
301C00
1E7800
0FF000
018000
ENDCHAR
STARTCHAR uni3074
ENCODING 12404
SWIDTH 1000 0
DWIDTH 24 0
BBX 22 22 2 -2
BITMAP
000030
000078
000088
07868C
FFC378
E70330
060300
0C0380
180380
1803C0
3003C0
300360
200370
600330
600320
600200
600600
300E00
301C00
1E7800
0FF000
018000
ENDCHAR
STARTCHAR uni3075
ENCODING 12405
SWIDTH 1000 0
DWIDTH 24 0
BBX 22 20 1 -1
BITMAP
008000
00E000
007800
001E00
000600
001C00
000800
000000
00C000
006000
0030C0
003860
021C30
060C30
1C0E18
380618
70060C
E20E0C
01FC00
00F000
ENDCHAR
STARTCHAR uni3076
ENCODING 12406
SWIDTH 1000 0
DWIDTH 24 0
BBX 23 19 0 -1
BITMAP
00E000
007808
001E6C
000726
000E32
000C10
000000
00C000
006000
003060
001860
020C30
070C18
0E0618
1C060C
78060C
E0060E
41FE00
01F800
ENDCHAR
STARTCHAR uni3077
ENCODING 12407
SWIDTH 1000 0
DWIDTH 24 0
BBX 23 19 0 -1
BITMAP
00E000
00783C
001E22
000722
000E22
000C3C
000000
00C000
006000
003060
001860
020C30
070C18
0E0618
1C060C
78060C
E0060E
41FE00
01F800
ENDCHAR
STARTCHAR uni3078
ENCODING 12408
SWIDTH 1000 0
DWIDTH 24 0
BBX 22 14 1 1
BITMAP
01E000
03F000
033800
061800
0E0C00
1C0E00
380700
700380
E001C0
6000E0
000070
000038
00001C
000008
ENDCHAR
STARTCHAR uni3079
ENCODING 12409
SWIDTH 1000 0
DWIDTH 24 0
BBX 22 17 1 0
BITMAP
000060
000330
00C198
01E098
0370C0
063800
0E1C00
1C0C00
180600
300300
F00380
6001C0
4000E0
000070
00003C
000018
000008
ENDCHAR
STARTCHAR uni307A
ENCODING 12410
SWIDTH 1000 0
DWIDTH 24 0
BBX 22 17 1 0
BITMAP
0000E0
000110
00C118
01E110
0371B0
0638E0
0E1C00
1C0C00
180600
300300
F00380
6001C0
4000E0
000070
00003C
000018
000008
ENDCHAR
STARTCHAR uni307B
ENCODING 12411
SWIDTH 1000 0
DWIDTH 24 0
BBX 20 19 3 -1
BITMAP
600020
61FFC0
40FC00
C00400
C00400
C00400
C1FFE0
C1FFE0
C00400
C00400
C00400
D00600
F0FE00
E1CF80
E307C0
E30670
E38E20
C1FC00
403000
ENDCHAR
STARTCHAR uni307C
ENCODING 12412
SWIDTH 1000 0
DWIDTH 24 0
BBX 22 21 2 -1
BITMAP
000010
0000D8
600048
60FFEC
60FFE0
600600
600600
400600
C00620
C1FFE0
C0FE00
C00600
C00600
D00600
D07E00
D1FF00
F187C0
E306E0
E18630
61FE20
607800
ENDCHAR
STARTCHAR uni307D
ENCODING 12413
SWIDTH 1000 0
DWIDTH 24 0
BBX 22 22 2 -1
BITMAP
000030
000068
000044
600044
60FFF8
60FFC0
600600
600600
400600
C00620
C1FFE0
C0FE00
C00600
C00600
D00600
D07E00
D1FF00
F187C0
E306E0
E18630
61FE20
607800
ENDCHAR
STARTCHAR uni307E
ENCODING 12414
SWIDTH 1000 0
DWIDTH 24 0
BBX 17 20 4 -1
BITMAP
00C000
00C000
00C100
7FFF00
3FF000
00C000
00C000
00C100
FFFF00
7FF800
00C000
00C000
00C000
1FC000
7BF800
60DC00
C0C700
E0C380
7F8100
3F0000
ENDCHAR
STARTCHAR uni307F
ENCODING 12415
SWIDTH 1000 0
DWIDTH 24 0
BBX 21 19 2 -1
BITMAP
1FF000
1FF800
003000
002000
006000
006080
00C0C0
01C0C0
1FFCC0
399FC0
6303C0
C300F0
C601B8
860190
CC0300
FC0700
780E00
001C00
007800
ENDCHAR
STARTCHAR uni3080
ENCODING 12416
SWIDTH 1000 0
DWIDTH 24 0
BBX 20 20 2 -1
BITMAP
060000
060000
061100
FFE380
FFC1C0
0600E0
060070
0E0020
3E0000
660000
420000
C20000
C60100
4600C0
7C00C0
3C00C0
0C00C0
0C01C0
07FF80
03FE00
ENDCHAR
STARTCHAR uni3081
ENCODING 12417
SWIDTH 1000 0
DWIDTH 24 0
BBX 20 20 2 -1
BITMAP
000C00
080C00
300C00
180800
19FE00
1FFF80
0E19C0
1C30E0
3C3060
662030
666030
C36030
C3C030
C18030
C1C060
C3E0E0
7E41C0
7C0380
003F00
001C00
ENDCHAR
STARTCHAR uni3082
ENCODING 12418
SWIDTH 1000 0
DWIDTH 24 0
BBX 19 20 2 -1
BITMAP
038000
030000
030000
430000
7FF800
1FF800
030000
030000
020000
820380
FFF8C0
3FF8C0
060060
060060
060060
060060
0600C0
0301C0
03FF80
00FE00
ENDCHAR
STARTCHAR uni3083
ENCODING 12419
SWIDTH 1000 0
DWIDTH 24 0
BBX 17 17 3 -2
BITMAP
018000
00C000
306000
187E00
19FF00
0F0180
3C0180
F60180
C60180
027F00
033E00
030000
018000
018000
018000
00C000
008000
ENDCHAR
STARTCHAR uni3084
ENCODING 12420
SWIDTH 1000 0
DWIDTH 24 0
BBX 21 20 1 -1
BITMAP
006000
003000
181C00
1C0900
0C1FE0
06F870
07C018
0F0018
FF0018
738018
418830
018FF0
00C7C0
00C000
00C000
006000
006000
007000
003000
003000
ENDCHAR
STARTCHAR uni3085
ENCODING 12421
SWIDTH 1000 0
DWIDTH 24 0
BBX 16 17 5 -2
BITMAP
0180
C080
C0C0
C3F8
CECC
D8C6
B0C2
A0C3
C0C3
C8C2
CCC6
CE8E
C7FC
81F0
0300
0700
0C00
ENDCHAR
STARTCHAR uni3086
ENCODING 12422
SWIDTH 1000 0
DWIDTH 24 0
BBX 19 21 3 -2
BITMAP
006000
002000
603000
407C00
41FF00
C73180
CC30C0
D830C0
D03060
F03060
E03060
E43060
C630C0
C731C0
43E780
60FF00
00F800
00C000
018000
070000
010000
ENDCHAR
STARTCHAR uni3087
ENCODING 12423
SWIDTH 1000 0
DWIDTH 24 0
BBX 14 17 5 -2
BITMAP
0300
0300
0300
0304
03FC
0300
0300
0300
0300
0300
3F00
FFE0
C370
833C
C30C
7E08
0800
ENDCHAR
STARTCHAR uni3088
ENCODING 12424
SWIDTH 1000 0
DWIDTH 24 0
BBX 18 20 3 -1
BITMAP
00C000
00C000
00C000
00C000
00C000
00FF80
00FE00
00C000
00C000
00C000
00C000
00C000
0FC000
3FF000
60FC00
C0CF00
C0C780
E0C1C0
7FC080
3F8000
ENDCHAR
STARTCHAR uni3089
ENCODING 12425
SWIDTH 1000 0
DWIDTH 24 0
BBX 16 20 4 -1
BITMAP
0800
0FC0
03F8
0018
7000
6000
6000
6000
6070
67FC
6E0E
7803
6003
E003
0003
0003
0007
001E
1FF8
0FE0
ENDCHAR
STARTCHAR uni308A
ENCODING 12426
SWIDTH 1000 0
DWIDTH 24 0
BBX 14 20 5 -1
BITMAP
6000
61C0
67F0
4C30
5818
D018
F00C
E00C
E00C
C00C
C00C
C00C
C00C
C018
0018
0030
0070
01E0
1F80
1E00
ENDCHAR
STARTCHAR uni308B
ENCODING 12427
SWIDTH 1000 0
DWIDTH 24 0
BBX 18 19 3 -1
BITMAP
1FFC00
1FFE00
001800
003000
006000
01C000
038000
07FC00
0FFE00
1C0300
700180
E00180
C100C0
07E080
0C3180
0C3180
0C1F00
07FE00
03F800
ENDCHAR
STARTCHAR uni308C
ENCODING 12428
SWIDTH 1000 0
DWIDTH 24 0
BBX 22 20 1 -1
BITMAP
030000
030000
030000
030200
7F9F80
7F39C0
0260C0
03C0C0
0780C0
0700C0
0E00C0
1E00C0
1E0080
360180
660180
E60184
46018C
0600FC
0600F8
060000
ENDCHAR
STARTCHAR uni308D
ENCODING 12429
SWIDTH 1000 0
DWIDTH 24 0
BBX 17 19 3 -1
BITMAP
21FC00
1FFE00
201C00
003000
006000
00C000
038000
07FC00
0FFF00
1C0300
380180
E00180
C00180
400180
000180
000380
000F00
0FFE00
07F000
ENDCHAR
STARTCHAR uni308E
ENCODING 12430
SWIDTH 1000 0
DWIDTH 24 0
BBX 18 16 3 -1
BITMAP
060000
060000
060000
7E1C00
7EFF00
05C180
0700C0
0C00C0
1C00C0
1400C0
3400C0
640180
C40380
441E00
043C00
060000
ENDCHAR
STARTCHAR uni308F
ENCODING 12431
SWIDTH 1000 0
DWIDTH 24 0
BBX 21 20 1 -1
BITMAP
030000
030000
030000
030000
7F8000
7F1FC0
0278F0
02C030
078018
070018
0E0018
1E0018
1E0018
360018
660030
E60070
4601E0
060F80
060E00
060000
ENDCHAR
STARTCHAR uni3090
ENCODING 12432
SWIDTH 1000 0
DWIDTH 24 0
BBX 19 19 2 -1
BITMAP
1FF000
1FF000
002000
006000
006000
01FF00
07C380
0EC0C0
188060
318060
618060
630060
430060
C37C60
C66660
CCC3E0
FCC3C0
787F80
003E00
ENDCHAR
STARTCHAR uni3091
ENCODING 12433
SWIDTH 1000 0
DWIDTH 24 0
BBX 21 20 1 -1
BITMAP
000100
07FF00
000E00
003800
00E000
03FF80
0701C0
1C00C0
39F040
1318C0
0318C0
03B780
00FF00
038000
070000
0F87C0
1DCC70
307830
607018
E03018
ENDCHAR
STARTCHAR uni3092
ENCODING 12434
SWIDTH 1000 0
DWIDTH 24 0
BBX 19 20 2 -1
BITMAP
018000
018000
010F00
7FFF00
3F0000
060000
060000
0DC060
1FF3E0
1C3F00
303C00
E0F000
41F000
033000
063000
063000
060000
060000
07FFC0
01FFC0
ENDCHAR
STARTCHAR uni3093
ENCODING 12435
SWIDTH 1000 0
DWIDTH 24 0
BBX 21 20 2 -1
BITMAP
004000
00E000
00C000
01C000
018000
030000
030000
060000
060000
0DE000
0FF000
1C3000
183010
303018
303030
603030
603060
E018E0
C01FC0
400F00
ENDCHAR
STARTCHAR uni3094
ENCODING 12436
SWIDTH 1000 0
DWIDTH 24 0
BBX 20 20 3 -1
BITMAP
180000
1FFC40
01FD60
000320
0001B0
000080
0FF800
FFFC00
700E00
000600
000300
000300
000700
000600
000E00
001C00
003800
01F000
0FC000
0F0000
ENDCHAR
STARTCHAR uni3095
ENCODING 12437
SWIDTH 1000 0
DWIDTH 24 0
BBX 18 16 4 -1
BITMAP
060000
060000
060C00
060600
1FC300
FFE300
0C3180
0C3180
083080
1830C0
183000
303000
302000
606000
67E000
C7C000
ENDCHAR
STARTCHAR uni3096
ENCODING 12438
SWIDTH 1000 0
DWIDTH 24 0
BBX 16 16 5 -2
BITMAP
C038
C010
C010
C41F
87FF
8010
8010
8010
A010
A010
A030
E030
C030
C060
C1C0
0180
ENDCHAR
STARTCHAR uni3099
ENCODING 12441
SWIDTH 0 0
DWIDTH 0 0
BBX 5 5 -6 16
BITMAP
30
90
D8
48
60
ENDCHAR
STARTCHAR uni309A
ENCODING 12442
SWIDTH 0 0
DWIDTH 0 0
BBX 6 5 -6 16
BITMAP
78
4C
84
4C
78
ENDCHAR
STARTCHAR uni309B
ENCODING 12443
SWIDTH 1000 0
DWIDTH 24 0
BBX 7 5 0 15
BITMAP
18
CC
64
26
30
ENDCHAR
STARTCHAR uni309C
ENCODING 12444
SWIDTH 1000 0
DWIDTH 24 0
BBX 5 6 1 14
BITMAP
60
D8
88
88
D8
70
ENDCHAR
STARTCHAR uni309D
ENCODING 12445
SWIDTH 1000 0
DWIDTH 24 0
BBX 10 13 8 2
BITMAP
C000
E000
3000
1800
1C00
0E00
0700
0380
01C0
01C0
0FC0
7E00
3800
ENDCHAR
STARTCHAR uni309E
ENCODING 12446
SWIDTH 1000 0
DWIDTH 24 0
BBX 12 17 7 1
BITMAP
0040
0260
0330
4130
E180
7000
3800
1C00
0E00
0700
0300
0180
01C0
07C0
1F00
7C00
2000
ENDCHAR
STARTCHAR uni309F
ENCODING 12447
SWIDTH 1000 0
DWIDTH 24 0
BBX 19 22 2 -2
BITMAP
001800
003800
003000
003000
007800
007F80
00C7E0
00C040
018000
018000
033800
03FE00
078600
060300
0C0300
1C0300
380600
300600
640E00
E61C00
43F800
01E000
ENDCHAR
STARTCHAR uni30A0
ENCODING 12448
SWIDTH 1000 0
DWIDTH 24 0
BBX 10 4 7 7
BITMAP
FFC0
0000
0000
FFC0
ENDCHAR
STARTCHAR uni30A1
ENCODING 12449
SWIDTH 1000 0
DWIDTH 24 0
BBX 17 15 4 -2
BITMAP
FFFF80
FFFF00
000700
018600
018C00
019800
01B000
010000
030000
030000
070000
060000
1C0000
780000
100000
ENDCHAR
STARTCHAR uni30A2
ENCODING 12450
SWIDTH 1000 0
DWIDTH 24 0
BBX 19 18 3 -1
BITMAP
FFFFE0
FFFFE0
0000C0
000180
00C380
00C700
00CE00
00DC00
00C000
018000
018000
018000
038000
030000
060000
1E0000
780000
100000
ENDCHAR
STARTCHAR uni30A3
ENCODING 12451
SWIDTH 1000 0
DWIDTH 24 0
BBX 16 17 3 -2
BITMAP
0002
0007
000E
001C
0038
00E0
03C0
0FC0
7CC0
F0C0
80C0
00C0
00C0
00C0
00C0
00C0
00C0
ENDCHAR
STARTCHAR uni30A4
ENCODING 12452
SWIDTH 1000 0
DWIDTH 24 0
BBX 19 20 2 -1
BITMAP
000040
0000E0
0001C0
000380
000F00
001C00
007800
00F000
07F000
1F3000
FC3000
603000
003000
003000
003000
003000
003000
003000
003000
003000
ENDCHAR
STARTCHAR uni30A5
ENCODING 12453
SWIDTH 1000 0
DWIDTH 24 0
BBX 15 17 5 -2
BITMAP
0300
0300
0300
FFFC
FFFE
8006
800C
800C
800C
C018
0018
0030
0070
01E0
07C0
1F00
0800
ENDCHAR
STARTCHAR uni30A6
ENCODING 12454
SWIDTH 1000 0
DWIDTH 24 0
BBX 18 20 3 -1
BITMAP
00C000
00C000
00C000
00C000
FFFFC0
FFFFC0
C000C0
C001C0
C00180
C00180
C00380
000300
000700
000600
000E00
001C00
007800
01E000
0FC000
020000
ENDCHAR
STARTCHAR uni30A7
ENCODING 12455
SWIDTH 1000 0
DWIDTH 24 0
BBX 16 12 4 0
BITMAP
7FFE
8181
0180
0180
0180
0180
0180
0180
0180
0180
FFFF
FFFF
ENDCHAR
STARTCHAR uni30A8
ENCODING 12456
SWIDTH 1000 0
DWIDTH 24 0
BBX 20 15 2 1
BITMAP
7FFFE0
7FFFE0
006000
006000
006000
006000
006000
006000
006000
006000
006000
006000
006000
FFFFF0
FFFFF0
ENDCHAR
STARTCHAR uni30A9
ENCODING 12457
SWIDTH 1000 0
DWIDTH 24 0
BBX 17 16 4 -1
BITMAP
003000
003000
003000
003000
7FFF80
7FFF80
00F000
00F000
01B000
073000
0E3000
1C3000
783000
E03000
003000
03F000
ENDCHAR
STARTCHAR uni30AA
ENCODING 12458
SWIDTH 1000 0
DWIDTH 24 0
BBX 20 20 2 -1
BITMAP
000C00
000C00
000C00
000C00
400C30
7FFFF0
001C00
003C00
007C00
006C00
01CC00
038C00
070C00
0E0C00
3C0C00
F00C00
600C00
000C00
00FC00
00F800
ENDCHAR
STARTCHAR uni30AB
ENCODING 12459
SWIDTH 1000 0
DWIDTH 24 0
BBX 18 20 3 -1
BITMAP
018000
018000
018000
018000
818100
FFFFC0
018180
018180
030180
030180
030180
030180
060180
060180
0C0180
1C0180
380300
707F00
E07F00
400000
ENDCHAR
STARTCHAR uni30AC
ENCODING 12460
SWIDTH 1000 0
DWIDTH 24 0
BBX 21 21 2 -1
BITMAP
000060
01C130
00C190
00C0D8
00C0C0
008000
7FFFC0
7FFFC0
0180C0
0180C0
0180C0
0180C0
0300C0
0300C0
060080
060180
0C0180
1C0180
382380
F03F00
401E00
ENDCHAR
STARTCHAR uni30AD
ENCODING 12461
SWIDTH 1000 0
DWIDTH 24 0
BBX 19 20 3 -1
BITMAP
030000
030000
030000
018700
01FF00
FFF800
FD8000
818000
00C000
00C040
00CFC0
03FFE0
FFF000
F86000
806000
006000
006000
006000
003000
003000
ENDCHAR
STARTCHAR uni30AE
ENCODING 12462
SWIDTH 1000 0
DWIDTH 24 0
BBX 21 22 2 -2
BITMAP
000060
0081B0
018098
0180C0
018080
019F80
0FFF00
FFC000
E0C000
00C000
00C000
0061E0
007FE0
1FFE00
FFE000
E06000
003000
003000
003000
003000
003800
002000
ENDCHAR
STARTCHAR uni30AF
ENCODING 12463
SWIDTH 1000 0
DWIDTH 24 0
BBX 19 20 2 -1
BITMAP
00E000
00C000
01C000
01FFC0
03FFE0
0700C0
0E00C0
1C01C0
380180
F00380
200300
000700
000E00
001C00
003800
007000
00E000
03C000
1F0000
0C0000
ENDCHAR
STARTCHAR uni30B0
ENCODING 12464
SWIDTH 1000 0
DWIDTH 24 0
BBX 22 22 1 -2
BITMAP
000010
0040D8
00E04C
00C068
018020
01FFE0
03FFE0
0600C0
0E00C0
1C0180
380180
E00380
000300
000600
000E00
001C00
003800
00F000
01E000
078000
1E0000
080000
ENDCHAR
STARTCHAR uni30B1
ENCODING 12465
SWIDTH 1000 0
DWIDTH 24 0
BBX 20 20 2 -1
BITMAP
030000
070000
060000
060000
0C0010
0FFFF0
180C10
380C00
301800
601800
E01800
401800
003000
003000
007000
00E000
01C000
038000
0F0000
020000
ENDCHAR
STARTCHAR uni30B2
ENCODING 12466
SWIDTH 1000 0
DWIDTH 24 0
BBX 22 21 1 -1
BITMAP
000010
0280D8
030048
03006C
030020
060000
07FFF8
0FFFF8
1C0C00
180C00
300C00
F00C00
601C00
001800
001800
003800
007000
006000
00E000
03C000
070000
ENDCHAR
STARTCHAR uni30B3
ENCODING 12467
SWIDTH 1000 0
DWIDTH 24 0
BBX 16 16 4 0
BITMAP
FFFF
FFFF
0003
0003
0003
0003
0003
0003
0003
0003
0003
0003
0003
FFFF
FFFF
0003
ENDCHAR
STARTCHAR uni30B4
ENCODING 12468
SWIDTH 1000 0
DWIDTH 24 0
BBX 20 22 3 -1
BITMAP
000040
0006C0
000260
000330
000180
7FFF80
7FFF80
000180
000180
000180
000180
000180
000180
000180
000180
000180
000180
000180
800180
FFFF80
FFFF80
000180
ENDCHAR
STARTCHAR uni30B5
ENCODING 12469
SWIDTH 1000 0
DWIDTH 24 0
BBX 20 20 2 -1
BITMAP
0E0600
060600
060600
060600
060600
FFFFF0
FFFFF0
060600
060600
060600
060600
060600
060600
080600
000C00
000C00
001800
007000
01E000
00C000
ENDCHAR
STARTCHAR uni30B6
ENCODING 12470
SWIDTH 1000 0
DWIDTH 24 0
BBX 22 21 1 -2
BITMAP
000018
060368
06032C
060328
060310
060300
FFFFF8
FFFFF8
060300
060300
060300
060300
060300
060600
000600
000E00
000C00
003800
007000
01E000
004000
ENDCHAR
STARTCHAR uni30B7
ENCODING 12471
SWIDTH 1000 0
DWIDTH 24 0
BBX 19 19 3 -1
BITMAP
0C0000
1E0000
078000
018000
008000
C00040
E00060
7800E0
1C01C0
080380
000700
000E00
001C00
007800
00F000
07C000
3F0000
7C0000
200000
ENDCHAR
STARTCHAR uni30B8
ENCODING 12472
SWIDTH 1000 0
DWIDTH 24 0
BBX 21 20 2 -1
BITMAP
000060
0C0220
0F0330
038198
01C080
008000
400020
F00020
380070
1E00E0
0401C0
000380
000700
000E00
003C00
007800
03E000
1F8000
7E0000
300000
ENDCHAR
STARTCHAR uni30B9
ENCODING 12473
SWIDTH 1000 0
DWIDTH 24 0
BBX 20 18 2 -1
BITMAP
3FFF80
3FFF80
000300
000300
000600
000600
000C00
001C00
001800
003800
007C00
00CE00
038700
070380
1E01C0
FC00E0
700070
400040
ENDCHAR
STARTCHAR uni30BA
ENCODING 12474
SWIDTH 1000 0
DWIDTH 24 0
BBX 21 21 2 -1
BITMAP
0000A0
000190
000098
2001C0
3FFF80
3FFF00
000700
000600
000E00
000C00
001800
003800
003000
007800
00DC00
038600
070700
0E0380
3C01C0
F000E0
400040
ENDCHAR
STARTCHAR uni30BB
ENCODING 12475
SWIDTH 1000 0
DWIDTH 24 0
BBX 20 19 1 0
BITMAP
030000
030000
030000
030000
030020
0307F0
03FFE0
BFF060
7F00C0
4301C0
030180
030300
030600
030000
030000
030000
030000
01C3E0
01FFE0
ENDCHAR
STARTCHAR uni30BC
ENCODING 12476
SWIDTH 1000 0
DWIDTH 24 0
BBX 22 21 1 -1
BITMAP
000010
0000D8
03004C
030068
030020
030020
0301F0
033FE0
0FFC60
FF80C0
F301C0
030180
030300
030600
030200
030000
030000
030000
038020
01FFE0
00FFC0
ENDCHAR
STARTCHAR uni30BD
ENCODING 12477
SWIDTH 1000 0
DWIDTH 24 0
BBX 17 19 3 -1
BITMAP
000100
C00180
600180
700180
300380
380300
180300
1C0700
080600
000E00
000C00
001800
003800
007000
00E000
01C000
078000
1E0000
040000
ENDCHAR
STARTCHAR uni30BE
ENCODING 12478
SWIDTH 1000 0
DWIDTH 24 0
BBX 20 22 3 -1
BITMAP
000040
0006C0
000360
000130
400180
C00380
E00300
600300
300300
380300
180600
1C0600
000E00
000C00
001800
003800
007000
00E000
01C000
078000
1F0000
0C0000
ENDCHAR
STARTCHAR uni30BF
ENCODING 12479
SWIDTH 1000 0
DWIDTH 24 0
BBX 19 21 2 -1
BITMAP
008000
00E000
00C000
01C000
01FFE0
03FFE0
0600C0
0E00C0
1C0180
398180
F1C300
40F300
003E00
001E00
001F00
003B80
007180
01E000
078000
3F0000
0C0000
ENDCHAR
STARTCHAR uni30C0
ENCODING 12480
SWIDTH 1000 0
DWIDTH 24 0
BBX 22 22 1 -2
BITMAP
000018
0040C8
00E06C
00C068
01FFC0
01FFE0
0300E0
0600C0
0E00C0
1C0180
39C180
E0E300
207F00
001E00
000F00
001F80
0039C0
00F080
01C000
078000
1E0000
080000
ENDCHAR
STARTCHAR uni30C1
ENCODING 12481
SWIDTH 1000 0
DWIDTH 24 0
BBX 20 19 2 -1
BITMAP
000780
3FFF40
3FE000
006000
006000
006000
006000
FFFFF0
FFFFF0
006000
006000
006000
006000
00C000
00C000
018000
070000
1E0000
040000
ENDCHAR
STARTCHAR uni30C2
ENCODING 12482
SWIDTH 1000 0
DWIDTH 24 0
BBX 22 19 1 -1
BITMAP
000180
20FFC0
1FFC10
0030D8
00304C
003068
003040
FFFFF0
FFFFF0
003000
003000
006000
006000
006000
00C000
01C000
038000
070000
0E0000
ENDCHAR
STARTCHAR uni30C3
ENCODING 12483
SWIDTH 1000 0
DWIDTH 24 0
BBX 16 16 4 -2
BITMAP
0100
4303
E183
6183
6186
3086
3006
000C
001C
0018
0030
00E0
01C0
0780
1E00
0800
ENDCHAR
STARTCHAR uni30C4
ENCODING 12484
SWIDTH 1000 0
DWIDTH 24 0
BBX 20 19 2 -1
BITMAP
018000
20C070
E0C060
60C060
706060
3060C0
3060C0
1801C0
100180
000380
000300
000600
000E00
001C00
007800
00F000
03C000
0F8000
060000
ENDCHAR
STARTCHAR uni30C5
ENCODING 12485
SWIDTH 1000 0
DWIDTH 24 0
BBX 21 22 2 -1
BITMAP
000020
000130
000190
000098
0180C0
C18000
C0C060
60C0C0
60C0C0
3060C0
304180
380180
000380
000300
000600
000E00
001C00
003800
00F000
01E000
0F8000
0E0000
ENDCHAR
STARTCHAR uni30C6
ENCODING 12486
SWIDTH 1000 0
DWIDTH 24 0
BBX 20 19 2 -1
BITMAP
1FFF80
1FFF80
000000
000000
000000
000000
FFFFF0
FFFFF0
003000
006000
006000
006000
006000
006000
00C000
01C000
038000
0F0000
060000
ENDCHAR
STARTCHAR uni30C7
ENCODING 12487
SWIDTH 1000 0
DWIDTH 24 0
BBX 22 21 2 -1
BITMAP
000030
0000D8
10014C
1FFF60
000000
000000
000000
000000
800010
FFFFF0
006000
006000
006000
006000
006000
00E000
00C000
01C000
038000
0F0000
1E0000
ENDCHAR
STARTCHAR uni30C8
ENCODING 12488
SWIDTH 1000 0
DWIDTH 24 0
BBX 12 20 8 -1
BITMAP
C000
C000
C000
C000
C000
C000
C000
F000
FE00
CF80
C3F0
C070
C010
C000
C000
C000
C000
C000
C000
C000
ENDCHAR
STARTCHAR uni30C9
ENCODING 12489
SWIDTH 1000 0
DWIDTH 24 0
BBX 14 19 7 -1
BITMAP
E030
C198
C0CC
C048
C060
C000
E000
FC00
DF80
C3E0
C0F8
C030
C000
C000
C000
C000
C000
C000
C000
ENDCHAR
STARTCHAR uni30CA
ENCODING 12490
SWIDTH 1000 0
DWIDTH 24 0
BBX 20 20 2 -1
BITMAP
007000
003000
003000
003000
003000
003000
FFFFF0
FFFFF0
003000
003000
006000
006000
006000
00E000
00C000
01C000
038000
070000
1E0000
0C0000
ENDCHAR
STARTCHAR uni30CB
ENCODING 12491
SWIDTH 1000 0
DWIDTH 24 0
BBX 19 15 2 1
BITMAP
3FFF80
3FFF80
200040
000000
000000
000000
000000
000000
000000
000000
000000
000000
FFFFE0
FFFFE0
800020
ENDCHAR
STARTCHAR uni30CC
ENCODING 12492
SWIDTH 1000 0
DWIDTH 24 0
BBX 17 18 3 -1
BITMAP
7FFF00
7FFF80
000300
000300
000600
100600
1C0C00
0F0C00
039800
01F800
007000
007800
01DE00
038700
070380
1E0100
F80000
600000
ENDCHAR
STARTCHAR uni30CD
ENCODING 12493
SWIDTH 1000 0
DWIDTH 24 0
BBX 20 20 2 -1
BITMAP
006000
006000
006000
3FFF80
3FFFC0
000380
000700
000E00
001C00
003800
00F000
03E300
0F67C0
7C60E0
F06070
006020
006000
006000
006000
006000
ENDCHAR
STARTCHAR uni30CE
ENCODING 12494
SWIDTH 1000 0
DWIDTH 24 0
BBX 16 18 3 0
BITMAP
0002
0003
0007
0006
0006
000C
000C
001C
0018
0030
0070
00E0
01C0
0380
0700
1E00
FC00
7000
ENDCHAR
STARTCHAR uni30CF
ENCODING 12495
SWIDTH 1000 0
DWIDTH 24 0
BBX 20 17 2 0
BITMAP
040400
030C00
030600
060600
060300
060300
060180
0C0180
0C01C0
1C00C0
1800C0
1800E0
300060
700060
600070
E00030
400020
ENDCHAR
STARTCHAR uni30D0
ENCODING 12496
SWIDTH 1000 0
DWIDTH 24 0
BBX 21 20 2 0
BITMAP
000020
0000B0
000190
0000D8
030C40
060C00
060600
060600
060300
0C0300
0C0180
0C0180
1C01C0
1800C0
3800C0
3000E0
700060
600060
E00070
C00030
ENDCHAR
STARTCHAR uni30D1
ENCODING 12497
SWIDTH 1000 0
DWIDTH 24 0
BBX 21 19 2 0
BITMAP
0000F0
000088
000088
030C98
060C70
060600
060600
060300
0C0300
0C0180
0C0180
1C01C0
1800C0
3800C0
3000E0
700060
600060
E00070
C00030
ENDCHAR
STARTCHAR uni30D2
ENCODING 12498
SWIDTH 1000 0
DWIDTH 24 0
BBX 16 18 5 0
BITMAP
E000
6000
6000
6004
603E
61F8
6FC0
7E00
7000
6000
6000
6000
6000
6000
6000
6001
7FFF
3FFF
ENDCHAR
STARTCHAR uni30D3
ENCODING 12499
SWIDTH 1000 0
DWIDTH 24 0
BBX 18 21 4 -1
BITMAP
000100
000D80
E004C0
600640
600200
600400
600C00
607E00
63F000
7F8000
7C0000
600000
600000
600000
600000
600000
600000
600000
783F00
3FFF00
010000
ENDCHAR
STARTCHAR uni30D4
ENCODING 12500
SWIDTH 1000 0
DWIDTH 24 0
BBX 18 20 4 -1
BITMAP
0003C0
E00440
600440
600640
600380
600C00
607E00
63F000
7F8000
7C0000
600000
600000
600000
600000
600000
600000
600000
783F00
3FFF00
010000
ENDCHAR
STARTCHAR uni30D5
ENCODING 12501
SWIDTH 1000 0
DWIDTH 24 0
BBX 18 18 3 -1
BITMAP
FFFF80
FFFFC0
000180
000180
000180
000300
000300
000700
000600
000E00
000C00
001800
007800
00E000
03C000
1F8000
1E0000
080000
ENDCHAR
STARTCHAR uni30D6
ENCODING 12502
SWIDTH 1000 0
DWIDTH 24 0
BBX 20 22 3 -1
BITMAP
000020
000260
000330
0001B0
800100
FFFF80
800180
000180
000300
000300
000300
000700
000600
000E00
001C00
001800
003000
00E000
01C000
0F8000
3E0000
080000
ENDCHAR
STARTCHAR uni30D7
ENCODING 12503
SWIDTH 1000 0
DWIDTH 24 0
BBX 21 21 3 -1
BITMAP
0000E0
000090
000118
800118
FFFFF0
800180
000180
000300
000300
000300
000700
000600
000E00
001C00
001800
003000
00E000
01C000
0F8000
3E0000
080000
ENDCHAR
STARTCHAR uni30D8
ENCODING 12504
SWIDTH 1000 0
DWIDTH 24 0
BBX 22 14 1 1
BITMAP
01E000
01F000
033800
061C00
0E0E00
1C0700
380380
700180
E000C0
2000E0
000070
000038
00001C
000008
ENDCHAR
STARTCHAR uni30D9
ENCODING 12505
SWIDTH 1000 0
DWIDTH 24 0
BBX 22 17 1 1
BITMAP
000020
000060
000330
00C198
01E090
03F0C0
073800
0E1C00
1C0E00
180700
300380
F001C0
6000E0
200070
000038
00003C
000018
ENDCHAR
STARTCHAR uni30DA
ENCODING 12506
SWIDTH 1000 0
DWIDTH 24 0
BBX 22 16 1 1
BITMAP
0000F0
000110
00C118
01E110
03F1F0
073840
0E1C00
1C0E00
180700
300380
F001C0
6000E0
200070
000038
00003C
000018
ENDCHAR
STARTCHAR uni30DB
ENCODING 12507
SWIDTH 1000 0
DWIDTH 24 0
BBX 20 20 2 -1
BITMAP
006000
006000
006000
006000
7FFFF0
7FFFF0
006000
006000
006000
086180
0C6180
1860C0
3860E0
306060
606030
C06030
006000
006000
03E000
03C000
ENDCHAR
STARTCHAR uni30DC
ENCODING 12508
SWIDTH 1000 0
DWIDTH 24 0
BBX 22 21 1 -1
BITMAP
000010
003098
0030C8
00306C
003040
003000
7FFFF0
7FFFF0
003000
003000
043080
0E31C0
0C30C0
183060
383070
303030
E03018
203010
003000
03F000
03E000
ENDCHAR
STARTCHAR uni30DD
ENCODING 12509
SWIDTH 1000 0
DWIDTH 24 0
BBX 21 21 1 -1
BITMAP
000078
003088
003088
0030C8
003070
003000
7FFFF0
7FFFF0
003000
003000
043080
0E31C0
0C30C0
183060
383070
303030
E03018
203010
003000
03F000
03E000
ENDCHAR
STARTCHAR uni30DE
ENCODING 12510
SWIDTH 1000 0
DWIDTH 24 0
BBX 20 17 2 -1
BITMAP
FFFFF0
FFFFF0
0000E0
0000C0
0001C0
000380
040700
1E0E00
071C00
03B800
01F000
00E000
007000
003800
001C00
000E00
000400
ENDCHAR
STARTCHAR uni30DF
ENCODING 12511
SWIDTH 1000 0
DWIDTH 24 0
BBX 15 19 4 -1
BITMAP
1E00
3FF0
01FE
000E
0000
0000
3000
7F00
0FF0
007C
0008
0000
0000
C000
FE00
1FE0
01FC
001E
0004
ENDCHAR
STARTCHAR uni30E0
ENCODING 12512
SWIDTH 1000 0
DWIDTH 24 0
BBX 20 19 2 -1
BITMAP
00E000
00C000
01C000
018000
018000
018000
030000
030000
030200
060700
060380
060180
0C01C0
0C00C0
0C1FE0
FFFFE0
FFC070
800030
000020
ENDCHAR
STARTCHAR uni30E1
ENCODING 12513
SWIDTH 1000 0
DWIDTH 24 0
BBX 18 19 3 -1
BITMAP
000300
000300
000700
100600
3C0600
0E0C00
070C00
03D800
00F800
007000
007800
00DE00
018700
038380
0E01C0
1C0080
780080
F00000
400000
ENDCHAR
STARTCHAR uni30E2
ENCODING 12514
SWIDTH 1000 0
DWIDTH 24 0
BBX 19 17 3 0
BITMAP
7FFF80
7FFF80
018000
018000
018000
018000
018000
FFFFE0
FFFFE0
018000
018000
018000
018000
018000
018000
01FFC0
00FFC0
ENDCHAR
STARTCHAR uni30E3
ENCODING 12515
SWIDTH 1000 0
DWIDTH 24 0
BBX 17 17 4 -2
BITMAP
080000
1C0000
0C0000
0C0F80
0DFF00
3FE300
FE0600
860C00
061800
033800
031000
030000
018000
018000
018000
018000
00C000
ENDCHAR
STARTCHAR uni30E4
ENCODING 12516
SWIDTH 1000 0
DWIDTH 24 0
BBX 20 20 2 -1
BITMAP
0C0000
0C0000
060000
0600E0
061FF0
07FE60
FFC0C0
FB01C0
830180
018300
018600
018E00
01C000
00C000
00C000
00C000
00E000
006000
006000
007000
ENDCHAR
STARTCHAR uni30E5
ENCODING 12517
SWIDTH 1000 0
DWIDTH 24 0
BBX 17 12 4 0
BITMAP
3FFC00
3FF800
001800
001800
001800
001800
001800
001800
001000
003000
FFFF80
FFFF80
ENDCHAR
STARTCHAR uni30E6
ENCODING 12518
SWIDTH 1000 0
DWIDTH 24 0
BBX 20 15 2 1
BITMAP
1FFF80
1FFF80
000300
000300
000300
000300
000300
000300
000700
000600
000600
000600
800610
FFFFF0
FFFFF0
ENDCHAR
STARTCHAR uni30E7
ENCODING 12519
SWIDTH 1000 0
DWIDTH 24 0
BBX 14 14 5 -1
BITMAP
FFFC
FFFC
000C
000C
000C
000C
7FFC
000C
000C
000C
000C
000C
FFFC
000C
ENDCHAR
STARTCHAR uni30E8
ENCODING 12520
SWIDTH 1000 0
DWIDTH 24 0
BBX 16 18 4 -1
BITMAP
FFFF
FFFF
0003
0003
0003
0003
0003
7FFF
7FFF
0003
0003
0003
0003
0003
8003
FFFF
0003
0003
ENDCHAR
STARTCHAR uni30E9
ENCODING 12521
SWIDTH 1000 0
DWIDTH 24 0
BBX 18 19 3 -1
BITMAP
1FFF00
1FFF00
000000
000000
000000
000000
FFFFC0
FFFFC0
000180
000180
000380
000300
000600
000E00
001C00
007800
01E000
0FC000
060000
ENDCHAR
STARTCHAR uni30EA
ENCODING 12522
SWIDTH 1000 0
DWIDTH 24 0
BBX 14 19 5 -1
BITMAP
C01C
C01C
C01C
C01C
C01C
C01C
C01C
C01C
C018
C018
C018
C018
0018
0030
0070
00E0
03C0
0F80
0600
ENDCHAR
STARTCHAR uni30EB
ENCODING 12523
SWIDTH 1000 0
DWIDTH 24 0
BBX 21 19 2 -1
BITMAP
0E1800
0C1800
0C1800
0C1800
0C1800
0C1800
0C1800
0C1800
0C1800
0C1800
0C1810
0C1838
1C1870
1818E0
3819C0
301F80
601E00
E01C00
401000
ENDCHAR
STARTCHAR uni30EC
ENCODING 12524
SWIDTH 1000 0
DWIDTH 24 0
BBX 17 18 5 0
BITMAP
E00000
600000
600000
600000
600000
600000
600000
600000
600100
600380
600700
600E00
603C00
607000
61E000
6F8000
7E0000
F00000
ENDCHAR
STARTCHAR uni30ED
ENCODING 12525
SWIDTH 1000 0
DWIDTH 24 0
BBX 18 16 3 0
BITMAP
FFFFC0
7FFFC0
6000C0
6000C0
6000C0
6000C0
6000C0
6000C0
6000C0
6000C0
6000C0
6000C0
6000C0
7FFFC0
7FFFC0
E000C0
ENDCHAR
STARTCHAR uni30EE
ENCODING 12526
SWIDTH 1000 0
DWIDTH 24 0
BBX 15 15 5 -2
BITMAP
FFFC
FFFE
C00C
C00C
C00C
C00C
C01C
0018
0038
0030
0060
01C0
0780
1F00
0C00
ENDCHAR
STARTCHAR uni30EF
ENCODING 12527
SWIDTH 1000 0
DWIDTH 24 0
BBX 18 18 3 -1
BITMAP
FFFF80
FFFFC0
C001C0
C00180
C00180
C00180
C00180
C00380
000300
000300
000600
000E00
001C00
003800
00F000
03E000
0F8000
020000
ENDCHAR
STARTCHAR uni30F0
ENCODING 12528
SWIDTH 1000 0
DWIDTH 24 0
BBX 20 19 2 -1
BITMAP
000600
000600
000600
7FFFE0
7FFFE0
060600
060600
060600
060600
060600
060600
060600
FFFFF0
FFFFF0
000600
000600
000600
000600
000600
ENDCHAR
STARTCHAR uni30F1
ENCODING 12529
SWIDTH 1000 0
DWIDTH 24 0
BBX 20 16 2 1
BITMAP
400020
7FFFF0
400060
0000C0
0061C0
006380
006700
006E00
006000
006000
006000
006000
006000
006000
FFFFF0
FFFFF0
ENDCHAR
STARTCHAR uni30F2
ENCODING 12530
SWIDTH 1000 0
DWIDTH 24 0
BBX 17 18 4 -1
BITMAP
FFFF80
FFFF80
000180
000300
000300
000300
7FFF00
7FFE00
000600
000E00
000C00
001800
003800
007000
01E000
078000
3F0000
080000
ENDCHAR
STARTCHAR uni30F3
ENCODING 12531
SWIDTH 1000 0
DWIDTH 24 0
BBX 19 18 3 0
BITMAP
200000
700000
380000
1C0000
0F0020
038060
010060
0000C0
0001C0
000380
000700
000E00
001C00
007800
01E000
07C000
FF0000
780000
ENDCHAR
STARTCHAR uni30F4
ENCODING 12532
SWIDTH 1000 0
DWIDTH 24 0
BBX 20 21 3 -1
BITMAP
0002C0
018360
018130
0181A0
018000
FFFFC0
FFFF80
C00180
C00180
C00180
C00380
C00300
C00300
000600
000E00
000C00
003800
007000
01E000
0FC000
060000
ENDCHAR
STARTCHAR uni30F5
ENCODING 12533
SWIDTH 1000 0
DWIDTH 24 0
BBX 15 16 4 -1
BITMAP
0300
0300
0300
0300
FFFE
FFFE
0306
0206
0606
0606
0606
0C06
1C04
380C
70FC
E0F8
ENDCHAR
STARTCHAR uni30F6
ENCODING 12534
SWIDTH 1000 0
DWIDTH 24 0
BBX 18 17 3 -2
BITMAP
040000
060000
060000
0C0000
0FFFC0
1FFFC0
383000
303000
E03000
403000
006000
006000
00C000
01C000
038000
0F0000
060000
ENDCHAR
STARTCHAR uni30F7
ENCODING 12535
SWIDTH 1000 0
DWIDTH 24 0
BBX 20 22 3 -1
BITMAP
0000C0
000660
000360
000130
000000
FFFF80
FFFF80
C00180
C00180
C00180
C00380
C00300
C00300
000700
000600
000E00
001C00
003800
007000
01E000
07C000
0F0000
ENDCHAR
STARTCHAR uni30F8
ENCODING 12536
SWIDTH 1000 0
DWIDTH 24 0
BBX 21 21 2 -1
BITMAP
000030
000090
0006D8
000648
000640
7FFFE0
7FFFE0
060600
060600
060600
060600
060600
060600
060600
FFFFF0
FFFFF0
000600
000600
000600
000600
000600
ENDCHAR
STARTCHAR uni30F9
ENCODING 12537
SWIDTH 1000 0
DWIDTH 24 0
BBX 20 20 2 0
BITMAP
000360
000130
000190
000080
7FFFE0
7FFFE0
0000C0
0001C0
00C180
00C300
00CE00
00C400
00C000
00C000
00C000
00C000
00C000
00C000
FFFFF0
FFFFF0
ENDCHAR
STARTCHAR uni30FA
ENCODING 12538
SWIDTH 1000 0
DWIDTH 24 0
BBX 20 23 3 -2
BITMAP
0000C0
000660
000360
000130
800100
FFFF80
800180
000180
000380
000300
000300
7FFF00
7FFE00
000600
000E00
000C00
001800
003000
00E000
01C000
0F8000
1E0000
080000
ENDCHAR
STARTCHAR uni30FB
ENCODING 12539
SWIDTH 1000 0
DWIDTH 24 0
BBX 6 5 9 7
BITMAP
30
78
FC
78
78
ENDCHAR
STARTCHAR uni30FC
ENCODING 12540
SWIDTH 1000 0
DWIDTH 24 0
BBX 20 2 2 8
BITMAP
FFFFF0
FFFFF0
ENDCHAR
STARTCHAR uni30FD
ENCODING 12541
SWIDTH 1000 0
DWIDTH 24 0
BBX 11 11 7 3
BITMAP
4000
E000
7000
3800
1C00
0E00
0700
0380
01C0
00E0
00C0
ENDCHAR
STARTCHAR uni30FE
ENCODING 12542
SWIDTH 1000 0
DWIDTH 24 0
BBX 13 15 6 2
BITMAP
0030
0190
0198
20C8
F040
3800
1C00
0E00
0600
0700
0380
01C0
00E0
0060
0040
ENDCHAR
STARTCHAR uni30FF
ENCODING 12543
SWIDTH 1000 0
DWIDTH 24 0
BBX 14 19 5 -1
BITMAP
FFFC
000C
000C
000C
000C
000C
000C
000C
000C
000C
000C
000C
000C
000C
000C
000C
000C
000C
000C
ENDCHAR
STARTCHAR uni3131
ENCODING 12593
SWIDTH 917 0
DWIDTH 22 0
BBX 14 12 4 3
BITMAP
FFFC
FFFC
000C
000C
000C
000C
000C
000C
000C
000C
000C
000C
ENDCHAR
STARTCHAR uni3132
ENCODING 12594
SWIDTH 917 0
DWIDTH 22 0
BBX 16 12 3 3
BITMAP
FF7F
FF7F
0303
0303
0303
0303
0303
0303
0303
0303
0303
0303
ENDCHAR
STARTCHAR uni3133
ENCODING 12595
SWIDTH 917 0
DWIDTH 22 0
BBX 17 12 3 3
BITMAP
FE1800
FE1800
061800
061800
061800
061800
061C00
061C00
063600
066700
07E380
068100
ENDCHAR
STARTCHAR uni3134
ENCODING 12596
SWIDTH 917 0
DWIDTH 22 0
BBX 14 12 4 3
BITMAP
C000
C000
C000
C000
C000
C000
C000
C000
C000
C000
FFFC
FFFC
ENDCHAR
STARTCHAR uni3135
ENCODING 12597
SWIDTH 917 0
DWIDTH 22 0
BBX 15 12 4 3
BITMAP
C3FE
C3FE
C030
C030
C030
C070
C070
C070
C0D8
C1DC
FF8E
FD06
ENDCHAR
STARTCHAR uni3136
ENCODING 12598
SWIDTH 917 0
DWIDTH 22 0
BBX 15 12 4 3
BITMAP
0030
C030
C3FE
C3FE
C000
C0F8
C19C
C18C
C18C
C18C
FDDC
F8F8
ENDCHAR
STARTCHAR uni3137
ENCODING 12599
SWIDTH 917 0
DWIDTH 22 0
BBX 14 12 4 3
BITMAP
FFFC
FFFC
C000
C000
C000
C000
C000
C000
C000
C000
FFFC
FFFC
ENDCHAR
STARTCHAR uni3138
ENCODING 12600
SWIDTH 917 0
DWIDTH 22 0
BBX 15 12 4 3
BITMAP
FEFC
FEFC
C0C0
C0C0
C0C0
C0C0
C0C0
C0C0
C0C0
C2C0
FEFE
E0FE
ENDCHAR
STARTCHAR uni3139
ENCODING 12601
SWIDTH 917 0
DWIDTH 22 0
BBX 14 12 4 3
BITMAP
FFFC
FFFC
000C
000C
000C
FFFC
FFFC
C000
C000
C000
FFFC
FFFC
ENDCHAR
STARTCHAR uni313A
ENCODING 12602
SWIDTH 917 0
DWIDTH 22 0
BBX 15 12 4 3
BITMAP
FFFE
FFFE
0606
0606
0606
FE06
FE06
C006
C006
C006
FF06
FC06
ENDCHAR
STARTCHAR uni313B
ENCODING 12603
SWIDTH 917 0
DWIDTH 22 0
BBX 16 12 3 3
BITMAP
FF7F
FF7F
0343
0343
0343
7F43
7F43
6043
6043
6043
7F7F
7C7F
ENDCHAR
STARTCHAR uni313C
ENCODING 12604
SWIDTH 917 0
DWIDTH 22 0
BBX 16 12 3 3
BITMAP
FF43
FF43
0343
0343
037F
7F7F
7F43
6043
6043
6043
7F7F
7E7F
ENDCHAR
STARTCHAR uni313D
ENCODING 12605
SWIDTH 917 0
DWIDTH 22 0
BBX 17 12 3 3
BITMAP
FF1800
FF1800
031800
031800
031800
7F1C00
7F1C00
601C00
603600
617700
7FE380
7C8100
ENDCHAR
STARTCHAR uni313E
ENCODING 12606
SWIDTH 917 0
DWIDTH 22 0
BBX 15 12 4 3
BITMAP
FEFE
FEFE
06C0
06C0
06C0
FEFE
FEFE
C0C0
C0C0
C2C0
FEFE
F8FE
ENDCHAR
STARTCHAR uni313F
ENCODING 12607
SWIDTH 917 0
DWIDTH 22 0
BBX 15 12 4 3
BITMAP
FDFE
FDFE
0C4C
0C4C
0C4C
FC4C
FC4C
C04C
C04C
C24C
FFFE
F9FE
ENDCHAR
STARTCHAR uni3140
ENCODING 12608
SWIDTH 917 0
DWIDTH 22 0
BBX 15 12 4 3
BITMAP
FC30
FC30
0DFE
0DFE
0C10
FCFC
FCCC
C186
C186
C086
FEFC
F878
ENDCHAR
STARTCHAR uni3141
ENCODING 12609
SWIDTH 917 0
DWIDTH 22 0
BBX 14 12 4 3
BITMAP
FFFC
FFFC
C00C
C00C
C00C
C00C
C00C
C00C
C00C
C00C
FFFC
FFFC
ENDCHAR
STARTCHAR uni3142
ENCODING 12610
SWIDTH 917 0
DWIDTH 22 0
BBX 14 12 4 3
BITMAP
C00C
C00C
C00C
C00C
FFFC
FFFC
C00C
C00C
C00C
C00C
FFFC
FFFC
ENDCHAR
STARTCHAR uni3143
ENCODING 12611
SWIDTH 917 0
DWIDTH 22 0
BBX 15 12 4 3
BITMAP
C6C6
C6C6
C6C6
C6C6
FEFE
FEFE
C6C6
C6C6
C6C6
C6C6
FEFE
FEFE
ENDCHAR
STARTCHAR uni3144
ENCODING 12612
SWIDTH 917 0
DWIDTH 22 0
BBX 16 12 4 3
BITMAP
C618
C618
C618
C618
FE18
FE18
C638
C638
C66C
C6EE
FFC7
FF81
ENDCHAR
STARTCHAR uni3145
ENCODING 12613
SWIDTH 917 0
DWIDTH 22 0
BBX 16 12 3 3
BITMAP
0180
0180
0180
0180
0180
01C0
03C0
03E0
0670
1C38
F81F
6006
ENDCHAR
STARTCHAR uni3146
ENCODING 12614
SWIDTH 917 0
DWIDTH 22 0
BBX 18 12 2 3
BITMAP
0C0C00
0C0C00
0C0C00
0C0C00
0C0C00
0E0E00
0E0E00
1A1E00
333300
F1F180
60E0C0
004000
ENDCHAR
STARTCHAR uni3147
ENCODING 12615
SWIDTH 917 0
DWIDTH 22 0
BBX 14 12 4 3
BITMAP
0FC0
3FF0
7038
6018
C00C
C00C
C00C
E00C
6018
3038
1FF0
0FC0
ENDCHAR
STARTCHAR uni3148
ENCODING 12616
SWIDTH 917 0
DWIDTH 22 0
BBX 15 12 4 3
BITMAP
7FFC
7FFC
0300
0300
0300
0380
0780
06C0
0CE0
3870
F01E
400C
ENDCHAR
STARTCHAR uni3149
ENCODING 12617
SWIDTH 917 0
DWIDTH 22 0
BBX 18 12 2 3
BITMAP
7FBF80
7FBF80
0C0C00
0C0C00
0C0C00
0C0E00
1E0E00
1E1E00
3F1B00
73B180
E1F1C0
40C080
ENDCHAR
STARTCHAR uni314A
ENCODING 12618
SWIDTH 917 0
DWIDTH 22 0
BBX 14 13 4 3
BITMAP
0300
0300
0300
FFFC
FFFC
0300
0300
0380
0780
0CC0
1CE0
7838
E01C
ENDCHAR
STARTCHAR uni314B
ENCODING 12619
SWIDTH 917 0
DWIDTH 22 0
BBX 14 12 4 3
BITMAP
7FFC
7FFC
000C
000C
000C
03FC
FFFC
C00C
000C
000C
000C
000C
ENDCHAR
STARTCHAR uni314C
ENCODING 12620
SWIDTH 917 0
DWIDTH 22 0
BBX 14 12 4 3
BITMAP
FFFC
FFFC
C000
C000
C000
FFFC
FFFC
C000
C000
C000
FFFC
FFFC
ENDCHAR
STARTCHAR uni314D
ENCODING 12621
SWIDTH 917 0
DWIDTH 22 0
BBX 14 12 4 3
BITMAP
FFFC
FFFC
1860
1860
1860
1860
1860
1860
1860
1860
FFFC
FFFC
ENDCHAR
STARTCHAR uni314E
ENCODING 12622
SWIDTH 917 0
DWIDTH 22 0
BBX 14 14 4 2
BITMAP
0300
0300
0300
FFFC
0000
0000
0FC0
1FF0
3030
3038
3030
3830
1FE0
0780
ENDCHAR
STARTCHAR uni314F
ENCODING 12623
SWIDTH 917 0
DWIDTH 22 0
BBX 7 21 9 -2
BITMAP
C0
C0
C0
C0
C0
C0
C0
C0
FE
FE
C0
C0
C0
C0
C0
C0
C0
C0
C0
C0
C0
ENDCHAR
STARTCHAR uni3150
ENCODING 12624
SWIDTH 917 0
DWIDTH 22 0
BBX 8 22 7 -2
BITMAP
03
C3
C3
C3
C3
C3
C3
C3
C3
FF
FF
C3
C3
C3
C3
C3
C3
C3
C3
C3
C3
03
ENDCHAR
STARTCHAR uni3151
ENCODING 12625
SWIDTH 917 0
DWIDTH 22 0
BBX 7 22 9 -2
BITMAP
C0
C0
C0
C0
C0
C0
C0
FE
C0
C0
C0
C0
C0
FE
C0
C0
C0
C0
C0
C0
C0
C0
ENDCHAR
STARTCHAR uni3152
ENCODING 12626
SWIDTH 917 0
DWIDTH 22 0
BBX 8 21 7 -2
BITMAP
C3
C3
C3
C3
C3
FF
FF
C3
C3
C3
C3
FF
FF
C3
C3
C3
C3
C3
C3
C3
03
ENDCHAR
STARTCHAR uni3153
ENCODING 12627
SWIDTH 917 0
DWIDTH 22 0
BBX 7 21 7 -2
BITMAP
06
06
06
06
06
06
06
06
FE
FE
06
06
06
06
06
06
06
06
06
06
06
ENDCHAR
STARTCHAR uni3154
ENCODING 12628
SWIDTH 917 0
DWIDTH 22 0
BBX 10 21 6 -2
BITMAP
08C0
08C0
08C0
08C0
08C0
08C0
08C0
08C0
F8C0
F8C0
08C0
08C0
08C0
08C0
08C0
08C0
08C0
08C0
08C0
08C0
00C0
ENDCHAR
STARTCHAR uni3155
ENCODING 12629
SWIDTH 917 0
DWIDTH 22 0
BBX 7 21 7 -2
BITMAP
06
06
06
06
06
FE
FE
06
06
06
06
FE
FE
06
06
06
06
06
06
06
06
ENDCHAR
STARTCHAR uni3156
ENCODING 12630
SWIDTH 917 0
DWIDTH 22 0
BBX 11 21 5 -2
BITMAP
0460
0460
0460
0460
0460
7C60
7C60
0460
0460
0460
0460
FC60
FC60
0460
0460
0460
0460
0460
0460
0460
0060
ENDCHAR
STARTCHAR uni3157
ENCODING 12631
SWIDTH 917 0
DWIDTH 22 0
BBX 20 10 1 5
BITMAP
006000
006000
006000
006000
006000
006000
006000
006000
006000
FFFFF0
ENDCHAR
STARTCHAR uni3158
ENCODING 12632
SWIDTH 917 0
DWIDTH 22 0
BBX 20 21 1 -2
BITMAP
000180
000180
000180
000180
000180
000180
030180
030180
0301F0
0301F0
030180
030180
030180
033D80
FFFD80
000180
000180
000180
000180
000180
000180
ENDCHAR
STARTCHAR uni3159
ENCODING 12633
SWIDTH 917 0
DWIDTH 22 0
BBX 18 21 2 -2
BITMAP
0018C0
0018C0
0018C0
0018C0
0018C0
0018C0
0C18C0
0C18C0
0C1FC0
0C1FC0
0C18C0
0C18C0
0C18C0
FFF8C0
FF98C0
0018C0
0018C0
0018C0
0018C0
0018C0
0000C0
ENDCHAR
STARTCHAR uni315A
ENCODING 12634
SWIDTH 917 0
DWIDTH 22 0
BBX 17 22 2 -2
BITMAP
000180
000180
000180
000180
000180
000180
000180
030180
030180
030180
030180
030180
030180
030180
FFFD80
7FF180
000180
000180
000180
000180
000180
000180
ENDCHAR
STARTCHAR uni315B
ENCODING 12635
SWIDTH 917 0
DWIDTH 22 0
BBX 20 11 1 4
BITMAP
060600
060600
060600
060600
060600
060600
060600
060600
060600
FFFFF0
FFFFF0
ENDCHAR
STARTCHAR uni315C
ENCODING 12636
SWIDTH 917 0
DWIDTH 22 0
BBX 20 10 1 2
BITMAP
FFFFF0
006000
006000
006000
006000
006000
006000
006000
006000
006000
ENDCHAR
STARTCHAR uni315D
ENCODING 12637
SWIDTH 917 0
DWIDTH 22 0
BBX 18 21 2 -2
BITMAP
0000C0
0000C0
0000C0
0000C0
0000C0
0000C0
0000C0
0000C0
0004C0
FFFCC0
FE00C0
0600C0
0600C0
061FC0
061FC0
0600C0
0600C0
0600C0
0600C0
0000C0
0000C0
ENDCHAR
STARTCHAR uni315E
ENCODING 12638
SWIDTH 917 0
DWIDTH 22 0
BBX 18 21 2 -2
BITMAP
000CC0
000CC0
000CC0
000CC0
000CC0
000CC0
000CC0
000CC0
002CC0
FFECC0
FC0CC0
0C0CC0
0C0CC0
0CFCC0
0C0CC0
0C0CC0
0C0CC0
0C0CC0
0C0CC0
000CC0
0000C0
ENDCHAR
STARTCHAR uni315F
ENCODING 12639
SWIDTH 917 0
DWIDTH 22 0
BBX 18 21 2 -2
BITMAP
0000C0
0000C0
0000C0
0000C0
0000C0
0000C0
0000C0
0000C0
0000C0
FFFEC0
FF80C0
0300C0
0300C0
0300C0
0300C0
0300C0
0300C0
0300C0
0300C0
0000C0
0000C0
ENDCHAR
STARTCHAR uni3160
ENCODING 12640
SWIDTH 917 0
DWIDTH 22 0
BBX 20 11 1 2
BITMAP
FFFFF0
FFFFF0
060600
060600
060600
060600
060600
060600
060600
060600
060600
ENDCHAR
STARTCHAR uni3161
ENCODING 12641
SWIDTH 917 0
DWIDTH 22 0
BBX 20 1 1 9
BITMAP
FFFFF0
ENDCHAR
STARTCHAR uni3162
ENCODING 12642
SWIDTH 917 0
DWIDTH 22 0
BBX 17 21 2 -2
BITMAP
000180
000180
000180
000180
000180
000180
000180
000180
000180
000180
000180
000180
FFFD80
FFE180
000180
000180
000180
000180
000180
000180
000180
ENDCHAR
STARTCHAR uni3163
ENCODING 12643
SWIDTH 917 0
DWIDTH 22 0
BBX 2 21 10 -2
BITMAP
C0
C0
C0
C0
C0
C0
C0
C0
C0
C0
C0
C0
C0
C0
C0
C0
C0
C0
C0
C0
C0
ENDCHAR
STARTCHAR uni3165
ENCODING 12645
SWIDTH 917 0
DWIDTH 22 0
BBX 16 12 4 3
BITMAP
C0C0
C0C0
C0C0
C0C0
C0C0
C0C0
C0C0
C0C0
C0C0
C2C0
FEFF
F0FF
ENDCHAR
STARTCHAR uni3166
ENCODING 12646
SWIDTH 917 0
DWIDTH 22 0
BBX 15 12 4 3
BITMAP
C0FE
C0FE
C0C0
C0C0
C0C0
C0C0
C0C0
C0C0
C0C0
C2C0
FEFE
F0FE
ENDCHAR
STARTCHAR uni3167
ENCODING 12647
SWIDTH 917 0
DWIDTH 22 0
BBX 16 12 4 3
BITMAP
C030
C030
C030
C030
C030
C030
C030
C078
C078
C0CC
FF87
F902
ENDCHAR
STARTCHAR uni3168
ENCODING 12648
SWIDTH 917 0
DWIDTH 22 0
BBX 15 13 4 3
BITMAP
0020
C020
C030
C030
C030
C078
C058
C0C8
C0CC
C08C
C584
FDFE
F1FE
ENDCHAR
STARTCHAR uni3169
ENCODING 12649
SWIDTH 917 0
DWIDTH 22 0
BBX 19 12 2 3
BITMAP
FDF300
FDF300
0C3300
0C3300
0C3300
FC3300
FC3300
C03380
C03780
C03EC0
FE3C60
FC3840
ENDCHAR
STARTCHAR uni316A
ENCODING 12650
SWIDTH 917 0
DWIDTH 22 0
BBX 16 12 3 3
BITMAP
FF7F
FF7F
0360
0360
0360
7F60
7F60
6060
6060
6060
7F7F
7C7F
ENDCHAR
STARTCHAR uni316B
ENCODING 12651
SWIDTH 917 0
DWIDTH 22 0
BBX 19 12 2 3
BITMAP
FB3300
FB3300
1B3300
1B3300
1BF300
FBF300
FB3380
C33380
C33680
C336C0
FFFC60
FBF840
ENDCHAR
STARTCHAR uni316C
ENCODING 12652
SWIDTH 917 0
DWIDTH 22 0
BBX 16 13 3 3
BITMAP
0008
FF08
FF18
0318
031C
033C
7F34
7F26
6066
6062
6043
7FFF
7CFF
ENDCHAR
STARTCHAR uni316D
ENCODING 12653
SWIDTH 917 0
DWIDTH 22 0
BBX 16 12 3 3
BITMAP
FFFF
FFFF
0300
0300
0308
FF3E
FF67
C043
C043
C063
FF7E
FC3C
ENDCHAR
STARTCHAR uni316E
ENCODING 12654
SWIDTH 917 0
DWIDTH 22 0
BBX 15 12 4 3
BITMAP
FEC6
FEC6
86C6
86C6
86FE
86FE
86C6
86C6
86C6
86C6
FEFE
FEFE
ENDCHAR
STARTCHAR uni316F
ENCODING 12655
SWIDTH 917 0
DWIDTH 22 0
BBX 16 12 4 3
BITMAP
FE18
FE18
8618
8618
8618
8638
8638
8638
866C
86E6
FFC7
FF01
ENDCHAR
STARTCHAR uni3170
ENCODING 12656
SWIDTH 917 0
DWIDTH 22 0
BBX 15 13 4 3
BITMAP
0010
FE10
FE30
8630
8638
8678
8668
864C
86CC
86C4
8686
FFFE
FFFE
ENDCHAR
STARTCHAR uni3171
ENCODING 12657
SWIDTH 917 0
DWIDTH 22 0
BBX 11 17 6 1
BITMAP
FFE0
FFE0
8060
8060
8060
8060
8060
FFE0
FFE0
0000
0000
1E00
3300
2180
2180
3300
1E00
ENDCHAR
STARTCHAR uni3172
ENCODING 12658
SWIDTH 917 0
DWIDTH 22 0
BBX 15 12 4 3
BITMAP
C6FE
C6FE
C606
C606
FE06
FE06
C606
C606
C606
C606
FE06
FE06
ENDCHAR
STARTCHAR uni3173
ENCODING 12659
SWIDTH 917 0
DWIDTH 22 0
BBX 14 12 4 3
BITMAP
C6FC
C6FC
C6C0
C6C0
FEC0
FEC0
C6C0
C6C0
C6C0
C6C0
FEFC
FEFC
ENDCHAR
STARTCHAR uni3174
ENCODING 12660
SWIDTH 917 0
DWIDTH 22 0
BBX 18 12 2 3
BITMAP
C46FC0
C46FC0
C460C0
C460C0
FC60C0
FC60C0
C460C0
C4E0C0
C4F0C0
C5B0C0
FF1CC0
FD08C0
ENDCHAR
STARTCHAR uni3175
ENCODING 12661
SWIDTH 917 0
DWIDTH 22 0
BBX 18 12 2 3
BITMAP
CC47C0
CC47C0
CC4600
CC4600
FCC600
FCC600
CCE600
CCE600
CDA600
CDB600
FF1FC0
FE17C0
ENDCHAR
STARTCHAR uni3176
ENCODING 12662
SWIDTH 917 0
DWIDTH 22 0
BBX 17 12 4 3
BITMAP
C6FF00
C6FF00
C61800
C61800
FE1800
FE1800
C63800
C63C00
C66C00
C6E600
FFC380
FE8100
ENDCHAR
STARTCHAR uni3177
ENCODING 12663
SWIDTH 917 0
DWIDTH 22 0
BBX 15 12 4 3
BITMAP
C6FC
C6FC
C6C0
C6C0
FEC0
FEFC
C6FC
C6C0
C6C0
C6C0
FEFE
FEFE
ENDCHAR
STARTCHAR uni3178
ENCODING 12664
SWIDTH 917 0
DWIDTH 22 0
BBX 11 17 6 1
BITMAP
C060
C060
C060
FFE0
FFE0
C060
C060
FFE0
FFE0
0000
0000
1E00
3300
2180
2180
3300
1E00
ENDCHAR
STARTCHAR uni3179
ENCODING 12665
SWIDTH 917 0
DWIDTH 22 0
BBX 13 17 5 1
BITMAP
8D18
8D18
8D18
FDF8
8D18
8D18
8D18
FDF8
FDF8
0000
0000
0F00
1980
10C0
10C0
1980
0F00
ENDCHAR
STARTCHAR uni317A
ENCODING 12666
SWIDTH 917 0
DWIDTH 22 0
BBX 15 12 3 3
BITMAP
0CFE
0CFE
0C06
0C06
0C06
0C06
1C06
1E06
3606
7306
E1C6
4086
ENDCHAR
STARTCHAR uni317B
ENCODING 12667
SWIDTH 917 0
DWIDTH 22 0
BBX 16 12 3 3
BITMAP
0C60
0C60
0C60
0C60
0C60
0C60
1C60
1C60
3660
7360
E3FF
40FF
ENDCHAR
STARTCHAR uni317C
ENCODING 12668
SWIDTH 917 0
DWIDTH 22 0
BBX 16 12 3 3
BITMAP
0C7F
0C7F
0C60
0C60
0C60
1C60
1C60
1C60
3660
7360
E3FF
417F
ENDCHAR
STARTCHAR uni317D
ENCODING 12669
SWIDTH 917 0
DWIDTH 22 0
BBX 16 12 3 3
BITMAP
1843
1843
1843
1843
187F
187F
1C43
1C43
3643
6743
E3FF
817F
ENDCHAR
STARTCHAR uni317E
ENCODING 12670
SWIDTH 917 0
DWIDTH 22 0
BBX 17 12 3 3
BITMAP
0CFF00
0CFF00
0C1800
0C1800
0C1800
0C1800
1C1C00
1E1C00
363C00
736600
E3E380
41C100
ENDCHAR
STARTCHAR uni317F
ENCODING 12671
SWIDTH 917 0
DWIDTH 22 0
BBX 11 13 6 3
BITMAP
0400
0C00
0C00
1E00
1E00
1B00
3300
3100
6180
6180
60C0
FFC0
FFE0
ENDCHAR
STARTCHAR uni3180
ENCODING 12672
SWIDTH 917 0
DWIDTH 22 0
BBX 17 12 3 3
BITMAP
3C1E00
7E3F00
667300
C36180
C36180
C36180
C36180
C36180
C36300
663300
3E3E00
1C1C00
ENDCHAR
STARTCHAR uni3181
ENCODING 12673
SWIDTH 917 0
DWIDTH 22 0
BBX 12 15 5 2
BITMAP
0600
0600
0600
0600
1FC0
78E0
6070
C030
C030
C030
C030
C030
6060
3FC0
1F80
ENDCHAR
STARTCHAR uni3182
ENCODING 12674
SWIDTH 917 0
DWIDTH 22 0
BBX 17 12 3 3
BITMAP
181800
181800
181800
7E1800
671800
C31800
C31800
C33C00
C33C00
676600
7FC380
1C8100
ENDCHAR
STARTCHAR uni3183
ENCODING 12675
SWIDTH 917 0
DWIDTH 22 0
BBX 16 13 3 3
BITMAP
0008
1808
1818
1818
7E1C
673C
C334
C326
C366
C362
6743
7EFF
1CFF
ENDCHAR
STARTCHAR uni3184
ENCODING 12676
SWIDTH 917 0
DWIDTH 22 0
BBX 12 17 5 1
BITMAP
FFF0
FFF0
30C0
30C0
30C0
30C0
30C0
FFF0
FFF0
0000
0000
0F80
1980
10C0
10C0
1980
0F00
ENDCHAR
STARTCHAR uni3185
ENCODING 12677
SWIDTH 917 0
DWIDTH 22 0
BBX 16 12 3 3
BITMAP
1818
1818
FF7F
FF7F
0000
3C3E
6666
4263
4243
4263
6676
3C3C
ENDCHAR
STARTCHAR uni3186
ENCODING 12678
SWIDTH 917 0
DWIDTH 22 0
BBX 12 13 5 2
BITMAP
FFF0
0000
0000
1F80
39C0
6060
6060
6020
6060
6060
30E0
3FC0
0700
ENDCHAR
STARTCHAR uni3187
ENCODING 12679
SWIDTH 917 0
DWIDTH 22 0
BBX 20 22 1 -2
BITMAP
000180
000180
000180
000180
000180
000180
0001F0
0C61F0
0C6180
0C6180
0C6180
0C6180
0C61F0
0C6180
8DFD80
7FFD80
000180
000180
000180
000180
000180
000180
ENDCHAR
STARTCHAR uni3188
ENCODING 12680
SWIDTH 917 0
DWIDTH 22 0
BBX 18 22 2 -2
BITMAP
0000C0
0018C0
0018C0
0018C0
0018C0
0018C0
0018C0
331FC0
3318C0
3318C0
3318C0
3318C0
331FC0
331FC0
FFF8C0
FF18C0
0018C0
0018C0
0018C0
0018C0
0018C0
0000C0
ENDCHAR
STARTCHAR uni3189
ENCODING 12681
SWIDTH 917 0
DWIDTH 22 0
BBX 17 22 2 -2
BITMAP
000180
000180
000180
000180
000180
000180
000180
0C6180
0C6180
0C6180
0C6180
0C6180
0C6180
0C6180
FFFD80
7FE180
000180
000180
000180
000180
000180
000180
ENDCHAR
STARTCHAR uni318A
ENCODING 12682
SWIDTH 917 0
DWIDTH 22 0
BBX 18 21 2 -2
BITMAP
0000C0
0000C0
0000C0
0000C0
0000C0
0000C0
0000C0
0000C0
FFFCC0
FFF0C0
1980C0
199FC0
199FC0
1980C0
1980C0
199FC0
199FC0
1980C0
1980C0
0000C0
0000C0
ENDCHAR
STARTCHAR uni318B
ENCODING 12683
SWIDTH 917 0
DWIDTH 22 0
BBX 18 21 2 -2
BITMAP
000CC0
000CC0
000CC0
000CC0
000CC0
000CC0
000CC0
1FECC0
FFCCC0
330CC0
330CC0
337CC0
330CC0
330CC0
337CC0
337CC0
330CC0
330CC0
330CC0
000CC0
0000C0
ENDCHAR
STARTCHAR uni318C
ENCODING 12684
SWIDTH 917 0
DWIDTH 22 0
BBX 18 21 2 -2
BITMAP
0000C0
0000C0
0000C0
0000C0
0000C0
0000C0
0000C0
0000C0
0002C0
FFFEC0
FFE0C0
0C60C0
0C60C0
0C60C0
0C60C0
0C60C0
0C60C0
0C60C0
0C60C0
0000C0
0000C0
ENDCHAR
STARTCHAR uni318D
ENCODING 12685
SWIDTH 917 0
DWIDTH 22 0
BBX 3 3 10 7
BITMAP
E0
E0
C0
ENDCHAR
STARTCHAR uni318E
ENCODING 12686
SWIDTH 917 0
DWIDTH 22 0
BBX 7 22 8 -2
BITMAP
06
06
06
06
06
06
06
06
06
46
E6
E6
46
06
06
06
06
06
06
06
06
06
ENDCHAR
STARTCHAR uni31A0
ENCODING 12704
SWIDTH 1000 0
DWIDTH 24 0
BBX 16 21 4 -1
BITMAP
3000
3000
3000
3000
6000
6000
FFFF
7FFF
0003
0002
0002
0006
0006
0006
0006
00F6
01FC
010C
030C
0198
01F0
ENDCHAR
STARTCHAR uni31A1
ENCODING 12705
SWIDTH 1000 0
DWIDTH 24 0
BBX 18 20 3 -2
BITMAP
FFFFC0
FFFFC0
0180C0
0180C0
0180C0
0180C0
0180C0
0180C0
0180C0
018080
018180
019F80
018F00
018000
1F8000
318000
218000
310000
3F0000
1E0000
ENDCHAR
STARTCHAR uni31A2
ENCODING 12706
SWIDTH 1000 0
DWIDTH 24 0
BBX 13 22 5 -2
BITMAP
0018
0018
6018
6018
6018
6018
6018
6018
6018
6018
6018
61F8
7FD8
FC18
4018
0018
01F8
0318
0218
0318
03F0
01E0
ENDCHAR
STARTCHAR uni31A3
ENCODING 12707
SWIDTH 1000 0
DWIDTH 24 0
BBX 20 21 3 -1
BITMAP
040000
070600
060E00
0C0C00
0C1800
181800
383000
306000
60E000
C0C000
C18000
60C000
706000
303000
183000
1C19E0
0C0F60
060E30
070630
030370
0383E0
ENDCHAR
STARTCHAR uni31A4
ENCODING 12708
SWIDTH 1000 0
DWIDTH 24 0
BBX 20 19 2 0
BITMAP
030000
030000
030000
030000
030020
0307F0
03FF60
7FE060
FB00C0
0300C0
030180
030300
030000
030000
030000
030000
030000
038040
01FFE0
ENDCHAR
STARTCHAR uni31A5
ENCODING 12709
SWIDTH 1000 0
DWIDTH 24 0
BBX 20 21 2 -2
BITMAP
030000
030000
030000
030000
030020
0307F0
03FFE0
7FE060
FB00C0
0300C0
030180
030300
030000
030000
0301E0
030330
030310
038330
01FFE0
000180
0000C0
ENDCHAR
STARTCHAR uni31A6
ENCODING 12710
SWIDTH 1000 0
DWIDTH 24 0
BBX 20 19 2 -1
BITMAP
FFFFF0
FFFFF0
006000
006000
00C000
018000
038000
070000
0E0000
1C0000
380020
380060
1C00C0
0E0180
060300
038E00
01DC00
00F800
006000
ENDCHAR
STARTCHAR uni31A7
ENCODING 12711
SWIDTH 1000 0
DWIDTH 24 0
BBX 20 19 2 -1
BITMAP
FFFFF0
FFFFF0
006000
006000
00C000
018000
038000
070000
0E03C0
1C0660
380460
380460
1C06E0
0E03C0
0703C0
038E60
01DC00
00F800
006000
ENDCHAR
STARTCHAR uni31A8
ENCODING 12712
SWIDTH 1000 0
DWIDTH 24 0
BBX 21 20 1 -1
BITMAP
000060
000060
3000C0
1800C0
0C0180
070380
038700
01C600
00EC00
007FF8
003FF8
007C00
00EE00
01C700
038380
0701C0
1E00E0
380070
F00038
600010
ENDCHAR
STARTCHAR uni31A9
ENCODING 12713
SWIDTH 1000 0
DWIDTH 24 0
BBX 18 21 3 -2
BITMAP
C000C0
700180
380300
1C0600
0E0C00
071800
03F000
01E000
00C000
00C000
00C000
00C000
00C000
00C000
03C000
0FF000
18F800
18D000
18C000
0F8000
070000
ENDCHAR
STARTCHAR uni31AA
ENCODING 12714
SWIDTH 1000 0
DWIDTH 24 0
BBX 21 9 2 6
BITMAP
000040
0003F0
000330
000618
000C30
FFFFF0
FFFFE0
000C00
000800
ENDCHAR
STARTCHAR uni31AB
ENCODING 12715
SWIDTH 1000 0
DWIDTH 24 0
BBX 22 20 1 -1
BITMAP
000060
000060
3800C0
1C00C0
0E0180
070380
018700
00C600
006C00
003C00
003800
007C00
00EE00
01C670
0383F8
07038C
1E078C
380CCC
F00478
600020
ENDCHAR
STARTCHAR uni31AC
ENCODING 12716
SWIDTH 1000 0
DWIDTH 24 0
BBX 19 19 3 -1
BITMAP
FFFFE0
FFFFE0
C0C060
C0C060
C0C060
C0C060
C0C060
C0C060
C0C060
C0C060
C0C060
C0C060
C0C060
C0C060
C0C060
C0C060
C0C060
C0C060
C00060
ENDCHAR
STARTCHAR uni31AD
ENCODING 12717
SWIDTH 1000 0
DWIDTH 24 0
BBX 22 19 1 -1
BITMAP
7FFFF8
7FFFF8
063180
063180
063180
063180
063180
063180
063180
063180
043180
0C3180
0C3180
0C3180
183180
3030FC
7030FC
E03000
403000
ENDCHAR
STARTCHAR uni31AE
ENCODING 12718
SWIDTH 1000 0
DWIDTH 24 0
BBX 21 19 1 -1
BITMAP
7FFFF8
7FFFF8
001800
0C1800
0C1800
181000
183000
183020
3FFFF0
202030
006060
006060
00C060
7CC060
CF8040
C700C0
CF00C0
7F80C0
118180
ENDCHAR
STARTCHAR uni31AF
ENCODING 12719
SWIDTH 1000 0
DWIDTH 24 0
BBX 18 21 4 -1
BITMAP
010000
01C000
018000
030000
060000
0E0400
0C0E00
181C00
301800
60F000
FFE000
F0C000
018000
030300
0607C0
0C0C40
181840
3018C0
FFFF80
FFF000
803000
ENDCHAR
STARTCHAR uni31B0
ENCODING 12720
SWIDTH 1000 0
DWIDTH 24 0
BBX 18 21 3 -1
BITMAP
200100
700380
380700
1C0600
0C0C00
061800
033000
03F000
FFFFC0
FFFFC0
C0C0C0
C0C0C0
C0C0C0
C0C0C0
C0C0C0
C0C0C0
C0C0C0
C0C0C0
C0C0C0
C0C0C0
C0C0C0
ENDCHAR
STARTCHAR uni31B1
ENCODING 12721
SWIDTH 1000 0
DWIDTH 24 0
BBX 20 19 2 -1
BITMAP
FFFFF0
002000
006000
006000
004000
7FFFF0
408030
418030
410030
430030
460230
460730
430630
418C30
41F830
40F030
404030
400030
400030
ENDCHAR
STARTCHAR uni31B2
ENCODING 12722
SWIDTH 1000 0
DWIDTH 24 0
BBX 20 16 2 0
BITMAP
FFFFF0
FFFFF0
006000
006000
006000
006000
006000
006000
006000
006000
006000
006000
006000
006000
7FFFE0
7FFFE0
ENDCHAR
STARTCHAR uni31B3
ENCODING 12723
SWIDTH 1000 0
DWIDTH 24 0
BBX 10 21 6 -2
BITMAP
0600
0600
0600
0600
0600
0600
0600
0600
0600
0600
0600
0600
0600
0600
7F00
E7C0
C6C0
C600
C600
7C00
3800
ENDCHAR
STARTCHAR uni31B4
ENCODING 12724
SWIDTH 583 0
DWIDTH 14 0
BBX 9 11 3 -1
BITMAP
6000
4000
C000
FF80
FF80
0180
0100
0100
0300
0300
1E00
ENDCHAR
STARTCHAR uni31B5
ENCODING 12725
SWIDTH 583 0
DWIDTH 14 0
BBX 10 11 2 -1
BITMAP
3000
2000
6000
6000
FFC0
08C0
18C0
18C0
3080
6180
CF80
ENDCHAR
STARTCHAR uni31B6
ENCODING 12726
SWIDTH 583 0
DWIDTH 14 0
BBX 11 10 2 -1
BITMAP
FFE0
FFE0
3000
3000
3FC0
7F80
0080
0180
0180
0F80
ENDCHAR
STARTCHAR uni31B7
ENCODING 12727
SWIDTH 583 0
DWIDTH 14 0
BBX 11 10 2 -2
BITMAP
7FE0
6000
6000
6000
6000
6000
6000
6000
C000
4000
ENDCHAR
STARTCHAR uni31B8
ENCODING 12728
SWIDTH 1000 0
DWIDTH 24 0
BBX 19 14 3 2
BITMAP
7FFFC0
7FFF80
000700
000E00
001C00
003800
006000
01C000
038000
060000
1C0000
380000
FFFFE0
7FFFE0
ENDCHAR
STARTCHAR uni31B9
ENCODING 12729
SWIDTH 1000 0
DWIDTH 24 0
BBX 18 14 4 3
BITMAP
800000
800000
800000
800000
800000
800000
800000
800000
800000
800000
800000
800000
FFFFC0
FFFFC0
ENDCHAR
STARTCHAR uni31BA
ENCODING 12730
SWIDTH 1000 0
DWIDTH 24 0
BBX 22 17 1 1
BITMAP
003000
003000
003000
003000
003000
003000
FFFFFC
FFFFFC
003000
003000
003000
003000
003000
003000
003000
003000
003000
ENDCHAR
STARTCHAR uni31BB
ENCODING 12731
SWIDTH 583 0
DWIDTH 14 0
BBX 11 11 2 -2
BITMAP
1880
18C0
3180
6300
4200
C600
6300
3180
18C0
1CE0
0840
ENDCHAR
STARTCHAR uni31F0
ENCODING 12784
SWIDTH 1000 0
DWIDTH 24 0
BBX 15 17 4 -1
BITMAP
0200
0380
0300
07FC
0FFE
0C06
180C
700C
E018
4018
0030
0070
00E0
01C0
0780
1E00
3800
ENDCHAR
STARTCHAR uni31F1
ENCODING 12785
SWIDTH 1000 0
DWIDTH 24 0
BBX 16 16 4 -1
BITMAP
0800
1E00
0780
0300
0000
E001
7803
1C07
080E
001C
0038
0070
01C0
0F80
7E00
3000
ENDCHAR
STARTCHAR uni31F2
ENCODING 12786
SWIDTH 1000 0
DWIDTH 24 0
BBX 16 15 4 -1
BITMAP
3FF8
3FFC
0018
0018
0030
0030
0060
00C0
01E0
03B0
0718
0C0C
380E
F007
4002
ENDCHAR
STARTCHAR uni31F3
ENCODING 12787
SWIDTH 1000 0
DWIDTH 24 0
BBX 10 16 9 -1
BITMAP
C000
C000
C000
C000
C000
C000
F000
FE00
CF80
C1C0
C040
C000
C000
C000
C000
C000
ENDCHAR
STARTCHAR uni31F4
ENCODING 12788
SWIDTH 1000 0
DWIDTH 24 0
BBX 14 15 4 -1
BITMAP
3FF8
3FFC
000C
0018
0018
1830
0E30
0760
01E0
00E0
01F0
071C
0E0C
F804
7000
ENDCHAR
STARTCHAR uni31F5
ENCODING 12789
SWIDTH 1000 0
DWIDTH 24 0
BBX 17 13 4 0
BITMAP
063000
0C3000
0C1800
0C1800
0C0C00
180C00
180400
180600
300600
300300
600300
E00300
C00180
ENDCHAR
STARTCHAR uni31F6
ENCODING 12790
SWIDTH 1000 0
DWIDTH 24 0
BBX 13 15 6 0
BITMAP
C000
4000
4000
4010
40F0
47C0
7E00
7000
4000
4000
4000
4000
4000
7078
7FF8
ENDCHAR
STARTCHAR uni31F7
ENCODING 12791
SWIDTH 1000 0
DWIDTH 24 0
BBX 14 15 5 -1
BITMAP
FFF8
FFFC
000C
000C
0018
0018
0018
0030
0070
00E0
01C0
0380
0F00
3C00
1000
ENDCHAR
STARTCHAR uni31F8
ENCODING 12792
SWIDTH 1000 0
DWIDTH 24 0
BBX 18 12 3 0
BITMAP
038000
07C000
0EE000
0C7000
183800
301C00
F00E00
600700
200300
000180
0000C0
000080
ENDCHAR
STARTCHAR uni31F9
ENCODING 12793
SWIDTH 1000 0
DWIDTH 24 0
BBX 17 17 3 -1
BITMAP
00C000
00C000
00C000
00C000
7FFF80
00C000
00C000
00C000
0CCC00
18C600
30C300
70C300
E0C180
40C100
00C000
07C000
018000
ENDCHAR
STARTCHAR uni31FA
ENCODING 12794
SWIDTH 1000 0
DWIDTH 24 0
BBX 17 16 4 -1
BITMAP
020000
018000
010000
030000
030000
030000
060000
060000
061800
0C0C00
0C0600
0C0600
181F00
FFFF00
FF0180
000180
ENDCHAR
STARTCHAR uni31FB
ENCODING 12795
SWIDTH 1000 0
DWIDTH 24 0
BBX 15 16 4 -2
BITMAP
3FFC
3FFC
0000
0000
8004
FFFE
0006
000C
000C
0018
0038
0070
00E0
0780
1F00
0800
ENDCHAR
STARTCHAR uni31FC
ENCODING 12796
SWIDTH 1000 0
DWIDTH 24 0
BBX 11 16 6 -2
BITMAP
C060
C060
C060
C060
C060
C060
C060
C060
C060
0060
00C0
00C0
0180
0700
1E00
0800
ENDCHAR
STARTCHAR uni31FD
ENCODING 12797
SWIDTH 1000 0
DWIDTH 24 0
BBX 18 15 3 -1
BITMAP
0C6000
0C2000
0C2000
0C2000
0C2000
0C2000
0C2000
0C2040
0C20C0
082180
182300
182E00
303C00
E07800
202000
ENDCHAR
STARTCHAR uni31FE
ENCODING 12798
SWIDTH 1000 0
DWIDTH 24 0
BBX 14 15 7 -1
BITMAP
C000
4000
4000
4000
4000
4000
4008
400C
4018
4070
40E0
43C0
5F00
FC00
6000
ENDCHAR
STARTCHAR uni31FF
ENCODING 12799
SWIDTH 1000 0
DWIDTH 24 0
BBX 14 13 5 0
BITMAP
FFFC
FFFC
C00C
C00C
C00C
C00C
C00C
C00C
C00C
C00C
C00C
FFFC
C00C
ENDCHAR
STARTCHAR uniF001
ENCODING 61441
SWIDTH 500 0
DWIDTH 12 0
BBX 10 17 0 0
BITMAP
1CC0
3CC0
3000
3000
FCC0
FCC0
30C0
30C0
30C0
30C0
30C0
30C0
30C0
30C0
30C0
30C0
30C0
ENDCHAR
STARTCHAR uniF002
ENCODING 61442
SWIDTH 500 0
DWIDTH 12 0
BBX 10 17 0 0
BITMAP
1CC0
3CC0
30C0
30C0
FCC0
FCC0
30C0
30C0
30C0
30C0
30C0
30C0
30C0
30C0
30C0
30C0
30C0
ENDCHAR
STARTCHAR uniF005
ENCODING 61445
SWIDTH 333 0
DWIDTH 8 0
BBX 4 4 1 -5
BITMAP
E0
30
30
E0
ENDCHAR
STARTCHAR uniFB00
ENCODING 64256
SWIDTH 625 0
DWIDTH 15 0
BBX 15 19 1 0
BITMAP
1F3E
3F32
3070
3060
3060
3060
FFFC
FFFC
3060
3060
3060
3060
3060
3060
3060
3060
3060
3060
3060
ENDCHAR
STARTCHAR uniF001
ENCODING 64257
SWIDTH 500 0
DWIDTH 12 0
BBX 10 17 0 0
BITMAP
1CC0
3CC0
3000
3000
FCC0
FCC0
30C0
30C0
30C0
30C0
30C0
30C0
30C0
30C0
30C0
30C0
30C0
ENDCHAR
STARTCHAR uniF002
ENCODING 64258
SWIDTH 500 0
DWIDTH 12 0
BBX 10 17 0 0
BITMAP
1CC0
3CC0
30C0
30C0
FCC0
FCC0
30C0
30C0
30C0
30C0
30C0
30C0
30C0
30C0
30C0
30C0
30C0
ENDCHAR
STARTCHAR uniFB03
ENCODING 64259
SWIDTH 917 0
DWIDTH 22 0
BBX 19 19 1 0
BITMAP
1F3E40
3F32E0
3070E0
306000
306000
306000
FFFC60
FFFC60
306060
306060
306060
306060
306060
306060
306060
306060
306060
306060
306060
ENDCHAR
STARTCHAR uniFB04
ENCODING 64260
SWIDTH 917 0
DWIDTH 22 0
BBX 20 19 1 0
BITMAP
1F3E60
3F3260
307060
306060
306060
306060
FFFC60
FFFC60
306060
306060
306060
306060
306060
306060
306060
306060
306060
306070
306070
ENDCHAR
STARTCHAR uniFE10
ENCODING 65040
SWIDTH 1000 0
DWIDTH 24 0
BBX 4 8 16 13
BITMAP
70
70
70
10
10
30
60
C0
ENDCHAR
STARTCHAR uniFE11
ENCODING 65041
SWIDTH 1000 0
DWIDTH 24 0
BBX 7 7 16 13
BITMAP
40
E0
70
38
1C
0E
04
ENDCHAR
STARTCHAR uniFE12
ENCODING 65042
SWIDTH 1000 0
DWIDTH 24 0
BBX 7 8 16 12
BITMAP
10
7C
86
82
82
86
7C
30
ENDCHAR
STARTCHAR uniFE13
ENCODING 65043
SWIDTH 1000 0
DWIDTH 24 0
BBX 3 15 16 3
BITMAP
E0
E0
E0
00
00
00
00
00
00
00
00
40
E0
E0
E0
ENDCHAR
STARTCHAR uniFE14
ENCODING 65044
SWIDTH 1000 0
DWIDTH 24 0
BBX 5 19 15 -1
BITMAP
70
70
70
00
00
00
00
00
00
00
70
70
78
18
10
30
60
C0
80
ENDCHAR
STARTCHAR uniFE15
ENCODING 65045
SWIDTH 1000 0
DWIDTH 24 0
BBX 3 18 16 2
BITMAP
E0
E0
E0
E0
E0
E0
C0
C0
C0
C0
C0
40
00
00
00
C0
E0
E0
ENDCHAR
STARTCHAR uniFE16
ENCODING 65046
SWIDTH 1000 0
DWIDTH 24 0
BBX 12 18 11 2
BITMAP
0FC0
3FE0
F070
4030
0030
0030
0060
00C0
0180
0300
0600
0600
0000
0000
0000
0600
0700
0600
ENDCHAR
STARTCHAR uniFE17
ENCODING 65047
SWIDTH 1000 0
DWIDTH 24 0
BBX 22 8 1 -2
BITMAP
FFFFFC
81FE04
860184
980064
A00014
C0000C
800004
800004
ENDCHAR
STARTCHAR uniFE18
ENCODING 65048
SWIDTH 1000 0
DWIDTH 24 0
BBX 22 8 1 12
BITMAP
800004
800004
C0000C
A00014
980064
870384
80FC04
FFFFFC
ENDCHAR
STARTCHAR uniFE19
ENCODING 65049
SWIDTH 1000 0
DWIDTH 24 0
BBX 4 19 10 0
BITMAP
60
F0
60
00
00
00
00
00
60
F0
60
00
00
00
00
00
60
F0
60
ENDCHAR
STARTCHAR uniFE30
ENCODING 65072
SWIDTH 1000 0
DWIDTH 24 0
BBX 4 15 10 2
BITMAP
60
F0
60
00
00
00
00
00
00
00
00
00
60
F0
60
ENDCHAR
STARTCHAR uniFE31
ENCODING 65073
SWIDTH 1000 0
DWIDTH 24 0
BBX 2 20 11 -1
BITMAP
C0
C0
C0
C0
C0
C0
C0
C0
C0
C0
C0
C0
C0
C0
C0
C0
C0
C0
C0
C0
ENDCHAR
STARTCHAR uniFE32
ENCODING 65074
SWIDTH 1000 0
DWIDTH 24 0
BBX 2 6 11 6
BITMAP
C0
C0
C0
C0
C0
C0
ENDCHAR
STARTCHAR uniFE33
ENCODING 65075
SWIDTH 1000 0
DWIDTH 24 0
BBX 1 24 0 -3
BITMAP
80
80
80
80
80
80
80
80
80
80
80
80
80
80
80
80
80
80
80
80
80
80
80
80
ENDCHAR
STARTCHAR uniFE34
ENCODING 65076
SWIDTH 1000 0
DWIDTH 24 0
BBX 3 24 1 -3
BITMAP
80
C0
40
60
60
40
C0
80
80
C0
40
60
60
40
C0
80
80
C0
40
60
60
40
C0
80
ENDCHAR
STARTCHAR uniFE35
ENCODING 65077
SWIDTH 1000 0
DWIDTH 24 0
BBX 22 6 1 -2
BITMAP
03FF00
1F87E0
380070
E0001C
C0000C
800004
ENDCHAR
STARTCHAR uniFE36
ENCODING 65078
SWIDTH 1000 0
DWIDTH 24 0
BBX 22 6 1 14
BITMAP
800004
C0000C
700038
3C00F0
0FFFC0
03FF00
ENDCHAR
STARTCHAR uniFE37
ENCODING 65079
SWIDTH 1000 0
DWIDTH 24 0
BBX 22 6 1 -2
BITMAP
003000
003000
FFFFFC
E7879C
800004
800004
ENDCHAR
STARTCHAR uniFE38
ENCODING 65080
SWIDTH 1000 0
DWIDTH 24 0
BBX 22 6 1 14
BITMAP
800004
800004
FFCFFC
7FFFF8
003000
003000
ENDCHAR
STARTCHAR uniFE39
ENCODING 65081
SWIDTH 1000 0
DWIDTH 24 0
BBX 22 6 1 -2
BITMAP
1FFFE0
3FFFF0
600018
400008
C0000C
800004
ENDCHAR
STARTCHAR uniFE3A
ENCODING 65082
SWIDTH 1000 0
DWIDTH 24 0
BBX 22 6 1 14
BITMAP
800004
C0000C
400008
600018
3FFFF0
1FFFE0
ENDCHAR
STARTCHAR uniFE3B
ENCODING 65083
SWIDTH 1000 0
DWIDTH 24 0
BBX 22 7 1 -2
BITMAP
FFFFFC
FFFFFC
FF03FC
F8007C
E0001C
C0000C
800004
ENDCHAR
STARTCHAR uniFE3C
ENCODING 65084
SWIDTH 1000 0
DWIDTH 24 0
BBX 22 7 1 13
BITMAP
800004
C0000C
E0001C
FC00FC
FFFFFC
FFFFFC
FFFFFC
ENDCHAR
STARTCHAR uniFE3D
ENCODING 65085
SWIDTH 1000 0
DWIDTH 24 0
BBX 22 10 1 -2
BITMAP
007800
01CE00
070380
1C20E0
707838
C1CE0C
0F03C0
380070
E0001C
800004
ENDCHAR
STARTCHAR uniFE3E
ENCODING 65086
SWIDTH 1000 0
DWIDTH 24 0
BBX 22 10 1 10
BITMAP
C0000C
700038
1C00E0
070380
C1CE0C
707838
1C00E0
070380
00FC00
003000
ENDCHAR
STARTCHAR uniFE3F
ENCODING 65087
SWIDTH 1000 0
DWIDTH 24 0
BBX 22 9 1 -2
BITMAP
003000
007800
01CE00
078780
0E01C0
380070
700038
C0000C
800004
ENDCHAR
STARTCHAR uniFE40
ENCODING 65088
SWIDTH 1000 0
DWIDTH 24 0
BBX 22 9 1 11
BITMAP
800004
E0001C
700038
1C00E0
0E01C0
038700
01CE00
007800
002000
ENDCHAR
STARTCHAR uniFE41
ENCODING 65089
SWIDTH 1000 0
DWIDTH 24 0
BBX 17 8 6 -2
BITMAP
FFFF80
FFFF80
000080
000080
000080
000080
000080
000080
ENDCHAR
STARTCHAR uniFE42
ENCODING 65090
SWIDTH 1000 0
DWIDTH 24 0
BBX 17 7 1 13
BITMAP
800000
800000
800000
800000
800000
800000
FFFF80
ENDCHAR
STARTCHAR uniFE43
ENCODING 65091
SWIDTH 1000 0
DWIDTH 24 0
BBX 16 8 7 -2
BITMAP
FFFF
8001
FFF1
0009
0009
0009
0009
000F
ENDCHAR
STARTCHAR uniFE44
ENCODING 65092
SWIDTH 1000 0
DWIDTH 24 0
BBX 16 8 1 12
BITMAP
F000
9000
9000
9000
9FFF
8001
8001
FFFF
ENDCHAR
STARTCHAR uniFE45
ENCODING 65093
SWIDTH 1000 0
DWIDTH 24 0
BBX 16 16 4 1
BITMAP
4000
F800
3E00
1F80
0FE0
07F0
03F8
03FC
01FE
00FE
00FF
007F
007F
003F
003F
001E
ENDCHAR
STARTCHAR uniFE46
ENCODING 65094
SWIDTH 1000 0
DWIDTH 24 0
BBX 16 16 4 1
BITMAP
4000
F800
6700
1180
0860
0C30
0618
020C
0106
0182
0083
00C1
0041
0021
0033
001E
ENDCHAR
STARTCHAR uniFE47
ENCODING 65095
SWIDTH 1000 0
DWIDTH 24 0
BBX 22 6 1 -2
BITMAP
FFFFFC
FFFFFC
800004
800004
800004
800004
ENDCHAR
STARTCHAR uniFE48
ENCODING 65096
SWIDTH 1000 0
DWIDTH 24 0
BBX 22 6 1 14
BITMAP
800004
800004
800004
800004
FFFFFC
FFFFFC
ENDCHAR
STARTCHAR uniFE49
ENCODING 65097
SWIDTH 1000 0
DWIDTH 24 0
BBX 14 1 5 18
BITMAP
F7BC
ENDCHAR
STARTCHAR uniFE4A
ENCODING 65098
SWIDTH 1000 0
DWIDTH 24 0
BBX 14 1 5 18
BITMAP
FB7C
ENDCHAR
STARTCHAR uniFE4B
ENCODING 65099
SWIDTH 1000 0
DWIDTH 24 0
BBX 24 2 0 18
BITMAP
C3C3C3
7E7E7E
ENDCHAR
STARTCHAR uniFE4C
ENCODING 65100
SWIDTH 1000 0
DWIDTH 24 0
BBX 24 5 0 15
BITMAP
C3C3C3
7E7E7E
818181
E7E7E7
3C3C3C
ENDCHAR
STARTCHAR uniFE4D
ENCODING 65101
SWIDTH 1000 0
DWIDTH 24 0
BBX 14 1 5 0
BITMAP
F7BC
ENDCHAR
STARTCHAR uniFE4E
ENCODING 65102
SWIDTH 1000 0
DWIDTH 24 0
BBX 14 1 5 0
BITMAP
FB7C
ENDCHAR
STARTCHAR uniFE4F
ENCODING 65103
SWIDTH 1000 0
DWIDTH 24 0
BBX 24 3 0 -2
BITMAP
818181
E7E7E7
3C3C3C
ENDCHAR
STARTCHAR uniFE50
ENCODING 65104
SWIDTH 1000 0
DWIDTH 24 0
BBX 3 7 10 -4
BITMAP
40
60
60
20
20
C0
80
ENDCHAR
STARTCHAR uniFE51
ENCODING 65105
SWIDTH 1000 0
DWIDTH 24 0
BBX 6 6 9 -2
BITMAP
40
E0
70
38
1C
08
ENDCHAR
STARTCHAR uniFE52
ENCODING 65106
SWIDTH 1000 0
DWIDTH 24 0
BBX 2 3 11 0
BITMAP
C0
C0
C0
ENDCHAR
STARTCHAR uniFE54
ENCODING 65108
SWIDTH 1000 0
DWIDTH 24 0
BBX 3 15 10 -4
BITMAP
60
60
60
00
00
00
00
00
40
60
60
20
20
C0
80
ENDCHAR
STARTCHAR uniFE55
ENCODING 65109
SWIDTH 1000 0
DWIDTH 24 0
BBX 2 11 11 0
BITMAP
C0
C0
C0
00
00
00
00
00
C0
C0
C0
ENDCHAR
STARTCHAR uniFE56
ENCODING 65110
SWIDTH 1000 0
DWIDTH 24 0
BBX 10 16 7 -2
BITMAP
1F00
7F80
C0C0
00C0
00C0
0180
0300
0600
0C00
0C00
0C00
0000
0800
1C00
1C00
0800
ENDCHAR
STARTCHAR uniFE57
ENCODING 65111
SWIDTH 1000 0
DWIDTH 24 0
BBX 2 16 11 -2
BITMAP
C0
C0
C0
C0
C0
C0
C0
C0
C0
C0
C0
00
C0
C0
C0
80
ENDCHAR
STARTCHAR uniFE58
ENCODING 65112
SWIDTH 1000 0
DWIDTH 24 0
BBX 14 2 5 2
BITMAP
FFFC
FFFC
ENDCHAR
STARTCHAR uniFE59
ENCODING 65113
SWIDTH 1000 0
DWIDTH 24 0
BBX 4 16 10 -2
BITMAP
30
60
40
C0
C0
80
80
80
80
80
C0
C0
40
60
30
10
ENDCHAR
STARTCHAR uniFE5A
ENCODING 65114
SWIDTH 1000 0
DWIDTH 24 0
BBX 4 16 10 -2
BITMAP
C0
40
60
20
30
30
10
10
10
30
30
30
20
60
C0
80
ENDCHAR
STARTCHAR uniFE5B
ENCODING 65115
SWIDTH 1000 0
DWIDTH 24 0
BBX 5 15 9 -1
BITMAP
18
30
20
20
30
30
20
E0
20
30
30
20
20
20
38
ENDCHAR
STARTCHAR uniFE5C
ENCODING 65116
SWIDTH 1000 0
DWIDTH 24 0
BBX 5 15 9 -1
BITMAP
E0
30
30
30
30
30
30
18
30
30
30
30
30
30
E0
ENDCHAR
STARTCHAR uniFE5D
ENCODING 65117
SWIDTH 1000 0
DWIDTH 24 0
BBX 4 15 10 -1
BITMAP
10
70
C0
80
80
80
80
80
80
80
80
80
80
E0
30
ENDCHAR
STARTCHAR uniFE5E
ENCODING 65118
SWIDTH 1000 0
DWIDTH 24 0
BBX 4 15 10 -1
BITMAP
80
E0
30
10
10
10
10
10
10
10
10
10
10
E0
80
ENDCHAR
STARTCHAR uniFE5F
ENCODING 65119
SWIDTH 1000 0
DWIDTH 24 0
BBX 8 15 8 -1
BITMAP
12
32
32
22
FF
FF
24
24
24
FF
64
44
4C
4C
48
ENDCHAR
STARTCHAR uniFE60
ENCODING 65120
SWIDTH 1000 0
DWIDTH 24 0
BBX 13 15 6 -1
BITMAP
0E00
3F00
3100
2100
2100
3300
1E00
1810
7C30
C630
C320
C1E0
C0E0
61F0
7F38
ENDCHAR
STARTCHAR uniFE61
ENCODING 65121
SWIDTH 1000 0
DWIDTH 24 0
BBX 6 7 9 7
BITMAP
30
30
FC
78
30
48
CC
ENDCHAR
STARTCHAR uniFE62
ENCODING 65122
SWIDTH 1000 0
DWIDTH 24 0
BBX 8 10 8 1
BITMAP
18
18
18
18
18
FF
18
18
18
18
ENDCHAR
STARTCHAR uniFE63
ENCODING 65123
SWIDTH 1000 0
DWIDTH 24 0
BBX 8 1 8 5
BITMAP
FF
ENDCHAR
STARTCHAR uniFE64
ENCODING 65124
SWIDTH 1000 0
DWIDTH 24 0
BBX 9 9 7 1
BITMAP
0080
0780
1E00
7000
C000
3800
0F00
0380
0080
ENDCHAR
STARTCHAR uniFE65
ENCODING 65125
SWIDTH 1000 0
DWIDTH 24 0
BBX 9 9 7 1
BITMAP
C000
F000
1E00
0780
0180
0F00
3C00
E000
8000
ENDCHAR
STARTCHAR uniFE66
ENCODING 65126
SWIDTH 1000 0
DWIDTH 24 0
BBX 8 6 8 3
BITMAP
FF
FF
00
00
00
FF
ENDCHAR
STARTCHAR uniFE68
ENCODING 65128
SWIDTH 1000 0
DWIDTH 24 0
BBX 7 16 8 -2
BITMAP
C0
40
60
20
20
30
10
10
18
08
0C
0C
04
06
02
02
ENDCHAR
STARTCHAR uniFE69
ENCODING 65129
SWIDTH 1000 0
DWIDTH 24 0
BBX 10 19 7 -3
BITMAP
0C00
0C00
0C00
3F80
61C0
C080
C000
E000
7800
1F00
0380
00C0
00C0
80C0
C1C0
7F80
0C00
0C00
0C00
ENDCHAR
STARTCHAR uniFE6A
ENCODING 65130
SWIDTH 1000 0
DWIDTH 24 0
BBX 16 14 4 -1
BITMAP
7810
4430
C420
C640
C640
C49C
44B6
7923
0123
0223
0623
0423
0C36
081C
ENDCHAR
STARTCHAR uniFE6B
ENCODING 65131
SWIDTH 1000 0
DWIDTH 24 0
BBX 15 16 5 -2
BITMAP
0FE0
1818
300C
6004
C3E4
C6C6
8C46
8846
88C4
88C4
8F58
C670
4000
6000
38E0
0F80
ENDCHAR
STARTCHAR uniFF01
ENCODING 65281
SWIDTH 1000 0
DWIDTH 24 0
BBX 4 18 10 0
BITMAP
60
60
60
60
60
60
60
60
60
60
60
60
00
00
00
60
F0
60
ENDCHAR
STARTCHAR uniFF02
ENCODING 65282
SWIDTH 1000 0
DWIDTH 24 0
BBX 8 8 8 13
BITMAP
E7
C3
C3
C3
C3
C3
C3
42
ENDCHAR
STARTCHAR uniFF03
ENCODING 65283
SWIDTH 1000 0
DWIDTH 24 0
BBX 16 18 4 0
BITMAP
0618
0618
0610
0410
0410
7FFF
0410
0C30
0C30
0C30
0C30
FFFE
FFFE
0820
0820
0860
1860
1860
ENDCHAR
STARTCHAR uniFF04
ENCODING 65284
SWIDTH 1000 0
DWIDTH 24 0
BBX 13 24 5 -3
BITMAP
0300
0300
0300
07C0
1FF0
3838
7010
6000
7000
3800
3E00
0F80
03E0
0070
0038
0018
0018
4018
F038
3FF0
0FC0
0300
0300
0300
ENDCHAR
STARTCHAR uniFF05
ENCODING 65285
SWIDTH 1000 0
DWIDTH 24 0
BBX 20 18 2 0
BITMAP
3C0300
660600
C20400
C30C00
C30800
C31800
C31000
C323C0
C26660
7E4430
3CCC30
008C30
018C30
010C30
030C30
020430
060660
0C03C0
ENDCHAR
STARTCHAR uniFF06
ENCODING 65286
SWIDTH 1000 0
DWIDTH 24 0
BBX 15 18 5 0
BITMAP
0F00
1F80
30C0
30C0
30C0
3180
3380
1F00
1C02
3E0C
670C
C38C
C1D8
C0F8
C070
C0F8
7BDE
3F84
ENDCHAR
STARTCHAR uniFF07
ENCODING 65287
SWIDTH 1000 0
DWIDTH 24 0
BBX 2 8 11 13
BITMAP
C0
C0
C0
C0
C0
C0
C0
C0
ENDCHAR
STARTCHAR uniFF08
ENCODING 65288
SWIDTH 1000 0
DWIDTH 24 0
BBX 6 23 17 -2
BITMAP
08
0C
18
30
60
60
40
C0
C0
C0
80
80
80
C0
C0
C0
C0
60
60
30
30
18
0C
ENDCHAR
STARTCHAR uniFF09
ENCODING 65289
SWIDTH 1000 0
DWIDTH 24 0
BBX 6 23 1 -2
BITMAP
40
C0
60
30
18
18
08
0C
0C
0C
04
04
04
0C
0C
0C
0C
18
18
30
30
60
C0
ENDCHAR
STARTCHAR uniFF0A
ENCODING 65290
SWIDTH 1000 0
DWIDTH 24 0
BBX 16 18 4 0
BITMAP
0180
0180
0180
0180
C183
718E
399C
0FF0
03C0
07E0
0FF0
399C
E187
8181
0180
0180
0180
0180
ENDCHAR
STARTCHAR uniFF0B
ENCODING 65291
SWIDTH 1000 0
DWIDTH 24 0
BBX 18 18 3 0
BITMAP
00C000
00C000
00C000
00C000
00C000
00C000
00C000
00C000
FFFFC0
FFFFC0
00C000
00C000
00C000
00C000
00C000
00C000
00C000
00C000
ENDCHAR
STARTCHAR uniFF0C
ENCODING 65292
SWIDTH 1000 0
DWIDTH 24 0
BBX 5 9 3 -3
BITMAP
30
78
78
38
18
10
30
E0
80
ENDCHAR
STARTCHAR uniFF0D
ENCODING 65293
SWIDTH 1000 0
DWIDTH 24 0
BBX 18 2 3 8
BITMAP
FFFFC0
FFFFC0
ENDCHAR
STARTCHAR uniFF0E
ENCODING 65294
SWIDTH 1000 0
DWIDTH 24 0
BBX 4 4 4 0
BITMAP
60
F0
F0
60
ENDCHAR
STARTCHAR uniFF0F
ENCODING 65295
SWIDTH 1000 0
DWIDTH 24 0
BBX 22 22 1 -2
BITMAP
000004
000008
000010
000020
000040
000080
000100
000200
000400
000800
001000
002000
004000
008000
010000
020000
040000
080000
100000
200000
400000
800000
ENDCHAR
STARTCHAR uniFF10
ENCODING 65296
SWIDTH 1000 0
DWIDTH 24 0
BBX 14 18 5 0
BITMAP
0780
1FE0
3870
3030
6018
6018
6018
6018
6018
E01C
6018
6018
6018
6018
7038
3030
1FE0
0FC0
ENDCHAR
STARTCHAR uniFF11
ENCODING 65297
SWIDTH 1000 0
DWIDTH 24 0
BBX 12 18 6 0
BITMAP
0200
3E00
7E00
0600
0600
0600
0600
0600
0600
0600
0600
0600
0600
0600
0600
0600
FFF0
FFF0
ENDCHAR
STARTCHAR uniFF12
ENCODING 65298
SWIDTH 1000 0
DWIDTH 24 0
BBX 12 18 6 0
BITMAP
1F00
7FC0
E0E0
C060
0060
0070
0060
0060
00E0
00C0
0180
0380
0700
0E00
1800
7000
FFF0
FFF0
ENDCHAR
STARTCHAR uniFF13
ENCODING 65299
SWIDTH 1000 0
DWIDTH 24 0
BBX 13 18 5 0
BITMAP
0FC0
3FE0
7070
6030
0038
0030
0030
00E0
07C0
07E0
0070
0038
0018
0018
4018
E038
7FF0
1FC0
ENDCHAR
STARTCHAR uniFF14
ENCODING 65300
SWIDTH 1000 0
DWIDTH 24 0
BBX 14 18 5 0
BITMAP
00E0
00E0
01E0
0360
0360
0660
0C60
1C60
1860
3060
6060
FFFC
FFFC
0060
0060
0060
0060
0060
ENDCHAR
STARTCHAR uniFF15
ENCODING 65301
SWIDTH 1000 0
DWIDTH 24 0
BBX 13 18 5 0
BITMAP
3FF0
3FF0
3000
3000
3000
3000
3000
3FE0
78F0
2030
0038
0018
0018
0018
4038
E070
7FE0
1FC0
ENDCHAR
STARTCHAR uniFF16
ENCODING 65302
SWIDTH 1000 0
DWIDTH 24 0
BBX 12 18 6 0
BITMAP
07C0
1FE0
3830
7020
6000
E000
C000
CF80
DFE0
F070
E030
C030
C030
C030
6030
7070
3DE0
1FC0
ENDCHAR
STARTCHAR uniFF17
ENCODING 65303
SWIDTH 1000 0
DWIDTH 24 0
BBX 12 18 6 0
BITMAP
FFF0
FFF0
0030
0060
00C0
01C0
0180
0300
0300
0700
0600
0600
0600
0E00
0C00
0C00
0C00
0C00
ENDCHAR
STARTCHAR uniFF18
ENCODING 65304
SWIDTH 1000 0
DWIDTH 24 0
BBX 12 18 6 0
BITMAP
0F80
3FC0
6060
6070
C030
C030
6060
7860
1EC0
37C0
60E0
C070
C030
C030
C030
E070
78E0
3FC0
ENDCHAR
STARTCHAR uniFF19
ENCODING 65305
SWIDTH 1000 0
DWIDTH 24 0
BBX 12 18 6 0
BITMAP
1F00
7FC0
60E0
C060
C070
C030
C030
C030
E070
71F0
3F30
0030
0030
0060
0060
40C0
FF80
3F00
ENDCHAR
STARTCHAR uniFF1A
ENCODING 65306
SWIDTH 1000 0
DWIDTH 24 0
BBX 4 16 10 1
BITMAP
60
F0
F0
60
00
00
00
00
00
00
00
00
60
F0
F0
60
ENDCHAR
STARTCHAR uniFF1B
ENCODING 65307
SWIDTH 1000 0
DWIDTH 24 0
BBX 5 19 9 -2
BITMAP
30
78
78
30
00
00
00
00
00
00
00
38
78
38
08
18
18
30
E0
ENDCHAR
STARTCHAR uniFF1C
ENCODING 65308
SWIDTH 1000 0
DWIDTH 24 0
BBX 18 18 3 0
BITMAP
0000C0
0003C0
000F00
003C00
00F000
03C000
0F0000
3C0000
F00000
F00000
3C0000
0F0000
03C000
00F000
003C00
000F00
0003C0
0000C0
ENDCHAR
STARTCHAR uniFF1D
ENCODING 65309
SWIDTH 1000 0
DWIDTH 24 0
BBX 18 7 3 6
BITMAP
FFFFC0
FFFFC0
000000
000000
000000
000000
FFFFC0
ENDCHAR
STARTCHAR uniFF1E
ENCODING 65310
SWIDTH 1000 0
DWIDTH 24 0
BBX 18 18 3 0
BITMAP
C00000
F00000
3C0000
0F0000
03C000
00F000
003C00
000F00
0003C0
0003C0
000F00
003C00
00F000
03C000
0F0000
3C0000
F00000
C00000
ENDCHAR
STARTCHAR uniFF1F
ENCODING 65311
SWIDTH 1000 0
DWIDTH 24 0
BBX 12 18 6 0
BITMAP
1FC0
7FE0
E060
4070
0030
0060
00E0
01C0
0380
0700
0600
0600
0000
0000
0000
0E00
0E00
0E00
ENDCHAR
STARTCHAR uniFF20
ENCODING 65312
SWIDTH 1000 0
DWIDTH 24 0
BBX 20 22 2 -2
BITMAP
00FC00
03FF00
0E01C0
1C00C0
300060
300020
60F430
41DC30
C30C30
C30C30
C20C30
C60830
C60820
C61860
C3ECC0
C1C780
600000
600000
300000
1C0400
07FE00
00E000
ENDCHAR
STARTCHAR uniFF21
ENCODING 65313
SWIDTH 1000 0
DWIDTH 24 0
BBX 16 18 4 0
BITMAP
0380
03C0
03C0
06C0
0660
0660
0C70
0C30
1C30
1818
1818
3FF8
3FFC
700C
600E
6006
E006
C007
ENDCHAR
STARTCHAR uniFF22
ENCODING 65314
SWIDTH 1000 0
DWIDTH 24 0
BBX 14 18 6 0
BITMAP
FF00
FFE0
C070
C030
C030
C030
C030
C0E0
FFC0
FFF0
C038
C018
C01C
C01C
C018
C038
FFF0
FFC0
ENDCHAR
STARTCHAR uniFF23
ENCODING 65315
SWIDTH 1000 0
DWIDTH 24 0
BBX 15 18 5 0
BITMAP
03E0
0FF8
3C1C
3008
7000
E000
E000
C000
C000
C000
C000
C000
E000
6000
7004
380E
1FFC
07F0
ENDCHAR
STARTCHAR uniFF24
ENCODING 65316
SWIDTH 1000 0
DWIDTH 24 0
BBX 15 18 5 0
BITMAP
FE00
FFE0
E0F0
E038
E01C
E00C
E00C
E00E
E00E
E00E
E00E
E00C
E00C
E01C
E038
E070
FFE0
FF80
ENDCHAR
STARTCHAR uniFF25
ENCODING 65317
SWIDTH 1000 0
DWIDTH 24 0
BBX 12 18 7 0
BITMAP
FFE0
FFE0
C000
C000
C000
C000
C000
C000
FF80
FF80
C000
C000
C000
C000
C000
C000
FFF0
FFF0
ENDCHAR
STARTCHAR uniFF26
ENCODING 65318
SWIDTH 1000 0
DWIDTH 24 0
BBX 12 18 7 0
BITMAP
FFF0
FFF0
C000
C000
C000
C000
C000
C000
FFC0
FFC0
C000
C000
C000
C000
C000
C000
C000
C000
ENDCHAR
STARTCHAR uniFF27
ENCODING 65319
SWIDTH 1000 0
DWIDTH 24 0
BBX 15 18 4 0
BITMAP
03F0
0FFC
1E0E
3804
7000
6000
6000
E000
E000
E07E
E07E
E006
6006
7006
3006
3C06
1FFE
07F8
ENDCHAR
STARTCHAR uniFF28
ENCODING 65320
SWIDTH 1000 0
DWIDTH 24 0
BBX 14 18 5 0
BITMAP
C00C
C00C
C00C
C00C
C00C
C00C
C00C
C00C
FFFC
FFFC
C00C
C00C
C00C
C00C
C00C
C00C
C00C
C00C
ENDCHAR
STARTCHAR uniFF29
ENCODING 65321
SWIDTH 1000 0
DWIDTH 24 0
BBX 12 18 6 0
BITMAP
FFF0
FFF0
0600
0600
0600
0600
0600
0600
0600
0600
0600
0600
0600
0600
0600
0600
FFF0
FFF0
ENDCHAR
STARTCHAR uniFF2A
ENCODING 65322
SWIDTH 1000 0
DWIDTH 24 0
BBX 11 18 6 0
BITMAP
00E0
00E0
00E0
00E0
00E0
00E0
00E0
00E0
00E0
00E0
00E0
00E0
00E0
00E0
40C0
C0C0
7FC0
3F00
ENDCHAR
STARTCHAR uniFF2B
ENCODING 65323
SWIDTH 1000 0
DWIDTH 24 0
BBX 14 18 6 0
BITMAP
C018
C030
C060
C0E0
C1C0
C380
C700
CE00
DF00
FB80
F180
E0C0
C0E0
C060
C030
C038
C018
C00C
ENDCHAR
STARTCHAR uniFF2C
ENCODING 65324
SWIDTH 1000 0
DWIDTH 24 0
BBX 12 18 7 0
BITMAP
E000
E000
E000
E000
E000
E000
E000
E000
E000
E000
E000
E000
E000
E000
E000
E000
FFF0
FFF0
ENDCHAR
STARTCHAR uniFF2D
ENCODING 65325
SWIDTH 1000 0
DWIDTH 24 0
BBX 16 18 4 0
BITMAP
C003
E007
E007
B00F
F00F
D81B
D81B
D81B
CC33
CC33
C663
C663
C3C3
C3C3
C383
C183
C003
C003
ENDCHAR
STARTCHAR uniFF2E
ENCODING 65326
SWIDTH 1000 0
DWIDTH 24 0
BBX 14 18 5 0
BITMAP
C00C
E00C
F00C
F00C
D80C
DC0C
CC0C
C60C
C70C
C30C
C18C
C1CC
C0CC
C06C
C07C
C03C
C01C
C01C
ENDCHAR
STARTCHAR uniFF2F
ENCODING 65327
SWIDTH 1000 0
DWIDTH 24 0
BBX 18 18 3 0
BITMAP
03F000
0FFC00
1C0E00
380700
700380
600180
600180
600180
E001C0
E001C0
600180
600180
600180
700380
380700
1C0E00
0FFC00
07F800
ENDCHAR
STARTCHAR uniFF30
ENCODING 65328
SWIDTH 1000 0
DWIDTH 24 0
BBX 13 18 6 0
BITMAP
FF00
FFE0
C070
C038
C018
C018
C018
C038
C070
FFE0
FF80
C000
C000
C000
C000
C000
C000
C000
ENDCHAR
STARTCHAR uniFF31
ENCODING 65329
SWIDTH 1000 0
DWIDTH 24 0
BBX 18 22 3 -4
BITMAP
03F000
0FFC00
1C0E00
380700
700380
600180
600180
600180
E00180
E001C0
600180
600180
600180
700380
300700
1C0E00
0FFC00
07F800
00E000
007000
003CC0
001FC0
ENDCHAR
STARTCHAR uniFF32
ENCODING 65330
SWIDTH 1000 0
DWIDTH 24 0
BBX 14 18 6 0
BITMAP
FF00
FFE0
C070
C038
C018
C018
C018
C038
C0F0
FFE0
FF80
C180
C0C0
C0E0
C060
C030
C038
C01C
ENDCHAR
STARTCHAR uniFF33
ENCODING 65331
SWIDTH 1000 0
DWIDTH 24 0
BBX 14 18 5 0
BITMAP
07C0
1FF0
3838
7008
6000
7000
7800
3E00
0FC0
03F0
0078
001C
000C
000C
401C
F018
7FF8
1FE0
ENDCHAR
STARTCHAR uniFF34
ENCODING 65332
SWIDTH 1000 0
DWIDTH 24 0
BBX 14 18 5 0
BITMAP
FFFC
FFFC
0300
0300
0300
0300
0300
0300
0300
0300
0300
0300
0300
0300
0300
0300
0300
0300
ENDCHAR
STARTCHAR uniFF35
ENCODING 65333
SWIDTH 1000 0
DWIDTH 24 0
BBX 14 18 5 0
BITMAP
C00C
C00C
C00C
C00C
C00C
C00C
C00C
C00C
C00C
C00C
C00C
C00C
C00C
E00C
601C
7038
3FF0
1FE0
ENDCHAR
STARTCHAR uniFF36
ENCODING 65334
SWIDTH 1000 0
DWIDTH 24 0
BBX 16 18 4 0
BITMAP
E007
6006
6006
700E
300C
300C
381C
1818
1818
0C30
0C30
0E30
0660
0660
0760
03C0
03C0
0180
ENDCHAR
STARTCHAR uniFF37
ENCODING 65335
SWIDTH 1000 0
DWIDTH 24 0
BBX 22 18 1 0
BITMAP
C0300C
C0300C
C0780C
E07818
607818
604C18
60CC18
70CC38
30CE30
318630
318630
198670
190360
1B0360
1B0360
0F0160
0E01C0
0E01C0
ENDCHAR
STARTCHAR uniFF38
ENCODING 65336
SWIDTH 1000 0
DWIDTH 24 0
BBX 14 18 5 0
BITMAP
E01C
6018
7030
3830
1860
1CE0
0CC0
0780
0780
0780
0780
0CC0
1CE0
1860
3030
7038
6018
C01C
ENDCHAR
STARTCHAR uniFF39
ENCODING 65337
SWIDTH 1000 0
DWIDTH 24 0
BBX 14 18 5 0
BITMAP
C00C
E01C
6018
3030
3030
1860
1C60
0CC0
0FC0
0780
0300
0300
0300
0300
0300
0300
0300
0300
ENDCHAR
STARTCHAR uniFF3A
ENCODING 65338
SWIDTH 1000 0
DWIDTH 24 0
BBX 14 18 5 0
BITMAP
7FFC
7FFC
0018
0030
0070
00E0
00C0
0180
0380
0700
0600
0C00
1C00
1800
3000
6000
FFFC
FFFC
ENDCHAR
STARTCHAR uniFF3B
ENCODING 65339
SWIDTH 1000 0
DWIDTH 24 0
BBX 6 22 17 -2
BITMAP
FC
C0
C0
C0
C0
C0
C0
C0
C0
C0
C0
C0
C0
C0
C0
C0
C0
C0
C0
C0
C0
FC
ENDCHAR
STARTCHAR uniFF3C
ENCODING 65340
SWIDTH 1000 0
DWIDTH 24 0
BBX 22 22 1 -2
BITMAP
800000
400000
200000
100000
080000
040000
020000
010000
008000
004000
002000
001000
000800
000400
000200
000100
000080
000040
000020
000010
000008
000004
ENDCHAR
STARTCHAR uniFF3D
ENCODING 65341
SWIDTH 1000 0
DWIDTH 24 0
BBX 6 22 1 -2
BITMAP
FC
0C
0C
0C
0C
0C
0C
0C
0C
0C
0C
0C
0C
0C
0C
0C
0C
0C
0C
0C
0C
FC
ENDCHAR
STARTCHAR uniFF3E
ENCODING 65342
SWIDTH 1000 0
DWIDTH 24 0
BBX 8 4 8 19
BITMAP
18
3C
26
C3
ENDCHAR
STARTCHAR uniFF3F
ENCODING 65343
SWIDTH 1000 0
DWIDTH 24 0
BBX 24 1 0 -3
BITMAP
FFFFFF
ENDCHAR
STARTCHAR uniFF40
ENCODING 65344
SWIDTH 1000 0
DWIDTH 24 0
BBX 5 4 8 19
BITMAP
E0
70
38
18
ENDCHAR
STARTCHAR uniFF41
ENCODING 65345
SWIDTH 1000 0
DWIDTH 24 0
BBX 12 13 6 0
BITMAP
1FC0
79E0
4060
0070
0030
0FF0
3E30
7030
C030
C030
E0F0
7BB0
3F30
ENDCHAR
STARTCHAR uniFF42
ENCODING 65346
SWIDTH 1000 0
DWIDTH 24 0
BBX 13 19 6 0
BITMAP
C000
C000
C000
C000
C000
C000
CFC0
FFE0
E070
C030
C038
C018
C018
C018
C038
C030
E070
FFE0
DFC0
ENDCHAR
STARTCHAR uniFF43
ENCODING 65347
SWIDTH 1000 0
DWIDTH 24 0
BBX 12 13 6 0
BITMAP
0FE0
3FF0
7020
6000
E000
C000
C000
C000
E000
6000
7010
3FF0
0FE0
ENDCHAR
STARTCHAR uniFF44
ENCODING 65348
SWIDTH 1000 0
DWIDTH 24 0
BBX 13 19 5 0
BITMAP
0018
0018
0018
0018
0018
0018
1FD8
3DF8
7038
6018
E018
C018
C018
C018
E018
6018
7038
3FF8
1F98
ENDCHAR
STARTCHAR uniFF45
ENCODING 65349
SWIDTH 1000 0
DWIDTH 24 0
BBX 13 13 6 0
BITMAP
1FC0
38E0
6030
C030
C018
FFF8
FFF8
C000
C000
E000
7010
3CF0
1FE0
ENDCHAR
STARTCHAR uniFF46
ENCODING 65350
SWIDTH 1000 0
DWIDTH 24 0
BBX 12 19 7 0
BITMAP
07F0
0F30
0C00
0C00
1C00
1C00
FFE0
FFE0
1C00
1C00
1C00
1C00
1C00
1C00
1C00
1C00
1C00
1C00
1C00
ENDCHAR
STARTCHAR uniFF47
ENCODING 65351
SWIDTH 1000 0
DWIDTH 24 0
BBX 13 19 6 -6
BITMAP
1FF8
71F8
60C0
E060
E060
6060
60C0
3FC0
6F00
4000
C000
7FC0
3FF0
C038
C018
C018
C030
7FE0
3F80
ENDCHAR
STARTCHAR uniFF48
ENCODING 65352
SWIDTH 1000 0
DWIDTH 24 0
BBX 12 19 6 0
BITMAP
C000
C000
C000
C000
C000
C000
CFC0
DFE0
F070
E030
C030
C030
C030
C030
C030
C030
C030
C030
C030
ENDCHAR
STARTCHAR uniFF49
ENCODING 65353
SWIDTH 1000 0
DWIDTH 24 0
BBX 4 19 10 0
BITMAP
60
F0
60
00
00
00
60
60
60
60
60
60
60
60
60
60
60
60
60
ENDCHAR
STARTCHAR uniFF4A
ENCODING 65354
SWIDTH 1000 0
DWIDTH 24 0
BBX 10 25 5 -6
BITMAP
01C0
01C0
01C0
0000
0000
0000
01C0
01C0
01C0
01C0
01C0
01C0
01C0
01C0
01C0
01C0
01C0
01C0
01C0
01C0
01C0
0180
4380
FF00
3E00
ENDCHAR
STARTCHAR uniFF4B
ENCODING 65355
SWIDTH 1000 0
DWIDTH 24 0
BBX 12 19 7 0
BITMAP
C000
C000
C000
C000
C000
C000
C0E0
C1C0
C380
C700
CE00
CE00
DE00
F300
E380
C180
C0C0
C0E0
C070
ENDCHAR
STARTCHAR uniFF4C
ENCODING 65356
SWIDTH 1000 0
DWIDTH 24 0
BBX 7 19 11 0
BITMAP
C0
C0
C0
C0
C0
C0
C0
C0
C0
C0
C0
C0
C0
C0
C0
C0
C0
FE
7E
ENDCHAR
STARTCHAR uniFF4D
ENCODING 65357
SWIDTH 1000 0
DWIDTH 24 0
BBX 20 13 2 0
BITMAP
CFC7E0
FFCFF0
E0F070
C06030
C06030
C06030
C06030
C06030
C06030
C06030
C06030
C06030
C06030
ENDCHAR
STARTCHAR uniFF4E
ENCODING 65358
SWIDTH 1000 0
DWIDTH 24 0
BBX 12 13 6 0
BITMAP
CFC0
DFE0
F070
C030
C030
C030
C030
C030
C030
C030
C030
C030
C030
ENDCHAR
STARTCHAR uniFF4F
ENCODING 65359
SWIDTH 1000 0
DWIDTH 24 0
BBX 14 13 5 0
BITMAP
0FC0
3FF0
7038
6018
E01C
E01C
C00C
E01C
E01C
6018
7038
3FF0
0FC0
ENDCHAR
STARTCHAR uniFF50
ENCODING 65360
SWIDTH 1000 0
DWIDTH 24 0
BBX 13 19 6 -6
BITMAP
CFC0
FDE0
E070
C030
C038
C018
C018
C038
C038
C030
E070
FFE0
DFC0
C000
C000
C000
C000
C000
C000
ENDCHAR
STARTCHAR uniFF51
ENCODING 65361
SWIDTH 1000 0
DWIDTH 24 0
BBX 13 19 5 -6
BITMAP
1FD8
3DF8
7038
6018
E018
C018
C018
C018
E018
6018
7038
3FF8
1F98
0018
0018
0018
0018
0018
0018
ENDCHAR
STARTCHAR uniFF52
ENCODING 65362
SWIDTH 1000 0
DWIDTH 24 0
BBX 10 13 8 0
BITMAP
C7C0
DFC0
F000
E000
E000
C000
C000
C000
C000
C000
C000
C000
C000
ENDCHAR
STARTCHAR uniFF53
ENCODING 65363
SWIDTH 1000 0
DWIDTH 24 0
BBX 12 13 6 0
BITMAP
3FC0
70E0
6020
6000
7000
3E00
0FC0
01E0
0070
0030
C030
F8E0
3FC0
ENDCHAR
STARTCHAR uniFF54
ENCODING 65364
SWIDTH 1000 0
DWIDTH 24 0
BBX 13 17 6 0
BITMAP
0C00
0C00
0C00
0C00
FFF0
FFF0
1C00
1C00
1C00
1C00
1C00
1C00
0C00
0C00
0C00
0FB0
07F8
ENDCHAR
STARTCHAR uniFF55
ENCODING 65365
SWIDTH 1000 0
DWIDTH 24 0
BBX 12 13 6 0
BITMAP
C030
C030
C030
C030
C030
C030
C030
C030
C030
C070
E0F0
7FB0
3F30
ENDCHAR
STARTCHAR uniFF56
ENCODING 65366
SWIDTH 1000 0
DWIDTH 24 0
BBX 14 13 5 0
BITMAP
E01C
6018
7038
3030
3030
1860
1860
0CE0
0CC0
0CC0
0780
0780
0380
ENDCHAR
STARTCHAR uniFF57
ENCODING 65367
SWIDTH 1000 0
DWIDTH 24 0
BBX 20 13 2 0
BITMAP
C06030
E0F030
60F060
60F060
609860
3198C0
3198C0
310CC0
1B0D80
1B0D80
1A0580
0E0780
0E0700
ENDCHAR
STARTCHAR uniFF58
ENCODING 65368
SWIDTH 1000 0
DWIDTH 24 0
BBX 12 13 6 0
BITMAP
E070
70E0
30C0
1980
1D80
0F00
0E00
0F00
1980
31C0
30C0
6060
C070
ENDCHAR
STARTCHAR uniFF59
ENCODING 65369
SWIDTH 1000 0
DWIDTH 24 0
BBX 14 19 5 -6
BITMAP
E01C
6018
7018
3030
3830
1860
1860
0C60
0CC0
06C0
0680
0380
0380
0300
0300
0600
0E00
7C00
3000
ENDCHAR
STARTCHAR uniFF5A
ENCODING 65370
SWIDTH 1000 0
DWIDTH 24 0
BBX 12 13 6 0
BITMAP
7FF0
7FE0
00E0
01C0
0380
0300
0600
0C00
1800
3800
7000
FFF0
FFF0
ENDCHAR
STARTCHAR uniFF5B
ENCODING 65371
SWIDTH 1000 0
DWIDTH 24 0
BBX 6 23 17 -2
BITMAP
04
3C
30
30
30
30
30
30
30
30
30
E0
E0
30
30
30
30
30
30
30
30
30
1C
ENDCHAR
STARTCHAR uniFF5C
ENCODING 65372
SWIDTH 1000 0
DWIDTH 24 0
BBX 2 24 11 -3
BITMAP
C0
C0
C0
C0
C0
C0
C0
C0
C0
C0
C0
C0
C0
C0
C0
C0
C0
C0
C0
C0
C0
C0
C0
C0
ENDCHAR
STARTCHAR uniFF5D
ENCODING 65373
SWIDTH 1000 0
DWIDTH 24 0
BBX 6 23 1 -2
BITMAP
80
F0
30
30
30
30
30
30
30
30
30
1C
1C
30
30
30
30
30
30
30
30
30
E0
ENDCHAR
STARTCHAR uniFF5E
ENCODING 65374
SWIDTH 1000 0
DWIDTH 24 0
BBX 22 6 1 6
BITMAP
1FC000
3FE008
70701C
E03838
401FF0
0007C0
ENDCHAR
STARTCHAR uniFF5F
ENCODING 65375
SWIDTH 1000 0
DWIDTH 24 0
BBX 9 23 14 -2
BITMAP
1100
1980
3300
2200
6600
4400
4C00
C800
8800
9800
9800
9800
9800
9800
9800
C800
C800
4C00
4400
6600
2200
3300
1980
ENDCHAR
STARTCHAR uniFF60
ENCODING 65376
SWIDTH 1000 0
DWIDTH 24 0
BBX 9 23 1 -2
BITMAP
4400
CC00
6600
2200
3300
1100
1900
0980
0880
0C80
0C80
0C80
0C80
0C80
0C80
0980
0980
1900
1100
3300
2200
6600
CC00
ENDCHAR
STARTCHAR uniFF61
ENCODING 65377
SWIDTH 500 0
DWIDTH 12 0
BBX 7 7 1 -1
BITMAP
38
6C
82
82
82
C6
7C
ENDCHAR
STARTCHAR uniFF62
ENCODING 65378
SWIDTH 500 0
DWIDTH 12 0
BBX 7 15 4 5
BITMAP
FE
80
80
80
80
80
80
80
80
80
80
80
80
80
80
ENDCHAR
STARTCHAR uniFF63
ENCODING 65379
SWIDTH 500 0
DWIDTH 12 0
BBX 7 15 1 -2
BITMAP
02
02
02
02
02
02
02
02
02
02
02
02
02
FE
FE
ENDCHAR
STARTCHAR uniFF64
ENCODING 65380
SWIDTH 500 0
DWIDTH 12 0
BBX 7 6 1 -1
BITMAP
C0
E0
70
38
1E
0C
ENDCHAR
STARTCHAR uniFF65
ENCODING 65381
SWIDTH 500 0
DWIDTH 12 0
BBX 4 4 4 7
BITMAP
60
F0
F0
60
ENDCHAR
STARTCHAR uniFF66
ENCODING 65382
SWIDTH 500 0
DWIDTH 12 0
BBX 9 18 2 -1
BITMAP
FF00
FF80
0100
0100
0100
0100
FF00
FF00
0300
0200
0600
0600
0400
0C00
1800
3800
7000
2000
ENDCHAR
STARTCHAR uniFF67
ENCODING 65383
SWIDTH 500 0
DWIDTH 12 0
BBX 8 14 2 -1
BITMAP
FF
FF
03
1A
1E
1C
1C
10
10
10
30
30
60
40
ENDCHAR
STARTCHAR uniFF68
ENCODING 65384
SWIDTH 500 0
DWIDTH 12 0
BBX 7 15 2 -1
BITMAP
02
06
04
0C
18
38
78
C8
88
08
08
08
08
08
18
ENDCHAR
STARTCHAR uniFF69
ENCODING 65385
SWIDTH 500 0
DWIDTH 12 0
BBX 8 16 2 -1
BITMAP
18
18
18
FE
FF
C3
C3
C3
C2
02
02
06
04
0C
18
30
ENDCHAR
STARTCHAR uniFF6A
ENCODING 65386
SWIDTH 500 0
DWIDTH 12 0
BBX 8 12 2 0
BITMAP
FE
FE
18
18
18
18
18
18
18
18
FF
FF
ENDCHAR
STARTCHAR uniFF6B
ENCODING 65387
SWIDTH 500 0
DWIDTH 12 0
BBX 8 15 2 -1
BITMAP
0C
0C
0C
FF
FF
0C
1C
1C
3C
6C
6C
CC
8C
1C
18
ENDCHAR
STARTCHAR uniFF6C
ENCODING 65388
SWIDTH 500 0
DWIDTH 12 0
BBX 8 15 2 -1
BITMAP
60
60
23
3F
7B
E2
B2
36
14
10
10
10
10
18
18
ENDCHAR
STARTCHAR uniFF6D
ENCODING 65389
SWIDTH 500 0
DWIDTH 12 0
BBX 8 12 2 0
BITMAP
7E
7E
06
06
06
06
04
04
04
04
FF
FF
ENDCHAR
STARTCHAR uniFF6E
ENCODING 65390
SWIDTH 500 0
DWIDTH 12 0
BBX 6 13 3 -1
BITMAP
FC
84
04
04
04
FC
FC
04
04
04
FC
FC
04
ENDCHAR
STARTCHAR uniFF6F
ENCODING 65391
SWIDTH 500 0
DWIDTH 12 0
BBX 8 14 2 -1
BITMAP
32
91
93
D3
DB
42
82
06
04
0C
0C
18
30
60
ENDCHAR
STARTCHAR uniFF70
ENCODING 65392
SWIDTH 500 0
DWIDTH 12 0
BBX 10 2 1 8
BITMAP
FFC0
FFC0
ENDCHAR
STARTCHAR uniFF71
ENCODING 65393
SWIDTH 500 0
DWIDTH 12 0
BBX 10 18 1 -1
BITMAP
FFC0
FFC0
00C0
00C0
0C80
0D80
0D00
0F00
0D00
0C00
0800
0800
0800
1800
1000
3000
6000
2000
ENDCHAR
STARTCHAR uniFF72
ENCODING 65394
SWIDTH 500 0
DWIDTH 12 0
BBX 9 20 1 -1
BITMAP
0080
0080
0180
0180
0300
0600
0E00
1C00
3C00
7400
E400
8400
0400
0400
0400
0400
0400
0400
0400
0400
ENDCHAR
STARTCHAR uniFF73
ENCODING 65395
SWIDTH 500 0
DWIDTH 12 0
BBX 9 20 2 -1
BITMAP
1800
1800
1800
1800
FF80
FF80
8180
8100
8100
8100
8100
0300
0300
0200
0600
0600
0C00
1800
7000
2000
ENDCHAR
STARTCHAR uniFF74
ENCODING 65396
SWIDTH 500 0
DWIDTH 12 0
BBX 10 15 1 1
BITMAP
7F80
7F80
0C00
0C00
0C00
0C00
0C00
0C00
0C00
0C00
0C00
0C00
0C00
FFC0
FFC0
ENDCHAR
STARTCHAR uniFF75
ENCODING 65397
SWIDTH 500 0
DWIDTH 12 0
BBX 10 19 1 -1
BITMAP
0300
0300
0300
0300
7FC0
7FC0
0700
0700
0F00
0F00
1B00
1B00
3300
6300
E300
4300
0300
0F00
0E00
ENDCHAR
STARTCHAR uniFF76
ENCODING 65398
SWIDTH 500 0
DWIDTH 12 0
BBX 10 19 1 -1
BITMAP
1800
0800
0800
0800
FFC0
FF80
1880
1880
1880
1880
1080
1080
3080
3080
2080
6180
C780
C700
8000
ENDCHAR
STARTCHAR uniFF77
ENCODING 65399
SWIDTH 500 0
DWIDTH 12 0
BBX 10 19 1 -1
BITMAP
1800
0800
0880
0F80
3F00
F800
4C00
0C00
0C40
0FC0
1F80
FC00
E400
0400
0400
0400
0400
0600
0600
ENDCHAR
STARTCHAR uniFF78
ENCODING 65400
SWIDTH 500 0
DWIDTH 12 0
BBX 10 20 1 -1
BITMAP
0800
0C00
0800
0800
1FC0
1880
3080
3180
6180
E180
4100
0300
0300
0600
0600
0C00
1C00
1800
7000
2000
ENDCHAR
STARTCHAR uniFF79
ENCODING 65401
SWIDTH 500 0
DWIDTH 12 0
BBX 10 20 1 -1
BITMAP
2000
1000
1000
3000
3000
3FC0
3FC0
6200
4200
C600
C600
8600
0600
0400
0400
0C00
0C00
1800
3000
1000
ENDCHAR
STARTCHAR uniFF7A
ENCODING 65402
SWIDTH 500 0
DWIDTH 12 0
BBX 8 16 2 0
BITMAP
FF
FF
01
01
01
01
01
01
01
01
01
01
01
FF
FF
03
ENDCHAR
STARTCHAR uniFF7B
ENCODING 65403
SWIDTH 500 0
DWIDTH 12 0
BBX 10 19 1 -1
BITMAP
3300
2300
2300
2300
A340
FFC0
2300
2300
2300
2300
3300
3300
0200
0200
0600
0600
0C00
1800
0800
ENDCHAR
STARTCHAR uniFF7C
ENCODING 65404
SWIDTH 500 0
DWIDTH 12 0
BBX 10 19 1 -1
BITMAP
3000
3800
1C00
0800
0800
4040
E040
60C0
30C0
1180
0180
0300
0300
0600
0E00
1C00
7800
7000
4000
ENDCHAR
STARTCHAR uniFF7D
ENCODING 65405
SWIDTH 500 0
DWIDTH 12 0
BBX 10 17 1 0
BITMAP
7F80
7F80
0180
0100
0100
0300
0300
0200
0600
0600
0E00
0B00
1980
3180
7080
E0C0
40C0
ENDCHAR
STARTCHAR uniFF7E
ENCODING 65406
SWIDTH 500 0
DWIDTH 12 0
BBX 11 18 0 0
BITMAP
1800
1800
1800
1840
19E0
1FC0
FC40
78C0
9880
1980
1B00
1900
1800
1800
1800
1800
0FC0
0FC0
ENDCHAR
STARTCHAR uniFF7F
ENCODING 65407
SWIDTH 500 0
DWIDTH 12 0
BBX 10 18 1 -1
BITMAP
40C0
C0C0
4080
6080
6080
2180
3180
2180
0100
0300
0300
0600
0600
0C00
0C00
1800
3000
1000
ENDCHAR
STARTCHAR uniFF80
ENCODING 65408
SWIDTH 500 0
DWIDTH 12 0
BBX 10 21 1 -2
BITMAP
0C00
0800
0800
1F80
1FC0
3080
3180
6180
7180
D900
CD00
0700
0700
0780
0700
0D00
1800
3800
7000
6000
2000
ENDCHAR
STARTCHAR uniFF81
ENCODING 65409
SWIDTH 500 0
DWIDTH 12 0
BBX 10 19 1 -1
BITMAP
0180
3F80
7E00
0400
0400
0400
0400
FFC0
FFC0
0C00
0C00
0C00
0C00
0800
1800
1800
3000
7000
2000
ENDCHAR
STARTCHAR uniFF82
ENCODING 65410
SWIDTH 500 0
DWIDTH 12 0
BBX 10 18 1 -1
BITMAP
1880
88C0
C8C0
C8C0
CC80
4C80
4180
4180
0180
0100
0300
0200
0600
0C00
0C00
3800
7000
2000
ENDCHAR
STARTCHAR uniFF83
ENCODING 65411
SWIDTH 500 0
DWIDTH 12 0
BBX 10 18 1 -1
BITMAP
3F80
3F80
0000
0000
0000
FFC0
FFC0
0C00
0C00
0C00
0C00
0C00
0C00
0800
1800
3000
7000
2000
ENDCHAR
STARTCHAR uniFF84
ENCODING 65412
SWIDTH 500 0
DWIDTH 12 0
BBX 7 19 3 -1
BITMAP
C0
40
40
40
40
40
40
70
78
5E
46
42
40
40
40
40
40
40
C0
ENDCHAR
STARTCHAR uniFF85
ENCODING 65413
SWIDTH 500 0
DWIDTH 12 0
BBX 10 19 1 -1
BITMAP
0C00
0C00
0C00
0C00
0C00
FFC0
FFC0
0C00
0C00
0C00
0C00
0C00
0C00
0800
1800
1800
3000
7000
2000
ENDCHAR
STARTCHAR uniFF86
ENCODING 65414
SWIDTH 500 0
DWIDTH 12 0
BBX 10 15 1 1
BITMAP
7F80
7F80
4080
0000
0000
0000
0000
0000
0000
0000
0000
0000
FFC0
FFC0
8040
ENDCHAR
STARTCHAR uniFF87
ENCODING 65415
SWIDTH 500 0
DWIDTH 12 0
BBX 9 18 1 -1
BITMAP
7F00
7F80
0180
0100
0100
2300
3300
3300
1A00
0E00
0600
0E00
0F00
1900
3180
7100
E000
4000
ENDCHAR
STARTCHAR uniFF88
ENCODING 65416
SWIDTH 500 0
DWIDTH 12 0
BBX 10 20 1 -1
BITMAP
0C00
0400
0400
4480
7F80
0180
0100
0300
0200
0600
0C00
1D00
3D80
F4C0
C440
8440
0400
0400
0400
0C00
ENDCHAR
STARTCHAR uniFF89
ENCODING 65417
SWIDTH 500 0
DWIDTH 12 0
BBX 9 18 1 -1
BITMAP
0180
0180
0100
0300
0300
0300
0200
0600
0600
0600
0C00
0C00
1800
1800
3000
E000
6000
4000
ENDCHAR
STARTCHAR uniFF8A
ENCODING 65418
SWIDTH 500 0
DWIDTH 12 0
BBX 11 16 0 0
BITMAP
1900
1980
1980
1880
1080
10C0
10C0
30C0
3040
3040
2060
6060
6060
6020
C020
4020
ENDCHAR
STARTCHAR uniFF8B
ENCODING 65419
SWIDTH 500 0
DWIDTH 12 0
BBX 8 18 2 0
BITMAP
C0
C0
C0
C0
C2
C7
DC
F8
E0
C0
C0
C0
C0
C0
C0
C0
FF
7F
ENDCHAR
STARTCHAR uniFF8C
ENCODING 65420
SWIDTH 500 0
DWIDTH 12 0
BBX 9 17 2 -1
BITMAP
FF00
FF80
0100
0100
0100
0300
0300
0300
0200
0600
0600
0C00
0C00
1800
3000
7000
2000
ENDCHAR
STARTCHAR uniFF8D
ENCODING 65421
SWIDTH 500 0
DWIDTH 12 0
BBX 11 14 0 1
BITMAP
0C00
1C00
1E00
1200
3300
2100
6180
6180
C0C0
40C0
0060
0060
0020
0020
ENDCHAR
STARTCHAR uniFF8E
ENCODING 65422
SWIDTH 500 0
DWIDTH 12 0
BBX 10 19 1 -1
BITMAP
0C00
0C00
0C00
0C00
FFC0
FFC0
0C00
0C00
0C00
2D80
6C80
4C80
4CC0
CC40
8C40
8C40
0C00
1C00
1800
ENDCHAR
STARTCHAR uniFF8F
ENCODING 65423
SWIDTH 500 0
DWIDTH 12 0
BBX 10 17 1 -1
BITMAP
FFC0
FFC0
00C0
0080
0180
0180
0300
2300
7600
1E00
1C00
0C00
0C00
0600
0600
0300
0200
ENDCHAR
STARTCHAR uniFF90
ENCODING 65424
SWIDTH 500 0
DWIDTH 12 0
BBX 8 19 2 -1
BITMAP
60
78
1E
07
01
00
40
70
3C
0E
02
00
00
80
E0
78
1F
06
02
ENDCHAR
STARTCHAR uniFF91
ENCODING 65425
SWIDTH 500 0
DWIDTH 12 0
BBX 10 19 1 -1
BITMAP
0800
1800
1800
1800
1800
1800
1000
1000
3100
3300
3100
2180
2180
6080
63C0
FFC0
F8C0
8040
0040
ENDCHAR
STARTCHAR uniFF92
ENCODING 65426
SWIDTH 500 0
DWIDTH 12 0
BBX 9 19 1 -1
BITMAP
0100
0180
0100
0300
2300
7300
3200
1E00
0E00
0600
0E00
0F00
1980
1980
3080
3080
6000
C000
4000
ENDCHAR
STARTCHAR uniFF93
ENCODING 65427
SWIDTH 500 0
DWIDTH 12 0
BBX 10 17 1 0
BITMAP
7F80
7F80
1800
1800
1800
1800
1800
FFC0
FFC0
1800
1800
1800
1800
1800
1800
0FC0
0FC0
ENDCHAR
STARTCHAR uniFF94
ENCODING 65428
SWIDTH 500 0
DWIDTH 12 0
BBX 10 19 1 -1
BITMAP
2000
3000
3040
31C0
3FC0
7CC0
F080
9180
1980
1900
1B00
1900
1800
0800
0800
0C00
0C00
0C00
0C00
ENDCHAR
STARTCHAR uniFF95
ENCODING 65429
SWIDTH 500 0
DWIDTH 12 0
BBX 10 15 1 1
BITMAP
7F00
7F80
0100
0100
0100
0100
0300
0300
0300
0300
0300
0300
0300
FFC0
FFC0
ENDCHAR
STARTCHAR uniFF96
ENCODING 65430
SWIDTH 500 0
DWIDTH 12 0
BBX 8 16 2 0
BITMAP
FF
FF
01
01
01
01
FF
FF
01
01
01
01
01
FF
FF
01
ENDCHAR
STARTCHAR uniFF97
ENCODING 65431
SWIDTH 500 0
DWIDTH 12 0
BBX 9 19 2 -1
BITMAP
7F00
7F00
0000
0000
0000
0000
FF80
FF00
0300
0300
0300
0200
0600
0600
0C00
1C00
3800
7000
2000
ENDCHAR
STARTCHAR uniFF98
ENCODING 65432
SWIDTH 500 0
DWIDTH 12 0
BBX 7 19 2 -1
BITMAP
C2
C2
C2
C2
C2
C2
C2
C2
C2
C2
C2
C2
06
06
04
0C
18
38
10
ENDCHAR
STARTCHAR uniFF99
ENCODING 65433
SWIDTH 500 0
DWIDTH 12 0
BBX 12 19 0 -1
BITMAP
0300
1200
1200
1200
1200
1200
1200
1200
1200
1200
3220
3230
3220
2260
22C0
6380
6380
C300
4200
ENDCHAR
STARTCHAR uniFF9A
ENCODING 65434
SWIDTH 500 0
DWIDTH 12 0
BBX 9 18 2 0
BITMAP
C000
C000
C000
C000
C000
C000
C000
C000
C100
C180
C100
C300
C600
C600
CC00
F800
F000
C000
ENDCHAR
STARTCHAR uniFF9B
ENCODING 65435
SWIDTH 500 0
DWIDTH 12 0
BBX 8 16 2 0
BITMAP
FF
FF
81
81
81
81
81
81
81
81
81
81
81
FF
FF
81
ENDCHAR
STARTCHAR uniFF9C
ENCODING 65436
SWIDTH 500 0
DWIDTH 12 0
BBX 9 18 2 -1
BITMAP
FF00
FF80
8180
8100
8100
8100
8100
8300
0300
0300
0200
0600
0600
0C00
0C00
3800
7000
2000
ENDCHAR
STARTCHAR uniFF9D
ENCODING 65437
SWIDTH 500 0
DWIDTH 12 0
BBX 10 17 1 0
BITMAP
4000
6000
3000
3080
18C0
10C0
0080
0180
0180
0100
0300
0600
0600
0C00
3800
F000
6000
ENDCHAR
STARTCHAR uniFF9E
ENCODING 65438
SWIDTH 500 0
DWIDTH 12 0
BBX 6 5 0 15
BITMAP
18
C8
6C
24
30
ENDCHAR
STARTCHAR uniFF9F
ENCODING 65439
SWIDTH 500 0
DWIDTH 12 0
BBX 4 5 1 15
BITMAP
F0
90
90
90
F0
ENDCHAR
STARTCHAR uniFFA1
ENCODING 65441
SWIDTH 917 0
DWIDTH 22 0
BBX 14 12 4 3
BITMAP
FFFC
FFFC
000C
000C
000C
000C
000C
000C
000C
000C
000C
000C
ENDCHAR
STARTCHAR uniFFA2
ENCODING 65442
SWIDTH 917 0
DWIDTH 22 0
BBX 16 12 3 3
BITMAP
FF7F
FF7F
0303
0303
0303
0303
0303
0303
0303
0303
0303
0303
ENDCHAR
STARTCHAR uniFFA3
ENCODING 65443
SWIDTH 917 0
DWIDTH 22 0
BBX 17 12 3 3
BITMAP
FE1800
FE1800
061800
061800
061800
061800
061C00
061C00
063600
066700
07E380
068100
ENDCHAR
STARTCHAR uniFFA4
ENCODING 65444
SWIDTH 917 0
DWIDTH 22 0
BBX 14 12 4 3
BITMAP
C000
C000
C000
C000
C000
C000
C000
C000
C000
C000
FFFC
FFFC
ENDCHAR
STARTCHAR uniFFA5
ENCODING 65445
SWIDTH 917 0
DWIDTH 22 0
BBX 15 12 4 3
BITMAP
C3FE
C3FE
C030
C030
C030
C070
C070
C070
C0D8
C1DC
FF8E
FD06
ENDCHAR
STARTCHAR uniFFA6
ENCODING 65446
SWIDTH 917 0
DWIDTH 22 0
BBX 15 12 4 3
BITMAP
0030
C030
C3FE
C3FE
C000
C0F8
C19C
C18C
C18C
C18C
FDDC
F8F8
ENDCHAR
STARTCHAR uniFFA7
ENCODING 65447
SWIDTH 917 0
DWIDTH 22 0
BBX 14 12 4 3
BITMAP
FFFC
FFFC
C000
C000
C000
C000
C000
C000
C000
C000
FFFC
FFFC
ENDCHAR
STARTCHAR uniFFA8
ENCODING 65448
SWIDTH 917 0
DWIDTH 22 0
BBX 15 12 4 3
BITMAP
FEFC
FEFC
C0C0
C0C0
C0C0
C0C0
C0C0
C0C0
C0C0
C2C0
FEFE
E0FE
ENDCHAR
STARTCHAR uniFFA9
ENCODING 65449
SWIDTH 917 0
DWIDTH 22 0
BBX 14 12 4 3
BITMAP
FFFC
FFFC
000C
000C
000C
FFFC
FFFC
C000
C000
C000
FFFC
FFFC
ENDCHAR
STARTCHAR uniFFAA
ENCODING 65450
SWIDTH 917 0
DWIDTH 22 0
BBX 15 12 4 3
BITMAP
FFFE
FFFE
0606
0606
0606
FE06
FE06
C006
C006
C006
FF06
FC06
ENDCHAR
STARTCHAR uniFFAB
ENCODING 65451
SWIDTH 917 0
DWIDTH 22 0
BBX 16 12 3 3
BITMAP
FF7F
FF7F
0343
0343
0343
7F43
7F43
6043
6043
6043
7F7F
7C7F
ENDCHAR
STARTCHAR uniFFAC
ENCODING 65452
SWIDTH 917 0
DWIDTH 22 0
BBX 16 12 3 3
BITMAP
FF43
FF43
0343
0343
037F
7F7F
7F43
6043
6043
6043
7F7F
7E7F
ENDCHAR
STARTCHAR uniFFAD
ENCODING 65453
SWIDTH 917 0
DWIDTH 22 0
BBX 17 12 3 3
BITMAP
FF1800
FF1800
031800
031800
031800
7F1C00
7F1C00
601C00
603600
617700
7FE380
7C8100
ENDCHAR
STARTCHAR uniFFAE
ENCODING 65454
SWIDTH 917 0
DWIDTH 22 0
BBX 15 12 4 3
BITMAP
FEFE
FEFE
06C0
06C0
06C0
FEFE
FEFE
C0C0
C0C0
C2C0
FEFE
F8FE
ENDCHAR
STARTCHAR uniFFAF
ENCODING 65455
SWIDTH 917 0
DWIDTH 22 0
BBX 15 12 4 3
BITMAP
FDFE
FDFE
0C4C
0C4C
0C4C
FC4C
FC4C
C04C
C04C
C24C
FFFE
F9FE
ENDCHAR
STARTCHAR uniFFB0
ENCODING 65456
SWIDTH 917 0
DWIDTH 22 0
BBX 15 12 4 3
BITMAP
FC30
FC30
0DFE
0DFE
0C10
FCFC
FCCC
C186
C186
C086
FEFC
F878
ENDCHAR
STARTCHAR uniFFB1
ENCODING 65457
SWIDTH 917 0
DWIDTH 22 0
BBX 14 12 4 3
BITMAP
FFFC
FFFC
C00C
C00C
C00C
C00C
C00C
C00C
C00C
C00C
FFFC
FFFC
ENDCHAR
STARTCHAR uniFFB2
ENCODING 65458
SWIDTH 917 0
DWIDTH 22 0
BBX 14 12 4 3
BITMAP
C00C
C00C
C00C
C00C
FFFC
FFFC
C00C
C00C
C00C
C00C
FFFC
FFFC
ENDCHAR
STARTCHAR uniFFB3
ENCODING 65459
SWIDTH 917 0
DWIDTH 22 0
BBX 15 12 4 3
BITMAP
C6C6
C6C6
C6C6
C6C6
FEFE
FEFE
C6C6
C6C6
C6C6
C6C6
FEFE
FEFE
ENDCHAR
STARTCHAR uniFFB4
ENCODING 65460
SWIDTH 917 0
DWIDTH 22 0
BBX 16 12 4 3
BITMAP
C618
C618
C618
C618
FE18
FE18
C638
C638
C66C
C6EE
FFC7
FF81
ENDCHAR
STARTCHAR uniFFB5
ENCODING 65461
SWIDTH 917 0
DWIDTH 22 0
BBX 16 12 3 3
BITMAP
0180
0180
0180
0180
0180
01C0
03C0
03E0
0670
1C38
F81F
6006
ENDCHAR
STARTCHAR uniFFB6
ENCODING 65462
SWIDTH 917 0
DWIDTH 22 0
BBX 18 12 2 3
BITMAP
0C0C00
0C0C00
0C0C00
0C0C00
0C0C00
0E0E00
0E0E00
1A1E00
333300
F1F180
60E0C0
004000
ENDCHAR
STARTCHAR uniFFB7
ENCODING 65463
SWIDTH 917 0
DWIDTH 22 0
BBX 14 12 4 3
BITMAP
0FC0
3FF0
7038
6018
C00C
C00C
C00C
E00C
6018
3038
1FF0
0FC0
ENDCHAR
STARTCHAR uniFFB8
ENCODING 65464
SWIDTH 917 0
DWIDTH 22 0
BBX 15 12 4 3
BITMAP
7FFC
7FFC
0300
0300
0300
0380
0780
06C0
0CE0
3870
F01E
400C
ENDCHAR
STARTCHAR uniFFB9
ENCODING 65465
SWIDTH 917 0
DWIDTH 22 0
BBX 18 12 2 3
BITMAP
7FBF80
7FBF80
0C0C00
0C0C00
0C0C00
0C0E00
1E0E00
1E1E00
3F1B00
73B180
E1F1C0
40C080
ENDCHAR
STARTCHAR uniFFBA
ENCODING 65466
SWIDTH 917 0
DWIDTH 22 0
BBX 14 13 4 3
BITMAP
0300
0300
0300
FFFC
FFFC
0300
0300
0380
0780
0CC0
1CE0
7838
E01C
ENDCHAR
STARTCHAR uniFFBB
ENCODING 65467
SWIDTH 917 0
DWIDTH 22 0
BBX 14 12 4 3
BITMAP
7FFC
7FFC
000C
000C
000C
03FC
FFFC
C00C
000C
000C
000C
000C
ENDCHAR
STARTCHAR uniFFBC
ENCODING 65468
SWIDTH 917 0
DWIDTH 22 0
BBX 14 12 4 3
BITMAP
FFFC
FFFC
C000
C000
C000
FFFC
FFFC
C000
C000
C000
FFFC
FFFC
ENDCHAR
STARTCHAR uniFFBD
ENCODING 65469
SWIDTH 917 0
DWIDTH 22 0
BBX 14 12 4 3
BITMAP
FFFC
FFFC
1860
1860
1860
1860
1860
1860
1860
1860
FFFC
FFFC
ENDCHAR
STARTCHAR uniFFBE
ENCODING 65470
SWIDTH 917 0
DWIDTH 22 0
BBX 14 14 4 2
BITMAP
0300
0300
0300
FFFC
0000
0000
0FC0
1FF0
3030
3038
3030
3830
1FE0
0780
ENDCHAR
STARTCHAR uniFFC2
ENCODING 65474
SWIDTH 917 0
DWIDTH 22 0
BBX 7 21 9 -2
BITMAP
C0
C0
C0
C0
C0
C0
C0
C0
FE
FE
C0
C0
C0
C0
C0
C0
C0
C0
C0
C0
C0
ENDCHAR
STARTCHAR uniFFC3
ENCODING 65475
SWIDTH 917 0
DWIDTH 22 0
BBX 8 22 7 -2
BITMAP
03
C3
C3
C3
C3
C3
C3
C3
C3
FF
FF
C3
C3
C3
C3
C3
C3
C3
C3
C3
C3
03
ENDCHAR
STARTCHAR uniFFC4
ENCODING 65476
SWIDTH 917 0
DWIDTH 22 0
BBX 7 22 9 -2
BITMAP
C0
C0
C0
C0
C0
C0
C0
FE
C0
C0
C0
C0
C0
FE
C0
C0
C0
C0
C0
C0
C0
C0
ENDCHAR
STARTCHAR uniFFC5
ENCODING 65477
SWIDTH 917 0
DWIDTH 22 0
BBX 8 21 7 -2
BITMAP
C3
C3
C3
C3
C3
FF
FF
C3
C3
C3
C3
FF
FF
C3
C3
C3
C3
C3
C3
C3
03
ENDCHAR
STARTCHAR uniFFC6
ENCODING 65478
SWIDTH 917 0
DWIDTH 22 0
BBX 7 21 7 -2
BITMAP
06
06
06
06
06
06
06
06
FE
FE
06
06
06
06
06
06
06
06
06
06
06
ENDCHAR
STARTCHAR uniFFC7
ENCODING 65479
SWIDTH 917 0
DWIDTH 22 0
BBX 10 21 6 -2
BITMAP
08C0
08C0
08C0
08C0
08C0
08C0
08C0
08C0
F8C0
F8C0
08C0
08C0
08C0
08C0
08C0
08C0
08C0
08C0
08C0
08C0
00C0
ENDCHAR
STARTCHAR uniFFCA
ENCODING 65482
SWIDTH 917 0
DWIDTH 22 0
BBX 7 21 7 -2
BITMAP
06
06
06
06
06
FE
FE
06
06
06
06
FE
FE
06
06
06
06
06
06
06
06
ENDCHAR
STARTCHAR uniFFCB
ENCODING 65483
SWIDTH 917 0
DWIDTH 22 0
BBX 11 21 5 -2
BITMAP
0460
0460
0460
0460
0460
7C60
7C60
0460
0460
0460
0460
FC60
FC60
0460
0460
0460
0460
0460
0460
0460
0060
ENDCHAR
STARTCHAR uniFFCC
ENCODING 65484
SWIDTH 917 0
DWIDTH 22 0
BBX 20 10 1 5
BITMAP
006000
006000
006000
006000
006000
006000
006000
006000
006000
FFFFF0
ENDCHAR
STARTCHAR uniFFCD
ENCODING 65485
SWIDTH 917 0
DWIDTH 22 0
BBX 20 21 1 -2
BITMAP
000180
000180
000180
000180
000180
000180
030180
030180
0301F0
0301F0
030180
030180
030180
033D80
FFFD80
000180
000180
000180
000180
000180
000180
ENDCHAR
STARTCHAR uniFFCE
ENCODING 65486
SWIDTH 917 0
DWIDTH 22 0
BBX 18 21 2 -2
BITMAP
0018C0
0018C0
0018C0
0018C0
0018C0
0018C0
0C18C0
0C18C0
0C1FC0
0C1FC0
0C18C0
0C18C0
0C18C0
FFF8C0
FF98C0
0018C0
0018C0
0018C0
0018C0
0018C0
0000C0
ENDCHAR
STARTCHAR uniFFCF
ENCODING 65487
SWIDTH 917 0
DWIDTH 22 0
BBX 17 22 2 -2
BITMAP
000180
000180
000180
000180
000180
000180
000180
030180
030180
030180
030180
030180
030180
030180
FFFD80
7FF180
000180
000180
000180
000180
000180
000180
ENDCHAR
STARTCHAR uniFFD2
ENCODING 65490
SWIDTH 917 0
DWIDTH 22 0
BBX 20 11 1 4
BITMAP
060600
060600
060600
060600
060600
060600
060600
060600
060600
FFFFF0
FFFFF0
ENDCHAR
STARTCHAR uniFFD3
ENCODING 65491
SWIDTH 917 0
DWIDTH 22 0
BBX 20 10 1 2
BITMAP
FFFFF0
006000
006000
006000
006000
006000
006000
006000
006000
006000
ENDCHAR
STARTCHAR uniFFD4
ENCODING 65492
SWIDTH 917 0
DWIDTH 22 0
BBX 18 21 2 -2
BITMAP
0000C0
0000C0
0000C0
0000C0
0000C0
0000C0
0000C0
0000C0
0004C0
FFFCC0
FE00C0
0600C0
0600C0
061FC0
061FC0
0600C0
0600C0
0600C0
0600C0
0000C0
0000C0
ENDCHAR
STARTCHAR uniFFD5
ENCODING 65493
SWIDTH 917 0
DWIDTH 22 0
BBX 18 21 2 -2
BITMAP
000CC0
000CC0
000CC0
000CC0
000CC0
000CC0
000CC0
000CC0
002CC0
FFECC0
FC0CC0
0C0CC0
0C0CC0
0CFCC0
0C0CC0
0C0CC0
0C0CC0
0C0CC0
0C0CC0
000CC0
0000C0
ENDCHAR
STARTCHAR uniFFD6
ENCODING 65494
SWIDTH 917 0
DWIDTH 22 0
BBX 18 21 2 -2
BITMAP
0000C0
0000C0
0000C0
0000C0
0000C0
0000C0
0000C0
0000C0
0000C0
FFFEC0
FF80C0
0300C0
0300C0
0300C0
0300C0
0300C0
0300C0
0300C0
0300C0
0000C0
0000C0
ENDCHAR
STARTCHAR uniFFD7
ENCODING 65495
SWIDTH 917 0
DWIDTH 22 0
BBX 20 11 1 2
BITMAP
FFFFF0
FFFFF0
060600
060600
060600
060600
060600
060600
060600
060600
060600
ENDCHAR
STARTCHAR uniFFDA
ENCODING 65498
SWIDTH 917 0
DWIDTH 22 0
BBX 20 1 1 9
BITMAP
FFFFF0
ENDCHAR
STARTCHAR uniFFDB
ENCODING 65499
SWIDTH 917 0
DWIDTH 22 0
BBX 17 21 2 -2
BITMAP
000180
000180
000180
000180
000180
000180
000180
000180
000180
000180
000180
000180
FFFD80
FFE180
000180
000180
000180
000180
000180
000180
000180
ENDCHAR
STARTCHAR uniFFDC
ENCODING 65500
SWIDTH 917 0
DWIDTH 22 0
BBX 2 21 10 -2
BITMAP
C0
C0
C0
C0
C0
C0
C0
C0
C0
C0
C0
C0
C0
C0
C0
C0
C0
C0
C0
C0
C0
ENDCHAR
STARTCHAR uniFFE0
ENCODING 65504
SWIDTH 1000 0
DWIDTH 24 0
BBX 13 19 6 -1
BITMAP
0200
0200
0200
1FE0
3E70
7210
E200
C200
C200
C200
C200
C200
E200
7230
3FF8
1FC0
0200
0200
0200
ENDCHAR
STARTCHAR uniFFE1
ENCODING 65505
SWIDTH 1000 0
DWIDTH 24 0
BBX 13 18 6 0
BITMAP
0380
1FE0
3C78
3010
6000
6000
6000
7000
3000
FFC0
1800
1800
1800
1800
3000
6000
FFF8
FFF8
ENDCHAR
STARTCHAR uniFFE2
ENCODING 65506
SWIDTH 1000 0
DWIDTH 24 0
BBX 18 8 3 5
BITMAP
FFFFC0
FFFFC0
0000C0
0000C0
0000C0
0000C0
0000C0
0000C0
ENDCHAR
STARTCHAR uniFFE3
ENCODING 65507
SWIDTH 1000 0
DWIDTH 24 0
BBX 24 1 0 20
BITMAP
FFFFFF
ENDCHAR
STARTCHAR uniFFE4
ENCODING 65508
SWIDTH 1000 0
DWIDTH 24 0
BBX 2 22 11 -2
BITMAP
C0
C0
C0
C0
C0
C0
C0
C0
C0
C0
00
00
C0
C0
C0
C0
C0
C0
C0
C0
C0
C0
ENDCHAR
STARTCHAR uniFFE5
ENCODING 65509
SWIDTH 1000 0
DWIDTH 24 0
BBX 16 17 4 0
BITMAP
F007
300C
381C
1818
0C30
0C30
0660
03C0
03C0
3FFC
0180
0180
3FFC
0180
0180
0180
0180
ENDCHAR
STARTCHAR uniFFE6
ENCODING 65510
SWIDTH 1000 0
DWIDTH 24 0
BBX 20 17 2 0
BITMAP
600060
606060
307040
30F0C0
30F0C0
3090C0
1090C0
189880
FFFFF0
199980
090980
090D00
0D0D00
0F0D00
0F0700
060700
060600
ENDCHAR
STARTCHAR uniFFE8
ENCODING 65512
SWIDTH 500 0
DWIDTH 12 0
BBX 2 27 5 -7
BITMAP
C0
C0
C0
C0
C0
C0
C0
C0
C0
C0
C0
C0
C0
C0
C0
C0
C0
C0
C0
C0
C0
C0
C0
C0
C0
C0
C0
ENDCHAR
STARTCHAR uniFFE9
ENCODING 65513
SWIDTH 500 0
DWIDTH 12 0
BBX 11 12 0 3
BITMAP
0400
0C00
0C00
1800
3000
FFE0
7FE0
3000
1800
0C00
0C00
0400
ENDCHAR
STARTCHAR uniFFEA
ENCODING 65514
SWIDTH 500 0
DWIDTH 12 0
BBX 8 22 2 -2
BITMAP
10
18
3C
3C
7E
DB
99
18
18
18
18
18
18
18
18
18
18
18
18
18
18
18
ENDCHAR
STARTCHAR uniFFEB
ENCODING 65515
SWIDTH 500 0
DWIDTH 12 0
BBX 11 12 1 3
BITMAP
0400
0600
0600
0300
0180
FFE0
FFC0
0180
0300
0600
0600
0400
ENDCHAR
STARTCHAR uniFFEC
ENCODING 65516
SWIDTH 500 0
DWIDTH 12 0
BBX 8 22 2 -2
BITMAP
18
18
18
18
18
18
18
18
18
18
18
18
18
18
99
99
DB
7E
3C
18
18
10
ENDCHAR
STARTCHAR uniFFED
ENCODING 65517
SWIDTH 500 0
DWIDTH 12 0
BBX 8 8 2 5
BITMAP
FF
FF
FF
FF
FF
FF
FF
FF
ENDCHAR
STARTCHAR uniFFEE
ENCODING 65518
SWIDTH 500 0
DWIDTH 12 0
BBX 8 9 2 5
BITMAP
18
66
81
81
81
81
81
C3
7E
ENDCHAR
STARTCHAR uni1F100
ENCODING 127232
SWIDTH 1000 0
DWIDTH 24 0
BBX 18 17 3 0
BITMAP
1F8000
3BC000
60C000
60E000
E06000
C06000
C06000
C06000
C06000
C06000
C06000
C06000
E06000
60E000
70C180
3F81C0
1F01C0
ENDCHAR
STARTCHAR uni1F101
ENCODING 127233
SWIDTH 1000 0
DWIDTH 24 0
BBX 18 22 3 -5
BITMAP
1F8000
3BC000
60C000
60E000
E06000
C06000
C06000
C06000
C06000
C06000
C06000
C06000
E06000
60E000
70C1C0
3F81C0
1F01C0
000040
0000C0
000180
000300
000200
ENDCHAR
STARTCHAR uni1F102
ENCODING 127234
SWIDTH 1000 0
DWIDTH 24 0
BBX 17 22 4 -5
BITMAP
1C0000
7C0000
7C0000
0C0000
0C0000
0C0000
0C0000
0C0000
0C0000
0C0000
0C0000
0C0000
0C0000
0C0000
0C0700
FFC700
FFC780
000180
000100
000300
000600
000400
ENDCHAR
STARTCHAR uni1F103
ENCODING 127235
SWIDTH 1000 0
DWIDTH 24 0
BBX 18 22 3 -5
BITMAP
3F0000
738000
C0C000
00C000
00C000
00C000
00C000
01C000
018000
030000
070000
0E0000
1C0000
380000
700380
FFE3C0
FFE1C0
0000C0
000080
000180
000300
000200
ENDCHAR
STARTCHAR uni1F104
ENCODING 127236
SWIDTH 1000 0
DWIDTH 24 0
BBX 18 22 3 -5
BITMAP
3F8000
71C000
60C000
00E000
00E000
00C000
01C000
0F0000
0F8000
01C000
00E000
006000
006000
406000
C0E380
7FC3C0
3F83C0
0000C0
000080
000180
000300
000200
ENDCHAR
STARTCHAR uni1F105
ENCODING 127237
SWIDTH 1000 0
DWIDTH 24 0
BBX 18 22 3 -5
BITMAP
01C000
03C000
06C000
06C000
0CC000
18C000
18C000
30C000
70C000
60C000
FFF000
FFF000
00C000
00C000
00C180
00C3C0
00C1C0
0000C0
0000C0
000180
000300
000200
ENDCHAR
STARTCHAR uni1F106
ENCODING 127238
SWIDTH 1000 0
DWIDTH 24 0
BBX 18 22 3 -5
BITMAP
3FC000
3FC000
300000
300000
300000
300000
6F0000
7FC000
20E000
006000
006000
006000
006000
006000
C0E380
7FC3C0
3F83C0
0000C0
000080
000180
000300
000200
ENDCHAR
STARTCHAR uni1F107
ENCODING 127239
SWIDTH 1000 0
DWIDTH 24 0
BBX 18 22 3 -5
BITMAP
1FC000
3CE000
304000
600000
600000
600000
E00000
CFC000
D8C000
E06000
C06000
606000
606000
606000
30E180
39C3C0
1F81C0
0000C0
000080
000180
000300
000200
ENDCHAR
STARTCHAR uni1F108
ENCODING 127240
SWIDTH 1000 0
DWIDTH 24 0
BBX 16 22 4 -5
BITMAP
FFE0
FFE0
00C0
0180
0180
0300
0300
0600
0600
0600
0600
0C00
0C00
0C00
0C0E
0C0F
0C0F
0003
0002
0006
000C
0008
ENDCHAR
STARTCHAR uni1F109
ENCODING 127241
SWIDTH 1000 0
DWIDTH 24 0
BBX 18 22 3 -5
BITMAP
1F8000
31C000
60C000
606000
606000
70C000
38C000
1F8000
1F8000
31C000
60E000
C06000
C06000
C06000
606180
79C3C0
1F81C0
0000C0
0000C0
000180
000300
000200
ENDCHAR
STARTCHAR uni1F10A
ENCODING 127242
SWIDTH 1000 0
DWIDTH 24 0
BBX 18 22 3 -5
BITMAP
3F0000
718000
60C000
E0E000
C06000
C06000
E06000
60E000
73E000
3F6000
006000
006000
00E000
00C000
41C180
7F83C0
3F01C0
0000C0
0000C0
000180
000300
000200
ENDCHAR
STARTCHAR uni1F10B
ENCODING 127243
SWIDTH 1000 0
DWIDTH 24 0
BBX 22 22 1 -2
BITMAP
01FE00
060180
080040
100020
207810
40FC08
418608
818604
830304
830304
830304
830304
830304
818604
818604
40CC08
407808
200010
100020
080040
060180
01FE00
ENDCHAR
STARTCHAR uni1F10C
ENCODING 127244
SWIDTH 1000 0
DWIDTH 24 0
BBX 22 22 1 -2
BITMAP
01FE00
07FF80
0FFFC0
1FFFE0
3F87F0
7F03F8
7E79F8
FE79FC
FCFCFC
FCFCFC
FCFCFC
FCFCFC
FCFCFC
FE79FC
FE79FC
7F33F8
7F87F8
3FFFF0
1FFFE0
0FFFC0
07FF80
01FE00
ENDCHAR
STARTCHAR uni1F110
ENCODING 127248
SWIDTH 1000 0
DWIDTH 24 0
BBX 22 22 1 -2
BITMAP
300030
200010
603018
407808
407808
C0780C
C0CC0C
80CC04
80CC04
818604
818604
818604
81FF04
83FF04
830304
C3030C
C6018C
460188
460188
680058
200010
100020
ENDCHAR
STARTCHAR uni1F111
ENCODING 127249
SWIDTH 1000 0
DWIDTH 24 0
BBX 22 22 1 -2
BITMAP
300030
200010
63FC18
43FE08
430708
C3030C
C3030C
830304
830304
83FE04
83FE04
830704
830184
830184
830184
C3018C
C3038C
430F08
43FE08
600018
200010
100020
ENDCHAR
STARTCHAR uni1F112
ENCODING 127250
SWIDTH 1000 0
DWIDTH 24 0
BBX 22 22 1 -2
BITMAP
300030
200010
607E18
40FF08
41C388
C3800C
C3000C
870004
860004
860004
860004
860004
860004
860004
870004
C3000C
C3810C
41E788
40FF08
603C18
200010
100020
ENDCHAR
STARTCHAR uni1F113
ENCODING 127251
SWIDTH 1000 0
DWIDTH 24 0
BBX 22 22 1 -2
BITMAP
300030
200010
63F018
43FC08
430E08
C3030C
C3038C
830184
830184
830184
830184
830184
830184
830184
830184
C3030C
C3070C
433E08
43FC08
600018
200010
100020
ENDCHAR
STARTCHAR uni1F114
ENCODING 127252
SWIDTH 1000 0
DWIDTH 24 0
BBX 22 22 1 -2
BITMAP
300030
200010
61FF18
41FF08
418008
C1800C
C1800C
818004
818004
81FE04
81FE04
818004
818004
818004
818004
C1800C
C1800C
41FF08
41FF08
600018
200010
100020
ENDCHAR
STARTCHAR uni1F115
ENCODING 127253
SWIDTH 1000 0
DWIDTH 24 0
BBX 22 22 1 -2
BITMAP
300030
200010
61FF98
41FF88
418008
C1800C
C1800C
818004
818004
818004
81FE04
81FE04
818004
818004
818004
C1800C
C1800C
418008
418008
600018
200010
100020
ENDCHAR
STARTCHAR uni1F116
ENCODING 127254
SWIDTH 1000 0
DWIDTH 24 0
BBX 22 22 1 -2
BITMAP
300030
200010
607E18
41FF08
438388
C3000C
C7000C
860004
860004
8E0004
8E1F84
8E1F84
8E0184
860184
860184
C7018C
C3818C
41C388
40FF08
603C18
200010
100020
ENDCHAR
STARTCHAR uni1F117
ENCODING 127255
SWIDTH 1000 0
DWIDTH 24 0
BBX 22 22 1 -2
BITMAP
300030
200010
660198
460188
460188
C6018C
C6018C
860184
860184
87FF84
87FF84
860184
860184
860184
860184
C6018C
C6018C
460188
460188
600018
200010
100020
ENDCHAR
STARTCHAR uni1F118
ENCODING 127256
SWIDTH 1000 0
DWIDTH 24 0
BBX 22 22 1 -2
BITMAP
300030
200010
603018
403008
403008
C0300C
C0300C
803004
803004
803004
803004
803004
803004
803004
803004
C0300C
C0300C
403008
403008
600018
200010
100020
ENDCHAR
STARTCHAR uni1F119
ENCODING 127257
SWIDTH 1000 0
DWIDTH 24 0
BBX 22 22 1 -2
BITMAP
300030
200010
600618
400608
400608
C0060C
C0060C
800604
800604
800604
800604
800604
800604
800604
800604
C0060C
C30E0C
439C08
41FC08
607018
200010
100020
ENDCHAR
STARTCHAR uni1F11A
ENCODING 127258
SWIDTH 1000 0
DWIDTH 24 0
BBX 22 22 1 -2
BITMAP
300030
200010
670398
470708
470E08
C70C0C
C7180C
873804
877004
877004
87F804
87D804
879C04
870C04
870E04
C7060C
C7030C
470308
470188
600058
200010
100020
ENDCHAR
STARTCHAR uni1F11B
ENCODING 127259
SWIDTH 1000 0
DWIDTH 24 0
BBX 22 22 1 -2
BITMAP
300030
200010
618018
418008
418008
C1800C
C1800C
818004
818004
818004
818004
818004
818004
818004
818004
C1800C
C1800C
41FF08
41FF08
600018
200010
100020
ENDCHAR
STARTCHAR uni1F11C
ENCODING 127260
SWIDTH 1000 0
DWIDTH 24 0
BBX 22 22 1 -2
BITMAP
300030
200010
670398
470388
470388
C7038C
C7878C
878784
868584
86CD84
86CD84
86C984
864984
867984
867984
C6318C
C6318C
463188
460188
600018
200010
100020
ENDCHAR
STARTCHAR uni1F11D
ENCODING 127261
SWIDTH 1000 0
DWIDTH 24 0
BBX 22 22 1 -2
BITMAP
300030
200010
670198
470188
478188
C7818C
C6C18C
86C184
866184
866184
863184
863984
861984
861D84
860D84
C6078C
C6078C
460388
460388
600018
200010
100020
ENDCHAR
STARTCHAR uni1F11E
ENCODING 127262
SWIDTH 1000 0
DWIDTH 24 0
BBX 22 22 1 -2
BITMAP
300030
200010
60FC18
41FE08
438708
C7038C
C6018C
8E01C4
8C00C4
8C00C4
8C00C4
8C00C4
8C00C4
8E01C4
8E01C4
C6018C
C7038C
43CF08
41FE08
607818
200010
100020
ENDCHAR
STARTCHAR uni1F11F
ENCODING 127263
SWIDTH 1000 0
DWIDTH 24 0
BBX 22 22 1 -2
BITMAP
300030
200010
63FC18
43FF08
430388
C3018C
C3018C
830184
830184
830384
830704
83FE04
83F804
830004
830004
C3000C
C3000C
430008
430008
600018
200010
100020
ENDCHAR
STARTCHAR uni1F120
ENCODING 127264
SWIDTH 1000 0
DWIDTH 24 0
BBX 22 24 1 -4
BITMAP
300030
200010
60FC18
41FE08
438708
C7038C
C6018C
8E01C4
8C00C4
8C00C4
8C00C4
8C00C4
8C00C4
8E00C4
8E01C4
C6018C
C7038C
438708
41FE08
607818
203810
101C20
000FC0
0007C0
ENDCHAR
STARTCHAR uni1F121
ENCODING 127265
SWIDTH 1000 0
DWIDTH 24 0
BBX 22 22 1 -2
BITMAP
300030
200010
63FC18
43FE08
430708
C3038C
C3018C
830184
830384
830304
83FF04
83FC04
831804
830C04
830E04
C3060C
C3070C
430308
430388
600018
200010
100020
ENDCHAR
STARTCHAR uni1F122
ENCODING 127266
SWIDTH 1000 0
DWIDTH 24 0
BBX 22 22 1 -2
BITMAP
300030
200010
60FC18
41FF08
418308
C3000C
C3000C
838004
81C004
81F004
807C04
801E04
800704
800384
800384
C0038C
C3030C
47C708
41FE08
607818
200010
100020
ENDCHAR
STARTCHAR uni1F123
ENCODING 127267
SWIDTH 1000 0
DWIDTH 24 0
BBX 22 22 1 -2
BITMAP
300030
200010
67FF98
47FF88
403008
C0300C
C0300C
803004
803004
803004
803004
803004
803004
803004
803004
C0300C
C0300C
403008
403008
600018
200010
100020
ENDCHAR
STARTCHAR uni1F124
ENCODING 127268
SWIDTH 1000 0
DWIDTH 24 0
BBX 22 22 1 -2
BITMAP
300030
200010
660198
460188
460188
C6018C
C6018C
860184
860184
860184
860184
860184
860184
860184
860184
C7038C
C3030C
43CF08
41FE08
607818
200010
100020
ENDCHAR
STARTCHAR uni1F125
ENCODING 127269
SWIDTH 1000 0
DWIDTH 24 0
BBX 22 22 1 -2
BITMAP
300030
200010
660198
460188
470388
C3030C
C3030C
830304
818604
818604
818604
81C604
80CC04
80CC04
80CC04
C0680C
C0780C
407808
407808
600018
200010
100020
ENDCHAR
STARTCHAR uni1F126
ENCODING 127270
SWIDTH 1000 0
DWIDTH 24 0
BBX 22 22 1 -2
BITMAP
300030
200010
6C30D8
4C30C8
4C30C8
CC38CC
CC78CC
847884
844884
864884
864984
864D84
86CD84
86CD84
828584
C2850C
C2850C
438708
438708
600018
200010
100020
ENDCHAR
STARTCHAR uni1F127
ENCODING 127271
SWIDTH 1000 0
DWIDTH 24 0
BBX 22 22 1 -2
BITMAP
300030
200010
670398
430308
438708
C1860C
C0CC0C
80CC04
807804
807804
803004
807804
807804
80CC04
80CC04
C1860C
C3870C
430308
470388
600018
200010
100020
ENDCHAR
STARTCHAR uni1F128
ENCODING 127272
SWIDTH 1000 0
DWIDTH 24 0
BBX 22 22 1 -2
BITMAP
300030
200010
670198
430308
430308
C1860C
C1860C
80CE04
80CC04
80CC04
807804
807804
803004
803004
803004
C0300C
C0300C
403008
403008
600018
200010
100020
ENDCHAR
STARTCHAR uni1F129
ENCODING 127273
SWIDTH 1000 0
DWIDTH 24 0
BBX 22 22 1 -2
BITMAP
300030
200010
63FF98
43FF88
400308
C0060C
C00E0C
800C04
801C04
801804
803004
807004
806004
80C004
80C004
C1800C
C3800C
43FF88
47FF88
600018
200010
100020
ENDCHAR
STARTCHAR uni1F12A
ENCODING 127274
SWIDTH 1000 0
DWIDTH 24 0
BBX 22 22 1 -2
BITMAP
0C00C0
380070
60FC18
C1FF0C
C1830C
C3000C
C3000C
C3800C
C1C00C
C1F00C
C07C0C
C01E0C
C0070C
C0038C
C0038C
C0038C
C3030C
C7C70C
C1FE0C
607818
380070
0C00C0
ENDCHAR
STARTCHAR uni1F12B
ENCODING 127275
SWIDTH 1000 0
DWIDTH 24 0
BBX 22 22 1 -2
BITMAP
01FE00
060180
080040
100020
201C10
407E08
40C308
818004
818004
830004
830004
830004
830004
830004
838404
41DC08
40F808
200010
100020
080040
060180
01FE00
ENDCHAR
STARTCHAR uni1F12C
ENCODING 127276
SWIDTH 1000 0
DWIDTH 24 0
BBX 22 22 1 -2
BITMAP
01FE00
060180
080040
100020
200010
407F08
40C308
80C304
80C304
80C304
808E04
81FC04
819804
818C04
818C04
410C08
430608
200010
100020
080040
060180
01FE00
ENDCHAR
STARTCHAR uni1F12D
ENCODING 127277
SWIDTH 1000 0
DWIDTH 24 0
BBX 22 22 1 -2
BITMAP
01FE00
060180
080040
100020
238010
4FCFC8
4C4CE8
980C64
980C64
980C34
980C34
980C34
980C34
980C64
984C64
4EEFC8
47CF88
200010
100020
080040
060180
01FE00
ENDCHAR
STARTCHAR uni1F12E
ENCODING 127278
SWIDTH 1000 0
DWIDTH 24 0
BBX 22 22 1 -2
BITMAP
01FE00
060180
080040
100020
200810
499008
499008
899004
8997E4
899044
8DD084
8F5184
8E5104
867304
866204
466608
4667E8
200010
100020
080040
060180
01FE00
ENDCHAR
STARTCHAR uni1F12F
ENCODING 127279
SWIDTH 833 0
DWIDTH 20 0
BBX 18 18 1 0
BITMAP
00C000
07F800
180600
300300
21C100
47F080
421880
C00880
C00CC0
C00CC0
C00CC0
401880
421880
67F180
20C100
100200
0C0C00
07F800
ENDCHAR
STARTCHAR uni1F130
ENCODING 127280
SWIDTH 1000 0
DWIDTH 24 0
BBX 22 22 1 -2
BITMAP
FFFFFC
800004
800004
800004
800004
807004
807804
805804
80CC04
80CC04
80CC04
818604
81FE04
818604
830304
830304
870384
800004
800004
800004
800004
FFFFFC
ENDCHAR
STARTCHAR uni1F131
ENCODING 127281
SWIDTH 1000 0
DWIDTH 24 0
BBX 22 22 1 -2
BITMAP
FFFFFC
800004
800004
800004
800004
81FE04
818604
818204
818204
818E04
81FC04
818704
818304
818304
818304
81FE04
81FC04
800004
800004
800004
800004
FFFFFC
ENDCHAR
STARTCHAR uni1F132
ENCODING 127282
SWIDTH 1000 0
DWIDTH 24 0
BBX 22 22 1 -2
BITMAP
FFFFFC
800004
800004
800004
803C04
80FF04
81C204
818004
830004
830004
830004
830004
830004
838004
818104
80F704
807E04
800004
800004
800004
800004
FFFFFC
ENDCHAR
STARTCHAR uni1F133
ENCODING 127283
SWIDTH 1000 0
DWIDTH 24 0
BBX 22 22 1 -2
BITMAP
FFFFFC
800004
800004
800004
800004
81FC04
818E04
818304
818304
818384
818184
818384
818304
818304
818704
81FE04
81F804
800004
800004
800004
800004
FFFFFC
ENDCHAR
STARTCHAR uni1F134
ENCODING 127284
SWIDTH 1000 0
DWIDTH 24 0
BBX 22 22 1 -2
BITMAP
FFFFFC
800004
800004
800004
800004
81FE04
818004
818004
818004
818004
81FC04
818004
818004
818004
818004
81FE04
81FE04
800004
800004
800004
800004
FFFFFC
ENDCHAR
STARTCHAR uni1F135
ENCODING 127285
SWIDTH 1000 0
DWIDTH 24 0
BBX 22 22 1 -2
BITMAP
FFFFFC
800004
800004
800004
800004
81FE04
818004
818004
818004
818004
81FC04
81FC04
818004
818004
818004
818004
818004
800004
800004
800004
800004
FFFFFC
ENDCHAR
STARTCHAR uni1F136
ENCODING 127286
SWIDTH 1000 0
DWIDTH 24 0
BBX 22 22 1 -2
BITMAP
FFFFFC
800004
800004
800004
803C04
80FF04
81C204
830004
830004
830004
871F04
831F04
830304
830304
838304
81E704
807E04
800004
800004
800004
800004
FFFFFC
ENDCHAR
STARTCHAR uni1F137
ENCODING 127287
SWIDTH 1000 0
DWIDTH 24 0
BBX 22 22 1 -2
BITMAP
FFFFFC
800004
800004
800004
800004
830304
830304
830304
830304
830304
83FF04
830304
830304
830304
830304
830304
830304
800004
800004
800004
800004
FFFFFC
ENDCHAR
STARTCHAR uni1F138
ENCODING 127288
SWIDTH 1000 0
DWIDTH 24 0
BBX 22 22 1 -2
BITMAP
FFFFFC
800004
800004
800004
800004
803004
803004
803004
803004
803004
803004
803004
803004
803004
803004
803004
803004
800004
800004
800004
800004
FFFFFC
ENDCHAR
STARTCHAR uni1F139
ENCODING 127289
SWIDTH 1000 0
DWIDTH 24 0
BBX 22 22 1 -2
BITMAP
FFFFFC
800004
800004
800004
800004
800C04
800C04
800C04
800C04
800C04
800C04
800C04
800C04
800C04
810C04
81FC04
80F804
800004
800004
800004
800004
FFFFFC
ENDCHAR
STARTCHAR uni1F13A
ENCODING 127290
SWIDTH 1000 0
DWIDTH 24 0
BBX 22 22 1 -2
BITMAP
FFFFFC
800004
800004
800004
800104
818604
818C04
819804
81B804
81F004
81F804
81D804
818C04
818C04
818604
818304
818384
800004
800004
800004
800004
FFFFFC
ENDCHAR
STARTCHAR uni1F13B
ENCODING 127291
SWIDTH 1000 0
DWIDTH 24 0
BBX 22 22 1 -2
BITMAP
FFFFFC
800004
800004
800004
800004
80C004
80C004
80C004
80C004
80C004
80C004
80C004
80C004
80C004
80C004
80FE04
80FE04
800004
800004
800004
800004
FFFFFC
ENDCHAR
STARTCHAR uni1F13C
ENCODING 127292
SWIDTH 1000 0
DWIDTH 24 0
BBX 22 22 1 -2
BITMAP
FFFFFC
800004
800004
800004
800004
870384
870384
878784
868584
86CD84
86CD84
864984
867984
863184
863184
863184
860184
800004
800004
800004
800004
FFFFFC
ENDCHAR
STARTCHAR uni1F13D
ENCODING 127293
SWIDTH 1000 0
DWIDTH 24 0
BBX 22 22 1 -2
BITMAP
FFFFFC
800004
800004
800004
800004
838304
838304
83C304
836304
836304
833304
833304
831B04
830F04
830F04
830704
830304
800004
800004
800004
800004
FFFFFC
ENDCHAR
STARTCHAR uni1F13E
ENCODING 127294
SWIDTH 1000 0
DWIDTH 24 0
BBX 22 22 1 -2
BITMAP
FFFFFC
800004
800004
800004
807804
81FE04
838704
830304
870384
860184
860184
860184
860184
830304
838304
81CE04
80FC04
800004
800004
800004
800004
FFFFFC
ENDCHAR
STARTCHAR uni1F13F
ENCODING 127295
SWIDTH 1000 0
DWIDTH 24 0
BBX 22 22 1 -2
BITMAP
FFFFFC
800004
800004
800004
800004
81FE04
818704
818304
818304
818304
818704
81FC04
818004
818004
818004
818004
818004
800004
800004
800004
800004
FFFFFC
ENDCHAR
STARTCHAR uni1F140
ENCODING 127296
SWIDTH 1000 0
DWIDTH 24 0
BBX 22 22 1 -2
BITMAP
FFFFFC
800004
800004
800004
807804
81FE04
838704
830304
860384
860184
860184
860184
870304
830304
81CE04
80FC04
803004
801C84
800F84
800004
800004
FFFFFC
ENDCHAR
STARTCHAR uni1F141
ENCODING 127297
SWIDTH 1000 0
DWIDTH 24 0
BBX 22 22 1 -2
BITMAP
FFFFFC
800004
800004
800004
800004
81FE04
818604
818304
818304
818604
819E04
81F804
819804
818C04
818E04
818604
818304
800004
800004
800004
800004
FFFFFC
ENDCHAR
STARTCHAR uni1F142
ENCODING 127298
SWIDTH 1000 0
DWIDTH 24 0
BBX 22 22 1 -2
BITMAP
FFFFFC
800004
800004
800004
807804
80FE04
818604
818004
818004
80E004
807804
801E04
800604
800304
810604
83CE04
80FC04
800004
800004
800004
800004
FFFFFC
ENDCHAR
STARTCHAR uni1F143
ENCODING 127299
SWIDTH 1000 0
DWIDTH 24 0
BBX 22 22 1 -2
BITMAP
FFFFFC
800004
800004
800004
800004
83FF04
803004
803004
803004
803004
803004
803004
803004
803004
803004
803004
803004
800004
800004
800004
800004
FFFFFC
ENDCHAR
STARTCHAR uni1F144
ENCODING 127300
SWIDTH 1000 0
DWIDTH 24 0
BBX 22 22 1 -2
BITMAP
FFFFFC
800004
800004
800004
800004
830304
830304
830304
830304
830304
830304
830304
830304
830304
838604
81EE04
80FC04
800004
800004
800004
800004
FFFFFC
ENDCHAR
STARTCHAR uni1F145
ENCODING 127301
SWIDTH 1000 0
DWIDTH 24 0
BBX 22 22 1 -2
BITMAP
FFFFFC
800004
800004
800004
800004
830304
830304
818604
818604
818604
80CC04
80CC04
80CC04
806804
807804
807804
803004
800004
800004
800004
800004
FFFFFC
ENDCHAR
STARTCHAR uni1F146
ENCODING 127302
SWIDTH 1000 0
DWIDTH 24 0
BBX 22 22 1 -2
BITMAP
FFFFFC
800004
800004
800004
900024
8C3044
8C30C4
8C78C4
8C78C4
8C48C4
864C84
86CD84
86CD84
868584
828704
838704
838704
800004
800004
800004
800004
FFFFFC
ENDCHAR
STARTCHAR uni1F147
ENCODING 127303
SWIDTH 1000 0
DWIDTH 24 0
BBX 22 22 1 -2
BITMAP
FFFFFC
800004
800004
800004
820104
818604
81C604
80CC04
806804
807804
803004
807804
807804
80CC04
818E04
818604
830304
800004
800004
800004
800004
FFFFFC
ENDCHAR
STARTCHAR uni1F148
ENCODING 127304
SWIDTH 1000 0
DWIDTH 24 0
BBX 22 22 1 -2
BITMAP
FFFFFC
800004
800004
800004
800104
838604
818604
81CC04
80CC04
804804
807804
803004
803004
803004
803004
803004
803004
800004
800004
800004
800004
FFFFFC
ENDCHAR
STARTCHAR uni1F149
ENCODING 127305
SWIDTH 1000 0
DWIDTH 24 0
BBX 22 22 1 -2
BITMAP
FFFFFC
800004
800004
800004
800004
81FF04
800604
800C04
801C04
801804
803004
806004
806004
80C004
818004
83FF04
83FF04
800004
800004
800004
800004
FFFFFC
ENDCHAR
STARTCHAR uni1F14A
ENCODING 127306
SWIDTH 1000 0
DWIDTH 24 0
BBX 22 22 1 -2
BITMAP
FFFFFC
800004
800004
800004
801004
986C34
986C34
986C64
986C64
986664
9FE664
986644
9862C4
9862C4
986384
986384
986184
800004
800004
800004
800004
FFFFFC
ENDCHAR
STARTCHAR uni1F14B
ENCODING 127307
SWIDTH 1000 0
DWIDTH 24 0
BBX 22 22 1 -2
BITMAP
FFFFFC
800004
800004
800004
800004
986C34
986C34
98E424
94A464
94A664
94E664
976244
936244
9363C4
936384
926184
906184
800004
800004
800004
800004
FFFFFC
ENDCHAR
STARTCHAR uni1F14C
ENCODING 127308
SWIDTH 1000 0
DWIDTH 24 0
BBX 22 22 1 -2
BITMAP
FFFFFC
800004
800004
800004
870004
8FCFC4
9888E4
980864
980864
8C0824
870834
83C834
80C864
80C864
90C8E4
B9CFC4
8F8F84
800004
800004
800004
800004
FFFFFC
ENDCHAR
STARTCHAR uni1F14D
ENCODING 127309
SWIDTH 1000 0
DWIDTH 24 0
BBX 22 22 1 -2
BITMAP
FFFFFC
800004
800004
800004
870384
8FC7E4
984C44
980C04
980C04
8E0E04
878384
81C1C4
80C064
80C064
90C864
9DDCE4
8F87C4
800004
800004
800004
800004
FFFFFC
ENDCHAR
STARTCHAR uni1F14E
ENCODING 127310
SWIDTH 1000 0
DWIDTH 24 0
BBX 22 22 1 -2
BITMAP
FFFFFC
800004
800004
800004
800004
BE7B14
B24D14
B34D34
B34D34
B34D34
B649A4
BC79A4
B040A4
B040A4
B040E4
B040C4
B040C4
800004
800004
800004
800004
FFFFFC
ENDCHAR
STARTCHAR uni1F14F
ENCODING 127311
SWIDTH 1000 0
DWIDTH 24 0
BBX 22 22 1 -2
BITMAP
FFFFFC
800004
800004
800004
8000E4
A319F4
A31B14
B39304
B39204
B29604
B6B604
94B604
94B604
94E204
94E314
9C63B4
9C61E4
800004
800004
800004
800004
FFFFFC
ENDCHAR
STARTCHAR uni1F150
ENCODING 127312
SWIDTH 1000 0
DWIDTH 24 0
BBX 22 22 1 -2
BITMAP
01FE00
07FF80
0FFFC0
1FFFE0
3FFFF0
7F8FF8
7FA7F8
FFA7FC
FF33FC
FF33FC
FF33FC
FE79FC
FE01FC
FE79FC
FCFCFC
7CFCF8
7CFCF8
3FFFF0
1FFFE0
0FFFC0
07FF80
01FE00
ENDCHAR
STARTCHAR uni1F151
ENCODING 127313
SWIDTH 1000 0
DWIDTH 24 0
BBX 22 22 1 -2
BITMAP
01FE00
07FF80
0FFFC0
1FFFE0
3FFFF0
7E01F8
7E79F8
FE7DFC
FE7DFC
FE71FC
FE07FC
FE78FC
FE7CFC
FE7CFC
FE7CFC
7E01F8
7E03F8
3FFFF0
1FFFE0
0FFFC0
07FF80
01FE00
ENDCHAR
STARTCHAR uni1F152
ENCODING 127314
SWIDTH 1000 0
DWIDTH 24 0
BBX 22 22 1 -2
BITMAP
01FE00
07FF80
0FFFC0
1FFFE0
3FC7F0
7F01F8
7E3DF8
FCFFFC
FCFFFC
FCFFFC
FCFFFC
FCFFFC
FCFFFC
FCFFFC
FC7DFC
7E10F8
7F03F8
3FFFF0
1FFFE0
0FFFC0
07FF80
01FE00
ENDCHAR
STARTCHAR uni1F153
ENCODING 127315
SWIDTH 1000 0
DWIDTH 24 0
BBX 22 22 1 -2
BITMAP
01FE00
07FF80
0FFFC0
1FFFE0
3FFFF0
7E03F8
7E71F8
FE7CFC
FE7CFC
FE7C7C
FE7E7C
FE7C7C
FE7CFC
FE7CFC
FE78FC
7E01F8
7E07F8
3FFFF0
1FFFE0
0FFFC0
07FF80
01FE00
ENDCHAR
STARTCHAR uni1F154
ENCODING 127316
SWIDTH 1000 0
DWIDTH 24 0
BBX 22 22 1 -2
BITMAP
01FE00
07FF80
0FFFC0
1FFFE0
3FFFF0
7E01F8
7E7FF8
FE7FFC
FE7FFC
FE7FFC
FE03FC
FE7FFC
FE7FFC
FE7FFC
FE7FFC
7E01F8
7E01F8
3FFFF0
1FFFE0
0FFFC0
07FF80
01FE00
ENDCHAR
STARTCHAR uni1F155
ENCODING 127317
SWIDTH 1000 0
DWIDTH 24 0
BBX 22 22 1 -2
BITMAP
01FE00
07FF80
0FFFC0
1FFFE0
3FFFF0
7E01F8
7E7FF8
FE7FFC
FE7FFC
FE7FFC
FE03FC
FE03FC
FE7FFC
FE7FFC
FE7FFC
7E7FF8
7E7FF8
3FFFF0
1FFFE0
0FFFC0
07FF80
01FE00
ENDCHAR
STARTCHAR uni1F156
ENCODING 127318
SWIDTH 1000 0
DWIDTH 24 0
BBX 22 22 1 -2
BITMAP
01FE00
07FF80
0FFFC0
1FFFE0
3FC3F0
7F01F8
7E3DF8
FCFFFC
FCFFFC
FCFFFC
FCE0FC
FCE0FC
FCFCFC
FCFCFC
FC7CFC
7E18F8
7F81F8
3FFFF0
1FFFE0
0FFFC0
07FF80
01FE00
ENDCHAR
STARTCHAR uni1F157
ENCODING 127319
SWIDTH 1000 0
DWIDTH 24 0
BBX 22 22 1 -2
BITMAP
01FE00
07FF80
0FFFC0
1FFFE0
3FFFF0
7CFCF8
7CFCF8
FCFCFC
FCFCFC
FCFCFC
FC00FC
FCFCFC
FCFCFC
FCFCFC
FCFCFC
7CFCF8
7CFCF8
3FFFF0
1FFFE0
0FFFC0
07FF80
01FE00
ENDCHAR
STARTCHAR uni1F158
ENCODING 127320
SWIDTH 1000 0
DWIDTH 24 0
BBX 22 22 1 -2
BITMAP
01FE00
07FF80
0FFFC0
1FFFE0
3FFFF0
7FCFF8
7FCFF8
FFCFFC
FFCFFC
FFCFFC
FFCFFC
FFCFFC
FFCFFC
FFCFFC
FFCFFC
7FCFF8
7FCFF8
3FFFF0
1FFFE0
0FFFC0
07FF80
01FE00
ENDCHAR
STARTCHAR uni1F159
ENCODING 127321
SWIDTH 1000 0
DWIDTH 24 0
BBX 22 22 1 -2
BITMAP
01FE00
07FF80
0FFFC0
1FFFE0
3FFFF0
7FF3F8
7FF3F8
FFF3FC
FFF3FC
FFF3FC
FFF3FC
FFF3FC
FFF3FC
FFF3FC
FEF3FC
7E23F8
7F07F8
3FFFF0
1FFFE0
0FFFC0
07FF80
01FE00
ENDCHAR
STARTCHAR uni1F15A
ENCODING 127322
SWIDTH 1000 0
DWIDTH 24 0
BBX 22 22 1 -2
BITMAP
01FE00
07FF80
0FFFC0
1FFFE0
3FFFF0
7E79F8
7E73F8
FE67FC
FE47FC
FE8FFC
FE07FC
FE27FC
FE73FC
FE73FC
FE79FC
7E7CF8
7E7CF8
3FFFF0
1FFFE0
0FFFC0
07FF80
01FE00
ENDCHAR
STARTCHAR uni1F15B
ENCODING 127323
SWIDTH 1000 0
DWIDTH 24 0
BBX 22 22 1 -2
BITMAP
01FE00
07FF80
0FFFC0
1FFFE0
3FFFF0
7F3FF8
7F3FF8
FF3FFC
FF3FFC
FF3FFC
FF3FFC
FF3FFC
FF3FFC
FF3FFC
FF3FFC
7F01F8
7F01F8
3FFFF0
1FFFE0
0FFFC0
07FF80
01FE00
ENDCHAR
STARTCHAR uni1F15C
ENCODING 127324
SWIDTH 1000 0
DWIDTH 24 0
BBX 22 22 1 -2
BITMAP
01FE00
07FF80
0FFFC0
1FFFE0
3FFFF0
78FC78
78FC78
F97A7C
F97A7C
F9327C
F9327C
F9B67C
F9967C
F9CE7C
F9CE7C
79CE78
79FE78
3FFFF0
1FFFE0
0FFFC0
07FF80
01FE00
ENDCHAR
STARTCHAR uni1F15D
ENCODING 127325
SWIDTH 1000 0
DWIDTH 24 0
BBX 22 22 1 -2
BITMAP
01FE00
07FF80
0FFFC0
1FFFE0
3FFFF0
7C7CF8
7C7CF8
FD3CFC
FC9CFC
FC9CFC
FCCCFC
FCCCFC
FCE4FC
FCF4FC
FCF2FC
7CF8F8
7CFCF8
3FFFF0
1FFFE0
0FFFC0
07FF80
01FE00
ENDCHAR
STARTCHAR uni1F15E
ENCODING 127326
SWIDTH 1000 0
DWIDTH 24 0
BBX 22 22 1 -2
BITMAP
01FE00
07FF80
0FFFC0
1FFFE0
3F87F0
7E01F8
7C78F8
FCFCFC
F8FC7C
F9FE7C
F9FE7C
F9FE7C
F9FE7C
FCFCFC
FC7CFC
7E31F8
7F03F8
3FFFF0
1FFFE0
0FFFC0
07FF80
01FE00
ENDCHAR
STARTCHAR uni1F15F
ENCODING 127327
SWIDTH 1000 0
DWIDTH 24 0
BBX 22 22 1 -2
BITMAP
01FE00
07FF80
0FFFC0
1FFFE0
3FFFF0
7E01F8
7E78F8
FE7CFC
FE7CFC
FE7CFC
FE79FC
FE03FC
FE7FFC
FE7FFC
FE7FFC
7E7FF8
7E7FF8
3FFFF0
1FFFE0
0FFFC0
07FF80
01FE00
ENDCHAR
STARTCHAR uni1F160
ENCODING 127328
SWIDTH 1000 0
DWIDTH 24 0
BBX 22 22 1 -2
BITMAP
01FE00
07FF80
0FFFC0
1FFFE0
3F87F0
7E01F8
7C78F8
FCFCFC
F9FC7C
F9FE7C
F9FE7C
F9FE7C
F8FCFC
FCFCFC
FE31FC
7F03F8
7FCFF8
3FE3F0
1FF060
0FFFC0
07FF80
01FE00
ENDCHAR
STARTCHAR uni1F161
ENCODING 127329
SWIDTH 1000 0
DWIDTH 24 0
BBX 22 22 1 -2
BITMAP
01FE00
07FF80
0FFFC0
1FFFE0
3FFFF0
7E01F8
7E78F8
FE7CFC
FE7CFC
FE7CFC
FE61FC
FE07FC
FE73FC
FE73FC
FE79FC
7E79F8
7E7CF8
3FFFF0
1FFFE0
0FFFC0
07FF80
01FE00
ENDCHAR
STARTCHAR uni1F162
ENCODING 127330
SWIDTH 1000 0
DWIDTH 24 0
BBX 22 22 1 -2
BITMAP
01FE00
07FF80
0FFFC0
1FFFE0
3F87F0
7F01F8
7E79F8
FE7FFC
FE7FFC
FF1FFC
FF87FC
FFE1FC
FFF9FC
FFFCFC
FEF9FC
7C31F8
7F03F8
3FFFF0
1FFFE0
0FFFC0
07FF80
01FE00
ENDCHAR
STARTCHAR uni1F163
ENCODING 127331
SWIDTH 1000 0
DWIDTH 24 0
BBX 22 22 1 -2
BITMAP
01FE00
07FF80
0FFFC0
1FFFE0
3FFFF0
7C00F8
7FCFF8
FFCFFC
FFCFFC
FFCFFC
FFCFFC
FFCFFC
FFCFFC
FFCFFC
FFCFFC
7FCFF8
7FCFF8
3FFFF0
1FFFE0
0FFFC0
07FF80
01FE00
ENDCHAR
STARTCHAR uni1F164
ENCODING 127332
SWIDTH 1000 0
DWIDTH 24 0
BBX 22 22 1 -2
BITMAP
01FE00
07FF80
0FFFC0
1FFFE0
3FFFF0
7CFCF8
7CFCF8
FCFCFC
FCFCFC
FCFCFC
FCFCFC
FCFCFC
FCFCFC
FCFCFC
FC79FC
7E11F8
7F03F8
3FFFF0
1FFFE0
0FFFC0
07FF80
01FE00
ENDCHAR
STARTCHAR uni1F165
ENCODING 127333
SWIDTH 1000 0
DWIDTH 24 0
BBX 22 22 1 -2
BITMAP
01FE00
07FF80
0FFFC0
1FFFE0
3FFFF0
7CFCF8
7CFCF8
FE79FC
FE79FC
FE79FC
FF33FC
FF33FC
FF33FC
FF97FC
FF97FC
7F87F8
7FCFF8
3FFFF0
1FFFE0
0FFFC0
07FF80
01FE00
ENDCHAR
STARTCHAR uni1F166
ENCODING 127334
SWIDTH 1000 0
DWIDTH 24 0
BBX 22 22 1 -2
BITMAP
01FE00
07FF80
0FFFC0
1FFFE0
3FFFF0
73CFB8
73CF38
F3A73C
F3A73C
F3B73C
F9B37C
F9327C
F9327C
F97A7C
FD7AFC
7C78F8
7C78F8
3FFFF0
1FFFE0
0FFFC0
07FF80
01FE00
ENDCHAR
STARTCHAR uni1F167
ENCODING 127335
SWIDTH 1000 0
DWIDTH 24 0
BBX 22 22 1 -2
BITMAP
01FE00
07FF80
0FFFC0
1FFFE0
3FFFF0
7E79F8
7E39F8
FF33FC
FF97FC
FF87FC
FFCFFC
FF87FC
FFA7FC
FF33FC
FE71FC
7E79F8
7CFCF8
3FFFF0
1FFFE0
0FFFC0
07FF80
01FE00
ENDCHAR
STARTCHAR uni1F168
ENCODING 127336
SWIDTH 1000 0
DWIDTH 24 0
BBX 22 22 1 -2
BITMAP
01FE00
07FF80
0FFFC0
1FFFE0
3FFFF0
7C79F8
7E79F8
FE33FC
FF33FC
FFB7FC
FFA7FC
FFCFFC
FFCFFC
FFCFFC
FFCFFC
7FCFF8
7FCFF8
3FFFF0
1FFFE0
0FFFC0
07FF80
01FE00
ENDCHAR
STARTCHAR uni1F169
ENCODING 127337
SWIDTH 1000 0
DWIDTH 24 0
BBX 22 22 1 -2
BITMAP
01FE00
07FF80
0FFFC0
1FFFE0
3FFFF0
7E00F8
7FF9F8
FFF3FC
FFE3FC
FFE7FC
FFCFFC
FF9FFC
FF9FFC
FF3FFC
FE7FFC
7C00F8
7C00F8
3FFFF0
1FFFE0
0FFFC0
07FF80
01FE00
ENDCHAR
STARTCHAR uni1F16A
ENCODING 127338
SWIDTH 708 0
DWIDTH 17 0
BBX 16 9 1 9
BITMAP
C31F
C731
E720
AF60
BB60
9B20
9B31
831F
0004
ENDCHAR
STARTCHAR uni1F16B
ENCODING 127339
SWIDTH 708 0
DWIDTH 17 0
BBX 16 8 1 10
BITMAP
C33E
C723
E723
AF21
BB21
9B23
9B23
833E
ENDCHAR
STARTCHAR uni1F16C
ENCODING 127340
SWIDTH 708 0
DWIDTH 17 0
BBX 16 8 1 10
BITMAP
C33E
C723
E723
AF23
BB3E
9B26
9B26
8323
ENDCHAR
STARTCHAR uni1F170
ENCODING 127344
SWIDTH 1000 0
DWIDTH 24 0
BBX 22 22 1 -2
BITMAP
1FFFE0
7FFFF8
7FFFF8
FFFFFC
FFFFFC
FF8FFC
FFA7FC
FFA7FC
FF33FC
FF33FC
FF33FC
FE79FC
FE01FC
FE79FC
FCFCFC
FCFCFC
FCFCFC
FFFFFC
FFFFFC
7FFFF8
3FFFF0
1FFFE0
ENDCHAR
STARTCHAR uni1F171
ENCODING 127345
SWIDTH 1000 0
DWIDTH 24 0
BBX 22 22 1 -2
BITMAP
1FFFE0
7FFFF8
7FFFF8
FFFFFC
FFFFFC
FE01FC
FE79FC
FE7DFC
FE7DFC
FE71FC
FE07FC
FE78FC
FE7CFC
FE7CFC
FE7CFC
FE01FC
FE03FC
FFFFFC
FFFFFC
7FFFF8
3FFFF0
1FFFE0
ENDCHAR
STARTCHAR uni1F172
ENCODING 127346
SWIDTH 1000 0
DWIDTH 24 0
BBX 22 22 1 -2
BITMAP
1FFFE0
7FFFF8
7FFFF8
FFFFFC
FFC3FC
FF00FC
FE3DFC
FE7FFC
FCFFFC
FCFFFC
FCFFFC
FCFFFC
FCFFFC
FC7FFC
FE7FFC
FF08FC
FF81FC
FFFFFC
FFFFFC
7FFFF8
3FFFF0
1FFFE0
ENDCHAR
STARTCHAR uni1F173
ENCODING 127347
SWIDTH 1000 0
DWIDTH 24 0
BBX 22 22 1 -2
BITMAP
1FFFE0
7FFFF8
7FFFF8
FFFFFC
FFFFFC
FE03FC
FE71FC
FE7CFC
FE7CFC
FE7C7C
FE7E7C
FE7C7C
FE7CFC
FE7CFC
FE78FC
FE01FC
FE07FC
FFFFFC
FFFFFC
7FFFF8
3FFFF0
1FFFE0
ENDCHAR
STARTCHAR uni1F174
ENCODING 127348
SWIDTH 1000 0
DWIDTH 24 0
BBX 22 22 1 -2
BITMAP
1FFFE0
7FFFF8
7FFFF8
FFFFFC
FFFFFC
FE01FC
FE7FFC
FE7FFC
FE7FFC
FE7FFC
FE03FC
FE7FFC
FE7FFC
FE7FFC
FE7FFC
FE01FC
FE01FC
FFFFFC
FFFFFC
7FFFF8
3FFFF0
1FFFE0
ENDCHAR
STARTCHAR uni1F175
ENCODING 127349
SWIDTH 1000 0
DWIDTH 24 0
BBX 22 22 1 -2
BITMAP
1FFFE0
7FFFF8
7FFFF8
FFFFFC
FFFFFC
FE01FC
FE7FFC
FE7FFC
FE7FFC
FE7FFC
FE03FC
FE03FC
FE7FFC
FE7FFC
FE7FFC
FE7FFC
FE7FFC
FFFFFC
FFFFFC
7FFFF8
3FFFF0
1FFFE0
ENDCHAR
STARTCHAR uni1F176
ENCODING 127350
SWIDTH 1000 0
DWIDTH 24 0
BBX 22 22 1 -2
BITMAP
1FFFE0
7FFFF8
7FFFF8
FFFFFC
FFC3FC
FF01FC
FE3DFC
FCFFFC
FCFFFC
FCFFFC
FCE0FC
FCE0FC
FCFCFC
FCFCFC
FC7CFC
FE18FC
FF81FC
FFFFFC
FFFFFC
7FFFF8
3FFFF0
1FFFE0
ENDCHAR
STARTCHAR uni1F177
ENCODING 127351
SWIDTH 1000 0
DWIDTH 24 0
BBX 22 22 1 -2
BITMAP
1FFFE0
7FFFF8
7FFFF8
FFFFFC
FFFFFC
FCFCFC
FCFCFC
FCFCFC
FCFCFC
FCFCFC
FC00FC
FCFCFC
FCFCFC
FCFCFC
FCFCFC
FCFCFC
FCFCFC
FFFFFC
FFFFFC
7FFFF8
3FFFF0
1FFFE0
ENDCHAR
STARTCHAR uni1F178
ENCODING 127352
SWIDTH 1000 0
DWIDTH 24 0
BBX 22 22 1 -2
BITMAP
1FFFE0
7FFFF8
7FFFF8
FFFFFC
FFFFFC
FFCFFC
FFCFFC
FFCFFC
FFCFFC
FFCFFC
FFCFFC
FFCFFC
FFCFFC
FFCFFC
FFCFFC
FFCFFC
FFCFFC
FFFFFC
FFFFFC
7FFFF8
3FFFF0
1FFFE0
ENDCHAR
STARTCHAR uni1F179
ENCODING 127353
SWIDTH 1000 0
DWIDTH 24 0
BBX 22 22 1 -2
BITMAP
1FFFE0
7FFFF8
7FFFF8
FFFFFC
FFFFFC
FFF3FC
FFF3FC
FFF3FC
FFF3FC
FFF3FC
FFF3FC
FFF3FC
FFF3FC
FFF3FC
FEF3FC
FE23FC
FF07FC
FFFFFC
FFFFFC
7FFFF8
3FFFF0
1FFFE0
ENDCHAR
STARTCHAR uni1F17A
ENCODING 127354
SWIDTH 1000 0
DWIDTH 24 0
BBX 22 22 1 -2
BITMAP
1FFFE0
7FFFF8
7FFFF8
FFFFFC
FFFFFC
FE79FC
FE73FC
FE67FC
FE47FC
FE8FFC
FE07FC
FE27FC
FE73FC
FE73FC
FE79FC
FE7CFC
FE7CFC
FFFFFC
FFFFFC
7FFFF8
3FFFF0
1FFFE0
ENDCHAR
STARTCHAR uni1F17B
ENCODING 127355
SWIDTH 1000 0
DWIDTH 24 0
BBX 22 22 1 -2
BITMAP
1FFFE0
7FFFF8
7FFFF8
FFFFFC
FFFFFC
FF3FFC
FF3FFC
FF3FFC
FF3FFC
FF3FFC
FF3FFC
FF3FFC
FF3FFC
FF3FFC
FF3FFC
FF01FC
FF01FC
FFFFFC
FFFFFC
7FFFF8
3FFFF0
1FFFE0
ENDCHAR
STARTCHAR uni1F17C
ENCODING 127356
SWIDTH 1000 0
DWIDTH 24 0
BBX 22 22 1 -2
BITMAP
1FFFE0
7FFFF8
7FFFF8
FFFFFC
FFFFFC
F8FC7C
F8FC7C
F97A7C
F97A7C
F9327C
F9327C
F9B67C
F9967C
F9CE7C
F9CE7C
F9CE7C
F9FE7C
FFFFFC
FFFFFC
7FFFF8
3FFFF0
1FFFE0
ENDCHAR
STARTCHAR uni1F17D
ENCODING 127357
SWIDTH 1000 0
DWIDTH 24 0
BBX 22 22 1 -2
BITMAP
1FFFE0
7FFFF8
7FFFF8
FFFFFC
FFFFFC
FC7CFC
FC7CFC
FD3CFC
FC9CFC
FC9CFC
FCCCFC
FCCCFC
FCE4FC
FCF4FC
FCF2FC
FCF8FC
FCFCFC
FFFFFC
FFFFFC
7FFFF8
3FFFF0
1FFFE0
ENDCHAR
STARTCHAR uni1F17E
ENCODING 127358
SWIDTH 1000 0
DWIDTH 24 0
BBX 22 22 1 -2
BITMAP
1FFFE0
7FFFF8
7FFFF8
FFFFFC
FF87FC
FE01FC
FC78FC
FCFCFC
F8FC7C
F9FE7C
F9FE7C
F9FE7C
F9FE7C
FCFCFC
FC7CFC
FE31FC
FF03FC
FFFFFC
FFFFFC
7FFFF8
3FFFF0
1FFFE0
ENDCHAR
STARTCHAR uni1F17F
ENCODING 127359
SWIDTH 1000 0
DWIDTH 24 0
BBX 22 22 1 -2
BITMAP
1FFFE0
7FFFF8
7FFFF8
FFFFFC
FFFFFC
FE01FC
FE78FC
FE7CFC
FE7CFC
FE7CFC
FE78FC
FE03FC
FE7FFC
FE7FFC
FE7FFC
FE7FFC
FE7FFC
FFFFFC
FFFFFC
7FFFF8
3FFFF0
1FFFE0
ENDCHAR
STARTCHAR uni1F180
ENCODING 127360
SWIDTH 1000 0
DWIDTH 24 0
BBX 22 22 1 -2
BITMAP
1FFFE0
7FFFF8
7FFFF8
FFFFFC
FF87FC
FE01FC
FC78FC
FCFCFC
F9FC7C
F9FE7C
F9FE7C
F9FE7C
F8FCFC
FCFCFC
FE31FC
FF03FC
FFCFFC
FFE37C
FFF07C
7FFFF8
3FFFF0
1FFFE0
ENDCHAR
STARTCHAR uni1F181
ENCODING 127361
SWIDTH 1000 0
DWIDTH 24 0
BBX 22 22 1 -2
BITMAP
1FFFE0
7FFFF8
7FFFF8
FFFFFC
FFFFFC
FE01FC
FE79FC
FE7CFC
FE7CFC
FE79FC
FE61FC
FE07FC
FE67FC
FE73FC
FE71FC
FE79FC
FE7CFC
FFFFFC
FFFFFC
7FFFF8
3FFFF0
1FFFE0
ENDCHAR
STARTCHAR uni1F182
ENCODING 127362
SWIDTH 1000 0
DWIDTH 24 0
BBX 22 22 1 -2
BITMAP
1FFFE0
7FFFF8
7FFFF8
FFFFFC
FF87FC
FF01FC
FE79FC
FE7FFC
FE7FFC
FF1FFC
FF87FC
FFE1FC
FFF9FC
FFFCFC
FEF9FC
FC31FC
FF03FC
FFFFFC
FFFFFC
7FFFF8
3FFFF0
1FFFE0
ENDCHAR
STARTCHAR uni1F183
ENCODING 127363
SWIDTH 1000 0
DWIDTH 24 0
BBX 22 22 1 -2
BITMAP
1FFFE0
7FFFF8
7FFFF8
FFFFFC
FFFFFC
FC00FC
FFCFFC
FFCFFC
FFCFFC
FFCFFC
FFCFFC
FFCFFC
FFCFFC
FFCFFC
FFCFFC
FFCFFC
FFCFFC
FFFFFC
FFFFFC
7FFFF8
3FFFF0
1FFFE0
ENDCHAR
STARTCHAR uni1F184
ENCODING 127364
SWIDTH 1000 0
DWIDTH 24 0
BBX 22 22 1 -2
BITMAP
1FFFE0
7FFFF8
7FFFF8
FFFFFC
FFFFFC
FCFCFC
FCFCFC
FCFCFC
FCFCFC
FCFCFC
FCFCFC
FCFCFC
FCFCFC
FCFCFC
FC79FC
FE11FC
FF03FC
FFFFFC
FFFFFC
7FFFF8
3FFFF0
1FFFE0
ENDCHAR
STARTCHAR uni1F185
ENCODING 127365
SWIDTH 1000 0
DWIDTH 24 0
BBX 22 22 1 -2
BITMAP
1FFFE0
7FFFF8
7FFFF8
FFFFFC
FFFFFC
FCFCFC
FCFCFC
FE79FC
FE79FC
FE79FC
FF33FC
FF33FC
FF33FC
FF97FC
FF97FC
FF87FC
FFCFFC
FFFFFC
FFFFFC
7FFFF8
3FFFF0
1FFFE0
ENDCHAR
STARTCHAR uni1F186
ENCODING 127366
SWIDTH 1000 0
DWIDTH 24 0
BBX 22 22 1 -2
BITMAP
1FFFE0
7FFFF8
7FFFF8
FFFFFC
FFFFFC
F3CFBC
F3CF3C
F3A73C
F3A73C
F3B73C
F9B37C
F9327C
F9327C
F97A7C
FD7AFC
FC78FC
FC78FC
FFFFFC
FFFFFC
7FFFF8
3FFFF0
1FFFE0
ENDCHAR
STARTCHAR uni1F187
ENCODING 127367
SWIDTH 1000 0
DWIDTH 24 0
BBX 22 22 1 -2
BITMAP
1FFFE0
7FFFF8
7FFFF8
FFFFFC
FFFFFC
FE79FC
FE39FC
FF33FC
FF97FC
FF87FC
FFCFFC
FF87FC
FFA7FC
FF33FC
FE71FC
FE79FC
FCFCFC
FFFFFC
FFFFFC
7FFFF8
3FFFF0
1FFFE0
ENDCHAR
STARTCHAR uni1F188
ENCODING 127368
SWIDTH 1000 0
DWIDTH 24 0
BBX 22 22 1 -2
BITMAP
1FFFE0
7FFFF8
7FFFF8
FFFFFC
FFFFFC
FC79FC
FE79FC
FE33FC
FF33FC
FFB7FC
FFA7FC
FFCFFC
FFCFFC
FFCFFC
FFCFFC
FFCFFC
FFCFFC
FFFFFC
FFFFFC
7FFFF8
3FFFF0
1FFFE0
ENDCHAR
STARTCHAR uni1F189
ENCODING 127369
SWIDTH 1000 0
DWIDTH 24 0
BBX 22 22 1 -2
BITMAP
1FFFE0
7FFFF8
7FFFF8
FFFFFC
FFFFFC
FE00FC
FFF9FC
FFF3FC
FFE3FC
FFE7FC
FFCFFC
FF9FFC
FF9FFC
FF3FFC
FE7FFC
FC00FC
FC00FC
FFFFFC
FFFFFC
7FFFF8
3FFFF0
1FFFE0
ENDCHAR
STARTCHAR uni1F18A
ENCODING 127370
SWIDTH 1000 0
DWIDTH 24 0
BBX 22 22 1 -2
BITMAP
FFFFFC
9FFFE4
CFFFCC
E7FF9C
F7FFBC
FE01FC
FE78FC
FE7CFC
FE7CFC
FE7CFC
FE78FC
FE03FC
FE7FFC
FE7FFC
FE7FFC
FE7E7C
FE7F3C
E7FF9C
CFFFCC
9FFFE4
BFFFF4
FFFFFC
ENDCHAR
STARTCHAR uni1F18B
ENCODING 127371
SWIDTH 1000 0
DWIDTH 24 0
BBX 22 22 1 -2
BITMAP
1FFFE0
7FFFF8
7FFFF8
FFFFFC
FFFCFC
F9F03C
F9E3BC
F9E7FC
F9CFFC
F9CFFC
F9CFFC
F9CFFC
F9CFFC
F9CFFC
F9E7BC
F9E13C
F9F87C
FFFFFC
FFFFFC
7FFFF8
3FFFF0
1FFFE0
ENDCHAR
STARTCHAR uni1F18C
ENCODING 127372
SWIDTH 1000 0
DWIDTH 24 0
BBX 22 22 1 -2
BITMAP
1FFFE0
7FFFF8
7FFFF8
FFFFFC
FFFFFC
E03C7C
E71D7C
E7997C
E7997C
E79B3C
E73B3C
E073BC
E7F01C
E7F39C
E7E79C
E7E79C
E7E7CC
FFFFFC
FFFFFC
7FFFF8
3FFFF0
1FFFE0
ENDCHAR
STARTCHAR uni1F18D
ENCODING 127373
SWIDTH 1000 0
DWIDTH 24 0
BBX 22 22 1 -2
BITMAP
1FFFE0
7FFFF8
7FFFF8
FFFFFC
F8FFFC
E07C7C
E77D7C
EFF97C
E7F97C
E3FB3C
F0FB3C
FC73BC
FE301C
FF339C
FF279C
C6679C
E0E7CC
FFFFFC
FFFFFC
7FFFF8
3FFFF0
1FFFE0
ENDCHAR
STARTCHAR uni1F18E
ENCODING 127374
SWIDTH 1000 0
DWIDTH 24 0
BBX 22 22 1 -2
BITMAP
1FFFE0
7FFFF8
7FFFF8
FFFFFC
FFFFFC
F8F01C
FAF39C
FA73DC
F273DC
F2739C
F3703C
F7339C
E033CC
E733CC
E7B3CC
CF901C
CF903C
FFFFFC
FFFFFC
7FFFF8
3FFFF0
1FFFE0
ENDCHAR
STARTCHAR uni1F18F
ENCODING 127375
SWIDTH 1000 0
DWIDTH 24 0
BBX 22 22 1 -2
BITMAP
1FFFE0
7FFFF8
7FFFF8
FFFFFC
FFFF1C
DCE60C
DCE4FC
CD6CFC
CD6DFC
CD69FC
C949FC
EB49FC
EB49FC
EB5DFC
EB5CFC
E39C4C
E39E1C
FFFFFC
FFFFFC
7FFFF8
3FFFF0
1FFFE0
ENDCHAR
STARTCHAR uni1F190
ENCODING 127376
SWIDTH 1000 0
DWIDTH 24 0
BBX 20 18 2 0
BITMAP
F80030
FE0030
C78030
C18030
C1C030
C0C030
C0C030
C0E030
C0E030
C0E030
C0E030
C0C030
C0C030
C0C030
C18830
C39870
FF0FE0
FC07C0
ENDCHAR
STARTCHAR uni1F191
ENCODING 127377
SWIDTH 1000 0
DWIDTH 24 0
BBX 22 22 1 -2
BITMAP
FFFFFC
800004
800004
800004
818004
87E604
8E6604
8C0604
980604
980604
980604
980604
980604
980604
8C2604
8E67E4
87C7E4
800004
800004
800004
800004
FFFFFC
ENDCHAR
STARTCHAR uni1F192
ENCODING 127378
SWIDTH 1000 0
DWIDTH 24 0
BBX 22 22 1 -2
BITMAP
FFFFFC
800004
800004
800004
88C604
9DC764
912964
B12964
A12964
A12964
A12964
A12964
A12964
A12964
B12964
976D64
9DC774
800004
800004
800004
800004
FFFFFC
ENDCHAR
STARTCHAR uni1F193
ENCODING 127379
SWIDTH 1000 0
DWIDTH 24 0
BBX 22 22 1 -2
BITMAP
FFFFFC
800004
800004
800004
800004
BDE774
B12444
B12444
B12444
B12444
B96674
B9C444
B14444
B16444
B16444
B12444
B12774
801004
800004
800004
800004
FFFFFC
ENDCHAR
STARTCHAR uni1F194
ENCODING 127380
SWIDTH 1000 0
DWIDTH 24 0
BBX 22 22 1 -2
BITMAP
FFFFFC
800004
800004
800004
800004
863F04
863384
8631C4
8630C4
8630C4
8630C4
8630C4
8630C4
8630C4
863184
863F84
863E04
800004
800004
800004
800004
FFFFFC
ENDCHAR
STARTCHAR uni1F195
ENCODING 127381
SWIDTH 1000 0
DWIDTH 24 0
BBX 22 22 1 -2
BITMAP
FFFFFC
800004
800004
800004
800004
B17494
B94494
B94554
B94554
B94554
BD7754
B54374
B54374
B54364
B74364
B34364
B37B64
800004
800004
800004
800004
FFFFFC
ENDCHAR
STARTCHAR uni1F196
ENCODING 127382
SWIDTH 1000 0
DWIDTH 24 0
BBX 22 22 1 -2
BITMAP
FFFFFC
800004
800004
800004
8001C4
9843E4
984624
9C4C04
944C04
964C04
924CE4
934CE4
994C24
99CC24
99CC24
98C664
98C3E4
800004
800004
800004
800004
FFFFFC
ENDCHAR
STARTCHAR uni1F197
ENCODING 127383
SWIDTH 1000 0
DWIDTH 24 0
BBX 22 22 1 -2
BITMAP
FFFFFC
800004
800004
800004
870014
8F8C64
98CC64
98CCC4
B0CD84
B06D84
B06F84
B06EC4
B06EC4
98CC64
98CC64
9DCC64
8F8C34
800004
800004
800004
800004
FFFFFC
ENDCHAR
STARTCHAR uni1F198
ENCODING 127384
SWIDTH 1000 0
DWIDTH 24 0
BBX 22 22 1 -2
BITMAP
FFFFFC
800004
800004
800004
983064
BE79F4
B44D94
A0CD84
B0CD84
B8CCC4
9CCCE4
8CCC64
86CC34
86CC14
A2CD14
E66BB4
BC79F4
800004
800004
800004
800004
FFFFFC
ENDCHAR
STARTCHAR uni1F199
ENCODING 127385
SWIDTH 1000 0
DWIDTH 24 0
BBX 22 22 1 -2
BITMAP
FFFFFC
800004
800004
800004
800004
B19F34
B19334
B191B4
B191B4
B191B4
B19334
B19F24
B19004
B19004
919034
9B1074
9F1034
800004
800004
800004
800004
FFFFFC
ENDCHAR
STARTCHAR uni1F19A
ENCODING 127386
SWIDTH 1000 0
DWIDTH 24 0
BBX 22 22 1 -2
BITMAP
FFFFFC
800004
800004
800004
A00184
9867E4
986C64
98CC04
98CC04
8CC604
8CC384
8C81E4
8D8064
858064
870864
870C64
8707C4
800004
800004
800004
800004
FFFFFC
ENDCHAR
STARTCHAR uni1F19B
ENCODING 127387
SWIDTH 1000 0
DWIDTH 24 0
BBX 22 22 1 -2
BITMAP
FFFFFC
800004
800004
800004
860004
9F9F84
9198C4
819864
819864
819864
861864
839864
80D864
80D864
90D8E4
B99FC4
9F1F84
800004
800004
800004
800004
FFFFFC
ENDCHAR
STARTCHAR uni1F19C
ENCODING 127388
SWIDTH 1000 0
DWIDTH 24 0
BBX 22 22 1 -2
BITMAP
FFFFFC
800004
800004
800004
8E4B84
9B6B64
836B24
825B24
845B64
8F4BC4
800004
861004
8D6FC4
884264
8743C4
8142C4
8F6E44
861024
800004
800004
800004
FFFFFC
ENDCHAR
STARTCHAR uni1F19D
ENCODING 127389
SWIDTH 1000 0
DWIDTH 24 0
BBX 22 22 1 -2
BITMAP
FFFFFC
800004
800004
800004
870004
8F8CE4
998CC4
80CD84
80CD84
80CF04
818F04
818F84
830D84
860CC4
8C0CC4
8FCC64
9FCC64
800004
800004
800004
800004
FFFFFC
ENDCHAR
STARTCHAR uni1F19E
ENCODING 127390
SWIDTH 1000 0
DWIDTH 24 0
BBX 22 22 1 -2
BITMAP
FFFFFC
800004
800004
800004
800004
838CE4
838CC4
878D84
858D84
8D8F04
898F04
998F84
9FCD84
9FCCC4
818CC4
818C64
818C64
800004
800004
800004
800004
FFFFFC
ENDCHAR
STARTCHAR uni1F19F
ENCODING 127391
SWIDTH 1000 0
DWIDTH 24 0
BBX 22 22 1 -2
BITMAP
FFFFFC
800004
800004
800004
870004
8F8C64
98CCC4
98CD84
98CD84
8C8F04
878F84
898F84
98CC84
904CC4
984CC4
98CC64
8F8C64
800004
800004
800004
800004
FFFFFC
ENDCHAR
STARTCHAR uni1F1A0
ENCODING 127392
SWIDTH 1000 0
DWIDTH 24 0
BBX 22 22 1 -2
BITMAP
FFFFFC
800004
800004
800004
800004
8FC3C4
8C03C4
8C00C4
8C00C4
8F80C4
8FC0C4
80C0C4
8040C4
8040C4
90CCC4
99CCC4
8F8CC4
800004
800004
800004
800004
FFFFFC
ENDCHAR
STARTCHAR uni1F1A1
ENCODING 127393
SWIDTH 1000 0
DWIDTH 24 0
BBX 22 22 1 -2
BITMAP
FFFFFC
800004
800004
800004
800004
8FE384
80C784
80C184
818184
818184
810184
830184
830184
830184
831184
833984
823984
800004
800004
800004
800004
FFFFFC
ENDCHAR
STARTCHAR uni1F1A2
ENCODING 127394
SWIDTH 1000 0
DWIDTH 24 0
BBX 22 22 1 -2
BITMAP
FFFFFC
800004
800004
800004
984064
BCE0F4
A53194
843014
843014
842034
842024
8C2024
884064
984044
90C044
B08684
BFF6F4
800004
800004
800004
800004
FFFFFC
ENDCHAR
STARTCHAR uni1F1A3
ENCODING 127395
SWIDTH 1000 0
DWIDTH 24 0
BBX 22 22 1 -2
BITMAP
FFFFFC
800004
800004
800004
841004
8F39E4
994924
904D34
904D34
944D34
9A4D24
934DE4
934D04
934D04
934904
926904
8E3904
800004
800004
800004
800004
FFFFFC
ENDCHAR
STARTCHAR uni1F1A4
ENCODING 127396
SWIDTH 1000 0
DWIDTH 24 0
BBX 22 22 1 -2
BITMAP
FFFFFC
800004
800004
800004
810C04
B39EF4
94D2D4
90D2D4
90D2D4
90D2D4
9092D4
9092E4
9192C4
9112C4
9312C4
9212C4
97DEC4
800004
800004
800004
800004
FFFFFC
ENDCHAR
STARTCHAR uni1F1A5
ENCODING 127397
SWIDTH 1000 0
DWIDTH 24 0
BBX 22 22 1 -2
BITMAP
FFFFFC
800004
800004
800004
800604
800604
800604
800604
807604
80FE04
818604
818604
818604
818604
818604
81CE04
80F604
800004
800004
800004
800004
FFFFFC
ENDCHAR
STARTCHAR uni1F1A6
ENCODING 127398
SWIDTH 1000 0
DWIDTH 24 0
BBX 22 22 1 -2
BITMAP
FFFFFC
800004
800004
800004
8001C4
9863F4
986624
986C04
986C04
986C04
9FEC04
986C04
986C04
986C04
986624
986774
9863E4
800004
800004
800004
800004
FFFFFC
ENDCHAR
STARTCHAR uni1F1A7
ENCODING 127399
SWIDTH 1000 0
DWIDTH 24 0
BBX 22 22 1 -2
BITMAP
FFFFFC
800004
800004
800004
800004
B379E4
B349B4
B34D94
B34594
B34594
BF45B4
B345E4
B345E4
B345A4
B34DA4
B359B4
B37194
800004
800004
800004
800004
FFFFFC
ENDCHAR
STARTCHAR uni1F1A8
ENCODING 127400
SWIDTH 1000 0
DWIDTH 24 0
BBX 22 22 1 -2
BITMAP
FFFFFC
800004
800004
800004
88BC04
88BC04
889804
8F9B84
889804
88BC04
800004
800084
8F3FE4
89A304
8F39C4
8B2064
893FE4
808084
800004
800004
800004
FFFFFC
ENDCHAR
STARTCHAR uni1F1A9
ENCODING 127401
SWIDTH 1000 0
DWIDTH 24 0
BBX 22 22 1 -2
BITMAP
FFFFFC
800004
800004
800004
91CEE4
912AB4
932CC4
932664
9132B4
9DFEE4
800004
8008C4
91DFE4
911104
91CCC4
910664
9DFDE4
8008C4
800004
800004
800004
FFFFFC
ENDCHAR
STARTCHAR uni1F1AA
ENCODING 127402
SWIDTH 1000 0
DWIDTH 24 0
BBX 22 22 1 -2
BITMAP
FFFFFC
800004
800004
800004
8C000C
BE8F14
B28F14
B08D14
B08D34
988DB4
9CFDA4
8C8DA4
868CA4
828CA4
828CA4
E68CE4
BC8CC4
800004
800004
800004
800004
FFFFFC
ENDCHAR
STARTCHAR uni1F1AB
ENCODING 127403
SWIDTH 1000 0
DWIDTH 24 0
BBX 22 22 1 -2
BITMAP
FFFFFC
800004
800004
800004
800004
A2C5E4
A2C524
A2C534
A2C514
A2C514
A2FD14
A2C514
A2C514
A2C534
A2C534
B6C564
9EC5C4
800004
800004
800004
800004
FFFFFC
ENDCHAR
STARTCHAR uni1F1AC
ENCODING 127404
SWIDTH 1000 0
DWIDTH 24 0
BBX 22 22 1 -2
BITMAP
FFFFFC
800004
800004
800004
803004
A379E4
B3C964
B2CD34
B2CD34
92CD14
96CD14
96CD14
94CD34
9CCD34
9CCD34
8C59E4
8C79C4
800004
800004
800004
800004
FFFFFC
ENDCHAR
STARTCHAR uni30EDE
ENCODING 200414
SWIDTH 1000 0
DWIDTH 24 0
BBX 23 22 0 -2
BITMAP
000400
4FFFFE
69EEF6
264E5C
3660AC
27AFEC
06606C
066EAC
66DFDC
26EEEC
26EEEC
26ECEC
2A8E8C
2AFFFC
2AEEEC
2AFAE4
2E969C
294F38
37426C
7A3FC4
CF0002
41FFFE
ENDCHAR
STARTCHAR uni3106C
ENCODING 200812
SWIDTH 1000 0
DWIDTH 24 0
BBX 22 22 1 -2
BITMAP
03FF00
03FF80
05DE80
01DE00
022100
05DE80
EFE1DC
11FE20
FEDFFC
91FF24
7DFEF8
01FE00
FFFFFC
FF7FFC
19E4F0
25DBE0
3C3F10
3DCEE0
3D3F90
25D1E0
3D3F98
2DF2F8
ENDCHAR
ENDFONT
