STARTFONT 2.1
FONT -unknown-Standard-Italic-R-Normal--18-180-75-75-P-0-ISO10646-1
SIZE 18 75 75
FONTBOUNDINGBOX 18 18 0 0
STARTPROPERTIES 5
FAMILY_NAME "Standard"
WEIGHT_NAME "Italic"
PIXEL_SIZE 18
FONT_ASCENT 14
FONT_DESCENT 4
ENDPROPERTIES
CHARS 2221
STARTCHAR uni0020
ENCODING 32
SWIDTH 222 0
DWIDTH 4 0
BBX 0 0 0 0
BITMAP
ENDCHAR
STARTCHAR exclam
ENCODING 33
SWIDTH 278 0
DWIDTH 5 0
BBX 4 12 1 0
BITMAP
30
30
20
20
60
60
60
40
00
00
C0
C0
ENDCHAR
STARTCHAR quotedbl
ENCODING 34
SWIDTH 333 0
DWIDTH 6 0
BBX 5 4 2 8
BITMAP
D8
D8
90
90
ENDCHAR
STARTCHAR numbersign
ENCODING 35
SWIDTH 556 0
DWIDTH 10 0
BBX 10 12 0 0
BITMAP
1100
1100
1100
FFC0
2200
2200
2200
FFC0
2200
4400
4400
4400
ENDCHAR
STARTCHAR dollar
ENCODING 36
SWIDTH 556 0
DWIDTH 10 0
BBX 11 14 0 -1
BITMAP
0100
0F80
1AE0
3260
3200
3A00
1F00
0780
04C0
04C0
C4C0
6580
3F00
0800
ENDCHAR
STARTCHAR percent
ENCODING 37
SWIDTH 889 0
DWIDTH 16 0
BBX 13 12 2 0
BITMAP
3830
4420
8440
8480
8500
8B70
7688
0508
0908
1108
2110
60E0
ENDCHAR
STARTCHAR ampersand
ENCODING 38
SWIDTH 667 0
DWIDTH 12 0
BBX 11 12 1 0
BITMAP
0780
0CC0
18C0
19C0
1B80
1C00
7820
CC40
C4C0
C780
E700
7CE0
ENDCHAR
STARTCHAR quotesingle
ENCODING 39
SWIDTH 167 0
DWIDTH 3 0
BBX 2 4 2 8
BITMAP
C0
C0
80
80
ENDCHAR
STARTCHAR parenleft
ENCODING 40
SWIDTH 333 0
DWIDTH 6 0
BBX 7 17 1 -4
BITMAP
06
0C
18
30
30
60
60
C0
C0
C0
C0
C0
C0
C0
40
60
60
ENDCHAR
STARTCHAR parenright
ENCODING 41
SWIDTH 333 0
DWIDTH 6 0
BBX 7 17 -2 -4
BITMAP
18
0C
0C
06
06
06
06
06
06
06
0C
0C
18
18
30
60
C0
ENDCHAR
STARTCHAR asterisk
ENCODING 42
SWIDTH 389 0
DWIDTH 7 0
BBX 7 6 1 6
BITMAP
10
10
D6
38
28
44
ENDCHAR
STARTCHAR plus
ENCODING 43
SWIDTH 611 0
DWIDTH 11 0
BBX 9 9 1 2
BITMAP
0800
0800
0800
0800
FF80
0800
0800
0800
0800
ENDCHAR
STARTCHAR comma
ENCODING 44
SWIDTH 278 0
DWIDTH 5 0
BBX 3 4 0 -2
BITMAP
60
60
40
40
ENDCHAR
STARTCHAR hyphen
ENCODING 45
SWIDTH 333 0
DWIDTH 6 0
BBX 5 1 1 4
BITMAP
F8
ENDCHAR
STARTCHAR period
ENCODING 46
SWIDTH 278 0
DWIDTH 5 0
BBX 2 2 1 0
BITMAP
C0
C0
ENDCHAR
STARTCHAR slash
ENCODING 47
SWIDTH 278 0
DWIDTH 5 0
BBX 8 13 -1 0
BITMAP
03
02
06
04
0C
08
18
10
30
20
60
40
C0
ENDCHAR
STARTCHAR zero
ENCODING 48
SWIDTH 556 0
DWIDTH 10 0
BBX 9 12 1 0
BITMAP
1E00
3300
6180
6180
4180
C180
C180
C100
C300
C300
6600
3C00
ENDCHAR
STARTCHAR one
ENCODING 49
SWIDTH 556 0
DWIDTH 10 0
BBX 8 12 1 0
BITMAP
0E
16
26
0C
0C
0C
0C
0C
0C
18
18
FF
ENDCHAR
STARTCHAR two
ENCODING 50
SWIDTH 556 0
DWIDTH 10 0
BBX 10 12 0 0
BITMAP
0F00
18C0
30C0
00C0
00C0
0180
0700
0E00
1800
7000
4000
FF00
ENDCHAR
STARTCHAR three
ENCODING 51
SWIDTH 556 0
DWIDTH 10 0
BBX 9 12 1 0
BITMAP
1F00
3180
6180
0180
0300
1C00
0600
0300
0300
C300
6600
3C00
ENDCHAR
STARTCHAR four
ENCODING 52
SWIDTH 556 0
DWIDTH 10 0
BBX 8 12 1 0
BITMAP
03
07
0B
0E
16
26
46
46
FF
0C
0C
0C
ENDCHAR
STARTCHAR five
ENCODING 53
SWIDTH 556 0
DWIDTH 10 0
BBX 9 12 1 0
BITMAP
1F80
3000
3000
3000
7E00
6700
0300
0300
0300
C300
E600
3C00
ENDCHAR
STARTCHAR six
ENCODING 54
SWIDTH 556 0
DWIDTH 10 0
BBX 9 12 1 0
BITMAP
0F00
3380
6180
6000
5E00
E300
C300
C300
C300
C300
6600
3C00
ENDCHAR
STARTCHAR seven
ENCODING 55
SWIDTH 556 0
DWIDTH 10 0
BBX 9 12 2 0
BITMAP
FF80
0100
0200
0600
0C00
1800
3000
3000
6000
6000
C000
C000
ENDCHAR
STARTCHAR eight
ENCODING 56
SWIDTH 556 0
DWIDTH 10 0
BBX 9 12 1 0
BITMAP
1F00
7180
6180
6180
7300
3E00
6700
C300
C300
C300
E600
7C00
ENDCHAR
STARTCHAR nine
ENCODING 57
SWIDTH 556 0
DWIDTH 10 0
BBX 9 12 1 0
BITMAP
1E00
3300
6180
6180
6180
6180
7380
3F00
0300
C300
E600
7800
ENDCHAR
STARTCHAR colon
ENCODING 58
SWIDTH 278 0
DWIDTH 5 0
BBX 3 10 1 0
BITMAP
60
60
00
00
00
00
00
00
C0
C0
ENDCHAR
STARTCHAR semicolon
ENCODING 59
SWIDTH 278 0
DWIDTH 5 0
BBX 4 12 0 -2
BITMAP
30
30
00
00
00
00
00
00
60
60
40
40
ENDCHAR
STARTCHAR less
ENCODING 60
SWIDTH 611 0
DWIDTH 11 0
BBX 9 9 1 2
BITMAP
0080
0300
1C00
6000
8000
6000
1C00
0300
0080
ENDCHAR
STARTCHAR equal
ENCODING 61
SWIDTH 611 0
DWIDTH 11 0
BBX 9 6 1 3
BITMAP
FF80
0000
0000
0000
0000
FF80
ENDCHAR
STARTCHAR greater
ENCODING 62
SWIDTH 611 0
DWIDTH 11 0
BBX 9 9 1 2
BITMAP
8000
6000
1C00
0300
0080
0300
1C00
6000
8000
ENDCHAR
STARTCHAR question
ENCODING 63
SWIDTH 556 0
DWIDTH 10 0
BBX 8 12 2 0
BITMAP
3E
47
83
03
06
0C
10
20
00
00
60
60
ENDCHAR
STARTCHAR at
ENCODING 64
SWIDTH 1000 0
DWIDTH 18 0
BBX 15 15 2 -2
BITMAP
07E0
1818
3004
63B4
4672
C462
8C62
8C62
8C62
8C64
8CE4
4778
6000
3018
0FE0
ENDCHAR
STARTCHAR A
ENCODING 65
SWIDTH 667 0
DWIDTH 12 0
BBX 11 12 0 0
BITMAP
0380
0280
0680
04C0
0CC0
08C0
18C0
3FC0
3040
6060
6060
C060
ENDCHAR
STARTCHAR B
ENCODING 66
SWIDTH 667 0
DWIDTH 12 0
BBX 10 12 1 0
BITMAP
3F80
30C0
30C0
60C0
6180
7F00
6180
60C0
60C0
C0C0
C180
FF00
ENDCHAR
STARTCHAR C
ENCODING 67
SWIDTH 722 0
DWIDTH 13 0
BBX 12 12 1 0
BITMAP
0FC0
1860
2070
6030
C000
C000
C000
C000
C040
60C0
61C0
1F00
ENDCHAR
STARTCHAR D
ENCODING 68
SWIDTH 722 0
DWIDTH 13 0
BBX 12 12 1 0
BITMAP
3F80
30C0
3060
6030
6030
6030
6030
6030
6060
C0E0
C1C0
FF00
ENDCHAR
STARTCHAR E
ENCODING 69
SWIDTH 667 0
DWIDTH 12 0
BBX 11 12 1 0
BITMAP
3FE0
3000
3000
6000
6000
7F80
6000
6000
6000
C000
C000
FF80
ENDCHAR
STARTCHAR F
ENCODING 70
SWIDTH 611 0
DWIDTH 11 0
BBX 10 12 1 0
BITMAP
3FC0
3000
3000
6000
6000
7F80
6000
6000
6000
C000
C000
C000
ENDCHAR
STARTCHAR G
ENCODING 71
SWIDTH 778 0
DWIDTH 14 0
BBX 13 12 1 0
BITMAP
07E0
1830
3018
6000
C000
C000
C1F0
C030
C030
6060
70E0
1F80
ENDCHAR
STARTCHAR H
ENCODING 72
SWIDTH 722 0
DWIDTH 13 0
BBX 12 12 1 0
BITMAP
3030
3030
3030
6060
6060
7FE0
6060
6060
6060
C0C0
C0C0
C0C0
ENDCHAR
STARTCHAR I
ENCODING 73
SWIDTH 278 0
DWIDTH 5 0
BBX 4 12 1 0
BITMAP
30
30
30
60
60
60
60
60
60
C0
C0
C0
ENDCHAR
STARTCHAR J
ENCODING 74
SWIDTH 500 0
DWIDTH 9 0
BBX 9 12 0 0
BITMAP
0780
0180
0180
0300
0300
0300
0300
0300
0300
C600
E600
7C00
ENDCHAR
STARTCHAR K
ENCODING 75
SWIDTH 667 0
DWIDTH 12 0
BBX 12 12 1 0
BITMAP
3070
30C0
3180
6700
6E00
7C00
7600
6300
6300
C180
C0C0
C060
ENDCHAR
STARTCHAR L
ENCODING 76
SWIDTH 556 0
DWIDTH 10 0
BBX 8 12 1 0
BITMAP
30
30
30
60
60
60
60
60
60
C0
C0
FF
ENDCHAR
STARTCHAR M
ENCODING 77
SWIDTH 889 0
DWIDTH 16 0
BBX 15 12 1 0
BITMAP
380E
380E
3816
683C
6C2C
646C
644C
64CC
669C
C318
C318
C218
ENDCHAR
STARTCHAR N
ENCODING 78
SWIDTH 722 0
DWIDTH 13 0
BBX 12 12 1 0
BITMAP
3030
3830
3830
6C60
6460
6460
6260
6260
6360
C1C0
C1C0
C0C0
ENDCHAR
STARTCHAR O
ENCODING 79
SWIDTH 778 0
DWIDTH 14 0
BBX 13 12 1 0
BITMAP
07C0
1870
3030
6018
C018
C018
C018
C018
C030
6060
70C0
1F00
ENDCHAR
STARTCHAR P
ENCODING 80
SWIDTH 667 0
DWIDTH 12 0
BBX 10 12 1 0
BITMAP
3F80
30C0
30C0
60C0
61C0
7F00
6000
6000
6000
C000
C000
C000
ENDCHAR
STARTCHAR Q
ENCODING 81
SWIDTH 778 0
DWIDTH 14 0
BBX 13 15 1 -3
BITMAP
07C0
1870
3030
6018
C018
C018
C018
C018
C030
6060
70C0
1F80
0600
0600
0380
ENDCHAR
STARTCHAR R
ENCODING 82
SWIDTH 722 0
DWIDTH 13 0
BBX 11 12 1 0
BITMAP
3F80
30E0
3060
6060
6060
60C0
7F80
6200
6300
C180
C180
C0C0
ENDCHAR
STARTCHAR S
ENCODING 83
SWIDTH 667 0
DWIDTH 12 0
BBX 11 12 1 0
BITMAP
0F80
18E0
3060
3000
3800
1F00
0380
00C0
00C0
C0C0
6180
3F00
ENDCHAR
STARTCHAR T
ENCODING 84
SWIDTH 611 0
DWIDTH 11 0
BBX 10 12 2 0
BITMAP
FFC0
0C00
0C00
1800
1800
1800
1800
1800
1800
3000
3000
3000
ENDCHAR
STARTCHAR U
ENCODING 85
SWIDTH 722 0
DWIDTH 13 0
BBX 11 12 2 0
BITMAP
6060
6060
6060
C0C0
C0C0
C0C0
C0C0
C0C0
C0C0
C180
E300
3E00
ENDCHAR
STARTCHAR V
ENCODING 86
SWIDTH 667 0
DWIDTH 12 0
BBX 11 12 2 0
BITMAP
C060
C0C0
C0C0
C180
6180
6300
6300
6600
6400
2C00
2800
3800
ENDCHAR
STARTCHAR W
ENCODING 87
SWIDTH 944 0
DWIDTH 17 0
BBX 16 12 2 0
BITMAP
C183
C183
C286
C2C6
44C4
64CC
64CC
68C8
68D8
7050
7050
7070
ENDCHAR
STARTCHAR X
ENCODING 88
SWIDTH 667 0
DWIDTH 12 0
BBX 13 12 0 0
BITMAP
1818
0C30
0C60
06C0
0780
0300
0700
0D80
1980
30C0
60C0
C060
ENDCHAR
STARTCHAR Y
ENCODING 89
SWIDTH 667 0
DWIDTH 12 0
BBX 11 12 2 0
BITMAP
C060
C0C0
6180
6300
3600
3600
1C00
1800
1800
3000
3000
3000
ENDCHAR
STARTCHAR Z
ENCODING 90
SWIDTH 611 0
DWIDTH 11 0
BBX 12 12 0 0
BITMAP
1FF0
0060
00C0
0180
0300
0600
0600
0C00
1800
3000
6000
FFC0
ENDCHAR
STARTCHAR bracketleft
ENCODING 91
SWIDTH 278 0
DWIDTH 5 0
BBX 7 17 0 -4
BITMAP
1E
18
18
30
30
30
30
30
70
60
60
60
60
60
C0
C0
F0
ENDCHAR
STARTCHAR backslash
ENCODING 92
SWIDTH 278 0
DWIDTH 5 0
BBX 3 13 1 0
BITMAP
80
C0
C0
C0
C0
40
40
40
60
60
60
60
20
ENDCHAR
STARTCHAR bracketright
ENCODING 93
SWIDTH 278 0
DWIDTH 5 0
BBX 7 17 -1 -4
BITMAP
1E
06
06
0E
0C
0C
0C
0C
1C
18
18
18
18
38
30
30
F0
ENDCHAR
STARTCHAR asciicircum
ENCODING 94
SWIDTH 444 0
DWIDTH 8 0
BBX 7 6 1 6
BITMAP
10
28
28
44
44
82
ENDCHAR
STARTCHAR underscore
ENCODING 95
SWIDTH 556 0
DWIDTH 10 0
BBX 10 1 -1 -3
BITMAP
FFC0
ENDCHAR
STARTCHAR grave
ENCODING 96
SWIDTH 333 0
DWIDTH 6 0
BBX 3 3 1 11
BITMAP
C0
40
20
ENDCHAR
STARTCHAR a
ENCODING 97
SWIDTH 556 0
DWIDTH 10 0
BBX 9 10 1 0
BITMAP
1F00
3180
6180
0180
3F80
6380
C300
C300
C700
7B80
ENDCHAR
STARTCHAR b
ENCODING 98
SWIDTH 556 0
DWIDTH 10 0
BBX 9 13 1 0
BITMAP
3000
3000
3000
7F00
7180
7180
6180
6180
6180
6180
E300
E300
DE00
ENDCHAR
STARTCHAR c
ENCODING 99
SWIDTH 500 0
DWIDTH 9 0
BBX 8 10 1 0
BITMAP
1E
63
63
C0
C0
C0
C0
C6
CC
78
ENDCHAR
STARTCHAR d
ENCODING 100
SWIDTH 556 0
DWIDTH 10 0
BBX 10 13 1 0
BITMAP
00C0
00C0
00C0
3D80
6380
6180
C180
C180
C180
C380
C300
C700
7B00
ENDCHAR
STARTCHAR e
ENCODING 101
SWIDTH 556 0
DWIDTH 10 0
BBX 9 10 1 0
BITMAP
1E00
3380
6180
C180
FF80
C000
C000
C300
6600
3C00
ENDCHAR
STARTCHAR f
ENCODING 102
SWIDTH 278 0
DWIDTH 5 0
BBX 6 13 1 0
BITMAP
1C
30
30
F8
60
60
60
60
60
60
C0
C0
C0
ENDCHAR
STARTCHAR g
ENCODING 103
SWIDTH 556 0
DWIDTH 10 0
BBX 10 14 0 -4
BITMAP
1CC0
3380
3180
6180
6180
6180
6380
6300
6700
3B00
0300
C300
E600
7C00
ENDCHAR
STARTCHAR h
ENCODING 104
SWIDTH 556 0
DWIDTH 10 0
BBX 9 13 1 0
BITMAP
3000
3000
3000
6F00
7180
6180
6180
6180
6180
6180
C300
C300
C300
ENDCHAR
STARTCHAR i
ENCODING 105
SWIDTH 278 0
DWIDTH 5 0
BBX 4 13 1 0
BITMAP
30
30
00
70
60
60
60
60
60
60
C0
C0
C0
ENDCHAR
STARTCHAR j
ENCODING 106
SWIDTH 222 0
DWIDTH 4 0
BBX 7 17 -2 -4
BITMAP
06
06
00
0E
0C
0C
0C
0C
0C
0C
18
18
18
18
18
30
E0
ENDCHAR
STARTCHAR k
ENCODING 107
SWIDTH 500 0
DWIDTH 9 0
BBX 9 13 1 0
BITMAP
3000
3000
3000
6180
6300
6600
6C00
7800
6800
6C00
C600
C600
C300
ENDCHAR
STARTCHAR l
ENCODING 108
SWIDTH 278 0
DWIDTH 5 0
BBX 4 13 1 0
BITMAP
30
30
30
60
60
60
60
60
60
60
C0
C0
C0
ENDCHAR
STARTCHAR m
ENCODING 109
SWIDTH 833 0
DWIDTH 15 0
BBX 13 10 1 0
BITMAP
2E70
7398
6318
6318
6318
6318
6318
C630
C630
C630
ENDCHAR
STARTCHAR n
ENCODING 110
SWIDTH 556 0
DWIDTH 10 0
BBX 9 10 1 0
BITMAP
2F00
7180
7180
6180
6180
6180
6180
C300
C300
C300
ENDCHAR
STARTCHAR o
ENCODING 111
SWIDTH 556 0
DWIDTH 10 0
BBX 9 10 1 0
BITMAP
1E00
3300
6180
C180
C180
C180
C180
C300
6200
3C00
ENDCHAR
STARTCHAR p
ENCODING 112
SWIDTH 556 0
DWIDTH 10 0
BBX 10 14 0 -4
BITMAP
3780
38C0
30C0
30C0
30C0
30C0
30C0
7180
7180
6F00
6000
6000
6000
C000
ENDCHAR
STARTCHAR q
ENCODING 113
SWIDTH 556 0
DWIDTH 10 0
BBX 10 14 1 -4
BITMAP
1CC0
6380
6180
C180
C180
C180
C380
C300
C700
7B00
0300
0300
0300
0700
ENDCHAR
STARTCHAR r
ENCODING 114
SWIDTH 333 0
DWIDTH 6 0
BBX 6 10 1 0
BITMAP
2C
70
60
60
60
60
60
C0
C0
C0
ENDCHAR
STARTCHAR s
ENCODING 115
SWIDTH 500 0
DWIDTH 9 0
BBX 8 10 1 0
BITMAP
3E
63
63
60
38
1E
06
C6
E6
7C
ENDCHAR
STARTCHAR t
ENCODING 116
SWIDTH 278 0
DWIDTH 5 0
BBX 5 12 1 0
BITMAP
30
30
F8
60
60
60
60
60
60
C0
C0
70
ENDCHAR
STARTCHAR u
ENCODING 117
SWIDTH 556 0
DWIDTH 10 0
BBX 10 10 1 0
BITMAP
6180
6180
6180
6180
6180
6180
6380
C300
6700
7B00
ENDCHAR
STARTCHAR v
ENCODING 118
SWIDTH 500 0
DWIDTH 9 0
BBX 8 10 2 0
BITMAP
C3
C3
C6
C6
CC
CC
58
58
50
70
ENDCHAR
STARTCHAR w
ENCODING 119
SWIDTH 722 0
DWIDTH 13 0
BBX 12 10 2 0
BITMAP
C630
CE30
CE60
CE60
D640
D2C0
E280
E380
E300
C300
ENDCHAR
STARTCHAR x
ENCODING 120
SWIDTH 500 0
DWIDTH 9 0
BBX 10 10 0 0
BITMAP
18C0
1980
0B00
0E00
0E00
0E00
1E00
3600
6300
C300
ENDCHAR
STARTCHAR y
ENCODING 121
SWIDTH 500 0
DWIDTH 9 0
BBX 10 14 0 -4
BITMAP
30C0
30C0
3180
3180
3300
3300
1600
1600
1C00
1C00
1800
3800
3000
E000
ENDCHAR
STARTCHAR z
ENCODING 122
SWIDTH 444 0
DWIDTH 8 0
BBX 7 10 1 0
BITMAP
7E
06
0C
18
18
30
30
60
C0
FC
ENDCHAR
STARTCHAR braceleft
ENCODING 123
SWIDTH 333 0
DWIDTH 6 0
BBX 8 17 0 -4
BITMAP
07
0C
0C
0C
18
18
30
C0
30
30
30
30
60
60
60
60
38
ENDCHAR
STARTCHAR bar
ENCODING 124
SWIDTH 278 0
DWIDTH 5 0
BBX 2 17 2 -4
BITMAP
C0
C0
C0
C0
C0
C0
C0
C0
C0
C0
C0
C0
C0
C0
C0
C0
C0
ENDCHAR
STARTCHAR braceright
ENCODING 125
SWIDTH 333 0
DWIDTH 6 0
BBX 7 17 -1 -4
BITMAP
18
0C
0C
0C
18
18
18
06
0C
18
18
18
30
30
30
30
E0
ENDCHAR
STARTCHAR asciitilde
ENCODING 126
SWIDTH 611 0
DWIDTH 11 0
BBX 9 3 1 5
BITMAP
7000
8C80
0700
ENDCHAR
STARTCHAR uni00A0
ENCODING 160
SWIDTH 222 0
DWIDTH 4 0
BBX 0 0 0 0
BITMAP
ENDCHAR
STARTCHAR exclamdown
ENCODING 161
SWIDTH 333 0
DWIDTH 6 0
BBX 4 13 2 -3
BITMAP
30
30
00
00
20
60
60
60
60
40
C0
C0
C0
ENDCHAR
STARTCHAR cent
ENCODING 162
SWIDTH 556 0
DWIDTH 10 0
BBX 14 13 -1 -1
BITMAP
0020
01E0
0618
0E08
1200
2200
3200
F200
F260
7E40
3FC0
0600
0600
ENDCHAR
STARTCHAR sterling
ENCODING 163
SWIDTH 556 0
DWIDTH 10 0
BBX 10 12 1 0
BITMAP
0F80
18C0
1800
3000
3000
7E00
3000
3000
3000
6180
4380
FF00
ENDCHAR
STARTCHAR currency
ENCODING 164
SWIDTH 556 0
DWIDTH 10 0
BBX 8 8 1 2
BITMAP
BD
42
81
81
81
81
42
BD
ENDCHAR
STARTCHAR yen
ENCODING 165
SWIDTH 556 0
DWIDTH 10 0
BBX 11 12 0 0
BITMAP
3060
30C0
18C0
1980
1B00
0A00
7F80
0C00
7F80
1800
1800
1800
ENDCHAR
STARTCHAR brokenbar
ENCODING 166
SWIDTH 278 0
DWIDTH 5 0
BBX 2 17 2 -4
BITMAP
C0
C0
C0
C0
C0
C0
C0
00
00
00
C0
C0
C0
C0
C0
C0
C0
ENDCHAR
STARTCHAR section
ENCODING 167
SWIDTH 556 0
DWIDTH 10 0
BBX 10 15 1 -2
BITMAP
1F80
30C0
3000
3800
1E00
6380
6180
6180
7180
1E00
0700
0300
0300
C300
7C00
ENDCHAR
STARTCHAR dieresis
ENCODING 168
SWIDTH 333 0
DWIDTH 6 0
BBX 6 2 1 11
BITMAP
CC
CC
ENDCHAR
STARTCHAR copyright
ENCODING 169
SWIDTH 722 0
DWIDTH 13 0
BBX 12 12 1 0
BITMAP
0F00
30C0
4020
4F20
9890
9010
9010
9890
4F20
4020
30C0
0F00
ENDCHAR
STARTCHAR ordfeminine
ENCODING 170
SWIDTH 389 0
DWIDTH 7 0
BBX 6 7 1 6
BITMAP
18
6C
04
7C
8C
88
FC
ENDCHAR
STARTCHAR guillemotleft
ENCODING 171
SWIDTH 556 0
DWIDTH 10 0
BBX 9 7 1 1
BITMAP
1980
3300
4400
8800
4400
6600
3300
ENDCHAR
STARTCHAR logicalnot
ENCODING 172
SWIDTH 611 0
DWIDTH 11 0
BBX 7 5 2 2
BITMAP
FE
02
02
02
02
ENDCHAR
STARTCHAR hyphen
ENCODING 173
SWIDTH 333 0
DWIDTH 6 0
BBX 5 1 1 4
BITMAP
F8
ENDCHAR
STARTCHAR registered
ENCODING 174
SWIDTH 722 0
DWIDTH 13 0
BBX 12 12 1 0
BITMAP
0F00
30C0
4020
4F20
8890
8890
8F10
8910
48A0
4020
30C0
0F00
ENDCHAR
STARTCHAR macron
ENCODING 175
SWIDTH 556 0
DWIDTH 10 0
BBX 10 1 0 13
BITMAP
FFC0
ENDCHAR
STARTCHAR degree
ENCODING 176
SWIDTH 389 0
DWIDTH 7 0
BBX 5 5 2 7
BITMAP
70
88
88
88
70
ENDCHAR
STARTCHAR plusminus
ENCODING 177
SWIDTH 556 0
DWIDTH 10 0
BBX 7 11 1 0
BITMAP
10
10
10
10
FE
10
10
10
10
00
FE
ENDCHAR
STARTCHAR uni00B2
ENCODING 178
SWIDTH 333 0
DWIDTH 6 0
BBX 7 8 0 4
BITMAP
3C
66
06
0E
18
30
40
FC
ENDCHAR
STARTCHAR uni00B3
ENCODING 179
SWIDTH 333 0
DWIDTH 6 0
BBX 7 8 0 4
BITMAP
3C
66
06
38
0C
0C
CC
78
ENDCHAR
STARTCHAR acute
ENCODING 180
SWIDTH 333 0
DWIDTH 6 0
BBX 4 3 2 11
BITMAP
30
60
80
ENDCHAR
STARTCHAR u00B5
ENCODING 181
SWIDTH 556 0
DWIDTH 10 0
BBX 10 14 0 -4
BITMAP
31C0
3180
3180
3180
3180
3180
3380
6300
7300
7F80
6000
6000
6000
C000
ENDCHAR
STARTCHAR paragraph
ENCODING 182
SWIDTH 556 0
DWIDTH 10 0
BBX 8 14 2 -2
BITMAP
7F
F2
F2
F2
F2
72
12
12
12
12
12
12
12
12
ENDCHAR
STARTCHAR periodcentered
ENCODING 183
SWIDTH 278 0
DWIDTH 5 0
BBX 2 2 1 5
BITMAP
C0
C0
ENDCHAR
STARTCHAR cedilla
ENCODING 184
SWIDTH 333 0
DWIDTH 6 0
BBX 4 4 1 -4
BITMAP
20
70
10
E0
ENDCHAR
STARTCHAR uni00B9
ENCODING 185
SWIDTH 333 0
DWIDTH 6 0
BBX 6 8 1 4
BITMAP
38
58
18
18
30
30
30
FC
ENDCHAR
STARTCHAR ordmasculine
ENCODING 186
SWIDTH 389 0
DWIDTH 7 0
BBX 7 7 1 5
BITMAP
3C
66
C6
C6
C6
CC
78
ENDCHAR
STARTCHAR guillemotright
ENCODING 187
SWIDTH 556 0
DWIDTH 10 0
BBX 9 7 0 1
BITMAP
6600
3300
1100
0880
1100
6600
CC00
ENDCHAR
STARTCHAR onequarter
ENCODING 188
SWIDTH 833 0
DWIDTH 15 0
BBX 14 12 1 0
BITMAP
3818
5830
1860
1840
3098
3138
3258
FC98
0898
19FC
3030
6030
ENDCHAR
STARTCHAR onehalf
ENCODING 189
SWIDTH 833 0
DWIDTH 15 0
BBX 14 12 1 0
BITMAP
3818
5830
1860
1840
30F8
31CC
320C
FC1C
0830
1860
3080
61F8
ENDCHAR
STARTCHAR threequarters
ENCODING 190
SWIDTH 833 0
DWIDTH 15 0
BBX 14 12 1 0
BITMAP
3C18
6630
0660
3840
0C98
0D38
CE58
7C98
0898
19FC
3030
6030
ENDCHAR
STARTCHAR questiondown
ENCODING 191
SWIDTH 611 0
DWIDTH 11 0
BBX 8 13 2 -3
BITMAP
06
06
00
00
04
18
30
60
C0
C0
C1
E2
7C
ENDCHAR
STARTCHAR Agrave
ENCODING 192
SWIDTH 667 0
DWIDTH 12 0
BBX 11 15 0 0
BITMAP
0300
0080
0000
0380
0280
0680
04C0
0CC0
08C0
18C0
3FC0
3040
6060
6060
C060
ENDCHAR
STARTCHAR Aacute
ENCODING 193
SWIDTH 667 0
DWIDTH 12 0
BBX 11 15 0 0
BITMAP
0060
0180
0000
0380
0280
0680
04C0
0CC0
08C0
18C0
3FC0
3040
6060
6060
C060
ENDCHAR
STARTCHAR Acircumflex
ENCODING 194
SWIDTH 667 0
DWIDTH 12 0
BBX 11 15 0 0
BITMAP
01C0
0260
0000
0380
0280
0680
04C0
0CC0
08C0
18C0
3FC0
3040
6060
6060
C060
ENDCHAR
STARTCHAR Atilde
ENCODING 195
SWIDTH 667 0
DWIDTH 12 0
BBX 11 15 0 0
BITMAP
0320
04C0
0000
0380
0280
0680
04C0
0CC0
08C0
18C0
3FC0
3040
6060
6060
C060
ENDCHAR
STARTCHAR Adieresis
ENCODING 196
SWIDTH 667 0
DWIDTH 12 0
BBX 11 15 0 0
BITMAP
0660
0660
0000
0380
0280
0680
04C0
0CC0
08C0
18C0
3FC0
3040
6060
6060
C060
ENDCHAR
STARTCHAR Aring
ENCODING 197
SWIDTH 667 0
DWIDTH 12 0
BBX 11 15 0 0
BITMAP
0180
0240
0240
0380
0280
0680
04C0
0CC0
08C0
18C0
3FC0
3040
6060
6060
C060
ENDCHAR
STARTCHAR AE
ENCODING 198
SWIDTH 1000 0
DWIDTH 18 0
BBX 18 12 0 0
BITMAP
01FFC0
033000
033000
066000
066000
0C7F80
186000
1FE000
306000
30C000
60C000
C0FF00
ENDCHAR
STARTCHAR Ccedilla
ENCODING 199
SWIDTH 722 0
DWIDTH 13 0
BBX 12 16 1 -4
BITMAP
0FC0
1860
2070
6030
C000
C000
C000
C000
C040
60C0
61C0
1F00
0400
0E00
0200
1C00
ENDCHAR
STARTCHAR Egrave
ENCODING 200
SWIDTH 667 0
DWIDTH 12 0
BBX 11 15 1 0
BITMAP
0600
0100
0000
3FE0
3000
3000
6000
6000
7F80
6000
6000
6000
C000
C000
FF80
ENDCHAR
STARTCHAR Eacute
ENCODING 201
SWIDTH 667 0
DWIDTH 12 0
BBX 11 15 1 0
BITMAP
00C0
0300
0000
3FE0
3000
3000
6000
6000
7F80
6000
6000
6000
C000
C000
FF80
ENDCHAR
STARTCHAR Ecircumflex
ENCODING 202
SWIDTH 667 0
DWIDTH 12 0
BBX 11 15 1 0
BITMAP
0380
04C0
0000
3FE0
3000
3000
6000
6000
7F80
6000
6000
6000
C000
C000
FF80
ENDCHAR
STARTCHAR Edieresis
ENCODING 203
SWIDTH 667 0
DWIDTH 12 0
BBX 11 15 1 0
BITMAP
0CC0
0CC0
0000
3FE0
3000
3000
6000
6000
7F80
6000
6000
6000
C000
C000
FF80
ENDCHAR
STARTCHAR Igrave
ENCODING 204
SWIDTH 278 0
DWIDTH 5 0
BBX 5 15 1 0
BITMAP
30
08
00
30
30
30
60
60
60
60
60
60
C0
C0
C0
ENDCHAR
STARTCHAR Iacute
ENCODING 205
SWIDTH 278 0
DWIDTH 5 0
BBX 7 15 1 0
BITMAP
06
18
00
30
30
30
60
60
60
60
60
60
C0
C0
C0
ENDCHAR
STARTCHAR Icircumflex
ENCODING 206
SWIDTH 278 0
DWIDTH 5 0
BBX 7 15 1 0
BITMAP
1C
26
00
30
30
30
60
60
60
60
60
60
C0
C0
C0
ENDCHAR
STARTCHAR Idieresis
ENCODING 207
SWIDTH 278 0
DWIDTH 5 0
BBX 7 15 1 0
BITMAP
66
66
00
30
30
30
60
60
60
60
60
60
C0
C0
C0
ENDCHAR
STARTCHAR Eth
ENCODING 208
SWIDTH 722 0
DWIDTH 13 0
BBX 12 12 1 0
BITMAP
3F80
30E0
3060
6030
6030
FE30
6030
6030
6060
C060
C1C0
FF00
ENDCHAR
STARTCHAR Ntilde
ENCODING 209
SWIDTH 722 0
DWIDTH 13 0
BBX 12 15 1 0
BITMAP
0320
04C0
0000
3030
3830
3830
6C60
6460
6460
6260
6260
6360
C1C0
C1C0
C0C0
ENDCHAR
STARTCHAR Ograve
ENCODING 210
SWIDTH 778 0
DWIDTH 14 0
BBX 13 15 1 0
BITMAP
0300
0080
0000
07C0
1870
3030
6018
C018
C018
C018
C018
C030
6060
70C0
1F00
ENDCHAR
STARTCHAR Oacute
ENCODING 211
SWIDTH 778 0
DWIDTH 14 0
BBX 13 15 1 0
BITMAP
0060
0180
0000
07C0
1870
3030
6018
C018
C018
C018
C018
C030
6060
70C0
1F00
ENDCHAR
STARTCHAR Ocircumflex
ENCODING 212
SWIDTH 778 0
DWIDTH 14 0
BBX 13 15 1 0
BITMAP
01C0
0260
0000
07C0
1870
3030
6018
C018
C018
C018
C018
C030
6060
70C0
1F00
ENDCHAR
STARTCHAR Otilde
ENCODING 213
SWIDTH 778 0
DWIDTH 14 0
BBX 13 15 1 0
BITMAP
0320
04C0
0000
07C0
1870
3030
6018
C018
C018
C018
C018
C030
6060
70C0
1F00
ENDCHAR
STARTCHAR Odieresis
ENCODING 214
SWIDTH 778 0
DWIDTH 14 0
BBX 13 15 1 0
BITMAP
0660
0660
0000
07C0
1870
3030
6018
C018
C018
C018
C018
C030
6060
70C0
1F00
ENDCHAR
STARTCHAR multiply
ENCODING 215
SWIDTH 611 0
DWIDTH 11 0
BBX 7 7 2 3
BITMAP
82
44
28
10
28
44
82
ENDCHAR
STARTCHAR Oslash
ENCODING 216
SWIDTH 778 0
DWIDTH 14 0
BBX 15 12 0 0
BITMAP
03E4
0C38
1838
306C
60CC
618C
630C
660C
6C18
3830
3060
4F80
ENDCHAR
STARTCHAR Ugrave
ENCODING 217
SWIDTH 722 0
DWIDTH 13 0
BBX 11 15 2 0
BITMAP
0600
0100
0000
6060
6060
6060
C0C0
C0C0
C0C0
C0C0
C0C0
C0C0
C180
E300
3E00
ENDCHAR
STARTCHAR Uacute
ENCODING 218
SWIDTH 722 0
DWIDTH 13 0
BBX 11 15 2 0
BITMAP
0180
0600
0000
6060
6060
6060
C0C0
C0C0
C0C0
C0C0
C0C0
C0C0
C180
E300
3E00
ENDCHAR
STARTCHAR Ucircumflex
ENCODING 219
SWIDTH 722 0
DWIDTH 13 0
BBX 11 15 2 0
BITMAP
0700
0980
0000
6060
6060
6060
C0C0
C0C0
C0C0
C0C0
C0C0
C0C0
C180
E300
3E00
ENDCHAR
STARTCHAR Udieresis
ENCODING 220
SWIDTH 722 0
DWIDTH 13 0
BBX 11 15 2 0
BITMAP
1980
1980
0000
6060
6060
6060
C0C0
C0C0
C0C0
C0C0
C0C0
C0C0
C180
E300
3E00
ENDCHAR
STARTCHAR Yacute
ENCODING 221
SWIDTH 667 0
DWIDTH 12 0
BBX 11 15 2 0
BITMAP
0180
0600
0000
C060
C0C0
6180
6300
3600
3600
1C00
1800
1800
3000
3000
3000
ENDCHAR
STARTCHAR Thorn
ENCODING 222
SWIDTH 667 0
DWIDTH 12 0
BBX 10 12 1 0
BITMAP
3000
3000
3000
7F80
61C0
60C0
60C0
6180
7F00
C000
C000
C000
ENDCHAR
STARTCHAR germandbls
ENCODING 223
SWIDTH 611 0
DWIDTH 11 0
BBX 10 13 1 0
BITMAP
0F80
38C0
30C0
60C0
6380
6600
6600
6300
6180
60C0
C0C0
D1C0
DF00
ENDCHAR
STARTCHAR agrave
ENCODING 224
SWIDTH 556 0
DWIDTH 10 0
BBX 9 14 1 0
BITMAP
0C00
0400
0200
0000
1F00
3180
6180
0180
3F80
6380
C300
C300
C700
7B80
ENDCHAR
STARTCHAR aacute
ENCODING 225
SWIDTH 556 0
DWIDTH 10 0
BBX 9 14 1 0
BITMAP
0180
0300
0400
0000
1F00
3180
6180
0180
3F80
6380
C300
C300
C700
7B80
ENDCHAR
STARTCHAR acircumflex
ENCODING 226
SWIDTH 556 0
DWIDTH 10 0
BBX 9 14 1 0
BITMAP
0700
0D00
1880
0000
1F00
3180
6180
0180
3F80
6380
C300
C300
C700
7B80
ENDCHAR
STARTCHAR atilde
ENCODING 227
SWIDTH 556 0
DWIDTH 10 0
BBX 9 14 1 0
BITMAP
1880
2480
2300
0000
1F00
3180
6180
0180
3F80
6380
C300
C300
C700
7B80
ENDCHAR
STARTCHAR adieresis
ENCODING 228
SWIDTH 556 0
DWIDTH 10 0
BBX 9 13 1 0
BITMAP
1980
1980
0000
1F00
3180
6180
0180
3F80
6380
C300
C300
C700
7B80
ENDCHAR
STARTCHAR aring
ENCODING 229
SWIDTH 556 0
DWIDTH 10 0
BBX 9 15 1 0
BITMAP
0600
0900
0900
0600
0000
1F00
3180
6180
0180
3F80
6380
C300
C300
C700
7B80
ENDCHAR
STARTCHAR ae
ENCODING 230
SWIDTH 889 0
DWIDTH 16 0
BBX 15 10 1 0
BITMAP
1F3C
31C6
6186
0186
3FFE
6300
C300
C70C
C598
78F0
ENDCHAR
STARTCHAR ccedilla
ENCODING 231
SWIDTH 500 0
DWIDTH 9 0
BBX 8 14 1 -4
BITMAP
1E
63
63
C0
C0
C0
C0
C6
CC
78
10
38
08
70
ENDCHAR
STARTCHAR egrave
ENCODING 232
SWIDTH 556 0
DWIDTH 10 0
BBX 9 14 1 0
BITMAP
0C00
0400
0200
0000
1E00
3380
6180
C180
FF80
C000
C000
C300
6600
3C00
ENDCHAR
STARTCHAR eacute
ENCODING 233
SWIDTH 556 0
DWIDTH 10 0
BBX 9 14 1 0
BITMAP
0180
0300
0400
0000
1E00
3380
6180
C180
FF80
C000
C000
C300
6600
3C00
ENDCHAR
STARTCHAR ecircumflex
ENCODING 234
SWIDTH 556 0
DWIDTH 10 0
BBX 9 14 1 0
BITMAP
0700
0D00
1880
0000
1E00
3380
6180
C180
FF80
C000
C000
C300
6600
3C00
ENDCHAR
STARTCHAR edieresis
ENCODING 235
SWIDTH 556 0
DWIDTH 10 0
BBX 9 13 1 0
BITMAP
1980
1980
0000
1E00
3380
6180
C180
FF80
C000
C000
C300
6600
3C00
ENDCHAR
STARTCHAR igrave
ENCODING 236
SWIDTH 278 0
DWIDTH 5 0
BBX 4 14 1 0
BITMAP
60
20
10
00
60
60
60
60
60
60
60
C0
C0
C0
ENDCHAR
STARTCHAR iacute
ENCODING 237
SWIDTH 278 0
DWIDTH 5 0
BBX 6 14 1 0
BITMAP
0C
18
20
00
60
60
60
60
60
60
60
C0
C0
C0
ENDCHAR
STARTCHAR icircumflex
ENCODING 238
SWIDTH 278 0
DWIDTH 5 0
BBX 6 14 1 0
BITMAP
38
68
C4
00
60
60
60
60
60
60
60
C0
C0
C0
ENDCHAR
STARTCHAR idieresis
ENCODING 239
SWIDTH 278 0
DWIDTH 5 0
BBX 6 13 1 0
BITMAP
CC
CC
00
60
60
60
60
60
60
60
C0
C0
C0
ENDCHAR
STARTCHAR eth
ENCODING 240
SWIDTH 556 0
DWIDTH 10 0
BBX 9 13 1 0
BITMAP
0D80
0E00
1300
0100
3F80
6380
6180
C180
C180
C180
C300
6300
3C00
ENDCHAR
STARTCHAR ntilde
ENCODING 241
SWIDTH 556 0
DWIDTH 10 0
BBX 9 14 1 0
BITMAP
1880
2480
2300
0000
2F00
7180
7180
6180
6180
6180
6180
C300
C300
C300
ENDCHAR
STARTCHAR ograve
ENCODING 242
SWIDTH 556 0
DWIDTH 10 0
BBX 9 14 1 0
BITMAP
0C00
0400
0200
0000
1E00
3300
6180
C180
C180
C180
C180
C300
6200
3C00
ENDCHAR
STARTCHAR oacute
ENCODING 243
SWIDTH 556 0
DWIDTH 10 0
BBX 9 14 1 0
BITMAP
0300
0600
0800
0000
1E00
3300
6180
C180
C180
C180
C180
C300
6200
3C00
ENDCHAR
STARTCHAR ocircumflex
ENCODING 244
SWIDTH 556 0
DWIDTH 10 0
BBX 9 14 1 0
BITMAP
0700
0D00
1880
0000
1E00
3300
6180
C180
C180
C180
C180
C300
6200
3C00
ENDCHAR
STARTCHAR otilde
ENCODING 245
SWIDTH 556 0
DWIDTH 10 0
BBX 9 14 1 0
BITMAP
1880
2480
2300
0000
1E00
3300
6180
C180
C180
C180
C180
C300
6200
3C00
ENDCHAR
STARTCHAR odieresis
ENCODING 246
SWIDTH 556 0
DWIDTH 10 0
BBX 9 13 1 0
BITMAP
1980
1980
0000
1E00
3300
6180
C180
C180
C180
C180
C300
6200
3C00
ENDCHAR
STARTCHAR divide
ENCODING 247
SWIDTH 556 0
DWIDTH 10 0
BBX 8 9 1 2
BITMAP
18
18
00
00
FF
00
00
18
18
ENDCHAR
STARTCHAR oslash
ENCODING 248
SWIDTH 611 0
DWIDTH 11 0
BBX 12 10 0 0
BITMAP
0FE0
18C0
31E0
6160
6260
6460
6840
78C0
3180
5F00
ENDCHAR
STARTCHAR ugrave
ENCODING 249
SWIDTH 556 0
DWIDTH 10 0
BBX 10 14 1 0
BITMAP
0C00
0400
0200
0000
6180
6180
6180
6180
6180
6180
6380
C300
6700
7B00
ENDCHAR
STARTCHAR uacute
ENCODING 250
SWIDTH 556 0
DWIDTH 10 0
BBX 10 14 1 0
BITMAP
0180
0300
0400
0000
6180
6180
6180
6180
6180
6180
6380
C300
6700
7B00
ENDCHAR
STARTCHAR ucircumflex
ENCODING 251
SWIDTH 556 0
DWIDTH 10 0
BBX 10 14 1 0
BITMAP
0700
0D00
1880
0000
6180
6180
6180
6180
6180
6180
6380
C300
6700
7B00
ENDCHAR
STARTCHAR udieresis
ENCODING 252
SWIDTH 556 0
DWIDTH 10 0
BBX 10 13 1 0
BITMAP
1980
1980
0000
6180
6180
6180
6180
6180
6180
6380
C300
6700
7B00
ENDCHAR
STARTCHAR yacute
ENCODING 253
SWIDTH 500 0
DWIDTH 9 0
BBX 10 18 0 -4
BITMAP
0180
0300
0400
0000
30C0
30C0
3180
3180
3300
3300
1600
1600
1C00
1C00
1800
3800
3000
E000
ENDCHAR
STARTCHAR thorn
ENCODING 254
SWIDTH 556 0
DWIDTH 10 0
BBX 10 17 0 -4
BITMAP
1800
1800
1800
3780
38C0
30C0
30C0
30C0
30C0
30C0
7180
7180
6F00
6000
6000
6000
C000
ENDCHAR
STARTCHAR ydieresis
ENCODING 255
SWIDTH 500 0
DWIDTH 9 0
BBX 10 17 0 -4
BITMAP
1980
1980
0000
30C0
30C0
3180
3180
3300
3300
1600
1600
1C00
1C00
1800
3800
3000
E000
ENDCHAR
STARTCHAR Amacron
ENCODING 256
SWIDTH 667 0
DWIDTH 12 0
BBX 11 14 0 0
BITMAP
03E0
0000
0380
0280
0680
04C0
0CC0
08C0
18C0
3FC0
3040
6060
6060
C060
ENDCHAR
STARTCHAR amacron
ENCODING 257
SWIDTH 556 0
DWIDTH 10 0
BBX 9 12 1 0
BITMAP
1F00
0000
1F00
3180
6180
0180
3F80
6380
C300
C300
C700
7B80
ENDCHAR
STARTCHAR Abreve
ENCODING 258
SWIDTH 667 0
DWIDTH 12 0
BBX 12 15 0 0
BITMAP
0210
01E0
0000
0380
0280
0680
04C0
0CC0
08C0
18C0
3FC0
3040
6060
6060
C060
ENDCHAR
STARTCHAR abreve
ENCODING 259
SWIDTH 556 0
DWIDTH 10 0
BBX 9 14 1 0
BITMAP
1080
1100
0E00
0000
1F00
3180
6180
0180
3F80
6380
C300
C300
C700
7B80
ENDCHAR
STARTCHAR Aogonek
ENCODING 260
SWIDTH 667 0
DWIDTH 12 0
BBX 11 16 0 -4
BITMAP
0380
0280
0680
04C0
0CC0
08C0
18C0
3FC0
3040
6060
6060
C060
0080
0100
0100
01C0
ENDCHAR
STARTCHAR aogonek
ENCODING 261
SWIDTH 556 0
DWIDTH 10 0
BBX 9 14 1 -4
BITMAP
1F00
3180
6180
0180
3F80
6380
C300
C300
C700
7B80
0100
0200
0200
0380
ENDCHAR
STARTCHAR Cacute
ENCODING 262
SWIDTH 722 0
DWIDTH 13 0
BBX 12 15 1 0
BITMAP
0060
0180
0000
0FC0
1860
2070
6030
C000
C000
C000
C000
C040
60C0
61C0
1F00
ENDCHAR
STARTCHAR cacute
ENCODING 263
SWIDTH 500 0
DWIDTH 9 0
BBX 8 14 1 0
BITMAP
03
06
08
00
1E
63
63
C0
C0
C0
C0
C6
CC
78
ENDCHAR
STARTCHAR Ccircumflex
ENCODING 264
SWIDTH 722 0
DWIDTH 13 0
BBX 12 15 1 0
BITMAP
01C0
0260
0000
0FC0
1860
2070
6030
C000
C000
C000
C000
C040
60C0
61C0
1F00
ENDCHAR
STARTCHAR ccircumflex
ENCODING 265
SWIDTH 500 0
DWIDTH 9 0
BBX 8 14 1 0
BITMAP
0E
1A
31
00
1E
63
63
C0
C0
C0
C0
C6
CC
78
ENDCHAR
STARTCHAR Cdotaccent
ENCODING 266
SWIDTH 722 0
DWIDTH 13 0
BBX 12 15 1 0
BITMAP
0180
0180
0000
0FC0
1860
2070
6030
C000
C000
C000
C000
C040
60C0
61C0
1F00
ENDCHAR
STARTCHAR cdotaccent
ENCODING 267
SWIDTH 500 0
DWIDTH 9 0
BBX 8 13 1 0
BITMAP
06
06
00
1E
63
63
C0
C0
C0
C0
C6
CC
78
ENDCHAR
STARTCHAR Ccaron
ENCODING 268
SWIDTH 722 0
DWIDTH 13 0
BBX 12 15 1 0
BITMAP
0640
0380
0000
0FC0
1860
2070
6030
C000
C000
C000
C000
C040
60C0
61C0
1F00
ENDCHAR
STARTCHAR ccaron
ENCODING 269
SWIDTH 500 0
DWIDTH 9 0
BBX 9 14 1 0
BITMAP
1180
0B00
0E00
0000
1E00
6300
6300
C000
C000
C000
C000
C600
CC00
7800
ENDCHAR
STARTCHAR Dcaron
ENCODING 270
SWIDTH 722 0
DWIDTH 13 0
BBX 12 15 1 0
BITMAP
0640
0380
0000
3F80
30C0
3060
6030
6030
6030
6030
6030
6060
C0E0
C1C0
FF00
ENDCHAR
STARTCHAR dcaron
ENCODING 271
SWIDTH 611 0
DWIDTH 11 0
BBX 13 13 1 0
BITMAP
00D8
00D8
00D0
3D90
6380
6180
C180
C180
C180
C380
C300
C700
7B00
ENDCHAR
STARTCHAR Dcroat
ENCODING 272
SWIDTH 722 0
DWIDTH 13 0
BBX 12 12 1 0
BITMAP
3F80
30E0
3060
6030
6030
FE30
6030
6030
6060
C060
C1C0
FF00
ENDCHAR
STARTCHAR dcroat
ENCODING 273
SWIDTH 556 0
DWIDTH 10 0
BBX 11 13 1 0
BITMAP
00C0
00C0
07E0
0180
3D80
6380
6180
C180
C180
C380
C300
C700
7B00
ENDCHAR
STARTCHAR Emacron
ENCODING 274
SWIDTH 667 0
DWIDTH 12 0
BBX 11 14 1 0
BITMAP
07C0
0000
3FE0
3000
3000
6000
6000
7F80
6000
6000
6000
C000
C000
FF80
ENDCHAR
STARTCHAR emacron
ENCODING 275
SWIDTH 556 0
DWIDTH 10 0
BBX 9 12 1 0
BITMAP
1F00
0000
1E00
3380
6180
C180
FF80
C000
C000
C300
6600
3C00
ENDCHAR
STARTCHAR Ebreve
ENCODING 276
SWIDTH 667 0
DWIDTH 12 0
BBX 11 15 1 0
BITMAP
0840
0780
0000
3FE0
3000
3000
6000
6000
7F80
6000
6000
6000
C000
C000
FF80
ENDCHAR
STARTCHAR ebreve
ENCODING 277
SWIDTH 556 0
DWIDTH 10 0
BBX 9 14 1 0
BITMAP
1080
1100
0E00
0000
1E00
3380
6180
C180
FF80
C000
C000
C300
6600
3C00
ENDCHAR
STARTCHAR Edotaccent
ENCODING 278
SWIDTH 667 0
DWIDTH 12 0
BBX 11 15 1 0
BITMAP
0300
0300
0000
3FE0
3000
3000
6000
6000
7F80
6000
6000
6000
C000
C000
FF80
ENDCHAR
STARTCHAR edotaccent
ENCODING 279
SWIDTH 556 0
DWIDTH 10 0
BBX 9 13 1 0
BITMAP
0600
0600
0000
1E00
3380
6180
C180
FF80
C000
C000
C300
6600
3C00
ENDCHAR
STARTCHAR Eogonek
ENCODING 280
SWIDTH 667 0
DWIDTH 12 0
BBX 11 16 1 -4
BITMAP
3FE0
3000
3000
6000
6000
7F80
6000
6000
6000
C000
C000
FF80
0200
0400
0400
0700
ENDCHAR
STARTCHAR eogonek
ENCODING 281
SWIDTH 556 0
DWIDTH 10 0
BBX 9 14 1 -4
BITMAP
1E00
3380
6180
C180
FF80
C000
C000
C300
6600
3C00
0800
1000
1000
1C00
ENDCHAR
STARTCHAR Ecaron
ENCODING 282
SWIDTH 667 0
DWIDTH 12 0
BBX 11 15 1 0
BITMAP
0640
0380
0000
3FE0
3000
3000
6000
6000
7F80
6000
6000
6000
C000
C000
FF80
ENDCHAR
STARTCHAR ecaron
ENCODING 283
SWIDTH 556 0
DWIDTH 10 0
BBX 9 14 1 0
BITMAP
1180
0B00
0E00
0000
1E00
3380
6180
C180
FF80
C000
C000
C300
6600
3C00
ENDCHAR
STARTCHAR Gcircumflex
ENCODING 284
SWIDTH 778 0
DWIDTH 14 0
BBX 13 15 1 0
BITMAP
01C0
0260
0000
07E0
1830
3018
6000
C000
C000
C1F0
C030
C030
6060
70E0
1F80
ENDCHAR
STARTCHAR gcircumflex
ENCODING 285
SWIDTH 556 0
DWIDTH 10 0
BBX 10 18 0 -4
BITMAP
0700
0D00
1880
0000
1CC0
3380
3180
6180
6180
6180
6380
6300
6700
3B00
0300
C300
E600
7C00
ENDCHAR
STARTCHAR Gbreve
ENCODING 286
SWIDTH 778 0
DWIDTH 14 0
BBX 13 15 1 0
BITMAP
0420
03C0
0000
07E0
1830
3018
6000
C000
C000
C1F0
C030
C030
6060
70E0
1F80
ENDCHAR
STARTCHAR gbreve
ENCODING 287
SWIDTH 556 0
DWIDTH 10 0
BBX 10 18 0 -4
BITMAP
1080
1100
0E00
0000
1CC0
3380
3180
6180
6180
6180
6380
6300
6700
3B00
0300
C300
E600
7C00
ENDCHAR
STARTCHAR Gdotaccent
ENCODING 288
SWIDTH 778 0
DWIDTH 14 0
BBX 13 15 1 0
BITMAP
0180
0180
0000
07E0
1830
3018
6000
C000
C000
C1F0
C030
C030
6060
70E0
1F80
ENDCHAR
STARTCHAR gdotaccent
ENCODING 289
SWIDTH 556 0
DWIDTH 10 0
BBX 10 17 0 -4
BITMAP
0600
0600
0000
1CC0
3380
3180
6180
6180
6180
6380
6300
6700
3B00
0300
C300
E600
7C00
ENDCHAR
STARTCHAR Gcommaaccent
ENCODING 290
SWIDTH 778 0
DWIDTH 14 0
BBX 13 17 1 -5
BITMAP
07E0
1830
3018
6000
C000
C000
C1F0
C030
C030
6060
70E0
1F80
0000
0600
0600
0400
0400
ENDCHAR
STARTCHAR gcommaaccent
ENCODING 291
SWIDTH 556 0
DWIDTH 10 0
BBX 10 19 0 -4
BITMAP
0200
0200
0600
0600
0000
1CC0
3380
3180
6180
6180
6180
6380
6300
6700
3B00
0300
C300
E600
7C00
ENDCHAR
STARTCHAR Hcircumflex
ENCODING 292
SWIDTH 722 0
DWIDTH 13 0
BBX 12 15 1 0
BITMAP
01C0
0260
0000
3030
3030
3030
6060
6060
7FE0
6060
6060
6060
C0C0
C0C0
C0C0
ENDCHAR
STARTCHAR hcircumflex
ENCODING 293
SWIDTH 556 0
DWIDTH 10 0
BBX 10 16 1 0
BITMAP
0380
04C0
0000
3000
3000
3000
6F00
7180
6180
6180
6180
6180
6180
C300
C300
C300
ENDCHAR
STARTCHAR Hbar
ENCODING 294
SWIDTH 722 0
DWIDTH 13 0
BBX 13 12 1 0
BITMAP
3030
3030
FFF8
6060
6060
7FE0
6060
6060
6060
C0C0
C0C0
C0C0
ENDCHAR
STARTCHAR hbar
ENCODING 295
SWIDTH 556 0
DWIDTH 10 0
BBX 9 13 1 0
BITMAP
3000
7E00
3000
7000
6F00
7180
6180
6180
6180
6180
C300
C300
C300
ENDCHAR
STARTCHAR Itilde
ENCODING 296
SWIDTH 278 0
DWIDTH 5 0
BBX 7 15 1 0
BITMAP
32
4C
00
30
30
30
60
60
60
60
60
60
C0
C0
C0
ENDCHAR
STARTCHAR itilde
ENCODING 297
SWIDTH 278 0
DWIDTH 5 0
BBX 7 14 1 0
BITMAP
62
92
8C
00
60
60
60
60
60
60
60
C0
C0
C0
ENDCHAR
STARTCHAR Imacron
ENCODING 298
SWIDTH 278 0
DWIDTH 5 0
BBX 6 14 1 0
BITMAP
7C
00
30
30
30
60
60
60
60
60
60
C0
C0
C0
ENDCHAR
STARTCHAR imacron
ENCODING 299
SWIDTH 278 0
DWIDTH 5 0
BBX 6 12 1 0
BITMAP
7C
00
60
60
60
60
60
60
60
C0
C0
C0
ENDCHAR
STARTCHAR Ibreve
ENCODING 300
SWIDTH 278 0
DWIDTH 5 0
BBX 7 15 1 0
BITMAP
42
3C
00
30
30
30
60
60
60
60
60
60
C0
C0
C0
ENDCHAR
STARTCHAR ibreve
ENCODING 301
SWIDTH 278 0
DWIDTH 5 0
BBX 6 14 1 0
BITMAP
84
88
70
00
60
60
60
60
60
60
60
C0
C0
C0
ENDCHAR
STARTCHAR Iogonek
ENCODING 302
SWIDTH 278 0
DWIDTH 5 0
BBX 5 16 0 -4
BITMAP
18
18
18
30
30
30
30
30
30
60
60
60
40
80
80
E0
ENDCHAR
STARTCHAR iogonek
ENCODING 303
SWIDTH 278 0
DWIDTH 5 0
BBX 5 17 0 -4
BITMAP
18
18
00
38
30
30
30
30
30
30
60
60
60
40
80
80
E0
ENDCHAR
STARTCHAR Idotaccent
ENCODING 304
SWIDTH 278 0
DWIDTH 5 0
BBX 5 15 1 0
BITMAP
18
18
00
30
30
30
60
60
60
60
60
60
C0
C0
C0
ENDCHAR
STARTCHAR dotlessi
ENCODING 305
SWIDTH 278 0
DWIDTH 5 0
BBX 4 10 1 0
BITMAP
60
60
60
60
60
60
60
C0
C0
C0
ENDCHAR
STARTCHAR IJ
ENCODING 306
SWIDTH 722 0
DWIDTH 13 0
BBX 12 12 1 0
BITMAP
30F0
3030
3030
6060
6060
6060
6060
6060
6060
D8C0
DCC0
CF80
ENDCHAR
STARTCHAR ij
ENCODING 307
SWIDTH 444 0
DWIDTH 8 0
BBX 8 17 1 -4
BITMAP
33
33
00
77
66
66
66
66
66
66
CC
CC
CC
0C
0C
18
70
ENDCHAR
STARTCHAR Jcircumflex
ENCODING 308
SWIDTH 500 0
DWIDTH 9 0
BBX 11 15 0 0
BITMAP
01C0
0260
0000
0780
0180
0180
0300
0300
0300
0300
0300
0300
C600
E600
7C00
ENDCHAR
STARTCHAR jcircumflex
ENCODING 309
SWIDTH 222 0
DWIDTH 4 0
BBX 9 18 -2 -4
BITMAP
0700
0D00
1880
0000
0E00
0C00
0C00
0C00
0C00
0C00
0C00
1800
1800
1800
1800
1800
3000
E000
ENDCHAR
STARTCHAR Kcommaaccent
ENCODING 310
SWIDTH 667 0
DWIDTH 12 0
BBX 12 17 1 -5
BITMAP
3070
30C0
3180
6700
6E00
7C00
7600
6300
6300
C180
C0C0
C060
0000
0C00
0C00
0800
0800
ENDCHAR
STARTCHAR kcommaaccent
ENCODING 311
SWIDTH 500 0
DWIDTH 9 0
BBX 9 18 1 -5
BITMAP
3000
3000
3000
6180
6300
6600
6C00
7800
6800
6C00
C600
C600
C300
0000
1800
1800
1000
1000
ENDCHAR
STARTCHAR kgreenlandic
ENCODING 312
SWIDTH 500 0
DWIDTH 9 0
BBX 9 10 1 0
BITMAP
7180
6300
6600
6C00
7800
6800
6C00
C600
C600
C300
ENDCHAR
STARTCHAR Lacute
ENCODING 313
SWIDTH 556 0
DWIDTH 10 0
BBX 8 15 1 0
BITMAP
03
0C
00
30
30
30
60
60
60
60
60
60
C0
C0
FF
ENDCHAR
STARTCHAR lacute
ENCODING 314
SWIDTH 278 0
DWIDTH 5 0
BBX 6 16 1 0
BITMAP
0C
30
00
30
30
30
60
60
60
60
60
60
60
C0
C0
C0
ENDCHAR
STARTCHAR Lcommaaccent
ENCODING 315
SWIDTH 556 0
DWIDTH 10 0
BBX 8 17 1 -5
BITMAP
30
30
30
60
60
60
60
60
60
C0
C0
FF
00
18
18
10
10
ENDCHAR
STARTCHAR lcommaaccent
ENCODING 316
SWIDTH 278 0
DWIDTH 5 0
BBX 5 18 0 -5
BITMAP
18
18
18
30
30
30
30
30
30
30
60
60
60
00
60
60
40
40
ENDCHAR
STARTCHAR Lcaron
ENCODING 317
SWIDTH 556 0
DWIDTH 10 0
BBX 9 12 1 0
BITMAP
3180
3180
3100
6100
6000
6000
6000
6000
6000
C000
C000
FF00
ENDCHAR
STARTCHAR lcaron
ENCODING 318
SWIDTH 278 0
DWIDTH 5 0
BBX 7 13 1 0
BITMAP
36
36
34
64
60
60
60
60
60
60
C0
C0
C0
ENDCHAR
STARTCHAR Ldot
ENCODING 319
SWIDTH 556 0
DWIDTH 10 0
BBX 8 12 1 0
BITMAP
30
30
30
60
66
66
60
60
60
C0
C0
FF
ENDCHAR
STARTCHAR ldot
ENCODING 320
SWIDTH 389 0
DWIDTH 7 0
BBX 7 13 1 0
BITMAP
30
30
30
60
60
66
66
60
60
60
C0
C0
C0
ENDCHAR
STARTCHAR Lslash
ENCODING 321
SWIDTH 556 0
DWIDTH 10 0
BBX 9 12 0 0
BITMAP
1800
1800
1800
3000
3200
3C00
7000
B000
3000
6000
6000
7F80
ENDCHAR
STARTCHAR lslash
ENCODING 322
SWIDTH 222 0
DWIDTH 4 0
BBX 6 13 0 0
BITMAP
18
18
18
38
30
3C
3C
F0
F0
30
60
60
60
ENDCHAR
STARTCHAR Nacute
ENCODING 323
SWIDTH 722 0
DWIDTH 13 0
BBX 12 15 1 0
BITMAP
0060
0180
0000
3030
3830
3830
6C60
6460
6460
6260
6260
6360
C1C0
C1C0
C0C0
ENDCHAR
STARTCHAR nacute
ENCODING 324
SWIDTH 556 0
DWIDTH 10 0
BBX 9 14 1 0
BITMAP
0180
0300
0400
0000
2F00
7180
7180
6180
6180
6180
6180
C300
C300
C300
ENDCHAR
STARTCHAR Ncommaaccent
ENCODING 325
SWIDTH 722 0
DWIDTH 13 0
BBX 12 17 1 -5
BITMAP
3030
3830
3830
6C60
6460
6460
6260
6260
6360
C1C0
C1C0
C0C0
0000
0C00
0C00
0800
0800
ENDCHAR
STARTCHAR ncommaaccent
ENCODING 326
SWIDTH 556 0
DWIDTH 10 0
BBX 9 15 1 -5
BITMAP
2F00
7180
7180
6180
6180
6180
6180
C300
C300
C300
0000
1800
1800
1000
1000
ENDCHAR
STARTCHAR Ncaron
ENCODING 327
SWIDTH 722 0
DWIDTH 13 0
BBX 12 15 1 0
BITMAP
0640
0380
0000
3030
3830
3830
6C60
6460
6460
6260
6260
6360
C1C0
C1C0
C0C0
ENDCHAR
STARTCHAR ncaron
ENCODING 328
SWIDTH 556 0
DWIDTH 10 0
BBX 9 14 1 0
BITMAP
1180
0B00
0E00
0000
2F00
7180
7180
6180
6180
6180
6180
C300
C300
C300
ENDCHAR
STARTCHAR napostrophe
ENCODING 329
SWIDTH 611 0
DWIDTH 11 0
BBX 10 12 1 0
BITMAP
6000
6000
5780
78C0
38C0
30C0
30C0
30C0
30C0
6180
6180
6180
ENDCHAR
STARTCHAR Eng
ENCODING 330
SWIDTH 722 0
DWIDTH 13 0
BBX 11 12 1 0
BITMAP
33C0
3C60
3060
7060
6060
6060
6060
6060
6060
C0C0
CCC0
C780
ENDCHAR
STARTCHAR eng
ENCODING 331
SWIDTH 556 0
DWIDTH 10 0
BBX 9 14 1 -4
BITMAP
2F00
7180
7180
6180
6180
6180
6180
C300
C300
C300
0300
0300
0600
0E00
ENDCHAR
STARTCHAR Omacron
ENCODING 332
SWIDTH 778 0
DWIDTH 14 0
BBX 13 14 1 0
BITMAP
07C0
0000
07C0
1870
3030
6018
C018
C018
C018
C018
C030
6060
70C0
1F00
ENDCHAR
STARTCHAR omacron
ENCODING 333
SWIDTH 556 0
DWIDTH 10 0
BBX 9 12 1 0
BITMAP
1F00
0000
1E00
3300
6180
C180
C180
C180
C180
C300
6200
3C00
ENDCHAR
STARTCHAR Obreve
ENCODING 334
SWIDTH 778 0
DWIDTH 14 0
BBX 13 15 1 0
BITMAP
0420
03C0
0000
07C0
1870
3030
6018
C018
C018
C018
C018
C030
6060
70C0
1F00
ENDCHAR
STARTCHAR obreve
ENCODING 335
SWIDTH 556 0
DWIDTH 10 0
BBX 9 14 1 0
BITMAP
1080
1100
0E00
0000
1E00
3300
6180
C180
C180
C180
C180
C300
6200
3C00
ENDCHAR
STARTCHAR Ohungarumlaut
ENCODING 336
SWIDTH 778 0
DWIDTH 14 0
BBX 13 15 1 0
BITMAP
0330
0440
0000
07C0
1870
3030
6018
C018
C018
C018
C018
C030
6060
70C0
1F00
ENDCHAR
STARTCHAR ohungarumlaut
ENCODING 337
SWIDTH 556 0
DWIDTH 10 0
BBX 10 14 1 0
BITMAP
06C0
0D80
1200
0000
1E00
3300
6180
C180
C180
C180
C180
C300
6200
3C00
ENDCHAR
STARTCHAR OE
ENCODING 338
SWIDTH 1000 0
DWIDTH 18 0
BBX 17 12 1 0
BITMAP
0FFF80
386000
606000
60C000
C0C000
C0FF00
C0C000
C0C000
C0C000
418000
618000
1FFF00
ENDCHAR
STARTCHAR oe
ENCODING 339
SWIDTH 944 0
DWIDTH 17 0
BBX 16 10 1 0
BITMAP
1E3C
3347
61C3
C183
C1FF
C180
C180
C386
628C
3C78
ENDCHAR
STARTCHAR Racute
ENCODING 340
SWIDTH 722 0
DWIDTH 13 0
BBX 11 15 1 0
BITMAP
00C0
0300
0000
3F80
30E0
3060
6060
6060
60C0
7F80
6200
6300
C180
C180
C0C0
ENDCHAR
STARTCHAR racute
ENCODING 341
SWIDTH 333 0
DWIDTH 6 0
BBX 7 14 1 0
BITMAP
06
0C
10
00
2C
70
60
60
60
60
60
C0
C0
C0
ENDCHAR
STARTCHAR Rcommaaccent
ENCODING 342
SWIDTH 722 0
DWIDTH 13 0
BBX 11 17 1 -5
BITMAP
3F80
30E0
3060
6060
6060
60C0
7F80
6200
6300
C180
C180
C0C0
0000
0C00
0C00
0800
0800
ENDCHAR
STARTCHAR rcommaaccent
ENCODING 343
SWIDTH 333 0
DWIDTH 6 0
BBX 7 15 0 -5
BITMAP
16
38
30
30
30
30
30
60
60
60
00
60
60
40
40
ENDCHAR
STARTCHAR Rcaron
ENCODING 344
SWIDTH 722 0
DWIDTH 13 0
BBX 11 15 1 0
BITMAP
0C80
0700
0000
3F80
30E0
3060
6060
6060
60C0
7F80
6200
6300
C180
C180
C0C0
ENDCHAR
STARTCHAR rcaron
ENCODING 345
SWIDTH 333 0
DWIDTH 6 0
BBX 8 14 1 0
BITMAP
23
16
1C
00
2C
70
60
60
60
60
60
C0
C0
C0
ENDCHAR
STARTCHAR Sacute
ENCODING 346
SWIDTH 667 0
DWIDTH 12 0
BBX 11 16 1 0
BITMAP
00C0
0180
0200
0000
0F80
18E0
3060
3000
3800
1F00
0380
00C0
00C0
C0C0
6180
3F00
ENDCHAR
STARTCHAR sacute
ENCODING 347
SWIDTH 500 0
DWIDTH 9 0
BBX 8 14 1 0
BITMAP
03
06
08
00
3E
63
63
60
38
1E
06
C6
E6
7C
ENDCHAR
STARTCHAR Scircumflex
ENCODING 348
SWIDTH 667 0
DWIDTH 12 0
BBX 11 16 1 0
BITMAP
0380
0680
0C40
0000
0F80
18E0
3060
3000
3800
1F00
0380
00C0
00C0
C0C0
6180
3F00
ENDCHAR
STARTCHAR scircumflex
ENCODING 349
SWIDTH 500 0
DWIDTH 9 0
BBX 8 14 1 0
BITMAP
0E
1A
31
00
3E
63
63
60
38
1E
06
C6
E6
7C
ENDCHAR
STARTCHAR Scedilla
ENCODING 350
SWIDTH 667 0
DWIDTH 12 0
BBX 11 16 1 -4
BITMAP
0F80
18E0
3060
3000
3800
1F00
0380
00C0
00C0
C0C0
6180
3F00
0400
0E00
0200
1C00
ENDCHAR
STARTCHAR scedilla
ENCODING 351
SWIDTH 500 0
DWIDTH 9 0
BBX 8 14 1 -4
BITMAP
3E
63
63
60
38
1E
06
C6
E6
7C
08
1C
04
38
ENDCHAR
STARTCHAR Scaron
ENCODING 352
SWIDTH 667 0
DWIDTH 12 0
BBX 11 15 1 0
BITMAP
0C80
0700
0000
0F80
18E0
3060
3000
3800
1F00
0380
00C0
00C0
C0C0
6180
3F00
ENDCHAR
STARTCHAR scaron
ENCODING 353
SWIDTH 500 0
DWIDTH 9 0
BBX 9 14 1 0
BITMAP
1180
0B00
0E00
0000
3E00
6300
6300
6000
3800
1E00
0600
C600
E600
7C00
ENDCHAR
STARTCHAR Tcommaaccent
ENCODING 354
SWIDTH 611 0
DWIDTH 11 0
BBX 10 16 3 -4
BITMAP
FFC0
0C00
0C00
1800
1800
1800
1800
1800
1800
3000
3000
3000
2000
7000
1000
E000
ENDCHAR
STARTCHAR tcommaaccent
ENCODING 355
SWIDTH 278 0
DWIDTH 5 0
BBX 5 16 0 -4
BITMAP
30
30
F8
60
60
60
60
60
60
C0
C0
70
20
70
10
E0
ENDCHAR
STARTCHAR Tcaron
ENCODING 356
SWIDTH 611 0
DWIDTH 11 0
BBX 10 15 2 0
BITMAP
1900
0E00
0000
FFC0
0C00
0C00
1800
1800
1800
1800
1800
1800
3000
3000
3000
ENDCHAR
STARTCHAR tcaron
ENCODING 357
SWIDTH 333 0
DWIDTH 6 0
BBX 8 13 1 0
BITMAP
03
33
32
FE
60
60
60
60
60
60
C0
C0
70
ENDCHAR
STARTCHAR Tbar
ENCODING 358
SWIDTH 611 0
DWIDTH 11 0
BBX 10 12 2 0
BITMAP
FFC0
0C00
0C00
1800
1800
7E00
1800
1800
1800
3000
3000
3000
ENDCHAR
STARTCHAR tbar
ENCODING 359
SWIDTH 278 0
DWIDTH 5 0
BBX 6 12 0 0
BITMAP
18
18
7C
30
30
30
F8
30
30
60
60
38
ENDCHAR
STARTCHAR Utilde
ENCODING 360
SWIDTH 722 0
DWIDTH 13 0
BBX 11 15 2 0
BITMAP
0640
0980
0000
6060
6060
6060
C0C0
C0C0
C0C0
C0C0
C0C0
C0C0
C180
E300
3E00
ENDCHAR
STARTCHAR utilde
ENCODING 361
SWIDTH 556 0
DWIDTH 10 0
BBX 10 14 1 0
BITMAP
1880
2480
2300
0000
6180
6180
6180
6180
6180
6180
6380
C300
6700
7B00
ENDCHAR
STARTCHAR Umacron
ENCODING 362
SWIDTH 722 0
DWIDTH 13 0
BBX 11 14 2 0
BITMAP
0F80
0000
6060
6060
6060
C0C0
C0C0
C0C0
C0C0
C0C0
C0C0
C180
E300
3E00
ENDCHAR
STARTCHAR umacron
ENCODING 363
SWIDTH 556 0
DWIDTH 10 0
BBX 10 12 1 0
BITMAP
1F00
0000
6180
6180
6180
6180
6180
6180
6380
C300
6700
7B00
ENDCHAR
STARTCHAR Ubreve
ENCODING 364
SWIDTH 722 0
DWIDTH 13 0
BBX 11 15 2 0
BITMAP
0840
0780
0000
6060
6060
6060
C0C0
C0C0
C0C0
C0C0
C0C0
C0C0
C180
E300
3E00
ENDCHAR
STARTCHAR ubreve
ENCODING 365
SWIDTH 556 0
DWIDTH 10 0
BBX 10 14 1 0
BITMAP
1080
1100
0E00
0000
6180
6180
6180
6180
6180
6180
6380
C300
6700
7B00
ENDCHAR
STARTCHAR Uring
ENCODING 366
SWIDTH 722 0
DWIDTH 13 0
BBX 11 17 2 0
BITMAP
0300
0480
0480
0300
0000
6060
6060
6060
C0C0
C0C0
C0C0
C0C0
C0C0
C0C0
C180
E300
3E00
ENDCHAR
STARTCHAR uring
ENCODING 367
SWIDTH 556 0
DWIDTH 10 0
BBX 10 15 1 0
BITMAP
0600
0900
0900
0600
0000
6180
6180
6180
6180
6180
6180
6380
C300
6700
7B00
ENDCHAR
STARTCHAR Uhungarumlaut
ENCODING 368
SWIDTH 722 0
DWIDTH 13 0
BBX 11 15 2 0
BITMAP
0660
0880
0000
6060
6060
6060
C0C0
C0C0
C0C0
C0C0
C0C0
C0C0
C180
E300
3E00
ENDCHAR
STARTCHAR uhungarumlaut
ENCODING 369
SWIDTH 556 0
DWIDTH 10 0
BBX 10 14 1 0
BITMAP
06C0
0D80
1200
0000
6180
6180
6180
6180
6180
6180
6380
C300
6700
7B00
ENDCHAR
STARTCHAR Uogonek
ENCODING 370
SWIDTH 722 0
DWIDTH 13 0
BBX 11 16 2 -4
BITMAP
6060
6060
6060
C0C0
C0C0
C0C0
C0C0
C0C0
C0C0
C180
E300
3E00
0800
1000
1000
1C00
ENDCHAR
STARTCHAR uogonek
ENCODING 371
SWIDTH 556 0
DWIDTH 10 0
BBX 10 14 1 -4
BITMAP
6180
6180
6180
6180
6180
6180
6380
C300
6700
7B00
0400
0800
0800
0E00
ENDCHAR
STARTCHAR Wcircumflex
ENCODING 372
SWIDTH 944 0
DWIDTH 17 0
BBX 16 15 2 0
BITMAP
01C0
0260
0000
C183
C183
C286
C2C6
44C4
64CC
64CC
68C8
68D8
7050
7050
7070
ENDCHAR
STARTCHAR wcircumflex
ENCODING 373
SWIDTH 722 0
DWIDTH 13 0
BBX 12 14 2 0
BITMAP
0700
0D00
1880
0000
C630
CE30
CE60
CE60
D640
D2C0
E280
E380
E300
C300
ENDCHAR
STARTCHAR Ycircumflex
ENCODING 374
SWIDTH 667 0
DWIDTH 12 0
BBX 11 15 2 0
BITMAP
0700
0980
0000
C060
C0C0
6180
6300
3600
3600
1C00
1800
1800
3000
3000
3000
ENDCHAR
STARTCHAR ycircumflex
ENCODING 375
SWIDTH 500 0
DWIDTH 9 0
BBX 10 18 0 -4
BITMAP
0700
0D00
1880
0000
30C0
30C0
3180
3180
3300
3300
1600
1600
1C00
1C00
1800
3800
3000
E000
ENDCHAR
STARTCHAR Ydieresis
ENCODING 376
SWIDTH 667 0
DWIDTH 12 0
BBX 11 15 2 0
BITMAP
1980
1980
0000
C060
C0C0
6180
6300
3600
3600
1C00
1800
1800
3000
3000
3000
ENDCHAR
STARTCHAR Zacute
ENCODING 377
SWIDTH 611 0
DWIDTH 11 0
BBX 12 15 0 0
BITMAP
0060
0180
0000
1FF0
0060
00C0
0180
0300
0600
0600
0C00
1800
3000
6000
FFC0
ENDCHAR
STARTCHAR zacute
ENCODING 378
SWIDTH 444 0
DWIDTH 8 0
BBX 8 14 1 0
BITMAP
03
06
08
00
7E
06
0C
18
18
30
30
60
C0
FC
ENDCHAR
STARTCHAR Zdotaccent
ENCODING 379
SWIDTH 611 0
DWIDTH 11 0
BBX 12 15 0 0
BITMAP
0180
0180
0000
1FF0
0060
00C0
0180
0300
0600
0600
0C00
1800
3000
6000
FFC0
ENDCHAR
STARTCHAR zdotaccent
ENCODING 380
SWIDTH 444 0
DWIDTH 8 0
BBX 7 13 1 0
BITMAP
0C
0C
00
7E
06
0C
18
18
30
30
60
C0
FC
ENDCHAR
STARTCHAR Zcaron
ENCODING 381
SWIDTH 611 0
DWIDTH 11 0
BBX 12 15 0 0
BITMAP
0640
0380
0000
1FF0
0060
00C0
0180
0300
0600
0600
0C00
1800
3000
6000
FFC0
ENDCHAR
STARTCHAR zcaron
ENCODING 382
SWIDTH 444 0
DWIDTH 8 0
BBX 9 14 1 0
BITMAP
1180
0B00
0E00
0000
7E00
0600
0C00
1800
1800
3000
3000
6000
C000
FC00
ENDCHAR
STARTCHAR longs
ENCODING 383
SWIDTH 222 0
DWIDTH 4 0
BBX 6 13 1 0
BITMAP
1C
30
30
70
60
60
60
60
60
60
C0
C0
C0
ENDCHAR
STARTCHAR florin
ENCODING 402
SWIDTH 556 0
DWIDTH 10 0
BBX 7 17 3 -4
BITMAP
0E
18
18
18
7C
30
30
30
30
30
60
60
60
60
60
60
C0
ENDCHAR
STARTCHAR uni01A0
ENCODING 416
SWIDTH 722 0
DWIDTH 13 0
BBX 11 16 1 0
BITMAP
0020
0020
0020
1FC0
30C0
6060
C060
C060
C020
C020
C020
C060
4060
60C0
31C0
1F00
ENDCHAR
STARTCHAR uni01A1
ENCODING 417
SWIDTH 611 0
DWIDTH 11 0
BBX 10 13 1 0
BITMAP
0080
00C0
0080
3F00
7700
C100
C180
C180
C180
C180
C180
6300
3E00
ENDCHAR
STARTCHAR uni01AF
ENCODING 431
SWIDTH 722 0
DWIDTH 13 0
BBX 12 17 2 0
BITMAP
0010
0030
0030
0060
8080
8080
8080
8080
8080
8080
8080
8080
8080
C180
C180
6300
3E00
ENDCHAR
STARTCHAR uni01B0
ENCODING 432
SWIDTH 611 0
DWIDTH 11 0
BBX 9 13 2 0
BITMAP
0180
0080
0180
8300
8200
8200
8200
8200
8200
8200
8600
CE00
FA00
ENDCHAR
STARTCHAR uni01CD
ENCODING 461
SWIDTH 611 0
DWIDTH 11 0
BBX 11 17 0 0
BITMAP
3100
1B00
0E00
0000
0E00
0A00
0A00
1B00
1300
1100
3180
2180
3F80
60C0
60C0
4040
C060
ENDCHAR
STARTCHAR uni01CE
ENCODING 462
SWIDTH 556 0
DWIDTH 10 0
BBX 8 15 1 0
BITMAP
42
36
1C
00
00
3C
E6
03
03
1F
63
C3
C3
C7
7B
ENDCHAR
STARTCHAR uni01CF
ENCODING 463
SWIDTH 278 0
DWIDTH 5 0
BBX 6 17 0 0
BITMAP
8C
58
30
00
20
20
20
20
20
20
20
20
20
20
20
20
20
ENDCHAR
STARTCHAR uni01D0
ENCODING 464
SWIDTH 278 0
DWIDTH 5 0
BBX 7 15 -1 0
BITMAP
C6
6C
38
00
00
10
10
10
10
10
10
10
10
10
10
ENDCHAR
STARTCHAR uni01D1
ENCODING 465
SWIDTH 722 0
DWIDTH 13 0
BBX 11 17 1 0
BITMAP
1180
0B00
0600
0000
1F80
31C0
6040
C060
C060
C020
C020
C020
C060
4060
60C0
31C0
1F00
ENDCHAR
STARTCHAR uni01D2
ENCODING 466
SWIDTH 611 0
DWIDTH 11 0
BBX 9 15 1 0
BITMAP
6300
3600
1C00
0000
0000
3E00
7700
C100
C180
C180
C180
C180
C180
6300
3E00
ENDCHAR
STARTCHAR uni01D3
ENCODING 467
SWIDTH 722 0
DWIDTH 13 0
BBX 9 17 2 0
BITMAP
2200
3600
1C00
0000
8080
8080
8080
8080
8080
8080
8080
8080
8080
C180
C180
6300
3E00
ENDCHAR
STARTCHAR uni01D4
ENCODING 468
SWIDTH 611 0
DWIDTH 11 0
BBX 7 15 2 0
BITMAP
C6
6C
38
00
00
82
82
82
82
82
82
82
86
CE
FA
ENDCHAR
STARTCHAR uni01D5
ENCODING 469
SWIDTH 722 0
DWIDTH 13 0
BBX 9 18 2 0
BITMAP
3E00
0000
2200
2200
0000
8080
8080
8080
8080
8080
8080
8080
8080
8080
C180
C180
6300
3E00
ENDCHAR
STARTCHAR uni01D6
ENCODING 470
SWIDTH 611 0
DWIDTH 11 0
BBX 7 16 2 0
BITMAP
7C
00
44
4C
00
00
82
82
82
82
82
82
82
86
CE
FA
ENDCHAR
STARTCHAR uni01D7
ENCODING 471
SWIDTH 722 0
DWIDTH 13 0
BBX 9 19 2 0
BITMAP
0600
0800
0000
2200
2200
0000
8080
8080
8080
8080
8080
8080
8080
8080
8080
C180
C180
6300
3E00
ENDCHAR
STARTCHAR uni01D8
ENCODING 472
SWIDTH 611 0
DWIDTH 11 0
BBX 7 17 2 0
BITMAP
08
10
10
44
4C
00
00
82
82
82
82
82
82
82
86
CE
FA
ENDCHAR
STARTCHAR uni01D9
ENCODING 473
SWIDTH 722 0
DWIDTH 13 0
BBX 9 19 2 0
BITMAP
3600
1C00
0000
2200
2200
0000
8080
8080
8080
8080
8080
8080
8080
8080
8080
C180
C180
6300
3E00
ENDCHAR
STARTCHAR uni01DA
ENCODING 474
SWIDTH 611 0
DWIDTH 11 0
BBX 7 17 2 0
BITMAP
44
28
10
44
4C
00
00
82
82
82
82
82
82
82
86
CE
FA
ENDCHAR
STARTCHAR uni01DB
ENCODING 475
SWIDTH 722 0
DWIDTH 13 0
BBX 9 19 2 0
BITMAP
3000
0800
0000
2200
2200
0000
8080
8080
8080
8080
8080
8080
8080
8080
8080
C180
C180
6300
3E00
ENDCHAR
STARTCHAR uni01DC
ENCODING 476
SWIDTH 611 0
DWIDTH 11 0
BBX 7 17 2 0
BITMAP
20
30
10
44
4C
00
00
82
82
82
82
82
82
82
86
CE
FA
ENDCHAR
STARTCHAR uni01F8
ENCODING 504
SWIDTH 722 0
DWIDTH 13 0
BBX 9 17 2 0
BITMAP
3000
1800
0C00
0000
C080
C080
A080
B080
9080
9880
8880
8C80
8680
8680
8380
8180
8180
ENDCHAR
STARTCHAR uni01F9
ENCODING 505
SWIDTH 611 0
DWIDTH 11 0
BBX 7 16 2 0
BITMAP
20
60
30
18
00
00
9C
E6
C2
82
82
82
82
82
82
82
ENDCHAR
STARTCHAR Aringacute
ENCODING 506
SWIDTH 667 0
DWIDTH 12 0
BBX 12 18 0 0
BITMAP
0030
00C0
0000
0180
0240
0240
0380
0280
0680
04C0
0CC0
08C0
18C0
3FC0
3040
6060
6060
C060
ENDCHAR
STARTCHAR aringacute
ENCODING 507
SWIDTH 556 0
DWIDTH 10 0
BBX 10 17 1 0
BITMAP
00C0
0300
0600
0900
0900
0600
0000
1F00
3180
6180
0180
3F80
6380
C300
C300
C700
7B80
ENDCHAR
STARTCHAR AEacute
ENCODING 508
SWIDTH 1000 0
DWIDTH 18 0
BBX 18 15 0 0
BITMAP
000300
000C00
000000
01FFC0
033000
033000
066000
066000
0C7F80
186000
1FE000
306000
30C000
60C000
C0FF00
ENDCHAR
STARTCHAR aeacute
ENCODING 509
SWIDTH 889 0
DWIDTH 16 0
BBX 15 14 1 0
BITMAP
0030
0060
0080
0000
1F3C
31C6
6186
0186
3FFE
6300
C300
C70C
C598
78F0
ENDCHAR
STARTCHAR Oslashacute
ENCODING 510
SWIDTH 778 0
DWIDTH 14 0
BBX 15 15 0 0
BITMAP
0030
00C0
0000
03E4
0C38
1838
306C
60CC
618C
630C
660C
6C18
3830
3060
4F80
ENDCHAR
STARTCHAR oslashacute
ENCODING 511
SWIDTH 611 0
DWIDTH 11 0
BBX 12 14 0 0
BITMAP
00C0
0180
0200
0000
0FE0
18C0
31E0
6160
6260
6460
6840
78C0
3180
5F00
ENDCHAR
STARTCHAR Scommaaccent
ENCODING 536
SWIDTH 667 0
DWIDTH 12 0
BBX 11 17 1 -5
BITMAP
0F80
18E0
3060
3000
3800
1F00
0380
00C0
00C0
C0C0
6180
3F00
0000
3000
3000
2000
2000
ENDCHAR
STARTCHAR scommaaccent
ENCODING 537
SWIDTH 500 0
DWIDTH 9 0
BBX 8 15 1 -5
BITMAP
3E
63
63
60
38
1E
06
C6
E6
7C
00
60
60
40
40
ENDCHAR
STARTCHAR uni021A
ENCODING 538
SWIDTH 611 0
DWIDTH 11 0
BBX 10 17 2 -5
BITMAP
FFC0
0C00
0C00
1800
1800
1800
1800
1800
1800
3000
3000
3000
0000
6000
6000
4000
4000
ENDCHAR
STARTCHAR uni021B
ENCODING 539
SWIDTH 278 0
DWIDTH 5 0
BBX 6 17 0 -5
BITMAP
18
18
7C
30
30
30
30
30
30
60
60
38
00
60
60
40
40
ENDCHAR
STARTCHAR uni0251
ENCODING 593
SWIDTH 611 0
DWIDTH 11 0
BBX 9 10 1 0
BITMAP
3D80
7780
C180
C180
C180
C180
C180
C180
6380
3D80
ENDCHAR
STARTCHAR uni0261
ENCODING 609
SWIDTH 611 0
DWIDTH 11 0
BBX 9 14 1 -4
BITMAP
3D80
7780
C180
C180
C180
C180
C180
C180
7780
3D80
0100
0100
4300
7E00
ENDCHAR
STARTCHAR uni02BB
ENCODING 699
SWIDTH 278 0
DWIDTH 5 0
BBX 3 5 1 9
BITMAP
20
40
80
C0
C0
ENDCHAR
STARTCHAR circumflex
ENCODING 710
SWIDTH 333 0
DWIDTH 6 0
BBX 6 3 1 11
BITMAP
38
68
C4
ENDCHAR
STARTCHAR caron
ENCODING 711
SWIDTH 333 0
DWIDTH 6 0
BBX 6 3 1 11
BITMAP
8C
58
70
ENDCHAR
STARTCHAR uni02C9
ENCODING 713
SWIDTH 278 0
DWIDTH 5 0
BBX 5 1 1 12
BITMAP
F8
ENDCHAR
STARTCHAR uni02CA
ENCODING 714
SWIDTH 611 0
DWIDTH 11 0
BBX 7 6 2 9
BITMAP
06
0C
18
30
E0
40
ENDCHAR
STARTCHAR uni02CB
ENCODING 715
SWIDTH 611 0
DWIDTH 11 0
BBX 7 6 2 9
BITMAP
40
C0
60
18
0C
06
ENDCHAR
STARTCHAR breve
ENCODING 728
SWIDTH 333 0
DWIDTH 6 0
BBX 6 3 1 11
BITMAP
84
88
70
ENDCHAR
STARTCHAR dotaccent
ENCODING 729
SWIDTH 333 0
DWIDTH 6 0
BBX 2 2 3 11
BITMAP
C0
C0
ENDCHAR
STARTCHAR ring
ENCODING 730
SWIDTH 333 0
DWIDTH 6 0
BBX 4 4 2 11
BITMAP
60
90
90
60
ENDCHAR
STARTCHAR ogonek
ENCODING 731
SWIDTH 333 0
DWIDTH 6 0
BBX 3 4 1 -4
BITMAP
40
80
80
E0
ENDCHAR
STARTCHAR tilde
ENCODING 732
SWIDTH 333 0
DWIDTH 6 0
BBX 7 3 0 11
BITMAP
62
92
8C
ENDCHAR
STARTCHAR hungarumlaut
ENCODING 733
SWIDTH 333 0
DWIDTH 6 0
BBX 7 3 1 11
BITMAP
36
6C
90
ENDCHAR
STARTCHAR uni02EA
ENCODING 746
SWIDTH 611 0
DWIDTH 11 0
BBX 6 9 3 6
BITMAP
80
80
80
80
80
80
80
80
FC
ENDCHAR
STARTCHAR uni02EB
ENCODING 747
SWIDTH 611 0
DWIDTH 11 0
BBX 6 9 3 6
BITMAP
80
80
80
FC
FC
80
80
80
80
ENDCHAR
STARTCHAR uni0300
ENCODING 768
SWIDTH 0 0
DWIDTH 0 0
BBX 7 6 2 7
BITMAP
40
E0
30
18
0C
06
ENDCHAR
STARTCHAR uni0301
ENCODING 769
SWIDTH 0 0
DWIDTH 0 0
BBX 7 7 2 7
BITMAP
04
06
0C
18
70
E0
40
ENDCHAR
STARTCHAR uni0304
ENCODING 772
SWIDTH 0 0
DWIDTH 0 0
BBX 6 1 -3 12
BITMAP
FC
ENDCHAR
STARTCHAR uni0307
ENCODING 775
SWIDTH 0 0
DWIDTH 0 0
BBX 3 3 4 12
BITMAP
E0
E0
E0
ENDCHAR
STARTCHAR uni030C
ENCODING 780
SWIDTH 0 0
DWIDTH 0 0
BBX 9 7 1 6
BITMAP
C180
4300
6200
3600
1400
1800
0800
ENDCHAR
STARTCHAR semicolon
ENCODING 894
SWIDTH 278 0
DWIDTH 5 0
BBX 4 12 0 -2
BITMAP
30
30
00
00
00
00
00
00
60
60
40
40
ENDCHAR
STARTCHAR tonos
ENCODING 900
SWIDTH 333 0
DWIDTH 6 0
BBX 3 3 2 11
BITMAP
60
40
80
ENDCHAR
STARTCHAR dieresistonos
ENCODING 901
SWIDTH 333 0
DWIDTH 6 0
BBX 6 4 0 11
BITMAP
18
10
B4
A4
ENDCHAR
STARTCHAR Alphatonos
ENCODING 902
SWIDTH 667 0
DWIDTH 12 0
BBX 11 12 0 0
BITMAP
3380
2280
4680
04C0
0CC0
08C0
18C0
3FC0
3040
6060
6060
C060
ENDCHAR
STARTCHAR anoteleia
ENCODING 903
SWIDTH 278 0
DWIDTH 5 0
BBX 2 2 1 5
BITMAP
C0
C0
ENDCHAR
STARTCHAR Epsilontonos
ENCODING 904
SWIDTH 778 0
DWIDTH 14 0
BBX 13 12 1 0
BITMAP
6FF8
4C00
8C00
1800
1800
1FE0
1800
1800
1800
3000
3000
3FE0
ENDCHAR
STARTCHAR Etatonos
ENCODING 905
SWIDTH 833 0
DWIDTH 15 0
BBX 14 12 1 0
BITMAP
6C0C
4C0C
8C0C
1818
1818
1FF8
1818
1818
1818
3030
3030
3030
ENDCHAR
STARTCHAR Iotatonos
ENCODING 906
SWIDTH 389 0
DWIDTH 7 0
BBX 6 12 1 0
BITMAP
6C
4C
8C
18
18
18
18
18
18
30
30
30
ENDCHAR
STARTCHAR Omicrontonos
ENCODING 908
SWIDTH 778 0
DWIDTH 14 0
BBX 14 12 0 0
BITMAP
63E0
4C38
9818
300C
600C
600C
600C
600C
6018
3030
3860
0F80
ENDCHAR
STARTCHAR Upsilontonos
ENCODING 910
SWIDTH 889 0
DWIDTH 16 0
BBX 15 12 2 0
BITMAP
6C06
4C0C
8618
0630
0360
0360
01C0
0180
0180
0300
0300
0300
ENDCHAR
STARTCHAR Omegatonos
ENCODING 911
SWIDTH 778 0
DWIDTH 14 0
BBX 14 12 0 0
BITMAP
67E0
5C38
B018
300C
600C
600C
600C
6018
3018
3870
18E0
F8F8
ENDCHAR
STARTCHAR iotadieresistonos
ENCODING 912
SWIDTH 278 0
DWIDTH 5 0
BBX 6 15 1 0
BITMAP
18
10
B4
A4
00
60
60
60
60
60
60
60
C0
C0
C0
ENDCHAR
STARTCHAR Alpha
ENCODING 913
SWIDTH 667 0
DWIDTH 12 0
BBX 11 12 0 0
BITMAP
0380
0280
0680
04C0
0CC0
08C0
18C0
3FC0
3040
6060
6060
C060
ENDCHAR
STARTCHAR Beta
ENCODING 914
SWIDTH 667 0
DWIDTH 12 0
BBX 10 12 1 0
BITMAP
3F80
30C0
30C0
60C0
6180
7F00
6180
60C0
60C0
C0C0
C180
FF00
ENDCHAR
STARTCHAR Gamma
ENCODING 915
SWIDTH 556 0
DWIDTH 10 0
BBX 10 12 1 0
BITMAP
3FC0
3000
3000
6000
6000
6000
6000
6000
6000
C000
C000
C000
ENDCHAR
STARTCHAR Delta
ENCODING 916
SWIDTH 667 0
DWIDTH 12 0
BBX 11 12 0 0
BITMAP
0380
0280
0680
0CC0
0CC0
18C0
18C0
30C0
3060
6060
C060
FFE0
ENDCHAR
STARTCHAR Epsilon
ENCODING 917
SWIDTH 667 0
DWIDTH 12 0
BBX 11 12 1 0
BITMAP
3FE0
3000
3000
6000
6000
7F80
6000
6000
6000
C000
C000
FF80
ENDCHAR
STARTCHAR Zeta
ENCODING 918
SWIDTH 611 0
DWIDTH 11 0
BBX 12 12 0 0
BITMAP
1FF0
0060
00C0
0180
0300
0600
0600
0C00
1800
3000
6000
FFC0
ENDCHAR
STARTCHAR Eta
ENCODING 919
SWIDTH 722 0
DWIDTH 13 0
BBX 12 12 1 0
BITMAP
3030
3030
3030
6060
6060
7FE0
6060
6060
6060
C0C0
C0C0
C0C0
ENDCHAR
STARTCHAR Theta
ENCODING 920
SWIDTH 778 0
DWIDTH 14 0
BBX 13 12 1 0
BITMAP
07C0
1870
3030
6018
C018
CF98
C018
C018
C030
6060
70C0
1F00
ENDCHAR
STARTCHAR Iota
ENCODING 921
SWIDTH 278 0
DWIDTH 5 0
BBX 4 12 1 0
BITMAP
30
30
30
60
60
60
60
60
60
C0
C0
C0
ENDCHAR
STARTCHAR Kappa
ENCODING 922
SWIDTH 667 0
DWIDTH 12 0
BBX 12 12 1 0
BITMAP
3070
30C0
3180
6700
6E00
7C00
7600
6300
6300
C180
C0C0
C060
ENDCHAR
STARTCHAR Lambda
ENCODING 923
SWIDTH 667 0
DWIDTH 12 0
BBX 11 12 0 0
BITMAP
0380
0280
0680
06C0
0CC0
08C0
18C0
30C0
30C0
6060
6060
C060
ENDCHAR
STARTCHAR Mu
ENCODING 924
SWIDTH 889 0
DWIDTH 16 0
BBX 15 12 1 0
BITMAP
380E
380E
3816
683C
6C2C
646C
644C
64CC
669C
C318
C318
C218
ENDCHAR
STARTCHAR Nu
ENCODING 925
SWIDTH 722 0
DWIDTH 13 0
BBX 12 12 1 0
BITMAP
3030
3830
3830
6C60
6460
6460
6260
6260
6360
C1C0
C1C0
C0C0
ENDCHAR
STARTCHAR Xi
ENCODING 926
SWIDTH 667 0
DWIDTH 12 0
BBX 11 12 1 0
BITMAP
3FE0
0000
0000
0000
0000
3F80
0000
0000
0000
0000
0000
FF80
ENDCHAR
STARTCHAR Omicron
ENCODING 927
SWIDTH 778 0
DWIDTH 14 0
BBX 13 12 1 0
BITMAP
07C0
1870
3030
6018
C018
C018
C018
C018
C030
6060
70C0
1F00
ENDCHAR
STARTCHAR Pi
ENCODING 928
SWIDTH 722 0
DWIDTH 13 0
BBX 12 12 1 0
BITMAP
3FF0
3030
3030
6060
6060
6060
6060
6060
6060
C0C0
C0C0
C0C0
ENDCHAR
STARTCHAR Rho
ENCODING 929
SWIDTH 667 0
DWIDTH 12 0
BBX 10 12 1 0
BITMAP
3F80
30C0
30C0
60C0
61C0
7F00
6000
6000
6000
C000
C000
C000
ENDCHAR
STARTCHAR Sigma
ENCODING 931
SWIDTH 611 0
DWIDTH 11 0
BBX 12 12 0 0
BITMAP
3FF0
3000
1800
0C00
0600
0300
0600
0C00
1800
3000
E000
FFC0
ENDCHAR
STARTCHAR Tau
ENCODING 932
SWIDTH 611 0
DWIDTH 11 0
BBX 10 12 2 0
BITMAP
FFC0
0C00
0C00
1800
1800
1800
1800
1800
1800
3000
3000
3000
ENDCHAR
STARTCHAR Upsilon
ENCODING 933
SWIDTH 667 0
DWIDTH 12 0
BBX 11 12 2 0
BITMAP
C060
C0C0
6180
6300
3600
3600
1C00
1800
1800
3000
3000
3000
ENDCHAR
STARTCHAR Phi
ENCODING 934
SWIDTH 833 0
DWIDTH 15 0
BBX 14 12 1 0
BITMAP
0180
0180
1FF0
6318
C30C
C30C
C30C
C30C
6318
3FE0
0600
0600
ENDCHAR
STARTCHAR Chi
ENCODING 935
SWIDTH 667 0
DWIDTH 12 0
BBX 13 12 0 0
BITMAP
1818
0C30
0C60
06C0
0780
0300
0700
0D80
1980
30C0
60C0
C060
ENDCHAR
STARTCHAR Psi
ENCODING 936
SWIDTH 833 0
DWIDTH 15 0
BBX 13 12 2 0
BITMAP
6318
6318
6318
C630
C630
C630
6660
3FC0
0600
0C00
0C00
0C00
ENDCHAR
STARTCHAR Omega
ENCODING 937
SWIDTH 778 0
DWIDTH 14 0
BBX 14 12 0 0
BITMAP
07E0
1C38
3018
300C
600C
600C
600C
6018
3018
3870
18E0
F8F8
ENDCHAR
STARTCHAR Iotadieresis
ENCODING 938
SWIDTH 278 0
DWIDTH 5 0
BBX 7 15 1 0
BITMAP
66
66
00
30
30
30
60
60
60
60
60
60
C0
C0
C0
ENDCHAR
STARTCHAR Upsilondieresis
ENCODING 939
SWIDTH 667 0
DWIDTH 12 0
BBX 11 15 2 0
BITMAP
1980
1980
0000
C060
C0C0
6180
6300
3600
3600
1C00
1800
1800
3000
3000
3000
ENDCHAR
STARTCHAR alphatonos
ENCODING 940
SWIDTH 556 0
DWIDTH 10 0
BBX 10 14 1 0
BITMAP
0300
0200
0400
0000
3CC0
6380
6380
C300
C300
C200
C200
C600
CB00
7300
ENDCHAR
STARTCHAR epsilontonos
ENCODING 941
SWIDTH 444 0
DWIDTH 8 0
BBX 8 14 1 0
BITMAP
06
04
08
00
3E
63
60
70
3C
60
C0
C4
CE
78
ENDCHAR
STARTCHAR etatonos
ENCODING 942
SWIDTH 556 0
DWIDTH 10 0
BBX 9 18 1 -4
BITMAP
0180
0100
0200
0000
6F00
7180
7180
6180
6180
6180
6180
C300
C300
C300
0300
0300
0300
0600
ENDCHAR
STARTCHAR iotatonos
ENCODING 943
SWIDTH 278 0
DWIDTH 5 0
BBX 5 14 1 0
BITMAP
18
10
20
00
60
60
60
60
60
60
60
C0
C0
C0
ENDCHAR
STARTCHAR upsilondieresistonos
ENCODING 944
SWIDTH 556 0
DWIDTH 10 0
BBX 8 15 2 0
BITMAP
06
04
2D
29
00
E3
C3
C3
C3
C3
C3
C2
C6
CC
78
ENDCHAR
STARTCHAR alpha
ENCODING 945
SWIDTH 556 0
DWIDTH 10 0
BBX 10 10 1 0
BITMAP
3CC0
6380
6380
C300
C300
C200
C200
C600
CB00
7300
ENDCHAR
STARTCHAR beta
ENCODING 946
SWIDTH 556 0
DWIDTH 10 0
BBX 10 17 0 -4
BITMAP
0780
08C0
18C0
18C0
30C0
3180
3300
3180
30C0
30C0
60C0
7180
6F00
6000
6000
6000
C000
ENDCHAR
STARTCHAR gamma
ENCODING 947
SWIDTH 500 0
DWIDTH 9 0
BBX 8 14 2 -4
BITMAP
C3
C3
C6
C6
CC
CC
58
58
70
70
60
60
C0
C0
ENDCHAR
STARTCHAR delta
ENCODING 948
SWIDTH 556 0
DWIDTH 10 0
BBX 10 13 1 0
BITMAP
1FC0
0800
0C00
0600
1B00
7180
6180
C180
C180
C180
C300
6300
3C00
ENDCHAR
STARTCHAR epsilon
ENCODING 949
SWIDTH 444 0
DWIDTH 8 0
BBX 8 10 1 0
BITMAP
3E
63
60
70
3C
60
C0
C4
CE
78
ENDCHAR
STARTCHAR zeta
ENCODING 950
SWIDTH 444 0
DWIDTH 8 0
BBX 8 16 1 -3
BITMAP
1F
02
04
08
18
30
60
60
C0
C0
C0
F0
7C
0C
0C
08
ENDCHAR
STARTCHAR eta
ENCODING 951
SWIDTH 556 0
DWIDTH 10 0
BBX 9 14 1 -4
BITMAP
6F00
7180
7180
6180
6180
6180
6180
C300
C300
C300
0300
0300
0300
0600
ENDCHAR
STARTCHAR theta
ENCODING 952
SWIDTH 556 0
DWIDTH 10 0
BBX 9 13 1 0
BITMAP
0F00
3180
2180
6180
6180
E180
FF80
C380
C300
C300
C600
4600
7800
ENDCHAR
STARTCHAR iota
ENCODING 953
SWIDTH 278 0
DWIDTH 5 0
BBX 4 10 1 0
BITMAP
60
60
60
60
60
60
60
C0
C0
C0
ENDCHAR
STARTCHAR kappa
ENCODING 954
SWIDTH 500 0
DWIDTH 9 0
BBX 9 10 1 0
BITMAP
7180
6300
6600
6C00
7800
6800
6C00
C600
C600
C300
ENDCHAR
STARTCHAR lambda
ENCODING 955
SWIDTH 500 0
DWIDTH 9 0
BBX 8 13 0 0
BITMAP
1C
0C
0C
0E
0E
0E
1E
1E
36
33
63
63
C3
ENDCHAR
STARTCHAR mu
ENCODING 956
SWIDTH 556 0
DWIDTH 10 0
BBX 11 14 0 -4
BITMAP
38E0
30C0
30C0
30C0
30C0
30C0
30C0
7180
7380
6D80
6000
6000
6000
E000
ENDCHAR
STARTCHAR nu
ENCODING 957
SWIDTH 500 0
DWIDTH 9 0
BBX 7 10 2 0
BITMAP
C6
C6
C6
C6
CC
CC
D8
D0
F0
E0
ENDCHAR
STARTCHAR xi
ENCODING 958
SWIDTH 444 0
DWIDTH 8 0
BBX 8 16 1 -3
BITMAP
3F
18
30
30
38
0E
38
60
C0
C0
C0
F0
3C
0C
0C
08
ENDCHAR
STARTCHAR omicron
ENCODING 959
SWIDTH 556 0
DWIDTH 10 0
BBX 9 10 1 0
BITMAP
1E00
3300
6180
C180
C180
C180
C180
C300
6200
3C00
ENDCHAR
STARTCHAR pi
ENCODING 960
SWIDTH 667 0
DWIDTH 12 0
BBX 12 10 1 0
BITMAP
FFF0
18C0
18C0
30C0
30C0
30C0
60C0
6180
6180
C0E0
ENDCHAR
STARTCHAR rho
ENCODING 961
SWIDTH 556 0
DWIDTH 10 0
BBX 10 14 0 -4
BITMAP
0F00
1980
30C0
30C0
30C0
30C0
30C0
6180
7180
6E00
6000
6000
6000
E000
ENDCHAR
STARTCHAR sigma1
ENCODING 962
SWIDTH 500 0
DWIDTH 9 0
BBX 8 13 1 -3
BITMAP
1E
31
60
60
C0
C0
C0
C0
70
3E
06
06
04
ENDCHAR
STARTCHAR sigma
ENCODING 963
SWIDTH 611 0
DWIDTH 11 0
BBX 11 10 1 0
BITMAP
1FE0
3180
6180
C180
C180
C180
C180
C300
6200
3C00
ENDCHAR
STARTCHAR tau
ENCODING 964
SWIDTH 389 0
DWIDTH 7 0
BBX 7 10 1 0
BITMAP
FE
30
30
30
30
30
70
60
60
38
ENDCHAR
STARTCHAR upsilon
ENCODING 965
SWIDTH 556 0
DWIDTH 10 0
BBX 8 10 2 0
BITMAP
E3
C3
C3
C3
C3
C3
C2
C6
CC
78
ENDCHAR
STARTCHAR phi
ENCODING 966
SWIDTH 667 0
DWIDTH 12 0
BBX 11 14 1 -4
BITMAP
19C0
3360
6660
C660
C660
C660
C660
CCC0
6C80
3F00
0C00
0C00
0C00
1800
ENDCHAR
STARTCHAR chi
ENCODING 967
SWIDTH 556 0
DWIDTH 10 0
BBX 12 14 -1 -4
BITMAP
1C10
0C20
0640
0680
0680
0300
0300
0700
0B00
1180
1180
2180
40C0
80C0
ENDCHAR
STARTCHAR psi
ENCODING 968
SWIDTH 722 0
DWIDTH 13 0
BBX 11 16 2 -4
BITMAP
0600
0600
ECC0
CCC0
CCC0
CCC0
CCC0
CCC0
CCC0
D980
D980
7F00
1800
1800
1800
3800
ENDCHAR
STARTCHAR omega
ENCODING 969
SWIDTH 778 0
DWIDTH 14 0
BBX 13 10 1 0
BITMAP
1860
3030
6018
6018
C318
C318
C318
C630
C730
79C0
ENDCHAR
STARTCHAR iotadieresis
ENCODING 970
SWIDTH 278 0
DWIDTH 5 0
BBX 6 13 1 0
BITMAP
CC
CC
00
60
60
60
60
60
60
60
C0
C0
C0
ENDCHAR
STARTCHAR upsilondieresis
ENCODING 971
SWIDTH 556 0
DWIDTH 10 0
BBX 8 13 2 0
BITMAP
33
33
00
E3
C3
C3
C3
C3
C3
C2
C6
CC
78
ENDCHAR
STARTCHAR omicrontonos
ENCODING 972
SWIDTH 556 0
DWIDTH 10 0
BBX 9 14 1 0
BITMAP
0300
0200
0400
0000
1E00
3300
6180
C180
C180
C180
C180
C300
6200
3C00
ENDCHAR
STARTCHAR upsilontonos
ENCODING 973
SWIDTH 556 0
DWIDTH 10 0
BBX 8 14 2 0
BITMAP
06
04
08
00
E3
C3
C3
C3
C3
C3
C2
C6
CC
78
ENDCHAR
STARTCHAR omegatonos
ENCODING 974
SWIDTH 778 0
DWIDTH 14 0
BBX 13 14 1 0
BITMAP
00C0
0080
0100
0000
1860
3030
6018
6018
C318
C318
C318
C630
C730
79C0
ENDCHAR
STARTCHAR afii10023
ENCODING 1025
SWIDTH 667 0
DWIDTH 12 0
BBX 11 15 1 0
BITMAP
0CC0
0CC0
0000
3FE0
3000
3000
6000
6000
7F80
6000
6000
6000
C000
C000
FF80
ENDCHAR
STARTCHAR afii10051
ENCODING 1026
SWIDTH 833 0
DWIDTH 15 0
BBX 12 12 2 0
BITMAP
FF80
0C00
0C00
1800
1BE0
1C30
1830
1830
1830
3060
3260
31C0
ENDCHAR
STARTCHAR afii10052
ENCODING 1027
SWIDTH 556 0
DWIDTH 10 0
BBX 10 15 1 0
BITMAP
0180
0600
0000
3FC0
3000
3000
6000
6000
6000
6000
6000
6000
C000
C000
C000
ENDCHAR
STARTCHAR afii10053
ENCODING 1028
SWIDTH 722 0
DWIDTH 13 0
BBX 12 12 1 0
BITMAP
0FC0
1860
2070
6030
C000
FF00
C000
C000
C040
60C0
61C0
1F00
ENDCHAR
STARTCHAR afii10054
ENCODING 1029
SWIDTH 667 0
DWIDTH 12 0
BBX 11 12 1 0
BITMAP
0F80
18E0
3060
3000
3800
1F00
0380
00C0
00C0
C0C0
6180
3F00
ENDCHAR
STARTCHAR afii10055
ENCODING 1030
SWIDTH 278 0
DWIDTH 5 0
BBX 4 12 1 0
BITMAP
30
30
30
60
60
60
60
60
60
C0
C0
C0
ENDCHAR
STARTCHAR afii10056
ENCODING 1031
SWIDTH 278 0
DWIDTH 5 0
BBX 7 15 1 0
BITMAP
66
66
00
30
30
30
60
60
60
60
60
60
C0
C0
C0
ENDCHAR
STARTCHAR afii10057
ENCODING 1032
SWIDTH 500 0
DWIDTH 9 0
BBX 9 12 0 0
BITMAP
0780
0180
0180
0300
0300
0300
0300
0300
0300
C600
E600
7C00
ENDCHAR
STARTCHAR afii10058
ENCODING 1033
SWIDTH 1056 0
DWIDTH 19 0
BBX 18 12 0 0
BITMAP
07F000
043000
0C3000
0C6000
086000
187F00
1861C0
1060C0
1060C0
30C0C0
20C180
C0FF00
ENDCHAR
STARTCHAR afii10059
ENCODING 1034
SWIDTH 1000 0
DWIDTH 18 0
BBX 16 12 1 0
BITMAP
3060
3060
3060
60C0
60C0
7FFE
60C7
60C3
60C3
C183
C186
C1FC
ENDCHAR
STARTCHAR afii10060
ENCODING 1035
SWIDTH 833 0
DWIDTH 15 0
BBX 12 12 2 0
BITMAP
FFE0
0C00
0C00
1800
1BE0
1C30
1830
1830
1830
3060
3060
3060
ENDCHAR
STARTCHAR afii10061
ENCODING 1036
SWIDTH 611 0
DWIDTH 11 0
BBX 11 15 1 0
BITMAP
00C0
0300
0000
3060
30C0
3180
6300
6600
7C00
6600
6300
6300
C180
C180
C0C0
ENDCHAR
STARTCHAR afii10062
ENCODING 1038
SWIDTH 667 0
DWIDTH 12 0
BBX 13 16 0 0
BITMAP
0420
0660
03C0
0000
3018
3030
1860
1860
0CC0
0D80
0500
0700
0600
0C00
1800
F000
ENDCHAR
STARTCHAR afii10145
ENCODING 1039
SWIDTH 722 0
DWIDTH 13 0
BBX 12 16 1 -4
BITMAP
3030
3030
3030
6060
6060
6060
6060
6060
6060
C0C0
C0C0
FFC0
0C00
0C00
0C00
1800
ENDCHAR
STARTCHAR afii10017
ENCODING 1040
SWIDTH 667 0
DWIDTH 12 0
BBX 11 12 0 0
BITMAP
0380
0280
0680
04C0
0CC0
08C0
18C0
3FC0
3040
6060
6060
C060
ENDCHAR
STARTCHAR afii10018
ENCODING 1041
SWIDTH 667 0
DWIDTH 12 0
BBX 10 12 1 0
BITMAP
3FC0
3000
3000
6000
6000
7F00
61C0
60C0
60C0
C0C0
C180
FF00
ENDCHAR
STARTCHAR afii10019
ENCODING 1042
SWIDTH 667 0
DWIDTH 12 0
BBX 10 12 1 0
BITMAP
3F80
30C0
30C0
60C0
6180
7F00
6180
60C0
60C0
C0C0
C180
FF00
ENDCHAR
STARTCHAR afii10020
ENCODING 1043
SWIDTH 556 0
DWIDTH 10 0
BBX 10 12 1 0
BITMAP
3FC0
3000
3000
6000
6000
6000
6000
6000
6000
C000
C000
C000
ENDCHAR
STARTCHAR afii10021
ENCODING 1044
SWIDTH 722 0
DWIDTH 13 0
BBX 15 16 -2 -4
BITMAP
00FE
0186
0186
018C
030C
030C
030C
060C
060C
0C18
1818
7FFE
6006
6006
6006
C00C
ENDCHAR
STARTCHAR afii10022
ENCODING 1045
SWIDTH 667 0
DWIDTH 12 0
BBX 11 12 1 0
BITMAP
3FE0
3000
3000
6000
6000
7F80
6000
6000
6000
C000
C000
FF80
ENDCHAR
STARTCHAR afii10024
ENCODING 1046
SWIDTH 944 0
DWIDTH 17 0
BBX 18 12 0 0
BITMAP
1860C0
086180
0C6300
04C600
06CC00
07F800
0CCC00
08C600
18C600
318300
618300
C18180
ENDCHAR
STARTCHAR afii10025
ENCODING 1047
SWIDTH 611 0
DWIDTH 11 0
BBX 9 12 1 0
BITMAP
1F00
3180
6180
0180
0300
1C00
0300
0180
4180
C180
6300
3E00
ENDCHAR
STARTCHAR afii10026
ENCODING 1048
SWIDTH 722 0
DWIDTH 13 0
BBX 12 12 1 0
BITMAP
3070
3070
30B0
71E0
6160
6260
6460
6C60
68E0
D0C0
E0C0
E0C0
ENDCHAR
STARTCHAR afii10027
ENCODING 1049
SWIDTH 722 0
DWIDTH 13 0
BBX 12 16 1 0
BITMAP
0420
0660
03C0
0000
3070
3070
30B0
71E0
6160
6260
6460
6C60
68E0
D0C0
E0C0
E0C0
ENDCHAR
STARTCHAR afii10028
ENCODING 1050
SWIDTH 611 0
DWIDTH 11 0
BBX 11 12 1 0
BITMAP
3060
30C0
3180
6300
6600
7C00
6600
6300
6300
C180
C180
C0C0
ENDCHAR
STARTCHAR afii10029
ENCODING 1051
SWIDTH 667 0
DWIDTH 12 0
BBX 13 12 -1 0
BITMAP
03F8
0618
0618
0630
0C30
0C30
0C30
1830
1830
1060
3060
E060
ENDCHAR
STARTCHAR afii10030
ENCODING 1052
SWIDTH 889 0
DWIDTH 16 0
BBX 15 12 1 0
BITMAP
380E
380E
3816
683C
6C2C
646C
644C
64CC
669C
C318
C318
C218
ENDCHAR
STARTCHAR afii10031
ENCODING 1053
SWIDTH 722 0
DWIDTH 13 0
BBX 12 12 1 0
BITMAP
3030
3030
3030
6060
6060
7FE0
6060
6060
6060
C0C0
C0C0
C0C0
ENDCHAR
STARTCHAR afii10032
ENCODING 1054
SWIDTH 778 0
DWIDTH 14 0
BBX 13 12 1 0
BITMAP
07C0
1870
3030
6018
C018
C018
C018
C018
C030
6060
70C0
1F00
ENDCHAR
STARTCHAR afii10033
ENCODING 1055
SWIDTH 722 0
DWIDTH 13 0
BBX 12 12 1 0
BITMAP
3FF0
3030
3030
6060
6060
6060
6060
6060
6060
C0C0
C0C0
C0C0
ENDCHAR
STARTCHAR afii10034
ENCODING 1056
SWIDTH 667 0
DWIDTH 12 0
BBX 10 12 1 0
BITMAP
3F80
30C0
30C0
60C0
61C0
7F00
6000
6000
6000
C000
C000
C000
ENDCHAR
STARTCHAR afii10035
ENCODING 1057
SWIDTH 722 0
DWIDTH 13 0
BBX 12 12 1 0
BITMAP
0FC0
1860
2070
6030
C000
C000
C000
C000
C040
60C0
61C0
1F00
ENDCHAR
STARTCHAR afii10036
ENCODING 1058
SWIDTH 611 0
DWIDTH 11 0
BBX 10 12 2 0
BITMAP
FFC0
0C00
0C00
1800
1800
1800
1800
1800
1800
3000
3000
3000
ENDCHAR
STARTCHAR afii10037
ENCODING 1059
SWIDTH 667 0
DWIDTH 12 0
BBX 13 12 0 0
BITMAP
3018
3030
1860
1860
0CC0
0D80
0500
0700
0600
0C00
1800
F000
ENDCHAR
STARTCHAR afii10038
ENCODING 1060
SWIDTH 778 0
DWIDTH 14 0
BBX 13 12 1 0
BITMAP
0300
0300
3FE0
6630
C618
C618
C618
C618
6670
3FC0
0C00
0C00
ENDCHAR
STARTCHAR afii10039
ENCODING 1061
SWIDTH 667 0
DWIDTH 12 0
BBX 13 12 0 0
BITMAP
1818
0C30
0C60
06C0
0780
0300
0700
0D80
1980
30C0
60C0
C060
ENDCHAR
STARTCHAR afii10040
ENCODING 1062
SWIDTH 722 0
DWIDTH 13 0
BBX 12 16 1 -4
BITMAP
3030
3030
3030
6060
6060
6060
6060
6060
6060
C0C0
C0C0
FFF0
0030
0030
0030
0060
ENDCHAR
STARTCHAR afii10041
ENCODING 1063
SWIDTH 667 0
DWIDTH 12 0
BBX 10 12 2 0
BITMAP
60C0
60C0
60C0
C180
C180
C180
C180
7F80
0180
0300
0300
0300
ENDCHAR
STARTCHAR afii10042
ENCODING 1064
SWIDTH 944 0
DWIDTH 17 0
BBX 16 12 1 0
BITMAP
30C3
30C3
30C3
6186
6186
6186
6186
6186
6186
C30C
C30C
FFFC
ENDCHAR
STARTCHAR afii10043
ENCODING 1065
SWIDTH 944 0
DWIDTH 17 0
BBX 16 16 1 -4
BITMAP
30C3
30C3
30C3
6186
6186
6186
6186
6186
6186
C30C
C30C
FFFF
0003
0003
0003
0006
ENDCHAR
STARTCHAR afii10044
ENCODING 1066
SWIDTH 833 0
DWIDTH 15 0
BBX 12 12 2 0
BITMAP
FC00
0C00
0C00
1800
1800
1FC0
1870
1830
1830
3030
3060
3FC0
ENDCHAR
STARTCHAR afii10045
ENCODING 1067
SWIDTH 889 0
DWIDTH 16 0
BBX 15 12 1 0
BITMAP
3006
3006
3006
600C
600C
7F0C
61CC
60CC
60CC
C0D8
C198
FF18
ENDCHAR
STARTCHAR afii10046
ENCODING 1068
SWIDTH 667 0
DWIDTH 12 0
BBX 10 12 1 0
BITMAP
3000
3000
3000
6000
6000
7F00
61C0
60C0
60C0
C0C0
C180
FF00
ENDCHAR
STARTCHAR afii10047
ENCODING 1069
SWIDTH 667 0
DWIDTH 12 0
BBX 11 12 1 0
BITMAP
1F80
30C0
6060
0060
0060
0FE0
0060
0060
C0C0
E0C0
6180
3E00
ENDCHAR
STARTCHAR afii10048
ENCODING 1070
SWIDTH 1000 0
DWIDTH 18 0
BBX 17 12 1 0
BITMAP
307C00
31C300
330180
630180
660180
7E0180
660180
660180
660300
C20200
C30E00
C0F800
ENDCHAR
STARTCHAR afii10049
ENCODING 1071
SWIDTH 667 0
DWIDTH 12 0
BBX 12 12 0 0
BITMAP
0FF0
1830
3030
3060
3060
3860
0FE0
1860
1860
30C0
60C0
C0C0
ENDCHAR
STARTCHAR afii10065
ENCODING 1072
SWIDTH 556 0
DWIDTH 10 0
BBX 9 10 1 0
BITMAP
1F00
3180
6180
0180
3F80
6380
C300
C300
C700
7B80
ENDCHAR
STARTCHAR afii10066
ENCODING 1073
SWIDTH 556 0
DWIDTH 10 0
BBX 10 13 1 0
BITMAP
07C0
1E00
2000
4000
5E00
E300
C100
C180
8100
8100
C300
C600
7C00
ENDCHAR
STARTCHAR afii10067
ENCODING 1074
SWIDTH 500 0
DWIDTH 9 0
BBX 8 10 1 0
BITMAP
1E
33
63
63
7C
63
63
C3
C7
FC
ENDCHAR
STARTCHAR afii10068
ENCODING 1075
SWIDTH 500 0
DWIDTH 9 0
BBX 8 10 1 0
BITMAP
3E
73
63
07
1E
70
C0
C6
CE
7C
ENDCHAR
STARTCHAR afii10069
ENCODING 1076
SWIDTH 556 0
DWIDTH 10 0
BBX 9 13 1 0
BITMAP
1E00
0300
0180
0180
3D80
6380
6180
C180
C180
C300
C300
6600
3C00
ENDCHAR
STARTCHAR afii10070
ENCODING 1077
SWIDTH 556 0
DWIDTH 10 0
BBX 9 10 1 0
BITMAP
1E00
3380
6180
C180
FF80
C000
C000
C300
6600
3C00
ENDCHAR
STARTCHAR afii10072
ENCODING 1078
SWIDTH 667 0
DWIDTH 12 0
BBX 14 10 -1 0
BITMAP
330C
1308
1B30
0B20
0FC0
1B60
3360
2620
6630
C630
ENDCHAR
STARTCHAR afii10073
ENCODING 1079
SWIDTH 444 0
DWIDTH 8 0
BBX 7 10 1 0
BITMAP
3C
66
06
0E
38
0C
0C
CC
CC
78
ENDCHAR
STARTCHAR afii10074
ENCODING 1080
SWIDTH 556 0
DWIDTH 10 0
BBX 10 10 1 0
BITMAP
6180
6180
6180
6180
6180
6180
6380
C300
6700
7B00
ENDCHAR
STARTCHAR afii10075
ENCODING 1081
SWIDTH 556 0
DWIDTH 10 0
BBX 10 14 1 0
BITMAP
1080
1980
0F00
0000
6180
6180
6180
6180
6180
6180
6380
C300
6700
7B00
ENDCHAR
STARTCHAR afii10076
ENCODING 1082
SWIDTH 500 0
DWIDTH 9 0
BBX 9 10 1 0
BITMAP
7180
6100
6600
6400
7800
6C00
6C00
CC00
C600
C600
ENDCHAR
STARTCHAR afii10077
ENCODING 1083
SWIDTH 556 0
DWIDTH 10 0
BBX 11 10 0 0
BITMAP
0FE0
0CC0
1CC0
18C0
18C0
18C0
38C0
3180
3180
E180
ENDCHAR
STARTCHAR afii10078
ENCODING 1084
SWIDTH 667 0
DWIDTH 12 0
BBX 12 10 0 0
BITMAP
3030
3870
2870
28A0
69A0
6960
6B60
4A60
4A40
C440
ENDCHAR
STARTCHAR afii10079
ENCODING 1085
SWIDTH 556 0
DWIDTH 10 0
BBX 10 10 1 0
BITMAP
7180
6180
6180
6180
7F80
6180
6180
C300
C300
C300
ENDCHAR
STARTCHAR afii10080
ENCODING 1086
SWIDTH 556 0
DWIDTH 10 0
BBX 9 10 1 0
BITMAP
1E00
3300
6180
C180
C180
C180
C180
C300
6200
3C00
ENDCHAR
STARTCHAR afii10081
ENCODING 1087
SWIDTH 556 0
DWIDTH 10 0
BBX 10 10 1 0
BITMAP
7FC0
6180
6180
6180
6180
6180
6180
C300
C300
C300
ENDCHAR
STARTCHAR afii10082
ENCODING 1088
SWIDTH 556 0
DWIDTH 10 0
BBX 10 14 0 -4
BITMAP
3780
38C0
30C0
30C0
30C0
30C0
30C0
7180
7180
6F00
6000
6000
6000
C000
ENDCHAR
STARTCHAR afii10083
ENCODING 1089
SWIDTH 500 0
DWIDTH 9 0
BBX 8 10 1 0
BITMAP
1E
63
63
C0
C0
C0
C0
C6
CC
78
ENDCHAR
STARTCHAR afii10084
ENCODING 1090
SWIDTH 833 0
DWIDTH 15 0
BBX 13 10 1 0
BITMAP
2E70
7398
6318
6318
6318
6318
6318
C630
C630
C630
ENDCHAR
STARTCHAR afii10085
ENCODING 1091
SWIDTH 500 0
DWIDTH 9 0
BBX 10 14 0 -4
BITMAP
30C0
30C0
3180
3180
3300
3300
1600
1600
1C00
1C00
1800
3800
3000
E000
ENDCHAR
STARTCHAR afii10086
ENCODING 1092
SWIDTH 833 0
DWIDTH 15 0
BBX 14 17 1 -4
BITMAP
0180
0180
0180
3B78
678C
630C
C30C
C30C
C30C
C70C
C718
CF18
76F0
0600
0600
0600
0C00
ENDCHAR
STARTCHAR afii10087
ENCODING 1093
SWIDTH 500 0
DWIDTH 9 0
BBX 10 10 0 0
BITMAP
18C0
1980
0B00
0E00
0E00
0E00
1E00
3600
6300
C300
ENDCHAR
STARTCHAR afii10088
ENCODING 1094
SWIDTH 556 0
DWIDTH 10 0
BBX 10 14 1 -4
BITMAP
6180
6180
6180
6180
6180
6180
6380
E300
6700
7BC0
00C0
00C0
00C0
0180
ENDCHAR
STARTCHAR afii10089
ENCODING 1095
SWIDTH 500 0
DWIDTH 9 0
BBX 8 10 2 0
BITMAP
C6
C6
C6
C6
C6
CE
76
0C
0C
0C
ENDCHAR
STARTCHAR afii10090
ENCODING 1096
SWIDTH 833 0
DWIDTH 15 0
BBX 14 10 1 0
BITMAP
6318
6318
6318
6318
6318
6318
6718
C630
6B70
73B0
ENDCHAR
STARTCHAR afii10091
ENCODING 1097
SWIDTH 833 0
DWIDTH 15 0
BBX 14 14 1 -4
BITMAP
631C
6318
6318
6318
6318
6318
6718
C630
6770
79BC
000C
000C
000C
0018
ENDCHAR
STARTCHAR afii10092
ENCODING 1098
SWIDTH 611 0
DWIDTH 11 0
BBX 10 10 1 0
BITMAP
FC00
1800
1800
1800
1F80
18C0
18C0
30C0
31C0
3F00
ENDCHAR
STARTCHAR afii10093
ENCODING 1099
SWIDTH 722 0
DWIDTH 13 0
BBX 13 10 1 0
BITMAP
7038
6030
6030
6030
7E30
6330
6330
C360
C760
FC60
ENDCHAR
STARTCHAR afii10094
ENCODING 1100
SWIDTH 500 0
DWIDTH 9 0
BBX 8 10 1 0
BITMAP
70
60
60
60
7E
63
63
C3
C7
FC
ENDCHAR
STARTCHAR afii10095
ENCODING 1101
SWIDTH 500 0
DWIDTH 9 0
BBX 8 10 1 0
BITMAP
3E
63
03
03
1F
03
03
C6
E6
78
ENDCHAR
STARTCHAR afii10096
ENCODING 1102
SWIDTH 778 0
DWIDTH 14 0
BBX 13 10 1 0
BITMAP
71F0
6310
6318
6618
7E18
6618
6618
C630
C330
C1C0
ENDCHAR
STARTCHAR afii10097
ENCODING 1103
SWIDTH 556 0
DWIDTH 10 0
BBX 11 10 0 0
BITMAP
0FC0
38C0
30C0
30C0
30C0
1FC0
18C0
3180
6180
C180
ENDCHAR
STARTCHAR afii10071
ENCODING 1105
SWIDTH 556 0
DWIDTH 10 0
BBX 9 13 1 0
BITMAP
1980
1980
0000
1E00
3380
6180
C180
FF80
C000
C000
C300
6600
3C00
ENDCHAR
STARTCHAR afii10099
ENCODING 1106
SWIDTH 556 0
DWIDTH 10 0
BBX 9 17 1 -4
BITMAP
3000
7E00
3000
7000
6F00
7180
6180
6180
6180
6180
C300
C300
C300
0300
0300
0600
0E00
ENDCHAR
STARTCHAR afii10100
ENCODING 1107
SWIDTH 389 0
DWIDTH 7 0
BBX 7 14 1 0
BITMAP
06
0C
10
00
7E
60
60
60
60
60
60
C0
C0
C0
ENDCHAR
STARTCHAR afii10101
ENCODING 1108
SWIDTH 500 0
DWIDTH 9 0
BBX 8 10 1 0
BITMAP
1E
63
60
C0
F8
C0
C0
C6
CC
78
ENDCHAR
STARTCHAR afii10102
ENCODING 1109
SWIDTH 500 0
DWIDTH 9 0
BBX 8 10 1 0
BITMAP
3E
63
63
60
38
1E
06
C6
E6
7C
ENDCHAR
STARTCHAR afii10103
ENCODING 1110
SWIDTH 278 0
DWIDTH 5 0
BBX 4 13 1 0
BITMAP
30
30
00
60
60
60
60
60
60
60
C0
C0
C0
ENDCHAR
STARTCHAR afii10104
ENCODING 1111
SWIDTH 278 0
DWIDTH 5 0
BBX 6 13 1 0
BITMAP
CC
CC
00
60
60
60
60
60
60
60
C0
C0
C0
ENDCHAR
STARTCHAR afii10105
ENCODING 1112
SWIDTH 222 0
DWIDTH 4 0
BBX 7 17 -2 -4
BITMAP
06
06
00
0E
0C
0C
0C
0C
0C
0C
18
18
18
18
18
30
E0
ENDCHAR
STARTCHAR afii10106
ENCODING 1113
SWIDTH 889 0
DWIDTH 16 0
BBX 16 10 0 0
BITMAP
07F0
0E60
0C60
0C60
187E
1863
1863
30C3
30C7
E0FC
ENDCHAR
STARTCHAR afii10107
ENCODING 1114
SWIDTH 833 0
DWIDTH 15 0
BBX 14 10 1 0
BITMAP
7180
6180
6180
6180
7FF8
618C
618C
C30C
C31C
C3F0
ENDCHAR
STARTCHAR afii10108
ENCODING 1115
SWIDTH 556 0
DWIDTH 10 0
BBX 9 13 1 0
BITMAP
3000
7E00
3000
7000
6F00
7180
6180
6180
6180
6180
C300
C300
C300
ENDCHAR
STARTCHAR afii10109
ENCODING 1116
SWIDTH 500 0
DWIDTH 9 0
BBX 9 14 1 0
BITMAP
0180
0300
0400
0000
7180
6100
6600
6400
7800
6C00
6C00
CC00
C600
C600
ENDCHAR
STARTCHAR afii10110
ENCODING 1118
SWIDTH 500 0
DWIDTH 9 0
BBX 10 18 0 -4
BITMAP
0840
0CC0
0780
0000
30C0
30C0
3180
3180
3300
3300
1600
1600
1C00
1C00
1800
3800
3000
E000
ENDCHAR
STARTCHAR afii10193
ENCODING 1119
SWIDTH 556 0
DWIDTH 10 0
BBX 10 13 1 -3
BITMAP
61C0
6180
6180
6180
6180
6180
6380
E300
6700
7B00
1800
1800
1800
ENDCHAR
STARTCHAR afii10050
ENCODING 1168
SWIDTH 500 0
DWIDTH 9 0
BBX 10 16 1 0
BITMAP
00C0
0080
0180
0180
3F80
3000
3000
6000
6000
6000
6000
6000
6000
C000
C000
C000
ENDCHAR
STARTCHAR afii10098
ENCODING 1169
SWIDTH 333 0
DWIDTH 6 0
BBX 7 13 1 0
BITMAP
06
06
06
7C
60
60
60
60
60
60
C0
C0
C0
ENDCHAR
STARTCHAR uni1E3E
ENCODING 7742
SWIDTH 833 0
DWIDTH 15 0
BBX 11 17 2 0
BITMAP
0300
0600
0C00
0000
C060
C0E0
E0E0
A1E0
A160
B160
9360
9A60
8A60
8E60
8C60
8460
8060
ENDCHAR
STARTCHAR uni1E3F
ENCODING 7743
SWIDTH 944 0
DWIDTH 17 0
BBX 13 16 2 0
BITMAP
0080
0180
0300
0600
0000
0000
9CF0
EFB8
C718
8218
8218
8218
8218
8218
8218
8218
ENDCHAR
STARTCHAR Wgrave
ENCODING 7808
SWIDTH 944 0
DWIDTH 17 0
BBX 16 15 2 0
BITMAP
0300
0080
0000
C183
C183
C286
C2C6
44C4
64CC
64CC
68C8
68D8
7050
7050
7070
ENDCHAR
STARTCHAR wgrave
ENCODING 7809
SWIDTH 722 0
DWIDTH 13 0
BBX 12 14 2 0
BITMAP
0C00
0400
0200
0000
C630
CE30
CE60
CE60
D640
D2C0
E280
E380
E300
C300
ENDCHAR
STARTCHAR Wacute
ENCODING 7810
SWIDTH 944 0
DWIDTH 17 0
BBX 16 15 2 0
BITMAP
0060
0180
0000
C183
C183
C286
C2C6
44C4
64CC
64CC
68C8
68D8
7050
7050
7070
ENDCHAR
STARTCHAR wacute
ENCODING 7811
SWIDTH 722 0
DWIDTH 13 0
BBX 12 14 2 0
BITMAP
0180
0300
0400
0000
C630
CE30
CE60
CE60
D640
D2C0
E280
E380
E300
C300
ENDCHAR
STARTCHAR Wdieresis
ENCODING 7812
SWIDTH 944 0
DWIDTH 17 0
BBX 16 15 2 0
BITMAP
0660
0660
0000
C183
C183
C286
C2C6
44C4
64CC
64CC
68C8
68D8
7050
7050
7070
ENDCHAR
STARTCHAR wdieresis
ENCODING 7813
SWIDTH 722 0
DWIDTH 13 0
BBX 12 13 2 0
BITMAP
1980
1980
0000
C630
CE30
CE60
CE60
D640
D2C0
E280
E380
E300
C300
ENDCHAR
STARTCHAR uni1EA0
ENCODING 7840
SWIDTH 611 0
DWIDTH 11 0
BBX 11 17 0 -4
BITMAP
0E00
0A00
0A00
1B00
1300
1100
3180
2180
3F80
60C0
60C0
4040
C060
0000
0000
0C00
0E00
ENDCHAR
STARTCHAR uni1EA1
ENCODING 7841
SWIDTH 556 0
DWIDTH 10 0
BBX 8 14 1 -4
BITMAP
3C
E6
03
03
1F
63
C3
C3
C7
7B
00
00
18
18
ENDCHAR
STARTCHAR uni1EA2
ENCODING 7842
SWIDTH 611 0
DWIDTH 11 0
BBX 11 18 0 0
BITMAP
0800
0600
0200
0400
0000
0E00
0A00
0A00
1B00
1300
1100
3180
2180
3F80
60C0
60C0
4040
C060
ENDCHAR
STARTCHAR uni1EA3
ENCODING 7843
SWIDTH 556 0
DWIDTH 10 0
BBX 8 15 1 0
BITMAP
1C
04
0C
00
00
3C
E6
03
03
1F
63
C3
C3
C7
7B
ENDCHAR
STARTCHAR uni1EA4
ENCODING 7844
SWIDTH 611 0
DWIDTH 11 0
BBX 11 18 0 0
BITMAP
0040
0080
0F00
1100
0000
0E00
0A00
0A00
1B00
1300
1100
3180
2180
3F80
60C0
60C0
4040
C060
ENDCHAR
STARTCHAR uni1EA5
ENCODING 7845
SWIDTH 556 0
DWIDTH 10 0
BBX 9 16 1 0
BITMAP
0080
0180
1F00
3600
2200
0000
3C00
E600
0300
0300
1F00
6300
C300
C300
C700
7B00
ENDCHAR
STARTCHAR uni1EA6
ENCODING 7846
SWIDTH 611 0
DWIDTH 11 0
BBX 11 18 0 0
BITMAP
4000
2000
3E00
1100
0000
0E00
0A00
0A00
1B00
1300
1100
3180
2180
3F80
60C0
60C0
4040
C060
ENDCHAR
STARTCHAR uni1EA7
ENCODING 7847
SWIDTH 556 0
DWIDTH 10 0
BBX 9 16 0 0
BITMAP
C000
4000
2E00
1B00
1100
0000
1E00
7300
0180
0180
0F80
3180
6180
6180
6380
3D80
ENDCHAR
STARTCHAR uni1EA8
ENCODING 7848
SWIDTH 611 0
DWIDTH 11 0
BBX 11 18 0 0
BITMAP
0180
00C0
0E80
1100
0000
0E00
0A00
0A00
1B00
1300
1100
3180
2180
3F80
60C0
60C0
4040
C060
ENDCHAR
STARTCHAR uni1EA9
ENCODING 7849
SWIDTH 556 0
DWIDTH 10 0
BBX 9 16 1 0
BITMAP
0300
0180
1D00
3600
2200
0000
3C00
E600
0300
0300
1F00
6300
C300
C300
C700
7B00
ENDCHAR
STARTCHAR uni1EAA
ENCODING 7850
SWIDTH 611 0
DWIDTH 11 0
BBX 11 19 0 0
BITMAP
1900
1700
0000
0E00
1100
0000
0E00
0A00
0A00
1B00
1300
1100
3180
2180
3F80
60C0
60C0
4040
C060
ENDCHAR
STARTCHAR uni1EAB
ENCODING 7851
SWIDTH 556 0
DWIDTH 10 0
BBX 8 16 1 0
BITMAP
3A
24
1C
36
22
00
3C
E6
03
03
1F
63
C3
C3
C7
7B
ENDCHAR
STARTCHAR uni1EAC
ENCODING 7852
SWIDTH 611 0
DWIDTH 11 0
BBX 11 21 0 -4
BITMAP
0E00
1B00
3100
0000
0E00
0A00
0A00
1B00
1300
1100
3180
2180
3F80
60C0
60C0
4040
C060
0000
0000
0C00
0E00
ENDCHAR
STARTCHAR uni1EAD
ENCODING 7853
SWIDTH 556 0
DWIDTH 10 0
BBX 8 19 1 -4
BITMAP
1C
34
22
42
00
3C
E6
03
03
1F
63
C3
C3
C7
7B
00
00
18
18
ENDCHAR
STARTCHAR uni1EAE
ENCODING 7854
SWIDTH 611 0
DWIDTH 11 0
BBX 11 19 0 0
BITMAP
0300
0600
1500
1100
0E00
0000
0E00
0A00
0A00
1B00
1300
1100
3180
2180
3F80
60C0
60C0
4040
C060
ENDCHAR
STARTCHAR uni1EAF
ENCODING 7855
SWIDTH 556 0
DWIDTH 10 0
BBX 8 17 1 0
BITMAP
04
0C
49
62
3E
08
00
3C
E6
03
03
1F
63
C3
C3
C7
7B
ENDCHAR
STARTCHAR uni1EB0
ENCODING 7856
SWIDTH 611 0
DWIDTH 11 0
BBX 11 19 0 0
BITMAP
1800
0C00
1500
1100
0E00
0000
0E00
0A00
0A00
1B00
1300
1100
3180
2180
3F80
60C0
60C0
4040
C060
ENDCHAR
STARTCHAR uni1EB1
ENCODING 7857
SWIDTH 556 0
DWIDTH 10 0
BBX 8 17 1 0
BITMAP
10
30
49
62
3E
08
00
3C
E6
03
03
1F
63
C3
C3
C7
7B
ENDCHAR
STARTCHAR uni1EB2
ENCODING 7858
SWIDTH 611 0
DWIDTH 11 0
BBX 11 19 0 0
BITMAP
0E00
0200
1500
1100
0E00
0000
0E00
0A00
0A00
1B00
1300
1100
3180
2180
3F80
60C0
60C0
4040
C060
ENDCHAR
STARTCHAR uni1EB3
ENCODING 7859
SWIDTH 556 0
DWIDTH 10 0
BBX 8 17 1 0
BITMAP
18
04
4D
62
3E
08
00
3C
E6
03
03
1F
63
C3
C3
C7
7B
ENDCHAR
STARTCHAR uni1EB4
ENCODING 7860
SWIDTH 611 0
DWIDTH 11 0
BBX 11 19 0 0
BITMAP
1D00
1700
1100
1100
0E00
0000
0E00
0A00
0A00
1B00
1300
1100
3180
2180
3F80
60C0
60C0
4040
C060
ENDCHAR
STARTCHAR uni1EB5
ENCODING 7861
SWIDTH 556 0
DWIDTH 10 0
BBX 8 16 1 0
BITMAP
3A
24
62
36
08
00
3C
E6
03
03
1F
63
C3
C3
C7
7B
ENDCHAR
STARTCHAR uni1EB6
ENCODING 7862
SWIDTH 611 0
DWIDTH 11 0
BBX 11 21 0 -4
BITMAP
1100
1300
0E00
0000
0E00
0A00
0A00
1B00
1300
1100
3180
2180
3F80
60C0
60C0
4040
C060
0000
0000
0C00
0E00
ENDCHAR
STARTCHAR uni1EB7
ENCODING 7863
SWIDTH 556 0
DWIDTH 10 0
BBX 8 19 1 -4
BITMAP
43
62
3E
08
00
3C
E6
03
03
1F
63
C3
C3
C7
7B
00
00
18
18
ENDCHAR
STARTCHAR uni1EB8
ENCODING 7864
SWIDTH 611 0
DWIDTH 11 0
BBX 8 17 2 -4
BITMAP
FE
80
80
80
80
FC
FC
80
80
80
80
80
FF
00
00
18
18
ENDCHAR
STARTCHAR uni1EB9
ENCODING 7865
SWIDTH 556 0
DWIDTH 10 0
BBX 8 14 1 -4
BITMAP
3C
66
43
C1
FF
FF
C0
C0
61
3E
00
00
18
18
ENDCHAR
STARTCHAR uni1EBA
ENCODING 7866
SWIDTH 611 0
DWIDTH 11 0
BBX 8 18 2 0
BITMAP
20
18
08
18
00
FE
80
80
80
80
FC
FC
80
80
80
80
80
FF
ENDCHAR
STARTCHAR uni1EBB
ENCODING 7867
SWIDTH 556 0
DWIDTH 10 0
BBX 8 15 1 0
BITMAP
18
04
1C
00
00
3C
66
43
C1
FF
FF
C0
C0
61
3E
ENDCHAR
STARTCHAR uni1EBC
ENCODING 7868
SWIDTH 611 0
DWIDTH 11 0
BBX 8 17 2 0
BITMAP
72
DE
8C
00
FE
80
80
80
80
FC
FC
80
80
80
80
80
FF
ENDCHAR
STARTCHAR uni1EBD
ENCODING 7869
SWIDTH 556 0
DWIDTH 10 0
BBX 8 14 1 0
BITMAP
79
4E
00
00
3C
66
43
C1
FF
FF
C0
C0
61
3E
ENDCHAR
STARTCHAR uni1EBE
ENCODING 7870
SWIDTH 611 0
DWIDTH 11 0
BBX 8 18 2 0
BITMAP
01
03
3A
44
00
FE
80
80
80
80
FC
FC
80
80
80
80
80
FF
ENDCHAR
STARTCHAR uni1EBF
ENCODING 7871
SWIDTH 556 0
DWIDTH 10 0
BBX 9 16 1 0
BITMAP
0080
0100
1F00
3600
2200
0000
3C00
6600
4300
C100
FF00
FF00
C000
C000
6100
3E00
ENDCHAR
STARTCHAR uni1EC0
ENCODING 7872
SWIDTH 611 0
DWIDTH 11 0
BBX 8 18 2 0
BITMAP
80
C0
78
44
00
FE
80
80
80
80
FC
FC
80
80
80
80
80
FF
ENDCHAR
STARTCHAR uni1EC1
ENCODING 7873
SWIDTH 556 0
DWIDTH 10 0
BBX 9 16 0 0
BITMAP
C000
4000
2E00
1B00
1100
0000
1E00
3300
2180
6080
7F80
7F80
6000
6000
3080
1F00
ENDCHAR
STARTCHAR uni1EC2
ENCODING 7874
SWIDTH 611 0
DWIDTH 11 0
BBX 8 18 2 0
BITMAP
07
01
3A
44
00
FE
80
80
80
80
FC
FC
80
80
80
80
80
FF
ENDCHAR
STARTCHAR uni1EC3
ENCODING 7875
SWIDTH 556 0
DWIDTH 10 0
BBX 8 16 1 0
BITMAP
03
01
1D
36
22
00
3C
66
43
C1
FF
FF
C0
C0
61
3E
ENDCHAR
STARTCHAR uni1EC4
ENCODING 7876
SWIDTH 611 0
DWIDTH 11 0
BBX 8 19 2 0
BITMAP
72
4C
00
38
64
00
FE
80
80
80
80
FC
FC
80
80
80
80
80
FF
ENDCHAR
STARTCHAR uni1EC5
ENCODING 7877
SWIDTH 556 0
DWIDTH 10 0
BBX 8 16 1 0
BITMAP
3A
24
18
36
22
00
3C
66
43
C1
FF
FF
C0
C0
61
3E
ENDCHAR
STARTCHAR uni1EC6
ENCODING 7878
SWIDTH 611 0
DWIDTH 11 0
BBX 8 21 2 -4
BITMAP
18
2C
42
00
FE
80
80
80
80
FC
FC
80
80
80
80
80
FF
00
00
18
18
ENDCHAR
STARTCHAR uni1EC7
ENCODING 7879
SWIDTH 556 0
DWIDTH 10 0
BBX 8 19 1 -4
BITMAP
18
34
22
42
00
3C
66
43
C1
FF
FF
C0
C0
61
3E
00
00
18
18
ENDCHAR
STARTCHAR uni1EC8
ENCODING 7880
SWIDTH 278 0
DWIDTH 5 0
BBX 3 18 1 0
BITMAP
80
60
20
40
00
40
40
40
40
40
40
40
40
40
40
40
40
40
ENDCHAR
STARTCHAR uni1EC9
ENCODING 7881
SWIDTH 278 0
DWIDTH 5 0
BBX 3 15 1 0
BITMAP
E0
20
60
00
00
40
40
40
40
40
40
40
40
40
40
ENDCHAR
STARTCHAR uni1ECA
ENCODING 7882
SWIDTH 278 0
DWIDTH 5 0
BBX 2 17 2 -4
BITMAP
80
80
80
80
80
80
80
80
80
80
80
80
80
00
00
C0
C0
ENDCHAR
STARTCHAR uni1ECB
ENCODING 7883
SWIDTH 278 0
DWIDTH 5 0
BBX 3 18 1 -4
BITMAP
40
E0
00
00
40
40
40
40
40
40
40
40
40
40
00
00
40
E0
ENDCHAR
STARTCHAR uni1ECC
ENCODING 7884
SWIDTH 722 0
DWIDTH 13 0
BBX 11 17 1 -4
BITMAP
1F80
31C0
6040
C060
C060
C020
C020
C020
C060
4060
60C0
31C0
1F00
0000
0000
0600
0600
ENDCHAR
STARTCHAR uni1ECD
ENCODING 7885
SWIDTH 611 0
DWIDTH 11 0
BBX 9 14 1 -4
BITMAP
3E00
7700
C100
C180
C180
C180
C180
C180
6300
3E00
0000
0000
1800
1C00
ENDCHAR
STARTCHAR uni1ECE
ENCODING 7886
SWIDTH 722 0
DWIDTH 13 0
BBX 11 18 1 0
BITMAP
0800
0600
0200
0400
0000
1F80
31C0
6040
C060
C060
C020
C020
C020
C060
4060
60C0
31C0
1F00
ENDCHAR
STARTCHAR uni1ECF
ENCODING 7887
SWIDTH 611 0
DWIDTH 11 0
BBX 9 15 1 0
BITMAP
1C00
0400
0C00
0000
0000
3E00
7700
C100
C180
C180
C180
C180
C180
6300
3E00
ENDCHAR
STARTCHAR uni1ED0
ENCODING 7888
SWIDTH 722 0
DWIDTH 13 0
BBX 11 18 1 0
BITMAP
0040
0080
0E80
1100
0000
1F80
31C0
6040
C060
C060
C020
C020
C020
C060
4060
60C0
31C0
1F00
ENDCHAR
STARTCHAR uni1ED1
ENCODING 7889
SWIDTH 611 0
DWIDTH 11 0
BBX 9 16 1 0
BITMAP
0080
0180
1D00
3600
2200
0000
3E00
7700
C100
C180
C180
C180
C180
C180
6300
3E00
ENDCHAR
STARTCHAR uni1ED2
ENCODING 7890
SWIDTH 722 0
DWIDTH 13 0
BBX 11 18 1 0
BITMAP
6000
2000
1E00
1100
0000
1F80
31C0
6040
C060
C060
C020
C020
C020
C060
4060
60C0
31C0
1F00
ENDCHAR
STARTCHAR uni1ED3
ENCODING 7891
SWIDTH 611 0
DWIDTH 11 0
BBX 10 16 0 0
BITMAP
C000
6000
2E00
1B00
1100
0000
1F00
3B80
6080
60C0
60C0
60C0
60C0
60C0
3180
1F00
ENDCHAR
STARTCHAR uni1ED4
ENCODING 7892
SWIDTH 722 0
DWIDTH 13 0
BBX 11 18 1 0
BITMAP
01C0
0040
0E80
1100
0000
1F80
31C0
6040
C060
C060
C020
C020
C020
C060
4060
60C0
31C0
1F00
ENDCHAR
STARTCHAR uni1ED5
ENCODING 7893
SWIDTH 611 0
DWIDTH 11 0
BBX 9 16 1 0
BITMAP
0300
0180
1D00
3600
2200
0000
3E00
7700
C100
C180
C180
C180
C180
C180
6300
3E00
ENDCHAR
STARTCHAR uni1ED6
ENCODING 7894
SWIDTH 722 0
DWIDTH 13 0
BBX 11 19 1 0
BITMAP
1C80
1700
0000
0E00
1100
0000
1F80
31C0
6040
C060
C060
C020
C020
C020
C060
4060
60C0
31C0
1F00
ENDCHAR
STARTCHAR uni1ED7
ENCODING 7895
SWIDTH 611 0
DWIDTH 11 0
BBX 9 16 1 0
BITMAP
3A00
2400
1C00
3600
2200
0000
3E00
7700
C100
C180
C180
C180
C180
C180
6300
3E00
ENDCHAR
STARTCHAR uni1ED8
ENCODING 7896
SWIDTH 722 0
DWIDTH 13 0
BBX 11 21 1 -4
BITMAP
0E00
0B00
1180
0000
1F80
31C0
6040
C060
C060
C020
C020
C020
C060
4060
60C0
31C0
1F00
0000
0000
0600
0600
ENDCHAR
STARTCHAR uni1ED9
ENCODING 7897
SWIDTH 611 0
DWIDTH 11 0
BBX 9 19 1 -4
BITMAP
1C00
3400
6300
2200
0000
3E00
7700
C100
C180
C180
C180
C180
C180
6300
3E00
0000
0000
1800
1C00
ENDCHAR
STARTCHAR uni1EDA
ENCODING 7898
SWIDTH 722 0
DWIDTH 13 0
BBX 11 17 1 0
BITMAP
0300
0620
0420
0020
1FC0
30C0
6060
C060
C060
C020
C020
C020
C060
4060
60C0
31C0
1F00
ENDCHAR
STARTCHAR uni1EDB
ENCODING 7899
SWIDTH 611 0
DWIDTH 11 0
BBX 10 16 1 0
BITMAP
0200
0600
0C00
1880
00C0
0080
3F00
7700
C100
C180
C180
C180
C180
C180
6300
3E00
ENDCHAR
STARTCHAR uni1EDC
ENCODING 7900
SWIDTH 722 0
DWIDTH 13 0
BBX 11 17 1 0
BITMAP
1800
0C20
0620
0020
1FC0
30C0
6060
C060
C060
C020
C020
C020
C060
4060
60C0
31C0
1F00
ENDCHAR
STARTCHAR uni1EDD
ENCODING 7901
SWIDTH 611 0
DWIDTH 11 0
BBX 10 16 1 0
BITMAP
2000
3000
1800
0C80
00C0
0080
3F00
7700
C100
C180
C180
C180
C180
C180
6300
3E00
ENDCHAR
STARTCHAR uni1EDE
ENCODING 7902
SWIDTH 722 0
DWIDTH 13 0
BBX 11 18 1 0
BITMAP
0800
0600
0220
0420
0020
1FC0
30C0
6060
C060
C060
C020
C020
C020
C060
4060
60C0
31C0
1F00
ENDCHAR
STARTCHAR uni1EDF
ENCODING 7903
SWIDTH 611 0
DWIDTH 11 0
BBX 10 15 1 0
BITMAP
1C00
0400
0C80
00C0
0080
3F00
7700
C100
C180
C180
C180
C180
C180
6300
3E00
ENDCHAR
STARTCHAR uni1EE0
ENCODING 7904
SWIDTH 722 0
DWIDTH 13 0
BBX 11 17 1 0
BITMAP
1880
37A0
2320
0020
1FC0
30C0
6060
C060
C060
C020
C020
C020
C060
4060
60C0
31C0
1F00
ENDCHAR
STARTCHAR uni1EE1
ENCODING 7905
SWIDTH 611 0
DWIDTH 11 0
BBX 10 14 1 0
BITMAP
7300
4E80
00C0
0080
3F00
7700
C100
C180
C180
C180
C180
C180
6300
3E00
ENDCHAR
STARTCHAR uni1EE2
ENCODING 7906
SWIDTH 722 0
DWIDTH 13 0
BBX 11 20 1 -4
BITMAP
0020
0020
0020
1FC0
30C0
6060
C060
C060
C020
C020
C020
C060
4060
60C0
31C0
1F00
0000
0000
0600
0600
ENDCHAR
STARTCHAR uni1EE3
ENCODING 7907
SWIDTH 611 0
DWIDTH 11 0
BBX 10 17 1 -4
BITMAP
0080
00C0
0080
3F00
7700
C100
C180
C180
C180
C180
C180
6300
3E00
0000
0000
0800
1C00
ENDCHAR
STARTCHAR uni1EE4
ENCODING 7908
SWIDTH 722 0
DWIDTH 13 0
BBX 9 17 2 -4
BITMAP
8080
8080
8080
8080
8080
8080
8080
8080
8080
C180
C180
6300
3E00
0000
0000
0800
1C00
ENDCHAR
STARTCHAR uni1EE5
ENCODING 7909
SWIDTH 611 0
DWIDTH 11 0
BBX 7 14 2 -4
BITMAP
82
82
82
82
82
82
82
86
CE
FA
00
00
10
38
ENDCHAR
STARTCHAR uni1EE6
ENCODING 7910
SWIDTH 722 0
DWIDTH 13 0
BBX 9 18 2 0
BITMAP
1000
0C00
0400
0800
0000
8080
8080
8080
8080
8080
8080
8080
8080
8080
C180
C180
6300
3E00
ENDCHAR
STARTCHAR uni1EE7
ENCODING 7911
SWIDTH 611 0
DWIDTH 11 0
BBX 7 15 2 0
BITMAP
38
08
18
00
00
82
82
82
82
82
82
82
86
CE
FA
ENDCHAR
STARTCHAR uni1EE8
ENCODING 7912
SWIDTH 722 0
DWIDTH 13 0
BBX 12 17 2 0
BITMAP
0610
0C30
1830
0060
8080
8080
8080
8080
8080
8080
8080
8080
8080
C180
C180
6300
3E00
ENDCHAR
STARTCHAR uni1EE9
ENCODING 7913
SWIDTH 611 0
DWIDTH 11 0
BBX 9 16 2 0
BITMAP
0400
0C00
1800
3180
0080
0180
8300
8200
8200
8200
8200
8200
8200
8600
CE00
FA00
ENDCHAR
STARTCHAR uni1EEA
ENCODING 7914
SWIDTH 722 0
DWIDTH 13 0
BBX 12 17 2 0
BITMAP
3010
1830
0C30
0060
8080
8080
8080
8080
8080
8080
8080
8080
8080
C180
C180
6300
3E00
ENDCHAR
STARTCHAR uni1EEB
ENCODING 7915
SWIDTH 611 0
DWIDTH 11 0
BBX 9 16 2 0
BITMAP
4000
6000
3000
1980
0080
0180
8300
8200
8200
8200
8200
8200
8200
8600
CE00
FA00
ENDCHAR
STARTCHAR uni1EEC
ENCODING 7916
SWIDTH 722 0
DWIDTH 13 0
BBX 12 18 2 0
BITMAP
1000
0C10
0430
0830
0060
8080
8080
8080
8080
8080
8080
8080
8080
8080
C180
C180
6300
3E00
ENDCHAR
STARTCHAR uni1EED
ENCODING 7917
SWIDTH 611 0
DWIDTH 11 0
BBX 9 15 2 0
BITMAP
3800
0800
1980
0080
0180
8300
8200
8200
8200
8200
8200
8200
8600
CE00
FA00
ENDCHAR
STARTCHAR uni1EEE
ENCODING 7918
SWIDTH 722 0
DWIDTH 13 0
BBX 12 17 2 0
BITMAP
3110
6F30
4630
0060
8080
8080
8080
8080
8080
8080
8080
8080
8080
C180
C180
6300
3E00
ENDCHAR
STARTCHAR uni1EEF
ENCODING 7919
SWIDTH 611 0
DWIDTH 11 0
BBX 9 14 2 0
BITMAP
F200
9D80
0080
0180
8300
8200
8200
8200
8200
8200
8200
8600
CE00
FA00
ENDCHAR
STARTCHAR uni1EF0
ENCODING 7920
SWIDTH 722 0
DWIDTH 13 0
BBX 12 21 2 -4
BITMAP
0010
0030
0030
0060
8080
8080
8080
8080
8080
8080
8080
8080
8080
C180
C180
6300
3E00
0000
0000
0800
1C00
ENDCHAR
STARTCHAR uni1EF1
ENCODING 7921
SWIDTH 611 0
DWIDTH 11 0
BBX 9 17 2 -4
BITMAP
0180
0080
0180
8300
8200
8200
8200
8200
8200
8200
8600
CE00
FA00
0000
0000
1800
1800
ENDCHAR
STARTCHAR Ygrave
ENCODING 7922
SWIDTH 667 0
DWIDTH 12 0
BBX 11 15 2 0
BITMAP
0C00
0200
0000
C060
C0C0
6180
6300
3600
3600
1C00
1800
1800
3000
3000
3000
ENDCHAR
STARTCHAR ygrave
ENCODING 7923
SWIDTH 500 0
DWIDTH 9 0
BBX 10 18 0 -4
BITMAP
0C00
0400
0200
0000
30C0
30C0
3180
3180
3300
3300
1600
1600
1C00
1C00
1800
3800
3000
E000
ENDCHAR
STARTCHAR uni1EF4
ENCODING 7924
SWIDTH 556 0
DWIDTH 10 0
BBX 10 17 0 -4
BITMAP
C0C0
6180
6100
2300
3200
1600
1C00
0C00
0C00
0C00
0C00
0C00
0C00
0000
0000
0C00
0C00
ENDCHAR
STARTCHAR uni1EF5
ENCODING 7925
SWIDTH 500 0
DWIDTH 9 0
BBX 9 14 0 -4
BITMAP
C180
4180
6100
2300
3300
3200
1200
1E00
0C00
0C00
0C00
0800
1980
7180
ENDCHAR
STARTCHAR uni1EF6
ENCODING 7926
SWIDTH 556 0
DWIDTH 10 0
BBX 10 18 0 0
BITMAP
1000
0C00
0400
0C00
0040
C080
6180
6100
2300
3200
1600
1C00
0C00
0C00
0C00
0C00
0C00
0C00
ENDCHAR
STARTCHAR uni1EF7
ENCODING 7927
SWIDTH 500 0
DWIDTH 9 0
BBX 9 19 0 -4
BITMAP
0C00
0600
0C00
0000
0000
C180
4180
6100
2300
3300
3200
1200
1E00
0C00
0C00
0C00
0800
1800
7000
ENDCHAR
STARTCHAR uni1EF8
ENCODING 7928
SWIDTH 556 0
DWIDTH 10 0
BBX 10 17 0 0
BITMAP
3900
6F00
4600
0040
C080
6180
6100
2300
3200
1600
1C00
0C00
0C00
0C00
0C00
0C00
0C00
ENDCHAR
STARTCHAR uni1EF9
ENCODING 7929
SWIDTH 500 0
DWIDTH 9 0
BBX 9 18 0 -4
BITMAP
3900
6700
0000
0000
C180
4180
6100
2300
3300
3200
1200
1E00
0C00
0C00
0C00
0800
1800
7000
ENDCHAR
STARTCHAR uni2002
ENCODING 8194
SWIDTH 500 0
DWIDTH 9 0
BBX 0 0 0 0
BITMAP
ENDCHAR
STARTCHAR uni2003
ENCODING 8195
SWIDTH 1000 0
DWIDTH 18 0
BBX 0 0 0 0
BITMAP
ENDCHAR
STARTCHAR uni2010
ENCODING 8208
SWIDTH 333 0
DWIDTH 6 0
BBX 5 1 1 4
BITMAP
F8
ENDCHAR
STARTCHAR uni2011
ENCODING 8209
SWIDTH 333 0
DWIDTH 6 0
BBX 5 1 1 4
BITMAP
F8
ENDCHAR
STARTCHAR figuredash
ENCODING 8210
SWIDTH 333 0
DWIDTH 6 0
BBX 5 1 1 4
BITMAP
F8
ENDCHAR
STARTCHAR endash
ENCODING 8211
SWIDTH 556 0
DWIDTH 10 0
BBX 9 1 1 4
BITMAP
FF80
ENDCHAR
STARTCHAR emdash
ENCODING 8212
SWIDTH 1000 0
DWIDTH 18 0
BBX 17 1 1 4
BITMAP
FFFF80
ENDCHAR
STARTCHAR afii00208
ENCODING 8213
SWIDTH 1000 0
DWIDTH 18 0
BBX 18 1 0 4
BITMAP
FFFFC0
ENDCHAR
STARTCHAR uni2016
ENCODING 8214
SWIDTH 1000 0
DWIDTH 18 0
BBX 4 18 7 -2
BITMAP
90
90
90
90
90
90
90
90
90
90
90
90
90
90
90
90
90
90
ENDCHAR
STARTCHAR underscoredbl
ENCODING 8215
SWIDTH 556 0
DWIDTH 10 0
BBX 10 3 -1 -5
BITMAP
FFC0
0000
FFC0
ENDCHAR
STARTCHAR quoteleft
ENCODING 8216
SWIDTH 222 0
DWIDTH 4 0
BBX 3 4 2 8
BITMAP
40
40
C0
C0
ENDCHAR
STARTCHAR quoteright
ENCODING 8217
SWIDTH 222 0
DWIDTH 4 0
BBX 3 4 1 8
BITMAP
60
60
40
40
ENDCHAR
STARTCHAR quotesinglbase
ENCODING 8218
SWIDTH 222 0
DWIDTH 4 0
BBX 3 4 1 -2
BITMAP
60
60
40
40
ENDCHAR
STARTCHAR quotereversed
ENCODING 8219
SWIDTH 222 0
DWIDTH 4 0
BBX 2 4 2 8
BITMAP
C0
C0
80
80
ENDCHAR
STARTCHAR quotedblleft
ENCODING 8220
SWIDTH 333 0
DWIDTH 6 0
BBX 6 4 1 8
BITMAP
48
48
D8
D8
ENDCHAR
STARTCHAR quotedblright
ENCODING 8221
SWIDTH 333 0
DWIDTH 6 0
BBX 6 4 1 8
BITMAP
6C
6C
48
48
ENDCHAR
STARTCHAR quotedblbase
ENCODING 8222
SWIDTH 333 0
DWIDTH 6 0
BBX 6 4 0 -2
BITMAP
6C
6C
48
48
ENDCHAR
STARTCHAR dagger
ENCODING 8224
SWIDTH 556 0
DWIDTH 10 0
BBX 8 14 2 -1
BITMAP
0C
0C
08
FF
18
18
10
10
10
30
30
20
20
20
ENDCHAR
STARTCHAR daggerdbl
ENCODING 8225
SWIDTH 556 0
DWIDTH 10 0
BBX 9 14 1 -1
BITMAP
0600
0600
0400
7F80
0C00
0C00
0800
0800
1800
1800
FF00
1000
3000
3000
ENDCHAR
STARTCHAR bullet
ENCODING 8226
SWIDTH 389 0
DWIDTH 7 0
BBX 5 5 1 4
BITMAP
70
F8
F8
F8
70
ENDCHAR
STARTCHAR uni2025
ENCODING 8229
SWIDTH 1000 0
DWIDTH 18 0
BBX 12 2 3 6
BITMAP
4020
E070
ENDCHAR
STARTCHAR ellipsis
ENCODING 8230
SWIDTH 1000 0
DWIDTH 18 0
BBX 14 2 2 0
BITMAP
C30C
C30C
ENDCHAR
STARTCHAR uni2027
ENCODING 8231
SWIDTH 1000 0
DWIDTH 18 0
BBX 4 4 7 5
BITMAP
60
F0
F0
60
ENDCHAR
STARTCHAR perthousand
ENCODING 8240
SWIDTH 1000 0
DWIDTH 18 0
BBX 18 12 0 0
BITMAP
1C1800
223000
426000
42C000
458000
3B0000
06E380
0D1440
1A1840
321840
622880
C1C700
ENDCHAR
STARTCHAR minute
ENCODING 8242
SWIDTH 167 0
DWIDTH 3 0
BBX 2 5 2 7
BITMAP
C0
C0
80
80
80
ENDCHAR
STARTCHAR second
ENCODING 8243
SWIDTH 333 0
DWIDTH 6 0
BBX 5 5 2 7
BITMAP
D8
D8
90
90
90
ENDCHAR
STARTCHAR uni2035
ENCODING 8245
SWIDTH 1000 0
DWIDTH 18 0
BBX 4 3 6 14
BITMAP
E0
20
10
ENDCHAR
STARTCHAR guilsinglleft
ENCODING 8249
SWIDTH 333 0
DWIDTH 6 0
BBX 5 7 2 1
BITMAP
18
30
40
80
40
60
30
ENDCHAR
STARTCHAR guilsinglright
ENCODING 8250
SWIDTH 333 0
DWIDTH 6 0
BBX 5 7 0 1
BITMAP
60
30
10
08
10
60
C0
ENDCHAR
STARTCHAR uni203B
ENCODING 8251
SWIDTH 1000 0
DWIDTH 18 0
BBX 12 13 3 0
BITMAP
8610
4620
2040
1080
0900
C630
C630
8910
1080
2040
4620
8610
8610
ENDCHAR
STARTCHAR exclamdbl
ENCODING 8252
SWIDTH 500 0
DWIDTH 9 0
BBX 8 12 1 0
BITMAP
33
33
22
22
66
66
66
44
00
00
CC
CC
ENDCHAR
STARTCHAR uni203E
ENCODING 8254
SWIDTH 333 0
DWIDTH 6 0
BBX 6 1 0 13
BITMAP
FC
ENDCHAR
STARTCHAR uni2042
ENCODING 8258
SWIDTH 1000 0
DWIDTH 18 0
BBX 14 14 2 0
BITMAP
0300
0A40
0680
0300
0EC0
0A40
0300
3030
1020
94A4
7878
7878
94A4
3030
ENDCHAR
STARTCHAR fraction
ENCODING 8260
SWIDTH 167 0
DWIDTH 3 0
BBX 12 12 -5 0
BITMAP
0030
0060
00C0
0080
0100
0200
0400
0800
1000
3000
6000
C000
ENDCHAR
STARTCHAR uni2047
ENCODING 8263
SWIDTH 889 0
DWIDTH 16 0
BBX 14 14 1 0
BITMAP
3830
FCFC
8484
0604
0404
0C0C
1818
1010
3030
3030
0000
0000
3030
3030
ENDCHAR
STARTCHAR uni2048
ENCODING 8264
SWIDTH 778 0
DWIDTH 14 0
BBX 11 14 1 0
BITMAP
3800
FC60
8460
0640
0440
0C40
1840
1040
3040
3040
0000
0000
3060
3060
ENDCHAR
STARTCHAR uni2049
ENCODING 8265
SWIDTH 778 0
DWIDTH 14 0
BBX 11 14 2 0
BITMAP
0380
CFC0
C860
C060
C060
C0C0
C180
C100
C300
8300
0000
0000
C300
C300
ENDCHAR
STARTCHAR uni2051
ENCODING 8273
SWIDTH 1000 0
DWIDTH 18 0
BBX 6 15 6 -1
BITMAP
30
A4
78
78
A4
20
30
10
20
A4
68
30
EC
20
30
ENDCHAR
STARTCHAR uni2074
ENCODING 8308
SWIDTH 389 0
DWIDTH 7 0
BBX 6 8 1 8
BITMAP
18
28
38
58
D8
FC
18
18
ENDCHAR
STARTCHAR uni207F
ENCODING 8319
SWIDTH 389 0
DWIDTH 7 0
BBX 7 6 1 4
BITMAP
7E
66
66
66
CC
CC
ENDCHAR
STARTCHAR franc
ENCODING 8355
SWIDTH 556 0
DWIDTH 10 0
BBX 10 12 1 0
BITMAP
1FC0
1800
1800
3000
3000
3F80
3000
3000
FC00
6000
6000
6000
ENDCHAR
STARTCHAR lira
ENCODING 8356
SWIDTH 556 0
DWIDTH 10 0
BBX 10 12 1 0
BITMAP
0F80
18C0
1800
3000
7E00
3000
7E00
3000
3000
6180
4380
FF00
ENDCHAR
STARTCHAR peseta
ENCODING 8359
SWIDTH 1111 0
DWIDTH 20 0
BBX 19 12 1 0
BITMAP
3E0000
330000
318000
61A000
61E000
63F3C0
7E6660
606600
6063C0
C0C0C0
C0CCC0
C07780
ENDCHAR
STARTCHAR uni20A9
ENCODING 8361
SWIDTH 556 0
DWIDTH 10 0
BBX 10 13 0 0
BITMAP
C0C0
CCC0
4C80
4C80
4C80
4C80
FFC0
5280
7280
7380
3300
3300
3300
ENDCHAR
STARTCHAR uni20AB
ENCODING 8363
SWIDTH 556 0
DWIDTH 10 0
BBX 9 13 1 0
BITMAP
0200
1F80
0200
1A00
7E00
4200
C200
C200
4200
6E00
3A00
0000
7F00
ENDCHAR
STARTCHAR Euro
ENCODING 8364
SWIDTH 556 0
DWIDTH 10 0
BBX 11 12 0 0
BITMAP
07C0
0CE0
1860
1800
7F00
3000
7E00
3000
3000
30C0
1980
0F00
ENDCHAR
STARTCHAR uni20DD
ENCODING 8413
SWIDTH 0 0
DWIDTH 0 0
BBX 16 17 -17 -2
BITMAP
0FF0
1008
2004
4002
8001
8001
8001
8001
8001
8001
8001
8001
4002
4002
300C
0C30
03C0
ENDCHAR
STARTCHAR uni20DE
ENCODING 8414
SWIDTH 0 0
DWIDTH 0 0
BBX 16 16 -17 -1
BITMAP
FFFF
8001
8001
8001
8001
8001
8001
8001
8001
8001
8001
8001
8001
8001
8001
FFFF
ENDCHAR
STARTCHAR uni2100
ENCODING 8448
SWIDTH 1000 0
DWIDTH 18 0
BBX 15 13 2 0
BITMAP
7C18
4420
8460
8840
8880
F900
0108
0236
0420
0440
0840
1040
203C
ENDCHAR
STARTCHAR uni2103
ENCODING 8451
SWIDTH 1000 0
DWIDTH 18 0
BBX 16 14 1 0
BITMAP
6000
987E
88E3
8980
F180
0100
0300
0300
0300
0100
0180
0181
00E3
007E
ENDCHAR
STARTCHAR afii61248
ENCODING 8453
SWIDTH 1056 0
DWIDTH 19 0
BBX 16 12 2 0
BITMAP
3806
440C
8018
8030
8040
888E
7111
0221
0C21
1821
3022
601C
ENDCHAR
STARTCHAR uni2109
ENCODING 8457
SWIDTH 1000 0
DWIDTH 18 0
BBX 16 14 1 0
BITMAP
3000
48FF
C4C0
48C0
78C0
00C0
00C0
00FE
00C0
00C0
00C0
00C0
00C0
00C0
ENDCHAR
STARTCHAR uni210A
ENCODING 8458
SWIDTH 1000 0
DWIDTH 18 0
BBX 10 15 4 -5
BITMAP
0EC0
3B80
2180
6180
4180
4180
4100
6700
7D00
3300
C300
8200
C600
FC00
1000
ENDCHAR
STARTCHAR uni210F
ENCODING 8463
SWIDTH 1000 0
DWIDTH 18 0
BBX 9 14 4 0
BITMAP
1800
1100
7E00
3000
3300
3F80
3180
2080
6180
6180
6180
4100
4100
C300
ENDCHAR
STARTCHAR afii61289
ENCODING 8467
SWIDTH 333 0
DWIDTH 6 0
BBX 7 12 0 0
BITMAP
0E
1A
1A
1A
3A
34
38
30
E0
64
68
38
ENDCHAR
STARTCHAR afii61352
ENCODING 8470
SWIDTH 1111 0
DWIDTH 20 0
BBX 19 12 1 0
BITMAP
303000
383000
383000
6C63C0
646220
646420
626420
626440
6363C0
C1C000
C1C000
C1CFC0
ENDCHAR
STARTCHAR uni2121
ENCODING 8481
SWIDTH 1000 0
DWIDTH 18 0
BBX 17 13 0 0
BITMAP
FC0000
100000
100000
11F600
118600
118600
118600
11E600
118600
118600
118600
118600
11F780
ENDCHAR
STARTCHAR trademark
ENCODING 8482
SWIDTH 1000 0
DWIDTH 18 0
BBX 14 7 2 5
BITMAP
F98C
218C
218C
2154
2154
2164
2124
ENDCHAR
STARTCHAR u2126
ENCODING 8486
SWIDTH 778 0
DWIDTH 14 0
BBX 13 12 1 0
BITMAP
1FC0
3060
6030
C018
C018
C018
C018
E038
7070
38E0
1DC0
FDF8
ENDCHAR
STARTCHAR uni2127
ENCODING 8487
SWIDTH 1000 0
DWIDTH 18 0
BBX 12 13 3 0
BITMAP
F9F0
1080
2040
6060
4020
C030
C030
C030
4020
6060
6060
39C0
1F80
ENDCHAR
STARTCHAR uni212B
ENCODING 8491
SWIDTH 1000 0
DWIDTH 18 0
BBX 10 17 4 0
BITMAP
1E00
3200
2300
1200
0C00
1E00
1E00
1200
3300
3300
2100
6180
7F80
4080
C0C0
C0C0
80C0
ENDCHAR
STARTCHAR estimated
ENCODING 8494
SWIDTH 611 0
DWIDTH 11 0
BBX 9 10 2 0
BITMAP
3E00
6300
4100
C180
FF80
C000
C000
4000
6100
3E00
ENDCHAR
STARTCHAR uni2135
ENCODING 8501
SWIDTH 1000 0
DWIDTH 18 0
BBX 12 14 3 0
BITMAP
4100
C0F0
4070
6040
3080
1880
6C80
4680
C380
C180
40C0
6060
6020
E060
ENDCHAR
STARTCHAR uni213B
ENCODING 8507
SWIDTH 1000 0
DWIDTH 18 0
BBX 17 13 1 0
BITMAP
F99180
818900
838900
828A00
82C600
824600
F24600
824600
87CA00
846B00
842900
843900
8C3180
ENDCHAR
STARTCHAR oneeighth
ENCODING 8539
SWIDTH 833 0
DWIDTH 15 0
BBX 14 12 1 0
BITMAP
3818
5830
1860
1840
30B8
316C
326C
FC38
08CC
18CC
30CC
6078
ENDCHAR
STARTCHAR threeeighths
ENCODING 8540
SWIDTH 833 0
DWIDTH 15 0
BBX 15 12 0 0
BITMAP
3C0C
6618
0630
3820
0C5C
0CB6
CD36
7A1C
0466
0C66
1866
303C
ENDCHAR
STARTCHAR fiveeighths
ENCODING 8541
SWIDTH 833 0
DWIDTH 15 0
BBX 14 12 1 0
BITMAP
3C18
2030
2060
5840
6CB8
0D6C
CE6C
7C38
08CC
18CC
30CC
6078
ENDCHAR
STARTCHAR seveneighths
ENCODING 8542
SWIDTH 833 0
DWIDTH 15 0
BBX 14 13 1 -1
BITMAP
3E30
0660
0CC0
0880
1900
1A38
346C
386C
1038
30CC
60CC
C0CC
0078
ENDCHAR
STARTCHAR uni2160
ENCODING 8544
SWIDTH 1000 0
DWIDTH 18 0
BBX 2 13 8 0
BITMAP
C0
C0
C0
C0
C0
C0
C0
C0
C0
C0
C0
C0
C0
ENDCHAR
STARTCHAR uni2161
ENCODING 8545
SWIDTH 1000 0
DWIDTH 18 0
BBX 8 13 5 0
BITMAP
C3
C3
C3
C3
C3
C3
C3
C3
C3
C3
C3
C3
C3
ENDCHAR
STARTCHAR uni2162
ENCODING 8546
SWIDTH 1000 0
DWIDTH 18 0
BBX 12 13 3 0
BITMAP
C630
C630
C630
C630
C630
C630
C630
C630
C630
C630
C630
C630
C630
ENDCHAR
STARTCHAR uni2163
ENCODING 8547
SWIDTH 1000 0
DWIDTH 18 0
BBX 14 13 3 0
BITMAP
D80C
CC08
CC18
C418
C610
C630
C230
C320
C320
C160
C140
C1C0
C1C0
ENDCHAR
STARTCHAR uni2164
ENCODING 8548
SWIDTH 1000 0
DWIDTH 18 0
BBX 10 13 4 0
BITMAP
C0C0
C0C0
4080
6180
6180
2100
3300
3300
1200
1200
1E00
0C00
0C00
ENDCHAR
STARTCHAR uni2165
ENCODING 8549
SWIDTH 1000 0
DWIDTH 18 0
BBX 14 13 1 0
BITMAP
C06C
40CC
60CC
608C
218C
318C
310C
110C
1B0C
1A0C
0A0C
0E0C
0E0C
ENDCHAR
STARTCHAR uni2166
ENCODING 8550
SWIDTH 1000 0
DWIDTH 18 0
BBX 17 13 0 0
BITMAP
C19180
419180
619180
611180
631180
231180
221180
321180
361180
161180
141180
1C1180
0C1180
ENDCHAR
STARTCHAR uni2167
ENCODING 8551
SWIDTH 1000 0
DWIDTH 18 0
BBX 17 13 0 0
BITMAP
C6C980
C6C980
44C980
44C980
44C980
64C980
6CC980
2CC980
28C980
28C980
28C980
38C980
18C980
ENDCHAR
STARTCHAR uni2168
ENCODING 8552
SWIDTH 1000 0
DWIDTH 18 0
BBX 14 13 3 0
BITMAP
CC18
C610
C230
C320
C160
C1C0
C1C0
C140
C360
C230
C630
C418
CC1C
ENDCHAR
STARTCHAR uni2169
ENCODING 8553
SWIDTH 1000 0
DWIDTH 18 0
BBX 10 13 4 0
BITMAP
E1C0
6180
3300
3300
1E00
0C00
0C00
1E00
1200
3300
2100
6180
C0C0
ENDCHAR
STARTCHAR uni216A
ENCODING 8554
SWIDTH 1000 0
DWIDTH 18 0
BBX 14 13 1 0
BITMAP
60CC
318C
310C
1B0C
1A0C
0E0C
0E0C
0E0C
1B0C
330C
318C
608C
E0CC
ENDCHAR
STARTCHAR uni216B
ENCODING 8555
SWIDTH 1000 0
DWIDTH 18 0
BBX 17 13 0 0
BITMAP
C19180
631180
231180
361180
141180
1C1180
0C1180
141180
361180
221180
631180
411180
C19180
ENDCHAR
STARTCHAR uni2170
ENCODING 8560
SWIDTH 1000 0
DWIDTH 18 0
BBX 2 14 8 0
BITMAP
C0
C0
00
00
C0
C0
C0
C0
C0
C0
C0
C0
C0
C0
ENDCHAR
STARTCHAR uni2171
ENCODING 8561
SWIDTH 1000 0
DWIDTH 18 0
BBX 8 14 5 0
BITMAP
42
E7
00
00
42
42
42
42
42
42
42
42
42
42
ENDCHAR
STARTCHAR uni2172
ENCODING 8562
SWIDTH 1000 0
DWIDTH 18 0
BBX 12 14 3 0
BITMAP
C630
C630
0000
0000
C630
C630
C630
C630
C630
C630
C630
C630
C630
C630
ENDCHAR
STARTCHAR uni2173
ENCODING 8563
SWIDTH 1000 0
DWIDTH 18 0
BBX 13 14 3 0
BITMAP
C000
C000
0000
0000
CC18
CC18
C610
C630
C220
C220
C360
C140
C140
C1C0
ENDCHAR
STARTCHAR uni2174
ENCODING 8564
SWIDTH 1000 0
DWIDTH 18 0
BBX 8 10 5 0
BITMAP
81
C3
C3
42
66
66
24
3C
1C
18
ENDCHAR
STARTCHAR uni2175
ENCODING 8565
SWIDTH 1000 0
DWIDTH 18 0
BBX 13 14 2 0
BITMAP
0018
0018
0000
0000
C198
C198
6118
6318
2218
3218
3618
1418
1418
1C18
ENDCHAR
STARTCHAR uni2176
ENCODING 8566
SWIDTH 1000 0
DWIDTH 18 0
BBX 17 14 0 0
BITMAP
003180
003380
000000
000000
C1B100
413100
633100
633100
223100
363100
363100
143100
143100
1C3100
ENDCHAR
STARTCHAR uni2177
ENCODING 8567
SWIDTH 1000 0
DWIDTH 18 0
BBX 17 14 0 0
BITMAP
00C980
00CD80
000000
000000
C6C980
C4C980
44C980
44C980
6CC980
68C980
28C980
28C980
28C980
38C980
ENDCHAR
STARTCHAR uni2178
ENCODING 8568
SWIDTH 1000 0
DWIDTH 18 0
BBX 13 14 3 0
BITMAP
4000
E000
0000
0000
4C10
4630
4360
4140
41C0
41C0
4340
4260
4630
4C18
ENDCHAR
STARTCHAR uni2179
ENCODING 8569
SWIDTH 1000 0
DWIDTH 18 0
BBX 8 10 5 0
BITMAP
C3
62
66
3C
18
18
3C
66
46
C3
ENDCHAR
STARTCHAR uni217A
ENCODING 8570
SWIDTH 1000 0
DWIDTH 18 0
BBX 13 14 2 0
BITMAP
0010
0038
0000
0000
6190
6310
3610
1610
1C10
1C10
3410
2610
6310
C190
ENDCHAR
STARTCHAR uni217B
ENCODING 8571
SWIDTH 1000 0
DWIDTH 18 0
BBX 17 14 0 0
BITMAP
003100
003380
000000
000000
613100
633100
323100
163100
1C3100
1C3100
163100
363100
633100
E1B100
ENDCHAR
STARTCHAR arrowleft
ENCODING 8592
SWIDTH 1000 0
DWIDTH 18 0
BBX 11 5 4 0
BITMAP
2000
4000
FFE0
4000
2000
ENDCHAR
STARTCHAR arrowup
ENCODING 8593
SWIDTH 500 0
DWIDTH 9 0
BBX 5 11 2 -1
BITMAP
20
70
A8
20
20
20
20
20
20
20
20
ENDCHAR
STARTCHAR arrowright
ENCODING 8594
SWIDTH 1000 0
DWIDTH 18 0
BBX 11 5 4 0
BITMAP
0080
0040
FFE0
0040
0080
ENDCHAR
STARTCHAR arrowdown
ENCODING 8595
SWIDTH 500 0
DWIDTH 9 0
BBX 5 11 2 -1
BITMAP
20
20
20
20
20
20
20
20
A8
70
20
ENDCHAR
STARTCHAR arrowboth
ENCODING 8596
SWIDTH 1000 0
DWIDTH 18 0
BBX 11 5 4 0
BITMAP
2080
4040
FFE0
4040
2080
ENDCHAR
STARTCHAR arrowupdn
ENCODING 8597
SWIDTH 500 0
DWIDTH 9 0
BBX 5 11 2 -1
BITMAP
20
70
A8
20
20
20
20
20
A8
70
20
ENDCHAR
STARTCHAR uni2196
ENCODING 8598
SWIDTH 1000 0
DWIDTH 18 0
BBX 12 12 3 1
BITMAP
C000
FE00
E000
F000
5800
CC00
C600
0300
0180
00C0
0060
0030
ENDCHAR
STARTCHAR uni2197
ENCODING 8599
SWIDTH 1000 0
DWIDTH 18 0
BBX 12 12 3 1
BITMAP
0030
07F0
0070
00F0
01B0
0330
0630
0C00
1800
3000
6000
C000
ENDCHAR
STARTCHAR uni2198
ENCODING 8600
SWIDTH 1000 0
DWIDTH 18 0
BBX 12 12 3 1
BITMAP
8000
C000
6000
3000
1800
0C00
0630
0330
01B0
00F0
07F0
03F0
ENDCHAR
STARTCHAR uni2199
ENCODING 8601
SWIDTH 1000 0
DWIDTH 18 0
BBX 12 12 3 1
BITMAP
0010
0030
0060
00C0
0180
0300
C600
4C00
5800
F000
FE00
FC00
ENDCHAR
STARTCHAR arrowupdnbse
ENCODING 8616
SWIDTH 500 0
DWIDTH 9 0
BBX 5 13 2 -3
BITMAP
20
70
A8
20
20
20
20
20
A8
70
20
00
F8
ENDCHAR
STARTCHAR uni21B8
ENCODING 8632
SWIDTH 1000 0
DWIDTH 18 0
BBX 16 14 1 1
BITMAP
FFFF
0000
2000
3F80
1800
1C00
1600
1300
3180
00C0
0060
0030
0018
000C
ENDCHAR
STARTCHAR uni21B9
ENCODING 8633
SWIDTH 1000 0
DWIDTH 18 0
BBX 16 16 1 -1
BITMAP
8400
8800
9000
E000
FFFF
B000
9800
8C00
0021
0011
0009
0007
FFFF
000D
0019
0031
ENDCHAR
STARTCHAR uni21C4
ENCODING 8644
SWIDTH 1000 0
DWIDTH 18 0
BBX 16 16 1 -1
BITMAP
0010
0018
000C
0006
FFFF
0006
0008
0018
0800
1800
3000
4000
FFFF
2000
1000
0800
ENDCHAR
STARTCHAR uni21C5
ENCODING 8645
SWIDTH 1000 0
DWIDTH 18 0
BBX 16 17 1 -2
BITMAP
0818
1818
3C18
7E18
DB18
1818
1818
1818
1818
1818
1818
1899
18DA
183C
1838
1818
0010
ENDCHAR
STARTCHAR uni21C6
ENCODING 8646
SWIDTH 1000 0
DWIDTH 18 0
BBX 16 16 1 -1
BITMAP
0800
1800
3000
6000
FFFF
6000
1000
1800
0010
0018
000C
0002
FFFF
0006
0008
0010
ENDCHAR
STARTCHAR uni21CB
ENCODING 8651
SWIDTH 1000 0
DWIDTH 18 0
BBX 16 15 1 -1
BITMAP
0C00
1800
3000
7FFF
FFFF
0000
0000
0000
0000
0000
FFFF
0004
0008
0010
0030
ENDCHAR
STARTCHAR uni21CC
ENCODING 8652
SWIDTH 1000 0
DWIDTH 18 0
BBX 16 15 1 -1
BITMAP
0030
0018
000C
FFFE
FFFF
0000
0000
0000
0000
0000
FFFF
2000
1000
0800
0C00
ENDCHAR
STARTCHAR uni21D0
ENCODING 8656
SWIDTH 1000 0
DWIDTH 18 0
BBX 17 12 0 1
BITMAP
020000
060000
040000
0FFF80
100000
600000
E00000
300000
1FFF80
0C0000
060000
020000
ENDCHAR
STARTCHAR uni21D2
ENCODING 8658
SWIDTH 1000 0
DWIDTH 18 0
BBX 17 12 1 1
BITMAP
002000
003000
001000
FFF800
000400
000300
000380
000600
FFFC00
001800
003000
002000
ENDCHAR
STARTCHAR uni21D4
ENCODING 8660
SWIDTH 1000 0
DWIDTH 18 0
BBX 18 12 0 1
BITMAP
021000
061800
0C0C00
1FFE00
100200
600180
E001C0
300300
1FFE00
080400
040800
061800
ENDCHAR
STARTCHAR uni21E6
ENCODING 8678
SWIDTH 1000 0
DWIDTH 18 0
BBX 16 12 1 1
BITMAP
0200
0600
0A00
13FF
6001
8001
8001
4001
23FF
1A00
0600
0200
ENDCHAR
STARTCHAR uni21E7
ENCODING 8679
SWIDTH 1000 0
DWIDTH 18 0
BBX 12 16 3 -1
BITMAP
0600
0900
0900
1080
2040
4020
F0F0
1080
1080
1080
1080
1080
1080
1080
1080
1F80
ENDCHAR
STARTCHAR uni21E8
ENCODING 8680
SWIDTH 1000 0
DWIDTH 18 0
BBX 16 12 1 1
BITMAP
0040
0060
0050
FFC8
8006
8001
8001
8002
FFC4
0058
0060
0040
ENDCHAR
STARTCHAR uni21E9
ENCODING 8681
SWIDTH 1000 0
DWIDTH 18 0
BBX 12 17 3 -2
BITMAP
1F80
1080
1080
1080
1080
1080
1080
1080
1080
F0F0
4020
2040
2040
1080
0900
0600
0400
ENDCHAR
STARTCHAR uni21F5
ENCODING 8693
SWIDTH 1000 0
DWIDTH 18 0
BBX 16 17 1 -2
BITMAP
1810
1818
183C
187E
18DB
1818
1818
1818
1818
1818
1818
9918
5B18
3C18
1C18
1818
0800
ENDCHAR
STARTCHAR uni2200
ENCODING 8704
SWIDTH 1000 0
DWIDTH 18 0
BBX 14 14 2 0
BITMAP
8004
C00C
4008
6018
2010
3FF0
1020
1860
0840
0480
0480
0300
0300
0200
ENDCHAR
STARTCHAR partialdiff
ENCODING 8706
SWIDTH 500 0
DWIDTH 9 0
BBX 8 13 1 0
BITMAP
3C
06
03
03
3B
67
63
C3
C6
C6
C6
CC
78
ENDCHAR
STARTCHAR uni2203
ENCODING 8707
SWIDTH 1000 0
DWIDTH 18 0
BBX 10 13 4 0
BITMAP
FFC0
0040
0040
0040
0040
0040
FFC0
0040
0040
0040
0040
0040
FFC0
ENDCHAR
STARTCHAR uni2205
ENCODING 8709
SWIDTH 1000 0
DWIDTH 18 0
BBX 14 14 2 0
BITMAP
0200
1FE8
3038
6038
4068
40C8
C18C
C30C
C60C
4C08
7818
3030
7CE0
0780
ENDCHAR
STARTCHAR u2206
ENCODING 8710
SWIDTH 611 0
DWIDTH 11 0
BBX 11 12 0 0
BITMAP
0E00
1B00
1B00
1B00
3180
3180
3180
60C0
60C0
60C0
C060
FFE0
ENDCHAR
STARTCHAR uni2207
ENCODING 8711
SWIDTH 1000 0
DWIDTH 18 0
BBX 12 13 3 0
BITMAP
FFF0
FFF0
C030
4060
6060
2040
30C0
1080
1980
1980
0900
0F00
0600
ENDCHAR
STARTCHAR uni2208
ENCODING 8712
SWIDTH 1000 0
DWIDTH 18 0
BBX 14 12 2 1
BITMAP
07FC
1FFC
2000
4000
C000
C000
FFFC
C000
4000
6000
3800
0FFC
ENDCHAR
STARTCHAR uni2209
ENCODING 8713
SWIDTH 1000 0
DWIDTH 18 0
BBX 14 15 2 -1
BITMAP
0300
07FC
1FFC
2300
4300
C300
C300
FFFC
C300
4300
6300
3B00
0FFC
0300
0300
ENDCHAR
STARTCHAR uni220A
ENCODING 8714
SWIDTH 1000 0
DWIDTH 18 0
BBX 8 10 5 0
BITMAP
1F
71
40
C0
FE
FE
80
C0
E0
7E
ENDCHAR
STARTCHAR uni220B
ENCODING 8715
SWIDTH 1000 0
DWIDTH 18 0
BBX 14 12 2 1
BITMAP
FF80
FFE0
0010
0008
000C
000C
FFFC
000C
0008
0018
0070
FFC0
ENDCHAR
STARTCHAR product
ENCODING 8719
SWIDTH 833 0
DWIDTH 15 0
BBX 10 16 3 -4
BITMAP
FFC0
C0C0
C0C0
C0C0
C0C0
C0C0
C0C0
C0C0
C0C0
C0C0
C0C0
C0C0
C0C0
C0C0
C0C0
C0C0
ENDCHAR
STARTCHAR summation
ENCODING 8721
SWIDTH 722 0
DWIDTH 13 0
BBX 10 16 2 -4
BITMAP
FFC0
4000
2000
3000
1800
0C00
0600
0300
0300
0600
0C00
1800
3000
2000
4000
FFC0
ENDCHAR
STARTCHAR minus
ENCODING 8722
SWIDTH 611 0
DWIDTH 11 0
BBX 9 1 1 6
BITMAP
FF80
ENDCHAR
STARTCHAR uni2213
ENCODING 8723
SWIDTH 1000 0
DWIDTH 18 0
BBX 14 15 2 -1
BITMAP
FFFC
FFFC
0000
0300
0300
0300
0300
0300
FFFC
FFFC
0300
0300
0300
0300
0300
ENDCHAR
STARTCHAR fraction
ENCODING 8725
SWIDTH 167 0
DWIDTH 3 0
BBX 12 12 -5 0
BITMAP
0030
0060
00C0
0080
0100
0200
0400
0800
1000
3000
6000
C000
ENDCHAR
STARTCHAR periodcentered
ENCODING 8729
SWIDTH 278 0
DWIDTH 5 0
BBX 2 2 1 5
BITMAP
C0
C0
ENDCHAR
STARTCHAR radical
ENCODING 8730
SWIDTH 556 0
DWIDTH 10 0
BBX 11 14 0 0
BITMAP
0020
0060
0040
0040
00C0
0080
E080
3100
1100
1300
0A00
0A00
0E00
0400
ENDCHAR
STARTCHAR uni221D
ENCODING 8733
SWIDTH 1000 0
DWIDTH 18 0
BBX 14 7 1 3
BITMAP
7C3C
C660
8180
8180
83C0
EE74
381C
ENDCHAR
STARTCHAR infinity
ENCODING 8734
SWIDTH 722 0
DWIDTH 13 0
BBX 11 6 1 3
BITMAP
71C0
CA60
8420
8420
CA60
71C0
ENDCHAR
STARTCHAR orthogonal
ENCODING 8735
SWIDTH 1000 0
DWIDTH 18 0
BBX 11 11 4 0
BITMAP
8000
8000
8000
8000
8000
8000
8000
8000
8000
8000
FFE0
ENDCHAR
STARTCHAR uni2220
ENCODING 8736
SWIDTH 1000 0
DWIDTH 18 0
BBX 14 13 2 0
BITMAP
0010
0018
0030
0060
00C0
0100
0200
0400
0800
1000
2000
7FFC
FFFC
ENDCHAR
STARTCHAR uni2223
ENCODING 8739
SWIDTH 1000 0
DWIDTH 18 0
BBX 2 13 8 0
BITMAP
C0
C0
C0
C0
C0
C0
C0
C0
C0
C0
C0
C0
C0
ENDCHAR
STARTCHAR uni2225
ENCODING 8741
SWIDTH 1000 0
DWIDTH 18 0
BBX 10 14 4 0
BITMAP
0600
0400
0C40
08C0
1880
1180
3100
2300
6200
4600
C400
8C00
0800
1800
ENDCHAR
STARTCHAR uni2226
ENCODING 8742
SWIDTH 1000 0
DWIDTH 18 0
BBX 10 14 4 0
BITMAP
0600
0400
0C40
68C0
3880
1180
3900
2F00
6600
4700
C580
8C80
0800
1800
ENDCHAR
STARTCHAR uni2227
ENCODING 8743
SWIDTH 1000 0
DWIDTH 18 0
BBX 14 14 2 0
BITMAP
0200
0300
0300
0780
0480
0CC0
0840
1860
1020
3030
2010
4008
4008
8004
ENDCHAR
STARTCHAR uni2228
ENCODING 8744
SWIDTH 1000 0
DWIDTH 18 0
BBX 14 14 2 0
BITMAP
8004
C00C
4008
6018
2010
3030
1020
1860
0840
0CC0
0480
0300
0300
0200
ENDCHAR
STARTCHAR intersection
ENCODING 8745
SWIDTH 778 0
DWIDTH 14 0
BBX 8 9 2 0
BITMAP
3C
42
81
81
81
81
81
81
81
ENDCHAR
STARTCHAR uni222A
ENCODING 8746
SWIDTH 1000 0
DWIDTH 18 0
BBX 12 13 3 0
BITMAP
8010
8010
8010
8010
8010
8010
8010
8010
C030
4020
6060
30C0
0F00
ENDCHAR
STARTCHAR integral
ENCODING 8747
SWIDTH 278 0
DWIDTH 5 0
BBX 8 17 -1 -4
BITMAP
0F
18
18
18
18
18
18
18
18
18
18
18
18
18
18
18
F0
ENDCHAR
STARTCHAR uni222C
ENCODING 8748
SWIDTH 1000 0
DWIDTH 18 0
BBX 14 17 2 -2
BITMAP
0E1C
1830
1020
1020
1020
1020
1020
1020
1020
1020
1020
1020
1020
1020
3060
E1C0
C180
ENDCHAR
STARTCHAR uni222D
ENCODING 8749
SWIDTH 1000 0
DWIDTH 18 0
BBX 16 17 1 -2
BITMAP
1CE7
1884
318C
318C
318C
318C
318C
318C
318C
318C
318C
318C
318C
318C
2108
E738
8420
ENDCHAR
STARTCHAR uni222E
ENCODING 8750
SWIDTH 1000 0
DWIDTH 18 0
BBX 6 17 6 -2
BITMAP
1C
10
30
30
30
30
FC
B4
B4
B4
78
30
30
30
20
E0
80
ENDCHAR
STARTCHAR uni2234
ENCODING 8756
SWIDTH 1000 0
DWIDTH 18 0
BBX 12 11 3 1
BITMAP
0600
0600
0000
0000
0000
0000
0000
0000
C030
E070
C030
ENDCHAR
STARTCHAR uni2235
ENCODING 8757
SWIDTH 1000 0
DWIDTH 18 0
BBX 12 11 3 1
BITMAP
E030
C070
0000
0000
0000
0000
0000
0000
0600
0600
0600
ENDCHAR
STARTCHAR uni2236
ENCODING 8758
SWIDTH 1000 0
DWIDTH 18 0
BBX 2 11 8 1
BITMAP
C0
C0
00
00
00
00
00
00
C0
C0
C0
ENDCHAR
STARTCHAR uni2237
ENCODING 8759
SWIDTH 1000 0
DWIDTH 18 0
BBX 12 11 3 1
BITMAP
E030
C070
0000
0000
0000
0000
0000
0000
C030
E070
C030
ENDCHAR
STARTCHAR uni223D
ENCODING 8765
SWIDTH 1000 0
DWIDTH 18 0
BBX 16 7 1 3
BITMAP
783E
C063
8081
8181
8301
EE17
381C
ENDCHAR
STARTCHAR uni2243
ENCODING 8771
SWIDTH 1000 0
DWIDTH 18 0
BBX 14 7 2 4
BITMAP
1808
7E0C
C1F8
40E0
0000
0000
FFFC
ENDCHAR
STARTCHAR uni2245
ENCODING 8773
SWIDTH 1000 0
DWIDTH 18 0
BBX 14 9 2 2
BITMAP
1C0C
6718
C1F0
0000
0000
FFFC
0000
FFFC
FFFC
ENDCHAR
STARTCHAR approxequal
ENCODING 8776
SWIDTH 556 0
DWIDTH 10 0
BBX 8 7 1 3
BITMAP
70
99
06
00
70
99
06
ENDCHAR
STARTCHAR uni224C
ENCODING 8780
SWIDTH 1000 0
DWIDTH 18 0
BBX 16 13 1 0
BITMAP
783E
C043
8081
8181
8301
EE17
381C
0000
0000
7FFE
0000
7FFE
7FFE
ENDCHAR
STARTCHAR notequal
ENCODING 8800
SWIDTH 556 0
DWIDTH 10 0
BBX 8 12 1 0
BITMAP
02
04
04
FF
08
08
10
10
FF
20
40
40
ENDCHAR
STARTCHAR equivalence
ENCODING 8801
SWIDTH 611 0
DWIDTH 11 0
BBX 9 8 1 2
BITMAP
FF80
0000
0000
FF80
0000
0000
0000
FF80
ENDCHAR
STARTCHAR uni2262
ENCODING 8802
SWIDTH 1000 0
DWIDTH 18 0
BBX 14 13 2 0
BITMAP
00C0
0080
FFFC
0180
0100
0100
FFFC
0200
0200
FFFC
0400
0C00
0400
ENDCHAR
STARTCHAR lessequal
ENCODING 8804
SWIDTH 556 0
DWIDTH 10 0
BBX 8 11 1 0
BITMAP
01
06
18
60
80
60
18
06
01
00
FF
ENDCHAR
STARTCHAR greaterequal
ENCODING 8805
SWIDTH 556 0
DWIDTH 10 0
BBX 8 11 1 0
BITMAP
80
60
18
06
01
06
18
60
80
00
FF
ENDCHAR
STARTCHAR uni2266
ENCODING 8806
SWIDTH 1000 0
DWIDTH 18 0
BBX 14 16 2 -1
BITMAP
000C
0070
03C0
0E00
7800
F000
0E00
03C0
0070
001C
0000
0000
FFFC
0000
0000
FFFC
ENDCHAR
STARTCHAR uni2267
ENCODING 8807
SWIDTH 1000 0
DWIDTH 18 0
BBX 14 16 2 -1
BITMAP
C000
3800
0F00
01C0
0078
007C
01C0
0F00
3800
E000
0000
0000
FFFC
0000
0000
FFFC
ENDCHAR
STARTCHAR uni226A
ENCODING 8810
SWIDTH 1000 0
DWIDTH 18 0
BBX 16 14 1 0
BITMAP
0041
00E3
018C
0618
0C60
30C0
6300
C700
3180
1860
0630
0318
0186
0063
ENDCHAR
STARTCHAR uni226B
ENCODING 8811
SWIDTH 1000 0
DWIDTH 18 0
BBX 16 14 1 0
BITMAP
8200
C700
3180
1860
0630
030C
00C6
00E3
018C
0618
0C60
18C0
6180
C600
ENDCHAR
STARTCHAR uni226E
ENCODING 8814
SWIDTH 1000 0
DWIDTH 18 0
BBX 14 15 2 -1
BITMAP
0084
009C
01F0
01C0
0700
1D00
7300
E200
3A00
0E00
0380
06E0
0438
040C
0400
ENDCHAR
STARTCHAR uni226F
ENCODING 8815
SWIDTH 1000 0
DWIDTH 18 0
BBX 14 15 2 -1
BITMAP
8080
E080
3880
0F80
0380
01E0
0138
031C
0270
03C0
0700
1E00
7400
C400
0400
ENDCHAR
STARTCHAR uni2272
ENCODING 8818
SWIDTH 1000 0
DWIDTH 18 0
BBX 14 15 2 -1
BITMAP
001C
0070
03C0
0E00
7800
F000
0E00
0380
00F0
001C
0004
0000
3E0C
C398
80F0
ENDCHAR
STARTCHAR uni2273
ENCODING 8819
SWIDTH 1000 0
DWIDTH 18 0
BBX 14 15 2 -1
BITMAP
E000
3800
0F00
01C0
0078
003C
01E0
0700
3C00
E000
8000
0000
3E0C
C398
80F0
ENDCHAR
STARTCHAR uni2276
ENCODING 8822
SWIDTH 1000 0
DWIDTH 18 0
BBX 14 17 2 -2
BITMAP
001C
0070
0380
1E00
F000
3C00
0780
E0E0
383C
0704
01E0
003C
00F0
0780
1C00
E000
8000
ENDCHAR
STARTCHAR uni2277
ENCODING 8823
SWIDTH 1000 0
DWIDTH 18 0
BBX 14 17 2 -2
BITMAP
E000
3800
0F00
01E0
003C
00F0
0780
1C1C
E0F0
8380
1C00
F000
3C00
0700
00E0
003C
0004
ENDCHAR
STARTCHAR uni2282
ENCODING 8834
SWIDTH 1000 0
DWIDTH 18 0
BBX 14 12 2 1
BITMAP
07FC
1FFC
2000
4000
C000
C000
8000
C000
4000
6000
3800
0FFC
ENDCHAR
STARTCHAR uni2283
ENCODING 8835
SWIDTH 1000 0
DWIDTH 18 0
BBX 14 12 2 1
BITMAP
FF80
FFE0
0010
0008
000C
000C
0004
000C
0008
0018
0030
FFC0
ENDCHAR
STARTCHAR uni2284
ENCODING 8836
SWIDTH 1000 0
DWIDTH 18 0
BBX 14 15 2 -1
BITMAP
0010
07FC
1FFC
2020
4040
C040
C080
8180
C100
4300
6200
3E00
0FFC
0C00
0400
ENDCHAR
STARTCHAR uni2285
ENCODING 8837
SWIDTH 1000 0
DWIDTH 18 0
BBX 14 15 2 -1
BITMAP
0040
FF80
FFE0
0110
0308
020C
060C
0404
0C0C
0808
1818
1030
FFC0
6000
2000
ENDCHAR
STARTCHAR uni2286
ENCODING 8838
SWIDTH 1000 0
DWIDTH 18 0
BBX 14 14 2 0
BITMAP
0FFC
3FFC
6000
C000
C000
C000
C000
6000
3800
0FFC
0000
0000
0000
FFFC
ENDCHAR
STARTCHAR uni2287
ENCODING 8839
SWIDTH 1000 0
DWIDTH 18 0
BBX 14 14 2 0
BITMAP
FFC0
FFF0
0018
000C
000C
000C
000C
0018
0070
FFC0
0000
0000
0000
FFFC
ENDCHAR
STARTCHAR uni228A
ENCODING 8842
SWIDTH 1000 0
DWIDTH 18 0
BBX 14 15 2 -1
BITMAP
0FFC
3FFC
6000
C000
C000
C000
C000
6000
3800
0FFC
0000
0180
FFFC
FFFC
0600
ENDCHAR
STARTCHAR uni228B
ENCODING 8843
SWIDTH 1000 0
DWIDTH 18 0
BBX 14 15 2 -1
BITMAP
FFC0
FFF0
0018
000C
000C
000C
000C
0018
0070
FFC0
0000
0180
FFFC
FFFC
0600
ENDCHAR
STARTCHAR uni2295
ENCODING 8853
SWIDTH 1000 0
DWIDTH 18 0
BBX 14 14 2 0
BITMAP
0200
1FE0
3030
6318
4308
4308
C30C
DFEC
C30C
4308
6318
3030
1CE0
0780
ENDCHAR
STARTCHAR uni2296
ENCODING 8854
SWIDTH 1000 0
DWIDTH 18 0
BBX 14 14 2 0
BITMAP
0200
1FE0
3030
6018
4008
4008
C00C
DFEC
C00C
4008
6018
3030
1CE0
0780
ENDCHAR
STARTCHAR uni2297
ENCODING 8855
SWIDTH 1000 0
DWIDTH 18 0
BBX 14 14 2 0
BITMAP
0200
1FE0
3030
6018
4848
4CC8
C78C
C30C
C78C
4CC8
6858
3030
1CE0
0780
ENDCHAR
STARTCHAR uni2298
ENCODING 8856
SWIDTH 1000 0
DWIDTH 18 0
BBX 14 14 2 0
BITMAP
0200
1FE0
3030
6018
4048
40C8
C18C
C30C
C60C
4C08
6818
3030
1CE0
0780
ENDCHAR
STARTCHAR uni2299
ENCODING 8857
SWIDTH 1000 0
DWIDTH 18 0
BBX 14 14 2 0
BITMAP
0200
1FE0
3030
6018
4008
4008
C30C
C30C
C00C
4008
6018
3030
1CE0
0780
ENDCHAR
STARTCHAR uni22A0
ENCODING 8864
SWIDTH 1000 0
DWIDTH 18 0
BBX 14 14 2 0
BITMAP
FFFC
8004
8004
9024
9864
8CC4
8784
8304
8784
8CC4
9864
8004
8004
FFFC
ENDCHAR
STARTCHAR uni22A5
ENCODING 8869
SWIDTH 1000 0
DWIDTH 18 0
BBX 14 12 2 1
BITMAP
0300
0300
0300
0300
0300
0300
0300
0300
0300
0300
0300
FFFC
ENDCHAR
STARTCHAR uni22BF
ENCODING 8895
SWIDTH 1000 0
DWIDTH 18 0
BBX 14 14 2 0
BITMAP
0004
000C
001C
003C
006C
00CC
018C
030C
060C
0C0C
180C
300C
600C
FFFC
ENDCHAR
STARTCHAR uni22DA
ENCODING 8922
SWIDTH 1000 0
DWIDTH 18 0
BBX 14 17 2 -2
BITMAP
001C
01F0
1F00
F000
1F00
01F0
001C
0000
FFFC
8000
7800
0F80
00FC
01E0
1F00
F000
8000
ENDCHAR
STARTCHAR uni22DB
ENCODING 8923
SWIDTH 1000 0
DWIDTH 18 0
BBX 14 17 2 -2
BITMAP
E000
3E00
03E0
003C
03E0
3E00
E000
0000
FFFC
0004
0078
07C0
FC00
1E00
03E0
003C
0004
ENDCHAR
STARTCHAR uni22EF
ENCODING 8943
SWIDTH 1000 0
DWIDTH 18 0
BBX 14 2 2 6
BITMAP
C30C
C30C
ENDCHAR
STARTCHAR house
ENCODING 8962
SWIDTH 611 0
DWIDTH 11 0
BBX 8 10 1 0
BITMAP
00
18
24
42
81
81
81
81
81
FF
ENDCHAR
STARTCHAR uni2305
ENCODING 8965
SWIDTH 1000 0
DWIDTH 18 0
BBX 12 11 3 1
BITMAP
FFF0
0000
0400
0600
0F00
0900
1080
30C0
2040
4020
C030
ENDCHAR
STARTCHAR uni2306
ENCODING 8966
SWIDTH 1000 0
DWIDTH 18 0
BBX 12 13 3 0
BITMAP
FFF0
0000
0000
FFF0
FFF0
0600
0900
1980
1080
2040
6060
4020
C030
ENDCHAR
STARTCHAR uni2307
ENCODING 8967
SWIDTH 1000 0
DWIDTH 18 0
BBX 6 18 6 -2
BITMAP
C0
40
30
08
0C
08
18
60
40
C0
40
30
08
0C
08
18
60
C0
ENDCHAR
STARTCHAR revlogicalnot
ENCODING 8976
SWIDTH 611 0
DWIDTH 11 0
BBX 9 5 1 1
BITMAP
FF80
8000
8000
8000
8000
ENDCHAR
STARTCHAR uni2312
ENCODING 8978
SWIDTH 1000 0
DWIDTH 18 0
BBX 18 4 0 11
BITMAP
07F800
1C0E00
700380
C000C0
ENDCHAR
STARTCHAR uni2318
ENCODING 8984
SWIDTH 1000 0
DWIDTH 18 0
BBX 16 16 1 -1
BITMAP
700E
8811
8421
8421
8421
7FFE
0420
0420
0420
0420
3FFC
4422
8421
8421
8811
781E
ENDCHAR
STARTCHAR integraltp
ENCODING 8992
SWIDTH 611 0
DWIDTH 11 0
BBX 4 20 5 -5
BITMAP
70
B0
80
80
80
80
80
80
80
80
80
80
80
80
80
80
80
80
80
80
ENDCHAR
STARTCHAR integralbt
ENCODING 8993
SWIDTH 611 0
DWIDTH 11 0
BBX 4 20 2 -5
BITMAP
10
10
10
10
10
10
10
10
10
10
10
10
10
10
10
10
10
10
D0
E0
ENDCHAR
STARTCHAR uni2329
ENCODING 9001
SWIDTH 1000 0
DWIDTH 18 0
BBX 6 17 11 -2
BITMAP
0C
08
18
10
20
60
40
80
80
C0
60
20
30
10
08
0C
08
ENDCHAR
STARTCHAR uni232A
ENCODING 9002
SWIDTH 1000 0
DWIDTH 18 0
BBX 6 17 1 -2
BITMAP
C0
40
60
20
10
18
08
04
04
0C
18
10
30
20
40
C0
40
ENDCHAR
STARTCHAR uni23B0
ENCODING 9136
SWIDTH 1000 0
DWIDTH 18 0
BBX 5 17 7 -2
BITMAP
38
60
60
60
60
60
60
60
60
60
20
20
20
20
20
60
C0
ENDCHAR
STARTCHAR uni23B1
ENCODING 9137
SWIDTH 1000 0
DWIDTH 18 0
BBX 5 18 7 -2
BITMAP
C0
60
20
20
20
20
20
20
60
60
60
60
60
60
60
60
20
18
ENDCHAR
STARTCHAR uni23BE
ENCODING 9150
SWIDTH 1000 0
DWIDTH 18 0
BBX 9 18 9 -2
BITMAP
FF80
8000
8000
8000
8000
8000
8000
8000
8000
8000
8000
8000
8000
8000
8000
8000
8000
8000
ENDCHAR
STARTCHAR uni23BF
ENCODING 9151
SWIDTH 1000 0
DWIDTH 18 0
BBX 9 18 9 -2
BITMAP
8000
8000
8000
8000
8000
8000
8000
8000
8000
8000
8000
8000
8000
8000
8000
8000
8000
FF80
ENDCHAR
STARTCHAR uni23C0
ENCODING 9152
SWIDTH 1000 0
DWIDTH 18 0
BBX 12 18 3 -2
BITMAP
0400
0400
0400
0F00
1480
2440
4420
8410
8410
8410
8410
4420
4420
34C0
0F00
0400
0400
0400
ENDCHAR
STARTCHAR uni23C1
ENCODING 9153
SWIDTH 1000 0
DWIDTH 18 0
BBX 18 18 0 -2
BITMAP
FFFFC0
008000
008000
01E000
029000
048800
088400
108200
108200
108200
108200
088400
088400
069800
01E000
008000
008000
008000
ENDCHAR
STARTCHAR uni23C2
ENCODING 9154
SWIDTH 1000 0
DWIDTH 18 0
BBX 18 18 0 -2
BITMAP
008000
008000
008000
01E000
029000
048800
088400
108200
108200
108200
108200
088400
088400
069800
01E000
008000
008000
FFFFC0
ENDCHAR
STARTCHAR uni23C3
ENCODING 9155
SWIDTH 1000 0
DWIDTH 18 0
BBX 14 18 2 -2
BITMAP
0200
0200
0200
0200
0300
0700
0680
0A40
0A40
1220
1220
2210
4208
4208
FFFC
0200
0200
0200
ENDCHAR
STARTCHAR uni23C4
ENCODING 9156
SWIDTH 1000 0
DWIDTH 18 0
BBX 18 18 0 -2
BITMAP
FFFFC0
008000
008000
008000
00C000
01C000
01A000
029000
029000
048800
048800
088400
108200
108200
3FFF00
008000
008000
008000
ENDCHAR
STARTCHAR uni23C5
ENCODING 9157
SWIDTH 1000 0
DWIDTH 18 0
BBX 18 18 0 -2
BITMAP
008000
008000
008000
008000
00C000
01C000
01A000
029000
029000
048800
048800
088400
108200
108200
3FFF00
008000
008000
FFFFC0
ENDCHAR
STARTCHAR uni23C6
ENCODING 9158
SWIDTH 1000 0
DWIDTH 18 0
BBX 12 18 3 -2
BITMAP
0400
0400
0400
0400
0400
0400
0400
3C10
4410
8210
85E0
0400
0400
0400
0400
0400
0400
0400
ENDCHAR
STARTCHAR uni23C7
ENCODING 9159
SWIDTH 1000 0
DWIDTH 18 0
BBX 18 18 0 -2
BITMAP
FFFFC0
008000
008000
008000
008000
008000
008000
078200
088200
104200
10BC00
008000
008000
008000
008000
008000
008000
008000
ENDCHAR
STARTCHAR uni23C8
ENCODING 9160
SWIDTH 1000 0
DWIDTH 18 0
BBX 18 18 0 -2
BITMAP
008000
008000
008000
008000
008000
008000
008000
078200
088200
104200
10BC00
008000
008000
008000
008000
008000
008000
FFFFC0
ENDCHAR
STARTCHAR uni23C9
ENCODING 9161
SWIDTH 1000 0
DWIDTH 18 0
BBX 18 18 0 -2
BITMAP
FFFFC0
008000
008000
008000
008000
008000
008000
008000
008000
008000
008000
008000
008000
008000
008000
008000
008000
008000
ENDCHAR
STARTCHAR uni23CA
ENCODING 9162
SWIDTH 1000 0
DWIDTH 18 0
BBX 18 18 0 -2
BITMAP
008000
008000
008000
008000
008000
008000
008000
008000
008000
008000
008000
008000
008000
008000
008000
008000
008000
FFFFC0
ENDCHAR
STARTCHAR uni23CB
ENCODING 9163
SWIDTH 1000 0
DWIDTH 18 0
BBX 9 18 0 -2
BITMAP
FF80
0080
0080
0080
0080
0080
0080
0080
0080
0080
0080
0080
0080
0080
0080
0080
0080
0080
ENDCHAR
STARTCHAR uni23CC
ENCODING 9164
SWIDTH 1000 0
DWIDTH 18 0
BBX 9 18 0 -2
BITMAP
0080
0080
0080
0080
0080
0080
0080
0080
0080
0080
0080
0080
0080
0080
0080
0080
0080
FF80
ENDCHAR
STARTCHAR uni23CE
ENCODING 9166
SWIDTH 1000 0
DWIDTH 18 0
BBX 17 17 0 -2
BITMAP
001F80
001080
001080
001080
011080
021080
051080
091080
11E080
200100
C00100
200200
11FC00
090000
050000
020000
010000
ENDCHAR
STARTCHAR uni23DA
ENCODING 9178
SWIDTH 1000 0
DWIDTH 18 0
BBX 12 14 3 0
BITMAP
0600
0600
0600
0600
0600
0600
0600
0600
FFF0
0000
0000
3FC0
0000
0F00
ENDCHAR
STARTCHAR uni23DB
ENCODING 9179
SWIDTH 1000 0
DWIDTH 18 0
BBX 16 6 1 4
BITMAP
3FFC
300C
300C
FFFF
300C
3FFC
ENDCHAR
STARTCHAR uni2423
ENCODING 9251
SWIDTH 1000 0
DWIDTH 18 0
BBX 14 4 2 -2
BITMAP
8004
8004
8004
FFFC
ENDCHAR
STARTCHAR uni2460
ENCODING 9312
SWIDTH 1000 0
DWIDTH 18 0
BBX 16 17 1 -2
BITMAP
0FF0
1008
2004
4082
8381
8081
8081
8081
8081
8081
8081
8081
4082
4002
300C
0C30
03C0
ENDCHAR
STARTCHAR uni2461
ENCODING 9313
SWIDTH 1000 0
DWIDTH 18 0
BBX 16 17 1 -2
BITMAP
0FF0
1008
2004
43C2
8661
8021
8021
8061
80C1
8181
8301
87F1
47F2
4002
300C
0C30
03C0
ENDCHAR
STARTCHAR uni2462
ENCODING 9314
SWIDTH 1000 0
DWIDTH 18 0
BBX 16 17 1 -2
BITMAP
0FF0
1008
2004
43C2
8661
8021
8061
81C1
80E1
8021
8021
8E61
43C2
4002
300C
0C30
03C0
ENDCHAR
STARTCHAR uni2463
ENCODING 9315
SWIDTH 1000 0
DWIDTH 18 0
BBX 16 17 1 -2
BITMAP
0FF0
1008
2004
40C2
81C1
8141
8241
86C1
8CC1
8FE1
80C1
80C1
40C2
4002
300C
0C30
03C0
ENDCHAR
STARTCHAR uni2464
ENCODING 9316
SWIDTH 1000 0
DWIDTH 18 0
BBX 16 17 1 -2
BITMAP
0FF0
1008
2004
43E2
83E1
8201
8201
87E1
8021
8021
8021
8661
43C2
4002
300C
0C30
03C0
ENDCHAR
STARTCHAR uni2465
ENCODING 9317
SWIDTH 1000 0
DWIDTH 18 0
BBX 16 17 1 -2
BITMAP
0FF0
1008
2004
41C2
8761
8401
8401
8FC1
8E61
8C21
8421
8661
43C2
4002
300C
0C30
03C0
ENDCHAR
STARTCHAR uni2466
ENCODING 9318
SWIDTH 1000 0
DWIDTH 18 0
BBX 16 17 1 -2
BITMAP
0FF0
1008
2004
47E2
87E1
8041
80C1
8081
8181
8181
8101
8101
4102
4002
300C
0C30
03C0
ENDCHAR
STARTCHAR uni2467
ENCODING 9319
SWIDTH 1000 0
DWIDTH 18 0
BBX 16 17 1 -2
BITMAP
0FF0
1008
2004
43C2
8661
8421
8621
83C1
82C1
8421
8421
8661
43C2
4002
300C
0C30
03C0
ENDCHAR
STARTCHAR uni2468
ENCODING 9320
SWIDTH 1000 0
DWIDTH 18 0
BBX 16 17 1 -2
BITMAP
0FF0
1008
2004
43C2
8661
8421
8431
8631
83F1
8021
8021
8661
4382
4002
300C
0C30
03C0
ENDCHAR
STARTCHAR uni2469
ENCODING 9321
SWIDTH 1000 0
DWIDTH 18 0
BBX 16 17 1 -2
BITMAP
0FF0
1008
2004
4C62
9CD1
8C99
8D89
8D89
8D89
8D89
8C99
8CD1
4C72
4002
300C
0C30
03C0
ENDCHAR
STARTCHAR uni246A
ENCODING 9322
SWIDTH 1000 0
DWIDTH 18 0
BBX 16 17 1 -2
BITMAP
0FF0
1008
2004
4422
8CE1
8421
8421
8421
8421
8421
8421
8421
4422
4002
300C
0C30
03C0
ENDCHAR
STARTCHAR uni246B
ENCODING 9323
SWIDTH 1000 0
DWIDTH 18 0
BBX 16 17 1 -2
BITMAP
0FF0
1008
2004
4C62
9DB1
8C19
8C11
8C11
8C31
8C61
8C41
8CB9
4CFA
4002
300C
0C30
03C0
ENDCHAR
STARTCHAR uni246C
ENCODING 9324
SWIDTH 1000 0
DWIDTH 18 0
BBX 16 17 1 -2
BITMAP
0FF0
1008
2004
4C62
9C91
8C19
8C11
8C71
8C31
8C19
8C19
8D99
4CF2
4002
300C
0C30
03C0
ENDCHAR
STARTCHAR uni246D
ENCODING 9325
SWIDTH 1000 0
DWIDTH 18 0
BBX 16 17 1 -2
BITMAP
0FF0
1008
2004
4C32
9C31
8C51
8C51
8C91
8C91
8DF9
8C11
8C11
4C12
4002
300C
0C30
03C0
ENDCHAR
STARTCHAR uni246E
ENCODING 9326
SWIDTH 1000 0
DWIDTH 18 0
BBX 16 17 1 -2
BITMAP
0FF0
1008
2004
4CFA
9CF9
8C81
8C81
8CF1
8C19
8C09
8C19
8D99
4CF2
4002
300C
0C30
03C0
ENDCHAR
STARTCHAR uni246F
ENCODING 9327
SWIDTH 1000 0
DWIDTH 18 0
BBX 16 17 1 -2
BITMAP
0FF0
1008
2004
4C72
9CD9
8C81
8C81
8DF1
8D99
8D89
8C89
8CD9
4C72
4002
300C
0C30
03C0
ENDCHAR
STARTCHAR uni2470
ENCODING 9328
SWIDTH 1000 0
DWIDTH 18 0
BBX 16 17 1 -2
BITMAP
0FF0
1008
2004
4CFA
9CF9
8C11
8C31
8C21
8C21
8C61
8C61
8C61
4C62
4002
300C
0C30
03C0
ENDCHAR
STARTCHAR uni2471
ENCODING 9329
SWIDTH 1000 0
DWIDTH 18 0
BBX 16 17 1 -2
BITMAP
0FF0
1008
2004
4C72
9CD9
8C89
8C89
8C71
8CF1
8C89
8C89
8C89
4C72
4002
300C
0C30
03C0
ENDCHAR
STARTCHAR uni2472
ENCODING 9330
SWIDTH 1000 0
DWIDTH 18 0
BBX 16 17 1 -2
BITMAP
0FF0
1008
2004
4C62
9CD1
8C89
8C89
8C99
8CE9
8C09
8C19
8C91
4CE2
4002
300C
0C30
03C0
ENDCHAR
STARTCHAR uni2473
ENCODING 9331
SWIDTH 1000 0
DWIDTH 18 0
BBX 16 17 1 -2
BITMAP
0FF0
1008
2004
4C32
9269
834D
83CD
82C5
86C5
84C5
884D
9F69
5F32
4002
300C
0C30
03C0
ENDCHAR
STARTCHAR uni2474
ENCODING 9332
SWIDTH 1000 0
DWIDTH 18 0
BBX 16 16 1 -1
BITMAP
6006
4002
4182
8781
8081
8081
8081
8081
8081
8081
8081
8081
8081
87F1
47F2
6006
ENDCHAR
STARTCHAR uni2475
ENCODING 9333
SWIDTH 1000 0
DWIDTH 18 0
BBX 16 16 1 -1
BITMAP
6006
4002
47C2
8C61
8431
8031
8031
8021
8061
80C1
8181
8301
8301
87F1
4FF2
6006
ENDCHAR
STARTCHAR uni2476
ENCODING 9334
SWIDTH 1000 0
DWIDTH 18 0
BBX 16 16 1 -1
BITMAP
6006
4002
47E2
8C61
8031
8031
8061
83C1
83C1
8031
8031
8031
8831
8E61
47C2
6006
ENDCHAR
STARTCHAR uni2477
ENCODING 9335
SWIDTH 1000 0
DWIDTH 18 0
BBX 16 16 1 -1
BITMAP
6006
4002
40E2
80E1
81E1
8361
8261
8661
8C61
8861
9FF1
8061
8061
8061
4062
6006
ENDCHAR
STARTCHAR uni2478
ENCODING 9336
SWIDTH 1000 0
DWIDTH 18 0
BBX 16 16 1 -1
BITMAP
6006
4002
47E2
8601
8401
8401
8401
87E1
8471
8031
8031
8031
8831
8C61
47C2
6006
ENDCHAR
STARTCHAR uni2479
ENCODING 9337
SWIDTH 1000 0
DWIDTH 18 0
BBX 16 16 1 -1
BITMAP
6006
4002
43E2
8631
8401
8C01
8C01
8DE1
8E31
8C31
8C11
8C11
8431
8661
43C2
6006
ENDCHAR
STARTCHAR uni247A
ENCODING 9338
SWIDTH 1000 0
DWIDTH 18 0
BBX 16 16 1 -1
BITMAP
6006
4002
4FF2
8021
8061
8041
80C1
8081
8181
8181
8181
8101
8101
8101
4302
6006
ENDCHAR
STARTCHAR uni247B
ENCODING 9339
SWIDTH 1000 0
DWIDTH 18 0
BBX 16 16 1 -1
BITMAP
6006
4002
43E2
8621
8C31
8C31
8621
8361
83C1
8461
8C31
8811
8C31
8671
43C2
6006
ENDCHAR
STARTCHAR uni247C
ENCODING 9340
SWIDTH 1000 0
DWIDTH 18 0
BBX 16 16 1 -1
BITMAP
6006
4002
47C2
8C61
8C21
8831
8C31
8C31
86F1
83B1
8031
8021
8061
8CC1
4782
6006
ENDCHAR
STARTCHAR uni247D
ENCODING 9341
SWIDTH 1000 0
DWIDTH 18 0
BBX 16 16 1 -1
BITMAP
6006
4002
4C72
BCC9
8C89
8C8D
8D8D
8D8D
8D8D
8D8D
8D8D
8C8D
8C89
8CD9
4C72
6006
ENDCHAR
STARTCHAR uni247E
ENCODING 9342
SWIDTH 1000 0
DWIDTH 18 0
BBX 16 16 1 -1
BITMAP
6006
4002
4432
9C71
8411
8411
8411
8411
8411
8411
8411
8411
8411
8411
4412
6006
ENDCHAR
STARTCHAR uni247F
ENCODING 9343
SWIDTH 1000 0
DWIDTH 18 0
BBX 16 16 1 -1
BITMAP
6006
4002
4CF2
BD99
8C09
8C09
8C09
8C19
8C11
8C31
8C21
8C61
8CC1
8C81
4DFE
6006
ENDCHAR
STARTCHAR uni2480
ENCODING 9344
SWIDTH 1000 0
DWIDTH 18 0
BBX 16 16 1 -1
BITMAP
6006
4002
4CF2
BD89
8C09
8C09
8C09
8C31
8C71
8C09
8C0D
8C0D
8D0D
8D99
4CF2
6006
ENDCHAR
STARTCHAR uni2481
ENCODING 9345
SWIDTH 1000 0
DWIDTH 18 0
BBX 16 16 1 -1
BITMAP
6006
4002
4C12
BC31
8C31
8C51
8C51
8C91
8C91
8D11
8DFD
8C11
8C11
8C11
4C12
6006
ENDCHAR
STARTCHAR uni2482
ENCODING 9346
SWIDTH 1000 0
DWIDTH 18 0
BBX 16 16 1 -1
BITMAP
6006
4002
4CFA
BC81
8C81
8C81
8C81
8CF1
8C99
8C09
8C09
8C09
8C09
8D99
4CF2
6006
ENDCHAR
STARTCHAR uni2483
ENCODING 9347
SWIDTH 1000 0
DWIDTH 18 0
BBX 16 16 1 -1
BITMAP
6006
4002
4C7A
BCC9
8C81
8C81
8D81
8DF1
8DD9
8D89
8D89
8C89
8C89
8CD9
4C72
6006
ENDCHAR
STARTCHAR uni2484
ENCODING 9348
SWIDTH 1000 0
DWIDTH 18 0
BBX 16 16 1 -1
BITMAP
6006
4002
4DFA
BC09
8C11
8C11
8C31
8C21
8C21
8C21
8C61
8C61
8C61
8C41
4C42
6006
ENDCHAR
STARTCHAR uni2485
ENCODING 9349
SWIDTH 1000 0
DWIDTH 18 0
BBX 16 16 1 -1
BITMAP
6006
4002
4C72
BC89
8C89
8C89
8CC9
8C71
8C71
8C99
8D89
8D0D
8D89
8C89
4C72
6006
ENDCHAR
STARTCHAR uni2486
ENCODING 9350
SWIDTH 1000 0
DWIDTH 18 0
BBX 16 16 1 -1
BITMAP
6006
4002
4C72
BC99
8C89
8D89
8D89
8C8D
8CDD
8C69
8C09
8C09
8C09
8C91
4CF2
6006
ENDCHAR
STARTCHAR uni2487
ENCODING 9351
SWIDTH 1000 0
DWIDTH 18 0
BBX 16 16 1 -1
BITMAP
6006
4002
5E3A
B249
824D
8345
82C5
82C5
82C5
86C5
84C5
8845
984D
9069
7F3A
6006
ENDCHAR
STARTCHAR uni2488
ENCODING 9352
SWIDTH 1000 0
DWIDTH 18 0
BBX 12 13 3 0
BITMAP
1800
7800
1800
1800
1800
1800
1800
1800
1800
1800
1800
1830
FE30
ENDCHAR
STARTCHAR uni2489
ENCODING 9353
SWIDTH 1000 0
DWIDTH 18 0
BBX 13 13 2 0
BITMAP
3C00
E600
4300
0300
0300
0300
0600
0400
0C00
1800
3000
6018
FF98
ENDCHAR
STARTCHAR uni248A
ENCODING 9354
SWIDTH 1000 0
DWIDTH 18 0
BBX 13 13 2 0
BITMAP
3E00
6300
4300
0100
0300
0600
1E00
0300
0180
0180
4180
E318
3E18
ENDCHAR
STARTCHAR uni248B
ENCODING 9355
SWIDTH 1000 0
DWIDTH 18 0
BBX 13 13 2 0
BITMAP
0600
0600
0E00
1A00
1200
3200
6200
4200
FF80
0200
0200
0218
0218
ENDCHAR
STARTCHAR uni248C
ENCODING 9356
SWIDTH 1000 0
DWIDTH 18 0
BBX 13 13 2 0
BITMAP
3F00
3F00
2000
6000
6000
7E00
2300
0180
0180
0180
4100
E318
7E18
ENDCHAR
STARTCHAR uni248D
ENCODING 9357
SWIDTH 1000 0
DWIDTH 18 0
BBX 13 13 2 0
BITMAP
1F00
3300
6000
6000
4000
4E00
7300
E100
4180
4180
6100
3318
1E18
ENDCHAR
STARTCHAR uni248E
ENCODING 9358
SWIDTH 1000 0
DWIDTH 18 0
BBX 11 13 3 0
BITMAP
FF00
FF00
0200
0600
0400
0C00
0800
0800
1800
1800
1800
1860
1060
ENDCHAR
STARTCHAR uni248F
ENCODING 9359
SWIDTH 1000 0
DWIDTH 18 0
BBX 14 13 2 0
BITMAP
3E00
6300
6100
6100
6100
3200
3C00
6700
4100
C180
4180
631C
3E18
ENDCHAR
STARTCHAR uni2490
ENCODING 9360
SWIDTH 1000 0
DWIDTH 18 0
BBX 14 13 2 0
BITMAP
3C00
6600
4300
C100
C180
4180
6780
3D80
0100
0100
0300
461C
7C18
ENDCHAR
STARTCHAR uni2491
ENCODING 9361
SWIDTH 1000 0
DWIDTH 18 0
BBX 18 13 0 0
BITMAP
30F000
F19800
310800
310C00
330C00
330400
330400
330400
330C00
310C00
310C00
3199C0
30F1C0
ENDCHAR
STARTCHAR uni2492
ENCODING 9362
SWIDTH 1000 0
DWIDTH 18 0
BBX 16 13 1 0
BITMAP
3040
F1C0
3040
3040
3040
3040
3040
3040
3040
3040
3040
3043
3043
ENDCHAR
STARTCHAR uni2493
ENCODING 9363
SWIDTH 1000 0
DWIDTH 18 0
BBX 17 13 1 0
BITMAP
21E000
E73000
221000
201000
201000
203000
202000
206000
20C000
208000
218000
230380
27FB80
ENDCHAR
STARTCHAR uni2494
ENCODING 9364
SWIDTH 1000 0
DWIDTH 18 0
BBX 17 13 1 0
BITMAP
21E000
E33000
201000
201000
201000
206000
20E000
203000
201800
201800
201800
263380
23E380
ENDCHAR
STARTCHAR uni2495
ENCODING 9365
SWIDTH 1000 0
DWIDTH 18 0
BBX 17 13 1 0
BITMAP
203000
E07000
207000
20B000
21B000
213000
233000
223000
27F800
203000
203000
203380
203380
ENDCHAR
STARTCHAR uni2496
ENCODING 9366
SWIDTH 1000 0
DWIDTH 18 0
BBX 17 13 1 0
BITMAP
21F000
E1F000
230000
230000
230000
23E000
233000
201800
201800
201800
201800
263380
23E380
ENDCHAR
STARTCHAR uni2497
ENCODING 9367
SWIDTH 1000 0
DWIDTH 18 0
BBX 17 13 1 0
BITMAP
20F000
E19800
230000
230000
220000
226000
23B000
231800
221800
221800
231800
211380
20F300
ENDCHAR
STARTCHAR uni2498
ENCODING 9368
SWIDTH 1000 0
DWIDTH 18 0
BBX 16 13 1 0
BITMAP
33F8
F3F8
3010
3030
3020
3020
3060
3060
3040
3040
3040
3047
30C3
ENDCHAR
STARTCHAR uni2499
ENCODING 9369
SWIDTH 1000 0
DWIDTH 18 0
BBX 17 13 1 0
BITMAP
20F000
E11000
231800
230800
211800
219000
20E000
213000
221800
220800
220800
231B80
21F180
ENDCHAR
STARTCHAR uni249A
ENCODING 9370
SWIDTH 1000 0
DWIDTH 18 0
BBX 17 13 1 0
BITMAP
21E000
E13000
231000
221800
220800
231800
233800
21E800
201800
201800
201000
233380
21E380
ENDCHAR
STARTCHAR uni249B
ENCODING 9371
SWIDTH 1000 0
DWIDTH 18 0
BBX 18 13 0 0
BITMAP
3C3800
EC6C00
464400
06C400
06C600
04C600
04C600
0CC600
18C600
30C400
30C400
606DC0
FE3980
ENDCHAR
STARTCHAR uni249C
ENCODING 9372
SWIDTH 1000 0
DWIDTH 18 0
BBX 16 16 1 -1
BITMAP
6006
4002
4002
83C1
87E1
8421
8031
81F1
8731
8C31
8C31
8C71
87B1
8001
4002
6006
ENDCHAR
STARTCHAR uni249D
ENCODING 9373
SWIDTH 1000 0
DWIDTH 18 0
BBX 16 16 1 -1
BITMAP
6C06
4C02
4C02
8C01
8C01
8DE1
8E31
8C11
8C19
8C19
8C19
8C11
8C31
8F61
4DC2
6006
ENDCHAR
STARTCHAR uni249E
ENCODING 9374
SWIDTH 1000 0
DWIDTH 18 0
BBX 16 16 1 -1
BITMAP
6006
4002
4002
81E1
87F1
8601
8C01
8C01
8C01
8C01
8C01
8631
83E1
8001
4002
6006
ENDCHAR
STARTCHAR uni249F
ENCODING 9375
SWIDTH 1000 0
DWIDTH 18 0
BBX 16 16 1 -1
BITMAP
6036
4032
4032
8031
8031
87F1
8E71
8C31
9831
9831
9831
8831
8C31
8EF1
47B2
6006
ENDCHAR
STARTCHAR uni24A0
ENCODING 9376
SWIDTH 1000 0
DWIDTH 18 0
BBX 16 16 1 -1
BITMAP
6006
4002
4002
81C1
8761
8431
8C11
8FF1
8FF1
8C01
8C01
8621
83F1
8001
4002
6006
ENDCHAR
STARTCHAR uni24A1
ENCODING 9377
SWIDTH 1000 0
DWIDTH 18 0
BBX 16 16 1 -1
BITMAP
60E6
41C2
4302
8301
8301
87C1
8301
8301
8301
8301
8301
8301
8301
8301
4302
6006
ENDCHAR
STARTCHAR uni24A2
ENCODING 9378
SWIDTH 1000 0
DWIDTH 18 0
BBX 16 16 1 -1
BITMAP
6006
4002
43F2
8661
8C21
8C21
8461
83C1
8401
8401
87E1
85F1
8C11
8C31
47E2
6186
ENDCHAR
STARTCHAR uni24A3
ENCODING 9379
SWIDTH 1000 0
DWIDTH 18 0
BBX 16 16 1 -1
BITMAP
6C06
4C02
4C02
8C01
8C01
8DE1
8E31
8C31
8C31
8C31
8C31
8C31
8C31
8C31
4C32
6006
ENDCHAR
STARTCHAR uni24A4
ENCODING 9380
SWIDTH 1000 0
DWIDTH 18 0
BBX 16 16 1 -1
BITMAP
6006
4182
4182
8001
8001
8181
8181
8181
8181
8181
8181
8181
8181
8181
4182
6006
ENDCHAR
STARTCHAR uni24A5
ENCODING 9381
SWIDTH 1000 0
DWIDTH 18 0
BBX 16 19 1 -3
BITMAP
0080
61C6
4082
4002
8001
8081
8081
8081
8081
8081
8081
8081
8081
8081
8081
4082
4182
2784
0700
ENDCHAR
STARTCHAR uni24A6
ENCODING 9382
SWIDTH 1000 0
DWIDTH 18 0
BBX 16 16 1 -1
BITMAP
6C06
4C02
4C02
8C01
8C01
8C31
8C61
8CC1
8D81
8D81
8FC1
8E41
8C61
8C31
4C32
6006
ENDCHAR
STARTCHAR uni24A7
ENCODING 9383
SWIDTH 1000 0
DWIDTH 18 0
BBX 16 16 1 -1
BITMAP
6186
4182
4182
8181
8181
8181
8181
8181
8181
8181
8181
8181
8181
8181
40C2
6006
ENDCHAR
STARTCHAR uni24A8
ENCODING 9384
SWIDTH 1000 0
DWIDTH 18 0
BBX 16 16 1 -1
BITMAP
6006
4002
4002
9731
9F79
9989
9189
9189
9189
9189
9189
9189
9189
8001
4002
6006
ENDCHAR
STARTCHAR uni24A9
ENCODING 9385
SWIDTH 1000 0
DWIDTH 18 0
BBX 16 16 1 -1
BITMAP
6006
4002
4002
8DE1
8FE1
8C31
8C31
8C31
8C31
8C31
8C31
8C31
8C31
8001
4002
6006
ENDCHAR
STARTCHAR uni24AA
ENCODING 9386
SWIDTH 1000 0
DWIDTH 18 0
BBX 16 16 1 -1
BITMAP
6006
4002
4002
83C1
87E1
8C31
8C31
8811
8811
8811
8C31
8E71
87E1
8001
4002
6006
ENDCHAR
STARTCHAR uni24AB
ENCODING 9387
SWIDTH 1000 0
DWIDTH 18 0
BBX 16 16 1 -1
BITMAP
6006
4002
4DE2
8E31
8C11
8C19
8C19
8C19
8C11
8C31
8F61
8DC1
8C01
8C01
4C02
6006
ENDCHAR
STARTCHAR uni24AC
ENCODING 9388
SWIDTH 1000 0
DWIDTH 18 0
BBX 16 16 1 -1
BITMAP
6006
4002
47F2
8E71
8C31
9831
9831
9831
9831
8C31
8EF1
87B1
8031
8031
4032
6006
ENDCHAR
STARTCHAR uni24AD
ENCODING 9389
SWIDTH 1000 0
DWIDTH 18 0
BBX 16 16 1 -1
BITMAP
6006
4002
4002
8261
82E1
8301
8301
8201
8201
8201
8201
8201
8201
8001
4002
6006
ENDCHAR
STARTCHAR uni24AE
ENCODING 9390
SWIDTH 1000 0
DWIDTH 18 0
BBX 16 16 1 -1
BITMAP
6006
4002
4002
83C1
8661
8401
8601
8381
81E1
8061
8031
8C21
87E1
8001
4002
6006
ENDCHAR
STARTCHAR uni24AF
ENCODING 9391
SWIDTH 1000 0
DWIDTH 18 0
BBX 16 16 1 -1
BITMAP
6006
4102
4102
8101
87E1
87E1
8301
8301
8301
8301
8301
8101
81A1
81E1
4002
6006
ENDCHAR
STARTCHAR uni24B0
ENCODING 9392
SWIDTH 1000 0
DWIDTH 18 0
BBX 16 16 1 -1
BITMAP
6006
4002
4002
8C31
8C31
8C31
8C31
8C31
8C31
8C31
8C31
8C71
87B1
8001
4002
6006
ENDCHAR
STARTCHAR uni24B1
ENCODING 9393
SWIDTH 1000 0
DWIDTH 18 0
BBX 16 16 1 -1
BITMAP
6006
4002
4002
8811
8C31
8C31
8421
8661
8661
8241
83C1
83C1
8181
8001
4002
6006
ENDCHAR
STARTCHAR uni24B2
ENCODING 9394
SWIDTH 1000 0
DWIDTH 18 0
BBX 16 16 1 -1
BITMAP
6006
4002
4002
B18D
B18D
B18D
93C9
9249
9A59
9A59
8A71
8E71
8C31
8001
4002
6006
ENDCHAR
STARTCHAR uni24B3
ENCODING 9395
SWIDTH 1000 0
DWIDTH 18 0
BBX 16 16 1 -1
BITMAP
6006
4002
4002
8C31
8621
8661
8341
8181
8181
83C1
8661
8461
8C31
8001
4002
6006
ENDCHAR
STARTCHAR uni24B4
ENCODING 9396
SWIDTH 1000 0
DWIDTH 18 0
BBX 16 16 1 -1
BITMAP
6006
4002
4812
8C31
8431
8621
8661
8261
8341
81C1
8181
8181
8181
8301
4F02
6006
ENDCHAR
STARTCHAR uni24B5
ENCODING 9397
SWIDTH 1000 0
DWIDTH 18 0
BBX 16 16 1 -1
BITMAP
6006
4002
4002
87F1
87E1
8061
80C1
8081
8181
8301
8201
8601
8FF1
8001
4002
6006
ENDCHAR
STARTCHAR uni24B6
ENCODING 9398
SWIDTH 1000 0
DWIDTH 18 0
BBX 16 17 1 -2
BITMAP
0FF0
1008
2004
4182
8181
83C1
8241
8241
8661
87E1
8421
8C31
4812
4002
300C
0C30
03C0
ENDCHAR
STARTCHAR uni24B7
ENCODING 9399
SWIDTH 1000 0
DWIDTH 18 0
BBX 16 17 1 -2
BITMAP
0FF0
1008
2004
4782
87E1
8421
8421
87C1
8461
8431
8431
8461
47C2
4002
300C
0C30
03C0
ENDCHAR
STARTCHAR uni24B8
ENCODING 9400
SWIDTH 1000 0
DWIDTH 18 0
BBX 16 17 1 -2
BITMAP
0FF0
1008
2004
41C2
8761
8C01
8C01
8801
8801
8C01
8C01
8661
43C2
4002
300C
0C30
03C0
ENDCHAR
STARTCHAR uni24B9
ENCODING 9401
SWIDTH 1000 0
DWIDTH 18 0
BBX 16 17 1 -2
BITMAP
0FF0
1008
2004
4782
87E1
8431
8411
8411
8411
8411
8431
84E1
4782
4002
300C
0C30
03C0
ENDCHAR
STARTCHAR uni24BA
ENCODING 9402
SWIDTH 1000 0
DWIDTH 18 0
BBX 16 17 1 -2
BITMAP
0FF0
1008
2004
47E2
87E1
8601
8601
87C1
8601
8601
8601
8601
47E2
4002
300C
0C30
03C0
ENDCHAR
STARTCHAR uni24BB
ENCODING 9403
SWIDTH 1000 0
DWIDTH 18 0
BBX 16 17 1 -2
BITMAP
0FF0
1008
2004
47E2
87E1
8601
8601
8601
87C1
8601
8601
8601
4602
4002
300C
0C30
03C0
ENDCHAR
STARTCHAR uni24BC
ENCODING 9404
SWIDTH 1000 0
DWIDTH 18 0
BBX 16 17 1 -2
BITMAP
0FF0
1008
2004
41C2
8771
8C01
8C01
8801
88F1
8C31
8C31
8631
43E2
4002
300C
0C30
03C0
ENDCHAR
STARTCHAR uni24BD
ENCODING 9405
SWIDTH 1000 0
DWIDTH 18 0
BBX 16 17 1 -2
BITMAP
0FF0
1008
2004
4C32
8C31
8C31
8C31
8FF1
8C31
8C31
8C31
8C31
4C32
4002
300C
0C30
03C0
ENDCHAR
STARTCHAR uni24BE
ENCODING 9406
SWIDTH 1000 0
DWIDTH 18 0
BBX 16 17 1 -2
BITMAP
0FF0
1008
2004
4182
8181
8181
8181
8181
8181
8181
8181
8181
4182
4002
300C
0C30
03C0
ENDCHAR
STARTCHAR uni24BF
ENCODING 9407
SWIDTH 1000 0
DWIDTH 18 0
BBX 16 17 1 -2
BITMAP
0FF0
1008
2004
4042
8041
8041
8041
8041
8041
8041
8041
86C1
4382
4002
300C
0C30
03C0
ENDCHAR
STARTCHAR uni24C0
ENCODING 9408
SWIDTH 1000 0
DWIDTH 18 0
BBX 16 17 1 -2
BITMAP
0FF0
1008
2004
4432
8461
84C1
8581
8781
86C1
8441
8461
8421
4432
4002
300C
0C30
03C0
ENDCHAR
STARTCHAR uni24C1
ENCODING 9409
SWIDTH 1000 0
DWIDTH 18 0
BBX 16 17 1 -2
BITMAP
0FF0
1008
2004
4602
8601
8601
8601
8601
8601
8601
8601
87E1
47E2
4002
300C
0C30
03C0
ENDCHAR
STARTCHAR uni24C2
ENCODING 9410
SWIDTH 1000 0
DWIDTH 18 0
BBX 16 17 1 -2
BITMAP
0FF0
1008
2004
4C32
8C31
8C31
8A51
8A51
8A51
8991
8991
8911
4812
4002
300C
0C30
03C0
ENDCHAR
STARTCHAR uni24C3
ENCODING 9411
SWIDTH 1000 0
DWIDTH 18 0
BBX 16 17 1 -2
BITMAP
0FF0
1008
2004
4C32
8E31
8E31
8F31
8D31
8CB1
8CF1
8C71
8C71
4C32
4002
300C
0C30
03C0
ENDCHAR
STARTCHAR uni24C4
ENCODING 9412
SWIDTH 1000 0
DWIDTH 18 0
BBX 16 17 1 -2
BITMAP
0FF0
1008
2004
43C2
8661
8C31
8811
8811
8811
8811
8C31
8661
43C2
4002
300C
0C30
03C0
ENDCHAR
STARTCHAR uni24C5
ENCODING 9413
SWIDTH 1000 0
DWIDTH 18 0
BBX 16 17 1 -2
BITMAP
0FF0
1008
2004
4782
87E1
8431
8431
8431
87E1
8401
8401
8401
4402
4002
300C
0C30
03C0
ENDCHAR
STARTCHAR uni24C6
ENCODING 9414
SWIDTH 1000 0
DWIDTH 18 0
BBX 16 17 1 -2
BITMAP
0FF0
1008
2004
43C2
86E1
8C31
8811
8811
8811
8831
8C61
87C1
4182
40F2
300C
0C30
03C0
ENDCHAR
STARTCHAR uni24C7
ENCODING 9415
SWIDTH 1000 0
DWIDTH 18 0
BBX 16 17 1 -2
BITMAP
0FF0
1008
2004
4782
87E1
8431
8431
8421
87C1
84C1
8461
8421
4432
4002
300C
0C30
03C0
ENDCHAR
STARTCHAR uni24C8
ENCODING 9416
SWIDTH 1000 0
DWIDTH 18 0
BBX 16 17 1 -2
BITMAP
0FF0
1008
2004
43C2
8661
8401
8601
8381
80E1
8021
8021
8E61
43C2
4002
300C
0C30
03C0
ENDCHAR
STARTCHAR uni24C9
ENCODING 9417
SWIDTH 1000 0
DWIDTH 18 0
BBX 16 17 1 -2
BITMAP
0FF0
1008
2004
4FF2
8FF1
8181
8181
8181
8181
8181
8181
8181
4182
4002
300C
0C30
03C0
ENDCHAR
STARTCHAR uni24CA
ENCODING 9418
SWIDTH 1000 0
DWIDTH 18 0
BBX 16 17 1 -2
BITMAP
0FF0
1008
2004
4C32
8C31
8C31
8C31
8C31
8C31
8C31
8C21
8661
43C2
4002
300C
0C30
03C0
ENDCHAR
STARTCHAR uni24CB
ENCODING 9419
SWIDTH 1000 0
DWIDTH 18 0
BBX 16 17 1 -2
BITMAP
0FF0
1008
2004
4C32
8C31
8421
8621
8661
8241
8241
83C1
8181
4182
4002
300C
0C30
03C0
ENDCHAR
STARTCHAR uni24CC
ENCODING 9420
SWIDTH 1000 0
DWIDTH 18 0
BBX 16 17 1 -2
BITMAP
0FF0
1008
2004
718E
9189
9189
91C9
9AD9
9A59
8A51
8A71
8C31
4C32
4002
300C
0C30
03C0
ENDCHAR
STARTCHAR uni24CD
ENCODING 9421
SWIDTH 1000 0
DWIDTH 18 0
BBX 16 17 1 -2
BITMAP
0FF0
1008
2004
4C32
8661
8241
83C1
8181
8181
83C1
8241
8461
4C32
4002
300C
0C30
03C0
ENDCHAR
STARTCHAR uni24CE
ENCODING 9422
SWIDTH 1000 0
DWIDTH 18 0
BBX 16 17 1 -2
BITMAP
0FF0
1008
2004
4C32
8421
8661
8241
83C1
8181
8181
8181
8181
4182
4002
300C
0C30
03C0
ENDCHAR
STARTCHAR uni24CF
ENCODING 9423
SWIDTH 1000 0
DWIDTH 18 0
BBX 16 17 1 -2
BITMAP
0FF0
1008
2004
47E2
87E1
8061
80C1
8081
8101
8301
8601
87E1
4FE2
4002
300C
0C30
03C0
ENDCHAR
STARTCHAR uni24D0
ENCODING 9424
SWIDTH 1000 0
DWIDTH 18 0
BBX 16 17 1 -2
BITMAP
0FF0
1008
2004
4002
8001
83C1
8241
80E1
8361
8661
86E1
8321
4002
4002
300C
0C30
03C0
ENDCHAR
STARTCHAR uni24D1
ENCODING 9425
SWIDTH 1000 0
DWIDTH 18 0
BBX 16 17 1 -2
BITMAP
0FF0
1008
2004
4202
8201
8201
83E1
8221
8221
8221
8221
83E1
4002
4002
300C
0C30
03C0
ENDCHAR
STARTCHAR uni24D2
ENCODING 9426
SWIDTH 1000 0
DWIDTH 18 0
BBX 16 17 1 -2
BITMAP
0FF0
1008
2004
4002
8001
83C1
8201
8601
8601
8601
8341
8181
4002
4002
300C
0C30
03C0
ENDCHAR
STARTCHAR uni24D3
ENCODING 9427
SWIDTH 1000 0
DWIDTH 18 0
BBX 16 17 1 -2
BITMAP
0FF0
1008
2004
4062
8061
8061
83E1
8661
8461
8461
8461
83E1
4002
4002
300C
0C30
03C0
ENDCHAR
STARTCHAR uni24D4
ENCODING 9428
SWIDTH 1000 0
DWIDTH 18 0
BBX 16 17 1 -2
BITMAP
0FF0
1008
2004
4002
8001
83C1
8261
8421
87E1
8601
8361
8181
4002
4002
300C
0C30
03C0
ENDCHAR
STARTCHAR uni24D5
ENCODING 9429
SWIDTH 1000 0
DWIDTH 18 0
BBX 16 17 1 -2
BITMAP
0FF0
1008
2004
41C2
8101
8101
83C1
8101
8101
8101
8101
8101
4002
4002
300C
0C30
03C0
ENDCHAR
STARTCHAR uni24D6
ENCODING 9430
SWIDTH 1000 0
DWIDTH 18 0
BBX 16 17 1 -2
BITMAP
0FF0
1008
2004
4002
83E1
8641
8641
82C1
8301
8201
83E1
8421
47E2
4002
300C
0C30
03C0
ENDCHAR
STARTCHAR uni24D7
ENCODING 9431
SWIDTH 1000 0
DWIDTH 18 0
BBX 16 17 1 -2
BITMAP
0FF0
1008
2004
4602
8601
8601
87C1
8661
8621
8621
8621
8621
4002
4002
300C
0C30
03C0
ENDCHAR
STARTCHAR uni24D8
ENCODING 9432
SWIDTH 1000 0
DWIDTH 18 0
BBX 16 17 1 -2
BITMAP
0FF0
1008
2004
4182
8081
8001
8181
8181
8181
8181
8181
8181
4002
4002
300C
0C30
03C0
ENDCHAR
STARTCHAR uni24D9
ENCODING 9433
SWIDTH 1000 0
DWIDTH 18 0
BBX 16 17 1 -2
BITMAP
0FF0
1008
2084
4182
8001
8081
8081
8081
8081
8081
8081
8081
4082
4382
300C
0C30
03C0
ENDCHAR
STARTCHAR uni24DA
ENCODING 9434
SWIDTH 1000 0
DWIDTH 18 0
BBX 16 17 1 -2
BITMAP
0FF0
1008
2004
4202
8201
8201
8261
82C1
8381
83C1
8241
8261
4002
4002
300C
0C30
03C0
ENDCHAR
STARTCHAR uni24DB
ENCODING 9435
SWIDTH 1000 0
DWIDTH 18 0
BBX 16 17 1 -2
BITMAP
0FF0
1008
2004
4102
8101
8101
8101
8101
8101
8101
8101
8181
4002
4002
300C
0C30
03C0
ENDCHAR
STARTCHAR uni24DC
ENCODING 9436
SWIDTH 1000 0
DWIDTH 18 0
BBX 16 17 1 -2
BITMAP
0FF0
1008
2004
4002
8001
9F71
9999
9999
9999
9999
9999
9999
4002
4002
300C
0C30
03C0
ENDCHAR
STARTCHAR uni24DD
ENCODING 9437
SWIDTH 1000 0
DWIDTH 18 0
BBX 16 17 1 -2
BITMAP
0FF0
1008
2004
4002
8001
85C1
8661
8661
8661
8661
8661
8661
4002
4002
300C
0C30
03C0
ENDCHAR
STARTCHAR uni24DE
ENCODING 9438
SWIDTH 1000 0
DWIDTH 18 0
BBX 16 17 1 -2
BITMAP
0FF0
1008
2004
4002
8001
83C1
8661
8421
8421
8421
8241
8181
4002
4002
300C
0C30
03C0
ENDCHAR
STARTCHAR uni24DF
ENCODING 9439
SWIDTH 1000 0
DWIDTH 18 0
BBX 16 17 1 -2
BITMAP
0FF0
1008
2004
4002
87C1
8621
8621
8621
8621
8761
8681
8601
4602
4002
300C
0C30
03C0
ENDCHAR
STARTCHAR uni24E0
ENCODING 9440
SWIDTH 1000 0
DWIDTH 18 0
BBX 16 17 1 -2
BITMAP
0FF0
1008
2004
4002
83A1
8661
8461
8461
8461
86E1
8161
8061
4062
4002
300C
0C30
03C0
ENDCHAR
STARTCHAR uni24E1
ENCODING 9441
SWIDTH 1000 0
DWIDTH 18 0
BBX 16 17 1 -2
BITMAP
0FF0
1008
2004
4002
8001
82C1
8301
8301
8301
8301
8301
8301
4002
4002
300C
0C30
03C0
ENDCHAR
STARTCHAR uni24E2
ENCODING 9442
SWIDTH 1000 0
DWIDTH 18 0
BBX 16 17 1 -2
BITMAP
0FF0
1008
2004
4002
8001
83C1
8201
8301
81C1
8041
8241
8181
4002
4002
300C
0C30
03C0
ENDCHAR
STARTCHAR uni24E3
ENCODING 9443
SWIDTH 1000 0
DWIDTH 18 0
BBX 16 17 1 -2
BITMAP
0FF0
1008
2004
4102
8101
83C1
8101
8101
8101
8101
8101
81C1
4002
4002
300C
0C30
03C0
ENDCHAR
STARTCHAR uni24E4
ENCODING 9444
SWIDTH 1000 0
DWIDTH 18 0
BBX 16 17 1 -2
BITMAP
0FF0
1008
2004
4002
8001
8661
8661
8661
8661
8661
82E1
8321
4002
4002
300C
0C30
03C0
ENDCHAR
STARTCHAR uni24E5
ENCODING 9445
SWIDTH 1000 0
DWIDTH 18 0
BBX 16 17 1 -2
BITMAP
0FF0
1008
2004
4002
8001
8421
8661
8241
8241
8181
8181
8181
4002
4002
300C
0C30
03C0
ENDCHAR
STARTCHAR uni24E6
ENCODING 9446
SWIDTH 1000 0
DWIDTH 18 0
BBX 16 17 1 -2
BITMAP
0FF0
1008
2004
4002
8001
9999
8991
8991
8D51
8661
8661
8661
4002
4002
300C
0C30
03C0
ENDCHAR
STARTCHAR uni24E7
ENCODING 9447
SWIDTH 1000 0
DWIDTH 18 0
BBX 16 17 1 -2
BITMAP
0FF0
1008
2004
4002
8001
8661
8341
8181
8181
83C1
8241
8421
4002
4002
300C
0C30
03C0
ENDCHAR
STARTCHAR uni24E8
ENCODING 9448
SWIDTH 1000 0
DWIDTH 18 0
BBX 16 17 1 -2
BITMAP
0FF0
1008
2004
4002
8621
8221
8241
8141
8141
8181
8081
8181
4302
4402
300C
0C30
03C0
ENDCHAR
STARTCHAR uni24E9
ENCODING 9449
SWIDTH 1000 0
DWIDTH 18 0
BBX 16 17 1 -2
BITMAP
0FF0
1008
2004
4002
8001
83C1
8041
8081
8181
8301
83E1
83E1
4002
4002
300C
0C30
03C0
ENDCHAR
STARTCHAR uni24EA
ENCODING 9450
SWIDTH 1000 0
DWIDTH 18 0
BBX 16 17 1 -2
BITMAP
0FF0
1008
2004
4182
8661
8421
8421
8C31
8C31
8421
8421
8661
43C2
4002
300C
0C30
03C0
ENDCHAR
STARTCHAR uni24EB
ENCODING 9451
SWIDTH 1000 0
DWIDTH 18 0
BBX 16 17 1 -2
BITMAP
07E0
1FF8
3FFC
7BDE
F31F
FBDF
FBDF
FBDF
FBDF
FBDF
FBDF
FBDF
7BDE
3FFC
1FF8
0FF0
0180
ENDCHAR
STARTCHAR uni24EC
ENCODING 9452
SWIDTH 1000 0
DWIDTH 18 0
BBX 16 17 1 -2
BITMAP
07E0
1FF8
3FFC
739E
E24F
F3E7
F3E7
F3EF
F3CF
F39F
F3BF
F347
7206
3FFC
1FF8
0FF0
0180
ENDCHAR
STARTCHAR uni24ED
ENCODING 9453
SWIDTH 1000 0
DWIDTH 18 0
BBX 16 17 1 -2
BITMAP
07E0
1FF8
3FFC
739E
E36F
F3E7
F3EF
F39F
F3CF
F3E7
F3F7
F267
730E
3FFC
1FF8
0FF0
0180
ENDCHAR
STARTCHAR uni24EE
ENCODING 9454
SWIDTH 1000 0
DWIDTH 18 0
BBX 16 17 1 -2
BITMAP
07E0
1FF8
3FFC
73CE
E3CF
F3AF
F3AF
F36F
F36F
F287
F3EF
F3EF
73EE
3FFC
1FF8
0FF0
0180
ENDCHAR
STARTCHAR uni24EF
ENCODING 9455
SWIDTH 1000 0
DWIDTH 18 0
BBX 16 17 1 -2
BITMAP
07E0
1FF8
3FFC
7306
E307
F37F
F37F
F30F
F3E7
F3F7
F3E7
F267
730E
3FFC
1FF8
0FF0
0180
ENDCHAR
STARTCHAR uni24F0
ENCODING 9456
SWIDTH 1000 0
DWIDTH 18 0
BBX 16 17 1 -2
BITMAP
07E0
1FF8
3FFC
738E
E327
F37F
F37F
F28F
F267
F277
F377
F327
738E
3FFC
1FF8
0FF0
0180
ENDCHAR
STARTCHAR uni24F1
ENCODING 9457
SWIDTH 1000 0
DWIDTH 18 0
BBX 16 17 1 -2
BITMAP
07E0
1FF8
3FFC
7306
E317
F3EF
F3EF
F3DF
F3DF
F3DF
F39F
F39F
739E
3FFC
1FF8
0FF0
0180
ENDCHAR
STARTCHAR uni24F2
ENCODING 9458
SWIDTH 1000 0
DWIDTH 18 0
BBX 16 17 1 -2
BITMAP
07E0
1FF8
3FFC
738E
E327
F377
F337
F3AF
F327
F377
F377
F337
738E
3FFC
1FF8
0FF0
0180
ENDCHAR
STARTCHAR uni24F3
ENCODING 9459
SWIDTH 1000 0
DWIDTH 18 0
BBX 16 17 1 -2
BITMAP
07E0
1FF8
3FFC
739E
E32F
F377
F377
F367
F317
F3F7
F3E7
F36F
731E
3FFC
1FF8
0FF0
0180
ENDCHAR
STARTCHAR uni24F4
ENCODING 9460
SWIDTH 1000 0
DWIDTH 18 0
BBX 16 17 1 -2
BITMAP
07E0
1FF8
3FFC
73CE
ED97
FCB3
FD33
FD3B
F93B
FB3B
F7B3
E897
60CE
3FFC
1FF8
0FF0
0180
ENDCHAR
STARTCHAR uni24F5
ENCODING 9461
SWIDTH 1000 0
DWIDTH 18 0
BBX 16 17 1 -2
BITMAP
0FF0
17E8
2814
508A
A385
C083
C083
8083
8083
C083
C083
A085
6086
581A
37EC
0C30
03C0
ENDCHAR
STARTCHAR uni24F6
ENCODING 9462
SWIDTH 1000 0
DWIDTH 18 0
BBX 16 17 1 -2
BITMAP
0FF0
17E8
2814
53CA
A665
C023
C023
8063
80C3
C183
C303
A7F5
67F6
581A
37EC
0C30
03C0
ENDCHAR
STARTCHAR uni24F7
ENCODING 9463
SWIDTH 1000 0
DWIDTH 18 0
BBX 16 17 1 -2
BITMAP
0FF0
17E8
2814
53CA
A665
C023
C063
81C3
80E3
C023
C033
A665
63C6
581A
37EC
0C30
03C0
ENDCHAR
STARTCHAR uni24F8
ENCODING 9464
SWIDTH 1000 0
DWIDTH 18 0
BBX 16 17 1 -2
BITMAP
0FF0
17E8
2814
50CA
A1C5
C1C3
C2C3
86C3
8CC3
CFE3
C0C3
A0C5
60C6
581A
37EC
0C30
03C0
ENDCHAR
STARTCHAR uni24F9
ENCODING 9465
SWIDTH 1000 0
DWIDTH 18 0
BBX 16 17 1 -2
BITMAP
0FF0
17E8
2814
53EA
A3E5
C203
C203
87E3
8023
C023
C023
A665
63C6
581A
37EC
0C30
03C0
ENDCHAR
STARTCHAR uni24FA
ENCODING 9466
SWIDTH 1000 0
DWIDTH 18 0
BBX 16 17 1 -2
BITMAP
0FF0
17E8
2814
51CA
A765
C403
CC03
8FC3
8E63
CC23
C423
A665
63C6
581A
37EC
0C30
03C0
ENDCHAR
STARTCHAR uni24FB
ENCODING 9467
SWIDTH 1000 0
DWIDTH 18 0
BBX 16 17 1 -2
BITMAP
0FF0
17E8
2814
57EA
A7E5
C043
C0C3
8083
8183
C183
C103
A105
6106
581A
37EC
0C30
03C0
ENDCHAR
STARTCHAR uni24FC
ENCODING 9468
SWIDTH 1000 0
DWIDTH 18 0
BBX 16 17 1 -2
BITMAP
0FF0
17E8
2814
53CA
A665
C423
C623
83C3
82C3
C423
C423
A665
63C6
581A
37EC
0C30
03C0
ENDCHAR
STARTCHAR uni24FD
ENCODING 9469
SWIDTH 1000 0
DWIDTH 18 0
BBX 16 17 1 -2
BITMAP
0FF0
17E8
2814
51CA
A665
C423
C433
8633
83F3
C033
C023
A665
6386
581A
37EC
0C30
03C0
ENDCHAR
STARTCHAR uni24FE
ENCODING 9470
SWIDTH 1000 0
DWIDTH 18 0
BBX 16 17 1 -2
BITMAP
0FF0
17E8
2814
546A
BCD5
C49B
C58B
858B
858B
C58B
C49B
A4D5
6476
581A
37EC
0C30
03C0
ENDCHAR
STARTCHAR uni24FF
ENCODING 9471
SWIDTH 1000 0
DWIDTH 18 0
BBX 16 17 1 -2
BITMAP
07E0
1FF8
3FFC
7E7E
F99F
FBDF
FBDF
F3CF
F3CF
FBDF
FBDF
F99F
7C3E
3FFC
1FF8
0FF0
0180
ENDCHAR
STARTCHAR SF100000
ENCODING 9472
SWIDTH 722 0
DWIDTH 13 0
BBX 13 1 0 5
BITMAP
FFF8
ENDCHAR
STARTCHAR uni2501
ENCODING 9473
SWIDTH 1000 0
DWIDTH 18 0
BBX 18 2 0 6
BITMAP
FFFFC0
FFFFC0
ENDCHAR
STARTCHAR SF110000
ENCODING 9474
SWIDTH 611 0
DWIDTH 11 0
BBX 1 21 6 -5
BITMAP
80
80
80
80
80
80
80
80
80
80
80
80
80
80
80
80
80
80
80
80
80
ENDCHAR
STARTCHAR uni2503
ENCODING 9475
SWIDTH 1000 0
DWIDTH 18 0
BBX 2 18 8 -2
BITMAP
C0
C0
C0
C0
C0
C0
C0
C0
C0
C0
C0
C0
C0
C0
C0
C0
C0
C0
ENDCHAR
STARTCHAR uni2504
ENCODING 9476
SWIDTH 1000 0
DWIDTH 18 0
BBX 16 1 1 6
BITMAP
F3CF
ENDCHAR
STARTCHAR uni2505
ENCODING 9477
SWIDTH 1000 0
DWIDTH 18 0
BBX 16 2 1 6
BITMAP
F3CF
F3CF
ENDCHAR
STARTCHAR uni2506
ENCODING 9478
SWIDTH 1000 0
DWIDTH 18 0
BBX 1 16 9 -1
BITMAP
80
80
80
80
00
00
80
80
80
80
00
00
80
80
80
80
ENDCHAR
STARTCHAR uni2507
ENCODING 9479
SWIDTH 1000 0
DWIDTH 18 0
BBX 2 16 8 -1
BITMAP
C0
C0
C0
C0
00
00
C0
C0
C0
C0
00
00
C0
C0
C0
C0
ENDCHAR
STARTCHAR uni2508
ENCODING 9480
SWIDTH 1000 0
DWIDTH 18 0
BBX 16 1 1 6
BITMAP
EE77
ENDCHAR
STARTCHAR uni2509
ENCODING 9481
SWIDTH 1000 0
DWIDTH 18 0
BBX 16 2 1 6
BITMAP
EE77
EE77
ENDCHAR
STARTCHAR uni250A
ENCODING 9482
SWIDTH 1000 0
DWIDTH 18 0
BBX 1 17 9 -2
BITMAP
80
80
80
00
80
80
80
80
00
80
80
80
00
80
80
80
80
ENDCHAR
STARTCHAR uni250B
ENCODING 9483
SWIDTH 1000 0
DWIDTH 18 0
BBX 2 17 8 -2
BITMAP
C0
C0
C0
00
C0
C0
C0
C0
00
C0
C0
C0
00
C0
C0
C0
C0
ENDCHAR
STARTCHAR SF010000
ENCODING 9484
SWIDTH 722 0
DWIDTH 13 0
BBX 7 11 6 -5
BITMAP
FE
80
80
80
80
80
80
80
80
80
80
ENDCHAR
STARTCHAR uni250D
ENCODING 9485
SWIDTH 1000 0
DWIDTH 18 0
BBX 9 10 9 -2
BITMAP
FF80
FF80
8000
8000
8000
8000
8000
8000
8000
8000
ENDCHAR
STARTCHAR uni250E
ENCODING 9486
SWIDTH 1000 0
DWIDTH 18 0
BBX 10 9 8 -2
BITMAP
FFC0
C000
C000
C000
C000
C000
C000
C000
C000
ENDCHAR
STARTCHAR uni250F
ENCODING 9487
SWIDTH 1000 0
DWIDTH 18 0
BBX 10 10 8 -2
BITMAP
FFC0
FFC0
C000
C000
C000
C000
C000
C000
C000
C000
ENDCHAR
STARTCHAR SF030000
ENCODING 9488
SWIDTH 722 0
DWIDTH 13 0
BBX 7 11 0 -5
BITMAP
FE
02
02
02
02
02
02
02
02
02
02
ENDCHAR
STARTCHAR uni2511
ENCODING 9489
SWIDTH 1000 0
DWIDTH 18 0
BBX 9 10 0 -2
BITMAP
FF80
FF80
0080
0080
0080
0080
0080
0080
0080
0080
ENDCHAR
STARTCHAR uni2512
ENCODING 9490
SWIDTH 1000 0
DWIDTH 18 0
BBX 10 9 0 -2
BITMAP
FFC0
00C0
00C0
00C0
00C0
00C0
00C0
00C0
00C0
ENDCHAR
STARTCHAR uni2513
ENCODING 9491
SWIDTH 1000 0
DWIDTH 18 0
BBX 10 10 0 -2
BITMAP
FFC0
FFC0
00C0
00C0
00C0
00C0
00C0
00C0
00C0
00C0
ENDCHAR
STARTCHAR SF020000
ENCODING 9492
SWIDTH 722 0
DWIDTH 13 0
BBX 7 11 6 5
BITMAP
80
80
80
80
80
80
80
80
80
80
FE
ENDCHAR
STARTCHAR uni2515
ENCODING 9493
SWIDTH 1000 0
DWIDTH 18 0
BBX 9 10 9 6
BITMAP
8000
8000
8000
8000
8000
8000
8000
8000
FF80
FF80
ENDCHAR
STARTCHAR uni2516
ENCODING 9494
SWIDTH 1000 0
DWIDTH 18 0
BBX 10 10 8 6
BITMAP
C000
C000
C000
C000
C000
C000
C000
C000
C000
FFC0
ENDCHAR
STARTCHAR uni2517
ENCODING 9495
SWIDTH 1000 0
DWIDTH 18 0
BBX 10 10 8 6
BITMAP
C000
C000
C000
C000
C000
C000
C000
C000
FFC0
FFC0
ENDCHAR
STARTCHAR SF040000
ENCODING 9496
SWIDTH 722 0
DWIDTH 13 0
BBX 7 11 0 5
BITMAP
02
02
02
02
02
02
02
02
02
02
FE
ENDCHAR
STARTCHAR uni2519
ENCODING 9497
SWIDTH 1000 0
DWIDTH 18 0
BBX 9 10 0 6
BITMAP
0080
0080
0080
0080
0080
0080
0080
0080
FF80
FF80
ENDCHAR
STARTCHAR uni251A
ENCODING 9498
SWIDTH 1000 0
DWIDTH 18 0
BBX 10 10 0 6
BITMAP
00C0
00C0
00C0
00C0
00C0
00C0
00C0
00C0
00C0
FFC0
ENDCHAR
STARTCHAR uni251B
ENCODING 9499
SWIDTH 1000 0
DWIDTH 18 0
BBX 10 10 0 6
BITMAP
00C0
00C0
00C0
00C0
00C0
00C0
00C0
00C0
FFC0
FFC0
ENDCHAR
STARTCHAR SF080000
ENCODING 9500
SWIDTH 722 0
DWIDTH 13 0
BBX 7 21 6 -5
BITMAP
80
80
80
80
80
80
80
80
80
80
FE
80
80
80
80
80
80
80
80
80
80
ENDCHAR
STARTCHAR uni251D
ENCODING 9501
SWIDTH 1000 0
DWIDTH 18 0
BBX 9 18 9 -2
BITMAP
8000
8000
8000
8000
8000
8000
8000
8000
FF80
FF80
8000
8000
8000
8000
8000
8000
8000
8000
ENDCHAR
STARTCHAR uni251E
ENCODING 9502
SWIDTH 1000 0
DWIDTH 18 0
BBX 10 18 8 -2
BITMAP
C000
C000
C000
C000
C000
C000
C000
C000
C000
FFC0
8000
8000
8000
8000
8000
8000
8000
8000
ENDCHAR
STARTCHAR uni251F
ENCODING 9503
SWIDTH 1000 0
DWIDTH 18 0
BBX 10 18 8 -2
BITMAP
8000
8000
8000
8000
8000
8000
8000
8000
8000
FFC0
C000
C000
C000
C000
C000
C000
C000
C000
ENDCHAR
STARTCHAR uni2520
ENCODING 9504
SWIDTH 1000 0
DWIDTH 18 0
BBX 10 18 8 -2
BITMAP
C000
C000
C000
C000
C000
C000
C000
C000
C000
FFC0
C000
C000
C000
C000
C000
C000
C000
C000
ENDCHAR
STARTCHAR uni2521
ENCODING 9505
SWIDTH 1000 0
DWIDTH 18 0
BBX 10 18 8 -2
BITMAP
C000
C000
C000
C000
C000
C000
C000
C000
FFC0
FFC0
8000
8000
8000
8000
8000
8000
8000
8000
ENDCHAR
STARTCHAR uni2522
ENCODING 9506
SWIDTH 1000 0
DWIDTH 18 0
BBX 10 18 8 -2
BITMAP
8000
8000
8000
8000
8000
8000
8000
8000
FFC0
FFC0
C000
C000
C000
C000
C000
C000
C000
C000
ENDCHAR
STARTCHAR uni2523
ENCODING 9507
SWIDTH 1000 0
DWIDTH 18 0
BBX 10 18 8 -2
BITMAP
C000
C000
C000
C000
C000
C000
C000
C000
FFC0
FFC0
C000
C000
C000
C000
C000
C000
C000
C000
ENDCHAR
STARTCHAR SF090000
ENCODING 9508
SWIDTH 722 0
DWIDTH 13 0
BBX 7 21 0 -5
BITMAP
02
02
02
02
02
02
02
02
02
02
FE
02
02
02
02
02
02
02
02
02
02
ENDCHAR
STARTCHAR uni2525
ENCODING 9509
SWIDTH 1000 0
DWIDTH 18 0
BBX 9 18 0 -2
BITMAP
0080
0080
0080
0080
0080
0080
0080
0080
FF80
FF80
0080
0080
0080
0080
0080
0080
0080
0080
ENDCHAR
STARTCHAR uni2526
ENCODING 9510
SWIDTH 1000 0
DWIDTH 18 0
BBX 10 18 0 -2
BITMAP
00C0
00C0
00C0
00C0
00C0
00C0
00C0
00C0
00C0
FFC0
0080
0080
0080
0080
0080
0080
0080
0080
ENDCHAR
STARTCHAR uni2527
ENCODING 9511
SWIDTH 1000 0
DWIDTH 18 0
BBX 10 18 0 -2
BITMAP
0080
0080
0080
0080
0080
0080
0080
0080
0080
FFC0
00C0
00C0
00C0
00C0
00C0
00C0
00C0
00C0
ENDCHAR
STARTCHAR uni2528
ENCODING 9512
SWIDTH 1000 0
DWIDTH 18 0
BBX 10 18 0 -2
BITMAP
00C0
00C0
00C0
00C0
00C0
00C0
00C0
00C0
00C0
FFC0
00C0
00C0
00C0
00C0
00C0
00C0
00C0
00C0
ENDCHAR
STARTCHAR uni2529
ENCODING 9513
SWIDTH 1000 0
DWIDTH 18 0
BBX 10 18 0 -2
BITMAP
00C0
00C0
00C0
00C0
00C0
00C0
00C0
00C0
FFC0
FFC0
0080
0080
0080
0080
0080
0080
0080
0080
ENDCHAR
STARTCHAR uni252A
ENCODING 9514
SWIDTH 1000 0
DWIDTH 18 0
BBX 10 18 0 -2
BITMAP
0080
0080
0080
0080
0080
0080
0080
0080
FFC0
FFC0
00C0
00C0
00C0
00C0
00C0
00C0
00C0
00C0
ENDCHAR
STARTCHAR uni252B
ENCODING 9515
SWIDTH 1000 0
DWIDTH 18 0
BBX 10 18 0 -2
BITMAP
00C0
00C0
00C0
00C0
00C0
00C0
00C0
00C0
FFC0
FFC0
00C0
00C0
00C0
00C0
00C0
00C0
00C0
00C0
ENDCHAR
STARTCHAR SF060000
ENCODING 9516
SWIDTH 722 0
DWIDTH 13 0
BBX 13 11 0 -5
BITMAP
FFF8
0200
0200
0200
0200
0200
0200
0200
0200
0200
0200
ENDCHAR
STARTCHAR uni252D
ENCODING 9517
SWIDTH 1000 0
DWIDTH 18 0
BBX 18 10 0 -2
BITMAP
FF8000
FFFFC0
008000
008000
008000
008000
008000
008000
008000
008000
ENDCHAR
STARTCHAR uni252E
ENCODING 9518
SWIDTH 1000 0
DWIDTH 18 0
BBX 18 10 0 -2
BITMAP
007FC0
FFFFC0
008000
008000
008000
008000
008000
008000
008000
008000
ENDCHAR
STARTCHAR uni252F
ENCODING 9519
SWIDTH 1000 0
DWIDTH 18 0
BBX 18 10 0 -2
BITMAP
FFFFC0
FFFFC0
008000
008000
008000
008000
008000
008000
008000
008000
ENDCHAR
STARTCHAR uni2530
ENCODING 9520
SWIDTH 1000 0
DWIDTH 18 0
BBX 18 9 0 -2
BITMAP
FFFFC0
00C000
00C000
00C000
00C000
00C000
00C000
00C000
00C000
ENDCHAR
STARTCHAR uni2531
ENCODING 9521
SWIDTH 1000 0
DWIDTH 18 0
BBX 18 10 0 -2
BITMAP
FFC000
FFFFC0
00C000
00C000
00C000
00C000
00C000
00C000
00C000
00C000
ENDCHAR
STARTCHAR uni2532
ENCODING 9522
SWIDTH 1000 0
DWIDTH 18 0
BBX 18 10 0 -2
BITMAP
00FFC0
FFFFC0
00C000
00C000
00C000
00C000
00C000
00C000
00C000
00C000
ENDCHAR
STARTCHAR uni2533
ENCODING 9523
SWIDTH 1000 0
DWIDTH 18 0
BBX 18 10 0 -2
BITMAP
FFFFC0
FFFFC0
00C000
00C000
00C000
00C000
00C000
00C000
00C000
00C000
ENDCHAR
STARTCHAR SF070000
ENCODING 9524
SWIDTH 722 0
DWIDTH 13 0
BBX 13 11 0 5
BITMAP
0200
0200
0200
0200
0200
0200
0200
0200
0200
0200
FFF8
ENDCHAR
STARTCHAR uni2535
ENCODING 9525
SWIDTH 1000 0
DWIDTH 18 0
BBX 18 10 0 6
BITMAP
008000
008000
008000
008000
008000
008000
008000
008000
FF8000
FFFFC0
ENDCHAR
STARTCHAR uni2536
ENCODING 9526
SWIDTH 1000 0
DWIDTH 18 0
BBX 18 10 0 6
BITMAP
008000
008000
008000
008000
008000
008000
008000
008000
007FC0
FFFFC0
ENDCHAR
STARTCHAR uni2537
ENCODING 9527
SWIDTH 1000 0
DWIDTH 18 0
BBX 18 10 0 6
BITMAP
008000
008000
008000
008000
008000
008000
008000
008000
FFFFC0
FFFFC0
ENDCHAR
STARTCHAR uni2538
ENCODING 9528
SWIDTH 1000 0
DWIDTH 18 0
BBX 18 10 0 6
BITMAP
00C000
00C000
00C000
00C000
00C000
00C000
00C000
00C000
00C000
FFFFC0
ENDCHAR
STARTCHAR uni2539
ENCODING 9529
SWIDTH 1000 0
DWIDTH 18 0
BBX 18 10 0 6
BITMAP
00C000
00C000
00C000
00C000
00C000
00C000
00C000
00C000
FFC000
FFFFC0
ENDCHAR
STARTCHAR uni253A
ENCODING 9530
SWIDTH 1000 0
DWIDTH 18 0
BBX 18 10 0 6
BITMAP
00C000
00C000
00C000
00C000
00C000
00C000
00C000
00C000
00FFC0
FFFFC0
ENDCHAR
STARTCHAR uni253B
ENCODING 9531
SWIDTH 1000 0
DWIDTH 18 0
BBX 18 10 0 6
BITMAP
00C000
00C000
00C000
00C000
00C000
00C000
00C000
00C000
FFFFC0
FFFFC0
ENDCHAR
STARTCHAR SF050000
ENCODING 9532
SWIDTH 722 0
DWIDTH 13 0
BBX 13 21 0 -5
BITMAP
0200
0200
0200
0200
0200
0200
0200
0200
0200
0200
FFF8
0200
0200
0200
0200
0200
0200
0200
0200
0200
0200
ENDCHAR
STARTCHAR uni253D
ENCODING 9533
SWIDTH 1000 0
DWIDTH 18 0
BBX 18 18 0 -2
BITMAP
008000
008000
008000
008000
008000
008000
008000
008000
FF8000
FFFFC0
008000
008000
008000
008000
008000
008000
008000
008000
ENDCHAR
STARTCHAR uni253E
ENCODING 9534
SWIDTH 1000 0
DWIDTH 18 0
BBX 18 18 0 -2
BITMAP
008000
008000
008000
008000
008000
008000
008000
008000
007FC0
FFFFC0
008000
008000
008000
008000
008000
008000
008000
008000
ENDCHAR
STARTCHAR uni253F
ENCODING 9535
SWIDTH 1000 0
DWIDTH 18 0
BBX 18 18 0 -2
BITMAP
008000
008000
008000
008000
008000
008000
008000
008000
FFFFC0
FFFFC0
008000
008000
008000
008000
008000
008000
008000
008000
ENDCHAR
STARTCHAR uni2540
ENCODING 9536
SWIDTH 1000 0
DWIDTH 18 0
BBX 18 18 0 -2
BITMAP
00C000
00C000
00C000
00C000
00C000
00C000
00C000
00C000
00C000
FFFFC0
008000
008000
008000
008000
008000
008000
008000
008000
ENDCHAR
STARTCHAR uni2541
ENCODING 9537
SWIDTH 1000 0
DWIDTH 18 0
BBX 18 18 0 -2
BITMAP
008000
008000
008000
008000
008000
008000
008000
008000
008000
FFFFC0
00C000
00C000
00C000
00C000
00C000
00C000
00C000
00C000
ENDCHAR
STARTCHAR uni2542
ENCODING 9538
SWIDTH 1000 0
DWIDTH 18 0
BBX 18 18 0 -2
BITMAP
00C000
00C000
00C000
00C000
00C000
00C000
00C000
00C000
00C000
FFFFC0
00C000
00C000
00C000
00C000
00C000
00C000
00C000
00C000
ENDCHAR
STARTCHAR uni2543
ENCODING 9539
SWIDTH 1000 0
DWIDTH 18 0
BBX 18 18 0 -2
BITMAP
00C000
00C000
00C000
00C000
00C000
00C000
00C000
00C000
FFC000
FFFFC0
008000
008000
008000
008000
008000
008000
008000
008000
ENDCHAR
STARTCHAR uni2544
ENCODING 9540
SWIDTH 1000 0
DWIDTH 18 0
BBX 18 18 0 -2
BITMAP
00C000
00C000
00C000
00C000
00C000
00C000
00C000
00C000
00FFC0
FFFFC0
008000
008000
008000
008000
008000
008000
008000
008000
ENDCHAR
STARTCHAR uni2545
ENCODING 9541
SWIDTH 1000 0
DWIDTH 18 0
BBX 18 18 0 -2
BITMAP
008000
008000
008000
008000
008000
008000
008000
008000
FFC000
FFFFC0
00C000
00C000
00C000
00C000
00C000
00C000
00C000
00C000
ENDCHAR
STARTCHAR uni2546
ENCODING 9542
SWIDTH 1000 0
DWIDTH 18 0
BBX 18 18 0 -2
BITMAP
008000
008000
008000
008000
008000
008000
008000
008000
00FFC0
FFFFC0
00C000
00C000
00C000
00C000
00C000
00C000
00C000
00C000
ENDCHAR
STARTCHAR uni2547
ENCODING 9543
SWIDTH 1000 0
DWIDTH 18 0
BBX 18 18 0 -2
BITMAP
00C000
00C000
00C000
00C000
00C000
00C000
00C000
00C000
FFFFC0
FFFFC0
008000
008000
008000
008000
008000
008000
008000
008000
ENDCHAR
STARTCHAR uni2548
ENCODING 9544
SWIDTH 1000 0
DWIDTH 18 0
BBX 18 18 0 -2
BITMAP
008000
008000
008000
008000
008000
008000
008000
008000
FFFFC0
FFFFC0
00C000
00C000
00C000
00C000
00C000
00C000
00C000
00C000
ENDCHAR
STARTCHAR uni2549
ENCODING 9545
SWIDTH 1000 0
DWIDTH 18 0
BBX 18 18 0 -2
BITMAP
00C000
00C000
00C000
00C000
00C000
00C000
00C000
00C000
FFC000
FFFFC0
00C000
00C000
00C000
00C000
00C000
00C000
00C000
00C000
ENDCHAR
STARTCHAR uni254A
ENCODING 9546
SWIDTH 1000 0
DWIDTH 18 0
BBX 18 18 0 -2
BITMAP
00C000
00C000
00C000
00C000
00C000
00C000
00C000
00C000
00FFC0
FFFFC0
00C000
00C000
00C000
00C000
00C000
00C000
00C000
00C000
ENDCHAR
STARTCHAR uni254B
ENCODING 9547
SWIDTH 1000 0
DWIDTH 18 0
BBX 18 18 0 -2
BITMAP
00C000
00C000
00C000
00C000
00C000
00C000
00C000
00C000
FFFFC0
FFFFC0
00C000
00C000
00C000
00C000
00C000
00C000
00C000
00C000
ENDCHAR
STARTCHAR uni254C
ENCODING 9548
SWIDTH 1000 0
DWIDTH 18 0
BBX 14 1 2 6
BITMAP
F87C
ENDCHAR
STARTCHAR uni254D
ENCODING 9549
SWIDTH 1000 0
DWIDTH 18 0
BBX 14 2 2 6
BITMAP
F87C
F87C
ENDCHAR
STARTCHAR uni254E
ENCODING 9550
SWIDTH 1000 0
DWIDTH 18 0
BBX 1 14 9 0
BITMAP
80
80
80
80
80
00
00
00
00
80
80
80
80
80
ENDCHAR
STARTCHAR uni254F
ENCODING 9551
SWIDTH 1000 0
DWIDTH 18 0
BBX 2 14 8 0
BITMAP
C0
C0
C0
C0
C0
00
00
00
00
C0
C0
C0
C0
C0
ENDCHAR
STARTCHAR SF430000
ENCODING 9552
SWIDTH 722 0
DWIDTH 13 0
BBX 13 4 0 4
BITMAP
FFF8
0000
0000
FFF8
ENDCHAR
STARTCHAR SF240000
ENCODING 9553
SWIDTH 722 0
DWIDTH 13 0
BBX 4 21 4 -5
BITMAP
90
90
90
90
90
90
90
90
90
90
90
90
90
90
90
90
90
90
90
90
90
ENDCHAR
STARTCHAR SF510000
ENCODING 9554
SWIDTH 722 0
DWIDTH 13 0
BBX 7 13 6 -5
BITMAP
FE
80
80
FE
80
80
80
80
80
80
80
80
80
ENDCHAR
STARTCHAR SF520000
ENCODING 9555
SWIDTH 722 0
DWIDTH 13 0
BBX 9 11 4 -5
BITMAP
FF80
9000
9000
9000
9000
9000
9000
9000
9000
9000
9000
ENDCHAR
STARTCHAR SF390000
ENCODING 9556
SWIDTH 722 0
DWIDTH 13 0
BBX 9 13 4 -5
BITMAP
FF80
8000
8000
9F80
9000
9000
9000
9000
9000
9000
9000
9000
9000
ENDCHAR
STARTCHAR SF220000
ENCODING 9557
SWIDTH 722 0
DWIDTH 13 0
BBX 7 13 0 -5
BITMAP
FE
02
02
FE
02
02
02
02
02
02
02
02
02
ENDCHAR
STARTCHAR SF210000
ENCODING 9558
SWIDTH 722 0
DWIDTH 13 0
BBX 8 11 0 -5
BITMAP
FF
09
09
09
09
09
09
09
09
09
09
ENDCHAR
STARTCHAR SF250000
ENCODING 9559
SWIDTH 722 0
DWIDTH 13 0
BBX 8 13 0 -5
BITMAP
FF
01
01
F9
09
09
09
09
09
09
09
09
09
ENDCHAR
STARTCHAR SF500000
ENCODING 9560
SWIDTH 722 0
DWIDTH 13 0
BBX 7 12 6 4
BITMAP
80
80
80
80
80
80
80
80
FE
80
80
FE
ENDCHAR
STARTCHAR SF490000
ENCODING 9561
SWIDTH 722 0
DWIDTH 13 0
BBX 9 11 4 5
BITMAP
9000
9000
9000
9000
9000
9000
9000
9000
9000
9000
FF80
ENDCHAR
STARTCHAR SF380000
ENCODING 9562
SWIDTH 722 0
DWIDTH 13 0
BBX 9 12 4 4
BITMAP
9000
9000
9000
9000
9000
9000
9000
9000
9F80
8000
8000
FF80
ENDCHAR
STARTCHAR SF280000
ENCODING 9563
SWIDTH 722 0
DWIDTH 13 0
BBX 7 12 0 4
BITMAP
02
02
02
02
02
02
02
02
FE
02
02
FE
ENDCHAR
STARTCHAR SF270000
ENCODING 9564
SWIDTH 722 0
DWIDTH 13 0
BBX 8 11 0 5
BITMAP
09
09
09
09
09
09
09
09
09
09
FF
ENDCHAR
STARTCHAR SF260000
ENCODING 9565
SWIDTH 722 0
DWIDTH 13 0
BBX 8 12 0 4
BITMAP
09
09
09
09
09
09
09
09
F9
01
01
FF
ENDCHAR
STARTCHAR SF360000
ENCODING 9566
SWIDTH 722 0
DWIDTH 13 0
BBX 7 21 6 -5
BITMAP
80
80
80
80
80
80
80
80
FE
80
80
FE
80
80
80
80
80
80
80
80
80
ENDCHAR
STARTCHAR SF370000
ENCODING 9567
SWIDTH 722 0
DWIDTH 13 0
BBX 9 21 4 -5
BITMAP
9000
9000
9000
9000
9000
9000
9000
9000
9000
9000
9F80
9000
9000
9000
9000
9000
9000
9000
9000
9000
9000
ENDCHAR
STARTCHAR SF420000
ENCODING 9568
SWIDTH 722 0
DWIDTH 13 0
BBX 9 21 4 -5
BITMAP
9000
9000
9000
9000
9000
9000
9000
9000
9F80
8000
8000
9F80
9000
9000
9000
9000
9000
9000
9000
9000
9000
ENDCHAR
STARTCHAR SF190000
ENCODING 9569
SWIDTH 722 0
DWIDTH 13 0
BBX 7 21 0 -5
BITMAP
02
02
02
02
02
02
02
02
FE
02
02
FE
02
02
02
02
02
02
02
02
02
ENDCHAR
STARTCHAR SF200000
ENCODING 9570
SWIDTH 722 0
DWIDTH 13 0
BBX 8 21 0 -5
BITMAP
09
09
09
09
09
09
09
09
09
09
F9
09
09
09
09
09
09
09
09
09
09
ENDCHAR
STARTCHAR SF230000
ENCODING 9571
SWIDTH 722 0
DWIDTH 13 0
BBX 8 21 0 -5
BITMAP
09
09
09
09
09
09
09
09
F9
01
01
F9
09
09
09
09
09
09
09
09
09
ENDCHAR
STARTCHAR SF470000
ENCODING 9572
SWIDTH 722 0
DWIDTH 13 0
BBX 13 13 0 -5
BITMAP
FFF8
0000
0000
FFF8
0200
0200
0200
0200
0200
0200
0200
0200
0200
ENDCHAR
STARTCHAR SF480000
ENCODING 9573
SWIDTH 722 0
DWIDTH 13 0
BBX 13 11 0 -5
BITMAP
FFF8
0900
0900
0900
0900
0900
0900
0900
0900
0900
0900
ENDCHAR
STARTCHAR SF410000
ENCODING 9574
SWIDTH 722 0
DWIDTH 13 0
BBX 13 13 0 -5
BITMAP
FFF8
0000
0000
F9F8
0900
0900
0900
0900
0900
0900
0900
0900
0900
ENDCHAR
STARTCHAR SF450000
ENCODING 9575
SWIDTH 722 0
DWIDTH 13 0
BBX 13 12 0 4
BITMAP
0200
0200
0200
0200
0200
0200
0200
0200
FFF8
0000
0000
FFF8
ENDCHAR
STARTCHAR SF460000
ENCODING 9576
SWIDTH 722 0
DWIDTH 13 0
BBX 13 11 0 5
BITMAP
0900
0900
0900
0900
0900
0900
0900
0900
0900
0900
FFF8
ENDCHAR
STARTCHAR SF400000
ENCODING 9577
SWIDTH 722 0
DWIDTH 13 0
BBX 13 12 0 4
BITMAP
0900
0900
0900
0900
0900
0900
0900
0900
F9F8
0000
0000
FFF8
ENDCHAR
STARTCHAR SF540000
ENCODING 9578
SWIDTH 722 0
DWIDTH 13 0
BBX 13 21 0 -5
BITMAP
0200
0200
0200
0200
0200
0200
0200
0200
FFF8
0200
0200
FFF8
0200
0200
0200
0200
0200
0200
0200
0200
0200
ENDCHAR
STARTCHAR SF530000
ENCODING 9579
SWIDTH 722 0
DWIDTH 13 0
BBX 13 21 0 -5
BITMAP
0900
0900
0900
0900
0900
0900
0900
0900
0900
0900
FFF8
0900
0900
0900
0900
0900
0900
0900
0900
0900
0900
ENDCHAR
STARTCHAR SF440000
ENCODING 9580
SWIDTH 722 0
DWIDTH 13 0
BBX 13 21 0 -5
BITMAP
0900
0900
0900
0900
0900
0900
0900
0900
F9F8
0000
0000
F9F8
0900
0900
0900
0900
0900
0900
0900
0900
0900
ENDCHAR
STARTCHAR uni256D
ENCODING 9581
SWIDTH 1000 0
DWIDTH 18 0
BBX 9 9 9 -2
BITMAP
0780
0800
3000
2000
4000
8000
8000
8000
8000
ENDCHAR
STARTCHAR uni256E
ENCODING 9582
SWIDTH 1000 0
DWIDTH 18 0
BBX 9 9 0 -2
BITMAP
F000
0800
0600
0200
0100
0080
0080
0080
0080
ENDCHAR
STARTCHAR uni256F
ENCODING 9583
SWIDTH 1000 0
DWIDTH 18 0
BBX 9 10 0 6
BITMAP
0080
0080
0080
0080
0100
0100
0200
0C00
3000
C000
ENDCHAR
STARTCHAR uni2570
ENCODING 9584
SWIDTH 1000 0
DWIDTH 18 0
BBX 9 10 9 6
BITMAP
8000
8000
8000
8000
4000
4000
2000
1800
0600
0180
ENDCHAR
STARTCHAR uni2571
ENCODING 9585
SWIDTH 1000 0
DWIDTH 18 0
BBX 18 18 0 -2
BITMAP
000040
000080
000100
000200
000400
000800
001000
002000
004000
008000
010000
020000
040000
080000
100000
200000
400000
800000
ENDCHAR
STARTCHAR uni2572
ENCODING 9586
SWIDTH 1000 0
DWIDTH 18 0
BBX 18 18 0 -2
BITMAP
800000
400000
200000
100000
080000
040000
020000
010000
008000
004000
002000
001000
000800
000400
000200
000100
000080
000040
ENDCHAR
STARTCHAR uni2573
ENCODING 9587
SWIDTH 1000 0
DWIDTH 18 0
BBX 18 18 0 -2
BITMAP
800040
400080
200100
100200
080400
040800
021000
012000
00C000
00C000
012000
021000
040800
080400
100200
200100
400080
800040
ENDCHAR
STARTCHAR uni2574
ENCODING 9588
SWIDTH 1000 0
DWIDTH 18 0
BBX 9 1 0 6
BITMAP
FF80
ENDCHAR
STARTCHAR uni2575
ENCODING 9589
SWIDTH 1000 0
DWIDTH 18 0
BBX 1 10 9 6
BITMAP
80
80
80
80
80
80
80
80
80
80
ENDCHAR
STARTCHAR uni2576
ENCODING 9590
SWIDTH 1000 0
DWIDTH 18 0
BBX 9 1 9 6
BITMAP
FF80
ENDCHAR
STARTCHAR uni2577
ENCODING 9591
SWIDTH 1000 0
DWIDTH 18 0
BBX 1 9 9 -2
BITMAP
80
80
80
80
80
80
80
80
80
ENDCHAR
STARTCHAR uni2578
ENCODING 9592
SWIDTH 1000 0
DWIDTH 18 0
BBX 9 2 0 6
BITMAP
FF80
FF80
ENDCHAR
STARTCHAR uni2579
ENCODING 9593
SWIDTH 1000 0
DWIDTH 18 0
BBX 2 10 8 6
BITMAP
C0
C0
C0
C0
C0
C0
C0
C0
C0
C0
ENDCHAR
STARTCHAR uni257A
ENCODING 9594
SWIDTH 1000 0
DWIDTH 18 0
BBX 9 2 9 6
BITMAP
FF80
FF80
ENDCHAR
STARTCHAR uni257B
ENCODING 9595
SWIDTH 1000 0
DWIDTH 18 0
BBX 2 9 8 -2
BITMAP
C0
C0
C0
C0
C0
C0
C0
C0
C0
ENDCHAR
STARTCHAR uni257C
ENCODING 9596
SWIDTH 1000 0
DWIDTH 18 0
BBX 18 2 0 6
BITMAP
007FC0
FFFFC0
ENDCHAR
STARTCHAR uni257D
ENCODING 9597
SWIDTH 1000 0
DWIDTH 18 0
BBX 2 18 8 -2
BITMAP
80
80
80
80
80
80
80
80
80
C0
C0
C0
C0
C0
C0
C0
C0
C0
ENDCHAR
STARTCHAR uni257E
ENCODING 9598
SWIDTH 1000 0
DWIDTH 18 0
BBX 18 2 0 6
BITMAP
FF8000
FFFFC0
ENDCHAR
STARTCHAR uni257F
ENCODING 9599
SWIDTH 1000 0
DWIDTH 18 0
BBX 2 18 8 -2
BITMAP
C0
C0
C0
C0
C0
C0
C0
C0
C0
C0
80
80
80
80
80
80
80
80
ENDCHAR
STARTCHAR upblock
ENCODING 9600
SWIDTH 722 0
DWIDTH 13 0
BBX 13 11 0 5
BITMAP
FFF8
FFF8
FFF8
FFF8
FFF8
FFF8
FFF8
FFF8
FFF8
FFF8
FFF8
ENDCHAR
STARTCHAR uni2581
ENCODING 9601
SWIDTH 1000 0
DWIDTH 18 0
BBX 18 2 0 -2
BITMAP
FFFFC0
FFFFC0
ENDCHAR
STARTCHAR uni2582
ENCODING 9602
SWIDTH 1000 0
DWIDTH 18 0
BBX 18 4 0 -2
BITMAP
FFFFC0
FFFFC0
FFFFC0
FFFFC0
ENDCHAR
STARTCHAR uni2583
ENCODING 9603
SWIDTH 1000 0
DWIDTH 18 0
BBX 18 7 0 -2
BITMAP
FFFFC0
FFFFC0
FFFFC0
FFFFC0
FFFFC0
FFFFC0
FFFFC0
ENDCHAR
STARTCHAR dnblock
ENCODING 9604
SWIDTH 722 0
DWIDTH 13 0
BBX 13 10 0 -5
BITMAP
FFF8
FFF8
FFF8
FFF8
FFF8
FFF8
FFF8
FFF8
FFF8
FFF8
ENDCHAR
STARTCHAR uni2585
ENCODING 9605
SWIDTH 1000 0
DWIDTH 18 0
BBX 18 11 0 -2
BITMAP
FFFFC0
FFFFC0
FFFFC0
FFFFC0
FFFFC0
FFFFC0
FFFFC0
FFFFC0
FFFFC0
FFFFC0
FFFFC0
ENDCHAR
STARTCHAR uni2586
ENCODING 9606
SWIDTH 1000 0
DWIDTH 18 0
BBX 18 13 0 -2
BITMAP
FFFFC0
FFFFC0
FFFFC0
FFFFC0
FFFFC0
FFFFC0
FFFFC0
FFFFC0
FFFFC0
FFFFC0
FFFFC0
FFFFC0
FFFFC0
ENDCHAR
STARTCHAR uni2587
ENCODING 9607
SWIDTH 1000 0
DWIDTH 18 0
BBX 18 16 0 -2
BITMAP
FFFFC0
FFFFC0
FFFFC0
FFFFC0
FFFFC0
FFFFC0
FFFFC0
FFFFC0
FFFFC0
FFFFC0
FFFFC0
FFFFC0
FFFFC0
FFFFC0
FFFFC0
FFFFC0
ENDCHAR
STARTCHAR block
ENCODING 9608
SWIDTH 722 0
DWIDTH 13 0
BBX 13 21 0 -5
BITMAP
FFF8
FFF8
FFF8
FFF8
FFF8
FFF8
FFF8
FFF8
FFF8
FFF8
FFF8
FFF8
FFF8
FFF8
FFF8
FFF8
FFF8
FFF8
FFF8
FFF8
FFF8
ENDCHAR
STARTCHAR uni2589
ENCODING 9609
SWIDTH 1000 0
DWIDTH 18 0
BBX 16 18 0 -2
BITMAP
FFFF
FFFF
FFFF
FFFF
FFFF
FFFF
FFFF
FFFF
FFFF
FFFF
FFFF
FFFF
FFFF
FFFF
FFFF
FFFF
FFFF
FFFF
ENDCHAR
STARTCHAR uni258A
ENCODING 9610
SWIDTH 1000 0
DWIDTH 18 0
BBX 14 18 0 -2
BITMAP
FFFC
FFFC
FFFC
FFFC
FFFC
FFFC
FFFC
FFFC
FFFC
FFFC
FFFC
FFFC
FFFC
FFFC
FFFC
FFFC
FFFC
FFFC
ENDCHAR
STARTCHAR uni258B
ENCODING 9611
SWIDTH 1000 0
DWIDTH 18 0
BBX 11 18 0 -2
BITMAP
FFE0
FFE0
FFE0
FFE0
FFE0
FFE0
FFE0
FFE0
FFE0
FFE0
FFE0
FFE0
FFE0
FFE0
FFE0
FFE0
FFE0
FFE0
ENDCHAR
STARTCHAR lfblock
ENCODING 9612
SWIDTH 722 0
DWIDTH 13 0
BBX 6 21 0 -5
BITMAP
FC
FC
FC
FC
FC
FC
FC
FC
FC
FC
FC
FC
FC
FC
FC
FC
FC
FC
FC
FC
FC
ENDCHAR
STARTCHAR uni258D
ENCODING 9613
SWIDTH 1000 0
DWIDTH 18 0
BBX 7 18 0 -2
BITMAP
FE
FE
FE
FE
FE
FE
FE
FE
FE
FE
FE
FE
FE
FE
FE
FE
FE
FE
ENDCHAR
STARTCHAR uni258E
ENCODING 9614
SWIDTH 1000 0
DWIDTH 18 0
BBX 5 18 0 -2
BITMAP
F8
F8
F8
F8
F8
F8
F8
F8
F8
F8
F8
F8
F8
F8
F8
F8
F8
F8
ENDCHAR
STARTCHAR uni258F
ENCODING 9615
SWIDTH 1000 0
DWIDTH 18 0
BBX 2 18 0 -2
BITMAP
C0
C0
C0
C0
C0
C0
C0
C0
C0
C0
C0
C0
C0
C0
C0
C0
C0
C0
ENDCHAR
STARTCHAR rtblock
ENCODING 9616
SWIDTH 722 0
DWIDTH 13 0
BBX 7 21 6 -5
BITMAP
FE
FE
FE
FE
FE
FE
FE
FE
FE
FE
FE
FE
FE
FE
FE
FE
FE
FE
FE
FE
FE
ENDCHAR
STARTCHAR ltshade
ENCODING 9617
SWIDTH 722 0
DWIDTH 13 0
BBX 12 20 1 -5
BITMAP
8910
0000
2240
8910
0000
2240
0000
8910
0000
2240
8910
0000
2240
0000
8910
0000
2240
8910
0000
2240
ENDCHAR
STARTCHAR shade
ENCODING 9618
SWIDTH 722 0
DWIDTH 13 0
BBX 13 20 0 -5
BITMAP
52A8
0000
AD50
52A8
0000
AD50
0000
52A8
0000
0000
52A8
0000
AD50
0000
52A8
AD50
0000
52A8
0000
AD50
ENDCHAR
STARTCHAR dkshade
ENCODING 9619
SWIDTH 722 0
DWIDTH 13 0
BBX 13 20 0 -5
BITMAP
55A8
FFF8
AB50
55A8
FFF8
AB50
FFF8
55A8
FFF8
FFF8
55A8
FFF8
AB50
FFF8
FFF8
AB50
FFF8
55A8
FFF8
FFF0
ENDCHAR
STARTCHAR uni2594
ENCODING 9620
SWIDTH 1000 0
DWIDTH 18 0
BBX 18 2 0 14
BITMAP
FFFFC0
FFFFC0
ENDCHAR
STARTCHAR uni2595
ENCODING 9621
SWIDTH 1000 0
DWIDTH 18 0
BBX 2 18 16 -2
BITMAP
C0
C0
C0
C0
C0
C0
C0
C0
C0
C0
C0
C0
C0
C0
C0
C0
C0
C0
ENDCHAR
STARTCHAR uni2596
ENCODING 9622
SWIDTH 1000 0
DWIDTH 18 0
BBX 9 9 0 -2
BITMAP
FF80
FF80
FF80
FF80
FF80
FF80
FF80
FF80
FF80
ENDCHAR
STARTCHAR uni2597
ENCODING 9623
SWIDTH 1000 0
DWIDTH 18 0
BBX 9 9 9 -2
BITMAP
FF80
FF80
FF80
FF80
FF80
FF80
FF80
FF80
FF80
ENDCHAR
STARTCHAR uni2598
ENCODING 9624
SWIDTH 1000 0
DWIDTH 18 0
BBX 9 9 0 7
BITMAP
FF80
FF80
FF80
FF80
FF80
FF80
FF80
FF80
FF80
ENDCHAR
STARTCHAR uni2599
ENCODING 9625
SWIDTH 1000 0
DWIDTH 18 0
BBX 18 18 0 -2
BITMAP
FF8000
FF8000
FF8000
FF8000
FF8000
FF8000
FF8000
FF8000
FF8000
FFFFC0
FFFFC0
FFFFC0
FFFFC0
FFFFC0
FFFFC0
FFFFC0
FFFFC0
FFFFC0
ENDCHAR
STARTCHAR uni259A
ENCODING 9626
SWIDTH 1000 0
DWIDTH 18 0
BBX 18 18 0 -2
BITMAP
FF8000
FF8000
FF8000
FF8000
FF8000
FF8000
FF8000
FF8000
FF8000
007FC0
007FC0
007FC0
007FC0
007FC0
007FC0
007FC0
007FC0
007FC0
ENDCHAR
STARTCHAR uni259B
ENCODING 9627
SWIDTH 1000 0
DWIDTH 18 0
BBX 18 18 0 -2
BITMAP
FFFFC0
FFFFC0
FFFFC0
FFFFC0
FFFFC0
FFFFC0
FFFFC0
FFFFC0
FFFFC0
FF8000
FF8000
FF8000
FF8000
FF8000
FF8000
FF8000
FF8000
FF8000
ENDCHAR
STARTCHAR uni259C
ENCODING 9628
SWIDTH 1000 0
DWIDTH 18 0
BBX 18 18 0 -2
BITMAP
FFFFC0
FFFFC0
FFFFC0
FFFFC0
FFFFC0
FFFFC0
FFFFC0
FFFFC0
FFFFC0
007FC0
007FC0
007FC0
007FC0
007FC0
007FC0
007FC0
007FC0
007FC0
ENDCHAR
STARTCHAR uni259D
ENCODING 9629
SWIDTH 1000 0
DWIDTH 18 0
BBX 9 9 9 7
BITMAP
FF80
FF80
FF80
FF80
FF80
FF80
FF80
FF80
FF80
ENDCHAR
STARTCHAR uni259E
ENCODING 9630
SWIDTH 1000 0
DWIDTH 18 0
BBX 18 18 0 -2
BITMAP
007FC0
007FC0
007FC0
007FC0
007FC0
007FC0
007FC0
007FC0
007FC0
FF8000
FF8000
FF8000
FF8000
FF8000
FF8000
FF8000
FF8000
FF8000
ENDCHAR
STARTCHAR uni259F
ENCODING 9631
SWIDTH 1000 0
DWIDTH 18 0
BBX 18 18 0 -2
BITMAP
007FC0
007FC0
007FC0
007FC0
007FC0
007FC0
007FC0
007FC0
007FC0
FFFFC0
FFFFC0
FFFFC0
FFFFC0
FFFFC0
FFFFC0
FFFFC0
FFFFC0
FFFFC0
ENDCHAR
STARTCHAR filledbox
ENCODING 9632
SWIDTH 611 0
DWIDTH 11 0
BBX 9 9 1 1
BITMAP
FF80
FF80
FF80
FF80
FF80
FF80
FF80
FF80
FF80
ENDCHAR
STARTCHAR H22073
ENCODING 9633
SWIDTH 611 0
DWIDTH 11 0
BBX 11 11 0 0
BITMAP
FFE0
8020
8020
8020
8020
8020
8020
8020
8020
8020
FFE0
ENDCHAR
STARTCHAR uni25A2
ENCODING 9634
SWIDTH 1000 0
DWIDTH 18 0
BBX 16 16 1 -1
BITMAP
FFFF
8001
8001
8001
8001
8001
8001
8001
8001
8001
8001
8001
8001
8001
8001
FFFF
ENDCHAR
STARTCHAR uni25A3
ENCODING 9635
SWIDTH 1000 0
DWIDTH 18 0
BBX 14 14 2 0
BITMAP
FFFC
8004
8004
8004
8FC4
8FC4
8FC4
8FC4
8FC4
8FC4
8004
8004
8004
FFFC
ENDCHAR
STARTCHAR uni25A4
ENCODING 9636
SWIDTH 1000 0
DWIDTH 18 0
BBX 14 14 2 0
BITMAP
FFFC
8004
8004
FFFC
8004
8004
8004
FFFC
8004
8004
FFFC
8004
8004
FFFC
ENDCHAR
STARTCHAR uni25A5
ENCODING 9637
SWIDTH 1000 0
DWIDTH 18 0
BBX 14 14 2 0
BITMAP
FFFC
9224
9224
9224
9224
9224
9224
9224
9224
9224
9224
9224
9224
FFFC
ENDCHAR
STARTCHAR uni25A6
ENCODING 9638
SWIDTH 1000 0
DWIDTH 18 0
BBX 14 14 2 0
BITMAP
FFFC
9224
9224
FFFC
9224
9224
9224
FFFC
9224
9224
FFFC
9224
9224
FFFC
ENDCHAR
STARTCHAR uni25A7
ENCODING 9639
SWIDTH 1000 0
DWIDTH 18 0
BBX 14 14 2 0
BITMAP
FFFC
C894
A44C
9224
8914
C48C
A244
9124
C894
A44C
9224
C914
A48C
FFFC
ENDCHAR
STARTCHAR uni25A8
ENCODING 9640
SWIDTH 1000 0
DWIDTH 18 0
BBX 14 14 2 0
BITMAP
FFFC
A44C
C894
9124
A244
C48C
8914
9224
A44C
C894
9124
A24C
C494
FFFC
ENDCHAR
STARTCHAR uni25A9
ENCODING 9641
SWIDTH 1000 0
DWIDTH 18 0
BBX 14 14 2 0
BITMAP
FFFC
ECDC
ECDC
9324
AB54
C48C
AB54
9324
ECDC
ECDC
9324
EB5C
E49C
FFFC
ENDCHAR
STARTCHAR H18543
ENCODING 9642
SWIDTH 333 0
DWIDTH 6 0
BBX 4 4 1 4
BITMAP
F0
F0
F0
F0
ENDCHAR
STARTCHAR H18551
ENCODING 9643
SWIDTH 333 0
DWIDTH 6 0
BBX 4 4 1 4
BITMAP
F0
90
90
F0
ENDCHAR
STARTCHAR filledrect
ENCODING 9644
SWIDTH 1000 0
DWIDTH 18 0
BBX 18 5 0 0
BITMAP
FFFFC0
FFFFC0
FFFFC0
FFFFC0
FFFFC0
ENDCHAR
STARTCHAR uni25B1
ENCODING 9649
SWIDTH 1000 0
DWIDTH 18 0
BBX 16 7 1 3
BITMAP
1FFF
2001
2002
4004
4004
8008
FFF8
ENDCHAR
STARTCHAR triagup
ENCODING 9650
SWIDTH 1000 0
DWIDTH 18 0
BBX 10 11 4 0
BITMAP
0000
0800
0C00
1C00
1E00
3E00
3F00
7F00
7F80
FF80
FFC0
ENDCHAR
STARTCHAR uni25B3
ENCODING 9651
SWIDTH 1000 0
DWIDTH 18 0
BBX 16 15 1 0
BITMAP
0100
0180
0180
0240
0420
0420
0810
0810
1008
2004
2004
4002
4002
8001
FFFF
ENDCHAR
STARTCHAR uni25B6
ENCODING 9654
SWIDTH 1000 0
DWIDTH 18 0
BBX 15 17 2 -2
BITMAP
8000
E000
F800
FE00
FF00
FFC0
FFF0
FFFC
FFFE
FFF8
FFE0
FF80
FE00
FC00
F000
C000
8000
ENDCHAR
STARTCHAR uni25B7
ENCODING 9655
SWIDTH 1000 0
DWIDTH 18 0
BBX 15 17 2 -2
BITMAP
C000
A000
9800
8600
8180
8040
8030
800C
8006
8018
8060
8080
8300
8C00
B000
C000
8000
ENDCHAR
STARTCHAR triagrt
ENCODING 9658
SWIDTH 1000 0
DWIDTH 18 0
BBX 10 11 4 0
BITMAP
0000
C000
F000
FC00
FF00
FFC0
FF80
FE00
F800
E000
8000
ENDCHAR
STARTCHAR triagdn
ENCODING 9660
SWIDTH 1000 0
DWIDTH 18 0
BBX 10 10 4 0
BITMAP
FFC0
7F80
7F80
3F00
3F00
1E00
1E00
0C00
0C00
0000
ENDCHAR
STARTCHAR uni25BD
ENCODING 9661
SWIDTH 1000 0
DWIDTH 18 0
BBX 16 14 1 -1
BITMAP
FFFF
4002
4002
2004
2004
1008
1008
0810
0420
0420
0240
0240
0180
0100
ENDCHAR
STARTCHAR uni25C0
ENCODING 9664
SWIDTH 1000 0
DWIDTH 18 0
BBX 15 17 1 -2
BITMAP
0002
000E
003E
00FE
01FE
07FE
1FFE
7FFE
FFFE
3FFE
0FFE
03FE
00FE
007E
001E
0006
0002
ENDCHAR
STARTCHAR uni25C1
ENCODING 9665
SWIDTH 1000 0
DWIDTH 18 0
BBX 15 17 1 -2
BITMAP
0006
000A
0032
00C2
0302
0402
1802
6002
C002
3002
0C02
0202
0182
0062
001A
0006
0002
ENDCHAR
STARTCHAR triaglf
ENCODING 9668
SWIDTH 1000 0
DWIDTH 18 0
BBX 10 11 4 0
BITMAP
0000
00C0
03C0
0FC0
3FC0
FFC0
7FC0
1FC0
07C0
01C0
0040
ENDCHAR
STARTCHAR uni25C6
ENCODING 9670
SWIDTH 1000 0
DWIDTH 18 0
BBX 18 18 0 -2
BITMAP
008000
00C000
01E000
03F000
07F800
0FFC00
1FFE00
3FFF00
7FFF80
FFFFC0
3FFF00
1FFE00
0FFC00
07F800
03F000
01E000
00C000
008000
ENDCHAR
STARTCHAR uni25C7
ENCODING 9671
SWIDTH 1000 0
DWIDTH 18 0
BBX 18 18 0 -2
BITMAP
008000
00C000
012000
021000
040800
080400
100200
200100
400080
C000C0
200100
100200
080400
040800
021000
012000
00C000
008000
ENDCHAR
STARTCHAR uni25C9
ENCODING 9673
SWIDTH 1000 0
DWIDTH 18 0
BBX 16 16 1 -1
BITMAP
07E0
1818
2004
47E2
4FF2
9FF9
9FF9
9FF9
9FF9
9FF9
9FF9
8FF1
47E2
2004
1008
0FF0
ENDCHAR
STARTCHAR lozenge
ENCODING 9674
SWIDTH 500 0
DWIDTH 9 0
BBX 8 13 1 0
BITMAP
18
18
24
24
42
42
81
42
42
24
24
18
18
ENDCHAR
STARTCHAR circle
ENCODING 9675
SWIDTH 611 0
DWIDTH 11 0
BBX 8 8 1 1
BITMAP
3C
42
81
81
81
81
42
3C
ENDCHAR
STARTCHAR uni25CC
ENCODING 9676
SWIDTH 1000 0
DWIDTH 18 0
BBX 16 17 1 -2
BITMAP
0960
0C08
2000
0006
4000
0001
8000
8001
0001
8000
0001
4000
4006
2002
2008
0D60
0100
ENDCHAR
STARTCHAR uni25CE
ENCODING 9678
SWIDTH 1000 0
DWIDTH 18 0
BBX 16 16 1 -1
BITMAP
07E0
1818
2004
47E2
4812
9009
9009
A009
A005
9009
9009
8811
4422
23C4
1008
0FF0
ENDCHAR
STARTCHAR H18533
ENCODING 9679
SWIDTH 611 0
DWIDTH 11 0
BBX 8 8 2 1
BITMAP
3C
7E
FF
FF
FF
FF
7E
3C
ENDCHAR
STARTCHAR uni25D0
ENCODING 9680
SWIDTH 1000 0
DWIDTH 18 0
BBX 16 16 1 -1
BITMAP
03E0
0F18
3F04
3F02
7F02
7F01
FF01
FF01
FF01
FF01
FF01
7F02
7F02
3F04
1F18
07E0
ENDCHAR
STARTCHAR uni25D1
ENCODING 9681
SWIDTH 1000 0
DWIDTH 18 0
BBX 16 16 1 -1
BITMAP
07C0
18F0
20FC
40FC
40FE
80FE
80FF
80FF
80FF
80FF
80FF
40FE
40FE
20FC
18F8
07E0
ENDCHAR
STARTCHAR uni25D2
ENCODING 9682
SWIDTH 1000 0
DWIDTH 18 0
BBX 16 16 1 -1
BITMAP
07E0
1818
2004
4002
4002
8001
8001
8001
FFFF
FFFF
FFFF
7FFE
7FFE
3FFC
1FF8
07E0
ENDCHAR
STARTCHAR uni25D3
ENCODING 9683
SWIDTH 1000 0
DWIDTH 18 0
BBX 16 16 1 -1
BITMAP
03C0
0FF0
3FFC
3FFC
7FFE
7FFE
FFFF
FFFF
8001
8001
8001
4002
4002
2004
1818
07E0
ENDCHAR
STARTCHAR invbullet
ENCODING 9688
SWIDTH 611 0
DWIDTH 11 0
BBX 10 10 0 0
BITMAP
FFC0
E1C0
C0C0
8040
8040
8040
8040
C0C0
E1C0
FFC0
ENDCHAR
STARTCHAR invcircle
ENCODING 9689
SWIDTH 611 0
DWIDTH 11 0
BBX 10 10 0 0
BITMAP
FFC0
E1C0
DEC0
BF40
BF40
BF40
BF40
DEC0
E1C0
FFC0
ENDCHAR
STARTCHAR uni25E2
ENCODING 9698
SWIDTH 1000 0
DWIDTH 18 0
BBX 18 18 0 -2
BITMAP
000040
000040
0000C0
0001C0
0003C0
0007C0
000FC0
001FC0
003FC0
007FC0
00FFC0
01FFC0
03FFC0
07FFC0
0FFFC0
1FFFC0
3FFFC0
FFFFC0
ENDCHAR
STARTCHAR uni25E3
ENCODING 9699
SWIDTH 1000 0
DWIDTH 18 0
BBX 18 18 0 -2
BITMAP
800000
800000
C00000
E00000
F00000
F80000
FC0000
FE0000
FF0000
FF8000
FFC000
FFE000
FFF000
FFF800
FFFC00
FFFE00
FFFF00
FFFFC0
ENDCHAR
STARTCHAR uni25E4
ENCODING 9700
SWIDTH 1000 0
DWIDTH 18 0
BBX 18 18 0 -2
BITMAP
FFFFC0
FFFF80
FFFF00
FFFE00
FFFC00
FFF800
FFF000
FFE000
FFC000
FF8000
FF0000
FE0000
FC0000
F80000
F00000
E00000
C00000
800000
ENDCHAR
STARTCHAR uni25E5
ENCODING 9701
SWIDTH 1000 0
DWIDTH 18 0
BBX 18 18 0 -2
BITMAP
FFFFC0
7FFFC0
3FFFC0
1FFFC0
0FFFC0
07FFC0
03FFC0
01FFC0
00FFC0
007FC0
003FC0
001FC0
000FC0
0007C0
0003C0
0001C0
0000C0
000040
ENDCHAR
STARTCHAR openbullet
ENCODING 9702
SWIDTH 333 0
DWIDTH 6 0
BBX 4 4 1 4
BITMAP
60
90
90
60
ENDCHAR
STARTCHAR uni25EF
ENCODING 9711
SWIDTH 1000 0
DWIDTH 18 0
BBX 16 17 1 -2
BITMAP
0FF0
1008
2004
4002
8001
8001
8001
8001
8001
8001
8001
8001
4002
4002
300C
0C30
03C0
ENDCHAR
STARTCHAR uni2600
ENCODING 9728
SWIDTH 1000 0
DWIDTH 18 0
BBX 16 17 1 -2
BITMAP
0180
0180
2004
33CC
0FF0
0FF0
1FF8
9FF9
DFFB
1FF8
1FF8
0FF0
17E8
300C
2184
0180
0180
ENDCHAR
STARTCHAR uni2601
ENCODING 9729
SWIDTH 1000 0
DWIDTH 18 0
BBX 17 13 1 0
BITMAP
0F8000
104000
203800
202400
782200
800200
800200
800300
800080
880100
440200
3B0C00
00F000
ENDCHAR
STARTCHAR uni2602
ENCODING 9730
SWIDTH 1000 0
DWIDTH 18 0
BBX 16 16 1 -1
BITMAP
0008
0FF0
3FF8
7FFC
87FC
07FE
067E
00BF
013F
0123
0201
0401
0402
4800
4800
7000
ENDCHAR
STARTCHAR uni2603
ENCODING 9731
SWIDTH 1000 0
DWIDTH 18 0
BBX 18 17 0 -2
BITMAP
00F000
03F800
03F800
041800
0A1800
09B500
2A15C0
E9E500
1F1E00
13FA00
201D00
20D100
200100
208100
10C100
180600
07F800
ENDCHAR
STARTCHAR uni2605
ENCODING 9733
SWIDTH 1000 0
DWIDTH 18 0
BBX 16 16 1 -1
BITMAP
0100
0100
0180
0180
0180
03C0
FFFF
7FFE
1FF8
0FF0
07E0
0FF0
0FF0
0C30
1818
1008
ENDCHAR
STARTCHAR uni2606
ENCODING 9734
SWIDTH 1000 0
DWIDTH 18 0
BBX 16 16 1 -1
BITMAP
0100
0100
0180
0180
0240
0240
FE7F
4002
300C
0C30
0810
0810
0990
1668
1818
1008
ENDCHAR
STARTCHAR uni2609
ENCODING 9737
SWIDTH 1000 0
DWIDTH 18 0
BBX 12 11 3 1
BITMAP
1F80
30C0
6020
4020
4620
C630
4020
4020
2040
1980
0600
ENDCHAR
STARTCHAR uni260E
ENCODING 9742
SWIDTH 1000 0
DWIDTH 18 0
BBX 16 13 1 0
BITMAP
07E0
3FFC
FFFF
E427
F7EF
CFF3
0C30
1818
381C
781E
7C3E
7FFE
3FFC
ENDCHAR
STARTCHAR uni260F
ENCODING 9743
SWIDTH 1000 0
DWIDTH 18 0
BBX 18 13 0 0
BITMAP
0FFC00
300300
4DEC80
8D2C40
8DEC40
FDEFC0
0A1400
121200
240900
221100
221100
21E100
3FFF00
ENDCHAR
STARTCHAR uni2616
ENCODING 9750
SWIDTH 1000 0
DWIDTH 18 0
BBX 14 16 2 -1
BITMAP
0200
0580
1860
6010
4008
4008
4008
4008
8008
8008
8008
8004
8004
8004
8004
FFFC
ENDCHAR
STARTCHAR uni2617
ENCODING 9751
SWIDTH 1000 0
DWIDTH 18 0
BBX 14 16 2 -1
BITMAP
0200
0780
1FE0
7FF0
7FF8
7FF8
7FF8
7FF8
7FF8
7FF8
FFF8
FFF8
FFFC
FFFC
FFFC
FFFC
ENDCHAR
STARTCHAR uni261C
ENCODING 9756
SWIDTH 1000 0
DWIDTH 18 0
BBX 17 9 0 2
BITMAP
0FF000
710E00
820180
7FE080
08FE80
072080
04E080
032380
01FC00
ENDCHAR
STARTCHAR uni261D
ENCODING 9757
SWIDTH 1000 0
DWIDTH 18 0
BBX 9 17 5 -2
BITMAP
6000
5000
9000
9800
9600
B500
D680
9A80
9A80
9F80
9880
8880
4880
4900
4100
2100
3F00
ENDCHAR
STARTCHAR uni261E
ENCODING 9758
SWIDTH 1000 0
DWIDTH 18 0
BBX 16 9 1 2
BITMAP
07F8
3847
C021
83FE
BF88
8270
8390
E260
1FC0
ENDCHAR
STARTCHAR uni261F
ENCODING 9759
SWIDTH 1000 0
DWIDTH 18 0
BBX 9 17 5 -2
BITMAP
3F00
2100
4100
4900
8880
8880
9F80
9A80
9A80
D680
B780
A600
9800
9000
5000
6000
2000
ENDCHAR
STARTCHAR uni262F
ENCODING 9775
SWIDTH 1000 0
DWIDTH 18 0
BBX 16 17 1 -2
BITMAP
0FF0
1FE8
3FF4
7FF2
FE71
FFF1
FFE1
FFC1
FC01
F801
F001
F181
7182
3002
3804
0C38
03C0
ENDCHAR
STARTCHAR smileface
ENCODING 9786
SWIDTH 1000 0
DWIDTH 18 0
BBX 11 11 4 0
BITMAP
1F00
2080
4040
8020
9120
8020
8020
9120
4E40
2080
1F00
ENDCHAR
STARTCHAR invsmileface
ENCODING 9787
SWIDTH 1056 0
DWIDTH 19 0
BBX 11 11 4 0
BITMAP
1F00
3F80
7FC0
FFE0
EEE0
FFE0
FFE0
EEE0
71C0
3F80
1F00
ENDCHAR
STARTCHAR sun
ENCODING 9788
SWIDTH 944 0
DWIDTH 17 0
BBX 11 11 3 -1
BITMAP
0400
4440
2E80
1100
2080
E0E0
2080
1100
2E80
4440
0400
ENDCHAR
STARTCHAR female
ENCODING 9792
SWIDTH 778 0
DWIDTH 14 0
BBX 5 9 4 1
BITMAP
70
88
88
88
70
20
F8
20
20
ENDCHAR
STARTCHAR uni2641
ENCODING 9793
SWIDTH 1000 0
DWIDTH 18 0
BBX 12 16 3 -1
BITMAP
0600
0600
0600
0600
0600
FFF0
0600
0600
0600
1F80
10C0
2040
2040
30C0
1980
0F00
ENDCHAR
STARTCHAR male
ENCODING 9794
SWIDTH 778 0
DWIDTH 14 0
BBX 7 8 3 2
BITMAP
06
06
0A
70
88
88
88
70
ENDCHAR
STARTCHAR spade
ENCODING 9824
SWIDTH 556 0
DWIDTH 10 0
BBX 8 11 1 0
BITMAP
00
08
18
3C
7E
FF
FF
FF
6E
08
3C
ENDCHAR
STARTCHAR uni2661
ENCODING 9825
SWIDTH 1000 0
DWIDTH 18 0
BBX 16 15 1 -1
BITMAP
3E7C
4182
8181
8001
8001
8001
4002
2004
2004
1008
0810
0420
0240
0180
0080
ENDCHAR
STARTCHAR uni2662
ENCODING 9826
SWIDTH 1000 0
DWIDTH 18 0
BBX 14 17 2 -2
BITMAP
0200
0300
0480
0840
0840
1020
2010
4008
C00C
2010
1020
1020
0840
0480
0300
0300
0200
ENDCHAR
STARTCHAR club
ENCODING 9827
SWIDTH 667 0
DWIDTH 12 0
BBX 10 11 1 0
BITMAP
0C00
1E00
1E00
1E00
7F80
FFC0
FFC0
FFC0
7B80
0C00
1E00
ENDCHAR
STARTCHAR uni2664
ENCODING 9828
SWIDTH 1000 0
DWIDTH 18 0
BBX 16 16 1 -1
BITMAP
0180
0240
0240
0420
0810
1008
2004
4002
8002
8001
8001
4182
43C2
3DBC
0240
07E0
ENDCHAR
STARTCHAR heart
ENCODING 9829
SWIDTH 611 0
DWIDTH 11 0
BBX 9 10 1 0
BITMAP
7700
F780
FF80
FF80
7F00
3E00
1C00
1C00
0800
0800
ENDCHAR
STARTCHAR diamond
ENCODING 9830
SWIDTH 500 0
DWIDTH 9 0
BBX 9 11 0 0
BITMAP
0800
0800
1C00
3E00
7F00
FF80
7F00
3E00
1C00
0800
0800
ENDCHAR
STARTCHAR uni2667
ENCODING 9831
SWIDTH 1000 0
DWIDTH 18 0
BBX 16 16 1 -1
BITMAP
0180
0660
0420
0810
0810
0810
1C38
6426
8001
8001
8001
8181
43C2
3DBC
0240
07E0
ENDCHAR
STARTCHAR uni2668
ENCODING 9832
SWIDTH 1000 0
DWIDTH 18 0
BBX 16 14 1 0
BITMAP
0590
0920
0920
1920
0920
0DB0
0490
2494
4492
C493
C923
6006
3C3C
0FF0
ENDCHAR
STARTCHAR uni2669
ENCODING 9833
SWIDTH 1000 0
DWIDTH 18 0
BBX 5 16 5 -1
BITMAP
08
08
08
08
08
08
08
08
08
08
08
08
08
78
F8
F0
ENDCHAR
STARTCHAR musicalnote
ENCODING 9834
SWIDTH 500 0
DWIDTH 9 0
BBX 6 10 1 0
BITMAP
10
10
18
1C
14
14
14
74
F8
E0
ENDCHAR
STARTCHAR musicalnotedbl
ENCODING 9835
SWIDTH 778 0
DWIDTH 14 0
BBX 9 10 2 0
BITMAP
0180
3E80
2180
3F80
3080
2080
2080
E380
E380
C300
ENDCHAR
STARTCHAR uni266C
ENCODING 9836
SWIDTH 1000 0
DWIDTH 18 0
BBX 15 17 0 -2
BITMAP
001E
01FE
07C2
040E
05FE
07E2
0402
0402
0402
0402
0402
041E
043E
383C
7800
F800
6000
ENDCHAR
STARTCHAR uni266D
ENCODING 9837
SWIDTH 1000 0
DWIDTH 18 0
BBX 7 16 6 -1
BITMAP
80
80
80
80
80
80
88
BE
C2
82
86
84
98
B0
C0
80
ENDCHAR
STARTCHAR uni266E
ENCODING 9838
SWIDTH 1000 0
DWIDTH 18 0
BBX 6 16 6 -1
BITMAP
80
80
80
84
FC
E4
84
84
84
84
FC
F4
04
04
04
04
ENDCHAR
STARTCHAR uni266F
ENCODING 9839
SWIDTH 1000 0
DWIDTH 18 0
BBX 10 16 4 -1
BITMAP
0200
1200
1200
1200
13C0
FFC0
E200
1200
1200
12C0
7FC0
F200
1200
1200
1200
1000
ENDCHAR
STARTCHAR uni2672
ENCODING 9842
SWIDTH 1000 0
DWIDTH 18 0
BBX 18 17 0 -2
BITMAP
07F800
088400
08C200
112200
092400
065900
F80680
440880
840440
8A0440
501380
5F1E80
30A100
10C100
10A200
0F1C00
001000
ENDCHAR
STARTCHAR uni2673
ENCODING 9843
SWIDTH 1000 0
DWIDTH 18 0
BBX 18 17 0 -2
BITMAP
01E000
03F000
033000
061A00
061C00
0C3C00
0CC200
71C600
38C300
38C300
60C180
60C180
C010C0
601180
7FFF80
1FBE00
001000
ENDCHAR
STARTCHAR uni2674
ENCODING 9844
SWIDTH 1000 0
DWIDTH 18 0
BBX 18 17 0 -2
BITMAP
01E000
03F000
033000
061A00
061C00
0C3C00
0DC200
716600
386300
38C300
61E180
61E180
C010C0
601180
7FFF80
1FBE00
001000
ENDCHAR
STARTCHAR uni2675
ENCODING 9845
SWIDTH 1000 0
DWIDTH 18 0
BBX 18 17 0 -2
BITMAP
01E000
03F000
033000
061A00
061C00
0C3C00
0DC200
716600
38C300
386300
616180
61C180
C010C0
601180
7FFF80
1FBE00
001000
ENDCHAR
STARTCHAR uni2676
ENCODING 9846
SWIDTH 1000 0
DWIDTH 18 0
BBX 18 17 0 -2
BITMAP
01E000
03F000
033000
061A00
061C00
0C3C00
0CC200
70C600
394300
3BE300
604180
604180
C010C0
601180
7FFF80
1FBE00
001000
ENDCHAR
STARTCHAR uni2677
ENCODING 9847
SWIDTH 1000 0
DWIDTH 18 0
BBX 18 17 0 -2
BITMAP
01E000
03F000
033000
061A00
061C00
0C3C00
0DE200
718600
39C300
386300
636180
61C180
C010C0
601180
7FFF80
1FBE00
001000
ENDCHAR
STARTCHAR uni2678
ENCODING 9848
SWIDTH 1000 0
DWIDTH 18 0
BBX 18 17 0 -2
BITMAP
01E000
03F000
033000
061A00
061C00
0C3C00
0CE200
712600
39C300
396300
61E180
60C180
C010C0
601180
7FFF80
1FBE00
001000
ENDCHAR
STARTCHAR uni2679
ENCODING 9849
SWIDTH 1000 0
DWIDTH 18 0
BBX 18 17 0 -2
BITMAP
01E000
03F000
033000
061A00
061C00
0C3C00
0DE200
706600
384300
38C300
608180
608180
C010C0
601180
7FFF80
1FBE00
001000
ENDCHAR
STARTCHAR uni267A
ENCODING 9850
SWIDTH 1000 0
DWIDTH 18 0
BBX 18 17 0 -2
BITMAP
01E000
03F000
033000
061A00
061C00
0C3C00
080200
700600
380300
380300
600180
600180
401080
602180
7FBF80
1FBE00
001000
ENDCHAR
STARTCHAR uni267B
ENCODING 9851
SWIDTH 1000 0
DWIDTH 18 0
BBX 18 17 0 -2
BITMAP
06F800
077800
0FFE00
1F3C00
0F3C00
064900
F80300
780F80
7C0780
FA07C0
701380
201080
3F3F00
1F7E00
1F3E00
0F1C00
001000
ENDCHAR
STARTCHAR uni267C
ENCODING 9852
SWIDTH 1000 0
DWIDTH 18 0
BBX 18 17 0 -2
BITMAP
07F800
0D0C00
188600
384300
70C780
7DC780
47F980
63F080
C3F0C0
47F880
67FF80
68C180
308300
30C300
1FFE00
07F800
01E000
ENDCHAR
STARTCHAR uni267D
ENCODING 9853
SWIDTH 1000 0
DWIDTH 18 0
BBX 16 17 1 -2
BITMAP
0FF0
1108
6EF4
4FFA
9E71
8EF1
F00D
B81F
FC1F
F00F
B041
AF7D
9FFA
5F7A
2044
1818
07E0
ENDCHAR
STARTCHAR uni26A0
ENCODING 9888
SWIDTH 1000 0
DWIDTH 18 0
BBX 16 15 1 0
BITMAP
0180
0240
0420
0420
0990
1998
1188
2184
2084
4002
4002
8181
8181
8001
FFFF
ENDCHAR
STARTCHAR uni26BD
ENCODING 9917
SWIDTH 1000 0
DWIDTH 18 0
BBX 17 17 1 -2
BITMAP
0FF000
118800
208400
408200
C08300
C18300
F3EF00
8FF100
87E080
87E080
83C100
842100
481200
381E00
381C00
0C3000
03C000
ENDCHAR
STARTCHAR uni26BE
ENCODING 9918
SWIDTH 1000 0
DWIDTH 18 0
BBX 16 16 1 -1
BITMAP
07E0
1818
381C
4002
4422
8001
8241
8241
8001
8241
8001
8421
4422
2814
1008
0FF0
ENDCHAR
STARTCHAR uni2702
ENCODING 9986
SWIDTH 1000 0
DWIDTH 18 0
BBX 16 13 1 0
BITMAP
F000
8800
C807
381C
0E70
01C0
0300
06E0
3818
4806
8801
8800
7000
ENDCHAR
STARTCHAR uni2713
ENCODING 10003
SWIDTH 667 0
DWIDTH 12 0
BBX 12 14 0 0
BITMAP
0010
0030
0060
0040
0080
0180
0100
0300
C200
4600
6400
2C00
3800
1800
ENDCHAR
STARTCHAR uni271A
ENCODING 10010
SWIDTH 1000 0
DWIDTH 18 0
BBX 16 15 1 -1
BITMAP
03C0
03C0
03C0
03C0
03C0
FFFF
FFFF
FFFF
FFFF
03C0
03C0
03C0
03C0
03C0
03C0
ENDCHAR
STARTCHAR uni273D
ENCODING 10045
SWIDTH 1000 0
DWIDTH 18 0
BBX 12 13 3 0
BITMAP
0600
0600
4620
E470
34C0
0D00
0600
1D80
E470
C630
0600
0600
0400
ENDCHAR
STARTCHAR uni273F
ENCODING 10047
SWIDTH 1000 0
DWIDTH 18 0
BBX 18 16 0 -1
BITMAP
03F000
03F000
03F000
31E300
39E700
3CCF00
7EDF80
FF3FC0
7C0F80
03F000
07F800
1F3E00
3F3F00
3F3F00
073800
061800
ENDCHAR
STARTCHAR uni2740
ENCODING 10048
SWIDTH 1000 0
DWIDTH 18 0
BBX 18 16 0 -1
BITMAP
03F000
021000
021000
322300
492480
252900
42D080
812040
7E1F80
03F000
0CCC00
10C200
20C100
312700
092800
061800
ENDCHAR
STARTCHAR uni2756
ENCODING 10070
SWIDTH 1000 0
DWIDTH 18 0
BBX 18 17 0 -2
BITMAP
00C000
01E000
03F000
03F000
01E000
10C200
380700
7C0F80
FE1FC0
3C0F00
188600
00C000
01E000
03F000
01E000
00C000
008000
ENDCHAR
STARTCHAR uni2776
ENCODING 10102
SWIDTH 1000 0
DWIDTH 18 0
BBX 16 17 1 -2
BITMAP
07E0
1FF8
3FFC
7F7E
FC7F
FF7F
FF7F
FF7F
FF7F
FF7F
FF7F
FF7F
7F7E
3FFC
1FF8
0FF0
0180
ENDCHAR
STARTCHAR uni2777
ENCODING 10103
SWIDTH 1000 0
DWIDTH 18 0
BBX 16 17 1 -2
BITMAP
07E0
1FF8
3FFC
7C3E
F99F
FFDF
FFDF
FF9F
FF3F
FE7F
FCFF
F90F
780E
3FFC
1FF8
0FF0
0180
ENDCHAR
STARTCHAR uni2778
ENCODING 10104
SWIDTH 1000 0
DWIDTH 18 0
BBX 16 17 1 -2
BITMAP
07E0
1FF8
3FFC
7C3E
F99F
FFDF
FF9F
FE7F
FF1F
FFDF
FFDF
F99F
7C3E
3FFC
1FF8
0FF0
0180
ENDCHAR
STARTCHAR uni2779
ENCODING 10105
SWIDTH 1000 0
DWIDTH 18 0
BBX 16 17 1 -2
BITMAP
07E0
1FF8
3FFC
7F3E
FE3F
FEBF
FDBF
F9BF
F3BF
F41F
FFBF
FFBF
7FBE
3FFC
1FF8
0FF0
0180
ENDCHAR
STARTCHAR uni277A
ENCODING 10106
SWIDTH 1000 0
DWIDTH 18 0
BBX 16 17 1 -2
BITMAP
07E0
1FF8
3FFC
7C1E
FC1F
FDFF
FDFF
F81F
FFDF
FFDF
FFDF
F99F
7C3E
3FFC
1FF8
0FF0
0180
ENDCHAR
STARTCHAR uni277B
ENCODING 10107
SWIDTH 1000 0
DWIDTH 18 0
BBX 16 17 1 -2
BITMAP
07E0
1FF8
3FFC
7E3E
F89F
FBFF
FBFF
F23F
F19F
F3DF
FBDF
F99F
7C3E
3FFC
1FF8
0FF0
0180
ENDCHAR
STARTCHAR uni277C
ENCODING 10108
SWIDTH 1000 0
DWIDTH 18 0
BBX 16 17 1 -2
BITMAP
07E0
1FF8
3FFC
781E
F85F
FFBF
FF3F
FF7F
FE7F
FE7F
FEFF
FEFF
7EFE
3FFC
1FF8
0FF0
0180
ENDCHAR
STARTCHAR uni277D
ENCODING 10109
SWIDTH 1000 0
DWIDTH 18 0
BBX 16 17 1 -2
BITMAP
07E0
1FF8
3FFC
7C3E
F99F
FBDF
F9DF
FCBF
FD3F
FBDF
FBDF
F99F
7C3E
3FFC
1FF8
0FF0
0180
ENDCHAR
STARTCHAR uni277E
ENCODING 10110
SWIDTH 1000 0
DWIDTH 18 0
BBX 16 17 1 -2
BITMAP
07E0
1FF8
3FFC
7C3E
F99F
FBDF
FBCF
F9CF
FC4F
FFDF
FFDF
F99F
7C7E
3FFC
1FF8
0FF0
0180
ENDCHAR
STARTCHAR uni277F
ENCODING 10111
SWIDTH 1000 0
DWIDTH 18 0
BBX 16 17 1 -2
BITMAP
07E0
1FF8
3FFC
739E
E32F
F367
F277
F277
F277
F277
F367
F32F
738E
3FFC
1FF8
0FF0
0180
ENDCHAR
STARTCHAR uni2780
ENCODING 10112
SWIDTH 1000 0
DWIDTH 18 0
BBX 16 17 1 -2
BITMAP
0FF0
1008
2004
4082
8381
8081
8081
8081
8081
8081
8081
8081
4082
4002
300C
0C30
03C0
ENDCHAR
STARTCHAR uni2781
ENCODING 10113
SWIDTH 1000 0
DWIDTH 18 0
BBX 16 17 1 -2
BITMAP
0FF0
1008
2004
43C2
8661
8021
8021
8061
80C1
8181
8301
87F1
47F2
4002
300C
0C30
03C0
ENDCHAR
STARTCHAR uni2782
ENCODING 10114
SWIDTH 1000 0
DWIDTH 18 0
BBX 16 17 1 -2
BITMAP
0FF0
1008
2004
43C2
8661
8021
8061
81C1
80E1
8021
8021
8E61
43C2
4002
300C
0C30
03C0
ENDCHAR
STARTCHAR uni2783
ENCODING 10115
SWIDTH 1000 0
DWIDTH 18 0
BBX 16 17 1 -2
BITMAP
0FF0
1008
2004
40C2
81C1
8141
8241
86C1
8CC1
8FE1
80C1
80C1
40C2
4002
300C
0C30
03C0
ENDCHAR
STARTCHAR uni2784
ENCODING 10116
SWIDTH 1000 0
DWIDTH 18 0
BBX 16 17 1 -2
BITMAP
0FF0
1008
2004
43E2
83E1
8201
8201
87E1
8021
8021
8021
8661
43C2
4002
300C
0C30
03C0
ENDCHAR
STARTCHAR uni2785
ENCODING 10117
SWIDTH 1000 0
DWIDTH 18 0
BBX 16 17 1 -2
BITMAP
0FF0
1008
2004
41C2
8761
8401
8401
8FC1
8E61
8C21
8421
8661
43C2
4002
300C
0C30
03C0
ENDCHAR
STARTCHAR uni2786
ENCODING 10118
SWIDTH 1000 0
DWIDTH 18 0
BBX 16 17 1 -2
BITMAP
0FF0
1008
2004
47E2
87E1
8041
80C1
8081
8181
8181
8101
8101
4102
4002
300C
0C30
03C0
ENDCHAR
STARTCHAR uni2787
ENCODING 10119
SWIDTH 1000 0
DWIDTH 18 0
BBX 16 17 1 -2
BITMAP
0FF0
1008
2004
43C2
8661
8421
8621
83C1
82C1
8421
8421
8661
43C2
4002
300C
0C30
03C0
ENDCHAR
STARTCHAR uni2788
ENCODING 10120
SWIDTH 1000 0
DWIDTH 18 0
BBX 16 17 1 -2
BITMAP
0FF0
1008
2004
43C2
8661
8421
8431
8631
83F1
8021
8021
8661
4382
4002
300C
0C30
03C0
ENDCHAR
STARTCHAR uni2789
ENCODING 10121
SWIDTH 1000 0
DWIDTH 18 0
BBX 16 17 1 -2
BITMAP
0FF0
1008
2004
4C62
9CD1
8C99
8D89
8D89
8D89
8D89
8C99
8CD1
4C72
4002
300C
0C30
03C0
ENDCHAR
STARTCHAR uni278A
ENCODING 10122
SWIDTH 1000 0
DWIDTH 18 0
BBX 16 17 1 -2
BITMAP
07E0
1FF8
3FFC
7F7E
FC7F
FF7F
FF7F
FF7F
FF7F
FF7F
FF7F
FF7F
7F7E
3FFC
1FF8
0FF0
0180
ENDCHAR
STARTCHAR uni278B
ENCODING 10123
SWIDTH 1000 0
DWIDTH 18 0
BBX 16 17 1 -2
BITMAP
07E0
1FF8
3FFC
7C3E
F99F
FFDF
FFDF
FF9F
FF3F
FE7F
FCFF
F90F
780E
3FFC
1FF8
0FF0
0180
ENDCHAR
STARTCHAR uni278C
ENCODING 10124
SWIDTH 1000 0
DWIDTH 18 0
BBX 16 17 1 -2
BITMAP
07E0
1FF8
3FFC
7C3E
F99F
FFDF
FF9F
FE7F
FF1F
FFDF
FFDF
F99F
7C3E
3FFC
1FF8
0FF0
0180
ENDCHAR
STARTCHAR uni278D
ENCODING 10125
SWIDTH 1000 0
DWIDTH 18 0
BBX 16 17 1 -2
BITMAP
07E0
1FF8
3FFC
7F3E
FE3F
FEBF
FDBF
F9BF
F3BF
F41F
FFBF
FFBF
7FBE
3FFC
1FF8
0FF0
0180
ENDCHAR
STARTCHAR uni278E
ENCODING 10126
SWIDTH 1000 0
DWIDTH 18 0
BBX 16 17 1 -2
BITMAP
07E0
1FF8
3FFC
7C1E
FC1F
FDFF
FDFF
F81F
FFDF
FFDF
FFDF
F99F
7C3E
3FFC
1FF8
0FF0
0180
ENDCHAR
STARTCHAR uni278F
ENCODING 10127
SWIDTH 1000 0
DWIDTH 18 0
BBX 16 17 1 -2
BITMAP
07E0
1FF8
3FFC
7E3E
F89F
FBFF
FBFF
F23F
F19F
F3DF
FBDF
F99F
7C3E
3FFC
1FF8
0FF0
0180
ENDCHAR
STARTCHAR uni2790
ENCODING 10128
SWIDTH 1000 0
DWIDTH 18 0
BBX 16 17 1 -2
BITMAP
07E0
1FF8
3FFC
781E
F85F
FFBF
FF3F
FF7F
FE7F
FE7F
FEFF
FEFF
7EFE
3FFC
1FF8
0FF0
0180
ENDCHAR
STARTCHAR uni2791
ENCODING 10129
SWIDTH 1000 0
DWIDTH 18 0
BBX 16 17 1 -2
BITMAP
07E0
1FF8
3FFC
7C3E
F99F
FBDF
F9DF
FCBF
FD3F
FBDF
FBDF
F99F
7C3E
3FFC
1FF8
0FF0
0180
ENDCHAR
STARTCHAR uni2792
ENCODING 10130
SWIDTH 1000 0
DWIDTH 18 0
BBX 16 17 1 -2
BITMAP
07E0
1FF8
3FFC
7C3E
F99F
FBDF
FBCF
F9CF
FC4F
FFDF
FFDF
F99F
7C7E
3FFC
1FF8
0FF0
0180
ENDCHAR
STARTCHAR uni2793
ENCODING 10131
SWIDTH 1000 0
DWIDTH 18 0
BBX 16 17 1 -2
BITMAP
07E0
1FF8
3FFC
739E
E32F
F367
F277
F277
F277
F277
F367
F32F
738E
3FFC
1FF8
0FF0
0180
ENDCHAR
STARTCHAR uni27A1
ENCODING 10145
SWIDTH 1000 0
DWIDTH 18 0
BBX 16 12 1 1
BITMAP
0040
0060
0070
FFF8
FFFC
FFFF
FFFF
FFFE
FFFC
0078
0060
0040
ENDCHAR
STARTCHAR uni2934
ENCODING 10548
SWIDTH 1000 0
DWIDTH 18 0
BBX 17 16 1 -1
BITMAP
000800
001C00
003E00
006B00
00C980
000800
000800
001800
001800
001000
003000
002000
004000
018000
070000
FC0000
ENDCHAR
STARTCHAR uni2935
ENCODING 10549
SWIDTH 1000 0
DWIDTH 18 0
BBX 17 17 1 -2
BITMAP
F80000
1E0000
018000
00C000
006000
003000
001000
001000
001800
000800
000800
00C980
006B00
003E00
001C00
000800
000800
ENDCHAR
STARTCHAR uni29BF
ENCODING 10687
SWIDTH 1000 0
DWIDTH 18 0
BBX 16 16 1 -1
BITMAP
07E0
1818
2004
4002
4002
8181
83C1
87E1
87E1
87E1
83C1
8001
4002
2004
1008
0FF0
ENDCHAR
STARTCHAR uni29FA
ENCODING 10746
SWIDTH 1000 0
DWIDTH 18 0
BBX 14 14 2 0
BITMAP
0840
0840
0840
0840
0840
0840
0840
FFFC
0840
0840
0840
0840
0840
0840
ENDCHAR
STARTCHAR uni29FB
ENCODING 10747
SWIDTH 1000 0
DWIDTH 18 0
BBX 14 14 2 0
BITMAP
1320
1320
1320
1320
1320
1320
1320
FFFC
1320
1320
1320
1320
1320
1320
ENDCHAR
STARTCHAR uni2B05
ENCODING 11013
SWIDTH 1000 0
DWIDTH 18 0
BBX 16 12 1 1
BITMAP
0200
0600
0E00
1FFF
3FFF
FFFF
FFFF
7FFF
3FFF
1E00
0600
0200
ENDCHAR
STARTCHAR uni2B06
ENCODING 11014
SWIDTH 1000 0
DWIDTH 18 0
BBX 12 16 3 -1
BITMAP
0600
0600
0F00
1F80
3FC0
7FE0
FFF0
1F80
1F80
1F80
1F80
1F80
1F80
1F80
1F80
1F80
ENDCHAR
STARTCHAR uni2B07
ENCODING 11015
SWIDTH 1000 0
DWIDTH 18 0
BBX 12 17 3 -2
BITMAP
1F80
1F80
1F80
1F80
1F80
1F80
1F80
1F80
1F80
FFF0
7FE0
3FC0
3FC0
1F80
0F00
0600
0400
ENDCHAR
STARTCHAR uni2B1A
ENCODING 11034
SWIDTH 1000 0
DWIDTH 18 0
BBX 16 16 1 -1
BITMAP
D24B
8001
0000
8001
8001
0000
8001
8001
0000
8001
0000
0000
8001
0000
0000
D24B
ENDCHAR
STARTCHAR uni2B95
ENCODING 11157
SWIDTH 1000 0
DWIDTH 18 0
BBX 16 12 1 1
BITMAP
0040
0060
0070
FFF8
FFFC
FFFF
FFFF
FFFE
FFFC
0078
0060
0040
ENDCHAR
STARTCHAR uni2E3A
ENCODING 11834
SWIDTH 1667 0
DWIDTH 30 0
BBX 28 2 1 4
BITMAP
00000000
00000000
ENDCHAR
STARTCHAR uni2E3B
ENCODING 11835
SWIDTH 2444 0
DWIDTH 44 0
BBX 42 2 1 4
BITMAP
000000000000
000000000000
ENDCHAR
STARTCHAR uni2EAB
ENCODING 11947
SWIDTH 1000 0
DWIDTH 18 0
BBX 14 7 2 7
BITMAP
FFFC
88C4
88C4
88C4
88C4
FFFC
8004
ENDCHAR
STARTCHAR uni3000
ENCODING 12288
SWIDTH 1000 0
DWIDTH 18 0
BBX 0 0 0 0
BITMAP
ENDCHAR
STARTCHAR uni3001
ENCODING 12289
SWIDTH 1000 0
DWIDTH 18 0
BBX 5 5 1 -1
BITMAP
C0
60
30
18
18
ENDCHAR
STARTCHAR uni3002
ENCODING 12290
SWIDTH 1000 0
DWIDTH 18 0
BBX 5 5 1 -1
BITMAP
F8
88
88
88
70
ENDCHAR
STARTCHAR uni3003
ENCODING 12291
SWIDTH 1000 0
DWIDTH 18 0
BBX 10 9 4 2
BITMAP
18C0
3080
3180
2180
6100
4300
4200
C200
8400
ENDCHAR
STARTCHAR uni3004
ENCODING 12292
SWIDTH 1000 0
DWIDTH 18 0
BBX 16 16 1 -1
BITMAP
0700
1808
200C
400A
400A
8091
8091
8161
8101
8701
8501
8401
4602
2204
3208
0CF0
ENDCHAR
STARTCHAR uni3005
ENCODING 12293
SWIDTH 1000 0
DWIDTH 18 0
BBX 13 14 2 0
BITMAP
0600
0600
0400
0FF0
0FF8
1810
3030
2020
6060
CE40
03C0
01C0
0060
0030
ENDCHAR
STARTCHAR uni3006
ENCODING 12294
SWIDTH 1000 0
DWIDTH 18 0
BBX 13 15 3 -1
BITMAP
0018
0030
0060
3040
38C0
0F80
0700
0780
04E0
8C70
9810
B000
A000
E000
C000
ENDCHAR
STARTCHAR uni3007
ENCODING 12295
SWIDTH 1000 0
DWIDTH 18 0
BBX 16 16 1 -1
BITMAP
07E0
1E78
300C
6006
4002
C003
8001
8001
8001
8001
C003
4002
6006
300C
1C38
07E0
ENDCHAR
STARTCHAR uni3008
ENCODING 12296
SWIDTH 1000 0
DWIDTH 18 0
BBX 6 17 11 -2
BITMAP
0C
08
18
10
20
60
40
80
80
C0
60
20
30
10
08
0C
08
ENDCHAR
STARTCHAR uni3009
ENCODING 12297
SWIDTH 1000 0
DWIDTH 18 0
BBX 6 17 1 -2
BITMAP
C0
40
60
20
10
18
08
04
04
0C
18
10
30
20
40
C0
40
ENDCHAR
STARTCHAR uni300A
ENCODING 12298
SWIDTH 1000 0
DWIDTH 18 0
BBX 7 17 10 -2
BITMAP
1A
12
24
24
48
48
90
90
B0
90
58
48
2C
24
16
12
1A
ENDCHAR
STARTCHAR uni300B
ENCODING 12299
SWIDTH 1000 0
DWIDTH 18 0
BBX 7 17 1 -2
BITMAP
B0
90
48
48
24
24
12
12
1A
12
24
24
68
48
D0
90
B0
ENDCHAR
STARTCHAR uni300C
ENCODING 12300
SWIDTH 1000 0
DWIDTH 18 0
BBX 5 11 12 4
BITMAP
F8
80
80
80
80
80
80
80
80
80
80
ENDCHAR
STARTCHAR uni300D
ENCODING 12301
SWIDTH 1000 0
DWIDTH 18 0
BBX 5 12 1 -2
BITMAP
08
08
08
08
08
08
08
08
08
08
F8
F8
ENDCHAR
STARTCHAR uni300E
ENCODING 12302
SWIDTH 1000 0
DWIDTH 18 0
BBX 6 12 11 3
BITMAP
FC
84
BC
A0
A0
A0
A0
A0
A0
A0
A0
E0
ENDCHAR
STARTCHAR uni300F
ENCODING 12303
SWIDTH 1000 0
DWIDTH 18 0
BBX 6 12 1 -2
BITMAP
1C
14
14
14
14
14
14
14
14
E4
84
FC
ENDCHAR
STARTCHAR uni3010
ENCODING 12304
SWIDTH 1000 0
DWIDTH 18 0
BBX 5 17 12 -2
BITMAP
F8
F0
E0
E0
C0
C0
C0
C0
C0
C0
C0
C0
E0
E0
F0
F0
F8
ENDCHAR
STARTCHAR uni3011
ENCODING 12305
SWIDTH 1000 0
DWIDTH 18 0
BBX 5 17 1 -2
BITMAP
F8
78
38
38
18
18
18
18
18
18
18
18
38
38
78
78
F8
ENDCHAR
STARTCHAR uni3012
ENCODING 12306
SWIDTH 1000 0
DWIDTH 18 0
BBX 12 13 3 0
BITMAP
FFF0
FFF0
0000
0000
FFF0
0600
0600
0600
0600
0600
0600
0600
0600
ENDCHAR
STARTCHAR uni3013
ENCODING 12307
SWIDTH 1000 0
DWIDTH 18 0
BBX 14 14 2 0
BITMAP
FFFC
FFFC
FFFC
FFFC
FFFC
0000
0000
0000
0000
FFFC
FFFC
FFFC
FFFC
FFFC
ENDCHAR
STARTCHAR uni3014
ENCODING 12308
SWIDTH 1000 0
DWIDTH 18 0
BBX 4 17 13 -2
BITMAP
30
60
80
80
80
80
80
80
80
80
80
80
80
80
C0
30
10
ENDCHAR
STARTCHAR uni3015
ENCODING 12309
SWIDTH 1000 0
DWIDTH 18 0
BBX 4 17 1 -2
BITMAP
C0
60
10
10
10
10
10
10
10
10
10
10
10
10
30
C0
80
ENDCHAR
STARTCHAR uni3016
ENCODING 12310
SWIDTH 1000 0
DWIDTH 18 0
BBX 6 17 11 -2
BITMAP
FC
90
90
A0
A0
C0
C0
C0
C0
C0
C0
C0
A0
A0
90
88
FC
ENDCHAR
STARTCHAR uni3017
ENCODING 12311
SWIDTH 1000 0
DWIDTH 18 0
BBX 6 17 1 -2
BITMAP
FC
44
24
14
14
0C
0C
0C
0C
0C
0C
0C
14
14
24
44
FC
ENDCHAR
STARTCHAR uni3018
ENCODING 12312
SWIDTH 1000 0
DWIDTH 18 0
BBX 6 18 12 -2
BITMAP
08
38
44
98
A0
A0
A0
A0
A0
A0
A0
A0
A0
A0
90
CC
28
10
ENDCHAR
STARTCHAR uni3019
ENCODING 12313
SWIDTH 1000 0
DWIDTH 18 0
BBX 6 18 0 -2
BITMAP
40
70
88
64
14
14
14
14
14
14
14
14
14
14
24
CC
50
20
ENDCHAR
STARTCHAR uni301A
ENCODING 12314
SWIDTH 1000 0
DWIDTH 18 0
BBX 4 17 13 -2
BITMAP
F0
A0
A0
A0
A0
A0
A0
A0
A0
A0
A0
A0
A0
A0
A0
A0
F0
ENDCHAR
STARTCHAR uni301B
ENCODING 12315
SWIDTH 1000 0
DWIDTH 18 0
BBX 4 17 1 -2
BITMAP
F0
50
50
50
50
50
50
50
50
50
50
50
50
50
50
50
F0
ENDCHAR
STARTCHAR uni301C
ENCODING 12316
SWIDTH 1000 0
DWIDTH 18 0
BBX 16 5 1 4
BITMAP
3E00
6303
C1C7
80FE
0010
ENDCHAR
STARTCHAR uni301D
ENCODING 12317
SWIDTH 1000 0
DWIDTH 18 0
BBX 5 7 12 8
BITMAP
C0
60
18
48
E0
30
08
ENDCHAR
STARTCHAR uni301E
ENCODING 12318
SWIDTH 1000 0
DWIDTH 18 0
BBX 5 7 1 8
BITMAP
18
30
C0
90
38
60
80
ENDCHAR
STARTCHAR uni301F
ENCODING 12319
SWIDTH 1000 0
DWIDTH 18 0
BBX 5 8 1 -2
BITMAP
80
C0
30
18
C0
60
18
08
ENDCHAR
STARTCHAR uni3020
ENCODING 12320
SWIDTH 1000 0
DWIDTH 18 0
BBX 16 13 1 0
BITMAP
3FFC
0000
0000
3FFC
0180
D99B
A5AD
A5A9
5992
4812
2664
1998
07E0
ENDCHAR
STARTCHAR uni3021
ENCODING 12321
SWIDTH 1000 0
DWIDTH 18 0
BBX 2 16 8 -1
BITMAP
C0
C0
C0
C0
C0
C0
C0
C0
C0
C0
C0
C0
C0
C0
C0
C0
ENDCHAR
STARTCHAR uni3022
ENCODING 12322
SWIDTH 1000 0
DWIDTH 18 0
BBX 6 16 6 -1
BITMAP
04
04
84
84
84
84
84
84
84
84
84
84
84
84
04
04
ENDCHAR
STARTCHAR uni3023
ENCODING 12323
SWIDTH 1000 0
DWIDTH 18 0
BBX 11 16 4 -1
BITMAP
0060
8060
8060
8460
8460
8460
8460
8460
8460
8460
8460
8460
8460
8060
0060
0060
ENDCHAR
STARTCHAR uni3024
ENCODING 12324
SWIDTH 1000 0
DWIDTH 18 0
BBX 14 14 2 0
BITMAP
0018
1010
3830
0C30
0620
0360
01C0
00C0
01E0
0370
0630
1C18
780C
E008
ENDCHAR
STARTCHAR uni3025
ENCODING 12325
SWIDTH 1000 0
DWIDTH 18 0
BBX 9 15 4 -1
BITMAP
3000
3300
2100
6180
4180
F300
1E00
3F00
6180
4080
4080
4080
6180
3F00
0C00
ENDCHAR
STARTCHAR uni3026
ENCODING 12326
SWIDTH 1000 0
DWIDTH 18 0
BBX 16 6 1 8
BITMAP
0180
0180
0180
0180
0000
FFFF
ENDCHAR
STARTCHAR uni3027
ENCODING 12327
SWIDTH 1000 0
DWIDTH 18 0
BBX 16 11 1 3
BITMAP
0180
0180
0180
0000
FFFF
0000
0000
0000
0000
0000
1FF8
ENDCHAR
STARTCHAR uni3028
ENCODING 12328
SWIDTH 1000 0
DWIDTH 18 0
BBX 16 14 1 0
BITMAP
0180
0180
0180
0000
FFFF
0000
0000
0000
1FF8
0000
0000
0000
0000
FFFF
ENDCHAR
STARTCHAR uni3029
ENCODING 12329
SWIDTH 1000 0
DWIDTH 18 0
BBX 14 16 2 -1
BITMAP
0300
0300
0300
7FF8
7FF0
0030
6030
3060
1840
0CC0
0780
0380
0EC0
3870
E01C
8000
ENDCHAR
STARTCHAR uni302A
ENCODING 12330
SWIDTH 0 0
DWIDTH 0 0
BBX 3 3 -18 -5
BITMAP
60
A0
E0
ENDCHAR
STARTCHAR uni302B
ENCODING 12331
SWIDTH 0 0
DWIDTH 0 0
BBX 3 3 -18 16
BITMAP
E0
A0
E0
ENDCHAR
STARTCHAR uni302C
ENCODING 12332
SWIDTH 0 0
DWIDTH 0 0
BBX 3 3 -3 16
BITMAP
E0
A0
E0
ENDCHAR
STARTCHAR uni302D
ENCODING 12333
SWIDTH 0 0
DWIDTH 0 0
BBX 3 3 -3 -5
BITMAP
C0
A0
E0
ENDCHAR
STARTCHAR uni302E
ENCODING 12334
SWIDTH 222 0
DWIDTH 4 0
BBX 3 2 1 6
BITMAP
C0
E0
ENDCHAR
STARTCHAR uni302F
ENCODING 12335
SWIDTH 222 0
DWIDTH 4 0
BBX 3 6 1 4
BITMAP
C0
E0
40
00
C0
E0
ENDCHAR
STARTCHAR uni3030
ENCODING 12336
SWIDTH 1000 0
DWIDTH 18 0
BBX 18 5 0 4
BITMAP
C1E0C0
633180
221100
361B00
080400
ENDCHAR
STARTCHAR uni3031
ENCODING 12337
SWIDTH 1000 0
DWIDTH 18 0
BBX 10 34 3 -10
BITMAP
0080
0180
0180
0300
0300
0600
0400
0C00
0800
1800
1000
3000
2000
6000
4000
C000
C000
4000
6000
6000
3000
1000
1800
0C00
0C00
0600
0600
0300
0300
0180
0180
00C0
00C0
0040
ENDCHAR
STARTCHAR uni3032
ENCODING 12338
SWIDTH 1000 0
DWIDTH 18 0
BBX 12 34 3 -10
BITMAP
0080
0180
0180
0300
0300
0600
0400
0C20
0990
18D0
1040
3000
2000
6000
4000
C000
C000
4000
6000
6000
3000
1000
1800
0C00
0C00
0600
0600
0300
0300
0180
0180
00C0
00C0
0040
ENDCHAR
STARTCHAR uni3033
ENCODING 12339
SWIDTH 1000 0
DWIDTH 18 0
BBX 9 17 3 -2
BITMAP
0080
0180
0180
0300
0300
0600
0400
0C00
0800
1800
1000
3000
2000
6000
4000
C000
C000
ENDCHAR
STARTCHAR uni3034
ENCODING 12340
SWIDTH 1000 0
DWIDTH 18 0
BBX 12 17 3 -2
BITMAP
0080
0180
0180
0300
0300
0600
0400
0C20
0990
18D0
1040
3000
2000
6000
4000
C000
C000
ENDCHAR
STARTCHAR uni3035
ENCODING 12341
SWIDTH 1000 0
DWIDTH 18 0
BBX 9 17 4 -1
BITMAP
8000
C000
C000
6000
2000
3000
1800
1800
0C00
0C00
0600
0600
0300
0300
0180
0180
0080
ENDCHAR
STARTCHAR uni3036
ENCODING 12342
SWIDTH 1000 0
DWIDTH 18 0
BBX 16 16 1 -1
BITMAP
0FF0
1008
2004
4002
9FF9
9FF9
8001
9FF9
8181
8181
8181
8181
4182
2184
1008
0FF0
ENDCHAR
STARTCHAR uni3037
ENCODING 12343
SWIDTH 1000 0
DWIDTH 18 0
BBX 16 16 1 -1
BITMAP
4241
C243
4662
6422
2436
2C14
181C
1808
1808
181C
3C14
2436
6422
4662
C243
83C1
ENDCHAR
STARTCHAR uni3038
ENCODING 12344
SWIDTH 1000 0
DWIDTH 18 0
BBX 16 16 1 -1
BITMAP
0180
0180
0180
0180
0180
0180
FFFF
0180
0180
0180
0180
0180
0180
0180
0180
0180
ENDCHAR
STARTCHAR uni3039
ENCODING 12345
SWIDTH 1000 0
DWIDTH 18 0
BBX 16 16 1 -1
BITMAP
0420
0420
0420
0420
0420
FFFF
FFFF
0420
0420
0420
0420
0420
0420
0420
0420
0420
ENDCHAR
STARTCHAR uni303A
ENCODING 12346
SWIDTH 1000 0
DWIDTH 18 0
BBX 16 16 1 -1
BITMAP
1808
1888
1888
1888
1888
1888
FFFF
1888
1888
1088
1088
1088
3088
3088
6088
4008
ENDCHAR
STARTCHAR uni303B
ENCODING 12347
SWIDTH 1000 0
DWIDTH 18 0
BBX 9 16 4 -1
BITMAP
6000
2000
3000
1800
0C00
0700
0F80
F800
6000
2000
3000
1C00
0700
0780
1C00
3000
ENDCHAR
STARTCHAR uni303C
ENCODING 12348
SWIDTH 1000 0
DWIDTH 18 0
BBX 14 14 2 0
BITMAP
FFFC
800C
8014
8024
8044
8084
8104
8204
8404
8804
9004
A004
C004
FFFC
ENDCHAR
STARTCHAR uni303D
ENCODING 12349
SWIDTH 1000 0
DWIDTH 18 0
BBX 15 13 2 0
BITMAP
2300
5480
8880
8040
0040
0020
0020
0010
0010
0008
0004
0004
0002
ENDCHAR
STARTCHAR uni303E
ENCODING 12350
SWIDTH 1000 0
DWIDTH 18 0
BBX 16 16 1 -1
BITMAP
D24B
8001
0000
8001
8711
08E0
8041
8081
0FF0
8081
0FF0
0100
8201
0000
0000
D24B
ENDCHAR
STARTCHAR uni303F
ENCODING 12351
SWIDTH 1000 0
DWIDTH 18 0
BBX 10 14 4 0
BITMAP
FFC0
8040
A140
A140
9240
8C40
8C40
8C40
8C40
9240
9240
A140
A140
FFC0
ENDCHAR
STARTCHAR uni3041
ENCODING 12353
SWIDTH 1000 0
DWIDTH 18 0
BBX 12 13 3 -1
BITMAP
0C00
0C20
7FE0
08C0
0B80
1EE0
39B0
6910
4A10
8E10
DC30
74E0
0180
ENDCHAR
STARTCHAR uni3042
ENCODING 12354
SWIDTH 1000 0
DWIDTH 18 0
BBX 14 15 2 -1
BITMAP
0600
0410
7FF0
0400
0420
0FF0
1C58
3CCC
6C84
4584
8704
860C
DC18
7670
00C0
ENDCHAR
STARTCHAR uni3043
ENCODING 12355
SWIDTH 1000 0
DWIDTH 18 0
BBX 12 10 3 0
BITMAP
C0C0
C060
C060
C020
4030
4010
4410
4610
6400
3C00
ENDCHAR
STARTCHAR uni3044
ENCODING 12356
SWIDTH 1000 0
DWIDTH 18 0
BBX 15 13 2 0
BITMAP
C000
C030
C010
C018
C008
C00C
400C
4004
4204
6306
6200
3E00
1C00
ENDCHAR
STARTCHAR uni3045
ENCODING 12357
SWIDTH 1000 0
DWIDTH 18 0
BBX 10 12 4 -1
BITMAP
3F80
0080
0000
1F00
F180
00C0
0040
00C0
00C0
0180
2F00
1C00
ENDCHAR
STARTCHAR uni3046
ENCODING 12358
SWIDTH 1000 0
DWIDTH 18 0
BBX 11 15 3 -1
BITMAP
3E00
0FC0
0000
0000
0F80
F8E0
8060
0020
0020
0020
0060
00C0
0380
1F00
1800
ENDCHAR
STARTCHAR uni3047
ENCODING 12359
SWIDTH 1000 0
DWIDTH 18 0
BBX 12 12 3 -1
BITMAP
1F80
0080
0000
5FC0
7D80
0300
0600
0E00
1B00
3100
6190
C0F0
ENDCHAR
STARTCHAR uni3048
ENCODING 12360
SWIDTH 1000 0
DWIDTH 18 0
BBX 14 15 2 -1
BITMAP
1F00
03E0
0000
0000
07E0
7FC0
0180
0300
0600
0F00
1980
3080
6080
C0FC
407C
ENDCHAR
STARTCHAR uni3049
ENCODING 12361
SWIDTH 1000 0
DWIDTH 18 0
BBX 13 12 3 -1
BITMAP
1800
1840
FF30
7818
1800
1FC0
1C60
7830
D830
9820
D8E0
3380
ENDCHAR
STARTCHAR uni304A
ENCODING 12362
SWIDTH 1000 0
DWIDTH 18 0
BBX 15 15 2 -1
BITMAP
0800
0800
09B8
FF8C
0806
0800
0800
0FF0
3818
680C
C80C
8808
C838
79F0
1100
ENDCHAR
STARTCHAR uni304B
ENCODING 12363
SWIDTH 1000 0
DWIDTH 18 0
BBX 16 15 1 -1
BITMAP
0600
0600
040C
0584
FFE6
0C22
0823
0823
1821
1820
1060
3060
2040
67C0
2100
ENDCHAR
STARTCHAR uni304C
ENCODING 12364
SWIDTH 1000 0
DWIDTH 18 0
BBX 17 16 1 -1
BITMAP
000700
060D00
040780
040800
040C00
FFC400
8C6600
082200
182300
186100
106000
306000
204000
604000
E7C000
430000
ENDCHAR
STARTCHAR uni304D
ENCODING 12365
SWIDTH 1000 0
DWIDTH 18 0
BBX 12 15 3 -1
BITMAP
0200
0260
FFC0
0100
0100
C1F0
FF80
00C0
0040
43E0
C020
C000
4000
7FC0
1FC0
ENDCHAR
STARTCHAR uni304E
ENCODING 12366
SWIDTH 1000 0
DWIDTH 18 0
BBX 15 16 2 -1
BITMAP
0004
0216
032A
7FE8
0100
0180
80F8
FFC0
0040
0060
61E0
4020
4000
4000
78C0
1FC0
ENDCHAR
STARTCHAR uni304F
ENCODING 12367
SWIDTH 1000 0
DWIDTH 18 0
BBX 9 15 4 -1
BITMAP
0180
0300
0E00
1800
3000
6000
C000
C000
6000
3000
1800
0C00
0700
0380
0180
ENDCHAR
STARTCHAR uni3050
ENCODING 12368
SWIDTH 1000 0
DWIDTH 18 0
BBX 12 15 3 -1
BITMAP
0180
0380
0600
0C20
18B0
70D0
6040
C000
7000
3800
0C00
0600
0300
01C0
0080
ENDCHAR
STARTCHAR uni3051
ENCODING 12369
SWIDTH 1000 0
DWIDTH 18 0
BBX 15 15 2 -1
BITMAP
6030
4030
4030
4032
C7FE
C030
C030
8030
B030
E030
E020
E060
4060
40C0
0180
ENDCHAR
STARTCHAR uni3052
ENCODING 12370
SWIDTH 1000 0
DWIDTH 18 0
BBX 16 16 2 -1
BITMAP
0002
402A
4025
C028
C020
C7FC
8120
8020
8020
A020
A020
A020
E060
C040
40C0
0380
ENDCHAR
STARTCHAR uni3053
ENCODING 12371
SWIDTH 1000 0
DWIDTH 18 0
BBX 12 13 3 0
BITMAP
6060
7FE0
0000
0000
0000
0000
0000
8000
C000
C000
C000
6010
3FF0
ENDCHAR
STARTCHAR uni3054
ENCODING 12372
SWIDTH 1000 0
DWIDTH 18 0
BBX 15 16 3 -1
BITMAP
0008
0034
0016
7FE8
0000
0000
0000
0000
0000
0000
C000
8000
8000
C010
7FF0
0F80
ENDCHAR
STARTCHAR uni3055
ENCODING 12373
SWIDTH 1000 0
DWIDTH 18 0
BBX 13 15 3 -1
BITMAP
0300
0100
0130
FFF8
0080
00C0
0040
0060
61F0
4020
C000
C000
6000
7FE0
0FC0
ENDCHAR
STARTCHAR uni3056
ENCODING 12374
SWIDTH 1000 0
DWIDTH 18 0
BBX 14 17 3 -1
BITMAP
0008
002C
0214
0310
0130
FFF0
0180
0080
00C0
0040
43E0
C060
C000
C000
C000
7FC0
1FC0
ENDCHAR
STARTCHAR uni3057
ENCODING 12375
SWIDTH 1000 0
DWIDTH 18 0
BBX 12 15 4 -1
BITMAP
C000
C000
C000
C000
C000
C000
C000
C000
C000
C000
C010
C030
C0E0
7FC0
3E00
ENDCHAR
STARTCHAR uni3058
ENCODING 12376
SWIDTH 1000 0
DWIDTH 18 0
BBX 12 15 4 -1
BITMAP
C000
C0C0
C240
C120
C180
C000
C000
C000
C000
C000
C020
C030
C0E0
7380
3F00
ENDCHAR
STARTCHAR uni3059
ENCODING 12377
SWIDTH 1000 0
DWIDTH 18 0
BBX 15 15 2 -1
BITMAP
0080
0080
FFFE
C080
0080
0780
0C80
08C0
18C0
0CC0
07C0
0180
0300
1E00
0C00
ENDCHAR
STARTCHAR uni305A
ENCODING 12378
SWIDTH 1000 0
DWIDTH 18 0
BBX 16 16 1 -1
BITMAP
0006
00DA
00CB
FFFE
FFFE
00C0
03C0
0CC0
0840
0840
0CC0
07C0
00C0
0180
0700
0E00
ENDCHAR
STARTCHAR uni305B
ENCODING 12379
SWIDTH 1000 0
DWIDTH 18 0
BBX 16 14 1 0
BITMAP
0010
0810
0810
0810
0BFF
FF90
0810
0810
0810
08F0
0800
0800
0C04
07FC
ENDCHAR
STARTCHAR uni305C
ENCODING 12380
SWIDTH 1000 0
DWIDTH 18 0
BBX 17 15 0 -1
BITMAP
001B80
0C0A80
0C0B80
0C0800
0C7F00
FFF800
4C1800
0C1800
0C1800
0C7800
0C0000
0C0000
040000
07FC00
01F000
ENDCHAR
STARTCHAR uni305D
ENCODING 12381
SWIDTH 1000 0
DWIDTH 18 0
BBX 14 15 2 -1
BITMAP
01E0
1FF0
00C0
0180
0200
0C00
1FFC
FF00
0600
0400
0C00
0C00
0600
03E0
00E0
ENDCHAR
STARTCHAR uni305E
ENCODING 12382
SWIDTH 1000 0
DWIDTH 18 0
BBX 15 15 1 -1
BITMAP
00E0
1FF0
00DE
018A
0308
0600
1FFC
FD80
0200
0400
0400
0400
0600
03F0
00F0
ENDCHAR
STARTCHAR uni305F
ENCODING 12383
SWIDTH 1000 0
DWIDTH 18 0
BBX 14 15 2 -1
BITMAP
0C00
0C00
0B80
FF00
0800
18FC
10CC
1000
3000
3000
2100
6300
6100
C1FC
4000
ENDCHAR
STARTCHAR uni3060
ENCODING 12384
SWIDTH 1000 0
DWIDTH 18 0
BBX 16 15 1 -1
BITMAP
0402
040B
0C85
FF84
0C00
087C
08FE
1800
1000
1080
3100
3100
2180
61FE
4038
ENDCHAR
STARTCHAR uni3061
ENCODING 12385
SWIDTH 1000 0
DWIDTH 18 0
BBX 13 15 2 -1
BITMAP
0C00
0800
FFF0
FF00
1800
1000
10C0
3FF0
3818
3008
6008
0018
0038
0FE0
0F80
ENDCHAR
STARTCHAR uni3062
ENCODING 12386
SWIDTH 1000 0
DWIDTH 18 0
BBX 16 16 1 -1
BITMAP
000A
0C09
0C05
8CF0
FFC0
0800
0800
1800
17F0
1C18
300C
200C
000C
0018
09F0
0FC0
ENDCHAR
STARTCHAR uni3063
ENCODING 12387
SWIDTH 1000 0
DWIDTH 18 0
BBX 12 9 3 0
BITMAP
0FC0
7C70
E030
0010
0010
0030
0020
01E0
0F80
ENDCHAR
STARTCHAR uni3064
ENCODING 12388
SWIDTH 1000 0
DWIDTH 18 0
BBX 15 12 1 0
BITMAP
00F0
0FFC
F806
6006
0002
0002
0002
0006
000C
0038
07E0
0700
ENDCHAR
STARTCHAR uni3065
ENCODING 12389
SWIDTH 1000 0
DWIDTH 18 0
BBX 16 15 1 0
BITMAP
0002
000A
000D
0004
07F8
3C0C
E006
8006
0002
0006
0006
000C
0038
03F0
0780
ENDCHAR
STARTCHAR uni3066
ENCODING 12390
SWIDTH 1000 0
DWIDTH 18 0
BBX 14 14 2 -1
BITMAP
03FC
FFE0
8180
0300
0200
0600
0400
0400
0400
0600
0300
0380
00F0
0010
ENDCHAR
STARTCHAR uni3067
ENCODING 12391
SWIDTH 1000 0
DWIDTH 18 0
BBX 16 14 1 -1
BITMAP
00FE
FFF8
40C0
0186
031A
0209
020C
0200
0200
0300
0300
01C0
0078
0018
ENDCHAR
STARTCHAR uni3068
ENCODING 12392
SWIDTH 1000 0
DWIDTH 18 0
BBX 11 15 4 -1
BITMAP
C000
4000
6040
61E0
3700
3C00
3800
6000
C000
8000
8000
8000
C020
7FE0
0400
ENDCHAR
STARTCHAR uni3069
ENCODING 12393
SWIDTH 1000 0
DWIDTH 18 0
BBX 14 16 3 -1
BITMAP
0008
4024
6014
6050
20E0
3380
1600
1800
3000
6000
C000
C000
C000
C000
7FF0
1FC0
ENDCHAR
STARTCHAR uni306A
ENCODING 12394
SWIDTH 1000 0
DWIDTH 18 0
BBX 15 15 2 -1
BITMAP
0C00
0C00
0F20
FE38
180E
1044
3040
2040
6040
4040
C7E0
0878
086C
0CC4
0780
ENDCHAR
STARTCHAR uni306B
ENCODING 12395
SWIDTH 1000 0
DWIDTH 18 0
BBX 14 15 2 -1
BITMAP
6000
4000
43FC
4000
4000
C000
C000
C000
E000
F200
E600
E600
C3FC
41FC
4000
ENDCHAR
STARTCHAR uni306C
ENCODING 12396
SWIDTH 1000 0
DWIDTH 18 0
BBX 16 14 1 0
BITMAP
00C0
0080
60E0
27F8
3C8C
1186
3186
7902
4B02
CE06
C6FE
CC86
788F
30F9
ENDCHAR
STARTCHAR uni306D
ENCODING 12397
SWIDTH 1000 0
DWIDTH 18 0
BBX 17 15 1 -1
BITMAP
0C0000
0C0000
0C3000
FCFC00
8B0400
0E0600
0C0600
180600
380600
687E00
488E00
C98700
888D80
08F800
080000
ENDCHAR
STARTCHAR uni306E
ENCODING 12398
SWIDTH 1000 0
DWIDTH 18 0
BBX 14 14 2 -1
BITMAP
07C0
1D70
3318
630C
C30C
8204
8204
8604
8404
8C0C
F818
7030
01E0
0100
ENDCHAR
STARTCHAR uni306F
ENCODING 12399
SWIDTH 1000 0
DWIDTH 18 0
BBX 15 15 2 -1
BITMAP
6020
4020
4020
47FC
C7FC
C020
C020
8020
8020
A1F0
A638
E43C
C426
C7E0
4180
ENDCHAR
STARTCHAR uni3070
ENCODING 12400
SWIDTH 1000 0
DWIDTH 18 0
BBX 16 16 2 -1
BITMAP
0002
406A
C06B
C06C
C06C
87FC
8020
8020
8020
8020
A1A0
E7F0
CC3C
CC26
C7E4
C3C0
ENDCHAR
STARTCHAR uni3071
ENCODING 12401
SWIDTH 1000 0
DWIDTH 18 0
BBX 16 16 2 -1
BITMAP
000E
4069
C06A
C064
C06C
87FC
8020
8020
8020
8020
A1A0
E7F0
CC3C
CC26
C7E4
C3C0
ENDCHAR
STARTCHAR uni3072
ENCODING 12402
SWIDTH 1000 0
DWIDTH 18 0
BBX 15 14 2 -1
BITMAP
1E20
FC30
1830
1030
2018
2018
601C
4036
4032
4020
4060
6040
3FC0
1F00
ENDCHAR
STARTCHAR uni3073
ENCODING 12403
SWIDTH 1000 0
DWIDTH 18 0
BBX 16 16 2 -1
BITMAP
0006
000A
0C6B
FE24
1820
1030
2030
6038
402C
4026
4024
C020
4060
4040
71C0
1F00
ENDCHAR
STARTCHAR uni3074
ENCODING 12404
SWIDTH 1000 0
DWIDTH 18 0
BBX 16 16 2 -1
BITMAP
0006
0009
0C69
FE2E
1820
1030
2030
6038
402C
4026
4024
C020
4060
4040
71C0
1F00
ENDCHAR
STARTCHAR uni3075
ENCODING 12405
SWIDTH 1000 0
DWIDTH 18 0
BBX 16 15 1 -1
BITMAP
0200
0780
00E0
0060
00C0
0200
0300
0188
0084
08C6
1862
6063
C061
87C0
0100
ENDCHAR
STARTCHAR uni3076
ENCODING 12406
SWIDTH 1000 0
DWIDTH 18 0
BBX 17 15 0 -1
BITMAP
010000
03C100
006580
003680
004200
000000
030000
018400
00C600
086200
1C2300
302100
E02180
47E100
03C000
ENDCHAR
STARTCHAR uni3077
ENCODING 12407
SWIDTH 1000 0
DWIDTH 18 0
BBX 17 15 0 -1
BITMAP
010000
03C300
006480
003480
004380
000000
030000
018400
00C600
086200
1C2300
302100
E02180
47E100
03C000
ENDCHAR
STARTCHAR uni3078
ENCODING 12408
SWIDTH 1000 0
DWIDTH 18 0
BBX 16 11 1 1
BITMAP
0000
0700
0D80
18C0
3060
3030
6038
C01C
000C
0007
0003
ENDCHAR
STARTCHAR uni3079
ENCODING 12409
SWIDTH 1000 0
DWIDTH 18 0
BBX 16 13 1 0
BITMAP
0004
0032
0713
0F88
1880
10C0
3060
6030
C018
400C
0006
0003
0002
ENDCHAR
STARTCHAR uni307A
ENCODING 12410
SWIDTH 1000 0
DWIDTH 18 0
BBX 16 13 1 0
BITMAP
000C
0012
0712
0F92
188C
10C0
3060
6030
C018
400C
0006
0003
0002
ENDCHAR
STARTCHAR uni307B
ENCODING 12411
SWIDTH 1000 0
DWIDTH 18 0
BBX 15 15 2 -1
BITMAP
6000
43FC
4020
4020
C020
C7FC
C7F0
8020
8020
A1A0
A7F8
E42C
C426
C7E0
4000
ENDCHAR
STARTCHAR uni307C
ENCODING 12412
SWIDTH 1000 0
DWIDTH 18 0
BBX 16 16 2 -1
BITMAP
0002
800A
C7F9
C7F4
8060
8060
807C
87FC
8060
8060
A060
C7F0
CC78
CC6E
C7E4
C380
ENDCHAR
STARTCHAR uni307D
ENCODING 12413
SWIDTH 1000 0
DWIDTH 18 0
BBX 16 16 2 -1
BITMAP
000F
8009
C7FF
C7F0
8060
8060
807C
87FC
8060
8060
A060
C7F0
CC78
CC6E
C7E4
C380
ENDCHAR
STARTCHAR uni307E
ENCODING 12414
SWIDTH 1000 0
DWIDTH 18 0
BBX 13 15 3 -1
BITMAP
0200
0200
FFF0
0200
0200
8210
FFF0
0200
0200
1E00
7F80
C2E0
C238
6610
3C00
ENDCHAR
STARTCHAR uni307F
ENCODING 12415
SWIDTH 1000 0
DWIDTH 18 0
BBX 16 15 1 -1
BITMAP
0040
1FC0
0080
0180
0100
0104
0FC4
3AF4
661C
440F
CC09
C818
7830
0060
00C0
ENDCHAR
STARTCHAR uni3080
ENCODING 12416
SWIDTH 1000 0
DWIDTH 18 0
BBX 15 15 2 -1
BITMAP
1800
1800
FF30
F818
180E
3804
7800
8800
8800
9818
F018
7018
1018
1FF0
0FC0
ENDCHAR
STARTCHAR uni3081
ENCODING 12417
SWIDTH 1000 0
DWIDTH 18 0
BBX 14 15 2 -1
BITMAP
00C0
60C0
2080
2FF0
3898
718C
5104
DB04
8A04
8E04
8E0C
9B0C
F018
01F0
0080
ENDCHAR
STARTCHAR uni3082
ENCODING 12418
SWIDTH 1000 0
DWIDTH 18 0
BBX 14 15 2 -1
BITMAP
0C00
0C00
8C00
FF80
0800
0800
0830
FF98
3F88
180C
180C
180C
0818
0FF0
03C0
ENDCHAR
STARTCHAR uni3083
ENCODING 12419
SWIDTH 1000 0
DWIDTH 18 0
BBX 13 12 2 -1
BITMAP
0700
2100
31F0
1F18
3808
E808
8D18
05F0
0400
0600
0200
0300
ENDCHAR
STARTCHAR uni3084
ENCODING 12420
SWIDTH 1000 0
DWIDTH 18 0
BBX 15 16 1 -1
BITMAP
0100
0380
30C0
30B8
19FE
0F02
3C02
EC02
4486
067C
0200
0300
0300
0100
0180
0180
ENDCHAR
STARTCHAR uni3085
ENCODING 12421
SWIDTH 1000 0
DWIDTH 18 0
BBX 11 13 4 -2
BITMAP
0600
8200
8FC0
B260
E220
C220
9220
9220
9E60
8F80
0C00
1800
0800
ENDCHAR
STARTCHAR uni3086
ENCODING 12422
SWIDTH 1000 0
DWIDTH 18 0
BBX 14 15 2 -1
BITMAP
0180
4080
41E0
47B8
488C
D084
E084
E084
C884
CC8C
4798
43F0
0300
0200
0C00
ENDCHAR
STARTCHAR uni3087
ENCODING 12423
SWIDTH 1000 0
DWIDTH 18 0
BBX 11 12 3 -1
BITMAP
0600
0600
06E0
07E0
0600
0600
0600
3E00
6780
C6C0
4660
7C00
ENDCHAR
STARTCHAR uni3088
ENCODING 12424
SWIDTH 1000 0
DWIDTH 18 0
BBX 13 15 2 -1
BITMAP
0300
0300
0300
03F8
03F8
0300
0300
0300
0300
3F00
63C0
C370
C318
7F08
3C00
ENDCHAR
STARTCHAR uni3089
ENCODING 12425
SWIDTH 1000 0
DWIDTH 18 0
BBX 12 15 3 -1
BITMAP
1C00
0FC0
0040
6000
4000
4000
47C0
5C60
6030
C010
4010
0030
0060
3FC0
1E00
ENDCHAR
STARTCHAR uni308A
ENCODING 12426
SWIDTH 1000 0
DWIDTH 18 0
BBX 10 15 4 -1
BITMAP
C000
CF00
D180
A0C0
E0C0
C040
C040
8040
8040
80C0
00C0
0180
0300
3E00
3000
ENDCHAR
STARTCHAR uni308B
ENCODING 12427
SWIDTH 1000 0
DWIDTH 18 0
BBX 13 15 2 -1
BITMAP
0020
3FF0
00C0
0180
0300
0600
0FE0
3830
6008
C008
0F08
1888
18D8
0EF0
07C0
ENDCHAR
STARTCHAR uni308C
ENCODING 12428
SWIDTH 1000 0
DWIDTH 18 0
BBX 17 15 1 -1
BITMAP
0C0000
0C0000
0C3000
FCF800
8B0800
0E0800
0C0800
180800
380800
681800
481800
C81880
881B80
080E00
080000
ENDCHAR
STARTCHAR uni308D
ENCODING 12429
SWIDTH 1000 0
DWIDTH 18 0
BBX 13 14 2 -1
BITMAP
3FF0
00C0
0180
0300
0600
0FE0
1838
7018
C008
4008
0018
0030
0FE0
0F80
ENDCHAR
STARTCHAR uni308E
ENCODING 12430
SWIDTH 1000 0
DWIDTH 18 0
BBX 13 13 3 -1
BITMAP
1800
1800
1000
F9C0
9770
1810
3018
7018
5010
9030
9060
11C0
1000
ENDCHAR
STARTCHAR uni308F
ENCODING 12431
SWIDTH 1000 0
DWIDTH 18 0
BBX 16 15 1 -1
BITMAP
0C00
0C00
0C00
FC78
89FC
0E06
0C03
1803
3803
6802
4806
C80C
88B8
0860
0800
ENDCHAR
STARTCHAR uni3090
ENCODING 12432
SWIDTH 1000 0
DWIDTH 18 0
BBX 14 15 2 -1
BITMAP
0780
3F00
0100
0300
07E0
1E30
3608
640C
C404
8C04
89CC
9A6C
F238
E370
01E0
ENDCHAR
STARTCHAR uni3091
ENCODING 12433
SWIDTH 1000 0
DWIDTH 18 0
BBX 16 15 1 -1
BITMAP
1FF0
1860
0180
07E0
0C18
300C
678C
08C8
07F0
07C0
0C00
1E7C
23C6
4182
C183
ENDCHAR
STARTCHAR uni3092
ENCODING 12434
SWIDTH 1000 0
DWIDTH 18 0
BBX 14 15 2 -1
BITMAP
0400
0C20
FFE0
0800
1800
360C
3B78
61C0
C380
8D80
1980
1980
1800
1FF8
07F8
ENDCHAR
STARTCHAR uni3093
ENCODING 12435
SWIDTH 1000 0
DWIDTH 18 0
BBX 16 15 1 -1
BITMAP
0180
0100
0300
0600
0600
0C00
0900
1F80
18C0
30C1
30C3
60C2
60C6
C07C
4030
ENDCHAR
STARTCHAR uni3094
ENCODING 12436
SWIDTH 1000 0
DWIDTH 18 0
BBX 15 15 2 -1
BITMAP
1E20
0FC4
0012
000A
0FC8
FCE0
4030
0030
0030
0030
0020
0060
01C0
1F00
0C00
ENDCHAR
STARTCHAR uni3095
ENCODING 12437
SWIDTH 1000 0
DWIDTH 18 0
BBX 13 12 3 -1
BITMAP
0800
0860
0820
FF30
9990
1098
1088
3180
2180
6100
4B00
CE00
ENDCHAR
STARTCHAR uni3096
ENCODING 12438
SWIDTH 1000 0
DWIDTH 18 0
BBX 13 13 3 -2
BITMAP
6040
4040
4040
47F8
4040
C040
C040
E040
E0C0
60C0
4180
4300
0200
ENDCHAR
STARTCHAR uni3099
ENCODING 12441
SWIDTH 0 0
DWIDTH 0 0
BBX 5 4 -5 12
BITMAP
20
90
58
60
ENDCHAR
STARTCHAR uni309A
ENCODING 12442
SWIDTH 0 0
DWIDTH 0 0
BBX 4 4 -4 12
BITMAP
60
90
90
E0
ENDCHAR
STARTCHAR uni309B
ENCODING 12443
SWIDTH 1000 0
DWIDTH 18 0
BBX 5 4 0 11
BITMAP
30
D8
48
20
ENDCHAR
STARTCHAR uni309C
ENCODING 12444
SWIDTH 1000 0
DWIDTH 18 0
BBX 5 4 0 11
BITMAP
70
50
88
70
ENDCHAR
STARTCHAR uni309D
ENCODING 12445
SWIDTH 1000 0
DWIDTH 18 0
BBX 8 11 6 1
BITMAP
40
C0
60
30
18
0C
06
07
1E
78
40
ENDCHAR
STARTCHAR uni309E
ENCODING 12446
SWIDTH 1000 0
DWIDTH 18 0
BBX 10 12 5 1
BITMAP
0D00
0480
C2C0
6200
3000
1800
0C00
0600
0300
0700
3C00
7000
ENDCHAR
STARTCHAR uni309F
ENCODING 12447
SWIDTH 1000 0
DWIDTH 18 0
BBX 14 16 1 -1
BITMAP
0040
00C0
0080
01E0
01FC
0104
0300
0600
05E0
0E30
0C10
1810
3010
2030
E460
4FC0
ENDCHAR
STARTCHAR uni30A0
ENCODING 12448
SWIDTH 1000 0
DWIDTH 18 0
BBX 8 4 5 5
BITMAP
FF
00
00
FF
ENDCHAR
STARTCHAR uni30A1
ENCODING 12449
SWIDTH 1000 0
DWIDTH 18 0
BBX 13 11 3 -1
BITMAP
FFF8
FFF0
0020
0660
05C0
0480
0400
0C00
0800
1800
7000
ENDCHAR
STARTCHAR uni30A2
ENCODING 12450
SWIDTH 1000 0
DWIDTH 18 0
BBX 15 14 2 -1
BITMAP
FFFE
8004
000C
0318
0330
0360
0200
0200
0200
0600
0C00
1C00
7000
2000
ENDCHAR
STARTCHAR uni30A3
ENCODING 12451
SWIDTH 1000 0
DWIDTH 18 0
BBX 12 12 2 -1
BITMAP
0010
0070
00E0
0180
0700
1D00
F100
4100
0100
0100
0100
0300
ENDCHAR
STARTCHAR uni30A4
ENCODING 12452
SWIDTH 1000 0
DWIDTH 18 0
BBX 14 15 2 -1
BITMAP
0008
001C
0030
00E0
0180
0780
1D80
F180
8180
0180
0180
0180
0180
0180
0180
ENDCHAR
STARTCHAR uni30A5
ENCODING 12453
SWIDTH 1000 0
DWIDTH 18 0
BBX 12 12 3 -1
BITMAP
0600
0600
FFF0
C030
C030
C020
C060
0060
00C0
0180
0700
1C00
ENDCHAR
STARTCHAR uni30A6
ENCODING 12454
SWIDTH 1000 0
DWIDTH 18 0
BBX 14 15 2 -1
BITMAP
0300
0300
0308
FFFC
C00C
C008
C018
C018
0010
0030
0060
00C0
0380
0F00
0800
ENDCHAR
STARTCHAR uni30A7
ENCODING 12455
SWIDTH 1000 0
DWIDTH 18 0
BBX 12 9 3 0
BITMAP
7FE0
0600
0600
0600
0600
0600
0600
0600
FFF0
ENDCHAR
STARTCHAR uni30A8
ENCODING 12456
SWIDTH 1000 0
DWIDTH 18 0
BBX 14 11 2 1
BITMAP
7FFC
8304
0300
0300
0300
0300
0300
0300
0300
0300
FFFC
ENDCHAR
STARTCHAR uni30A9
ENCODING 12457
SWIDTH 1000 0
DWIDTH 18 0
BBX 12 12 3 -1
BITMAP
0180
0180
0180
7FF0
0380
0380
0580
1980
3180
E180
4180
0780
ENDCHAR
STARTCHAR uni30AA
ENCODING 12458
SWIDTH 1000 0
DWIDTH 18 0
BBX 14 15 2 -1
BITMAP
00C0
00C0
00C0
FFFC
FFFC
01C0
03C0
06C0
0CC0
1840
7040
C040
8040
07C0
0080
ENDCHAR
STARTCHAR uni30AB
ENCODING 12459
SWIDTH 1000 0
DWIDTH 18 0
BBX 13 14 2 0
BITMAP
0600
0200
0200
FFF8
FFF8
0608
0408
0408
0C08
0C08
1818
3018
7010
E1F0
ENDCHAR
STARTCHAR uni30AC
ENCODING 12460
SWIDTH 1000 0
DWIDTH 18 0
BBX 15 16 2 -1
BITMAP
0004
0614
061A
0608
FFF0
FFF8
0418
0418
0C18
0C18
0818
1818
3010
6010
C1F0
8000
ENDCHAR
STARTCHAR uni30AD
ENCODING 12461
SWIDTH 1000 0
DWIDTH 18 0
BBX 14 15 2 -1
BITMAP
0400
0600
0630
1FF8
FE00
0200
0300
033C
0FF8
FF00
8100
0180
0180
0180
0080
ENDCHAR
STARTCHAR uni30AE
ENCODING 12462
SWIDTH 1000 0
DWIDTH 18 0
BBX 15 16 2 -1
BITMAP
0014
0C16
040A
0410
07F0
FE00
8200
0200
020C
03FC
FF00
C100
0100
0100
0180
0180
ENDCHAR
STARTCHAR uni30AF
ENCODING 12463
SWIDTH 1000 0
DWIDTH 18 0
BBX 14 16 2 -1
BITMAP
0200
0300
0600
07FC
0C08
1818
3018
6010
C030
0060
00C0
01C0
0380
0E00
3C00
1000
ENDCHAR
STARTCHAR uni30B0
ENCODING 12464
SWIDTH 1000 0
DWIDTH 18 0
BBX 16 16 1 -1
BITMAP
0002
0309
0205
0604
0FFC
0808
1818
7018
C030
0030
0060
00C0
0180
0300
1E00
3800
ENDCHAR
STARTCHAR uni30B1
ENCODING 12465
SWIDTH 1000 0
DWIDTH 18 0
BBX 15 15 1 -1
BITMAP
0400
0C00
0C00
1FFE
1FFE
3060
6060
E040
00C0
00C0
0180
0180
0300
0E00
0400
ENDCHAR
STARTCHAR uni30B2
ENCODING 12466
SWIDTH 1000 0
DWIDTH 18 0
BBX 16 16 1 -1
BITMAP
0002
0C0B
0C05
0804
1802
1FFE
3040
6040
E040
40C0
00C0
0180
0180
0300
0600
0C00
ENDCHAR
STARTCHAR uni30B3
ENCODING 12467
SWIDTH 1000 0
DWIDTH 18 0
BBX 12 12 3 0
BITMAP
FFF0
0010
0010
0010
0010
0010
0010
0010
0010
0010
FFF0
0010
ENDCHAR
STARTCHAR uni30B4
ENCODING 12468
SWIDTH 1000 0
DWIDTH 18 0
BBX 14 16 3 -1
BITMAP
0048
002C
0030
FFF0
FFF0
0030
0030
0030
0030
0030
0030
0030
0030
FFF0
FFF0
0030
ENDCHAR
STARTCHAR uni30B5
ENCODING 12469
SWIDTH 1000 0
DWIDTH 18 0
BBX 16 15 1 -1
BITMAP
0830
0810
0810
0810
FFFF
0810
0810
0830
0830
0830
0020
0060
00C0
0380
0300
ENDCHAR
STARTCHAR uni30B6
ENCODING 12470
SWIDTH 1000 0
DWIDTH 18 0
BBX 16 15 1 -1
BITMAP
083F
0835
0835
0830
FFFE
0830
0830
0830
0830
0820
0020
0060
00C0
0380
0700
ENDCHAR
STARTCHAR uni30B7
ENCODING 12471
SWIDTH 1000 0
DWIDTH 18 0
BBX 14 15 2 -1
BITMAP
1000
1C00
0E00
0200
8004
E004
380C
1018
0030
0060
01C0
0380
1E00
7800
4000
ENDCHAR
STARTCHAR uni30B8
ENCODING 12472
SWIDTH 1000 0
DWIDTH 18 0
BBX 15 15 2 -1
BITMAP
100C
3834
0E12
0618
8004
C004
700C
1018
0030
0060
01C0
0380
1E00
F800
4000
ENDCHAR
STARTCHAR uni30B9
ENCODING 12473
SWIDTH 1000 0
DWIDTH 18 0
BBX 14 13 2 0
BITMAP
7FF0
7FF0
0030
0020
0060
00C0
0080
0180
03E0
0E70
1838
7018
E00C
ENDCHAR
STARTCHAR uni30BA
ENCODING 12474
SWIDTH 1000 0
DWIDTH 18 0
BBX 16 16 1 -1
BITMAP
000A
0009
0005
3FF8
0010
0030
0020
0060
00C0
00C0
01E0
0730
0C18
180C
F006
4004
ENDCHAR
STARTCHAR uni30BB
ENCODING 12475
SWIDTH 1000 0
DWIDTH 18 0
BBX 15 14 1 0
BITMAP
0C00
0400
0400
041E
07FC
7F0C
E408
0418
0430
0420
0400
0400
0404
07FC
ENDCHAR
STARTCHAR uni30BC
ENCODING 12476
SWIDTH 1000 0
DWIDTH 18 0
BBX 16 16 1 -1
BITMAP
0002
0C09
0C05
0C04
0C04
0CFE
3FCC
FC08
0C18
0C30
0C60
0C00
0C00
0C00
07FC
03F0
ENDCHAR
STARTCHAR uni30BD
ENCODING 12477
SWIDTH 1000 0
DWIDTH 18 0
BBX 13 13 2 0
BITMAP
C018
6018
6018
3010
3010
1830
0020
0060
00C0
0180
0300
0600
1C00
ENDCHAR
STARTCHAR uni30BE
ENCODING 12478
SWIDTH 1000 0
DWIDTH 18 0
BBX 15 16 2 -1
BITMAP
0034
0012
4008
C018
6018
6010
3030
1030
0020
0060
00C0
0180
0380
0600
3C00
1800
ENDCHAR
STARTCHAR uni30BF
ENCODING 12479
SWIDTH 1000 0
DWIDTH 18 0
BBX 14 16 2 -1
BITMAP
0300
0200
0600
0FFC
0808
1818
3018
EE30
C320
01E0
00E0
01B8
0310
0E00
7800
2000
ENDCHAR
STARTCHAR uni30C0
ENCODING 12480
SWIDTH 1000 0
DWIDTH 18 0
BBX 16 16 1 -1
BITMAP
000A
0309
0205
07F8
0FFC
080C
1818
7218
C730
01F0
00E0
00F0
0198
0700
1E00
3800
ENDCHAR
STARTCHAR uni30C1
ENCODING 12481
SWIDTH 1000 0
DWIDTH 18 0
BBX 14 15 2 -1
BITMAP
0010
7FF8
7F00
0100
0100
0100
FFFC
0100
0300
0300
0200
0600
0C00
3800
1000
ENDCHAR
STARTCHAR uni30C2
ENCODING 12482
SWIDTH 1000 0
DWIDTH 18 0
BBX 16 15 1 -1
BITMAP
0008
01F8
3F82
018B
0185
0180
FFFE
0180
0100
0100
0300
0200
0600
1C00
1800
ENDCHAR
STARTCHAR uni30C3
ENCODING 12483
SWIDTH 1000 0
DWIDTH 18 0
BBX 12 11 3 -1
BITMAP
0C10
C430
4630
6220
2060
0040
00C0
0180
0300
0E00
3800
ENDCHAR
STARTCHAR uni30C4
ENCODING 12484
SWIDTH 1000 0
DWIDTH 18 0
BBX 14 15 2 -1
BITMAP
0200
060C
C60C
C20C
4308
6218
2018
0030
0030
0060
00C0
0380
0700
1C00
1000
ENDCHAR
STARTCHAR uni30C5
ENCODING 12485
SWIDTH 1000 0
DWIDTH 18 0
BBX 16 16 1 -1
BITMAP
001A
0009
0604
C300
6306
6104
218C
3008
0018
0010
0030
0060
00C0
0380
1F00
0C00
ENDCHAR
STARTCHAR uni30C6
ENCODING 12486
SWIDTH 1000 0
DWIDTH 18 0
BBX 14 14 2 -1
BITMAP
3FF0
0000
0000
0000
FFFC
FFFC
0100
0100
0300
0300
0600
0C00
3C00
1000
ENDCHAR
STARTCHAR uni30C7
ENCODING 12487
SWIDTH 1000 0
DWIDTH 18 0
BBX 16 16 2 -1
BITMAP
001E
000A
3FEF
0000
0000
0000
FFFC
FFFC
0300
0300
0300
0200
0600
0C00
1800
3000
ENDCHAR
STARTCHAR uni30C8
ENCODING 12488
SWIDTH 1000 0
DWIDTH 18 0
BBX 9 15 6 -1
BITMAP
C000
C000
C000
C000
C000
E000
FC00
CF80
C180
C000
C000
C000
C000
C000
C000
ENDCHAR
STARTCHAR uni30C9
ENCODING 12489
SWIDTH 1000 0
DWIDTH 18 0
BBX 11 15 5 -1
BITMAP
C080
C240
C160
C100
C000
E000
FC00
CF00
C1C0
C080
C000
C000
C000
C000
C000
ENDCHAR
STARTCHAR uni30CA
ENCODING 12490
SWIDTH 1000 0
DWIDTH 18 0
BBX 15 15 2 -1
BITMAP
0100
0100
0100
0100
FFFE
FFFE
0100
0100
0300
0300
0200
0600
0C00
3800
1000
ENDCHAR
STARTCHAR uni30CB
ENCODING 12491
SWIDTH 1000 0
DWIDTH 18 0
BBX 14 11 2 1
BITMAP
7FF0
7FF0
0000
0000
0000
0000
0000
0000
0000
FFFC
FFFC
ENDCHAR
STARTCHAR uni30CC
ENCODING 12492
SWIDTH 1000 0
DWIDTH 18 0
BBX 13 14 2 -1
BITMAP
7FF0
7FF8
0030
0030
1020
3860
0E40
03C0
01C0
0360
0630
1C18
F000
4000
ENDCHAR
STARTCHAR uni30CD
ENCODING 12493
SWIDTH 1000 0
DWIDTH 18 0
BBX 16 15 1 -1
BITMAP
0180
0180
3FF8
3FFC
0018
0030
00E0
0180
07B8
3D8C
F187
0182
0180
0180
0180
ENDCHAR
STARTCHAR uni30CE
ENCODING 12494
SWIDTH 1000 0
DWIDTH 18 0
BBX 11 13 3 0
BITMAP
0020
0060
0060
00C0
00C0
0080
0180
0300
0600
0C00
1800
7000
C000
ENDCHAR
STARTCHAR uni30CF
ENCODING 12495
SWIDTH 1000 0
DWIDTH 18 0
BBX 16 13 1 0
BITMAP
0220
0460
0430
0C10
0C18
0808
180C
180C
1004
3006
2006
6002
C003
ENDCHAR
STARTCHAR uni30D0
ENCODING 12496
SWIDTH 1000 0
DWIDTH 18 0
BBX 16 15 1 0
BITMAP
0002
000B
0005
0464
0C30
0C30
0810
0818
1808
180C
100C
3004
6006
6006
C002
ENDCHAR
STARTCHAR uni30D1
ENCODING 12497
SWIDTH 1000 0
DWIDTH 18 0
BBX 16 15 1 0
BITMAP
0002
0005
0009
0465
0C32
0C30
0810
0818
1808
180C
100C
3004
6006
6006
C002
ENDCHAR
STARTCHAR uni30D2
ENCODING 12498
SWIDTH 1000 0
DWIDTH 18 0
BBX 11 14 4 0
BITMAP
C000
C000
C000
C060
C3C0
FE00
F000
C000
C000
C000
C000
C000
E0E0
7FE0
ENDCHAR
STARTCHAR uni30D3
ENCODING 12499
SWIDTH 1000 0
DWIDTH 18 0
BBX 14 15 3 0
BITMAP
0010
C068
C02C
C030
C060
C1E0
CF00
F800
C000
C000
C000
C000
C000
4010
7FF0
ENDCHAR
STARTCHAR uni30D4
ENCODING 12500
SWIDTH 1000 0
DWIDTH 18 0
BBX 14 15 3 0
BITMAP
0018
C024
C024
C02C
C070
C1E0
CF00
F800
C000
C000
C000
C000
C000
4010
7FF0
ENDCHAR
STARTCHAR uni30D5
ENCODING 12501
SWIDTH 1000 0
DWIDTH 18 0
BBX 13 13 3 0
BITMAP
FFF0
FFF8
0030
0030
0030
0020
0060
00C0
00C0
0180
0700
1C00
7800
ENDCHAR
STARTCHAR uni30D6
ENCODING 12502
SWIDTH 1000 0
DWIDTH 18 0
BBX 15 16 2 -1
BITMAP
0016
001A
0008
FFF8
0018
0018
0010
0030
0030
0060
0060
00C0
0380
0F00
3C00
1000
ENDCHAR
STARTCHAR uni30D7
ENCODING 12503
SWIDTH 1000 0
DWIDTH 18 0
BBX 16 16 2 -1
BITMAP
000E
0009
0009
FFFE
0018
0018
0010
0030
0030
0060
0060
00C0
0380
0F00
3C00
1000
ENDCHAR
STARTCHAR uni30D8
ENCODING 12504
SWIDTH 1000 0
DWIDTH 18 0
BBX 16 11 1 1
BITMAP
0000
0700
0D80
18C0
3060
3030
E018
400C
0006
0007
0002
ENDCHAR
STARTCHAR uni30D9
ENCODING 12505
SWIDTH 1000 0
DWIDTH 18 0
BBX 16 13 1 0
BITMAP
0004
0032
071B
0F88
18C0
1060
3070
6038
C018
400C
0006
0003
0002
ENDCHAR
STARTCHAR uni30DA
ENCODING 12506
SWIDTH 1000 0
DWIDTH 18 0
BBX 16 13 1 0
BITMAP
000C
0012
0712
0F9E
18C0
1060
3070
6038
C018
400C
0006
0003
0002
ENDCHAR
STARTCHAR uni30DB
ENCODING 12507
SWIDTH 1000 0
DWIDTH 18 0
BBX 16 15 1 -1
BITMAP
0180
0080
0080
7FFE
0080
0080
0080
1898
108C
3086
6082
C083
0080
0780
0100
ENDCHAR
STARTCHAR uni30DC
ENCODING 12508
SWIDTH 1000 0
DWIDTH 18 0
BBX 16 16 1 -1
BITMAP
0002
018A
018D
0184
7FFE
7FFE
0180
0180
1998
118C
3184
6186
C182
0180
0F80
0700
ENDCHAR
STARTCHAR uni30DD
ENCODING 12509
SWIDTH 1000 0
DWIDTH 18 0
BBX 16 16 1 -1
BITMAP
000E
0189
0189
0186
7FFE
7FFE
0180
0180
1998
118C
3184
6186
C182
0180
0F80
0700
ENDCHAR
STARTCHAR uni30DE
ENCODING 12510
SWIDTH 1000 0
DWIDTH 18 0
BBX 15 13 2 -1
BITMAP
FFFE
000C
0018
0018
0030
3060
1CC0
0F80
0300
0180
00C0
00E0
0040
ENDCHAR
STARTCHAR uni30DF
ENCODING 12511
SWIDTH 1000 0
DWIDTH 18 0
BBX 12 14 3 0
BITMAP
2000
3F00
03F0
0020
0000
6000
7F00
03C0
0040
0000
8000
FC00
0FC0
00E0
ENDCHAR
STARTCHAR uni30E0
ENCODING 12512
SWIDTH 1000 0
DWIDTH 18 0
BBX 16 15 1 -1
BITMAP
0100
0300
0300
0200
0600
0600
0400
0430
0C18
080C
180C
18FE
FFE6
4003
0002
ENDCHAR
STARTCHAR uni30E1
ENCODING 12513
SWIDTH 1000 0
DWIDTH 18 0
BBX 14 15 2 -1
BITMAP
0018
0010
0030
1020
3860
0E60
03C0
0180
01C0
0370
0638
1C1C
3008
E000
4000
ENDCHAR
STARTCHAR uni30E2
ENCODING 12514
SWIDTH 1000 0
DWIDTH 18 0
BBX 14 13 2 0
BITMAP
7FF8
7FF8
0600
0600
0600
FFFC
FFFC
0600
0600
0600
0600
0600
03FC
ENDCHAR
STARTCHAR uni30E3
ENCODING 12515
SWIDTH 1000 0
DWIDTH 18 0
BBX 13 13 3 -2
BITMAP
3000
1000
1878
1FF0
F820
0860
0CC0
0D80
0400
0600
0600
0200
0200
ENDCHAR
STARTCHAR uni30E4
ENCODING 12516
SWIDTH 1000 0
DWIDTH 18 0
BBX 15 15 1 -1
BITMAP
1800
0C00
0C0E
05FE
7F84
F60C
0618
0230
0260
0300
0300
0100
0180
0180
0180
ENDCHAR
STARTCHAR uni30E5
ENCODING 12517
SWIDTH 1000 0
DWIDTH 18 0
BBX 12 9 3 0
BITMAP
7FC0
0040
00C0
00C0
00C0
00C0
0080
FFF0
FFF0
ENDCHAR
STARTCHAR uni30E6
ENCODING 12518
SWIDTH 1000 0
DWIDTH 18 0
BBX 16 11 1 1
BITMAP
3FF8
2018
0018
0018
0010
0010
0010
0030
0030
FFFF
FFFF
ENDCHAR
STARTCHAR uni30E7
ENCODING 12519
SWIDTH 1000 0
DWIDTH 18 0
BBX 10 11 4 -1
BITMAP
FFC0
8040
0040
0040
FFC0
FFC0
0040
0040
0040
FFC0
0040
ENDCHAR
STARTCHAR uni30E8
ENCODING 12520
SWIDTH 1000 0
DWIDTH 18 0
BBX 12 13 3 0
BITMAP
FFF0
FFF0
0030
0030
0030
0030
7FF0
0030
0030
0030
0030
FFF0
FFF0
ENDCHAR
STARTCHAR uni30E9
ENCODING 12521
SWIDTH 1000 0
DWIDTH 18 0
BBX 13 14 3 -1
BITMAP
7FE0
0000
0000
0000
FFF8
0010
0030
0030
0060
00C0
0180
0700
3E00
1000
ENDCHAR
STARTCHAR uni30EA
ENCODING 12522
SWIDTH 1000 0
DWIDTH 18 0
BBX 10 15 4 -1
BITMAP
C0C0
C0C0
C0C0
C0C0
C0C0
C0C0
C0C0
C0C0
C0C0
0080
0180
0180
0700
1C00
1000
ENDCHAR
STARTCHAR uni30EB
ENCODING 12523
SWIDTH 1000 0
DWIDTH 18 0
BBX 16 14 1 0
BITMAP
00C0
0840
0840
0840
0840
0840
0840
0840
1841
1843
1046
305C
6078
E0E0
ENDCHAR
STARTCHAR uni30EC
ENCODING 12524
SWIDTH 1000 0
DWIDTH 18 0
BBX 12 13 4 0
BITMAP
C000
C000
C000
C000
C000
C010
C030
C070
C0C0
C380
CF00
FC00
E000
ENDCHAR
STARTCHAR uni30ED
ENCODING 12525
SWIDTH 1000 0
DWIDTH 18 0
BBX 12 12 3 0
BITMAP
FFF0
8010
8010
8010
8010
8010
8010
8010
8010
8010
FFF0
8010
ENDCHAR
STARTCHAR uni30EE
ENCODING 12526
SWIDTH 1000 0
DWIDTH 18 0
BBX 12 11 3 -1
BITMAP
FFE0
FFF0
C030
C020
C020
0060
0040
00C0
0180
0700
1C00
ENDCHAR
STARTCHAR uni30EF
ENCODING 12527
SWIDTH 1000 0
DWIDTH 18 0
BBX 14 14 2 -1
BITMAP
FFF8
FFFC
C008
C008
C018
C018
C018
0030
0030
0060
00C0
0380
1E00
0800
ENDCHAR
STARTCHAR uni30F0
ENCODING 12528
SWIDTH 1000 0
DWIDTH 18 0
BBX 15 15 2 -1
BITMAP
0060
0060
0060
FFFC
1860
1860
1860
1860
1860
FFFE
FFFE
0060
0060
0060
0060
ENDCHAR
STARTCHAR uni30F1
ENCODING 12529
SWIDTH 1000 0
DWIDTH 18 0
BBX 16 11 1 1
BITMAP
7FFE
0004
018C
0118
0130
0100
0100
0100
0100
0100
FFFF
ENDCHAR
STARTCHAR uni30F2
ENCODING 12530
SWIDTH 1000 0
DWIDTH 18 0
BBX 13 14 3 -1
BITMAP
FFF0
FFF8
0010
0010
0030
FFF0
0020
0060
0040
00C0
0380
0600
3C00
1000
ENDCHAR
STARTCHAR uni30F3
ENCODING 12531
SWIDTH 1000 0
DWIDTH 18 0
BBX 14 13 3 0
BITMAP
C000
6000
3800
1C08
080C
0018
0030
0060
00C0
0380
0F00
7C00
F000
ENDCHAR
STARTCHAR uni30F4
ENCODING 12532
SWIDTH 1000 0
DWIDTH 18 0
BBX 15 16 2 -1
BITMAP
0034
0216
020A
0200
FFF8
C008
C018
C018
C010
0030
0030
0060
00C0
0380
1F00
0C00
ENDCHAR
STARTCHAR uni30F5
ENCODING 12533
SWIDTH 1000 0
DWIDTH 18 0
BBX 11 12 3 -1
BITMAP
0400
0400
0400
FFE0
0C20
0C20
0820
1820
1020
3060
6260
C3C0
ENDCHAR
STARTCHAR uni30F6
ENCODING 12534
SWIDTH 1000 0
DWIDTH 18 0
BBX 13 12 2 -1
BITMAP
0C00
0800
1800
1FF8
3080
6080
C080
0180
0100
0300
0600
1C00
ENDCHAR
STARTCHAR uni30F7
ENCODING 12535
SWIDTH 1000 0
DWIDTH 18 0
BBX 15 16 2 -1
BITMAP
0034
0012
0018
FFF8
C018
C018
C018
C018
C010
0030
0020
0060
00C0
0380
0F00
1C00
ENDCHAR
STARTCHAR uni30F8
ENCODING 12536
SWIDTH 1000 0
DWIDTH 18 0
BBX 16 16 1 -1
BITMAP
000A
0025
0025
0020
7FFE
0C20
0C20
0C20
0C20
0C20
8C21
FFFE
0020
0020
0020
0020
ENDCHAR
STARTCHAR uni30F9
ENCODING 12537
SWIDTH 1000 0
DWIDTH 18 0
BBX 16 15 1 0
BITMAP
0012
000B
000C
7FFE
7FFE
000C
0118
0130
0120
0100
0100
0100
0100
FFFE
FFFE
ENDCHAR
STARTCHAR uni30FA
ENCODING 12538
SWIDTH 1000 0
DWIDTH 18 0
BBX 15 16 2 -1
BITMAP
0034
0012
0008
FFF8
0018
0018
0010
7FF0
7FF0
0030
0060
00C0
0180
0300
0E00
3800
ENDCHAR
STARTCHAR uni30FB
ENCODING 12539
SWIDTH 1000 0
DWIDTH 18 0
BBX 4 4 7 5
BITMAP
60
F0
F0
60
ENDCHAR
STARTCHAR uni30FC
ENCODING 12540
SWIDTH 1000 0
DWIDTH 18 0
BBX 14 2 2 6
BITMAP
FFFC
FFFC
ENDCHAR
STARTCHAR uni30FD
ENCODING 12541
SWIDTH 1000 0
DWIDTH 18 0
BBX 8 8 5 2
BITMAP
E0
70
38
18
0C
06
03
01
ENDCHAR
STARTCHAR uni30FE
ENCODING 12542
SWIDTH 1000 0
DWIDTH 18 0
BBX 9 11 5 2
BITMAP
0100
0C80
0680
C200
6000
3000
1800
0C00
0600
0700
0200
ENDCHAR
STARTCHAR uni30FF
ENCODING 12543
SWIDTH 1000 0
DWIDTH 18 0
BBX 10 15 4 -1
BITMAP
FFC0
FFC0
0040
0040
0040
0040
0040
0040
0040
0040
0040
0040
0040
0040
0040
ENDCHAR
STARTCHAR uni310F
ENCODING 12559
SWIDTH 1000 0
DWIDTH 18 0
BBX 15 14 1 -1
BITMAP
3FFE
3000
3000
3000
3000
2000
2000
2000
2000
2000
6000
4000
C000
8000
ENDCHAR
STARTCHAR uni311C
ENCODING 12572
SWIDTH 1000 0
DWIDTH 18 0
BBX 14 14 2 0
BITMAP
0100
0100
FFFC
FFFC
0100
0100
0F00
3900
4000
4000
4008
401C
30F0
1FC0
ENDCHAR
STARTCHAR uni3131
ENCODING 12593
SWIDTH 944 0
DWIDTH 17 0
BBX 10 9 3 2
BITMAP
FFC0
0040
0040
0040
0040
0040
0040
0040
0040
ENDCHAR
STARTCHAR uni3132
ENCODING 12594
SWIDTH 944 0
DWIDTH 17 0
BBX 13 9 2 2
BITMAP
FDF8
0418
0418
0418
0418
0418
0418
0418
0418
ENDCHAR
STARTCHAR uni3133
ENCODING 12595
SWIDTH 944 0
DWIDTH 17 0
BBX 13 9 2 2
BITMAP
FC40
0C40
0C40
0C40
0C40
0CE0
0DB0
0F18
0E08
ENDCHAR
STARTCHAR uni3134
ENCODING 12596
SWIDTH 944 0
DWIDTH 17 0
BBX 11 8 3 3
BITMAP
C000
C000
C000
C000
C000
C000
C000
FFE0
ENDCHAR
STARTCHAR uni3135
ENCODING 12597
SWIDTH 944 0
DWIDTH 17 0
BBX 12 9 3 2
BITMAP
87E0
8180
8180
8180
8180
8180
83C0
FE70
F420
ENDCHAR
STARTCHAR uni3136
ENCODING 12598
SWIDTH 944 0
DWIDTH 17 0
BBX 11 9 3 2
BITMAP
8180
87E0
87E0
8180
82C0
8460
8460
FE40
E380
ENDCHAR
STARTCHAR uni3137
ENCODING 12599
SWIDTH 944 0
DWIDTH 17 0
BBX 10 9 3 2
BITMAP
FFC0
C000
C000
C000
C000
C000
C000
FFC0
FFC0
ENDCHAR
STARTCHAR uni3138
ENCODING 12600
SWIDTH 944 0
DWIDTH 17 0
BBX 11 8 3 3
BITMAP
FBE0
8200
8200
8200
8200
8200
8200
FBE0
ENDCHAR
STARTCHAR uni3139
ENCODING 12601
SWIDTH 944 0
DWIDTH 17 0
BBX 11 9 3 2
BITMAP
FFC0
0040
0040
0040
FFC0
C000
C000
FFE0
FFE0
ENDCHAR
STARTCHAR uni313A
ENCODING 12602
SWIDTH 944 0
DWIDTH 17 0
BBX 11 9 3 2
BITMAP
FBE0
0820
0820
0820
F820
8020
8020
FC20
E020
ENDCHAR
STARTCHAR uni313B
ENCODING 12603
SWIDTH 944 0
DWIDTH 17 0
BBX 11 9 3 2
BITMAP
FBE0
1A20
1A20
1A20
FA20
8220
8220
FBE0
E3E0
ENDCHAR
STARTCHAR uni313C
ENCODING 12604
SWIDTH 944 0
DWIDTH 17 0
BBX 11 9 3 2
BITMAP
FA20
1A20
1A20
1BE0
FA20
8220
8220
FBE0
E3E0
ENDCHAR
STARTCHAR uni313D
ENCODING 12605
SWIDTH 944 0
DWIDTH 17 0
BBX 12 9 3 2
BITMAP
F880
1880
1880
1880
F8C0
81C0
8160
FE30
E410
ENDCHAR
STARTCHAR uni313E
ENCODING 12606
SWIDTH 944 0
DWIDTH 17 0
BBX 11 9 3 2
BITMAP
FBE0
1A00
1A00
1A00
FBE0
8200
8200
FBE0
C3E0
ENDCHAR
STARTCHAR uni313F
ENCODING 12607
SWIDTH 944 0
DWIDTH 17 0
BBX 12 9 3 2
BITMAP
FBE0
1B60
1B60
1B60
FB60
8360
8360
FFF0
E7F0
ENDCHAR
STARTCHAR uni3140
ENCODING 12608
SWIDTH 944 0
DWIDTH 17 0
BBX 11 9 3 2
BITMAP
F880
1FE0
1800
19C0
FB60
8220
8220
FB60
E180
ENDCHAR
STARTCHAR uni3141
ENCODING 12609
SWIDTH 944 0
DWIDTH 17 0
BBX 10 9 3 2
BITMAP
FFC0
C040
C040
C040
C040
C040
C040
FFC0
FFC0
ENDCHAR
STARTCHAR uni3142
ENCODING 12610
SWIDTH 944 0
DWIDTH 17 0
BBX 10 9 3 2
BITMAP
C040
C040
C040
FFC0
C040
C040
C040
FFC0
FFC0
ENDCHAR
STARTCHAR uni3143
ENCODING 12611
SWIDTH 944 0
DWIDTH 17 0
BBX 11 9 3 2
BITMAP
8A20
8A20
8A20
FBE0
8A20
8A20
8A20
FBE0
FBE0
ENDCHAR
STARTCHAR uni3144
ENCODING 12612
SWIDTH 944 0
DWIDTH 17 0
BBX 12 9 3 2
BITMAP
8880
8880
8880
F880
88C0
89C0
8960
FE30
FC10
ENDCHAR
STARTCHAR uni3145
ENCODING 12613
SWIDTH 944 0
DWIDTH 17 0
BBX 11 9 3 2
BITMAP
0400
0400
0400
0C00
0E00
1A00
3380
E0E0
8020
ENDCHAR
STARTCHAR uni3146
ENCODING 12614
SWIDTH 944 0
DWIDTH 17 0
BBX 13 9 2 2
BITMAP
1040
1040
1040
1040
38E0
28A0
6DB0
C718
0200
ENDCHAR
STARTCHAR uni3147
ENCODING 12615
SWIDTH 944 0
DWIDTH 17 0
BBX 10 9 3 2
BITMAP
3F00
6180
40C0
C040
C040
C040
60C0
3F80
0E00
ENDCHAR
STARTCHAR uni3148
ENCODING 12616
SWIDTH 944 0
DWIDTH 17 0
BBX 11 9 3 2
BITMAP
FFC0
0400
0400
0C00
0E00
1A00
3180
E0E0
8040
ENDCHAR
STARTCHAR uni3149
ENCODING 12617
SWIDTH 944 0
DWIDTH 17 0
BBX 13 9 2 2
BITMAP
FDF0
1040
1040
3040
30E0
38A0
6DB0
C718
0200
ENDCHAR
STARTCHAR uni314A
ENCODING 12618
SWIDTH 944 0
DWIDTH 17 0
BBX 11 10 3 2
BITMAP
0400
0400
FFC0
FFC0
0C00
0C00
0E00
1B00
71C0
C060
ENDCHAR
STARTCHAR uni314B
ENCODING 12619
SWIDTH 944 0
DWIDTH 17 0
BBX 10 9 3 2
BITMAP
FFC0
0040
0040
0040
FFC0
0040
0040
0040
0040
ENDCHAR
STARTCHAR uni314C
ENCODING 12620
SWIDTH 944 0
DWIDTH 17 0
BBX 11 9 3 2
BITMAP
FFC0
C000
C000
C000
FFC0
C000
C000
FFE0
FFE0
ENDCHAR
STARTCHAR uni314D
ENCODING 12621
SWIDTH 944 0
DWIDTH 17 0
BBX 11 9 3 2
BITMAP
FFE0
3180
3180
3180
3180
3180
3180
FFE0
FFE0
ENDCHAR
STARTCHAR uni314E
ENCODING 12622
SWIDTH 944 0
DWIDTH 17 0
BBX 11 10 3 2
BITMAP
0400
0400
FFE0
0000
0C00
3F80
2080
6080
2180
3F00
ENDCHAR
STARTCHAR uni314F
ENCODING 12623
SWIDTH 944 0
DWIDTH 17 0
BBX 5 16 7 -1
BITMAP
C0
C0
C0
C0
C0
C0
C0
F8
C0
C0
C0
C0
C0
C0
C0
C0
ENDCHAR
STARTCHAR uni3150
ENCODING 12624
SWIDTH 944 0
DWIDTH 17 0
BBX 5 16 6 -1
BITMAP
08
88
88
88
88
88
88
F8
88
88
88
88
88
88
88
88
ENDCHAR
STARTCHAR uni3151
ENCODING 12625
SWIDTH 944 0
DWIDTH 17 0
BBX 5 16 7 -1
BITMAP
80
80
80
80
80
F8
80
80
80
F8
F8
80
80
80
80
80
ENDCHAR
STARTCHAR uni3152
ENCODING 12626
SWIDTH 944 0
DWIDTH 17 0
BBX 5 16 6 -1
BITMAP
08
88
88
88
88
F8
88
88
88
F8
88
88
88
88
88
88
ENDCHAR
STARTCHAR uni3153
ENCODING 12627
SWIDTH 944 0
DWIDTH 17 0
BBX 6 16 5 -1
BITMAP
0C
0C
0C
0C
0C
0C
0C
FC
0C
0C
0C
0C
0C
0C
0C
0C
ENDCHAR
STARTCHAR uni3154
ENCODING 12628
SWIDTH 944 0
DWIDTH 17 0
BBX 8 16 4 -1
BITMAP
03
1B
1B
1B
1B
1B
1B
FB
1B
1B
1B
1B
1B
1B
1B
1B
ENDCHAR
STARTCHAR uni3155
ENCODING 12629
SWIDTH 944 0
DWIDTH 17 0
BBX 6 16 5 -1
BITMAP
0C
0C
0C
0C
0C
FC
0C
0C
0C
FC
0C
0C
0C
0C
0C
0C
ENDCHAR
STARTCHAR uni3156
ENCODING 12630
SWIDTH 944 0
DWIDTH 17 0
BBX 8 16 4 -1
BITMAP
03
1B
1B
1B
1B
FB
1B
1B
1B
FB
1B
1B
1B
1B
1B
1B
ENDCHAR
STARTCHAR uni3157
ENCODING 12631
SWIDTH 944 0
DWIDTH 17 0
BBX 15 8 1 4
BITMAP
0300
0300
0300
0300
0300
0300
0300
FFFE
ENDCHAR
STARTCHAR uni3158
ENCODING 12632
SWIDTH 944 0
DWIDTH 17 0
BBX 15 16 1 -1
BITMAP
0010
0010
0010
0010
0010
0C10
0C10
0C1E
0C10
0C10
0C10
FFD0
0010
0010
0010
0010
ENDCHAR
STARTCHAR uni3159
ENCODING 12633
SWIDTH 944 0
DWIDTH 17 0
BBX 14 16 1 -1
BITMAP
000C
004C
004C
004C
004C
084C
084C
087C
084C
084C
094C
FF4C
004C
004C
004C
004C
ENDCHAR
STARTCHAR uni315A
ENCODING 12634
SWIDTH 944 0
DWIDTH 17 0
BBX 12 16 2 -1
BITMAP
0010
0010
0010
0010
0010
0C10
0C10
0C10
0C10
0C10
0CD0
FF90
0010
0010
0010
0010
ENDCHAR
STARTCHAR uni315B
ENCODING 12635
SWIDTH 944 0
DWIDTH 17 0
BBX 15 8 1 3
BITMAP
0860
0860
0860
0860
0860
0860
0860
FFFE
ENDCHAR
STARTCHAR uni315C
ENCODING 12636
SWIDTH 944 0
DWIDTH 17 0
BBX 15 8 1 1
BITMAP
FFFE
0100
0100
0100
0100
0100
0100
0100
ENDCHAR
STARTCHAR uni315D
ENCODING 12637
SWIDTH 944 0
DWIDTH 17 0
BBX 14 16 1 -1
BITMAP
000C
000C
000C
000C
000C
000C
000C
FFEC
7E0C
040C
04FC
04FC
040C
040C
040C
000C
ENDCHAR
STARTCHAR uni315E
ENCODING 12638
SWIDTH 944 0
DWIDTH 17 0
BBX 14 16 1 -1
BITMAP
0004
0024
0024
0024
0024
0024
0024
3FA4
F824
0824
09E4
09E4
0824
0824
0824
0024
ENDCHAR
STARTCHAR uni315F
ENCODING 12639
SWIDTH 944 0
DWIDTH 17 0
BBX 13 16 2 -1
BITMAP
0018
0018
0018
0018
0018
0018
0018
07D8
FF18
0C18
0C18
0C18
0C18
0C18
0C18
0018
ENDCHAR
STARTCHAR uni3160
ENCODING 12640
SWIDTH 944 0
DWIDTH 17 0
BBX 15 8 1 1
BITMAP
FFFE
0860
0860
0860
0860
0860
0860
0860
ENDCHAR
STARTCHAR uni3161
ENCODING 12641
SWIDTH 944 0
DWIDTH 17 0
BBX 15 2 1 6
BITMAP
FFFE
FFFE
ENDCHAR
STARTCHAR uni3162
ENCODING 12642
SWIDTH 944 0
DWIDTH 17 0
BBX 13 16 1 -2
BITMAP
0008
0008
0008
0008
0008
0008
0008
0008
0008
FFE8
0008
0008
0008
0008
0008
0008
ENDCHAR
STARTCHAR uni3163
ENCODING 12643
SWIDTH 944 0
DWIDTH 17 0
BBX 1 16 8 -1
BITMAP
80
80
80
80
80
80
80
80
80
80
80
80
80
80
80
80
ENDCHAR
STARTCHAR uni3165
ENCODING 12645
SWIDTH 944 0
DWIDTH 17 0
BBX 12 8 3 3
BITMAP
8300
8300
8300
8300
8300
8300
8300
FBF0
ENDCHAR
STARTCHAR uni3166
ENCODING 12646
SWIDTH 944 0
DWIDTH 17 0
BBX 11 8 3 3
BITMAP
83E0
8200
8200
8200
8200
8200
8200
FBE0
ENDCHAR
STARTCHAR uni3167
ENCODING 12647
SWIDTH 944 0
DWIDTH 17 0
BBX 12 9 3 2
BITMAP
8080
8080
8080
8080
8180
81C0
8340
FE30
E410
ENDCHAR
STARTCHAR uni3168
ENCODING 12648
SWIDTH 944 0
DWIDTH 17 0
BBX 11 10 3 2
BITMAP
0080
8080
8180
8180
81C0
8340
8240
8260
FFE0
C7E0
ENDCHAR
STARTCHAR uni3169
ENCODING 12649
SWIDTH 944 0
DWIDTH 17 0
BBX 14 9 2 2
BITMAP
F730
1130
1130
1130
F130
8130
8178
F9CC
E188
ENDCHAR
STARTCHAR uni316A
ENCODING 12650
SWIDTH 944 0
DWIDTH 17 0
BBX 11 9 3 2
BITMAP
FBE0
1A00
1A00
1A00
FA00
8200
8200
FBE0
C3E0
ENDCHAR
STARTCHAR uni316B
ENCODING 12651
SWIDTH 944 0
DWIDTH 17 0
BBX 15 9 1 2
BITMAP
F4D8
14D8
14D8
17D8
F4D8
C4D8
C4FC
FFE6
E7C4
ENDCHAR
STARTCHAR uni316C
ENCODING 12652
SWIDTH 944 0
DWIDTH 17 0
BBX 12 10 3 2
BITMAP
0080
F880
1880
1980
1940
F940
8240
8220
FFE0
E7F0
ENDCHAR
STARTCHAR uni316D
ENCODING 12653
SWIDTH 944 0
DWIDTH 17 0
BBX 11 9 3 2
BITMAP
FBE0
1800
1800
19C0
FB60
8220
8220
FB60
C1C0
ENDCHAR
STARTCHAR uni316E
ENCODING 12654
SWIDTH 944 0
DWIDTH 17 0
BBX 11 8 3 3
BITMAP
FA20
8A20
8A20
8BE0
8A20
8A20
8A20
FBE0
ENDCHAR
STARTCHAR uni316F
ENCODING 12655
SWIDTH 944 0
DWIDTH 17 0
BBX 12 9 3 2
BITMAP
F880
8880
8880
8880
88C0
89C0
8960
FE30
0410
ENDCHAR
STARTCHAR uni3170
ENCODING 12656
SWIDTH 944 0
DWIDTH 17 0
BBX 12 10 3 2
BITMAP
0080
F880
8880
8980
8940
8940
8A40
8A20
FFE0
FFF0
ENDCHAR
STARTCHAR uni3171
ENCODING 12657
SWIDTH 944 0
DWIDTH 17 0
BBX 8 12 4 1
BITMAP
FF
C1
C1
C1
C1
FF
00
00
3E
22
22
3C
ENDCHAR
STARTCHAR uni3172
ENCODING 12658
SWIDTH 944 0
DWIDTH 17 0
BBX 11 9 3 2
BITMAP
8BE0
8820
8820
F820
8820
8820
8820
F820
F820
ENDCHAR
STARTCHAR uni3173
ENCODING 12659
SWIDTH 944 0
DWIDTH 17 0
BBX 11 9 3 2
BITMAP
8BE0
8A00
8A00
FA00
8A00
8A00
8A00
FBE0
FBE0
ENDCHAR
STARTCHAR uni3174
ENCODING 12660
SWIDTH 944 0
DWIDTH 17 0
BBX 13 9 2 2
BITMAP
93F8
9318
9318
F318
9318
9318
9798
FCD8
F898
ENDCHAR
STARTCHAR uni3175
ENCODING 12661
SWIDTH 944 0
DWIDTH 17 0
BBX 13 9 2 2
BITMAP
9278
9260
9260
F260
9260
9760
9560
FDF8
F8F8
ENDCHAR
STARTCHAR uni3176
ENCODING 12662
SWIDTH 944 0
DWIDTH 17 0
BBX 12 9 3 2
BITMAP
8BF0
8880
8880
F8C0
88C0
89C0
8960
FF30
FA10
ENDCHAR
STARTCHAR uni3177
ENCODING 12663
SWIDTH 944 0
DWIDTH 17 0
BBX 11 9 3 2
BITMAP
8BE0
8A00
8A00
FA00
8BE0
8A00
8A00
FBE0
F800
ENDCHAR
STARTCHAR uni3178
ENCODING 12664
SWIDTH 944 0
DWIDTH 17 0
BBX 8 12 4 1
BITMAP
C1
C1
FF
C1
C1
FF
00
00
3E
22
22
3C
ENDCHAR
STARTCHAR uni3179
ENCODING 12665
SWIDTH 944 0
DWIDTH 17 0
BBX 9 12 4 1
BITMAP
9480
9480
F780
9480
9480
F780
0000
0000
3E00
2200
2200
3C00
ENDCHAR
STARTCHAR uni317A
ENCODING 12666
SWIDTH 944 0
DWIDTH 17 0
BBX 12 9 2 2
BITMAP
1BF0
1830
1830
1830
1830
3830
2C30
E630
4230
ENDCHAR
STARTCHAR uni317B
ENCODING 12667
SWIDTH 944 0
DWIDTH 17 0
BBX 12 9 2 2
BITMAP
1980
1980
1980
1980
1980
3980
2D80
E7F0
43F0
ENDCHAR
STARTCHAR uni317C
ENCODING 12668
SWIDTH 944 0
DWIDTH 17 0
BBX 12 9 2 2
BITMAP
11F0
1180
1180
1180
1980
3980
2D80
E7F0
43F0
ENDCHAR
STARTCHAR uni317D
ENCODING 12669
SWIDTH 944 0
DWIDTH 17 0
BBX 12 9 2 2
BITMAP
1110
1110
1110
11F0
1910
2910
6D10
C7F0
83F0
ENDCHAR
STARTCHAR uni317E
ENCODING 12670
SWIDTH 944 0
DWIDTH 17 0
BBX 13 9 2 2
BITMAP
1BF0
1840
1840
1840
18C0
38E0
2DA0
C738
4210
ENDCHAR
STARTCHAR uni317F
ENCODING 12671
SWIDTH 944 0
DWIDTH 17 0
BBX 9 10 4 2
BITMAP
0800
0800
1C00
1400
3400
2600
2200
6300
7F00
FF80
ENDCHAR
STARTCHAR uni3180
ENCODING 12672
SWIDTH 944 0
DWIDTH 17 0
BBX 13 9 2 2
BITMAP
38F0
6D90
4518
C518
C518
C518
4D90
78F0
1060
ENDCHAR
STARTCHAR uni3181
ENCODING 12673
SWIDTH 944 0
DWIDTH 17 0
BBX 9 11 4 1
BITMAP
0800
0800
3E00
6300
C180
8180
8080
8180
C100
7E00
1800
ENDCHAR
STARTCHAR uni3182
ENCODING 12674
SWIDTH 944 0
DWIDTH 17 0
BBX 13 9 2 2
BITMAP
1040
1040
7840
4440
C4C0
C4E0
45A0
7F38
3210
ENDCHAR
STARTCHAR uni3183
ENCODING 12675
SWIDTH 944 0
DWIDTH 17 0
BBX 13 10 2 2
BITMAP
0040
1040
1040
78C0
44A0
C4A0
C520
4510
7FF0
33F8
ENDCHAR
STARTCHAR uni3184
ENCODING 12676
SWIDTH 944 0
DWIDTH 17 0
BBX 9 12 4 1
BITMAP
FF80
6200
6200
6200
6200
FF80
0000
0000
3E00
2200
2200
3C00
ENDCHAR
STARTCHAR uni3185
ENCODING 12677
SWIDTH 944 0
DWIDTH 17 0
BBX 12 9 2 2
BITMAP
1040
FDF0
FDF0
38E0
69B0
4510
4510
6DB0
38E0
ENDCHAR
STARTCHAR uni3186
ENCODING 12678
SWIDTH 944 0
DWIDTH 17 0
BBX 9 10 4 2
BITMAP
FF80
FF80
0000
3E00
6300
C100
C100
C100
6300
3E00
ENDCHAR
STARTCHAR uni3187
ENCODING 12679
SWIDTH 944 0
DWIDTH 17 0
BBX 15 16 1 -1
BITMAP
0010
0010
0010
0010
0010
131E
1310
1310
1310
131E
1310
FFD0
0010
0010
0010
0010
ENDCHAR
STARTCHAR uni3188
ENCODING 12680
SWIDTH 944 0
DWIDTH 17 0
BBX 14 16 1 -1
BITMAP
000C
004C
004C
004C
004C
367C
364C
364C
364C
367C
374C
FF4C
004C
004C
004C
004C
ENDCHAR
STARTCHAR uni3189
ENCODING 12681
SWIDTH 944 0
DWIDTH 17 0
BBX 12 16 2 -1
BITMAP
0010
0010
0010
0010
0010
3210
3210
3210
3210
3210
33D0
FF90
0010
0010
0010
0010
ENDCHAR
STARTCHAR uni318A
ENCODING 12682
SWIDTH 944 0
DWIDTH 17 0
BBX 14 16 1 -1
BITMAP
000C
000C
000C
000C
000C
000C
000C
FFEC
120C
127C
120C
120C
127C
120C
120C
000C
ENDCHAR
STARTCHAR uni318B
ENCODING 12683
SWIDTH 944 0
DWIDTH 17 0
BBX 14 16 1 -1
BITMAP
0004
0024
0024
0024
0024
0024
FFA4
F424
2424
25E4
2424
2424
25E4
2424
2424
0024
ENDCHAR
STARTCHAR uni318C
ENCODING 12684
SWIDTH 944 0
DWIDTH 17 0
BBX 13 16 2 -1
BITMAP
0018
0018
0018
0018
0018
0018
0018
1FD8
FF18
1318
1318
1318
1318
1318
1318
0018
ENDCHAR
STARTCHAR uni318D
ENCODING 12685
SWIDTH 944 0
DWIDTH 17 0
BBX 3 3 7 5
BITMAP
40
E0
40
ENDCHAR
STARTCHAR uni318E
ENCODING 12686
SWIDTH 944 0
DWIDTH 17 0
BBX 5 16 6 -1
BITMAP
08
08
08
08
08
08
08
C8
C8
08
08
08
08
08
08
08
ENDCHAR
STARTCHAR uni31A0
ENCODING 12704
SWIDTH 1000 0
DWIDTH 18 0
BBX 12 16 3 -1
BITMAP
2000
2000
6000
4000
FFF0
7FF0
0030
0030
0020
0020
0020
03A0
06E0
0440
04C0
0380
ENDCHAR
STARTCHAR uni31A1
ENCODING 12705
SWIDTH 1000 0
DWIDTH 18 0
BBX 14 14 2 -1
BITMAP
FFFC
060C
060C
060C
060C
0608
0608
0688
0678
0600
3E00
2600
2600
3C00
ENDCHAR
STARTCHAR uni31A2
ENCODING 12706
SWIDTH 1000 0
DWIDTH 18 0
BBX 9 16 4 -1
BITMAP
0080
4080
4080
4080
4080
4080
4080
4080
4780
FC80
E080
0080
0780
0880
0880
0780
ENDCHAR
STARTCHAR uni31A3
ENCODING 12707
SWIDTH 1000 0
DWIDTH 18 0
BBX 15 16 2 -1
BITMAP
0800
0C30
1860
1840
30C0
2180
6300
C200
4300
6180
3080
10DC
1876
0C22
0432
061C
ENDCHAR
STARTCHAR uni31A4
ENCODING 12708
SWIDTH 1000 0
DWIDTH 18 0
BBX 16 14 1 0
BITMAP
0400
0400
0400
040F
07FA
FF06
C404
0408
0418
0400
0400
0400
0400
07FC
ENDCHAR
STARTCHAR uni31A5
ENCODING 12709
SWIDTH 1000 0
DWIDTH 18 0
BBX 16 15 1 -1
BITMAP
0400
0400
0400
040F
07FE
FF06
C40C
0408
0418
0400
040E
0413
0413
07FE
000C
ENDCHAR
STARTCHAR uni31A6
ENCODING 12710
SWIDTH 1000 0
DWIDTH 18 0
BBX 14 14 2 -1
BITMAP
FFFC
0300
0200
0600
0C00
1800
3000
6004
200C
3018
1870
0CC0
0780
0200
ENDCHAR
STARTCHAR uni31A7
ENCODING 12711
SWIDTH 1000 0
DWIDTH 18 0
BBX 14 14 2 -1
BITMAP
FFFC
0300
0200
0600
0C00
1810
306C
6044
206C
3038
183C
0CE8
0780
0200
ENDCHAR
STARTCHAR uni31A8
ENCODING 12712
SWIDTH 1000 0
DWIDTH 18 0
BBX 16 15 1 -1
BITMAP
0004
600C
3018
1810
0C30
0660
03C0
01FF
03C0
0760
0E30
1818
300C
E006
4002
ENDCHAR
STARTCHAR uni31A9
ENCODING 12713
SWIDTH 1000 0
DWIDTH 18 0
BBX 14 16 2 -1
BITMAP
4008
E00C
3018
1830
0C60
06C0
0300
0300
0300
0300
0300
0300
1FC0
1380
1300
1E00
ENDCHAR
STARTCHAR uni31AA
ENCODING 12714
SWIDTH 1000 0
DWIDTH 18 0
BBX 15 7 2 4
BITMAP
001C
0036
0062
004E
FFFC
00C0
00C0
ENDCHAR
STARTCHAR uni31AB
ENCODING 12715
SWIDTH 1000 0
DWIDTH 18 0
BBX 16 15 1 -1
BITMAP
0004
600C
3018
1C10
0630
0360
01C0
0180
03C0
0760
0E3F
1831
3079
E04F
4000
ENDCHAR
STARTCHAR uni31AC
ENCODING 12716
SWIDTH 1000 0
DWIDTH 18 0
BBX 14 14 2 -1
BITMAP
FFFC
8304
8304
8304
8304
8304
8304
8304
8304
8304
8304
8304
8304
8000
ENDCHAR
STARTCHAR uni31AD
ENCODING 12717
SWIDTH 1000 0
DWIDTH 18 0
BBX 16 14 1 -1
BITMAP
FFFF
0998
0998
0998
0998
0998
1998
1998
1198
3198
2198
618F
C180
0180
ENDCHAR
STARTCHAR uni31AE
ENCODING 12718
SWIDTH 1000 0
DWIDTH 18 0
BBX 15 15 1 -1
BITMAP
7FFE
7FFE
1080
1080
3080
2080
7FFE
3FFC
0104
0304
760C
9C0C
8C08
F418
0408
ENDCHAR
STARTCHAR uni31AF
ENCODING 12719
SWIDTH 1000 0
DWIDTH 18 0
BBX 14 16 3 -1
BITMAP
0200
0600
0400
0C00
1860
3040
60C0
FF80
F300
0600
0C38
184C
30CC
60F8
FFE0
0080
ENDCHAR
STARTCHAR uni31B0
ENCODING 12720
SWIDTH 1000 0
DWIDTH 18 0
BBX 14 16 2 -1
BITMAP
6018
2010
1030
1860
0CC0
0780
FFFC
C304
C304
C304
C304
C304
C304
C304
C304
C304
ENDCHAR
STARTCHAR uni31B1
ENCODING 12721
SWIDTH 1000 0
DWIDTH 18 0
BBX 16 15 1 -1
BITMAP
FFFF
0080
0180
0100
7FFE
4302
4202
4402
4C12
4C32
4662
43C2
4182
4002
4002
ENDCHAR
STARTCHAR uni31B2
ENCODING 12722
SWIDTH 1000 0
DWIDTH 18 0
BBX 16 12 1 0
BITMAP
FFFF
0180
0180
0180
0180
0180
0180
0180
0180
0180
7FFE
7FFE
ENDCHAR
STARTCHAR uni31B3
ENCODING 12723
SWIDTH 1000 0
DWIDTH 18 0
BBX 8 15 4 -1
BITMAP
0C
0C
0C
0C
0C
0C
0C
0C
0C
0C
3C
4F
CD
4C
78
ENDCHAR
STARTCHAR uni31B4
ENCODING 12724
SWIDTH 611 0
DWIDTH 11 0
BBX 7 8 2 -1
BITMAP
40
40
FE
06
06
04
04
3C
ENDCHAR
STARTCHAR uni31B5
ENCODING 12725
SWIDTH 611 0
DWIDTH 11 0
BBX 8 8 1 -1
BITMAP
20
60
7F
19
13
33
62
CE
ENDCHAR
STARTCHAR uni31B6
ENCODING 12726
SWIDTH 611 0
DWIDTH 11 0
BBX 9 8 1 -1
BITMAP
FF80
FF80
2000
3F00
0300
0200
1200
0E00
ENDCHAR
STARTCHAR uni31B7
ENCODING 12727
SWIDTH 611 0
DWIDTH 11 0
BBX 9 7 1 -1
BITMAP
3F80
2000
2000
2000
6000
4000
C000
ENDCHAR
STARTCHAR uni31B8
ENCODING 12728
SWIDTH 1000 0
DWIDTH 18 0
BBX 14 11 2 1
BITMAP
7FFC
0030
0060
00C0
0180
0300
0600
1800
3000
FFFC
8000
ENDCHAR
STARTCHAR uni31B9
ENCODING 12729
SWIDTH 1000 0
DWIDTH 18 0
BBX 14 11 3 2
BITMAP
8000
8000
8000
8000
8000
8000
8000
8000
8000
FFFC
FFFC
ENDCHAR
STARTCHAR uni31BA
ENCODING 12730
SWIDTH 1000 0
DWIDTH 18 0
BBX 16 13 1 1
BITMAP
0180
0180
0180
0180
0180
FFFF
FFFF
0180
0180
0180
0180
0180
0180
ENDCHAR
STARTCHAR uni31BB
ENCODING 12731
SWIDTH 611 0
DWIDTH 11 0
BBX 7 8 2 -1
BITMAP
24
66
4C
88
98
4C
66
32
ENDCHAR
STARTCHAR uni31F0
ENCODING 12784
SWIDTH 1000 0
DWIDTH 18 0
BBX 11 13 3 -1
BITMAP
0600
0400
0C20
1FE0
3060
6060
C040
0080
0180
0300
0600
1C00
7000
ENDCHAR
STARTCHAR uni31F1
ENCODING 12785
SWIDTH 1000 0
DWIDTH 18 0
BBX 12 12 3 -1
BITMAP
1000
0E00
0400
4010
E010
3030
0060
00C0
0380
0E00
7800
2000
ENDCHAR
STARTCHAR uni31F2
ENCODING 12786
SWIDTH 1000 0
DWIDTH 18 0
BBX 12 11 3 -1
BITMAP
7FC0
00C0
0080
0180
0100
0300
0780
0CC0
3060
E030
4020
ENDCHAR
STARTCHAR uni31F3
ENCODING 12787
SWIDTH 1000 0
DWIDTH 18 0
BBX 7 12 7 -1
BITMAP
80
80
80
80
C0
F8
8E
82
80
80
80
80
ENDCHAR
STARTCHAR uni31F4
ENCODING 12788
SWIDTH 1000 0
DWIDTH 18 0
BBX 11 11 3 -1
BITMAP
7FE0
0040
00C0
3080
1980
0F00
0300
0780
1CE0
F040
4000
ENDCHAR
STARTCHAR uni31F5
ENCODING 12789
SWIDTH 1000 0
DWIDTH 18 0
BBX 12 10 3 0
BITMAP
1980
1880
10C0
1040
3060
3020
2020
6030
4010
C010
ENDCHAR
STARTCHAR uni31F6
ENCODING 12790
SWIDTH 1000 0
DWIDTH 18 0
BBX 9 11 5 0
BITMAP
8000
8000
8180
8700
F800
C000
8000
8000
8000
8080
FF80
ENDCHAR
STARTCHAR uni31F7
ENCODING 12791
SWIDTH 1000 0
DWIDTH 18 0
BBX 10 10 4 0
BITMAP
FFC0
0040
00C0
0080
0080
0180
0300
0600
1C00
7800
ENDCHAR
STARTCHAR uni31F8
ENCODING 12792
SWIDTH 1000 0
DWIDTH 18 0
BBX 13 9 3 0
BITMAP
0C00
1E00
3300
6180
C0C0
8060
0030
0018
0010
ENDCHAR
STARTCHAR uni31F9
ENCODING 12793
SWIDTH 1000 0
DWIDTH 18 0
BBX 13 12 2 0
BITMAP
0300
0300
0300
7FF8
0300
0300
1320
3330
6318
C308
0300
0F00
ENDCHAR
STARTCHAR uni31FA
ENCODING 12794
SWIDTH 1000 0
DWIDTH 18 0
BBX 13 12 3 -1
BITMAP
0600
0400
0400
0C00
0800
08C0
1840
1060
1020
37F0
FE10
0018
ENDCHAR
STARTCHAR uni31FB
ENCODING 12795
SWIDTH 1000 0
DWIDTH 18 0
BBX 11 12 3 -1
BITMAP
3FC0
3FC0
0000
0000
FFE0
0060
0040
00C0
0080
0300
0E00
1800
ENDCHAR
STARTCHAR uni31FC
ENCODING 12796
SWIDTH 1000 0
DWIDTH 18 0
BBX 8 12 5 -1
BITMAP
83
81
81
81
81
81
83
83
02
06
1C
30
ENDCHAR
STARTCHAR uni31FD
ENCODING 12797
SWIDTH 1000 0
DWIDTH 18 0
BBX 13 12 3 -1
BITMAP
3300
1300
1300
1300
1300
3300
3310
2318
2320
63C0
C380
8100
ENDCHAR
STARTCHAR uni31FE
ENCODING 12798
SWIDTH 1000 0
DWIDTH 18 0
BBX 10 12 6 -1
BITMAP
8000
8000
8000
8000
8000
8080
80C0
8380
8600
9C00
F000
8000
ENDCHAR
STARTCHAR uni31FF
ENCODING 12799
SWIDTH 1000 0
DWIDTH 18 0
BBX 10 10 4 0
BITMAP
FFC0
8040
8040
8040
8040
8040
8040
8040
FFC0
FFC0
ENDCHAR
STARTCHAR uni4E09
ENCODING 19977
SWIDTH 1000 0
DWIDTH 18 0
BBX 16 13 1 0
BITMAP
7FFE
0000
0000
0000
0000
0000
3FF8
0000
0000
0000
0000
0000
FFFF
ENDCHAR
STARTCHAR uni4E14
ENCODING 19988
SWIDTH 1000 0
DWIDTH 18 0
BBX 16 15 1 -1
BITMAP
1FF8
1008
1008
1008
1FF8
1FF8
1008
1008
1008
1FF8
1008
1008
1008
FFFF
FFFF
ENDCHAR
STARTCHAR uni4E2A
ENCODING 20010
SWIDTH 1000 0
DWIDTH 18 0
BBX 18 16 0 -1
BITMAP
00C000
01E000
033000
061800
0C0C00
180600
30C380
E0C0C0
00C000
00C000
00C000
00C000
00C000
00C000
00C000
00C000
ENDCHAR
STARTCHAR uni4E36
ENCODING 20022
SWIDTH 1000 0
DWIDTH 18 0
BBX 8 7 5 4
BITMAP
C0
60
30
18
0C
06
03
ENDCHAR
STARTCHAR uni4E3F
ENCODING 20031
SWIDTH 1000 0
DWIDTH 18 0
BBX 7 16 4 -1
BITMAP
06
06
06
06
06
06
06
06
04
04
0C
0C
18
38
70
C0
ENDCHAR
STARTCHAR uni4E41
ENCODING 20033
SWIDTH 1000 0
DWIDTH 18 0
BBX 12 15 5 -1
BITMAP
FE00
FE00
0200
0200
0200
0200
0300
0100
0100
0180
0080
00C0
0060
0030
0010
ENDCHAR
STARTCHAR uni4E8C
ENCODING 20108
SWIDTH 1000 0
DWIDTH 18 0
BBX 16 13 1 0
BITMAP
3FFC
3FFC
0000
0000
0000
0000
0000
0000
0000
0000
0000
FFFF
FFFF
ENDCHAR
STARTCHAR uni4E9D
ENCODING 20125
SWIDTH 1000 0
DWIDTH 18 0
BBX 16 16 1 -1
BITMAP
0200
0430
0C18
7FFC
0006
1030
342C
2626
FEFE
8381
0000
3FFC
0000
0000
0000
FFFF
ENDCHAR
STARTCHAR uni4EBA
ENCODING 20154
SWIDTH 1000 0
DWIDTH 18 0
BBX 17 16 1 -1
BITMAP
018000
018000
018000
018000
018000
018000
03C000
03C000
024000
066000
042000
0C3000
181800
300C00
600600
C00380
ENDCHAR
STARTCHAR uni4ECE
ENCODING 20174
SWIDTH 1000 0
DWIDTH 18 0
BBX 16 16 1 -1
BITMAP
1000
0830
0830
0830
1830
1830
1830
1830
1C70
1678
3248
33CC
208C
6186
4303
C603
ENDCHAR
STARTCHAR uni516B
ENCODING 20843
SWIDTH 1000 0
DWIDTH 18 0
BBX 16 16 1 -2
BITMAP
0FE0
0FE0
0020
0030
0C30
0830
0810
1810
1818
1018
3008
300C
6006
4006
C003
8000
ENDCHAR
STARTCHAR uni51AB
ENCODING 20907
SWIDTH 1000 0
DWIDTH 18 0
BBX 6 15 1 -1
BITMAP
40
60
30
18
08
00
00
08
0C
18
10
30
60
C0
40
ENDCHAR
STARTCHAR uni51F8
ENCODING 20984
SWIDTH 1000 0
DWIDTH 18 0
BBX 14 15 2 -1
BITMAP
1FE0
1860
1860
1860
1860
1860
F87C
8004
8004
8004
8004
8004
8004
FFFC
8004
ENDCHAR
STARTCHAR uni51F9
ENCODING 20985
SWIDTH 1000 0
DWIDTH 18 0
BBX 14 14 2 -1
BITMAP
FCFC
8CC4
8CC4
8CC4
8CC4
8CC4
8FC4
8004
8004
8004
8004
FFFC
FFFC
8004
ENDCHAR
STARTCHAR uni5382
ENCODING 21378
SWIDTH 1000 0
DWIDTH 18 0
BBX 16 15 1 -1
BITMAP
3FFF
3FFF
2000
2000
2000
2000
2000
2000
2000
6000
6000
4000
4000
C000
8000
ENDCHAR
STARTCHAR uni5C38
ENCODING 23608
SWIDTH 1000 0
DWIDTH 18 0
BBX 15 15 1 -1
BITMAP
3FFE
2002
2002
2002
2002
3FFE
2002
2000
2000
2000
6000
4000
4000
C000
8000
ENDCHAR
STARTCHAR uni5C6E
ENCODING 23662
SWIDTH 1000 0
DWIDTH 18 0
BBX 14 16 2 -1
BITMAP
0300
0300
C30C
C30C
C30C
C30C
C30C
C30C
C30C
FFFC
C20C
C20C
0600
0C00
1800
7000
ENDCHAR
STARTCHAR uni5DDD
ENCODING 24029
SWIDTH 1000 0
DWIDTH 18 0
BBX 16 16 0 -2
BITMAP
1001
1041
1041
1041
1041
1041
1041
1041
1041
1041
1041
3041
2041
6041
C001
4000
ENDCHAR
STARTCHAR uni5DE5
ENCODING 24037
SWIDTH 1000 0
DWIDTH 18 0
BBX 16 13 1 0
BITMAP
7FFE
0180
0180
0180
0180
0180
0180
0180
0180
0180
0180
0180
FFFF
ENDCHAR
STARTCHAR uni5F61
ENCODING 24417
SWIDTH 1000 0
DWIDTH 18 0
BBX 13 16 3 -1
BITMAP
0040
01C0
0700
3C00
F000
0060
01C0
0300
1E00
7810
4038
0060
01C0
0700
3C00
F000
ENDCHAR
STARTCHAR uni65E6
ENCODING 26086
SWIDTH 1000 0
DWIDTH 18 0
BBX 16 15 1 -1
BITMAP
1FF8
1008
1008
1008
1008
1FF8
1008
1008
1008
1FF8
1FF8
0000
0000
FFFF
FFFF
ENDCHAR
STARTCHAR uni706C
ENCODING 28780
SWIDTH 1000 0
DWIDTH 18 0
BBX 16 5 1 -1
BITMAP
34CC
2666
6662
4223
C231
ENDCHAR
STARTCHAR uni723B
ENCODING 29243
SWIDTH 1000 0
DWIDTH 18 0
BBX 16 16 1 -1
BITMAP
000C
7818
0E70
03C0
0F70
F81C
4016
1818
0810
0430
0660
03C0
03C0
0E70
383C
E007
ENDCHAR
STARTCHAR uni7544
ENCODING 30020
SWIDTH 1000 0
DWIDTH 18 0
BBX 16 16 1 -1
BITMAP
4303
C106
6106
218C
3008
7FFE
7FFE
4182
4182
4182
7FFE
4182
4182
4182
7FFE
7FFE
ENDCHAR
STARTCHAR uni7676
ENCODING 30326
SWIDTH 1000 0
DWIDTH 18 0
BBX 16 11 1 2
BITMAP
00C0
7E4C
0278
4670
6433
3C16
1818
300C
6006
C003
8000
ENDCHAR
STARTCHAR uni76BF
ENCODING 30399
SWIDTH 1000 0
DWIDTH 18 0
BBX 16 13 1 0
BITMAP
3FFE
2666
2666
2666
2666
2666
2666
2666
2666
2666
2666
2666
FFFF
ENDCHAR
STARTCHAR uni76CA
ENCODING 30410
SWIDTH 1000 0
DWIDTH 18 0
BBX 17 16 0 -1
BITMAP
080400
040C00
061800
021000
7FFF80
061000
040800
0C0C00
180600
300380
FFFE80
192600
192600
192600
192600
7FFF80
ENDCHAR
STARTCHAR uni7F52
ENCODING 32594
SWIDTH 1000 0
DWIDTH 18 0
BBX 14 7 2 7
BITMAP
FFFC
88C4
88C4
88C4
88C4
FFFC
8004
ENDCHAR
STARTCHAR uni8278
ENCODING 33400
SWIDTH 1000 0
DWIDTH 18 0
BBX 15 16 1 -1
BITMAP
1818
1818
1818
5A5A
5A5A
5A5A
5A5A
5A5A
5A5A
7E7E
525A
525A
1018
3018
6018
C018
ENDCHAR
STARTCHAR uniF001
ENCODING 61441
SWIDTH 500 0
DWIDTH 9 0
BBX 9 13 1 0
BITMAP
1D80
3180
3000
FB80
6300
6300
6300
6300
6300
6300
C600
C600
C600
ENDCHAR
STARTCHAR uniF002
ENCODING 61442
SWIDTH 500 0
DWIDTH 9 0
BBX 9 13 1 0
BITMAP
1D80
3180
3180
FB00
6300
6300
6300
6300
6300
6300
C600
C600
C600
ENDCHAR
STARTCHAR uniF005
ENCODING 61445
SWIDTH 333 0
DWIDTH 6 0
BBX 3 3 1 -4
BITMAP
60
20
C0
ENDCHAR
STARTCHAR uniFB00
ENCODING 64256
SWIDTH 667 0
DWIDTH 12 0
BBX 11 15 1 0
BITMAP
0040
3DE0
6100
6100
6100
FFC0
FFC0
6100
6100
6100
6100
6100
6100
6100
6100
ENDCHAR
STARTCHAR uniF001
ENCODING 64257
SWIDTH 500 0
DWIDTH 9 0
BBX 9 13 1 0
BITMAP
1D80
3180
3000
FB80
6300
6300
6300
6300
6300
6300
C600
C600
C600
ENDCHAR
STARTCHAR uniF002
ENCODING 64258
SWIDTH 500 0
DWIDTH 9 0
BBX 9 13 1 0
BITMAP
1D80
3180
3180
FB00
6300
6300
6300
6300
6300
6300
C600
C600
C600
ENDCHAR
STARTCHAR uniFB03
ENCODING 64259
SWIDTH 944 0
DWIDTH 17 0
BBX 14 15 1 0
BITMAP
0040
3DEC
610C
6100
6100
FFCC
FFCC
610C
610C
610C
610C
610C
610C
610C
610C
ENDCHAR
STARTCHAR uniFB04
ENCODING 64260
SWIDTH 944 0
DWIDTH 17 0
BBX 15 15 1 0
BITMAP
0040
3DEC
610C
610C
610C
FFCC
FFCC
610C
610C
610C
610C
610C
610C
610C
6106
ENDCHAR
STARTCHAR uniFE10
ENCODING 65040
SWIDTH 1000 0
DWIDTH 18 0
BBX 3 6 12 10
BITMAP
60
E0
60
20
60
C0
ENDCHAR
STARTCHAR uniFE11
ENCODING 65041
SWIDTH 1000 0
DWIDTH 18 0
BBX 5 5 12 10
BITMAP
40
E0
70
38
18
ENDCHAR
STARTCHAR uniFE12
ENCODING 65042
SWIDTH 1000 0
DWIDTH 18 0
BBX 5 6 12 9
BITMAP
60
D8
88
88
98
70
ENDCHAR
STARTCHAR uniFE13
ENCODING 65043
SWIDTH 1000 0
DWIDTH 18 0
BBX 2 12 12 2
BITMAP
C0
C0
C0
00
00
00
00
00
00
C0
C0
C0
ENDCHAR
STARTCHAR uniFE14
ENCODING 65044
SWIDTH 1000 0
DWIDTH 18 0
BBX 4 15 11 -1
BITMAP
60
60
60
00
00
00
00
00
60
70
30
30
20
C0
80
ENDCHAR
STARTCHAR uniFE15
ENCODING 65045
SWIDTH 1000 0
DWIDTH 18 0
BBX 2 14 12 1
BITMAP
C0
C0
C0
C0
C0
C0
C0
C0
C0
00
00
C0
C0
C0
ENDCHAR
STARTCHAR uniFE16
ENCODING 65046
SWIDTH 1000 0
DWIDTH 18 0
BBX 8 14 9 1
BITMAP
3E
E7
81
01
03
06
0C
18
18
00
00
10
18
18
ENDCHAR
STARTCHAR uniFE17
ENCODING 65047
SWIDTH 1000 0
DWIDTH 18 0
BBX 16 7 1 -2
BITMAP
FFFF
87E1
9819
E005
8003
8001
8001
ENDCHAR
STARTCHAR uniFE18
ENCODING 65048
SWIDTH 1000 0
DWIDTH 18 0
BBX 16 6 1 9
BITMAP
8001
8001
C003
B00D
8FF1
FFFF
ENDCHAR
STARTCHAR uniFE19
ENCODING 65049
SWIDTH 1000 0
DWIDTH 18 0
BBX 2 14 8 0
BITMAP
C0
C0
00
00
00
00
C0
C0
00
00
00
00
C0
C0
ENDCHAR
STARTCHAR uniFE30
ENCODING 65072
SWIDTH 1000 0
DWIDTH 18 0
BBX 2 12 8 1
BITMAP
80
C0
C0
00
00
00
00
00
00
80
C0
C0
ENDCHAR
STARTCHAR uniFE31
ENCODING 65073
SWIDTH 1000 0
DWIDTH 18 0
BBX 1 16 9 -1
BITMAP
80
80
80
80
80
80
80
80
80
80
80
80
80
80
80
80
ENDCHAR
STARTCHAR uniFE32
ENCODING 65074
SWIDTH 1000 0
DWIDTH 18 0
BBX 1 4 9 5
BITMAP
80
80
80
80
ENDCHAR
STARTCHAR uniFE33
ENCODING 65075
SWIDTH 1000 0
DWIDTH 18 0
BBX 1 18 0 -2
BITMAP
80
80
80
80
80
80
80
80
80
80
80
80
80
80
80
80
80
80
ENDCHAR
STARTCHAR uniFE34
ENCODING 65076
SWIDTH 1000 0
DWIDTH 18 0
BBX 2 18 1 -2
BITMAP
80
80
40
40
80
80
80
80
40
40
80
80
80
80
40
40
80
80
ENDCHAR
STARTCHAR uniFE35
ENCODING 65077
SWIDTH 1000 0
DWIDTH 18 0
BBX 18 4 0 -1
BITMAP
07F800
1C0E00
600180
C000C0
ENDCHAR
STARTCHAR uniFE36
ENCODING 65078
SWIDTH 1000 0
DWIDTH 18 0
BBX 18 5 0 10
BITMAP
400080
E001C0
380700
0FFC00
01E000
ENDCHAR
STARTCHAR uniFE37
ENCODING 65079
SWIDTH 1000 0
DWIDTH 18 0
BBX 18 5 0 -2
BITMAP
00C000
3DEF00
7F3F80
800040
800040
ENDCHAR
STARTCHAR uniFE38
ENCODING 65080
SWIDTH 1000 0
DWIDTH 18 0
BBX 18 5 0 10
BITMAP
800040
400080
7FFF80
00C000
00C000
ENDCHAR
STARTCHAR uniFE39
ENCODING 65081
SWIDTH 1000 0
DWIDTH 18 0
BBX 18 4 0 -1
BITMAP
1FFE00
200100
600180
C000C0
ENDCHAR
STARTCHAR uniFE3A
ENCODING 65082
SWIDTH 1000 0
DWIDTH 18 0
BBX 18 4 0 11
BITMAP
C000C0
400080
200100
3FFF00
ENDCHAR
STARTCHAR uniFE3B
ENCODING 65083
SWIDTH 1000 0
DWIDTH 18 0
BBX 16 6 1 -2
BITMAP
FFFF
FFFF
F80F
C003
8001
8001
ENDCHAR
STARTCHAR uniFE3C
ENCODING 65084
SWIDTH 1000 0
DWIDTH 18 0
BBX 16 5 1 10
BITMAP
8001
C003
F00F
FFFF
FFFF
ENDCHAR
STARTCHAR uniFE3D
ENCODING 65085
SWIDTH 1000 0
DWIDTH 18 0
BBX 16 8 1 -2
BITMAP
03C0
0E70
300C
C3C3
8C31
300C
C003
8001
ENDCHAR
STARTCHAR uniFE3E
ENCODING 65086
SWIDTH 1000 0
DWIDTH 18 0
BBX 16 8 1 7
BITMAP
8001
6006
1C38
C7E3
718E
0C30
03C0
0100
ENDCHAR
STARTCHAR uniFE3F
ENCODING 65087
SWIDTH 1000 0
DWIDTH 18 0
BBX 16 6 1 -1
BITMAP
0180
07E0
0C30
300C
6006
8001
ENDCHAR
STARTCHAR uniFE40
ENCODING 65088
SWIDTH 1000 0
DWIDTH 18 0
BBX 16 7 1 8
BITMAP
8001
C003
300C
1818
0660
03C0
0100
ENDCHAR
STARTCHAR uniFE41
ENCODING 65089
SWIDTH 1000 0
DWIDTH 18 0
BBX 13 6 5 -2
BITMAP
FFF8
0018
0018
0018
0018
0018
ENDCHAR
STARTCHAR uniFE42
ENCODING 65090
SWIDTH 1000 0
DWIDTH 18 0
BBX 13 6 0 9
BITMAP
C000
C000
C000
C000
FFF8
FFF8
ENDCHAR
STARTCHAR uniFE43
ENCODING 65091
SWIDTH 1000 0
DWIDTH 18 0
BBX 12 7 5 -2
BITMAP
FFF0
8010
FFD0
0050
0050
0050
0070
ENDCHAR
STARTCHAR uniFE44
ENCODING 65092
SWIDTH 1000 0
DWIDTH 18 0
BBX 12 6 1 9
BITMAP
E000
A000
A000
BFF0
8010
FFF0
ENDCHAR
STARTCHAR uniFE45
ENCODING 65093
SWIDTH 1000 0
DWIDTH 18 0
BBX 12 13 3 0
BITMAP
8000
F000
3C00
1F00
0F80
0FC0
07E0
03E0
01F0
01F0
00F0
00E0
0040
ENDCHAR
STARTCHAR uniFE46
ENCODING 65094
SWIDTH 1000 0
DWIDTH 18 0
BBX 12 12 3 1
BITMAP
4000
B000
6C00
1300
1080
0840
0420
0220
0210
0110
0110
00E0
ENDCHAR
STARTCHAR uniFE47
ENCODING 65095
SWIDTH 1000 0
DWIDTH 18 0
BBX 16 5 1 -2
BITMAP
FFFF
8001
8001
8001
8001
ENDCHAR
STARTCHAR uniFE48
ENCODING 65096
SWIDTH 1000 0
DWIDTH 18 0
BBX 16 4 1 11
BITMAP
8001
8001
8001
FFFF
ENDCHAR
STARTCHAR uniFE49
ENCODING 65097
SWIDTH 1000 0
DWIDTH 18 0
BBX 10 1 4 13
BITMAP
EDC0
ENDCHAR
STARTCHAR uniFE4A
ENCODING 65098
SWIDTH 1000 0
DWIDTH 18 0
BBX 10 1 4 13
BITMAP
FBC0
ENDCHAR
STARTCHAR uniFE4B
ENCODING 65099
SWIDTH 1000 0
DWIDTH 18 0
BBX 18 2 0 13
BITMAP
CF3CC0
30C300
ENDCHAR
STARTCHAR uniFE4C
ENCODING 65100
SWIDTH 1000 0
DWIDTH 18 0
BBX 18 4 0 11
BITMAP
CF3CC0
30C300
CF3CC0
30C300
ENDCHAR
STARTCHAR uniFE4D
ENCODING 65101
SWIDTH 1000 0
DWIDTH 18 0
BBX 10 1 4 0
BITMAP
EDC0
ENDCHAR
STARTCHAR uniFE4E
ENCODING 65102
SWIDTH 1000 0
DWIDTH 18 0
BBX 10 1 4 0
BITMAP
FBC0
ENDCHAR
STARTCHAR uniFE4F
ENCODING 65103
SWIDTH 1000 0
DWIDTH 18 0
BBX 18 3 0 -2
BITMAP
841040
FFFFC0
204200
ENDCHAR
STARTCHAR uniFE50
ENCODING 65104
SWIDTH 1000 0
DWIDTH 18 0
BBX 2 5 8 -3
BITMAP
C0
C0
40
C0
80
ENDCHAR
STARTCHAR uniFE51
ENCODING 65105
SWIDTH 1000 0
DWIDTH 18 0
BBX 4 5 7 -2
BITMAP
80
C0
60
30
10
ENDCHAR
STARTCHAR uniFE52
ENCODING 65106
SWIDTH 1000 0
DWIDTH 18 0
BBX 2 2 8 0
BITMAP
C0
C0
ENDCHAR
STARTCHAR uniFE54
ENCODING 65108
SWIDTH 1000 0
DWIDTH 18 0
BBX 2 11 8 -3
BITMAP
C0
C0
00
00
00
00
C0
C0
40
C0
80
ENDCHAR
STARTCHAR uniFE55
ENCODING 65109
SWIDTH 1000 0
DWIDTH 18 0
BBX 2 8 8 0
BITMAP
C0
C0
00
00
00
00
C0
C0
ENDCHAR
STARTCHAR uniFE56
ENCODING 65110
SWIDTH 1000 0
DWIDTH 18 0
BBX 8 12 5 -1
BITMAP
08
7E
C2
03
02
04
08
10
00
00
18
18
ENDCHAR
STARTCHAR uniFE57
ENCODING 65111
SWIDTH 1000 0
DWIDTH 18 0
BBX 2 11 8 -1
BITMAP
C0
C0
C0
C0
C0
C0
C0
00
00
C0
C0
ENDCHAR
STARTCHAR uniFE58
ENCODING 65112
SWIDTH 1000 0
DWIDTH 18 0
BBX 10 1 4 2
BITMAP
FFC0
ENDCHAR
STARTCHAR uniFE59
ENCODING 65113
SWIDTH 1000 0
DWIDTH 18 0
BBX 4 12 7 -1
BITMAP
30
20
40
40
C0
80
80
80
C0
40
60
30
ENDCHAR
STARTCHAR uniFE5A
ENCODING 65114
SWIDTH 1000 0
DWIDTH 18 0
BBX 4 12 7 -1
BITMAP
80
40
20
20
20
30
30
30
20
20
60
C0
ENDCHAR
STARTCHAR uniFE5B
ENCODING 65115
SWIDTH 1000 0
DWIDTH 18 0
BBX 4 12 7 -1
BITMAP
10
60
40
40
40
40
C0
40
40
40
40
30
ENDCHAR
STARTCHAR uniFE5C
ENCODING 65116
SWIDTH 1000 0
DWIDTH 18 0
BBX 4 12 7 -1
BITMAP
80
40
60
40
40
60
30
40
40
40
60
C0
ENDCHAR
STARTCHAR uniFE5D
ENCODING 65117
SWIDTH 1000 0
DWIDTH 18 0
BBX 3 11 7 -1
BITMAP
60
80
80
80
80
80
80
80
80
E0
20
ENDCHAR
STARTCHAR uniFE5E
ENCODING 65118
SWIDTH 1000 0
DWIDTH 18 0
BBX 3 11 7 -1
BITMAP
C0
20
20
20
20
20
20
20
20
60
80
ENDCHAR
STARTCHAR uniFE5F
ENCODING 65119
SWIDTH 1000 0
DWIDTH 18 0
BBX 6 11 6 -1
BITMAP
28
28
28
FC
48
48
FC
50
50
50
50
ENDCHAR
STARTCHAR uniFE60
ENCODING 65120
SWIDTH 1000 0
DWIDTH 18 0
BBX 10 11 4 -1
BITMAP
3C00
2200
2200
2400
1800
38C0
4C80
4680
C300
4380
3C40
ENDCHAR
STARTCHAR uniFE61
ENCODING 65121
SWIDTH 1000 0
DWIDTH 18 0
BBX 6 5 6 5
BITMAP
20
FC
30
78
48
ENDCHAR
STARTCHAR uniFE62
ENCODING 65122
SWIDTH 1000 0
DWIDTH 18 0
BBX 6 8 6 0
BITMAP
30
30
30
FC
30
30
30
30
ENDCHAR
STARTCHAR uniFE63
ENCODING 65123
SWIDTH 1000 0
DWIDTH 18 0
BBX 6 1 6 4
BITMAP
FC
ENDCHAR
STARTCHAR uniFE64
ENCODING 65124
SWIDTH 1000 0
DWIDTH 18 0
BBX 6 6 6 1
BITMAP
0C
70
80
E0
1C
04
ENDCHAR
STARTCHAR uniFE65
ENCODING 65125
SWIDTH 1000 0
DWIDTH 18 0
BBX 6 6 6 1
BITMAP
C0
30
0C
1C
E0
80
ENDCHAR
STARTCHAR uniFE66
ENCODING 65126
SWIDTH 1000 0
DWIDTH 18 0
BBX 6 5 6 2
BITMAP
FC
00
00
00
FC
ENDCHAR
STARTCHAR uniFE68
ENCODING 65128
SWIDTH 1000 0
DWIDTH 18 0
BBX 6 11 6 -1
BITMAP
C0
40
40
20
20
20
10
10
18
08
0C
ENDCHAR
STARTCHAR uniFE69
ENCODING 65129
SWIDTH 1000 0
DWIDTH 18 0
BBX 8 14 5 -2
BITMAP
08
08
3C
43
C0
40
78
0E
03
03
83
7E
08
08
ENDCHAR
STARTCHAR uniFE6A
ENCODING 65130
SWIDTH 1000 0
DWIDTH 18 0
BBX 12 11 3 -1
BITMAP
7080
D880
8900
8900
8AE0
54B0
2510
0910
0910
10A0
1040
ENDCHAR
STARTCHAR uniFE6B
ENCODING 65131
SWIDTH 1000 0
DWIDTH 18 0
BBX 12 12 3 -1
BITMAP
0700
18C0
2020
4030
4F90
4910
9910
9920
4FE0
4000
2000
1F80
ENDCHAR
STARTCHAR uniFF01
ENCODING 65281
SWIDTH 1000 0
DWIDTH 18 0
BBX 2 13 8 0
BITMAP
C0
C0
C0
C0
C0
C0
C0
C0
C0
00
00
C0
C0
ENDCHAR
STARTCHAR uniFF02
ENCODING 65282
SWIDTH 1000 0
DWIDTH 18 0
BBX 6 6 6 10
BITMAP
CC
CC
CC
CC
CC
84
ENDCHAR
STARTCHAR uniFF03
ENCODING 65283
SWIDTH 1000 0
DWIDTH 18 0
BBX 12 14 3 0
BITMAP
0840
0880
0880
0880
FFF0
1880
1080
1080
1080
FFF0
1100
1100
1100
3100
ENDCHAR
STARTCHAR uniFF04
ENCODING 65284
SWIDTH 1000 0
DWIDTH 18 0
BBX 10 18 4 -2
BITMAP
0400
0400
0400
3F00
61C0
4000
4000
6000
3C00
0F00
0380
00C0
00C0
80C0
F380
3F00
0400
0400
ENDCHAR
STARTCHAR uniFF05
ENCODING 65285
SWIDTH 1000 0
DWIDTH 18 0
BBX 16 14 1 0
BITMAP
3010
6C30
4420
C440
C440
C480
449E
6D22
3123
0223
0223
0422
0432
081C
ENDCHAR
STARTCHAR uniFF06
ENCODING 65286
SWIDTH 1000 0
DWIDTH 18 0
BBX 12 13 3 0
BITMAP
1F00
3100
3100
3300
1600
1C00
3C30
6620
4360
C1C0
40C0
61E0
3F30
ENDCHAR
STARTCHAR uniFF07
ENCODING 65287
SWIDTH 1000 0
DWIDTH 18 0
BBX 2 6 8 10
BITMAP
C0
C0
C0
C0
C0
C0
ENDCHAR
STARTCHAR uniFF08
ENCODING 65288
SWIDTH 1000 0
DWIDTH 18 0
BBX 4 17 13 -2
BITMAP
30
20
40
C0
80
80
80
80
80
80
80
80
C0
40
60
30
10
ENDCHAR
STARTCHAR uniFF09
ENCODING 65289
SWIDTH 1000 0
DWIDTH 18 0
BBX 4 17 1 -2
BITMAP
C0
40
20
30
10
10
10
10
10
10
10
10
30
20
60
C0
80
ENDCHAR
STARTCHAR uniFF0A
ENCODING 65290
SWIDTH 1000 0
DWIDTH 18 0
BBX 12 14 3 0
BITMAP
0200
0200
0600
8610
C630
36C0
0F00
0F00
1F80
6660
8610
0600
0600
0200
ENDCHAR
STARTCHAR uniFF0B
ENCODING 65291
SWIDTH 1000 0
DWIDTH 18 0
BBX 14 13 2 0
BITMAP
0300
0300
0300
0300
0300
0300
FFFC
0300
0300
0300
0300
0300
0300
ENDCHAR
STARTCHAR uniFF0C
ENCODING 65292
SWIDTH 1000 0
DWIDTH 18 0
BBX 4 6 2 -2
BITMAP
70
70
10
30
60
C0
ENDCHAR
STARTCHAR uniFF0D
ENCODING 65293
SWIDTH 1000 0
DWIDTH 18 0
BBX 14 1 2 6
BITMAP
FFFC
ENDCHAR
STARTCHAR uniFF0E
ENCODING 65294
SWIDTH 1000 0
DWIDTH 18 0
BBX 3 3 3 0
BITMAP
C0
E0
C0
ENDCHAR
STARTCHAR uniFF0F
ENCODING 65295
SWIDTH 1000 0
DWIDTH 18 0
BBX 16 17 1 -2
BITMAP
0001
0002
0004
0008
0010
0020
0040
0080
0100
0200
0400
0800
1000
2000
4000
8000
8000
ENDCHAR
STARTCHAR uniFF10
ENCODING 65296
SWIDTH 1000 0
DWIDTH 18 0
BBX 10 13 4 0
BITMAP
3F00
6180
4080
C0C0
C0C0
C0C0
C0C0
C0C0
C0C0
4080
6180
7380
1E00
ENDCHAR
STARTCHAR uniFF11
ENCODING 65297
SWIDTH 1000 0
DWIDTH 18 0
BBX 10 13 4 0
BITMAP
1C00
7C00
0C00
0C00
0C00
0C00
0C00
0C00
0C00
0C00
0C00
0C00
FFC0
ENDCHAR
STARTCHAR uniFF12
ENCODING 65298
SWIDTH 1000 0
DWIDTH 18 0
BBX 10 13 4 0
BITMAP
3F00
E180
4180
0180
0180
0180
0300
0600
0E00
1C00
3000
6000
FFC0
ENDCHAR
STARTCHAR uniFF13
ENCODING 65299
SWIDTH 1000 0
DWIDTH 18 0
BBX 10 13 4 0
BITMAP
3F00
E180
4180
0080
0180
0F00
1F00
0180
0080
00C0
8080
E180
3F00
ENDCHAR
STARTCHAR uniFF14
ENCODING 65300
SWIDTH 1000 0
DWIDTH 18 0
BBX 10 13 4 0
BITMAP
0300
0500
0D00
1900
1100
3100
6100
4100
FFC0
0100
0100
0100
0100
ENDCHAR
STARTCHAR uniFF15
ENCODING 65301
SWIDTH 1000 0
DWIDTH 18 0
BBX 10 13 4 0
BITMAP
7F80
6000
6000
6000
4400
7F00
4180
0080
00C0
00C0
8180
E380
3E00
ENDCHAR
STARTCHAR uniFF16
ENCODING 65302
SWIDTH 1000 0
DWIDTH 18 0
BBX 10 13 4 0
BITMAP
1F80
30C0
6000
4000
4000
DF00
F180
C0C0
C0C0
40C0
6080
3180
1F00
ENDCHAR
STARTCHAR uniFF17
ENCODING 65303
SWIDTH 1000 0
DWIDTH 18 0
BBX 10 13 4 0
BITMAP
FFC0
0080
0100
0300
0200
0600
0400
0C00
0C00
0800
0800
1800
1800
ENDCHAR
STARTCHAR uniFF18
ENCODING 65304
SWIDTH 1000 0
DWIDTH 18 0
BBX 10 13 4 0
BITMAP
3F00
6180
4080
4080
6080
3900
3F00
6380
C0C0
C0C0
C0C0
6180
3F00
ENDCHAR
STARTCHAR uniFF19
ENCODING 65305
SWIDTH 1000 0
DWIDTH 18 0
BBX 10 13 4 0
BITMAP
3F00
6180
C180
C080
C0C0
41C0
63C0
3EC0
0080
0180
0180
E300
3E00
ENDCHAR
STARTCHAR uniFF1A
ENCODING 65306
SWIDTH 1000 0
DWIDTH 18 0
BBX 2 11 8 1
BITMAP
C0
C0
00
00
00
00
00
00
C0
C0
C0
ENDCHAR
STARTCHAR uniFF1B
ENCODING 65307
SWIDTH 1000 0
DWIDTH 18 0
BBX 4 14 7 -2
BITMAP
60
60
00
00
00
00
00
60
70
70
30
20
60
80
ENDCHAR
STARTCHAR uniFF1C
ENCODING 65308
SWIDTH 1000 0
DWIDTH 18 0
BBX 14 14 2 0
BITMAP
0004
001C
0070
01C0
0700
1C00
7000
E000
3800
0E00
0380
00E0
0038
000C
ENDCHAR
STARTCHAR uniFF1D
ENCODING 65309
SWIDTH 1000 0
DWIDTH 18 0
BBX 14 6 2 4
BITMAP
FFFC
FFFC
0000
0000
0000
FFFC
ENDCHAR
STARTCHAR uniFF1E
ENCODING 65310
SWIDTH 1000 0
DWIDTH 18 0
BBX 14 14 2 0
BITMAP
8000
E000
3800
0E00
0380
00E0
0038
001C
0070
01C0
0700
1C00
7000
C000
ENDCHAR
STARTCHAR uniFF1F
ENCODING 65311
SWIDTH 1000 0
DWIDTH 18 0
BBX 8 14 5 0
BITMAP
1C
7E
83
01
01
03
0C
18
18
10
00
00
18
18
ENDCHAR
STARTCHAR uniFF20
ENCODING 65312
SWIDTH 1000 0
DWIDTH 18 0
BBX 16 16 1 -1
BITMAP
03F0
0E18
1804
3006
2082
43E2
4623
4462
4462
CC42
44E4
4338
6000
2000
1820
0FE0
ENDCHAR
STARTCHAR uniFF21
ENCODING 65313
SWIDTH 1000 0
DWIDTH 18 0
BBX 12 13 3 0
BITMAP
0600
0F00
0B00
1900
1980
1180
3080
30C0
3FC0
6060
4060
C020
C030
ENDCHAR
STARTCHAR uniFF22
ENCODING 65314
SWIDTH 1000 0
DWIDTH 18 0
BBX 11 13 4 0
BITMAP
FF00
C180
C0C0
C0C0
C080
FF80
FF80
C0C0
C060
C060
C040
C1C0
FF80
ENDCHAR
STARTCHAR uniFF23
ENCODING 65315
SWIDTH 1000 0
DWIDTH 18 0
BBX 11 13 4 0
BITMAP
1FC0
70C0
6000
C000
C000
8000
8000
8000
C000
C000
6040
38E0
1F80
ENDCHAR
STARTCHAR uniFF24
ENCODING 65316
SWIDTH 1000 0
DWIDTH 18 0
BBX 11 13 4 0
BITMAP
FF00
C380
C0C0
C0C0
C060
C060
C060
C060
C060
C0C0
C1C0
C780
FE00
ENDCHAR
STARTCHAR uniFF25
ENCODING 65317
SWIDTH 1000 0
DWIDTH 18 0
BBX 9 13 5 0
BITMAP
FF80
C000
C000
C000
C000
FE00
FE00
C000
C000
C000
C000
C000
FF80
ENDCHAR
STARTCHAR uniFF26
ENCODING 65318
SWIDTH 1000 0
DWIDTH 18 0
BBX 9 13 5 0
BITMAP
FF80
C000
C000
C000
C000
C000
FF00
C000
C000
C000
C000
C000
C000
ENDCHAR
STARTCHAR uniFF27
ENCODING 65319
SWIDTH 1000 0
DWIDTH 18 0
BBX 12 13 3 0
BITMAP
1FC0
3860
6000
6000
C000
C000
C1F0
C1F0
C030
6030
6030
3870
0FC0
ENDCHAR
STARTCHAR uniFF28
ENCODING 65320
SWIDTH 1000 0
DWIDTH 18 0
BBX 10 13 4 0
BITMAP
8040
8040
8040
8040
8040
FFC0
FFC0
8040
8040
8040
8040
8040
8040
ENDCHAR
STARTCHAR uniFF29
ENCODING 65321
SWIDTH 1000 0
DWIDTH 18 0
BBX 10 13 4 0
BITMAP
FFC0
0C00
0C00
0C00
0C00
0C00
0C00
0C00
0C00
0C00
0C00
0C00
FFC0
ENDCHAR
STARTCHAR uniFF2A
ENCODING 65322
SWIDTH 1000 0
DWIDTH 18 0
BBX 9 13 4 0
BITMAP
0180
0180
0180
0180
0180
0180
0180
0180
0180
0180
4100
E300
3E00
ENDCHAR
STARTCHAR uniFF2B
ENCODING 65323
SWIDTH 1000 0
DWIDTH 18 0
BBX 11 13 4 0
BITMAP
C0E0
C180
C300
C600
CC00
DC00
F600
E300
C300
C180
C0C0
C0C0
C060
ENDCHAR
STARTCHAR uniFF2C
ENCODING 65324
SWIDTH 1000 0
DWIDTH 18 0
BBX 9 13 5 0
BITMAP
C000
C000
C000
C000
C000
C000
C000
C000
C000
C000
C000
C000
FF80
ENDCHAR
STARTCHAR uniFF2D
ENCODING 65325
SWIDTH 1000 0
DWIDTH 18 0
BBX 12 13 3 0
BITMAP
C030
E070
E050
A050
B0D0
9090
9990
8910
8D10
8E10
8610
8610
8010
ENDCHAR
STARTCHAR uniFF2E
ENCODING 65326
SWIDTH 1000 0
DWIDTH 18 0
BBX 10 13 4 0
BITMAP
C040
E040
A040
B040
9840
9840
8C40
8640
8240
8340
81C0
80C0
80C0
ENDCHAR
STARTCHAR uniFF2F
ENCODING 65327
SWIDTH 1000 0
DWIDTH 18 0
BBX 12 13 3 0
BITMAP
3FC0
70E0
6060
C030
C030
8010
8010
8010
C030
C030
6060
30C0
1F80
ENDCHAR
STARTCHAR uniFF30
ENCODING 65328
SWIDTH 1000 0
DWIDTH 18 0
BBX 9 13 5 0
BITMAP
FF00
8380
8180
8080
8080
8180
FF00
FC00
8000
8000
8000
8000
8000
ENDCHAR
STARTCHAR uniFF31
ENCODING 65329
SWIDTH 1000 0
DWIDTH 18 0
BBX 13 16 3 -3
BITMAP
3FC0
70E0
6060
C030
C030
8010
8010
8010
C030
C030
6060
30C0
1F80
0600
0380
01F8
ENDCHAR
STARTCHAR uniFF32
ENCODING 65330
SWIDTH 1000 0
DWIDTH 18 0
BBX 10 13 5 0
BITMAP
FF00
8380
8180
8080
8180
8180
FF00
8C00
8600
8200
8300
8180
80C0
ENDCHAR
STARTCHAR uniFF33
ENCODING 65331
SWIDTH 1000 0
DWIDTH 18 0
BBX 10 13 4 0
BITMAP
3F80
60C0
4000
4000
6000
3C00
0F00
03C0
00C0
0040
80C0
E1C0
3F00
ENDCHAR
STARTCHAR uniFF34
ENCODING 65332
SWIDTH 1000 0
DWIDTH 18 0
BBX 12 13 3 0
BITMAP
FFF0
0600
0600
0600
0600
0600
0600
0600
0600
0600
0600
0600
0600
ENDCHAR
STARTCHAR uniFF35
ENCODING 65333
SWIDTH 1000 0
DWIDTH 18 0
BBX 10 13 4 0
BITMAP
8040
8040
8040
8040
8040
8040
8040
8040
8040
C0C0
C0C0
6180
3F00
ENDCHAR
STARTCHAR uniFF36
ENCODING 65334
SWIDTH 1000 0
DWIDTH 18 0
BBX 12 13 3 0
BITMAP
C030
6020
6060
2040
30C0
30C0
1080
1980
1980
0900
0F00
0F00
0600
ENDCHAR
STARTCHAR uniFF37
ENCODING 65335
SWIDTH 1000 0
DWIDTH 18 0
BBX 16 13 1 0
BITMAP
8181
C183
C3C3
C3C3
4242
6266
6666
6426
2424
3C34
3C3C
381C
1818
ENDCHAR
STARTCHAR uniFF38
ENCODING 65336
SWIDTH 1000 0
DWIDTH 18 0
BBX 10 13 4 0
BITMAP
C0C0
6180
2100
3300
1E00
0C00
0C00
1E00
3200
3300
6180
4080
C0C0
ENDCHAR
STARTCHAR uniFF39
ENCODING 65337
SWIDTH 1000 0
DWIDTH 18 0
BBX 10 13 4 0
BITMAP
C0C0
4080
6180
2100
3300
1200
1E00
0C00
0C00
0C00
0C00
0C00
0C00
ENDCHAR
STARTCHAR uniFF3A
ENCODING 65338
SWIDTH 1000 0
DWIDTH 18 0
BBX 10 13 4 0
BITMAP
FFC0
00C0
0180
0300
0600
0600
0C00
1800
3000
3000
6000
C000
FFC0
ENDCHAR
STARTCHAR uniFF3B
ENCODING 65339
SWIDTH 1000 0
DWIDTH 18 0
BBX 4 17 13 -2
BITMAP
F0
80
80
80
80
80
80
80
80
80
80
80
80
80
80
80
F0
ENDCHAR
STARTCHAR uniFF3C
ENCODING 65340
SWIDTH 1000 0
DWIDTH 18 0
BBX 16 17 1 -2
BITMAP
8000
4000
2000
1000
0800
0400
0200
0100
0080
0040
0020
0010
0008
0004
0002
0001
0001
ENDCHAR
STARTCHAR uniFF3D
ENCODING 65341
SWIDTH 1000 0
DWIDTH 18 0
BBX 4 17 1 -2
BITMAP
F0
10
10
10
10
10
10
10
10
10
10
10
10
10
10
10
F0
ENDCHAR
STARTCHAR uniFF3E
ENCODING 65342
SWIDTH 1000 0
DWIDTH 18 0
BBX 6 3 6 14
BITMAP
30
68
CC
ENDCHAR
STARTCHAR uniFF3F
ENCODING 65343
SWIDTH 1000 0
DWIDTH 18 0
BBX 18 1 0 -2
BITMAP
FFFFC0
ENDCHAR
STARTCHAR uniFF40
ENCODING 65344
SWIDTH 1000 0
DWIDTH 18 0
BBX 4 3 6 14
BITMAP
E0
20
10
ENDCHAR
STARTCHAR uniFF41
ENCODING 65345
SWIDTH 1000 0
DWIDTH 18 0
BBX 8 10 5 0
BITMAP
3E
E7
83
01
3F
E1
81
81
C7
7D
ENDCHAR
STARTCHAR uniFF42
ENCODING 65346
SWIDTH 1000 0
DWIDTH 18 0
BBX 9 14 5 0
BITMAP
8000
8000
8000
8000
9E00
E700
8180
8180
8180
8180
8180
8180
C300
BE00
ENDCHAR
STARTCHAR uniFF43
ENCODING 65347
SWIDTH 1000 0
DWIDTH 18 0
BBX 9 10 5 0
BITMAP
3E00
7380
C000
C000
8000
8000
8000
C000
6180
3F00
ENDCHAR
STARTCHAR uniFF44
ENCODING 65348
SWIDTH 1000 0
DWIDTH 18 0
BBX 9 14 4 0
BITMAP
0080
0080
0080
0080
3E80
7380
C080
C080
C080
C080
C080
C080
6380
3E80
ENDCHAR
STARTCHAR uniFF45
ENCODING 65349
SWIDTH 1000 0
DWIDTH 18 0
BBX 10 10 4 0
BITMAP
1F00
3180
60C0
C0C0
FFC0
FFC0
C000
6000
7080
1FC0
ENDCHAR
STARTCHAR uniFF46
ENCODING 65350
SWIDTH 1000 0
DWIDTH 18 0
BBX 10 15 5 0
BITMAP
0300
0FC0
1800
1800
1000
FF80
FF80
1000
1000
1000
1000
1000
1000
1000
1000
ENDCHAR
STARTCHAR uniFF47
ENCODING 65351
SWIDTH 1000 0
DWIDTH 18 0
BBX 10 15 4 -5
BITMAP
1FC0
7300
6180
4180
6180
3300
3E00
4000
6000
3FC0
40C0
C040
C0C0
7F80
0800
ENDCHAR
STARTCHAR uniFF48
ENCODING 65352
SWIDTH 1000 0
DWIDTH 18 0
BBX 8 14 5 0
BITMAP
80
80
80
80
9E
F7
C1
81
81
81
81
81
81
81
ENDCHAR
STARTCHAR uniFF49
ENCODING 65353
SWIDTH 1000 0
DWIDTH 18 0
BBX 2 14 8 0
BITMAP
C0
C0
00
00
C0
C0
C0
C0
C0
C0
C0
C0
C0
C0
ENDCHAR
STARTCHAR uniFF4A
ENCODING 65354
SWIDTH 1000 0
DWIDTH 18 0
BBX 7 18 4 -4
BITMAP
06
06
00
00
06
06
06
06
06
06
06
06
06
06
06
06
86
FC
ENDCHAR
STARTCHAR uniFF4B
ENCODING 65355
SWIDTH 1000 0
DWIDTH 18 0
BBX 9 14 5 0
BITMAP
C000
C000
C000
C000
C180
C200
C600
CC00
D800
FC00
E600
C200
C300
C180
ENDCHAR
STARTCHAR uniFF4C
ENCODING 65356
SWIDTH 1000 0
DWIDTH 18 0
BBX 6 14 8 0
BITMAP
C0
C0
C0
C0
C0
C0
C0
C0
C0
C0
C0
C0
C4
7C
ENDCHAR
STARTCHAR uniFF4D
ENCODING 65357
SWIDTH 1000 0
DWIDTH 18 0
BBX 16 10 1 0
BITMAP
CF3C
F366
C183
C183
C183
C183
C183
C183
C183
C183
ENDCHAR
STARTCHAR uniFF4E
ENCODING 65358
SWIDTH 1000 0
DWIDTH 18 0
BBX 9 10 5 0
BITMAP
9E00
F700
C100
8100
8180
8180
8180
8180
8180
8180
ENDCHAR
STARTCHAR uniFF4F
ENCODING 65359
SWIDTH 1000 0
DWIDTH 18 0
BBX 10 10 4 0
BITMAP
1E00
7380
C0C0
C0C0
C0C0
C0C0
C0C0
C0C0
6180
3F00
ENDCHAR
STARTCHAR uniFF50
ENCODING 65360
SWIDTH 1000 0
DWIDTH 18 0
BBX 9 14 5 -4
BITMAP
9E00
E700
8180
8180
8180
8180
8180
8180
C300
BE00
8000
8000
8000
8000
ENDCHAR
STARTCHAR uniFF51
ENCODING 65361
SWIDTH 1000 0
DWIDTH 18 0
BBX 9 14 4 -4
BITMAP
3E80
7380
C080
C080
C080
C080
C080
C080
6380
3E80
0080
0080
0080
0080
ENDCHAR
STARTCHAR uniFF52
ENCODING 65362
SWIDTH 1000 0
DWIDTH 18 0
BBX 8 10 6 0
BITMAP
8F
BA
E0
C0
C0
C0
C0
C0
C0
C0
ENDCHAR
STARTCHAR uniFF53
ENCODING 65363
SWIDTH 1000 0
DWIDTH 18 0
BBX 10 10 4 0
BITMAP
1F00
6180
6000
6000
3C00
0780
0180
00C0
E180
3F00
ENDCHAR
STARTCHAR uniFF54
ENCODING 65364
SWIDTH 1000 0
DWIDTH 18 0
BBX 10 13 4 0
BITMAP
1800
1800
1800
FFC0
FFC0
1800
1800
1800
1800
1800
1800
0C40
0FC0
ENDCHAR
STARTCHAR uniFF55
ENCODING 65365
SWIDTH 1000 0
DWIDTH 18 0
BBX 8 10 5 0
BITMAP
81
81
81
81
81
81
81
83
C7
79
ENDCHAR
STARTCHAR uniFF56
ENCODING 65366
SWIDTH 1000 0
DWIDTH 18 0
BBX 10 10 4 0
BITMAP
C0C0
4080
6180
6180
2100
3300
1200
1A00
1E00
0C00
ENDCHAR
STARTCHAR uniFF57
ENCODING 65367
SWIDTH 1000 0
DWIDTH 18 0
BBX 16 10 1 0
BITMAP
C183
4182
63C6
62C6
2244
326C
366C
1428
1C28
1C38
ENDCHAR
STARTCHAR uniFF58
ENCODING 65368
SWIDTH 1000 0
DWIDTH 18 0
BBX 10 10 4 0
BITMAP
6180
2100
3300
1E00
0C00
0C00
1600
3300
6180
C0C0
ENDCHAR
STARTCHAR uniFF59
ENCODING 65369
SWIDTH 1000 0
DWIDTH 18 0
BBX 10 14 4 -4
BITMAP
C0C0
4080
6080
2180
3100
3300
1300
1A00
0E00
0C00
0C00
0800
1800
F000
ENDCHAR
STARTCHAR uniFF5A
ENCODING 65370
SWIDTH 1000 0
DWIDTH 18 0
BBX 9 10 5 0
BITMAP
FF00
FF00
0600
0C00
0800
1800
3000
6000
C000
FF80
ENDCHAR
STARTCHAR uniFF5B
ENCODING 65371
SWIDTH 1000 0
DWIDTH 18 0
BBX 4 17 13 -2
BITMAP
30
60
40
40
60
60
60
40
C0
40
60
60
40
40
40
60
30
ENDCHAR
STARTCHAR uniFF5C
ENCODING 65372
SWIDTH 1000 0
DWIDTH 18 0
BBX 1 18 9 -2
BITMAP
80
80
80
80
80
80
80
80
80
80
80
80
80
80
80
80
80
80
ENDCHAR
STARTCHAR uniFF5D
ENCODING 65373
SWIDTH 1000 0
DWIDTH 18 0
BBX 4 17 1 -2
BITMAP
C0
60
20
20
60
60
60
20
30
20
60
60
20
20
20
60
C0
ENDCHAR
STARTCHAR uniFF5E
ENCODING 65374
SWIDTH 1000 0
DWIDTH 18 0
BBX 16 5 1 4
BITMAP
3E00
6303
C1C7
80FE
0010
ENDCHAR
STARTCHAR uniFF5F
ENCODING 65375
SWIDTH 1000 0
DWIDTH 18 0
BBX 7 17 10 -2
BITMAP
12
24
2C
48
48
50
90
90
90
90
D0
58
48
68
24
36
12
ENDCHAR
STARTCHAR uniFF60
ENCODING 65376
SWIDTH 1000 0
DWIDTH 18 0
BBX 7 17 1 -2
BITMAP
90
48
68
24
34
14
12
12
12
12
16
14
24
2C
48
D8
90
ENDCHAR
STARTCHAR uniFF61
ENCODING 65377
SWIDTH 500 0
DWIDTH 9 0
BBX 5 5 1 -1
BITMAP
F0
88
88
88
70
ENDCHAR
STARTCHAR uniFF62
ENCODING 65378
SWIDTH 500 0
DWIDTH 9 0
BBX 5 11 3 4
BITMAP
F8
80
80
80
80
80
80
80
80
80
80
ENDCHAR
STARTCHAR uniFF63
ENCODING 65379
SWIDTH 500 0
DWIDTH 9 0
BBX 5 12 1 -2
BITMAP
08
08
08
08
08
08
08
08
08
08
F8
F8
ENDCHAR
STARTCHAR uniFF64
ENCODING 65380
SWIDTH 500 0
DWIDTH 9 0
BBX 6 5 0 -1
BITMAP
40
E0
30
1C
08
ENDCHAR
STARTCHAR uniFF65
ENCODING 65381
SWIDTH 500 0
DWIDTH 9 0
BBX 3 3 3 5
BITMAP
E0
E0
40
ENDCHAR
STARTCHAR uniFF66
ENCODING 65382
SWIDTH 500 0
DWIDTH 9 0
BBX 7 14 1 -1
BITMAP
82
FE
02
06
06
7C
04
04
0C
08
18
10
60
20
ENDCHAR
STARTCHAR uniFF67
ENCODING 65383
SWIDTH 500 0
DWIDTH 9 0
BBX 6 11 2 -1
BITMAP
F8
0C
08
28
30
20
20
20
40
40
80
ENDCHAR
STARTCHAR uniFF68
ENCODING 65384
SWIDTH 500 0
DWIDTH 9 0
BBX 6 12 1 -1
BITMAP
08
0C
08
18
30
70
D0
10
10
10
10
10
ENDCHAR
STARTCHAR uniFF69
ENCODING 65385
SWIDTH 500 0
DWIDTH 9 0
BBX 5 12 2 -1
BITMAP
20
20
F8
88
88
88
88
08
18
10
20
40
ENDCHAR
STARTCHAR uniFF6A
ENCODING 65386
SWIDTH 500 0
DWIDTH 9 0
BBX 6 9 1 0
BITMAP
7C
10
10
10
10
10
10
FC
FC
ENDCHAR
STARTCHAR uniFF6B
ENCODING 65387
SWIDTH 500 0
DWIDTH 9 0
BBX 6 12 1 -1
BITMAP
08
08
08
7C
18
18
28
28
48
C8
18
10
ENDCHAR
STARTCHAR uniFF6C
ENCODING 65388
SWIDTH 500 0
DWIDTH 9 0
BBX 7 12 1 -1
BITMAP
60
20
26
3C
E4
24
28
38
10
10
10
10
ENDCHAR
STARTCHAR uniFF6D
ENCODING 65389
SWIDTH 500 0
DWIDTH 9 0
BBX 7 9 1 0
BITMAP
7C
0C
0C
08
08
08
08
8A
FE
ENDCHAR
STARTCHAR uniFF6E
ENCODING 65390
SWIDTH 500 0
DWIDTH 9 0
BBX 5 10 2 -1
BITMAP
F8
08
08
08
F8
08
08
08
F8
08
ENDCHAR
STARTCHAR uniFF6F
ENCODING 65391
SWIDTH 500 0
DWIDTH 9 0
BBX 7 11 1 -1
BITMAP
20
96
54
54
44
04
08
08
10
30
60
ENDCHAR
STARTCHAR uniFF70
ENCODING 65392
SWIDTH 500 0
DWIDTH 9 0
BBX 7 1 1 6
BITMAP
FE
ENDCHAR
STARTCHAR uniFF71
ENCODING 65393
SWIDTH 500 0
DWIDTH 9 0
BBX 7 14 1 -1
BITMAP
82
FE
02
16
14
1C
14
10
10
30
20
20
C0
40
ENDCHAR
STARTCHAR uniFF72
ENCODING 65394
SWIDTH 500 0
DWIDTH 9 0
BBX 7 15 1 -1
BITMAP
04
06
04
08
18
38
78
D8
98
18
18
18
18
18
18
ENDCHAR
STARTCHAR uniFF73
ENCODING 65395
SWIDTH 500 0
DWIDTH 9 0
BBX 7 15 1 -1
BITMAP
10
10
10
FE
82
82
82
86
04
04
04
08
18
30
20
ENDCHAR
STARTCHAR uniFF74
ENCODING 65396
SWIDTH 500 0
DWIDTH 9 0
BBX 7 11 1 1
BITMAP
FE
FE
10
10
10
10
10
10
10
10
FE
ENDCHAR
STARTCHAR uniFF75
ENCODING 65397
SWIDTH 500 0
DWIDTH 9 0
BBX 8 15 1 -1
BITMAP
08
08
08
FF
FF
08
18
18
28
28
48
C8
88
18
08
ENDCHAR
STARTCHAR uniFF76
ENCODING 65398
SWIDTH 500 0
DWIDTH 9 0
BBX 7 14 1 0
BITMAP
30
30
30
FC
FE
22
22
22
22
22
62
46
C4
9C
ENDCHAR
STARTCHAR uniFF77
ENCODING 65399
SWIDTH 500 0
DWIDTH 9 0
BBX 7 15 1 -1
BITMAP
30
30
14
3C
F0
90
10
16
3C
F0
90
10
18
18
10
ENDCHAR
STARTCHAR uniFF78
ENCODING 65400
SWIDTH 500 0
DWIDTH 9 0
BBX 7 15 1 -1
BITMAP
10
10
32
3E
22
44
C4
84
0C
08
18
10
30
60
40
ENDCHAR
STARTCHAR uniFF79
ENCODING 65401
SWIDTH 500 0
DWIDTH 9 0
BBX 7 15 1 -1
BITMAP
20
20
60
7E
7E
48
88
88
88
08
10
10
30
60
20
ENDCHAR
STARTCHAR uniFF7A
ENCODING 65402
SWIDTH 500 0
DWIDTH 9 0
BBX 7 12 1 0
BITMAP
FE
06
06
06
06
06
06
06
06
FE
FE
06
ENDCHAR
STARTCHAR uniFF7B
ENCODING 65403
SWIDTH 500 0
DWIDTH 9 0
BBX 7 15 1 -1
BITMAP
4C
44
44
44
FE
44
44
4C
4C
08
08
08
18
30
20
ENDCHAR
STARTCHAR uniFF7C
ENCODING 65404
SWIDTH 500 0
DWIDTH 9 0
BBX 7 15 1 -1
BITMAP
40
60
30
10
82
C2
62
46
04
0C
08
18
70
E0
80
ENDCHAR
STARTCHAR uniFF7D
ENCODING 65405
SWIDTH 500 0
DWIDTH 9 0
BBX 7 13 1 0
BITMAP
84
7E
04
04
0C
08
08
18
1C
24
66
C2
82
ENDCHAR
STARTCHAR uniFF7E
ENCODING 65406
SWIDTH 500 0
DWIDTH 9 0
BBX 8 14 0 0
BITMAP
30
30
30
33
3F
F2
72
36
34
30
30
30
11
1F
ENDCHAR
STARTCHAR uniFF7F
ENCODING 65407
SWIDTH 500 0
DWIDTH 9 0
BBX 7 14 1 -1
BITMAP
82
82
C2
46
44
64
04
0C
08
18
10
30
60
20
ENDCHAR
STARTCHAR uniFF80
ENCODING 65408
SWIDTH 500 0
DWIDTH 9 0
BBX 7 15 1 -1
BITMAP
10
30
3E
3E
66
44
E4
B4
1C
0C
1C
14
30
E0
40
ENDCHAR
STARTCHAR uniFF81
ENCODING 65409
SWIDTH 500 0
DWIDTH 9 0
BBX 7 15 1 -1
BITMAP
04
9C
70
10
10
10
FE
10
10
10
10
30
20
60
40
ENDCHAR
STARTCHAR uniFF82
ENCODING 65410
SWIDTH 500 0
DWIDTH 9 0
BBX 7 14 1 -1
BITMAP
20
B2
92
92
96
C4
04
04
0C
08
18
30
60
40
ENDCHAR
STARTCHAR uniFF83
ENCODING 65411
SWIDTH 500 0
DWIDTH 9 0
BBX 7 14 1 -1
BITMAP
7C
00
00
00
FE
FE
10
10
10
10
30
20
60
40
ENDCHAR
STARTCHAR uniFF84
ENCODING 65412
SWIDTH 500 0
DWIDTH 9 0
BBX 5 15 3 -1
BITMAP
80
80
80
80
80
80
E0
B0
98
88
80
80
80
80
80
ENDCHAR
STARTCHAR uniFF85
ENCODING 65413
SWIDTH 500 0
DWIDTH 9 0
BBX 7 15 1 -1
BITMAP
10
10
10
10
FE
FE
10
10
10
10
30
30
20
60
40
ENDCHAR
STARTCHAR uniFF86
ENCODING 65414
SWIDTH 500 0
DWIDTH 9 0
BBX 7 11 1 1
BITMAP
7C
7C
00
00
00
00
00
00
00
FE
FE
ENDCHAR
STARTCHAR uniFF87
ENCODING 65415
SWIDTH 500 0
DWIDTH 9 0
BBX 6 14 1 -1
BITMAP
7C
7C
04
04
44
6C
38
18
18
1C
34
64
C0
80
ENDCHAR
STARTCHAR uniFF88
ENCODING 65416
SWIDTH 500 0
DWIDTH 9 0
BBX 8 15 1 -1
BITMAP
10
10
FC
FE
04
0C
08
10
34
76
D3
92
10
10
10
ENDCHAR
STARTCHAR uniFF89
ENCODING 65417
SWIDTH 500 0
DWIDTH 9 0
BBX 6 13 1 0
BITMAP
04
04
04
0C
0C
08
08
18
10
30
20
60
C0
ENDCHAR
STARTCHAR uniFF8A
ENCODING 65418
SWIDTH 500 0
DWIDTH 9 0
BBX 9 12 0 0
BITMAP
3400
3600
2200
2200
2200
2300
2100
6100
4100
4100
C100
4180
ENDCHAR
STARTCHAR uniFF8B
ENCODING 65419
SWIDTH 500 0
DWIDTH 9 0
BBX 6 13 2 0
BITMAP
80
80
88
98
B0
E0
80
80
80
80
80
84
FC
ENDCHAR
STARTCHAR uniFF8C
ENCODING 65420
SWIDTH 500 0
DWIDTH 9 0
BBX 7 13 1 -1
BITMAP
FE
02
02
06
04
04
04
0C
08
18
30
60
20
ENDCHAR
STARTCHAR uniFF8D
ENCODING 65421
SWIDTH 500 0
DWIDTH 9 0
BBX 9 11 0 0
BITMAP
1800
3800
2C00
2400
4600
C200
4200
4100
0180
0100
0100
ENDCHAR
STARTCHAR uniFF8E
ENCODING 65422
SWIDTH 500 0
DWIDTH 9 0
BBX 7 15 1 -1
BITMAP
10
10
10
FE
FE
10
10
54
56
92
92
92
10
30
10
ENDCHAR
STARTCHAR uniFF8F
ENCODING 65423
SWIDTH 500 0
DWIDTH 9 0
BBX 8 13 1 -1
BITMAP
FF
82
02
04
04
4C
68
38
30
18
08
0C
08
ENDCHAR
STARTCHAR uniFF90
ENCODING 65424
SWIDTH 500 0
DWIDTH 9 0
BBX 6 14 1 -1
BITMAP
70
1C
04
00
40
70
1C
04
00
80
E0
38
0C
04
ENDCHAR
STARTCHAR uniFF91
ENCODING 65425
SWIDTH 500 0
DWIDTH 9 0
BBX 9 14 0 -1
BITMAP
1800
1800
1000
1000
1000
1000
3600
2200
2200
2300
2F00
FF00
4180
0100
ENDCHAR
STARTCHAR uniFF92
ENCODING 65426
SWIDTH 500 0
DWIDTH 9 0
BBX 7 15 1 -1
BITMAP
04
04
04
44
48
68
38
18
18
34
26
62
40
C0
80
ENDCHAR
STARTCHAR uniFF93
ENCODING 65427
SWIDTH 500 0
DWIDTH 9 0
BBX 7 12 1 0
BITMAP
FC
20
20
20
20
FE
20
20
20
20
30
1E
ENDCHAR
STARTCHAR uniFF94
ENCODING 65428
SWIDTH 500 0
DWIDTH 9 0
BBX 8 15 0 -1
BITMAP
20
20
31
37
3D
F1
92
12
16
18
18
08
08
08
08
ENDCHAR
STARTCHAR uniFF95
ENCODING 65429
SWIDTH 500 0
DWIDTH 9 0
BBX 7 11 1 1
BITMAP
7C
7C
04
04
04
04
0C
0C
0C
0C
FE
ENDCHAR
STARTCHAR uniFF96
ENCODING 65430
SWIDTH 500 0
DWIDTH 9 0
BBX 7 12 1 0
BITMAP
7E
06
06
06
46
7E
06
06
06
06
FE
06
ENDCHAR
STARTCHAR uniFF97
ENCODING 65431
SWIDTH 500 0
DWIDTH 9 0
BBX 7 14 1 -1
BITMAP
7C
00
00
00
FE
06
04
04
04
0C
08
18
70
20
ENDCHAR
STARTCHAR uniFF98
ENCODING 65432
SWIDTH 500 0
DWIDTH 9 0
BBX 5 14 2 -1
BITMAP
88
88
88
88
88
88
88
88
08
18
10
30
60
40
ENDCHAR
STARTCHAR uniFF99
ENCODING 65433
SWIDTH 500 0
DWIDTH 9 0
BBX 9 13 0 0
BITMAP
2C00
2C00
2C00
2C00
2C00
2C00
2C00
2C80
2D80
6D00
4E00
4E00
CC00
ENDCHAR
STARTCHAR uniFF9A
ENCODING 65434
SWIDTH 500 0
DWIDTH 9 0
BBX 6 13 2 0
BITMAP
80
80
80
80
80
84
84
8C
88
98
B0
E0
C0
ENDCHAR
STARTCHAR uniFF9B
ENCODING 65435
SWIDTH 500 0
DWIDTH 9 0
BBX 7 12 1 0
BITMAP
FE
82
82
82
82
82
82
82
82
82
FE
82
ENDCHAR
STARTCHAR uniFF9C
ENCODING 65436
SWIDTH 500 0
DWIDTH 9 0
BBX 7 13 1 -1
BITMAP
FE
82
82
82
86
C4
04
04
0C
08
18
30
20
ENDCHAR
STARTCHAR uniFF9D
ENCODING 65437
SWIDTH 500 0
DWIDTH 9 0
BBX 7 13 1 0
BITMAP
80
40
62
22
22
06
04
04
08
18
30
60
C0
ENDCHAR
STARTCHAR uniFF9E
ENCODING 65438
SWIDTH 500 0
DWIDTH 9 0
BBX 5 4 0 11
BITMAP
30
D0
48
20
ENDCHAR
STARTCHAR uniFF9F
ENCODING 65439
SWIDTH 500 0
DWIDTH 9 0
BBX 4 4 0 11
BITMAP
70
90
90
60
ENDCHAR
STARTCHAR uniFFA1
ENCODING 65441
SWIDTH 944 0
DWIDTH 17 0
BBX 10 9 3 2
BITMAP
FFC0
0040
0040
0040
0040
0040
0040
0040
0040
ENDCHAR
STARTCHAR uniFFA2
ENCODING 65442
SWIDTH 944 0
DWIDTH 17 0
BBX 13 9 2 2
BITMAP
FDF8
0418
0418
0418
0418
0418
0418
0418
0418
ENDCHAR
STARTCHAR uniFFA3
ENCODING 65443
SWIDTH 944 0
DWIDTH 17 0
BBX 13 9 2 2
BITMAP
FC40
0C40
0C40
0C40
0C40
0CE0
0DB0
0F18
0E08
ENDCHAR
STARTCHAR uniFFA4
ENCODING 65444
SWIDTH 944 0
DWIDTH 17 0
BBX 11 8 3 3
BITMAP
C000
C000
C000
C000
C000
C000
C000
FFE0
ENDCHAR
STARTCHAR uniFFA5
ENCODING 65445
SWIDTH 944 0
DWIDTH 17 0
BBX 12 9 3 2
BITMAP
87E0
8180
8180
8180
8180
8180
83C0
FE70
F420
ENDCHAR
STARTCHAR uniFFA6
ENCODING 65446
SWIDTH 944 0
DWIDTH 17 0
BBX 11 9 3 2
BITMAP
8180
87E0
87E0
8180
82C0
8460
8460
FE40
E380
ENDCHAR
STARTCHAR uniFFA7
ENCODING 65447
SWIDTH 944 0
DWIDTH 17 0
BBX 10 9 3 2
BITMAP
FFC0
C000
C000
C000
C000
C000
C000
FFC0
FFC0
ENDCHAR
STARTCHAR uniFFA8
ENCODING 65448
SWIDTH 944 0
DWIDTH 17 0
BBX 11 8 3 3
BITMAP
FBE0
8200
8200
8200
8200
8200
8200
FBE0
ENDCHAR
STARTCHAR uniFFA9
ENCODING 65449
SWIDTH 944 0
DWIDTH 17 0
BBX 11 9 3 2
BITMAP
FFC0
0040
0040
0040
FFC0
C000
C000
FFE0
FFE0
ENDCHAR
STARTCHAR uniFFAA
ENCODING 65450
SWIDTH 944 0
DWIDTH 17 0
BBX 11 9 3 2
BITMAP
FBE0
0820
0820
0820
F820
8020
8020
FC20
E020
ENDCHAR
STARTCHAR uniFFAB
ENCODING 65451
SWIDTH 944 0
DWIDTH 17 0
BBX 11 9 3 2
BITMAP
FBE0
1A20
1A20
1A20
FA20
8220
8220
FBE0
E3E0
ENDCHAR
STARTCHAR uniFFAC
ENCODING 65452
SWIDTH 944 0
DWIDTH 17 0
BBX 11 9 3 2
BITMAP
FA20
1A20
1A20
1BE0
FA20
8220
8220
FBE0
E3E0
ENDCHAR
STARTCHAR uniFFAD
ENCODING 65453
SWIDTH 944 0
DWIDTH 17 0
BBX 12 9 3 2
BITMAP
F880
1880
1880
1880
F8C0
81C0
8160
FE30
E410
ENDCHAR
STARTCHAR uniFFAE
ENCODING 65454
SWIDTH 944 0
DWIDTH 17 0
BBX 11 9 3 2
BITMAP
FBE0
1A00
1A00
1A00
FBE0
8200
8200
FBE0
C3E0
ENDCHAR
STARTCHAR uniFFAF
ENCODING 65455
SWIDTH 944 0
DWIDTH 17 0
BBX 12 9 3 2
BITMAP
FBE0
1B60
1B60
1B60
FB60
8360
8360
FFF0
E7F0
ENDCHAR
STARTCHAR uniFFB0
ENCODING 65456
SWIDTH 944 0
DWIDTH 17 0
BBX 11 9 3 2
BITMAP
F880
1FE0
1800
19C0
FB60
8220
8220
FB60
E180
ENDCHAR
STARTCHAR uniFFB1
ENCODING 65457
SWIDTH 944 0
DWIDTH 17 0
BBX 10 9 3 2
BITMAP
FFC0
C040
C040
C040
C040
C040
C040
FFC0
FFC0
ENDCHAR
STARTCHAR uniFFB2
ENCODING 65458
SWIDTH 944 0
DWIDTH 17 0
BBX 10 9 3 2
BITMAP
C040
C040
C040
FFC0
C040
C040
C040
FFC0
FFC0
ENDCHAR
STARTCHAR uniFFB3
ENCODING 65459
SWIDTH 944 0
DWIDTH 17 0
BBX 11 9 3 2
BITMAP
8A20
8A20
8A20
FBE0
8A20
8A20
8A20
FBE0
FBE0
ENDCHAR
STARTCHAR uniFFB4
ENCODING 65460
SWIDTH 944 0
DWIDTH 17 0
BBX 12 9 3 2
BITMAP
8880
8880
8880
F880
88C0
89C0
8960
FE30
FC10
ENDCHAR
STARTCHAR uniFFB5
ENCODING 65461
SWIDTH 944 0
DWIDTH 17 0
BBX 11 9 3 2
BITMAP
0400
0400
0400
0C00
0E00
1A00
3380
E0E0
8020
ENDCHAR
STARTCHAR uniFFB6
ENCODING 65462
SWIDTH 944 0
DWIDTH 17 0
BBX 13 9 2 2
BITMAP
1040
1040
1040
1040
38E0
28A0
6DB0
C718
0200
ENDCHAR
STARTCHAR uniFFB7
ENCODING 65463
SWIDTH 944 0
DWIDTH 17 0
BBX 10 9 3 2
BITMAP
3F00
6180
40C0
C040
C040
C040
60C0
3F80
0E00
ENDCHAR
STARTCHAR uniFFB8
ENCODING 65464
SWIDTH 944 0
DWIDTH 17 0
BBX 11 9 3 2
BITMAP
FFC0
0400
0400
0C00
0E00
1A00
3180
E0E0
8040
ENDCHAR
STARTCHAR uniFFB9
ENCODING 65465
SWIDTH 944 0
DWIDTH 17 0
BBX 13 9 2 2
BITMAP
FDF0
1040
1040
3040
30E0
38A0
6DB0
C718
0200
ENDCHAR
STARTCHAR uniFFBA
ENCODING 65466
SWIDTH 944 0
DWIDTH 17 0
BBX 11 10 3 2
BITMAP
0400
0400
FFC0
FFC0
0C00
0C00
0E00
1B00
71C0
C060
ENDCHAR
STARTCHAR uniFFBB
ENCODING 65467
SWIDTH 944 0
DWIDTH 17 0
BBX 10 9 3 2
BITMAP
FFC0
0040
0040
0040
FFC0
0040
0040
0040
0040
ENDCHAR
STARTCHAR uniFFBC
ENCODING 65468
SWIDTH 944 0
DWIDTH 17 0
BBX 11 9 3 2
BITMAP
FFC0
C000
C000
C000
FFC0
C000
C000
FFE0
FFE0
ENDCHAR
STARTCHAR uniFFBD
ENCODING 65469
SWIDTH 944 0
DWIDTH 17 0
BBX 11 9 3 2
BITMAP
FFE0
3180
3180
3180
3180
3180
3180
FFE0
FFE0
ENDCHAR
STARTCHAR uniFFBE
ENCODING 65470
SWIDTH 944 0
DWIDTH 17 0
BBX 11 10 3 2
BITMAP
0400
0400
FFE0
0000
0C00
3F80
2080
6080
2180
3F00
ENDCHAR
STARTCHAR uniFFC2
ENCODING 65474
SWIDTH 944 0
DWIDTH 17 0
BBX 5 16 7 -1
BITMAP
C0
C0
C0
C0
C0
C0
C0
F8
C0
C0
C0
C0
C0
C0
C0
C0
ENDCHAR
STARTCHAR uniFFC3
ENCODING 65475
SWIDTH 944 0
DWIDTH 17 0
BBX 5 16 6 -1
BITMAP
08
88
88
88
88
88
88
F8
88
88
88
88
88
88
88
88
ENDCHAR
STARTCHAR uniFFC4
ENCODING 65476
SWIDTH 944 0
DWIDTH 17 0
BBX 5 16 7 -1
BITMAP
80
80
80
80
80
F8
80
80
80
F8
F8
80
80
80
80
80
ENDCHAR
STARTCHAR uniFFC5
ENCODING 65477
SWIDTH 944 0
DWIDTH 17 0
BBX 5 16 6 -1
BITMAP
08
88
88
88
88
F8
88
88
88
F8
88
88
88
88
88
88
ENDCHAR
STARTCHAR uniFFC6
ENCODING 65478
SWIDTH 944 0
DWIDTH 17 0
BBX 6 16 5 -1
BITMAP
0C
0C
0C
0C
0C
0C
0C
FC
0C
0C
0C
0C
0C
0C
0C
0C
ENDCHAR
STARTCHAR uniFFC7
ENCODING 65479
SWIDTH 944 0
DWIDTH 17 0
BBX 8 16 4 -1
BITMAP
03
1B
1B
1B
1B
1B
1B
FB
1B
1B
1B
1B
1B
1B
1B
1B
ENDCHAR
STARTCHAR uniFFCA
ENCODING 65482
SWIDTH 944 0
DWIDTH 17 0
BBX 6 16 5 -1
BITMAP
0C
0C
0C
0C
0C
FC
0C
0C
0C
FC
0C
0C
0C
0C
0C
0C
ENDCHAR
STARTCHAR uniFFCB
ENCODING 65483
SWIDTH 944 0
DWIDTH 17 0
BBX 8 16 4 -1
BITMAP
03
1B
1B
1B
1B
FB
1B
1B
1B
FB
1B
1B
1B
1B
1B
1B
ENDCHAR
STARTCHAR uniFFCC
ENCODING 65484
SWIDTH 944 0
DWIDTH 17 0
BBX 15 8 1 4
BITMAP
0300
0300
0300
0300
0300
0300
0300
FFFE
ENDCHAR
STARTCHAR uniFFCD
ENCODING 65485
SWIDTH 944 0
DWIDTH 17 0
BBX 15 16 1 -1
BITMAP
0010
0010
0010
0010
0010
0C10
0C10
0C1E
0C10
0C10
0C10
FFD0
0010
0010
0010
0010
ENDCHAR
STARTCHAR uniFFCE
ENCODING 65486
SWIDTH 944 0
DWIDTH 17 0
BBX 14 16 1 -1
BITMAP
000C
004C
004C
004C
004C
084C
084C
087C
084C
084C
094C
FF4C
004C
004C
004C
004C
ENDCHAR
STARTCHAR uniFFCF
ENCODING 65487
SWIDTH 944 0
DWIDTH 17 0
BBX 12 16 2 -1
BITMAP
0010
0010
0010
0010
0010
0C10
0C10
0C10
0C10
0C10
0CD0
FF90
0010
0010
0010
0010
ENDCHAR
STARTCHAR uniFFD2
ENCODING 65490
SWIDTH 944 0
DWIDTH 17 0
BBX 15 8 1 3
BITMAP
0860
0860
0860
0860
0860
0860
0860
FFFE
ENDCHAR
STARTCHAR uniFFD3
ENCODING 65491
SWIDTH 944 0
DWIDTH 17 0
BBX 15 8 1 1
BITMAP
FFFE
0100
0100
0100
0100
0100
0100
0100
ENDCHAR
STARTCHAR uniFFD4
ENCODING 65492
SWIDTH 944 0
DWIDTH 17 0
BBX 14 16 1 -1
BITMAP
000C
000C
000C
000C
000C
000C
000C
FFEC
7E0C
040C
04FC
04FC
040C
040C
040C
000C
ENDCHAR
STARTCHAR uniFFD5
ENCODING 65493
SWIDTH 944 0
DWIDTH 17 0
BBX 14 16 1 -1
BITMAP
0004
0024
0024
0024
0024
0024
0024
3FA4
F824
0824
09E4
09E4
0824
0824
0824
0024
ENDCHAR
STARTCHAR uniFFD6
ENCODING 65494
SWIDTH 944 0
DWIDTH 17 0
BBX 13 16 2 -1
BITMAP
0018
0018
0018
0018
0018
0018
0018
07D8
FF18
0C18
0C18
0C18
0C18
0C18
0C18
0018
ENDCHAR
STARTCHAR uniFFD7
ENCODING 65495
SWIDTH 944 0
DWIDTH 17 0
BBX 15 8 1 1
BITMAP
FFFE
0860
0860
0860
0860
0860
0860
0860
ENDCHAR
STARTCHAR uniFFDA
ENCODING 65498
SWIDTH 944 0
DWIDTH 17 0
BBX 15 2 1 6
BITMAP
FFFE
FFFE
ENDCHAR
STARTCHAR uniFFDB
ENCODING 65499
SWIDTH 944 0
DWIDTH 17 0
BBX 13 16 1 -2
BITMAP
0008
0008
0008
0008
0008
0008
0008
0008
0008
FFE8
0008
0008
0008
0008
0008
0008
ENDCHAR
STARTCHAR uniFFDC
ENCODING 65500
SWIDTH 944 0
DWIDTH 17 0
BBX 1 16 8 -1
BITMAP
80
80
80
80
80
80
80
80
80
80
80
80
80
80
80
80
ENDCHAR
STARTCHAR uniFFE0
ENCODING 65504
SWIDTH 1000 0
DWIDTH 18 0
BBX 10 15 4 -1
BITMAP
0400
0400
0600
3FC0
6480
4400
C400
C400
C400
4400
6480
3FC0
0E00
0400
0400
ENDCHAR
STARTCHAR uniFFE1
ENCODING 65505
SWIDTH 1000 0
DWIDTH 18 0
BBX 10 13 4 0
BITMAP
1F80
30C0
2040
6000
6000
2000
FF00
3000
1000
3000
2000
6000
FFC0
ENDCHAR
STARTCHAR uniFFE2
ENCODING 65506
SWIDTH 1000 0
DWIDTH 18 0
BBX 14 5 2 4
BITMAP
FFFC
000C
000C
000C
000C
ENDCHAR
STARTCHAR uniFFE3
ENCODING 65507
SWIDTH 1000 0
DWIDTH 18 0
BBX 18 1 0 15
BITMAP
FFFFC0
ENDCHAR
STARTCHAR uniFFE4
ENCODING 65508
SWIDTH 1000 0
DWIDTH 18 0
BBX 1 16 9 -1
BITMAP
80
80
80
80
80
80
80
00
00
80
80
80
80
80
80
80
ENDCHAR
STARTCHAR uniFFE5
ENCODING 65509
SWIDTH 1000 0
DWIDTH 18 0
BBX 12 13 3 0
BITMAP
E070
6060
30C0
1080
1980
0900
0600
3FC0
0600
3FC0
0600
0600
0600
ENDCHAR
STARTCHAR uniFFE6
ENCODING 65510
SWIDTH 1000 0
DWIDTH 18 0
BBX 14 13 2 0
BITMAP
C00C
4308
4308
6308
6698
2498
FFFC
2490
24D0
3C50
1860
1860
1860
ENDCHAR
STARTCHAR uniFFE8
ENCODING 65512
SWIDTH 500 0
DWIDTH 9 0
BBX 1 20 4 -5
BITMAP
80
80
80
80
80
80
80
80
80
80
80
80
80
80
80
80
80
80
80
80
ENDCHAR
STARTCHAR uniFFE9
ENCODING 65513
SWIDTH 500 0
DWIDTH 9 0
BBX 9 8 0 3
BITMAP
1800
1000
3000
6000
FF80
2000
1000
1800
ENDCHAR
STARTCHAR uniFFEA
ENCODING 65514
SWIDTH 500 0
DWIDTH 9 0
BBX 7 16 1 -1
BITMAP
10
10
38
54
D6
10
10
10
10
10
10
10
10
10
10
10
ENDCHAR
STARTCHAR uniFFEB
ENCODING 65515
SWIDTH 500 0
DWIDTH 9 0
BBX 9 8 0 3
BITMAP
0C00
0400
0600
0300
FF80
0200
0400
0C00
ENDCHAR
STARTCHAR uniFFEC
ENCODING 65516
SWIDTH 500 0
DWIDTH 9 0
BBX 7 16 1 -1
BITMAP
10
10
10
10
10
10
10
10
10
10
10
D2
54
38
38
10
ENDCHAR
STARTCHAR uniFFED
ENCODING 65517
SWIDTH 500 0
DWIDTH 9 0
BBX 7 6 1 4
BITMAP
FE
FE
FE
FE
FE
FE
ENDCHAR
STARTCHAR uniFFEE
ENCODING 65518
SWIDTH 500 0
DWIDTH 9 0
BBX 7 6 1 4
BITMAP
38
44
82
82
82
7C
ENDCHAR
STARTCHAR uni1F100
ENCODING 127232
SWIDTH 1000 0
DWIDTH 18 0
BBX 14 13 2 0
BITMAP
3C00
7700
6300
4100
C180
C180
C180
C180
C180
4100
6300
631C
3E1C
ENDCHAR
STARTCHAR uni1F101
ENCODING 127233
SWIDTH 1000 0
DWIDTH 18 0
BBX 14 16 2 -3
BITMAP
3C00
7700
6300
4100
C180
C180
C180
C180
C180
4100
6300
631C
3E1C
0004
0008
0018
ENDCHAR
STARTCHAR uni1F102
ENCODING 127234
SWIDTH 1000 0
DWIDTH 18 0
BBX 12 16 3 -3
BITMAP
1800
7800
1800
1800
1800
1800
1800
1800
1800
1800
1800
1830
FE30
0010
0010
0060
ENDCHAR
STARTCHAR uni1F103
ENCODING 127235
SWIDTH 1000 0
DWIDTH 18 0
BBX 14 16 2 -3
BITMAP
3C00
E600
4300
0300
0300
0300
0600
0400
0C00
1800
3000
6018
FF9C
0008
0008
0030
ENDCHAR
STARTCHAR uni1F104
ENCODING 127236
SWIDTH 1000 0
DWIDTH 18 0
BBX 13 16 2 -3
BITMAP
3E00
6300
4300
0100
0300
0600
1E00
0300
0180
0180
4180
E318
3E18
0008
0008
0030
ENDCHAR
STARTCHAR uni1F105
ENCODING 127237
SWIDTH 1000 0
DWIDTH 18 0
BBX 14 16 2 -3
BITMAP
0600
0600
0E00
1A00
1200
3200
6200
4200
FF80
0200
0200
021C
021C
000C
0008
0018
ENDCHAR
STARTCHAR uni1F106
ENCODING 127238
SWIDTH 1000 0
DWIDTH 18 0
BBX 13 16 2 -3
BITMAP
3F00
3F00
2000
6000
6000
7E00
2300
0180
0180
0180
4100
E318
3E18
0008
0008
0030
ENDCHAR
STARTCHAR uni1F107
ENCODING 127239
SWIDTH 1000 0
DWIDTH 18 0
BBX 14 16 2 -3
BITMAP
1F00
3300
6000
6000
4000
4E00
7300
E100
4180
4180
6100
3318
1E1C
000C
0008
0010
ENDCHAR
STARTCHAR uni1F108
ENCODING 127240
SWIDTH 1000 0
DWIDTH 18 0
BBX 12 16 3 -3
BITMAP
FF00
FF00
0200
0600
0400
0C00
0800
0800
1800
1800
1800
1870
1070
0030
0020
0060
ENDCHAR
STARTCHAR uni1F109
ENCODING 127241
SWIDTH 1000 0
DWIDTH 18 0
BBX 14 16 2 -3
BITMAP
3E00
6300
6100
6100
6100
3200
3C00
6700
4100
C180
4180
631C
3E1C
000C
0008
0018
ENDCHAR
STARTCHAR uni1F10A
ENCODING 127242
SWIDTH 1000 0
DWIDTH 18 0
BBX 14 16 2 -3
BITMAP
3C00
6600
4300
C100
C180
4180
6780
3D80
0100
0100
0300
461C
7C1C
000C
0008
0018
ENDCHAR
STARTCHAR uni1F10B
ENCODING 127243
SWIDTH 1000 0
DWIDTH 18 0
BBX 16 17 1 -2
BITMAP
0FF0
1008
2004
4182
8661
8421
8421
8C31
8C31
8421
8421
8661
43C2
4002
300C
0C30
03C0
ENDCHAR
STARTCHAR uni1F10C
ENCODING 127244
SWIDTH 1000 0
DWIDTH 18 0
BBX 16 17 1 -2
BITMAP
07E0
1FF8
3FFC
7E7E
F99F
FBDF
FBDF
F3CF
F3CF
FBDF
FBDF
F99F
7C3E
3FFC
1FF8
0FF0
0180
ENDCHAR
STARTCHAR uni1F110
ENCODING 127248
SWIDTH 1000 0
DWIDTH 18 0
BBX 16 16 1 -1
BITMAP
6006
4002
4182
83C1
83C1
8241
8241
8661
8421
87E1
8FF1
8C31
8811
9819
581A
6006
ENDCHAR
STARTCHAR uni1F111
ENCODING 127249
SWIDTH 1000 0
DWIDTH 18 0
BBX 16 16 1 -1
BITMAP
6006
4002
4FE2
8C31
8C31
8C31
8C31
8FC1
8C71
8C19
8C19
8C19
8C31
8FF1
4F82
6006
ENDCHAR
STARTCHAR uni1F112
ENCODING 127250
SWIDTH 1000 0
DWIDTH 18 0
BBX 16 16 1 -1
BITMAP
6006
40C2
43F2
8611
8C01
8801
9801
9801
9801
9801
8801
8C01
8619
87F1
41C2
6006
ENDCHAR
STARTCHAR uni1F113
ENCODING 127251
SWIDTH 1000 0
DWIDTH 18 0
BBX 16 16 1 -1
BITMAP
6006
4002
4FC2
8C61
8C31
8C11
8C19
8C19
8C19
8C19
8C19
8C31
8C71
8FE1
4F02
6006
ENDCHAR
STARTCHAR uni1F114
ENCODING 127252
SWIDTH 1000 0
DWIDTH 18 0
BBX 16 16 1 -1
BITMAP
6006
4002
47F2
8401
8401
8401
8401
87E1
8401
8401
8401
8401
8401
87F1
47F2
6006
ENDCHAR
STARTCHAR uni1F115
ENCODING 127253
SWIDTH 1000 0
DWIDTH 18 0
BBX 16 16 1 -1
BITMAP
6006
4002
47F2
8601
8601
8601
8601
87E1
87E1
8601
8601
8601
8601
8601
4602
6006
ENDCHAR
STARTCHAR uni1F116
ENCODING 127254
SWIDTH 1000 0
DWIDTH 18 0
BBX 16 16 1 -1
BITMAP
6006
41C2
47F2
8E11
8C01
9801
9801
9801
98F1
9811
9811
8C11
8C11
87F1
41C2
6006
ENDCHAR
STARTCHAR uni1F117
ENCODING 127255
SWIDTH 1000 0
DWIDTH 18 0
BBX 16 16 1 -1
BITMAP
6006
4002
4812
8811
8811
8811
8811
8FF1
8811
8811
8811
8811
8811
8811
4812
6006
ENDCHAR
STARTCHAR uni1F118
ENCODING 127256
SWIDTH 1000 0
DWIDTH 18 0
BBX 16 16 1 -1
BITMAP
6006
4002
4182
8181
8181
8181
8181
8181
8181
8181
8181
8181
8181
8181
4182
6006
ENDCHAR
STARTCHAR uni1F119
ENCODING 127257
SWIDTH 1000 0
DWIDTH 18 0
BBX 16 16 1 -1
BITMAP
6006
4002
4062
8061
8061
8061
8061
8061
8061
8061
8061
8061
8C61
87C1
4382
6006
ENDCHAR
STARTCHAR uni1F11A
ENCODING 127258
SWIDTH 1000 0
DWIDTH 18 0
BBX 16 16 1 -1
BITMAP
6006
4002
4832
8861
88C1
8981
8981
8B81
8EC1
8CC1
8861
8861
8831
8811
481A
6006
ENDCHAR
STARTCHAR uni1F11B
ENCODING 127259
SWIDTH 1000 0
DWIDTH 18 0
BBX 16 16 1 -1
BITMAP
6006
4002
4602
8601
8601
8601
8601
8601
8601
8601
8601
8601
8601
87F1
47F2
6006
ENDCHAR
STARTCHAR uni1F11C
ENCODING 127260
SWIDTH 1000 0
DWIDTH 18 0
BBX 16 16 1 -1
BITMAP
6006
4002
5C3A
9C39
9C39
9C39
9E59
9A59
9A59
9BD9
9999
9999
9999
9819
581A
6006
ENDCHAR
STARTCHAR uni1F11D
ENCODING 127261
SWIDTH 1000 0
DWIDTH 18 0
BBX 16 16 1 -1
BITMAP
6006
4002
4C12
8C11
8E11
8A11
8B11
8991
8991
88D1
8851
8871
8831
8831
4812
6006
ENDCHAR
STARTCHAR uni1F11E
ENCODING 127262
SWIDTH 1000 0
DWIDTH 18 0
BBX 16 16 1 -1
BITMAP
6006
4182
47E2
8C31
9819
9819
9819
9009
9009
9819
9819
9819
8C31
87E1
43C2
6006
ENDCHAR
STARTCHAR uni1F11F
ENCODING 127263
SWIDTH 1000 0
DWIDTH 18 0
BBX 16 16 1 -1
BITMAP
6006
4002
4FE2
8C31
8C19
8C19
8C19
8C31
8FE1
8C01
8C01
8C01
8C01
8C01
4C02
6006
ENDCHAR
STARTCHAR uni1F120
ENCODING 127264
SWIDTH 1000 0
DWIDTH 18 0
BBX 16 18 1 -3
BITMAP
6006
4182
47E2
8C31
9819
9819
9819
9009
9009
9819
9819
9819
8C31
87E1
43C2
4082
20EC
0078
ENDCHAR
STARTCHAR uni1F121
ENCODING 127265
SWIDTH 1000 0
DWIDTH 18 0
BBX 16 16 1 -1
BITMAP
6006
4002
4FE2
8C31
8C11
8C11
8C31
8C71
8FE1
8CC1
8C41
8C61
8C31
8C31
4C1A
6006
ENDCHAR
STARTCHAR uni1F122
ENCODING 127266
SWIDTH 1000 0
DWIDTH 18 0
BBX 16 16 1 -1
BITMAP
6006
4182
47E2
8431
8C01
8C01
8601
83C1
80E1
8031
8011
8011
8C31
8FE1
43C2
6006
ENDCHAR
STARTCHAR uni1F123
ENCODING 127267
SWIDTH 1000 0
DWIDTH 18 0
BBX 16 16 1 -1
BITMAP
6006
4002
5FFA
8181
8181
8181
8181
8181
8181
8181
8181
8181
8181
8181
4182
6006
ENDCHAR
STARTCHAR uni1F124
ENCODING 127268
SWIDTH 1000 0
DWIDTH 18 0
BBX 16 16 1 -1
BITMAP
6006
4002
4812
8811
8811
8811
8811
8811
8811
8811
8811
8811
8C31
87E1
43C2
6006
ENDCHAR
STARTCHAR uni1F125
ENCODING 127269
SWIDTH 1000 0
DWIDTH 18 0
BBX 16 16 1 -1
BITMAP
6006
5002
481A
8C11
8C31
8C31
8421
8661
8661
8241
8241
83C1
83C1
8181
4182
6006
ENDCHAR
STARTCHAR uni1F126
ENCODING 127270
SWIDTH 1000 0
DWIDTH 18 0
BBX 16 16 1 -1
BITMAP
6006
4002
518A
9189
9189
9189
9BD9
9A59
8A51
8A51
8A51
8A51
8A71
8C31
4C32
6006
ENDCHAR
STARTCHAR uni1F127
ENCODING 127271
SWIDTH 1000 0
DWIDTH 18 0
BBX 16 16 1 -1
BITMAP
6006
4002
4C32
8421
8661
8241
83C1
8181
8181
83C1
8241
8661
8421
8C31
581A
6006
ENDCHAR
STARTCHAR uni1F128
ENCODING 127272
SWIDTH 1000 0
DWIDTH 18 0
BBX 16 16 1 -1
BITMAP
6006
4002
4C32
8C31
8621
8661
8241
83C1
8181
8181
8181
8181
8181
8181
4182
6006
ENDCHAR
STARTCHAR uni1F129
ENCODING 127273
SWIDTH 1000 0
DWIDTH 18 0
BBX 16 16 1 -1
BITMAP
6006
4002
4FF2
8031
8061
8041
80C1
8181
8181
8301
8201
8601
8C01
8FF1
4FF2
6006
ENDCHAR
STARTCHAR uni1F12A
ENCODING 127274
SWIDTH 1000 0
DWIDTH 18 0
BBX 16 17 1 -2
BITMAP
3008
6186
87E1
8431
8C01
8C01
8601
83C1
80E1
8031
8011
8011
8C31
8FE1
C3C3
300C
1008
ENDCHAR
STARTCHAR uni1F12B
ENCODING 127275
SWIDTH 1000 0
DWIDTH 18 0
BBX 16 17 1 -2
BITMAP
0FF0
1008
2004
41C2
8361
8601
8401
8C01
8C01
8C01
8C01
8641
4382
4002
300C
0C30
03C0
ENDCHAR
STARTCHAR uni1F12C
ENCODING 127276
SWIDTH 1000 0
DWIDTH 18 0
BBX 16 17 1 -2
BITMAP
0FF0
1008
2004
43C2
83F1
8211
8211
8621
87C1
86C1
8441
8461
4C62
4002
300C
0C30
03C0
ENDCHAR
STARTCHAR uni1F12D
ENCODING 127277
SWIDTH 1000 0
DWIDTH 18 0
BBX 16 17 1 -2
BITMAP
0FF0
1008
2004
4E72
9B79
B04D
A045
A047
A047
A045
B045
9B5D
4E72
4002
300C
0C30
03C0
ENDCHAR
STARTCHAR uni1F12E
ENCODING 127278
SWIDTH 1000 0
DWIDTH 18 0
BBX 16 17 1 -2
BITMAP
0FF0
1008
2004
7482
9481
9681
96BD
9689
9691
9A91
9B21
9921
597E
4002
300C
0C30
03C0
ENDCHAR
STARTCHAR uni1F12F
ENCODING 127279
SWIDTH 833 0
DWIDTH 15 0
BBX 13 13 1 0
BITMAP
0F80
3060
4010
4F90
88C8
8048
8048
8048
88C8
4F90
4010
2020
1FC0
ENDCHAR
STARTCHAR uni1F130
ENCODING 127280
SWIDTH 1000 0
DWIDTH 18 0
BBX 16 16 1 -1
BITMAP
FFFF
8001
8001
8181
8181
83C1
8241
8241
8661
87E1
8421
8C31
8811
8001
8001
FFFF
ENDCHAR
STARTCHAR uni1F131
ENCODING 127281
SWIDTH 1000 0
DWIDTH 18 0
BBX 16 16 1 -1
BITMAP
FFFF
8001
8001
8781
87E1
8421
8421
87C1
8461
8431
8431
8461
87C1
8001
8001
FFFF
ENDCHAR
STARTCHAR uni1F132
ENCODING 127282
SWIDTH 1000 0
DWIDTH 18 0
BBX 16 16 1 -1
BITMAP
FFFF
8001
8001
81C1
8371
8601
8C01
8C01
8C01
8C01
8601
8731
81E1
8001
8001
FFFF
ENDCHAR
STARTCHAR uni1F133
ENCODING 127283
SWIDTH 1000 0
DWIDTH 18 0
BBX 16 16 1 -1
BITMAP
FFFF
8001
8001
8781
87E1
8431
8431
8411
8411
8431
8431
84E1
8781
8001
8001
FFFF
ENDCHAR
STARTCHAR uni1F134
ENCODING 127284
SWIDTH 1000 0
DWIDTH 18 0
BBX 16 16 1 -1
BITMAP
FFFF
8001
8001
87E1
87E1
8601
8601
87E1
8601
8601
8601
8601
87E1
8001
8001
FFFF
ENDCHAR
STARTCHAR uni1F135
ENCODING 127285
SWIDTH 1000 0
DWIDTH 18 0
BBX 16 16 1 -1
BITMAP
FFFF
8001
8001
87E1
87E1
8601
8601
8601
87E1
8601
8601
8601
8601
8001
8001
FFFF
ENDCHAR
STARTCHAR uni1F136
ENCODING 127286
SWIDTH 1000 0
DWIDTH 18 0
BBX 16 16 1 -1
BITMAP
FFFF
8001
8001
81C1
8771
8C01
8C01
8801
88F1
8C31
8C31
8631
83E1
8001
8001
FFFF
ENDCHAR
STARTCHAR uni1F137
ENCODING 127287
SWIDTH 1000 0
DWIDTH 18 0
BBX 16 16 1 -1
BITMAP
FFFF
8001
8001
8C31
8C31
8C31
8C31
8FF1
8C31
8C31
8C31
8C31
8C31
8001
8001
FFFF
ENDCHAR
STARTCHAR uni1F138
ENCODING 127288
SWIDTH 1000 0
DWIDTH 18 0
BBX 16 16 1 -1
BITMAP
FFFF
8001
8001
8181
8181
8181
8181
8181
8181
8181
8181
8181
8181
8001
8001
FFFF
ENDCHAR
STARTCHAR uni1F139
ENCODING 127289
SWIDTH 1000 0
DWIDTH 18 0
BBX 16 16 1 -1
BITMAP
FFFF
8001
8001
8041
8041
8041
8041
8041
8041
8041
8041
86C1
8381
8001
8001
FFFF
ENDCHAR
STARTCHAR uni1F13A
ENCODING 127290
SWIDTH 1000 0
DWIDTH 18 0
BBX 16 16 1 -1
BITMAP
FFFF
8001
8001
8431
8461
84C1
8581
8781
86C1
8441
8461
8421
8431
8001
8001
FFFF
ENDCHAR
STARTCHAR uni1F13B
ENCODING 127291
SWIDTH 1000 0
DWIDTH 18 0
BBX 16 16 1 -1
BITMAP
FFFF
8001
8001
8601
8601
8601
8601
8601
8601
8601
8601
87E1
87E1
8001
8001
FFFF
ENDCHAR
STARTCHAR uni1F13C
ENCODING 127292
SWIDTH 1000 0
DWIDTH 18 0
BBX 16 16 1 -1
BITMAP
FFFF
8001
8001
8C31
8C31
8C31
8A51
8A51
8A51
8991
8991
8911
8811
8001
8001
FFFF
ENDCHAR
STARTCHAR uni1F13D
ENCODING 127293
SWIDTH 1000 0
DWIDTH 18 0
BBX 16 16 1 -1
BITMAP
FFFF
8001
8001
8C31
8E31
8E31
8F31
8D31
8CB1
8CF1
8C71
8C71
8C31
8001
8001
FFFF
ENDCHAR
STARTCHAR uni1F13E
ENCODING 127294
SWIDTH 1000 0
DWIDTH 18 0
BBX 16 16 1 -1
BITMAP
FFFF
8001
8001
83C1
8661
8C31
8811
8811
8811
8811
8C31
8661
83C1
8001
8001
FFFF
ENDCHAR
STARTCHAR uni1F13F
ENCODING 127295
SWIDTH 1000 0
DWIDTH 18 0
BBX 16 16 1 -1
BITMAP
FFFF
8001
8001
8781
87E1
8431
8431
8431
87E1
8401
8401
8401
8401
8001
8001
FFFF
ENDCHAR
STARTCHAR uni1F140
ENCODING 127296
SWIDTH 1000 0
DWIDTH 18 0
BBX 16 16 1 -1
BITMAP
FFFF
8001
8001
83C1
86E1
8C31
8811
8811
8811
8831
8C61
87C1
8181
80F1
8001
FFFF
ENDCHAR
STARTCHAR uni1F141
ENCODING 127297
SWIDTH 1000 0
DWIDTH 18 0
BBX 16 16 1 -1
BITMAP
FFFF
8001
8001
8781
87E1
8421
8431
8461
87C1
84C1
8441
8461
8431
8001
8001
FFFF
ENDCHAR
STARTCHAR uni1F142
ENCODING 127298
SWIDTH 1000 0
DWIDTH 18 0
BBX 16 16 1 -1
BITMAP
FFFF
8001
8001
83C1
8661
8401
8601
8381
80E1
8021
8021
8E61
83C1
8001
8001
FFFF
ENDCHAR
STARTCHAR uni1F143
ENCODING 127299
SWIDTH 1000 0
DWIDTH 18 0
BBX 16 16 1 -1
BITMAP
FFFF
8001
8001
8FF1
8FF1
8181
8181
8181
8181
8181
8181
8181
8181
8001
8001
FFFF
ENDCHAR
STARTCHAR uni1F144
ENCODING 127300
SWIDTH 1000 0
DWIDTH 18 0
BBX 16 16 1 -1
BITMAP
FFFF
8001
8001
8C31
8C31
8C31
8C31
8C31
8C31
8C31
8C21
8661
83C1
8001
8001
FFFF
ENDCHAR
STARTCHAR uni1F145
ENCODING 127301
SWIDTH 1000 0
DWIDTH 18 0
BBX 16 16 1 -1
BITMAP
FFFF
8001
8001
8C31
8C31
8421
8621
8661
8241
8241
83C1
8181
8181
8001
8001
FFFF
ENDCHAR
STARTCHAR uni1F146
ENCODING 127302
SWIDTH 1000 0
DWIDTH 18 0
BBX 16 16 1 -1
BITMAP
FFFF
8001
8001
B18D
9189
9189
91C9
9AD9
9A59
8A51
8A71
8C31
8C31
8001
8001
FFFF
ENDCHAR
STARTCHAR uni1F147
ENCODING 127303
SWIDTH 1000 0
DWIDTH 18 0
BBX 16 16 1 -1
BITMAP
FFFF
8001
8001
8C31
8661
8241
83C1
8181
8181
83C1
8241
8461
8C31
8001
8001
FFFF
ENDCHAR
STARTCHAR uni1F148
ENCODING 127304
SWIDTH 1000 0
DWIDTH 18 0
BBX 16 16 1 -1
BITMAP
FFFF
8001
8001
8C31
8421
8661
8241
83C1
8181
8181
8181
8181
8181
8001
8001
FFFF
ENDCHAR
STARTCHAR uni1F149
ENCODING 127305
SWIDTH 1000 0
DWIDTH 18 0
BBX 16 16 1 -1
BITMAP
FFFF
8001
8001
87E1
87E1
8061
80C1
8081
8101
8301
8601
87E1
8FE1
8001
8001
FFFF
ENDCHAR
STARTCHAR uni1F14A
ENCODING 127306
SWIDTH 1000 0
DWIDTH 18 0
BBX 16 16 1 -1
BITMAP
FFFF
8001
8001
A3C7
A345
A345
A365
BF6D
A329
A329
A329
A339
A311
8001
8001
FFFF
ENDCHAR
STARTCHAR uni1F14B
ENCODING 127307
SWIDTH 1000 0
DWIDTH 18 0
BBX 16 16 1 -1
BITMAP
FFFF
8001
8001
A147
B345
B345
B365
B525
AD29
AD29
AD39
A919
A111
8001
8001
FFFF
ENDCHAR
STARTCHAR uni1F14C
ENCODING 127308
SWIDTH 1000 0
DWIDTH 18 0
BBX 16 16 1 -1
BITMAP
FFFF
8001
8001
9CF1
B6F9
A0CD
B0C5
98C5
8EC5
82C5
82CD
B6D9
9CF1
8001
8001
FFFF
ENDCHAR
STARTCHAR uni1F14D
ENCODING 127309
SWIDTH 1000 0
DWIDTH 18 0
BBX 16 16 1 -1
BITMAP
FFFF
8001
8001
9C39
B26D
B041
B041
9871
8E1D
820D
8305
B2CD
9C79
8001
8001
FFFF
ENDCHAR
STARTCHAR uni1F14E
ENCODING 127310
SWIDTH 1000 0
DWIDTH 18 0
BBX 16 16 1 -1
BITMAP
FFFF
8001
8001
B333
BAD3
AA53
AE57
AA55
BB95
A215
A20D
A20D
A209
8001
8001
FFFF
ENDCHAR
STARTCHAR uni1F14F
ENCODING 127311
SWIDTH 1000 0
DWIDTH 18 0
BBX 16 16 1 -1
BITMAP
FFFF
8001
8001
C48D
CC9F
CCB1
ECA1
ACA1
AAA1
B321
B321
B337
B31D
8001
8001
FFFF
ENDCHAR
STARTCHAR uni1F150
ENCODING 127312
SWIDTH 1000 0
DWIDTH 18 0
BBX 16 17 1 -2
BITMAP
07E0
1FF8
3FFC
7E7E
FE7F
FD3F
FDBF
FDBF
F99F
F81F
FBDF
F3CF
77EE
3FFC
1FF8
0FF0
0180
ENDCHAR
STARTCHAR uni1F151
ENCODING 127313
SWIDTH 1000 0
DWIDTH 18 0
BBX 16 17 1 -2
BITMAP
07E0
1FF8
3FFC
787E
FB1F
FBDF
FBDF
F83F
FB9F
FBCF
FBCF
FB9F
783E
3FFC
1FF8
0FF0
0180
ENDCHAR
STARTCHAR uni1F152
ENCODING 127314
SWIDTH 1000 0
DWIDTH 18 0
BBX 16 17 1 -2
BITMAP
07E0
1FF8
3FFC
7E3E
F89F
F3FF
F3FF
F7FF
F7FF
F3FF
F3FF
F99F
7C3E
3FFC
1FF8
0FF0
0180
ENDCHAR
STARTCHAR uni1F153
ENCODING 127315
SWIDTH 1000 0
DWIDTH 18 0
BBX 16 17 1 -2
BITMAP
07E0
1FF8
3FFC
787E
F81F
FBCF
FBCF
FBEF
FBEF
FBCF
FBCF
FB1F
787E
3FFC
1FF8
0FF0
0180
ENDCHAR
STARTCHAR uni1F154
ENCODING 127316
SWIDTH 1000 0
DWIDTH 18 0
BBX 16 17 1 -2
BITMAP
07E0
1FF8
3FFC
781E
F81F
F9FF
F9FF
F83F
F9FF
F9FF
F9FF
F9FF
781E
3FFC
1FF8
0FF0
0180
ENDCHAR
STARTCHAR uni1F155
ENCODING 127317
SWIDTH 1000 0
DWIDTH 18 0
BBX 16 17 1 -2
BITMAP
07E0
1FF8
3FFC
781E
F81F
F9FF
F9FF
F9FF
F83F
F9FF
F9FF
F9FF
79FE
3FFC
1FF8
0FF0
0180
ENDCHAR
STARTCHAR uni1F156
ENCODING 127318
SWIDTH 1000 0
DWIDTH 18 0
BBX 16 17 1 -2
BITMAP
07E0
1FF8
3FFC
7E3E
F89F
F3FF
F3FF
F7FF
F70F
F3CF
F3CF
F9CF
7C1E
3FFC
1FF8
0FF0
0180
ENDCHAR
STARTCHAR uni1F157
ENCODING 127319
SWIDTH 1000 0
DWIDTH 18 0
BBX 16 17 1 -2
BITMAP
07E0
1FF8
3FFC
73CE
F3CF
F3CF
F3CF
F00F
F3CF
F3CF
F3CF
F3CF
73CE
3FFC
1FF8
0FF0
0180
ENDCHAR
STARTCHAR uni1F158
ENCODING 127320
SWIDTH 1000 0
DWIDTH 18 0
BBX 16 17 1 -2
BITMAP
07E0
1FF8
3FFC
7E7E
FE7F
FE7F
FE7F
FE7F
FE7F
FE7F
FE7F
FE7F
7E7E
3FFC
1FF8
0FF0
0180
ENDCHAR
STARTCHAR uni1F159
ENCODING 127321
SWIDTH 1000 0
DWIDTH 18 0
BBX 16 17 1 -2
BITMAP
07E0
1FF8
3FFC
7FBE
FFBF
FFBF
FFBF
FFBF
FFBF
FFBF
FFBF
F93F
7C7E
3FFC
1FF8
0FF0
0180
ENDCHAR
STARTCHAR uni1F15A
ENCODING 127322
SWIDTH 1000 0
DWIDTH 18 0
BBX 16 17 1 -2
BITMAP
07E0
1FF8
3FFC
7BCE
FB9F
FB3F
FA7F
FA7F
F93F
FBBF
FB9F
FBDF
7BCE
3FFC
1FF8
0FF0
0180
ENDCHAR
STARTCHAR uni1F15B
ENCODING 127323
SWIDTH 1000 0
DWIDTH 18 0
BBX 16 17 1 -2
BITMAP
07E0
1FF8
3FFC
7DFE
FDFF
FDFF
FDFF
FDFF
FDFF
FDFF
FDFF
FC1F
7C1E
3FFC
1FF8
0FF0
0180
ENDCHAR
STARTCHAR uni1F15C
ENCODING 127324
SWIDTH 1000 0
DWIDTH 18 0
BBX 16 17 1 -2
BITMAP
07E0
1FF8
3FFC
73CE
F3CF
F7EF
F5AF
F5AF
F5AF
F6EF
F66F
F7EF
77EE
3FFC
1FF8
0FF0
0180
ENDCHAR
STARTCHAR uni1F15D
ENCODING 127325
SWIDTH 1000 0
DWIDTH 18 0
BBX 16 17 1 -2
BITMAP
07E0
1FF8
3FFC
73CE
F1CF
F5CF
F4CF
F2CF
F34F
F34F
F3AF
F38F
73CE
3FFC
1FF8
0FF0
0180
ENDCHAR
STARTCHAR uni1F15E
ENCODING 127326
SWIDTH 1000 0
DWIDTH 18 0
BBX 16 17 1 -2
BITMAP
07E0
1FF8
3FFC
7C3E
F99F
F3CF
F7EF
F7EF
F7EF
F7EF
F3CF
F99F
7C3E
3FFC
1FF8
0FF0
0180
ENDCHAR
STARTCHAR uni1F15F
ENCODING 127327
SWIDTH 1000 0
DWIDTH 18 0
BBX 16 17 1 -2
BITMAP
07E0
1FF8
3FFC
787E
F81F
FBCF
FBCF
FBCF
F81F
FBFF
FBFF
FBFF
7BFE
3FFC
1FF8
0FF0
0180
ENDCHAR
STARTCHAR uni1F160
ENCODING 127328
SWIDTH 1000 0
DWIDTH 18 0
BBX 16 17 1 -2
BITMAP
07E0
1FF8
3FFC
7C3E
F91F
F3CF
F7EF
F7EF
F7EF
F7CF
F39F
F83F
7E7E
3F0C
1FF8
0FF0
0180
ENDCHAR
STARTCHAR uni1F161
ENCODING 127329
SWIDTH 1000 0
DWIDTH 18 0
BBX 16 17 1 -2
BITMAP
07E0
1FF8
3FFC
787E
F81F
FBCF
FBCF
FBDF
F83F
FB3F
FB9F
FBDF
7BCE
3FFC
1FF8
0FF0
0180
ENDCHAR
STARTCHAR uni1F162
ENCODING 127330
SWIDTH 1000 0
DWIDTH 18 0
BBX 16 17 1 -2
BITMAP
07E0
1FF8
3FFC
7C3E
F99F
FBFF
F9FF
FC7F
FF1F
FFDF
FFDF
F19F
7C3E
3FFC
1FF8
0FF0
0180
ENDCHAR
STARTCHAR uni1F163
ENCODING 127331
SWIDTH 1000 0
DWIDTH 18 0
BBX 16 17 1 -2
BITMAP
07E0
1FF8
3FFC
700E
F00F
FE7F
FE7F
FE7F
FE7F
FE7F
FE7F
FE7F
7E7E
3FFC
1FF8
0FF0
0180
ENDCHAR
STARTCHAR uni1F164
ENCODING 127332
SWIDTH 1000 0
DWIDTH 18 0
BBX 16 17 1 -2
BITMAP
07E0
1FF8
3FFC
73CE
F3CF
F3CF
F3CF
F3CF
F3CF
F3CF
F3DF
F99F
7C3E
3FFC
1FF8
0FF0
0180
ENDCHAR
STARTCHAR uni1F165
ENCODING 127333
SWIDTH 1000 0
DWIDTH 18 0
BBX 16 17 1 -2
BITMAP
07E0
1FF8
3FFC
73CE
F3CF
FBDF
F9DF
F99F
FDBF
FDBF
FCBF
FE7F
7E7E
3FFC
1FF8
0FF0
0180
ENDCHAR
STARTCHAR uni1F166
ENCODING 127334
SWIDTH 1000 0
DWIDTH 18 0
BBX 16 17 1 -2
BITMAP
07E0
1FF8
3FFC
4E72
EE77
EF77
EF37
E527
E5A7
F5AF
F5AF
F3CF
73CE
3FFC
1FF8
0FF0
0180
ENDCHAR
STARTCHAR uni1F167
ENCODING 127335
SWIDTH 1000 0
DWIDTH 18 0
BBX 16 17 1 -2
BITMAP
07E0
1FF8
3FFC
73CE
F99F
FDBF
FCBF
FE7F
FE7F
FD3F
FDBF
FB9F
73CE
3FFC
1FF8
0FF0
0180
ENDCHAR
STARTCHAR uni1F168
ENCODING 127336
SWIDTH 1000 0
DWIDTH 18 0
BBX 16 17 1 -2
BITMAP
07E0
1FF8
3FFC
73CE
FBDF
F99F
FDBF
FD3F
FE7F
FE7F
FE7F
FE7F
7E7E
3FFC
1FF8
0FF0
0180
ENDCHAR
STARTCHAR uni1F169
ENCODING 127337
SWIDTH 1000 0
DWIDTH 18 0
BBX 16 17 1 -2
BITMAP
07E0
1FF8
3FFC
781E
F85F
FF9F
FF3F
FF7F
FEFF
FCFF
F9FF
FA1F
701E
3FFC
1FF8
0FF0
0180
ENDCHAR
STARTCHAR uni1F16A
ENCODING 127338
SWIDTH 722 0
DWIDTH 13 0
BBX 12 7 1 7
BITMAP
8C60
8DB0
D500
DD00
AD00
AD90
8CE0
ENDCHAR
STARTCHAR uni1F16B
ENCODING 127339
SWIDTH 722 0
DWIDTH 13 0
BBX 12 7 1 7
BITMAP
8DC0
8D20
D510
DD10
AD10
AD20
8DC0
ENDCHAR
STARTCHAR uni1F16C
ENCODING 127340
SWIDTH 722 0
DWIDTH 13 0
BBX 12 7 1 7
BITMAP
8DC0
8D30
D510
DDE0
AD60
AD20
8D10
ENDCHAR
STARTCHAR uni1F170
ENCODING 127344
SWIDTH 1000 0
DWIDTH 18 0
BBX 16 16 1 -1
BITMAP
3FFC
FFFF
FFFF
FE7F
FE7F
FD3F
FDBF
FDBF
F99F
F81F
FBDF
F3CF
F7EF
FFFF
FFFF
7FFE
ENDCHAR
STARTCHAR uni1F171
ENCODING 127345
SWIDTH 1000 0
DWIDTH 18 0
BBX 16 16 1 -1
BITMAP
3FFC
FFFF
FFFF
F87F
FB1F
FBDF
FBDF
F83F
FB9F
FBCF
FBCF
FB9F
F83F
FFFF
FFFF
7FFE
ENDCHAR
STARTCHAR uni1F172
ENCODING 127346
SWIDTH 1000 0
DWIDTH 18 0
BBX 16 16 1 -1
BITMAP
3FFC
FFFF
FFFF
FE3F
FC8F
F9FF
F3FF
F3FF
F3FF
F3FF
F9FF
F8CF
FE1F
FFFF
FFFF
7FFE
ENDCHAR
STARTCHAR uni1F173
ENCODING 127347
SWIDTH 1000 0
DWIDTH 18 0
BBX 16 16 1 -1
BITMAP
3FFC
FFFF
FFFF
F87F
F81F
FBCF
FBCF
FBEF
FBEF
FBCF
FBCF
FB1F
F87F
FFFF
FFFF
7FFE
ENDCHAR
STARTCHAR uni1F174
ENCODING 127348
SWIDTH 1000 0
DWIDTH 18 0
BBX 16 16 1 -1
BITMAP
3FFC
FFFF
FFFF
F81F
F81F
F9FF
F9FF
F83F
F9FF
F9FF
F9FF
F9FF
F81F
FFFF
FFFF
7FFE
ENDCHAR
STARTCHAR uni1F175
ENCODING 127349
SWIDTH 1000 0
DWIDTH 18 0
BBX 16 16 1 -1
BITMAP
3FFC
FFFF
FFFF
F81F
F81F
F9FF
F9FF
F9FF
F83F
F9FF
F9FF
F9FF
F9FF
FFFF
FFFF
7FFE
ENDCHAR
STARTCHAR uni1F176
ENCODING 127350
SWIDTH 1000 0
DWIDTH 18 0
BBX 16 16 1 -1
BITMAP
3FFC
FFFF
FFFF
FE3F
F89F
F3FF
F3FF
F7FF
F70F
F3CF
F3CF
F9CF
FC1F
FFFF
FFFF
7FFE
ENDCHAR
STARTCHAR uni1F177
ENCODING 127351
SWIDTH 1000 0
DWIDTH 18 0
BBX 16 16 1 -1
BITMAP
3FFC
FFFF
FFFF
F3CF
F3CF
F3CF
F3CF
F00F
F3CF
F3CF
F3CF
F3CF
F3CF
FFFF
FFFF
7FFE
ENDCHAR
STARTCHAR uni1F178
ENCODING 127352
SWIDTH 1000 0
DWIDTH 18 0
BBX 16 16 1 -1
BITMAP
3FFC
FFFF
FFFF
FE7F
FE7F
FE7F
FE7F
FE7F
FE7F
FE7F
FE7F
FE7F
FE7F
FFFF
FFFF
7FFE
ENDCHAR
STARTCHAR uni1F179
ENCODING 127353
SWIDTH 1000 0
DWIDTH 18 0
BBX 16 16 1 -1
BITMAP
3FFC
FFFF
FFFF
FFBF
FFBF
FFBF
FFBF
FFBF
FFBF
FFBF
FFBF
F93F
FC7F
FFFF
FFFF
7FFE
ENDCHAR
STARTCHAR uni1F17A
ENCODING 127354
SWIDTH 1000 0
DWIDTH 18 0
BBX 16 16 1 -1
BITMAP
3FFC
FFFF
FFFF
FBCF
FB9F
FB3F
FA7F
FA7F
F93F
FBBF
FB9F
FBDF
FBCF
FFFF
FFFF
7FFE
ENDCHAR
STARTCHAR uni1F17B
ENCODING 127355
SWIDTH 1000 0
DWIDTH 18 0
BBX 16 16 1 -1
BITMAP
3FFC
FFFF
FFFF
FDFF
FDFF
FDFF
FDFF
FDFF
FDFF
FDFF
FDFF
FC1F
FC1F
FFFF
FFFF
7FFE
ENDCHAR
STARTCHAR uni1F17C
ENCODING 127356
SWIDTH 1000 0
DWIDTH 18 0
BBX 16 16 1 -1
BITMAP
3FFC
FFFF
FFFF
F3CF
F3CF
F7EF
F5AF
F5AF
F5AF
F6EF
F66F
F7EF
F7EF
FFFF
FFFF
7FFE
ENDCHAR
STARTCHAR uni1F17D
ENCODING 127357
SWIDTH 1000 0
DWIDTH 18 0
BBX 16 16 1 -1
BITMAP
3FFC
FFFF
FFFF
F3CF
F1CF
F5CF
F4CF
F2CF
F34F
F34F
F3AF
F38F
F3CF
FFFF
FFFF
7FFE
ENDCHAR
STARTCHAR uni1F17E
ENCODING 127358
SWIDTH 1000 0
DWIDTH 18 0
BBX 16 16 1 -1
BITMAP
3FFC
FFFF
FFFF
FC3F
F99F
F3CF
F7EF
F7EF
F7EF
F7EF
F3CF
F99F
FC3F
FFFF
FFFF
7FFE
ENDCHAR
STARTCHAR uni1F17F
ENCODING 127359
SWIDTH 1000 0
DWIDTH 18 0
BBX 16 16 1 -1
BITMAP
3FFC
FFFF
FFFF
F87F
F81F
FBCF
FBCF
FBCF
F81F
FBFF
FBFF
FBFF
FBFF
FFFF
FFFF
7FFE
ENDCHAR
STARTCHAR uni1F180
ENCODING 127360
SWIDTH 1000 0
DWIDTH 18 0
BBX 16 16 1 -1
BITMAP
3FFC
FFFF
FFFF
FC3F
F91F
F3CF
F7EF
F7EF
F7EF
F7CF
F39F
F83F
FE7F
FF0F
FFFF
7FFE
ENDCHAR
STARTCHAR uni1F181
ENCODING 127361
SWIDTH 1000 0
DWIDTH 18 0
BBX 16 16 1 -1
BITMAP
3FFC
FFFF
FFFF
F87F
F81F
FBDF
FBDF
FB9F
F87F
FB3F
FBBF
FB9F
FBCF
FFFF
FFFF
7FFE
ENDCHAR
STARTCHAR uni1F182
ENCODING 127362
SWIDTH 1000 0
DWIDTH 18 0
BBX 16 16 1 -1
BITMAP
3FFC
FFFF
FFFF
FC3F
F99F
FBFF
F9FF
FC7F
FF1F
FFDF
FFDF
F19F
FC3F
FFFF
FFFF
7FFE
ENDCHAR
STARTCHAR uni1F183
ENCODING 127363
SWIDTH 1000 0
DWIDTH 18 0
BBX 16 16 1 -1
BITMAP
3FFC
FFFF
FFFF
F00F
F00F
FE7F
FE7F
FE7F
FE7F
FE7F
FE7F
FE7F
FE7F
FFFF
FFFF
7FFE
ENDCHAR
STARTCHAR uni1F184
ENCODING 127364
SWIDTH 1000 0
DWIDTH 18 0
BBX 16 16 1 -1
BITMAP
3FFC
FFFF
FFFF
F3CF
F3CF
F3CF
F3CF
F3CF
F3CF
F3CF
F3DF
F99F
FC3F
FFFF
FFFF
7FFE
ENDCHAR
STARTCHAR uni1F185
ENCODING 127365
SWIDTH 1000 0
DWIDTH 18 0
BBX 16 16 1 -1
BITMAP
3FFC
FFFF
FFFF
F3CF
F3CF
FBDF
F9DF
F99F
FDBF
FDBF
FCBF
FE7F
FE7F
FFFF
FFFF
7FFE
ENDCHAR
STARTCHAR uni1F186
ENCODING 127366
SWIDTH 1000 0
DWIDTH 18 0
BBX 16 16 1 -1
BITMAP
3FFC
FFFF
FFFF
CE73
EE77
EF77
EF37
E527
E5A7
F5AF
F5AF
F3CF
F3CF
FFFF
FFFF
7FFE
ENDCHAR
STARTCHAR uni1F187
ENCODING 127367
SWIDTH 1000 0
DWIDTH 18 0
BBX 16 16 1 -1
BITMAP
3FFC
FFFF
FFFF
F3CF
F99F
FDBF
FCBF
FE7F
FE7F
FD3F
FDBF
FB9F
F3CF
FFFF
FFFF
7FFE
ENDCHAR
STARTCHAR uni1F188
ENCODING 127368
SWIDTH 1000 0
DWIDTH 18 0
BBX 16 16 1 -1
BITMAP
3FFC
FFFF
FFFF
F3CF
FBDF
F99F
FDBF
FD3F
FE7F
FE7F
FE7F
FE7F
FE7F
FFFF
FFFF
7FFE
ENDCHAR
STARTCHAR uni1F189
ENCODING 127369
SWIDTH 1000 0
DWIDTH 18 0
BBX 16 16 1 -1
BITMAP
3FFC
FFFF
FFFF
F81F
F85F
FF9F
FF3F
FF7F
FEFF
FCFF
F9FF
FA1F
F01F
FFFF
FFFF
7FFE
ENDCHAR
STARTCHAR uni1F18A
ENCODING 127370
SWIDTH 1000 0
DWIDTH 18 0
BBX 16 16 1 -1
BITMAP
FFFF
BFFD
DFFB
F87F
F81F
FBCF
FBCF
FBCF
F81F
FBFF
FBFF
FBEF
FBF7
DFFB
BFFD
FFFF
ENDCHAR
STARTCHAR uni1F18B
ENCODING 127371
SWIDTH 1000 0
DWIDTH 18 0
BBX 16 16 1 -1
BITMAP
3FFC
FFFF
FFFF
F7CF
F717
F77F
F77F
F67F
F67F
F67F
F77F
F737
F787
FFFF
FFFF
7FFE
ENDCHAR
STARTCHAR uni1F18C
ENCODING 127372
SWIDTH 1000 0
DWIDTH 18 0
BBX 16 16 1 -1
BITMAP
3FFC
FFFF
FFFF
C3CF
C1CF
CCD7
CCD7
CC97
C1B7
CF83
CF3B
CF3B
CF79
FFFF
FFFF
7FFE
ENDCHAR
STARTCHAR uni1F18D
ENCODING 127373
SWIDTH 1000 0
DWIDTH 18 0
BBX 16 16 1 -1
BITMAP
3FFC
FFFF
FFFF
E3CF
C9CF
DFD7
DFD7
C797
F3B7
F983
FD3B
993B
C379
FFFF
FFFF
7FFE
ENDCHAR
STARTCHAR uni1F18E
ENCODING 127374
SWIDTH 1000 0
DWIDTH 18 0
BBX 16 16 1 -1
BITMAP
3FFC
FFFF
FFFF
F38F
F3A3
EBBB
EBBB
E987
CDB3
C1B9
DCB9
DCB3
9E87
FFFF
FFFF
7FFE
ENDCHAR
STARTCHAR uni1F18F
ENCODING 127375
SWIDTH 1000 0
DWIDTH 18 0
BBX 16 16 1 -1
BITMAP
3FFC
FFFF
FFFF
BB73
B369
B74F
975F
D75F
D55F
DDDF
DDDF
CCC9
CCE3
FFFF
FFFF
7FFE
ENDCHAR
STARTCHAR uni1F190
ENCODING 127376
SWIDTH 1000 0
DWIDTH 18 0
BBX 16 13 1 0
BITMAP
FC03
C603
C303
C303
C103
C103
C103
C103
C103
C303
C342
CE66
F83C
ENDCHAR
STARTCHAR uni1F191
ENCODING 127377
SWIDTH 1000 0
DWIDTH 18 0
BBX 16 16 1 -1
BITMAP
FFFF
8001
8001
8621
9F21
9021
B021
B021
B021
B021
B021
9921
8E3D
8001
8001
FFFF
ENDCHAR
STARTCHAR uni1F192
ENCODING 127378
SWIDTH 1000 0
DWIDTH 18 0
BBX 16 16 1 -1
BITMAP
FFFF
8001
8001
9225
BD55
C555
C555
C555
C555
C555
C555
AD55
B667
8001
8001
FFFF
ENDCHAR
STARTCHAR uni1F193
ENCODING 127379
SWIDTH 1000 0
DWIDTH 18 0
BBX 16 16 1 -1
BITMAP
FFFF
8001
8001
B47F
B77F
A549
A549
A56D
B649
A549
A549
A549
A57F
8001
8001
FFFF
ENDCHAR
STARTCHAR uni1F194
ENCODING 127380
SWIDTH 1000 0
DWIDTH 18 0
BBX 16 16 1 -1
BITMAP
FFFF
8001
8001
89C1
89F1
8999
8989
8989
8989
8989
8999
89B1
89E1
8001
8001
FFFF
ENDCHAR
STARTCHAR uni1F195
ENCODING 127381
SWIDTH 1000 0
DWIDTH 18 0
BBX 16 16 1 -1
BITMAP
FFFF
8001
8001
A7CB
A62B
A63B
B63B
B7BB
B63B
B63D
AE3D
AE35
AFB5
8001
8001
FFFF
ENDCHAR
STARTCHAR uni1F196
ENCODING 127382
SWIDTH 1000 0
DWIDTH 18 0
BBX 16 16 1 -1
BITMAP
FFFF
8001
8001
A319
B33D
B341
BB41
AB41
AB4D
A745
A745
A365
A33D
8001
8001
FFFF
ENDCHAR
STARTCHAR uni1F197
ENCODING 127383
SWIDTH 1000 0
DWIDTH 18 0
BBX 16 16 1 -1
BITMAP
FFFF
8001
8001
9C47
BE4D
A249
A359
E351
E369
A369
A24D
B645
9C47
8001
8001
FFFF
ENDCHAR
STARTCHAR uni1F198
ENCODING 127384
SWIDTH 1000 0
DWIDTH 18 0
BBX 16 16 1 -1
BITMAP
FFFF
8001
8001
B18D
FBDF
C251
E259
B249
9245
8A47
8A43
CB53
F19D
8001
8001
FFFF
ENDCHAR
STARTCHAR uni1F199
ENCODING 127385
SWIDTH 1000 0
DWIDTH 18 0
BBX 16 16 1 -1
BITMAP
FFFF
8001
8001
A4C7
A4F7
A497
A495
A495
A4F5
A481
A481
A487
B887
8001
8001
FFFF
ENDCHAR
STARTCHAR uni1F19A
ENCODING 127386
SWIDTH 1000 0
DWIDTH 18 0
BBX 16 16 1 -1
BITMAP
FFFF
8001
8001
A139
A36D
B241
B261
9231
961D
9405
9C05
8CCD
8C39
8001
8001
FFFF
ENDCHAR
STARTCHAR uni1F19B
ENCODING 127387
SWIDTH 1000 0
DWIDTH 18 0
BBX 16 16 1 -1
BITMAP
FFFF
8001
8001
98E1
B6F9
86CD
86C5
9CC5
9CC5
82C5
82CD
A6D9
BCF1
8001
8001
FFFF
ENDCHAR
STARTCHAR uni1F19C
ENCODING 127388
SWIDTH 1000 0
DWIDTH 18 0
BBX 16 16 1 -1
BITMAP
FFFF
8001
8001
9B79
B765
8AE5
92ED
BE71
8881
957D
9A25
8639
BDE5
8001
8001
FFFF
ENDCHAR
STARTCHAR uni1F19D
ENCODING 127389
SWIDTH 1000 0
DWIDTH 18 0
BBX 16 16 1 -1
BITMAP
FFFF
8001
8001
9CCD
B6C9
82D9
82D1
86F1
84F1
8CD9
98C9
90CD
BEC5
8001
8001
FFFF
ENDCHAR
STARTCHAR uni1F19E
ENCODING 127390
SWIDTH 1000 0
DWIDTH 18 0
BBX 16 16 1 -1
BITMAP
FFFF
8001
8001
86CD
8EC9
8ED9
96D1
96F1
A6F1
BFD9
86C9
86CD
86C5
8001
8001
FFFF
ENDCHAR
STARTCHAR uni1F19F
ENCODING 127391
SWIDTH 1000 0
DWIDTH 18 0
BBX 16 16 1 -1
BITMAP
FFFF
8001
8001
8C4D
B649
A259
B251
9E71
9671
A259
A349
B24D
9C45
8001
8001
FFFF
ENDCHAR
STARTCHAR uni1F1A0
ENCODING 127392
SWIDTH 1000 0
DWIDTH 18 0
BBX 16 16 1 -1
BITMAP
FFFF
8001
8001
9E09
9E39
9009
9009
9E09
9209
8309
8309
B2E9
9C49
8001
8001
FFFF
ENDCHAR
STARTCHAR uni1F1A1
ENCODING 127393
SWIDTH 1000 0
DWIDTH 18 0
BBX 16 16 1 -1
BITMAP
FFFF
8001
8001
BF19
BF39
8219
8419
8419
8C19
8C19
8819
8999
8899
8001
8001
FFFF
ENDCHAR
STARTCHAR uni1F1A2
ENCODING 127394
SWIDTH 1000 0
DWIDTH 18 0
BBX 16 16 1 -1
BITMAP
FFFF
8001
8001
B30D
D513
9103
9103
9105
9105
9105
A209
A269
FFFF
8001
8001
FFFF
ENDCHAR
STARTCHAR uni1F1A3
ENCODING 127395
SWIDTH 1000 0
DWIDTH 18 0
BBX 16 16 1 -1
BITMAP
FFFF
8001
8001
9999
A555
A155
A253
BA55
AA5D
A651
A651
A951
9991
8001
8001
FFFF
ENDCHAR
STARTCHAR uni1F1A4
ENCODING 127396
SWIDTH 1000 0
DWIDTH 18 0
BBX 16 16 1 -1
BITMAP
FFFF
8001
8001
A44D
EAAB
A2AB
A2AB
A2AB
A2AD
A4A9
A4A9
A8A9
AEE9
8001
8001
FFFF
ENDCHAR
STARTCHAR uni1F1A5
ENCODING 127397
SWIDTH 1000 0
DWIDTH 18 0
BBX 16 16 1 -1
BITMAP
FFFF
8001
8001
8061
8061
8061
83E1
8661
8461
8461
8461
8661
83A1
8001
8001
FFFF
ENDCHAR
STARTCHAR uni1F1A6
ENCODING 127398
SWIDTH 1000 0
DWIDTH 18 0
BBX 16 16 1 -1
BITMAP
FFFF
8001
8001
A319
A33D
A361
A341
BF41
BF41
A341
A361
A327
A33D
8001
8001
FFFF
ENDCHAR
STARTCHAR uni1F1A7
ENCODING 127399
SWIDTH 1000 0
DWIDTH 18 0
BBX 16 16 1 -1
BITMAP
FFFF
8001
8001
C719
C7DD
C753
C753
FF57
C75D
C755
C755
C7D7
C793
8001
8001
FFFF
ENDCHAR
STARTCHAR uni1F1A8
ENCODING 127400
SWIDTH 1000 0
DWIDTH 18 0
BBX 16 16 1 -1
BITMAP
FFFF
8001
8001
95C1
9481
9CB1
9481
95C1
8001
9DFD
95D1
990D
95FD
8001
8001
FFFF
ENDCHAR
STARTCHAR uni1F1A9
ENCODING 127401
SWIDTH 1000 0
DWIDTH 18 0
BBX 16 16 1 -1
BITMAP
FFFF
8001
8001
A76F
A589
A56D
A5B3
B66D
8009
A6F5
A699
A465
B6DD
8001
8001
FFFF
ENDCHAR
STARTCHAR uni1F1AA
ENCODING 127402
SWIDTH 1000 0
DWIDTH 18 0
BBX 16 16 1 -1
BITMAP
FFFF
8001
8001
B273
EA53
C253
E257
B3D5
9255
8A5D
8A4D
CA4D
B249
8001
8001
FFFF
ENDCHAR
STARTCHAR uni1F1AB
ENCODING 127403
SWIDTH 1000 0
DWIDTH 18 0
BBX 16 16 1 -1
BITMAP
FFFF
8001
8001
CA59
CA5D
CA57
CA53
CBD3
CA53
CA53
CA53
EA55
BA59
8001
8001
FFFF
ENDCHAR
STARTCHAR uni1F1AC
ENCODING 127404
SWIDTH 1000 0
DWIDTH 18 0
BBX 16 16 1 -1
BITMAP
FFFF
8001
8001
C591
CBDD
CA55
AA53
AA53
AA53
AA53
B257
B2D5
9199
8001
8001
FFFF
ENDCHAR
STARTCHAR uni30EDE
ENCODING 200414
SWIDTH 1000 0
DWIDTH 18 0
BBX 18 17 0 -2
BITMAP
1FFF80
D19C80
477780
3E9D80
176D80
1EED80
77FB80
377D80
3F6D80
366980
37BF80
37DC80
3AEB80
253500
69FC80
5FFFC0
800000
ENDCHAR
STARTCHAR uni3106C
ENCODING 200812
SWIDTH 1000 0
DWIDTH 18 0
BBX 16 16 1 -1
BITMAP
0FF0
0890
06E0
0910
0FE0
F7FF
AEF5
F78F
F7EF
5FFA
ADE5
76FE
79F2
77EE
4F9E
7FFF
ENDCHAR
ENDFONT
