STARTFONT 2.1
FONT -unknown-Standard-BoldItalic-R-Normal--18-180-75-75-P-0-ISO10646-1
SIZE 18 75 75
FONTBOUNDINGBOX 18 18 0 0
STARTPROPERTIES 5
FAMILY_NAME "Standard"
WEIGHT_NAME "BoldItalic"
PIXEL_SIZE 18
FONT_ASCENT 14
FONT_DESCENT 4
ENDPROPERTIES
CHARS 2189
STARTCHAR uni0020
ENCODING 32
SWIDTH 222 0
DWIDTH 4 0
BBX 0 0 0 0
BITMAP
ENDCHAR
STARTCHAR exclam
ENCODING 33
SWIDTH 333 0
DWIDTH 6 0
BBX 5 12 0 0
BITMAP
38
38
38
30
70
70
70
70
00
E0
E0
E0
ENDCHAR
STARTCHAR quotedbl
ENCODING 34
SWIDTH 500 0
DWIDTH 9 0
BBX 8 4 1 8
BITMAP
77
66
66
EE
ENDCHAR
STARTCHAR numbersign
ENCODING 35
SWIDTH 556 0
DWIDTH 10 0
BBX 11 12 0 0
BITMAP
0840
0840
1080
7FE0
1080
1080
2100
FFC0
2100
2100
4200
4200
ENDCHAR
STARTCHAR dollar
ENCODING 36
SWIDTH 556 0
DWIDTH 10 0
BBX 10 15 0 -2
BITMAP
0200
1F00
3FC0
75C0
7400
7C00
3F00
0F80
0B80
0B80
EB80
7F00
3E00
1000
1000
ENDCHAR
STARTCHAR percent
ENCODING 37
SWIDTH 889 0
DWIDTH 16 0
BBX 15 12 1 0
BITMAP
3C38
6630
4660
C6C0
C7FC
CDE6
CF46
7EC6
06C6
0CCC
18CC
3078
ENDCHAR
STARTCHAR ampersand
ENCODING 38
SWIDTH 722 0
DWIDTH 13 0
BBX 12 12 0 0
BITMAP
03C0
0FE0
0C60
0CE0
0F80
1E20
7630
E760
E3C0
E380
FFF0
7E70
ENDCHAR
STARTCHAR quotesingle
ENCODING 39
SWIDTH 222 0
DWIDTH 4 0
BBX 4 4 1 8
BITMAP
70
60
60
E0
ENDCHAR
STARTCHAR parenleft
ENCODING 40
SWIDTH 333 0
DWIDTH 6 0
BBX 8 17 0 -4
BITMAP
06
0C
1C
38
70
70
70
E0
E0
E0
E0
E0
E0
E0
60
70
70
ENDCHAR
STARTCHAR parenright
ENCODING 41
SWIDTH 389 0
DWIDTH 7 0
BBX 8 17 -2 -4
BITMAP
0E
0E
06
07
07
07
07
07
07
07
0E
0E
0C
1C
38
70
60
ENDCHAR
STARTCHAR asterisk
ENCODING 42
SWIDTH 389 0
DWIDTH 7 0
BBX 7 7 0 5
BITMAP
10
10
FE
FE
38
6C
44
ENDCHAR
STARTCHAR plus
ENCODING 43
SWIDTH 611 0
DWIDTH 11 0
BBX 8 8 2 2
BITMAP
18
18
18
FF
FF
18
18
18
ENDCHAR
STARTCHAR comma
ENCODING 44
SWIDTH 278 0
DWIDTH 5 0
BBX 4 6 -1 -3
BITMAP
70
70
70
30
20
40
ENDCHAR
STARTCHAR hyphen
ENCODING 45
SWIDTH 333 0
DWIDTH 6 0
BBX 4 2 1 4
BITMAP
F0
F0
ENDCHAR
STARTCHAR period
ENCODING 46
SWIDTH 278 0
DWIDTH 5 0
BBX 3 3 0 0
BITMAP
E0
E0
E0
ENDCHAR
STARTCHAR slash
ENCODING 47
SWIDTH 278 0
DWIDTH 5 0
BBX 8 13 -1 0
BITMAP
03
06
06
0C
0C
18
18
18
30
30
60
60
C0
ENDCHAR
STARTCHAR zero
ENCODING 48
SWIDTH 556 0
DWIDTH 10 0
BBX 9 12 1 0
BITMAP
1F00
3F80
7380
7380
6380
E380
E380
E300
E700
E700
FE00
7C00
ENDCHAR
STARTCHAR one
ENCODING 49
SWIDTH 556 0
DWIDTH 10 0
BBX 9 12 1 0
BITMAP
0F00
1F00
3700
4E00
0E00
0E00
0E00
0E00
0E00
1C00
FF80
FF80
ENDCHAR
STARTCHAR two
ENCODING 50
SWIDTH 556 0
DWIDTH 10 0
BBX 9 12 1 0
BITMAP
1F00
3F80
7380
0380
0380
0700
0E00
3C00
7800
7000
FF00
FF00
ENDCHAR
STARTCHAR three
ENCODING 51
SWIDTH 556 0
DWIDTH 10 0
BBX 10 12 0 0
BITMAP
1F00
3FC0
71C0
01C0
0380
1F00
1F00
0380
0380
E380
7F00
3E00
ENDCHAR
STARTCHAR four
ENCODING 52
SWIDTH 556 0
DWIDTH 10 0
BBX 10 12 0 0
BITMAP
03C0
07C0
0D80
0F80
1B80
3380
7380
6380
FFC0
FFC0
0700
0700
ENDCHAR
STARTCHAR five
ENCODING 53
SWIDTH 556 0
DWIDTH 10 0
BBX 10 12 0 0
BITMAP
1FC0
3FC0
3000
3000
3F00
7F80
7380
0380
0380
E780
7F00
3E00
ENDCHAR
STARTCHAR six
ENCODING 54
SWIDTH 556 0
DWIDTH 10 0
BBX 9 12 1 0
BITMAP
1F00
3F80
7380
7000
EE00
FF00
E700
E700
E700
E600
7E00
3C00
ENDCHAR
STARTCHAR seven
ENCODING 55
SWIDTH 556 0
DWIDTH 10 0
BBX 9 12 2 0
BITMAP
FF80
FF80
0300
0600
0E00
1C00
3800
3800
7000
7000
E000
E000
ENDCHAR
STARTCHAR eight
ENCODING 56
SWIDTH 556 0
DWIDTH 10 0
BBX 9 12 1 0
BITMAP
0F00
3F80
3B80
3B80
3B80
3F00
7E00
E700
E700
E700
FE00
7C00
ENDCHAR
STARTCHAR nine
ENCODING 57
SWIDTH 556 0
DWIDTH 10 0
BBX 10 12 0 0
BITMAP
0F00
3F80
39C0
71C0
71C0
73C0
7FC0
3F80
0380
E700
7F00
3C00
ENDCHAR
STARTCHAR colon
ENCODING 58
SWIDTH 333 0
DWIDTH 6 0
BBX 5 10 0 0
BITMAP
70
70
70
00
00
00
00
E0
E0
E0
ENDCHAR
STARTCHAR semicolon
ENCODING 59
SWIDTH 333 0
DWIDTH 6 0
BBX 6 13 -1 -3
BITMAP
38
38
38
00
00
00
00
70
70
70
30
20
40
ENDCHAR
STARTCHAR less
ENCODING 60
SWIDTH 611 0
DWIDTH 11 0
BBX 10 10 1 1
BITMAP
0040
03C0
1F80
FC00
E000
E000
FC00
1F80
03C0
0040
ENDCHAR
STARTCHAR equal
ENCODING 61
SWIDTH 611 0
DWIDTH 11 0
BBX 10 6 1 3
BITMAP
FFC0
FFC0
0000
0000
FFC0
FFC0
ENDCHAR
STARTCHAR greater
ENCODING 62
SWIDTH 611 0
DWIDTH 11 0
BBX 10 10 1 1
BITMAP
8000
F000
7E00
0FC0
01C0
01C0
0FC0
7E00
F000
8000
ENDCHAR
STARTCHAR question
ENCODING 63
SWIDTH 611 0
DWIDTH 11 0
BBX 9 12 2 0
BITMAP
3E00
7F80
E380
4380
0700
0F00
1C00
3800
0000
7000
7000
7000
ENDCHAR
STARTCHAR at
ENCODING 64
SWIDTH 1000 0
DWIDTH 18 0
BBX 16 16 1 -3
BITMAP
03F0
0C0C
1006
2002
43D1
4631
8431
8831
8821
8821
8862
8CE6
47B8
6000
3038
0FE0
ENDCHAR
STARTCHAR A
ENCODING 65
SWIDTH 722 0
DWIDTH 13 0
BBX 12 12 0 0
BITMAP
03E0
03E0
07E0
06E0
0EE0
0CE0
1CE0
1FE0
3FF0
7070
7070
E070
ENDCHAR
STARTCHAR B
ENCODING 66
SWIDTH 722 0
DWIDTH 13 0
BBX 12 12 0 0
BITMAP
3FC0
3FF0
3870
7070
7070
7FE0
7FE0
7070
7070
E070
FFE0
FFC0
ENDCHAR
STARTCHAR C
ENCODING 67
SWIDTH 722 0
DWIDTH 13 0
BBX 12 12 1 0
BITMAP
0FC0
3FE0
7870
7070
E000
E000
E000
E000
E040
71E0
7FC0
1F00
ENDCHAR
STARTCHAR D
ENCODING 68
SWIDTH 722 0
DWIDTH 13 0
BBX 12 12 0 0
BITMAP
3F80
3FE0
38E0
7070
7070
7070
7070
7070
70E0
E1E0
FFC0
FF00
ENDCHAR
STARTCHAR E
ENCODING 69
SWIDTH 667 0
DWIDTH 12 0
BBX 12 12 0 0
BITMAP
3FF0
3FF0
3800
7000
7000
7FC0
7FC0
7000
7000
E000
FFC0
FFC0
ENDCHAR
STARTCHAR F
ENCODING 70
SWIDTH 611 0
DWIDTH 11 0
BBX 11 12 0 0
BITMAP
3FE0
3FE0
3800
7000
7000
7FC0
7FC0
7000
7000
E000
E000
E000
ENDCHAR
STARTCHAR G
ENCODING 71
SWIDTH 778 0
DWIDTH 14 0
BBX 13 12 1 0
BITMAP
0FC0
1FF0
3878
7038
E000
E000
E1F0
E1F0
E070
70E0
7FE0
1F80
ENDCHAR
STARTCHAR H
ENCODING 72
SWIDTH 722 0
DWIDTH 13 0
BBX 13 12 0 0
BITMAP
3838
3838
3838
7070
7070
7FF0
7FF0
7070
7070
E0E0
E0E0
E0E0
ENDCHAR
STARTCHAR I
ENCODING 73
SWIDTH 278 0
DWIDTH 5 0
BBX 5 12 0 0
BITMAP
38
38
38
70
70
70
70
70
70
E0
E0
E0
ENDCHAR
STARTCHAR J
ENCODING 74
SWIDTH 556 0
DWIDTH 10 0
BBX 10 12 0 0
BITMAP
0FC0
0FC0
01C0
0380
0380
0380
0380
0380
C380
E700
7F00
3E00
ENDCHAR
STARTCHAR K
ENCODING 75
SWIDTH 722 0
DWIDTH 13 0
BBX 14 12 0 0
BITMAP
3838
3870
38E0
73C0
7700
7F00
7F00
7380
71C0
E1C0
E0E0
E070
ENDCHAR
STARTCHAR L
ENCODING 76
SWIDTH 611 0
DWIDTH 11 0
BBX 10 12 0 0
BITMAP
3800
3800
3800
7000
7000
7000
7000
7000
7000
E000
FFC0
FFC0
ENDCHAR
STARTCHAR M
ENCODING 77
SWIDTH 833 0
DWIDTH 15 0
BBX 15 12 0 0
BITMAP
3C1E
3C3E
342E
767C
767C
76DC
76DC
769C
779C
E738
E738
E738
ENDCHAR
STARTCHAR N
ENCODING 78
SWIDTH 722 0
DWIDTH 13 0
BBX 13 12 0 0
BITMAP
3C38
3C38
3C38
7670
7670
7670
7370
7370
7370
E1E0
E1E0
E1E0
ENDCHAR
STARTCHAR O
ENCODING 79
SWIDTH 778 0
DWIDTH 14 0
BBX 12 12 1 0
BITMAP
0F80
3FE0
78F0
7070
E070
E070
E070
E070
E0E0
71E0
7FC0
1F00
ENDCHAR
STARTCHAR P
ENCODING 80
SWIDTH 667 0
DWIDTH 12 0
BBX 12 12 0 0
BITMAP
3FC0
3FE0
3870
7070
7070
70F0
7FE0
7FC0
7000
E000
E000
E000
ENDCHAR
STARTCHAR Q
ENCODING 81
SWIDTH 778 0
DWIDTH 14 0
BBX 12 16 1 -4
BITMAP
0F80
3FE0
78F0
7070
E070
E070
E070
E070
E0E0
F1E0
7FC0
3F00
0E00
0F00
07C0
03C0
ENDCHAR
STARTCHAR R
ENCODING 82
SWIDTH 722 0
DWIDTH 13 0
BBX 12 12 0 0
BITMAP
3FC0
3FE0
3870
7070
7070
7FE0
7F80
7380
71C0
E1C0
E1C0
E0E0
ENDCHAR
STARTCHAR S
ENCODING 83
SWIDTH 667 0
DWIDTH 12 0
BBX 12 12 0 0
BITMAP
0FC0
1FE0
3870
3840
3C00
1F80
07C0
00E0
E0E0
E0E0
7FC0
3F80
ENDCHAR
STARTCHAR T
ENCODING 84
SWIDTH 611 0
DWIDTH 11 0
BBX 11 12 1 0
BITMAP
FFE0
FFE0
0E00
1C00
1C00
1C00
1C00
1C00
1C00
3800
3800
3800
ENDCHAR
STARTCHAR U
ENCODING 85
SWIDTH 722 0
DWIDTH 13 0
BBX 12 12 1 0
BITMAP
7070
7070
7070
E0E0
E0E0
E0E0
E0E0
E0E0
E1C0
E1C0
FF80
3F00
ENDCHAR
STARTCHAR V
ENCODING 86
SWIDTH 667 0
DWIDTH 12 0
BBX 11 12 2 0
BITMAP
E0E0
E1C0
E1C0
E380
E380
6700
6600
6600
6C00
6C00
7800
7800
ENDCHAR
STARTCHAR W
ENCODING 87
SWIDTH 944 0
DWIDTH 17 0
BBX 17 12 1 0
BITMAP
E1C380
E1C700
E3C700
E3CE00
E2CE00
E6CE00
66DC00
7CDC00
7CD800
7CF800
78F000
78F000
ENDCHAR
STARTCHAR X
ENCODING 88
SWIDTH 722 0
DWIDTH 13 0
BBX 15 12 -1 0
BITMAP
1C0E
0E1C
0E38
0770
03E0
03C0
03C0
07C0
0CE0
1870
3070
6038
ENDCHAR
STARTCHAR Y
ENCODING 89
SWIDTH 667 0
DWIDTH 12 0
BBX 12 12 1 0
BITMAP
E070
70E0
71C0
7380
3F00
3E00
1C00
1C00
1C00
3800
3800
3800
ENDCHAR
STARTCHAR Z
ENCODING 90
SWIDTH 611 0
DWIDTH 11 0
BBX 11 12 0 0
BITMAP
3FE0
3FE0
01C0
0380
0700
0F00
1E00
1C00
3800
7000
FF80
FF80
ENDCHAR
STARTCHAR bracketleft
ENCODING 91
SWIDTH 333 0
DWIDTH 6 0
BBX 9 17 -1 -4
BITMAP
1F80
1F00
1C00
1C00
3800
3800
3800
3800
3800
3800
7000
7000
7000
7000
7000
7C00
FC00
ENDCHAR
STARTCHAR backslash
ENCODING 92
SWIDTH 278 0
DWIDTH 5 0
BBX 4 13 1 0
BITMAP
C0
C0
C0
60
60
60
60
60
60
60
30
30
30
ENDCHAR
STARTCHAR bracketright
ENCODING 93
SWIDTH 389 0
DWIDTH 7 0
BBX 8 17 -2 -4
BITMAP
1F
3F
07
07
0E
0E
0E
0E
0E
0E
1C
1C
1C
1C
1C
FC
F8
ENDCHAR
STARTCHAR asciicircum
ENCODING 94
SWIDTH 611 0
DWIDTH 11 0
BBX 9 8 1 4
BITMAP
1C00
1400
3600
3600
6300
6300
6300
C180
ENDCHAR
STARTCHAR underscore
ENCODING 95
SWIDTH 556 0
DWIDTH 10 0
BBX 10 1 -1 -3
BITMAP
FFC0
ENDCHAR
STARTCHAR grave
ENCODING 96
SWIDTH 333 0
DWIDTH 6 0
BBX 4 3 3 10
BITMAP
E0
60
30
ENDCHAR
STARTCHAR a
ENCODING 97
SWIDTH 556 0
DWIDTH 10 0
BBX 10 10 0 0
BITMAP
1F00
3F80
7380
0380
3F80
FF80
E380
E700
FBC0
73C0
ENDCHAR
STARTCHAR b
ENCODING 98
SWIDTH 611 0
DWIDTH 11 0
BBX 10 13 0 0
BITMAP
3800
3800
3800
7780
7FC0
79C0
71C0
71C0
71C0
71C0
F380
FF80
EF00
ENDCHAR
STARTCHAR c
ENCODING 99
SWIDTH 556 0
DWIDTH 10 0
BBX 10 10 0 0
BITMAP
1F00
3F80
71C0
7180
E000
E000
E100
E380
7F00
3E00
ENDCHAR
STARTCHAR d
ENCODING 100
SWIDTH 611 0
DWIDTH 11 0
BBX 11 13 0 0
BITMAP
00E0
00E0
00E0
1DC0
7FC0
73C0
E1C0
E1C0
E1C0
E380
E380
FF80
7B80
ENDCHAR
STARTCHAR e
ENCODING 101
SWIDTH 556 0
DWIDTH 10 0
BBX 9 10 0 0
BITMAP
1E00
3F00
7380
E380
FF80
FF80
E000
E700
7E00
3C00
ENDCHAR
STARTCHAR f
ENCODING 102
SWIDTH 333 0
DWIDTH 6 0
BBX 7 13 0 0
BITMAP
1E
3E
38
FC
FC
70
70
70
70
70
E0
E0
E0
ENDCHAR
STARTCHAR g
ENCODING 103
SWIDTH 611 0
DWIDTH 11 0
BBX 12 14 -1 -4
BITMAP
1EE0
3FE0
39E0
70E0
70E0
70E0
71E0
71C0
7FC0
3DC0
01C0
E3C0
FF80
3E00
ENDCHAR
STARTCHAR h
ENCODING 104
SWIDTH 611 0
DWIDTH 11 0
BBX 10 13 0 0
BITMAP
3800
3800
3800
7380
77C0
79C0
71C0
71C0
71C0
71C0
E380
E380
E380
ENDCHAR
STARTCHAR i
ENCODING 105
SWIDTH 278 0
DWIDTH 5 0
BBX 5 13 0 0
BITMAP
38
38
00
70
70
70
70
70
70
70
E0
E0
E0
ENDCHAR
STARTCHAR j
ENCODING 106
SWIDTH 278 0
DWIDTH 5 0
BBX 7 17 -2 -4
BITMAP
0E
0E
00
1C
1C
1C
1C
1C
1C
1C
38
38
38
38
38
F0
E0
ENDCHAR
STARTCHAR k
ENCODING 107
SWIDTH 556 0
DWIDTH 10 0
BBX 10 13 0 0
BITMAP
3800
3800
3800
71C0
7380
7700
7E00
7E00
7E00
7700
E700
E700
E380
ENDCHAR
STARTCHAR l
ENCODING 108
SWIDTH 278 0
DWIDTH 5 0
BBX 5 13 0 0
BITMAP
38
38
38
70
70
70
70
70
70
70
E0
E0
E0
ENDCHAR
STARTCHAR m
ENCODING 109
SWIDTH 889 0
DWIDTH 16 0
BBX 15 10 0 0
BITMAP
330C
37BE
39E6
31C6
7186
718E
618E
638C
638C
E30C
ENDCHAR
STARTCHAR n
ENCODING 110
SWIDTH 611 0
DWIDTH 11 0
BBX 10 10 0 0
BITMAP
3780
7FC0
79C0
71C0
71C0
71C0
71C0
E380
E380
E380
ENDCHAR
STARTCHAR o
ENCODING 111
SWIDTH 611 0
DWIDTH 11 0
BBX 10 10 0 0
BITMAP
1F00
3F80
71C0
E1C0
E1C0
E1C0
E1C0
E380
7F00
3E00
ENDCHAR
STARTCHAR p
ENCODING 112
SWIDTH 611 0
DWIDTH 11 0
BBX 11 14 -1 -4
BITMAP
3BC0
3FE0
3CE0
38E0
38E0
38E0
38E0
79C0
7FC0
7780
7000
7000
7000
E000
ENDCHAR
STARTCHAR q
ENCODING 113
SWIDTH 611 0
DWIDTH 11 0
BBX 10 14 0 -4
BITMAP
1DC0
7FC0
71C0
E1C0
E1C0
E1C0
E380
E380
FF80
7B80
0380
0380
0380
0300
ENDCHAR
STARTCHAR r
ENCODING 114
SWIDTH 389 0
DWIDTH 7 0
BBX 7 10 0 0
BITMAP
76
76
78
70
70
70
70
E0
E0
E0
ENDCHAR
STARTCHAR s
ENCODING 115
SWIDTH 556 0
DWIDTH 10 0
BBX 9 10 0 0
BITMAP
1F00
7F80
7180
7800
3E00
1F00
0700
C700
FF00
7C00
ENDCHAR
STARTCHAR t
ENCODING 116
SWIDTH 333 0
DWIDTH 6 0
BBX 6 12 0 0
BITMAP
18
38
FC
FC
70
70
70
70
70
E0
F8
78
ENDCHAR
STARTCHAR u
ENCODING 117
SWIDTH 611 0
DWIDTH 11 0
BBX 11 10 0 0
BITMAP
71C0
71C0
71C0
71C0
71C0
71C0
73C0
F380
7F80
7B80
ENDCHAR
STARTCHAR v
ENCODING 118
SWIDTH 556 0
DWIDTH 10 0
BBX 10 10 1 0
BITMAP
E1C0
E180
E380
E300
6700
6600
6C00
6C00
7800
7800
ENDCHAR
STARTCHAR w
ENCODING 119
SWIDTH 778 0
DWIDTH 14 0
BBX 14 10 1 0
BITMAP
E79C
E798
EDB8
EDB0
EDB0
D9F0
D9E0
F1E0
71C0
71C0
ENDCHAR
STARTCHAR x
ENCODING 120
SWIDTH 500 0
DWIDTH 9 0
BBX 11 10 -1 0
BITMAP
38E0
1DC0
1D80
1F00
0E00
0E00
1F00
3700
7700
E380
ENDCHAR
STARTCHAR y
ENCODING 121
SWIDTH 556 0
DWIDTH 10 0
BBX 12 14 -1 -4
BITMAP
3870
38E0
38E0
39C0
1980
1980
1B00
1B00
1E00
1C00
1C00
3800
F000
E000
ENDCHAR
STARTCHAR z
ENCODING 122
SWIDTH 500 0
DWIDTH 9 0
BBX 9 10 0 0
BITMAP
3F80
3F80
0700
0E00
1C00
1C00
3800
7000
FF00
FF00
ENDCHAR
STARTCHAR braceleft
ENCODING 123
SWIDTH 389 0
DWIDTH 7 0
BBX 9 17 0 -4
BITMAP
0F00
1F00
1C00
1C00
3800
3800
3800
F000
F000
7000
7000
7000
7000
7000
7000
7C00
3800
ENDCHAR
STARTCHAR bar
ENCODING 124
SWIDTH 333 0
DWIDTH 6 0
BBX 2 17 2 -4
BITMAP
C0
C0
C0
C0
C0
C0
C0
C0
C0
C0
C0
C0
C0
C0
C0
C0
C0
ENDCHAR
STARTCHAR braceright
ENCODING 125
SWIDTH 389 0
DWIDTH 7 0
BBX 9 17 -2 -4
BITMAP
1E00
1F00
0700
0700
0E00
0E00
0F00
0780
0F80
0E00
1C00
1C00
1C00
1C00
3C00
7800
F000
ENDCHAR
STARTCHAR asciitilde
ENCODING 126
SWIDTH 556 0
DWIDTH 10 0
BBX 9 3 1 4
BITMAP
7880
FF80
8F00
ENDCHAR
STARTCHAR uni00A0
ENCODING 160
SWIDTH 222 0
DWIDTH 4 0
BBX 0 0 0 0
BITMAP
ENDCHAR
STARTCHAR exclamdown
ENCODING 161
SWIDTH 333 0
DWIDTH 6 0
BBX 6 13 -1 -3
BITMAP
1C
38
38
00
38
38
30
30
70
70
70
70
70
ENDCHAR
STARTCHAR cent
ENCODING 162
SWIDTH 556 0
DWIDTH 10 0
BBX 10 12 0 0
BITMAP
0200
0F00
3FC0
7DC0
7400
7400
E400
7B00
7B00
3F00
1C00
1800
ENDCHAR
STARTCHAR sterling
ENCODING 163
SWIDTH 556 0
DWIDTH 10 0
BBX 10 12 0 0
BITMAP
0F80
1FC0
1CC0
3800
3800
FE00
FE00
3800
7100
7180
FF00
FE00
ENDCHAR
STARTCHAR currency
ENCODING 164
SWIDTH 556 0
DWIDTH 10 0
BBX 10 10 0 1
BITMAP
0000
7F80
7F80
7380
6180
6180
7380
7F80
7F80
0000
ENDCHAR
STARTCHAR yen
ENCODING 165
SWIDTH 556 0
DWIDTH 10 0
BBX 12 12 0 0
BITMAP
3870
38E0
1DC0
1D80
1F80
0F00
7FC0
0E00
0E00
FF80
1C00
1C00
ENDCHAR
STARTCHAR brokenbar
ENCODING 166
SWIDTH 222 0
DWIDTH 4 0
BBX 2 17 1 -4
BITMAP
C0
C0
C0
C0
C0
C0
C0
00
00
00
C0
C0
C0
C0
C0
C0
C0
ENDCHAR
STARTCHAR section
ENCODING 167
SWIDTH 556 0
DWIDTH 10 0
BBX 10 14 0 -2
BITMAP
1F80
3FC0
38C0
3800
1F00
3F80
7380
7380
7F00
1F00
0700
C700
7F00
7C00
ENDCHAR
STARTCHAR dieresis
ENCODING 168
SWIDTH 333 0
DWIDTH 6 0
BBX 6 2 1 11
BITMAP
CC
CC
ENDCHAR
STARTCHAR copyright
ENCODING 169
SWIDTH 722 0
DWIDTH 13 0
BBX 12 12 0 0
BITMAP
0F00
30C0
4020
4F20
9890
9810
9810
9890
4F20
4020
30C0
0F00
ENDCHAR
STARTCHAR ordfeminine
ENCODING 170
SWIDTH 389 0
DWIDTH 7 0
BBX 6 6 1 6
BITMAP
7C
0C
7C
D8
D8
FC
ENDCHAR
STARTCHAR guillemotleft
ENCODING 171
SWIDTH 556 0
DWIDTH 10 0
BBX 9 7 0 1
BITMAP
1980
3300
6600
CC00
EE00
6600
3300
ENDCHAR
STARTCHAR logicalnot
ENCODING 172
SWIDTH 611 0
DWIDTH 11 0
BBX 9 6 1 1
BITMAP
FF80
FF80
0180
0180
0180
0180
ENDCHAR
STARTCHAR hyphen
ENCODING 173
SWIDTH 333 0
DWIDTH 6 0
BBX 4 2 1 4
BITMAP
F0
F0
ENDCHAR
STARTCHAR registered
ENCODING 174
SWIDTH 722 0
DWIDTH 13 0
BBX 12 12 0 0
BITMAP
0F00
30C0
4020
5F20
9990
9990
9F10
9B10
59A0
4020
30C0
0F00
ENDCHAR
STARTCHAR macron
ENCODING 175
SWIDTH 556 0
DWIDTH 10 0
BBX 10 1 0 13
BITMAP
FFC0
ENDCHAR
STARTCHAR degree
ENCODING 176
SWIDTH 389 0
DWIDTH 7 0
BBX 6 6 1 6
BITMAP
78
CC
84
84
CC
78
ENDCHAR
STARTCHAR plusminus
ENCODING 177
SWIDTH 556 0
DWIDTH 10 0
BBX 8 11 1 0
BITMAP
18
18
18
FF
FF
18
18
18
00
FF
FF
ENDCHAR
STARTCHAR uni00B2
ENCODING 178
SWIDTH 333 0
DWIDTH 6 0
BBX 6 6 1 6
BITMAP
38
6C
1C
38
60
F8
ENDCHAR
STARTCHAR uni00B3
ENCODING 179
SWIDTH 333 0
DWIDTH 6 0
BBX 6 6 1 6
BITMAP
3C
2C
30
18
D8
70
ENDCHAR
STARTCHAR acute
ENCODING 180
SWIDTH 333 0
DWIDTH 6 0
BBX 5 3 2 10
BITMAP
38
60
C0
ENDCHAR
STARTCHAR u00B5
ENCODING 181
SWIDTH 556 0
DWIDTH 10 0
BBX 11 14 -1 -4
BITMAP
39C0
39C0
39C0
39C0
39C0
39C0
39C0
7B80
7DC0
7DC0
7000
7000
7000
E000
ENDCHAR
STARTCHAR paragraph
ENCODING 182
SWIDTH 556 0
DWIDTH 10 0
BBX 9 14 1 -2
BITMAP
7F80
FB00
FB00
FB00
FB00
7B00
1B00
1B00
1B00
1B00
1B00
1B00
1B00
1B00
ENDCHAR
STARTCHAR periodcentered
ENCODING 183
SWIDTH 278 0
DWIDTH 5 0
BBX 3 3 1 5
BITMAP
E0
E0
E0
ENDCHAR
STARTCHAR cedilla
ENCODING 184
SWIDTH 333 0
DWIDTH 6 0
BBX 4 4 1 -4
BITMAP
20
70
30
E0
ENDCHAR
STARTCHAR uni00B9
ENCODING 185
SWIDTH 333 0
DWIDTH 6 0
BBX 6 6 1 6
BITMAP
38
58
30
30
30
FC
ENDCHAR
STARTCHAR ordmasculine
ENCODING 186
SWIDTH 389 0
DWIDTH 7 0
BBX 6 6 1 6
BITMAP
38
4C
CC
CC
C8
70
ENDCHAR
STARTCHAR guillemotright
ENCODING 187
SWIDTH 556 0
DWIDTH 10 0
BBX 9 7 0 1
BITMAP
6600
3300
3B80
1980
3300
6600
CC00
ENDCHAR
STARTCHAR onequarter
ENCODING 188
SWIDTH 833 0
DWIDTH 15 0
BBX 14 12 1 0
BITMAP
380C
5818
3030
3060
30C0
FD80
01B8
0378
0658
0CB0
19F8
3030
ENDCHAR
STARTCHAR onehalf
ENCODING 189
SWIDTH 833 0
DWIDTH 15 0
BBX 14 12 1 0
BITMAP
380C
5818
3030
3060
30C0
FD80
01B8
036C
061C
0C38
1860
30F8
ENDCHAR
STARTCHAR threequarters
ENCODING 190
SWIDTH 833 0
DWIDTH 15 0
BBX 13 12 1 0
BITMAP
3C18
2C30
3060
18C0
D980
7300
0338
0678
0C58
18B0
31F8
6030
ENDCHAR
STARTCHAR questiondown
ENCODING 191
SWIDTH 611 0
DWIDTH 11 0
BBX 9 13 0 -3
BITMAP
0700
0700
0700
0000
0E00
0E00
3C00
7800
E000
E100
E380
FF00
3E00
ENDCHAR
STARTCHAR Agrave
ENCODING 192
SWIDTH 722 0
DWIDTH 13 0
BBX 12 15 0 0
BITMAP
0380
00C0
0000
03E0
03E0
07E0
06E0
0EE0
0CE0
1CE0
1FE0
3FF0
7070
7070
E070
ENDCHAR
STARTCHAR Aacute
ENCODING 193
SWIDTH 722 0
DWIDTH 13 0
BBX 12 15 0 0
BITMAP
0070
0180
0000
03E0
03E0
07E0
06E0
0EE0
0CE0
1CE0
1FE0
3FF0
7070
7070
E070
ENDCHAR
STARTCHAR Acircumflex
ENCODING 194
SWIDTH 722 0
DWIDTH 13 0
BBX 12 16 0 0
BITMAP
01C0
03E0
0630
0000
03E0
03E0
07E0
06E0
0EE0
0CE0
1CE0
1FE0
3FF0
7070
7070
E070
ENDCHAR
STARTCHAR Atilde
ENCODING 195
SWIDTH 722 0
DWIDTH 13 0
BBX 13 16 0 0
BITMAP
01C8
03F8
0270
0000
03E0
03E0
07E0
06E0
0EE0
0CE0
1CE0
1FE0
3FF0
7070
7070
E070
ENDCHAR
STARTCHAR Adieresis
ENCODING 196
SWIDTH 722 0
DWIDTH 13 0
BBX 12 15 0 0
BITMAP
0330
0330
0000
03E0
03E0
07E0
06E0
0EE0
0CE0
1CE0
1FE0
3FF0
7070
7070
E070
ENDCHAR
STARTCHAR Aring
ENCODING 197
SWIDTH 722 0
DWIDTH 13 0
BBX 12 15 0 0
BITMAP
00C0
0120
0120
03E0
03E0
07E0
06E0
0EE0
0CE0
1CE0
1FE0
3FF0
7070
7070
E070
ENDCHAR
STARTCHAR AE
ENCODING 198
SWIDTH 1000 0
DWIDTH 18 0
BBX 19 12 -1 0
BITMAP
01FFE0
01FFE0
03B800
077000
077000
0E7F80
1C7F80
1FF000
3FF000
38E000
70FF80
E0FF80
ENDCHAR
STARTCHAR Ccedilla
ENCODING 199
SWIDTH 722 0
DWIDTH 13 0
BBX 12 16 1 -4
BITMAP
0FC0
3FE0
7870
7070
E000
E000
E000
E000
E040
71E0
7FC0
1F00
0400
0E00
0600
1C00
ENDCHAR
STARTCHAR Egrave
ENCODING 200
SWIDTH 667 0
DWIDTH 12 0
BBX 12 15 0 0
BITMAP
0700
0180
0000
3FF0
3FF0
3800
7000
7000
7FC0
7FC0
7000
7000
E000
FFC0
FFC0
ENDCHAR
STARTCHAR Eacute
ENCODING 201
SWIDTH 667 0
DWIDTH 12 0
BBX 12 15 0 0
BITMAP
00E0
0300
0000
3FF0
3FF0
3800
7000
7000
7FC0
7FC0
7000
7000
E000
FFC0
FFC0
ENDCHAR
STARTCHAR Ecircumflex
ENCODING 202
SWIDTH 667 0
DWIDTH 12 0
BBX 12 16 0 0
BITMAP
0380
07C0
0C60
0000
3FF0
3FF0
3800
7000
7000
7FC0
7FC0
7000
7000
E000
FFC0
FFC0
ENDCHAR
STARTCHAR Edieresis
ENCODING 203
SWIDTH 667 0
DWIDTH 12 0
BBX 12 15 0 0
BITMAP
0660
0660
0000
3FF0
3FF0
3800
7000
7000
7FC0
7FC0
7000
7000
E000
FFC0
FFC0
ENDCHAR
STARTCHAR Igrave
ENCODING 204
SWIDTH 278 0
DWIDTH 5 0
BBX 5 15 0 0
BITMAP
70
18
00
38
38
38
70
70
70
70
70
70
E0
E0
E0
ENDCHAR
STARTCHAR Iacute
ENCODING 205
SWIDTH 278 0
DWIDTH 5 0
BBX 8 15 0 0
BITMAP
07
18
00
38
38
38
70
70
70
70
70
70
E0
E0
E0
ENDCHAR
STARTCHAR Icircumflex
ENCODING 206
SWIDTH 278 0
DWIDTH 5 0
BBX 8 16 0 0
BITMAP
1C
3E
63
00
38
38
38
70
70
70
70
70
70
E0
E0
E0
ENDCHAR
STARTCHAR Idieresis
ENCODING 207
SWIDTH 278 0
DWIDTH 5 0
BBX 7 15 0 0
BITMAP
66
66
00
38
38
38
70
70
70
70
70
70
E0
E0
E0
ENDCHAR
STARTCHAR Eth
ENCODING 208
SWIDTH 722 0
DWIDTH 13 0
BBX 12 12 0 0
BITMAP
3F80
3FE0
38E0
7070
7070
FE70
FE70
7070
70E0
E1E0
FFC0
FF00
ENDCHAR
STARTCHAR Ntilde
ENCODING 209
SWIDTH 722 0
DWIDTH 13 0
BBX 13 16 0 0
BITMAP
0390
07F0
04E0
0000
3C38
3C38
3C38
7670
7670
7670
7370
7370
7370
E1E0
E1E0
E1E0
ENDCHAR
STARTCHAR Ograve
ENCODING 210
SWIDTH 778 0
DWIDTH 14 0
BBX 12 15 1 0
BITMAP
0700
0180
0000
0F80
3FE0
78F0
7070
E070
E070
E070
E070
E0E0
71E0
7FC0
1F00
ENDCHAR
STARTCHAR Oacute
ENCODING 211
SWIDTH 778 0
DWIDTH 14 0
BBX 12 15 1 0
BITMAP
00E0
0300
0000
0F80
3FE0
78F0
7070
E070
E070
E070
E070
E0E0
71E0
7FC0
1F00
ENDCHAR
STARTCHAR Ocircumflex
ENCODING 212
SWIDTH 778 0
DWIDTH 14 0
BBX 12 16 1 0
BITMAP
0380
07C0
0C60
0000
0F80
3FE0
78F0
7070
E070
E070
E070
E070
E0E0
71E0
7FC0
1F00
ENDCHAR
STARTCHAR Otilde
ENCODING 213
SWIDTH 778 0
DWIDTH 14 0
BBX 12 16 1 0
BITMAP
0720
0FE0
09C0
0000
0F80
3FE0
78F0
7070
E070
E070
E070
E070
E0E0
71E0
7FC0
1F00
ENDCHAR
STARTCHAR Odieresis
ENCODING 214
SWIDTH 778 0
DWIDTH 14 0
BBX 12 15 1 0
BITMAP
0660
0660
0000
0F80
3FE0
78F0
7070
E070
E070
E070
E070
E0E0
71E0
7FC0
1F00
ENDCHAR
STARTCHAR multiply
ENCODING 215
SWIDTH 611 0
DWIDTH 11 0
BBX 9 9 1 2
BITMAP
4100
E380
7700
3E00
1C00
3E00
7700
E380
4100
ENDCHAR
STARTCHAR Oslash
ENCODING 216
SWIDTH 778 0
DWIDTH 14 0
BBX 14 12 0 0
BITMAP
07C8
1FF0
3C70
38F8
70B8
7138
7238
7638
7C70
38E0
3FE0
5F80
ENDCHAR
STARTCHAR Ugrave
ENCODING 217
SWIDTH 722 0
DWIDTH 13 0
BBX 12 15 1 0
BITMAP
0E00
0300
0000
7070
7070
7070
E0E0
E0E0
E0E0
E0E0
E0E0
E1C0
E1C0
FF80
3F00
ENDCHAR
STARTCHAR Uacute
ENCODING 218
SWIDTH 722 0
DWIDTH 13 0
BBX 12 15 1 0
BITMAP
00E0
0300
0000
7070
7070
7070
E0E0
E0E0
E0E0
E0E0
E0E0
E1C0
E1C0
FF80
3F00
ENDCHAR
STARTCHAR Ucircumflex
ENCODING 219
SWIDTH 722 0
DWIDTH 13 0
BBX 12 16 1 0
BITMAP
0380
07C0
0C60
0000
7070
7070
7070
E0E0
E0E0
E0E0
E0E0
E0E0
E1C0
E1C0
FF80
3F00
ENDCHAR
STARTCHAR Udieresis
ENCODING 220
SWIDTH 722 0
DWIDTH 13 0
BBX 12 15 1 0
BITMAP
0CC0
0CC0
0000
7070
7070
7070
E0E0
E0E0
E0E0
E0E0
E0E0
E1C0
E1C0
FF80
3F00
ENDCHAR
STARTCHAR Yacute
ENCODING 221
SWIDTH 667 0
DWIDTH 12 0
BBX 12 15 1 0
BITMAP
01C0
0600
0000
E070
70E0
71C0
7380
3F00
3E00
1C00
1C00
1C00
3800
3800
3800
ENDCHAR
STARTCHAR Thorn
ENCODING 222
SWIDTH 667 0
DWIDTH 12 0
BBX 12 12 0 0
BITMAP
3800
3800
3FC0
7FE0
70F0
7070
7070
70F0
7FE0
FFC0
E000
E000
ENDCHAR
STARTCHAR germandbls
ENCODING 223
SWIDTH 611 0
DWIDTH 11 0
BBX 10 13 0 0
BITMAP
0F80
1FC0
39C0
39C0
7380
7700
7700
7780
73C0
71C0
E9C0
EFC0
EF80
ENDCHAR
STARTCHAR agrave
ENCODING 224
SWIDTH 556 0
DWIDTH 10 0
BBX 10 14 0 0
BITMAP
0E00
0600
0300
0000
1F00
3F80
7380
0380
3F80
FF80
E380
E700
FBC0
73C0
ENDCHAR
STARTCHAR aacute
ENCODING 225
SWIDTH 556 0
DWIDTH 10 0
BBX 10 14 0 0
BITMAP
01C0
0300
0600
0000
1F00
3F80
7380
0380
3F80
FF80
E380
E700
FBC0
73C0
ENDCHAR
STARTCHAR acircumflex
ENCODING 226
SWIDTH 556 0
DWIDTH 10 0
BBX 10 14 0 0
BITMAP
0380
0F80
18C0
0000
1F00
3F80
7380
0380
3F80
FF80
E380
E700
FBC0
73C0
ENDCHAR
STARTCHAR atilde
ENCODING 227
SWIDTH 556 0
DWIDTH 10 0
BBX 10 14 0 0
BITMAP
0E40
1FC0
1380
0000
1F00
3F80
7380
0380
3F80
FF80
E380
E700
FBC0
73C0
ENDCHAR
STARTCHAR adieresis
ENCODING 228
SWIDTH 556 0
DWIDTH 10 0
BBX 10 13 0 0
BITMAP
1980
1980
0000
1F00
3F80
7380
0380
3F80
FF80
E380
E700
FBC0
73C0
ENDCHAR
STARTCHAR aring
ENCODING 229
SWIDTH 556 0
DWIDTH 10 0
BBX 10 15 0 0
BITMAP
0600
0900
0900
0600
0000
1F00
3F80
7380
0380
3F80
FF80
E380
E700
FBC0
73C0
ENDCHAR
STARTCHAR ae
ENCODING 230
SWIDTH 889 0
DWIDTH 16 0
BBX 15 10 0 0
BITMAP
1EF8
3FFC
738E
038E
3FFE
FFFE
E700
E71C
FFF8
79F0
ENDCHAR
STARTCHAR ccedilla
ENCODING 231
SWIDTH 556 0
DWIDTH 10 0
BBX 10 14 0 -4
BITMAP
1F00
3F80
71C0
7180
E000
E000
E100
E380
7F00
3E00
0800
1C00
0C00
3800
ENDCHAR
STARTCHAR egrave
ENCODING 232
SWIDTH 556 0
DWIDTH 10 0
BBX 9 14 0 0
BITMAP
1C00
0C00
0600
0000
1E00
3F00
7380
E380
FF80
FF80
E000
E700
7E00
3C00
ENDCHAR
STARTCHAR eacute
ENCODING 233
SWIDTH 556 0
DWIDTH 10 0
BBX 9 14 0 0
BITMAP
0380
0600
0C00
0000
1E00
3F00
7380
E380
FF80
FF80
E000
E700
7E00
3C00
ENDCHAR
STARTCHAR ecircumflex
ENCODING 234
SWIDTH 556 0
DWIDTH 10 0
BBX 9 14 0 0
BITMAP
0700
1F00
3180
0000
1E00
3F00
7380
E380
FF80
FF80
E000
E700
7E00
3C00
ENDCHAR
STARTCHAR edieresis
ENCODING 235
SWIDTH 556 0
DWIDTH 10 0
BBX 9 13 0 0
BITMAP
1980
1980
0000
1E00
3F00
7380
E380
FF80
FF80
E000
E700
7E00
3C00
ENDCHAR
STARTCHAR igrave
ENCODING 236
SWIDTH 278 0
DWIDTH 5 0
BBX 5 14 0 0
BITMAP
70
30
18
00
70
70
70
70
70
70
70
E0
E0
E0
ENDCHAR
STARTCHAR iacute
ENCODING 237
SWIDTH 278 0
DWIDTH 5 0
BBX 7 14 0 0
BITMAP
0E
18
30
00
70
70
70
70
70
70
70
E0
E0
E0
ENDCHAR
STARTCHAR icircumflex
ENCODING 238
SWIDTH 278 0
DWIDTH 5 0
BBX 7 14 0 0
BITMAP
1C
7C
C6
00
70
70
70
70
70
70
70
E0
E0
E0
ENDCHAR
STARTCHAR idieresis
ENCODING 239
SWIDTH 278 0
DWIDTH 5 0
BBX 7 13 0 0
BITMAP
66
66
00
70
70
70
70
70
70
70
E0
E0
E0
ENDCHAR
STARTCHAR eth
ENCODING 240
SWIDTH 611 0
DWIDTH 11 0
BBX 10 13 0 0
BITMAP
0EC0
0780
0B80
0180
1FC0
7FC0
71C0
E1C0
E1C0
E1C0
E380
7F00
3E00
ENDCHAR
STARTCHAR ntilde
ENCODING 241
SWIDTH 611 0
DWIDTH 11 0
BBX 10 14 0 0
BITMAP
0E40
1FC0
1380
0000
3780
7FC0
79C0
71C0
71C0
71C0
71C0
E380
E380
E380
ENDCHAR
STARTCHAR ograve
ENCODING 242
SWIDTH 611 0
DWIDTH 11 0
BBX 10 14 0 0
BITMAP
0E00
0600
0300
0000
1F00
3F80
71C0
E1C0
E1C0
E1C0
E1C0
E380
7F00
3E00
ENDCHAR
STARTCHAR oacute
ENCODING 243
SWIDTH 611 0
DWIDTH 11 0
BBX 10 14 0 0
BITMAP
01C0
0300
0600
0000
1F00
3F80
71C0
E1C0
E1C0
E1C0
E1C0
E380
7F00
3E00
ENDCHAR
STARTCHAR ocircumflex
ENCODING 244
SWIDTH 611 0
DWIDTH 11 0
BBX 10 14 0 0
BITMAP
0380
0F80
18C0
0000
1F00
3F80
71C0
E1C0
E1C0
E1C0
E1C0
E380
7F00
3E00
ENDCHAR
STARTCHAR otilde
ENCODING 245
SWIDTH 611 0
DWIDTH 11 0
BBX 10 14 0 0
BITMAP
0E40
1FC0
1380
0000
1F00
3F80
71C0
E1C0
E1C0
E1C0
E1C0
E380
7F00
3E00
ENDCHAR
STARTCHAR odieresis
ENCODING 246
SWIDTH 611 0
DWIDTH 11 0
BBX 10 13 0 0
BITMAP
0CC0
0CC0
0000
1F00
3F80
71C0
E1C0
E1C0
E1C0
E1C0
E380
7F00
3E00
ENDCHAR
STARTCHAR divide
ENCODING 247
SWIDTH 556 0
DWIDTH 10 0
BBX 8 8 1 2
BITMAP
18
18
00
FF
FF
00
18
18
ENDCHAR
STARTCHAR oslash
ENCODING 248
SWIDTH 611 0
DWIDTH 11 0
BBX 10 10 0 0
BITMAP
1FC0
3F80
73C0
E3C0
E5C0
E9C0
F9C0
F380
7F00
FE00
ENDCHAR
STARTCHAR ugrave
ENCODING 249
SWIDTH 611 0
DWIDTH 11 0
BBX 11 14 0 0
BITMAP
0E00
0600
0300
0000
71C0
71C0
71C0
71C0
71C0
71C0
73C0
F380
7F80
7B80
ENDCHAR
STARTCHAR uacute
ENCODING 250
SWIDTH 611 0
DWIDTH 11 0
BBX 11 14 0 0
BITMAP
01C0
0300
0600
0000
71C0
71C0
71C0
71C0
71C0
71C0
73C0
F380
7F80
7B80
ENDCHAR
STARTCHAR ucircumflex
ENCODING 251
SWIDTH 611 0
DWIDTH 11 0
BBX 11 14 0 0
BITMAP
0380
0F80
18C0
0000
71C0
71C0
71C0
71C0
71C0
71C0
73C0
F380
7F80
7B80
ENDCHAR
STARTCHAR udieresis
ENCODING 252
SWIDTH 611 0
DWIDTH 11 0
BBX 11 13 0 0
BITMAP
0CC0
0CC0
0000
71C0
71C0
71C0
71C0
71C0
71C0
73C0
F380
7F80
7B80
ENDCHAR
STARTCHAR yacute
ENCODING 253
SWIDTH 556 0
DWIDTH 10 0
BBX 12 18 -1 -4
BITMAP
00E0
0180
0300
0000
3870
38E0
38E0
39C0
1980
1980
1B00
1B00
1E00
1C00
1C00
3800
F000
E000
ENDCHAR
STARTCHAR thorn
ENCODING 254
SWIDTH 611 0
DWIDTH 11 0
BBX 11 17 -1 -4
BITMAP
1C00
1C00
1C00
3BC0
3FE0
3CE0
38E0
38E0
38E0
38E0
79C0
7FC0
7780
7000
7000
7000
E000
ENDCHAR
STARTCHAR ydieresis
ENCODING 255
SWIDTH 556 0
DWIDTH 10 0
BBX 12 17 -1 -4
BITMAP
0CC0
0CC0
0000
3870
38E0
38E0
39C0
1980
1980
1B00
1B00
1E00
1C00
1C00
3800
F000
E000
ENDCHAR
STARTCHAR Amacron
ENCODING 256
SWIDTH 722 0
DWIDTH 13 0
BBX 12 15 0 0
BITMAP
03E0
03E0
0000
03E0
03E0
07E0
06E0
0EE0
0CE0
1CE0
1FE0
3FF0
7070
7070
E070
ENDCHAR
STARTCHAR amacron
ENCODING 257
SWIDTH 556 0
DWIDTH 10 0
BBX 10 13 0 0
BITMAP
0F80
0F80
0000
1F00
3F80
7380
0380
3F80
FF80
E380
E700
FBC0
73C0
ENDCHAR
STARTCHAR Abreve
ENCODING 258
SWIDTH 722 0
DWIDTH 13 0
BBX 12 16 0 0
BITMAP
0330
03E0
01E0
0000
03E0
03E0
07E0
06E0
0EE0
0CE0
1CE0
1FE0
3FF0
7070
7070
E070
ENDCHAR
STARTCHAR abreve
ENCODING 259
SWIDTH 556 0
DWIDTH 10 0
BBX 10 14 0 0
BITMAP
0CC0
0F80
0780
0000
1F00
3F80
7380
0380
3F80
FF80
E380
E700
FBC0
73C0
ENDCHAR
STARTCHAR Aogonek
ENCODING 260
SWIDTH 722 0
DWIDTH 13 0
BBX 12 16 0 -4
BITMAP
03E0
03E0
07E0
06E0
0EE0
0CE0
1CE0
1FE0
3FF0
7070
7070
E070
0030
0060
0070
0070
ENDCHAR
STARTCHAR aogonek
ENCODING 261
SWIDTH 556 0
DWIDTH 10 0
BBX 10 14 0 -4
BITMAP
1F00
3F80
7380
0380
3F80
FF80
E380
E700
FBC0
73C0
0180
0300
0380
0380
ENDCHAR
STARTCHAR Cacute
ENCODING 262
SWIDTH 722 0
DWIDTH 13 0
BBX 12 15 1 0
BITMAP
0070
0180
0000
0FC0
3FE0
7870
7070
E000
E000
E000
E000
E040
71E0
7FC0
1F00
ENDCHAR
STARTCHAR cacute
ENCODING 263
SWIDTH 556 0
DWIDTH 10 0
BBX 10 14 0 0
BITMAP
01C0
0300
0600
0000
1F00
3F80
71C0
7180
E000
E000
E100
E380
7F00
3E00
ENDCHAR
STARTCHAR Ccircumflex
ENCODING 264
SWIDTH 722 0
DWIDTH 13 0
BBX 12 16 1 0
BITMAP
0380
07C0
0C60
0000
0FC0
3FE0
7870
7070
E000
E000
E000
E000
E040
71E0
7FC0
1F00
ENDCHAR
STARTCHAR ccircumflex
ENCODING 265
SWIDTH 556 0
DWIDTH 10 0
BBX 10 14 0 0
BITMAP
0380
0F80
18C0
0000
1F00
3F80
71C0
7180
E000
E000
E100
E380
7F00
3E00
ENDCHAR
STARTCHAR Cdotaccent
ENCODING 266
SWIDTH 722 0
DWIDTH 13 0
BBX 12 15 1 0
BITMAP
0380
0380
0000
0FC0
3FE0
7870
7070
E000
E000
E000
E000
E040
71E0
7FC0
1F00
ENDCHAR
STARTCHAR cdotaccent
ENCODING 267
SWIDTH 556 0
DWIDTH 10 0
BBX 10 13 0 0
BITMAP
0700
0700
0000
1F00
3F80
71C0
7180
E000
E000
E100
E380
7F00
3E00
ENDCHAR
STARTCHAR Ccaron
ENCODING 268
SWIDTH 722 0
DWIDTH 13 0
BBX 12 16 1 0
BITMAP
0C60
07C0
0380
0000
0FC0
3FE0
7870
7070
E000
E000
E000
E000
E040
71E0
7FC0
1F00
ENDCHAR
STARTCHAR ccaron
ENCODING 269
SWIDTH 556 0
DWIDTH 10 0
BBX 10 14 0 0
BITMAP
0CC0
0780
0700
0000
1F00
3F80
71C0
7180
E000
E000
E100
E380
7F00
3E00
ENDCHAR
STARTCHAR Dcaron
ENCODING 270
SWIDTH 722 0
DWIDTH 13 0
BBX 12 16 0 0
BITMAP
0C60
07C0
0380
0000
3F80
3FE0
38E0
7070
7070
7070
7070
7070
70E0
E1E0
FFC0
FF00
ENDCHAR
STARTCHAR dcaron
ENCODING 271
SWIDTH 722 0
DWIDTH 13 0
BBX 15 13 0 0
BITMAP
00EE
00EE
00E4
1DCC
7FC0
73C0
E1C0
E1C0
E1C0
E380
E380
FF80
7B80
ENDCHAR
STARTCHAR Dcroat
ENCODING 272
SWIDTH 722 0
DWIDTH 13 0
BBX 12 12 0 0
BITMAP
3F80
3FE0
38E0
7070
7070
FE70
FE70
7070
70E0
E1E0
FFC0
FF00
ENDCHAR
STARTCHAR dcroat
ENCODING 273
SWIDTH 611 0
DWIDTH 11 0
BBX 12 13 0 0
BITMAP
00E0
07F0
00E0
1DC0
7FC0
73C0
E1C0
E1C0
E1C0
E380
E380
FF80
7B80
ENDCHAR
STARTCHAR Emacron
ENCODING 274
SWIDTH 667 0
DWIDTH 12 0
BBX 12 15 0 0
BITMAP
07C0
07C0
0000
3FF0
3FF0
3800
7000
7000
7FC0
7FC0
7000
7000
E000
FFC0
FFC0
ENDCHAR
STARTCHAR emacron
ENCODING 275
SWIDTH 556 0
DWIDTH 10 0
BBX 9 13 0 0
BITMAP
1F00
1F00
0000
1E00
3F00
7380
E380
FF80
FF80
E000
E700
7E00
3C00
ENDCHAR
STARTCHAR Ebreve
ENCODING 276
SWIDTH 667 0
DWIDTH 12 0
BBX 12 16 0 0
BITMAP
0660
07C0
03C0
0000
3FF0
3FF0
3800
7000
7000
7FC0
7FC0
7000
7000
E000
FFC0
FFC0
ENDCHAR
STARTCHAR ebreve
ENCODING 277
SWIDTH 556 0
DWIDTH 10 0
BBX 9 14 0 0
BITMAP
1980
1F00
0F00
0000
1E00
3F00
7380
E380
FF80
FF80
E000
E700
7E00
3C00
ENDCHAR
STARTCHAR Edotaccent
ENCODING 278
SWIDTH 667 0
DWIDTH 12 0
BBX 12 15 0 0
BITMAP
0380
0380
0000
3FF0
3FF0
3800
7000
7000
7FC0
7FC0
7000
7000
E000
FFC0
FFC0
ENDCHAR
STARTCHAR edotaccent
ENCODING 279
SWIDTH 556 0
DWIDTH 10 0
BBX 9 13 0 0
BITMAP
0E00
0E00
0000
1E00
3F00
7380
E380
FF80
FF80
E000
E700
7E00
3C00
ENDCHAR
STARTCHAR Eogonek
ENCODING 280
SWIDTH 667 0
DWIDTH 12 0
BBX 12 16 0 -4
BITMAP
3FF0
3FF0
3800
7000
7000
7FC0
7FC0
7000
7000
E000
FFC0
FFC0
0180
0300
0380
0380
ENDCHAR
STARTCHAR eogonek
ENCODING 281
SWIDTH 556 0
DWIDTH 10 0
BBX 9 14 0 -4
BITMAP
1E00
3F00
7380
E380
FF80
FF80
E000
E700
7E00
3C00
0C00
1800
1C00
1C00
ENDCHAR
STARTCHAR Ecaron
ENCODING 282
SWIDTH 667 0
DWIDTH 12 0
BBX 12 16 0 0
BITMAP
0C60
07C0
0380
0000
3FF0
3FF0
3800
7000
7000
7FC0
7FC0
7000
7000
E000
FFC0
FFC0
ENDCHAR
STARTCHAR ecaron
ENCODING 283
SWIDTH 556 0
DWIDTH 10 0
BBX 9 14 0 0
BITMAP
1980
0F00
0E00
0000
1E00
3F00
7380
E380
FF80
FF80
E000
E700
7E00
3C00
ENDCHAR
STARTCHAR Gcircumflex
ENCODING 284
SWIDTH 778 0
DWIDTH 14 0
BBX 13 16 1 0
BITMAP
01C0
03E0
0630
0000
0FC0
1FF0
3878
7038
E000
E000
E1F0
E1F0
E070
70E0
7FE0
1F80
ENDCHAR
STARTCHAR gcircumflex
ENCODING 285
SWIDTH 611 0
DWIDTH 11 0
BBX 12 18 -1 -4
BITMAP
0380
0F80
18C0
0000
1EE0
3FE0
39E0
70E0
70E0
70E0
71E0
71C0
7FC0
3DC0
01C0
E3C0
FF80
3E00
ENDCHAR
STARTCHAR Gbreve
ENCODING 286
SWIDTH 778 0
DWIDTH 14 0
BBX 13 16 1 0
BITMAP
0660
07C0
03C0
0000
0FC0
1FF0
3878
7038
E000
E000
E1F0
E1F0
E070
70E0
7FE0
1F80
ENDCHAR
STARTCHAR gbreve
ENCODING 287
SWIDTH 611 0
DWIDTH 11 0
BBX 12 18 -1 -4
BITMAP
0CC0
0F80
0780
0000
1EE0
3FE0
39E0
70E0
70E0
70E0
71E0
71C0
7FC0
3DC0
01C0
E3C0
FF80
3E00
ENDCHAR
STARTCHAR Gdotaccent
ENCODING 288
SWIDTH 778 0
DWIDTH 14 0
BBX 13 15 1 0
BITMAP
01C0
01C0
0000
0FC0
1FF0
3878
7038
E000
E000
E1F0
E1F0
E070
70E0
7FE0
1F80
ENDCHAR
STARTCHAR gdotaccent
ENCODING 289
SWIDTH 611 0
DWIDTH 11 0
BBX 12 17 -1 -4
BITMAP
0380
0380
0000
1EE0
3FE0
39E0
70E0
70E0
70E0
71E0
71C0
7FC0
3DC0
01C0
E3C0
FF80
3E00
ENDCHAR
STARTCHAR Gcommaaccent
ENCODING 290
SWIDTH 778 0
DWIDTH 14 0
BBX 13 17 1 -5
BITMAP
0FC0
1FF0
3878
7038
E000
E000
E1F0
E1F0
E070
70E0
7FE0
1F80
0000
0700
0700
0200
0600
ENDCHAR
STARTCHAR gcommaaccent
ENCODING 291
SWIDTH 611 0
DWIDTH 11 0
BBX 12 19 -1 -4
BITMAP
0180
0100
0380
0380
0000
1EE0
3FE0
39E0
70E0
70E0
70E0
71E0
71C0
7FC0
3DC0
01C0
E3C0
FF80
3E00
ENDCHAR
STARTCHAR Hcircumflex
ENCODING 292
SWIDTH 722 0
DWIDTH 13 0
BBX 13 16 0 0
BITMAP
01C0
03E0
0630
0000
3838
3838
3838
7070
7070
7FF0
7FF0
7070
7070
E0E0
E0E0
E0E0
ENDCHAR
STARTCHAR hcircumflex
ENCODING 293
SWIDTH 611 0
DWIDTH 11 0
BBX 11 17 0 0
BITMAP
0380
07C0
0C60
0000
3800
3800
3800
7380
77C0
79C0
71C0
71C0
71C0
71C0
E380
E380
E380
ENDCHAR
STARTCHAR Hbar
ENCODING 294
SWIDTH 722 0
DWIDTH 13 0
BBX 14 12 0 0
BITMAP
3838
3838
FFFC
FFFC
7070
7FF0
7FF0
7070
7070
E0E0
E0E0
E0E0
ENDCHAR
STARTCHAR hbar
ENCODING 295
SWIDTH 611 0
DWIDTH 11 0
BBX 10 13 0 0
BITMAP
3800
7E00
3800
7380
77C0
79C0
71C0
71C0
71C0
71C0
E380
E380
E380
ENDCHAR
STARTCHAR Itilde
ENCODING 296
SWIDTH 278 0
DWIDTH 5 0
BBX 8 16 0 0
BITMAP
39
7F
4E
00
38
38
38
70
70
70
70
70
70
E0
E0
E0
ENDCHAR
STARTCHAR itilde
ENCODING 297
SWIDTH 278 0
DWIDTH 5 0
BBX 7 14 0 0
BITMAP
72
FE
9C
00
70
70
70
70
70
70
70
E0
E0
E0
ENDCHAR
STARTCHAR Imacron
ENCODING 298
SWIDTH 278 0
DWIDTH 5 0
BBX 7 15 0 0
BITMAP
3E
3E
00
38
38
38
70
70
70
70
70
70
E0
E0
E0
ENDCHAR
STARTCHAR imacron
ENCODING 299
SWIDTH 278 0
DWIDTH 5 0
BBX 6 13 0 0
BITMAP
7C
7C
00
70
70
70
70
70
70
70
E0
E0
E0
ENDCHAR
STARTCHAR Ibreve
ENCODING 300
SWIDTH 278 0
DWIDTH 5 0
BBX 7 16 0 0
BITMAP
66
7C
3C
00
38
38
38
70
70
70
70
70
70
E0
E0
E0
ENDCHAR
STARTCHAR ibreve
ENCODING 301
SWIDTH 278 0
DWIDTH 5 0
BBX 7 14 0 0
BITMAP
66
7C
3C
00
70
70
70
70
70
70
70
E0
E0
E0
ENDCHAR
STARTCHAR Iogonek
ENCODING 302
SWIDTH 278 0
DWIDTH 5 0
BBX 5 16 0 -4
BITMAP
38
38
38
70
70
70
70
70
70
E0
E0
E0
60
C0
E0
E0
ENDCHAR
STARTCHAR iogonek
ENCODING 303
SWIDTH 278 0
DWIDTH 5 0
BBX 5 17 0 -4
BITMAP
38
38
00
70
70
70
70
70
70
70
E0
E0
E0
60
C0
E0
E0
ENDCHAR
STARTCHAR Idotaccent
ENCODING 304
SWIDTH 278 0
DWIDTH 5 0
BBX 6 15 0 0
BITMAP
1C
1C
00
38
38
38
70
70
70
70
70
70
E0
E0
E0
ENDCHAR
STARTCHAR dotlessi
ENCODING 305
SWIDTH 278 0
DWIDTH 5 0
BBX 5 10 0 0
BITMAP
70
70
70
70
70
70
70
E0
E0
E0
ENDCHAR
STARTCHAR IJ
ENCODING 306
SWIDTH 778 0
DWIDTH 14 0
BBX 14 12 0 0
BITMAP
38FC
38FC
381C
7038
7038
7038
7038
7038
7C38
EE70
E7F0
E3E0
ENDCHAR
STARTCHAR ij
ENCODING 307
SWIDTH 556 0
DWIDTH 10 0
BBX 10 17 0 -4
BITMAP
39C0
39C0
0000
7380
7380
7380
7380
7380
7380
7380
E700
E700
E700
0700
0700
1E00
1C00
ENDCHAR
STARTCHAR Jcircumflex
ENCODING 308
SWIDTH 556 0
DWIDTH 10 0
BBX 12 16 0 0
BITMAP
01C0
03E0
0630
0000
0FC0
0FC0
01C0
0380
0380
0380
0380
0380
C380
E700
7F00
3E00
ENDCHAR
STARTCHAR jcircumflex
ENCODING 309
SWIDTH 278 0
DWIDTH 5 0
BBX 9 18 -2 -4
BITMAP
0700
1F00
3180
0000
1C00
1C00
1C00
1C00
1C00
1C00
1C00
3800
3800
3800
3800
3800
F000
E000
ENDCHAR
STARTCHAR Kcommaaccent
ENCODING 310
SWIDTH 722 0
DWIDTH 13 0
BBX 14 17 0 -5
BITMAP
3838
3870
38E0
73C0
7700
7F00
7F00
7380
71C0
E1C0
E0E0
E070
0000
0E00
0E00
0400
0C00
ENDCHAR
STARTCHAR kcommaaccent
ENCODING 311
SWIDTH 556 0
DWIDTH 10 0
BBX 10 18 0 -5
BITMAP
3800
3800
3800
71C0
7380
7700
7E00
7E00
7E00
7700
E700
E700
E380
0000
1C00
1C00
0800
1800
ENDCHAR
STARTCHAR kgreenlandic
ENCODING 312
SWIDTH 556 0
DWIDTH 10 0
BBX 10 10 0 0
BITMAP
71C0
7380
7700
7E00
7E00
7E00
7700
E700
E700
E380
ENDCHAR
STARTCHAR Lacute
ENCODING 313
SWIDTH 611 0
DWIDTH 11 0
BBX 10 15 0 0
BITMAP
0380
0C00
0000
3800
3800
3800
7000
7000
7000
7000
7000
7000
E000
FFC0
FFC0
ENDCHAR
STARTCHAR lacute
ENCODING 314
SWIDTH 278 0
DWIDTH 5 0
BBX 8 16 0 0
BITMAP
07
18
00
38
38
38
70
70
70
70
70
70
70
E0
E0
E0
ENDCHAR
STARTCHAR Lcommaaccent
ENCODING 315
SWIDTH 611 0
DWIDTH 11 0
BBX 10 17 0 -5
BITMAP
3800
3800
3800
7000
7000
7000
7000
7000
7000
E000
FFC0
FFC0
0000
0E00
0E00
0400
0C00
ENDCHAR
STARTCHAR lcommaaccent
ENCODING 316
SWIDTH 278 0
DWIDTH 5 0
BBX 5 18 0 -5
BITMAP
38
38
38
70
70
70
70
70
70
70
E0
E0
E0
00
E0
E0
40
C0
ENDCHAR
STARTCHAR Lcaron
ENCODING 317
SWIDTH 611 0
DWIDTH 11 0
BBX 10 12 0 0
BITMAP
39C0
39C0
3880
7180
7000
7000
7000
7000
7000
E000
FFC0
FFC0
ENDCHAR
STARTCHAR lcaron
ENCODING 318
SWIDTH 389 0
DWIDTH 7 0
BBX 9 13 0 0
BITMAP
3B80
3B80
3900
7300
7000
7000
7000
7000
7000
7000
E000
E000
E000
ENDCHAR
STARTCHAR Ldot
ENCODING 319
SWIDTH 611 0
DWIDTH 11 0
BBX 10 12 0 0
BITMAP
3800
3800
3800
7000
7380
7380
7000
7000
7000
E000
FFC0
FFC0
ENDCHAR
STARTCHAR ldot
ENCODING 320
SWIDTH 500 0
DWIDTH 9 0
BBX 8 13 0 0
BITMAP
38
38
38
70
70
77
77
70
70
70
E0
E0
E0
ENDCHAR
STARTCHAR Lslash
ENCODING 321
SWIDTH 611 0
DWIDTH 11 0
BBX 11 12 -1 0
BITMAP
1C00
1C00
1C00
3800
3900
3F00
7800
7800
3800
7000
7FE0
7FE0
ENDCHAR
STARTCHAR lslash
ENCODING 322
SWIDTH 278 0
DWIDTH 5 0
BBX 7 13 -1 0
BITMAP
1C
1C
1C
38
3A
3C
38
78
B8
38
70
70
70
ENDCHAR
STARTCHAR Nacute
ENCODING 323
SWIDTH 722 0
DWIDTH 13 0
BBX 13 15 0 0
BITMAP
0070
0180
0000
3C38
3C38
3C38
7670
7670
7670
7370
7370
7370
E1E0
E1E0
E1E0
ENDCHAR
STARTCHAR nacute
ENCODING 324
SWIDTH 611 0
DWIDTH 11 0
BBX 10 14 0 0
BITMAP
01C0
0300
0600
0000
3780
7FC0
79C0
71C0
71C0
71C0
71C0
E380
E380
E380
ENDCHAR
STARTCHAR Ncommaaccent
ENCODING 325
SWIDTH 722 0
DWIDTH 13 0
BBX 13 17 0 -5
BITMAP
3C38
3C38
3C38
7670
7670
7670
7370
7370
7370
E1E0
E1E0
E1E0
0000
0E00
0E00
0400
0C00
ENDCHAR
STARTCHAR ncommaaccent
ENCODING 326
SWIDTH 611 0
DWIDTH 11 0
BBX 10 15 0 -5
BITMAP
3780
7FC0
79C0
71C0
71C0
71C0
71C0
E380
E380
E380
0000
1C00
1C00
0800
1800
ENDCHAR
STARTCHAR Ncaron
ENCODING 327
SWIDTH 722 0
DWIDTH 13 0
BBX 13 16 0 0
BITMAP
0630
03E0
01C0
0000
3C38
3C38
3C38
7670
7670
7670
7370
7370
7370
E1E0
E1E0
E1E0
ENDCHAR
STARTCHAR ncaron
ENCODING 328
SWIDTH 611 0
DWIDTH 11 0
BBX 10 14 0 0
BITMAP
0CC0
0780
0700
0000
3780
7FC0
79C0
71C0
71C0
71C0
71C0
E380
E380
E380
ENDCHAR
STARTCHAR napostrophe
ENCODING 329
SWIDTH 722 0
DWIDTH 13 0
BBX 13 12 -1 0
BITMAP
3800
3800
76F0
1FF8
2F38
6E38
0E38
0E38
0E38
1C70
1C70
1C70
ENDCHAR
STARTCHAR Eng
ENCODING 330
SWIDTH 722 0
DWIDTH 13 0
BBX 13 13 0 0
BITMAP
00C0
1BF0
3F78
3838
3838
3038
3030
7030
7070
7070
6660
6FE0
E7C0
ENDCHAR
STARTCHAR eng
ENCODING 331
SWIDTH 611 0
DWIDTH 11 0
BBX 10 14 0 -4
BITMAP
7380
7FC0
79C0
71C0
71C0
71C0
71C0
E380
E380
E380
0380
0380
0F00
0E00
ENDCHAR
STARTCHAR Omacron
ENCODING 332
SWIDTH 778 0
DWIDTH 14 0
BBX 12 15 1 0
BITMAP
07C0
07C0
0000
0F80
3FE0
78F0
7070
E070
E070
E070
E070
E0E0
71E0
7FC0
1F00
ENDCHAR
STARTCHAR omacron
ENCODING 333
SWIDTH 611 0
DWIDTH 11 0
BBX 10 13 0 0
BITMAP
0F80
0F80
0000
1F00
3F80
71C0
E1C0
E1C0
E1C0
E1C0
E380
7F00
3E00
ENDCHAR
STARTCHAR Obreve
ENCODING 334
SWIDTH 778 0
DWIDTH 14 0
BBX 12 16 1 0
BITMAP
0660
07C0
03C0
0000
0F80
3FE0
78F0
7070
E070
E070
E070
E070
E0E0
71E0
7FC0
1F00
ENDCHAR
STARTCHAR obreve
ENCODING 335
SWIDTH 611 0
DWIDTH 11 0
BBX 10 14 0 0
BITMAP
0CC0
0F80
0780
0000
1F00
3F80
71C0
E1C0
E1C0
E1C0
E1C0
E380
7F00
3E00
ENDCHAR
STARTCHAR Ohungarumlaut
ENCODING 336
SWIDTH 778 0
DWIDTH 14 0
BBX 13 15 1 0
BITMAP
03B8
0660
0000
0F80
3FE0
78F0
7070
E070
E070
E070
E070
E0E0
71E0
7FC0
1F00
ENDCHAR
STARTCHAR ohungarumlaut
ENCODING 337
SWIDTH 611 0
DWIDTH 11 0
BBX 12 14 0 0
BITMAP
0770
0CC0
1980
0000
1F00
3F80
71C0
E1C0
E1C0
E1C0
E1C0
E380
7F00
3E00
ENDCHAR
STARTCHAR OE
ENCODING 338
SWIDTH 1000 0
DWIDTH 18 0
BBX 17 12 1 0
BITMAP
0FFF80
1FFF80
387000
70E000
F0E000
E0FE00
E0FE00
E0E000
E0E000
F1C000
7FFE00
3FFE00
ENDCHAR
STARTCHAR oe
ENCODING 339
SWIDTH 944 0
DWIDTH 17 0
BBX 16 10 1 0
BITMAP
0E38
3FFE
63C6
E1C7
C1FF
C1FE
C380
C38C
FFFC
7EF8
ENDCHAR
STARTCHAR Racute
ENCODING 340
SWIDTH 722 0
DWIDTH 13 0
BBX 12 15 0 0
BITMAP
00E0
0300
0000
3FC0
3FE0
3870
7070
7070
7FE0
7F80
7380
71C0
E1C0
E1C0
E0E0
ENDCHAR
STARTCHAR racute
ENCODING 341
SWIDTH 389 0
DWIDTH 7 0
BBX 8 14 0 0
BITMAP
07
0C
18
00
76
76
78
70
70
70
70
E0
E0
E0
ENDCHAR
STARTCHAR Rcommaaccent
ENCODING 342
SWIDTH 722 0
DWIDTH 13 0
BBX 12 17 0 -5
BITMAP
3FC0
3FE0
3870
7070
7070
7FE0
7F80
7380
71C0
E1C0
E1C0
E0E0
0000
0E00
0E00
0400
0C00
ENDCHAR
STARTCHAR rcommaaccent
ENCODING 343
SWIDTH 389 0
DWIDTH 7 0
BBX 8 15 -1 -5
BITMAP
3B
3B
3C
38
38
38
38
70
70
70
00
E0
E0
40
C0
ENDCHAR
STARTCHAR Rcaron
ENCODING 344
SWIDTH 722 0
DWIDTH 13 0
BBX 12 16 0 0
BITMAP
0C60
07C0
0380
0000
3FC0
3FE0
3870
7070
7070
7FE0
7F80
7380
71C0
E1C0
E1C0
E0E0
ENDCHAR
STARTCHAR rcaron
ENCODING 345
SWIDTH 389 0
DWIDTH 7 0
BBX 8 14 0 0
BITMAP
33
1E
1C
00
76
76
78
70
70
70
70
E0
E0
E0
ENDCHAR
STARTCHAR Sacute
ENCODING 346
SWIDTH 667 0
DWIDTH 12 0
BBX 12 15 0 0
BITMAP
00E0
0300
0000
0FC0
1FE0
3870
3840
3C00
1F80
07C0
00E0
E0E0
E0E0
7FC0
3F80
ENDCHAR
STARTCHAR sacute
ENCODING 347
SWIDTH 556 0
DWIDTH 10 0
BBX 10 14 0 0
BITMAP
01C0
0300
0600
0000
1F00
7F80
7180
7800
3E00
1F00
0700
C700
FF00
7C00
ENDCHAR
STARTCHAR Scircumflex
ENCODING 348
SWIDTH 667 0
DWIDTH 12 0
BBX 12 16 0 0
BITMAP
0380
07C0
0C60
0000
0FC0
1FE0
3870
3840
3C00
1F80
07C0
00E0
E0E0
E0E0
7FC0
3F80
ENDCHAR
STARTCHAR scircumflex
ENCODING 349
SWIDTH 556 0
DWIDTH 10 0
BBX 9 14 0 0
BITMAP
0700
1F00
3180
0000
1F00
7F80
7180
7800
3E00
1F00
0700
C700
FF00
7C00
ENDCHAR
STARTCHAR Scedilla
ENCODING 350
SWIDTH 667 0
DWIDTH 12 0
BBX 12 16 0 -4
BITMAP
0FC0
1FE0
3870
3840
3C00
1F80
07C0
00E0
E0E0
E0E0
7FC0
3F80
0400
0E00
0600
1C00
ENDCHAR
STARTCHAR scedilla
ENCODING 351
SWIDTH 556 0
DWIDTH 10 0
BBX 9 14 0 -4
BITMAP
1F00
7F80
7180
7800
3E00
1F00
0700
C700
FF00
7C00
0800
1C00
0C00
3800
ENDCHAR
STARTCHAR Scaron
ENCODING 352
SWIDTH 667 0
DWIDTH 12 0
BBX 12 16 0 0
BITMAP
0C60
07C0
0380
0000
0FC0
1FE0
3870
3840
3C00
1F80
07C0
00E0
E0E0
E0E0
7FC0
3F80
ENDCHAR
STARTCHAR scaron
ENCODING 353
SWIDTH 556 0
DWIDTH 10 0
BBX 9 14 0 0
BITMAP
1980
0F00
0E00
0000
1F00
7F80
7180
7800
3E00
1F00
0700
C700
FF00
7C00
ENDCHAR
STARTCHAR Tcommaaccent
ENCODING 354
SWIDTH 611 0
DWIDTH 11 0
BBX 11 16 0 -4
BITMAP
FFE0
FFE0
0E00
1C00
1C00
1C00
1C00
1C00
1C00
3800
3800
3800
0800
1C00
0C00
3800
ENDCHAR
STARTCHAR tcommaaccent
ENCODING 355
SWIDTH 333 0
DWIDTH 6 0
BBX 6 16 -1 -4
BITMAP
18
38
FC
FC
70
70
70
70
70
E0
F8
78
08
1C
0C
38
ENDCHAR
STARTCHAR Tcaron
ENCODING 356
SWIDTH 611 0
DWIDTH 11 0
BBX 11 16 1 0
BITMAP
18C0
0F80
0700
0000
FFE0
FFE0
0E00
1C00
1C00
1C00
1C00
1C00
1C00
3800
3800
3800
ENDCHAR
STARTCHAR tcaron
ENCODING 357
SWIDTH 500 0
DWIDTH 9 0
BBX 10 13 0 0
BITMAP
01C0
19C0
3880
FD80
FC00
7000
7000
7000
7000
7000
E000
F800
7800
ENDCHAR
STARTCHAR Tbar
ENCODING 358
SWIDTH 611 0
DWIDTH 11 0
BBX 11 12 1 0
BITMAP
FFE0
FFE0
0E00
1C00
1C00
7F00
7F00
1C00
1C00
3800
3800
3800
ENDCHAR
STARTCHAR tbar
ENCODING 359
SWIDTH 333 0
DWIDTH 6 0
BBX 6 12 0 0
BITMAP
18
38
FC
FC
70
70
F8
F8
70
E0
F8
78
ENDCHAR
STARTCHAR Utilde
ENCODING 360
SWIDTH 722 0
DWIDTH 13 0
BBX 12 16 1 0
BITMAP
0720
0FE0
09C0
0000
7070
7070
7070
E0E0
E0E0
E0E0
E0E0
E0E0
E1C0
E1C0
FF80
3F00
ENDCHAR
STARTCHAR utilde
ENCODING 361
SWIDTH 611 0
DWIDTH 11 0
BBX 11 14 0 0
BITMAP
0E40
1FC0
1380
0000
71C0
71C0
71C0
71C0
71C0
71C0
73C0
F380
7F80
7B80
ENDCHAR
STARTCHAR Umacron
ENCODING 362
SWIDTH 722 0
DWIDTH 13 0
BBX 12 15 1 0
BITMAP
07C0
07C0
0000
7070
7070
7070
E0E0
E0E0
E0E0
E0E0
E0E0
E1C0
E1C0
FF80
3F00
ENDCHAR
STARTCHAR umacron
ENCODING 363
SWIDTH 611 0
DWIDTH 11 0
BBX 11 13 0 0
BITMAP
0F80
0F80
0000
71C0
71C0
71C0
71C0
71C0
71C0
73C0
F380
7F80
7B80
ENDCHAR
STARTCHAR Ubreve
ENCODING 364
SWIDTH 722 0
DWIDTH 13 0
BBX 12 16 1 0
BITMAP
0CC0
0F80
0780
0000
7070
7070
7070
E0E0
E0E0
E0E0
E0E0
E0E0
E1C0
E1C0
FF80
3F00
ENDCHAR
STARTCHAR ubreve
ENCODING 365
SWIDTH 611 0
DWIDTH 11 0
BBX 11 14 0 0
BITMAP
0CC0
0F80
0780
0000
71C0
71C0
71C0
71C0
71C0
71C0
73C0
F380
7F80
7B80
ENDCHAR
STARTCHAR Uring
ENCODING 366
SWIDTH 722 0
DWIDTH 13 0
BBX 12 17 1 0
BITMAP
0300
0480
0480
0300
0000
7070
7070
7070
E0E0
E0E0
E0E0
E0E0
E0E0
E1C0
E1C0
FF80
3F00
ENDCHAR
STARTCHAR uring
ENCODING 367
SWIDTH 611 0
DWIDTH 11 0
BBX 11 15 0 0
BITMAP
0600
0900
0900
0600
0000
71C0
71C0
71C0
71C0
71C0
71C0
73C0
F380
7F80
7B80
ENDCHAR
STARTCHAR Uhungarumlaut
ENCODING 368
SWIDTH 722 0
DWIDTH 13 0
BBX 12 15 1 0
BITMAP
0770
0CC0
0000
7070
7070
7070
E0E0
E0E0
E0E0
E0E0
E0E0
E1C0
E1C0
FF80
3F00
ENDCHAR
STARTCHAR uhungarumlaut
ENCODING 369
SWIDTH 611 0
DWIDTH 11 0
BBX 12 14 0 0
BITMAP
0770
0CC0
1980
0000
71C0
71C0
71C0
71C0
71C0
71C0
73C0
F380
7F80
7B80
ENDCHAR
STARTCHAR Uogonek
ENCODING 370
SWIDTH 722 0
DWIDTH 13 0
BBX 12 16 1 -4
BITMAP
7070
7070
7070
E0E0
E0E0
E0E0
E0E0
E0E0
E1C0
E1C0
FF80
3F00
0600
0C00
0E00
0E00
ENDCHAR
STARTCHAR uogonek
ENCODING 371
SWIDTH 611 0
DWIDTH 11 0
BBX 11 14 0 -4
BITMAP
71C0
71C0
71C0
71C0
71C0
71C0
73C0
F380
7F80
7B80
0300
0600
0700
0700
ENDCHAR
STARTCHAR Wcircumflex
ENCODING 372
SWIDTH 944 0
DWIDTH 17 0
BBX 17 16 1 0
BITMAP
01C000
03E000
063000
000000
E1C380
E1C700
E3C700
E3CE00
E2CE00
E6CE00
66DC00
7CDC00
7CD800
7CF800
78F000
78F000
ENDCHAR
STARTCHAR wcircumflex
ENCODING 373
SWIDTH 778 0
DWIDTH 14 0
BBX 14 14 1 0
BITMAP
01C0
07C0
0C60
0000
E79C
E798
EDB8
EDB0
EDB0
D9F0
D9E0
F1E0
71C0
71C0
ENDCHAR
STARTCHAR Ycircumflex
ENCODING 374
SWIDTH 667 0
DWIDTH 12 0
BBX 12 16 1 0
BITMAP
0700
0F80
18C0
0000
E070
70E0
71C0
7380
3F00
3E00
1C00
1C00
1C00
3800
3800
3800
ENDCHAR
STARTCHAR ycircumflex
ENCODING 375
SWIDTH 556 0
DWIDTH 10 0
BBX 12 18 -1 -4
BITMAP
0380
0F80
18C0
0000
3870
38E0
38E0
39C0
1980
1980
1B00
1B00
1E00
1C00
1C00
3800
F000
E000
ENDCHAR
STARTCHAR Ydieresis
ENCODING 376
SWIDTH 667 0
DWIDTH 12 0
BBX 12 15 1 0
BITMAP
1980
1980
0000
E070
70E0
71C0
7380
3F00
3E00
1C00
1C00
1C00
3800
3800
3800
ENDCHAR
STARTCHAR Zacute
ENCODING 377
SWIDTH 611 0
DWIDTH 11 0
BBX 11 15 0 0
BITMAP
00E0
0300
0000
3FE0
3FE0
01C0
0380
0700
0F00
1E00
1C00
3800
7000
FF80
FF80
ENDCHAR
STARTCHAR zacute
ENCODING 378
SWIDTH 500 0
DWIDTH 9 0
BBX 10 14 0 0
BITMAP
01C0
0300
0600
0000
3F80
3F80
0700
0E00
1C00
1C00
3800
7000
FF00
FF00
ENDCHAR
STARTCHAR Zdotaccent
ENCODING 379
SWIDTH 611 0
DWIDTH 11 0
BBX 11 15 0 0
BITMAP
0380
0380
0000
3FE0
3FE0
01C0
0380
0700
0F00
1E00
1C00
3800
7000
FF80
FF80
ENDCHAR
STARTCHAR zdotaccent
ENCODING 380
SWIDTH 500 0
DWIDTH 9 0
BBX 9 13 0 0
BITMAP
0700
0700
0000
3F80
3F80
0700
0E00
1C00
1C00
3800
7000
FF00
FF00
ENDCHAR
STARTCHAR Zcaron
ENCODING 381
SWIDTH 611 0
DWIDTH 11 0
BBX 11 16 0 0
BITMAP
0C60
07C0
0380
0000
3FE0
3FE0
01C0
0380
0700
0F00
1E00
1C00
3800
7000
FF80
FF80
ENDCHAR
STARTCHAR zcaron
ENCODING 382
SWIDTH 500 0
DWIDTH 9 0
BBX 9 14 0 0
BITMAP
1980
0F00
0E00
0000
3F80
3F80
0700
0E00
1C00
1C00
3800
7000
FF00
FF00
ENDCHAR
STARTCHAR longs
ENCODING 383
SWIDTH 278 0
DWIDTH 5 0
BBX 7 13 0 0
BITMAP
1E
3E
38
70
70
70
70
70
70
70
E0
E0
E0
ENDCHAR
STARTCHAR florin
ENCODING 402
SWIDTH 556 0
DWIDTH 10 0
BBX 8 17 2 -4
BITMAP
0F
1F
1C
7E
7E
38
38
38
38
38
70
70
70
70
70
70
E0
ENDCHAR
STARTCHAR uni01A0
ENCODING 416
SWIDTH 778 0
DWIDTH 14 0
BBX 12 17 1 0
BITMAP
0010
0030
0030
0630
3FE0
7FC0
70E0
E070
E070
E070
E070
E070
E070
60E0
70E0
3FC0
1F80
ENDCHAR
STARTCHAR uni01A1
ENCODING 417
SWIDTH 611 0
DWIDTH 11 0
BBX 10 14 1 0
BITMAP
0040
00C0
00C0
00C0
3F80
7F00
E380
E180
E180
E180
E180
E380
7F00
3E00
ENDCHAR
STARTCHAR uni01AF
ENCODING 431
SWIDTH 778 0
DWIDTH 14 0
BBX 13 17 2 0
BITMAP
0010
0038
0030
0070
C1E0
C1C0
C1C0
C1C0
C1C0
C1C0
C1C0
C1C0
C1C0
E1C0
E380
7F80
3F00
ENDCHAR
STARTCHAR uni01B0
ENCODING 432
SWIDTH 611 0
DWIDTH 11 0
BBX 11 14 1 0
BITMAP
0060
0060
0060
00E0
E3C0
E380
E380
E380
E380
E380
E380
E380
7F80
7D80
ENDCHAR
STARTCHAR uni01CD
ENCODING 461
SWIDTH 667 0
DWIDTH 12 0
BBX 12 17 0 0
BITMAP
3980
1F00
0E00
0000
0F00
0F00
1B00
1B80
1B80
3980
31C0
31C0
7FC0
7FC0
60E0
E0E0
E070
ENDCHAR
STARTCHAR uni01CE
ENCODING 462
SWIDTH 611 0
DWIDTH 11 0
BBX 8 15 1 0
BITMAP
63
3E
1E
00
00
7E
FF
47
03
3F
F3
E3
E7
FF
7B
ENDCHAR
STARTCHAR uni01CF
ENCODING 463
SWIDTH 333 0
DWIDTH 6 0
BBX 6 17 0 0
BITMAP
CC
78
78
00
30
30
30
30
30
30
30
30
30
30
30
30
30
ENDCHAR
STARTCHAR uni01D0
ENCODING 464
SWIDTH 278 0
DWIDTH 5 0
BBX 7 15 -1 0
BITMAP
C6
7E
3C
00
00
38
38
38
38
38
38
38
38
38
38
ENDCHAR
STARTCHAR uni01D1
ENCODING 465
SWIDTH 778 0
DWIDTH 14 0
BBX 12 17 1 0
BITMAP
1980
0F00
0E00
0600
3F80
7FC0
70E0
E070
E070
E070
E070
E070
E070
60E0
71E0
3FC0
1F80
ENDCHAR
STARTCHAR uni01D2
ENCODING 466
SWIDTH 611 0
DWIDTH 11 0
BBX 9 15 1 0
BITMAP
6300
3E00
1E00
0000
0000
3E00
7F00
E380
E180
E180
E180
E180
E380
7F00
3E00
ENDCHAR
STARTCHAR uni01D3
ENCODING 467
SWIDTH 722 0
DWIDTH 13 0
BBX 10 17 2 0
BITMAP
7300
3E00
1C00
0000
C1C0
C1C0
C1C0
C1C0
C1C0
C1C0
C1C0
C1C0
C1C0
E1C0
E380
7F80
3F00
ENDCHAR
STARTCHAR uni01D4
ENCODING 468
SWIDTH 611 0
DWIDTH 11 0
BBX 9 15 1 0
BITMAP
6300
3F00
1E00
0000
0000
E380
E380
E380
E380
E380
E380
E380
E380
7F80
7D80
ENDCHAR
STARTCHAR uni01D5
ENCODING 469
SWIDTH 722 0
DWIDTH 13 0
BBX 10 19 2 0
BITMAP
3F00
0000
2300
7300
2300
0000
C1C0
C1C0
C1C0
C1C0
C1C0
C1C0
C1C0
C1C0
C1C0
E1C0
E380
7F80
3F00
ENDCHAR
STARTCHAR uni01D6
ENCODING 470
SWIDTH 611 0
DWIDTH 11 0
BBX 9 17 1 0
BITMAP
3F00
3F00
0000
3300
7300
0000
0000
E380
E380
E380
E380
E380
E380
E380
E380
7F80
7D80
ENDCHAR
STARTCHAR uni01D7
ENCODING 471
SWIDTH 722 0
DWIDTH 13 0
BBX 10 20 2 0
BITMAP
0600
0C00
0800
2300
7300
2300
0000
C1C0
C1C0
C1C0
C1C0
C1C0
C1C0
C1C0
C1C0
C1C0
E1C0
E380
7F80
3F00
ENDCHAR
STARTCHAR uni01D8
ENCODING 472
SWIDTH 611 0
DWIDTH 11 0
BBX 9 18 1 0
BITMAP
0400
0600
0C00
0000
3300
7300
0000
0000
E380
E380
E380
E380
E380
E380
E380
E380
7F80
7D80
ENDCHAR
STARTCHAR uni01D9
ENCODING 473
SWIDTH 722 0
DWIDTH 13 0
BBX 10 20 2 0
BITMAP
3300
1E00
1C00
2300
7300
2300
0000
C1C0
C1C0
C1C0
C1C0
C1C0
C1C0
C1C0
C1C0
C1C0
E1C0
E380
7F80
3F00
ENDCHAR
STARTCHAR uni01DA
ENCODING 474
SWIDTH 611 0
DWIDTH 11 0
BBX 9 18 1 0
BITMAP
2200
3700
1C00
0000
3300
7300
0000
0000
E380
E380
E380
E380
E380
E380
E380
E380
7F80
7D80
ENDCHAR
STARTCHAR uni01DB
ENCODING 475
SWIDTH 722 0
DWIDTH 13 0
BBX 10 20 2 0
BITMAP
3000
1800
0C00
2300
7300
2300
0000
C1C0
C1C0
C1C0
C1C0
C1C0
C1C0
C1C0
C1C0
C1C0
E1C0
E380
7F80
3F00
ENDCHAR
STARTCHAR uni01DC
ENCODING 476
SWIDTH 611 0
DWIDTH 11 0
BBX 9 18 1 0
BITMAP
1000
1800
0C00
0000
3300
7300
0000
0000
E380
E380
E380
E380
E380
E380
E380
E380
7F80
7D80
ENDCHAR
STARTCHAR uni01F8
ENCODING 504
SWIDTH 722 0
DWIDTH 13 0
BBX 10 18 2 0
BITMAP
3000
3800
1C00
0C00
0000
E1C0
E1C0
F1C0
F1C0
D9C0
DDC0
CDC0
CFC0
C6C0
C7C0
C3C0
C3C0
C1C0
ENDCHAR
STARTCHAR uni01F9
ENCODING 505
SWIDTH 667 0
DWIDTH 12 0
BBX 9 17 1 0
BITMAP
1000
3000
3800
1C00
0E00
0000
0000
EF00
FF80
F380
E180
E180
E180
E180
E180
E180
E180
ENDCHAR
STARTCHAR Aringacute
ENCODING 506
SWIDTH 722 0
DWIDTH 13 0
BBX 13 18 0 0
BITMAP
0038
00C0
0000
00C0
0120
0120
03E0
03E0
07E0
06E0
0EE0
0CE0
1CE0
1FE0
3FF0
7070
7070
E070
ENDCHAR
STARTCHAR aringacute
ENCODING 507
SWIDTH 556 0
DWIDTH 10 0
BBX 11 17 0 0
BITMAP
00E0
0300
0600
0900
0900
0600
0000
1F00
3F80
7380
0380
3F80
FF80
E380
E700
FBC0
73C0
ENDCHAR
STARTCHAR AEacute
ENCODING 508
SWIDTH 1000 0
DWIDTH 18 0
BBX 19 15 -1 0
BITMAP
000380
000C00
000000
01FFE0
01FFE0
03B800
077000
077000
0E7F80
1C7F80
1FF000
3FF000
38E000
70FF80
E0FF80
ENDCHAR
STARTCHAR aeacute
ENCODING 509
SWIDTH 889 0
DWIDTH 16 0
BBX 15 14 0 0
BITMAP
0038
0060
00C0
0000
1EF8
3FFC
738E
038E
3FFE
FFFE
E700
E71C
FFF8
79F0
ENDCHAR
STARTCHAR Oslashacute
ENCODING 510
SWIDTH 778 0
DWIDTH 14 0
BBX 14 15 0 0
BITMAP
0070
0180
0000
07C8
1FF0
3C70
38F8
70B8
7138
7238
7638
7C70
38E0
3FE0
5F80
ENDCHAR
STARTCHAR oslashacute
ENCODING 511
SWIDTH 611 0
DWIDTH 11 0
BBX 10 14 0 0
BITMAP
01C0
0300
0600
0000
1FC0
3F80
73C0
E3C0
E5C0
E9C0
F9C0
F380
7F00
FE00
ENDCHAR
STARTCHAR Scommaaccent
ENCODING 536
SWIDTH 667 0
DWIDTH 12 0
BBX 12 17 0 -5
BITMAP
0FC0
1FE0
3870
3840
3C00
1F80
07C0
00E0
E0E0
E0E0
7FC0
3F80
0000
1C00
1C00
0800
1800
ENDCHAR
STARTCHAR scommaaccent
ENCODING 537
SWIDTH 556 0
DWIDTH 10 0
BBX 9 15 0 -5
BITMAP
1F00
7F80
7180
7800
3E00
1F00
0700
C700
FF00
7C00
0000
3800
3800
1000
3000
ENDCHAR
STARTCHAR uni021A
ENCODING 538
SWIDTH 611 0
DWIDTH 11 0
BBX 11 17 1 -5
BITMAP
FFE0
FFE0
0E00
1C00
1C00
1C00
1C00
1C00
1C00
3800
3800
3800
0000
3800
3800
1000
3000
ENDCHAR
STARTCHAR uni021B
ENCODING 539
SWIDTH 333 0
DWIDTH 6 0
BBX 6 17 0 -5
BITMAP
18
38
FC
FC
70
70
70
70
70
E0
F8
78
00
70
70
20
60
ENDCHAR
STARTCHAR uni0251
ENCODING 593
SWIDTH 667 0
DWIDTH 12 0
BBX 10 10 1 0
BITMAP
3D80
7F80
E380
E180
E180
E180
E180
E380
7FC0
3DC0
ENDCHAR
STARTCHAR uni0261
ENCODING 609
SWIDTH 667 0
DWIDTH 12 0
BBX 9 14 1 -4
BITMAP
3D80
7F80
E380
E180
E180
E180
E180
F780
7F80
3980
0380
4380
7F00
7E00
ENDCHAR
STARTCHAR uni02BB
ENCODING 699
SWIDTH 333 0
DWIDTH 6 0
BBX 3 7 1 7
BITMAP
20
60
C0
C0
E0
E0
40
ENDCHAR
STARTCHAR circumflex
ENCODING 710
SWIDTH 333 0
DWIDTH 6 0
BBX 7 3 1 10
BITMAP
1C
7C
C6
ENDCHAR
STARTCHAR caron
ENCODING 711
SWIDTH 333 0
DWIDTH 6 0
BBX 6 3 1 10
BITMAP
CC
78
70
ENDCHAR
STARTCHAR uni02C9
ENCODING 713
SWIDTH 333 0
DWIDTH 6 0
BBX 5 2 1 11
BITMAP
F8
F8
ENDCHAR
STARTCHAR uni02CA
ENCODING 714
SWIDTH 611 0
DWIDTH 11 0
BBX 7 7 2 8
BITMAP
06
0E
1C
78
F0
E0
40
ENDCHAR
STARTCHAR uni02CB
ENCODING 715
SWIDTH 611 0
DWIDTH 11 0
BBX 7 7 2 8
BITMAP
40
E0
70
38
1C
0E
04
ENDCHAR
STARTCHAR breve
ENCODING 728
SWIDTH 333 0
DWIDTH 6 0
BBX 6 3 1 10
BITMAP
CC
F8
78
ENDCHAR
STARTCHAR dotaccent
ENCODING 729
SWIDTH 333 0
DWIDTH 6 0
BBX 3 2 3 11
BITMAP
E0
E0
ENDCHAR
STARTCHAR ring
ENCODING 730
SWIDTH 333 0
DWIDTH 6 0
BBX 4 4 2 10
BITMAP
60
90
90
60
ENDCHAR
STARTCHAR ogonek
ENCODING 731
SWIDTH 333 0
DWIDTH 6 0
BBX 3 4 1 -4
BITMAP
60
C0
E0
E0
ENDCHAR
STARTCHAR tilde
ENCODING 732
SWIDTH 333 0
DWIDTH 6 0
BBX 7 3 1 10
BITMAP
72
FE
9C
ENDCHAR
STARTCHAR hungarumlaut
ENCODING 733
SWIDTH 333 0
DWIDTH 6 0
BBX 9 3 1 10
BITMAP
3B80
6600
CC00
ENDCHAR
STARTCHAR uni02EA
ENCODING 746
SWIDTH 611 0
DWIDTH 11 0
BBX 6 9 3 6
BITMAP
C0
C0
C0
C0
C0
C0
C0
FC
FC
ENDCHAR
STARTCHAR uni02EB
ENCODING 747
SWIDTH 611 0
DWIDTH 11 0
BBX 6 9 3 6
BITMAP
C0
C0
C0
FC
FC
C0
C0
C0
C0
ENDCHAR
STARTCHAR uni0300
ENCODING 768
SWIDTH 0 0
DWIDTH 0 0
BBX 7 7 2 6
BITMAP
40
E0
70
38
1C
0E
04
ENDCHAR
STARTCHAR uni0301
ENCODING 769
SWIDTH 0 0
DWIDTH 0 0
BBX 7 8 2 6
BITMAP
04
06
0C
38
70
F0
E0
40
ENDCHAR
STARTCHAR uni0304
ENCODING 772
SWIDTH 0 0
DWIDTH 0 0
BBX 6 2 -3 12
BITMAP
FC
FC
ENDCHAR
STARTCHAR uni0307
ENCODING 775
SWIDTH 0 0
DWIDTH 0 0
BBX 3 3 4 12
BITMAP
E0
E0
E0
ENDCHAR
STARTCHAR uni030C
ENCODING 780
SWIDTH 0 0
DWIDTH 0 0
BBX 11 8 0 5
BITMAP
E1E0
71C0
3B80
1B00
1F00
0E00
0400
0400
ENDCHAR
STARTCHAR semicolon
ENCODING 894
SWIDTH 333 0
DWIDTH 6 0
BBX 6 13 -1 -3
BITMAP
38
38
38
00
00
00
00
70
70
70
30
20
40
ENDCHAR
STARTCHAR tonos
ENCODING 900
SWIDTH 333 0
DWIDTH 6 0
BBX 3 3 1 10
BITMAP
60
C0
80
ENDCHAR
STARTCHAR dieresistonos
ENCODING 901
SWIDTH 333 0
DWIDTH 6 0
BBX 6 4 0 10
BITMAP
18
10
FC
EC
ENDCHAR
STARTCHAR Alphatonos
ENCODING 902
SWIDTH 722 0
DWIDTH 13 0
BBX 12 12 0 0
BITMAP
1BE0
33E0
27E0
06E0
0EE0
0CE0
1CE0
1FE0
3FF0
7070
7070
E070
ENDCHAR
STARTCHAR anoteleia
ENCODING 903
SWIDTH 333 0
DWIDTH 6 0
BBX 3 3 2 5
BITMAP
E0
E0
E0
ENDCHAR
STARTCHAR Epsilontonos
ENCODING 904
SWIDTH 833 0
DWIDTH 15 0
BBX 14 12 1 0
BITMAP
6FFC
CFFC
8E00
1C00
1C00
1FF0
1FF0
1C00
1C00
3800
3FF0
3FF0
ENDCHAR
STARTCHAR Etatonos
ENCODING 905
SWIDTH 889 0
DWIDTH 16 0
BBX 15 12 1 0
BITMAP
6E0E
CE0E
8E0E
1C1C
1C1C
1FFC
1FFC
1C1C
1C1C
3838
3838
3838
ENDCHAR
STARTCHAR Iotatonos
ENCODING 906
SWIDTH 500 0
DWIDTH 9 0
BBX 7 12 2 0
BITMAP
6E
CE
8E
1C
1C
1C
1C
1C
1C
38
38
38
ENDCHAR
STARTCHAR Omicrontonos
ENCODING 908
SWIDTH 833 0
DWIDTH 15 0
BBX 13 12 1 0
BITMAP
67C0
DFF0
BC78
3838
7038
7038
7038
7038
7070
38F0
3FE0
0F80
ENDCHAR
STARTCHAR Upsilontonos
ENCODING 910
SWIDTH 944 0
DWIDTH 17 0
BBX 16 12 2 0
BITMAP
6E07
C70E
871C
0738
03F0
03E0
01C0
01C0
01C0
0380
0380
0380
ENDCHAR
STARTCHAR Omegatonos
ENCODING 911
SWIDTH 833 0
DWIDTH 15 0
BBX 14 12 0 0
BITMAP
63E0
CFF8
9E3C
3C1C
381C
381C
381C
3838
1C70
0EE0
FCF8
FCF8
ENDCHAR
STARTCHAR iotadieresistonos
ENCODING 912
SWIDTH 278 0
DWIDTH 5 0
BBX 7 15 0 0
BITMAP
0C
08
7E
76
00
70
70
70
70
70
70
70
E0
E0
E0
ENDCHAR
STARTCHAR Alpha
ENCODING 913
SWIDTH 722 0
DWIDTH 13 0
BBX 12 12 0 0
BITMAP
03E0
03E0
07E0
06E0
0EE0
0CE0
1CE0
1FE0
3FF0
7070
7070
E070
ENDCHAR
STARTCHAR Beta
ENCODING 914
SWIDTH 722 0
DWIDTH 13 0
BBX 12 12 0 0
BITMAP
3FC0
3FF0
3870
7070
7070
7FE0
7FE0
7070
7070
E070
FFE0
FFC0
ENDCHAR
STARTCHAR Gamma
ENCODING 915
SWIDTH 611 0
DWIDTH 11 0
BBX 12 12 0 0
BITMAP
3FF0
3FF0
3800
7000
7000
7000
7000
7000
7000
E000
E000
E000
ENDCHAR
STARTCHAR Delta
ENCODING 916
SWIDTH 667 0
DWIDTH 12 0
BBX 12 12 -1 0
BITMAP
03C0
07E0
07E0
0EE0
0EE0
1CE0
18E0
3870
7070
7070
FFF0
FFF0
ENDCHAR
STARTCHAR Epsilon
ENCODING 917
SWIDTH 667 0
DWIDTH 12 0
BBX 12 12 0 0
BITMAP
3FF0
3FF0
3800
7000
7000
7FC0
7FC0
7000
7000
E000
FFC0
FFC0
ENDCHAR
STARTCHAR Zeta
ENCODING 918
SWIDTH 611 0
DWIDTH 11 0
BBX 11 12 0 0
BITMAP
3FE0
3FE0
01C0
0380
0700
0F00
1E00
1C00
3800
7000
FF80
FF80
ENDCHAR
STARTCHAR Eta
ENCODING 919
SWIDTH 722 0
DWIDTH 13 0
BBX 13 12 0 0
BITMAP
3838
3838
3838
7070
7070
7FF0
7FF0
7070
7070
E0E0
E0E0
E0E0
ENDCHAR
STARTCHAR Theta
ENCODING 920
SWIDTH 778 0
DWIDTH 14 0
BBX 12 12 1 0
BITMAP
0F80
3FE0
78F0
7070
E070
EF70
EF70
E070
E0E0
71E0
7FC0
1F00
ENDCHAR
STARTCHAR Iota
ENCODING 921
SWIDTH 278 0
DWIDTH 5 0
BBX 5 12 0 0
BITMAP
38
38
38
70
70
70
70
70
70
E0
E0
E0
ENDCHAR
STARTCHAR Kappa
ENCODING 922
SWIDTH 722 0
DWIDTH 13 0
BBX 14 12 0 0
BITMAP
3838
3870
38E0
73C0
7700
7F00
7F00
7380
71C0
E1C0
E0E0
E070
ENDCHAR
STARTCHAR Lambda
ENCODING 923
SWIDTH 667 0
DWIDTH 12 0
BBX 12 12 -1 0
BITMAP
00E0
01E0
0360
0360
0660
0E60
0C60
1C70
3870
3070
7070
E070
ENDCHAR
STARTCHAR Mu
ENCODING 924
SWIDTH 833 0
DWIDTH 15 0
BBX 15 12 0 0
BITMAP
3C1E
3C3E
342E
767C
767C
76DC
76DC
769C
779C
E738
E738
E738
ENDCHAR
STARTCHAR Nu
ENCODING 925
SWIDTH 722 0
DWIDTH 13 0
BBX 13 12 0 0
BITMAP
3C38
3C38
3C38
7670
7670
7670
7370
7370
7370
E1E0
E1E0
E1E0
ENDCHAR
STARTCHAR Xi
ENCODING 926
SWIDTH 667 0
DWIDTH 12 0
BBX 12 12 0 0
BITMAP
3FF0
3FF0
0000
0000
0000
3FC0
3FC0
0000
0000
0000
FFC0
FFC0
ENDCHAR
STARTCHAR Omicron
ENCODING 927
SWIDTH 778 0
DWIDTH 14 0
BBX 12 12 1 0
BITMAP
0F80
3FE0
78F0
7070
E070
E070
E070
E070
E0E0
71E0
7FC0
1F00
ENDCHAR
STARTCHAR Pi
ENCODING 928
SWIDTH 722 0
DWIDTH 13 0
BBX 13 12 0 0
BITMAP
3FF8
3FF8
3838
7070
7070
7070
7070
7070
7070
E0E0
E0E0
E0E0
ENDCHAR
STARTCHAR Rho
ENCODING 929
SWIDTH 667 0
DWIDTH 12 0
BBX 12 12 0 0
BITMAP
3FC0
3FE0
3870
7070
7070
70F0
7FE0
7FC0
7000
E000
E000
E000
ENDCHAR
STARTCHAR Sigma
ENCODING 931
SWIDTH 611 0
DWIDTH 11 0
BBX 11 12 0 0
BITMAP
3FE0
3FE0
3800
1C00
0E00
0E00
1E00
1C00
3800
7000
FF80
FF80
ENDCHAR
STARTCHAR Tau
ENCODING 932
SWIDTH 611 0
DWIDTH 11 0
BBX 11 12 1 0
BITMAP
FFE0
FFE0
0E00
1C00
1C00
1C00
1C00
1C00
1C00
3800
3800
3800
ENDCHAR
STARTCHAR Upsilon
ENCODING 933
SWIDTH 667 0
DWIDTH 12 0
BBX 12 12 1 0
BITMAP
E070
70E0
71C0
7380
3F00
3E00
1C00
1C00
1C00
3800
3800
3800
ENDCHAR
STARTCHAR Phi
ENCODING 934
SWIDTH 833 0
DWIDTH 15 0
BBX 13 12 1 0
BITMAP
0380
1FE0
7FF0
7738
E738
E738
E738
E770
7FF0
3FC0
0E00
0E00
ENDCHAR
STARTCHAR Chi
ENCODING 935
SWIDTH 722 0
DWIDTH 13 0
BBX 15 12 -1 0
BITMAP
1C0E
0E1C
0E38
0770
03E0
03C0
03C0
07C0
0CE0
1870
3070
6038
ENDCHAR
STARTCHAR Psi
ENCODING 936
SWIDTH 833 0
DWIDTH 15 0
BBX 14 12 1 0
BITMAP
739C
739C
739C
E738
E738
F738
7FF0
3FE0
0700
0E00
0E00
0E00
ENDCHAR
STARTCHAR Omega
ENCODING 937
SWIDTH 778 0
DWIDTH 14 0
BBX 14 12 -1 0
BITMAP
03E0
0FF8
1E3C
3C1C
381C
381C
381C
3838
1C70
0EE0
FCF8
FCF8
ENDCHAR
STARTCHAR Iotadieresis
ENCODING 938
SWIDTH 278 0
DWIDTH 5 0
BBX 7 15 0 0
BITMAP
66
66
00
38
38
38
70
70
70
70
70
70
E0
E0
E0
ENDCHAR
STARTCHAR Upsilondieresis
ENCODING 939
SWIDTH 667 0
DWIDTH 12 0
BBX 12 15 1 0
BITMAP
1980
1980
0000
E070
70E0
71C0
7380
3F00
3E00
1C00
1C00
1C00
3800
3800
3800
ENDCHAR
STARTCHAR alphatonos
ENCODING 940
SWIDTH 611 0
DWIDTH 11 0
BBX 11 14 0 0
BITMAP
0300
0600
0400
0000
1E60
7FE0
73C0
E3C0
E380
E380
E780
E780
FF80
7B80
ENDCHAR
STARTCHAR epsilontonos
ENCODING 941
SWIDTH 500 0
DWIDTH 9 0
BBX 9 14 0 0
BITMAP
0300
0600
0400
0000
3F00
7F80
7100
7000
3E00
7E00
E000
E200
FF00
7C00
ENDCHAR
STARTCHAR etatonos
ENCODING 942
SWIDTH 611 0
DWIDTH 11 0
BBX 10 18 0 -4
BITMAP
0180
0300
0200
0000
7380
7FC0
79C0
71C0
71C0
71C0
71C0
E380
E380
E380
0380
0380
0380
0700
ENDCHAR
STARTCHAR iotatonos
ENCODING 943
SWIDTH 278 0
DWIDTH 5 0
BBX 6 14 0 0
BITMAP
0C
18
10
00
70
70
70
70
70
70
70
E0
E0
E0
ENDCHAR
STARTCHAR upsilondieresistonos
ENCODING 944
SWIDTH 611 0
DWIDTH 11 0
BBX 9 15 1 0
BITMAP
0600
0400
3F00
3B00
0000
E380
E380
E380
E380
E380
E380
E300
E700
FE00
7C00
ENDCHAR
STARTCHAR alpha
ENCODING 945
SWIDTH 611 0
DWIDTH 11 0
BBX 11 10 0 0
BITMAP
1E60
7FE0
73C0
E3C0
E380
E380
E780
E780
FF80
7B80
ENDCHAR
STARTCHAR beta
ENCODING 946
SWIDTH 611 0
DWIDTH 11 0
BBX 11 17 -1 -4
BITMAP
07C0
0FE0
1CE0
1CE0
39E0
3BC0
3BC0
38E0
38E0
38E0
79E0
7FC0
7780
7000
7000
7000
E000
ENDCHAR
STARTCHAR gamma
ENCODING 947
SWIDTH 556 0
DWIDTH 10 0
BBX 9 14 1 -4
BITMAP
E380
E300
E700
E700
6600
6E00
6E00
6C00
7C00
7800
7800
7800
7800
7000
ENDCHAR
STARTCHAR delta
ENCODING 948
SWIDTH 611 0
DWIDTH 11 0
BBX 11 13 0 0
BITMAP
1FE0
1FE0
0C00
0600
1F00
3B80
71C0
E1C0
E1C0
E1C0
F380
7F80
3E00
ENDCHAR
STARTCHAR epsilon
ENCODING 949
SWIDTH 500 0
DWIDTH 9 0
BBX 9 10 0 0
BITMAP
3F00
7F80
7100
7000
3E00
7E00
E000
E200
FF00
7C00
ENDCHAR
STARTCHAR zeta
ENCODING 950
SWIDTH 500 0
DWIDTH 9 0
BBX 10 17 0 -4
BITMAP
1FC0
1FC0
0180
0700
0E00
1C00
3800
7000
6000
E000
E000
F800
7E00
1F00
0700
0600
0600
ENDCHAR
STARTCHAR eta
ENCODING 951
SWIDTH 611 0
DWIDTH 11 0
BBX 10 14 0 -4
BITMAP
7380
7FC0
79C0
71C0
71C0
71C0
71C0
E380
E380
E380
0380
0380
0380
0700
ENDCHAR
STARTCHAR theta
ENCODING 952
SWIDTH 556 0
DWIDTH 10 0
BBX 9 13 0 0
BITMAP
0F00
3F80
3380
7380
7380
FF80
FF80
E780
E700
E700
E600
7E00
7800
ENDCHAR
STARTCHAR iota
ENCODING 953
SWIDTH 278 0
DWIDTH 5 0
BBX 5 10 0 0
BITMAP
70
70
70
70
70
70
70
E0
E0
E0
ENDCHAR
STARTCHAR kappa
ENCODING 954
SWIDTH 556 0
DWIDTH 10 0
BBX 11 10 0 0
BITMAP
70E0
71C0
7380
7700
7E00
7E00
7E00
E700
E700
E380
ENDCHAR
STARTCHAR lambda
ENCODING 955
SWIDTH 556 0
DWIDTH 10 0
BBX 10 13 -1 0
BITMAP
1E00
0F00
0700
0380
0380
0780
0780
0F80
1980
3980
31C0
71C0
E1C0
ENDCHAR
STARTCHAR mu
ENCODING 956
SWIDTH 611 0
DWIDTH 11 0
BBX 12 14 -1 -4
BITMAP
38E0
38E0
38E0
38E0
38E0
38E0
39E0
79C0
7FC0
7DC0
7000
7000
7000
E000
ENDCHAR
STARTCHAR nu
ENCODING 957
SWIDTH 500 0
DWIDTH 9 0
BBX 8 10 0 0
BITMAP
E7
E7
E7
E7
E6
EE
7C
7C
78
78
ENDCHAR
STARTCHAR xi
ENCODING 958
SWIDTH 444 0
DWIDTH 8 0
BBX 9 17 0 -4
BITMAP
3F80
3F80
1C00
3800
3800
1E00
1E00
7800
6000
E000
E000
F000
7C00
1E00
0E00
0C00
0C00
ENDCHAR
STARTCHAR omicron
ENCODING 959
SWIDTH 611 0
DWIDTH 11 0
BBX 10 10 0 0
BITMAP
1F00
3F80
71C0
E1C0
E1C0
E1C0
E1C0
E380
7F00
3E00
ENDCHAR
STARTCHAR pi
ENCODING 960
SWIDTH 722 0
DWIDTH 13 0
BBX 13 10 0 0
BITMAP
FFF8
FFF0
39C0
39C0
39C0
39C0
71C0
7380
F3E0
E1E0
ENDCHAR
STARTCHAR rho
ENCODING 961
SWIDTH 611 0
DWIDTH 11 0
BBX 11 14 -1 -4
BITMAP
0F80
1FC0
1CE0
38E0
38E0
38E0
38E0
79C0
7FC0
7780
7000
7000
7000
E000
ENDCHAR
STARTCHAR sigma1
ENCODING 962
SWIDTH 556 0
DWIDTH 10 0
BBX 9 14 0 -4
BITMAP
0F00
3F80
3900
7000
6000
E000
E000
E000
FC00
7E00
0F00
0700
0600
0600
ENDCHAR
STARTCHAR sigma
ENCODING 963
SWIDTH 667 0
DWIDTH 12 0
BBX 12 10 0 0
BITMAP
0FF0
3FF0
71C0
71C0
E1C0
E1C0
E1C0
E380
7F00
3E00
ENDCHAR
STARTCHAR tau
ENCODING 964
SWIDTH 389 0
DWIDTH 7 0
BBX 7 10 0 0
BITMAP
FE
FE
38
38
38
38
38
70
7C
3C
ENDCHAR
STARTCHAR upsilon
ENCODING 965
SWIDTH 611 0
DWIDTH 11 0
BBX 9 10 1 0
BITMAP
E380
E380
E380
E380
E380
E380
E300
E700
FE00
7C00
ENDCHAR
STARTCHAR phi
ENCODING 966
SWIDTH 722 0
DWIDTH 13 0
BBX 12 14 0 -4
BITMAP
19E0
3BF0
7670
E670
E670
E670
E660
ECE0
7FC0
3F80
0C00
0C00
0C00
1C00
ENDCHAR
STARTCHAR chi
ENCODING 967
SWIDTH 611 0
DWIDTH 11 0
BBX 13 14 -2 -4
BITMAP
1E38
1E30
0760
07C0
07C0
0380
0380
0780
0D80
19C0
19C0
31C0
60E0
E0E0
ENDCHAR
STARTCHAR psi
ENCODING 968
SWIDTH 778 0
DWIDTH 14 0
BBX 14 16 0 -4
BITMAP
0380
0380
E738
E738
E738
E738
E738
E738
E770
EE70
FFE0
7FC0
0E00
0E00
0E00
1C00
ENDCHAR
STARTCHAR omega
ENCODING 969
SWIDTH 833 0
DWIDTH 15 0
BBX 14 10 0 0
BITMAP
0C30
3C38
783C
739C
E31C
E31C
E71C
E738
7DF8
78E0
ENDCHAR
STARTCHAR iotadieresis
ENCODING 970
SWIDTH 278 0
DWIDTH 5 0
BBX 7 13 0 0
BITMAP
66
66
00
70
70
70
70
70
70
70
E0
E0
E0
ENDCHAR
STARTCHAR upsilondieresis
ENCODING 971
SWIDTH 611 0
DWIDTH 11 0
BBX 9 13 1 0
BITMAP
1980
1980
0000
E380
E380
E380
E380
E380
E380
E300
E700
FE00
7C00
ENDCHAR
STARTCHAR omicrontonos
ENCODING 972
SWIDTH 611 0
DWIDTH 11 0
BBX 10 14 0 0
BITMAP
0180
0300
0200
0000
1F00
3F80
71C0
E1C0
E1C0
E1C0
E1C0
E380
7F00
3E00
ENDCHAR
STARTCHAR upsilontonos
ENCODING 973
SWIDTH 611 0
DWIDTH 11 0
BBX 9 14 1 0
BITMAP
0300
0600
0400
0000
E380
E380
E380
E380
E380
E380
E300
E700
FE00
7C00
ENDCHAR
STARTCHAR omegatonos
ENCODING 974
SWIDTH 833 0
DWIDTH 15 0
BBX 14 14 0 0
BITMAP
0060
00C0
0080
0000
0C30
3C38
783C
739C
E31C
E31C
E71C
E738
7DF8
78E0
ENDCHAR
STARTCHAR afii10023
ENCODING 1025
SWIDTH 667 0
DWIDTH 12 0
BBX 12 15 0 0
BITMAP
0660
0660
0000
3FF0
3FF0
3800
7000
7000
7FC0
7FC0
7000
7000
E000
FFC0
FFC0
ENDCHAR
STARTCHAR afii10051
ENCODING 1026
SWIDTH 889 0
DWIDTH 16 0
BBX 14 12 1 0
BITMAP
FFE0
FFE0
0E00
1C00
1DF8
1FFC
1C1C
1C1C
1C1C
3938
3BF8
39F0
ENDCHAR
STARTCHAR afii10052
ENCODING 1027
SWIDTH 611 0
DWIDTH 11 0
BBX 12 15 0 0
BITMAP
01C0
0600
0000
3FF0
3FF0
3800
7000
7000
7000
7000
7000
7000
E000
E000
E000
ENDCHAR
STARTCHAR afii10053
ENCODING 1028
SWIDTH 722 0
DWIDTH 13 0
BBX 12 12 1 0
BITMAP
0FC0
3FE0
7870
7070
E000
FF00
FF00
E000
E040
71E0
7FC0
1F00
ENDCHAR
STARTCHAR afii10054
ENCODING 1029
SWIDTH 667 0
DWIDTH 12 0
BBX 12 12 0 0
BITMAP
0FC0
1FE0
3870
3840
3C00
1F80
07C0
00E0
E0E0
E0E0
7FC0
3F80
ENDCHAR
STARTCHAR afii10055
ENCODING 1030
SWIDTH 278 0
DWIDTH 5 0
BBX 5 12 0 0
BITMAP
38
38
38
70
70
70
70
70
70
E0
E0
E0
ENDCHAR
STARTCHAR afii10056
ENCODING 1031
SWIDTH 278 0
DWIDTH 5 0
BBX 7 15 0 0
BITMAP
66
66
00
38
38
38
70
70
70
70
70
70
E0
E0
E0
ENDCHAR
STARTCHAR afii10057
ENCODING 1032
SWIDTH 556 0
DWIDTH 10 0
BBX 10 12 0 0
BITMAP
0FC0
0FC0
01C0
0380
0380
0380
0380
0380
C380
E700
7F00
3E00
ENDCHAR
STARTCHAR afii10058
ENCODING 1033
SWIDTH 1111 0
DWIDTH 20 0
BBX 20 12 -1 0
BITMAP
07F800
07F800
0E3800
0E7000
0E7000
1C7FC0
1C7FE0
1C7070
387070
38E0F0
F0FFE0
E0FFC0
ENDCHAR
STARTCHAR afii10059
ENCODING 1034
SWIDTH 1056 0
DWIDTH 19 0
BBX 18 12 0 0
BITMAP
383800
383800
383800
707000
707000
7FFF80
7FFFC0
7071C0
7071C0
E0E1C0
E0FF80
E0FF00
ENDCHAR
STARTCHAR afii10060
ENCODING 1035
SWIDTH 833 0
DWIDTH 15 0
BBX 13 12 1 0
BITMAP
FFE0
FFE0
0E00
1C00
1DF0
1FF8
1C38
1C38
1C38
3838
3870
3870
ENDCHAR
STARTCHAR afii10061
ENCODING 1036
SWIDTH 611 0
DWIDTH 11 0
BBX 12 15 0 0
BITMAP
00E0
0300
0000
3870
38E0
39C0
7380
7700
7E00
7F00
7700
7300
E380
E380
E1C0
ENDCHAR
STARTCHAR afii10062
ENCODING 1038
SWIDTH 667 0
DWIDTH 12 0
BBX 13 16 0 0
BITMAP
0C60
0FC0
0780
0000
3838
3870
1C60
1CC0
1DC0
0D80
0F00
0F00
0E00
1C00
F800
F000
ENDCHAR
STARTCHAR afii10145
ENCODING 1039
SWIDTH 722 0
DWIDTH 13 0
BBX 13 16 0 -4
BITMAP
3838
3838
3838
7070
7070
7070
7070
7070
7070
E0E0
FFE0
FFE0
0E00
0E00
0E00
1C00
ENDCHAR
STARTCHAR afii10017
ENCODING 1040
SWIDTH 722 0
DWIDTH 13 0
BBX 12 12 0 0
BITMAP
03E0
03E0
07E0
06E0
0EE0
0CE0
1CE0
1FE0
3FF0
7070
7070
E070
ENDCHAR
STARTCHAR afii10018
ENCODING 1041
SWIDTH 722 0
DWIDTH 13 0
BBX 12 12 0 0
BITMAP
3FF0
3FF0
3800
7000
7000
7FC0
7FE0
7070
7070
E0F0
FFE0
FFC0
ENDCHAR
STARTCHAR afii10019
ENCODING 1042
SWIDTH 722 0
DWIDTH 13 0
BBX 12 12 0 0
BITMAP
3FC0
3FF0
3870
7070
7070
7FE0
7FE0
7070
7070
E070
FFE0
FFC0
ENDCHAR
STARTCHAR afii10020
ENCODING 1043
SWIDTH 611 0
DWIDTH 11 0
BBX 12 12 0 0
BITMAP
3FF0
3FF0
3800
7000
7000
7000
7000
7000
7000
E000
E000
E000
ENDCHAR
STARTCHAR afii10021
ENCODING 1044
SWIDTH 722 0
DWIDTH 13 0
BBX 13 16 -1 -4
BITMAP
03F8
03F8
07B8
0770
0770
0670
0E70
0E70
1C70
1CE0
7FF8
7FF8
6038
E030
C030
C030
ENDCHAR
STARTCHAR afii10022
ENCODING 1045
SWIDTH 667 0
DWIDTH 12 0
BBX 12 12 0 0
BITMAP
3FF0
3FF0
3800
7000
7000
7FC0
7FC0
7000
7000
E000
FFC0
FFC0
ENDCHAR
STARTCHAR afii10024
ENCODING 1046
SWIDTH 889 0
DWIDTH 16 0
BBX 19 12 -1 0
BITMAP
1C70E0
0C71C0
0E7380
0EE700
06EE00
07FC00
07FE00
0EEE00
1CEF00
39C700
71C700
E1C380
ENDCHAR
STARTCHAR afii10025
ENCODING 1047
SWIDTH 667 0
DWIDTH 12 0
BBX 12 12 0 0
BITMAP
07C0
1FF0
3870
1070
00F0
07C0
07C0
00E0
60E0
E1E0
7FC0
3F80
ENDCHAR
STARTCHAR afii10026
ENCODING 1048
SWIDTH 722 0
DWIDTH 13 0
BBX 13 12 0 0
BITMAP
3878
38F8
38F8
71F0
7370
7370
7670
7670
7C70
F8E0
F8E0
F0E0
ENDCHAR
STARTCHAR afii10027
ENCODING 1049
SWIDTH 722 0
DWIDTH 13 0
BBX 13 16 0 0
BITMAP
0630
07E0
03C0
0000
3878
38F8
38F8
71F0
7370
7370
7670
7670
7C70
F8E0
F8E0
F0E0
ENDCHAR
STARTCHAR afii10028
ENCODING 1050
SWIDTH 611 0
DWIDTH 11 0
BBX 12 12 0 0
BITMAP
3870
38E0
39C0
7380
7700
7E00
7F00
7700
7300
E380
E380
E1C0
ENDCHAR
STARTCHAR afii10029
ENCODING 1051
SWIDTH 667 0
DWIDTH 12 0
BBX 13 12 -1 0
BITMAP
07F8
0FF8
0E38
0E70
1C70
1C70
1C70
3870
3870
38E0
F0E0
E0E0
ENDCHAR
STARTCHAR afii10030
ENCODING 1052
SWIDTH 833 0
DWIDTH 15 0
BBX 15 12 0 0
BITMAP
3C1E
3C3E
342E
767C
767C
76DC
76DC
769C
779C
E738
E738
E738
ENDCHAR
STARTCHAR afii10031
ENCODING 1053
SWIDTH 722 0
DWIDTH 13 0
BBX 13 12 0 0
BITMAP
3838
3838
3838
7070
7070
7FF0
7FF0
7070
7070
E0E0
E0E0
E0E0
ENDCHAR
STARTCHAR afii10032
ENCODING 1054
SWIDTH 778 0
DWIDTH 14 0
BBX 12 12 1 0
BITMAP
0F80
3FE0
78F0
7070
E070
E070
E070
E070
E0E0
71E0
7FC0
1F00
ENDCHAR
STARTCHAR afii10033
ENCODING 1055
SWIDTH 722 0
DWIDTH 13 0
BBX 13 12 0 0
BITMAP
3FF8
3FF8
3838
7070
7070
7070
7070
7070
7070
E0E0
E0E0
E0E0
ENDCHAR
STARTCHAR afii10034
ENCODING 1056
SWIDTH 667 0
DWIDTH 12 0
BBX 12 12 0 0
BITMAP
3FC0
3FE0
3870
7070
7070
70F0
7FE0
7FC0
7000
E000
E000
E000
ENDCHAR
STARTCHAR afii10035
ENCODING 1057
SWIDTH 722 0
DWIDTH 13 0
BBX 12 12 1 0
BITMAP
0FC0
3FE0
7870
7070
E000
E000
E000
E000
E040
71E0
7FC0
1F00
ENDCHAR
STARTCHAR afii10036
ENCODING 1058
SWIDTH 611 0
DWIDTH 11 0
BBX 11 12 1 0
BITMAP
FFE0
FFE0
0E00
1C00
1C00
1C00
1C00
1C00
1C00
3800
3800
3800
ENDCHAR
STARTCHAR afii10037
ENCODING 1059
SWIDTH 667 0
DWIDTH 12 0
BBX 13 12 0 0
BITMAP
3838
3870
1C60
1CC0
1DC0
0D80
0F00
0F00
0E00
1C00
F800
F000
ENDCHAR
STARTCHAR afii10038
ENCODING 1060
SWIDTH 778 0
DWIDTH 14 0
BBX 13 12 0 0
BITMAP
0380
1FE0
7FF0
7738
E738
E738
E738
E770
7FF0
3FC0
0E00
0E00
ENDCHAR
STARTCHAR afii10039
ENCODING 1061
SWIDTH 722 0
DWIDTH 13 0
BBX 15 12 -1 0
BITMAP
1C0E
0E1C
0E38
0770
03E0
03C0
03C0
07C0
0CE0
1870
3070
6038
ENDCHAR
STARTCHAR afii10040
ENCODING 1062
SWIDTH 722 0
DWIDTH 13 0
BBX 12 16 0 -4
BITMAP
3870
3870
3870
70E0
70E0
70E0
70E0
70E0
70E0
E1C0
FFF0
FFF0
0070
0060
0060
0060
ENDCHAR
STARTCHAR afii10041
ENCODING 1063
SWIDTH 722 0
DWIDTH 13 0
BBX 12 12 1 0
BITMAP
7070
7070
7070
E0E0
E0E0
F0E0
7FE0
3EE0
00E0
01C0
01C0
01C0
ENDCHAR
STARTCHAR afii10042
ENCODING 1064
SWIDTH 1000 0
DWIDTH 18 0
BBX 17 12 0 0
BITMAP
38E380
38E380
38E380
71C700
71C700
71C700
71C700
71C700
71C700
E38E00
FFFE00
FFFE00
ENDCHAR
STARTCHAR afii10043
ENCODING 1065
SWIDTH 1000 0
DWIDTH 18 0
BBX 17 16 0 -4
BITMAP
38E380
38E380
38E380
71C700
71C700
71C700
71C700
71C700
71C700
E38E00
FFFF80
FFFF80
000380
000300
000300
000300
ENDCHAR
STARTCHAR afii10044
ENCODING 1066
SWIDTH 833 0
DWIDTH 15 0
BBX 13 12 1 0
BITMAP
FE00
FE00
0E00
1C00
1C00
1FE0
1FF8
1C38
1C38
3838
3FF0
3FE0
ENDCHAR
STARTCHAR afii10045
ENCODING 1067
SWIDTH 1000 0
DWIDTH 18 0
BBX 18 12 0 0
BITMAP
3801C0
3801C0
3801C0
700380
700380
7FC380
7FE380
707380
707380
E0F700
FFE700
FFC700
ENDCHAR
STARTCHAR afii10046
ENCODING 1068
SWIDTH 722 0
DWIDTH 13 0
BBX 12 12 0 0
BITMAP
3800
3800
3800
7000
7000
7FC0
7FE0
7070
7070
E0F0
FFE0
FFC0
ENDCHAR
STARTCHAR afii10047
ENCODING 1069
SWIDTH 722 0
DWIDTH 13 0
BBX 12 12 0 0
BITMAP
0FC0
3FE0
70F0
2070
0070
0FF0
0FF0
0070
60E0
E1C0
7FC0
3F00
ENDCHAR
STARTCHAR afii10048
ENCODING 1070
SWIDTH 1056 0
DWIDTH 19 0
BBX 18 12 0 0
BITMAP
383E00
38FF80
39E3C0
71C1C0
7381C0
7F81C0
7F81C0
7381C0
738380
E1C780
E1FF00
E07C00
ENDCHAR
STARTCHAR afii10049
ENCODING 1071
SWIDTH 722 0
DWIDTH 13 0
BBX 13 12 0 0
BITMAP
0FF8
1FF8
3838
3870
3870
1FF0
0FF0
1C70
1C70
38E0
70E0
E0E0
ENDCHAR
STARTCHAR afii10065
ENCODING 1072
SWIDTH 556 0
DWIDTH 10 0
BBX 10 10 0 0
BITMAP
1F00
3F80
7380
0380
3F80
FF80
E380
E700
FBC0
73C0
ENDCHAR
STARTCHAR afii10066
ENCODING 1073
SWIDTH 611 0
DWIDTH 11 0
BBX 11 13 0 0
BITMAP
01E0
1FE0
3E00
7000
6F00
DF80
F1C0
E1C0
E1C0
E1C0
E380
7F80
3E00
ENDCHAR
STARTCHAR afii10067
ENCODING 1074
SWIDTH 611 0
DWIDTH 11 0
BBX 10 10 0 0
BITMAP
1F80
3FC0
79C0
71C0
7F80
7F80
71C0
E1C0
FF80
FF00
ENDCHAR
STARTCHAR afii10068
ENCODING 1075
SWIDTH 556 0
DWIDTH 10 0
BBX 9 10 0 0
BITMAP
1F00
3F80
6380
0780
3F00
F800
E000
E300
FE00
7C00
ENDCHAR
STARTCHAR afii10069
ENCODING 1076
SWIDTH 611 0
DWIDTH 11 0
BBX 10 13 0 0
BITMAP
1E00
1F80
0380
01C0
3DC0
7FC0
73C0
E1C0
E3C0
E380
E380
7F00
3E00
ENDCHAR
STARTCHAR afii10070
ENCODING 1077
SWIDTH 556 0
DWIDTH 10 0
BBX 9 10 0 0
BITMAP
1E00
3F00
7380
E380
FF80
FF80
E000
E700
7E00
3C00
ENDCHAR
STARTCHAR afii10072
ENCODING 1078
SWIDTH 722 0
DWIDTH 13 0
BBX 15 10 -1 0
BITMAP
398E
398C
1D98
1DB8
1FF0
1FF0
39B0
3B30
7338
E338
ENDCHAR
STARTCHAR afii10073
ENCODING 1079
SWIDTH 500 0
DWIDTH 9 0
BBX 8 10 0 0
BITMAP
1E
3F
67
07
3E
3C
0E
CE
FE
7C
ENDCHAR
STARTCHAR afii10074
ENCODING 1080
SWIDTH 611 0
DWIDTH 11 0
BBX 11 10 0 0
BITMAP
71C0
71C0
71C0
71C0
71C0
71C0
73C0
F380
7F80
7B80
ENDCHAR
STARTCHAR afii10075
ENCODING 1081
SWIDTH 611 0
DWIDTH 11 0
BBX 11 14 0 0
BITMAP
18C0
1F80
0F00
0000
71C0
71C0
71C0
71C0
71C0
71C0
73C0
F380
7F80
7B80
ENDCHAR
STARTCHAR afii10076
ENCODING 1082
SWIDTH 500 0
DWIDTH 9 0
BBX 10 10 0 0
BITMAP
71C0
7180
7300
7700
7E00
7E00
7E00
EE00
E700
E700
ENDCHAR
STARTCHAR afii10077
ENCODING 1083
SWIDTH 611 0
DWIDTH 11 0
BBX 12 10 -1 0
BITMAP
0FE0
0FE0
0EE0
1CE0
1CE0
1CE0
38E0
39C0
F1C0
E1C0
ENDCHAR
STARTCHAR afii10078
ENCODING 1084
SWIDTH 722 0
DWIDTH 13 0
BBX 13 10 0 0
BITMAP
7870
78F0
7CB0
7DF0
7DF0
6D70
6F70
EE60
EE60
E6E0
ENDCHAR
STARTCHAR afii10079
ENCODING 1085
SWIDTH 611 0
DWIDTH 11 0
BBX 11 10 0 0
BITMAP
71C0
71C0
71C0
71C0
7FC0
7FC0
71C0
E380
E380
E380
ENDCHAR
STARTCHAR afii10080
ENCODING 1086
SWIDTH 611 0
DWIDTH 11 0
BBX 10 10 0 0
BITMAP
1F00
3F80
71C0
E1C0
E1C0
E1C0
E1C0
E380
7F00
3E00
ENDCHAR
STARTCHAR afii10081
ENCODING 1087
SWIDTH 611 0
DWIDTH 11 0
BBX 11 10 0 0
BITMAP
7FC0
7FC0
71C0
71C0
71C0
71C0
71C0
E380
E380
E380
ENDCHAR
STARTCHAR afii10082
ENCODING 1088
SWIDTH 611 0
DWIDTH 11 0
BBX 11 14 -1 -4
BITMAP
3BC0
3FE0
3CE0
38E0
38E0
38E0
38E0
79C0
7FC0
7780
7000
7000
7000
E000
ENDCHAR
STARTCHAR afii10083
ENCODING 1089
SWIDTH 556 0
DWIDTH 10 0
BBX 10 10 0 0
BITMAP
1F00
3F80
71C0
7180
E000
E000
E100
E380
7F00
3E00
ENDCHAR
STARTCHAR afii10084
ENCODING 1090
SWIDTH 889 0
DWIDTH 16 0
BBX 15 10 0 0
BITMAP
330C
37BE
39E6
31C6
7186
718E
618E
638C
638C
E30C
ENDCHAR
STARTCHAR afii10085
ENCODING 1091
SWIDTH 556 0
DWIDTH 10 0
BBX 12 14 -1 -4
BITMAP
3870
38E0
38E0
39C0
1980
1980
1B00
1B00
1E00
1C00
1C00
3800
F000
E000
ENDCHAR
STARTCHAR afii10086
ENCODING 1092
SWIDTH 889 0
DWIDTH 16 0
BBX 15 17 0 -4
BITMAP
01C0
01C0
01C0
3FBC
7FFE
73CE
E38E
E38E
E38E
E78E
E79C
FFFC
7778
0700
0700
0700
0E00
ENDCHAR
STARTCHAR afii10087
ENCODING 1093
SWIDTH 500 0
DWIDTH 9 0
BBX 11 10 -1 0
BITMAP
38E0
1DC0
1D80
1F00
0E00
0E00
1F00
3700
7700
E380
ENDCHAR
STARTCHAR afii10088
ENCODING 1094
SWIDTH 667 0
DWIDTH 12 0
BBX 11 14 0 -4
BITMAP
71C0
71C0
71C0
71C0
71C0
71C0
73C0
F380
7FE0
7BC0
00C0
00C0
00C0
00C0
ENDCHAR
STARTCHAR afii10089
ENCODING 1095
SWIDTH 611 0
DWIDTH 11 0
BBX 10 10 1 0
BITMAP
E380
E380
E380
E380
E380
FF80
7B80
0700
0700
0700
ENDCHAR
STARTCHAR afii10090
ENCODING 1096
SWIDTH 889 0
DWIDTH 16 0
BBX 17 10 0 0
BITMAP
71C700
71C700
71C700
71C700
71C700
71C700
73CF00
F3CE00
7DFE00
79EE00
ENDCHAR
STARTCHAR afii10091
ENCODING 1097
SWIDTH 944 0
DWIDTH 17 0
BBX 17 14 0 -4
BITMAP
71C700
71C700
71C700
71C700
71C700
71C700
73CF00
F3CE00
7DFF80
79EF80
000380
000300
000300
000300
ENDCHAR
STARTCHAR afii10092
ENCODING 1098
SWIDTH 722 0
DWIDTH 13 0
BBX 12 10 0 0
BITMAP
FC00
FC00
1C00
1C00
1FE0
1FF0
1C70
3870
3FE0
3FC0
ENDCHAR
STARTCHAR afii10093
ENCODING 1099
SWIDTH 833 0
DWIDTH 15 0
BBX 15 10 0 0
BITMAP
701C
701C
701C
701C
7F1C
7F9C
739C
E3B8
FF38
FE38
ENDCHAR
STARTCHAR afii10094
ENCODING 1100
SWIDTH 611 0
DWIDTH 11 0
BBX 10 10 0 0
BITMAP
7000
7000
7000
7000
7F80
7FC0
71C0
E1C0
FF80
FF00
ENDCHAR
STARTCHAR afii10095
ENCODING 1101
SWIDTH 556 0
DWIDTH 10 0
BBX 9 10 0 0
BITMAP
1E00
3F00
7380
0380
1F80
1F80
0380
E700
7E00
3C00
ENDCHAR
STARTCHAR afii10096
ENCODING 1102
SWIDTH 889 0
DWIDTH 16 0
BBX 15 10 0 0
BITMAP
3878
31FC
318E
338E
7F0E
7F0E
670E
630C
63F8
E1F0
ENDCHAR
STARTCHAR afii10097
ENCODING 1103
SWIDTH 611 0
DWIDTH 11 0
BBX 12 10 -1 0
BITMAP
0FE0
3FE0
38E0
38E0
3FE0
1FE0
1CE0
39C0
71C0
E1C0
ENDCHAR
STARTCHAR afii10071
ENCODING 1105
SWIDTH 556 0
DWIDTH 10 0
BBX 9 13 0 0
BITMAP
1980
1980
0000
1E00
3F00
7380
E380
FF80
FF80
E000
E700
7E00
3C00
ENDCHAR
STARTCHAR afii10099
ENCODING 1106
SWIDTH 611 0
DWIDTH 11 0
BBX 10 17 0 -4
BITMAP
3800
7E00
3800
7380
77C0
79C0
71C0
71C0
71C0
71C0
E380
E380
E380
0380
0380
0F00
0E00
ENDCHAR
STARTCHAR afii10100
ENCODING 1107
SWIDTH 444 0
DWIDTH 8 0
BBX 9 14 0 0
BITMAP
0380
0600
0C00
0000
7F00
7F00
7000
7000
7000
7000
7000
E000
E000
E000
ENDCHAR
STARTCHAR afii10101
ENCODING 1108
SWIDTH 556 0
DWIDTH 10 0
BBX 10 10 0 0
BITMAP
1F00
3F80
71C0
7000
FC00
FC00
E000
E380
7F00
3E00
ENDCHAR
STARTCHAR afii10102
ENCODING 1109
SWIDTH 556 0
DWIDTH 10 0
BBX 9 10 0 0
BITMAP
1F00
7F80
7180
7800
3E00
1F00
0700
C700
FF00
7C00
ENDCHAR
STARTCHAR afii10103
ENCODING 1110
SWIDTH 278 0
DWIDTH 5 0
BBX 5 13 0 0
BITMAP
38
38
00
70
70
70
70
70
70
70
E0
E0
E0
ENDCHAR
STARTCHAR afii10104
ENCODING 1111
SWIDTH 278 0
DWIDTH 5 0
BBX 7 13 0 0
BITMAP
66
66
00
70
70
70
70
70
70
70
E0
E0
E0
ENDCHAR
STARTCHAR afii10105
ENCODING 1112
SWIDTH 278 0
DWIDTH 5 0
BBX 7 17 -2 -4
BITMAP
0E
0E
00
1C
1C
1C
1C
1C
1C
1C
38
38
38
38
38
F0
E0
ENDCHAR
STARTCHAR afii10106
ENCODING 1113
SWIDTH 944 0
DWIDTH 17 0
BBX 17 10 -1 0
BITMAP
07F000
0FF000
0E7000
0E7000
1C7F00
1C7F80
387380
38E380
F0FF00
E0FE00
ENDCHAR
STARTCHAR afii10107
ENCODING 1114
SWIDTH 889 0
DWIDTH 16 0
BBX 15 10 0 0
BITMAP
71C0
71C0
71C0
71C0
7FFC
7FFE
71CE
E38E
E3FC
E3F8
ENDCHAR
STARTCHAR afii10108
ENCODING 1115
SWIDTH 611 0
DWIDTH 11 0
BBX 10 13 0 0
BITMAP
3800
7E00
3800
7380
77C0
79C0
71C0
71C0
71C0
71C0
E380
E380
E380
ENDCHAR
STARTCHAR afii10109
ENCODING 1116
SWIDTH 500 0
DWIDTH 9 0
BBX 10 14 0 0
BITMAP
01C0
0300
0600
0000
71C0
7180
7300
7700
7E00
7E00
7E00
EE00
E700
E700
ENDCHAR
STARTCHAR afii10110
ENCODING 1118
SWIDTH 556 0
DWIDTH 10 0
BBX 12 18 -1 -4
BITMAP
0C60
0FC0
0780
0000
3870
38E0
38E0
39C0
1980
1980
1B00
1B00
1E00
1C00
1C00
3800
F000
E000
ENDCHAR
STARTCHAR afii10193
ENCODING 1119
SWIDTH 611 0
DWIDTH 11 0
BBX 11 14 0 -4
BITMAP
71C0
71C0
71C0
71C0
71C0
71C0
73C0
F380
7F80
7B80
0000
0C00
1C00
1800
ENDCHAR
STARTCHAR afii10050
ENCODING 1168
SWIDTH 556 0
DWIDTH 10 0
BBX 11 16 0 0
BITMAP
0060
0060
00E0
00C0
3FC0
3FC0
3800
7000
7000
7000
7000
7000
7000
E000
E000
E000
ENDCHAR
STARTCHAR afii10098
ENCODING 1169
SWIDTH 444 0
DWIDTH 8 0
BBX 9 14 0 0
BITMAP
0180
0180
0380
0300
7F00
7F00
7000
7000
7000
7000
7000
E000
E000
E000
ENDCHAR
STARTCHAR uni1E3E
ENCODING 7742
SWIDTH 833 0
DWIDTH 15 0
BBX 12 18 2 0
BITMAP
0100
0380
0F00
0400
0000
E0F0
E0F0
F0F0
F1B0
F1F0
D9F0
DB70
DB70
CF70
CE70
CE70
C670
C070
ENDCHAR
STARTCHAR uni1E3F
ENCODING 7743
SWIDTH 944 0
DWIDTH 17 0
BBX 15 17 1 0
BITMAP
0040
0060
00F0
01C0
0180
0000
0000
EF3C
FFFE
F3CE
E38E
E38E
E38E
E38E
E38E
E38E
E38E
ENDCHAR
STARTCHAR Wgrave
ENCODING 7808
SWIDTH 944 0
DWIDTH 17 0
BBX 17 15 1 0
BITMAP
01C000
006000
000000
E1C380
E1C700
E3C700
E3CE00
E2CE00
E6CE00
66DC00
7CDC00
7CD800
7CF800
78F000
78F000
ENDCHAR
STARTCHAR wgrave
ENCODING 7809
SWIDTH 778 0
DWIDTH 14 0
BBX 14 14 1 0
BITMAP
0700
0300
0180
0000
E79C
E798
EDB8
EDB0
EDB0
D9F0
D9E0
F1E0
71C0
71C0
ENDCHAR
STARTCHAR Wacute
ENCODING 7810
SWIDTH 944 0
DWIDTH 17 0
BBX 17 15 1 0
BITMAP
003800
00C000
000000
E1C380
E1C700
E3C700
E3CE00
E2CE00
E6CE00
66DC00
7CDC00
7CD800
7CF800
78F000
78F000
ENDCHAR
STARTCHAR wacute
ENCODING 7811
SWIDTH 778 0
DWIDTH 14 0
BBX 14 14 1 0
BITMAP
00E0
0180
0300
0000
E79C
E798
EDB8
EDB0
EDB0
D9F0
D9E0
F1E0
71C0
71C0
ENDCHAR
STARTCHAR Wdieresis
ENCODING 7812
SWIDTH 944 0
DWIDTH 17 0
BBX 17 15 1 0
BITMAP
033000
033000
000000
E1C380
E1C700
E3C700
E3CE00
E2CE00
E6CE00
66DC00
7CDC00
7CD800
7CF800
78F000
78F000
ENDCHAR
STARTCHAR wdieresis
ENCODING 7813
SWIDTH 778 0
DWIDTH 14 0
BBX 14 13 1 0
BITMAP
0660
0660
0000
E79C
E798
EDB8
EDB0
EDB0
D9F0
D9E0
F1E0
71C0
71C0
ENDCHAR
STARTCHAR uni1EA0
ENCODING 7840
SWIDTH 667 0
DWIDTH 12 0
BBX 12 18 0 -5
BITMAP
0F00
0F00
1B00
1B80
1B80
3980
31C0
31C0
7FC0
7FC0
60E0
E0E0
E070
0000
0000
0E00
0E00
0400
ENDCHAR
STARTCHAR uni1EA1
ENCODING 7841
SWIDTH 611 0
DWIDTH 11 0
BBX 8 15 1 -5
BITMAP
7E
FF
47
03
3F
F3
E3
E7
FF
7B
00
00
1C
1C
08
ENDCHAR
STARTCHAR uni1EA2
ENCODING 7842
SWIDTH 667 0
DWIDTH 12 0
BBX 12 18 0 0
BITMAP
0E00
0700
0600
0400
0000
0F00
0F00
1B00
1B80
1B80
3980
31C0
31C0
7FC0
7FC0
60E0
E0E0
E070
ENDCHAR
STARTCHAR uni1EA3
ENCODING 7843
SWIDTH 611 0
DWIDTH 11 0
BBX 8 16 1 0
BITMAP
18
1C
04
0C
00
00
7E
FF
47
03
3F
F3
E3
E7
FF
7B
ENDCHAR
STARTCHAR uni1EA4
ENCODING 7844
SWIDTH 667 0
DWIDTH 12 0
BBX 12 18 0 0
BITMAP
0060
0EC0
1F00
1180
0000
0F00
0F00
1B00
1B80
1B80
3980
31C0
31C0
7FC0
7FC0
60E0
E0E0
E070
ENDCHAR
STARTCHAR uni1EA5
ENCODING 7845
SWIDTH 611 0
DWIDTH 11 0
BBX 10 16 1 0
BITMAP
00C0
0180
1F00
3700
0000
0000
7E00
FF00
4700
0300
3F00
F300
E300
E700
FF00
7B00
ENDCHAR
STARTCHAR uni1EA6
ENCODING 7846
SWIDTH 667 0
DWIDTH 12 0
BBX 12 18 0 0
BITMAP
4000
3E00
1F00
1180
0000
0F00
0F00
1B00
1B80
1B80
3980
31C0
31C0
7FC0
7FC0
60E0
E0E0
E070
ENDCHAR
STARTCHAR uni1EA7
ENCODING 7847
SWIDTH 611 0
DWIDTH 11 0
BBX 9 16 0 0
BITMAP
C000
6000
2F00
1B80
0000
0000
3F00
7F80
2380
0180
1F80
7980
7180
7380
7F80
3D80
ENDCHAR
STARTCHAR uni1EA8
ENCODING 7848
SWIDTH 667 0
DWIDTH 12 0
BBX 12 19 0 0
BITMAP
0080
00E0
0E60
1F80
1100
0000
0F00
0F00
1B00
1B80
1B80
3980
31C0
31C0
7FC0
7FC0
60E0
E0E0
E070
ENDCHAR
STARTCHAR uni1EA9
ENCODING 7849
SWIDTH 611 0
DWIDTH 11 0
BBX 10 17 1 0
BITMAP
0100
0380
00C0
1F80
3700
0000
0000
7E00
FF00
4700
0300
3F00
F300
E300
E700
FF00
7B00
ENDCHAR
STARTCHAR uni1EAA
ENCODING 7850
SWIDTH 667 0
DWIDTH 12 0
BBX 12 20 0 0
BITMAP
0800
1F80
1300
0E00
1F00
1180
0000
0F00
0F00
1B00
1B80
1B80
3980
31C0
31C0
7FC0
7FC0
60E0
E0E0
E070
ENDCHAR
STARTCHAR uni1EAB
ENCODING 7851
SWIDTH 611 0
DWIDTH 11 0
BBX 8 17 1 0
BITMAP
3B
3E
00
1E
37
00
00
7E
FF
47
03
3F
F3
E3
E7
FF
7B
ENDCHAR
STARTCHAR uni1EAC
ENCODING 7852
SWIDTH 667 0
DWIDTH 12 0
BBX 12 22 0 -5
BITMAP
0F00
1B00
3180
0000
0F00
0F00
1B00
1B80
1B80
3980
31C0
31C0
7FC0
7FC0
60E0
E0E0
E070
0000
0000
0E00
0E00
0400
ENDCHAR
STARTCHAR uni1EAD
ENCODING 7853
SWIDTH 611 0
DWIDTH 11 0
BBX 8 20 1 -5
BITMAP
1C
3E
63
21
00
7E
FF
47
03
3F
F3
E3
E7
FF
7B
00
00
1C
1C
08
ENDCHAR
STARTCHAR uni1EAE
ENCODING 7854
SWIDTH 667 0
DWIDTH 12 0
BBX 12 20 0 0
BITMAP
0200
0300
2600
1580
1F00
0E00
0000
0F00
0F00
1B00
1B80
1B80
3980
31C0
31C0
7FC0
7FC0
60E0
E0E0
E070
ENDCHAR
STARTCHAR uni1EAF
ENCODING 7855
SWIDTH 611 0
DWIDTH 11 0
BBX 8 18 1 0
BITMAP
04
06
0C
6B
33
3E
00
00
7E
FF
47
03
3F
F3
E3
E7
FF
7B
ENDCHAR
STARTCHAR uni1EB0
ENCODING 7856
SWIDTH 667 0
DWIDTH 12 0
BBX 12 20 0 0
BITMAP
0800
1C00
2E00
1580
1F00
0E00
0000
0F00
0F00
1B00
1B80
1B80
3980
31C0
31C0
7FC0
7FC0
60E0
E0E0
E070
ENDCHAR
STARTCHAR uni1EB1
ENCODING 7857
SWIDTH 611 0
DWIDTH 11 0
BBX 8 18 1 0
BITMAP
10
38
1C
6B
33
3E
00
00
7E
FF
47
03
3F
F3
E3
E7
FF
7B
ENDCHAR
STARTCHAR uni1EB2
ENCODING 7858
SWIDTH 667 0
DWIDTH 12 0
BBX 12 20 0 0
BITMAP
0C00
0600
2600
1580
1F00
0E00
0000
0F00
0F00
1B00
1B80
1B80
3980
31C0
31C0
7FC0
7FC0
60E0
E0E0
E070
ENDCHAR
STARTCHAR uni1EB3
ENCODING 7859
SWIDTH 611 0
DWIDTH 11 0
BBX 8 18 1 0
BITMAP
18
1C
0C
6B
33
3E
00
00
7E
FF
47
03
3F
F3
E3
E7
FF
7B
ENDCHAR
STARTCHAR uni1EB4
ENCODING 7860
SWIDTH 667 0
DWIDTH 12 0
BBX 12 20 0 0
BITMAP
0900
1F80
1300
1180
1F00
0600
0000
0F00
0F00
1B00
1B80
1B80
3980
31C0
31C0
7FC0
7FC0
60E0
E0E0
E070
ENDCHAR
STARTCHAR uni1EB5
ENCODING 7861
SWIDTH 611 0
DWIDTH 11 0
BBX 8 17 1 0
BITMAP
3B
3E
40
23
3E
00
00
7E
FF
47
03
3F
F3
E3
E7
FF
7B
ENDCHAR
STARTCHAR uni1EB6
ENCODING 7862
SWIDTH 667 0
DWIDTH 12 0
BBX 12 22 0 -5
BITMAP
3180
1F00
0E00
0000
0F00
0F00
1B00
1B80
1B80
3980
31C0
31C0
7FC0
7FC0
60E0
E0E0
E070
0000
0000
0E00
0E00
0400
ENDCHAR
STARTCHAR uni1EB7
ENCODING 7863
SWIDTH 611 0
DWIDTH 11 0
BBX 8 20 1 -5
BITMAP
63
37
3E
00
00
7E
FF
47
03
3F
F3
E3
E7
FF
7B
00
00
1C
1C
08
ENDCHAR
STARTCHAR uni1EB8
ENCODING 7864
SWIDTH 611 0
DWIDTH 11 0
BBX 8 18 2 -5
BITMAP
FF
FF
C0
C0
C0
FE
FE
C0
C0
C0
C0
FF
FF
00
00
18
3C
08
ENDCHAR
STARTCHAR uni1EB9
ENCODING 7865
SWIDTH 556 0
DWIDTH 10 0
BBX 9 15 1 -5
BITMAP
3E00
7F00
E300
C380
FF80
FF80
E000
E000
7F00
3F00
0000
0000
1C00
1C00
0800
ENDCHAR
STARTCHAR uni1EBA
ENCODING 7866
SWIDTH 611 0
DWIDTH 11 0
BBX 8 18 2 0
BITMAP
38
1C
0C
18
00
FF
FF
C0
C0
C0
FE
FE
C0
C0
C0
C0
FF
FF
ENDCHAR
STARTCHAR uni1EBB
ENCODING 7867
SWIDTH 556 0
DWIDTH 10 0
BBX 9 16 1 0
BITMAP
1800
1C00
0C00
1C00
0000
0000
3E00
7F00
E300
C380
FF80
FF80
E000
E000
7F00
3F00
ENDCHAR
STARTCHAR uni1EBC
ENCODING 7868
SWIDTH 611 0
DWIDTH 11 0
BBX 8 17 2 0
BITMAP
73
FF
CE
00
FF
FF
C0
C0
C0
FE
FE
C0
C0
C0
C0
FF
FF
ENDCHAR
STARTCHAR uni1EBD
ENCODING 7869
SWIDTH 556 0
DWIDTH 10 0
BBX 9 15 1 0
BITMAP
3100
7F00
4F00
0000
0000
3E00
7F00
E300
C380
FF80
FF80
E000
E000
7F00
3F00
ENDCHAR
STARTCHAR uni1EBE
ENCODING 7870
SWIDTH 611 0
DWIDTH 11 0
BBX 9 18 2 0
BITMAP
0180
1B00
3C00
6600
0000
FF00
FF00
C000
C000
C000
FE00
FE00
C000
C000
C000
C000
FF00
FF00
ENDCHAR
STARTCHAR uni1EBF
ENCODING 7871
SWIDTH 556 0
DWIDTH 10 0
BBX 10 16 1 0
BITMAP
00C0
0180
3D00
7600
0000
0000
3E00
7F00
E300
C380
FF80
FF80
E000
E000
7F00
3F00
ENDCHAR
STARTCHAR uni1EC0
ENCODING 7872
SWIDTH 611 0
DWIDTH 11 0
BBX 9 18 1 0
BITMAP
C000
6C00
1E00
3300
0000
7F80
7F80
6000
6000
6000
7F00
7F00
6000
6000
6000
6000
7F80
7F80
ENDCHAR
STARTCHAR uni1EC1
ENCODING 7873
SWIDTH 556 0
DWIDTH 10 0
BBX 10 16 0 0
BITMAP
C000
6000
3E00
1B00
0000
0000
1F00
3F80
7180
61C0
7FC0
7FC0
7000
7000
3F80
1F80
ENDCHAR
STARTCHAR uni1EC2
ENCODING 7874
SWIDTH 611 0
DWIDTH 11 0
BBX 9 19 2 0
BITMAP
0200
0380
1980
3E00
6400
0000
FF00
FF00
C000
C000
C000
FE00
FE00
C000
C000
C000
C000
FF00
FF00
ENDCHAR
STARTCHAR uni1EC3
ENCODING 7875
SWIDTH 556 0
DWIDTH 10 0
BBX 9 17 1 0
BITMAP
0200
0380
0080
3D00
7600
0000
0000
3E00
7F00
E300
C380
FF80
FF80
E000
E000
7F00
3F00
ENDCHAR
STARTCHAR uni1EC4
ENCODING 7876
SWIDTH 611 0
DWIDTH 11 0
BBX 8 20 2 0
BITMAP
20
7E
4C
18
3C
66
00
FF
FF
C0
C0
C0
FE
FE
C0
C0
C0
C0
FF
FF
ENDCHAR
STARTCHAR uni1EC5
ENCODING 7877
SWIDTH 556 0
DWIDTH 10 0
BBX 9 17 1 0
BITMAP
3A00
3E00
4000
1C00
7600
0000
0000
3E00
7F00
E300
C380
FF80
FF80
E000
E000
7F00
3F00
ENDCHAR
STARTCHAR uni1EC6
ENCODING 7878
SWIDTH 611 0
DWIDTH 11 0
BBX 8 22 2 -5
BITMAP
3C
6E
42
00
FF
FF
C0
C0
C0
FE
FE
C0
C0
C0
C0
FF
FF
00
00
18
3C
08
ENDCHAR
STARTCHAR uni1EC7
ENCODING 7879
SWIDTH 556 0
DWIDTH 10 0
BBX 9 20 1 -5
BITMAP
1C00
3E00
6300
4100
0000
3E00
7F00
E300
C380
FF80
FF80
E000
E000
7F00
3F00
0000
0000
1C00
1C00
0800
ENDCHAR
STARTCHAR uni1EC8
ENCODING 7880
SWIDTH 333 0
DWIDTH 6 0
BBX 4 18 1 0
BITMAP
E0
70
30
60
00
60
60
60
60
60
60
60
60
60
60
60
60
60
ENDCHAR
STARTCHAR uni1EC9
ENCODING 7881
SWIDTH 278 0
DWIDTH 5 0
BBX 4 16 1 0
BITMAP
E0
E0
30
60
00
00
E0
E0
E0
E0
E0
E0
E0
E0
E0
E0
ENDCHAR
STARTCHAR uni1ECA
ENCODING 7882
SWIDTH 333 0
DWIDTH 6 0
BBX 4 18 1 -5
BITMAP
60
60
60
60
60
60
60
60
60
60
60
60
60
00
00
60
F0
40
ENDCHAR
STARTCHAR uni1ECB
ENCODING 7883
SWIDTH 278 0
DWIDTH 5 0
BBX 3 20 1 -5
BITMAP
40
E0
E0
00
00
E0
E0
E0
E0
E0
E0
E0
E0
E0
E0
00
00
E0
E0
40
ENDCHAR
STARTCHAR uni1ECC
ENCODING 7884
SWIDTH 778 0
DWIDTH 14 0
BBX 12 19 1 -5
BITMAP
0600
3F80
7FC0
70E0
E070
E070
E070
E070
E070
E070
60E0
71E0
3FC0
1F80
0000
0000
0E00
0E00
0400
ENDCHAR
STARTCHAR uni1ECD
ENCODING 7885
SWIDTH 611 0
DWIDTH 11 0
BBX 9 15 1 -5
BITMAP
3E00
7F00
E380
E180
E180
E180
E180
E380
7F00
3E00
0000
0000
1C00
1C00
0800
ENDCHAR
STARTCHAR uni1ECE
ENCODING 7886
SWIDTH 778 0
DWIDTH 14 0
BBX 12 18 1 0
BITMAP
0E00
0700
0300
0600
0600
3F80
7FC0
70E0
E070
E070
E070
E070
E070
E070
60E0
71E0
3FC0
1F80
ENDCHAR
STARTCHAR uni1ECF
ENCODING 7887
SWIDTH 611 0
DWIDTH 11 0
BBX 9 16 1 0
BITMAP
1800
1C00
0600
0C00
0000
0000
3E00
7F00
E380
E180
E180
E180
E180
E380
7F00
3E00
ENDCHAR
STARTCHAR uni1ED0
ENCODING 7888
SWIDTH 778 0
DWIDTH 14 0
BBX 12 18 1 0
BITMAP
0060
06C0
0F00
1980
0600
3F80
7FC0
70E0
E070
E070
E070
E070
E070
E070
60E0
71E0
3FC0
1F80
ENDCHAR
STARTCHAR uni1ED1
ENCODING 7889
SWIDTH 611 0
DWIDTH 11 0
BBX 10 16 1 0
BITMAP
00C0
0180
1F00
3700
0000
0000
3E00
7F00
E380
E180
E180
E180
E180
E380
7F00
3E00
ENDCHAR
STARTCHAR uni1ED2
ENCODING 7890
SWIDTH 778 0
DWIDTH 14 0
BBX 12 18 1 0
BITMAP
6000
3600
0F00
1980
0600
3F80
7FC0
70E0
E070
E070
E070
E070
E070
E070
60E0
71E0
3FC0
1F80
ENDCHAR
STARTCHAR uni1ED3
ENCODING 7891
SWIDTH 611 0
DWIDTH 11 0
BBX 10 16 0 0
BITMAP
C000
6000
2F00
1B80
0000
0000
1F00
3F80
71C0
70C0
70C0
70C0
70C0
71C0
3F80
1F00
ENDCHAR
STARTCHAR uni1ED4
ENCODING 7892
SWIDTH 778 0
DWIDTH 14 0
BBX 12 19 1 0
BITMAP
0080
00E0
0660
0F80
1900
0600
3F80
7FC0
70E0
E070
E070
E070
E070
E070
E070
60E0
71E0
3FC0
1F80
ENDCHAR
STARTCHAR uni1ED5
ENCODING 7893
SWIDTH 611 0
DWIDTH 11 0
BBX 10 17 1 0
BITMAP
0100
0380
00C0
1F80
3700
0000
0000
3E00
7F00
E380
E180
E180
E180
E180
E380
7F00
3E00
ENDCHAR
STARTCHAR uni1ED6
ENCODING 7894
SWIDTH 778 0
DWIDTH 14 0
BBX 12 20 1 0
BITMAP
0800
1F80
1300
0600
0F00
1980
0600
3F80
7FC0
70E0
E070
E070
E070
E070
E070
E070
60E0
71E0
3FC0
1F80
ENDCHAR
STARTCHAR uni1ED7
ENCODING 7895
SWIDTH 611 0
DWIDTH 11 0
BBX 9 17 1 0
BITMAP
3B00
3E00
0000
1E00
3700
0000
0000
3E00
7F00
E380
E180
E180
E180
E180
E380
7F00
3E00
ENDCHAR
STARTCHAR uni1ED8
ENCODING 7896
SWIDTH 778 0
DWIDTH 14 0
BBX 12 22 1 -5
BITMAP
0F00
1B80
1080
0600
3F80
7FC0
70E0
E070
E070
E070
E070
E070
E070
60E0
71E0
3FC0
1F80
0000
0000
0E00
0E00
0400
ENDCHAR
STARTCHAR uni1ED9
ENCODING 7897
SWIDTH 611 0
DWIDTH 11 0
BBX 9 20 1 -5
BITMAP
1E00
3E00
6300
2100
0000
3E00
7F00
E380
E180
E180
E180
E180
E380
7F00
3E00
0000
0000
1C00
1C00
0800
ENDCHAR
STARTCHAR uni1EDA
ENCODING 7898
SWIDTH 778 0
DWIDTH 14 0
BBX 12 18 1 0
BITMAP
0100
0390
0730
0430
0630
3FE0
7FC0
70E0
E070
E070
E070
E070
E070
E070
60E0
70E0
3FC0
1F80
ENDCHAR
STARTCHAR uni1EDB
ENCODING 7899
SWIDTH 611 0
DWIDTH 11 0
BBX 10 17 1 0
BITMAP
0200
0300
0700
0E40
1CC0
00C0
00C0
3F80
7F00
E380
E180
E180
E180
E180
E380
7F00
3E00
ENDCHAR
STARTCHAR uni1EDC
ENCODING 7900
SWIDTH 778 0
DWIDTH 14 0
BBX 12 18 1 0
BITMAP
0800
1C10
0E30
0630
0630
3FE0
7FC0
70E0
E070
E070
E070
E070
E070
E070
60E0
70E0
3FC0
1F80
ENDCHAR
STARTCHAR uni1EDD
ENCODING 7901
SWIDTH 611 0
DWIDTH 11 0
BBX 10 17 1 0
BITMAP
2000
3000
7800
1C40
08C0
00C0
00C0
3F80
7F00
E380
E180
E180
E180
E180
E380
7F00
3E00
ENDCHAR
STARTCHAR uni1EDE
ENCODING 7902
SWIDTH 778 0
DWIDTH 14 0
BBX 12 18 1 0
BITMAP
0E00
0710
0330
0630
0630
3FE0
7FC0
70E0
E070
E070
E070
E070
E070
E070
60E0
70E0
3FC0
1F80
ENDCHAR
STARTCHAR uni1EDF
ENCODING 7903
SWIDTH 611 0
DWIDTH 11 0
BBX 10 16 1 0
BITMAP
1C00
1C00
0640
0CC0
00C0
00C0
3F80
7F00
E380
E180
E180
E180
E180
E380
7F00
3E00
ENDCHAR
STARTCHAR uni1EE0
ENCODING 7904
SWIDTH 778 0
DWIDTH 14 0
BBX 12 17 1 0
BITMAP
3CD0
3FB0
2330
0630
3FE0
7FC0
70E0
E070
E070
E070
E070
E070
E070
60E0
70E0
3FC0
1F80
ENDCHAR
STARTCHAR uni1EE1
ENCODING 7905
SWIDTH 611 0
DWIDTH 11 0
BBX 10 15 1 0
BITMAP
7300
7F40
CEC0
00C0
00C0
3F80
7F00
E380
E180
E180
E180
E180
E380
7F00
3E00
ENDCHAR
STARTCHAR uni1EE2
ENCODING 7906
SWIDTH 778 0
DWIDTH 14 0
BBX 12 22 1 -5
BITMAP
0010
0030
0030
0630
3FE0
7FC0
70E0
E070
E070
E070
E070
E070
E070
60E0
70E0
3FC0
1F80
0000
0000
0E00
0E00
0400
ENDCHAR
STARTCHAR uni1EE3
ENCODING 7907
SWIDTH 611 0
DWIDTH 11 0
BBX 10 19 1 -5
BITMAP
0040
00C0
00C0
00C0
3F80
7F00
E380
E180
E180
E180
E180
E380
7F00
3E00
0000
0000
1C00
1C00
0800
ENDCHAR
STARTCHAR uni1EE4
ENCODING 7908
SWIDTH 722 0
DWIDTH 13 0
BBX 10 18 2 -5
BITMAP
C1C0
C1C0
C1C0
C1C0
C1C0
C1C0
C1C0
C1C0
C1C0
E1C0
E380
7F80
3F00
0000
0000
1C00
1C00
0800
ENDCHAR
STARTCHAR uni1EE5
ENCODING 7909
SWIDTH 611 0
DWIDTH 11 0
BBX 9 15 1 -5
BITMAP
E380
E380
E380
E380
E380
E380
E380
E380
7F80
7D80
0000
0000
1C00
1C00
0800
ENDCHAR
STARTCHAR uni1EE6
ENCODING 7910
SWIDTH 722 0
DWIDTH 13 0
BBX 10 18 2 0
BITMAP
1C00
0E00
0C00
0800
0000
C1C0
C1C0
C1C0
C1C0
C1C0
C1C0
C1C0
C1C0
C1C0
E1C0
E380
7F80
3F00
ENDCHAR
STARTCHAR uni1EE7
ENCODING 7911
SWIDTH 611 0
DWIDTH 11 0
BBX 9 16 1 0
BITMAP
1C00
1C00
0600
0C00
0000
0000
E380
E380
E380
E380
E380
E380
E380
E380
7F80
7D80
ENDCHAR
STARTCHAR uni1EE8
ENCODING 7912
SWIDTH 778 0
DWIDTH 14 0
BBX 13 18 2 0
BITMAP
0200
0710
1E38
0830
0070
C1E0
C1C0
C1C0
C1C0
C1C0
C1C0
C1C0
C1C0
C1C0
E1C0
E380
7F80
3F00
ENDCHAR
STARTCHAR uni1EE9
ENCODING 7913
SWIDTH 611 0
DWIDTH 11 0
BBX 11 17 1 0
BITMAP
0200
0300
0700
0E60
1C60
0060
00E0
E3C0
E380
E380
E380
E380
E380
E380
E380
7F80
7D80
ENDCHAR
STARTCHAR uni1EEA
ENCODING 7914
SWIDTH 778 0
DWIDTH 14 0
BBX 13 18 2 0
BITMAP
3000
7810
1C38
0830
0070
C1E0
C1C0
C1C0
C1C0
C1C0
C1C0
C1C0
C1C0
C1C0
E1C0
E380
7F80
3F00
ENDCHAR
STARTCHAR uni1EEB
ENCODING 7915
SWIDTH 611 0
DWIDTH 11 0
BBX 11 17 1 0
BITMAP
2000
3000
7800
1C60
0860
0060
00E0
E3C0
E380
E380
E380
E380
E380
E380
E380
7F80
7D80
ENDCHAR
STARTCHAR uni1EEC
ENCODING 7916
SWIDTH 778 0
DWIDTH 14 0
BBX 13 18 2 0
BITMAP
1C00
0E10
0C38
0830
0070
C1E0
C1C0
C1C0
C1C0
C1C0
C1C0
C1C0
C1C0
C1C0
E1C0
E380
7F80
3F00
ENDCHAR
STARTCHAR uni1EED
ENCODING 7917
SWIDTH 611 0
DWIDTH 11 0
BBX 11 16 1 0
BITMAP
1C00
1C00
0660
0C60
0060
00E0
E3C0
E380
E380
E380
E380
E380
E380
E380
7F80
7D80
ENDCHAR
STARTCHAR uni1EEE
ENCODING 7918
SWIDTH 778 0
DWIDTH 14 0
BBX 13 17 2 0
BITMAP
7990
7F38
6630
0070
C1E0
C1C0
C1C0
C1C0
C1C0
C1C0
C1C0
C1C0
C1C0
E1C0
E380
7F80
3F00
ENDCHAR
STARTCHAR uni1EEF
ENCODING 7919
SWIDTH 611 0
DWIDTH 11 0
BBX 11 15 1 0
BITMAP
3100
7F60
6F60
0060
00E0
E3C0
E380
E380
E380
E380
E380
E380
E380
7F80
7D80
ENDCHAR
STARTCHAR uni1EF0
ENCODING 7920
SWIDTH 778 0
DWIDTH 14 0
BBX 13 22 2 -5
BITMAP
0010
0038
0030
0070
C1E0
C1C0
C1C0
C1C0
C1C0
C1C0
C1C0
C1C0
C1C0
E1C0
E380
7F80
3F00
0000
0000
1C00
1C00
0800
ENDCHAR
STARTCHAR uni1EF1
ENCODING 7921
SWIDTH 611 0
DWIDTH 11 0
BBX 11 19 1 -5
BITMAP
0060
0060
0060
00E0
E3C0
E380
E380
E380
E380
E380
E380
E380
7F80
7D80
0000
0000
0C00
1E00
0400
ENDCHAR
STARTCHAR Ygrave
ENCODING 7922
SWIDTH 667 0
DWIDTH 12 0
BBX 12 15 1 0
BITMAP
0E00
0300
0000
E070
70E0
71C0
7380
3F00
3E00
1C00
1C00
1C00
3800
3800
3800
ENDCHAR
STARTCHAR ygrave
ENCODING 7923
SWIDTH 556 0
DWIDTH 10 0
BBX 12 18 -1 -4
BITMAP
0E00
0600
0300
0000
3870
38E0
38E0
39C0
1980
1980
1B00
1B00
1E00
1C00
1C00
3800
F000
E000
ENDCHAR
STARTCHAR uni1EF4
ENCODING 7924
SWIDTH 556 0
DWIDTH 10 0
BBX 11 18 0 -5
BITMAP
E1E0
61C0
7180
3380
3B00
1F00
1E00
0E00
0E00
0E00
0E00
0E00
0E00
0000
0000
0E00
0E00
0400
ENDCHAR
STARTCHAR uni1EF5
ENCODING 7925
SWIDTH 556 0
DWIDTH 10 0
BBX 10 14 0 -4
BITMAP
E1C0
61C0
7180
3380
3380
3B00
1B00
1E00
0E00
0E00
0C00
1C80
79C0
71C0
ENDCHAR
STARTCHAR uni1EF6
ENCODING 7926
SWIDTH 556 0
DWIDTH 10 0
BBX 11 18 0 0
BITMAP
0C00
0600
0600
0C00
0020
E1C0
61C0
7180
3380
3B00
1F00
1E00
0E00
0E00
0E00
0E00
0E00
0E00
ENDCHAR
STARTCHAR uni1EF7
ENCODING 7927
SWIDTH 556 0
DWIDTH 10 0
BBX 10 20 0 -4
BITMAP
0C00
0E00
0600
0E00
0000
0000
E1C0
61C0
7180
3380
3380
3B00
1B00
1E00
0E00
0E00
0C00
1C00
7800
7000
ENDCHAR
STARTCHAR uni1EF8
ENCODING 7928
SWIDTH 556 0
DWIDTH 10 0
BBX 11 17 0 0
BITMAP
3D80
7F80
2300
0020
E1C0
61C0
7180
3380
3B00
1F00
1E00
0E00
0E00
0E00
0E00
0E00
0E00
ENDCHAR
STARTCHAR uni1EF9
ENCODING 7929
SWIDTH 556 0
DWIDTH 10 0
BBX 10 19 0 -4
BITMAP
3980
3F80
2700
0000
0000
E1C0
61C0
7180
3380
3380
3B00
1B00
1E00
0E00
0E00
0C00
1C00
7800
7000
ENDCHAR
STARTCHAR uni2002
ENCODING 8194
SWIDTH 500 0
DWIDTH 9 0
BBX 0 0 0 0
BITMAP
ENDCHAR
STARTCHAR uni2003
ENCODING 8195
SWIDTH 1000 0
DWIDTH 18 0
BBX 0 0 0 0
BITMAP
ENDCHAR
STARTCHAR uni2010
ENCODING 8208
SWIDTH 333 0
DWIDTH 6 0
BBX 4 2 1 4
BITMAP
F0
F0
ENDCHAR
STARTCHAR uni2011
ENCODING 8209
SWIDTH 333 0
DWIDTH 6 0
BBX 4 2 1 4
BITMAP
F0
F0
ENDCHAR
STARTCHAR figuredash
ENCODING 8210
SWIDTH 333 0
DWIDTH 6 0
BBX 4 2 1 4
BITMAP
F0
F0
ENDCHAR
STARTCHAR endash
ENCODING 8211
SWIDTH 556 0
DWIDTH 10 0
BBX 10 2 0 4
BITMAP
FFC0
FFC0
ENDCHAR
STARTCHAR emdash
ENCODING 8212
SWIDTH 1000 0
DWIDTH 18 0
BBX 18 2 0 4
BITMAP
FFFFC0
FFFFC0
ENDCHAR
STARTCHAR afii00208
ENCODING 8213
SWIDTH 1000 0
DWIDTH 18 0
BBX 18 1 0 5
BITMAP
FFFFC0
ENDCHAR
STARTCHAR uni2016
ENCODING 8214
SWIDTH 1000 0
DWIDTH 18 0
BBX 4 18 7 -2
BITMAP
90
90
90
90
90
90
90
90
90
90
90
90
90
90
90
90
90
90
ENDCHAR
STARTCHAR underscoredbl
ENCODING 8215
SWIDTH 556 0
DWIDTH 10 0
BBX 10 3 -1 -5
BITMAP
FFC0
0000
FFC0
ENDCHAR
STARTCHAR quoteleft
ENCODING 8216
SWIDTH 278 0
DWIDTH 5 0
BBX 4 6 2 6
BITMAP
30
60
40
E0
E0
E0
ENDCHAR
STARTCHAR quoteright
ENCODING 8217
SWIDTH 278 0
DWIDTH 5 0
BBX 5 6 0 6
BITMAP
38
38
70
10
20
60
ENDCHAR
STARTCHAR quotesinglbase
ENCODING 8218
SWIDTH 278 0
DWIDTH 5 0
BBX 4 6 -1 -3
BITMAP
70
70
70
30
20
40
ENDCHAR
STARTCHAR quotereversed
ENCODING 8219
SWIDTH 278 0
DWIDTH 5 0
BBX 4 6 1 6
BITMAP
70
70
E0
C0
C0
60
ENDCHAR
STARTCHAR quotedblleft
ENCODING 8220
SWIDTH 500 0
DWIDTH 9 0
BBX 8 6 1 6
BITMAP
33
66
44
EE
EE
EE
ENDCHAR
STARTCHAR quotedblright
ENCODING 8221
SWIDTH 500 0
DWIDTH 9 0
BBX 9 6 0 6
BITMAP
3B80
3B80
7700
1100
2200
6600
ENDCHAR
STARTCHAR quotedblbase
ENCODING 8222
SWIDTH 500 0
DWIDTH 9 0
BBX 8 6 -1 -3
BITMAP
77
77
77
33
22
44
ENDCHAR
STARTCHAR dagger
ENCODING 8224
SWIDTH 556 0
DWIDTH 10 0
BBX 8 14 1 -1
BITMAP
1C
1C
1C
FF
FF
18
38
38
30
30
30
70
60
60
ENDCHAR
STARTCHAR daggerdbl
ENCODING 8225
SWIDTH 556 0
DWIDTH 10 0
BBX 10 14 0 -1
BITMAP
0600
0600
0400
3F80
7F80
0C00
0C00
0C00
0800
7F80
7F00
1800
1800
1800
ENDCHAR
STARTCHAR bullet
ENCODING 8226
SWIDTH 333 0
DWIDTH 6 0
BBX 5 5 0 4
BITMAP
70
F8
F8
F8
70
ENDCHAR
STARTCHAR uni2025
ENCODING 8229
SWIDTH 1000 0
DWIDTH 18 0
BBX 12 3 3 5
BITMAP
E070
E070
4020
ENDCHAR
STARTCHAR ellipsis
ENCODING 8230
SWIDTH 1000 0
DWIDTH 18 0
BBX 16 3 0 0
BITMAP
E38E
E38E
E38E
ENDCHAR
STARTCHAR uni2027
ENCODING 8231
SWIDTH 1000 0
DWIDTH 18 0
BBX 4 4 7 5
BITMAP
F0
F0
F0
F0
ENDCHAR
STARTCHAR perthousand
ENCODING 8240
SWIDTH 944 0
DWIDTH 17 0
BBX 16 12 1 0
BITMAP
70C0
5980
DB00
DB00
D600
7C00
0F8E
1ACB
36DB
36DB
669A
C38E
ENDCHAR
STARTCHAR minute
ENCODING 8242
SWIDTH 222 0
DWIDTH 4 0
BBX 4 5 1 7
BITMAP
70
70
60
60
E0
ENDCHAR
STARTCHAR second
ENCODING 8243
SWIDTH 500 0
DWIDTH 9 0
BBX 8 5 1 7
BITMAP
77
77
66
66
EE
ENDCHAR
STARTCHAR uni2035
ENCODING 8245
SWIDTH 1000 0
DWIDTH 18 0
BBX 4 2 6 15
BITMAP
E0
70
ENDCHAR
STARTCHAR guilsinglleft
ENCODING 8249
SWIDTH 333 0
DWIDTH 6 0
BBX 5 7 0 1
BITMAP
18
30
60
C0
E0
60
30
ENDCHAR
STARTCHAR guilsinglright
ENCODING 8250
SWIDTH 333 0
DWIDTH 6 0
BBX 5 7 0 1
BITMAP
60
30
38
18
30
60
C0
ENDCHAR
STARTCHAR uni203B
ENCODING 8251
SWIDTH 1000 0
DWIDTH 18 0
BBX 12 13 3 0
BITMAP
8610
4620
2040
1080
0900
C630
C630
8910
1080
2040
4620
8610
8610
ENDCHAR
STARTCHAR exclamdbl
ENCODING 8252
SWIDTH 611 0
DWIDTH 11 0
BBX 10 12 0 0
BITMAP
39C0
39C0
39C0
3180
7380
7380
7380
7380
0000
E700
E700
E700
ENDCHAR
STARTCHAR uni203E
ENCODING 8254
SWIDTH 333 0
DWIDTH 6 0
BBX 6 2 0 13
BITMAP
FC
FC
ENDCHAR
STARTCHAR uni2042
ENCODING 8258
SWIDTH 1000 0
DWIDTH 18 0
BBX 14 14 2 0
BITMAP
0300
0B40
0EC0
0300
0EC0
0B40
0300
3030
B4B4
ECEC
7878
7878
A4A4
3030
ENDCHAR
STARTCHAR fraction
ENCODING 8260
SWIDTH 167 0
DWIDTH 3 0
BBX 12 12 -4 0
BITMAP
0030
0060
00C0
0180
0300
0600
0600
0C00
1800
3000
6000
C000
ENDCHAR
STARTCHAR uni2047
ENCODING 8263
SWIDTH 1000 0
DWIDTH 18 0
BBX 16 14 1 0
BITMAP
3C3C
FEFE
CE46
0607
0606
0E0E
1C1C
3818
3838
0000
0000
3838
3838
3838
ENDCHAR
STARTCHAR uni2048
ENCODING 8264
SWIDTH 833 0
DWIDTH 15 0
BBX 12 14 1 0
BITMAP
3C70
FE70
CE70
0670
0670
0E70
1C30
3830
3830
0000
0000
3870
3870
3870
ENDCHAR
STARTCHAR uni2049
ENCODING 8265
SWIDTH 833 0
DWIDTH 15 0
BBX 12 14 2 0
BITMAP
E3C0
EFE0
E670
E070
C070
C060
C0C0
C1C0
C180
0000
0000
E180
E3C0
E180
ENDCHAR
STARTCHAR uni2051
ENCODING 8273
SWIDTH 1000 0
DWIDTH 18 0
BBX 6 15 6 -1
BITMAP
30
A4
78
78
EC
B4
30
00
30
B4
EC
30
EC
B4
30
ENDCHAR
STARTCHAR uni2074
ENCODING 8308
SWIDTH 444 0
DWIDTH 8 0
BBX 6 8 1 8
BITMAP
18
38
78
58
D8
FC
18
18
ENDCHAR
STARTCHAR uni207F
ENCODING 8319
SWIDTH 389 0
DWIDTH 7 0
BBX 6 6 1 5
BITMAP
7C
6C
6C
EC
CC
D8
ENDCHAR
STARTCHAR franc
ENCODING 8355
SWIDTH 556 0
DWIDTH 10 0
BBX 12 12 -1 0
BITMAP
1FF0
1FF0
1C00
3800
3800
3FE0
3FE0
3800
3800
FE00
7000
7000
ENDCHAR
STARTCHAR lira
ENCODING 8356
SWIDTH 556 0
DWIDTH 10 0
BBX 10 12 0 0
BITMAP
0F80
1FC0
1CC0
3800
7E00
3800
FE00
3800
7100
7180
FF00
FE00
ENDCHAR
STARTCHAR peseta
ENCODING 8359
SWIDTH 1056 0
DWIDTH 19 0
BBX 17 12 1 0
BITMAP
3E0000
3F8000
318000
61A000
63A000
7FFF80
7C6D80
606F00
606F80
C0C380
C0D980
C07F00
ENDCHAR
STARTCHAR uni20A9
ENCODING 8361
SWIDTH 611 0
DWIDTH 11 0
BBX 11 13 0 0
BITMAP
E0C0
ECC0
EEC0
6EC0
6EC0
6AC0
FFE0
6AC0
6AC0
7A80
7A80
3B80
3380
ENDCHAR
STARTCHAR uni20AB
ENCODING 8363
SWIDTH 611 0
DWIDTH 11 0
BBX 9 13 1 0
BITMAP
0300
1F80
0300
3B00
7F00
6300
E300
E300
6700
7F00
1800
0000
7F80
ENDCHAR
STARTCHAR Euro
ENCODING 8364
SWIDTH 556 0
DWIDTH 10 0
BBX 11 12 0 0
BITMAP
07C0
1FE0
3CE0
3800
FE00
7000
FE00
7000
7000
71C0
3F80
1F00
ENDCHAR
STARTCHAR uni20DD
ENCODING 8413
SWIDTH 0 0
DWIDTH 0 0
BBX 18 17 -18 -2
BITMAP
07F800
080400
100200
200100
400080
400080
800080
800040
800040
800040
400080
400080
200100
200100
180600
061800
01E000
ENDCHAR
STARTCHAR uni20DE
ENCODING 8414
SWIDTH 0 0
DWIDTH 0 0
BBX 16 16 -17 -1
BITMAP
FFFF
8001
8001
8001
8001
8001
8001
8001
8001
8001
8001
8001
8001
8001
8001
FFFF
ENDCHAR
STARTCHAR uni2100
ENCODING 8448
SWIDTH 1000 0
DWIDTH 18 0
BBX 16 14 1 0
BITMAP
180C
3E08
6610
4630
C660
CC40
74C0
0186
011F
0218
0630
0430
0832
181E
ENDCHAR
STARTCHAR uni2103
ENCODING 8451
SWIDTH 1000 0
DWIDTH 18 0
BBX 18 14 0 0
BITMAP
380E00
6C3F80
C47F80
44E100
7CE000
31C000
01C000
01C000
01C000
01C000
00E000
00F180
007FC0
003F00
ENDCHAR
STARTCHAR afii61248
ENCODING 8453
SWIDTH 889 0
DWIDTH 16 0
BBX 15 12 1 0
BITMAP
3C18
6630
6460
C0C0
C1BC
CF66
CF46
7EC6
0CC6
18CC
30CC
6078
ENDCHAR
STARTCHAR uni2109
ENCODING 8457
SWIDTH 1000 0
DWIDTH 18 0
BBX 16 14 1 0
BITMAP
7000
C8FF
8CFF
88E0
F8E0
30E0
00FE
00FE
00FE
00E0
00E0
00E0
00E0
00E0
ENDCHAR
STARTCHAR uni210A
ENCODING 8458
SWIDTH 1000 0
DWIDTH 18 0
BBX 10 14 4 -4
BITMAP
1EC0
3FC0
71C0
6180
E180
E180
E380
7F80
7B00
6300
C300
C700
FE00
FC00
ENDCHAR
STARTCHAR uni210F
ENCODING 8463
SWIDTH 1000 0
DWIDTH 18 0
BBX 10 14 4 0
BITMAP
1800
3F00
7E00
3000
3380
3F80
79C0
71C0
6180
6180
6380
E380
E380
C300
ENDCHAR
STARTCHAR afii61289
ENCODING 8467
SWIDTH 500 0
DWIDTH 9 0
BBX 11 12 -1 0
BITMAP
0FC0
1FE0
1CE0
38E0
39C0
3F00
7C00
7800
3980
7900
3E00
1C00
ENDCHAR
STARTCHAR afii61352
ENCODING 8470
SWIDTH 1167 0
DWIDTH 21 0
BBX 20 12 0 0
BITMAP
383000
383000
3C3000
6C6000
6C61E0
666330
666630
636630
636660
C3C3C0
C1C000
C1CFE0
ENDCHAR
STARTCHAR uni2121
ENCODING 8481
SWIDTH 1000 0
DWIDTH 18 0
BBX 18 13 0 0
BITMAP
FC0000
FC0000
31F600
31F600
318600
318600
318600
31E600
318600
318600
318600
31F7C0
31F7C0
ENDCHAR
STARTCHAR trademark
ENCODING 8482
SWIDTH 1000 0
DWIDTH 18 0
BBX 14 6 2 6
BITMAP
FF9C
339C
339C
336C
336C
336C
ENDCHAR
STARTCHAR u2126
ENCODING 8486
SWIDTH 778 0
DWIDTH 14 0
BBX 12 12 1 0
BITMAP
1F80
7FE0
70E0
E070
E070
E070
E070
6060
70E0
39C0
F9F0
F9F0
ENDCHAR
STARTCHAR uni2127
ENCODING 8487
SWIDTH 1000 0
DWIDTH 18 0
BBX 12 13 3 0
BITMAP
F9F0
F9F0
30C0
6060
E070
E070
E070
E070
E070
E070
70E0
3FC0
1F80
ENDCHAR
STARTCHAR uni212B
ENCODING 8491
SWIDTH 1000 0
DWIDTH 18 0
BBX 12 18 3 0
BITMAP
0600
1F00
1980
1980
1F00
0F00
0F00
1F00
1B80
1980
1980
39C0
30C0
3FC0
7FE0
70E0
6060
E070
ENDCHAR
STARTCHAR estimated
ENCODING 8494
SWIDTH 611 0
DWIDTH 11 0
BBX 9 10 1 0
BITMAP
3E00
6300
4100
C180
FF80
C000
C000
4000
6100
3E00
ENDCHAR
STARTCHAR uni2135
ENCODING 8501
SWIDTH 1000 0
DWIDTH 18 0
BBX 12 14 3 0
BITMAP
6100
C1F0
E070
70D0
7880
3C80
7E80
CF80
C780
C1C0
E0E0
6060
6060
E060
ENDCHAR
STARTCHAR uni213B
ENCODING 8507
SWIDTH 1000 0
DWIDTH 18 0
BBX 17 13 1 0
BITMAP
FB9980
C39B00
C38B00
C2CF00
C2CE00
C2C600
F6C600
C64E00
C7CE00
C66B00
C46B00
C47900
CC7980
ENDCHAR
STARTCHAR oneeighth
ENCODING 8539
SWIDTH 833 0
DWIDTH 15 0
BBX 14 12 1 0
BITMAP
3818
5830
3060
30C0
3180
FF00
037C
066C
0C38
18CC
30CC
6078
ENDCHAR
STARTCHAR threeeighths
ENCODING 8540
SWIDTH 833 0
DWIDTH 15 0
BBX 14 12 1 0
BITMAP
3C18
2C30
3060
18C0
D980
7300
037C
066C
0C38
18CC
30CC
6078
ENDCHAR
STARTCHAR fiveeighths
ENCODING 8541
SWIDTH 833 0
DWIDTH 15 0
BBX 13 12 2 0
BITMAP
3830
2060
78C0
1980
1B00
7600
06F8
0CD8
1870
3198
6198
C0F0
ENDCHAR
STARTCHAR seveneighths
ENCODING 8542
SWIDTH 833 0
DWIDTH 15 0
BBX 13 12 2 0
BITMAP
7C30
0860
10C0
3180
6300
6600
06F8
0CD8
1870
3198
6198
C0F0
ENDCHAR
STARTCHAR uni2160
ENCODING 8544
SWIDTH 1000 0
DWIDTH 18 0
BBX 2 13 8 0
BITMAP
C0
C0
C0
C0
C0
C0
C0
C0
C0
C0
C0
C0
C0
ENDCHAR
STARTCHAR uni2161
ENCODING 8545
SWIDTH 1000 0
DWIDTH 18 0
BBX 8 13 5 0
BITMAP
C3
C3
C3
C3
C3
C3
C3
C3
C3
C3
C3
C3
C3
ENDCHAR
STARTCHAR uni2162
ENCODING 8546
SWIDTH 1000 0
DWIDTH 18 0
BBX 14 13 2 0
BITMAP
C30C
C30C
C30C
C30C
C30C
C30C
C30C
C30C
C30C
C30C
C30C
C30C
C30C
ENDCHAR
STARTCHAR uni2163
ENCODING 8547
SWIDTH 1000 0
DWIDTH 18 0
BBX 16 13 2 0
BITMAP
EE07
E70E
E70E
E70C
E30C
E39C
E39C
E198
E198
E1F8
E0F0
E0F0
E0F0
ENDCHAR
STARTCHAR uni2164
ENCODING 8548
SWIDTH 1000 0
DWIDTH 18 0
BBX 12 13 3 0
BITMAP
E070
70E0
70E0
70E0
30C0
39C0
39C0
1980
1980
1F80
0F00
0F00
0F00
ENDCHAR
STARTCHAR uni2165
ENCODING 8549
SWIDTH 1000 0
DWIDTH 18 0
BBX 16 13 0 0
BITMAP
E077
70E7
70E7
30E7
30C7
39C7
39C7
1987
1D87
1F87
0F07
0F07
0F07
ENDCHAR
STARTCHAR uni2166
ENCODING 8550
SWIDTH 1000 0
DWIDTH 18 0
BBX 17 13 0 0
BITMAP
E1F980
61B980
73B980
73B980
733980
333980
333980
333980
3F3980
3E3980
1E3980
1E3980
1E3980
ENDCHAR
STARTCHAR uni2167
ENCODING 8551
SWIDTH 1000 0
DWIDTH 18 0
BBX 17 13 0 0
BITMAP
E7ED80
66ED80
66ED80
66ED80
66ED80
66ED80
64ED80
3CED80
3CED80
3CED80
3CED80
3CED80
18ED80
ENDCHAR
STARTCHAR uni2168
ENCODING 8552
SWIDTH 1000 0
DWIDTH 18 0
BBX 15 13 2 0
BITMAP
E70E
E39C
E39C
E1D8
E1F8
E0F0
E0F0
E0F0
E1F8
E398
E39C
E70E
E70E
ENDCHAR
STARTCHAR uni2169
ENCODING 8553
SWIDTH 1000 0
DWIDTH 18 0
BBX 10 13 4 0
BITMAP
E1C0
7380
7380
3B00
3F00
1E00
1E00
1E00
3F00
7300
7380
E1C0
E1C0
ENDCHAR
STARTCHAR uni216A
ENCODING 8554
SWIDTH 1000 0
DWIDTH 18 0
BBX 15 13 1 0
BITMAP
E1CE
718E
738E
3B0E
3F0E
1E0E
1E0E
1E0E
3F0E
330E
738E
E1CE
E1CE
ENDCHAR
STARTCHAR uni216B
ENCODING 8555
SWIDTH 1000 0
DWIDTH 18 0
BBX 17 13 0 0
BITMAP
E3B980
733980
333980
363980
1E3980
1C3980
1C3980
1E3980
363980
373980
733980
63B980
E1B980
ENDCHAR
STARTCHAR uni2170
ENCODING 8560
SWIDTH 1000 0
DWIDTH 18 0
BBX 4 15 7 0
BITMAP
60
F0
60
00
00
60
60
60
60
60
60
60
60
60
60
ENDCHAR
STARTCHAR uni2171
ENCODING 8561
SWIDTH 1000 0
DWIDTH 18 0
BBX 8 15 5 0
BITMAP
42
E7
E7
00
00
E7
E7
E7
E7
E7
E7
E7
E7
E7
E7
ENDCHAR
STARTCHAR uni2172
ENCODING 8562
SWIDTH 1000 0
DWIDTH 18 0
BBX 14 15 2 0
BITMAP
4308
E79C
E31C
0000
0000
E31C
E31C
E31C
E31C
E31C
E31C
E31C
E31C
E31C
E31C
ENDCHAR
STARTCHAR uni2173
ENCODING 8563
SWIDTH 1000 0
DWIDTH 18 0
BBX 15 15 2 0
BITMAP
6000
E000
E000
0000
0000
E70E
E70C
E31C
E39C
E398
E198
E1B8
E1F0
E0F0
E0F0
ENDCHAR
STARTCHAR uni2174
ENCODING 8564
SWIDTH 1000 0
DWIDTH 18 0
BBX 10 10 4 0
BITMAP
E1C0
6180
6180
7380
3300
3300
3B00
1E00
1E00
1E00
ENDCHAR
STARTCHAR uni2175
ENCODING 8565
SWIDTH 1000 0
DWIDTH 18 0
BBX 15 15 1 0
BITMAP
000C
000E
000E
0000
0000
E1CE
61CE
718E
318E
338E
3B0E
1B0E
1F0E
1E0E
0E0E
ENDCHAR
STARTCHAR uni2176
ENCODING 8566
SWIDTH 1000 0
DWIDTH 18 0
BBX 17 15 0 0
BITMAP
003100
003B80
003B80
000000
000000
E3BB80
63BB80
633B80
733B80
373B80
363B80
363B80
363B80
1E3B80
1C3B80
ENDCHAR
STARTCHAR uni2177
ENCODING 8567
SWIDTH 1000 0
DWIDTH 18 0
BBX 17 15 0 0
BITMAP
004880
00FD80
00ED80
000000
010000
E6ED80
66ED80
66ED80
66ED80
64ED80
3CED80
3CED80
3CED80
3CED80
18ED80
ENDCHAR
STARTCHAR uni2178
ENCODING 8568
SWIDTH 1000 0
DWIDTH 18 0
BBX 15 15 2 0
BITMAP
6000
F000
6000
0000
0000
671C
6398
61B8
61F0
60F0
60F0
61B0
63B8
631C
671E
ENDCHAR
STARTCHAR uni2179
ENCODING 8569
SWIDTH 1000 0
DWIDTH 18 0
BBX 10 10 4 0
BITMAP
F1C0
7380
3B00
1F00
1E00
1E00
3F00
3700
7380
E1C0
ENDCHAR
STARTCHAR uni217A
ENCODING 8570
SWIDTH 1000 0
DWIDTH 18 0
BBX 15 15 1 0
BITMAP
000C
001E
000C
0000
0000
71CC
338C
3B0C
1F0C
1E0C
1E0C
1F0C
330C
738C
E1CC
ENDCHAR
STARTCHAR uni217B
ENCODING 8571
SWIDTH 1000 0
DWIDTH 18 0
BBX 17 15 0 0
BITMAP
001100
003B80
003B80
000000
000000
73BB80
733B80
3F3B80
1E3B80
1E3B80
1E3B80
3E3B80
373B80
73BB80
E3BB80
ENDCHAR
STARTCHAR arrowleft
ENCODING 8592
SWIDTH 1000 0
DWIDTH 18 0
BBX 11 5 4 0
BITMAP
2000
4000
FFE0
4000
2000
ENDCHAR
STARTCHAR arrowup
ENCODING 8593
SWIDTH 500 0
DWIDTH 9 0
BBX 5 11 2 -1
BITMAP
20
70
A8
20
20
20
20
20
20
20
20
ENDCHAR
STARTCHAR arrowright
ENCODING 8594
SWIDTH 1000 0
DWIDTH 18 0
BBX 11 5 4 0
BITMAP
0080
0040
FFE0
0040
0080
ENDCHAR
STARTCHAR arrowdown
ENCODING 8595
SWIDTH 500 0
DWIDTH 9 0
BBX 5 11 2 -1
BITMAP
20
20
20
20
20
20
20
20
A8
70
20
ENDCHAR
STARTCHAR arrowboth
ENCODING 8596
SWIDTH 1000 0
DWIDTH 18 0
BBX 11 5 4 0
BITMAP
2080
4040
FFE0
4040
2080
ENDCHAR
STARTCHAR arrowupdn
ENCODING 8597
SWIDTH 500 0
DWIDTH 9 0
BBX 5 11 2 -1
BITMAP
20
70
A8
20
20
20
20
20
A8
70
20
ENDCHAR
STARTCHAR uni2196
ENCODING 8598
SWIDTH 1000 0
DWIDTH 18 0
BBX 13 13 3 0
BITMAP
C000
FE00
F000
F800
DC00
CE00
C700
0380
01C0
00E0
0070
0038
0010
ENDCHAR
STARTCHAR uni2197
ENCODING 8599
SWIDTH 1000 0
DWIDTH 18 0
BBX 13 13 2 0
BITMAP
0018
03F8
0078
00F8
01D8
0398
0718
0E00
1C00
3800
7000
E000
4000
ENDCHAR
STARTCHAR uni2198
ENCODING 8600
SWIDTH 1000 0
DWIDTH 18 0
BBX 13 12 2 1
BITMAP
E000
7000
3800
1C00
0E00
0710
0398
01D8
00F8
0078
03F8
03F8
ENDCHAR
STARTCHAR uni2199
ENCODING 8601
SWIDTH 1000 0
DWIDTH 18 0
BBX 13 12 3 1
BITMAP
0038
0070
00E0
01C0
0380
4700
CE00
DC00
F800
F000
FE00
FE00
ENDCHAR
STARTCHAR arrowupdnbse
ENCODING 8616
SWIDTH 500 0
DWIDTH 9 0
BBX 5 13 2 -3
BITMAP
20
70
A8
20
20
20
20
20
A8
70
20
00
F8
ENDCHAR
STARTCHAR uni21B8
ENCODING 8632
SWIDTH 1000 0
DWIDTH 18 0
BBX 16 15 1 0
BITMAP
FFFF
FFFF
2000
3F80
1F80
1E00
1F00
1B80
11C0
00E0
0070
0038
001C
000E
0004
ENDCHAR
STARTCHAR uni21B9
ENCODING 8633
SWIDTH 1000 0
DWIDTH 18 0
BBX 18 16 0 -1
BITMAP
C20000
C70000
CE0000
DFFF80
FFFF80
DC0000
C60000
C30000
003080
001880
000C80
7FFE80
7FFF80
000C80
001880
0030C0
ENDCHAR
STARTCHAR uni21C4
ENCODING 8644
SWIDTH 1000 0
DWIDTH 18 0
BBX 16 16 1 -1
BITMAP
0030
0018
000C
FFFE
FFFF
000E
0018
0038
0C00
1800
3000
7FFF
FFFF
7000
1800
0C00
ENDCHAR
STARTCHAR uni21C5
ENCODING 8645
SWIDTH 1000 0
DWIDTH 18 0
BBX 16 17 1 -2
BITMAP
0818
1818
3C18
7E18
DB18
9918
1818
1818
1818
1818
1899
18DB
18FE
183C
183C
1818
0010
ENDCHAR
STARTCHAR uni21C6
ENCODING 8646
SWIDTH 1000 0
DWIDTH 18 0
BBX 16 16 1 -1
BITMAP
0C00
1800
3000
7FFF
FFFF
7000
1800
0C00
0030
0018
000C
FFFE
FFFF
000E
0018
0030
ENDCHAR
STARTCHAR uni21CB
ENCODING 8651
SWIDTH 1000 0
DWIDTH 18 0
BBX 16 15 1 -1
BITMAP
0C00
1800
3800
7FFF
FFFF
0000
0000
0000
0000
0001
FFFE
000C
0018
0030
0010
ENDCHAR
STARTCHAR uni21CC
ENCODING 8652
SWIDTH 1000 0
DWIDTH 18 0
BBX 16 15 1 -1
BITMAP
0030
0018
001C
FFFE
FFFF
0000
0000
0000
0000
8000
7FFF
3000
1800
0C00
0800
ENDCHAR
STARTCHAR uni21D0
ENCODING 8656
SWIDTH 1000 0
DWIDTH 18 0
BBX 17 12 0 1
BITMAP
020000
070000
060000
0FFF80
1FFF80
700000
F00000
380000
1FFF80
0FFF80
060000
030000
ENDCHAR
STARTCHAR uni21D2
ENCODING 8658
SWIDTH 1000 0
DWIDTH 18 0
BBX 17 12 1 1
BITMAP
002000
007000
003000
FFF800
FFFC00
000700
000780
000E00
FFFC00
FFF800
003000
006000
ENDCHAR
STARTCHAR uni21D4
ENCODING 8660
SWIDTH 1000 0
DWIDTH 18 0
BBX 18 12 0 1
BITMAP
061800
061800
0C0C00
1FFE00
3FFF00
700380
E001C0
300300
1FFE00
0FFC00
0E1C00
061800
ENDCHAR
STARTCHAR uni21E6
ENCODING 8678
SWIDTH 1000 0
DWIDTH 18 0
BBX 16 12 1 1
BITMAP
0200
0600
0A00
13FF
2001
C001
8001
4001
33FF
1A00
0600
0200
ENDCHAR
STARTCHAR uni21E7
ENCODING 8679
SWIDTH 1000 0
DWIDTH 18 0
BBX 12 16 3 -1
BITMAP
0600
0600
0900
1080
2040
4020
F0F0
1080
1080
1080
1080
1080
1080
1080
1080
1F80
ENDCHAR
STARTCHAR uni21E8
ENCODING 8680
SWIDTH 1000 0
DWIDTH 18 0
BBX 16 12 1 1
BITMAP
0040
0060
0050
FFC8
8004
8003
8001
8002
FFCC
0058
0060
0040
ENDCHAR
STARTCHAR uni21E9
ENCODING 8681
SWIDTH 1000 0
DWIDTH 18 0
BBX 12 17 3 -2
BITMAP
1F80
1080
1080
1080
1080
1080
1080
1080
1080
F0F0
4020
2040
30C0
1080
0900
0600
0400
ENDCHAR
STARTCHAR uni21F5
ENCODING 8693
SWIDTH 1000 0
DWIDTH 18 0
BBX 16 17 1 -2
BITMAP
1810
1818
183C
187E
18DB
1899
1818
1818
1818
1818
9918
DB18
7F18
3C18
1C18
1818
0800
ENDCHAR
STARTCHAR uni2200
ENCODING 8704
SWIDTH 1000 0
DWIDTH 18 0
BBX 14 14 2 0
BITMAP
4008
C00C
6018
6018
3FF0
3FF0
1860
1860
0CC0
0CC0
0780
0300
0300
0200
ENDCHAR
STARTCHAR partialdiff
ENCODING 8706
SWIDTH 500 0
DWIDTH 9 0
BBX 7 13 1 0
BITMAP
3C
3C
0E
06
36
7E
6E
C6
C6
CC
CC
F8
70
ENDCHAR
STARTCHAR uni2203
ENCODING 8707
SWIDTH 1000 0
DWIDTH 18 0
BBX 12 13 3 0
BITMAP
FFF0
0030
0030
0030
0030
FFF0
FFF0
0030
0030
0030
0030
FFF0
FFF0
ENDCHAR
STARTCHAR uni2205
ENCODING 8709
SWIDTH 1000 0
DWIDTH 18 0
BBX 14 14 2 0
BITMAP
0200
1FF0
3CF8
7078
60F8
41C8
C38C
C70C
CE0C
7C18
7838
7870
7FE0
0780
ENDCHAR
STARTCHAR u2206
ENCODING 8710
SWIDTH 611 0
DWIDTH 11 0
BBX 11 12 0 0
BITMAP
0E00
1F00
1B00
1B00
3B80
3180
71C0
60C0
60C0
E0E0
FFE0
FFE0
ENDCHAR
STARTCHAR uni2207
ENCODING 8711
SWIDTH 1000 0
DWIDTH 18 0
BBX 12 13 3 0
BITMAP
FFF0
FFF0
E070
E070
60E0
70E0
30C0
39C0
39C0
1980
1F80
0F00
0F00
ENDCHAR
STARTCHAR uni2208
ENCODING 8712
SWIDTH 1000 0
DWIDTH 18 0
BBX 14 12 2 1
BITMAP
07FC
1FFC
7800
6000
C000
FFFC
FFFC
C000
6000
7000
3FFC
0FFC
ENDCHAR
STARTCHAR uni2209
ENCODING 8713
SWIDTH 1000 0
DWIDTH 18 0
BBX 14 15 2 -1
BITMAP
0300
07FC
1FFC
7B00
6300
C300
FFFC
FFFC
C300
6300
7300
3FFC
0FFC
0300
0300
ENDCHAR
STARTCHAR uni220A
ENCODING 8714
SWIDTH 1000 0
DWIDTH 18 0
BBX 10 10 4 0
BITMAP
0FC0
3F80
7000
6000
7F00
FF00
E000
7000
7F00
3F00
ENDCHAR
STARTCHAR uni220B
ENCODING 8715
SWIDTH 1000 0
DWIDTH 18 0
BBX 14 12 2 1
BITMAP
FF80
FFE0
0078
0018
000C
FFFC
FFFC
000C
0018
0038
FFF0
FFC0
ENDCHAR
STARTCHAR product
ENCODING 8719
SWIDTH 833 0
DWIDTH 15 0
BBX 12 16 2 -4
BITMAP
FFF0
FFF0
E070
E070
E070
E070
E070
E070
E070
E070
E070
E070
E070
E070
E070
E070
ENDCHAR
STARTCHAR summation
ENCODING 8721
SWIDTH 722 0
DWIDTH 13 0
BBX 11 16 1 -4
BITMAP
FFC0
FFC0
7000
3800
1C00
1C00
0E00
0700
0E00
0E00
1C00
3800
7800
7000
FFE0
FFE0
ENDCHAR
STARTCHAR minus
ENCODING 8722
SWIDTH 611 0
DWIDTH 11 0
BBX 10 2 1 5
BITMAP
FFC0
FFC0
ENDCHAR
STARTCHAR uni2213
ENCODING 8723
SWIDTH 1000 0
DWIDTH 18 0
BBX 12 14 3 -1
BITMAP
FFF0
0000
0000
0600
0600
0600
0600
0600
FFF0
0600
0600
0600
0600
0600
ENDCHAR
STARTCHAR fraction
ENCODING 8725
SWIDTH 167 0
DWIDTH 3 0
BBX 12 12 -4 0
BITMAP
0030
0060
00C0
0180
0300
0600
0600
0C00
1800
3000
6000
C000
ENDCHAR
STARTCHAR periodcentered
ENCODING 8729
SWIDTH 278 0
DWIDTH 5 0
BBX 3 3 1 5
BITMAP
E0
E0
E0
ENDCHAR
STARTCHAR radical
ENCODING 8730
SWIDTH 556 0
DWIDTH 10 0
BBX 10 14 1 0
BITMAP
00C0
00C0
0080
0180
0180
0100
E300
2300
3200
3600
1600
1C00
0C00
0C00
ENDCHAR
STARTCHAR uni221D
ENCODING 8733
SWIDTH 1000 0
DWIDTH 18 0
BBX 15 8 0 3
BITMAP
1806
3F3E
63F0
41E0
C0C0
63F0
7F3E
3C0E
ENDCHAR
STARTCHAR infinity
ENCODING 8734
SWIDTH 667 0
DWIDTH 12 0
BBX 10 6 1 2
BITMAP
7380
FFC0
CCC0
CCC0
FFC0
7380
ENDCHAR
STARTCHAR orthogonal
ENCODING 8735
SWIDTH 1000 0
DWIDTH 18 0
BBX 11 11 4 0
BITMAP
8000
8000
8000
8000
8000
8000
8000
8000
8000
8000
FFE0
ENDCHAR
STARTCHAR uni2220
ENCODING 8736
SWIDTH 1000 0
DWIDTH 18 0
BBX 14 11 2 1
BITMAP
0018
0030
0060
00C0
0180
0300
0600
0C00
1800
3000
FFFC
ENDCHAR
STARTCHAR uni2223
ENCODING 8739
SWIDTH 1000 0
DWIDTH 18 0
BBX 2 13 8 0
BITMAP
C0
C0
C0
C0
C0
C0
C0
C0
C0
C0
C0
C0
C0
ENDCHAR
STARTCHAR uni2225
ENCODING 8741
SWIDTH 1000 0
DWIDTH 18 0
BBX 12 14 3 0
BITMAP
0200
0700
0630
0C60
0C60
18C0
18C0
3180
3180
6300
6300
C600
0600
0C00
ENDCHAR
STARTCHAR uni2226
ENCODING 8742
SWIDTH 1000 0
DWIDTH 18 0
BBX 12 14 3 0
BITMAP
0200
0700
1630
3C60
1C60
1CC0
1EC0
3780
3380
6380
63C0
C680
0600
0C00
ENDCHAR
STARTCHAR uni2227
ENCODING 8743
SWIDTH 1000 0
DWIDTH 18 0
BBX 14 14 2 0
BITMAP
0200
0300
0300
0780
0780
0CC0
0CC0
1860
1860
3030
7038
6018
C00C
C00C
ENDCHAR
STARTCHAR uni2228
ENCODING 8744
SWIDTH 1000 0
DWIDTH 18 0
BBX 14 14 2 0
BITMAP
4008
C00C
6018
6018
3030
3030
1860
1860
0CC0
0CC0
0780
0780
0300
0200
ENDCHAR
STARTCHAR intersection
ENCODING 8745
SWIDTH 722 0
DWIDTH 13 0
BBX 9 9 2 0
BITMAP
3E00
6300
C180
8080
8080
8080
8080
8080
8080
ENDCHAR
STARTCHAR uni222A
ENCODING 8746
SWIDTH 1000 0
DWIDTH 18 0
BBX 12 14 3 0
BITMAP
C030
C030
C030
C030
C030
C030
C030
C030
C030
C030
6060
70E0
3FC0
0F00
ENDCHAR
STARTCHAR integral
ENCODING 8747
SWIDTH 278 0
DWIDTH 5 0
BBX 7 17 -1 -4
BITMAP
0E
1E
38
38
38
38
38
38
38
38
38
38
38
38
38
F0
E0
ENDCHAR
STARTCHAR uni222C
ENCODING 8748
SWIDTH 1000 0
DWIDTH 18 0
BBX 14 17 2 -2
BITMAP
1E1C
1E3C
3830
3870
3870
3870
3870
3870
3870
3870
3870
3870
3870
3070
F1E0
F1E0
C180
ENDCHAR
STARTCHAR uni222D
ENCODING 8749
SWIDTH 1000 0
DWIDTH 18 0
BBX 18 17 0 -2
BITMAP
0E7BC0
1EF780
18C600
18C600
18C600
18C600
18C600
18C600
18C600
18C600
18C600
18C600
18C600
18C600
BDEE00
739C00
E71800
ENDCHAR
STARTCHAR uni222E
ENCODING 8750
SWIDTH 1000 0
DWIDTH 18 0
BBX 8 17 5 -2
BITMAP
0F
1E
18
18
18
3C
5A
5A
5A
5A
3C
18
18
18
B8
70
E0
ENDCHAR
STARTCHAR uni2234
ENCODING 8756
SWIDTH 1000 0
DWIDTH 18 0
BBX 12 11 3 1
BITMAP
0600
0F00
0600
0000
0000
0000
0000
0000
E070
E070
6020
ENDCHAR
STARTCHAR uni2235
ENCODING 8757
SWIDTH 1000 0
DWIDTH 18 0
BBX 12 11 3 1
BITMAP
E070
E070
4020
0000
0000
0000
0000
0000
0600
0F00
0600
ENDCHAR
STARTCHAR uni2236
ENCODING 8758
SWIDTH 1000 0
DWIDTH 18 0
BBX 4 11 7 1
BITMAP
60
F0
60
00
00
00
00
00
60
F0
60
ENDCHAR
STARTCHAR uni2237
ENCODING 8759
SWIDTH 1000 0
DWIDTH 18 0
BBX 12 11 3 1
BITMAP
E070
E070
4020
0000
0000
0000
0000
0000
E070
E070
6020
ENDCHAR
STARTCHAR uni223D
ENCODING 8765
SWIDTH 1000 0
DWIDTH 18 0
BBX 17 8 0 3
BITMAP
180600
3C3F00
607180
40E080
C0C080
638180
7F0F80
3E0F00
ENDCHAR
STARTCHAR uni2243
ENCODING 8771
SWIDTH 1000 0
DWIDTH 18 0
BBX 14 8 2 3
BITMAP
1E08
7F1C
E3F0
40E0
0000
0000
7FF8
7FF8
ENDCHAR
STARTCHAR uni2245
ENCODING 8773
SWIDTH 1000 0
DWIDTH 18 0
BBX 14 10 2 2
BITMAP
0808
3E1C
73F8
C1F0
0000
7FF8
7FF8
0000
7FF8
7FF8
ENDCHAR
STARTCHAR approxequal
ENCODING 8776
SWIDTH 556 0
DWIDTH 10 0
BBX 9 7 1 2
BITMAP
7880
FF80
8F00
0000
7880
FF80
8F00
ENDCHAR
STARTCHAR uni224C
ENCODING 8780
SWIDTH 1000 0
DWIDTH 18 0
BBX 17 14 0 0
BITMAP
1C0E00
7C3F80
607180
C0E080
41C080
638180
7F0F80
1C0E00
000000
1FFE00
1FFE00
000000
1FFE00
1FFE00
ENDCHAR
STARTCHAR notequal
ENCODING 8800
SWIDTH 556 0
DWIDTH 10 0
BBX 9 10 1 1
BITMAP
0300
0600
FF80
FF80
0C00
1800
FF80
FF80
3000
6000
ENDCHAR
STARTCHAR equivalence
ENCODING 8801
SWIDTH 611 0
DWIDTH 11 0
BBX 9 8 1 2
BITMAP
FF80
0000
0000
FF80
0000
0000
0000
FF80
ENDCHAR
STARTCHAR uni2262
ENCODING 8802
SWIDTH 1000 0
DWIDTH 18 0
BBX 12 13 3 0
BITMAP
0180
0180
FFF0
FFF0
0300
FFF0
FFF0
0600
0C00
FFF0
1800
1800
0800
ENDCHAR
STARTCHAR lessequal
ENCODING 8804
SWIDTH 556 0
DWIDTH 10 0
BBX 9 11 1 0
BITMAP
0180
1F80
FE00
F000
F000
FE00
1F80
0180
0000
FF80
FF80
ENDCHAR
STARTCHAR greaterequal
ENCODING 8805
SWIDTH 556 0
DWIDTH 10 0
BBX 9 11 1 0
BITMAP
C000
F800
3F80
0780
0780
3F80
F800
C000
0000
FF80
FF80
ENDCHAR
STARTCHAR uni2266
ENCODING 8806
SWIDTH 1000 0
DWIDTH 18 0
BBX 14 16 2 -1
BITMAP
001C
00FC
03E0
1F00
FC00
3E00
0F80
01F0
003C
000C
0000
FFFC
FFFC
0000
FFFC
FFFC
ENDCHAR
STARTCHAR uni2267
ENCODING 8807
SWIDTH 1000 0
DWIDTH 18 0
BBX 14 16 2 -1
BITMAP
E000
FC00
1F00
03E0
00FC
01F0
07C0
3E00
F000
C000
0000
FFFC
FFFC
0000
FFFC
FFFC
ENDCHAR
STARTCHAR uni226A
ENCODING 8810
SWIDTH 1000 0
DWIDTH 18 0
BBX 16 14 1 0
BITMAP
0041
00C3
038E
0618
1C70
38E0
E380
E380
71C0
1C60
0E38
030C
01C7
0041
ENDCHAR
STARTCHAR uni226B
ENCODING 8811
SWIDTH 1000 0
DWIDTH 18 0
BBX 16 14 1 0
BITMAP
8200
C300
71C0
1860
0E38
071C
01C7
01C7
038E
0638
1C70
30C0
E380
8200
ENDCHAR
STARTCHAR uni226E
ENCODING 8814
SWIDTH 1000 0
DWIDTH 18 0
BBX 14 15 2 -1
BITMAP
00C8
00BC
00F0
01C0
0780
1F80
7900
F100
3F00
0F00
03C0
02F0
063C
0618
0600
ENDCHAR
STARTCHAR uni226F
ENCODING 8815
SWIDTH 1000 0
DWIDTH 18 0
BBX 14 15 2 -1
BITMAP
4180
F180
3D00
0F00
0780
03E0
0378
023C
06F0
07C0
0F00
3E00
F400
6C00
0C00
ENDCHAR
STARTCHAR uni2272
ENCODING 8818
SWIDTH 1000 0
DWIDTH 18 0
BBX 14 15 2 -1
BITMAP
001C
00F8
03E0
0F00
FC00
7C00
0F00
03E0
0078
001C
0000
3C08
7F1C
E3F8
40E0
ENDCHAR
STARTCHAR uni2273
ENCODING 8819
SWIDTH 1000 0
DWIDTH 18 0
BBX 14 15 2 -1
BITMAP
E000
7C00
1F00
03E0
00FC
00F8
03C0
1F00
7C00
E000
0000
3C08
7F1C
E3F8
40E0
ENDCHAR
STARTCHAR uni2276
ENCODING 8822
SWIDTH 1000 0
DWIDTH 18 0
BBX 14 17 2 -2
BITMAP
001C
00FC
03E0
1F00
F800
3E00
07C0
E1F8
FC3C
1F04
03E0
007C
01F0
0F80
7E00
F000
8000
ENDCHAR
STARTCHAR uni2277
ENCODING 8823
SWIDTH 1000 0
DWIDTH 18 0
BBX 14 17 2 -2
BITMAP
E000
FC00
1F00
03E0
00FC
01F0
0F80
7E1C
F0FC
87E0
1F00
F800
3E00
07C0
01F8
003C
0004
ENDCHAR
STARTCHAR uni2282
ENCODING 8834
SWIDTH 1000 0
DWIDTH 18 0
BBX 14 12 2 1
BITMAP
07FC
1FFC
7800
6000
C000
C000
C000
C000
6000
7000
3FFC
0FFC
ENDCHAR
STARTCHAR uni2283
ENCODING 8835
SWIDTH 1000 0
DWIDTH 18 0
BBX 14 12 2 1
BITMAP
FF80
FFE0
0078
0018
000C
000C
000C
000C
0018
0038
FFF0
FFC0
ENDCHAR
STARTCHAR uni2284
ENCODING 8836
SWIDTH 1000 0
DWIDTH 18 0
BBX 14 15 2 -1
BITMAP
0010
07FC
1FFC
7860
6060
C0C0
C1C0
C180
C300
6300
7600
3FFC
0FFC
0C00
0400
ENDCHAR
STARTCHAR uni2285
ENCODING 8837
SWIDTH 1000 0
DWIDTH 18 0
BBX 14 15 2 -1
BITMAP
00C0
FFC0
FFE0
01F8
0318
030C
060C
060C
0C0C
0C18
1838
FFF0
FFC0
7000
2000
ENDCHAR
STARTCHAR uni2286
ENCODING 8838
SWIDTH 1000 0
DWIDTH 18 0
BBX 14 14 2 0
BITMAP
1FFC
3FFC
6000
C000
C000
C000
C000
6000
3FFC
1FFC
0000
0000
FFFC
FFFC
ENDCHAR
STARTCHAR uni2287
ENCODING 8839
SWIDTH 1000 0
DWIDTH 18 0
BBX 14 14 2 0
BITMAP
FFE0
FFF0
0018
000C
000C
000C
000C
0018
FFF0
FFE0
0000
0000
FFFC
FFFC
ENDCHAR
STARTCHAR uni228A
ENCODING 8842
SWIDTH 1000 0
DWIDTH 18 0
BBX 14 16 2 -2
BITMAP
1FFC
3FFC
6000
C000
C000
C000
C000
6000
3FFC
1FFC
0000
0180
FFFC
FFFC
0600
0200
ENDCHAR
STARTCHAR uni228B
ENCODING 8843
SWIDTH 1000 0
DWIDTH 18 0
BBX 14 16 2 -2
BITMAP
FFE0
FFF0
0018
000C
000C
000C
000C
0018
FFF0
FFE0
0000
0180
FFFC
FFFC
0600
0200
ENDCHAR
STARTCHAR uni2295
ENCODING 8853
SWIDTH 1000 0
DWIDTH 18 0
BBX 14 14 2 0
BITMAP
0200
1FE0
3CF0
7338
6318
4308
DFEC
DFEC
C30C
6318
7338
3870
1FE0
0780
ENDCHAR
STARTCHAR uni2296
ENCODING 8854
SWIDTH 1000 0
DWIDTH 18 0
BBX 14 14 2 0
BITMAP
0200
1FE0
3CF0
7038
6018
4008
DFEC
DFEC
C00C
6018
7038
3870
1FE0
0780
ENDCHAR
STARTCHAR uni2297
ENCODING 8855
SWIDTH 1000 0
DWIDTH 18 0
BBX 14 14 2 0
BITMAP
0200
1FE0
3CF0
7038
6CD8
4FC8
C78C
C78C
CFCC
6CD8
7038
3870
1FE0
0780
ENDCHAR
STARTCHAR uni2298
ENCODING 8856
SWIDTH 1000 0
DWIDTH 18 0
BBX 14 14 2 0
BITMAP
0200
1FE0
3CF0
7038
60D8
41C8
C38C
C70C
CE0C
6C18
7038
3870
1FE0
0780
ENDCHAR
STARTCHAR uni2299
ENCODING 8857
SWIDTH 1000 0
DWIDTH 18 0
BBX 14 14 2 0
BITMAP
0200
1FE0
3CF0
7038
6018
4008
C30C
C30C
C00C
6018
7038
3870
1FE0
0780
ENDCHAR
STARTCHAR uni22A0
ENCODING 8864
SWIDTH 1000 0
DWIDTH 18 0
BBX 14 14 2 0
BITMAP
FFFC
FFFC
C00C
C84C
DCEC
CFCC
C78C
C78C
CFCC
DCEC
C84C
C00C
C00C
FFFC
ENDCHAR
STARTCHAR uni22A5
ENCODING 8869
SWIDTH 1000 0
DWIDTH 18 0
BBX 14 12 2 1
BITMAP
0300
0300
0300
0300
0300
0300
0300
0300
0300
0300
0300
FFFC
ENDCHAR
STARTCHAR uni22BF
ENCODING 8895
SWIDTH 1000 0
DWIDTH 18 0
BBX 15 14 1 0
BITMAP
0002
0006
000E
001E
0036
0066
00C6
0186
0306
0606
0C06
1806
3FFE
FFFE
ENDCHAR
STARTCHAR uni22DA
ENCODING 8922
SWIDTH 1000 0
DWIDTH 18 0
BBX 14 17 2 -2
BITMAP
003C
03F8
1F80
FE00
0FC0
00FC
001C
FFFC
FFFC
8000
F800
3F00
03FC
03F0
3F00
F800
8000
ENDCHAR
STARTCHAR uni22DB
ENCODING 8923
SWIDTH 1000 0
DWIDTH 18 0
BBX 14 17 2 -2
BITMAP
F000
7F00
07E0
01FC
0FC0
FC00
E000
FFFC
FFFC
0004
007C
03F0
FF00
3F00
03F0
007C
0004
ENDCHAR
STARTCHAR uni22EF
ENCODING 8943
SWIDTH 1000 0
DWIDTH 18 0
BBX 14 3 2 5
BITMAP
C30C
C30C
C30C
ENDCHAR
STARTCHAR house
ENCODING 8962
SWIDTH 611 0
DWIDTH 11 0
BBX 8 10 1 0
BITMAP
00
18
24
42
81
81
81
81
81
FF
ENDCHAR
STARTCHAR uni2305
ENCODING 8965
SWIDTH 1000 0
DWIDTH 18 0
BBX 12 12 3 0
BITMAP
FFF0
FFF0
0400
0600
0F00
0F00
1980
30C0
70E0
6060
C030
4020
ENDCHAR
STARTCHAR uni2306
ENCODING 8966
SWIDTH 1000 0
DWIDTH 18 0
BBX 12 13 3 0
BITMAP
FFF0
0000
0000
FFF0
FFF0
0600
0F00
1980
1980
30C0
6060
C030
C030
ENDCHAR
STARTCHAR uni2307
ENCODING 8967
SWIDTH 1000 0
DWIDTH 18 0
BBX 6 18 6 -2
BITMAP
C0
60
38
0C
0C
0C
38
60
C0
C0
60
38
0C
0C
0C
38
60
C0
ENDCHAR
STARTCHAR revlogicalnot
ENCODING 8976
SWIDTH 611 0
DWIDTH 11 0
BBX 9 5 1 2
BITMAP
FF80
8000
8000
8000
8000
ENDCHAR
STARTCHAR uni2312
ENCODING 8978
SWIDTH 1000 0
DWIDTH 18 0
BBX 18 5 0 10
BITMAP
07F800
1FFE00
780780
E001C0
400080
ENDCHAR
STARTCHAR uni2318
ENCODING 8984
SWIDTH 1000 0
DWIDTH 18 0
BBX 16 16 1 -1
BITMAP
700E
8811
8421
8421
8421
7FFE
0420
0420
0420
0420
3FFC
4422
8421
8421
8811
781E
ENDCHAR
STARTCHAR integraltp
ENCODING 8992
SWIDTH 611 0
DWIDTH 11 0
BBX 4 20 5 -5
BITMAP
70
B0
80
80
80
80
80
80
80
80
80
80
80
80
80
80
80
80
80
80
ENDCHAR
STARTCHAR integralbt
ENCODING 8993
SWIDTH 611 0
DWIDTH 11 0
BBX 4 20 2 -5
BITMAP
10
10
10
10
10
10
10
10
10
10
10
10
10
10
10
10
10
10
D0
E0
ENDCHAR
STARTCHAR uni2329
ENCODING 9001
SWIDTH 1000 0
DWIDTH 18 0
BBX 7 17 10 -2
BITMAP
06
0C
0C
18
38
30
60
E0
E0
60
30
30
18
1C
0C
06
04
ENDCHAR
STARTCHAR uni232A
ENCODING 9002
SWIDTH 1000 0
DWIDTH 18 0
BBX 7 17 1 -2
BITMAP
C0
60
60
30
38
18
0C
0E
0E
0C
18
18
30
70
60
C0
40
ENDCHAR
STARTCHAR uni23B0
ENCODING 9136
SWIDTH 1000 0
DWIDTH 18 0
BBX 5 17 7 -2
BITMAP
38
60
60
60
60
60
60
60
60
60
60
60
60
60
60
60
E0
ENDCHAR
STARTCHAR uni23B1
ENCODING 9137
SWIDTH 1000 0
DWIDTH 18 0
BBX 5 18 7 -2
BITMAP
C0
60
60
60
60
60
60
60
60
60
60
60
60
60
60
60
78
38
ENDCHAR
STARTCHAR uni23BE
ENCODING 9150
SWIDTH 1000 0
DWIDTH 18 0
BBX 9 18 9 -2
BITMAP
FF80
8000
8000
8000
8000
8000
8000
8000
8000
8000
8000
8000
8000
8000
8000
8000
8000
8000
ENDCHAR
STARTCHAR uni23BF
ENCODING 9151
SWIDTH 1000 0
DWIDTH 18 0
BBX 9 18 9 -2
BITMAP
8000
8000
8000
8000
8000
8000
8000
8000
8000
8000
8000
8000
8000
8000
8000
8000
8000
FF80
ENDCHAR
STARTCHAR uni23C0
ENCODING 9152
SWIDTH 1000 0
DWIDTH 18 0
BBX 12 18 3 -2
BITMAP
0400
0400
0400
0F00
1480
2440
4420
8410
8410
8410
8410
4420
4420
34C0
0F00
0400
0400
0400
ENDCHAR
STARTCHAR uni23C1
ENCODING 9153
SWIDTH 1000 0
DWIDTH 18 0
BBX 18 18 0 -2
BITMAP
FFFFC0
008000
008000
01E000
029000
048800
088400
108200
108200
108200
108200
088400
088400
069800
01E000
008000
008000
008000
ENDCHAR
STARTCHAR uni23C2
ENCODING 9154
SWIDTH 1000 0
DWIDTH 18 0
BBX 18 18 0 -2
BITMAP
008000
008000
008000
01E000
029000
048800
088400
108200
108200
108200
108200
088400
088400
069800
01E000
008000
008000
FFFFC0
ENDCHAR
STARTCHAR uni23C3
ENCODING 9155
SWIDTH 1000 0
DWIDTH 18 0
BBX 14 18 2 -2
BITMAP
0200
0200
0200
0200
0300
0700
0680
0A40
0A40
1220
1220
2210
4208
4208
FFFC
0200
0200
0200
ENDCHAR
STARTCHAR uni23C4
ENCODING 9156
SWIDTH 1000 0
DWIDTH 18 0
BBX 18 18 0 -2
BITMAP
FFFFC0
008000
008000
008000
00C000
01C000
01A000
029000
029000
048800
048800
088400
108200
108200
3FFF00
008000
008000
008000
ENDCHAR
STARTCHAR uni23C5
ENCODING 9157
SWIDTH 1000 0
DWIDTH 18 0
BBX 18 18 0 -2
BITMAP
008000
008000
008000
008000
00C000
01C000
01A000
029000
029000
048800
048800
088400
108200
108200
3FFF00
008000
008000
FFFFC0
ENDCHAR
STARTCHAR uni23C6
ENCODING 9158
SWIDTH 1000 0
DWIDTH 18 0
BBX 12 18 3 -2
BITMAP
0400
0400
0400
0400
0400
0400
0400
3C10
4410
8210
85E0
0400
0400
0400
0400
0400
0400
0400
ENDCHAR
STARTCHAR uni23C7
ENCODING 9159
SWIDTH 1000 0
DWIDTH 18 0
BBX 18 18 0 -2
BITMAP
FFFFC0
008000
008000
008000
008000
008000
008000
078200
088200
104200
10BC00
008000
008000
008000
008000
008000
008000
008000
ENDCHAR
STARTCHAR uni23C8
ENCODING 9160
SWIDTH 1000 0
DWIDTH 18 0
BBX 18 18 0 -2
BITMAP
008000
008000
008000
008000
008000
008000
008000
078200
088200
104200
10BC00
008000
008000
008000
008000
008000
008000
FFFFC0
ENDCHAR
STARTCHAR uni23C9
ENCODING 9161
SWIDTH 1000 0
DWIDTH 18 0
BBX 18 18 0 -2
BITMAP
FFFFC0
008000
008000
008000
008000
008000
008000
008000
008000
008000
008000
008000
008000
008000
008000
008000
008000
008000
ENDCHAR
STARTCHAR uni23CA
ENCODING 9162
SWIDTH 1000 0
DWIDTH 18 0
BBX 18 18 0 -2
BITMAP
008000
008000
008000
008000
008000
008000
008000
008000
008000
008000
008000
008000
008000
008000
008000
008000
008000
FFFFC0
ENDCHAR
STARTCHAR uni23CB
ENCODING 9163
SWIDTH 1000 0
DWIDTH 18 0
BBX 9 18 0 -2
BITMAP
FF80
0080
0080
0080
0080
0080
0080
0080
0080
0080
0080
0080
0080
0080
0080
0080
0080
0080
ENDCHAR
STARTCHAR uni23CC
ENCODING 9164
SWIDTH 1000 0
DWIDTH 18 0
BBX 9 18 0 -2
BITMAP
0080
0080
0080
0080
0080
0080
0080
0080
0080
0080
0080
0080
0080
0080
0080
0080
0080
FF80
ENDCHAR
STARTCHAR uni23CE
ENCODING 9166
SWIDTH 1000 0
DWIDTH 18 0
BBX 17 17 0 -2
BITMAP
001F80
001080
001080
001080
011080
031080
051080
091080
11E080
200100
C00100
200200
11FC00
090000
050000
030000
010000
ENDCHAR
STARTCHAR uni23DA
ENCODING 9178
SWIDTH 1000 0
DWIDTH 18 0
BBX 12 15 3 -1
BITMAP
0600
0600
0600
0600
0600
0600
0600
0600
FFF0
FFF0
0000
3FC0
0000
0F00
0F00
ENDCHAR
STARTCHAR uni23DB
ENCODING 9179
SWIDTH 1000 0
DWIDTH 18 0
BBX 18 6 0 4
BITMAP
1FFE00
180600
FFFFC0
FFFFC0
180600
1FFE00
ENDCHAR
STARTCHAR uni2423
ENCODING 9251
SWIDTH 1000 0
DWIDTH 18 0
BBX 14 4 2 -2
BITMAP
8004
8004
8004
FFFC
ENDCHAR
STARTCHAR uni2460
ENCODING 9312
SWIDTH 1000 0
DWIDTH 18 0
BBX 18 17 0 -2
BITMAP
07F800
080400
100200
206100
43E080
43E080
80E080
80E040
80E040
80E040
40E080
40E080
20E100
200100
180600
061800
01E000
ENDCHAR
STARTCHAR uni2461
ENCODING 9313
SWIDTH 1000 0
DWIDTH 18 0
BBX 18 17 0 -2
BITMAP
07F800
080400
100200
21E100
43F080
423080
803080
803040
806040
80E040
418080
43F880
23F900
200100
180600
061800
01E000
ENDCHAR
STARTCHAR uni2462
ENCODING 9314
SWIDTH 1000 0
DWIDTH 18 0
BBX 18 17 0 -2
BITMAP
07F800
080400
100200
21E100
43F080
423080
803080
81E040
81F040
803840
423880
47F080
23E100
200100
180600
061800
01E000
ENDCHAR
STARTCHAR uni2463
ENCODING 9315
SWIDTH 1000 0
DWIDTH 18 0
BBX 18 17 0 -2
BITMAP
07F800
080400
100200
20E100
40E080
41E080
83E080
836040
866040
87F840
47F880
406080
206100
200100
180600
061800
01E000
ENDCHAR
STARTCHAR uni2464
ENCODING 9316
SWIDTH 1000 0
DWIDTH 18 0
BBX 18 17 0 -2
BITMAP
07F800
080400
100200
23F100
43F080
430080
830080
83F040
813840
803840
423880
47F080
21E100
200100
180600
061800
01E000
ENDCHAR
STARTCHAR uni2465
ENCODING 9317
SWIDTH 1000 0
DWIDTH 18 0
BBX 18 17 0 -2
BITMAP
07F800
080400
100200
20E100
43F080
431080
860080
86F040
87F040
863040
473080
43F080
21E100
200100
180600
061800
01E000
ENDCHAR
STARTCHAR uni2466
ENCODING 9318
SWIDTH 1000 0
DWIDTH 18 0
BBX 18 17 0 -2
BITMAP
07F800
080400
100200
23F900
43F880
403080
806080
806040
80C040
80C040
40C080
41C080
21C100
200100
180600
061800
01E000
ENDCHAR
STARTCHAR uni2467
ENCODING 9319
SWIDTH 1000 0
DWIDTH 18 0
BBX 18 17 0 -2
BITMAP
07F800
080400
100200
21E100
43F080
433080
833080
83E040
83F040
823840
461880
43F080
21E100
200100
180600
061800
01E000
ENDCHAR
STARTCHAR uni2468
ENCODING 9320
SWIDTH 1000 0
DWIDTH 18 0
BBX 18 17 0 -2
BITMAP
07F800
080400
100200
21E100
43F080
433880
831880
833840
83F840
801840
423080
43F080
21E100
200100
180600
061800
01E000
ENDCHAR
STARTCHAR uni2469
ENCODING 9321
SWIDTH 1000 0
DWIDTH 18 0
BBX 18 17 0 -2
BITMAP
07F800
080400
100200
263900
5E7C80
5E6C80
866680
86E640
86E640
866640
466C80
467C80
263900
200100
180600
061800
01E000
ENDCHAR
STARTCHAR uni246A
ENCODING 9322
SWIDTH 1000 0
DWIDTH 18 0
BBX 18 17 0 -2
BITMAP
07F800
080400
100200
231900
4F7880
4F7880
831880
831840
831840
831840
431880
431880
231900
200100
180600
061800
01E000
ENDCHAR
STARTCHAR uni246B
ENCODING 9323
SWIDTH 1000 0
DWIDTH 18 0
BBX 18 17 0 -2
BITMAP
07F800
080400
100200
263900
5EF880
5E4C80
860C80
861C40
861840
863040
467080
467C80
267D00
200100
180600
061800
01E000
ENDCHAR
STARTCHAR uni246C
ENCODING 9324
SWIDTH 1000 0
DWIDTH 18 0
BBX 18 17 0 -2
BITMAP
07F800
080400
100200
267900
5E7C80
5E4C80
860C80
863840
863C40
860C40
464C80
46FC80
267900
200100
180600
061800
01E000
ENDCHAR
STARTCHAR uni246D
ENCODING 9325
SWIDTH 1000 0
DWIDTH 18 0
BBX 18 17 0 -2
BITMAP
07F800
080400
100200
261D00
5E3C80
5E3C80
866C80
866C40
86CC40
86FC40
46FC80
460C80
260D00
200100
180600
061800
01E000
ENDCHAR
STARTCHAR uni246E
ENCODING 9326
SWIDTH 1000 0
DWIDTH 18 0
BBX 18 17 0 -2
BITMAP
07F800
080400
100200
267D00
5E7C80
5E6080
866080
867C40
864C40
860C40
464C80
46FC80
267900
200100
180600
061800
01E000
ENDCHAR
STARTCHAR uni246F
ENCODING 9327
SWIDTH 1000 0
DWIDTH 18 0
BBX 18 17 0 -2
BITMAP
07F800
080400
100200
263900
5E7C80
5E6480
864080
86DC40
86EC40
86CC40
466C80
467C80
263900
200100
180600
061800
01E000
ENDCHAR
STARTCHAR uni2470
ENCODING 9328
SWIDTH 1000 0
DWIDTH 18 0
BBX 18 17 0 -2
BITMAP
07F800
080400
100200
26FD00
5EFC80
5E0C80
861880
861840
863040
863040
463080
463080
263100
200100
180600
061800
01E000
ENDCHAR
STARTCHAR uni2471
ENCODING 9329
SWIDTH 1000 0
DWIDTH 18 0
BBX 18 17 0 -2
BITMAP
07F800
080400
100200
263900
5E7C80
5E6C80
866C80
867840
867C40
864C40
46C680
467C80
263900
200100
180600
061800
01E000
ENDCHAR
STARTCHAR uni2472
ENCODING 9330
SWIDTH 1000 0
DWIDTH 18 0
BBX 18 17 0 -2
BITMAP
07F800
080400
100200
263900
5E7C80
5E6C80
86CC80
866C40
867440
860C40
464C80
467C80
267900
200100
180600
061800
01E000
ENDCHAR
STARTCHAR uni2473
ENCODING 9331
SWIDTH 1000 0
DWIDTH 18 0
BBX 18 17 0 -2
BITMAP
07F800
080400
100200
261D00
5F3E80
49B680
81E680
836640
836640
866640
4E3680
4FBE80
2F9D00
200100
180600
061800
01E000
ENDCHAR
STARTCHAR uni2474
ENCODING 9332
SWIDTH 1000 0
DWIDTH 18 0
BBX 18 17 0 -2
BITMAP
300300
200100
60E180
43E080
43E080
40E080
40E080
40E080
C0E0C0
40E080
40E080
40E080
40E080
63F980
23F900
200100
300300
ENDCHAR
STARTCHAR uni2475
ENCODING 9333
SWIDTH 1000 0
DWIDTH 18 0
BBX 18 17 0 -2
BITMAP
300300
200100
63E180
47F080
463880
403880
403880
403080
C070C0
40E080
40E080
41C080
438080
67F980
27F900
200100
300300
ENDCHAR
STARTCHAR uni2476
ENCODING 9334
SWIDTH 1000 0
DWIDTH 18 0
BBX 18 17 0 -2
BITMAP
300300
200100
63F180
47F080
423880
403880
403080
41F080
C1E0C0
407880
403880
401880
463880
6FF980
23E100
200100
300300
ENDCHAR
STARTCHAR uni2477
ENCODING 9335
SWIDTH 1000 0
DWIDTH 18 0
BBX 18 17 0 -2
BITMAP
300300
200100
607180
40F080
41B080
41B080
43B080
433080
C630C0
4E3080
4FFC80
4FFC80
403080
603180
203100
200100
300300
ENDCHAR
STARTCHAR uni2478
ENCODING 9336
SWIDTH 1000 0
DWIDTH 18 0
BBX 18 17 0 -2
BITMAP
300300
200100
63F980
43F880
430080
430080
470080
47F080
C378C0
403880
401880
403880
463880
6FF180
23E100
200100
300300
ENDCHAR
STARTCHAR uni2479
ENCODING 9337
SWIDTH 1000 0
DWIDTH 18 0
BBX 18 17 0 -2
BITMAP
300300
200100
61F180
43F880
431080
470080
460080
46F080
C7F8C0
471880
461880
461880
471880
63F980
21F100
200100
300300
ENDCHAR
STARTCHAR uni247A
ENCODING 9338
SWIDTH 1000 0
DWIDTH 18 0
BBX 18 17 0 -2
BITMAP
300300
200100
67F980
47F880
403080
407080
406080
40E080
C0C0C0
40C080
41C080
41C080
41C080
61C180
21C100
200100
300300
ENDCHAR
STARTCHAR uni247B
ENCODING 9339
SWIDTH 1000 0
DWIDTH 18 0
BBX 18 17 0 -2
BITMAP
300300
200100
63F180
47F880
461880
461880
473880
43F080
C3F0C0
477880
461880
461880
461880
67F980
23F100
200100
300300
ENDCHAR
STARTCHAR uni247C
ENCODING 9340
SWIDTH 1000 0
DWIDTH 18 0
BBX 18 17 0 -2
BITMAP
300300
200100
63E180
47F080
463880
461880
461880
473880
C7F8C0
43D880
401880
403880
423880
67F180
23E100
200100
300300
ENDCHAR
STARTCHAR uni247D
ENCODING 9341
SWIDTH 1000 0
DWIDTH 18 0
BBX 18 17 0 -2
BITMAP
300300
200100
663980
4E7C80
466C80
466680
46C680
46C680
C6C6C0
46C680
46C680
466480
466C80
667D80
263900
200100
300300
ENDCHAR
STARTCHAR uni247E
ENCODING 9342
SWIDTH 1000 0
DWIDTH 18 0
BBX 18 17 0 -2
BITMAP
300300
200100
631980
4F7880
431880
431880
431880
431880
C318C0
431880
431880
431880
431880
631980
231900
200100
300300
ENDCHAR
STARTCHAR uni247F
ENCODING 9343
SWIDTH 1000 0
DWIDTH 18 0
BBX 18 17 0 -2
BITMAP
300300
200100
667980
4EFC80
464C80
460C80
460C80
460C80
C618C0
461880
463080
463080
466080
66FD80
26FD00
200100
300300
ENDCHAR
STARTCHAR uni2480
ENCODING 9344
SWIDTH 1000 0
DWIDTH 18 0
BBX 18 17 0 -2
BITMAP
300300
200100
66F980
4E7C80
460C80
460C80
460C80
463880
C638C0
460C80
460C80
460680
464C80
66FD80
267900
200100
300300
ENDCHAR
STARTCHAR uni2481
ENCODING 9345
SWIDTH 1000 0
DWIDTH 18 0
BBX 18 17 0 -2
BITMAP
300300
200100
661D80
4E1C80
463C80
462C80
462C80
466C80
C64CC0
46CC80
46FE80
460C80
460C80
660D80
260D00
200100
300300
ENDCHAR
STARTCHAR uni2482
ENCODING 9346
SWIDTH 1000 0
DWIDTH 18 0
BBX 18 17 0 -2
BITMAP
300300
200100
667D80
4E7C80
466080
464080
464080
467880
C64CC0
460C80
460C80
460C80
464C80
66FD80
267900
200100
300300
ENDCHAR
STARTCHAR uni2483
ENCODING 9347
SWIDTH 1000 0
DWIDTH 18 0
BBX 18 17 0 -2
BITMAP
300300
200100
663D80
4E7C80
466080
466080
464080
465C80
C6FCC0
464480
464680
466680
466C80
667D80
263900
200100
300300
ENDCHAR
STARTCHAR uni2484
ENCODING 9348
SWIDTH 1000 0
DWIDTH 18 0
BBX 18 17 0 -2
BITMAP
300300
200100
66FD80
4EFC80
461880
461880
461880
463080
C630C0
463080
463080
463080
463080
663180
263100
200100
300300
ENDCHAR
STARTCHAR uni2485
ENCODING 9349
SWIDTH 1000 0
DWIDTH 18 0
BBX 18 17 0 -2
BITMAP
300300
200100
663980
4E6C80
466480
466480
466C80
463880
C638C0
466C80
464C80
464480
464480
667D80
263900
200100
300300
ENDCHAR
STARTCHAR uni2486
ENCODING 9350
SWIDTH 1000 0
DWIDTH 18 0
BBX 18 17 0 -2
BITMAP
300300
200100
663980
4E7C80
466C80
464480
464680
466E80
C67EC0
463680
460480
460C80
464C80
667D80
267900
200100
300300
ENDCHAR
STARTCHAR uni2487
ENCODING 9351
SWIDTH 1000 0
DWIDTH 18 0
BBX 18 17 0 -2
BITMAP
300300
200100
6F3D80
5F3C80
49A680
41E680
41E680
436680
C366C0
436680
466680
466680
4C2480
6FBD80
2F9900
200100
300300
ENDCHAR
STARTCHAR uni2488
ENCODING 9352
SWIDTH 1000 0
DWIDTH 18 0
BBX 13 13 2 0
BITMAP
1C00
7C00
7C00
1C00
1C00
1C00
1C00
1C00
1C00
1C00
1C38
FF38
FF38
ENDCHAR
STARTCHAR uni2489
ENCODING 9353
SWIDTH 1000 0
DWIDTH 18 0
BBX 14 13 2 0
BITMAP
7E00
FF00
C700
0300
0300
0700
0600
0E00
1C00
3800
701C
FF9C
FF9C
ENDCHAR
STARTCHAR uni248A
ENCODING 9354
SWIDTH 1000 0
DWIDTH 18 0
BBX 14 13 2 0
BITMAP
7E00
FF00
4300
0380
0700
1E00
1E00
0700
0380
0380
C39C
FF1C
7E1C
ENDCHAR
STARTCHAR uni248B
ENCODING 9355
SWIDTH 1000 0
DWIDTH 18 0
BBX 14 13 2 0
BITMAP
0F00
0F00
1F00
3F00
3700
7700
6700
C700
FF80
FF80
071C
071C
071C
ENDCHAR
STARTCHAR uni248C
ENCODING 9356
SWIDTH 1000 0
DWIDTH 18 0
BBX 14 13 2 0
BITMAP
7F00
7F00
7000
6000
6000
7F00
7F00
0380
0380
0380
C39C
FF1C
7E1C
ENDCHAR
STARTCHAR uni248D
ENCODING 9357
SWIDTH 1000 0
DWIDTH 18 0
BBX 14 13 2 0
BITMAP
3F00
7F80
6100
E000
C000
DE00
FF00
E380
C380
E380
E39C
7F1C
3E1C
ENDCHAR
STARTCHAR uni248E
ENCODING 9358
SWIDTH 1000 0
DWIDTH 18 0
BBX 12 13 3 0
BITMAP
FF00
FF00
0700
0600
0C00
0C00
1C00
1800
1800
3800
3870
3870
3870
ENDCHAR
STARTCHAR uni248F
ENCODING 9359
SWIDTH 1000 0
DWIDTH 18 0
BBX 14 13 2 0
BITMAP
3E00
7F00
E300
E300
6300
7E00
3E00
6F00
C380
C380
E39C
FF1C
3E1C
ENDCHAR
STARTCHAR uni2490
ENCODING 9360
SWIDTH 1000 0
DWIDTH 18 0
BBX 14 13 2 0
BITMAP
3E00
7F00
E300
E380
C380
E380
7F80
3D80
0380
0380
471C
FF1C
7C1C
ENDCHAR
STARTCHAR uni2491
ENCODING 9361
SWIDTH 1000 0
DWIDTH 18 0
BBX 18 13 0 0
BITMAP
38F000
F9F800
F99800
399C00
3B8C00
3B8C00
3B8C00
3B8C00
3B8C00
399C00
399980
39FBC0
38F180
ENDCHAR
STARTCHAR uni2492
ENCODING 9362
SWIDTH 1000 0
DWIDTH 18 0
BBX 16 13 1 0
BITMAP
30E0
F3E0
F3E0
30E0
30E0
30E0
30E0
30E0
30E0
30E0
30E7
30E7
30E7
ENDCHAR
STARTCHAR uni2493
ENCODING 9363
SWIDTH 1000 0
DWIDTH 18 0
BBX 18 13 0 0
BITMAP
39F000
FBF800
F91800
181800
181800
183800
183000
187000
186000
18E000
19C180
1BFBC0
1BF980
ENDCHAR
STARTCHAR uni2494
ENCODING 9364
SWIDTH 1000 0
DWIDTH 18 0
BBX 18 13 0 0
BITMAP
39F000
FBF800
F91800
181800
181800
18F000
18F000
183800
181800
181C00
191980
1BFBC0
19F180
ENDCHAR
STARTCHAR uni2495
ENCODING 9365
SWIDTH 1000 0
DWIDTH 18 0
BBX 18 13 0 0
BITMAP
383800
F87800
F85800
18D800
18D800
19B800
19B800
1B3800
1BFC00
1BFC00
183980
183BC0
183980
ENDCHAR
STARTCHAR uni2496
ENCODING 9366
SWIDTH 1000 0
DWIDTH 18 0
BBX 18 13 0 0
BITMAP
39F800
F9F800
F98000
198000
198000
19F000
19F800
181800
181C00
181800
191980
1BFBC0
19F180
ENDCHAR
STARTCHAR uni2497
ENCODING 9367
SWIDTH 1000 0
DWIDTH 18 0
BBX 18 13 0 0
BITMAP
38F800
F9F800
F98800
198000
198000
1BF000
1BF800
1B9800
1B9C00
199C00
199980
19FBC0
18F180
ENDCHAR
STARTCHAR uni2498
ENCODING 9368
SWIDTH 1000 0
DWIDTH 18 0
BBX 16 13 1 0
BITMAP
33F8
F3F8
F038
3030
3070
3060
3060
30E0
30E0
30C0
30C7
30C7
30C7
ENDCHAR
STARTCHAR uni2499
ENCODING 9369
SWIDTH 1000 0
DWIDTH 18 0
BBX 18 13 0 0
BITMAP
38F000
F9F800
F99800
199800
199800
18F000
18F000
19B800
1B1C00
1B0C00
1B9D80
19FBC0
18F180
ENDCHAR
STARTCHAR uni249A
ENCODING 9370
SWIDTH 1000 0
DWIDTH 18 0
BBX 18 13 0 0
BITMAP
38F000
F9F800
F99800
199C00
198C00
199C00
19FC00
18EC00
180C00
181800
189980
19FBC0
19F180
ENDCHAR
STARTCHAR uni249B
ENCODING 9371
SWIDTH 1000 0
DWIDTH 18 0
BBX 18 13 0 0
BITMAP
7C7800
FCF800
4EDC00
0ECC00
0FCC00
0DCC00
0DCC00
1DCC00
39CC00
30CC00
70DD80
FEFBC0
FE7980
ENDCHAR
STARTCHAR uni249C
ENCODING 9372
SWIDTH 1000 0
DWIDTH 18 0
BBX 18 17 0 -2
BITMAP
300300
200100
600180
41E080
47F080
423880
403880
41F880
C3F8C0
473880
463880
47F880
47D880
610180
200100
200100
300300
ENDCHAR
STARTCHAR uni249D
ENCODING 9373
SWIDTH 1000 0
DWIDTH 18 0
BBX 18 17 0 -2
BITMAP
370300
270100
670180
470080
472080
47F880
47F880
471C80
C71CC0
471C80
471C80
471C80
473880
67F980
26F100
200100
300300
ENDCHAR
STARTCHAR uni249E
ENCODING 9374
SWIDTH 1000 0
DWIDTH 18 0
BBX 18 17 0 -2
BITMAP
300300
200100
600180
40F080
43F880
479080
470080
470080
C700C0
470080
470080
43F880
41F880
604180
200100
200100
300300
ENDCHAR
STARTCHAR uni249F
ENCODING 9375
SWIDTH 1000 0
DWIDTH 18 0
BBX 18 17 0 -2
BITMAP
303B00
203900
603980
403880
41B880
43F880
47F880
4E3880
CE38C0
4E3880
4E3880
4E3880
4F3880
67F980
23D900
200100
300300
ENDCHAR
STARTCHAR uni24A0
ENCODING 9376
SWIDTH 1000 0
DWIDTH 18 0
BBX 18 17 0 -2
BITMAP
300300
200100
600180
41E080
43F080
473880
471880
47F880
C7F8C0
470080
470080
43F080
41F880
604180
200100
200100
300300
ENDCHAR
STARTCHAR uni24A1
ENCODING 9377
SWIDTH 1000 0
DWIDTH 18 0
BBX 18 17 0 -2
BITMAP
30F300
21F100
61C180
418080
418080
47E080
47E080
418080
C180C0
418080
418080
418080
418080
618180
218100
200100
300300
ENDCHAR
STARTCHAR uni24A2
ENCODING 9378
SWIDTH 1000 0
DWIDTH 18 0
BBX 18 17 0 -2
BITMAP
300300
200100
63F980
437880
473080
473080
433080
43F080
C3C0C0
470080
43F080
43F880
461880
663980
27F100
21E100
300300
ENDCHAR
STARTCHAR uni24A3
ENCODING 9379
SWIDTH 1000 0
DWIDTH 18 0
BBX 18 17 0 -2
BITMAP
370300
270100
670180
470080
472080
46F880
47F880
471880
C71CC0
471C80
471C80
471C80
471C80
671D80
271D00
200100
300300
ENDCHAR
STARTCHAR uni24A4
ENCODING 9380
SWIDTH 1000 0
DWIDTH 18 0
BBX 18 17 0 -2
BITMAP
30C300
21E100
60C180
400080
400080
40C080
40C080
40C080
C0C0C0
40C080
40C080
40C080
40C080
60C180
20C100
200100
300300
ENDCHAR
STARTCHAR uni24A5
ENCODING 9381
SWIDTH 1000 0
DWIDTH 18 0
BBX 18 19 0 -3
BITMAP
00E000
30E300
20E100
600180
400080
40E080
40E080
40E080
40E080
C0E0C0
40E080
40E080
40E080
40E080
60E180
20E100
20E100
33C300
038000
ENDCHAR
STARTCHAR uni24A6
ENCODING 9382
SWIDTH 1000 0
DWIDTH 18 0
BBX 18 17 0 -2
BITMAP
370300
270100
670180
470080
470080
473880
477080
476080
C7E0C0
47E080
47E080
477080
473080
673980
271D00
200100
300300
ENDCHAR
STARTCHAR uni24A7
ENCODING 9383
SWIDTH 1000 0
DWIDTH 18 0
BBX 18 17 0 -2
BITMAP
30C300
20C100
60C180
40C080
40C080
40C080
40C080
40C080
C0C0C0
40C080
40C080
40C080
40C080
60E180
20E100
200100
300300
ENDCHAR
STARTCHAR uni24A8
ENCODING 9384
SWIDTH 1000 0
DWIDTH 18 0
BBX 18 17 0 -2
BITMAP
300300
200100
600180
4B9C80
4FFC80
4CEC80
4CCE80
4CCE80
CCCEC0
4CCE80
4CCE80
4CCE80
4CCE80
600180
200100
200100
300300
ENDCHAR
STARTCHAR uni24A9
ENCODING 9385
SWIDTH 1000 0
DWIDTH 18 0
BBX 18 17 0 -2
BITMAP
300300
200100
600180
46F080
47F880
473880
461880
461880
C618C0
461880
461880
461880
461880
600180
200100
200100
300300
ENDCHAR
STARTCHAR uni24AA
ENCODING 9386
SWIDTH 1000 0
DWIDTH 18 0
BBX 18 17 0 -2
BITMAP
300300
200100
600180
41E080
43F080
473880
4E1C80
4E1C80
CE1CC0
4E1C80
473880
47F880
43F080
60C180
200100
200100
300300
ENDCHAR
STARTCHAR uni24AB
ENCODING 9387
SWIDTH 1000 0
DWIDTH 18 0
BBX 18 17 0 -2
BITMAP
300300
200100
66F980
47F880
471C80
471C80
471C80
471C80
C71CC0
471C80
47F880
47F080
470080
670180
270100
200100
300300
ENDCHAR
STARTCHAR uni24AC
ENCODING 9388
SWIDTH 1000 0
DWIDTH 18 0
BBX 18 17 0 -2
BITMAP
300300
200100
63D980
47F880
4E3880
4E3880
4E3880
4E3880
CE38C0
4E3880
47F880
43F880
403880
603980
203900
200100
300300
ENDCHAR
STARTCHAR uni24AD
ENCODING 9389
SWIDTH 1000 0
DWIDTH 18 0
BBX 18 17 0 -2
BITMAP
300300
200100
600180
433880
437080
43C080
438080
438080
C380C0
438080
438080
438080
438080
600180
200100
200100
300300
ENDCHAR
STARTCHAR uni24AE
ENCODING 9390
SWIDTH 1000 0
DWIDTH 18 0
BBX 18 17 0 -2
BITMAP
300300
200100
600180
41F080
43F880
431080
430080
43E080
C1F0C0
403880
423880
477880
43F080
60C180
200100
200100
300300
ENDCHAR
STARTCHAR uni24AF
ENCODING 9391
SWIDTH 1000 0
DWIDTH 18 0
BBX 18 17 0 -2
BITMAP
300300
21C100
61C180
41C080
43F080
43F080
41C080
41C080
C1C0C0
41C080
41C080
41C080
41F080
60F180
200100
200100
300300
ENDCHAR
STARTCHAR uni24B0
ENCODING 9392
SWIDTH 1000 0
DWIDTH 18 0
BBX 18 17 0 -2
BITMAP
300300
200100
600180
461880
461880
461880
461880
461880
C618C0
461880
473880
47F880
47D880
610180
200100
200100
300300
ENDCHAR
STARTCHAR uni24B1
ENCODING 9393
SWIDTH 1000 0
DWIDTH 18 0
BBX 18 17 0 -2
BITMAP
300300
200100
600180
4E1C80
461C80
461880
473880
433880
C330C0
43B080
41F080
41E080
41E080
600180
200100
200100
300300
ENDCHAR
STARTCHAR uni24B2
ENCODING 9394
SWIDTH 1000 0
DWIDTH 18 0
BBX 18 17 0 -2
BITMAP
300300
200100
600180
58C680
5CC680
5DE680
4DEC80
4DEC80
CDECC0
4D2C80
4D3C80
4F3C80
473880
600180
200100
200100
300300
ENDCHAR
STARTCHAR uni24B3
ENCODING 9395
SWIDTH 1000 0
DWIDTH 18 0
BBX 18 17 0 -2
BITMAP
300300
200100
600180
4E1C80
473880
43B080
43F080
41E080
C1E0C0
43E080
437080
473880
463880
680580
200100
200100
300300
ENDCHAR
STARTCHAR uni24B4
ENCODING 9396
SWIDTH 1000 0
DWIDTH 18 0
BBX 18 17 0 -2
BITMAP
300300
200100
6E1D80
461880
471880
433880
433080
43B080
C1B0C0
41E080
41E080
40E080
40C080
67C180
278100
200100
300300
ENDCHAR
STARTCHAR uni24B5
ENCODING 9397
SWIDTH 1000 0
DWIDTH 18 0
BBX 18 17 0 -2
BITMAP
300300
200100
600180
43F880
43F880
407080
407080
40E080
C1C0C0
41C080
438080
47F880
47F880
600180
200100
200100
300300
ENDCHAR
STARTCHAR uni24B6
ENCODING 9398
SWIDTH 1000 0
DWIDTH 18 0
BBX 18 17 0 -2
BITMAP
07F800
080400
100200
20C100
41E080
41E080
81E080
833040
833040
83F040
47F880
461880
2E1D00
200100
180600
061800
01E000
ENDCHAR
STARTCHAR uni24B7
ENCODING 9399
SWIDTH 1000 0
DWIDTH 18 0
BBX 18 17 0 -2
BITMAP
07F800
080400
100200
23E100
43F080
433880
833880
83F040
83F840
831840
431880
43F880
23E100
200100
180600
061800
01E000
ENDCHAR
STARTCHAR uni24B8
ENCODING 9400
SWIDTH 1000 0
DWIDTH 18 0
BBX 18 17 0 -2
BITMAP
07F800
080400
100200
20E100
43F880
471080
860080
860040
860040
860040
471080
43F880
21F100
200100
180600
061800
01E000
ENDCHAR
STARTCHAR uni24B9
ENCODING 9401
SWIDTH 1000 0
DWIDTH 18 0
BBX 18 17 0 -2
BITMAP
07F800
080400
100200
23C100
43F080
433880
831C80
831C40
831C40
831C40
433880
43F080
23E100
200100
180600
061800
01E000
ENDCHAR
STARTCHAR uni24BA
ENCODING 9402
SWIDTH 1000 0
DWIDTH 18 0
BBX 18 17 0 -2
BITMAP
07F800
080400
100200
23F100
43F080
430080
830080
83F040
83F040
830040
430080
43F080
23F100
200100
180600
061800
01E000
ENDCHAR
STARTCHAR uni24BB
ENCODING 9403
SWIDTH 1000 0
DWIDTH 18 0
BBX 18 17 0 -2
BITMAP
07F800
080400
100200
23F100
43F080
430080
830080
83F040
83F040
830040
430080
430080
230100
200100
180600
061800
01E000
ENDCHAR
STARTCHAR uni24BC
ENCODING 9404
SWIDTH 1000 0
DWIDTH 18 0
BBX 18 17 0 -2
BITMAP
07F800
080400
100200
20E100
43F880
471080
860080
867840
867840
861840
471880
43F880
21F100
200100
180600
061800
01E000
ENDCHAR
STARTCHAR uni24BD
ENCODING 9405
SWIDTH 1000 0
DWIDTH 18 0
BBX 18 17 0 -2
BITMAP
07F800
080400
100200
261900
461880
461880
861880
87F840
87F840
861840
461880
461880
261900
200100
180600
061800
01E000
ENDCHAR
STARTCHAR uni24BE
ENCODING 9406
SWIDTH 1000 0
DWIDTH 18 0
BBX 18 17 0 -2
BITMAP
07F800
080400
100200
20C100
40C080
40C080
80C080
80C040
80C040
80C040
40C080
40C080
20C100
200100
180600
061800
01E000
ENDCHAR
STARTCHAR uni24BF
ENCODING 9407
SWIDTH 1000 0
DWIDTH 18 0
BBX 18 17 0 -2
BITMAP
07F800
080400
100200
207100
407080
407080
807080
807040
807040
807040
427080
47E080
23C100
200100
180600
061800
01E000
ENDCHAR
STARTCHAR uni24C0
ENCODING 9408
SWIDTH 1000 0
DWIDTH 18 0
BBX 18 17 0 -2
BITMAP
07F800
080400
100200
271900
473080
476080
87E080
87C040
87E040
877040
473080
473880
271D00
200100
180600
061800
01E000
ENDCHAR
STARTCHAR uni24C1
ENCODING 9409
SWIDTH 1000 0
DWIDTH 18 0
BBX 18 17 0 -2
BITMAP
07F800
080400
100200
238100
438080
438080
838080
838040
838040
838040
438080
43F080
23F100
200100
180600
061800
01E000
ENDCHAR
STARTCHAR uni24C2
ENCODING 9410
SWIDTH 1000 0
DWIDTH 18 0
BBX 18 17 0 -2
BITMAP
07F800
080400
100200
2E1D00
4E1C80
4F3C80
8F3C80
8D2C40
8DEC40
8CCC40
4CCC80
4CCC80
2C0D00
200100
180600
061800
01E000
ENDCHAR
STARTCHAR uni24C3
ENCODING 9411
SWIDTH 1000 0
DWIDTH 18 0
BBX 18 17 0 -2
BITMAP
07F800
080400
100200
261900
471880
479880
879880
86D840
86D840
867840
467880
463880
263900
200100
180600
061800
01E000
ENDCHAR
STARTCHAR uni24C4
ENCODING 9412
SWIDTH 1000 0
DWIDTH 18 0
BBX 18 17 0 -2
BITMAP
07F800
080400
100200
21E100
43F080
473880
861880
8E1C40
8E1C40
861840
473880
43F080
21E100
200100
180600
061800
01E000
ENDCHAR
STARTCHAR uni24C5
ENCODING 9413
SWIDTH 1000 0
DWIDTH 18 0
BBX 18 17 0 -2
BITMAP
07F800
080400
100200
27E100
47F880
473880
871880
871840
87F040
87C040
470080
470080
270100
200100
180600
061800
01E000
ENDCHAR
STARTCHAR uni24C6
ENCODING 9414
SWIDTH 1000 0
DWIDTH 18 0
BBX 18 17 0 -2
BITMAP
07F800
080400
100200
21E100
47F080
463880
8E1880
8E1840
8E1840
861840
47F880
43E080
20E100
207900
181E00
061800
01E000
ENDCHAR
STARTCHAR uni24C7
ENCODING 9415
SWIDTH 1000 0
DWIDTH 18 0
BBX 18 17 0 -2
BITMAP
07F800
080400
100200
23E100
43F880
431880
831880
833840
83F040
837040
433080
433880
231D00
200100
180600
061800
01E000
ENDCHAR
STARTCHAR uni24C8
ENCODING 9416
SWIDTH 1000 0
DWIDTH 18 0
BBX 18 17 0 -2
BITMAP
07F800
080400
100200
21E100
43F880
431080
830080
83E040
80F040
803840
423880
47F080
23E100
200100
180600
061800
01E000
ENDCHAR
STARTCHAR uni24C9
ENCODING 9417
SWIDTH 1000 0
DWIDTH 18 0
BBX 18 17 0 -2
BITMAP
07F800
080400
100200
27F900
47F880
40C080
80C080
80C040
80C040
80C040
40C080
40C080
20C100
200100
180600
061800
01E000
ENDCHAR
STARTCHAR uni24CA
ENCODING 9418
SWIDTH 1000 0
DWIDTH 18 0
BBX 18 17 0 -2
BITMAP
07F800
080400
100200
261900
461880
461880
861880
861840
861840
861840
473880
43F080
21E100
200100
180600
061800
01E000
ENDCHAR
STARTCHAR uni24CB
ENCODING 9419
SWIDTH 1000 0
DWIDTH 18 0
BBX 18 17 0 -2
BITMAP
07F800
080400
100200
261900
461880
473880
833080
833040
833040
81E040
41E080
41E080
21C100
200100
180600
061800
01E000
ENDCHAR
STARTCHAR uni24CC
ENCODING 9420
SWIDTH 1000 0
DWIDTH 18 0
BBX 18 17 0 -2
BITMAP
07F800
080400
100200
38C700
5CC680
4CEC80
8DEC80
8DEC40
8DEC40
8D2C40
4D3C80
473880
273900
200100
180600
061800
01E000
ENDCHAR
STARTCHAR uni24CD
ENCODING 9421
SWIDTH 1000 0
DWIDTH 18 0
BBX 18 17 0 -2
BITMAP
07F800
080400
100200
273900
433080
43B080
81E080
81E040
81E040
81E040
437080
433080
263900
200100
180600
061800
01E000
ENDCHAR
STARTCHAR uni24CE
ENCODING 9422
SWIDTH 1000 0
DWIDTH 18 0
BBX 18 17 0 -2
BITMAP
07F800
080400
100200
261900
473880
433080
83F080
81E040
81E040
80C040
40C080
40C080
20C100
200100
180600
061800
01E000
ENDCHAR
STARTCHAR uni24CF
ENCODING 9423
SWIDTH 1000 0
DWIDTH 18 0
BBX 18 17 0 -2
BITMAP
07F800
080400
100200
23F900
43F880
403080
806080
80E040
81C040
818040
430080
47F880
27F900
200100
180600
061800
01E000
ENDCHAR
STARTCHAR uni24D0
ENCODING 9424
SWIDTH 1000 0
DWIDTH 18 0
BBX 18 17 0 -2
BITMAP
07F800
080400
100200
200100
400080
43E080
813080
80F040
83B040
833040
43F080
41B080
200100
200100
180600
061800
01E000
ENDCHAR
STARTCHAR uni24D1
ENCODING 9425
SWIDTH 1000 0
DWIDTH 18 0
BBX 18 17 0 -2
BITMAP
07F800
080400
100200
230100
430080
430080
83F080
839840
831840
831840
431880
43F080
206100
200100
180600
061800
01E000
ENDCHAR
STARTCHAR uni24D2
ENCODING 9426
SWIDTH 1000 0
DWIDTH 18 0
BBX 18 17 0 -2
BITMAP
07F800
080400
100200
200100
400080
41E080
83A080
830040
830040
830040
41F080
40E080
200100
200100
180600
061800
01E000
ENDCHAR
STARTCHAR uni24D3
ENCODING 9427
SWIDTH 1000 0
DWIDTH 18 0
BBX 18 17 0 -2
BITMAP
07F800
080400
100200
203100
403080
403080
83F080
833040
833040
833040
433080
43F080
208100
200100
180600
061800
01E000
ENDCHAR
STARTCHAR uni24D4
ENCODING 9428
SWIDTH 1000 0
DWIDTH 18 0
BBX 18 17 0 -2
BITMAP
07F800
080400
100200
200100
400080
41E080
833080
833040
83F040
830040
41F080
40E080
200100
200100
180600
061800
01E000
ENDCHAR
STARTCHAR uni24D5
ENCODING 9429
SWIDTH 1000 0
DWIDTH 18 0
BBX 18 17 0 -2
BITMAP
07F800
080400
100200
20E100
40C080
40C080
81E080
80C040
80C040
80C040
40C080
40C080
200100
200100
180600
061800
01E000
ENDCHAR
STARTCHAR uni24D6
ENCODING 9430
SWIDTH 1000 0
DWIDTH 18 0
BBX 18 17 0 -2
BITMAP
07F800
080400
100200
200100
41F080
432080
832080
83E040
838040
83E040
41F080
421080
23F100
208100
180600
061800
01E000
ENDCHAR
STARTCHAR uni24D7
ENCODING 9431
SWIDTH 1000 0
DWIDTH 18 0
BBX 18 17 0 -2
BITMAP
07F800
080400
100200
230100
430080
430080
83F080
83B040
833040
833040
433080
433080
200100
200100
180600
061800
01E000
ENDCHAR
STARTCHAR uni24D8
ENCODING 9432
SWIDTH 1000 0
DWIDTH 18 0
BBX 18 17 0 -2
BITMAP
07F800
080400
100200
20C100
40C080
400080
80C080
80C040
80C040
80C040
40C080
40C080
200100
200100
180600
061800
01E000
ENDCHAR
STARTCHAR uni24D9
ENCODING 9433
SWIDTH 1000 0
DWIDTH 18 0
BBX 18 17 0 -2
BITMAP
07F800
080400
10C200
20C100
400080
40C080
80C080
80C040
80C040
80C040
40C080
40C080
20C100
21C100
190600
061800
01E000
ENDCHAR
STARTCHAR uni24DA
ENCODING 9434
SWIDTH 1000 0
DWIDTH 18 0
BBX 18 17 0 -2
BITMAP
07F800
080400
100200
230100
430080
430880
833080
836040
83C040
83E040
432080
433080
200900
200100
180600
061800
01E000
ENDCHAR
STARTCHAR uni24DB
ENCODING 9435
SWIDTH 1000 0
DWIDTH 18 0
BBX 18 17 0 -2
BITMAP
07F800
080400
100200
20C100
40C080
40C080
80C080
80C040
80C040
80C040
40C080
40C080
206100
200100
180600
061800
01E000
ENDCHAR
STARTCHAR uni24DC
ENCODING 9436
SWIDTH 1000 0
DWIDTH 18 0
BBX 18 17 0 -2
BITMAP
07F800
080400
100200
200100
400080
4FFC80
8CEC80
8CCC40
8CCC40
8CCC40
4CCC80
4CCC80
200100
200100
180600
061800
01E000
ENDCHAR
STARTCHAR uni24DD
ENCODING 9437
SWIDTH 1000 0
DWIDTH 18 0
BBX 18 17 0 -2
BITMAP
07F800
080400
100200
200100
400080
43F080
83B080
833040
833040
833040
433080
433080
200100
200100
180600
061800
01E000
ENDCHAR
STARTCHAR uni24DE
ENCODING 9438
SWIDTH 1000 0
DWIDTH 18 0
BBX 18 17 0 -2
BITMAP
07F800
080400
100200
200100
400080
41E080
833080
833040
833040
833040
43F080
40C080
200100
200100
180600
061800
01E000
ENDCHAR
STARTCHAR uni24DF
ENCODING 9439
SWIDTH 1000 0
DWIDTH 18 0
BBX 18 17 0 -2
BITMAP
07F800
080400
100200
200100
43F080
43B080
831880
831840
833040
83F040
436080
430080
230100
200100
180600
061800
01E000
ENDCHAR
STARTCHAR uni24E0
ENCODING 9440
SWIDTH 1000 0
DWIDTH 18 0
BBX 18 17 0 -2
BITMAP
07F800
080400
100200
200100
41F080
433080
833080
833040
833040
83F040
41B080
403080
203100
200100
180600
061800
01E000
ENDCHAR
STARTCHAR uni24E1
ENCODING 9441
SWIDTH 1000 0
DWIDTH 18 0
BBX 18 17 0 -2
BITMAP
07F800
080400
100200
200100
400080
41F080
81C080
818040
818040
818040
418080
418080
200100
200100
180600
061800
01E000
ENDCHAR
STARTCHAR uni24E2
ENCODING 9442
SWIDTH 1000 0
DWIDTH 18 0
BBX 18 17 0 -2
BITMAP
07F800
080400
100200
200100
400080
41F080
812080
81C040
80E040
803040
43E080
40C080
200100
200100
180600
061800
01E000
ENDCHAR
STARTCHAR uni24E3
ENCODING 9443
SWIDTH 1000 0
DWIDTH 18 0
BBX 18 17 0 -2
BITMAP
07F800
080400
100200
208100
408080
41E080
81E080
818040
818040
818040
40C080
40E080
200100
200100
180600
061800
01E000
ENDCHAR
STARTCHAR uni24E4
ENCODING 9444
SWIDTH 1000 0
DWIDTH 18 0
BBX 18 17 0 -2
BITMAP
07F800
080400
100200
200100
400080
433080
833080
833040
833040
833040
43F080
41B080
200100
200100
180600
061800
01E000
ENDCHAR
STARTCHAR uni24E5
ENCODING 9445
SWIDTH 1000 0
DWIDTH 18 0
BBX 18 17 0 -2
BITMAP
07F800
080400
100200
200100
400080
433080
833080
812040
81A040
81E040
40C080
40C080
200100
200100
180600
061800
01E000
ENDCHAR
STARTCHAR uni24E6
ENCODING 9446
SWIDTH 1000 0
DWIDTH 18 0
BBX 18 17 0 -2
BITMAP
07F800
080400
100200
200100
400080
4CCC80
8CCC80
86E840
87F840
873840
433880
433080
200100
200100
180600
061800
01E000
ENDCHAR
STARTCHAR uni24E7
ENCODING 9447
SWIDTH 1000 0
DWIDTH 18 0
BBX 18 17 0 -2
BITMAP
07F800
080400
100200
200100
400080
433080
81E080
80E040
80C040
81E040
433080
433080
200100
200100
180600
061800
01E000
ENDCHAR
STARTCHAR uni24E8
ENCODING 9448
SWIDTH 1000 0
DWIDTH 18 0
BBX 18 17 0 -2
BITMAP
07F800
080400
100200
200900
431080
433080
81B080
81A040
80E040
80E040
40C080
40C080
238100
200100
180600
061800
01E000
ENDCHAR
STARTCHAR uni24E9
ENCODING 9449
SWIDTH 1000 0
DWIDTH 18 0
BBX 18 17 0 -2
BITMAP
07F800
080400
100200
200100
400080
41F080
806080
806040
80C040
818040
43F080
43F080
200100
200100
180600
061800
01E000
ENDCHAR
STARTCHAR uni24EA
ENCODING 9450
SWIDTH 1000 0
DWIDTH 18 0
BBX 18 17 0 -2
BITMAP
07F800
080400
100200
21E100
43F080
433080
873880
861840
861840
873840
433080
43F080
21E100
200100
180600
061800
01E000
ENDCHAR
STARTCHAR uni24EB
ENCODING 9451
SWIDTH 1000 0
DWIDTH 18 0
BBX 18 17 0 -2
BITMAP
07F800
0FFC00
1FFE00
3CE700
708780
708780
7CE780
7CE780
FCE7C0
7CE780
7CE780
7CE780
3CE700
3FFF00
1FFE00
07F800
01E000
ENDCHAR
STARTCHAR uni24EC
ENCODING 9452
SWIDTH 1000 0
DWIDTH 18 0
BBX 18 17 0 -2
BITMAP
07F800
0FFC00
1FFE00
39C700
610380
61B380
79F380
79F380
F9E7C0
79C780
799F80
790380
390300
3FFF00
1FFE00
07F800
01E000
ENDCHAR
STARTCHAR uni24ED
ENCODING 9453
SWIDTH 1000 0
DWIDTH 18 0
BBX 18 17 0 -2
BITMAP
07F800
0FFC00
1FFE00
39C700
618380
61B380
79F380
79C780
F9C3C0
79F380
79F380
790380
398700
3FFF00
1FFE00
07F800
01E000
ENDCHAR
STARTCHAR uni24EE
ENCODING 9454
SWIDTH 1000 0
DWIDTH 18 0
BBX 18 17 0 -2
BITMAP
07F800
0FFC00
1FFE00
39E300
61C380
61D380
799380
799380
F933C0
790180
790180
79F380
39F300
3FFF00
1FFE00
07F800
01E000
ENDCHAR
STARTCHAR uni24EF
ENCODING 9455
SWIDTH 1000 0
DWIDTH 18 0
BBX 18 17 0 -2
BITMAP
07F800
0FFC00
1FFE00
398300
618380
619F80
799F80
798380
F9B3C0
79F380
79B380
790380
398700
3FFF00
1FFE00
07F800
01E000
ENDCHAR
STARTCHAR uni24F0
ENCODING 9456
SWIDTH 1000 0
DWIDTH 18 0
BBX 18 17 0 -2
BITMAP
07F800
0FFC00
1FFE00
39C700
618380
619F80
793F80
792380
F913C0
793B80
799380
798380
39C700
3FFF00
1FFE00
07F800
01E000
ENDCHAR
STARTCHAR uni24F1
ENCODING 9457
SWIDTH 1000 0
DWIDTH 18 0
BBX 18 17 0 -2
BITMAP
07F800
0FFC00
1FFE00
398300
618380
61F380
79E780
79E780
F9E7C0
79CF80
79CF80
79CF80
39CF00
3FFF00
1FFE00
07F800
01E000
ENDCHAR
STARTCHAR uni24F2
ENCODING 9458
SWIDTH 1000 0
DWIDTH 18 0
BBX 18 17 0 -2
BITMAP
07F800
0FFC00
1FFE00
39C700
618380
619B80
799380
79C780
F983C0
799180
79B980
798380
39C700
3FFF00
1FFE00
07F800
01E000
ENDCHAR
STARTCHAR uni24F3
ENCODING 9459
SWIDTH 1000 0
DWIDTH 18 0
BBX 18 17 0 -2
BITMAP
07F800
0FFC00
1FFE00
39C700
618380
619380
79B980
799180
F989C0
79F980
79F380
798380
398700
3FFF00
1FFE00
07F800
01E000
ENDCHAR
STARTCHAR uni24F4
ENCODING 9460
SWIDTH 1000 0
DWIDTH 18 0
BBX 18 17 0 -2
BITMAP
07F800
0FFC00
1FFE00
39E300
60C180
764980
7E9980
7C9980
FC99C0
799980
73C980
704180
306300
3FFF00
1FFE00
07F800
01E000
ENDCHAR
STARTCHAR uni24F5
ENCODING 9461
SWIDTH 1000 0
DWIDTH 18 0
BBX 18 17 0 -2
BITMAP
07F800
1B3600
2C0D00
306300
53E280
63E180
A0E140
A0E140
A0E140
A0E140
60E180
60E180
50E280
280500
173A00
0CCC00
03F000
ENDCHAR
STARTCHAR uni24F6
ENCODING 9462
SWIDTH 1000 0
DWIDTH 18 0
BBX 18 17 0 -2
BITMAP
07F800
1B3600
2C0D00
31E300
53F280
623180
A03140
A03140
A06140
A0E140
61C180
63F980
53FA80
280500
173A00
0CCC00
03F000
ENDCHAR
STARTCHAR uni24F7
ENCODING 9463
SWIDTH 1000 0
DWIDTH 18 0
BBX 18 17 0 -2
BITMAP
07F800
1B3600
2C0D00
31E300
53F280
623180
A03140
A0E140
A0F140
A03940
623980
67F180
53E280
280500
173A00
0CCC00
03F000
ENDCHAR
STARTCHAR uni24F8
ENCODING 9464
SWIDTH 1000 0
DWIDTH 18 0
BBX 18 17 0 -2
BITMAP
07F800
1B3600
2C0D00
30E300
50E280
61E180
A36140
A36140
A66140
A7F140
67F180
606180
506280
280500
173A00
0CCC00
03F000
ENDCHAR
STARTCHAR uni24F9
ENCODING 9465
SWIDTH 1000 0
DWIDTH 18 0
BBX 18 17 0 -2
BITMAP
07F800
1B3600
2C0D00
33F300
53F280
630180
A30140
A3F140
A13940
A03940
623980
67F180
51E280
280500
173A00
0CCC00
03F000
ENDCHAR
STARTCHAR uni24FA
ENCODING 9466
SWIDTH 1000 0
DWIDTH 18 0
BBX 18 17 0 -2
BITMAP
07F800
1B3600
2C0D00
30E300
53F280
631180
A60140
A6F140
A7F140
A63140
673180
63F180
51E280
280500
173A00
0CCC00
03F000
ENDCHAR
STARTCHAR uni24FB
ENCODING 9467
SWIDTH 1000 0
DWIDTH 18 0
BBX 18 17 0 -2
BITMAP
07F800
1B3600
2C0D00
33FB00
53FA80
603180
A06140
A06140
A0C140
A0C140
60C180
61C180
51C280
280500
173A00
0CCC00
03F000
ENDCHAR
STARTCHAR uni24FC
ENCODING 9468
SWIDTH 1000 0
DWIDTH 18 0
BBX 18 17 0 -2
BITMAP
07F800
1B3600
2C0D00
31E300
53F280
633180
A33140
A3E140
A3F140
A33940
661980
63F180
51E280
280500
173A00
0CCC00
03F000
ENDCHAR
STARTCHAR uni24FD
ENCODING 9469
SWIDTH 1000 0
DWIDTH 18 0
BBX 18 17 0 -2
BITMAP
07F800
1B3600
2C0D00
31E300
53F280
633980
A31940
A33940
A3F940
A01940
623180
63F180
51E280
280500
173A00
0CCC00
03F000
ENDCHAR
STARTCHAR uni24FE
ENCODING 9470
SWIDTH 1000 0
DWIDTH 18 0
BBX 18 17 0 -2
BITMAP
07F800
1B3600
2C0D00
323B00
5E7E80
6E6D80
A6CD40
A6CD40
A6CD40
A6CD40
666D80
667D80
563A80
280500
173A00
0CCC00
03F000
ENDCHAR
STARTCHAR uni24FF
ENCODING 9471
SWIDTH 1000 0
DWIDTH 18 0
BBX 18 17 0 -2
BITMAP
07F800
0FFC00
1FFE00
3E1F00
7C0F80
7CCF80
78C780
79E780
F9E7C0
78C780
7CCF80
7C0F80
3E1F00
3FFF00
1FFE00
07F800
01E000
ENDCHAR
STARTCHAR SF100000
ENCODING 9472
SWIDTH 722 0
DWIDTH 13 0
BBX 13 1 0 5
BITMAP
FFF8
ENDCHAR
STARTCHAR uni2501
ENCODING 9473
SWIDTH 1000 0
DWIDTH 18 0
BBX 18 2 0 6
BITMAP
FFFFC0
FFFFC0
ENDCHAR
STARTCHAR SF110000
ENCODING 9474
SWIDTH 611 0
DWIDTH 11 0
BBX 1 21 6 -5
BITMAP
80
80
80
80
80
80
80
80
80
80
80
80
80
80
80
80
80
80
80
80
80
ENDCHAR
STARTCHAR uni2503
ENCODING 9475
SWIDTH 1000 0
DWIDTH 18 0
BBX 2 18 8 -2
BITMAP
C0
C0
C0
C0
C0
C0
C0
C0
C0
C0
C0
C0
C0
C0
C0
C0
C0
C0
ENDCHAR
STARTCHAR uni2504
ENCODING 9476
SWIDTH 1000 0
DWIDTH 18 0
BBX 16 1 1 6
BITMAP
F3CF
ENDCHAR
STARTCHAR uni2505
ENCODING 9477
SWIDTH 1000 0
DWIDTH 18 0
BBX 16 2 1 6
BITMAP
F3CF
F3CF
ENDCHAR
STARTCHAR uni2506
ENCODING 9478
SWIDTH 1000 0
DWIDTH 18 0
BBX 1 16 9 -1
BITMAP
80
80
80
80
00
00
80
80
80
80
00
00
80
80
80
80
ENDCHAR
STARTCHAR uni2507
ENCODING 9479
SWIDTH 1000 0
DWIDTH 18 0
BBX 2 16 8 -1
BITMAP
C0
C0
C0
C0
00
00
C0
C0
C0
C0
00
00
C0
C0
C0
C0
ENDCHAR
STARTCHAR uni2508
ENCODING 9480
SWIDTH 1000 0
DWIDTH 18 0
BBX 16 1 1 6
BITMAP
EE77
ENDCHAR
STARTCHAR uni2509
ENCODING 9481
SWIDTH 1000 0
DWIDTH 18 0
BBX 16 2 1 6
BITMAP
EE77
EE77
ENDCHAR
STARTCHAR uni250A
ENCODING 9482
SWIDTH 1000 0
DWIDTH 18 0
BBX 1 17 9 -2
BITMAP
80
80
80
00
80
80
80
80
00
80
80
80
00
80
80
80
80
ENDCHAR
STARTCHAR uni250B
ENCODING 9483
SWIDTH 1000 0
DWIDTH 18 0
BBX 2 17 8 -2
BITMAP
C0
C0
C0
00
C0
C0
C0
C0
00
C0
C0
C0
00
C0
C0
C0
C0
ENDCHAR
STARTCHAR SF010000
ENCODING 9484
SWIDTH 722 0
DWIDTH 13 0
BBX 7 11 6 -5
BITMAP
FE
80
80
80
80
80
80
80
80
80
80
ENDCHAR
STARTCHAR uni250D
ENCODING 9485
SWIDTH 1000 0
DWIDTH 18 0
BBX 9 10 9 -2
BITMAP
FF80
FF80
8000
8000
8000
8000
8000
8000
8000
8000
ENDCHAR
STARTCHAR uni250E
ENCODING 9486
SWIDTH 1000 0
DWIDTH 18 0
BBX 10 9 8 -2
BITMAP
FFC0
C000
C000
C000
C000
C000
C000
C000
C000
ENDCHAR
STARTCHAR uni250F
ENCODING 9487
SWIDTH 1000 0
DWIDTH 18 0
BBX 10 10 8 -2
BITMAP
FFC0
FFC0
C000
C000
C000
C000
C000
C000
C000
C000
ENDCHAR
STARTCHAR SF030000
ENCODING 9488
SWIDTH 722 0
DWIDTH 13 0
BBX 7 11 0 -5
BITMAP
FE
02
02
02
02
02
02
02
02
02
02
ENDCHAR
STARTCHAR uni2511
ENCODING 9489
SWIDTH 1000 0
DWIDTH 18 0
BBX 9 10 0 -2
BITMAP
FF80
FF80
0080
0080
0080
0080
0080
0080
0080
0080
ENDCHAR
STARTCHAR uni2512
ENCODING 9490
SWIDTH 1000 0
DWIDTH 18 0
BBX 10 9 0 -2
BITMAP
FFC0
00C0
00C0
00C0
00C0
00C0
00C0
00C0
00C0
ENDCHAR
STARTCHAR uni2513
ENCODING 9491
SWIDTH 1000 0
DWIDTH 18 0
BBX 10 10 0 -2
BITMAP
FFC0
FFC0
00C0
00C0
00C0
00C0
00C0
00C0
00C0
00C0
ENDCHAR
STARTCHAR SF020000
ENCODING 9492
SWIDTH 722 0
DWIDTH 13 0
BBX 7 11 6 5
BITMAP
80
80
80
80
80
80
80
80
80
80
FE
ENDCHAR
STARTCHAR uni2515
ENCODING 9493
SWIDTH 1000 0
DWIDTH 18 0
BBX 9 10 9 6
BITMAP
8000
8000
8000
8000
8000
8000
8000
8000
FF80
FF80
ENDCHAR
STARTCHAR uni2516
ENCODING 9494
SWIDTH 1000 0
DWIDTH 18 0
BBX 10 10 8 6
BITMAP
C000
C000
C000
C000
C000
C000
C000
C000
C000
FFC0
ENDCHAR
STARTCHAR uni2517
ENCODING 9495
SWIDTH 1000 0
DWIDTH 18 0
BBX 10 10 8 6
BITMAP
C000
C000
C000
C000
C000
C000
C000
C000
FFC0
FFC0
ENDCHAR
STARTCHAR SF040000
ENCODING 9496
SWIDTH 722 0
DWIDTH 13 0
BBX 7 11 0 5
BITMAP
02
02
02
02
02
02
02
02
02
02
FE
ENDCHAR
STARTCHAR uni2519
ENCODING 9497
SWIDTH 1000 0
DWIDTH 18 0
BBX 9 10 0 6
BITMAP
0080
0080
0080
0080
0080
0080
0080
0080
FF80
FF80
ENDCHAR
STARTCHAR uni251A
ENCODING 9498
SWIDTH 1000 0
DWIDTH 18 0
BBX 10 10 0 6
BITMAP
00C0
00C0
00C0
00C0
00C0
00C0
00C0
00C0
00C0
FFC0
ENDCHAR
STARTCHAR uni251B
ENCODING 9499
SWIDTH 1000 0
DWIDTH 18 0
BBX 10 10 0 6
BITMAP
00C0
00C0
00C0
00C0
00C0
00C0
00C0
00C0
FFC0
FFC0
ENDCHAR
STARTCHAR SF080000
ENCODING 9500
SWIDTH 722 0
DWIDTH 13 0
BBX 7 21 6 -5
BITMAP
80
80
80
80
80
80
80
80
80
80
FE
80
80
80
80
80
80
80
80
80
80
ENDCHAR
STARTCHAR uni251D
ENCODING 9501
SWIDTH 1000 0
DWIDTH 18 0
BBX 9 18 9 -2
BITMAP
8000
8000
8000
8000
8000
8000
8000
8000
FF80
FF80
8000
8000
8000
8000
8000
8000
8000
8000
ENDCHAR
STARTCHAR uni251E
ENCODING 9502
SWIDTH 1000 0
DWIDTH 18 0
BBX 10 18 8 -2
BITMAP
C000
C000
C000
C000
C000
C000
C000
C000
C000
FFC0
8000
8000
8000
8000
8000
8000
8000
8000
ENDCHAR
STARTCHAR uni251F
ENCODING 9503
SWIDTH 1000 0
DWIDTH 18 0
BBX 10 18 8 -2
BITMAP
8000
8000
8000
8000
8000
8000
8000
8000
8000
FFC0
C000
C000
C000
C000
C000
C000
C000
C000
ENDCHAR
STARTCHAR uni2520
ENCODING 9504
SWIDTH 1000 0
DWIDTH 18 0
BBX 10 18 8 -2
BITMAP
C000
C000
C000
C000
C000
C000
C000
C000
C000
FFC0
C000
C000
C000
C000
C000
C000
C000
C000
ENDCHAR
STARTCHAR uni2521
ENCODING 9505
SWIDTH 1000 0
DWIDTH 18 0
BBX 10 18 8 -2
BITMAP
C000
C000
C000
C000
C000
C000
C000
C000
FFC0
FFC0
8000
8000
8000
8000
8000
8000
8000
8000
ENDCHAR
STARTCHAR uni2522
ENCODING 9506
SWIDTH 1000 0
DWIDTH 18 0
BBX 10 18 8 -2
BITMAP
8000
8000
8000
8000
8000
8000
8000
8000
FFC0
FFC0
C000
C000
C000
C000
C000
C000
C000
C000
ENDCHAR
STARTCHAR uni2523
ENCODING 9507
SWIDTH 1000 0
DWIDTH 18 0
BBX 10 18 8 -2
BITMAP
C000
C000
C000
C000
C000
C000
C000
C000
FFC0
FFC0
C000
C000
C000
C000
C000
C000
C000
C000
ENDCHAR
STARTCHAR SF090000
ENCODING 9508
SWIDTH 722 0
DWIDTH 13 0
BBX 7 21 0 -5
BITMAP
02
02
02
02
02
02
02
02
02
02
FE
02
02
02
02
02
02
02
02
02
02
ENDCHAR
STARTCHAR uni2525
ENCODING 9509
SWIDTH 1000 0
DWIDTH 18 0
BBX 9 18 0 -2
BITMAP
0080
0080
0080
0080
0080
0080
0080
0080
FF80
FF80
0080
0080
0080
0080
0080
0080
0080
0080
ENDCHAR
STARTCHAR uni2526
ENCODING 9510
SWIDTH 1000 0
DWIDTH 18 0
BBX 10 18 0 -2
BITMAP
00C0
00C0
00C0
00C0
00C0
00C0
00C0
00C0
00C0
FFC0
0080
0080
0080
0080
0080
0080
0080
0080
ENDCHAR
STARTCHAR uni2527
ENCODING 9511
SWIDTH 1000 0
DWIDTH 18 0
BBX 10 18 0 -2
BITMAP
0080
0080
0080
0080
0080
0080
0080
0080
0080
FFC0
00C0
00C0
00C0
00C0
00C0
00C0
00C0
00C0
ENDCHAR
STARTCHAR uni2528
ENCODING 9512
SWIDTH 1000 0
DWIDTH 18 0
BBX 10 18 0 -2
BITMAP
00C0
00C0
00C0
00C0
00C0
00C0
00C0
00C0
00C0
FFC0
00C0
00C0
00C0
00C0
00C0
00C0
00C0
00C0
ENDCHAR
STARTCHAR uni2529
ENCODING 9513
SWIDTH 1000 0
DWIDTH 18 0
BBX 10 18 0 -2
BITMAP
00C0
00C0
00C0
00C0
00C0
00C0
00C0
00C0
FFC0
FFC0
0080
0080
0080
0080
0080
0080
0080
0080
ENDCHAR
STARTCHAR uni252A
ENCODING 9514
SWIDTH 1000 0
DWIDTH 18 0
BBX 10 18 0 -2
BITMAP
0080
0080
0080
0080
0080
0080
0080
0080
FFC0
FFC0
00C0
00C0
00C0
00C0
00C0
00C0
00C0
00C0
ENDCHAR
STARTCHAR uni252B
ENCODING 9515
SWIDTH 1000 0
DWIDTH 18 0
BBX 10 18 0 -2
BITMAP
00C0
00C0
00C0
00C0
00C0
00C0
00C0
00C0
FFC0
FFC0
00C0
00C0
00C0
00C0
00C0
00C0
00C0
00C0
ENDCHAR
STARTCHAR SF060000
ENCODING 9516
SWIDTH 722 0
DWIDTH 13 0
BBX 13 11 0 -5
BITMAP
FFF8
0200
0200
0200
0200
0200
0200
0200
0200
0200
0200
ENDCHAR
STARTCHAR uni252D
ENCODING 9517
SWIDTH 1000 0
DWIDTH 18 0
BBX 18 10 0 -2
BITMAP
FF8000
FFFFC0
008000
008000
008000
008000
008000
008000
008000
008000
ENDCHAR
STARTCHAR uni252E
ENCODING 9518
SWIDTH 1000 0
DWIDTH 18 0
BBX 18 10 0 -2
BITMAP
007FC0
FFFFC0
008000
008000
008000
008000
008000
008000
008000
008000
ENDCHAR
STARTCHAR uni252F
ENCODING 9519
SWIDTH 1000 0
DWIDTH 18 0
BBX 18 10 0 -2
BITMAP
FFFFC0
FFFFC0
008000
008000
008000
008000
008000
008000
008000
008000
ENDCHAR
STARTCHAR uni2530
ENCODING 9520
SWIDTH 1000 0
DWIDTH 18 0
BBX 18 9 0 -2
BITMAP
FFFFC0
00C000
00C000
00C000
00C000
00C000
00C000
00C000
00C000
ENDCHAR
STARTCHAR uni2531
ENCODING 9521
SWIDTH 1000 0
DWIDTH 18 0
BBX 18 10 0 -2
BITMAP
FFC000
FFFFC0
00C000
00C000
00C000
00C000
00C000
00C000
00C000
00C000
ENDCHAR
STARTCHAR uni2532
ENCODING 9522
SWIDTH 1000 0
DWIDTH 18 0
BBX 18 10 0 -2
BITMAP
00FFC0
FFFFC0
00C000
00C000
00C000
00C000
00C000
00C000
00C000
00C000
ENDCHAR
STARTCHAR uni2533
ENCODING 9523
SWIDTH 1000 0
DWIDTH 18 0
BBX 18 10 0 -2
BITMAP
FFFFC0
FFFFC0
00C000
00C000
00C000
00C000
00C000
00C000
00C000
00C000
ENDCHAR
STARTCHAR SF070000
ENCODING 9524
SWIDTH 722 0
DWIDTH 13 0
BBX 13 11 0 5
BITMAP
0200
0200
0200
0200
0200
0200
0200
0200
0200
0200
FFF8
ENDCHAR
STARTCHAR uni2535
ENCODING 9525
SWIDTH 1000 0
DWIDTH 18 0
BBX 18 10 0 6
BITMAP
008000
008000
008000
008000
008000
008000
008000
008000
FF8000
FFFFC0
ENDCHAR
STARTCHAR uni2536
ENCODING 9526
SWIDTH 1000 0
DWIDTH 18 0
BBX 18 10 0 6
BITMAP
008000
008000
008000
008000
008000
008000
008000
008000
007FC0
FFFFC0
ENDCHAR
STARTCHAR uni2537
ENCODING 9527
SWIDTH 1000 0
DWIDTH 18 0
BBX 18 10 0 6
BITMAP
008000
008000
008000
008000
008000
008000
008000
008000
FFFFC0
FFFFC0
ENDCHAR
STARTCHAR uni2538
ENCODING 9528
SWIDTH 1000 0
DWIDTH 18 0
BBX 18 10 0 6
BITMAP
00C000
00C000
00C000
00C000
00C000
00C000
00C000
00C000
00C000
FFFFC0
ENDCHAR
STARTCHAR uni2539
ENCODING 9529
SWIDTH 1000 0
DWIDTH 18 0
BBX 18 10 0 6
BITMAP
00C000
00C000
00C000
00C000
00C000
00C000
00C000
00C000
FFC000
FFFFC0
ENDCHAR
STARTCHAR uni253A
ENCODING 9530
SWIDTH 1000 0
DWIDTH 18 0
BBX 18 10 0 6
BITMAP
00C000
00C000
00C000
00C000
00C000
00C000
00C000
00C000
00FFC0
FFFFC0
ENDCHAR
STARTCHAR uni253B
ENCODING 9531
SWIDTH 1000 0
DWIDTH 18 0
BBX 18 10 0 6
BITMAP
00C000
00C000
00C000
00C000
00C000
00C000
00C000
00C000
FFFFC0
FFFFC0
ENDCHAR
STARTCHAR SF050000
ENCODING 9532
SWIDTH 722 0
DWIDTH 13 0
BBX 13 21 0 -5
BITMAP
0200
0200
0200
0200
0200
0200
0200
0200
0200
0200
FFF8
0200
0200
0200
0200
0200
0200
0200
0200
0200
0200
ENDCHAR
STARTCHAR uni253D
ENCODING 9533
SWIDTH 1000 0
DWIDTH 18 0
BBX 18 18 0 -2
BITMAP
008000
008000
008000
008000
008000
008000
008000
008000
FF8000
FFFFC0
008000
008000
008000
008000
008000
008000
008000
008000
ENDCHAR
STARTCHAR uni253E
ENCODING 9534
SWIDTH 1000 0
DWIDTH 18 0
BBX 18 18 0 -2
BITMAP
008000
008000
008000
008000
008000
008000
008000
008000
007FC0
FFFFC0
008000
008000
008000
008000
008000
008000
008000
008000
ENDCHAR
STARTCHAR uni253F
ENCODING 9535
SWIDTH 1000 0
DWIDTH 18 0
BBX 18 18 0 -2
BITMAP
008000
008000
008000
008000
008000
008000
008000
008000
FFFFC0
FFFFC0
008000
008000
008000
008000
008000
008000
008000
008000
ENDCHAR
STARTCHAR uni2540
ENCODING 9536
SWIDTH 1000 0
DWIDTH 18 0
BBX 18 18 0 -2
BITMAP
00C000
00C000
00C000
00C000
00C000
00C000
00C000
00C000
00C000
FFFFC0
008000
008000
008000
008000
008000
008000
008000
008000
ENDCHAR
STARTCHAR uni2541
ENCODING 9537
SWIDTH 1000 0
DWIDTH 18 0
BBX 18 18 0 -2
BITMAP
008000
008000
008000
008000
008000
008000
008000
008000
008000
FFFFC0
00C000
00C000
00C000
00C000
00C000
00C000
00C000
00C000
ENDCHAR
STARTCHAR uni2542
ENCODING 9538
SWIDTH 1000 0
DWIDTH 18 0
BBX 18 18 0 -2
BITMAP
00C000
00C000
00C000
00C000
00C000
00C000
00C000
00C000
00C000
FFFFC0
00C000
00C000
00C000
00C000
00C000
00C000
00C000
00C000
ENDCHAR
STARTCHAR uni2543
ENCODING 9539
SWIDTH 1000 0
DWIDTH 18 0
BBX 18 18 0 -2
BITMAP
00C000
00C000
00C000
00C000
00C000
00C000
00C000
00C000
FFC000
FFFFC0
008000
008000
008000
008000
008000
008000
008000
008000
ENDCHAR
STARTCHAR uni2544
ENCODING 9540
SWIDTH 1000 0
DWIDTH 18 0
BBX 18 18 0 -2
BITMAP
00C000
00C000
00C000
00C000
00C000
00C000
00C000
00C000
00FFC0
FFFFC0
008000
008000
008000
008000
008000
008000
008000
008000
ENDCHAR
STARTCHAR uni2545
ENCODING 9541
SWIDTH 1000 0
DWIDTH 18 0
BBX 18 18 0 -2
BITMAP
008000
008000
008000
008000
008000
008000
008000
008000
FFC000
FFFFC0
00C000
00C000
00C000
00C000
00C000
00C000
00C000
00C000
ENDCHAR
STARTCHAR uni2546
ENCODING 9542
SWIDTH 1000 0
DWIDTH 18 0
BBX 18 18 0 -2
BITMAP
008000
008000
008000
008000
008000
008000
008000
008000
00FFC0
FFFFC0
00C000
00C000
00C000
00C000
00C000
00C000
00C000
00C000
ENDCHAR
STARTCHAR uni2547
ENCODING 9543
SWIDTH 1000 0
DWIDTH 18 0
BBX 18 18 0 -2
BITMAP
00C000
00C000
00C000
00C000
00C000
00C000
00C000
00C000
FFFFC0
FFFFC0
008000
008000
008000
008000
008000
008000
008000
008000
ENDCHAR
STARTCHAR uni2548
ENCODING 9544
SWIDTH 1000 0
DWIDTH 18 0
BBX 18 18 0 -2
BITMAP
008000
008000
008000
008000
008000
008000
008000
008000
FFFFC0
FFFFC0
00C000
00C000
00C000
00C000
00C000
00C000
00C000
00C000
ENDCHAR
STARTCHAR uni2549
ENCODING 9545
SWIDTH 1000 0
DWIDTH 18 0
BBX 18 18 0 -2
BITMAP
00C000
00C000
00C000
00C000
00C000
00C000
00C000
00C000
FFC000
FFFFC0
00C000
00C000
00C000
00C000
00C000
00C000
00C000
00C000
ENDCHAR
STARTCHAR uni254A
ENCODING 9546
SWIDTH 1000 0
DWIDTH 18 0
BBX 18 18 0 -2
BITMAP
00C000
00C000
00C000
00C000
00C000
00C000
00C000
00C000
00FFC0
FFFFC0
00C000
00C000
00C000
00C000
00C000
00C000
00C000
00C000
ENDCHAR
STARTCHAR uni254B
ENCODING 9547
SWIDTH 1000 0
DWIDTH 18 0
BBX 18 18 0 -2
BITMAP
00C000
00C000
00C000
00C000
00C000
00C000
00C000
00C000
FFFFC0
FFFFC0
00C000
00C000
00C000
00C000
00C000
00C000
00C000
00C000
ENDCHAR
STARTCHAR uni254C
ENCODING 9548
SWIDTH 1000 0
DWIDTH 18 0
BBX 14 1 2 6
BITMAP
F87C
ENDCHAR
STARTCHAR uni254D
ENCODING 9549
SWIDTH 1000 0
DWIDTH 18 0
BBX 14 2 2 6
BITMAP
F87C
F87C
ENDCHAR
STARTCHAR uni254E
ENCODING 9550
SWIDTH 1000 0
DWIDTH 18 0
BBX 1 14 9 0
BITMAP
80
80
80
80
80
00
00
00
00
80
80
80
80
80
ENDCHAR
STARTCHAR uni254F
ENCODING 9551
SWIDTH 1000 0
DWIDTH 18 0
BBX 2 14 8 0
BITMAP
C0
C0
C0
C0
C0
00
00
00
00
C0
C0
C0
C0
C0
ENDCHAR
STARTCHAR SF430000
ENCODING 9552
SWIDTH 722 0
DWIDTH 13 0
BBX 13 4 0 4
BITMAP
FFF8
0000
0000
FFF8
ENDCHAR
STARTCHAR SF240000
ENCODING 9553
SWIDTH 722 0
DWIDTH 13 0
BBX 4 21 4 -5
BITMAP
90
90
90
90
90
90
90
90
90
90
90
90
90
90
90
90
90
90
90
90
90
ENDCHAR
STARTCHAR SF510000
ENCODING 9554
SWIDTH 722 0
DWIDTH 13 0
BBX 7 13 6 -5
BITMAP
FE
80
80
FE
80
80
80
80
80
80
80
80
80
ENDCHAR
STARTCHAR SF520000
ENCODING 9555
SWIDTH 722 0
DWIDTH 13 0
BBX 9 11 4 -5
BITMAP
FF80
9000
9000
9000
9000
9000
9000
9000
9000
9000
9000
ENDCHAR
STARTCHAR SF390000
ENCODING 9556
SWIDTH 722 0
DWIDTH 13 0
BBX 9 13 4 -5
BITMAP
FF80
8000
8000
9F80
9000
9000
9000
9000
9000
9000
9000
9000
9000
ENDCHAR
STARTCHAR SF220000
ENCODING 9557
SWIDTH 722 0
DWIDTH 13 0
BBX 7 13 0 -5
BITMAP
FE
02
02
FE
02
02
02
02
02
02
02
02
02
ENDCHAR
STARTCHAR SF210000
ENCODING 9558
SWIDTH 722 0
DWIDTH 13 0
BBX 8 11 0 -5
BITMAP
FF
09
09
09
09
09
09
09
09
09
09
ENDCHAR
STARTCHAR SF250000
ENCODING 9559
SWIDTH 722 0
DWIDTH 13 0
BBX 8 13 0 -5
BITMAP
FF
01
01
F9
09
09
09
09
09
09
09
09
09
ENDCHAR
STARTCHAR SF500000
ENCODING 9560
SWIDTH 722 0
DWIDTH 13 0
BBX 7 12 6 4
BITMAP
80
80
80
80
80
80
80
80
FE
80
80
FE
ENDCHAR
STARTCHAR SF490000
ENCODING 9561
SWIDTH 722 0
DWIDTH 13 0
BBX 9 11 4 5
BITMAP
9000
9000
9000
9000
9000
9000
9000
9000
9000
9000
FF80
ENDCHAR
STARTCHAR SF380000
ENCODING 9562
SWIDTH 722 0
DWIDTH 13 0
BBX 9 12 4 4
BITMAP
9000
9000
9000
9000
9000
9000
9000
9000
9F80
8000
8000
FF80
ENDCHAR
STARTCHAR SF280000
ENCODING 9563
SWIDTH 722 0
DWIDTH 13 0
BBX 7 12 0 4
BITMAP
02
02
02
02
02
02
02
02
FE
02
02
FE
ENDCHAR
STARTCHAR SF270000
ENCODING 9564
SWIDTH 722 0
DWIDTH 13 0
BBX 8 11 0 5
BITMAP
09
09
09
09
09
09
09
09
09
09
FF
ENDCHAR
STARTCHAR SF260000
ENCODING 9565
SWIDTH 722 0
DWIDTH 13 0
BBX 8 12 0 4
BITMAP
09
09
09
09
09
09
09
09
F9
01
01
FF
ENDCHAR
STARTCHAR SF360000
ENCODING 9566
SWIDTH 722 0
DWIDTH 13 0
BBX 7 21 6 -5
BITMAP
80
80
80
80
80
80
80
80
FE
80
80
FE
80
80
80
80
80
80
80
80
80
ENDCHAR
STARTCHAR SF370000
ENCODING 9567
SWIDTH 722 0
DWIDTH 13 0
BBX 9 21 4 -5
BITMAP
9000
9000
9000
9000
9000
9000
9000
9000
9000
9000
9F80
9000
9000
9000
9000
9000
9000
9000
9000
9000
9000
ENDCHAR
STARTCHAR SF420000
ENCODING 9568
SWIDTH 722 0
DWIDTH 13 0
BBX 9 21 4 -5
BITMAP
9000
9000
9000
9000
9000
9000
9000
9000
9F80
8000
8000
9F80
9000
9000
9000
9000
9000
9000
9000
9000
9000
ENDCHAR
STARTCHAR SF190000
ENCODING 9569
SWIDTH 722 0
DWIDTH 13 0
BBX 7 21 0 -5
BITMAP
02
02
02
02
02
02
02
02
FE
02
02
FE
02
02
02
02
02
02
02
02
02
ENDCHAR
STARTCHAR SF200000
ENCODING 9570
SWIDTH 722 0
DWIDTH 13 0
BBX 8 21 0 -5
BITMAP
09
09
09
09
09
09
09
09
09
09
F9
09
09
09
09
09
09
09
09
09
09
ENDCHAR
STARTCHAR SF230000
ENCODING 9571
SWIDTH 722 0
DWIDTH 13 0
BBX 8 21 0 -5
BITMAP
09
09
09
09
09
09
09
09
F9
01
01
F9
09
09
09
09
09
09
09
09
09
ENDCHAR
STARTCHAR SF470000
ENCODING 9572
SWIDTH 722 0
DWIDTH 13 0
BBX 13 13 0 -5
BITMAP
FFF8
0000
0000
FFF8
0200
0200
0200
0200
0200
0200
0200
0200
0200
ENDCHAR
STARTCHAR SF480000
ENCODING 9573
SWIDTH 722 0
DWIDTH 13 0
BBX 13 11 0 -5
BITMAP
FFF8
0900
0900
0900
0900
0900
0900
0900
0900
0900
0900
ENDCHAR
STARTCHAR SF410000
ENCODING 9574
SWIDTH 722 0
DWIDTH 13 0
BBX 13 13 0 -5
BITMAP
FFF8
0000
0000
F9F8
0900
0900
0900
0900
0900
0900
0900
0900
0900
ENDCHAR
STARTCHAR SF450000
ENCODING 9575
SWIDTH 722 0
DWIDTH 13 0
BBX 13 12 0 4
BITMAP
0200
0200
0200
0200
0200
0200
0200
0200
FFF8
0000
0000
FFF8
ENDCHAR
STARTCHAR SF460000
ENCODING 9576
SWIDTH 722 0
DWIDTH 13 0
BBX 13 11 0 5
BITMAP
0900
0900
0900
0900
0900
0900
0900
0900
0900
0900
FFF8
ENDCHAR
STARTCHAR SF400000
ENCODING 9577
SWIDTH 722 0
DWIDTH 13 0
BBX 13 12 0 4
BITMAP
0900
0900
0900
0900
0900
0900
0900
0900
F9F8
0000
0000
FFF8
ENDCHAR
STARTCHAR SF540000
ENCODING 9578
SWIDTH 722 0
DWIDTH 13 0
BBX 13 21 0 -5
BITMAP
0200
0200
0200
0200
0200
0200
0200
0200
FFF8
0200
0200
FFF8
0200
0200
0200
0200
0200
0200
0200
0200
0200
ENDCHAR
STARTCHAR SF530000
ENCODING 9579
SWIDTH 722 0
DWIDTH 13 0
BBX 13 21 0 -5
BITMAP
0900
0900
0900
0900
0900
0900
0900
0900
0900
0900
FFF8
0900
0900
0900
0900
0900
0900
0900
0900
0900
0900
ENDCHAR
STARTCHAR SF440000
ENCODING 9580
SWIDTH 722 0
DWIDTH 13 0
BBX 13 21 0 -5
BITMAP
0900
0900
0900
0900
0900
0900
0900
0900
F9F8
0000
0000
F9F8
0900
0900
0900
0900
0900
0900
0900
0900
0900
ENDCHAR
STARTCHAR uni256D
ENCODING 9581
SWIDTH 1000 0
DWIDTH 18 0
BBX 9 9 9 -2
BITMAP
0780
0800
3000
2000
4000
8000
8000
8000
8000
ENDCHAR
STARTCHAR uni256E
ENCODING 9582
SWIDTH 1000 0
DWIDTH 18 0
BBX 9 9 0 -2
BITMAP
F000
0800
0600
0200
0100
0080
0080
0080
0080
ENDCHAR
STARTCHAR uni256F
ENCODING 9583
SWIDTH 1000 0
DWIDTH 18 0
BBX 9 10 0 6
BITMAP
0080
0080
0080
0080
0100
0100
0200
0C00
3000
C000
ENDCHAR
STARTCHAR uni2570
ENCODING 9584
SWIDTH 1000 0
DWIDTH 18 0
BBX 9 10 9 6
BITMAP
8000
8000
8000
8000
4000
4000
2000
1800
0600
0180
ENDCHAR
STARTCHAR uni2571
ENCODING 9585
SWIDTH 1000 0
DWIDTH 18 0
BBX 18 18 0 -2
BITMAP
000040
000080
000100
000200
000400
000800
001000
002000
004000
008000
010000
020000
040000
080000
100000
200000
400000
800000
ENDCHAR
STARTCHAR uni2572
ENCODING 9586
SWIDTH 1000 0
DWIDTH 18 0
BBX 18 18 0 -2
BITMAP
800000
400000
200000
100000
080000
040000
020000
010000
008000
004000
002000
001000
000800
000400
000200
000100
000080
000040
ENDCHAR
STARTCHAR uni2573
ENCODING 9587
SWIDTH 1000 0
DWIDTH 18 0
BBX 18 18 0 -2
BITMAP
800040
400080
200100
100200
080400
040800
021000
012000
00C000
00C000
012000
021000
040800
080400
100200
200100
400080
800040
ENDCHAR
STARTCHAR uni2574
ENCODING 9588
SWIDTH 1000 0
DWIDTH 18 0
BBX 9 1 0 6
BITMAP
FF80
ENDCHAR
STARTCHAR uni2575
ENCODING 9589
SWIDTH 1000 0
DWIDTH 18 0
BBX 1 10 9 6
BITMAP
80
80
80
80
80
80
80
80
80
80
ENDCHAR
STARTCHAR uni2576
ENCODING 9590
SWIDTH 1000 0
DWIDTH 18 0
BBX 9 1 9 6
BITMAP
FF80
ENDCHAR
STARTCHAR uni2577
ENCODING 9591
SWIDTH 1000 0
DWIDTH 18 0
BBX 1 9 9 -2
BITMAP
80
80
80
80
80
80
80
80
80
ENDCHAR
STARTCHAR uni2578
ENCODING 9592
SWIDTH 1000 0
DWIDTH 18 0
BBX 9 2 0 6
BITMAP
FF80
FF80
ENDCHAR
STARTCHAR uni2579
ENCODING 9593
SWIDTH 1000 0
DWIDTH 18 0
BBX 2 10 8 6
BITMAP
C0
C0
C0
C0
C0
C0
C0
C0
C0
C0
ENDCHAR
STARTCHAR uni257A
ENCODING 9594
SWIDTH 1000 0
DWIDTH 18 0
BBX 9 2 9 6
BITMAP
FF80
FF80
ENDCHAR
STARTCHAR uni257B
ENCODING 9595
SWIDTH 1000 0
DWIDTH 18 0
BBX 2 9 8 -2
BITMAP
C0
C0
C0
C0
C0
C0
C0
C0
C0
ENDCHAR
STARTCHAR uni257C
ENCODING 9596
SWIDTH 1000 0
DWIDTH 18 0
BBX 18 2 0 6
BITMAP
007FC0
FFFFC0
ENDCHAR
STARTCHAR uni257D
ENCODING 9597
SWIDTH 1000 0
DWIDTH 18 0
BBX 2 18 8 -2
BITMAP
80
80
80
80
80
80
80
80
80
C0
C0
C0
C0
C0
C0
C0
C0
C0
ENDCHAR
STARTCHAR uni257E
ENCODING 9598
SWIDTH 1000 0
DWIDTH 18 0
BBX 18 2 0 6
BITMAP
FF8000
FFFFC0
ENDCHAR
STARTCHAR uni257F
ENCODING 9599
SWIDTH 1000 0
DWIDTH 18 0
BBX 2 18 8 -2
BITMAP
C0
C0
C0
C0
C0
C0
C0
C0
C0
C0
80
80
80
80
80
80
80
80
ENDCHAR
STARTCHAR upblock
ENCODING 9600
SWIDTH 722 0
DWIDTH 13 0
BBX 13 11 0 5
BITMAP
FFF8
FFF8
FFF8
FFF8
FFF8
FFF8
FFF8
FFF8
FFF8
FFF8
FFF8
ENDCHAR
STARTCHAR uni2581
ENCODING 9601
SWIDTH 1000 0
DWIDTH 18 0
BBX 18 2 0 -2
BITMAP
FFFFC0
FFFFC0
ENDCHAR
STARTCHAR uni2582
ENCODING 9602
SWIDTH 1000 0
DWIDTH 18 0
BBX 18 4 0 -2
BITMAP
FFFFC0
FFFFC0
FFFFC0
FFFFC0
ENDCHAR
STARTCHAR uni2583
ENCODING 9603
SWIDTH 1000 0
DWIDTH 18 0
BBX 18 7 0 -2
BITMAP
FFFFC0
FFFFC0
FFFFC0
FFFFC0
FFFFC0
FFFFC0
FFFFC0
ENDCHAR
STARTCHAR dnblock
ENCODING 9604
SWIDTH 722 0
DWIDTH 13 0
BBX 13 10 0 -5
BITMAP
FFF8
FFF8
FFF8
FFF8
FFF8
FFF8
FFF8
FFF8
FFF8
FFF8
ENDCHAR
STARTCHAR uni2585
ENCODING 9605
SWIDTH 1000 0
DWIDTH 18 0
BBX 18 11 0 -2
BITMAP
FFFFC0
FFFFC0
FFFFC0
FFFFC0
FFFFC0
FFFFC0
FFFFC0
FFFFC0
FFFFC0
FFFFC0
FFFFC0
ENDCHAR
STARTCHAR uni2586
ENCODING 9606
SWIDTH 1000 0
DWIDTH 18 0
BBX 18 13 0 -2
BITMAP
FFFFC0
FFFFC0
FFFFC0
FFFFC0
FFFFC0
FFFFC0
FFFFC0
FFFFC0
FFFFC0
FFFFC0
FFFFC0
FFFFC0
FFFFC0
ENDCHAR
STARTCHAR uni2587
ENCODING 9607
SWIDTH 1000 0
DWIDTH 18 0
BBX 18 16 0 -2
BITMAP
FFFFC0
FFFFC0
FFFFC0
FFFFC0
FFFFC0
FFFFC0
FFFFC0
FFFFC0
FFFFC0
FFFFC0
FFFFC0
FFFFC0
FFFFC0
FFFFC0
FFFFC0
FFFFC0
ENDCHAR
STARTCHAR block
ENCODING 9608
SWIDTH 722 0
DWIDTH 13 0
BBX 13 21 0 -5
BITMAP
FFF8
FFF8
FFF8
FFF8
FFF8
FFF8
FFF8
FFF8
FFF8
FFF8
FFF8
FFF8
FFF8
FFF8
FFF8
FFF8
FFF8
FFF8
FFF8
FFF8
FFF8
ENDCHAR
STARTCHAR uni2589
ENCODING 9609
SWIDTH 1000 0
DWIDTH 18 0
BBX 16 18 0 -2
BITMAP
FFFF
FFFF
FFFF
FFFF
FFFF
FFFF
FFFF
FFFF
FFFF
FFFF
FFFF
FFFF
FFFF
FFFF
FFFF
FFFF
FFFF
FFFF
ENDCHAR
STARTCHAR uni258A
ENCODING 9610
SWIDTH 1000 0
DWIDTH 18 0
BBX 14 18 0 -2
BITMAP
FFFC
FFFC
FFFC
FFFC
FFFC
FFFC
FFFC
FFFC
FFFC
FFFC
FFFC
FFFC
FFFC
FFFC
FFFC
FFFC
FFFC
FFFC
ENDCHAR
STARTCHAR uni258B
ENCODING 9611
SWIDTH 1000 0
DWIDTH 18 0
BBX 11 18 0 -2
BITMAP
FFE0
FFE0
FFE0
FFE0
FFE0
FFE0
FFE0
FFE0
FFE0
FFE0
FFE0
FFE0
FFE0
FFE0
FFE0
FFE0
FFE0
FFE0
ENDCHAR
STARTCHAR lfblock
ENCODING 9612
SWIDTH 722 0
DWIDTH 13 0
BBX 6 21 0 -5
BITMAP
FC
FC
FC
FC
FC
FC
FC
FC
FC
FC
FC
FC
FC
FC
FC
FC
FC
FC
FC
FC
FC
ENDCHAR
STARTCHAR uni258D
ENCODING 9613
SWIDTH 1000 0
DWIDTH 18 0
BBX 7 18 0 -2
BITMAP
FE
FE
FE
FE
FE
FE
FE
FE
FE
FE
FE
FE
FE
FE
FE
FE
FE
FE
ENDCHAR
STARTCHAR uni258E
ENCODING 9614
SWIDTH 1000 0
DWIDTH 18 0
BBX 5 18 0 -2
BITMAP
F8
F8
F8
F8
F8
F8
F8
F8
F8
F8
F8
F8
F8
F8
F8
F8
F8
F8
ENDCHAR
STARTCHAR uni258F
ENCODING 9615
SWIDTH 1000 0
DWIDTH 18 0
BBX 2 18 0 -2
BITMAP
C0
C0
C0
C0
C0
C0
C0
C0
C0
C0
C0
C0
C0
C0
C0
C0
C0
C0
ENDCHAR
STARTCHAR rtblock
ENCODING 9616
SWIDTH 722 0
DWIDTH 13 0
BBX 7 21 6 -5
BITMAP
FE
FE
FE
FE
FE
FE
FE
FE
FE
FE
FE
FE
FE
FE
FE
FE
FE
FE
FE
FE
FE
ENDCHAR
STARTCHAR ltshade
ENCODING 9617
SWIDTH 722 0
DWIDTH 13 0
BBX 12 20 1 -5
BITMAP
8910
0000
2240
8910
0000
2240
0000
8910
0000
2240
8910
0000
2240
0000
8910
0000
2240
8910
0000
2240
ENDCHAR
STARTCHAR shade
ENCODING 9618
SWIDTH 722 0
DWIDTH 13 0
BBX 13 20 0 -5
BITMAP
52A8
0000
AD50
52A8
0000
AD50
0000
52A8
0000
0000
52A8
0000
AD50
0000
52A8
AD50
0000
52A8
0000
AD50
ENDCHAR
STARTCHAR dkshade
ENCODING 9619
SWIDTH 722 0
DWIDTH 13 0
BBX 13 20 0 -5
BITMAP
55A8
FFF8
AB50
55A8
FFF8
AB50
FFF8
55A8
FFF8
FFF8
55A8
FFF8
AB50
FFF8
FFF8
AB50
FFF8
55A8
FFF8
FFF0
ENDCHAR
STARTCHAR uni2594
ENCODING 9620
SWIDTH 1000 0
DWIDTH 18 0
BBX 18 2 0 14
BITMAP
FFFFC0
FFFFC0
ENDCHAR
STARTCHAR uni2595
ENCODING 9621
SWIDTH 1000 0
DWIDTH 18 0
BBX 2 18 16 -2
BITMAP
C0
C0
C0
C0
C0
C0
C0
C0
C0
C0
C0
C0
C0
C0
C0
C0
C0
C0
ENDCHAR
STARTCHAR uni2596
ENCODING 9622
SWIDTH 1000 0
DWIDTH 18 0
BBX 9 9 0 -2
BITMAP
FF80
FF80
FF80
FF80
FF80
FF80
FF80
FF80
FF80
ENDCHAR
STARTCHAR uni2597
ENCODING 9623
SWIDTH 1000 0
DWIDTH 18 0
BBX 9 9 9 -2
BITMAP
FF80
FF80
FF80
FF80
FF80
FF80
FF80
FF80
FF80
ENDCHAR
STARTCHAR uni2598
ENCODING 9624
SWIDTH 1000 0
DWIDTH 18 0
BBX 9 9 0 7
BITMAP
FF80
FF80
FF80
FF80
FF80
FF80
FF80
FF80
FF80
ENDCHAR
STARTCHAR uni2599
ENCODING 9625
SWIDTH 1000 0
DWIDTH 18 0
BBX 18 18 0 -2
BITMAP
FF8000
FF8000
FF8000
FF8000
FF8000
FF8000
FF8000
FF8000
FF8000
FFFFC0
FFFFC0
FFFFC0
FFFFC0
FFFFC0
FFFFC0
FFFFC0
FFFFC0
FFFFC0
ENDCHAR
STARTCHAR uni259A
ENCODING 9626
SWIDTH 1000 0
DWIDTH 18 0
BBX 18 18 0 -2
BITMAP
FF8000
FF8000
FF8000
FF8000
FF8000
FF8000
FF8000
FF8000
FF8000
007FC0
007FC0
007FC0
007FC0
007FC0
007FC0
007FC0
007FC0
007FC0
ENDCHAR
STARTCHAR uni259B
ENCODING 9627
SWIDTH 1000 0
DWIDTH 18 0
BBX 18 18 0 -2
BITMAP
FFFFC0
FFFFC0
FFFFC0
FFFFC0
FFFFC0
FFFFC0
FFFFC0
FFFFC0
FFFFC0
FF8000
FF8000
FF8000
FF8000
FF8000
FF8000
FF8000
FF8000
FF8000
ENDCHAR
STARTCHAR uni259C
ENCODING 9628
SWIDTH 1000 0
DWIDTH 18 0
BBX 18 18 0 -2
BITMAP
FFFFC0
FFFFC0
FFFFC0
FFFFC0
FFFFC0
FFFFC0
FFFFC0
FFFFC0
FFFFC0
007FC0
007FC0
007FC0
007FC0
007FC0
007FC0
007FC0
007FC0
007FC0
ENDCHAR
STARTCHAR uni259D
ENCODING 9629
SWIDTH 1000 0
DWIDTH 18 0
BBX 9 9 9 7
BITMAP
FF80
FF80
FF80
FF80
FF80
FF80
FF80
FF80
FF80
ENDCHAR
STARTCHAR uni259E
ENCODING 9630
SWIDTH 1000 0
DWIDTH 18 0
BBX 18 18 0 -2
BITMAP
007FC0
007FC0
007FC0
007FC0
007FC0
007FC0
007FC0
007FC0
007FC0
FF8000
FF8000
FF8000
FF8000
FF8000
FF8000
FF8000
FF8000
FF8000
ENDCHAR
STARTCHAR uni259F
ENCODING 9631
SWIDTH 1000 0
DWIDTH 18 0
BBX 18 18 0 -2
BITMAP
007FC0
007FC0
007FC0
007FC0
007FC0
007FC0
007FC0
007FC0
007FC0
FFFFC0
FFFFC0
FFFFC0
FFFFC0
FFFFC0
FFFFC0
FFFFC0
FFFFC0
FFFFC0
ENDCHAR
STARTCHAR filledbox
ENCODING 9632
SWIDTH 611 0
DWIDTH 11 0
BBX 9 9 1 1
BITMAP
FF80
FF80
FF80
FF80
FF80
FF80
FF80
FF80
FF80
ENDCHAR
STARTCHAR H22073
ENCODING 9633
SWIDTH 611 0
DWIDTH 11 0
BBX 11 11 0 0
BITMAP
FFE0
8020
8020
8020
8020
8020
8020
8020
8020
8020
FFE0
ENDCHAR
STARTCHAR uni25A2
ENCODING 9634
SWIDTH 1000 0
DWIDTH 18 0
BBX 16 16 1 -1
BITMAP
FFFF
8001
8001
8001
8001
8001
8001
8001
8001
8001
8001
8001
8001
8001
8001
FFFF
ENDCHAR
STARTCHAR uni25A3
ENCODING 9635
SWIDTH 1000 0
DWIDTH 18 0
BBX 14 14 2 0
BITMAP
FFFC
8004
8004
8004
8FC4
8FC4
8FC4
8FC4
8FC4
8FC4
8004
8004
8004
FFFC
ENDCHAR
STARTCHAR uni25A4
ENCODING 9636
SWIDTH 1000 0
DWIDTH 18 0
BBX 14 14 2 0
BITMAP
FFFC
8004
8004
FFFC
8004
8004
8004
FFFC
8004
8004
FFFC
8004
8004
FFFC
ENDCHAR
STARTCHAR uni25A5
ENCODING 9637
SWIDTH 1000 0
DWIDTH 18 0
BBX 14 14 2 0
BITMAP
FFFC
9224
9224
9224
9224
9224
9224
9224
9224
9224
9224
9224
9224
FFFC
ENDCHAR
STARTCHAR uni25A6
ENCODING 9638
SWIDTH 1000 0
DWIDTH 18 0
BBX 14 14 2 0
BITMAP
FFFC
9224
9224
FFFC
9224
9224
9224
FFFC
9224
9224
FFFC
9224
9224
FFFC
ENDCHAR
STARTCHAR uni25A7
ENCODING 9639
SWIDTH 1000 0
DWIDTH 18 0
BBX 14 14 2 0
BITMAP
FFFC
C894
A44C
9224
8914
C48C
A244
9124
C894
A44C
9224
C914
A48C
FFFC
ENDCHAR
STARTCHAR uni25A8
ENCODING 9640
SWIDTH 1000 0
DWIDTH 18 0
BBX 14 14 2 0
BITMAP
FFFC
A44C
C894
9124
A244
C48C
8914
9224
A44C
C894
9124
A24C
C49C
FFFC
ENDCHAR
STARTCHAR uni25A9
ENCODING 9641
SWIDTH 1000 0
DWIDTH 18 0
BBX 14 14 2 0
BITMAP
FFFC
ECDC
ECDC
9324
AB54
C48C
AB54
9324
ECDC
ECDC
9324
EB5C
E49C
FFFC
ENDCHAR
STARTCHAR H18543
ENCODING 9642
SWIDTH 333 0
DWIDTH 6 0
BBX 4 4 1 4
BITMAP
F0
F0
F0
F0
ENDCHAR
STARTCHAR H18551
ENCODING 9643
SWIDTH 333 0
DWIDTH 6 0
BBX 4 4 1 4
BITMAP
F0
90
90
F0
ENDCHAR
STARTCHAR filledrect
ENCODING 9644
SWIDTH 1000 0
DWIDTH 18 0
BBX 18 5 0 0
BITMAP
FFFFC0
FFFFC0
FFFFC0
FFFFC0
FFFFC0
ENDCHAR
STARTCHAR uni25B1
ENCODING 9649
SWIDTH 1000 0
DWIDTH 18 0
BBX 16 7 1 3
BITMAP
1FFF
2001
2002
4004
4004
8008
FFF8
ENDCHAR
STARTCHAR triagup
ENCODING 9650
SWIDTH 1000 0
DWIDTH 18 0
BBX 10 11 4 0
BITMAP
0000
0800
0C00
1C00
1E00
3E00
3F00
7F00
7F80
FF80
FFC0
ENDCHAR
STARTCHAR uni25B3
ENCODING 9651
SWIDTH 1000 0
DWIDTH 18 0
BBX 16 15 1 0
BITMAP
0100
0180
0180
0240
0420
0420
0810
0810
1008
1008
2004
4002
4002
8001
FFFF
ENDCHAR
STARTCHAR uni25B6
ENCODING 9654
SWIDTH 1000 0
DWIDTH 18 0
BBX 15 17 2 -2
BITMAP
8000
E000
F800
FE00
FF00
FFC0
FFF0
FFFC
FFFE
FFF8
FFE0
FF80
FE00
FC00
F000
C000
8000
ENDCHAR
STARTCHAR uni25B7
ENCODING 9655
SWIDTH 1000 0
DWIDTH 18 0
BBX 15 17 2 -2
BITMAP
C000
A000
9800
8600
8100
80C0
8030
800C
8006
8018
8060
8080
8300
8C00
B000
C000
8000
ENDCHAR
STARTCHAR triagrt
ENCODING 9658
SWIDTH 1000 0
DWIDTH 18 0
BBX 10 11 4 0
BITMAP
0000
C000
F000
FC00
FF00
FFC0
FF80
FE00
F800
E000
8000
ENDCHAR
STARTCHAR triagdn
ENCODING 9660
SWIDTH 1000 0
DWIDTH 18 0
BBX 10 10 4 0
BITMAP
FFC0
7F80
7F80
3F00
3F00
1E00
1E00
0C00
0C00
0000
ENDCHAR
STARTCHAR uni25BD
ENCODING 9661
SWIDTH 1000 0
DWIDTH 18 0
BBX 16 14 1 -1
BITMAP
FFFF
4002
4002
2004
2004
1008
0810
0810
0420
0420
0240
0240
0180
0100
ENDCHAR
STARTCHAR uni25C0
ENCODING 9664
SWIDTH 1000 0
DWIDTH 18 0
BBX 15 17 1 -2
BITMAP
0002
000E
003E
00FE
01FE
07FE
1FFE
7FFE
FFFE
3FFE
0FFE
03FE
00FE
007E
001E
0006
0002
ENDCHAR
STARTCHAR uni25C1
ENCODING 9665
SWIDTH 1000 0
DWIDTH 18 0
BBX 15 17 1 -2
BITMAP
0006
000A
0032
00C2
0102
0602
1802
6002
C002
3002
0C02
0202
0182
0062
001A
0006
0002
ENDCHAR
STARTCHAR triaglf
ENCODING 9668
SWIDTH 1000 0
DWIDTH 18 0
BBX 10 11 4 0
BITMAP
0000
00C0
03C0
0FC0
3FC0
FFC0
7FC0
1FC0
07C0
01C0
0040
ENDCHAR
STARTCHAR uni25C6
ENCODING 9670
SWIDTH 1000 0
DWIDTH 18 0
BBX 18 18 0 -2
BITMAP
008000
00C000
01E000
03F000
07F800
0FFC00
1FFE00
3FFF00
7FFF80
FFFFC0
3FFF00
1FFE00
0FFC00
07F800
03F000
01E000
00C000
008000
ENDCHAR
STARTCHAR uni25C7
ENCODING 9671
SWIDTH 1000 0
DWIDTH 18 0
BBX 18 18 0 -2
BITMAP
008000
00C000
012000
021000
040800
080400
100200
200100
400080
C000C0
200100
100200
080400
040800
021000
012000
00C000
008000
ENDCHAR
STARTCHAR uni25C9
ENCODING 9673
SWIDTH 1000 0
DWIDTH 18 0
BBX 16 16 1 -1
BITMAP
07E0
1818
2004
47E2
4FF2
9FF9
9FF9
9FF9
9FF9
9FF9
9FF9
4FF2
47E2
2004
1008
0FF0
ENDCHAR
STARTCHAR lozenge
ENCODING 9674
SWIDTH 444 0
DWIDTH 8 0
BBX 8 12 0 0
BITMAP
18
18
3C
64
66
C3
C3
66
64
3C
18
18
ENDCHAR
STARTCHAR circle
ENCODING 9675
SWIDTH 611 0
DWIDTH 11 0
BBX 8 8 1 1
BITMAP
3C
42
81
81
81
81
42
3C
ENDCHAR
STARTCHAR uni25CC
ENCODING 9676
SWIDTH 1000 0
DWIDTH 18 0
BBX 17 17 1 -2
BITMAP
096000
0C5800
300800
000600
C00000
000300
800000
800100
000180
800000
000300
C00000
400600
300200
281800
0D6000
010000
ENDCHAR
STARTCHAR uni25CE
ENCODING 9678
SWIDTH 1000 0
DWIDTH 18 0
BBX 16 16 1 -1
BITMAP
07E0
1818
2004
47E2
4812
9009
9009
9009
9009
9009
9009
4812
4662
2184
1008
0FF0
ENDCHAR
STARTCHAR H18533
ENCODING 9679
SWIDTH 611 0
DWIDTH 11 0
BBX 8 8 2 1
BITMAP
3C
7E
FF
FF
FF
FF
7E
3C
ENDCHAR
STARTCHAR uni25D0
ENCODING 9680
SWIDTH 1000 0
DWIDTH 18 0
BBX 16 16 1 -1
BITMAP
03E0
0F10
3F0C
3F02
7F02
7F01
FF01
FF01
FF01
FF01
FF01
7F02
7F02
3F04
1F18
07E0
ENDCHAR
STARTCHAR uni25D1
ENCODING 9681
SWIDTH 1000 0
DWIDTH 18 0
BBX 16 16 1 -1
BITMAP
07C0
08F0
30FC
40FC
40FE
80FE
80FF
80FF
80FF
80FF
80FF
40FE
40FE
20FC
18F8
07E0
ENDCHAR
STARTCHAR uni25D2
ENCODING 9682
SWIDTH 1000 0
DWIDTH 18 0
BBX 16 16 1 -1
BITMAP
07E0
0810
300C
4002
4002
8001
8001
8001
FFFF
FFFF
FFFF
7FFE
7FFE
3FFC
1FF8
07E0
ENDCHAR
STARTCHAR uni25D3
ENCODING 9683
SWIDTH 1000 0
DWIDTH 18 0
BBX 16 16 1 -1
BITMAP
03C0
0FF0
3FFC
3FFC
7FFE
7FFE
FFFF
FFFF
8001
8001
8001
4002
4002
2004
1818
07E0
ENDCHAR
STARTCHAR invbullet
ENCODING 9688
SWIDTH 611 0
DWIDTH 11 0
BBX 10 10 0 0
BITMAP
FFC0
E1C0
C0C0
8040
8040
8040
8040
C0C0
E1C0
FFC0
ENDCHAR
STARTCHAR invcircle
ENCODING 9689
SWIDTH 611 0
DWIDTH 11 0
BBX 10 10 0 0
BITMAP
FFC0
E1C0
DEC0
BF40
BF40
BF40
BF40
DEC0
E1C0
FFC0
ENDCHAR
STARTCHAR uni25E2
ENCODING 9698
SWIDTH 1000 0
DWIDTH 18 0
BBX 18 18 0 -2
BITMAP
000040
000040
0000C0
0001C0
0003C0
0007C0
000FC0
001FC0
003FC0
007FC0
00FFC0
01FFC0
03FFC0
07FFC0
0FFFC0
1FFFC0
3FFFC0
FFFFC0
ENDCHAR
STARTCHAR uni25E3
ENCODING 9699
SWIDTH 1000 0
DWIDTH 18 0
BBX 18 18 0 -2
BITMAP
800000
800000
C00000
E00000
F00000
F80000
FC0000
FE0000
FF0000
FF8000
FFC000
FFE000
FFF000
FFF800
FFFC00
FFFE00
FFFF00
FFFFC0
ENDCHAR
STARTCHAR uni25E4
ENCODING 9700
SWIDTH 1000 0
DWIDTH 18 0
BBX 18 18 0 -2
BITMAP
FFFFC0
FFFF80
FFFF00
FFFE00
FFFC00
FFF800
FFF000
FFE000
FFC000
FF8000
FF0000
FE0000
FC0000
F80000
F00000
E00000
C00000
800000
ENDCHAR
STARTCHAR uni25E5
ENCODING 9701
SWIDTH 1000 0
DWIDTH 18 0
BBX 18 18 0 -2
BITMAP
FFFFC0
7FFFC0
3FFFC0
1FFFC0
0FFFC0
07FFC0
03FFC0
01FFC0
00FFC0
007FC0
003FC0
001FC0
000FC0
0007C0
0003C0
0001C0
0000C0
000040
ENDCHAR
STARTCHAR openbullet
ENCODING 9702
SWIDTH 333 0
DWIDTH 6 0
BBX 4 4 1 4
BITMAP
60
90
90
60
ENDCHAR
STARTCHAR uni25EF
ENCODING 9711
SWIDTH 1000 0
DWIDTH 18 0
BBX 18 17 0 -2
BITMAP
07F800
080400
100200
200100
400080
400080
800080
800040
800040
800040
400080
400080
200100
200100
180600
061800
01E000
ENDCHAR
STARTCHAR uni2600
ENCODING 9728
SWIDTH 1000 0
DWIDTH 18 0
BBX 16 17 1 -2
BITMAP
0180
0180
2004
33CC
0FF0
0FF0
1FF8
9FF9
DFFB
1FF8
1FF8
0FF0
17E8
300C
2184
0180
0180
ENDCHAR
STARTCHAR uni2601
ENCODING 9729
SWIDTH 1000 0
DWIDTH 18 0
BBX 17 13 1 0
BITMAP
0F8000
104000
203800
202400
782200
800200
800200
800300
800080
880100
440200
3B0C00
00F000
ENDCHAR
STARTCHAR uni2602
ENCODING 9730
SWIDTH 1000 0
DWIDTH 18 0
BBX 16 16 1 -1
BITMAP
0008
0FF0
3FF8
7FFC
87FC
07FE
067E
00BF
013F
0123
0201
0401
0402
4800
4800
7000
ENDCHAR
STARTCHAR uni2603
ENCODING 9731
SWIDTH 1000 0
DWIDTH 18 0
BBX 18 17 0 -2
BITMAP
00F000
03F800
03F800
041800
0A1800
09B500
2A15C0
E9E500
1F1E00
13FA00
201D00
20D100
200100
208100
10C100
180600
07F800
ENDCHAR
STARTCHAR uni2605
ENCODING 9733
SWIDTH 1000 0
DWIDTH 18 0
BBX 16 16 1 -1
BITMAP
0100
0100
0180
0180
0180
03C0
FFFF
7FFE
1FF8
0FF0
07E0
0FF0
0FF0
0C30
1818
1008
ENDCHAR
STARTCHAR uni2606
ENCODING 9734
SWIDTH 1000 0
DWIDTH 18 0
BBX 16 16 1 -1
BITMAP
0100
0180
0180
0180
0240
0240
FE7F
6006
1008
0810
0420
0910
0990
1668
1818
1008
ENDCHAR
STARTCHAR uni2609
ENCODING 9737
SWIDTH 1000 0
DWIDTH 18 0
BBX 12 12 3 1
BITMAP
0600
1F80
30C0
6060
C030
C630
C630
C030
6060
70E0
3FC0
0F00
ENDCHAR
STARTCHAR uni260E
ENCODING 9742
SWIDTH 1000 0
DWIDTH 18 0
BBX 16 13 1 0
BITMAP
07E0
3FFC
FFFF
E427
F7EF
CFF3
0C30
1818
381C
781E
7C3E
7FFE
3FFC
ENDCHAR
STARTCHAR uni260F
ENCODING 9743
SWIDTH 1000 0
DWIDTH 18 0
BBX 18 13 0 0
BITMAP
0FFC00
300300
4DEC80
8D2C40
8DEC40
FDEFC0
0A1400
121200
240900
221100
221100
21E100
3FFF00
ENDCHAR
STARTCHAR uni2616
ENCODING 9750
SWIDTH 1000 0
DWIDTH 18 0
BBX 14 16 2 -1
BITMAP
0200
0580
1860
6010
4008
4008
4008
4008
8008
8008
8008
8004
8004
8004
8004
FFFC
ENDCHAR
STARTCHAR uni2617
ENCODING 9751
SWIDTH 1000 0
DWIDTH 18 0
BBX 14 16 2 -1
BITMAP
0200
0780
1FE0
7FF0
7FF8
7FF8
7FF8
7FF8
7FF8
FFF8
FFF8
FFF8
FFFC
FFFC
FFFC
FFFC
ENDCHAR
STARTCHAR uni261C
ENCODING 9756
SWIDTH 1000 0
DWIDTH 18 0
BBX 17 9 0 2
BITMAP
0FF000
710E00
820180
7FE080
08FE80
072080
04E080
032380
01FC00
ENDCHAR
STARTCHAR uni261D
ENCODING 9757
SWIDTH 1000 0
DWIDTH 18 0
BBX 9 17 5 -2
BITMAP
6000
5000
9000
9800
9600
B500
D680
9A80
9A80
9F80
9880
8880
4880
4900
4100
2100
3F00
ENDCHAR
STARTCHAR uni261E
ENCODING 9758
SWIDTH 1000 0
DWIDTH 18 0
BBX 16 9 1 2
BITMAP
07F8
3847
C021
83FE
BF88
8270
8390
E260
1FC0
ENDCHAR
STARTCHAR uni261F
ENCODING 9759
SWIDTH 1000 0
DWIDTH 18 0
BBX 9 17 5 -2
BITMAP
3F00
2100
4100
4900
8880
8880
9F80
9A80
9A80
D680
B780
A600
9800
9000
5000
6000
2000
ENDCHAR
STARTCHAR uni262F
ENCODING 9775
SWIDTH 1000 0
DWIDTH 18 0
BBX 16 17 1 -2
BITMAP
0FF0
1FE8
3FF4
7FF2
FE71
FFF1
FFE1
FFC1
FC01
F801
F001
F181
7182
3002
3804
0C38
03C0
ENDCHAR
STARTCHAR smileface
ENCODING 9786
SWIDTH 1000 0
DWIDTH 18 0
BBX 11 11 4 0
BITMAP
1F00
2080
4040
8020
9120
8020
8020
9120
4E40
2080
1F00
ENDCHAR
STARTCHAR invsmileface
ENCODING 9787
SWIDTH 1056 0
DWIDTH 19 0
BBX 11 11 4 0
BITMAP
1F00
3F80
7FC0
FFE0
EEE0
FFE0
FFE0
EEE0
71C0
3F80
1F00
ENDCHAR
STARTCHAR sun
ENCODING 9788
SWIDTH 944 0
DWIDTH 17 0
BBX 11 11 3 -1
BITMAP
0400
4440
2E80
1100
2080
E0E0
2080
1100
2E80
4440
0400
ENDCHAR
STARTCHAR female
ENCODING 9792
SWIDTH 778 0
DWIDTH 14 0
BBX 5 9 4 1
BITMAP
70
88
88
88
70
20
F8
20
20
ENDCHAR
STARTCHAR uni2641
ENCODING 9793
SWIDTH 1000 0
DWIDTH 18 0
BBX 12 16 3 -1
BITMAP
0600
0600
0600
0600
0600
FFF0
0600
0600
0F00
1F80
30C0
30C0
30C0
30C0
1F80
0F00
ENDCHAR
STARTCHAR male
ENCODING 9794
SWIDTH 778 0
DWIDTH 14 0
BBX 7 8 3 2
BITMAP
06
06
0A
70
88
88
88
70
ENDCHAR
STARTCHAR spade
ENCODING 9824
SWIDTH 556 0
DWIDTH 10 0
BBX 8 11 1 0
BITMAP
00
08
18
3C
7E
FF
FF
FF
6E
08
3C
ENDCHAR
STARTCHAR uni2661
ENCODING 9825
SWIDTH 1000 0
DWIDTH 18 0
BBX 16 15 1 -1
BITMAP
3E7C
4182
8181
8001
8001
4001
4002
2004
300C
1818
0C30
0620
0240
0180
0080
ENDCHAR
STARTCHAR uni2662
ENCODING 9826
SWIDTH 1000 0
DWIDTH 18 0
BBX 14 17 2 -2
BITMAP
0200
0300
0480
0C40
0840
1020
2010
4008
C00C
2010
1020
1020
0840
0480
0300
0300
0200
ENDCHAR
STARTCHAR club
ENCODING 9827
SWIDTH 667 0
DWIDTH 12 0
BBX 10 11 1 0
BITMAP
0C00
1E00
1E00
1E00
7F80
FFC0
FFC0
FFC0
7B80
0C00
1E00
ENDCHAR
STARTCHAR uni2664
ENCODING 9828
SWIDTH 1000 0
DWIDTH 18 0
BBX 16 17 1 -1
BITMAP
0100
0180
0240
0260
0420
1818
300C
2004
4002
8002
8001
8001
4182
43C2
3DBC
0240
07E0
ENDCHAR
STARTCHAR heart
ENCODING 9829
SWIDTH 611 0
DWIDTH 11 0
BBX 9 10 1 0
BITMAP
7700
F780
FF80
FF80
7F00
3E00
1C00
1C00
0800
0800
ENDCHAR
STARTCHAR diamond
ENCODING 9830
SWIDTH 500 0
DWIDTH 9 0
BBX 9 11 0 0
BITMAP
0800
0800
1C00
3E00
7F00
FF80
7F00
3E00
1C00
0800
0800
ENDCHAR
STARTCHAR uni2667
ENCODING 9831
SWIDTH 1000 0
DWIDTH 18 0
BBX 16 16 1 -1
BITMAP
0180
0660
0420
0810
0810
0810
1C38
6426
8001
8001
8001
8181
43C2
3DBC
0240
07E0
ENDCHAR
STARTCHAR uni2668
ENCODING 9832
SWIDTH 1000 0
DWIDTH 18 0
BBX 16 14 1 0
BITMAP
0590
0920
1B20
1B20
0920
0DB0
0490
249C
4492
C493
C923
6006
3FFC
1FF8
ENDCHAR
STARTCHAR uni2669
ENCODING 9833
SWIDTH 1000 0
DWIDTH 18 0
BBX 5 16 5 -1
BITMAP
08
08
08
08
08
08
08
08
08
08
08
08
08
78
F8
F0
ENDCHAR
STARTCHAR musicalnote
ENCODING 9834
SWIDTH 500 0
DWIDTH 9 0
BBX 6 10 1 0
BITMAP
10
10
18
1C
14
14
14
74
F8
E0
ENDCHAR
STARTCHAR musicalnotedbl
ENCODING 9835
SWIDTH 778 0
DWIDTH 14 0
BBX 9 10 2 0
BITMAP
0180
3E80
2180
3F80
3080
2080
2080
E380
E380
C300
ENDCHAR
STARTCHAR uni266C
ENCODING 9836
SWIDTH 1000 0
DWIDTH 18 0
BBX 15 17 0 -2
BITMAP
001E
01FE
07C2
040E
05FE
07E2
0402
0402
0402
0402
0402
041E
043E
383C
7800
F800
6000
ENDCHAR
STARTCHAR uni266D
ENCODING 9837
SWIDTH 1000 0
DWIDTH 18 0
BBX 7 16 6 -1
BITMAP
80
80
80
80
80
80
80
BE
C6
86
86
8C
98
B0
C0
80
ENDCHAR
STARTCHAR uni266E
ENCODING 9838
SWIDTH 1000 0
DWIDTH 18 0
BBX 6 16 6 -1
BITMAP
80
80
80
8C
FC
F4
84
84
84
8C
FC
FC
84
04
04
04
ENDCHAR
STARTCHAR uni266F
ENCODING 9839
SWIDTH 1000 0
DWIDTH 18 0
BBX 10 16 4 -1
BITMAP
0200
1200
1200
1200
1FC0
FFC0
F200
1200
1200
12C0
7FC0
FF00
9200
1200
1200
1200
ENDCHAR
STARTCHAR uni2672
ENCODING 9842
SWIDTH 1000 0
DWIDTH 18 0
BBX 18 17 0 -2
BITMAP
07F800
088400
08C200
112200
092400
065900
F80680
440880
840440
8A0440
501380
5F1E80
30A100
10C100
10A200
0F1C00
001000
ENDCHAR
STARTCHAR uni2673
ENCODING 9843
SWIDTH 1000 0
DWIDTH 18 0
BBX 18 17 0 -2
BITMAP
01E000
03F000
033000
061C00
0E1C00
0C3C00
04C200
31C600
78C300
38C300
60C180
60C180
C010C0
E011C0
7FFF80
1FBE00
001000
ENDCHAR
STARTCHAR uni2674
ENCODING 9844
SWIDTH 1000 0
DWIDTH 18 0
BBX 18 17 0 -2
BITMAP
01E000
03F000
033000
061C00
0E1C00
0C3C00
05C200
316600
786300
38C300
61E180
61E180
C010C0
E011C0
7FFF80
1FBE00
001000
ENDCHAR
STARTCHAR uni2675
ENCODING 9845
SWIDTH 1000 0
DWIDTH 18 0
BBX 18 17 0 -2
BITMAP
01E000
03F000
033000
061C00
0E1C00
0C3C00
05C200
316600
78C300
386300
616180
61C180
C010C0
E011C0
7FFF80
1FBE00
001000
ENDCHAR
STARTCHAR uni2676
ENCODING 9846
SWIDTH 1000 0
DWIDTH 18 0
BBX 18 17 0 -2
BITMAP
01E000
03F000
033000
061C00
0E1C00
0C3C00
04C200
30C600
794300
3BE300
604180
604180
C010C0
E011C0
7FFF80
1FBE00
001000
ENDCHAR
STARTCHAR uni2677
ENCODING 9847
SWIDTH 1000 0
DWIDTH 18 0
BBX 18 17 0 -2
BITMAP
01E000
03F000
033000
061C00
0E1C00
0C3C00
05E200
318600
79C300
386300
636180
61C180
C010C0
E011C0
7FFF80
1FBE00
001000
ENDCHAR
STARTCHAR uni2678
ENCODING 9848
SWIDTH 1000 0
DWIDTH 18 0
BBX 18 17 0 -2
BITMAP
01E000
03F000
033000
061C00
0E1C00
0C3C00
04E200
312600
79C300
396300
61E180
60C180
C010C0
E011C0
7FFF80
1FBE00
001000
ENDCHAR
STARTCHAR uni2679
ENCODING 9849
SWIDTH 1000 0
DWIDTH 18 0
BBX 18 17 0 -2
BITMAP
01E000
03F000
033000
061C00
0E1C00
0C3C00
05E200
306600
784300
38C300
608180
608180
C010C0
E011C0
7FFF80
1FBE00
001000
ENDCHAR
STARTCHAR uni267A
ENCODING 9850
SWIDTH 1000 0
DWIDTH 18 0
BBX 18 17 0 -2
BITMAP
01E000
03F000
033000
061A00
061C00
0C3C00
080200
700600
380300
380300
600180
600180
401080
602180
7FBF80
1FBE00
001000
ENDCHAR
STARTCHAR uni267B
ENCODING 9851
SWIDTH 1000 0
DWIDTH 18 0
BBX 18 17 0 -2
BITMAP
06F800
077800
0FFE00
1F3C00
0F3C00
064900
F80300
780F80
7C0780
FA07C0
701380
201080
3F3F00
1F7E00
1F3E00
0F1C00
001000
ENDCHAR
STARTCHAR uni267C
ENCODING 9852
SWIDTH 1000 0
DWIDTH 18 0
BBX 18 17 0 -2
BITMAP
07F800
0D0C00
188600
384300
70C780
7DC780
47F980
63F080
C3F0C0
47F880
67FF80
68C180
308300
30C300
1FFE00
07F800
01E000
ENDCHAR
STARTCHAR uni267D
ENCODING 9853
SWIDTH 1000 0
DWIDTH 18 0
BBX 16 17 1 -2
BITMAP
0FF0
1108
6EF4
4FFA
9E71
8EF1
F00D
B81F
FC1F
F00F
B041
AF7D
9FFA
5F7A
2044
1818
07E0
ENDCHAR
STARTCHAR uni26A0
ENCODING 9888
SWIDTH 1000 0
DWIDTH 18 0
BBX 18 16 0 -1
BITMAP
01E000
03F000
033000
061800
06C800
0CCC00
08C400
18C600
30C300
300300
60C180
40C080
C0C0C0
600180
7FFF80
1FFE00
ENDCHAR
STARTCHAR uni26BD
ENCODING 9917
SWIDTH 1000 0
DWIDTH 18 0
BBX 17 17 1 -2
BITMAP
0FF000
118800
208400
408200
C08300
C18300
F3EF00
8FF100
87E080
87E080
83C100
842100
481200
381E00
381C00
0C3000
03C000
ENDCHAR
STARTCHAR uni26BE
ENCODING 9918
SWIDTH 1000 0
DWIDTH 18 0
BBX 16 16 1 -1
BITMAP
07E0
1818
381C
4002
4422
8001
8241
8241
8001
8241
8001
4422
4422
381C
1008
0FF0
ENDCHAR
STARTCHAR uni2702
ENCODING 9986
SWIDTH 1000 0
DWIDTH 18 0
BBX 16 13 1 0
BITMAP
F000
8800
C807
381C
0E70
01C0
0300
06E0
3818
4806
8801
8800
7000
ENDCHAR
STARTCHAR uni2713
ENCODING 10003
SWIDTH 722 0
DWIDTH 13 0
BBX 13 14 0 0
BITMAP
0010
0038
0070
0060
00C0
01C0
0180
4300
E300
6600
3600
3600
1C00
1C00
ENDCHAR
STARTCHAR uni271A
ENCODING 10010
SWIDTH 1000 0
DWIDTH 18 0
BBX 16 15 1 -1
BITMAP
03C0
03C0
03C0
03C0
03C0
FFFF
FFFF
FFFF
FFFF
03C0
03C0
03C0
03C0
03C0
03C0
ENDCHAR
STARTCHAR uni273D
ENCODING 10045
SWIDTH 1000 0
DWIDTH 18 0
BBX 12 13 3 0
BITMAP
0600
0600
4620
E670
74E0
0D00
0600
7DE0
F6F0
E670
0600
0600
0600
ENDCHAR
STARTCHAR uni273F
ENCODING 10047
SWIDTH 1000 0
DWIDTH 18 0
BBX 18 16 0 -1
BITMAP
03F000
03F000
03F000
31E300
39E700
3CCF00
7EDF80
FF3FC0
7C0F80
03F000
07F800
1F3E00
3F3F00
3F3F00
073800
061800
ENDCHAR
STARTCHAR uni2740
ENCODING 10048
SWIDTH 1000 0
DWIDTH 18 0
BBX 18 16 0 -1
BITMAP
03F000
021000
021000
312300
492480
254900
42D080
812040
7E1F80
03F000
0CCC00
10C200
214100
392700
052800
061800
ENDCHAR
STARTCHAR uni2756
ENCODING 10070
SWIDTH 1000 0
DWIDTH 18 0
BBX 18 17 0 -2
BITMAP
00C000
01E000
03F000
03F000
01E000
10C200
380700
7C0F80
FE1FC0
3C0F00
188600
00C000
01E000
03F000
01E000
00C000
008000
ENDCHAR
STARTCHAR uni2776
ENCODING 10102
SWIDTH 1000 0
DWIDTH 18 0
BBX 18 17 0 -2
BITMAP
07F800
0FFC00
1FFE00
3F9F00
7C1F80
7C1F80
7F1F80
7F1F80
FF1FC0
7F1F80
7F1F80
7F1F80
3F1F00
3FFF00
1FFE00
07F800
01E000
ENDCHAR
STARTCHAR uni2777
ENCODING 10103
SWIDTH 1000 0
DWIDTH 18 0
BBX 18 17 0 -2
BITMAP
07F800
0FFC00
1FFE00
3E1F00
7C0F80
7DCF80
7FCF80
7FCF80
FF9FC0
7F1F80
7E7F80
7C0780
3C0700
3FFF00
1FFE00
07F800
01E000
ENDCHAR
STARTCHAR uni2778
ENCODING 10104
SWIDTH 1000 0
DWIDTH 18 0
BBX 18 17 0 -2
BITMAP
07F800
0FFC00
1FFE00
3E1F00
7C0F80
7DCF80
7FCF80
7E1F80
FE0FC0
7FC780
7DC780
780F80
3C1F00
3FFF00
1FFE00
07F800
01E000
ENDCHAR
STARTCHAR uni2779
ENCODING 10105
SWIDTH 1000 0
DWIDTH 18 0
BBX 18 17 0 -2
BITMAP
07F800
0FFC00
1FFE00
3F1F00
7F1F80
7E5F80
7C9F80
7C9F80
F99FC0
780780
780780
7F9F80
3F9F00
3FFF00
1FFE00
07F800
01E000
ENDCHAR
STARTCHAR uni277A
ENCODING 10106
SWIDTH 1000 0
DWIDTH 18 0
BBX 18 17 0 -2
BITMAP
07F800
0FFC00
1FFE00
3C0F00
7C0F80
7CFF80
7CFF80
7C0F80
FEC7C0
7FC780
7DC780
780F80
3E1F00
3FFF00
1FFE00
07F800
01E000
ENDCHAR
STARTCHAR uni277B
ENCODING 10107
SWIDTH 1000 0
DWIDTH 18 0
BBX 18 17 0 -2
BITMAP
07F800
0FFC00
1FFE00
3F1F00
7C0F80
7CFF80
79FF80
790F80
F88FC0
79CF80
78CF80
7C0F80
3E1F00
3FFF00
1FFE00
07F800
01E000
ENDCHAR
STARTCHAR uni277C
ENCODING 10108
SWIDTH 1000 0
DWIDTH 18 0
BBX 18 17 0 -2
BITMAP
07F800
0FFC00
1FFE00
3C0700
7C0780
7FCF80
7F9F80
7F9F80
FF3FC0
7F3F80
7F3F80
7E3F80
3E3F00
3FFF00
1FFE00
07F800
01E000
ENDCHAR
STARTCHAR uni277D
ENCODING 10109
SWIDTH 1000 0
DWIDTH 18 0
BBX 18 17 0 -2
BITMAP
07F800
0FFC00
1FFE00
3E1F00
7C0F80
7CCF80
7CCF80
7E1F80
FC0FC0
7DC780
79E780
7C0F80
3E1F00
3FFF00
1FFE00
07F800
01E000
ENDCHAR
STARTCHAR uni277E
ENCODING 10110
SWIDTH 1000 0
DWIDTH 18 0
BBX 18 17 0 -2
BITMAP
07F800
0FFC00
1FFE00
3E1F00
7C0F80
7CC780
7CE780
7CC780
FC27C0
7FE780
7FCF80
7C0F80
3E1F00
3FFF00
1FFE00
07F800
01E000
ENDCHAR
STARTCHAR uni277F
ENCODING 10111
SWIDTH 1000 0
DWIDTH 18 0
BBX 18 17 0 -2
BITMAP
07F800
0FFC00
1FFE00
39C700
618380
619380
799980
791980
F919C0
799980
799380
798380
39C700
3FFF00
1FFE00
07F800
01E000
ENDCHAR
STARTCHAR uni2780
ENCODING 10112
SWIDTH 1000 0
DWIDTH 18 0
BBX 18 17 0 -2
BITMAP
07F800
080400
100200
206100
43E080
43E080
80E080
80E040
80E040
80E040
40E080
40E080
20E100
200100
180600
061800
01E000
ENDCHAR
STARTCHAR uni2781
ENCODING 10113
SWIDTH 1000 0
DWIDTH 18 0
BBX 18 17 0 -2
BITMAP
07F800
080400
100200
21E100
43F080
423080
803080
803040
806040
80E040
418080
43F880
23F900
200100
180600
061800
01E000
ENDCHAR
STARTCHAR uni2782
ENCODING 10114
SWIDTH 1000 0
DWIDTH 18 0
BBX 18 17 0 -2
BITMAP
07F800
080400
100200
21E100
43F080
423080
803080
81E040
81F040
803840
423880
47F080
23E100
200100
180600
061800
01E000
ENDCHAR
STARTCHAR uni2783
ENCODING 10115
SWIDTH 1000 0
DWIDTH 18 0
BBX 18 17 0 -2
BITMAP
07F800
080400
100200
20E100
40E080
41E080
83E080
836040
866040
87F840
47F880
406080
206100
200100
180600
061800
01E000
ENDCHAR
STARTCHAR uni2784
ENCODING 10116
SWIDTH 1000 0
DWIDTH 18 0
BBX 18 17 0 -2
BITMAP
07F800
080400
100200
23F100
43F080
430080
830080
83F040
813840
803840
423880
47F080
21E100
200100
180600
061800
01E000
ENDCHAR
STARTCHAR uni2785
ENCODING 10117
SWIDTH 1000 0
DWIDTH 18 0
BBX 18 17 0 -2
BITMAP
07F800
080400
100200
20E100
43F080
431080
860080
86F040
87F040
863040
473080
43F080
21E100
200100
180600
061800
01E000
ENDCHAR
STARTCHAR uni2786
ENCODING 10118
SWIDTH 1000 0
DWIDTH 18 0
BBX 18 17 0 -2
BITMAP
07F800
080400
100200
23F900
43F880
403080
806080
806040
80C040
80C040
40C080
41C080
21C100
200100
180600
061800
01E000
ENDCHAR
STARTCHAR uni2787
ENCODING 10119
SWIDTH 1000 0
DWIDTH 18 0
BBX 18 17 0 -2
BITMAP
07F800
080400
100200
21E100
43F080
433080
833080
83E040
83F040
823840
461880
43F080
21E100
200100
180600
061800
01E000
ENDCHAR
STARTCHAR uni2788
ENCODING 10120
SWIDTH 1000 0
DWIDTH 18 0
BBX 18 17 0 -2
BITMAP
07F800
080400
100200
21E100
43F080
433880
831880
833840
83F840
801840
423080
43F080
21E100
200100
180600
061800
01E000
ENDCHAR
STARTCHAR uni2789
ENCODING 10121
SWIDTH 1000 0
DWIDTH 18 0
BBX 18 17 0 -2
BITMAP
07F800
080400
100200
263900
5E7C80
5E6C80
866680
86E640
86E640
866640
466C80
467C80
263900
200100
180600
061800
01E000
ENDCHAR
STARTCHAR uni278A
ENCODING 10122
SWIDTH 1000 0
DWIDTH 18 0
BBX 18 17 0 -2
BITMAP
07F800
0FFC00
1FFE00
3F9F00
7C1F80
7C1F80
7F1F80
7F1F80
FF1FC0
7F1F80
7F1F80
7F1F80
3F1F00
3FFF00
1FFE00
07F800
01E000
ENDCHAR
STARTCHAR uni278B
ENCODING 10123
SWIDTH 1000 0
DWIDTH 18 0
BBX 18 17 0 -2
BITMAP
07F800
0FFC00
1FFE00
3E1F00
7C0F80
7DCF80
7FCF80
7FCF80
FF9FC0
7F1F80
7E7F80
7C0780
3C0700
3FFF00
1FFE00
07F800
01E000
ENDCHAR
STARTCHAR uni278C
ENCODING 10124
SWIDTH 1000 0
DWIDTH 18 0
BBX 18 17 0 -2
BITMAP
07F800
0FFC00
1FFE00
3E1F00
7C0F80
7DCF80
7FCF80
7E1F80
FE0FC0
7FC780
7DC780
780F80
3C1F00
3FFF00
1FFE00
07F800
01E000
ENDCHAR
STARTCHAR uni278D
ENCODING 10125
SWIDTH 1000 0
DWIDTH 18 0
BBX 18 17 0 -2
BITMAP
07F800
0FFC00
1FFE00
3F1F00
7F1F80
7E5F80
7C9F80
7C9F80
F99FC0
780780
780780
7F9F80
3F9F00
3FFF00
1FFE00
07F800
01E000
ENDCHAR
STARTCHAR uni278E
ENCODING 10126
SWIDTH 1000 0
DWIDTH 18 0
BBX 18 17 0 -2
BITMAP
07F800
0FFC00
1FFE00
3C0F00
7C0F80
7CFF80
7CFF80
7C0F80
FEC7C0
7FC780
7DC780
780F80
3E1F00
3FFF00
1FFE00
07F800
01E000
ENDCHAR
STARTCHAR uni278F
ENCODING 10127
SWIDTH 1000 0
DWIDTH 18 0
BBX 18 17 0 -2
BITMAP
07F800
0FFC00
1FFE00
3F1F00
7C0F80
7CFF80
79FF80
790F80
F88FC0
79CF80
78CF80
7C0F80
3E1F00
3FFF00
1FFE00
07F800
01E000
ENDCHAR
STARTCHAR uni2790
ENCODING 10128
SWIDTH 1000 0
DWIDTH 18 0
BBX 18 17 0 -2
BITMAP
07F800
0FFC00
1FFE00
3C0700
7C0780
7FCF80
7F9F80
7F9F80
FF3FC0
7F3F80
7F3F80
7E3F80
3E3F00
3FFF00
1FFE00
07F800
01E000
ENDCHAR
STARTCHAR uni2791
ENCODING 10129
SWIDTH 1000 0
DWIDTH 18 0
BBX 18 17 0 -2
BITMAP
07F800
0FFC00
1FFE00
3E1F00
7C0F80
7CCF80
7CCF80
7E1F80
FC0FC0
7DC780
79E780
7C0F80
3E1F00
3FFF00
1FFE00
07F800
01E000
ENDCHAR
STARTCHAR uni2792
ENCODING 10130
SWIDTH 1000 0
DWIDTH 18 0
BBX 18 17 0 -2
BITMAP
07F800
0FFC00
1FFE00
3E1F00
7C0F80
7CC780
7CE780
7CC780
FC27C0
7FE780
7FCF80
7C0F80
3E1F00
3FFF00
1FFE00
07F800
01E000
ENDCHAR
STARTCHAR uni2793
ENCODING 10131
SWIDTH 1000 0
DWIDTH 18 0
BBX 18 17 0 -2
BITMAP
07F800
0FFC00
1FFE00
39C700
618380
619380
799980
791980
F919C0
799980
799380
798380
39C700
3FFF00
1FFE00
07F800
01E000
ENDCHAR
STARTCHAR uni27A1
ENCODING 10145
SWIDTH 1000 0
DWIDTH 18 0
BBX 16 12 1 1
BITMAP
0040
0060
0070
FFF8
FFFC
FFFF
FFFF
FFFE
FFFC
0078
0060
0040
ENDCHAR
STARTCHAR uni2934
ENCODING 10548
SWIDTH 1000 0
DWIDTH 18 0
BBX 17 16 1 -1
BITMAP
000800
001C00
003E00
007F00
00EB80
004900
001800
001800
001800
001800
003000
003000
00E000
03C000
3F8000
FC0000
ENDCHAR
STARTCHAR uni2935
ENCODING 10549
SWIDTH 1000 0
DWIDTH 18 0
BBX 17 17 1 -2
BITMAP
F80000
FF0000
03C000
00E000
007000
003000
001800
001800
001800
001800
005900
00EB80
006F00
003E00
001C00
000800
000800
ENDCHAR
STARTCHAR uni29BF
ENCODING 10687
SWIDTH 1000 0
DWIDTH 18 0
BBX 16 16 1 -1
BITMAP
07E0
1818
2004
4002
4002
8181
83C1
87E1
87E1
87E1
83C1
4002
4002
2004
1008
0FF0
ENDCHAR
STARTCHAR uni29FA
ENCODING 10746
SWIDTH 1000 0
DWIDTH 18 0
BBX 14 14 2 0
BITMAP
0CC0
0CC0
0CC0
0CC0
0CC0
0CC0
FFFC
FFFC
0CC0
0CC0
0CC0
0CC0
0CC0
0CC0
ENDCHAR
STARTCHAR uni29FB
ENCODING 10747
SWIDTH 1000 0
DWIDTH 18 0
BBX 14 14 2 0
BITMAP
1B60
1B60
1B60
1B60
1B60
1B60
FFFC
FFFC
1B60
1B60
1B60
1B60
1B60
1B60
ENDCHAR
STARTCHAR uni2B05
ENCODING 11013
SWIDTH 1000 0
DWIDTH 18 0
BBX 16 12 1 1
BITMAP
0200
0600
0E00
1FFF
3FFF
FFFF
FFFF
7FFF
3FFF
1E00
0600
0200
ENDCHAR
STARTCHAR uni2B06
ENCODING 11014
SWIDTH 1000 0
DWIDTH 18 0
BBX 12 16 3 -1
BITMAP
0600
0600
0F00
1F80
3FC0
7FE0
FFF0
1F80
1F80
1F80
1F80
1F80
1F80
1F80
1F80
1F80
ENDCHAR
STARTCHAR uni2B07
ENCODING 11015
SWIDTH 1000 0
DWIDTH 18 0
BBX 12 17 3 -2
BITMAP
1F80
1F80
1F80
1F80
1F80
1F80
1F80
1F80
1F80
FFF0
7FE0
3FC0
3FC0
1F80
0F00
0600
0400
ENDCHAR
STARTCHAR uni2B1A
ENCODING 11034
SWIDTH 1000 0
DWIDTH 18 0
BBX 16 16 1 -1
BITMAP
D24B
8001
0000
8001
8001
0000
8001
8001
0000
8001
0000
0000
8001
0000
0000
D24B
ENDCHAR
STARTCHAR uni2B95
ENCODING 11157
SWIDTH 1000 0
DWIDTH 18 0
BBX 16 12 1 1
BITMAP
0040
0060
0070
FFF8
FFFC
FFFF
FFFF
FFFE
FFFC
0078
0060
0040
ENDCHAR
STARTCHAR uni2E3A
ENCODING 11834
SWIDTH 1722 0
DWIDTH 31 0
BBX 29 2 1 4
BITMAP
00000000
00000000
ENDCHAR
STARTCHAR uni2E3B
ENCODING 11835
SWIDTH 2500 0
DWIDTH 45 0
BBX 43 2 1 4
BITMAP
000000000000
000000000000
ENDCHAR
STARTCHAR uni3000
ENCODING 12288
SWIDTH 1000 0
DWIDTH 18 0
BBX 0 0 0 0
BITMAP
ENDCHAR
STARTCHAR uni3001
ENCODING 12289
SWIDTH 1000 0
DWIDTH 18 0
BBX 6 5 1 -1
BITMAP
60
F0
78
3C
10
ENDCHAR
STARTCHAR uni3002
ENCODING 12290
SWIDTH 1000 0
DWIDTH 18 0
BBX 5 5 1 -1
BITMAP
F8
88
88
88
F8
ENDCHAR
STARTCHAR uni3003
ENCODING 12291
SWIDTH 1000 0
DWIDTH 18 0
BBX 12 9 3 2
BITMAP
1850
1CE0
18E0
38C0
31C0
7180
6180
6300
C300
ENDCHAR
STARTCHAR uni3004
ENCODING 12292
SWIDTH 1000 0
DWIDTH 18 0
BBX 16 16 1 -1
BITMAP
0700
1808
200C
400A
400A
8091
8091
8161
8101
8701
8501
8401
4602
2204
3208
0CF0
ENDCHAR
STARTCHAR uni3005
ENCODING 12293
SWIDTH 1000 0
DWIDTH 18 0
BBX 15 14 1 0
BITMAP
0300
0700
0700
07FC
0FFE
0C1C
1C1C
3838
7230
F7F0
23E0
00F0
0078
0010
ENDCHAR
STARTCHAR uni3006
ENCODING 12294
SWIDTH 1000 0
DWIDTH 18 0
BBX 14 16 2 -2
BITMAP
001C
001C
0838
1C70
3EE0
0FC0
03C0
03F0
0778
EE3C
6E18
7C00
7800
7000
7000
2000
ENDCHAR
STARTCHAR uni3007
ENCODING 12295
SWIDTH 1000 0
DWIDTH 18 0
BBX 16 16 1 -1
BITMAP
07E0
1FF8
3C3C
700E
6006
E007
C003
C003
C003
C003
C003
E007
700E
381C
1FF8
0FF0
ENDCHAR
STARTCHAR uni3008
ENCODING 12296
SWIDTH 1000 0
DWIDTH 18 0
BBX 7 17 10 -2
BITMAP
06
0C
0C
18
38
30
60
E0
E0
60
30
30
18
1C
0C
06
04
ENDCHAR
STARTCHAR uni3009
ENCODING 12297
SWIDTH 1000 0
DWIDTH 18 0
BBX 7 17 1 -2
BITMAP
C0
60
60
30
38
18
0C
0E
0E
0C
18
18
30
70
60
C0
40
ENDCHAR
STARTCHAR uni300A
ENCODING 12298
SWIDTH 1000 0
DWIDTH 18 0
BBX 9 17 9 -2
BITMAP
0980
1B00
1300
3600
3600
6400
6C00
4800
D800
6C00
6C00
2600
3600
1200
1B00
1900
0980
ENDCHAR
STARTCHAR uni300B
ENCODING 12299
SWIDTH 1000 0
DWIDTH 18 0
BBX 9 17 0 -2
BITMAP
C800
6C00
6400
3600
3600
1300
1B00
0900
0D80
1B00
1B00
3200
3600
2400
6C00
4C00
C800
ENDCHAR
STARTCHAR uni300C
ENCODING 12300
SWIDTH 1000 0
DWIDTH 18 0
BBX 6 11 12 4
BITMAP
FC
FC
C0
C0
C0
C0
C0
C0
C0
C0
C0
ENDCHAR
STARTCHAR uni300D
ENCODING 12301
SWIDTH 1000 0
DWIDTH 18 0
BBX 6 12 0 -2
BITMAP
0C
0C
0C
0C
0C
0C
0C
0C
0C
0C
FC
FC
ENDCHAR
STARTCHAR uni300E
ENCODING 12302
SWIDTH 1000 0
DWIDTH 18 0
BBX 7 12 11 3
BITMAP
FE
82
BE
A0
A0
A0
A0
A0
A0
A0
A0
E0
ENDCHAR
STARTCHAR uni300F
ENCODING 12303
SWIDTH 1000 0
DWIDTH 18 0
BBX 7 12 0 -2
BITMAP
0E
0A
0A
0A
0A
0A
0A
0A
FA
82
82
FE
ENDCHAR
STARTCHAR uni3010
ENCODING 12304
SWIDTH 1000 0
DWIDTH 18 0
BBX 6 17 12 -2
BITMAP
FC
F0
E0
E0
C0
C0
C0
C0
C0
C0
C0
C0
E0
E0
F0
F0
FC
ENDCHAR
STARTCHAR uni3011
ENCODING 12305
SWIDTH 1000 0
DWIDTH 18 0
BBX 6 17 0 -2
BITMAP
FC
3C
1C
1C
0C
0C
0C
0C
0C
0C
0C
0C
1C
1C
3C
3C
FC
ENDCHAR
STARTCHAR uni3012
ENCODING 12306
SWIDTH 1000 0
DWIDTH 18 0
BBX 12 13 3 0
BITMAP
FFF0
FFF0
0000
0000
FFF0
FFF0
0600
0600
0600
0600
0600
0600
0600
ENDCHAR
STARTCHAR uni3013
ENCODING 12307
SWIDTH 1000 0
DWIDTH 18 0
BBX 14 14 2 0
BITMAP
FFFC
FFFC
FFFC
FFFC
FFFC
0000
0000
0000
0000
FFFC
FFFC
FFFC
FFFC
FFFC
ENDCHAR
STARTCHAR uni3014
ENCODING 12308
SWIDTH 1000 0
DWIDTH 18 0
BBX 6 18 12 -2
BITMAP
08
1C
78
E0
C0
C0
C0
C0
C0
C0
C0
C0
C0
C0
E0
70
1C
08
ENDCHAR
STARTCHAR uni3015
ENCODING 12309
SWIDTH 1000 0
DWIDTH 18 0
BBX 6 18 0 -2
BITMAP
40
E0
78
1C
0C
0C
0C
0C
0C
0C
0C
0C
0C
0C
1C
38
E0
40
ENDCHAR
STARTCHAR uni3016
ENCODING 12310
SWIDTH 1000 0
DWIDTH 18 0
BBX 7 17 11 -2
BITMAP
FE
90
90
A0
A0
C0
C0
C0
C0
C0
C0
A0
A0
A0
90
88
FE
ENDCHAR
STARTCHAR uni3017
ENCODING 12311
SWIDTH 1000 0
DWIDTH 18 0
BBX 7 17 0 -2
BITMAP
FE
22
12
0A
0A
06
06
06
06
06
06
0A
0A
0A
12
22
FE
ENDCHAR
STARTCHAR uni3018
ENCODING 12312
SWIDTH 1000 0
DWIDTH 18 0
BBX 6 18 12 -2
BITMAP
08
38
44
98
A0
A0
A0
A0
A0
A0
A0
A0
A0
A0
98
C4
28
10
ENDCHAR
STARTCHAR uni3019
ENCODING 12313
SWIDTH 1000 0
DWIDTH 18 0
BBX 6 18 0 -2
BITMAP
40
70
88
64
14
14
14
14
14
14
14
14
14
14
64
8C
50
20
ENDCHAR
STARTCHAR uni301A
ENCODING 12314
SWIDTH 1000 0
DWIDTH 18 0
BBX 6 17 12 -2
BITMAP
FC
D0
D0
D0
D0
D0
D0
D0
D0
D0
D0
D0
D0
D0
D0
FC
FC
ENDCHAR
STARTCHAR uni301B
ENCODING 12315
SWIDTH 1000 0
DWIDTH 18 0
BBX 6 17 0 -2
BITMAP
FC
2C
2C
2C
2C
2C
2C
2C
2C
2C
2C
2C
2C
2C
2C
FC
FC
ENDCHAR
STARTCHAR uni301C
ENCODING 12316
SWIDTH 1000 0
DWIDTH 18 0
BBX 16 6 1 4
BITMAP
0C00
7F00
FF83
E1CF
40FE
0078
ENDCHAR
STARTCHAR uni301D
ENCODING 12317
SWIDTH 1000 0
DWIDTH 18 0
BBX 5 7 12 8
BITMAP
C0
F0
38
48
E0
70
18
ENDCHAR
STARTCHAR uni301E
ENCODING 12318
SWIDTH 1000 0
DWIDTH 18 0
BBX 5 7 1 8
BITMAP
18
78
E0
90
38
70
C0
ENDCHAR
STARTCHAR uni301F
ENCODING 12319
SWIDTH 1000 0
DWIDTH 18 0
BBX 5 8 1 -2
BITMAP
C0
F0
38
90
C0
70
38
10
ENDCHAR
STARTCHAR uni3020
ENCODING 12320
SWIDTH 1000 0
DWIDTH 18 0
BBX 16 13 1 0
BITMAP
3FFC
0000
0000
3FFC
0180
D99B
A5AD
A5A9
5992
4812
2664
1998
07E0
ENDCHAR
STARTCHAR uni3021
ENCODING 12321
SWIDTH 1000 0
DWIDTH 18 0
BBX 2 16 8 -1
BITMAP
C0
C0
C0
C0
C0
C0
C0
C0
C0
C0
C0
C0
C0
C0
C0
C0
ENDCHAR
STARTCHAR uni3022
ENCODING 12322
SWIDTH 1000 0
DWIDTH 18 0
BBX 7 16 6 -1
BITMAP
0E
0E
CE
CE
CE
CE
CE
CE
CE
CE
CE
CE
CE
CE
0E
0E
ENDCHAR
STARTCHAR uni3023
ENCODING 12323
SWIDTH 1000 0
DWIDTH 18 0
BBX 11 16 4 -1
BITMAP
0060
C060
C060
CC60
CC60
CC60
CC60
CC60
CC60
CC60
CC60
CC60
CC60
C060
0060
0060
ENDCHAR
STARTCHAR uni3024
ENCODING 12324
SWIDTH 1000 0
DWIDTH 18 0
BBX 15 15 1 -1
BITMAP
000C
081C
1C1C
0F18
07B8
03F8
01F0
00F0
00F8
01F8
039C
0F0E
BE0E
7C04
3000
ENDCHAR
STARTCHAR uni3025
ENCODING 12325
SWIDTH 1000 0
DWIDTH 18 0
BBX 9 15 4 -1
BITMAP
3900
3300
7380
6180
E180
FF00
1E00
3F00
7380
6180
E180
6180
7B80
3F00
0C00
ENDCHAR
STARTCHAR uni3026
ENCODING 12326
SWIDTH 1000 0
DWIDTH 18 0
BBX 16 7 1 7
BITMAP
0180
0180
0180
0180
FFFF
FFFF
FFFF
ENDCHAR
STARTCHAR uni3027
ENCODING 12327
SWIDTH 1000 0
DWIDTH 18 0
BBX 16 12 1 2
BITMAP
0180
0180
0180
0000
FFFF
FFFF
0000
0000
0000
1FF8
1FF8
1FF8
ENDCHAR
STARTCHAR uni3028
ENCODING 12328
SWIDTH 1000 0
DWIDTH 18 0
BBX 16 15 1 0
BITMAP
0180
0180
0180
0180
FFFF
FFFF
0000
0000
0000
1FF8
1FF8
0000
0000
FFFF
FFFF
ENDCHAR
STARTCHAR uni3029
ENCODING 12329
SWIDTH 1000 0
DWIDTH 18 0
BBX 16 16 1 -1
BITMAP
0180
0180
0180
3FFC
3FFC
001C
3818
1838
1C70
0FE0
07E0
03C0
0FF0
3E7C
FC1F
7006
ENDCHAR
STARTCHAR uni302A
ENCODING 12330
SWIDTH 0 0
DWIDTH 0 0
BBX 3 4 -18 -6
BITMAP
E0
A0
A0
40
ENDCHAR
STARTCHAR uni302B
ENCODING 12331
SWIDTH 0 0
DWIDTH 0 0
BBX 3 3 -18 16
BITMAP
E0
A0
E0
ENDCHAR
STARTCHAR uni302C
ENCODING 12332
SWIDTH 0 0
DWIDTH 0 0
BBX 3 3 -3 16
BITMAP
E0
A0
E0
ENDCHAR
STARTCHAR uni302D
ENCODING 12333
SWIDTH 0 0
DWIDTH 0 0
BBX 3 4 -3 -6
BITMAP
E0
A0
A0
40
ENDCHAR
STARTCHAR uni302E
ENCODING 12334
SWIDTH 222 0
DWIDTH 4 0
BBX 3 3 1 5
BITMAP
E0
E0
C0
ENDCHAR
STARTCHAR uni302F
ENCODING 12335
SWIDTH 222 0
DWIDTH 4 0
BBX 3 8 1 3
BITMAP
40
E0
E0
40
00
E0
E0
C0
ENDCHAR
STARTCHAR uni3030
ENCODING 12336
SWIDTH 1000 0
DWIDTH 18 0
BBX 18 6 0 4
BITMAP
80C040
C1E0C0
633180
221100
361B00
1C0E00
ENDCHAR
STARTCHAR uni3031
ENCODING 12337
SWIDTH 1000 0
DWIDTH 18 0
BBX 11 34 3 -10
BITMAP
0100
01C0
0380
0380
0700
0700
0E00
0C00
1C00
1800
3800
3000
7000
6000
E000
C000
C000
E000
E000
7000
3800
3800
1C00
1C00
0E00
0600
0700
0380
0380
01C0
01C0
01C0
00E0
00C0
ENDCHAR
STARTCHAR uni3032
ENCODING 12338
SWIDTH 1000 0
DWIDTH 18 0
BBX 13 34 3 -10
BITMAP
0100
01C0
0380
0380
0700
0700
0E00
0C30
1DB0
18D8
38E0
3000
7000
6000
E000
C000
C000
E000
E000
7000
3800
3800
1C00
1C00
0E00
0600
0700
0380
0380
01C0
01C0
01C0
00E0
00C0
ENDCHAR
STARTCHAR uni3033
ENCODING 12339
SWIDTH 1000 0
DWIDTH 18 0
BBX 10 17 3 -2
BITMAP
0100
01C0
0380
0380
0700
0700
0E00
0C00
1C00
1800
3800
3000
7000
6000
E000
C000
E000
ENDCHAR
STARTCHAR uni3034
ENCODING 12340
SWIDTH 1000 0
DWIDTH 18 0
BBX 13 17 3 -2
BITMAP
0100
01C0
0380
0380
0700
0700
0E00
0C30
1DB0
18D8
38E0
3000
7000
6000
E000
C000
E000
ENDCHAR
STARTCHAR uni3035
ENCODING 12341
SWIDTH 1000 0
DWIDTH 18 0
BBX 11 17 3 -1
BITMAP
E000
E000
7000
3800
3800
1C00
1C00
0E00
0600
0700
0380
0380
01C0
01C0
01C0
00E0
00C0
ENDCHAR
STARTCHAR uni3036
ENCODING 12342
SWIDTH 1000 0
DWIDTH 18 0
BBX 16 16 1 -1
BITMAP
0FF0
1008
2004
4002
9FF9
9FF9
8001
9FF9
8181
8181
8181
8181
4182
2184
1008
0FF0
ENDCHAR
STARTCHAR uni3037
ENCODING 12343
SWIDTH 1000 0
DWIDTH 18 0
BBX 18 17 0 -2
BITMAP
23A180
637180
733380
373B00
361B00
1E1F00
1E0E00
0C0E00
0C0E00
1C0E00
1E0F00
1E1B00
371B00
733180
63B180
E161C0
222100
ENDCHAR
STARTCHAR uni3038
ENCODING 12344
SWIDTH 1000 0
DWIDTH 18 0
BBX 16 16 1 -1
BITMAP
0180
0180
0180
0180
0180
FFFF
FFFF
0180
0180
0180
0180
0180
0180
0180
0180
0180
ENDCHAR
STARTCHAR uni3039
ENCODING 12345
SWIDTH 1000 0
DWIDTH 18 0
BBX 16 16 1 -1
BITMAP
0C30
0C30
0C30
0C30
0C30
FFFF
FFFF
0C30
0C30
0C30
0C30
0C30
0C30
0C30
0C30
0C30
ENDCHAR
STARTCHAR uni303A
ENCODING 12346
SWIDTH 1000 0
DWIDTH 18 0
BBX 16 17 1 -2
BITMAP
180C
198C
198C
198C
198C
FFFF
FFFF
198C
198C
398C
398C
318C
318C
718C
E18C
600C
4000
ENDCHAR
STARTCHAR uni303B
ENCODING 12347
SWIDTH 1000 0
DWIDTH 18 0
BBX 9 17 4 -2
BITMAP
2000
7000
3800
1C00
0E00
0780
1F00
FC00
7000
7000
3800
1E00
0F80
0F80
3C80
7000
2000
ENDCHAR
STARTCHAR uni303C
ENCODING 12348
SWIDTH 1000 0
DWIDTH 18 0
BBX 14 14 2 0
BITMAP
FFFC
800C
8014
8024
8044
8084
8104
8204
8404
8804
9004
A004
C004
FFFC
ENDCHAR
STARTCHAR uni303D
ENCODING 12349
SWIDTH 1000 0
DWIDTH 18 0
BBX 15 13 2 0
BITMAP
2300
5480
8880
8040
0040
0020
0020
0010
0010
0008
0004
0004
0002
ENDCHAR
STARTCHAR uni303E
ENCODING 12350
SWIDTH 1000 0
DWIDTH 18 0
BBX 16 16 1 -1
BITMAP
D24B
8001
0000
8001
8711
09E0
8001
80C1
0FF0
8181
0FF0
0100
8301
0000
0000
D24B
ENDCHAR
STARTCHAR uni303F
ENCODING 12351
SWIDTH 1000 0
DWIDTH 18 0
BBX 10 14 4 0
BITMAP
FFC0
8040
A140
A140
9240
8C40
8C40
8C40
8C40
9240
9240
A140
A140
FFC0
ENDCHAR
STARTCHAR uni3041
ENCODING 12353
SWIDTH 1000 0
DWIDTH 18 0
BBX 13 13 3 -1
BITMAP
0C00
6FE0
7FE0
0C80
0FC0
1FE0
39B0
6B30
CF38
CE30
FC70
FDE0
0180
ENDCHAR
STARTCHAR uni3042
ENCODING 12354
SWIDTH 1000 0
DWIDTH 18 0
BBX 15 16 2 -1
BITMAP
0400
0600
EFF8
FFF8
0C00
0C60
0FF0
1FF8
3CCC
6DCE
CD8E
CF0E
CF0C
FE3C
FEF8
00E0
ENDCHAR
STARTCHAR uni3043
ENCODING 12355
SWIDTH 1000 0
DWIDTH 18 0
BBX 13 11 3 -1
BITMAP
E0C0
C060
C070
C030
C030
E430
6638
6638
7E20
3C00
1800
ENDCHAR
STARTCHAR uni3044
ENCODING 12356
SWIDTH 1000 0
DWIDTH 18 0
BBX 15 13 2 0
BITMAP
E000
E070
C038
C018
C01C
E00C
E00C
E20E
E30E
630E
7708
3E00
3C00
ENDCHAR
STARTCHAR uni3045
ENCODING 12357
SWIDTH 1000 0
DWIDTH 18 0
BBX 10 13 4 -1
BITMAP
3000
3F80
0780
0000
7F80
FFC0
C0C0
00C0
00C0
01C0
0380
3F00
1C00
ENDCHAR
STARTCHAR uni3046
ENCODING 12358
SWIDTH 1000 0
DWIDTH 18 0
BBX 12 16 3 -1
BITMAP
2000
3FC0
3FC0
0040
0000
3FC0
FFE0
E070
0070
0070
0070
00E0
01E0
0FC0
3F00
1C00
ENDCHAR
STARTCHAR uni3047
ENCODING 12359
SWIDTH 1000 0
DWIDTH 18 0
BBX 12 13 3 -1
BITMAP
1800
1FC0
0380
0000
7FC0
7F80
0300
0600
0F00
1F00
3380
F1F0
61F0
ENDCHAR
STARTCHAR uni3048
ENCODING 12360
SWIDTH 1000 0
DWIDTH 18 0
BBX 15 16 2 -1
BITMAP
1000
1FE0
1FE0
0000
0000
7FE0
7FF0
41C0
0380
0700
0F80
1F80
39C0
70C6
E0FC
407C
ENDCHAR
STARTCHAR uni3049
ENCODING 12361
SWIDTH 1000 0
DWIDTH 18 0
BBX 13 13 3 -1
BITMAP
1800
1800
1B60
FF78
FC18
1808
1FC0
3FE0
7830
D830
D870
FBE0
7BC0
ENDCHAR
STARTCHAR uni304A
ENCODING 12362
SWIDTH 1000 0
DWIDTH 18 0
BBX 16 16 1 -1
BITMAP
0E00
0E00
0E08
7FDC
7FCF
7E03
0E01
0FF0
0FFC
3E0E
7606
6606
E60E
7E7C
7EF8
1CE0
ENDCHAR
STARTCHAR uni304B
ENCODING 12363
SWIDTH 1000 0
DWIDTH 18 0
BBX 17 15 1 -1
BITMAP
060000
060400
0E1C00
FFCE00
FFE600
EC6700
1C6300
186380
186300
386000
386000
306000
77E000
E7C000
278000
ENDCHAR
STARTCHAR uni304C
ENCODING 12364
SWIDTH 1000 0
DWIDTH 18 0
BBX 17 17 1 -1
BITMAP
000100
000B00
060D80
0E0600
0E1C00
1FCC00
FFEE00
FC6600
1C6700
186300
186380
386000
306000
70E000
74E000
E7C000
678000
ENDCHAR
STARTCHAR uni304D
ENCODING 12365
SWIDTH 1000 0
DWIDTH 18 0
BBX 13 16 3 -1
BITMAP
0200
0710
FFE0
FFF0
0300
0190
FFF8
FFE0
00C0
00E0
E3F0
C1E0
C000
E020
7FC0
3FC0
ENDCHAR
STARTCHAR uni304E
ENCODING 12366
SWIDTH 1000 0
DWIDTH 18 0
BBX 15 17 2 -1
BITMAP
0004
0516
031A
FFEA
FFE0
0180
0198
FFF8
FFF0
00C0
0060
61F0
E3E0
E000
6000
7FE0
3FE0
ENDCHAR
STARTCHAR uni304F
ENCODING 12367
SWIDTH 1000 0
DWIDTH 18 0
BBX 11 16 3 -1
BITMAP
0080
01C0
03C0
0700
1E00
3C00
7800
E000
E000
7800
3C00
1E00
0F00
0780
01E0
0080
ENDCHAR
STARTCHAR uni3050
ENCODING 12368
SWIDTH 1000 0
DWIDTH 18 0
BBX 13 16 3 -1
BITMAP
0100
01C0
0380
0F00
1E60
3DB0
70D8
E040
E000
7000
3C00
1E00
0F00
0780
03C0
0180
ENDCHAR
STARTCHAR uni3051
ENCODING 12369
SWIDTH 1000 0
DWIDTH 18 0
BBX 15 15 2 -1
BITMAP
E070
E030
C030
C7FE
C7FE
C7F0
C030
E030
F030
F070
E070
E060
E0E0
E3C0
0180
ENDCHAR
STARTCHAR uni3052
ENCODING 12370
SWIDTH 1000 0
DWIDTH 18 0
BBX 17 17 1 -2
BITMAP
000500
703D00
603780
603000
603200
63FE00
63FE00
E03000
E03000
F83000
F03000
F03000
707000
707000
60E000
63C000
008000
ENDCHAR
STARTCHAR uni3053
ENCODING 12371
SWIDTH 1000 0
DWIDTH 18 0
BBX 12 14 3 -1
BITMAP
7FE0
7FE0
0000
0000
0000
0000
0000
C000
C000
C000
E000
FFF0
7FF0
1FC0
ENDCHAR
STARTCHAR uni3054
ENCODING 12372
SWIDTH 1000 0
DWIDTH 18 0
BBX 16 17 2 -1
BITMAP
0002
0016
001B
3FFC
3FF0
3FE0
0000
0000
0000
0000
0000
E000
E000
E000
7CF8
7FF8
1FF0
ENDCHAR
STARTCHAR uni3055
ENCODING 12373
SWIDTH 1000 0
DWIDTH 18 0
BBX 13 16 3 -1
BITMAP
0300
0300
0388
FFF8
FFF8
7DC0
00C0
00E0
0260
63F0
E1E0
C000
C000
F020
7FE0
1FE0
ENDCHAR
STARTCHAR uni3056
ENCODING 12374
SWIDTH 1000 0
DWIDTH 18 0
BBX 16 17 2 -1
BITMAP
0002
0096
039B
0188
FFF8
FFF8
FFC0
00E0
0060
0070
71F8
61F0
6000
6000
7010
3FF0
1FE0
ENDCHAR
STARTCHAR uni3057
ENCODING 12375
SWIDTH 1000 0
DWIDTH 18 0
BBX 13 15 4 -1
BITMAP
E000
C000
C000
C000
C000
C000
C000
C000
C000
C020
C030
C078
E1E0
7FC0
3F00
ENDCHAR
STARTCHAR uni3058
ENCODING 12376
SWIDTH 1000 0
DWIDTH 18 0
BBX 12 15 4 -1
BITMAP
C040
C6C0
C360
C3C0
C100
C000
C000
C000
C000
C020
C030
C0F0
E1E0
FFC0
7F00
ENDCHAR
STARTCHAR uni3059
ENCODING 12377
SWIDTH 1000 0
DWIDTH 18 0
BBX 15 16 2 -1
BITMAP
01C0
01C0
01C0
FFFE
FFFE
01C0
0FC0
1FC0
18C0
18C0
1FC0
0FC0
01C0
0780
1F00
0E00
ENDCHAR
STARTCHAR uni305A
ENCODING 12378
SWIDTH 1000 0
DWIDTH 18 0
BBX 16 17 1 -2
BITMAP
000F
00DB
00CC
FFFE
FFFE
00C0
07C0
0FC0
0CE0
0CE0
0CE0
0FE0
03C0
03C0
1F80
0F00
0400
ENDCHAR
STARTCHAR uni305B
ENCODING 12379
SWIDTH 1000 0
DWIDTH 18 0
BBX 16 15 1 -1
BITMAP
1C38
1C38
1C38
1C3F
FFFF
FFF8
DC38
1C30
1CF0
1CF0
1C00
1C00
0FFC
0FFC
03F0
ENDCHAR
STARTCHAR uni305C
ENCODING 12380
SWIDTH 1000 0
DWIDTH 18 0
BBX 18 15 0 -1
BITMAP
001B80
0C1AC0
0C1B00
0C1880
0FFF00
FFFF00
7C1800
0C1800
0C5800
0C7800
0C1000
0C0000
0E0C00
0FFC00
03FC00
ENDCHAR
STARTCHAR uni305D
ENCODING 12381
SWIDTH 1000 0
DWIDTH 18 0
BBX 14 15 2 -1
BITMAP
3FE0
3FF0
21E0
0380
0700
0E0C
FFFC
FFFC
8600
0E00
0C00
0E00
0F00
07F0
01E0
ENDCHAR
STARTCHAR uni305E
ENCODING 12382
SWIDTH 1000 0
DWIDTH 18 0
BBX 16 15 1 -1
BITMAP
1FF0
1FF8
10EE
01DB
038C
0E0C
7FFC
FFFC
C700
0600
0E00
0E00
0780
07F0
01F0
ENDCHAR
STARTCHAR uni305F
ENCODING 12383
SWIDTH 1000 0
DWIDTH 18 0
BBX 15 16 2 -1
BITMAP
0A00
0C00
0C80
FF80
FF80
5800
18FC
18FC
3800
3000
3280
7300
6300
E3FE
E1FC
407C
ENDCHAR
STARTCHAR uni3060
ENCODING 12384
SWIDTH 1000 0
DWIDTH 18 0
BBX 16 15 1 -1
BITMAP
0E0F
0E1B
8F8E
FF80
FC00
1CFE
18FE
1800
3800
3800
3180
7180
71C2
E1FE
607E
ENDCHAR
STARTCHAR uni3061
ENCODING 12385
SWIDTH 1000 0
DWIDTH 18 0
BBX 14 15 2 -1
BITMAP
0C00
1C10
FFF0
FFE0
1800
1800
3BE0
3FF8
3C38
701C
201C
0018
1078
0FF0
0FC0
ENDCHAR
STARTCHAR uni3062
ENCODING 12386
SWIDTH 1000 0
DWIDTH 18 0
BBX 17 17 1 -1
BITMAP
000100
000B00
0C0D80
0C0C00
FFF000
FFF000
180000
180000
19E000
3FF800
3E3C00
381C00
700C00
001C00
003800
0FF800
0FE000
ENDCHAR
STARTCHAR uni3063
ENCODING 12387
SWIDTH 1000 0
DWIDTH 18 0
BBX 13 11 3 -1
BITMAP
0100
1FE0
FFF0
F038
8038
0038
0030
00F0
1FE0
0FC0
0C00
ENDCHAR
STARTCHAR uni3064
ENCODING 12388
SWIDTH 1000 0
DWIDTH 18 0
BBX 16 12 1 0
BITMAP
03F8
3FFC
FE0E
7006
4007
0007
0007
000E
001E
09FC
07F0
0780
ENDCHAR
STARTCHAR uni3065
ENCODING 12389
SWIDTH 1000 0
DWIDTH 18 0
BBX 16 15 1 0
BITMAP
0003
001B
000D
01F8
1FFC
FF1E
F00E
C006
0006
0006
000E
001C
00FC
0FF0
07C0
ENDCHAR
STARTCHAR uni3066
ENCODING 12390
SWIDTH 1000 0
DWIDTH 18 0
BBX 15 14 1 -1
BITMAP
3FFE
FFFE
F1C0
0180
0300
0300
0700
0700
0700
0300
03C0
01F8
00F8
0018
ENDCHAR
STARTCHAR uni3067
ENCODING 12391
SWIDTH 1000 0
DWIDTH 18 0
BBX 16 14 1 -1
BITMAP
1FFE
FFFE
F1C0
0186
031B
030E
0708
0700
0700
0300
03C0
01F8
00F8
0018
ENDCHAR
STARTCHAR uni3068
ENCODING 12392
SWIDTH 1000 0
DWIDTH 18 0
BBX 12 15 3 -1
BITMAP
6000
7020
3060
39F0
3FC0
1F00
1C00
7800
7000
E000
E000
E000
7FF0
7FF0
0FE0
ENDCHAR
STARTCHAR uni3069
ENCODING 12393
SWIDTH 1000 0
DWIDTH 18 0
BBX 15 16 3 -1
BITMAP
000C
6034
E036
6058
71E0
37C0
3F00
3C00
7800
E000
C000
C000
C000
F070
7FF0
3FF0
ENDCHAR
STARTCHAR uni306A
ENCODING 12394
SWIDTH 1000 0
DWIDTH 18 0
BBX 16 16 1 -1
BITMAP
0700
0600
0640
FF98
7FBE
0C0F
1C72
1830
3830
3030
73F0
E7FC
263E
0E77
07F2
03E0
ENDCHAR
STARTCHAR uni306B
ENCODING 12395
SWIDTH 1000 0
DWIDTH 18 0
BBX 14 15 2 -1
BITMAP
6000
6204
E3FC
E3FC
C000
C000
C000
C000
D000
F700
E600
E704
E7FC
E3FC
E000
ENDCHAR
STARTCHAR uni306C
ENCODING 12396
SWIDTH 1000 0
DWIDTH 18 0
BBX 17 15 1 -1
BITMAP
00C000
20C000
63F000
7FFC00
3D9C00
398E00
798600
7B8600
FF0600
CF7E00
CEFE00
CECF00
FCDF80
78F900
002000
ENDCHAR
STARTCHAR uni306D
ENCODING 12397
SWIDTH 1000 0
DWIDTH 18 0
BBX 17 16 1 -1
BITMAP
0C0000
0C0000
0C0000
1E7800
FDFC00
FF8E00
0E0600
1C0600
3C0600
3C0600
7CFE00
FDFE00
DD8F80
5DFF00
1CF900
1C0000
ENDCHAR
STARTCHAR uni306E
ENCODING 12398
SWIDTH 1000 0
DWIDTH 18 0
BBX 16 14 1 -1
BITMAP
07F0
1FFC
399C
718E
6186
E387
E307
C307
E706
E60E
7E1E
3D7C
18F8
0040
ENDCHAR
STARTCHAR uni306F
ENCODING 12399
SWIDTH 1000 0
DWIDTH 18 0
BBX 15 15 2 -1
BITMAP
6070
E070
E070
C7FE
C7FE
C070
C070
C030
E030
F3F0
E7FC
EE3E
EE76
C7E2
C3C0
ENDCHAR
STARTCHAR uni3070
ENCODING 12400
SWIDTH 1000 0
DWIDTH 18 0
BBX 17 16 1 -1
BITMAP
000700
703500
603780
603000
63FE00
63FE00
E03000
C03000
C03000
D03000
D1F000
F7FC00
F63E00
E63700
67F200
63E000
ENDCHAR
STARTCHAR uni3071
ENCODING 12401
SWIDTH 1000 0
DWIDTH 18 0
BBX 17 16 1 -1
BITMAP
000700
703480
603700
603000
63FE00
63FE00
E03000
C03000
C03000
D03000
D1F000
F7FC00
F63E00
E63700
67F200
63E000
ENDCHAR
STARTCHAR uni3072
ENCODING 12402
SWIDTH 1000 0
DWIDTH 18 0
BBX 15 15 2 -1
BITMAP
0630
FE70
FE30
1830
3038
3038
603C
603E
E036
E034
E070
E060
71E0
7FC0
1F80
ENDCHAR
STARTCHAR uni3073
ENCODING 12403
SWIDTH 1000 0
DWIDTH 18 0
BBX 17 16 1 -1
BITMAP
000300
000D00
FE3780
FF3400
CC3800
181800
381C00
301C00
701E00
601700
603200
603000
603000
70F000
3FE000
1FC000
ENDCHAR
STARTCHAR uni3074
ENCODING 12404
SWIDTH 1000 0
DWIDTH 18 0
BBX 17 16 1 -1
BITMAP
000700
000480
FE3480
FF3700
CC3800
181800
381C00
301C00
701E00
601700
603200
603000
603000
70F000
3FE000
1FC000
ENDCHAR
STARTCHAR uni3075
ENCODING 12405
SWIDTH 1000 0
DWIDTH 18 0
BBX 18 15 0 -1
BITMAP
018000
03E000
007000
00F000
006000
010000
038000
01C600
04E700
0C7300
1C7380
F83180
7671C0
23F100
03E000
ENDCHAR
STARTCHAR uni3076
ENCODING 12406
SWIDTH 1000 0
DWIDTH 18 0
BBX 18 15 0 -1
BITMAP
038000
03E180
00F780
0076C0
00E200
010000
038000
01CE00
00E600
0C6700
1C7300
787380
F47180
47F100
07E000
ENDCHAR
STARTCHAR uni3077
ENCODING 12407
SWIDTH 1000 0
DWIDTH 18 0
BBX 18 15 0 -1
BITMAP
038000
03E380
00F4C0
0076C0
00E380
010000
038000
01CE00
00E600
0C6700
1C7300
787380
F47180
47F100
07E000
ENDCHAR
STARTCHAR uni3078
ENCODING 12408
SWIDTH 1000 0
DWIDTH 18 0
BBX 16 12 1 0
BITMAP
0700
0F80
1FC0
1DE0
38E0
7070
F038
601C
400E
000F
0007
0002
ENDCHAR
STARTCHAR uni3079
ENCODING 12409
SWIDTH 1000 0
DWIDTH 18 0
BBX 16 13 1 0
BITMAP
0006
0236
0F1B
0F88
1DC0
38E0
7070
F038
E03C
401E
000F
0007
0002
ENDCHAR
STARTCHAR uni307A
ENCODING 12410
SWIDTH 1000 0
DWIDTH 18 0
BBX 16 13 1 0
BITMAP
001E
0212
0F12
0F9E
1DC0
38E0
7070
F038
E03C
401E
000F
0007
0002
ENDCHAR
STARTCHAR uni307B
ENCODING 12411
SWIDTH 1000 0
DWIDTH 18 0
BBX 15 15 2 -1
BITMAP
6004
E3FC
C3F8
C060
C060
C7FC
C7FC
C060
E070
F3F0
E7F8
E67E
E676
C7E4
C1C0
ENDCHAR
STARTCHAR uni307C
ENCODING 12412
SWIDTH 1000 0
DWIDTH 18 0
BBX 17 16 1 -1
BITMAP
000500
700580
63FF00
63FC00
603000
603000
E3FE00
C3FE00
C03000
D03000
D1F000
F3F800
F63E00
E63700
67F200
63E000
ENDCHAR
STARTCHAR uni307D
ENCODING 12413
SWIDTH 1000 0
DWIDTH 18 0
BBX 17 17 1 -1
BITMAP
000300
000780
700480
63FF00
63FC00
603000
603000
E3FE00
C3FE00
C03000
D03000
D1F000
F3F800
F63E00
E63700
67F200
63E000
ENDCHAR
STARTCHAR uni307E
ENCODING 12414
SWIDTH 1000 0
DWIDTH 18 0
BBX 13 16 3 -1
BITMAP
0700
0700
F7F0
FFF0
0700
0700
FFF0
FFF0
0700
0700
3F00
FFC0
C3F0
C778
FF10
7E00
ENDCHAR
STARTCHAR uni307F
ENCODING 12415
SWIDTH 1000 0
DWIDTH 18 0
BBX 16 15 1 -1
BITMAP
1FC0
1FE0
19C0
0180
0188
030E
1FEE
7FFC
663E
CE0F
CC1F
FC39
F878
31F0
00C0
ENDCHAR
STARTCHAR uni3080
ENCODING 12416
SWIDTH 1000 0
DWIDTH 18 0
BBX 16 16 1 -1
BITMAP
0C00
0C00
0D88
FF9C
7F0E
0C07
3C02
7C00
6E00
CE10
EC0C
7C0C
3C0C
1C1C
0FFC
07F0
ENDCHAR
STARTCHAR uni3081
ENCODING 12417
SWIDTH 1000 0
DWIDTH 18 0
BBX 16 15 1 -1
BITMAP
1070
3060
31E0
3FF8
1EDC
38CE
7DC6
6D87
EF87
C707
C706
FF8E
7D3C
38F8
0060
ENDCHAR
STARTCHAR uni3082
ENCODING 12418
SWIDTH 1000 0
DWIDTH 18 0
BBX 14 16 2 -1
BITMAP
0800
0C00
0C00
FD80
FF80
1F80
1C00
9838
FF98
FF9C
180C
180C
181C
1C3C
0FF8
07E0
ENDCHAR
STARTCHAR uni3083
ENCODING 12419
SWIDTH 1000 0
DWIDTH 18 0
BBX 13 14 2 -2
BITMAP
0200
1780
7140
33F8
3FB8
7C18
FC18
CDF8
0FF0
0600
0600
0700
0300
0200
ENDCHAR
STARTCHAR uni3084
ENCODING 12420
SWIDTH 1000 0
DWIDTH 18 0
BBX 16 16 1 -1
BITMAP
0100
0380
71C0
38FC
1BFE
1F87
7C07
FC07
CE4E
067E
0778
0700
0300
0380
0380
0180
ENDCHAR
STARTCHAR uni3085
ENCODING 12421
SWIDTH 1000 0
DWIDTH 18 0
BBX 13 13 3 -2
BITMAP
8300
E380
CFE0
DF70
F338
E318
EB38
DF30
CFF0
E7E0
0600
1E00
0400
ENDCHAR
STARTCHAR uni3086
ENCODING 12422
SWIDTH 1000 0
DWIDTH 18 0
BBX 15 16 2 -1
BITMAP
0080
0180
E180
C3F0
CFF8
DDDC
F9CC
F1CE
E1CE
ED8C
CF9C
C7F8
E3F0
0300
0700
0E00
ENDCHAR
STARTCHAR uni3087
ENCODING 12423
SWIDTH 1000 0
DWIDTH 18 0
BBX 12 12 3 -1
BITMAP
0600
0600
07E0
07E0
0600
0600
0600
7F00
FFC0
C7F0
FE60
7E20
ENDCHAR
STARTCHAR uni3088
ENCODING 12424
SWIDTH 1000 0
DWIDTH 18 0
BBX 14 15 2 -1
BITMAP
0300
0300
0300
03F8
03F8
0300
0300
0300
0F00
7FC0
F3F0
C378
E33C
FF08
3E00
ENDCHAR
STARTCHAR uni3089
ENCODING 12425
SWIDTH 1000 0
DWIDTH 18 0
BBX 13 15 3 -1
BITMAP
1F00
3FC0
03C0
6000
6000
E000
EFE0
FFF0
F038
E038
4038
0070
01F0
3FE0
1F80
ENDCHAR
STARTCHAR uni308A
ENCODING 12426
SWIDTH 1000 0
DWIDTH 18 0
BBX 12 16 3 -1
BITMAP
5000
6300
6FC0
7FE0
7860
7060
E070
E070
E070
E070
6060
00E0
01C0
07C0
3F00
1C00
ENDCHAR
STARTCHAR uni308B
ENCODING 12427
SWIDTH 1000 0
DWIDTH 18 0
BBX 14 15 2 -1
BITMAP
3FE0
3FF0
20E0
0380
0700
0FC0
1FF0
3C38
F01C
E71C
5F9C
19DC
18F8
1FF0
07E0
ENDCHAR
STARTCHAR uni308C
ENCODING 12428
SWIDTH 1000 0
DWIDTH 18 0
BBX 17 16 1 -1
BITMAP
0C0000
0C0000
0C0000
1E7800
FDFC00
FF9C00
0F0C00
1C0C00
3C1C00
3C1800
7C1800
FC1800
DC1900
5C1F80
1C1F00
1C0000
ENDCHAR
STARTCHAR uni308D
ENCODING 12429
SWIDTH 1000 0
DWIDTH 18 0
BBX 14 15 2 -1
BITMAP
3FE0
3FF0
38E0
01C0
0700
0E80
1FF0
3E78
701C
E01C
401C
0018
1078
0FF0
0FC0
ENDCHAR
STARTCHAR uni308E
ENCODING 12430
SWIDTH 1000 0
DWIDTH 18 0
BBX 14 13 2 -1
BITMAP
0C00
0C00
0C00
7DF0
7FF8
0E1C
1C0C
380C
680C
E818
4978
1CF0
1C80
ENDCHAR
STARTCHAR uni308F
ENCODING 12431
SWIDTH 1000 0
DWIDTH 18 0
BBX 16 16 1 -1
BITMAP
0C00
0C00
0C00
1E00
FCF8
FFFE
0F0F
1E07
3C03
3C03
7C07
FC06
DC1E
5CFC
1C70
1C00
ENDCHAR
STARTCHAR uni3090
ENCODING 12432
SWIDTH 1000 0
DWIDTH 18 0
BBX 15 15 1 -1
BITMAP
1FC0
1FC0
0180
0180
07F8
0FFC
3F0E
3306
6606
6606
CEF6
CDBE
FD9E
79FC
00F8
ENDCHAR
STARTCHAR uni3091
ENCODING 12433
SWIDTH 1000 0
DWIDTH 18 0
BBX 16 15 1 -1
BITMAP
1FF0
1FF0
0380
0FF0
1E38
7A0C
6FCC
0CDC
0FF8
0FE0
1C10
3E7C
77EE
E387
4182
ENDCHAR
STARTCHAR uni3092
ENCODING 12434
SWIDTH 1000 0
DWIDTH 18 0
BBX 15 16 1 -1
BITMAP
0600
0700
7FF0
7FF0
0C00
0C02
1F8E
3FFE
71F0
E3C0
27C0
0EC0
0C00
0C04
0FFC
07FC
ENDCHAR
STARTCHAR uni3093
ENCODING 12435
SWIDTH 1000 0
DWIDTH 18 0
BBX 16 15 1 -1
BITMAP
0380
0380
0700
0700
0E00
0C00
1F80
1FC0
3CC2
38C3
70C3
70C7
60FE
E0FC
6078
ENDCHAR
STARTCHAR uni3094
ENCODING 12436
SWIDTH 1000 0
DWIDTH 18 0
BBX 16 16 2 -1
BITMAP
2000
1FE2
3FF6
001B
000A
3FC0
FFF0
7070
0030
0030
0030
0070
00E0
27C0
1F80
1E00
ENDCHAR
STARTCHAR uni3095
ENCODING 12437
SWIDTH 1000 0
DWIDTH 18 0
BBX 14 12 3 -1
BITMAP
1C00
1820
1E70
FFB0
F9B8
3998
319C
3190
7180
6180
EF00
CF00
ENDCHAR
STARTCHAR uni3096
ENCODING 12438
SWIDTH 1000 0
DWIDTH 18 0
BBX 13 13 3 -2
BITMAP
60E0
60E0
60E8
C7F8
C7F8
C0E0
D0E0
F0C0
E0C0
E0C0
61C0
6780
0100
ENDCHAR
STARTCHAR uni3099
ENCODING 12441
SWIDTH 0 0
DWIDTH 0 0
BBX 5 4 -5 12
BITMAP
30
D8
70
40
ENDCHAR
STARTCHAR uni309A
ENCODING 12442
SWIDTH 0 0
DWIDTH 0 0
BBX 4 4 -4 12
BITMAP
E0
90
90
F0
ENDCHAR
STARTCHAR uni309B
ENCODING 12443
SWIDTH 1000 0
DWIDTH 18 0
BBX 6 4 0 11
BITMAP
18
D8
6C
60
ENDCHAR
STARTCHAR uni309C
ENCODING 12444
SWIDTH 1000 0
DWIDTH 18 0
BBX 5 4 0 11
BITMAP
70
58
C8
70
ENDCHAR
STARTCHAR uni309D
ENCODING 12445
SWIDTH 1000 0
DWIDTH 18 0
BBX 9 11 5 1
BITMAP
2000
F000
7800
3C00
1E00
0F00
0700
0380
1F80
3E00
3800
ENDCHAR
STARTCHAR uni309E
ENCODING 12446
SWIDTH 1000 0
DWIDTH 18 0
BBX 10 14 5 0
BITMAP
0100
0D80
46C0
E680
F000
7800
3C00
1E00
0E00
0700
1F00
7F00
7800
2000
ENDCHAR
STARTCHAR uni309F
ENCODING 12447
SWIDTH 1000 0
DWIDTH 18 0
BBX 15 17 1 -2
BITMAP
00E0
00E0
00C0
01F0
01FE
039C
0300
0740
07F0
0F78
1C18
1818
3838
7430
E7F0
27E0
0100
ENDCHAR
STARTCHAR uni30A0
ENCODING 12448
SWIDTH 1000 0
DWIDTH 18 0
BBX 8 4 5 5
BITMAP
FF
00
00
FF
ENDCHAR
STARTCHAR uni30A1
ENCODING 12449
SWIDTH 1000 0
DWIDTH 18 0
BBX 13 12 3 -2
BITMAP
FFF0
FFF8
0070
0E60
0FC0
0E80
0E00
0C00
1C00
3800
7000
2000
ENDCHAR
STARTCHAR uni30A2
ENCODING 12450
SWIDTH 1000 0
DWIDTH 18 0
BBX 15 15 2 -1
BITMAP
8004
FFFE
FFFE
001C
0738
0770
07F0
0720
0700
0600
0E00
0E00
3C00
7800
3000
ENDCHAR
STARTCHAR uni30A3
ENCODING 12451
SWIDTH 1000 0
DWIDTH 18 0
BBX 13 14 2 -2
BITMAP
0020
0030
0078
00E0
03C0
0F80
7F80
FB80
4380
0380
0380
0380
0380
0380
ENDCHAR
STARTCHAR uni30A4
ENCODING 12452
SWIDTH 1000 0
DWIDTH 18 0
BBX 15 16 1 -1
BITMAP
0004
000C
001E
003C
00F0
01E0
07C0
3FC0
FCC0
60C0
00C0
00C0
00C0
00C0
00C0
01C0
ENDCHAR
STARTCHAR uni30A5
ENCODING 12453
SWIDTH 1000 0
DWIDTH 18 0
BBX 12 14 3 -2
BITMAP
0600
0600
0600
FFF0
FFF0
C070
C070
C060
00E0
01C0
03C0
1F80
1E00
0800
ENDCHAR
STARTCHAR uni30A6
ENCODING 12454
SWIDTH 1000 0
DWIDTH 18 0
BBX 14 16 2 -1
BITMAP
0300
0300
0300
FFF8
FFFC
C01C
C01C
C01C
C018
0038
0070
00F0
01E0
07C0
1F80
0600
ENDCHAR
STARTCHAR uni30A7
ENCODING 12455
SWIDTH 1000 0
DWIDTH 18 0
BBX 12 10 3 0
BITMAP
7FF0
7FF0
8610
0600
0600
0600
0600
0600
FFF0
FFF0
ENDCHAR
STARTCHAR uni30A8
ENCODING 12456
SWIDTH 1000 0
DWIDTH 18 0
BBX 16 13 1 0
BITMAP
4002
7FFE
7FFE
0180
0180
0180
0180
0180
0180
0180
FFFF
FFFF
FFFF
ENDCHAR
STARTCHAR uni30A9
ENCODING 12457
SWIDTH 1000 0
DWIDTH 18 0
BBX 13 12 3 -1
BITMAP
0180
0180
FFF8
FFF8
8380
0780
0F80
1D80
7980
F180
4780
0780
ENDCHAR
STARTCHAR uni30AA
ENCODING 12458
SWIDTH 1000 0
DWIDTH 18 0
BBX 15 15 1 -1
BITMAP
0060
0060
0060
7FFE
7FFE
00E0
01E0
03E0
0F60
1E60
7860
F060
6360
03E0
03E0
ENDCHAR
STARTCHAR uni30AB
ENCODING 12459
SWIDTH 1000 0
DWIDTH 18 0
BBX 15 15 1 -1
BITMAP
0380
0300
0300
7FFE
7FFE
030E
030C
070C
060C
0E0C
0C0C
1C0C
78FC
F0F8
2070
ENDCHAR
STARTCHAR uni30AC
ENCODING 12460
SWIDTH 1000 0
DWIDTH 18 0
BBX 16 16 1 -1
BITMAP
0002
031B
030D
0308
7FFC
7FFC
070C
070C
060C
060C
0E0C
1C1C
1C1C
78F8
F0F8
20F0
ENDCHAR
STARTCHAR uni30AD
ENCODING 12461
SWIDTH 1000 0
DWIDTH 18 0
BBX 14 16 2 -1
BITMAP
0200
0E00
0608
07F8
FFF8
FF00
C700
0304
03FC
3FFC
FFC0
E380
0180
0180
0180
01C0
ENDCHAR
STARTCHAR uni30AE
ENCODING 12462
SWIDTH 1000 0
DWIDTH 18 0
BBX 16 17 1 -1
BITMAP
0006
001B
070F
070C
0738
1FFC
FFE0
7B00
0380
039E
07FE
FFF0
7D80
01C0
01C0
00C0
00C0
ENDCHAR
STARTCHAR uni30AF
ENCODING 12463
SWIDTH 1000 0
DWIDTH 18 0
BBX 15 16 1 -1
BITMAP
0100
0380
0300
07FE
0FFE
1C0C
381C
F01C
6038
0038
0070
00E0
03C0
0F80
3F00
1C00
ENDCHAR
STARTCHAR uni30B0
ENCODING 12464
SWIDTH 1000 0
DWIDTH 18 0
BBX 17 18 1 -2
BITMAP
000100
000B00
038D80
070500
07F800
0FFE00
1C1C00
381C00
701800
E03800
407000
007000
00E000
03C000
078000
3F0000
3C0000
100000
ENDCHAR
STARTCHAR uni30B1
ENCODING 12465
SWIDTH 1000 0
DWIDTH 18 0
BBX 16 16 1 -1
BITMAP
0800
0E00
0C00
1C00
1FFF
3FFF
3860
7060
E0E0
40E0
00C0
01C0
0380
0780
1F00
0400
ENDCHAR
STARTCHAR uni30B2
ENCODING 12466
SWIDTH 1000 0
DWIDTH 18 0
BBX 16 16 1 -1
BITMAP
000B
0E1F
0C0D
1C08
1FFE
3FFE
3860
70E0
E0E0
60E0
00C0
01C0
0380
0780
1F00
0E00
ENDCHAR
STARTCHAR uni30B3
ENCODING 12467
SWIDTH 1000 0
DWIDTH 18 0
BBX 13 13 3 0
BITMAP
FFF8
FFF8
FFF8
0038
0038
0038
0038
0038
0038
0038
FFF8
FFF8
8038
ENDCHAR
STARTCHAR uni30B4
ENCODING 12468
SWIDTH 1000 0
DWIDTH 18 0
BBX 15 17 2 -1
BITMAP
0004
003E
0016
0018
FFF8
FFF8
0018
0018
0018
0018
0018
0018
0018
0018
FFF8
FFF8
0018
ENDCHAR
STARTCHAR uni30B5
ENCODING 12469
SWIDTH 1000 0
DWIDTH 18 0
BBX 16 15 1 -1
BITMAP
1C38
0C30
0C30
FFFF
FFFF
8C31
0C30
0C30
0C30
1C30
0070
00E0
01E0
07C0
0300
ENDCHAR
STARTCHAR uni30B6
ENCODING 12470
SWIDTH 1000 0
DWIDTH 18 0
BBX 17 16 1 -1
BITMAP
000300
1C3D00
1C3580
1C3600
FFFE00
FFFE00
FFFE00
1C3000
1C3000
1C3000
1C7000
007000
00E000
01E000
07C000
030000
ENDCHAR
STARTCHAR uni30B7
ENCODING 12471
SWIDTH 1000 0
DWIDTH 18 0
BBX 16 15 1 -1
BITMAP
0C00
1E00
0780
0300
6002
F806
3C0F
181E
003C
0078
01F0
07C0
7F80
3E00
3000
ENDCHAR
STARTCHAR uni30B8
ENCODING 12472
SWIDTH 1000 0
DWIDTH 18 0
BBX 16 16 1 -1
BITMAP
0002
0816
1E1B
0F0E
0308
6002
F006
7C0E
181E
003C
0078
01F0
07C0
3F80
7E00
3000
ENDCHAR
STARTCHAR uni30B9
ENCODING 12473
SWIDTH 1000 0
DWIDTH 18 0
BBX 16 14 1 -1
BITMAP
3FFC
3FFC
0038
0038
0070
0060
00E0
01E0
03F0
0738
1E1C
FC0E
7007
2004
ENDCHAR
STARTCHAR uni30BA
ENCODING 12474
SWIDTH 1000 0
DWIDTH 18 0
BBX 17 17 1 -1
BITMAP
000200
001B00
000D80
3FFC00
3FF800
3FF800
003000
007000
006000
00E000
01C000
03F000
077800
1E3800
3C1C00
F80E00
600400
ENDCHAR
STARTCHAR uni30BB
ENCODING 12475
SWIDTH 1000 0
DWIDTH 18 0
BBX 15 15 1 -1
BITMAP
0E00
0C00
0C04
0C7E
0FFE
FFCC
FC1C
0C38
0C70
0C20
0C00
0E00
0FFC
0FFC
03F8
ENDCHAR
STARTCHAR uni30BC
ENCODING 12476
SWIDTH 1000 0
DWIDTH 18 0
BBX 17 17 1 -1
BITMAP
000100
001B00
0C0D80
0C0D00
0C0000
0C3C00
0FFE00
FFEC00
FE1C00
CC3800
0C7000
0C3000
0C0000
0C0000
0E0400
0FFC00
07FC00
ENDCHAR
STARTCHAR uni30BD
ENCODING 12477
SWIDTH 1000 0
DWIDTH 18 0
BBX 14 15 2 -1
BITMAP
0010
E01C
E018
7038
7038
3838
3070
0070
00E0
01E0
03C0
0780
3F00
1E00
0800
ENDCHAR
STARTCHAR uni30BE
ENCODING 12478
SWIDTH 1000 0
DWIDTH 18 0
BBX 16 17 1 -1
BITMAP
0002
001B
000F
200C
F01C
701C
381C
3818
1C38
1038
0070
0070
00E0
03C0
0780
1F00
0E00
ENDCHAR
STARTCHAR uni30BF
ENCODING 12479
SWIDTH 1000 0
DWIDTH 18 0
BBX 15 16 1 -1
BITMAP
0300
0380
0704
07FE
0FFE
1C0C
381C
F318
67F8
01F0
00F8
01FC
03D8
0F88
3E00
1800
ENDCHAR
STARTCHAR uni30C0
ENCODING 12480
SWIDTH 1000 0
DWIDTH 18 0
BBX 17 18 1 -2
BITMAP
000100
020B00
038D80
070400
07FC00
0FFE00
1C1C00
381C00
723800
E7B800
43F000
01F000
01FC00
03F800
0F9000
7E0000
3C0000
100000
ENDCHAR
STARTCHAR uni30C1
ENCODING 12481
SWIDTH 1000 0
DWIDTH 18 0
BBX 16 15 1 -1
BITMAP
0038
3FFC
3FC0
01C0
01C0
FFFF
FFFF
FFFF
0180
0180
0380
0700
0F00
1E00
0C00
ENDCHAR
STARTCHAR uni30C2
ENCODING 12482
SWIDTH 1000 0
DWIDTH 18 0
BBX 16 15 1 -1
BITMAP
0030
7FF8
3FE3
018D
0185
0180
FFFE
FFFE
0380
0380
0300
0700
0E00
3E00
1800
ENDCHAR
STARTCHAR uni30C3
ENCODING 12483
SWIDTH 1000 0
DWIDTH 18 0
BBX 13 13 3 -2
BITMAP
0400
4E38
C630
E630
6770
7060
00E0
01C0
03C0
0780
3F00
1C00
1000
ENDCHAR
STARTCHAR uni30C4
ENCODING 12484
SWIDTH 1000 0
DWIDTH 18 0
BBX 16 15 1 -1
BITMAP
0700
6307
E386
738E
718E
310C
381C
001C
0038
0070
00F0
03E0
1F80
0F00
0400
ENDCHAR
STARTCHAR uni30C5
ENCODING 12485
SWIDTH 1000 0
DWIDTH 18 0
BBX 17 17 1 -1
BITMAP
000100
001B00
010D80
070C00
E30400
E30E00
638E00
718C00
301C00
401C00
003800
007000
00F000
01E000
07C000
1F0000
0E0000
ENDCHAR
STARTCHAR uni30C6
ENCODING 12486
SWIDTH 1000 0
DWIDTH 18 0
BBX 15 15 2 -1
BITMAP
3FF8
3FF8
4008
0000
0000
FFFE
FFFE
0380
0380
0300
0700
0700
0E00
3C00
1800
ENDCHAR
STARTCHAR uni30C7
ENCODING 12487
SWIDTH 1000 0
DWIDTH 18 0
BBX 17 17 1 -1
BITMAP
000100
000B00
201D80
3FF600
3FF000
000000
000000
FFFE00
FFFE00
018000
018000
018000
038000
038000
070000
1E0000
1C0000
ENDCHAR
STARTCHAR uni30C8
ENCODING 12488
SWIDTH 1000 0
DWIDTH 18 0
BBX 11 15 5 -1
BITMAP
E000
6000
6000
6000
6000
7C00
7F80
6FE0
61C0
6040
6000
6000
6000
6000
E000
ENDCHAR
STARTCHAR uni30C9
ENCODING 12489
SWIDTH 1000 0
DWIDTH 18 0
BBX 11 15 5 -1
BITMAP
E0C0
E360
E120
E180
E000
F800
FE00
FFC0
E7C0
E080
E000
E000
E000
E000
E000
ENDCHAR
STARTCHAR uni30CA
ENCODING 12490
SWIDTH 1000 0
DWIDTH 18 0
BBX 15 15 2 -1
BITMAP
0380
0380
0380
0380
FFFE
FFFE
0380
0380
0300
0700
0700
0E00
1E00
7C00
1000
ENDCHAR
STARTCHAR uni30CB
ENCODING 12491
SWIDTH 1000 0
DWIDTH 18 0
BBX 14 11 2 1
BITMAP
7FF8
7FF8
0000
0000
0000
0000
0000
0000
0000
FFFC
FFFC
ENDCHAR
STARTCHAR uni30CC
ENCODING 12492
SWIDTH 1000 0
DWIDTH 18 0
BBX 13 14 2 -1
BITMAP
7FF8
7FF8
0038
0030
1870
3C60
1FE0
07C0
03E0
07F0
0F78
3E38
F810
6000
ENDCHAR
STARTCHAR uni30CD
ENCODING 12493
SWIDTH 1000 0
DWIDTH 18 0
BBX 16 16 1 -1
BITMAP
0180
0180
0180
7FFC
7FFC
0038
0070
00E0
03D0
0F9C
7FBE
F987
6182
0180
0180
0180
ENDCHAR
STARTCHAR uni30CE
ENCODING 12494
SWIDTH 1000 0
DWIDTH 18 0
BBX 13 15 2 -1
BITMAP
0030
0038
0030
0070
0070
00E0
00E0
01C0
03C0
0780
0F00
3E00
FC00
7000
2000
ENDCHAR
STARTCHAR uni30CF
ENCODING 12495
SWIDTH 1000 0
DWIDTH 18 0
BBX 16 13 1 0
BITMAP
0C30
0E70
0E38
0C38
0C18
1C1C
1C0C
180E
380E
3006
7007
E007
6006
ENDCHAR
STARTCHAR uni30D0
ENCODING 12496
SWIDTH 1000 0
DWIDTH 18 0
BBX 17 15 1 0
BITMAP
000300
000F00
002D80
0E7400
0C7000
0C3800
1C3800
1C1800
181C00
380C00
380E00
700E00
700E00
E00700
E00700
ENDCHAR
STARTCHAR uni30D1
ENCODING 12497
SWIDTH 1000 0
DWIDTH 18 0
BBX 17 15 1 0
BITMAP
000700
000D80
002D80
0E7700
0C7000
0C3800
1C3800
1C1800
181C00
380C00
380E00
700E00
700E00
E00700
E00700
ENDCHAR
STARTCHAR uni30D2
ENCODING 12498
SWIDTH 1000 0
DWIDTH 18 0
BBX 12 14 4 0
BITMAP
C000
C000
C020
C1E0
CFE0
FF80
F800
C000
C000
C000
C000
C010
FFF0
7FF0
ENDCHAR
STARTCHAR uni30D3
ENCODING 12499
SWIDTH 1000 0
DWIDTH 18 0
BBX 14 16 3 -1
BITMAP
0038
E06C
C038
C020
C060
C3F0
FFC0
FE00
F000
C000
C000
C000
C000
FFF0
FFF0
3FE0
ENDCHAR
STARTCHAR uni30D4
ENCODING 12500
SWIDTH 1000 0
DWIDTH 18 0
BBX 14 16 3 -1
BITMAP
0018
E024
C024
C03C
C060
C3F0
FFC0
FE00
F000
C000
C000
C000
C000
FFF0
FFF0
3FE0
ENDCHAR
STARTCHAR uni30D5
ENCODING 12501
SWIDTH 1000 0
DWIDTH 18 0
BBX 14 14 2 -1
BITMAP
FFF8
FFFC
001C
0018
0038
0038
0070
0070
00E0
01C0
0780
3F00
3E00
1000
ENDCHAR
STARTCHAR uni30D6
ENCODING 12502
SWIDTH 1000 0
DWIDTH 18 0
BBX 16 17 2 -1
BITMAP
0002
0036
001B
FFF0
FFFC
FFF8
0038
0038
0030
0070
00E0
01E0
03C0
0780
7F00
3E00
1800
ENDCHAR
STARTCHAR uni30D7
ENCODING 12503
SWIDTH 1000 0
DWIDTH 18 0
BBX 16 16 2 -1
BITMAP
000E
0019
FFFB
FFFE
FFF8
0038
0038
0030
0070
00E0
00E0
03C0
0780
5F00
3E00
1800
ENDCHAR
STARTCHAR uni30D8
ENCODING 12504
SWIDTH 1000 0
DWIDTH 18 0
BBX 16 12 1 0
BITMAP
0700
0F80
0FC0
1DE0
38F0
7078
F03C
601E
400E
0007
0006
0002
ENDCHAR
STARTCHAR uni30D9
ENCODING 12505
SWIDTH 1000 0
DWIDTH 18 0
BBX 16 13 1 0
BITMAP
0006
0236
071B
0F88
1DC0
38E0
7070
F038
E01C
401E
000F
0007
0002
ENDCHAR
STARTCHAR uni30DA
ENCODING 12506
SWIDTH 1000 0
DWIDTH 18 0
BBX 16 13 1 0
BITMAP
001E
0212
0712
0F9E
1DC0
38E0
7070
F038
E01C
401E
000F
0007
0002
ENDCHAR
STARTCHAR uni30DB
ENCODING 12507
SWIDTH 1000 0
DWIDTH 18 0
BBX 16 15 1 -1
BITMAP
01C0
0180
8181
7FFE
7FFE
0180
1188
199C
398E
7186
E187
6182
0980
0780
0780
ENDCHAR
STARTCHAR uni30DC
ENCODING 12508
SWIDTH 1000 0
DWIDTH 18 0
BBX 17 16 1 -1
BITMAP
000B00
019B00
018D80
018000
7FFE00
7FFE00
018000
018000
199C00
398C00
718E00
E18700
E18700
418000
0F8000
0F8000
ENDCHAR
STARTCHAR uni30DD
ENCODING 12509
SWIDTH 1000 0
DWIDTH 18 0
BBX 16 17 1 -1
BITMAP
0006
000F
0189
018F
0186
7FFE
7FFE
0180
0180
199C
398C
718E
E187
E187
4180
0F80
0F80
ENDCHAR
STARTCHAR uni30DE
ENCODING 12510
SWIDTH 1000 0
DWIDTH 18 0
BBX 15 14 2 -1
BITMAP
FFFC
FFFE
FFFC
001C
0038
1070
38E0
1DE0
0FC0
0700
0380
01C0
00E0
0040
ENDCHAR
STARTCHAR uni30DF
ENCODING 12511
SWIDTH 1000 0
DWIDTH 18 0
BBX 13 15 2 -1
BITMAP
1E00
3FE0
07F8
0070
0000
3C00
7FC0
07F0
0060
0000
7800
7F80
BFF0
01F0
0010
ENDCHAR
STARTCHAR uni30E0
ENCODING 12512
SWIDTH 1000 0
DWIDTH 18 0
BBX 16 15 1 -1
BITMAP
0380
0380
0300
0700
0700
0600
0E10
0E38
0C1C
1C1C
1C1E
FFFE
FFFF
FC07
0002
ENDCHAR
STARTCHAR uni30E1
ENCODING 12513
SWIDTH 1000 0
DWIDTH 18 0
BBX 14 15 2 -1
BITMAP
0030
0038
0030
3870
3C70
0FE0
07C0
03C0
03E0
0778
0E3C
1C1C
7808
F000
4000
ENDCHAR
STARTCHAR uni30E2
ENCODING 12514
SWIDTH 1000 0
DWIDTH 18 0
BBX 14 14 2 -1
BITMAP
7FF8
7FF8
0600
0600
0600
FFFC
FFFC
0600
0600
0600
0600
07FC
07FC
01F8
ENDCHAR
STARTCHAR uni30E3
ENCODING 12515
SWIDTH 1000 0
DWIDTH 18 0
BBX 14 13 2 -2
BITMAP
1800
1C08
0DFC
FFF8
7E38
4E70
06E0
0640
0700
0700
0300
0380
0300
ENDCHAR
STARTCHAR uni30E4
ENCODING 12516
SWIDTH 1000 0
DWIDTH 18 0
BBX 16 16 1 -1
BITMAP
0400
1C00
1C02
0C7F
0FFE
FFCE
FE1C
861C
0738
0770
0300
0300
0380
0380
0180
01C0
ENDCHAR
STARTCHAR uni30E5
ENCODING 12517
SWIDTH 1000 0
DWIDTH 18 0
BBX 13 9 3 0
BITMAP
7FE0
7FC0
00C0
00C0
00C0
01C0
01C0
FFF8
FFF8
ENDCHAR
STARTCHAR uni30E6
ENCODING 12518
SWIDTH 1000 0
DWIDTH 18 0
BBX 16 12 1 1
BITMAP
2010
3FFC
3FF8
0038
0038
0038
0038
0038
0030
0030
FFFF
FFFF
ENDCHAR
STARTCHAR uni30E7
ENCODING 12519
SWIDTH 1000 0
DWIDTH 18 0
BBX 10 11 4 -1
BITMAP
FFC0
FFC0
00C0
00C0
FFC0
FFC0
00C0
00C0
80C0
FFC0
FFC0
ENDCHAR
STARTCHAR uni30E8
ENCODING 12520
SWIDTH 1000 0
DWIDTH 18 0
BBX 12 14 3 -1
BITMAP
FFF0
FFF0
0030
0030
0030
FFF0
FFF0
0030
0030
0030
8030
FFF0
FFF0
0030
ENDCHAR
STARTCHAR uni30E9
ENCODING 12521
SWIDTH 1000 0
DWIDTH 18 0
BBX 14 15 2 -1
BITMAP
3FF8
3FF8
2008
0000
8008
FFFC
FFFC
0018
0038
0038
0070
01E0
07C0
1F00
0C00
ENDCHAR
STARTCHAR uni30EA
ENCODING 12522
SWIDTH 1000 0
DWIDTH 18 0
BBX 11 15 3 -1
BITMAP
6060
6060
6060
6060
6060
6060
6060
6060
6060
80E0
00E0
01C0
0780
1F00
0C00
ENDCHAR
STARTCHAR uni30EB
ENCODING 12523
SWIDTH 1000 0
DWIDTH 18 0
BBX 16 15 1 -1
BITMAP
1CE0
1CE0
1CE0
1CE0
1CE0
1CE0
1CE0
18E1
18E3
18E7
38EE
30FC
70F8
E0F0
4040
ENDCHAR
STARTCHAR uni30EC
ENCODING 12524
SWIDTH 1000 0
DWIDTH 18 0
BBX 13 15 4 -1
BITMAP
C000
C000
C000
C000
C000
C000
C010
C038
C0F0
C1E0
C7C0
DF00
FE00
F000
4000
ENDCHAR
STARTCHAR uni30ED
ENCODING 12525
SWIDTH 1000 0
DWIDTH 18 0
BBX 14 13 2 0
BITMAP
FFFC
FFFC
FFFC
E01C
E01C
E01C
E01C
E01C
E01C
E01C
FFFC
FFFC
E01C
ENDCHAR
STARTCHAR uni30EE
ENCODING 12526
SWIDTH 1000 0
DWIDTH 18 0
BBX 12 12 3 -2
BITMAP
FFF0
FFF0
C070
C070
C070
E060
00E0
01C0
0380
0F00
1E00
0800
ENDCHAR
STARTCHAR uni30EF
ENCODING 12527
SWIDTH 1000 0
DWIDTH 18 0
BBX 14 14 2 -1
BITMAP
FFFC
FFFC
E01C
E01C
E018
E018
E038
0038
0070
00E0
03C0
0F80
1F00
0C00
ENDCHAR
STARTCHAR uni30F0
ENCODING 12528
SWIDTH 1000 0
DWIDTH 18 0
BBX 16 15 1 -1
BITMAP
0030
0030
7FFE
7FFE
7FFE
0C30
0C30
0C30
0C30
FFFF
FFFF
0030
0030
0030
0030
ENDCHAR
STARTCHAR uni30F1
ENCODING 12529
SWIDTH 1000 0
DWIDTH 18 0
BBX 16 13 1 0
BITMAP
7FFE
7FFF
600E
000C
039C
03B8
0390
0380
0380
0380
FFFF
FFFF
FFFF
ENDCHAR
STARTCHAR uni30F2
ENCODING 12530
SWIDTH 1000 0
DWIDTH 18 0
BBX 13 14 3 -1
BITMAP
FFF8
FFF8
0038
0038
8030
FFF0
FFF0
00E0
00E0
01C0
0780
1F00
7C00
1800
ENDCHAR
STARTCHAR uni30F3
ENCODING 12531
SWIDTH 1000 0
DWIDTH 18 0
BBX 15 15 2 -1
BITMAP
2000
7000
7800
3C04
0E04
040E
001C
003C
0078
00F0
03E0
0F80
FF00
7C00
6000
ENDCHAR
STARTCHAR uni30F4
ENCODING 12532
SWIDTH 1000 0
DWIDTH 18 0
BBX 15 17 2 -1
BITMAP
0004
0036
071E
0718
8708
FFFC
FFFC
C018
C018
C038
C038
0070
00F0
01E0
07C0
1F80
0E00
ENDCHAR
STARTCHAR uni30F5
ENCODING 12533
SWIDTH 1000 0
DWIDTH 18 0
BBX 13 12 2 -1
BITMAP
0600
0600
7FF0
7FF8
0638
0630
0E30
0C30
1C30
3830
F9F0
71E0
ENDCHAR
STARTCHAR uni30F6
ENCODING 12534
SWIDTH 1000 0
DWIDTH 18 0
BBX 14 13 2 -2
BITMAP
0C00
1C00
1FFC
3FFC
3FFC
71C0
E180
4180
0380
0700
0F00
1E00
0400
ENDCHAR
STARTCHAR uni30F7
ENCODING 12535
SWIDTH 1000 0
DWIDTH 18 0
BBX 15 18 2 -2
BITMAP
000C
0036
0036
8010
FFFC
FFFC
C018
C018
C038
C038
0030
0070
00E0
01E0
07C0
1F00
0E00
0800
ENDCHAR
STARTCHAR uni30F8
ENCODING 12536
SWIDTH 1000 0
DWIDTH 18 0
BBX 16 16 1 -1
BITMAP
000F
0075
0076
4072
7FFE
7FFE
0C70
0C70
0C70
0C70
FFFE
FFFE
0070
0070
0070
0070
ENDCHAR
STARTCHAR uni30F9
ENCODING 12537
SWIDTH 1000 0
DWIDTH 18 0
BBX 16 16 1 0
BITMAP
0002
001F
001B
000C
7FFF
7FFE
000C
039C
03F8
03B0
0380
0380
0380
0380
FFFF
FFFF
ENDCHAR
STARTCHAR uni30FA
ENCODING 12538
SWIDTH 1000 0
DWIDTH 18 0
BBX 15 18 2 -2
BITMAP
000C
0036
0036
FFF0
FFFC
FFF8
0038
0038
FFF0
FFF0
0070
00E0
00E0
03C0
0780
7F00
3C00
1000
ENDCHAR
STARTCHAR uni30FB
ENCODING 12539
SWIDTH 1000 0
DWIDTH 18 0
BBX 4 4 7 5
BITMAP
F0
F0
F0
F0
ENDCHAR
STARTCHAR uni30FC
ENCODING 12540
SWIDTH 1000 0
DWIDTH 18 0
BBX 14 2 2 6
BITMAP
FFFC
FFFC
ENDCHAR
STARTCHAR uni30FD
ENCODING 12541
SWIDTH 1000 0
DWIDTH 18 0
BBX 9 10 5 1
BITMAP
4000
E000
7000
3800
1C00
0E00
0F00
0780
0300
0200
ENDCHAR
STARTCHAR uni30FE
ENCODING 12542
SWIDTH 1000 0
DWIDTH 18 0
BBX 11 12 4 1
BITMAP
00C0
06C0
2360
F100
7800
3C00
1E00
0F00
0700
03C0
0180
0100
ENDCHAR
STARTCHAR uni30FF
ENCODING 12543
SWIDTH 1000 0
DWIDTH 18 0
BBX 11 15 3 -1
BITMAP
FFE0
FFE0
0060
0060
0060
0060
0060
0060
0060
0060
0060
0060
0060
0060
0060
ENDCHAR
STARTCHAR uni3131
ENCODING 12593
SWIDTH 944 0
DWIDTH 17 0
BBX 11 9 3 2
BITMAP
FFE0
FFE0
00E0
00E0
00E0
00E0
00E0
00E0
00E0
ENDCHAR
STARTCHAR uni3132
ENCODING 12594
SWIDTH 944 0
DWIDTH 17 0
BBX 13 9 2 2
BITMAP
FDF8
FDF8
0C38
0C38
0C38
0C38
0C38
0C38
0C38
ENDCHAR
STARTCHAR uni3133
ENCODING 12595
SWIDTH 944 0
DWIDTH 17 0
BBX 13 9 2 2
BITMAP
FCC0
FCC0
1CC0
1CE0
1CE0
1DE0
1FB0
1F38
1E10
ENDCHAR
STARTCHAR uni3134
ENCODING 12596
SWIDTH 944 0
DWIDTH 17 0
BBX 11 8 3 3
BITMAP
C000
C000
C000
C000
C000
C000
FFE0
FFE0
ENDCHAR
STARTCHAR uni3135
ENCODING 12597
SWIDTH 944 0
DWIDTH 17 0
BBX 13 9 2 2
BITMAP
E3F0
E3F0
E0C0
E0C0
E1C0
E1E0
E3F0
FF38
FE10
ENDCHAR
STARTCHAR uni3136
ENCODING 12598
SWIDTH 944 0
DWIDTH 17 0
BBX 12 10 2 2
BITMAP
00C0
E0C0
E7F0
E7F0
E0C0
E3E0
E330
E730
FFF0
F9E0
ENDCHAR
STARTCHAR uni3137
ENCODING 12599
SWIDTH 944 0
DWIDTH 17 0
BBX 11 9 3 2
BITMAP
FFC0
FFC0
C000
C000
C000
C000
C000
FFE0
FFE0
ENDCHAR
STARTCHAR uni3138
ENCODING 12600
SWIDTH 944 0
DWIDTH 17 0
BBX 12 8 2 3
BITMAP
FDF0
FDF0
E180
E180
E180
E180
FD80
FDF0
ENDCHAR
STARTCHAR uni3139
ENCODING 12601
SWIDTH 944 0
DWIDTH 17 0
BBX 11 10 3 2
BITMAP
FFE0
FFE0
00E0
00E0
FFE0
FFE0
C000
C000
FFE0
FFE0
ENDCHAR
STARTCHAR uni313A
ENCODING 12602
SWIDTH 944 0
DWIDTH 17 0
BBX 12 9 2 2
BITMAP
FFF0
0C30
0C30
FC30
FC30
E030
E230
FE30
F830
ENDCHAR
STARTCHAR uni313B
ENCODING 12603
SWIDTH 944 0
DWIDTH 17 0
BBX 13 9 2 2
BITMAP
FDF8
1D98
1D98
FD98
FD98
C198
C598
FDF8
F9F8
ENDCHAR
STARTCHAR uni313C
ENCODING 12604
SWIDTH 944 0
DWIDTH 17 0
BBX 13 9 2 2
BITMAP
FDB8
1DB8
1DF8
FDF8
FDB8
C1B8
C5B8
FDF8
F9F8
ENDCHAR
STARTCHAR uni313D
ENCODING 12605
SWIDTH 944 0
DWIDTH 17 0
BBX 13 10 2 2
BITMAP
00E0
FCE0
1CE0
1CE0
FCE0
FCE0
C0E0
C5B0
FFB8
FA10
ENDCHAR
STARTCHAR uni313E
ENCODING 12606
SWIDTH 944 0
DWIDTH 17 0
BBX 13 9 2 2
BITMAP
FDF0
1D80
1D80
FDF0
FDF0
C180
C580
FDF8
F9F8
ENDCHAR
STARTCHAR uni313F
ENCODING 12607
SWIDTH 944 0
DWIDTH 17 0
BBX 13 9 2 2
BITMAP
FFF8
1DB0
1DB0
FDB0
FDB0
C1B0
C5B0
FFF8
FBF8
ENDCHAR
STARTCHAR uni3140
ENCODING 12608
SWIDTH 944 0
DWIDTH 17 0
BBX 13 10 2 2
BITMAP
0060
FC60
1FF8
1C00
FCF0
FDF0
E198
E598
FDF0
F8E0
ENDCHAR
STARTCHAR uni3141
ENCODING 12609
SWIDTH 944 0
DWIDTH 17 0
BBX 11 9 3 2
BITMAP
FFE0
FFE0
C0E0
C0E0
C0E0
C0E0
C0E0
FFE0
FFE0
ENDCHAR
STARTCHAR uni3142
ENCODING 12610
SWIDTH 944 0
DWIDTH 17 0
BBX 11 10 3 2
BITMAP
C0E0
C0E0
C0E0
FFE0
FFE0
C0E0
C0E0
C0E0
FFE0
FFE0
ENDCHAR
STARTCHAR uni3143
ENCODING 12611
SWIDTH 944 0
DWIDTH 17 0
BBX 12 9 2 2
BITMAP
EDB0
EDB0
FDF0
FDF0
EDB0
EDB0
EDB0
FDF0
FDF0
ENDCHAR
STARTCHAR uni3144
ENCODING 12612
SWIDTH 944 0
DWIDTH 17 0
BBX 14 9 2 2
BITMAP
EC60
EC60
FC60
FCE0
ECE0
ECF0
EDB8
FF9C
FD08
ENDCHAR
STARTCHAR uni3145
ENCODING 12613
SWIDTH 944 0
DWIDTH 17 0
BBX 12 10 2 2
BITMAP
0700
0700
0700
0700
0700
0F00
0F80
3DE0
F8F0
6030
ENDCHAR
STARTCHAR uni3146
ENCODING 12614
SWIDTH 944 0
DWIDTH 17 0
BBX 15 8 1 3
BITMAP
1C70
1C70
1C70
1C70
3C78
36D8
F7DE
638C
ENDCHAR
STARTCHAR uni3147
ENCODING 12615
SWIDTH 944 0
DWIDTH 17 0
BBX 11 10 3 2
BITMAP
0C00
3F80
7BC0
E0C0
C0E0
C0E0
E0C0
71C0
3F80
1E00
ENDCHAR
STARTCHAR uni3148
ENCODING 12616
SWIDTH 944 0
DWIDTH 17 0
BBX 12 10 2 2
BITMAP
7FF0
7FF0
0700
0700
0700
0F00
0F80
3DE0
F0F0
6020
ENDCHAR
STARTCHAR uni3149
ENCODING 12617
SWIDTH 944 0
DWIDTH 17 0
BBX 15 10 1 2
BITMAP
7EFC
7EFC
1830
1C70
1C70
3C78
3EF8
7FFC
E7CE
4384
ENDCHAR
STARTCHAR uni314A
ENCODING 12618
SWIDTH 944 0
DWIDTH 17 0
BBX 12 11 2 2
BITMAP
0600
0600
0600
7FF0
7FF0
0700
0700
0F80
1DC0
F8F0
6070
ENDCHAR
STARTCHAR uni314B
ENCODING 12619
SWIDTH 944 0
DWIDTH 17 0
BBX 11 10 3 2
BITMAP
FFE0
FFE0
00E0
00E0
00E0
FFE0
FCE0
00E0
00E0
00E0
ENDCHAR
STARTCHAR uni314C
ENCODING 12620
SWIDTH 944 0
DWIDTH 17 0
BBX 11 9 3 2
BITMAP
FFE0
FFE0
C000
FFC0
FFC0
C000
C000
FFE0
FFE0
ENDCHAR
STARTCHAR uni314D
ENCODING 12621
SWIDTH 944 0
DWIDTH 17 0
BBX 11 9 3 2
BITMAP
FFE0
FFE0
3180
3180
3180
3180
3180
FFE0
FFE0
ENDCHAR
STARTCHAR uni314E
ENCODING 12622
SWIDTH 944 0
DWIDTH 17 0
BBX 11 12 3 1
BITMAP
0E00
0E00
FFE0
FFE0
0000
1F00
3F80
71C0
61C0
7B80
3F80
0C00
ENDCHAR
STARTCHAR uni314F
ENCODING 12623
SWIDTH 944 0
DWIDTH 17 0
BBX 5 17 7 -2
BITMAP
C0
C0
C0
C0
C0
C0
F8
F8
C0
C0
C0
C0
C0
C0
C0
C0
C0
ENDCHAR
STARTCHAR uni3150
ENCODING 12624
SWIDTH 944 0
DWIDTH 17 0
BBX 7 17 5 -2
BITMAP
CE
CE
CE
CE
CE
CE
FE
FE
CE
CE
CE
CE
CE
CE
CE
CE
0E
ENDCHAR
STARTCHAR uni3151
ENCODING 12625
SWIDTH 944 0
DWIDTH 17 0
BBX 6 17 6 -2
BITMAP
E0
E0
E0
E0
FC
FC
E0
E0
E0
FC
FC
E0
E0
E0
E0
E0
E0
ENDCHAR
STARTCHAR uni3152
ENCODING 12626
SWIDTH 944 0
DWIDTH 17 0
BBX 7 17 5 -2
BITMAP
CE
CE
CE
CE
FE
FE
CE
CE
CE
FE
FE
CE
CE
CE
CE
CE
0E
ENDCHAR
STARTCHAR uni3153
ENCODING 12627
SWIDTH 944 0
DWIDTH 17 0
BBX 6 17 5 -2
BITMAP
0C
0C
0C
0C
0C
0C
FC
FC
0C
0C
0C
0C
0C
0C
0C
0C
0C
ENDCHAR
STARTCHAR uni3154
ENCODING 12628
SWIDTH 944 0
DWIDTH 17 0
BBX 8 17 4 -2
BITMAP
3B
3B
3B
3B
3B
3B
FB
FB
3B
3B
3B
3B
3B
3B
3B
3B
03
ENDCHAR
STARTCHAR uni3155
ENCODING 12629
SWIDTH 944 0
DWIDTH 17 0
BBX 6 17 5 -2
BITMAP
0C
0C
0C
0C
FC
FC
0C
0C
0C
FC
FC
0C
0C
0C
0C
0C
0C
ENDCHAR
STARTCHAR uni3156
ENCODING 12630
SWIDTH 944 0
DWIDTH 17 0
BBX 8 17 4 -2
BITMAP
3B
3B
3B
3B
FB
FB
3B
3B
3B
FB
FB
3B
3B
3B
3B
3B
03
ENDCHAR
STARTCHAR uni3157
ENCODING 12631
SWIDTH 944 0
DWIDTH 17 0
BBX 15 9 1 3
BITMAP
0300
0300
0300
0300
0300
0300
0300
FFFE
FFFE
ENDCHAR
STARTCHAR uni3158
ENCODING 12632
SWIDTH 944 0
DWIDTH 17 0
BBX 15 17 1 -2
BITMAP
0038
0038
0038
0038
0038
0C38
0C3E
0C3E
0C38
0C38
0C78
FFF8
FE38
0038
0038
0038
0038
ENDCHAR
STARTCHAR uni3159
ENCODING 12633
SWIDTH 944 0
DWIDTH 17 0
BBX 14 17 1 -2
BITMAP
006C
006C
006C
006C
006C
186C
186C
187C
187C
186C
FF6C
FF6C
006C
006C
006C
006C
000C
ENDCHAR
STARTCHAR uni315A
ENCODING 12634
SWIDTH 944 0
DWIDTH 17 0
BBX 14 17 1 -2
BITMAP
000C
000C
000C
000C
000C
060C
060C
060C
060C
060C
FFEC
7FEC
000C
000C
000C
000C
000C
ENDCHAR
STARTCHAR uni315B
ENCODING 12635
SWIDTH 944 0
DWIDTH 17 0
BBX 15 8 1 3
BITMAP
1C60
1C60
1C60
1C60
1C60
1C60
FFFE
FFFE
ENDCHAR
STARTCHAR uni315C
ENCODING 12636
SWIDTH 944 0
DWIDTH 17 0
BBX 15 9 1 1
BITMAP
FFFE
FFFE
0380
0380
0380
0380
0380
0380
0380
ENDCHAR
STARTCHAR uni315D
ENCODING 12637
SWIDTH 944 0
DWIDTH 17 0
BBX 14 17 1 -2
BITMAP
000C
000C
000C
000C
000C
000C
000C
FFEC
FF8C
0E0C
0E7C
0E7C
0E0C
0E0C
0E0C
000C
000C
ENDCHAR
STARTCHAR uni315E
ENCODING 12638
SWIDTH 944 0
DWIDTH 17 0
BBX 15 17 1 -2
BITMAP
006E
006E
006E
006E
006E
006E
006E
FF6E
FF6E
186E
19EE
19EE
186E
186E
186E
006E
000E
ENDCHAR
STARTCHAR uni315F
ENCODING 12639
SWIDTH 944 0
DWIDTH 17 0
BBX 14 17 1 -2
BITMAP
000C
000C
000C
000C
000C
000C
000C
FFEC
FFEC
060C
060C
060C
060C
060C
060C
000C
000C
ENDCHAR
STARTCHAR uni3160
ENCODING 12640
SWIDTH 944 0
DWIDTH 17 0
BBX 15 9 1 1
BITMAP
FFFE
FFFE
1C60
1C60
1C60
1C60
1C60
1C60
1C60
ENDCHAR
STARTCHAR uni3161
ENCODING 12641
SWIDTH 944 0
DWIDTH 17 0
BBX 15 2 1 6
BITMAP
FFFE
FFFE
ENDCHAR
STARTCHAR uni3162
ENCODING 12642
SWIDTH 944 0
DWIDTH 17 0
BBX 14 17 1 -2
BITMAP
000C
000C
000C
000C
000C
000C
000C
000C
000C
006C
FFEC
FE0C
000C
000C
000C
000C
000C
ENDCHAR
STARTCHAR uni3163
ENCODING 12643
SWIDTH 944 0
DWIDTH 17 0
BBX 3 17 7 -2
BITMAP
E0
E0
E0
E0
E0
E0
E0
E0
E0
E0
E0
E0
E0
E0
E0
E0
E0
ENDCHAR
STARTCHAR uni3165
ENCODING 12645
SWIDTH 944 0
DWIDTH 17 0
BBX 13 9 2 2
BITMAP
E180
E180
E180
E180
E180
E180
E580
FDF8
F1F8
ENDCHAR
STARTCHAR uni3166
ENCODING 12646
SWIDTH 944 0
DWIDTH 17 0
BBX 13 9 2 2
BITMAP
E1F0
E180
E180
E180
E180
E180
E580
FDF8
F1F8
ENDCHAR
STARTCHAR uni3167
ENCODING 12647
SWIDTH 944 0
DWIDTH 17 0
BBX 14 9 2 2
BITMAP
E0E0
E0E0
E0E0
E0E0
E0E0
E0E0
E5B0
FFBC
FA08
ENDCHAR
STARTCHAR uni3168
ENCODING 12648
SWIDTH 944 0
DWIDTH 17 0
BBX 13 10 2 2
BITMAP
0040
E040
E0C0
E0E0
E0E0
E1A0
E1B0
E530
FFF0
FBF8
ENDCHAR
STARTCHAR uni3169
ENCODING 12649
SWIDTH 944 0
DWIDTH 17 0
BBX 15 9 1 2
BITMAP
FBD8
18D8
18D8
F8D8
F8D8
E0FC
E4FE
FCE6
F8E4
ENDCHAR
STARTCHAR uni316A
ENCODING 12650
SWIDTH 944 0
DWIDTH 17 0
BBX 13 9 2 2
BITMAP
FDF0
1D80
1D80
FD80
FD80
C180
C580
FDF8
F1F8
ENDCHAR
STARTCHAR uni316B
ENCODING 12651
SWIDTH 944 0
DWIDTH 17 0
BBX 15 10 1 2
BITMAP
0018
F6D8
36D8
37D8
F7DC
F6DC
C6DC
C6FE
FFF6
F7E2
ENDCHAR
STARTCHAR uni316C
ENCODING 12652
SWIDTH 944 0
DWIDTH 17 0
BBX 13 10 2 2
BITMAP
0040
FC40
1CC0
1CE0
FCE0
FDA0
C1B0
C5B0
FFF0
FBF8
ENDCHAR
STARTCHAR uni316D
ENCODING 12653
SWIDTH 944 0
DWIDTH 17 0
BBX 13 9 2 2
BITMAP
FDF8
1DF8
1C00
FCF0
FDF0
C198
C5B8
FDF0
F8E0
ENDCHAR
STARTCHAR uni316E
ENCODING 12654
SWIDTH 944 0
DWIDTH 17 0
BBX 13 9 2 2
BITMAP
FDB8
CDB8
CDF8
CDF8
CDB8
CDB8
CDB8
FDF8
FDF8
ENDCHAR
STARTCHAR uni316F
ENCODING 12655
SWIDTH 944 0
DWIDTH 17 0
BBX 14 10 2 2
BITMAP
0060
FC60
CC60
CC60
CCE0
CCE0
CCF0
CDB8
FF9C
FE08
ENDCHAR
STARTCHAR uni3170
ENCODING 12656
SWIDTH 944 0
DWIDTH 17 0
BBX 13 10 2 2
BITMAP
0040
FC40
FCC0
CCE0
CCE0
CDA0
CDB0
CDB0
FFF0
FFF8
ENDCHAR
STARTCHAR uni3171
ENCODING 12657
SWIDTH 944 0
DWIDTH 17 0
BBX 9 12 4 1
BITMAP
FF80
FF80
C180
C180
FF80
FF80
0000
1800
3E00
6600
7600
3E00
ENDCHAR
STARTCHAR uni3172
ENCODING 12658
SWIDTH 944 0
DWIDTH 17 0
BBX 12 9 2 2
BITMAP
EDF0
EDF0
FC30
FC30
EC30
EC30
EC30
FC30
FC30
ENDCHAR
STARTCHAR uni3173
ENCODING 12659
SWIDTH 944 0
DWIDTH 17 0
BBX 12 9 2 2
BITMAP
EDF0
EDF0
FD80
FD80
ED80
ED80
ED80
FDF0
FDF0
ENDCHAR
STARTCHAR uni3174
ENCODING 12660
SWIDTH 944 0
DWIDTH 17 0
BBX 14 10 1 2
BITMAP
0180
D9BC
D98C
F98C
F98C
DB8C
DBCC
DFCC
FEEC
FC4C
ENDCHAR
STARTCHAR uni3175
ENCODING 12661
SWIDTH 944 0
DWIDTH 17 0
BBX 15 10 1 2
BITMAP
0380
DBBC
DBB8
FBB8
FBB8
DBB8
DBB8
DEF8
FEFE
FC7E
ENDCHAR
STARTCHAR uni3176
ENCODING 12662
SWIDTH 944 0
DWIDTH 17 0
BBX 14 9 2 2
BITMAP
EDF8
EDF8
FC60
FC60
ECE0
ECF0
EDF8
FF9C
FD08
ENDCHAR
STARTCHAR uni3177
ENCODING 12663
SWIDTH 944 0
DWIDTH 17 0
BBX 12 9 2 2
BITMAP
EDF0
EDF0
FD80
FDF0
EDF0
ED80
ED80
FDF0
FDF0
ENDCHAR
STARTCHAR uni3178
ENCODING 12664
SWIDTH 944 0
DWIDTH 17 0
BBX 9 12 4 1
BITMAP
C380
FF80
FF80
C380
FF80
FF80
0000
1800
3E00
6600
7600
3E00
ENDCHAR
STARTCHAR uni3179
ENCODING 12665
SWIDTH 944 0
DWIDTH 17 0
BBX 11 12 3 1
BITMAP
DB60
FBE0
FBE0
DB60
FBE0
FBE0
0000
0C00
1F00
3300
3B00
1F00
ENDCHAR
STARTCHAR uni317A
ENCODING 12666
SWIDTH 944 0
DWIDTH 17 0
BBX 12 9 2 2
BITMAP
19F0
19F0
1830
3830
3830
3C30
EE30
E730
8230
ENDCHAR
STARTCHAR uni317B
ENCODING 12667
SWIDTH 944 0
DWIDTH 17 0
BBX 13 9 2 2
BITMAP
39C0
39C0
39C0
39C0
39C0
3DC0
6DC0
EFF8
45F8
ENDCHAR
STARTCHAR uni317C
ENCODING 12668
SWIDTH 944 0
DWIDTH 17 0
BBX 13 9 2 2
BITMAP
39F0
39F0
3980
3980
3980
3D80
6D80
EFF8
45F8
ENDCHAR
STARTCHAR uni317D
ENCODING 12669
SWIDTH 944 0
DWIDTH 17 0
BBX 13 9 2 2
BITMAP
3BB8
3BB8
3BF8
3BF8
3BB8
7BB8
6FB8
EFF8
47F8
ENDCHAR
STARTCHAR uni317E
ENCODING 12670
SWIDTH 944 0
DWIDTH 17 0
BBX 14 9 1 2
BITMAP
1DFC
1DFC
1C70
1C70
1C70
3E70
76D8
F7DC
4388
ENDCHAR
STARTCHAR uni317F
ENCODING 12671
SWIDTH 944 0
DWIDTH 17 0
BBX 9 11 4 2
BITMAP
0800
0800
1800
1C00
3C00
3E00
3600
7600
6700
FF00
FF80
ENDCHAR
STARTCHAR uni3180
ENCODING 12672
SWIDTH 944 0
DWIDTH 17 0
BBX 13 10 2 2
BITMAP
1060
78F0
FDF8
CD98
CD98
CD98
CD98
FDF8
7CF0
3060
ENDCHAR
STARTCHAR uni3181
ENCODING 12673
SWIDTH 944 0
DWIDTH 17 0
BBX 10 12 3 1
BITMAP
0C00
0C00
0C00
3F00
7B80
60C0
E0C0
E0C0
60C0
7B80
3F00
0400
ENDCHAR
STARTCHAR uni3182
ENCODING 12674
SWIDTH 944 0
DWIDTH 17 0
BBX 13 10 2 2
BITMAP
3000
30C0
38C0
7CC0
CCC0
CCE0
CDE0
FFF0
7F38
3210
ENDCHAR
STARTCHAR uni3183
ENCODING 12675
SWIDTH 944 0
DWIDTH 17 0
BBX 13 10 2 2
BITMAP
3040
3040
38C0
7CE0
CCE0
CDA0
CDB0
FDB0
7FF0
33F8
ENDCHAR
STARTCHAR uni3184
ENCODING 12676
SWIDTH 944 0
DWIDTH 17 0
BBX 11 13 3 1
BITMAP
FFC0
FFC0
3180
3180
3180
FFE0
FFE0
0000
0C00
1F00
3300
1B00
1F00
ENDCHAR
STARTCHAR uni3185
ENCODING 12677
SWIDTH 944 0
DWIDTH 17 0
BBX 13 10 2 2
BITMAP
3060
3060
FDF8
FDF8
70E0
F9F0
CD98
CD98
F9F0
78F0
ENDCHAR
STARTCHAR uni3186
ENCODING 12678
SWIDTH 944 0
DWIDTH 17 0
BBX 9 10 4 2
BITMAP
FF80
FF80
0000
3E00
7F00
E300
C380
C380
F700
7E00
ENDCHAR
STARTCHAR uni3187
ENCODING 12679
SWIDTH 944 0
DWIDTH 17 0
BBX 15 16 1 -1
BITMAP
0038
0038
0038
0038
003E
333E
3338
3338
333E
333E
33F8
FFF8
F038
0038
0038
0038
ENDCHAR
STARTCHAR uni3188
ENCODING 12680
SWIDTH 944 0
DWIDTH 17 0
BBX 14 16 1 -1
BITMAP
006C
006C
006C
006C
007C
367C
366C
366C
366C
367C
FF7C
FF6C
006C
006C
006C
006C
ENDCHAR
STARTCHAR uni3189
ENCODING 12681
SWIDTH 944 0
DWIDTH 17 0
BBX 14 17 1 -2
BITMAP
000C
000C
000C
000C
000C
1B8C
1B8C
1B8C
1B8C
1B8C
FFEC
7FEC
000C
000C
000C
000C
000C
ENDCHAR
STARTCHAR uni318A
ENCODING 12682
SWIDTH 944 0
DWIDTH 17 0
BBX 14 17 1 -2
BITMAP
000C
000C
000C
000C
000C
000C
FFEC
FFEC
370C
377C
377C
370C
377C
370C
370C
000C
000C
ENDCHAR
STARTCHAR uni318B
ENCODING 12683
SWIDTH 944 0
DWIDTH 17 0
BBX 15 17 1 -2
BITMAP
006E
006E
006E
006E
006E
0F6E
FF6E
6E6E
6FEE
6FEE
6E6E
6FEE
6FEE
6E6E
6E6E
006E
000E
ENDCHAR
STARTCHAR uni318C
ENCODING 12684
SWIDTH 944 0
DWIDTH 17 0
BBX 14 17 1 -2
BITMAP
000C
000C
000C
000C
000C
000C
000C
FFEC
FFEC
198C
198C
198C
198C
198C
198C
000C
000C
ENDCHAR
STARTCHAR uni318D
ENCODING 12685
SWIDTH 944 0
DWIDTH 17 0
BBX 3 3 7 5
BITMAP
E0
E0
C0
ENDCHAR
STARTCHAR uni318E
ENCODING 12686
SWIDTH 944 0
DWIDTH 17 0
BBX 7 16 5 -1
BITMAP
06
06
06
06
06
06
46
E6
E6
46
06
06
06
06
06
06
ENDCHAR
STARTCHAR uni31A0
ENCODING 12704
SWIDTH 1000 0
DWIDTH 18 0
BBX 12 16 3 -1
BITMAP
7000
6000
6000
6000
FFF0
FFF0
0030
0030
0030
0070
0360
07E0
0CE0
0CE0
0FC0
0780
ENDCHAR
STARTCHAR uni31A1
ENCODING 12705
SWIDTH 1000 0
DWIDTH 18 0
BBX 14 15 2 -2
BITMAP
FFFC
FFFC
060C
060C
060C
061C
061C
06F8
0678
3E00
7E00
6600
6E00
7C00
1000
ENDCHAR
STARTCHAR uni31A2
ENCODING 12706
SWIDTH 1000 0
DWIDTH 18 0
BBX 11 17 3 -2
BITMAP
0060
6060
6060
6060
6060
6060
6060
63E0
7FE0
FC60
6060
03E0
07E0
0660
06E0
07C0
0100
ENDCHAR
STARTCHAR uni31A3
ENCODING 12707
SWIDTH 1000 0
DWIDTH 18 0
BBX 16 16 2 -1
BITMAP
0840
0E70
1C70
38E0
39C0
71C0
6380
C700
E380
7180
31C8
38FE
1C76
0C73
0E3E
041E
ENDCHAR
STARTCHAR uni31A4
ENCODING 12708
SWIDTH 1000 0
DWIDTH 18 0
BBX 16 15 1 -1
BITMAP
0E00
0E00
0E00
0E3F
1FFE
FFCE
FE0C
0E1C
0E18
0E00
0E00
0E00
07FC
07FC
01F8
ENDCHAR
STARTCHAR uni31A5
ENCODING 12709
SWIDTH 1000 0
DWIDTH 18 0
BBX 16 16 1 -2
BITMAP
0E00
0E00
0E04
0E7F
1FFE
FFCE
FE0C
0E1C
0E18
0E00
0E1E
0E13
07F3
07FE
01FC
0006
ENDCHAR
STARTCHAR uni31A6
ENCODING 12710
SWIDTH 1000 0
DWIDTH 18 0
BBX 15 15 2 -1
BITMAP
FFFE
FFFE
FFFE
0700
0E00
1C00
1800
3008
E00C
701C
3838
1CF0
0FE0
0780
0300
ENDCHAR
STARTCHAR uni31A7
ENCODING 12711
SWIDTH 1000 0
DWIDTH 18 0
BBX 15 15 2 -1
BITMAP
FFFE
FFFE
FFFE
0700
0E00
1C00
1838
307C
E0CC
707C
3878
1C7C
0FE8
07C0
0300
ENDCHAR
STARTCHAR uni31A8
ENCODING 12712
SWIDTH 1000 0
DWIDTH 18 0
BBX 16 15 1 -1
BITMAP
000E
601C
7818
3C38
0E70
07E0
03FF
01FF
03E0
0770
1E78
3C3C
781E
E00E
4004
ENDCHAR
STARTCHAR uni31A9
ENCODING 12713
SWIDTH 1000 0
DWIDTH 18 0
BBX 14 17 2 -2
BITMAP
4008
E01C
7038
3870
1CE0
0FC0
0780
0300
0300
0300
0300
1F80
3FE0
33C0
3F00
1E00
0800
ENDCHAR
STARTCHAR uni31AA
ENCODING 12714
SWIDTH 1000 0
DWIDTH 18 0
BBX 15 7 2 4
BITMAP
003C
007E
0066
FFFE
FFFE
00C0
00C0
ENDCHAR
STARTCHAR uni31AB
ENCODING 12715
SWIDTH 1000 0
DWIDTH 18 0
BBX 16 15 1 -1
BITMAP
200E
701C
3818
1C38
0E70
07E0
03E0
01C0
03E0
077E
1E7F
3C79
78FF
E04F
4006
ENDCHAR
STARTCHAR uni31AC
ENCODING 12716
SWIDTH 1000 0
DWIDTH 18 0
BBX 14 14 2 -1
BITMAP
FFFC
FFFC
C30C
C30C
C30C
C30C
C30C
C30C
C30C
C30C
C30C
C30C
C30C
C000
ENDCHAR
STARTCHAR uni31AD
ENCODING 12717
SWIDTH 1000 0
DWIDTH 18 0
BBX 16 15 1 -1
BITMAP
FFFF
FFFF
FFFF
1998
1998
1998
1998
1998
1998
3998
3198
7199
E19F
E187
4180
ENDCHAR
STARTCHAR uni31AE
ENCODING 12718
SWIDTH 1000 0
DWIDTH 18 0
BBX 15 15 1 -1
BITMAP
7FFE
7FFE
00C0
39C0
3180
3180
7FFE
7FFE
030E
030C
FF0C
DE1C
DE1C
FE18
2628
ENDCHAR
STARTCHAR uni31AF
ENCODING 12719
SWIDTH 1000 0
DWIDTH 18 0
BBX 15 16 2 -1
BITMAP
0200
0300
0700
0E20
0C38
1870
30E0
FFC0
7F80
4308
063E
1C66
3866
FFFE
7FF8
40C0
ENDCHAR
STARTCHAR uni31B0
ENCODING 12720
SWIDTH 1000 0
DWIDTH 18 0
BBX 14 16 2 -1
BITMAP
2010
7038
3870
1C60
1CE0
0FC0
FFFC
FFFC
C30C
C30C
C30C
C30C
C30C
C30C
C30C
C30C
ENDCHAR
STARTCHAR uni31B1
ENCODING 12721
SWIDTH 1000 0
DWIDTH 18 0
BBX 16 15 1 -1
BITMAP
FFFF
FFFF
0180
0180
7FFE
7FFE
6306
6606
6E36
6E36
6766
63C6
6186
6006
6006
ENDCHAR
STARTCHAR uni31B2
ENCODING 12722
SWIDTH 1000 0
DWIDTH 18 0
BBX 16 12 1 0
BITMAP
FFFF
FFFF
0180
0180
0180
0180
0180
0180
0180
0180
7FFE
7FFE
ENDCHAR
STARTCHAR uni31B3
ENCODING 12723
SWIDTH 1000 0
DWIDTH 18 0
BBX 9 15 4 -1
BITMAP
0C00
0C00
0C00
0C00
0C00
0C00
0C00
0C00
0C00
3C00
7F00
CF80
CD00
FC00
7800
ENDCHAR
STARTCHAR uni31B4
ENCODING 12724
SWIDTH 611 0
DWIDTH 11 0
BBX 7 9 2 -1
BITMAP
40
60
C0
FE
FE
06
06
3E
1C
ENDCHAR
STARTCHAR uni31B5
ENCODING 12725
SWIDTH 611 0
DWIDTH 11 0
BBX 8 9 1 -1
BITMAP
40
70
60
7F
7F
33
33
EF
4E
ENDCHAR
STARTCHAR uni31B6
ENCODING 12726
SWIDTH 611 0
DWIDTH 11 0
BBX 9 8 1 -1
BITMAP
FF80
FF80
3000
3F00
7F00
0300
1F00
0E00
ENDCHAR
STARTCHAR uni31B7
ENCODING 12727
SWIDTH 611 0
DWIDTH 11 0
BBX 9 9 1 -2
BITMAP
3F80
3F80
3000
3000
6000
6000
6000
E000
4000
ENDCHAR
STARTCHAR uni31B8
ENCODING 12728
SWIDTH 1000 0
DWIDTH 18 0
BBX 14 12 2 1
BITMAP
7FF8
7FFC
7FF8
0070
00E0
01C0
0780
0E00
1C00
7000
FFFC
7FFC
ENDCHAR
STARTCHAR uni31B9
ENCODING 12729
SWIDTH 1000 0
DWIDTH 18 0
BBX 15 11 2 2
BITMAP
E000
E000
E000
E000
E000
E000
E000
E000
E000
FFFE
FFFE
ENDCHAR
STARTCHAR uni31BA
ENCODING 12730
SWIDTH 1000 0
DWIDTH 18 0
BBX 16 13 1 1
BITMAP
0180
0180
0180
0180
0180
FFFF
FFFF
0180
0180
0180
0180
0180
0180
ENDCHAR
STARTCHAR uni31BB
ENCODING 12731
SWIDTH 611 0
DWIDTH 11 0
BBX 9 8 1 -1
BITMAP
1A80
3300
7600
6E00
EE00
7600
3B00
1980
ENDCHAR
STARTCHAR uni31F0
ENCODING 12784
SWIDTH 1000 0
DWIDTH 18 0
BBX 13 13 2 -1
BITMAP
0700
0700
0FF0
0FF8
1C30
7830
F060
20E0
01C0
0380
0700
3E00
1C00
ENDCHAR
STARTCHAR uni31F1
ENCODING 12785
SWIDTH 1000 0
DWIDTH 18 0
BBX 13 13 3 -1
BITMAP
1000
3800
1E00
0400
4010
F838
3070
10E0
01C0
0780
3F00
7C00
2000
ENDCHAR
STARTCHAR uni31F2
ENCODING 12786
SWIDTH 1000 0
DWIDTH 18 0
BBX 12 12 3 -1
BITMAP
7FC0
7FE0
40C0
01C0
0180
0380
0700
0FC0
1DE0
78E0
F070
4020
ENDCHAR
STARTCHAR uni31F3
ENCODING 12787
SWIDTH 1000 0
DWIDTH 18 0
BBX 9 12 6 -1
BITMAP
E000
C000
C000
C000
F800
FE00
CF80
C300
C000
C000
C000
E000
ENDCHAR
STARTCHAR uni31F4
ENCODING 12788
SWIDTH 1000 0
DWIDTH 18 0
BBX 11 12 3 -1
BITMAP
7FC0
7FE0
40E0
00C0
31C0
3D80
0F80
0780
0FC0
3CE0
F840
6000
ENDCHAR
STARTCHAR uni31F5
ENCODING 12789
SWIDTH 1000 0
DWIDTH 18 0
BBX 14 10 2 0
BITMAP
0CC0
0CE0
0C60
1870
1830
1830
3838
3018
7018
E01C
ENDCHAR
STARTCHAR uni31F6
ENCODING 12790
SWIDTH 1000 0
DWIDTH 18 0
BBX 10 12 4 -1
BITMAP
E000
6000
61C0
6FC0
7F00
7000
6000
6000
6000
73C0
7FC0
0F00
ENDCHAR
STARTCHAR uni31F7
ENCODING 12791
SWIDTH 1000 0
DWIDTH 18 0
BBX 12 12 3 -1
BITMAP
FFE0
FFF0
0060
0060
0060
00C0
01C0
0380
0780
1E00
3C00
1000
ENDCHAR
STARTCHAR uni31F8
ENCODING 12792
SWIDTH 1000 0
DWIDTH 18 0
BBX 14 10 2 0
BITMAP
0400
0F00
1F80
19C0
30E0
F070
6078
2038
001C
0008
ENDCHAR
STARTCHAR uni31F9
ENCODING 12793
SWIDTH 1000 0
DWIDTH 18 0
BBX 14 13 2 -1
BITMAP
0300
0300
7FF8
7FF8
0300
0300
3B70
3330
6318
E31C
4310
0F00
0E00
ENDCHAR
STARTCHAR uni31FA
ENCODING 12794
SWIDTH 1000 0
DWIDTH 18 0
BBX 13 12 3 -1
BITMAP
0600
0600
0E00
0C00
0C00
1C40
18E0
1860
3870
FFF0
FFF8
C018
ENDCHAR
STARTCHAR uni31FB
ENCODING 12795
SWIDTH 1000 0
DWIDTH 18 0
BBX 12 12 3 -1
BITMAP
3FC0
3FC0
0000
0000
FFF0
FFE0
0060
00C0
01C0
0780
3F00
1C00
ENDCHAR
STARTCHAR uni31FC
ENCODING 12796
SWIDTH 1000 0
DWIDTH 18 0
BBX 9 12 4 -1
BITMAP
E180
E180
E180
E180
E180
E180
E180
E180
0380
0700
3E00
1C00
ENDCHAR
STARTCHAR uni31FD
ENCODING 12797
SWIDTH 1000 0
DWIDTH 18 0
BBX 14 12 2 -1
BITMAP
1980
1980
1980
1980
1980
1980
1988
399C
31B8
71F0
E1C0
2080
ENDCHAR
STARTCHAR uni31FE
ENCODING 12798
SWIDTH 1000 0
DWIDTH 18 0
BBX 11 12 5 -1
BITMAP
E000
C000
C000
C000
C000
C040
C0E0
C1C0
C780
FE00
F800
6000
ENDCHAR
STARTCHAR uni31FF
ENCODING 12799
SWIDTH 1000 0
DWIDTH 18 0
BBX 12 10 3 0
BITMAP
FFF0
FFF0
C030
C030
C030
C030
C030
C030
FFF0
FFF0
ENDCHAR
STARTCHAR uniF001
ENCODING 61441
SWIDTH 611 0
DWIDTH 11 0
BBX 11 13 0 0
BITMAP
1EE0
3EE0
3800
FDC0
FDC0
71C0
71C0
71C0
71C0
71C0
E380
E380
E380
ENDCHAR
STARTCHAR uniF002
ENCODING 61442
SWIDTH 611 0
DWIDTH 11 0
BBX 11 13 0 0
BITMAP
1EE0
3EE0
38E0
FDC0
FDC0
71C0
71C0
71C0
71C0
71C0
E380
E380
E380
ENDCHAR
STARTCHAR uniF005
ENCODING 61445
SWIDTH 333 0
DWIDTH 6 0
BBX 4 3 1 -4
BITMAP
70
30
E0
ENDCHAR
STARTCHAR uniFB00
ENCODING 64256
SWIDTH 722 0
DWIDTH 13 0
BBX 14 15 0 0
BITMAP
001C
1F78
3EF8
38E0
38E0
FFF8
FFF8
38E0
38E0
38E0
38E0
38E0
38E0
38E0
38E0
ENDCHAR
STARTCHAR uniF001
ENCODING 64257
SWIDTH 611 0
DWIDTH 11 0
BBX 11 13 0 0
BITMAP
1EE0
3EE0
3800
FDC0
FDC0
71C0
71C0
71C0
71C0
71C0
E380
E380
E380
ENDCHAR
STARTCHAR uniF002
ENCODING 64258
SWIDTH 611 0
DWIDTH 11 0
BBX 11 13 0 0
BITMAP
1EE0
3EE0
38E0
FDC0
FDC0
71C0
71C0
71C0
71C0
71C0
E380
E380
E380
ENDCHAR
STARTCHAR uniFB03
ENCODING 64259
SWIDTH 1000 0
DWIDTH 18 0
BBX 17 15 0 0
BITMAP
001D00
1F7B80
3EFB80
38E000
38E000
FFFB80
FFFB80
38E380
38E380
38E380
38E380
38E380
38E380
38E380
38E380
ENDCHAR
STARTCHAR uniFB04
ENCODING 64260
SWIDTH 1056 0
DWIDTH 19 0
BBX 18 15 0 0
BITMAP
001C00
1F7B80
3EFB80
38E380
38E380
FFFB80
FFFB80
38E380
38E380
38E380
38E380
38E380
38E380
38E1C0
38E1C0
ENDCHAR
STARTCHAR uniFE10
ENCODING 65040
SWIDTH 1000 0
DWIDTH 18 0
BBX 4 7 12 8
BITMAP
E0
F0
F0
30
60
C0
80
ENDCHAR
STARTCHAR uniFE11
ENCODING 65041
SWIDTH 1000 0
DWIDTH 18 0
BBX 6 5 11 10
BITMAP
20
F0
38
1C
08
ENDCHAR
STARTCHAR uniFE12
ENCODING 65042
SWIDTH 1000 0
DWIDTH 18 0
BBX 6 6 11 9
BITMAP
38
6C
44
C4
6C
38
ENDCHAR
STARTCHAR uniFE13
ENCODING 65043
SWIDTH 1000 0
DWIDTH 18 0
BBX 4 12 11 2
BITMAP
60
F0
70
00
00
00
00
00
00
F0
F0
60
ENDCHAR
STARTCHAR uniFE14
ENCODING 65044
SWIDTH 1000 0
DWIDTH 18 0
BBX 4 15 11 -1
BITMAP
60
F0
70
00
00
00
00
00
70
F0
70
30
30
E0
C0
ENDCHAR
STARTCHAR uniFE15
ENCODING 65045
SWIDTH 1000 0
DWIDTH 18 0
BBX 4 14 11 1
BITMAP
70
60
60
60
60
60
60
60
60
00
00
60
F0
60
ENDCHAR
STARTCHAR uniFE16
ENCODING 65046
SWIDTH 1000 0
DWIDTH 18 0
BBX 10 14 8 1
BITMAP
1F00
7F80
E3C0
41C0
0180
0380
0700
0C00
0C00
0000
0000
1C00
1C00
0C00
ENDCHAR
STARTCHAR uniFE17
ENCODING 65047
SWIDTH 1000 0
DWIDTH 18 0
BBX 18 7 0 -2
BITMAP
FFFFC0
83F040
8C0C40
B00240
C00140
8000C0
800040
ENDCHAR
STARTCHAR uniFE18
ENCODING 65048
SWIDTH 1000 0
DWIDTH 18 0
BBX 18 6 0 9
BITMAP
800040
C000C0
A00140
980640
87F840
FFFFC0
ENDCHAR
STARTCHAR uniFE19
ENCODING 65049
SWIDTH 1000 0
DWIDTH 18 0
BBX 2 15 8 -1
BITMAP
C0
C0
C0
00
00
00
C0
C0
C0
00
00
00
C0
C0
C0
ENDCHAR
STARTCHAR uniFE30
ENCODING 65072
SWIDTH 1000 0
DWIDTH 18 0
BBX 2 12 8 1
BITMAP
C0
C0
C0
00
00
00
00
00
00
C0
C0
C0
ENDCHAR
STARTCHAR uniFE31
ENCODING 65073
SWIDTH 1000 0
DWIDTH 18 0
BBX 1 16 9 -1
BITMAP
80
80
80
80
80
80
80
80
80
80
80
80
80
80
80
80
ENDCHAR
STARTCHAR uniFE32
ENCODING 65074
SWIDTH 1000 0
DWIDTH 18 0
BBX 1 4 9 5
BITMAP
80
80
80
80
ENDCHAR
STARTCHAR uniFE33
ENCODING 65075
SWIDTH 1000 0
DWIDTH 18 0
BBX 1 18 0 -2
BITMAP
80
80
80
80
80
80
80
80
80
80
80
80
80
80
80
80
80
80
ENDCHAR
STARTCHAR uniFE34
ENCODING 65076
SWIDTH 1000 0
DWIDTH 18 0
BBX 3 18 0 -2
BITMAP
C0
40
60
60
60
40
C0
40
60
20
60
40
C0
40
60
60
60
C0
ENDCHAR
STARTCHAR uniFE35
ENCODING 65077
SWIDTH 1000 0
DWIDTH 18 0
BBX 18 5 0 -1
BITMAP
03F000
1FFE00
3C0F00
F003C0
400080
ENDCHAR
STARTCHAR uniFE36
ENCODING 65078
SWIDTH 1000 0
DWIDTH 18 0
BBX 18 5 0 10
BITMAP
400080
E001C0
780780
1FFE00
07F800
ENDCHAR
STARTCHAR uniFE37
ENCODING 65079
SWIDTH 1000 0
DWIDTH 18 0
BBX 18 6 0 -2
BITMAP
00C000
00C000
7FFF80
7FBF80
C000C0
C000C0
ENDCHAR
STARTCHAR uniFE38
ENCODING 65080
SWIDTH 1000 0
DWIDTH 18 0
BBX 18 5 0 10
BITMAP
C000C0
FF3FC0
7FFF80
00C000
00C000
ENDCHAR
STARTCHAR uniFE39
ENCODING 65081
SWIDTH 1000 0
DWIDTH 18 0
BBX 18 5 0 -2
BITMAP
3FFF00
3FFF00
600180
C000C0
400080
ENDCHAR
STARTCHAR uniFE3A
ENCODING 65082
SWIDTH 1000 0
DWIDTH 18 0
BBX 18 5 0 10
BITMAP
C000C0
600180
300300
3FFF00
1FFE00
ENDCHAR
STARTCHAR uniFE3B
ENCODING 65083
SWIDTH 1000 0
DWIDTH 18 0
BBX 18 6 0 -2
BITMAP
FFFFC0
FFFFC0
FC0FC0
E001C0
C000C0
800040
ENDCHAR
STARTCHAR uniFE3C
ENCODING 65084
SWIDTH 1000 0
DWIDTH 18 0
BBX 18 5 0 10
BITMAP
800040
E001C0
F807C0
FFFFC0
FFFFC0
ENDCHAR
STARTCHAR uniFE3D
ENCODING 65085
SWIDTH 1000 0
DWIDTH 18 0
BBX 18 9 0 -2
BITMAP
008000
01E000
0F3C00
3C0F00
E1E1C0
4F3C80
3C0F00
F003C0
400080
ENDCHAR
STARTCHAR uniFE3E
ENCODING 65086
SWIDTH 1000 0
DWIDTH 18 0
BBX 18 8 0 7
BITMAP
600180
F807C0
0F3C00
63F180
F8C7C0
1E1E00
03F000
00C000
ENDCHAR
STARTCHAR uniFE3F
ENCODING 65087
SWIDTH 1000 0
DWIDTH 18 0
BBX 18 7 0 -1
BITMAP
008000
01E000
07F800
0E1C00
3C0F00
F003C0
400080
ENDCHAR
STARTCHAR uniFE40
ENCODING 65088
SWIDTH 1000 0
DWIDTH 18 0
BBX 18 7 0 8
BITMAP
400080
F003C0
780780
1E1E00
073800
03F000
00C000
ENDCHAR
STARTCHAR uniFE41
ENCODING 65089
SWIDTH 1000 0
DWIDTH 18 0
BBX 13 6 5 -2
BITMAP
FFF8
FFF8
0038
0038
0038
0038
ENDCHAR
STARTCHAR uniFE42
ENCODING 65090
SWIDTH 1000 0
DWIDTH 18 0
BBX 13 6 0 9
BITMAP
E000
E000
E000
E000
FFF8
FFF8
ENDCHAR
STARTCHAR uniFE43
ENCODING 65091
SWIDTH 1000 0
DWIDTH 18 0
BBX 12 7 6 -2
BITMAP
FFF0
8010
8010
7F90
0090
0090
00F0
ENDCHAR
STARTCHAR uniFE44
ENCODING 65092
SWIDTH 1000 0
DWIDTH 18 0
BBX 12 6 0 9
BITMAP
F000
9000
9000
9FF0
8010
FFF0
ENDCHAR
STARTCHAR uniFE45
ENCODING 65093
SWIDTH 1000 0
DWIDTH 18 0
BBX 12 13 3 0
BITMAP
8000
F000
3C00
1F00
0F80
0FC0
07E0
03E0
01F0
01F0
00F0
00E0
0040
ENDCHAR
STARTCHAR uniFE46
ENCODING 65094
SWIDTH 1000 0
DWIDTH 18 0
BBX 12 12 3 1
BITMAP
4000
B000
6C00
1300
1080
0840
0420
0220
0210
0110
0110
00E0
ENDCHAR
STARTCHAR uniFE47
ENCODING 65095
SWIDTH 1000 0
DWIDTH 18 0
BBX 18 5 0 -2
BITMAP
FFFFC0
FFFFC0
C000C0
C000C0
C000C0
ENDCHAR
STARTCHAR uniFE48
ENCODING 65096
SWIDTH 1000 0
DWIDTH 18 0
BBX 18 4 0 11
BITMAP
400080
400080
7FFF80
7FFF80
ENDCHAR
STARTCHAR uniFE49
ENCODING 65097
SWIDTH 1000 0
DWIDTH 18 0
BBX 10 1 4 13
BITMAP
EDC0
ENDCHAR
STARTCHAR uniFE4A
ENCODING 65098
SWIDTH 1000 0
DWIDTH 18 0
BBX 10 1 4 13
BITMAP
E9C0
ENDCHAR
STARTCHAR uniFE4B
ENCODING 65099
SWIDTH 1000 0
DWIDTH 18 0
BBX 18 2 0 13
BITMAP
CF3CC0
79E780
ENDCHAR
STARTCHAR uniFE4C
ENCODING 65100
SWIDTH 1000 0
DWIDTH 18 0
BBX 18 5 0 10
BITMAP
CF3CC0
79E780
861840
FFFFC0
30C300
ENDCHAR
STARTCHAR uniFE4D
ENCODING 65101
SWIDTH 1000 0
DWIDTH 18 0
BBX 10 1 4 0
BITMAP
EDC0
ENDCHAR
STARTCHAR uniFE4E
ENCODING 65102
SWIDTH 1000 0
DWIDTH 18 0
BBX 10 1 4 0
BITMAP
E9C0
ENDCHAR
STARTCHAR uniFE4F
ENCODING 65103
SWIDTH 1000 0
DWIDTH 18 0
BBX 18 3 0 -2
BITMAP
861840
FFFFC0
30C300
ENDCHAR
STARTCHAR uniFE50
ENCODING 65104
SWIDTH 1000 0
DWIDTH 18 0
BBX 4 6 7 -3
BITMAP
60
60
70
20
60
C0
ENDCHAR
STARTCHAR uniFE51
ENCODING 65105
SWIDTH 1000 0
DWIDTH 18 0
BBX 4 5 7 -2
BITMAP
40
E0
70
30
20
ENDCHAR
STARTCHAR uniFE52
ENCODING 65106
SWIDTH 1000 0
DWIDTH 18 0
BBX 2 3 8 0
BITMAP
C0
C0
C0
ENDCHAR
STARTCHAR uniFE54
ENCODING 65108
SWIDTH 1000 0
DWIDTH 18 0
BBX 4 12 7 -3
BITMAP
40
60
60
00
00
00
60
E0
70
20
60
C0
ENDCHAR
STARTCHAR uniFE55
ENCODING 65109
SWIDTH 1000 0
DWIDTH 18 0
BBX 2 9 8 0
BITMAP
80
C0
C0
00
00
00
C0
C0
C0
ENDCHAR
STARTCHAR uniFE56
ENCODING 65110
SWIDTH 1000 0
DWIDTH 18 0
BBX 8 12 5 -1
BITMAP
1C
7E
C7
03
07
0E
18
18
00
18
38
18
ENDCHAR
STARTCHAR uniFE57
ENCODING 65111
SWIDTH 1000 0
DWIDTH 18 0
BBX 2 11 8 -1
BITMAP
C0
C0
C0
C0
C0
C0
C0
00
C0
C0
C0
ENDCHAR
STARTCHAR uniFE58
ENCODING 65112
SWIDTH 1000 0
DWIDTH 18 0
BBX 10 1 4 2
BITMAP
FFC0
ENDCHAR
STARTCHAR uniFE59
ENCODING 65113
SWIDTH 1000 0
DWIDTH 18 0
BBX 4 13 7 -2
BITMAP
20
70
60
C0
C0
C0
C0
C0
C0
C0
60
30
20
ENDCHAR
STARTCHAR uniFE5A
ENCODING 65114
SWIDTH 1000 0
DWIDTH 18 0
BBX 4 13 7 -2
BITMAP
80
C0
60
60
20
30
30
30
20
60
60
C0
40
ENDCHAR
STARTCHAR uniFE5B
ENCODING 65115
SWIDTH 1000 0
DWIDTH 18 0
BBX 4 12 7 -1
BITMAP
30
70
60
60
60
60
C0
60
60
60
60
70
ENDCHAR
STARTCHAR uniFE5C
ENCODING 65116
SWIDTH 1000 0
DWIDTH 18 0
BBX 4 12 7 -1
BITMAP
C0
E0
60
60
60
60
70
60
60
60
60
C0
ENDCHAR
STARTCHAR uniFE5D
ENCODING 65117
SWIDTH 1000 0
DWIDTH 18 0
BBX 3 12 7 -1
BITMAP
20
60
C0
C0
C0
C0
C0
C0
C0
C0
E0
20
ENDCHAR
STARTCHAR uniFE5E
ENCODING 65118
SWIDTH 1000 0
DWIDTH 18 0
BBX 3 12 7 -1
BITMAP
80
E0
20
20
20
20
20
20
20
20
E0
80
ENDCHAR
STARTCHAR uniFE5F
ENCODING 65119
SWIDTH 1000 0
DWIDTH 18 0
BBX 8 11 5 -1
BITMAP
16
34
34
7F
24
24
FE
FE
2C
68
68
ENDCHAR
STARTCHAR uniFE60
ENCODING 65120
SWIDTH 1000 0
DWIDTH 18 0
BBX 10 11 4 -1
BITMAP
3E00
2600
6600
3600
3C00
38C0
6CC0
C780
C380
7FC0
3CC0
ENDCHAR
STARTCHAR uniFE61
ENCODING 65121
SWIDTH 1000 0
DWIDTH 18 0
BBX 6 5 6 5
BITMAP
30
FC
78
78
48
ENDCHAR
STARTCHAR uniFE62
ENCODING 65122
SWIDTH 1000 0
DWIDTH 18 0
BBX 6 8 6 0
BITMAP
30
30
30
FC
FC
30
30
30
ENDCHAR
STARTCHAR uniFE63
ENCODING 65123
SWIDTH 1000 0
DWIDTH 18 0
BBX 6 2 6 3
BITMAP
FC
FC
ENDCHAR
STARTCHAR uniFE64
ENCODING 65124
SWIDTH 1000 0
DWIDTH 18 0
BBX 6 7 6 1
BITMAP
04
1C
78
C0
F0
3C
04
ENDCHAR
STARTCHAR uniFE65
ENCODING 65125
SWIDTH 1000 0
DWIDTH 18 0
BBX 6 7 6 1
BITMAP
80
E0
78
0C
3C
F0
80
ENDCHAR
STARTCHAR uniFE66
ENCODING 65126
SWIDTH 1000 0
DWIDTH 18 0
BBX 6 6 6 1
BITMAP
FC
FC
00
00
FC
FC
ENDCHAR
STARTCHAR uniFE68
ENCODING 65128
SWIDTH 1000 0
DWIDTH 18 0
BBX 6 12 6 -1
BITMAP
C0
C0
40
60
60
20
30
30
10
18
08
0C
ENDCHAR
STARTCHAR uniFE69
ENCODING 65129
SWIDTH 1000 0
DWIDTH 18 0
BBX 8 14 5 -2
BITMAP
18
18
7E
F7
C2
E0
7C
1E
07
83
E7
7E
18
18
ENDCHAR
STARTCHAR uniFE6A
ENCODING 65130
SWIDTH 1000 0
DWIDTH 18 0
BBX 12 11 3 -1
BITMAP
70C0
D980
9900
9B00
9AE0
F6B0
2590
0D90
0990
18F0
1060
ENDCHAR
STARTCHAR uniFE6B
ENCODING 65131
SWIDTH 1000 0
DWIDTH 18 0
BBX 12 13 3 -2
BITMAP
0F80
1CE0
3020
6230
4F90
C990
D910
D930
CFE0
4000
6000
3F80
0E00
ENDCHAR
STARTCHAR uniFF01
ENCODING 65281
SWIDTH 1000 0
DWIDTH 18 0
BBX 4 13 7 0
BITMAP
F0
60
60
60
60
60
60
60
00
00
60
F0
60
ENDCHAR
STARTCHAR uniFF02
ENCODING 65282
SWIDTH 1000 0
DWIDTH 18 0
BBX 8 7 5 9
BITMAP
E7
E7
E7
E7
66
66
42
ENDCHAR
STARTCHAR uniFF03
ENCODING 65283
SWIDTH 1000 0
DWIDTH 18 0
BBX 12 14 3 0
BITMAP
08C0
08C0
18C0
1880
FFF0
1880
1880
1180
1180
FFF0
3180
3180
3100
3100
ENDCHAR
STARTCHAR uniFF04
ENCODING 65284
SWIDTH 1000 0
DWIDTH 18 0
BBX 10 18 4 -2
BITMAP
0C00
0C00
0C00
3F80
7FC0
E080
E000
7000
7E00
1F80
07C0
01C0
81C0
E1C0
FF80
3F00
0C00
0C00
ENDCHAR
STARTCHAR uniFF05
ENCODING 65285
SWIDTH 1000 0
DWIDTH 18 0
BBX 16 14 1 0
BITMAP
3010
7C30
CC20
CC60
C440
CCC0
CC9E
7DB3
3133
0323
0623
0633
0C37
081E
ENDCHAR
STARTCHAR uniFF06
ENCODING 65286
SWIDTH 1000 0
DWIDTH 18 0
BBX 12 14 3 0
BITMAP
0C00
3F00
3300
3300
3300
3700
1E00
3C70
7E60
E7E0
E3C0
E1E0
7FF0
3F30
ENDCHAR
STARTCHAR uniFF07
ENCODING 65287
SWIDTH 1000 0
DWIDTH 18 0
BBX 2 7 8 9
BITMAP
C0
C0
C0
C0
C0
C0
C0
ENDCHAR
STARTCHAR uniFF08
ENCODING 65288
SWIDTH 1000 0
DWIDTH 18 0
BBX 5 17 12 -2
BITMAP
18
30
70
60
E0
C0
C0
C0
C0
C0
C0
C0
60
60
30
38
10
ENDCHAR
STARTCHAR uniFF09
ENCODING 65289
SWIDTH 1000 0
DWIDTH 18 0
BBX 5 17 1 -2
BITMAP
C0
60
70
30
38
18
18
18
18
18
18
18
30
30
60
E0
40
ENDCHAR
STARTCHAR uniFF0A
ENCODING 65290
SWIDTH 1000 0
DWIDTH 18 0
BBX 12 14 3 0
BITMAP
0600
0600
0600
8610
E670
3FC0
1F80
0F00
3FC0
F6F0
C630
0600
0600
0600
ENDCHAR
STARTCHAR uniFF0B
ENCODING 65291
SWIDTH 1000 0
DWIDTH 18 0
BBX 12 13 3 0
BITMAP
0600
0600
0600
0600
0600
FFF0
FFF0
0600
0600
0600
0600
0600
0600
ENDCHAR
STARTCHAR uniFF0C
ENCODING 65292
SWIDTH 1000 0
DWIDTH 18 0
BBX 4 6 3 -2
BITMAP
70
F0
70
30
60
C0
ENDCHAR
STARTCHAR uniFF0D
ENCODING 65293
SWIDTH 1000 0
DWIDTH 18 0
BBX 12 2 3 6
BITMAP
FFF0
FFF0
ENDCHAR
STARTCHAR uniFF0E
ENCODING 65294
SWIDTH 1000 0
DWIDTH 18 0
BBX 4 4 3 0
BITMAP
60
F0
F0
60
ENDCHAR
STARTCHAR uniFF0F
ENCODING 65295
SWIDTH 1000 0
DWIDTH 18 0
BBX 18 17 0 -2
BITMAP
0000C0
000100
000200
000400
000800
001000
002000
004000
008000
010000
020000
040000
080000
100000
200000
400000
C00000
ENDCHAR
STARTCHAR uniFF10
ENCODING 65296
SWIDTH 1000 0
DWIDTH 18 0
BBX 10 14 4 0
BITMAP
0C00
3F00
7F80
E1C0
E1C0
C0C0
C0C0
C0C0
C0C0
E1C0
E1C0
6180
7F80
3F00
ENDCHAR
STARTCHAR uniFF11
ENCODING 65297
SWIDTH 1000 0
DWIDTH 18 0
BBX 10 13 4 0
BITMAP
3E00
7E00
0E00
0E00
0E00
0E00
0E00
0E00
0E00
0E00
0E00
FFC0
FFC0
ENDCHAR
STARTCHAR uniFF12
ENCODING 65298
SWIDTH 1000 0
DWIDTH 18 0
BBX 10 14 4 0
BITMAP
0C00
7F00
FF80
4180
0180
0180
0380
0380
0700
0E00
3C00
7800
FFC0
FFC0
ENDCHAR
STARTCHAR uniFF13
ENCODING 65299
SWIDTH 1000 0
DWIDTH 18 0
BBX 10 14 4 0
BITMAP
0C00
7F00
FF80
4180
0180
0380
1F00
1F00
0380
01C0
81C0
E1C0
FF80
3F00
ENDCHAR
STARTCHAR uniFF14
ENCODING 65300
SWIDTH 1000 0
DWIDTH 18 0
BBX 11 13 4 0
BITMAP
0780
0F80
1F80
1B80
3B80
7380
6380
E380
FFE0
FFE0
0380
0380
0380
ENDCHAR
STARTCHAR uniFF15
ENCODING 65301
SWIDTH 1000 0
DWIDTH 18 0
BBX 10 13 4 0
BITMAP
7F80
7F80
6000
6000
6E00
7F80
6380
01C0
01C0
01C0
C380
FF80
7F00
ENDCHAR
STARTCHAR uniFF16
ENCODING 65302
SWIDTH 1000 0
DWIDTH 18 0
BBX 10 14 4 0
BITMAP
0600
3F80
7FC0
7080
E000
E000
FF80
FF80
E1C0
E0C0
E1C0
71C0
7F80
1F00
ENDCHAR
STARTCHAR uniFF17
ENCODING 65303
SWIDTH 1000 0
DWIDTH 18 0
BBX 10 13 4 0
BITMAP
FFC0
FFC0
0180
0300
0700
0600
0E00
0C00
0C00
1C00
1C00
1C00
1C00
ENDCHAR
STARTCHAR uniFF18
ENCODING 65304
SWIDTH 1000 0
DWIDTH 18 0
BBX 10 14 4 0
BITMAP
0C00
3F00
7380
E180
E180
7180
3F00
3F00
6380
C1C0
C1C0
E1C0
7F80
3F00
ENDCHAR
STARTCHAR uniFF19
ENCODING 65305
SWIDTH 1000 0
DWIDTH 18 0
BBX 10 14 4 0
BITMAP
0C00
7F00
7780
E180
E1C0
E1C0
E1C0
7FC0
3DC0
01C0
0180
4380
FF00
7E00
ENDCHAR
STARTCHAR uniFF1A
ENCODING 65306
SWIDTH 1000 0
DWIDTH 18 0
BBX 4 12 7 1
BITMAP
60
F0
F0
60
00
00
00
00
00
60
F0
60
ENDCHAR
STARTCHAR uniFF1B
ENCODING 65307
SWIDTH 1000 0
DWIDTH 18 0
BBX 4 15 7 -2
BITMAP
60
F0
F0
60
00
00
00
00
60
F0
70
30
30
60
C0
ENDCHAR
STARTCHAR uniFF1C
ENCODING 65308
SWIDTH 1000 0
DWIDTH 18 0
BBX 14 14 2 0
BITMAP
0008
001C
0078
01E0
0780
1E00
7800
F000
3C00
0F00
03C0
00F0
003C
000C
ENDCHAR
STARTCHAR uniFF1D
ENCODING 65309
SWIDTH 1000 0
DWIDTH 18 0
BBX 12 6 3 4
BITMAP
FFF0
FFF0
0000
0000
FFF0
FFF0
ENDCHAR
STARTCHAR uniFF1E
ENCODING 65310
SWIDTH 1000 0
DWIDTH 18 0
BBX 14 14 2 0
BITMAP
4000
E000
7800
1E00
0780
01E0
0078
003C
00F0
03C0
0F00
3C00
F000
C000
ENDCHAR
STARTCHAR uniFF1F
ENCODING 65311
SWIDTH 1000 0
DWIDTH 18 0
BBX 10 14 4 0
BITMAP
0E00
3F80
F780
41C0
01C0
0380
0700
0E00
0C00
0000
0000
0C00
1C00
1C00
ENDCHAR
STARTCHAR uniFF20
ENCODING 65312
SWIDTH 1000 0
DWIDTH 18 0
BBX 16 17 1 -2
BITMAP
07F8
1E1C
3806
3006
61B3
43F3
C663
CC63
CC63
CC63
CEE6
C7BC
6000
7000
3820
1FF0
0380
ENDCHAR
STARTCHAR uniFF21
ENCODING 65313
SWIDTH 1000 0
DWIDTH 18 0
BBX 13 13 2 0
BITMAP
0780
0780
0FC0
0CC0
0CC0
1CE0
1860
3860
3FF0
3FF0
7038
7038
E038
ENDCHAR
STARTCHAR uniFF22
ENCODING 65314
SWIDTH 1000 0
DWIDTH 18 0
BBX 11 13 4 0
BITMAP
FF80
FFC0
E1C0
E0C0
E1C0
FF80
FFC0
E0E0
E0E0
E0E0
E1E0
FFC0
FF80
ENDCHAR
STARTCHAR uniFF23
ENCODING 65315
SWIDTH 1000 0
DWIDTH 18 0
BBX 11 14 4 0
BITMAP
0700
3FC0
7FE0
F040
E000
E000
C000
C000
C000
E000
E000
78C0
7FE0
1F80
ENDCHAR
STARTCHAR uniFF24
ENCODING 65316
SWIDTH 1000 0
DWIDTH 18 0
BBX 11 13 4 0
BITMAP
FF00
FF80
C1C0
C0E0
C0E0
C0E0
C0E0
C0E0
C0E0
C1C0
C3C0
FF80
FE00
ENDCHAR
STARTCHAR uniFF25
ENCODING 65317
SWIDTH 1000 0
DWIDTH 18 0
BBX 9 13 5 0
BITMAP
FF80
FF80
C000
C000
C000
FE00
FE00
C000
C000
C000
C000
FF80
FF80
ENDCHAR
STARTCHAR uniFF26
ENCODING 65318
SWIDTH 1000 0
DWIDTH 18 0
BBX 9 13 5 0
BITMAP
FF80
FF80
E000
E000
E000
FF00
FF00
FF00
E000
E000
E000
E000
E000
ENDCHAR
STARTCHAR uniFF27
ENCODING 65319
SWIDTH 1000 0
DWIDTH 18 0
BBX 12 14 3 0
BITMAP
0300
1FE0
3FF0
7020
E000
E000
E000
E1F0
E1F0
E070
7070
7870
3FF0
0FC0
ENDCHAR
STARTCHAR uniFF28
ENCODING 65320
SWIDTH 1000 0
DWIDTH 18 0
BBX 12 13 3 0
BITMAP
E070
E070
E070
E070
E070
FFF0
FFF0
E070
E070
E070
E070
E070
E070
ENDCHAR
STARTCHAR uniFF29
ENCODING 65321
SWIDTH 1000 0
DWIDTH 18 0
BBX 10 13 4 0
BITMAP
FFC0
FFC0
0C00
0C00
0C00
0C00
0C00
0C00
0C00
0C00
0C00
FFC0
FFC0
ENDCHAR
STARTCHAR uniFF2A
ENCODING 65322
SWIDTH 1000 0
DWIDTH 18 0
BBX 9 13 4 0
BITMAP
0380
0380
0380
0380
0380
0380
0380
0380
0380
4380
E780
FF00
3E00
ENDCHAR
STARTCHAR uniFF2B
ENCODING 65323
SWIDTH 1000 0
DWIDTH 18 0
BBX 12 13 4 0
BITMAP
E1E0
E380
E700
E700
EE00
FE00
FE00
F700
E380
E380
E1C0
E0E0
E0F0
ENDCHAR
STARTCHAR uniFF2C
ENCODING 65324
SWIDTH 1000 0
DWIDTH 18 0
BBX 9 13 5 0
BITMAP
E000
E000
E000
E000
E000
E000
E000
E000
E000
E000
E000
FF80
FF80
ENDCHAR
STARTCHAR uniFF2D
ENCODING 65325
SWIDTH 1000 0
DWIDTH 18 0
BBX 14 13 2 0
BITMAP
F03C
F03C
F03C
D86C
F87C
FCDC
ECDC
EFDC
E79C
E79C
E31C
E31C
E01C
ENDCHAR
STARTCHAR uniFF2E
ENCODING 65326
SWIDTH 1000 0
DWIDTH 18 0
BBX 12 13 3 0
BITMAP
F070
F070
F870
FC70
EC70
EE70
E670
E770
E3F0
E1F0
E1F0
E0F0
E070
ENDCHAR
STARTCHAR uniFF2F
ENCODING 65327
SWIDTH 1000 0
DWIDTH 18 0
BBX 14 14 2 0
BITMAP
0300
1FE0
3FF0
7878
7038
6018
E01C
E01C
E01C
7018
7038
3870
3FF0
0FC0
ENDCHAR
STARTCHAR uniFF30
ENCODING 65328
SWIDTH 1000 0
DWIDTH 18 0
BBX 11 13 4 0
BITMAP
FF80
FFC0
E0E0
E0E0
E0E0
E1C0
FFC0
FF80
E000
E000
E000
E000
E000
ENDCHAR
STARTCHAR uniFF31
ENCODING 65329
SWIDTH 1000 0
DWIDTH 18 0
BBX 14 18 2 -4
BITMAP
0300
1FE0
3FF0
7878
7038
6018
E01C
E01C
E018
6018
7038
3870
3FF0
0FC0
0380
01FC
00FC
0038
ENDCHAR
STARTCHAR uniFF32
ENCODING 65330
SWIDTH 1000 0
DWIDTH 18 0
BBX 11 13 4 0
BITMAP
FF80
FFC0
E0C0
E0E0
E0E0
E1C0
FF80
FF00
E700
E380
E1C0
E1C0
E0E0
ENDCHAR
STARTCHAR uniFF33
ENCODING 65331
SWIDTH 1000 0
DWIDTH 18 0
BBX 10 14 4 0
BITMAP
0C00
3F80
7FC0
E080
E000
F000
7E00
3F80
07C0
01C0
40C0
E1C0
FFC0
3F00
ENDCHAR
STARTCHAR uniFF34
ENCODING 65332
SWIDTH 1000 0
DWIDTH 18 0
BBX 12 13 3 0
BITMAP
FFF0
FFF0
0600
0600
0600
0600
0600
0600
0600
0600
0600
0600
0600
ENDCHAR
STARTCHAR uniFF35
ENCODING 65333
SWIDTH 1000 0
DWIDTH 18 0
BBX 12 13 3 0
BITMAP
E070
E070
E070
E070
E070
E070
E070
E070
E070
6070
70E0
3FC0
1F80
ENDCHAR
STARTCHAR uniFF36
ENCODING 65334
SWIDTH 1000 0
DWIDTH 18 0
BBX 12 13 3 0
BITMAP
E070
E070
6060
70E0
70E0
30C0
39C0
3980
1980
1F80
0F00
0F00
0F00
ENDCHAR
STARTCHAR uniFF37
ENCODING 65335
SWIDTH 1000 0
DWIDTH 18 0
BBX 18 13 0 0
BITMAP
E0C1C0
61E180
71E180
71E380
71F380
333300
333300
3B3300
3B3F00
3E1F00
1E1E00
1E1E00
1E1E00
ENDCHAR
STARTCHAR uniFF38
ENCODING 65336
SWIDTH 1000 0
DWIDTH 18 0
BBX 12 13 3 0
BITMAP
F0F0
70E0
39C0
1D80
1F80
0F00
0F00
0F00
1B80
39C0
31C0
70E0
E070
ENDCHAR
STARTCHAR uniFF39
ENCODING 65337
SWIDTH 1000 0
DWIDTH 18 0
BBX 12 13 3 0
BITMAP
E070
70E0
30C0
39C0
1980
1F80
0F00
0F00
0600
0600
0600
0600
0600
ENDCHAR
STARTCHAR uniFF3A
ENCODING 65338
SWIDTH 1000 0
DWIDTH 18 0
BBX 10 13 4 0
BITMAP
FFC0
FFC0
0380
0380
0700
0E00
1C00
1C00
3800
7000
E000
FFC0
FFC0
ENDCHAR
STARTCHAR uniFF3B
ENCODING 65339
SWIDTH 1000 0
DWIDTH 18 0
BBX 5 17 13 -2
BITMAP
F8
C0
C0
C0
C0
C0
C0
C0
C0
C0
C0
C0
C0
C0
C0
F8
F8
ENDCHAR
STARTCHAR uniFF3C
ENCODING 65340
SWIDTH 1000 0
DWIDTH 18 0
BBX 18 17 0 -2
BITMAP
C00000
200000
100000
080000
040000
020000
010000
008000
004000
002000
001000
000800
000400
000200
000100
000080
0000C0
ENDCHAR
STARTCHAR uniFF3D
ENCODING 65341
SWIDTH 1000 0
DWIDTH 18 0
BBX 5 17 0 -2
BITMAP
78
18
18
18
18
18
18
18
18
18
18
18
18
18
18
78
78
ENDCHAR
STARTCHAR uniFF3E
ENCODING 65342
SWIDTH 1000 0
DWIDTH 18 0
BBX 6 2 6 15
BITMAP
38
EC
ENDCHAR
STARTCHAR uniFF3F
ENCODING 65343
SWIDTH 1000 0
DWIDTH 18 0
BBX 18 1 0 -2
BITMAP
FFFFC0
ENDCHAR
STARTCHAR uniFF40
ENCODING 65344
SWIDTH 1000 0
DWIDTH 18 0
BBX 4 2 6 15
BITMAP
E0
70
ENDCHAR
STARTCHAR uniFF41
ENCODING 65345
SWIDTH 1000 0
DWIDTH 18 0
BBX 10 10 4 0
BITMAP
3F00
7F80
41C0
01C0
3FC0
71C0
E1C0
E3C0
FFC0
7DC0
ENDCHAR
STARTCHAR uniFF42
ENCODING 65346
SWIDTH 1000 0
DWIDTH 18 0
BBX 10 14 4 0
BITMAP
E000
E000
E000
E000
FF80
FFC0
E1C0
E0C0
E0C0
E0C0
E1C0
E1C0
FF80
DF00
ENDCHAR
STARTCHAR uniFF43
ENCODING 65347
SWIDTH 1000 0
DWIDTH 18 0
BBX 10 10 4 0
BITMAP
1F80
3FC0
7080
E000
E000
E000
E000
7080
3FC0
1F80
ENDCHAR
STARTCHAR uniFF44
ENCODING 65348
SWIDTH 1000 0
DWIDTH 18 0
BBX 10 14 4 0
BITMAP
01C0
01C0
01C0
01C0
3FC0
7FC0
E1C0
E1C0
C1C0
C1C0
E1C0
E1C0
7FC0
3EC0
ENDCHAR
STARTCHAR uniFF45
ENCODING 65349
SWIDTH 1000 0
DWIDTH 18 0
BBX 10 10 4 0
BITMAP
3F00
7F80
E1C0
E0C0
FFC0
FFC0
E000
F080
7FC0
1F80
ENDCHAR
STARTCHAR uniFF46
ENCODING 65350
SWIDTH 1000 0
DWIDTH 18 0
BBX 10 15 5 0
BITMAP
0300
0FC0
1F80
3800
3800
FF80
FF80
3800
3800
3800
3800
3800
3800
3800
3800
ENDCHAR
STARTCHAR uniFF47
ENCODING 65351
SWIDTH 1000 0
DWIDTH 18 0
BBX 11 14 4 -4
BITMAP
3FE0
77E0
E180
E180
6380
7F00
7E00
E000
FF80
7FC0
C0E0
C0C0
E1C0
7F80
ENDCHAR
STARTCHAR uniFF48
ENCODING 65352
SWIDTH 1000 0
DWIDTH 18 0
BBX 10 14 4 0
BITMAP
E000
E000
E000
E000
EF80
FFC0
F1C0
E1C0
E1C0
E1C0
E1C0
E1C0
E1C0
E1C0
ENDCHAR
STARTCHAR uniFF49
ENCODING 65353
SWIDTH 1000 0
DWIDTH 18 0
BBX 4 15 7 0
BITMAP
60
F0
60
00
00
60
60
60
60
60
60
60
60
60
60
ENDCHAR
STARTCHAR uniFF4A
ENCODING 65354
SWIDTH 1000 0
DWIDTH 18 0
BBX 8 19 4 -4
BITMAP
06
0F
07
00
00
06
06
06
06
06
06
06
06
06
06
06
0E
FE
FC
ENDCHAR
STARTCHAR uniFF4B
ENCODING 65355
SWIDTH 1000 0
DWIDTH 18 0
BBX 10 14 5 0
BITMAP
C000
C000
C000
C000
C380
C700
CE00
DC00
FC00
FC00
EE00
C700
C380
C3C0
ENDCHAR
STARTCHAR uniFF4C
ENCODING 65356
SWIDTH 1000 0
DWIDTH 18 0
BBX 7 14 7 0
BITMAP
E0
E0
E0
E0
E0
E0
E0
E0
E0
E0
E0
E0
7E
3E
ENDCHAR
STARTCHAR uniFF4D
ENCODING 65357
SWIDTH 1000 0
DWIDTH 18 0
BBX 16 10 1 0
BITMAP
DF3E
FFFF
E3C7
E183
E183
E183
E183
E183
E183
E183
ENDCHAR
STARTCHAR uniFF4E
ENCODING 65358
SWIDTH 1000 0
DWIDTH 18 0
BBX 10 10 4 0
BITMAP
CF80
FFC0
F1C0
E1C0
E1C0
E1C0
E1C0
E1C0
E1C0
E1C0
ENDCHAR
STARTCHAR uniFF4F
ENCODING 65359
SWIDTH 1000 0
DWIDTH 18 0
BBX 10 10 4 0
BITMAP
3F00
7F80
E1C0
E1C0
C0C0
C0C0
E1C0
E1C0
7F80
3F00
ENDCHAR
STARTCHAR uniFF50
ENCODING 65360
SWIDTH 1000 0
DWIDTH 18 0
BBX 10 14 4 -4
BITMAP
DF80
FFC0
E1C0
E0C0
E0C0
E0C0
E1C0
E1C0
FF80
FF00
E000
E000
E000
E000
ENDCHAR
STARTCHAR uniFF51
ENCODING 65361
SWIDTH 1000 0
DWIDTH 18 0
BBX 10 14 4 -4
BITMAP
3EC0
7FC0
E1C0
E1C0
C1C0
C1C0
E1C0
E1C0
7FC0
3FC0
01C0
01C0
01C0
01C0
ENDCHAR
STARTCHAR uniFF52
ENCODING 65362
SWIDTH 1000 0
DWIDTH 18 0
BBX 9 10 5 0
BITMAP
EF80
FF80
F800
F000
E000
E000
E000
E000
E000
E000
ENDCHAR
STARTCHAR uniFF53
ENCODING 65363
SWIDTH 1000 0
DWIDTH 18 0
BBX 10 10 4 0
BITMAP
3F80
7FC0
6080
7000
3F00
0F80
01C0
41C0
FF80
3F00
ENDCHAR
STARTCHAR uniFF54
ENCODING 65364
SWIDTH 1000 0
DWIDTH 18 0
BBX 10 13 4 0
BITMAP
1800
1800
1800
FFC0
FFC0
1800
1800
1800
1800
1800
1C00
1FC0
0FC0
ENDCHAR
STARTCHAR uniFF55
ENCODING 65365
SWIDTH 1000 0
DWIDTH 18 0
BBX 10 10 4 0
BITMAP
E1C0
E1C0
E1C0
E1C0
E1C0
E1C0
E1C0
E3C0
7FC0
7CC0
ENDCHAR
STARTCHAR uniFF56
ENCODING 65366
SWIDTH 1000 0
DWIDTH 18 0
BBX 10 10 4 0
BITMAP
C0C0
E1C0
6180
7180
7380
3300
3B00
1F00
1E00
1E00
ENDCHAR
STARTCHAR uniFF57
ENCODING 65367
SWIDTH 1000 0
DWIDTH 18 0
BBX 16 10 1 0
BITMAP
E187
E3C7
63C6
63C6
726E
366C
366C
366C
3C3C
1C38
ENDCHAR
STARTCHAR uniFF58
ENCODING 65368
SWIDTH 1000 0
DWIDTH 18 0
BBX 10 10 4 0
BITMAP
E1C0
7380
3B00
1F00
1E00
1E00
3F00
7300
6380
E1C0
ENDCHAR
STARTCHAR uniFF59
ENCODING 65369
SWIDTH 1000 0
DWIDTH 18 0
BBX 10 14 4 -4
BITMAP
E0C0
E1C0
6180
7180
3380
3B00
1B00
1E00
1E00
0E00
0C00
1C00
7800
F000
ENDCHAR
STARTCHAR uniFF5A
ENCODING 65370
SWIDTH 1000 0
DWIDTH 18 0
BBX 9 10 5 0
BITMAP
FF00
FF00
0600
0E00
1C00
3800
7000
6000
FF80
FF80
ENDCHAR
STARTCHAR uniFF5B
ENCODING 65371
SWIDTH 1000 0
DWIDTH 18 0
BBX 5 17 12 -2
BITMAP
38
30
30
30
30
30
30
E0
E0
30
30
30
30
30
30
38
18
ENDCHAR
STARTCHAR uniFF5C
ENCODING 65372
SWIDTH 1000 0
DWIDTH 18 0
BBX 1 18 9 -2
BITMAP
80
80
80
80
80
80
80
80
80
80
80
80
80
80
80
80
80
80
ENDCHAR
STARTCHAR uniFF5D
ENCODING 65373
SWIDTH 1000 0
DWIDTH 18 0
BBX 5 17 1 -2
BITMAP
E0
60
60
60
60
60
60
38
38
60
60
60
60
60
60
E0
C0
ENDCHAR
STARTCHAR uniFF5E
ENCODING 65374
SWIDTH 1000 0
DWIDTH 18 0
BBX 16 6 1 4
BITMAP
0C00
7F00
FF83
E1CF
40FE
0078
ENDCHAR
STARTCHAR uniFF5F
ENCODING 65375
SWIDTH 1000 0
DWIDTH 18 0
BBX 8 18 10 -2
BITMAP
21
36
24
6C
48
D8
D8
98
90
90
90
D8
D8
C8
6C
6C
36
13
ENDCHAR
STARTCHAR uniFF60
ENCODING 65376
SWIDTH 1000 0
DWIDTH 18 0
BBX 8 18 0 -2
BITMAP
04
EC
26
36
12
1B
1B
19
09
09
09
1B
1B
13
36
36
6C
C8
ENDCHAR
STARTCHAR uniFF61
ENCODING 65377
SWIDTH 500 0
DWIDTH 9 0
BBX 6 5 0 -1
BITMAP
7C
44
C4
44
78
ENDCHAR
STARTCHAR uniFF62
ENCODING 65378
SWIDTH 500 0
DWIDTH 9 0
BBX 6 11 3 4
BITMAP
FC
FC
C0
C0
C0
C0
C0
C0
C0
C0
C0
ENDCHAR
STARTCHAR uniFF63
ENCODING 65379
SWIDTH 500 0
DWIDTH 9 0
BBX 6 12 0 -2
BITMAP
0C
0C
0C
0C
0C
0C
0C
0C
0C
0C
FC
FC
ENDCHAR
STARTCHAR uniFF64
ENCODING 65380
SWIDTH 500 0
DWIDTH 9 0
BBX 6 5 0 -1
BITMAP
60
F0
38
1C
08
ENDCHAR
STARTCHAR uniFF65
ENCODING 65381
SWIDTH 500 0
DWIDTH 9 0
BBX 3 4 3 5
BITMAP
40
E0
E0
E0
ENDCHAR
STARTCHAR uniFF66
ENCODING 65382
SWIDTH 500 0
DWIDTH 9 0
BBX 7 14 1 -1
BITMAP
FE
FE
06
06
06
7E
7C
0C
0C
0C
18
38
70
20
ENDCHAR
STARTCHAR uniFF67
ENCODING 65383
SWIDTH 500 0
DWIDTH 9 0
BBX 6 12 2 -1
BITMAP
88
FC
FC
08
38
30
20
60
60
60
C0
40
ENDCHAR
STARTCHAR uniFF68
ENCODING 65384
SWIDTH 500 0
DWIDTH 9 0
BBX 6 12 1 -1
BITMAP
08
0C
18
18
38
F8
D8
98
18
18
18
18
ENDCHAR
STARTCHAR uniFF69
ENCODING 65385
SWIDTH 500 0
DWIDTH 9 0
BBX 6 12 2 -1
BITMAP
20
20
FC
FC
88
88
88
18
18
30
70
60
ENDCHAR
STARTCHAR uniFF6A
ENCODING 65386
SWIDTH 500 0
DWIDTH 9 0
BBX 7 10 1 0
BITMAP
7C
7C
10
10
10
10
10
10
FE
FE
ENDCHAR
STARTCHAR uniFF6B
ENCODING 65387
SWIDTH 500 0
DWIDTH 9 0
BBX 7 12 1 -1
BITMAP
18
08
7E
7E
18
38
38
68
E8
48
38
38
ENDCHAR
STARTCHAR uniFF6C
ENCODING 65388
SWIDTH 500 0
DWIDTH 9 0
BBX 7 12 1 -1
BITMAP
60
64
3E
FE
E4
BC
3C
34
30
30
10
10
ENDCHAR
STARTCHAR uniFF6D
ENCODING 65389
SWIDTH 500 0
DWIDTH 9 0
BBX 7 10 1 0
BITMAP
48
7C
7C
0C
0C
0C
08
08
FE
FE
ENDCHAR
STARTCHAR uniFF6E
ENCODING 65390
SWIDTH 500 0
DWIDTH 9 0
BBX 5 11 2 -1
BITMAP
F8
F8
08
08
F8
F8
08
08
F8
F8
08
ENDCHAR
STARTCHAR uniFF6F
ENCODING 65391
SWIDTH 500 0
DWIDTH 9 0
BBX 7 11 1 -1
BITMAP
74
F6
D6
D4
44
0C
0C
18
38
70
20
ENDCHAR
STARTCHAR uniFF70
ENCODING 65392
SWIDTH 500 0
DWIDTH 9 0
BBX 7 3 1 5
BITMAP
FE
FE
FE
ENDCHAR
STARTCHAR uniFF71
ENCODING 65393
SWIDTH 500 0
DWIDTH 9 0
BBX 8 14 1 -1
BITMAP
FE
FF
06
06
36
3C
34
30
30
30
30
60
E0
40
ENDCHAR
STARTCHAR uniFF72
ENCODING 65394
SWIDTH 500 0
DWIDTH 9 0
BBX 8 15 0 -1
BITMAP
03
03
07
06
0C
1C
FC
7C
4C
0C
0C
0C
0C
0C
0C
ENDCHAR
STARTCHAR uniFF73
ENCODING 65395
SWIDTH 500 0
DWIDTH 9 0
BBX 7 15 1 -1
BITMAP
10
10
FE
FE
FE
C6
C6
C6
06
04
0C
1C
38
70
20
ENDCHAR
STARTCHAR uniFF74
ENCODING 65396
SWIDTH 500 0
DWIDTH 9 0
BBX 7 12 1 0
BITMAP
FE
FE
10
10
10
10
10
10
10
FE
FE
FE
ENDCHAR
STARTCHAR uniFF75
ENCODING 65397
SWIDTH 500 0
DWIDTH 9 0
BBX 7 15 1 -1
BITMAP
0C
08
08
FE
FE
18
18
3C
3C
6C
EC
CC
BC
3C
38
ENDCHAR
STARTCHAR uniFF76
ENCODING 65398
SWIDTH 500 0
DWIDTH 9 0
BBX 8 15 0 -1
BITMAP
18
18
18
7F
7F
19
19
1B
13
33
33
33
6F
EE
46
ENDCHAR
STARTCHAR uniFF77
ENCODING 65399
SWIDTH 500 0
DWIDTH 9 0
BBX 7 15 1 -1
BITMAP
30
30
3C
7C
F8
F0
12
1E
7E
F8
D8
18
18
18
18
ENDCHAR
STARTCHAR uniFF78
ENCODING 65400
SWIDTH 500 0
DWIDTH 9 0
BBX 7 16 1 -1
BITMAP
20
38
30
3E
3E
66
66
C4
CC
0C
0C
18
38
70
E0
60
ENDCHAR
STARTCHAR uniFF79
ENCODING 65401
SWIDTH 500 0
DWIDTH 9 0
BBX 8 15 0 -1
BITMAP
10
30
30
3F
3F
64
64
C4
4C
0C
0C
18
18
38
10
ENDCHAR
STARTCHAR uniFF7A
ENCODING 65402
SWIDTH 500 0
DWIDTH 9 0
BBX 7 13 1 0
BITMAP
80
FE
FE
06
06
06
06
06
06
06
FE
FE
06
ENDCHAR
STARTCHAR uniFF7B
ENCODING 65403
SWIDTH 500 0
DWIDTH 9 0
BBX 7 15 1 -1
BITMAP
6C
6C
6C
FE
FE
FE
6C
6C
6C
0C
0C
18
18
30
10
ENDCHAR
STARTCHAR uniFF7C
ENCODING 65404
SWIDTH 500 0
DWIDTH 9 0
BBX 8 15 1 -1
BITMAP
20
70
30
10
82
C2
E7
46
0E
0C
1C
38
F0
E0
40
ENDCHAR
STARTCHAR uniFF7D
ENCODING 65405
SWIDTH 500 0
DWIDTH 9 0
BBX 8 14 1 -1
BITMAP
7C
7E
84
0C
0C
0C
18
18
3C
3C
66
E7
C2
82
ENDCHAR
STARTCHAR uniFF7E
ENCODING 65406
SWIDTH 500 0
DWIDTH 9 0
BBX 8 15 0 -1
BITMAP
30
30
31
37
3F
FB
72
36
36
32
30
30
3F
1F
04
ENDCHAR
STARTCHAR uniFF7F
ENCODING 65407
SWIDTH 500 0
DWIDTH 9 0
BBX 7 14 1 -1
BITMAP
86
C6
C6
C6
66
46
0C
0C
0C
18
38
30
70
20
ENDCHAR
STARTCHAR uniFF80
ENCODING 65408
SWIDTH 500 0
DWIDTH 9 0
BBX 8 16 0 -1
BITMAP
08
18
18
1F
3F
33
63
FA
5E
4E
0F
0E
1E
38
70
30
ENDCHAR
STARTCHAR uniFF81
ENCODING 65409
SWIDTH 500 0
DWIDTH 9 0
BBX 7 15 1 -1
BITMAP
04
FE
F8
18
18
9A
FE
FE
18
10
30
30
70
E0
20
ENDCHAR
STARTCHAR uniFF82
ENCODING 65410
SWIDTH 500 0
DWIDTH 9 0
BBX 9 14 0 -1
BITMAP
1900
D980
4900
6B00
6F00
6300
0300
0600
0600
0E00
1C00
3800
3800
1000
ENDCHAR
STARTCHAR uniFF83
ENCODING 65411
SWIDTH 500 0
DWIDTH 9 0
BBX 7 14 1 -1
BITMAP
7C
7C
00
00
FE
FE
18
18
10
30
30
70
E0
40
ENDCHAR
STARTCHAR uniFF84
ENCODING 65412
SWIDTH 500 0
DWIDTH 9 0
BBX 6 15 2 -1
BITMAP
C0
C0
C0
C0
C0
E0
F8
FC
DC
C8
C0
C0
C0
C0
C0
ENDCHAR
STARTCHAR uniFF85
ENCODING 65413
SWIDTH 500 0
DWIDTH 9 0
BBX 7 15 1 -1
BITMAP
18
18
18
18
FE
FE
18
18
18
30
30
30
70
E0
40
ENDCHAR
STARTCHAR uniFF86
ENCODING 65414
SWIDTH 500 0
DWIDTH 9 0
BBX 7 11 1 1
BITMAP
7C
7C
00
00
00
00
00
00
00
FE
FE
ENDCHAR
STARTCHAR uniFF87
ENCODING 65415
SWIDTH 500 0
DWIDTH 9 0
BBX 7 14 1 -1
BITMAP
FC
FE
04
0C
4C
6C
3C
38
18
3C
7E
E4
E4
40
ENDCHAR
STARTCHAR uniFF88
ENCODING 65416
SWIDTH 500 0
DWIDTH 9 0
BBX 8 15 1 -1
BITMAP
18
18
FE
FE
04
0C
08
18
3E
FE
FB
9A
18
18
18
ENDCHAR
STARTCHAR uniFF89
ENCODING 65417
SWIDTH 500 0
DWIDTH 9 0
BBX 7 15 1 -1
BITMAP
08
0E
0C
0C
0C
0C
1C
18
18
38
30
70
E0
C0
40
ENDCHAR
STARTCHAR uniFF8A
ENCODING 65418
SWIDTH 500 0
DWIDTH 9 0
BBX 9 13 0 0
BITMAP
0200
3600
3600
3600
3300
3300
2300
6300
6300
6100
6180
C180
4100
ENDCHAR
STARTCHAR uniFF8B
ENCODING 65419
SWIDTH 500 0
DWIDTH 9 0
BBX 7 15 1 -1
BITMAP
C0
C0
C0
C4
CC
FC
F0
E0
C0
C0
C0
C0
7E
7E
18
ENDCHAR
STARTCHAR uniFF8C
ENCODING 65420
SWIDTH 500 0
DWIDTH 9 0
BBX 7 14 1 -1
BITMAP
84
FE
FE
06
06
06
06
0C
0C
1C
38
70
70
20
ENDCHAR
STARTCHAR uniFF8D
ENCODING 65421
SWIDTH 500 0
DWIDTH 9 0
BBX 9 12 0 0
BITMAP
1000
3800
3C00
3C00
6C00
6600
C600
4300
4300
0180
0100
0100
ENDCHAR
STARTCHAR uniFF8E
ENCODING 65422
SWIDTH 500 0
DWIDTH 9 0
BBX 9 15 0 -1
BITMAP
0800
0800
0800
7F00
7F00
0800
0800
2B00
6B00
6900
4900
C980
6800
1800
1800
ENDCHAR
STARTCHAR uniFF8F
ENCODING 65423
SWIDTH 500 0
DWIDTH 9 0
BBX 8 14 1 -1
BITMAP
82
FF
FF
06
06
0C
4C
78
78
30
18
18
0C
08
ENDCHAR
STARTCHAR uniFF90
ENCODING 65424
SWIDTH 500 0
DWIDTH 9 0
BBX 7 15 1 -1
BITMAP
20
78
3E
04
00
60
78
3C
0C
00
40
F0
7C
0C
04
ENDCHAR
STARTCHAR uniFF91
ENCODING 65425
SWIDTH 500 0
DWIDTH 9 0
BBX 9 15 0 -1
BITMAP
1000
1800
1800
1800
1800
3000
3200
3600
3600
3300
6300
FF00
FF00
6180
0100
ENDCHAR
STARTCHAR uniFF92
ENCODING 65426
SWIDTH 500 0
DWIDTH 9 0
BBX 7 15 1 -1
BITMAP
04
06
0C
4C
6C
7C
38
18
1C
3E
36
66
E2
C0
80
ENDCHAR
STARTCHAR uniFF93
ENCODING 65427
SWIDTH 500 0
DWIDTH 9 0
BBX 7 14 1 -1
BITMAP
FE
FE
30
30
30
FE
FE
30
30
30
30
3E
3E
08
ENDCHAR
STARTCHAR uniFF94
ENCODING 65428
SWIDTH 500 0
DWIDTH 9 0
BBX 9 15 0 -1
BITMAP
3000
3000
3300
3F80
FF00
7300
5300
1A00
1E00
1A00
1800
1800
1800
1800
0C00
ENDCHAR
STARTCHAR uniFF95
ENCODING 65429
SWIDTH 500 0
DWIDTH 9 0
BBX 7 12 1 0
BITMAP
7E
7C
0C
0C
0C
0C
0C
0C
0C
FE
FE
82
ENDCHAR
STARTCHAR uniFF96
ENCODING 65430
SWIDTH 500 0
DWIDTH 9 0
BBX 7 13 1 0
BITMAP
FE
FE
FE
06
06
7E
7E
06
06
06
FE
FE
06
ENDCHAR
STARTCHAR uniFF97
ENCODING 65431
SWIDTH 500 0
DWIDTH 9 0
BBX 7 15 1 -1
BITMAP
7C
7C
7C
00
02
FE
FE
06
04
0C
0C
18
38
70
20
ENDCHAR
STARTCHAR uniFF98
ENCODING 65432
SWIDTH 500 0
DWIDTH 9 0
BBX 6 15 1 -1
BITMAP
CC
CC
CC
CC
CC
CC
CC
CC
CC
0C
0C
1C
38
38
10
ENDCHAR
STARTCHAR uniFF99
ENCODING 65433
SWIDTH 500 0
DWIDTH 9 0
BBX 9 14 0 -1
BITMAP
2C00
2C00
2C00
2C00
2C00
2C00
2D00
2D00
6D80
6F00
6F00
6E00
CC00
4400
ENDCHAR
STARTCHAR uniFF9A
ENCODING 65434
SWIDTH 500 0
DWIDTH 9 0
BBX 7 14 1 -1
BITMAP
C0
40
40
40
40
42
42
46
4E
5C
78
70
E0
40
ENDCHAR
STARTCHAR uniFF9B
ENCODING 65435
SWIDTH 500 0
DWIDTH 9 0
BBX 7 13 1 0
BITMAP
FE
FE
FE
C6
C6
C6
C6
C6
C6
C6
FE
FE
C6
ENDCHAR
STARTCHAR uniFF9C
ENCODING 65436
SWIDTH 500 0
DWIDTH 9 0
BBX 7 14 1 -1
BITMAP
FE
FE
C6
C6
C6
C6
C6
04
0C
0C
18
38
70
20
ENDCHAR
STARTCHAR uniFF9D
ENCODING 65437
SWIDTH 500 0
DWIDTH 9 0
BBX 7 15 1 -1
BITMAP
80
C0
C0
62
22
26
06
06
0C
1C
18
78
F0
E0
80
ENDCHAR
STARTCHAR uniFF9E
ENCODING 65438
SWIDTH 500 0
DWIDTH 9 0
BBX 5 4 0 11
BITMAP
30
D8
68
60
ENDCHAR
STARTCHAR uniFF9F
ENCODING 65439
SWIDTH 500 0
DWIDTH 9 0
BBX 4 4 0 11
BITMAP
70
90
90
70
ENDCHAR
STARTCHAR uniFFA1
ENCODING 65441
SWIDTH 944 0
DWIDTH 17 0
BBX 11 9 3 2
BITMAP
FFE0
FFE0
00E0
00E0
00E0
00E0
00E0
00E0
00E0
ENDCHAR
STARTCHAR uniFFA2
ENCODING 65442
SWIDTH 944 0
DWIDTH 17 0
BBX 13 9 2 2
BITMAP
FDF8
FDF8
0C38
0C38
0C38
0C38
0C38
0C38
0C38
ENDCHAR
STARTCHAR uniFFA3
ENCODING 65443
SWIDTH 944 0
DWIDTH 17 0
BBX 13 9 2 2
BITMAP
FCC0
FCC0
1CC0
1CE0
1CE0
1DE0
1FB0
1F38
1E10
ENDCHAR
STARTCHAR uniFFA4
ENCODING 65444
SWIDTH 944 0
DWIDTH 17 0
BBX 11 8 3 3
BITMAP
C000
C000
C000
C000
C000
C000
FFE0
FFE0
ENDCHAR
STARTCHAR uniFFA5
ENCODING 65445
SWIDTH 944 0
DWIDTH 17 0
BBX 13 9 2 2
BITMAP
E3F0
E3F0
E0C0
E0C0
E1C0
E1E0
E3F0
FF38
FE10
ENDCHAR
STARTCHAR uniFFA6
ENCODING 65446
SWIDTH 944 0
DWIDTH 17 0
BBX 12 10 2 2
BITMAP
00C0
E0C0
E7F0
E7F0
E0C0
E3E0
E330
E730
FFF0
F9E0
ENDCHAR
STARTCHAR uniFFA7
ENCODING 65447
SWIDTH 944 0
DWIDTH 17 0
BBX 11 9 3 2
BITMAP
FFC0
FFC0
C000
C000
C000
C000
C000
FFE0
FFE0
ENDCHAR
STARTCHAR uniFFA8
ENCODING 65448
SWIDTH 944 0
DWIDTH 17 0
BBX 12 8 2 3
BITMAP
FDF0
FDF0
E180
E180
E180
E180
FD80
FDF0
ENDCHAR
STARTCHAR uniFFA9
ENCODING 65449
SWIDTH 944 0
DWIDTH 17 0
BBX 11 10 3 2
BITMAP
FFE0
FFE0
00E0
00E0
FFE0
FFE0
C000
C000
FFE0
FFE0
ENDCHAR
STARTCHAR uniFFAA
ENCODING 65450
SWIDTH 944 0
DWIDTH 17 0
BBX 12 9 2 2
BITMAP
FFF0
0C30
0C30
FC30
FC30
E030
E230
FE30
F830
ENDCHAR
STARTCHAR uniFFAB
ENCODING 65451
SWIDTH 944 0
DWIDTH 17 0
BBX 13 9 2 2
BITMAP
FDF8
1D98
1D98
FD98
FD98
C198
C598
FDF8
F9F8
ENDCHAR
STARTCHAR uniFFAC
ENCODING 65452
SWIDTH 944 0
DWIDTH 17 0
BBX 13 9 2 2
BITMAP
FDB8
1DB8
1DF8
FDF8
FDB8
C1B8
C5B8
FDF8
F9F8
ENDCHAR
STARTCHAR uniFFAD
ENCODING 65453
SWIDTH 944 0
DWIDTH 17 0
BBX 13 10 2 2
BITMAP
00E0
FCE0
1CE0
1CE0
FCE0
FCE0
C0E0
C5B0
FFB8
FA10
ENDCHAR
STARTCHAR uniFFAE
ENCODING 65454
SWIDTH 944 0
DWIDTH 17 0
BBX 13 9 2 2
BITMAP
FDF0
1D80
1D80
FDF0
FDF0
C180
C580
FDF8
F9F8
ENDCHAR
STARTCHAR uniFFAF
ENCODING 65455
SWIDTH 944 0
DWIDTH 17 0
BBX 13 9 2 2
BITMAP
FFF8
1DB0
1DB0
FDB0
FDB0
C1B0
C5B0
FFF8
FBF8
ENDCHAR
STARTCHAR uniFFB0
ENCODING 65456
SWIDTH 944 0
DWIDTH 17 0
BBX 13 10 2 2
BITMAP
0060
FC60
1FF8
1C00
FCF0
FDF0
E198
E598
FDF0
F8E0
ENDCHAR
STARTCHAR uniFFB1
ENCODING 65457
SWIDTH 944 0
DWIDTH 17 0
BBX 11 9 3 2
BITMAP
FFE0
FFE0
C0E0
C0E0
C0E0
C0E0
C0E0
FFE0
FFE0
ENDCHAR
STARTCHAR uniFFB2
ENCODING 65458
SWIDTH 944 0
DWIDTH 17 0
BBX 11 10 3 2
BITMAP
C0E0
C0E0
C0E0
FFE0
FFE0
C0E0
C0E0
C0E0
FFE0
FFE0
ENDCHAR
STARTCHAR uniFFB3
ENCODING 65459
SWIDTH 944 0
DWIDTH 17 0
BBX 12 9 2 2
BITMAP
EDB0
EDB0
FDF0
FDF0
EDB0
EDB0
EDB0
FDF0
FDF0
ENDCHAR
STARTCHAR uniFFB4
ENCODING 65460
SWIDTH 944 0
DWIDTH 17 0
BBX 14 9 2 2
BITMAP
EC60
EC60
FC60
FCE0
ECE0
ECF0
EDB8
FF9C
FD08
ENDCHAR
STARTCHAR uniFFB5
ENCODING 65461
SWIDTH 944 0
DWIDTH 17 0
BBX 12 10 2 2
BITMAP
0700
0700
0700
0700
0700
0F00
0F80
3DE0
F8F0
6030
ENDCHAR
STARTCHAR uniFFB6
ENCODING 65462
SWIDTH 944 0
DWIDTH 17 0
BBX 15 8 1 3
BITMAP
1C70
1C70
1C70
1C70
3C78
36D8
F7DE
638C
ENDCHAR
STARTCHAR uniFFB7
ENCODING 65463
SWIDTH 944 0
DWIDTH 17 0
BBX 11 10 3 2
BITMAP
0C00
3F80
7BC0
E0C0
C0E0
C0E0
E0C0
71C0
3F80
1E00
ENDCHAR
STARTCHAR uniFFB8
ENCODING 65464
SWIDTH 944 0
DWIDTH 17 0
BBX 12 10 2 2
BITMAP
7FF0
7FF0
0700
0700
0700
0F00
0F80
3DE0
F0F0
6020
ENDCHAR
STARTCHAR uniFFB9
ENCODING 65465
SWIDTH 944 0
DWIDTH 17 0
BBX 15 10 1 2
BITMAP
7EFC
7EFC
1830
1C70
1C70
3C78
3EF8
7FFC
E7CE
4384
ENDCHAR
STARTCHAR uniFFBA
ENCODING 65466
SWIDTH 944 0
DWIDTH 17 0
BBX 12 11 2 2
BITMAP
0600
0600
0600
7FF0
7FF0
0700
0700
0F80
1DC0
F8F0
6070
ENDCHAR
STARTCHAR uniFFBB
ENCODING 65467
SWIDTH 944 0
DWIDTH 17 0
BBX 11 10 3 2
BITMAP
FFE0
FFE0
00E0
00E0
00E0
FFE0
FCE0
00E0
00E0
00E0
ENDCHAR
STARTCHAR uniFFBC
ENCODING 65468
SWIDTH 944 0
DWIDTH 17 0
BBX 11 9 3 2
BITMAP
FFE0
FFE0
C000
FFC0
FFC0
C000
C000
FFE0
FFE0
ENDCHAR
STARTCHAR uniFFBD
ENCODING 65469
SWIDTH 944 0
DWIDTH 17 0
BBX 11 9 3 2
BITMAP
FFE0
FFE0
3180
3180
3180
3180
3180
FFE0
FFE0
ENDCHAR
STARTCHAR uniFFBE
ENCODING 65470
SWIDTH 944 0
DWIDTH 17 0
BBX 11 12 3 1
BITMAP
0E00
0E00
FFE0
FFE0
0000
1F00
3F80
71C0
61C0
7B80
3F80
0C00
ENDCHAR
STARTCHAR uniFFC2
ENCODING 65474
SWIDTH 944 0
DWIDTH 17 0
BBX 5 17 7 -2
BITMAP
C0
C0
C0
C0
C0
C0
F8
F8
C0
C0
C0
C0
C0
C0
C0
C0
C0
ENDCHAR
STARTCHAR uniFFC3
ENCODING 65475
SWIDTH 944 0
DWIDTH 17 0
BBX 7 17 5 -2
BITMAP
CE
CE
CE
CE
CE
CE
FE
FE
CE
CE
CE
CE
CE
CE
CE
CE
0E
ENDCHAR
STARTCHAR uniFFC4
ENCODING 65476
SWIDTH 944 0
DWIDTH 17 0
BBX 6 17 6 -2
BITMAP
E0
E0
E0
E0
FC
FC
E0
E0
E0
FC
FC
E0
E0
E0
E0
E0
E0
ENDCHAR
STARTCHAR uniFFC5
ENCODING 65477
SWIDTH 944 0
DWIDTH 17 0
BBX 7 17 5 -2
BITMAP
CE
CE
CE
CE
FE
FE
CE
CE
CE
FE
FE
CE
CE
CE
CE
CE
0E
ENDCHAR
STARTCHAR uniFFC6
ENCODING 65478
SWIDTH 944 0
DWIDTH 17 0
BBX 6 17 5 -2
BITMAP
0C
0C
0C
0C
0C
0C
FC
FC
0C
0C
0C
0C
0C
0C
0C
0C
0C
ENDCHAR
STARTCHAR uniFFC7
ENCODING 65479
SWIDTH 944 0
DWIDTH 17 0
BBX 8 17 4 -2
BITMAP
3B
3B
3B
3B
3B
3B
FB
FB
3B
3B
3B
3B
3B
3B
3B
3B
03
ENDCHAR
STARTCHAR uniFFCA
ENCODING 65482
SWIDTH 944 0
DWIDTH 17 0
BBX 6 17 5 -2
BITMAP
0C
0C
0C
0C
FC
FC
0C
0C
0C
FC
FC
0C
0C
0C
0C
0C
0C
ENDCHAR
STARTCHAR uniFFCB
ENCODING 65483
SWIDTH 944 0
DWIDTH 17 0
BBX 8 17 4 -2
BITMAP
3B
3B
3B
3B
FB
FB
3B
3B
3B
FB
FB
3B
3B
3B
3B
3B
03
ENDCHAR
STARTCHAR uniFFCC
ENCODING 65484
SWIDTH 944 0
DWIDTH 17 0
BBX 15 9 1 3
BITMAP
0300
0300
0300
0300
0300
0300
0300
FFFE
FFFE
ENDCHAR
STARTCHAR uniFFCD
ENCODING 65485
SWIDTH 944 0
DWIDTH 17 0
BBX 15 17 1 -2
BITMAP
0038
0038
0038
0038
0038
0C38
0C3E
0C3E
0C38
0C38
0C78
FFF8
FE38
0038
0038
0038
0038
ENDCHAR
STARTCHAR uniFFCE
ENCODING 65486
SWIDTH 944 0
DWIDTH 17 0
BBX 14 17 1 -2
BITMAP
006C
006C
006C
006C
006C
186C
186C
187C
187C
186C
FF6C
FF6C
006C
006C
006C
006C
000C
ENDCHAR
STARTCHAR uniFFCF
ENCODING 65487
SWIDTH 944 0
DWIDTH 17 0
BBX 14 17 1 -2
BITMAP
000C
000C
000C
000C
000C
060C
060C
060C
060C
060C
FFEC
7FEC
000C
000C
000C
000C
000C
ENDCHAR
STARTCHAR uniFFD2
ENCODING 65490
SWIDTH 944 0
DWIDTH 17 0
BBX 15 8 1 3
BITMAP
1C60
1C60
1C60
1C60
1C60
1C60
FFFE
FFFE
ENDCHAR
STARTCHAR uniFFD3
ENCODING 65491
SWIDTH 944 0
DWIDTH 17 0
BBX 15 9 1 1
BITMAP
FFFE
FFFE
0380
0380
0380
0380
0380
0380
0380
ENDCHAR
STARTCHAR uniFFD4
ENCODING 65492
SWIDTH 944 0
DWIDTH 17 0
BBX 14 17 1 -2
BITMAP
000C
000C
000C
000C
000C
000C
000C
FFEC
FF8C
0E0C
0E7C
0E7C
0E0C
0E0C
0E0C
000C
000C
ENDCHAR
STARTCHAR uniFFD5
ENCODING 65493
SWIDTH 944 0
DWIDTH 17 0
BBX 15 17 1 -2
BITMAP
006E
006E
006E
006E
006E
006E
006E
FF6E
FF6E
186E
19EE
19EE
186E
186E
186E
006E
000E
ENDCHAR
STARTCHAR uniFFD6
ENCODING 65494
SWIDTH 944 0
DWIDTH 17 0
BBX 14 17 1 -2
BITMAP
000C
000C
000C
000C
000C
000C
000C
FFEC
FFEC
060C
060C
060C
060C
060C
060C
000C
000C
ENDCHAR
STARTCHAR uniFFD7
ENCODING 65495
SWIDTH 944 0
DWIDTH 17 0
BBX 15 9 1 1
BITMAP
FFFE
FFFE
1C60
1C60
1C60
1C60
1C60
1C60
1C60
ENDCHAR
STARTCHAR uniFFDA
ENCODING 65498
SWIDTH 944 0
DWIDTH 17 0
BBX 15 2 1 6
BITMAP
FFFE
FFFE
ENDCHAR
STARTCHAR uniFFDB
ENCODING 65499
SWIDTH 944 0
DWIDTH 17 0
BBX 14 17 1 -2
BITMAP
000C
000C
000C
000C
000C
000C
000C
000C
000C
006C
FFEC
FE0C
000C
000C
000C
000C
000C
ENDCHAR
STARTCHAR uniFFDC
ENCODING 65500
SWIDTH 944 0
DWIDTH 17 0
BBX 3 17 7 -2
BITMAP
E0
E0
E0
E0
E0
E0
E0
E0
E0
E0
E0
E0
E0
E0
E0
E0
E0
ENDCHAR
STARTCHAR uniFFE0
ENCODING 65504
SWIDTH 1000 0
DWIDTH 18 0
BBX 10 15 4 -1
BITMAP
0400
0400
0E00
3FC0
7F80
E400
E400
C400
E400
E400
7D80
3FC0
1F00
0400
0400
ENDCHAR
STARTCHAR uniFFE1
ENCODING 65505
SWIDTH 1000 0
DWIDTH 18 0
BBX 10 14 4 0
BITMAP
0200
1F80
3FC0
7080
7000
7000
7000
FF00
3000
3000
3000
6000
FFC0
FFC0
ENDCHAR
STARTCHAR uniFFE2
ENCODING 65506
SWIDTH 1000 0
DWIDTH 18 0
BBX 14 6 2 4
BITMAP
FFFC
FFFC
001C
001C
001C
001C
ENDCHAR
STARTCHAR uniFFE3
ENCODING 65507
SWIDTH 1000 0
DWIDTH 18 0
BBX 18 1 0 15
BITMAP
FFFFC0
ENDCHAR
STARTCHAR uniFFE4
ENCODING 65508
SWIDTH 1000 0
DWIDTH 18 0
BBX 1 16 9 -1
BITMAP
80
80
80
80
80
80
80
00
00
80
80
80
80
80
80
80
ENDCHAR
STARTCHAR uniFFE5
ENCODING 65509
SWIDTH 1000 0
DWIDTH 18 0
BBX 12 13 3 0
BITMAP
E070
70E0
30C0
39C0
1980
0F00
7FE0
7FE0
0600
7FE0
0600
0600
0600
ENDCHAR
STARTCHAR uniFFE6
ENCODING 65510
SWIDTH 1000 0
DWIDTH 18 0
BBX 16 13 1 0
BITMAP
6006
7186
31C6
33CC
33CC
33CC
FFFF
1A68
1E68
1E78
1E78
0C38
0C30
ENDCHAR
STARTCHAR uniFFE8
ENCODING 65512
SWIDTH 500 0
DWIDTH 9 0
BBX 1 20 4 -5
BITMAP
80
80
80
80
80
80
80
80
80
80
80
80
80
80
80
80
80
80
80
80
ENDCHAR
STARTCHAR uniFFE9
ENCODING 65513
SWIDTH 500 0
DWIDTH 9 0
BBX 9 8 0 3
BITMAP
1800
1800
3000
7F80
FF80
3000
3800
1800
ENDCHAR
STARTCHAR uniFFEA
ENCODING 65514
SWIDTH 500 0
DWIDTH 9 0
BBX 7 16 1 -1
BITMAP
10
10
38
7C
D6
94
10
10
10
10
10
10
10
10
10
10
ENDCHAR
STARTCHAR uniFFEB
ENCODING 65515
SWIDTH 500 0
DWIDTH 9 0
BBX 9 8 0 3
BITMAP
0C00
0C00
0600
FF00
FF80
0600
0E00
0C00
ENDCHAR
STARTCHAR uniFFEC
ENCODING 65516
SWIDTH 500 0
DWIDTH 9 0
BBX 7 16 1 -1
BITMAP
10
10
10
10
10
10
10
10
10
10
92
D6
7C
38
38
10
ENDCHAR
STARTCHAR uniFFED
ENCODING 65517
SWIDTH 500 0
DWIDTH 9 0
BBX 7 6 1 4
BITMAP
FE
FE
FE
FE
FE
FE
ENDCHAR
STARTCHAR uniFFEE
ENCODING 65518
SWIDTH 500 0
DWIDTH 9 0
BBX 7 6 1 4
BITMAP
38
44
82
82
82
7C
ENDCHAR
STARTCHAR uni1F100
ENCODING 127232
SWIDTH 1000 0
DWIDTH 18 0
BBX 15 13 1 0
BITMAP
1F00
3F80
7380
6180
E1C0
E1C0
E1C0
E1C0
E1C0
6180
738E
3F0E
1E0E
ENDCHAR
STARTCHAR uni1F101
ENCODING 127233
SWIDTH 1000 0
DWIDTH 18 0
BBX 16 17 1 -4
BITMAP
1F00
3F80
7380
6180
E1C0
E1C0
E1C0
E1C0
E1C0
6180
738E
3F0F
1E07
0003
0006
000E
0008
ENDCHAR
STARTCHAR uni1F102
ENCODING 127234
SWIDTH 1000 0
DWIDTH 18 0
BBX 14 17 2 -4
BITMAP
1C00
7C00
7C00
1C00
1C00
1C00
1C00
1C00
1C00
1C00
1C38
FF3C
FF1C
000C
0018
0038
0020
ENDCHAR
STARTCHAR uni1F103
ENCODING 127235
SWIDTH 1000 0
DWIDTH 18 0
BBX 14 17 2 -4
BITMAP
7E00
FF00
C700
0300
0300
0700
0600
0E00
1C00
3800
701C
FF9C
FF9C
000C
000C
0038
0010
ENDCHAR
STARTCHAR uni1F104
ENCODING 127236
SWIDTH 1000 0
DWIDTH 18 0
BBX 14 17 2 -4
BITMAP
7E00
FF00
4300
0380
0700
1E00
1E00
0700
0380
0380
C39C
FF1C
7E1C
000C
000C
0038
0010
ENDCHAR
STARTCHAR uni1F105
ENCODING 127237
SWIDTH 1000 0
DWIDTH 18 0
BBX 15 17 2 -4
BITMAP
0F00
0F00
1F00
3F00
3700
7700
6700
C700
FF80
FF80
071C
071E
071E
0004
000C
0018
0010
ENDCHAR
STARTCHAR uni1F106
ENCODING 127238
SWIDTH 1000 0
DWIDTH 18 0
BBX 14 17 2 -4
BITMAP
7F00
7F00
7000
6000
6000
7F00
7F00
0380
0380
0380
C39C
FF1C
7E1C
000C
000C
0038
0010
ENDCHAR
STARTCHAR uni1F107
ENCODING 127239
SWIDTH 1000 0
DWIDTH 18 0
BBX 14 17 2 -4
BITMAP
3F00
7F80
6100
E000
C000
DE00
FF00
E380
C380
E380
E39C
7F1C
3E1C
000C
000C
0038
0010
ENDCHAR
STARTCHAR uni1F108
ENCODING 127240
SWIDTH 1000 0
DWIDTH 18 0
BBX 12 17 3 -4
BITMAP
FF00
FF00
0700
0600
0C00
0C00
1C00
1800
1800
3800
3870
3870
3870
0010
0030
00E0
0040
ENDCHAR
STARTCHAR uni1F109
ENCODING 127241
SWIDTH 1000 0
DWIDTH 18 0
BBX 15 17 2 -4
BITMAP
3E00
7F00
E300
E300
6300
7E00
3E00
6F00
C380
C380
E39C
FF1C
3E1E
0004
000C
0018
0010
ENDCHAR
STARTCHAR uni1F10A
ENCODING 127242
SWIDTH 1000 0
DWIDTH 18 0
BBX 15 17 2 -4
BITMAP
3E00
7F00
E300
E380
C380
E380
7F80
3D80
0380
0380
471C
FF1E
7C0E
0006
000C
0018
0010
ENDCHAR
STARTCHAR uni1F10B
ENCODING 127243
SWIDTH 1000 0
DWIDTH 18 0
BBX 18 17 0 -2
BITMAP
07F800
080400
100200
21E100
43F080
433080
873880
861840
861840
873840
433080
43F080
21E100
200100
180600
061800
01E000
ENDCHAR
STARTCHAR uni1F10C
ENCODING 127244
SWIDTH 1000 0
DWIDTH 18 0
BBX 18 17 0 -2
BITMAP
07F800
0FFC00
1FFE00
3E1F00
7C0F80
7CCF80
78C780
79E780
F9E7C0
78C780
7CCF80
7C0F80
3E1F00
3FFF00
1FFE00
07F800
01E000
ENDCHAR
STARTCHAR uni1F110
ENCODING 127248
SWIDTH 1000 0
DWIDTH 18 0
BBX 18 17 0 -2
BITMAP
300300
20E100
61E180
41E080
41E080
43F080
433080
433080
C330C0
47F880
47F880
461880
461880
6E1D80
2E1D00
200100
300300
ENDCHAR
STARTCHAR uni1F111
ENCODING 127249
SWIDTH 1000 0
DWIDTH 18 0
BBX 18 17 0 -2
BITMAP
300300
27C100
67F180
477880
471880
471880
473880
47F080
C7F8C0
471C80
471C80
471C80
473880
67F980
27E100
200100
300300
ENDCHAR
STARTCHAR uni1F112
ENCODING 127250
SWIDTH 1000 0
DWIDTH 18 0
BBX 18 17 0 -2
BITMAP
300300
20F100
61F980
43F880
470880
470080
460080
460080
C600C0
460080
470080
470880
439C80
61F980
20F100
200100
300300
ENDCHAR
STARTCHAR uni1F113
ENCODING 127251
SWIDTH 1000 0
DWIDTH 18 0
BBX 18 17 0 -2
BITMAP
300300
278100
67E180
47F080
463880
461880
461C80
461C80
C61CC0
461C80
461880
463880
46F080
67E180
278100
200100
300300
ENDCHAR
STARTCHAR uni1F114
ENCODING 127252
SWIDTH 1000 0
DWIDTH 18 0
BBX 18 17 0 -2
BITMAP
300300
23F900
63F980
43F880
430080
430080
430080
43F080
C3F0C0
430080
430080
430080
43F880
63F980
23F900
200100
300300
ENDCHAR
STARTCHAR uni1F115
ENCODING 127253
SWIDTH 1000 0
DWIDTH 18 0
BBX 18 17 0 -2
BITMAP
300300
23F900
63F980
43F880
430080
430080
430080
43F080
C3F0C0
430080
430080
430080
430080
630180
230100
200100
300300
ENDCHAR
STARTCHAR uni1F116
ENCODING 127254
SWIDTH 1000 0
DWIDTH 18 0
BBX 18 17 0 -2
BITMAP
300300
20F100
63F980
47B880
471080
460080
4E0080
4E7880
CE78C0
4E7880
4E1880
471880
479880
63F980
20F100
200100
300300
ENDCHAR
STARTCHAR uni1F117
ENCODING 127255
SWIDTH 1000 0
DWIDTH 18 0
BBX 18 17 0 -2
BITMAP
300300
261900
661980
461880
461880
461880
461880
47F880
C7F8C0
461880
461880
461880
461880
661980
261900
200100
300300
ENDCHAR
STARTCHAR uni1F118
ENCODING 127256
SWIDTH 1000 0
DWIDTH 18 0
BBX 18 17 0 -2
BITMAP
300300
20C100
60C180
40C080
40C080
40C080
40C080
40C080
C0C0C0
40C080
40C080
40C080
40C080
60C180
20C100
200100
300300
ENDCHAR
STARTCHAR uni1F119
ENCODING 127257
SWIDTH 1000 0
DWIDTH 18 0
BBX 18 17 0 -2
BITMAP
300300
203100
603180
403080
403080
403080
403080
403080
C030C0
403080
403080
423080
477080
67E180
21C100
200100
300300
ENDCHAR
STARTCHAR uni1F11A
ENCODING 127258
SWIDTH 1000 0
DWIDTH 18 0
BBX 18 17 0 -2
BITMAP
300300
263900
663180
467080
466080
46E080
47C080
47C080
C7E0C0
476080
467080
463080
463880
661980
261D00
200100
300300
ENDCHAR
STARTCHAR uni1F11B
ENCODING 127259
SWIDTH 1000 0
DWIDTH 18 0
BBX 18 17 0 -2
BITMAP
300300
230100
630180
430080
430080
430080
430080
430080
C300C0
430080
430080
430080
43F880
63F980
23F900
200100
300300
ENDCHAR
STARTCHAR uni1F11C
ENCODING 127260
SWIDTH 1000 0
DWIDTH 18 0
BBX 18 17 0 -2
BITMAP
300300
2E1D00
6E1D80
4E1C80
4F3C80
4F3C80
4D2C80
4D2C80
CDECC0
4DEC80
4CCC80
4CCC80
4CCC80
6CCD80
2C0D00
200100
300300
ENDCHAR
STARTCHAR uni1F11D
ENCODING 127261
SWIDTH 1000 0
DWIDTH 18 0
BBX 18 17 0 -2
BITMAP
300300
261900
671980
471880
471880
479880
479880
46D880
C6D8C0
467880
467880
463880
463880
663980
261900
200100
300300
ENDCHAR
STARTCHAR uni1F11E
ENCODING 127262
SWIDTH 1000 0
DWIDTH 18 0
BBX 18 17 0 -2
BITMAP
300300
21E100
63F180
47F880
4E1C80
4E1C80
4E1C80
4C0C80
CC0CC0
4E1C80
4E1C80
4E1C80
473880
63F180
21E100
200100
300300
ENDCHAR
STARTCHAR uni1F11F
ENCODING 127263
SWIDTH 1000 0
DWIDTH 18 0
BBX 18 17 0 -2
BITMAP
300300
27C100
67F180
47F880
471880
471C80
471880
473880
C7F8C0
47E080
470080
470080
470080
670180
270100
200100
300300
ENDCHAR
STARTCHAR uni1F120
ENCODING 127264
SWIDTH 1000 0
DWIDTH 18 0
BBX 18 18 0 -3
BITMAP
300300
21E100
63F180
47F880
4E1C80
4E1C80
4E1C80
4C0C80
CC0CC0
4E1C80
4E1C80
4E1C80
473880
63F180
21E100
20E100
307B00
003C00
ENDCHAR
STARTCHAR uni1F121
ENCODING 127265
SWIDTH 1000 0
DWIDTH 18 0
BBX 18 17 0 -2
BITMAP
300300
27C100
67F180
47F880
461880
461880
461880
467880
C7F0C0
47E080
467080
463080
463880
663980
261D00
200100
300300
ENDCHAR
STARTCHAR uni1F122
ENCODING 127266
SWIDTH 1000 0
DWIDTH 18 0
BBX 18 17 0 -2
BITMAP
300300
20E100
63F980
43B080
471080
470080
438080
43E080
C1F8C0
407880
401880
421880
473880
67F180
21E100
200100
300300
ENDCHAR
STARTCHAR uni1F123
ENCODING 127267
SWIDTH 1000 0
DWIDTH 18 0
BBX 18 17 0 -2
BITMAP
300300
27F900
67F980
47F880
40C080
40C080
40C080
40C080
C0C0C0
40C080
40C080
40C080
40C080
60C180
20C100
200100
300300
ENDCHAR
STARTCHAR uni1F124
ENCODING 127268
SWIDTH 1000 0
DWIDTH 18 0
BBX 18 17 0 -2
BITMAP
300300
261900
661980
461880
461880
461880
461880
461880
C618C0
461880
461880
461880
473880
63F180
21E100
200100
300300
ENDCHAR
STARTCHAR uni1F125
ENCODING 127269
SWIDTH 1000 0
DWIDTH 18 0
BBX 18 17 0 -2
BITMAP
300300
2E1D00
661980
461880
471880
473880
433080
433080
C330C0
43B080
41F080
41E080
41E080
61E180
20E100
200100
300300
ENDCHAR
STARTCHAR uni1F126
ENCODING 127270
SWIDTH 1000 0
DWIDTH 18 0
BBX 18 17 0 -2
BITMAP
300300
2CCD00
6CCD80
4CCC80
4CCC80
4CEC80
4DEC80
45EC80
C5E8C0
472880
472880
473880
473880
673980
273900
200100
300300
ENDCHAR
STARTCHAR uni1F127
ENCODING 127271
SWIDTH 1000 0
DWIDTH 18 0
BBX 18 17 0 -2
BITMAP
300300
2E1D00
673980
473880
433080
43F080
41E080
41E080
C1E0C0
41E080
43F080
433080
473880
663980
2E1D00
200100
300300
ENDCHAR
STARTCHAR uni1F128
ENCODING 127272
SWIDTH 1000 0
DWIDTH 18 0
BBX 18 17 0 -2
BITMAP
300300
2E1D00
661980
473880
433080
433080
43F080
41E080
C1E0C0
40C080
40C080
40C080
40C080
60C180
20C100
200100
300300
ENDCHAR
STARTCHAR uni1F129
ENCODING 127273
SWIDTH 1000 0
DWIDTH 18 0
BBX 18 17 0 -2
BITMAP
300300
27F900
67F980
47F880
403080
407080
40E080
40E080
C1C0C0
41C080
438080
430080
47F880
67F980
27F900
200100
300300
ENDCHAR
STARTCHAR uni1F12A
ENCODING 127274
SWIDTH 1000 0
DWIDTH 18 0
BBX 16 17 1 -2
BITMAP
301C
71CE
C7F3
C763
CE23
CE03
C703
C7C3
C3F3
C0F3
C033
C433
CE73
CFE3
E3C7
701C
1008
ENDCHAR
STARTCHAR uni1F12B
ENCODING 127275
SWIDTH 1000 0
DWIDTH 18 0
BBX 18 17 0 -2
BITMAP
07F800
080400
100200
20F100
41F880
431080
870080
860040
860040
860040
472080
43F080
21E100
200100
180600
061800
01E000
ENDCHAR
STARTCHAR uni1F12C
ENCODING 127276
SWIDTH 1000 0
DWIDTH 18 0
BBX 18 17 0 -2
BITMAP
07F800
080400
100200
21E100
41F880
419880
839880
831840
83F040
836040
437080
473080
263100
200100
180600
061800
01E000
ENDCHAR
STARTCHAR uni1F12D
ENCODING 127277
SWIDTH 1000 0
DWIDTH 18 0
BBX 18 17 0 -2
BITMAP
07F800
080400
100200
277900
5FFE80
597680
987780
B87740
B87740
B87740
597680
5FFE80
2F7900
200100
180600
061800
01E000
ENDCHAR
STARTCHAR uni1F12E
ENCODING 127278
SWIDTH 1000 0
DWIDTH 18 0
BBX 18 17 0 -2
BITMAP
07F800
080400
100200
3A4100
5B4080
5B4080
8B5E80
8B4440
8D4C40
8DC840
4DD880
4D9E80
2DBF00
200100
180600
061800
01E000
ENDCHAR
STARTCHAR uni1F12F
ENCODING 127279
SWIDTH 833 0
DWIDTH 15 0
BBX 13 13 1 0
BITMAP
1FC0
3060
6210
4F98
88C8
80C8
80C8
80C8
C9C8
4F98
6030
3060
0FC0
ENDCHAR
STARTCHAR uni1F130
ENCODING 127280
SWIDTH 1000 0
DWIDTH 18 0
BBX 16 16 1 -1
BITMAP
FFFF
8001
8001
8181
83C1
83C1
83C1
8661
8661
87E1
8FF1
8C31
9C39
8001
8001
FFFF
ENDCHAR
STARTCHAR uni1F131
ENCODING 127281
SWIDTH 1000 0
DWIDTH 18 0
BBX 16 16 1 -1
BITMAP
FFFF
8001
8001
87C1
87E1
8671
8671
87E1
87F1
8631
8631
87F1
87C1
8001
8001
FFFF
ENDCHAR
STARTCHAR uni1F132
ENCODING 127282
SWIDTH 1000 0
DWIDTH 18 0
BBX 16 16 1 -1
BITMAP
FFFF
8001
8001
81E1
87F1
8721
8E01
8C01
8C01
8E01
8621
87F1
83E1
8001
8001
FFFF
ENDCHAR
STARTCHAR uni1F133
ENCODING 127283
SWIDTH 1000 0
DWIDTH 18 0
BBX 16 16 1 -1
BITMAP
FFFF
8001
8001
8F81
8FE1
8E71
8E31
8E31
8E31
8E31
8E71
8FE1
8F81
8001
8001
FFFF
ENDCHAR
STARTCHAR uni1F134
ENCODING 127284
SWIDTH 1000 0
DWIDTH 18 0
BBX 16 16 1 -1
BITMAP
FFFF
8001
8001
87E1
87E1
8601
8601
87E1
87E1
8601
8601
87F1
87F1
8001
8001
FFFF
ENDCHAR
STARTCHAR uni1F135
ENCODING 127285
SWIDTH 1000 0
DWIDTH 18 0
BBX 16 16 1 -1
BITMAP
FFFF
8001
8001
87E1
87E1
8601
8601
87E1
87E1
8601
8601
8601
8601
8001
8001
FFFF
ENDCHAR
STARTCHAR uni1F136
ENCODING 127286
SWIDTH 1000 0
DWIDTH 18 0
BBX 16 16 1 -1
BITMAP
FFFF
8001
8001
81C1
87F1
8E21
8C01
8CF1
8CF1
8C31
8E31
87F1
83E1
8001
8001
FFFF
ENDCHAR
STARTCHAR uni1F137
ENCODING 127287
SWIDTH 1000 0
DWIDTH 18 0
BBX 16 16 1 -1
BITMAP
FFFF
8001
8001
8C31
8C31
8C31
8C31
8FF1
8FF1
8C31
8C31
8C31
8C31
8001
8001
FFFF
ENDCHAR
STARTCHAR uni1F138
ENCODING 127288
SWIDTH 1000 0
DWIDTH 18 0
BBX 16 16 1 -1
BITMAP
FFFF
8001
8001
8181
8181
8181
8181
8181
8181
8181
8181
8181
8181
8001
8001
FFFF
ENDCHAR
STARTCHAR uni1F139
ENCODING 127289
SWIDTH 1000 0
DWIDTH 18 0
BBX 16 16 1 -1
BITMAP
FFFF
8001
8001
80E1
80E1
80E1
80E1
80E1
80E1
80E1
84E1
8FC1
8781
8001
8001
FFFF
ENDCHAR
STARTCHAR uni1F13A
ENCODING 127290
SWIDTH 1000 0
DWIDTH 18 0
BBX 16 16 1 -1
BITMAP
FFFF
8001
8001
8E31
8E61
8EC1
8FC1
8F81
8FC1
8EE1
8E61
8E71
8E39
8001
8001
FFFF
ENDCHAR
STARTCHAR uni1F13B
ENCODING 127291
SWIDTH 1000 0
DWIDTH 18 0
BBX 16 16 1 -1
BITMAP
FFFF
8001
8001
8701
8701
8701
8701
8701
8701
8701
8701
87E1
87E1
8001
8001
FFFF
ENDCHAR
STARTCHAR uni1F13C
ENCODING 127292
SWIDTH 1000 0
DWIDTH 18 0
BBX 16 16 1 -1
BITMAP
FFFF
8001
8001
9C39
9C39
9E79
9E79
9A59
9BD9
9999
9999
9999
9819
8001
8001
FFFF
ENDCHAR
STARTCHAR uni1F13D
ENCODING 127293
SWIDTH 1000 0
DWIDTH 18 0
BBX 16 16 1 -1
BITMAP
FFFF
8001
8001
8C31
8E31
8F31
8F31
8DB1
8DB1
8CF1
8CF1
8C71
8C71
8001
8001
FFFF
ENDCHAR
STARTCHAR uni1F13E
ENCODING 127294
SWIDTH 1000 0
DWIDTH 18 0
BBX 16 16 1 -1
BITMAP
FFFF
8001
8001
83C1
87E1
8E71
8C31
9C39
9C39
8C31
8E71
87E1
83C1
8001
8001
FFFF
ENDCHAR
STARTCHAR uni1F13F
ENCODING 127295
SWIDTH 1000 0
DWIDTH 18 0
BBX 16 16 1 -1
BITMAP
FFFF
8001
8001
87C1
87F1
8671
8631
8631
87E1
87C1
8601
8601
8601
8001
8001
FFFF
ENDCHAR
STARTCHAR uni1F140
ENCODING 127296
SWIDTH 1000 0
DWIDTH 18 0
BBX 16 16 1 -1
BITMAP
FFFF
8001
8001
83C1
8FE1
8C71
9C31
9C31
9C31
8C31
8FF1
87C1
81C1
80F9
8031
FFFF
ENDCHAR
STARTCHAR uni1F141
ENCODING 127297
SWIDTH 1000 0
DWIDTH 18 0
BBX 16 16 1 -1
BITMAP
FFFF
8001
8001
8F81
8FE1
8E71
8E31
8E71
8FE1
8EC1
8EE1
8E61
8E31
8001
8001
FFFF
ENDCHAR
STARTCHAR uni1F142
ENCODING 127298
SWIDTH 1000 0
DWIDTH 18 0
BBX 16 16 1 -1
BITMAP
FFFF
8001
8001
83C1
87F1
8621
8601
87C1
81E1
8071
8471
8FE1
87C1
8001
8001
FFFF
ENDCHAR
STARTCHAR uni1F143
ENCODING 127299
SWIDTH 1000 0
DWIDTH 18 0
BBX 16 16 1 -1
BITMAP
FFFF
8001
8001
8FF1
8FF1
8181
8181
8181
8181
8181
8181
8181
8181
8001
8001
FFFF
ENDCHAR
STARTCHAR uni1F144
ENCODING 127300
SWIDTH 1000 0
DWIDTH 18 0
BBX 16 16 1 -1
BITMAP
FFFF
8001
8001
8C31
8C31
8C31
8C31
8C31
8C31
8C31
8E71
87E1
83C1
8001
8001
FFFF
ENDCHAR
STARTCHAR uni1F145
ENCODING 127301
SWIDTH 1000 0
DWIDTH 18 0
BBX 16 16 1 -1
BITMAP
FFFF
8001
8001
8C31
8C31
8E71
8661
8661
8661
83C1
83C1
83C1
8381
8001
8001
FFFF
ENDCHAR
STARTCHAR uni1F146
ENCODING 127302
SWIDTH 1000 0
DWIDTH 18 0
BBX 16 16 1 -1
BITMAP
FFFF
8001
8001
B18D
B18D
B9CD
9BD9
9BD9
9BD9
9A79
9E79
8E79
8E71
8001
8001
FFFF
ENDCHAR
STARTCHAR uni1F147
ENCODING 127303
SWIDTH 1000 0
DWIDTH 18 0
BBX 16 16 1 -1
BITMAP
FFFF
8001
8001
8E71
8661
8761
83C1
83C1
83C1
83C1
86E1
8661
8C71
8001
8001
FFFF
ENDCHAR
STARTCHAR uni1F148
ENCODING 127304
SWIDTH 1000 0
DWIDTH 18 0
BBX 16 16 1 -1
BITMAP
FFFF
8001
8001
8C31
8E71
8661
87E1
83C1
83C1
8181
8181
8181
8181
8001
8001
FFFF
ENDCHAR
STARTCHAR uni1F149
ENCODING 127305
SWIDTH 1000 0
DWIDTH 18 0
BBX 16 16 1 -1
BITMAP
FFFF
8001
8001
87F1
87F1
8061
80C1
81C1
8381
8301
8601
8FF1
8FF1
8001
8001
FFFF
ENDCHAR
STARTCHAR uni1F14A
ENCODING 127306
SWIDTH 1000 0
DWIDTH 18 0
BBX 16 16 1 -1
BITMAP
FFFF
8001
8001
B3C7
B3E7
B36D
B36D
BF6D
BF6D
B32D
B339
B339
B339
8001
8001
FFFF
ENDCHAR
STARTCHAR uni1F14B
ENCODING 127307
SWIDTH 1000 0
DWIDTH 18 0
BBX 16 16 1 -1
BITMAP
FFFF
8001
8001
A167
B367
B365
B365
BF2D
AD3D
AD3D
AD39
A919
A119
8001
8001
FFFF
ENDCHAR
STARTCHAR uni1F14C
ENCODING 127308
SWIDTH 1000 0
DWIDTH 18 0
BBX 16 16 1 -1
BITMAP
FFFF
8001
8001
9CF1
BEFD
B2CD
B0CD
BCCF
9ECF
87CD
A6CD
FEFD
BCF1
8001
8001
FFFF
ENDCHAR
STARTCHAR uni1F14D
ENCODING 127309
SWIDTH 1000 0
DWIDTH 18 0
BBX 16 16 1 -1
BITMAP
FFFF
8001
8001
9E39
BF7D
B265
B061
BC79
8E3D
870D
A34D
BEFD
9E79
8001
8001
FFFF
ENDCHAR
STARTCHAR uni1F14E
ENCODING 127310
SWIDTH 1000 0
DWIDTH 18 0
BBX 16 16 1 -1
BITMAP
FFFF
8001
8001
B3B7
BBD7
AF57
AF57
AF55
BBD5
B39D
A31D
A30D
A30D
8001
8001
FFFF
ENDCHAR
STARTCHAR uni1F14F
ENCODING 127311
SWIDTH 1000 0
DWIDTH 18 0
BBX 16 16 1 -1
BITMAP
FFFF
8001
8001
E4CD
ECDF
EEB5
EEB1
EEB1
AAB1
AAB1
BBB5
BB9F
B39D
8001
8001
FFFF
ENDCHAR
STARTCHAR uni1F150
ENCODING 127312
SWIDTH 1000 0
DWIDTH 18 0
BBX 18 17 0 -2
BITMAP
07F800
0FFC00
1FFE00
3F3F00
7E1F80
7E9F80
7E9F80
7CCF80
FCCFC0
7C0F80
780780
79E780
39E700
3FFF00
1FFE00
07F800
01E000
ENDCHAR
STARTCHAR uni1F151
ENCODING 127313
SWIDTH 1000 0
DWIDTH 18 0
BBX 18 17 0 -2
BITMAP
07F800
0FFC00
1FFE00
3C1F00
7C0F80
7CC780
7CE780
7C1F80
FC07C0
7CE780
7CE780
7C0780
3C1F00
3FFF00
1FFE00
07F800
01E000
ENDCHAR
STARTCHAR uni1F152
ENCODING 127314
SWIDTH 1000 0
DWIDTH 18 0
BBX 18 17 0 -2
BITMAP
07F800
0FFC00
1FFE00
3F1F00
7C0F80
78FF80
79FF80
79FF80
F9FFC0
79FF80
78EF80
7C0780
3E0F00
3FFF00
1FFE00
07F800
01E000
ENDCHAR
STARTCHAR uni1F153
ENCODING 127315
SWIDTH 1000 0
DWIDTH 18 0
BBX 18 17 0 -2
BITMAP
07F800
0FFC00
1FFE00
383F00
780F80
78C780
78E780
78E780
F8E7C0
78E780
78C780
780F80
383F00
3FFF00
1FFE00
07F800
01E000
ENDCHAR
STARTCHAR uni1F154
ENCODING 127316
SWIDTH 1000 0
DWIDTH 18 0
BBX 18 17 0 -2
BITMAP
07F800
0FFC00
1FFE00
3C0F00
7C0F80
7CFF80
7CFF80
7C0F80
FC0FC0
7CFF80
7CFF80
7C0F80
3C0F00
3FFF00
1FFE00
07F800
01E000
ENDCHAR
STARTCHAR uni1F155
ENCODING 127317
SWIDTH 1000 0
DWIDTH 18 0
BBX 18 17 0 -2
BITMAP
07F800
0FFC00
1FFE00
3C0F00
7C0F80
7CFF80
7CFF80
7C0F80
FC0FC0
7CFF80
7CFF80
7CFF80
3CFF00
3FFF00
1FFE00
07F800
01E000
ENDCHAR
STARTCHAR uni1F156
ENCODING 127318
SWIDTH 1000 0
DWIDTH 18 0
BBX 18 17 0 -2
BITMAP
07F800
0FFC00
1FFE00
3F1F00
7C0780
78EF80
79FF80
798780
F987C0
79E780
78E780
7C0780
3E0F00
3FFF00
1FFE00
07F800
01E000
ENDCHAR
STARTCHAR uni1F157
ENCODING 127319
SWIDTH 1000 0
DWIDTH 18 0
BBX 18 17 0 -2
BITMAP
07F800
0FFC00
1FFE00
39E700
79E780
79E780
79E780
780780
F807C0
79E780
79E780
79E780
39E700
3FFF00
1FFE00
07F800
01E000
ENDCHAR
STARTCHAR uni1F158
ENCODING 127320
SWIDTH 1000 0
DWIDTH 18 0
BBX 18 17 0 -2
BITMAP
07F800
0FFC00
1FFE00
3F3F00
7F3F80
7F3F80
7F3F80
7F3F80
FF3FC0
7F3F80
7F3F80
7F3F80
3F3F00
3FFF00
1FFE00
07F800
01E000
ENDCHAR
STARTCHAR uni1F159
ENCODING 127321
SWIDTH 1000 0
DWIDTH 18 0
BBX 18 17 0 -2
BITMAP
07F800
0FFC00
1FFE00
3F8F00
7F8F80
7F8F80
7F8F80
7F8F80
FF8FC0
7F8F80
7D8F80
781F80
3C3F00
3FFF00
1FFE00
07F800
01E000
ENDCHAR
STARTCHAR uni1F15A
ENCODING 127322
SWIDTH 1000 0
DWIDTH 18 0
BBX 18 17 0 -2
BITMAP
07F800
0FFC00
1FFE00
38E700
78CF80
789F80
791F80
783F80
F81FC0
788F80
78CF80
78C780
38E700
3FFF00
1FFE00
07F800
01E000
ENDCHAR
STARTCHAR uni1F15B
ENCODING 127323
SWIDTH 1000 0
DWIDTH 18 0
BBX 18 17 0 -2
BITMAP
07F800
0FFC00
1FFE00
3C7F00
7C7F80
7C7F80
7C7F80
7C7F80
FC7FC0
7C7F80
7C7F80
7C0F80
3C0F00
3FFF00
1FFE00
07F800
01E000
ENDCHAR
STARTCHAR uni1F15C
ENCODING 127324
SWIDTH 1000 0
DWIDTH 18 0
BBX 18 17 0 -2
BITMAP
07F800
0FFC00
1FFE00
31E300
71E380
70C380
72D380
72D380
F253C0
733380
733380
733380
33F300
3FFF00
1FFE00
07F800
01E000
ENDCHAR
STARTCHAR uni1F15D
ENCODING 127325
SWIDTH 1000 0
DWIDTH 18 0
BBX 18 17 0 -2
BITMAP
07F800
0FFC00
1FFE00
39E700
78E780
786780
796780
792780
F927C0
79A780
798780
79C780
39C700
3FFF00
1FFE00
07F800
01E000
ENDCHAR
STARTCHAR uni1F15E
ENCODING 127326
SWIDTH 1000 0
DWIDTH 18 0
BBX 18 17 0 -2
BITMAP
07F800
0FFC00
1FFE00
3E1F00
7C0F80
78C780
79E780
71E380
F1E3C0
79E780
78C780
7C0F80
3E1F00
3FFF00
1FFE00
07F800
01E000
ENDCHAR
STARTCHAR uni1F15F
ENCODING 127327
SWIDTH 1000 0
DWIDTH 18 0
BBX 18 17 0 -2
BITMAP
07F800
0FFC00
1FFE00
381F00
780780
78C780
78E780
78E780
F80FC0
783F80
78FF80
78FF80
38FF00
3FFF00
1FFE00
07F800
01E000
ENDCHAR
STARTCHAR uni1F160
ENCODING 127328
SWIDTH 1000 0
DWIDTH 18 0
BBX 18 17 0 -2
BITMAP
07F800
0FFC00
1FFE00
3E1F00
780F80
79C780
71E780
71E780
F1E7C0
79E780
780780
7C1F80
3F3F00
3F8700
1FE600
07F800
01E000
ENDCHAR
STARTCHAR uni1F161
ENCODING 127329
SWIDTH 1000 0
DWIDTH 18 0
BBX 18 17 0 -2
BITMAP
07F800
0FFC00
1FFE00
381F00
780F80
78C780
78E780
78C780
F80FC0
789F80
78CF80
78C780
38E700
3FFF00
1FFE00
07F800
01E000
ENDCHAR
STARTCHAR uni1F162
ENCODING 127330
SWIDTH 1000 0
DWIDTH 18 0
BBX 18 17 0 -2
BITMAP
07F800
0FFC00
1FFE00
3E1F00
7C0780
7CEF80
7CFF80
7C1F80
FF0FC0
7FC780
7DC780
780F80
3C1F00
3FFF00
1FFE00
07F800
01E000
ENDCHAR
STARTCHAR uni1F163
ENCODING 127331
SWIDTH 1000 0
DWIDTH 18 0
BBX 18 17 0 -2
BITMAP
07F800
0FFC00
1FFE00
380700
780780
7F3F80
7F3F80
7F3F80
FF3FC0
7F3F80
7F3F80
7F3F80
3F3F00
3FFF00
1FFE00
07F800
01E000
ENDCHAR
STARTCHAR uni1F164
ENCODING 127332
SWIDTH 1000 0
DWIDTH 18 0
BBX 18 17 0 -2
BITMAP
07F800
0FFC00
1FFE00
39E700
79E780
79E780
79E780
79E780
F9E7C0
79E780
78C780
7C0F80
3E1F00
3FFF00
1FFE00
07F800
01E000
ENDCHAR
STARTCHAR uni1F165
ENCODING 127333
SWIDTH 1000 0
DWIDTH 18 0
BBX 18 17 0 -2
BITMAP
07F800
0FFC00
1FFE00
39E700
79E780
78C780
7CCF80
7CCF80
FCCFC0
7E5F80
7E5F80
7E1F80
3E3F00
3FFF00
1FFE00
07F800
01E000
ENDCHAR
STARTCHAR uni1F166
ENCODING 127334
SWIDTH 1000 0
DWIDTH 18 0
BBX 18 17 0 -2
BITMAP
07F800
0FFC00
1FFE00
273900
673980
631980
725380
725380
F293C0
72D380
72D380
78C380
38C700
3FFF00
1FFE00
07F800
01E000
ENDCHAR
STARTCHAR uni1F167
ENCODING 127335
SWIDTH 1000 0
DWIDTH 18 0
BBX 18 17 0 -2
BITMAP
07F800
0FFC00
1FFE00
38C700
7CCF80
7C4F80
7E5F80
7F1F80
FE3FC0
7E9F80
7C8F80
7CCF80
39C700
3FFF00
1FFE00
07F800
01E000
ENDCHAR
STARTCHAR uni1F168
ENCODING 127336
SWIDTH 1000 0
DWIDTH 18 0
BBX 18 17 0 -2
BITMAP
07F800
0FFC00
1FFE00
39E700
78C780
7CCF80
7C8F80
7E9F80
FE1FC0
7F3F80
7F3F80
7F3F80
3F3F00
3FFF00
1FFE00
07F800
01E000
ENDCHAR
STARTCHAR uni1F169
ENCODING 127337
SWIDTH 1000 0
DWIDTH 18 0
BBX 18 17 0 -2
BITMAP
07F800
0FFC00
1FFE00
3C0700
7C0780
7FCF80
7F9F80
7F1F80
FE3FC0
7E7F80
7CFF80
780780
380700
3FFF00
1FFE00
07F800
01E000
ENDCHAR
STARTCHAR uni1F16A
ENCODING 127338
SWIDTH 778 0
DWIDTH 14 0
BBX 14 7 0 7
BITMAP
E63C
E668
EE40
DAC0
DA40
DA7C
C238
ENDCHAR
STARTCHAR uni1F16B
ENCODING 127339
SWIDTH 778 0
DWIDTH 14 0
BBX 14 7 0 7
BITMAP
E678
E67C
EE4C
DA4C
DA4C
DA7C
C270
ENDCHAR
STARTCHAR uni1F16C
ENCODING 127340
SWIDTH 778 0
DWIDTH 14 0
BBX 14 7 0 7
BITMAP
E678
E65C
EE4C
DA7C
DA78
DA4C
C24C
ENDCHAR
STARTCHAR uni1F170
ENCODING 127344
SWIDTH 1000 0
DWIDTH 18 0
BBX 16 16 1 -1
BITMAP
3FFC
FFFF
FFFF
FE7F
FC3F
FD3F
FD3F
F99F
F99F
F81F
F00F
F3CF
F3CF
FFFF
FFFF
7FFE
ENDCHAR
STARTCHAR uni1F171
ENCODING 127345
SWIDTH 1000 0
DWIDTH 18 0
BBX 16 16 1 -1
BITMAP
3FFC
FFFF
FFFF
F83F
F81F
F98F
F9CF
F83F
F80F
F9CF
F9CF
F80F
F83F
FFFF
FFFF
7FFE
ENDCHAR
STARTCHAR uni1F172
ENCODING 127346
SWIDTH 1000 0
DWIDTH 18 0
BBX 16 16 1 -1
BITMAP
3FFC
FFFF
FFFF
FE1F
F80F
F8DF
F1FF
F3FF
F3FF
F1FF
F9FF
F80F
FC1F
FFFF
FFFF
7FFE
ENDCHAR
STARTCHAR uni1F173
ENCODING 127347
SWIDTH 1000 0
DWIDTH 18 0
BBX 16 16 1 -1
BITMAP
3FFC
FFFF
FFFF
F07F
F01F
F18F
F1CF
F1CF
F1CF
F1CF
F18F
F01F
F07F
FFFF
FFFF
7FFE
ENDCHAR
STARTCHAR uni1F174
ENCODING 127348
SWIDTH 1000 0
DWIDTH 18 0
BBX 16 16 1 -1
BITMAP
3FFC
FFFF
FFFF
F81F
F81F
F9FF
F9FF
F81F
F81F
F9FF
F9FF
F80F
F80F
FFFF
FFFF
7FFE
ENDCHAR
STARTCHAR uni1F175
ENCODING 127349
SWIDTH 1000 0
DWIDTH 18 0
BBX 16 16 1 -1
BITMAP
3FFC
FFFF
FFFF
F81F
F81F
F9FF
F9FF
F81F
F81F
F9FF
F9FF
F9FF
F9FF
FFFF
FFFF
7FFE
ENDCHAR
STARTCHAR uni1F176
ENCODING 127350
SWIDTH 1000 0
DWIDTH 18 0
BBX 16 16 1 -1
BITMAP
3FFC
FFFF
FFFF
FE3F
F80F
F1DF
F3FF
F30F
F30F
F3CF
F1CF
F80F
FC1F
FFFF
FFFF
7FFE
ENDCHAR
STARTCHAR uni1F177
ENCODING 127351
SWIDTH 1000 0
DWIDTH 18 0
BBX 16 16 1 -1
BITMAP
3FFC
FFFF
FFFF
F3CF
F3CF
F3CF
F3CF
F00F
F00F
F3CF
F3CF
F3CF
F3CF
FFFF
FFFF
7FFE
ENDCHAR
STARTCHAR uni1F178
ENCODING 127352
SWIDTH 1000 0
DWIDTH 18 0
BBX 16 16 1 -1
BITMAP
3FFC
FFFF
FFFF
FE7F
FE7F
FE7F
FE7F
FE7F
FE7F
FE7F
FE7F
FE7F
FE7F
FFFF
FFFF
7FFE
ENDCHAR
STARTCHAR uni1F179
ENCODING 127353
SWIDTH 1000 0
DWIDTH 18 0
BBX 16 16 1 -1
BITMAP
3FFC
FFFF
FFFF
FF1F
FF1F
FF1F
FF1F
FF1F
FF1F
FF1F
FB1F
F03F
F87F
FFFF
FFFF
7FFE
ENDCHAR
STARTCHAR uni1F17A
ENCODING 127354
SWIDTH 1000 0
DWIDTH 18 0
BBX 16 16 1 -1
BITMAP
3FFC
FFFF
FFFF
F1CF
F19F
F13F
F23F
F07F
F03F
F11F
F19F
F18F
F1CF
FFFF
FFFF
7FFE
ENDCHAR
STARTCHAR uni1F17B
ENCODING 127355
SWIDTH 1000 0
DWIDTH 18 0
BBX 16 16 1 -1
BITMAP
3FFC
FFFF
FFFF
F8FF
F8FF
F8FF
F8FF
F8FF
F8FF
F8FF
F8FF
F81F
F81F
FFFF
FFFF
7FFE
ENDCHAR
STARTCHAR uni1F17C
ENCODING 127356
SWIDTH 1000 0
DWIDTH 18 0
BBX 16 16 1 -1
BITMAP
3FFC
FFFF
FFFF
E3C7
E3C7
E187
E5A7
E5A7
E4A7
E667
E667
E667
E7E7
FFFF
FFFF
7FFE
ENDCHAR
STARTCHAR uni1F17D
ENCODING 127357
SWIDTH 1000 0
DWIDTH 18 0
BBX 16 16 1 -1
BITMAP
3FFC
FFFF
FFFF
F3CF
F1CF
F0CF
F2CF
F24F
F24F
F34F
F30F
F38F
F38F
FFFF
FFFF
7FFE
ENDCHAR
STARTCHAR uni1F17E
ENCODING 127358
SWIDTH 1000 0
DWIDTH 18 0
BBX 16 16 1 -1
BITMAP
3FFC
FFFF
FFFF
FC3F
F81F
F18F
F3CF
E3C7
E3C7
F3CF
F18F
F81F
FC3F
FFFF
FFFF
7FFE
ENDCHAR
STARTCHAR uni1F17F
ENCODING 127359
SWIDTH 1000 0
DWIDTH 18 0
BBX 16 16 1 -1
BITMAP
3FFC
FFFF
FFFF
F83F
F80F
F98F
F9CF
F9CF
F81F
F83F
F9FF
F9FF
F9FF
FFFF
FFFF
7FFE
ENDCHAR
STARTCHAR uni1F180
ENCODING 127360
SWIDTH 1000 0
DWIDTH 18 0
BBX 16 16 1 -1
BITMAP
3FFC
FFFF
FFFF
FC3F
F01F
F38F
E3CF
E3CF
E3CF
F3CF
F00F
F83F
FE7F
FF07
FFCF
7FFE
ENDCHAR
STARTCHAR uni1F181
ENCODING 127361
SWIDTH 1000 0
DWIDTH 18 0
BBX 16 16 1 -1
BITMAP
3FFC
FFFF
FFFF
F07F
F01F
F18F
F1CF
F18F
F01F
F13F
F11F
F19F
F1CF
FFFF
FFFF
7FFE
ENDCHAR
STARTCHAR uni1F182
ENCODING 127362
SWIDTH 1000 0
DWIDTH 18 0
BBX 16 16 1 -1
BITMAP
3FFC
FFFF
FFFF
FC3F
F80F
F9DF
F9FF
F83F
FE1F
FF8F
FB8F
F01F
F83F
FFFF
FFFF
7FFE
ENDCHAR
STARTCHAR uni1F183
ENCODING 127363
SWIDTH 1000 0
DWIDTH 18 0
BBX 16 16 1 -1
BITMAP
3FFC
FFFF
FFFF
F00F
F00F
FE7F
FE7F
FE7F
FE7F
FE7F
FE7F
FE7F
FE7F
FFFF
FFFF
7FFE
ENDCHAR
STARTCHAR uni1F184
ENCODING 127364
SWIDTH 1000 0
DWIDTH 18 0
BBX 16 16 1 -1
BITMAP
3FFC
FFFF
FFFF
F3CF
F3CF
F3CF
F3CF
F3CF
F3CF
F3CF
F18F
F81F
FC3F
FFFF
FFFF
7FFE
ENDCHAR
STARTCHAR uni1F185
ENCODING 127365
SWIDTH 1000 0
DWIDTH 18 0
BBX 16 16 1 -1
BITMAP
3FFC
FFFF
FFFF
F3CF
F3CF
F18F
F99F
F99F
F99F
FCBF
FCBF
FC3F
FC7F
FFFF
FFFF
7FFE
ENDCHAR
STARTCHAR uni1F186
ENCODING 127366
SWIDTH 1000 0
DWIDTH 18 0
BBX 16 16 1 -1
BITMAP
3FFC
FFFF
FFFF
CE73
CE73
C633
E4A7
E4A7
E527
E5A7
E5A7
F187
F18F
FFFF
FFFF
7FFE
ENDCHAR
STARTCHAR uni1F187
ENCODING 127367
SWIDTH 1000 0
DWIDTH 18 0
BBX 16 16 1 -1
BITMAP
3FFC
FFFF
FFFF
F18F
F99F
F89F
FCBF
FE3F
FC7F
FD3F
F91F
F99F
F38F
FFFF
FFFF
7FFE
ENDCHAR
STARTCHAR uni1F188
ENCODING 127368
SWIDTH 1000 0
DWIDTH 18 0
BBX 16 16 1 -1
BITMAP
3FFC
FFFF
FFFF
F3CF
F18F
F99F
F91F
FD3F
FC3F
FE7F
FE7F
FE7F
FE7F
FFFF
FFFF
7FFE
ENDCHAR
STARTCHAR uni1F189
ENCODING 127369
SWIDTH 1000 0
DWIDTH 18 0
BBX 16 16 1 -1
BITMAP
3FFC
FFFF
FFFF
F80F
F80F
FF9F
FF3F
FE3F
FC7F
FCFF
F9FF
F00F
F00F
FFFF
FFFF
7FFE
ENDCHAR
STARTCHAR uni1F18A
ENCODING 127370
SWIDTH 1000 0
DWIDTH 18 0
BBX 16 16 1 -1
BITMAP
FFFF
BFFD
9FF9
D83B
F80F
F98F
F9CF
F9CF
F81F
F83F
F9FF
F9EF
F9E7
CFF3
9FF9
FFFF
ENDCHAR
STARTCHAR uni1F18B
ENCODING 127371
SWIDTH 1000 0
DWIDTH 18 0
BBX 16 16 1 -1
BITMAP
3FFC
FFFF
FFFF
E7CF
E707
E737
E63F
E67F
E67F
E67F
E737
E703
E787
FFFF
FFFF
7FFE
ENDCHAR
STARTCHAR uni1F18C
ENCODING 127372
SWIDTH 1000 0
DWIDTH 18 0
BBX 16 16 1 -1
BITMAP
3FFC
FFFF
FFFF
C3C7
C1C7
CCD7
CC97
CC93
C193
C383
CF03
CF31
CF39
FFFF
FFFF
7FFE
ENDCHAR
STARTCHAR uni1F18D
ENCODING 127373
SWIDTH 1000 0
DWIDTH 18 0
BBX 16 16 1 -1
BITMAP
3FFC
FFFF
FFFF
E3C7
C1C7
9FD7
8F97
C393
E193
F983
F903
8131
C339
FFFF
FFFF
7FFE
ENDCHAR
STARTCHAR uni1F18E
ENCODING 127374
SWIDTH 1000 0
DWIDTH 18 0
BBX 16 16 1 -1
BITMAP
3FFC
FFFF
FFFF
E387
E383
EB99
E99B
C987
C983
C199
C099
9C81
9C87
FFFF
FFFF
7FFE
ENDCHAR
STARTCHAR uni1F18F
ENCODING 127375
SWIDTH 1000 0
DWIDTH 18 0
BBX 16 16 1 -1
BITMAP
3FFC
FFFF
FFFF
9B33
9321
914F
954F
954F
D54F
D54F
D54F
C461
CC63
FFFF
FFFF
7FFE
ENDCHAR
STARTCHAR uni1F190
ENCODING 127376
SWIDTH 1000 0
DWIDTH 18 0
BBX 16 13 1 0
BITMAP
FC07
FE07
E707
E707
E307
E387
E387
E387
E307
E707
EF27
FE7E
F83E
ENDCHAR
STARTCHAR uni1F191
ENCODING 127377
SWIDTH 1000 0
DWIDTH 18 0
BBX 16 16 1 -1
BITMAP
FFFF
8001
8001
8E61
9F61
B961
B061
B061
B061
B061
B961
9F7F
8E7F
8001
8001
FFFF
ENDCHAR
STARTCHAR uni1F192
ENCODING 127378
SWIDTH 1000 0
DWIDTH 18 0
BBX 16 16 1 -1
BITMAP
FFFF
8001
8001
B265
BF75
E555
E555
E555
E555
E555
E555
AD57
B767
8001
8001
FFFF
ENDCHAR
STARTCHAR uni1F193
ENCODING 127379
SWIDTH 1000 0
DWIDTH 18 0
BBX 16 16 1 -1
BITMAP
FFFF
8001
8001
F67F
F77F
E56D
E5ED
E56F
F76F
E76D
E56D
E57F
E5FF
8001
8001
FFFF
ENDCHAR
STARTCHAR uni1F194
ENCODING 127380
SWIDTH 1000 0
DWIDTH 18 0
BBX 16 16 1 -1
BITMAP
FFFF
8001
8001
99E1
99F9
9999
999D
999D
998D
999D
9999
99F9
99E1
8001
8001
FFFF
ENDCHAR
STARTCHAR uni1F195
ENCODING 127381
SWIDTH 1000 0
DWIDTH 18 0
BBX 16 16 1 -1
BITMAP
FFFF
8001
8001
AFDB
AFDB
BF7B
BF7B
BFBF
B7BD
B73D
AF3D
AF3D
AFB5
8001
8001
FFFF
ENDCHAR
STARTCHAR uni1F196
ENCODING 127382
SWIDTH 1000 0
DWIDTH 18 0
BBX 16 16 1 -1
BITMAP
FFFF
8001
8001
B319
B33D
B365
BB61
AB4D
AFCD
B765
B765
B77D
B33D
8001
8001
FFFF
ENDCHAR
STARTCHAR uni1F197
ENCODING 127383
SWIDTH 1000 0
DWIDTH 18 0
BBX 16 16 1 -1
BITMAP
FFFF
8001
8001
9C6F
BE6D
B66D
F379
F379
F379
F36D
B66D
BE6D
9C67
8001
8001
FFFF
ENDCHAR
STARTCHAR uni1F198
ENCODING 127384
SWIDTH 1000 0
DWIDTH 18 0
BBX 16 16 1 -1
BITMAP
FFFF
8001
8001
B98D
FBDF
E351
E359
B35D
9B4D
9B47
CB57
FBFF
F99D
8001
8001
FFFF
ENDCHAR
STARTCHAR uni1F199
ENCODING 127385
SWIDTH 1000 0
DWIDTH 18 0
BBX 16 16 1 -1
BITMAP
FFFF
8001
8001
E5C7
E5F7
E5B7
E5B7
E5B7
E5F5
E5C1
E587
BD8F
BD87
8001
8001
FFFF
ENDCHAR
STARTCHAR uni1F19A
ENCODING 127386
SWIDTH 1000 0
DWIDTH 18 0
BBX 16 16 1 -1
BITMAP
FFFF
8001
8001
F339
B37D
B365
B661
B679
963D
9E0D
9E4F
9CFD
9C79
8001
8001
FFFF
ENDCHAR
STARTCHAR uni1F19B
ENCODING 127387
SWIDTH 1000 0
DWIDTH 18 0
BBX 16 16 1 -1
BITMAP
FFFF
8001
8001
9CE1
BEF9
A6DD
86CD
9CCD
9CCD
86CD
A6CD
FEF9
BCF1
8001
8001
FFFF
ENDCHAR
STARTCHAR uni1F19C
ENCODING 127388
SWIDTH 1000 0
DWIDTH 18 0
BBX 16 16 1 -1
BITMAP
FFFF
8001
8001
9B79
BF75
8AF5
92FD
BEF1
8881
957D
9B3D
8F39
BDFD
8001
8001
FFFF
ENDCHAR
STARTCHAR uni1F19D
ENCODING 127389
SWIDTH 1000 0
DWIDTH 18 0
BBX 16 16 1 -1
BITMAP
FFFF
8001
8001
9CCD
BEDD
A6D9
86D9
86F1
8CF9
8CF9
98DD
BECD
BECF
8001
8001
FFFF
ENDCHAR
STARTCHAR uni1F19E
ENCODING 127390
SWIDTH 1000 0
DWIDTH 18 0
BBX 16 16 1 -1
BITMAP
FFFF
8001
8001
8ECD
8EDD
9ED9
96D9
B6F1
B6F9
BFF9
BFDD
86CD
86CF
8001
8001
FFFF
ENDCHAR
STARTCHAR uni1F19F
ENCODING 127391
SWIDTH 1000 0
DWIDTH 18 0
BBX 16 16 1 -1
BITMAP
FFFF
8001
8001
9CCD
BECD
B6D9
B6D9
BCF1
BEF9
A6F9
E3CD
BECD
9CCF
8001
8001
FFFF
ENDCHAR
STARTCHAR uni1F1A0
ENCODING 127392
SWIDTH 1000 0
DWIDTH 18 0
BBX 16 16 1 -1
BITMAP
FFFF
8001
8001
9E0D
BE3D
B03D
B00D
BE0D
960D
860D
A6CD
BEED
9CCD
8001
8001
FFFF
ENDCHAR
STARTCHAR uni1F1A1
ENCODING 127393
SWIDTH 1000 0
DWIDTH 18 0
BBX 16 16 1 -1
BITMAP
FFFF
8001
8001
BF09
BF39
8639
8619
8C19
8C19
8C19
8CD9
9DD9
98D9
8001
8001
FFFF
ENDCHAR
STARTCHAR uni1F1A2
ENCODING 127394
SWIDTH 1000 0
DWIDTH 18 0
BBX 16 16 1 -1
BITMAP
FFFF
8001
8001
B30D
D51F
9107
9107
9107
9105
B305
A229
E669
FFFF
8001
8001
FFFF
ENDCHAR
STARTCHAR uni1F1A3
ENCODING 127395
SWIDTH 1000 0
DWIDTH 18 0
BBX 16 16 1 -1
BITMAP
FFFF
8001
8001
9999
B555
A155
A357
BB55
AF5D
AF59
AD51
AD51
9991
8001
8001
FFFF
ENDCHAR
STARTCHAR uni1F1A4
ENCODING 127396
SWIDTH 1000 0
DWIDTH 18 0
BBX 16 16 1 -1
BITMAP
FFFF
8001
8001
ACCD
EAAF
A2AB
A2AB
A2AB
A6AF
A4A9
A4A9
A8A9
AEC9
8001
8001
FFFF
ENDCHAR
STARTCHAR uni1F1A5
ENCODING 127397
SWIDTH 1000 0
DWIDTH 18 0
BBX 16 16 1 -1
BITMAP
FFFF
8001
8001
8061
8061
8061
83E1
87E1
8661
8461
8661
87E1
83E1
8001
8001
FFFF
ENDCHAR
STARTCHAR uni1F1A6
ENCODING 127398
SWIDTH 1000 0
DWIDTH 18 0
BBX 16 16 1 -1
BITMAP
FFFF
8001
8001
B31D
B33F
B375
B361
BF61
BF61
B361
B365
B37F
B33D
8001
8001
FFFF
ENDCHAR
STARTCHAR uni1F1A7
ENCODING 127399
SWIDTH 1000 0
DWIDTH 18 0
BBX 16 16 1 -1
BITMAP
FFFF
8001
8001
EF19
EFDD
EF57
EF57
FF57
FF5D
EF55
EF55
EFD7
EF97
8001
8001
FFFF
ENDCHAR
STARTCHAR uni1F1A8
ENCODING 127400
SWIDTH 1000 0
DWIDTH 18 0
BBX 16 16 1 -1
BITMAP
FFFF
8001
8001
97C1
9681
9EB1
97C1
97C1
8009
9DFD
95D9
9D0D
95F9
8001
8001
FFFF
ENDCHAR
STARTCHAR uni1F1A9
ENCODING 127401
SWIDTH 1000 0
DWIDTH 18 0
BBX 16 16 1 -1
BITMAP
FFFF
8001
8001
A66D
A5ED
A56D
B5BD
B66D
8049
A6FD
A6D9
A465
B6DD
8001
8001
FFFF
ENDCHAR
STARTCHAR uni1F1AA
ENCODING 127402
SWIDTH 1000 0
DWIDTH 18 0
BBX 16 16 1 -1
BITMAP
FFFF
8001
8001
B2F3
FAD3
E2D7
E2D7
B3D5
BBDD
9ADD
8ADD
FACD
B2CD
8001
8001
FFFF
ENDCHAR
STARTCHAR uni1F1AB
ENCODING 127403
SWIDTH 1000 0
DWIDTH 18 0
BBX 16 16 1 -1
BITMAP
FFFF
8001
8001
EA59
EA5D
EA57
EA57
EBD3
EBD3
EA57
EA57
FA5D
BA5D
8001
8001
FFFF
ENDCHAR
STARTCHAR uni1F1AC
ENCODING 127404
SWIDTH 1000 0
DWIDTH 18 0
BBX 16 16 1 -1
BITMAP
FFFF
8001
8001
ED99
EFDD
EBD7
AAD7
AA57
AA57
AAD7
BAD7
B3DD
B199
8001
8001
FFFF
ENDCHAR
STARTCHAR uni30EDE
ENCODING 200414
SWIDTH 1000 0
DWIDTH 18 0
BBX 18 17 0 -2
BITMAP
1FFF80
D19C80
477B80
7EFD80
176D80
1EEB80
F7FF80
777D80
7E6980
77EF80
77BF80
775D80
7AF200
6D2580
75FC80
DFFFC0
800000
ENDCHAR
STARTCHAR uni3106C
ENCODING 200812
SWIDTH 1000 0
DWIDTH 18 0
BBX 16 17 1 -2
BITMAP
0FF0
0EF0
06E0
0910
07F0
FFEF
ADF5
F7EF
FFEF
57FA
ADF5
76FE
71F2
77FE
77FE
5599
57A6
ENDCHAR
ENDFONT
